sequence_number,time_taken_to_correct_ms
10,0.043913
46,0.691367
75,0.152222
152,0.015382
159,0.332489
202,0.25318
294,0.370458
332,0.536485
340,0.626445
376,0.134793
378,0.024933
431,0.015479
446,0.002069
463,0.010808
504,0.008868
564,0.044886
594,0.044058
618,0.397057
713,0.003041
727,0.255824
747,0.37718
811,0.6013
835,0.20885
881,0.086095
911,0.047677
958,0.092819
975,0.066674
998,0.271396
1015,0.333009
1038,0.077973
1077,0.038172
1087,0.140509
1151,0.482649
1183,0.027678
1205,0.015729
1264,0.056315
1281,0.339455
1288,0.193532
1322,0.334147
1347,0.222116
1361,0.023338
1481,0.275675
1502,0.247119
1528,0.034732
1567,0.014313
1569,0.224528
1579,0.131032
1634,0.003845
1686,0.063201
1691,0.488221
1719,0.011728
1761,0.263755
1767,0.444948
1817,0.021895
1844,0.898701
1878,0.011871
1894,0.054762
1925,0.051381
1933,0.254778
1986,0.113299
2038,0.008259
2070,0.013719
2072,0.520695
2094,0.470969
2170,0.113403
2173,0.068895
2189,0.13723
2231,0.138685
2260,0.01211
2283,0.452998
2315,0.083351
2336,0.015508
2341,0.106609
2362,0.338804
2422,0.054461
2431,0.010426
2450,0.010815
2477,1.991357
2497,0.594046
2537,0.022418
2570,0.575379
2655,0.011666
2667,0.536152
2713,0.003627
2733,0.010383
2770,0.381061
2790,0.473895
2833,1.130401
2854,0.179802
2926,0.0073
2959,0.012167
2961,0.297595
2982,0.096014
3034,0.0036
3053,0.045574
3055,0.209538
3157,0.028785
3167,0.283845
3195,0.004198
3211,0.211215
3213,0.408001
3267,0.000455
3295,0.016286
3318,0.931107
3365,0.267476
3369,0.017571
3405,0.221127
3448,0.010471
3497,0.089046
3515,0.097087
3544,0.183134
3582,0.164171
3605,0.381537
3631,0.14442
3643,0.678444
3714,0.05476
3736,0.586551
3827,2.753981
3872,0.210015
3939,0.417315
3973,0.236941
4005,0.029717
4026,0.004037
4058,0.003859
4148,1.011708
4180,0.104656
4192,0.985451
4271,1.11723
4376,0.674749
4432,0.057439
4451,0.057524
4484,0.011932
4487,0.97291
4512,0.680803
4537,0.20381
4555,0.178432
4562,0.286513
4601,0.008274
4619,0.008853
4642,0.006263
4646,0.1396
4656,1.307432
4707,0.166421
4727,0.566018
4764,1.555151
4826,0.279067
4851,0.031965
4864,0.590418
4923,0.010886
4973,0.077635
4995,0.17199
5034,0.139743
5047,0.001332
5091,1.590719
5118,0.073844
5152,0.2247
5166,0.005544
5168,0.090965
5224,0.105582
5291,0.046097
5302,0.048434
5310,0.013744
5326,0.45074
5367,0.105103
5388,0.179599
5533,0.167407
5558,0.631775
5614,0.049442
5623,0.070015
5648,0.003563
5678,0.009153
5686,0.084155
5729,0.016293
5755,0.976031
5801,0.242229
5871,0.126103
5905,0.050104
5934,0.329391
6013,0.169143
6050,0.002251
6058,0.050646
6141,0.30689
6195,0.015121
6227,0.012892
6232,0.214706
6277,0.066852
6337,0.197649
6369,0.047026
6373,0.63412
6438,0.52742
6458,0.081767
6485,1.084871
6560,0.139088
6598,0.192856
6600,1.788401
6791,0.084838
6854,0.026691
6863,0.070648
6895,0.641651
6919,0.146799
6975,7.879748
7054,0.145895
7114,0.048631
7133,0.044245
7184,0.037865
7203,0.011211
7231,0.006137
7235,0.061275
7267,0.024177
7293,0.001102
7308,0.005241
7312,0.475844
7369,0.042326
7409,0.12729
7450,0.011455
7464,0.498787
7476,0.069251
7526,0.324137
7534,0.025415
7571,0.096521
7583,0.192942
7630,0.022038
7661,0.126889
7702,0.407991
7717,0.030886
7747,0.023206
7774,0.027085
7783,0.026272
7785,0.230312
7803,0.202911
7834,0.03069
7843,0.018934
7870,0.006509
7876,0.187552
7900,0.04297
7917,0.108541
7921,1.085432
7989,0.186303
8001,0.322249
8034,0.28088
8080,0.070043
8117,0.004133
8138,0.015766
8156,0.014093
8229,0.092437
8241,0.007479
8250,0.020988
8294,0.022067
8304,1.128671
8368,0.071505
8386,0.055485
8426,0.007322
8521,0.041039
8568,0.017892
8588,0.034046
8590,0.10357
8610,0.071409
8611,0.133302
8644,0.369612
8762,0.163993
8768,0.152162
8779,0.040244
8825,0.00374
8835,1.276762
8882,0.009928
8902,0.012086
8925,0.136021
8971,0.039842
9040,0.026339
9085,0.366777
9090,0.504523
9144,0.078438
9189,0.02095
9234,0.030954
9264,0.109186
9300,0.038958
9355,0.063427
9371,0.5875
9470,0.035229
9487,0.037935
9557,0.023748
9564,0.145415
9610,0.899622
9690,0.018436
9711,0.085197
9716,0.047208
9751,0.036909
9769,1.224143
9831,0.002814
9833,0.18753
9895,0.003331
9917,0.047638
9928,0.024578
9945,0.402791
9972,0.003607
10005,0.025808
10074,0.1834
10093,0.025185
10177,0.0484
10214,0.030125
10236,0.062998
10254,0.027788
10275,0.010584
10287,0.466392
10307,0.049889
10310,0.535312
10357,0.096284
10371,0.113422
10415,0.004716
10446,0.021958
10491,0.058618
10522,0.10008
10566,0.013163
10634,0.091878
10654,0.305064
10668,0.091043
10677,0.135363
10735,0.135131
10769,0.1506
10826,0.149452
10871,0.003809
10886,0.185521
10978,0.838754
11013,0.136103
11049,0.025941
11073,0.087851
11125,0.941168
11169,0.109758
11194,0.36129
11244,0.104706
11265,0.117181
11288,2.33258
11376,0.106625
11397,0.212918
11413,0.761175
11422,0.019618
11466,0.02832
11582,0.000852
11584,0.264983
11602,0.0972
11654,0.040264
11692,0.02
11733,0.011782
11746,0.18308
11756,0.251818
11840,0.008921
11875,0.347722
11897,0.009838
11973,0.01166
12005,0.047958
12017,1.915473
12069,0.338524
12115,1.950233
12208,0.037226
12229,0.099072
12288,0.033078
12294,0.324105
12353,0.726258
12358,0.188355
12382,0.02114
12422,0.004019
12460,0.05676
12470,0.372953
12568,0.449347
12620,0.023371
12640,0.074474
12657,0.040467
12701,0.025002
12702,1.702156
12739,0.225867
12775,0.233262
12830,0.103341
12859,0.044027
12876,0.123695
12893,0.05702
12905,0.141339
12908,0.619611
12933,0.039293
12959,0.084043
12973,0.0343
12979,0.148965
13023,0.618419
13049,0.445515
13126,0.013035
13161,0.413069
13191,0.065506
13225,0.556314
13265,0.169989
13297,0.094465
13319,0.056954
13338,0.572476
13355,0.117986
13362,0.282663
13388,0.224027
13435,0.314281
13436,1.226418
13444,0.170973
13478,0.229616
13556,0.273933
13633,0.004489
13644,0.043488
13704,0.034248
13712,0.008219
13738,0.098133
13748,0.272255
13771,0.154463
13808,0.02372
13819,0.113571
13829,0.5432
13869,0.159861
13904,0.320442
13942,0.02564
13953,0.027924
13991,0.169827
14014,2.197887
14143,0.125618
14156,0.253546
14173,0.941245
14245,0.215124
14265,0.160714
14266,0.412136
14303,0.004201
14312,0.035551
14335,0.47161
14382,0.03956
14387,0.47928
14465,0.083425
14467,0.789106
14507,0.207902
14571,2.910397
14621,0.777208
14656,0.018549
14664,0.125031
14684,0.004295
14706,0.013068
14728,0.19916
14753,0.049598
14773,0.072008
14780,0.119968
14797,0.259467
14871,0.236539
14942,0.002047
14968,0.003653
14981,0.018583
14986,1.543401
15016,0.108073
15088,0.569535
15108,0.010246
15136,1.499535
15172,1.51321
15229,1.624288
15241,1.947522
15303,0.100565
15337,0.051911
15349,0.00616
15359,0.028626
15400,0.033504
15432,0.180551
15443,0.044065
15490,0.060137
15507,0.274027
15580,0.246869
15601,0.320788
15622,0.003087
15634,0.083355
15673,0.00237
15703,0.060124
15719,0.030501
15733,1.575424
15768,0.417973
15793,0.057409
15821,0.315259
15833,0.330154
15892,0.035112
15914,0.038793
15933,0.599122
15946,0.089414
16000,0.322962
16028,0.162052
16043,0.287337
16066,0.001839
16070,1.062166
16122,0.005342
16123,0.069918
16165,0.017957
16193,0.043462
16212,0.132718
16244,0.590185
16282,1.115387
16315,0.683506
16349,0.027599
16351,3.751177
16391,0.906456
16446,0.433658
16478,0.051899
16541,0.126499
16567,0.079599
16615,0.839625
16636,0.538797
16694,0.049461
16725,0.223521
16753,0.022998
16803,0.486809
16865,0.257596
16901,0.173614
16980,0.663903
16992,0.367996
17030,1.304279
17060,0.14499
17097,0.690466
17131,0.024432
17137,0.379284
17148,0.10195
17168,0.80425
17238,0.44331
17242,0.803132
17268,0.011577
17277,0.01239
17282,0.372088
17314,0.062086
17317,0.175714
17320,0.427325
17356,0.006387
17401,0.023699
17431,0.041974
17433,0.020819
17455,0.204369
17471,0.012066
17477,0.210495
17478,0.204446
17568,0.045544
17606,0.271221
17610,0.144491
17634,0.168838
17643,0.398239
17676,0.007387
17689,0.299191
17692,0.952043
17776,1.292439
17835,0.364252
17857,0.244849
17913,0.449337
17958,0.016857
17987,0.284177
17992,0.173732
18031,0.044088
18044,0.370822
18055,0.0502
18077,0.204945
18098,0.039554
18102,0.201151
18119,0.543654
18170,0.054775
18238,0.785031
18309,0.022915
18314,0.31782
18356,0.182436
18368,0.140794
18423,1.012888
18531,0.061934
18546,0.13615
18563,0.049952
18601,0.026668
18609,0.295656
18664,0.002501
18685,0.002342
18705,0.121637
18732,0.002074
18733,0.565955
18749,0.003306
18770,0.354726
18773,0.619923
18832,0.015835
18840,0.034467
18887,0.074284
18928,0.069065
18955,0.012334
18958,0.058034
18960,0.108953
18969,0.515149
19028,0.17359
19044,0.029096
19089,0.00583
19095,0.041161
19115,0.108266
19129,0.104973
19184,0.017126
19196,0.202974
19205,0.056489
19222,0.101034
19260,0.041757
19287,0.951253
19337,0.944883
19399,0.034505
19412,0.019939
19419,0.631963
19441,0.883017
19499,0.06082
19507,0.042647
19523,0.035664
19537,0.171586
19570,0.212812
19602,0.289871
19627,0.238629
19649,0.241212
19682,0.066578
19739,0.022803
19745,0.83749
19779,0.018429
19828,0.339421
19846,0.178302
19855,0.135209
19857,0.366104
19922,0.007619
19927,1.806444
19967,0.224619
20034,0.038489
20050,0.175218
20057,0.265553
20080,0.23724
20090,0.061727
20091,0.391886
20115,0.09185
20118,0.190146
20129,0.371092
20149,0.043594
20172,0.004409
20189,0.063638
20221,0.029406
20242,0.041038
20267,0.012983
20269,0.048641
20288,0.088366
20316,0.006443
20346,0.007873
20353,2.803438
20373,0.02944
20374,3.268411
20380,1.009459
20381,5.604754
20389,8.437746
20475,2.856516
20586,0.318228
20613,0.203089
20630,0.173155
20731,0.006901
20776,0.426287
20814,0.013182
20819,0.611368
20860,0.057696
20908,0.280949
20940,0.497116
20942,0.110405
20944,0.084398
20956,3.016951
21018,0.910113
21077,0.047367
21081,0.310417
21098,0.160624
21109,0.626896
21153,0.116442
21182,0.059363
21209,0.002892
21264,0.208512
21314,0.001446
21358,0.042321
21368,0.20848
21379,0.160134
21445,0.004581
21457,0.182621
21497,0.006138
21512,0.001402
21531,0.005423
21576,0.07384
21648,1.814476
21651,4.569403
21652,8.165086
21797,0.013116
21814,0.012498
21821,0.024949
21892,0.023886
21927,0.353752
21942,0.391343
21962,0.017998
21994,0.038449
22020,0.263439
22048,0.11849
22064,0.000612
22116,0.009849
22121,0.712334
22178,0.052293
22184,0.319852
22192,0.594997
22211,0.626972
22258,0.062396
22325,0.056345
22336,0.03154
22463,0.014461
22468,0.016322
22476,0.734243
22525,0.047344
22548,0.015442
22561,0.050719
22594,0.413343
22642,0.078768
22647,0.151118
22702,0.593289
22716,0.839385
22765,0.185945
22815,0.0477
22856,0.002608
22892,0.210712
22956,0.025448
22976,1.814519
23016,0.502165
23068,0.015294
23090,0.027845
23141,0.14486
23142,0.31148
23172,0.0803
23217,0.101611
23249,0.003939
23282,0.002603
23326,0.030375
23350,0.002477
23354,0.002502
23415,0.035094
23440,0.15453
23461,0.017096
23472,0.046965
23484,0.167774
23537,0.657708
23559,0.165791
23584,0.270171
23621,0.421104
23644,0.015908
23646,0.120629
23725,0.008561
23756,0.012958
23766,0.166964
23772,0.097565
23817,0.024276
23835,0.042404
23896,1.892736
23939,0.066096
23988,0.19223
24001,0.074954
24044,0.003225
24065,0.179104
24089,0.006857
24116,0.026881
24258,0.040419
24263,0.012917
24314,0.020284
24326,0.079038
24330,0.115536
24402,0.206904
24451,0.059794
24466,0.007855
24480,0.704404
24553,0.045733
24580,0.003072
24598,0.011355
24611,0.481428
24652,0.549921
24724,0.002679
24769,0.308683
24810,0.382077
24851,1.142923
24868,0.901254
24901,0.495721
24934,0.005412
24943,0.221907
24973,1.004935
25032,0.104066
25086,0.164396
25129,0.07254
25164,0.008663
25166,0.001585
25174,0.008584
25188,0.125235
25209,0.18728
25234,0.080701
25256,0.129152
25337,0.014028
25372,0.031352
25417,0.016238
25433,0.016852
25448,0.004627
25458,0.005551
25494,0.023046
25525,0.103987
25558,0.085431
25569,0.298722
25581,0.0113
25596,0.115796
25623,0.055616
25675,0.039901
25688,0.017384
25753,0.073695
25755,0.396286
25800,0.118515
25802,0.271131
25824,0.189982
25845,0.197609
25854,0.032504
25885,0.023152
25910,0.11642
25986,0.016997
25997,0.21225
26050,0.034265
26081,0.528795
26117,0.061318
26165,0.000429
26171,0.05333
26173,0.144297
26193,1.871359
26270,0.019772
26273,0.015566
26285,0.219309
26318,0.014981
26396,0.046238
26401,0.061857
26405,0.070459
26468,0.039187
26573,0.027124
26611,0.027309
26613,0.109151
26643,0.036468
26691,0.014727
26711,0.19763
26736,0.034679
26754,0.010579
26755,1.198475
26866,0.063491
26927,0.055282
26984,0.213098
27004,0.026474
27080,0.048544
27089,0.072711
27186,0.085218
27210,0.044376
27215,0.146728
27288,0.046501
27366,0.215351
27417,0.518146
27437,0.224674
27464,0.758604
27478,0.119888
27534,0.011512
27536,0.093576
27561,0.055784
27564,0.20372
27592,0.148198
27624,0.079151
27666,0.052414
27705,0.246841
27815,0.113659
27884,0.001375
27894,0.009575
27918,0.03427
27943,0.019606
27968,0.010482
27988,0.265301
28011,0.070866
28015,0.397186
28039,0.387749
28045,0.29474
28124,0.030818
28131,0.509271
28205,0.29979
28226,1.165307
28228,0.06
28243,1.664528
28247,1.496814
28308,0.543332
28357,0.219604
28398,0.004172
28406,0.296396
28432,0.165246
28452,0.158575
28551,0.133321
28557,0.006816
28567,0.22199
28604,0.536166
28682,0.018898
28689,0.003806
28721,0.028637
28749,1.135628
28865,0.106107
28911,0.039863
28958,0.038601
28989,0.00822
28996,0.031094
29061,0.069555
29071,0.042688
29087,0.707939
29090,0.96508
29120,0.080428
29165,0.106518
29180,0.13989
29214,0.000909
29266,0.031874
29270,0.838701
29295,0.024043
29330,0.113652
29360,0.029019
29394,0.052546
29417,0.76973
29472,0.195427
29571,0.033581
29647,0.029379
29691,0.05151
29699,0.035575
29749,0.001603
29752,0.044775
29754,0.552727
29772,9.443866
29827,0.089289
29837,0.293088
29867,0.431203
29897,0.569847
29916,0.029298
29949,0.005504
29959,0.100999
29980,0.491482
30000,0.047313
30019,0.007608
30047,0.008551
30066,0.782934
30092,0.079679
30124,0.023866
30154,0.021991
30173,0.683311
30186,0.221388
30218,0.342029
30247,0.34894
30284,0.527488
30298,0.268631
30299,0.192345
30342,0.252213
30367,0.398168
30370,1.03745
30454,0.085881
30496,0.017892
30505,0.027326
30529,1.033916
30613,0.02883
30619,0.293168
30650,0.028057
30685,0.004277
30727,0.00638
30742,0.056566
30783,0.037554
30799,0.080164
30827,0.00414
30848,0.0087
30865,0.000325
30880,0.057385
30944,0.029991
30970,3.322191
31045,0.089058
31120,0.012735
31156,0.027941
31161,0.003395
31168,0.041161
31230,0.474922
31279,0.024136
31288,0.515307
31348,0.076553
31378,0.003711
31389,0.011423
31404,0.011971
31406,0.567959
31451,1.691829
31479,0.038481
31492,0.989396
31500,0.808782
31537,0.009683
31539,0.117287
31553,0.28818
31555,0.02297
31616,0.030553
31670,0.188551
31679,0.03876
31704,0.06524
31715,0.283854
31755,0.252968
31760,0.80809
31811,0.245867
31885,0.307401
31917,0.093433
31966,0.192847
32027,0.063472
32088,0.05186
32096,1.074488
32166,0.02972
32232,2.142331
32299,0.069269
32367,0.010002
32389,0.066113
32402,0.053876
32420,0.063292
32469,0.078095
32524,0.001647
32557,0.033168
32570,0.005232
32602,0.01228
32630,0.216562
32649,0.021242
32663,0.018538
32705,0.054851
32715,0.175795
32767,1.389685
32805,0.778728
32819,0.473172
32849,0.568175
32890,0.713391
32925,0.08315
32984,0.020954
33025,0.272051
33052,0.05036
33078,0.129693
33146,0.021241
33155,0.008079
33179,0.0192
33191,0.08302
33235,0.29048
33322,0.135079
33356,0.353035
33441,0.062932
33470,2.147097
33499,0.091746
33556,0.003086
33599,0.023785
33604,0.163836
33610,0.134687
33660,0.041009
33676,0.521356
33684,0.106935
33742,0.02004
33799,0.038622
33816,0.009268
33841,0.350988
33888,0.062952
33968,0.305498
33972,0.16821
33987,0.191725
34037,0.045054
34070,0.260186
34122,0.007845
34132,0.150636
34168,0.084937
34175,0.011109
34191,0.504563
34247,0.004133
34252,0.090792
34278,0.040617
34284,0.060061
34305,0.006853
34326,0.199779
34359,0.070515
34366,0.014837
34404,0.119773
34436,0.040337
34480,0.040643
34497,0.02322
34521,0.030255
34539,0.130342
34558,0.134092
34605,0.178855
34641,0.008157
34662,0.133824
34730,0.431886
34792,0.03526
34808,0.179545
34809,0.256575
34833,0.358351
34856,0.008651
34892,0.009116
34912,0.017643
34914,0.012335
34925,0.051032
34960,0.088871
34966,0.002667
34976,0.516092
35019,0.172297
35029,0.010883
35088,0.040042
35156,0.027463
35176,0.930205
35200,0.072452
35211,0.385767
35240,0.014947
35253,0.15934
35301,0.118942
35302,0.198965
35321,0.677428
35374,1.527516
35443,0.121974
35485,0.019376
35494,0.00269
35518,0.098392
35538,0.013343
35631,0.002619
35639,0.042895
35647,0.119416
35661,0.016293
35668,0.323666
35733,1.178276
35777,0.011274
35780,0.162349
35829,0.264471
35886,0.220585
35969,0.052216
36019,0.020825
36031,0.200324
36061,0.22153
36085,0.241171
36107,0.023807
36128,0.112871
36139,0.013807
36163,0.004249
36219,0.305125
36230,0.956116
36253,1.593837
36291,0.117197
36318,1.575067
36370,0.012825
36402,0.271667
36455,0.055081
36474,0.039997
36503,0.189073
36507,1.741915
36531,0.003606
36573,0.14164
36594,0.004164
36617,0.025889
36642,0.269126
36661,0.009811
36692,0.006809
36720,0.142901
36731,0.597847
36809,0.044665
36829,0.135787
36833,0.040812
36862,0.026829
36865,0.195756
36907,0.05124
36927,0.048857
36946,0.153472
36956,0.025614
36972,0.06646
37019,0.029109
37020,3.322969
37068,0.124641
37236,0.026137
37272,0.036375
37334,0.063555
37372,0.034435
37411,0.017778
37436,0.020614
37440,0.209874
37463,0.035092
37477,0.105861
37494,0.099232
37546,0.378633
37567,0.122217
37627,0.130745
37713,0.001757
37786,0.000788
37792,0.049881
37809,0.02717
37833,0.019401
37854,0.196473
37869,0.141794
37908,0.02002
37925,2.956764
37976,1.068137
38022,0.000218
38028,0.154882
38034,0.063794
38037,0.968015
38109,0.018596
38126,0.155308
38167,0.2349
38201,0.001669
38236,0.032218
38307,0.361943
38320,0.292325
38359,0.005974
38375,0.092032
38390,0.029526
38430,0.336584
38441,0.069059
38453,0.365087
38572,0.04856
38580,0.224379
38625,0.038162
38639,0.15028
38664,0.073897
38688,0.000187
38694,0.005431
38731,0.035387
38770,0.253004
38777,0.010624
38793,0.405824
38824,0.023776
38856,0.027669
38938,0.052726
38944,0.045642
39079,0.002608
39148,0.021462
39161,2.130494
39233,0.002338
39240,0.028821
39256,0.331488
39311,0.033144
39328,0.140845
39356,0.326349
39372,0.967725
39399,0.010803
39415,0.027548
39453,0.109353
39557,0.156952
39632,0.104001
39665,0.01932
39672,0.117216
39694,1.629118
39868,0.605063
39900,0.087287
39935,0.040407
39966,0.022684
39970,2.560279
40019,0.178285
40020,0.923921
40048,0.165478
40075,0.261817
40099,0.301153
40118,0.156294
40158,0.001173
40168,0.134815
40205,0.543194
40234,0.009241
40262,0.018639
40277,0.21314
40329,0.301899
40366,0.090738
40400,0.031409
40426,0.016836
40436,0.02871
40443,0.193383
40444,1.534807
40487,1.721567
40538,0.107096
40556,0.083393
40572,0.016789
40574,0.647051
40607,0.115044
40615,0.089124
40632,0.008756
40643,0.062733
40646,0.032821
40737,0.044849
40757,0.003071
40772,0.183072
40802,0.015451
40824,0.033923
40830,0.001774
40866,0.1797
40904,0.022065
40914,0.059708
40940,0.071094
40964,0.701104
41006,0.066921
41145,0.01138
41148,0.325561
41170,0.008068
41206,0.324977
41238,0.064863
41268,0.031063
41292,0.07832
41322,0.225501
41344,0.146246
41348,0.037327
41386,0.068929
41417,0.013703
41420,0.003653
41433,0.016784
41459,0.002309
41515,0.028978
41524,0.033166
41550,0.025527
41611,0.087627
41651,0.046277
41656,0.670455
41662,5.921653
41665,15.376281
41666,7.472044
41763,0.233294
41765,0.883015
41840,0.058746
41855,2.741224
41897,0.153071
41970,0.024576
41977,0.010945
42001,0.017269
42003,0.120456
42015,0.043851
42048,0.088449
42121,0.011006
42130,0.042839
42160,0.099458
42176,0.497237
42237,0.259548
42289,0.168295
42321,0.208517
42356,0.002104
42403,0.020334
42407,0.031885
42423,0.058324
42439,0.006436
42444,0.359143
42498,0.20468
42530,0.005495
42555,0.019124
42556,0.146545
42596,0.007753
42599,0.125452
42671,0.060901
42700,0.002377
42740,0.151762
42782,0.131911
42877,0.053302
42883,0.041525
42899,0.606702
42969,1.704925
42981,0.418089
43044,0.029901
43088,0.134374
43144,0.062738
43190,0.008156
43221,0.319748
43232,0.11431
43313,0.018644
43350,0.059404
43405,0.009597
43444,0.036263
43500,0.017905
43509,0.06745
43526,0.554128
43567,0.011799
43573,0.427303
43663,1.215381
43705,0.061461
43782,0.090641
43795,0.003417
43809,0.105026
43840,0.086326
43942,5.6e-05
43967,0.119267
43969,0.086953
43991,0.010549
44048,0.047152
44070,0.442372
44130,0.017018
44141,0.025699
44166,0.017364
44180,0.106939
44215,0.009036
44218,0.004954
44328,0.064019
44344,0.066205
44375,0.862957
44428,2.514768
44455,0.200205
44487,0.00553
44490,0.013747
44517,0.085911
44538,0.357351
44611,0.048299
44634,0.609439
44728,0.015864
44732,0.008052
44761,0.176784
44764,0.052155
44772,0.068311
44827,0.021843
44840,0.201287
44889,0.313136
44943,0.538766
44979,0.012955
45017,0.014954
45036,0.286897
45078,0.006392
45128,0.008634
45159,0.134378
45223,0.089278
45254,0.023272
45293,0.001735
45301,1.299609
45358,0.017033
45395,0.044249
45413,0.022057
45422,0.017315
45438,0.052453
45501,0.02786
45530,0.024914
45533,0.03449
45536,0.869527
45586,0.553878
45650,0.015447
45728,0.024878
45784,0.010361
45828,0.005468
45889,0.217891
45907,0.177822
45927,0.391046
45954,0.730548
45962,1.174343
45971,2.658493
45987,0.422316
46049,0.066355
46089,0.011614
46102,0.174309
46105,0.584071
46138,0.06076
46157,0.155111
46199,0.452671
46207,0.190959
46224,0.081275
46288,0.031738
46299,0.056805
46311,0.005208
46321,0.007715
46367,0.156966
46427,0.021114
46436,3.41067
46530,0.112874
46557,0.150836
46567,1.719537
46639,0.0462
46667,0.004059
46669,0.045354
46685,0.02248
46698,0.009523
46710,0.080333
46720,0.055816
46793,0.03732
46861,0.379088
46883,0.09833
46892,0.161144
46903,0.159326
46927,0.128284
46961,0.022901
46981,1.437819
46994,0.15126
47042,0.004515
47070,0.190217
47131,0.324521
47159,0.017152
47167,0.26191
47194,0.229211
47284,0.036235
47298,0.428314
47309,0.103228
47338,0.229252
47342,0.127715
47343,3.682236
47345,7.425578
47346,17.572713
47478,0.145287
47490,0.062287
47492,0.043191
47594,0.88147
47626,0.106388
47640,0.003701
47647,0.217665
47673,0.13725
47682,0.593037
47704,0.405187
47745,0.456423
47772,0.052288
47773,0.929179
47864,0.009972
47876,0.015208
47894,0.000819
47916,0.060152
47949,0.03149
47960,0.023859
47970,0.082785
47980,0.006928
47982,0.833101
48050,0.199957
48060,0.01572
48100,0.302086
48130,0.186634
48140,0.007723
48160,0.336007
48180,0.353616
48207,0.026216
48210,0.163657
48220,0.123883
48230,6.485809
48270,0.391418
48309,0.906179
48340,0.181215
48368,0.188854
48375,0.008022
48388,2.774599
48430,0.315446
48450,0.368234
48460,0.359909
48470,0.127703
48510,0.268978
48520,0.024837
48530,0.447228
48540,0.138827
48550,0.123347
48560,0.302596
48570,0.514395
48590,0.503296
48600,0.571139
48610,0.348644
48630,0.085798
48640,0.055293
48660,0.116196
48670,0.248009
48680,0.175256
48700,0.492602
48710,1.00962
48730,0.254793
48740,0.334165
48760,0.367537
48770,0.082487
48790,0.367475
48800,0.482413
48850,0.030804
48860,0.093736
48880,0.022122
48910,0.257229
48930,0.215659
48950,0.036715
48978,0.054494
49042,0.014756
49096,0.075533
49118,0.000726
49144,0.006393
49216,0.007907
49229,0.017496
49272,0.01999
49276,0.074584
49314,0.019741
49341,0.267041
49373,0.466345
49448,0.069963
49476,0.25053
49529,0.010693
49565,0.025879
49607,0.021768
49632,0.013484
49643,0.683228
49658,0.004238
49719,0.031424
49739,0.017548
49770,0.055511
49787,1.04943
49811,0.014692
49840,0.516142
49863,0.066262
49913,0.00256
49917,0.603461
49947,0.12778
49995,0.00719
50004,0.006394
50012,0.263168
50013,0.813549
50015,19.479966
50084,0.181402
50094,0.043277
50108,0.651632
50155,0.040904
50156,1.968061
50176,0.207476
50233,0.219684
50284,0.022556
50298,0.000537
50301,0.250636
50334,0.049984
50338,0.094513
50368,0.068306
50449,1.363412
50480,0.905266
50546,0.045403
50601,0.038793
50626,0.711075
50631,0.470109
50682,0.030261
50684,4e-06
50717,0.018746
50723,0.535845
50739,0.526814
50755,0.052478
50766,0.905385
50831,1.201417
50877,0.16369
50878,1.571398
50949,0.144966
50969,0.060565
51011,0.029857
51014,1.846806
51065,0.052535
51112,0.168407
51121,0.245352
51131,0.306381
51163,0.059017
51208,0.045505
51219,0.169637
51272,0.04705
51325,0.071484
51342,0.114479
51360,0.0268
51371,0.266495
51409,0.146291
51428,0.010892
51438,0.294117
51506,0.279625
51566,0.03415
51594,0.000232
51608,0.096839
51656,0.012513
51682,0.199832
51706,0.003275
51726,0.109985
51746,1.727025
51776,0.035557
51796,0.141047
51816,0.079719
51846,0.010449
51866,0.128398
51876,0.169628
51896,0.215707
51906,0.097763
51916,0.365817
51922,0.063478
51936,0.145489
51969,0.462208
52006,0.519943
52016,0.148583
52036,0.225385
52046,0.346097
52056,0.574958
52066,0.206366
52076,0.273141
52086,0.502695
52116,0.553571
52136,0.892296
52146,0.284591
52177,0.244076
52274,0.296359
52331,0.024972
52429,0.091929
52481,0.494621
52519,0.091568
52554,0.021776
52559,0.31622
52568,0.84732
52576,0.661647
52645,0.011496
52647,0.016374
52687,0.030752
52709,0.043269
52719,0.015243
52749,0.091573
52769,0.346252
52856,0.030679
52873,0.223291
52879,0.023829
52938,0.039862
53003,0.010517
53022,0.018431
53024,0.181847
53093,0.434065
53108,0.494911
53115,1.631662
53170,0.176212
53228,0.012704
53242,0.080555
53275,0.073455
53298,0.439054
53313,0.530797
53364,0.094899
53384,0.102241
53417,1.823311
53480,0.022593
53516,0.016777
53544,0.061661
53593,0.202814
53660,0.054041
53677,0.003081
53689,0.377012
53734,0.577889
53766,0.717913
53810,0.014092
53814,0.510533
53910,0.018402
53944,0.000436
53978,0.001436
53998,0.367398
54020,0.132311
54129,0.00401
54168,0.176975
54173,0.190986
54178,0.445911
54229,0.477453
54231,0.399283
54311,0.005188
54367,1.055463
54388,0.070644
54425,0.008981
54466,0.03356
54496,0.005512
54501,0.007977
54508,0.444028
54569,0.512598
54597,0.274152
54642,0.268192
54660,0.101717
54764,0.029029
54826,0.028865
54852,0.049591
54859,0.030404
54875,1.301954
54956,0.025858
54970,0.031703
54981,0.411971
55055,0.026996
55083,0.278479
55108,0.058482
55175,0.110242
55190,0.051697
55233,0.1449
55253,0.643645
55279,0.156533
55303,0.457127
55324,1.246501
55376,2.232526
55432,0.003097
55465,0.001147
55571,0.012215
55576,0.281858
55578,0.465915
55640,0.170754
55673,0.016576
55703,0.25172
55739,0.835861
55756,0.114585
55803,0.072755
55815,0.022996
55832,0.036239
55847,0.044714
55870,0.010712
55997,0.108681
56005,0.236509
56006,0.34645
56079,0.006332
56085,0.634322
56120,0.112132
56157,0.14933
56214,0.015217
56251,0.012454
56279,0.277416
56308,0.679773
56380,0.033791
56410,0.644157
56487,0.075084
56551,0.019421
56590,0.108683
56671,0.381369
56698,0.000876
56725,0.594546
56752,0.259003
56769,0.034717
56774,0.659685
56815,0.007794
56875,0.005157
56906,0.013876
56960,0.184121
57002,0.040624
57021,0.116364
57058,0.767186
57151,0.379788
57187,0.120027
57194,0.027874
57206,0.051269
57241,0.099345
57250,0.05301
57253,1.931685
57355,0.249254
57367,0.080148
57372,0.987536
57428,0.003842
57454,1.108489
57485,0.033565
57506,0.014786
57548,0.024878
57595,0.02623
57644,0.001122
57648,0.415214
57682,0.085018
57719,0.492296
57776,0.035534
57797,0.724726
57901,0.011955
57911,0.006911
57928,0.242128
57949,0.133202
57967,1.42339
58025,0.003335
58039,0.046866
58070,0.085854
58100,0.82037
58138,0.020312
58159,0.002849
58259,0.03022
58275,0.043278
58291,0.363255
58294,0.266912
58335,2.439433
58365,0.39184
58371,0.650128
58426,0.019823
58442,0.428851
58444,0.207206
58484,0.012254
58494,0.019983
58520,0.325043
58564,0.01607
58566,1.571781
58659,0.564334
58687,0.04392
58701,0.551823
58737,0.043187
58766,0.019738
58778,0.423474
58804,0.101874
58890,0.813337
58894,0.171584
58918,0.006961
58979,0.020142
59006,0.993248
59027,0.172229
59062,0.012892
59114,0.574929
59160,0.274546
59171,0.036768
59209,0.024368
59215,0.008137
59242,0.102108
59279,0.039805
59290,0.289757
59311,0.25458
59347,0.580755
59374,0.312478
59410,0.155819
59422,0.015086
59463,0.218445
59506,0.283092
59553,0.126066
59573,0.127005
59576,0.09078
59609,0.038385
59619,1.258274
59656,0.66124
59747,0.804692
59768,0.055526
59771,0.504993
59811,0.055645
59832,0.033648
59870,0.086497
59893,0.36969
59904,0.030136
59939,0.136858
59968,0.102243
60003,0.001436
60019,0.41655
60054,0.031857
60091,0.057494
60107,0.007055
60222,0.034991
60335,0.033775
60373,0.052425
60390,0.083047
60441,0.208524
60460,0.123625
60483,0.191551
60529,0.055598
60540,0.746806
60617,0.0131
60624,0.007741
60631,0.178516
60673,0.126931
60682,0.186105
60703,0.298154
60737,0.025254
60760,0.052642
60771,0.030208
60807,0.312285
60810,0.037955
60867,0.008758
60902,0.010921
60911,0.106697
60922,0.266871
60962,0.466164
60970,0.568641
61003,0.15078
61038,0.266721
61074,0.538725
61090,0.315652
61133,0.031204
61156,0.007002
61160,0.129081
61167,0.084854
61168,0.069991
61191,0.094013
61207,1.117271
61245,0.123384
61286,0.075619
61310,0.028223
61338,0.755019
61430,0.088197
61446,0.466055
61461,0.857442
61517,0.057098
61545,0.005746
61580,0.191477
61592,0.206889
61630,0.34732
61688,0.300658
61729,0.306818
61759,0.384165
61811,0.069471
61819,0.046855
61821,0.331682
61878,0.111355
61928,2.331567
61948,1.833442
62020,0.038128
62038,0.14376
62076,0.073908
62086,0.711206
62089,0.041251
62114,0.084236
62123,0.079294
62169,1.750892
62202,0.655306
62248,0.537122
62261,0.161434
62278,0.112891
62321,0.29512
62347,0.091785
62373,0.059049
62406,0.291562
62417,0.097924
62452,0.006986
62463,0.489115
62558,0.249124
62625,0.016986
62688,0.264744
62714,0.176427
62724,0.359469
62741,0.858369
62768,0.046492
62803,0.243149
62820,0.145457
62846,0.865366
62859,0.065917
62900,0.031925
62940,0.358677
62987,0.013126
62989,0.039513
63037,0.055256
63072,0.092294
63082,1.538706
63140,0.18053
63153,0.649567
63177,0.102491
63200,0.031348
63210,0.196502
63216,0.490912
63278,0.765312
63287,0.01185
63340,0.009327
63346,0.163581
63369,0.238377
63372,0.055302
63374,6.770142
63411,0.711476
63461,0.147809
63463,0.033162
63505,0.041406
63515,0.036191
63521,0.387746
63543,0.248696
63553,0.069313
63565,0.03871
63613,0.621975
63658,0.102569
63670,0.170285
63684,0.143998
63693,0.515786
63737,0.372003
63741,1.459797
63789,0.131023
63837,0.039118
63857,0.021855
63874,0.040987
63904,0.00314
63934,0.28584
63968,0.135362
64028,0.018905
64069,0.125608
64138,0.01019
64156,0.114522
64192,0.00438
64193,0.073845
64226,0.027658
64251,0.008782
64265,0.0268
64281,0.000647
64310,0.027137
64329,0.002542
64339,0.905077
64367,1.173779
64438,0.047226
64442,0.103716
64443,0.366122
64529,0.102575
64539,0.00162
64540,0.454286
64541,1.809103
64542,2.198158
64546,3.650952
64547,0.925782
64620,5.190384
64669,0.567327
64690,0.054247
64731,0.013938
64734,0.167537
64763,0.32272
64787,0.065315
64794,0.277459
64808,1.044242
64826,0.304716
64854,0.688644
64861,0.046092
64902,0.458952
64927,0.046522
64976,0.001928
65027,0.051475
65033,0.841801
65041,0.787055
65052,0.223056
65109,0.426078
65121,2.447902
65171,0.308908
65199,0.042121
65249,0.000817
65270,0.19058
65311,0.025538
65357,0.007704
65389,0.072269
65433,0.159454
65477,0.0421
65527,0.060574
65552,0.262308
65569,0.143498
65589,0.015266
65591,0.169256
65622,0.083427
65650,0.419687
65678,0.487001
65716,0.109864
65722,0.307574
65737,0.359602
65749,0.158076
65774,1.072549
65797,0.545308
65837,0.531973
65876,0.002223
65877,0.525532
65879,0.489762
65926,0.008844
65938,0.243676
65956,0.291261
65971,0.103539
65986,0.034104
66017,0.021234
66046,0.338019
66061,0.03576
66099,0.199236
66149,0.076917
66154,0.007088
66170,0.415895
66204,0.069549
66221,0.065429
66239,0.03524
66263,0.192592
66284,0.216232
66365,1.134142
66416,0.295701
66456,1.126369
66477,0.300698
66495,0.432946
66534,0.072885
66561,0.037525
66584,0.043594
66593,0.369083
66633,0.024696
66634,0.746887
66676,0.312496
66698,0.161621
66736,0.009995
66748,0.019096
66757,0.366946
66790,0.046881
66803,0.212413
66865,0.036878
66886,0.029304
66903,0.093828
66940,0.050982
66955,0.027821
66995,0.017453
67029,0.255818
67043,0.278869
67081,0.027389
67094,0.005208
67112,0.229735
67167,0.006617
67171,1.153494
67203,0.201186
67261,0.04366
67277,0.323034
67280,0.175823
67328,0.064256
67336,0.417682
67343,0.289675
67406,0.004132
67408,0.068372
67464,0.012676
67467,0.036987
67509,0.260645
67540,0.012666
67545,0.222294
67575,0.003144
67616,0.269156
67679,0.008683
67683,0.003741
67710,0.974662
67736,1.130109
67765,0.686324
67850,0.115952
67870,0.161479
67895,0.028591
67908,0.502288
67955,0.923009
68008,0.128426
68028,0.103051
68065,0.015394
68096,0.095415
68156,0.185718
68171,0.276109
68226,0.032044
68325,0.239037
68357,0.656688
68391,0.411943
68434,0.006823
68458,0.044047
68467,0.053161
68512,0.010858
68515,0.100425
68545,0.389983
68637,0.51313
68700,0.115042
68727,0.28607
68771,0.049681
68778,0.061937
68795,0.190534
68863,0.253678
68893,0.016484
68918,0.491634
68938,0.220512
68965,0.039933
68972,0.114186
69019,0.203194
69067,0.261265
69097,0.00428
69101,0.032603
69123,0.030032
69138,0.020238
69187,0.000237
69232,0.005616
69233,0.061209
69248,1.752208
69292,0.884123
69334,0.384813
69356,0.100833
69371,0.430128
69446,0.907845
69491,0.348519
69539,0.034467
69547,0.049297
69609,0.01102
69634,0.020595
69652,0.61484
69690,0.12263
69721,0.523227
69738,0.144828
69799,0.015578
69818,0.532017
69834,0.205749
69889,1.184947
69923,1.130365
69966,0.03798
69972,0.162434
70008,0.058451
70040,0.007148
70049,0.006057
70064,0.014482
70072,0.035666
70078,0.04749
70098,0.103931
70120,0.05278
70168,0.043853
70170,0.095656
70214,0.259651
70238,0.258528
70242,1.44327
70301,0.032278
70317,0.212925
70331,0.736061
70386,0.155718
70403,0.100178
70487,0.042896
70499,0.024479
70512,0.067269
70524,0.195866
70568,0.176495
70579,0.071067
70605,0.016297
70608,0.027798
70637,0.162353
70667,0.009082
70673,0.805138
70701,0.442178
70739,0.312159
70800,0.049048
70813,0.005955
70818,0.010115
70839,0.150601
70848,0.012157
70887,0.043006
70908,0.353946
70932,0.233826
70957,0.009528
71001,0.086899
71007,0.228093
71041,0.0223
71042,0.169147
71083,0.017867
71090,0.759539
71124,0.103762
71125,0.233549
71289,0.122043
71296,0.047698
71324,0.002898
71384,0.201091
71424,0.066205
71445,0.80532
71465,0.11774
71482,1.468367
71547,0.065388
71550,0.157707
71555,1.823841
71629,0.014735
71732,0.010372
71747,0.191089
71767,6.055426
71847,0.003662
71851,0.104935
71858,0.477864
71930,0.001519
71938,0.020576
71966,0.143383
71968,0.11406
71979,0.052477
72062,0.072948
72072,0.027067
72076,0.180645
72147,0.037141
72217,0.068747
72229,0.225462
72242,0.036802
72287,0.018424
72306,0.008934
72316,0.080781
72326,0.375439
72355,0.099115
72371,0.142995
72400,0.578379
72477,0.029752
72601,0.070516
72654,0.025204
72677,0.327363
72717,0.014801
72735,0.025301
72742,0.010855
72778,0.047119
72804,0.34236
72864,0.027135
72870,0.104474
72912,0.078366
72929,0.288761
72958,0.830262
73005,1.742498
73033,1.202123
73068,0.24669
73098,0.06721
73110,0.165046
73123,1.563803
73239,0.050754
73256,0.291356
73330,0.0146
73453,0.004759
73463,0.450457
73519,0.100695
73543,0.05702
73587,0.716896
73637,0.419536
73719,0.015772
73777,0.039644
73780,0.162753
73781,0.148836
73835,0.066417
73837,0.55304
73900,0.056288
73925,0.073226
73938,0.083699
74008,0.022448
74019,0.074992
74028,0.276008
74131,0.018737
74152,0.040491
74232,0.206373
74275,0.136389
74354,0.038735
74458,0.005206
74469,0.071194
74482,0.122906
74656,0.005335
74721,0.055043
74744,0.029599
74769,0.683776
74869,0.573863
74910,0.008894
74951,0.367615
74954,0.469823
74987,0.136838
74995,0.166416
75071,0.04894
75112,0.114792
75117,0.170392
75180,0.009526
75241,0.011422
75254,0.140854
75271,0.652073
75355,0.025645
75365,0.036967
75369,0.434435
75435,0.270598
75495,0.638107
75560,0.051098
75564,0.013266
75593,0.258001
75636,0.85852
75727,0.001407
75739,0.072507
75764,0.015518
75786,0.004309
75796,0.061623
75965,0.65589
75996,0.012816
76019,0.00556
76060,0.019196
76128,0.110421
76193,0.107698
76210,0.017664
76312,1.771032
76416,2.012649
76554,0.037744
76556,0.059253
76569,0.703916
76628,0.117132
76655,0.064059
76669,0.058009
76715,0.018925
76732,0.149099
76789,0.039254
76885,0.161782
77038,0.002283
77044,0.592655
77134,0.02913
77169,0.016185
77172,0.679753
77244,1.348352
77325,0.043906
77328,0.034954
77386,0.120347
77433,0.007373
77491,0.218317
77550,0.253265
77575,0.147935
77603,0.063649
77633,0.642837
77742,0.207708
77771,0.051794
77900,0.926062
77938,0.178668
77961,0.031123
77973,0.34347
78018,0.07224
78068,0.013118
78111,0.035823
78119,0.256832
78168,0.095029
78228,0.02749
78232,0.038108
78248,0.030926
78282,0.036786
78321,0.038245
78354,0.014205
78363,0.093617
78386,0.275155
78440,0.454116
78496,0.042604
78530,0.001788
78555,0.095034
78561,0.130599
78577,0.035507
78638,0.028712
78650,0.029453
78679,0.124142
78732,0.050609
78769,0.060068
78770,1.414593
78819,0.107321
78837,3.397972
78902,0.002414
78935,0.01217
78965,0.014923
79004,0.404187
79062,0.049681
79097,0.014704
79163,0.024197
79180,0.156188
79207,0.028823
79220,0.256053
79266,0.866092
79329,0.03636
79345,0.03146
79385,0.032467
79398,0.013582
79431,0.035521
79461,0.31505
79505,0.0539
79516,0.033314
79535,0.035971
79555,0.033652
79567,0.685406
79569,1.755227
79687,0.047495
79691,0.002014
79703,0.010373
79811,0.00589
79847,0.090333
79854,1.166773
79912,2.023952
79957,0.08743
79970,1.703612
80018,1.212869
80112,0.011149
80118,0.031301
80132,0.879993
80162,0.574101
80225,0.159192
80232,0.071097
80280,0.002155
80310,0.120197
80336,0.030577
80352,0.117087
80418,0.053359
80464,0.057131
80502,0.057251
80551,1.028731
80650,0.005724
80653,0.061466
80697,0.088494
80720,0.048672
80758,0.077271
80768,0.031423
80834,0.00791
80842,0.128842
80846,0.078354
80938,0.212563
80941,0.339029
80991,0.552228
81034,0.154486
81041,0.596821
81066,0.386303
81070,2.992036
81072,3.387817
81075,8.273431
81191,0.14822
81235,0.020743
81258,0.116262
81285,0.02767
81300,0.211189
81308,0.074413
81343,0.798124
81375,0.124159
81425,0.005604
81503,0.361136
81510,0.215601
81559,0.048618
81571,0.117886
81587,0.065914
81636,0.043409
81766,0.095173
81796,0.043426
81819,0.662424
81927,0.00224
81936,0.040849
81968,0.01283
82045,0.000971
82054,0.105865
82082,0.011556
82086,0.047698
82119,0.248976
82153,0.0583
82173,0.243081
82222,0.069237
82244,0.090267
82274,0.033569
82305,0.02237
82329,0.023295
82373,0.009127
82448,0.015869
82454,0.020113
82472,0.020078
82494,0.225059
82503,0.241363
82530,0.024104
82551,0.018883
82567,0.081258
82569,0.384982
82573,1.881407
82625,0.268963
82677,0.189279
82680,0.010027
82736,0.084287
82747,0.012763
82749,0.619749
82793,0.046565
82815,0.098291
82983,0.062964
82987,1.151348
83061,0.063996
83106,0.062604
83165,0.074172
83173,0.063007
83185,0.056826
83241,0.083473
83278,0.009053
83286,0.142075
83308,0.062344
83383,0.105595
83407,0.070919
83408,0.000511
83410,0.659893
83411,6.697546
83412,0.200842
83418,12.25771
83535,1.295719
83580,0.113463
83633,0.044729
83674,0.279823
83704,0.018355
83710,1.42589
83759,0.01356
83765,0.047812
83801,0.11348
83823,7e-05
83851,0.010305
83921,0.154606
84062,0.030565
84096,0.00569
84115,0.01309
84196,0.017206
84218,0.019
84255,0.097769
84316,0.041844
84327,0.015288
84331,0.110092
84408,0.025441
84489,0.018881
84491,0.833688
84508,0.10951
84552,0.098308
84592,0.01356
84626,0.008639
84635,0.015765
84655,0.292012
84733,0.058108
84753,0.081029
84782,0.077447
84796,0.04994
84829,0.042247
84835,0.511621
84869,0.68007
84894,0.770155
84916,0.057535
84971,0.275029
85036,0.034051
85040,0.60372
85062,0.012385
85169,0.126784
85213,0.134824
85230,0.00961
85288,0.062191
85317,0.143899
85341,0.060181
85363,0.007597
85364,2.179982
85389,0.298679
85444,0.006996
85448,0.082011
85507,0.002612
85528,0.297309
85567,0.073457
85625,0.011408
85647,0.044649
85653,0.856616
85820,0.015878
85848,0.013173
85897,0.101714
85969,0.024978
85995,0.078929
86023,0.027118
86034,0.009241
86040,1.958888
86106,0.161073
86131,0.210683
86149,0.045755
86165,3.332182
86259,0.264276
86290,0.376847
86336,0.064228
86344,0.091252
86403,0.006749
86452,0.048215
86496,2.087995
86570,0.00391
86736,0.137038
86764,0.016556
86766,0.113132
86799,1.010628
86831,0.593339
86904,0.319925
86934,0.028151
87007,0.061677
87012,0.001078
87054,0.025615
87082,0.003235
87095,0.018217
87130,0.013741
87149,0.002559
87180,0.02668
87208,0.079027
87212,0.011515
87252,0.017685
87255,0.070844
87287,0.289911
87317,0.027276
87334,0.748642
87365,0.088269
87457,0.007876
87459,0.029665
87534,0.045106
87552,0.54166
87575,0.0578
87605,0.069311
87633,0.005472
87641,0.042553
87662,0.040055
87674,0.254371
87715,0.068227
87728,0.006477
87741,0.02677
87807,0.003034
87896,0.227282
87916,0.026253
87932,0.259354
87955,0.093241
87966,0.005764
87972,0.010242
87989,0.221872
88030,0.05997
88036,0.033746
88086,0.08939
88097,0.168476
88130,0.057355
88162,0.017267
88165,0.039292
88194,0.090635
88220,0.16857
88231,0.214693
88266,0.00447
88269,0.329387
88309,0.329391
88358,0.012571
88410,0.025589
88417,0.142472
88502,0.032344
88516,1.178597
88540,0.274235
88556,0.046523
88575,1.209235
88625,0.033003
88658,0.004314
88700,0.022081
88728,0.532235
88751,0.015888
88770,0.091306
88815,0.092203
88828,0.095515
88860,0.339321
88895,0.02563
88920,0.053112
88933,1.344592
89022,0.001397
89034,0.005131
89039,0.012743
89070,0.177018
89094,0.025523
89157,0.010179
89165,0.09783
89171,0.149714
89209,0.112263
89268,0.07613
89299,0.029835
89328,0.08095
89343,0.01115
89387,0.022442
89398,0.021347
89427,0.56257
89507,0.01032
89534,0.062846
89569,0.325543
89573,0.130088
89608,0.592236
89680,0.022471
89696,0.021968
89697,1.410199
89711,0.377387
89743,0.059282
89768,0.064579
89770,0.244651
89778,0.223854
89857,0.003709
89948,0.630712
89977,0.065736
89989,0.013202
90039,0.055167
90127,0.016532
90137,0.024498
90206,0.107543
90268,0.012233
90294,0.01607
90314,0.004447
90331,0.01294
90365,0.061169
90371,0.035312
90374,0.041725
90383,0.03475
90411,0.116477
90459,0.112138
90504,0.027917
90525,0.188195
90558,0.139323
90592,0.503421
90619,0.096422
90656,0.046847
90717,0.021174
90739,0.207196
90823,0.10582
90855,0.00091
90917,0.003058
90919,0.020067
90935,0.087011
90966,0.112253
90975,0.179473
91026,0.042517
91051,0.178255
91061,0.139677
91087,0.002397
91120,0.420723
91148,1.019947
91200,0.057554
91219,0.128738
91268,0.229854
91328,0.025778
91409,0.007021
91475,0.073142
91539,0.089316
91570,0.119636
91601,0.193865
91612,0.220505
91649,0.069836
91699,0.547897
91702,0.210862
91775,0.319931
91812,0.179065
91849,0.010093
91893,0.039805
91938,0.040655
91944,0.492085
91974,0.804827
92008,0.005504
92029,0.213832
92036,0.088485
92081,0.140249
92108,0.01073
92114,0.095421
92166,0.018128
92195,0.003555
92200,0.081065
92226,0.247323
92235,0.646732
92255,0.133313
92263,2.830636
92269,4.475233
92414,0.600732
92523,0.007252
92536,0.003971
92599,1.733996
92673,0.378254
92675,0.15848
92728,0.01573
92769,1.879723
92817,0.061182
92867,0.512971
92882,0.204169
92904,0.084974
92975,0.181447
93028,0.173224
93035,0.113611
93060,0.048046
93085,0.032122
93118,0.093453
93155,0.083369
93172,0.013605
93179,0.101623
93270,0.025792
93282,0.054868
93303,1.393559
93332,0.111778
93350,0.018461
93359,0.116571
93412,0.316192
93449,0.191043
93451,0.197822
93452,2.085679
93522,0.002295
93573,0.368946
93622,0.048095
93624,0.010889
93631,0.197518
93643,0.322634
93668,0.056689
93716,0.081378
93769,0.004193
93803,0.037314
93805,0.024255
93810,0.290421
93814,0.287912
93863,0.067692
93919,0.373655
93965,0.054102
93984,0.236557
94038,0.279803
94055,0.065241
94079,0.104394
94117,0.021959
94131,0.004143
94149,0.327875
94209,0.032765
94230,0.078147
94250,0.173278
94309,0.002214
94332,0.03768
94351,0.042924
94407,0.042052
94436,0.101893
94464,0.052254
94495,0.066791
94561,0.02951
94568,0.04139
94570,0.021066
94606,0.024495
94612,0.176422
94674,0.47759
94719,0.057098
94739,0.030609
94788,0.004983
94803,0.02656
94822,0.028396
94856,0.002169
94865,0.019365
94878,0.022419
94940,0.092112
94986,0.024151
94989,0.33561
94998,0.637027
95051,0.040189
95098,0.034802
95101,0.030719
95115,0.711046
95131,0.149447
95156,0.986041
95327,0.335297
95375,0.024698
95449,0.139808
95459,0.193541
95540,0.150685
95546,2.39944
95586,0.070797
95648,0.232567
95692,0.03466
95707,0.059746
95730,0.00112
95773,0.019733
95777,0.426408
95779,0.05334
95780,0.106777
95841,0.136803
95884,0.035381
95929,0.008343
95967,0.328669
96032,0.036365
96066,0.030657
96117,0.114356
96149,0.011247
96164,0.042886
96206,0.065072
96220,0.076839
96250,0.245802
96254,0.114359
96280,0.564813
96330,0.017791
96352,0.005498
96357,0.007933
96369,0.248919
96416,0.043346
96438,0.037117
96446,0.00234
96463,0.479309
96477,0.478206
96523,0.04144
96531,0.69763
96540,0.359647
96589,0.035476
96601,0.380625
96639,0.011728
96675,0.098663
96711,0.044436
96732,0.22079
96776,0.021206
96833,0.492987
96835,0.20149
96862,0.278614
96880,0.051843
96950,0.016285
96954,0.007658
96962,0.072907
96976,1.713506
97014,0.089608
97079,0.001379
97095,0.227304
97108,0.134181
97140,0.278495
97184,0.096275
97208,0.20224
97215,0.827636
97219,5.795517
97261,0.086154
97284,0.605647
97367,0.085626
97398,0.121462
97426,0.338878
97438,0.162919
97489,0.098995
97523,0.014931
97571,0.674142
97627,0.038559
97661,0.448662
97684,0.113436
97723,0.001058
97728,0.151586
97886,0.442909
97944,0.086964
97967,0.039918
97969,1.77414
98037,0.031245
98082,0.098622
98088,0.23571
98108,0.550408
98156,0.019419
98159,0.078143
98170,1.342232
98218,0.048246
98246,0.153133
98264,0.191762
98281,0.033492
98319,0.132252
98339,0.882398
98351,0.245989
98369,1.821148
98422,0.883748
98474,0.114265
98498,0.014841
98512,0.008902
98516,0.302014
98546,0.082996
98553,0.205714
98556,1.257664
98586,0.409332
98618,0.01174
98625,0.019159
98663,0.002824
98718,0.030713
98752,0.180191
98759,0.141059
98766,0.028023
98845,0.069814
98863,0.123029
98911,0.059569
98943,0.044896
98962,0.089811
98984,0.08933
99018,0.033008
99045,0.027266
99088,0.083017
99090,0.691192
99142,0.010872
99199,0.289001
99233,1.70125
99299,1.164836
99348,0.011698
99352,0.701004
99438,0.006432
99440,0.001156
99483,0.030107
99514,0.135067
99531,0.16911
99568,0.723158
99587,0.014016
99600,0.1631
99628,0.245556
99657,0.308142
99708,0.524305
99742,0.507703
99781,0.009629
99828,0.013776
99842,0.04096
99865,0.011521
99887,1.193667
99943,0.00848
99947,0.044962
99991,0.005918
100008,0.424373
100094,0.012508
100100,0.007878
100157,0.001342
100213,0.386924
100224,0.266077
100268,0.065549
100289,0.032863
100316,0.011126
100412,0.263385
100466,0.067638
100484,0.149182
100506,0.028042
100556,0.012527
100578,1.257128
100651,0.089723
100663,0.740876
100770,0.451447
100808,0.046821
100822,0.008152
100857,0.011224
100889,0.024985
100918,0.042499
100924,0.017598
100956,0.500551
100997,0.000135
101048,0.03024
101165,0.050702
101292,0.025358
101307,0.081644
101314,0.116238
101360,1.170387
101391,0.011618
101400,0.038751
101577,0.062833
101636,0.131643
101645,0.073636
101676,0.230947
101750,0.004672
101769,0.057439
101770,0.007152
101798,0.048338
101817,0.04306
101870,0.035991
101935,0.006459
101943,1.565427
101976,0.167817
102017,0.004818
102025,0.15871
102061,0.004007
102066,0.174223
102088,0.058538
102144,0.001751
102165,0.066929
102188,0.10539
102195,0.068039
102207,0.088531
102231,1.65561
102279,0.433278
102282,0.936981
102291,15.161181
102369,1.376596
102428,0.348476
102482,0.527848
102541,0.060364
102565,0.315922
102587,0.11693
102621,0.179876
102691,0.063621
102760,0.569766
102821,0.01148
102835,0.046943
102837,0.012277
102904,0.169812
102955,0.238572
103014,0.08861
103015,0.19155
103044,0.028431
103062,0.019747
103151,0.006671
103168,0.602688
103219,0.148001
103257,0.015941
103317,0.703449
103352,0.029038
103395,0.011949
103423,0.034723
103441,0.145664
103471,0.009803
103519,0.555723
103536,0.236365
103564,0.39058
103580,0.153185
103676,0.04549
103701,0.011955
103714,0.088135
103718,0.207579
103759,0.534708
103866,0.191904
103905,0.021756
103913,0.021066
103981,0.040592
103990,0.77678
104022,0.180351
104096,0.013159
104110,0.02173
104124,0.028208
104168,0.00962
104170,0.264604
104183,0.848404
104221,0.013722
104230,0.016418
104269,0.026359
104296,0.151177
104311,0.044763
104346,0.014808
104369,0.029967
104374,0.266963
104425,0.04491
104483,0.099176
104501,0.067073
104576,0.116197
104592,0.039337
104606,0.455897
104640,0.641413
104674,0.02611
104690,0.110709
104713,0.011167
104769,0.089121
104771,1.540284
104823,0.06377
104845,0.005666
104875,0.204836
104878,0.668963
104881,0.992996
104883,2.280394
104944,0.04487
104956,0.653267
105005,0.298349
105060,0.012736
105068,0.159877
105090,0.003767
105093,0.365197
105143,0.01993
105170,0.332683
105207,0.127666
105240,0.007554
105261,0.040722
105278,1.007722
105328,0.250059
105372,0.177346
105409,0.004084
105414,0.037382
105457,0.027827
105556,0.190662
105626,0.012533
105654,0.061659
105662,0.009361
105692,0.022255
105722,0.007643
105768,0.065154
105775,0.05955
105821,0.012631
105834,0.603219
105858,0.304168
105895,0.037445
105939,0.06893
105957,0.015258
105998,0.110734
106048,0.448608
106078,0.063271
106121,0.026489
106158,0.048664
106164,0.493911
106218,0.06138
106222,0.004217
106234,0.044498
106258,0.038555
106330,0.026072
106336,0.061324
106413,0.070736
106510,0.084288
106523,0.065402
106570,7.473166
106577,5.673691
106661,0.054093
106673,0.018392
106710,0.124632
106771,0.082382
106814,0.030372
106821,0.70102
106941,0.105134
106986,0.050577
107005,0.062385
107028,0.062771
107055,0.661287
107081,0.633421
107123,0.049096
107160,0.029326
107169,0.378012
107205,0.021868
107221,0.038397
107227,0.113901
107269,0.141788
107276,0.001957
107300,0.078441
107315,0.007359
107325,0.001059
107339,0.027122
107349,0.015953
107351,0.306816
107444,0.020429
107477,0.024658
107488,0.000307
107514,0.247288
107545,1.056921
107574,0.179681
107598,0.377038
107655,0.058819
107710,0.01228
107715,0.484133
107753,0.028305
107771,0.127527
107791,0.140186
107840,0.010905
107851,0.961819
107935,0.237531
108000,0.059362
108007,0.031989
108010,0.257234
108049,0.483242
108135,1.035104
108181,0.045687
108210,0.086946
108212,0.183319
108303,0.006161
108321,0.053683
108341,0.044939
108365,0.003608
108367,0.00723
108368,0.036907
108370,0.27445
108404,0.034631
108408,0.909318
108519,0.076874
108577,0.015176
108581,0.025954
108600,0.009565
108630,0.084987
108643,0.357556
108649,0.342635
108689,0.020623
108704,0.107463
108711,0.022747
108756,0.772854
108762,0.784147
108782,0.054445
108824,0.004361
108881,0.031511
108944,0.015813
108956,0.352437
108974,0.103459
109070,0.020962
109085,0.833142
109132,1.342805
109144,0.367196
109232,0.000617
109281,0.013205
109327,0.007278
109330,0.030013
109354,0.186529
109381,0.145725
109481,0.026158
109523,0.071124
109543,0.258464
109568,0.052186
109569,0.478263
109615,0.104539
109617,0.204166
109636,0.600839
109685,0.09893
109695,0.196806
109704,0.002852
109731,0.132128
109736,0.527524
109772,0.063573
109795,0.560817
109839,0.039821
109857,0.063127
109880,0.183251
109906,0.091328
109945,0.232242
109956,0.232148
110002,0.343089
110046,0.002517
110056,0.097979
110120,0.427017
110149,0.036062
110168,0.065259
110184,0.110012
110212,0.047707
110247,0.664725
110287,0.229474
110288,0.042936
110305,0.19884
110369,0.697304
110378,0.017162
110416,0.097472
110440,0.387703
110449,1.107998
110501,0.071157
110521,0.023062
110529,0.424619
110567,0.01315
110570,0.144004
110597,0.00868
110681,0.119552
110711,0.007897
110730,0.312775
110745,0.92634
110764,0.843519
110770,8.010336
110847,0.081453
110851,0.097681
110881,0.805706
110894,0.860339
110922,0.130093
110984,0.018424
111004,0.015927
111014,1.367297
111051,0.106993
111118,0.145286
111215,0.007395
111257,0.007209
111262,0.139905
111341,0.014641
111374,0.018459
111375,0.026657
111408,0.005819
111600,0.074037
111642,0.566427
111692,0.001555
111804,0.06029
111822,0.052975
111835,0.009889
111951,0.032069
111967,0.534413
112019,0.022139
112149,0.002135
112179,0.000673
112198,0.012703
112239,0.048152
112261,0.04242
112336,0.061586
112341,0.287336
112429,0.077105
112453,0.008779
112466,0.022141
112502,0.0085
112570,0.084399
112585,0.139987
112670,0.018508
112721,0.113045
112798,0.052516
112887,0.019597
112981,0.040307
112990,0.216232
113045,0.01214
113131,0.021691
113147,0.02436
113176,0.055844
113212,0.022074
113217,0.027188
113237,0.165331
113307,0.120562
113350,0.000278
113357,0.032706
113367,0.113364
113377,0.095791
113387,0.181846
113397,0.19565
113407,0.101413
113427,0.062932
113447,0.060527
113457,0.030631
113467,0.352284
113497,0.243259
113527,0.408641
113547,0.046313
113557,0.275368
113567,0.157076
113587,0.501341
113597,0.123184
113607,0.169146
113617,0.371476
113627,0.150654
113647,0.33776
113667,0.105582
113677,0.405722
113687,0.008834
113697,0.494785
113717,0.293337
113727,0.176235
113737,0.156265
113747,0.368159
113757,0.424371
113817,0.001905
113867,0.034428
113897,0.039584
113919,0.113962
113950,0.016843
113972,0.05993
114044,0.009028
114104,0.000908
114253,0.015606
114271,0.189072
114331,0.062717
114356,0.01965
114367,0.088054
114368,0.064979
114413,0.027907
114448,0.064727
114488,0.027214
114578,0.05604
114966,0.428097
115094,5.8e-05
115179,0.02975
115233,0.044648
115333,0.006048
115352,0.020143
115505,0.008989
115546,0.00251
115556,0.016149
115561,0.237647
115574,0.228678
115686,0.007019
115732,0.029474
115780,0.012933
115861,0.058511
115892,0.036287
115902,0.126868
115932,0.015184
115980,0.043051
116066,0.041827
116166,0.008935
116174,0.421828
116486,0.056228
116551,0.035174
116630,0.03063
116770,0.092267
116771,0.007409
116773,0.026099
116818,0.234934
116843,0.156135
116865,0.05171
116891,0.47721
116896,0.55799
116922,0.272017
116964,0.667731
116983,0.787649
117008,0.051772
117010,0.603688
117028,0.427253
117065,0.165649
117066,0.046841
117077,0.197661
117151,0.10947
117251,0.453058
117276,0.04141
117316,0.055206
117370,0.048163
117374,0.188093
117484,0.531295
117513,0.044227
117572,0.059669
117582,0.258952
117610,0.042982
117616,0.200505
117628,0.675042
117660,0.183093
117679,0.412538
117734,0.037689
117783,0.065353
117796,0.082985
117812,0.013085
117835,1.173239
117909,1.248487
117948,0.464236
117959,0.045632
117999,1.0873
118080,0.046122
118181,0.16415
118184,0.504129
118211,0.402757
118264,0.275812
118269,0.387866
118336,0.000183
118354,0.197275
118387,0.066902
118418,0.034959
118425,0.394824
118516,0.303882
118517,0.09535
118537,0.075629
118567,0.049927
118634,0.094225
118640,0.187557
118643,0.007687
118667,0.024737
118670,0.113159
118688,0.058467
118722,0.118148
118729,0.212555
118755,0.036487
118778,0.229754
118819,0.021778
118828,0.017696
118867,0.195884
118967,0.026657
118975,0.002563
118983,0.042866
118993,2.075652
119051,0.036838
119058,0.113552
119060,0.354113
119136,0.083986
119138,0.881799
119170,0.160681
119276,0.001276
119280,0.399795
119297,0.069037
119344,0.99468
119387,0.055417
119399,0.014042
119413,0.414839
119462,1.618839
119505,0.10245
119534,0.031458
119567,0.053997
119600,0.020455
119608,0.173161
119636,0.249561
119675,0.062474
119711,0.033172
119726,0.113866
119741,0.263994
119761,0.129647
119769,0.59723
119796,0.206525
119879,0.028336
119881,0.786575
119919,0.054113
119933,0.007322
119963,0.123082
120002,0.194323
120021,0.141921
120043,0.010314
120049,0.09817
120057,4.834123
120131,0.043083
120204,0.16593
120271,0.007692
120328,0.010795
120336,0.544533
120359,0.046993
120375,0.02092
120431,0.342322
120471,1.090205
120525,0.131452
120582,0.003847
120588,0.001145
120618,0.007937
120723,0.383907
120825,0.011659
120843,0.180683
120883,0.029177
120906,0.075368
120934,0.014532
120955,0.005468
120958,0.169808
120979,0.265195
120993,0.06613
120996,0.10385
121012,0.083387
121034,0.153254
121058,1.81397
121087,0.710145
121114,0.121287
121119,0.22518
121138,0.018159
121191,0.122756
121246,0.139739
121257,0.84302
121309,1.027053
121366,0.178121
121368,0.620366
121408,0.227745
121453,0.198143
121514,0.170144
121565,0.100441
121576,0.297781
121590,0.604818
121693,0.018969
121710,0.007306
121749,0.520429
121774,0.087258
121808,0.046058
121862,0.278885
121870,0.345604
121899,0.192467
121900,0.402351
121937,0.025863
121971,0.019411
121982,0.052649
121991,0.477147
122016,0.489403
122073,0.120183
122092,0.220559
122132,0.139451
122156,0.083941
122160,0.08528
122176,0.908688
122228,0.278
122252,0.176553
122256,0.130203
122261,4.971109
122298,0.614966
122387,0.096747
122405,0.010712
122409,1.039524
122477,0.012316
122525,0.228997
122538,0.048533
122550,0.056755
122567,0.759088
122568,0.147092
122608,0.145785
122638,0.027834
122653,0.814188
122690,0.044128
122717,0.006208
122743,0.23955
122771,1.672047
122818,0.566901
122831,0.157315
122835,0.646572
122837,0.160059
122841,2.030485
122948,0.679468
122974,0.105143
123036,0.001969
123043,0.024193
123081,0.022466
123110,0.859597
123175,0.034463
123184,0.987418
123281,0.208227
123285,0.136259
123324,1.153242
123364,0.152936
123385,0.137684
123398,0.010035
123420,0.01354
123441,0.011396
123479,0.032424
123483,0.001862
123488,0.059127
123493,1.952896
123534,0.020105
123542,0.113976
123580,0.047949
123588,0.023949
123602,0.030232
123621,0.005345
123629,0.775802
123689,0.050344
123729,0.999721
123786,0.04754
123839,0.008546
123845,0.625492
123873,0.183908
123883,2.0183
123914,0.040585
123953,2.43485
123956,1.590454
124000,0.569822
124030,2.201643
124069,0.046834
124089,0.020042
124144,0.551856
124177,0.00823
124204,0.029473
124208,0.029887
124217,0.031843
124235,0.38181
124310,0.007667
124319,0.316892
124329,0.595598
124391,0.010191
124408,0.039595
124410,0.274455
124446,0.02675
124480,0.455069
124502,0.0246
124548,0.020311
124574,0.189782
124645,0.817407
124705,0.075562
124740,0.025329
124744,0.412931
124767,0.090516
124792,0.019669
124812,0.03013
124863,0.505108
125023,0.225526
125030,0.027333
125064,0.037558
125088,0.534087
125103,0.482742
125168,0.042989
125172,0.061201
125196,1.699266
125234,0.009048
125276,0.345763
125317,0.138412
125352,0.033949
125372,0.007615
125376,0.352537
125391,0.011149
125453,0.015886
125478,0.087076
125487,0.098602
125551,0.070686
125552,0.031047
125562,0.070468
125648,0.125401
125658,0.113265
125686,0.022487
125688,0.105803
125718,0.000514
125757,0.028181
125762,0.010483
125775,0.10147
125785,8.591543
125811,0.02914
125865,0.393216
125886,0.049516
125922,0.012902
125934,0.006902
125955,0.04819
125984,0.037359
125989,0.217015
126000,0.461242
126032,0.067055
126062,0.078305
126105,0.037632
126135,0.022048
126159,0.015818
126179,0.112235
126207,0.026142
126242,0.129187
126249,0.296122
126277,1.611713
126316,0.043661
126359,0.000439
126375,0.070643
126411,0.419601
126419,1.488447
126483,0.147283
126518,0.765305
126523,0.061826
126557,0.659512
126616,0.012997
126697,0.0801
126713,0.011227
126738,0.813489
126783,0.170269
126791,0.035469
126800,0.008054
126820,0.058715
126846,0.71346
126887,0.064107
126909,0.215081
126913,0.135051
126939,0.137723
126991,0.969586
127033,0.733683
127076,0.989779
127128,0.038628
127167,0.035122
127203,0.001552
127222,0.001327
127250,0.017979
127271,0.008063
127288,0.301365
127301,0.536421
127325,0.026319
127342,0.112185
127358,0.098769
127389,0.429693
127405,0.075485
127443,0.016727
127468,0.448495
127527,0.06246
127549,0.066709
127556,0.05525
127566,0.063739
127574,0.142924
127616,1.461016
127661,1.078914
127760,0.085632
127910,1.79205
127933,0.137206
128012,1.145882
128117,0.191995
128146,0.013271
128158,0.010707
128171,0.001236
128253,0.069406
128280,0.039904
128281,0.229532
128301,0.042873
128311,2.178679
128454,0.286618
128492,0.010047
128525,0.013598
128528,0.061678
128578,0.080291
128648,0.052705
128697,0.020527
128719,0.016297
128751,0.025727
128766,0.523429
128811,2.982148
128837,0.172268
128849,0.887383
128873,0.005891
128892,0.278886
128972,0.120605
129016,0.04934
129089,0.080907
129136,0.021386
129144,0.021872
129171,0.102923
129203,0.083143
129229,1.453315
129284,0.085593
129295,0.006708
129319,0.085196
129345,0.11566
129372,0.307046
129413,0.065221
129541,0.185964
129580,1.503635
129641,0.035932
129693,0.013285
129728,0.017965
129784,5.2e-05
129800,0.634811
129841,0.258127
129866,0.021612
129874,0.027662
129902,0.072728
129942,0.022417
129947,0.200371
129970,0.01009
129983,0.711707
130039,0.700305
130074,0.009565
130103,0.017689
130104,0.393798
130146,0.675138
130167,0.050632
130192,0.274955
130261,0.077631
130318,0.015664
130360,0.042989
130369,0.237992
130467,0.016333
130489,0.002882
130513,0.133429
130551,0.889614
130645,0.474836
130650,0.037412
130672,0.932895
130719,0.087871
130753,0.012013
130793,0.004677
130858,0.259181
130914,2.81433
131004,0.059245
131046,0.043569
131089,0.001596
131108,0.000136
131146,0.000374
131161,0.009669
131166,0.686705
131199,0.222325
131225,0.5994
131277,0.080478
131306,0.07056
131320,0.029841
131339,0.494506
131370,0.038117
131391,0.023363
131433,3.139705
131479,0.20593
131497,0.283547
131543,0.017849
131562,0.218311
131575,0.131711
131613,0.577491
131650,0.336698
131678,0.097334
131686,0.122432
131739,0.017574
131755,0.071136
131873,0.01276
131932,0.043122
131939,0.398579
131987,0.11167
131997,0.224376
132019,0.077095
132024,0.142885
132033,1.128978
132111,0.078432
132136,0.01009
132149,0.150149
132161,0.336384
132177,0.195015
132197,0.24443
132229,0.942499
132266,0.007538
132303,0.179169
132316,1.217564
132333,0.415049
132366,0.345082
132415,0.06765
132418,0.625436
132428,1.03921
132497,1.369614
132500,0.7938
132561,0.00571
132565,0.019003
132587,0.006156
132605,0.066076
132654,0.030739
132701,0.01653
132740,0.013887
132753,0.054276
132799,0.237919
132859,0.00564
132893,0.014336
132901,0.033644
132903,0.005892
132920,0.778865
132956,0.016906
132970,1.836252
133049,0.386794
133081,0.032231
133117,0.048374
133145,0.002218
133159,0.165256
133187,0.003563
133199,0.070491
133220,0.03016
133243,0.012207
133254,0.16909
133284,0.254889
133380,0.035833
133410,0.00705
133452,0.035528
133475,0.034928
133489,0.023186
133544,0.103567
133569,0.298715
133573,1.006106
133642,0.424587
133644,0.13064
133677,0.012611
133690,0.845898
133750,0.01545
133838,0.035075
133848,0.011899
133858,0.795622
133864,0.163644
133890,0.676003
133954,0.029664
133958,0.027773
133981,0.016764
134044,0.007365
134065,0.063148
134107,0.155227
134129,0.025479
134136,0.01339
134174,0.416267
134181,0.158984
134250,0.004279
134257,0.021329
134262,0.001441
134271,0.55178
134308,0.008359
134364,0.216335
134382,0.258002
134385,0.334094
134461,0.282566
134498,1.321233
134523,0.012649
134556,0.169447
134566,0.522169
134584,0.070293
134600,0.295641
134717,0.040147
134727,0.029271
134737,0.247384
134759,0.111203
134769,3.519639
134877,0.001588
134984,0.009178
134996,0.000277
135018,0.023901
135082,0.056147
135163,0.011674
135189,0.064969
135201,0.036414
135269,0.660181
135368,0.05046
135437,0.320659
135450,0.058476
135451,0.950233
135508,0.012922
135530,0.126576
135576,0.066063
135598,0.042794
135603,0.402877
135664,0.074261
135703,0.098437
135727,0.045291
135821,0.025058
135879,0.117111
135885,0.134916
135932,0.044546
136052,0.626674
136097,0.500861
136138,0.275146
136264,0.174263
136304,0.572142
136307,0.059852
136350,0.003442
136393,0.358401
136419,0.333889
136421,0.074796
136464,0.362059
136573,0.065126
136605,0.041815
136611,0.219106
136664,0.047644
136740,0.062002
136847,0.002338
136857,0.085645
136903,0.036079
136955,2.166981
137008,0.31985
137095,0.834202
137117,0.492586
137119,0.118647
137130,0.925451
137156,0.679214
137163,0.634734
137170,0.384371
137196,1.090667
137282,0.020308
137285,0.098651
137309,0.155949
137314,0.912179
137343,0.071139
137379,0.155116
137405,0.004524
137434,0.300991
137451,0.19645
137463,0.089034
137528,0.05323
137559,0.505473
137577,0.00904
137580,0.627414
137581,0.138449
137583,5.875577
137584,5.390692
137585,5.611789
137675,0.381823
137748,0.066369
137794,0.163395
137877,0.787507
137935,0.018988
137947,0.0185
137950,0.037311
137988,0.07456
138028,0.01712
138040,0.02666
138064,0.005179
138070,0.656978
138117,0.250234
138144,0.015529
138197,0.086718
138228,0.041062
138238,0.022767
138251,0.040432
138292,0.025016
138300,0.01632
138331,0.331319
138353,0.060202
138381,0.716795
138414,0.022136
138449,0.236798
138473,0.06946
138516,0.051631
138530,1.417228
138547,0.113763
138565,1.707498
138595,1.319165
138632,0.075911
138653,0.321747
138728,0.992576
138842,0.810649
138928,0.125956
138953,0.021091
138998,0.623004
139046,0.118997
139100,0.476193
139154,0.992725
139189,0.008909
139205,0.516538
139231,0.101456
139255,0.216206
139315,0.674914
139330,0.100534
139372,0.042004
139382,0.368835
139414,0.029796
139420,0.218656
139443,0.883508
139484,0.825814
139532,0.133911
139571,0.294116
139573,0.172871
139616,0.04619
139652,0.26414
139675,0.638305
139688,0.094697
139723,0.080303
139737,0.057335
139751,0.410653
139764,0.067528
139800,0.146084
139889,1.539328
139950,0.025322
139985,0.054501
140018,0.246037
140062,0.175987
140067,0.516132
140095,0.0692
140111,0.416853
140128,0.32098
140174,0.575398
140199,0.474928
140252,0.443626
140254,0.261548
140297,0.167073
140326,1.59621
140379,0.020388
140389,0.039715
140428,0.221046
140458,0.042175
140490,0.031258
140509,0.003732
140538,0.431995
140559,0.123099
140569,0.116916
140660,0.019744
140661,0.000866
140709,0.036831
140715,0.03223
140736,0.25736
140761,0.324151
140770,0.075198
140822,0.535537
140839,1.2e-05
140860,0.895221
140925,0.058891
140937,0.762137
141023,0.059945
141024,0.239404
141037,0.665701
141077,0.028646
141118,0.077246
141120,0.018896
141147,0.10966
141152,0.154883
141156,1.266455
141180,0.042103
141193,0.018122
141221,1.077756
141246,0.260762
141264,0.337647
141268,0.330953
141309,0.122335
141317,0.282353
141318,0.173565
141338,0.114143
141402,0.543711
141449,0.049472
141452,0.042628
141515,0.084042
141533,0.125894
141545,1.490997
141594,0.396519
141629,0.208766
141641,1.075182
141661,0.858948
141714,0.132936
141727,0.051982
141747,0.197032
141814,0.064223
141831,0.091894
141844,0.040618
141857,0.13649
141911,0.050544
141951,0.166996
141974,0.226573
141988,0.871447
142035,0.0872
142086,0.028713
142100,0.300043
142144,0.791591
142280,0.222941
142330,0.145738
142379,0.385493
142422,0.67192
142524,0.008759
142566,0.032875
142568,0.154992
142615,0.091082
142655,0.478669
142696,0.023655
142722,0.026702
142760,0.488451
142768,0.082395
142791,0.115468
142847,0.046247
142857,0.407215
142867,0.96848
142917,0.222583
142965,0.211022
142972,1.777212
143012,0.06348
143067,0.00937
143110,0.008043
143151,0.130831
143160,0.064694
143212,0.154205
143228,0.035744
143248,0.278149
143269,0.221114
143304,0.514608
143320,0.072711
143350,0.024344
143389,0.049872
143479,0.001963
143544,0.423985
143562,0.270174
143599,0.0781
143606,0.152204
143639,0.513176
143691,0.379439
143717,0.009182
143743,0.000137
143755,0.034218
143767,0.067543
143768,0.240278
143780,0.409542
143807,0.661872
143841,0.071518
143947,0.234159
143999,0.068299
144055,0.005597
144072,0.059629
144088,0.140073
144125,0.004698
144143,0.054998
144173,0.288866
144229,0.012499
144244,0.018944
144275,0.03351
144278,0.082544
144333,0.019301
144367,0.408193
144398,0.107978
144418,0.170378
144454,0.233715
144511,0.043845
144523,0.027594
144569,0.031746
144589,1.007426
144623,0.119219
144675,0.000708
144741,0.155035
144749,0.003042
144780,0.023739
144834,0.368799
144837,0.912739
144882,0.0101
144892,0.068823
144898,0.108389
144914,0.204704
144956,0.103265
144970,0.061399
144995,0.419209
145048,0.305001
145065,0.041143
145103,0.153126
145130,0.02706
145135,0.339937
145213,0.708416
145270,0.074332
145293,0.03941
145323,0.02379
145368,0.053589
145425,0.241255
145481,0.657407
145533,0.008182
145552,0.158103
145574,0.000115
145587,0.564807
145607,0.083411
145622,0.103226
145670,0.717448
145780,0.041693
145859,0.002981
145894,0.022682
145920,0.074273
145939,0.109464
145976,0.004017
145987,0.000608
145991,0.094857
146036,0.018169
146046,0.012172
146053,0.082778
146079,0.860165
146111,1.015535
146171,0.007645
146187,0.035014
146231,0.032582
146236,0.053208
146270,0.3426
146340,0.003026
146368,0.464587
146396,0.51595
146410,0.32071
146454,0.0484
146482,0.129741
146505,0.192923
146530,0.139338
146541,0.021345
146549,0.348749
146585,0.001829
146589,0.206147
146619,0.064716
146683,0.192227
146705,0.061564
146727,0.187429
146738,0.156942
146783,4.633808
146818,0.045456
146852,0.052758
146869,0.024493
146870,0.18505
146897,0.137096
146958,0.086116
146970,0.715828
146998,1.995806
147048,0.34015
147069,0.902398
147082,0.057754
147145,0.072719
147173,0.004304
147175,0.789189
147266,1.371377
147290,0.411801
147337,0.016598
147344,0.157767
147356,0.058558
147395,0.120447
147407,0.012376
147464,0.283499
147481,0.140082
147506,0.456508
147538,0.278281
147577,0.533497
147591,0.596916
147606,0.754626
147707,0.382846
147719,0.325171
147734,0.060704
147778,0.483381
147829,0.095291
147846,0.403979
147857,0.015686
147866,0.025538
147885,0.220728
147902,0.076103
147918,0.327738
147927,0.562256
147946,0.0171
147967,0.022666
147991,0.039906
148014,0.0481
148018,0.002088
148019,0.685185
148035,0.178451
148058,0.316004
148083,0.207003
148096,0.792078
148109,0.750029
148131,1.044636
148166,0.055008
148173,0.126486
148177,0.143195
148204,0.106811
148218,0.565583
148242,0.091388
148289,0.00529
148323,0.096503
148356,0.306595
148370,0.094779
148397,0.667999
148433,0.386064
148470,0.331076
148478,0.790288
148512,0.204354
148584,0.397106
148599,0.063499
148602,0.662031
148641,0.011741
148668,0.098928
148681,0.237827
148695,1.338832
148769,0.032991
148770,0.191172
148782,0.642342
148801,0.053184
148836,0.031027
148868,0.028506
148898,0.032608
148905,0.87522
148945,0.154198
148984,0.055689
148998,0.197374
149027,0.191591
149068,0.809325
149097,0.086272
149123,0.355481
149142,0.015682
149177,0.154761
149198,0.005147
149239,2.142102
149265,0.210743
149293,0.08546
149299,0.448333
149308,0.324251
149365,0.273699
149394,0.50976
149428,0.040805
149436,0.337425
149468,0.103894
149480,0.321537
149489,0.49257
149530,0.15857
149548,1.255394
149563,0.091464
149593,0.030206
149601,0.217873
149607,0.112086
149608,0.422314
149633,0.075942
149663,0.388614
149695,0.000992
149717,0.439144
149722,0.083716
149733,0.131429
149761,0.761962
149816,0.037659
149827,0.261521
149829,0.417885
149831,14.836948
149833,1.904492
149906,3.047818
149910,3.423778
149974,0.14525
150024,0.001519
150028,0.077068
150042,0.359538
150084,0.159743
150114,0.430825
150121,1.154001
150145,0.224968
150177,0.019831
150194,0.068696
150256,0.005738
150283,0.272115
150303,1.378744
150343,0.595789
150351,0.397074
150400,0.148822
150437,0.65456
150483,0.012947
150511,0.001505
150523,0.177101
150530,0.036499
150532,0.139599
150557,0.037884
150607,0.030018
150652,0.043431
150673,0.067892
150729,0.449755
150746,0.139744
150782,0.172628
150835,0.106403
150842,0.189841
150845,0.036747
150876,0.046084
150890,0.423765
150953,0.003532
150965,0.158793
150981,0.012894
151024,0.042688
151106,0.020495
151115,0.135549
151118,0.025068
151157,0.029209
151160,0.063405
151164,0.288129
151201,0.022092
151244,0.038146
151288,0.338368
151296,0.01693
151380,0.009095
151391,0.150487
151451,0.439355
151509,0.251419
151529,0.216553
151569,0.010165
151570,2.607071
151649,0.106294
151681,0.192956
151698,0.490107
151722,0.158306
151749,0.082871
151761,0.065304
151809,0.138276
151814,0.52438
151852,0.018536
151855,0.169324
151877,0.172276
151896,0.289531
151974,0.149186
151985,0.275015
152069,0.024817
152115,0.013241
152126,0.932569
152170,0.05225
152194,0.215116
152231,0.001044
152263,0.006003
152298,0.629354
152317,0.087249
152338,0.027591
152409,0.138073
152445,0.016673
152492,0.064861
152526,0.006088
152538,0.784659
152555,0.399263
152593,0.007574
152600,0.312363
152637,0.771927
152658,0.121743
152716,0.00499
152730,0.324234
152771,0.635891
152838,0.008462
152843,0.153664
152865,0.217818
152913,0.069958
152927,0.454125
152976,0.037014
153068,0.211294
153081,0.053139
153100,0.107334
153136,0.068955
153241,0.470753
153272,0.185703
153311,0.187425
153341,0.016411
153351,0.020699
153361,0.02481
153371,0.091372
153411,0.067119
153431,0.039927
153441,0.146026
153451,0.072092
153491,0.328795
153501,0.005659
153511,0.260475
153521,0.102561
153541,0.141337
153561,0.007402
153571,0.022773
153601,0.102122
153611,0.267409
153631,0.48342
153651,0.278253
153661,0.119615
153671,0.062883
153681,0.165203
153691,0.023941
153711,0.288223
153721,0.101476
153731,0.121542
153741,0.032202
153761,0.19109
153781,0.509635
153791,0.117322
153801,0.179079
153811,0.384152
153831,0.267792
153851,0.046006
153861,0.630822
153871,0.433619
153881,0.087243
153911,0.006595
153921,0.720197
153971,0.035376
153981,0.559833
153991,0.441894
154031,0.799781
154041,0.347083
154049,0.274709
154061,0.395305
154091,0.275192
154110,0.143557
154121,0.368726
154144,0.106423
154180,2.391228
154217,0.123345
154265,0.045361
154327,0.129788
154375,0.003959
154413,0.092874
154512,0.694154
154528,0.06957
154557,0.002718
154604,0.351832
154681,0.012989
154691,0.01669
154719,0.000664
154732,0.521176
154786,0.030884
154811,0.106958
154833,0.001022
154866,0.048839
154889,1.774656
154945,0.013212
154964,0.422897
155010,0.192845
155045,0.007723
155056,0.412665
155102,0.027898
155116,0.08724
155136,0.182444
155171,3.507948
155272,0.047782
155304,0.033895
155322,0.095963
155379,0.111723
155453,0.154179
155469,0.338998
155529,0.020928
155531,0.025401
155567,0.046763
155592,0.065285
155630,0.03108
155676,0.000476
155692,0.125554
155721,0.014086
155756,0.024731
155774,0.087167
155778,0.339422
155824,0.134241
155868,0.021675
155872,0.039544
155884,0.173642
155899,0.113146
155919,1.053321
155987,0.094918
156005,0.177832
156052,0.405169
156056,0.226402
156096,0.068137
156112,0.013246
156143,0.012071
156173,0.911285
156194,0.003158
156226,0.119397
156277,0.036497
156324,0.400206
156368,0.882013
156409,0.119233
156420,0.106097
156423,0.017513
156444,0.001117
156478,0.081453
156482,0.15843
156570,0.054623
156601,0.009562
156603,0.302411
156645,0.112126
156660,0.402455
156747,0.03183
156771,0.033617
156783,0.810671
156859,0.073161
156932,0.02616
156942,0.163928
156945,0.016736
156976,0.147544
156996,0.446121
157047,0.00982
157057,0.000114
157062,0.261954
157105,0.797513
157165,0.39431
157208,0.579159
157247,0.025924
157256,0.079349
157286,0.012676
157290,0.191203
157293,0.34454
157313,0.381899
157382,0.527372
157415,0.374594
157473,0.115509
157501,0.064815
157548,0.012505
157570,0.024664
157576,0.187056
157615,0.12817
157646,0.092548
157650,0.881252
157680,0.426007
157731,0.001072
157756,0.001187
157799,0.184991
157856,0.014779
157859,0.018523
157917,0.447588
157964,0.067422
157973,0.023199
157974,0.107285
158001,0.194137
158028,0.031445
158048,0.563944
158064,0.389004
158102,0.339912
158167,0.128538
158172,0.424872
158174,3.127323
158195,0.378278
158213,0.115195
158227,0.067414
158261,0.015682
158262,0.866221
158263,9.426937
158265,4.797477
158429,0.153063
158464,0.105453
158494,0.177987
158519,0.025309
158522,0.048104
158562,0.621708
158611,0.118825
158631,0.634325
158677,0.057031
158700,0.237311
158723,0.064286
158766,0.028103
158772,0.121958
158773,0.701384
158845,0.026573
158877,0.09193
158890,0.201017
158891,0.188833
158938,0.166911
158961,0.333666
158979,0.212555
159003,0.165913
159057,0.094764
159095,1.038242
159116,0.330472
159156,0.048542
159207,0.01071
159297,0.289922
159371,0.107534
159376,0.386645
159440,0.002881
159475,1.818874
159534,0.005308
159636,0.040142
159671,0.027909
159701,0.101458
159712,0.392799
159753,0.022362
159803,0.008452
159888,0.076685
159914,0.00909
159918,0.052187
159943,0.138906
159948,0.1257
159965,0.192043
159969,0.311987
160036,0.019006
160053,0.41879
160080,0.646874
160120,0.270974
160134,0.110435
160164,0.008435
160166,0.087093
160181,1.144902
160235,0.318906
160282,0.007848
160286,4.006078
160331,0.089491
160369,0.291009
160399,0.054809
160436,0.068607
160454,0.305606
160519,0.013188
160603,0.18861
160626,1.400717
160666,0.185608
160766,0.35891
160841,0.60092
160913,0.028418
160939,0.014594
160943,0.173187
160944,0.694035
160961,0.220423
161021,0.002358
161030,0.002009
161035,0.119697
161052,0.059347
161076,0.027492
161091,0.023172
161119,1.269008
161163,0.336135
161205,0.035847
161257,0.021063
161277,0.038848
161318,0.182444
161389,0.024333
161445,0.00793
161481,0.046327
161542,1.945109
161602,0.114586
161607,0.07167
161632,0.399523
161640,0.044422
161731,0.038776
161755,2.267074
161789,0.631841
161813,0.601077
161821,0.026906
161892,0.09335
162015,0.050863
162025,0.048379
162076,0.048609
162085,0.000234
162091,0.221328
162142,0.014421
162166,0.037953
162180,0.09835
162212,0.013353
162245,0.156772
162296,0.083965
162341,0.061258
162343,0.749326
162373,2.981027
162423,2.159657
162469,0.131642
162474,0.037449
162500,3.023588
162552,0.230541
162575,0.167796
162581,0.214382
162595,0.043309
162619,0.05776
162627,0.445832
162700,0.102288
162701,0.422483
162742,0.947301
162800,0.607874
162843,0.297053
162879,0.366645
162908,0.005502
162946,0.128956
163049,0.047152
163080,0.159376
163143,0.148368
163149,0.148627
163218,0.097959
163232,0.020991
163235,1.283052
163265,0.474914
163301,22.545634
163368,0.928328
163419,0.025398
163463,0.873415
163500,0.868849
163566,0.112577
163572,0.058577
163573,1.260226
163606,0.026264
163621,0.727188
163637,0.259993
163659,0.042204
163677,0.17894
163682,0.027335
163691,0.237055
163719,0.05105
163722,0.222589
163782,0.017446
163787,0.270332
163875,0.108838
163897,0.181241
163964,0.16279
163978,0.105217
163987,0.03832
164029,0.949653
164066,0.048899
164087,0.012732
164093,0.643059
164100,0.369406
164108,0.2975
164110,3.547715
164118,2.019249
164122,3.202101
164132,6.001681
164417,0.18775
164451,0.379969
164515,0.057343
164524,0.011145
164535,0.087632
164548,0.133446
164552,0.225393
164591,0.164282
164592,0.256495
164620,0.143485
164625,0.055895
164654,0.046101
164670,0.04831
164677,0.186333
164693,0.944682
164718,0.06348
164732,1.184071
164747,3.908312
164759,0.080782
164781,0.841053
164793,0.008761
164798,1.174943
164859,0.945905
164907,0.228566
164945,0.011607
164953,0.024415
164976,0.166454
164991,0.838262
165039,0.034836
165042,0.103377
165081,0.087017
165108,0.080656
165126,0.050364
165164,0.19258
165180,0.207606
165207,0.028274
165245,0.021275
165249,0.014054
165275,0.008864
165285,0.047079
165286,0.091502
165323,0.302277
165378,0.238061
165405,0.487485
165437,0.326723
165438,0.015254
165467,0.401265
165469,0.749887
165504,0.09908
165509,0.242704
165531,0.527807
165586,0.91019
165610,0.213167
165634,0.971337
165645,0.501214
165657,0.910006
165679,1.333384
165699,0.139545
165749,0.733942
165764,6.778984
165791,0.466747
165814,0.172249
165821,0.1873
165842,0.093555
165868,0.288925
165906,0.469248
165929,0.215119
165952,0.054082
165969,1.868558
165990,0.145612
166003,0.149946
166010,0.151738
166023,0.209375
166097,0.13268
166120,0.037028
166121,0.299152
166170,0.269447
166199,0.366318
166219,0.082859
166223,0.160653
166252,0.135278
166272,0.00146
166286,0.242337
166336,0.105051
166360,0.403041
166381,0.161063
166444,0.476358
166467,0.212578
166502,0.126459
166544,0.035327
166545,0.20495
166588,0.124939
166599,0.095666
166631,1.263767
166671,0.973005
166709,0.128215
166712,0.240145
166735,1.167353
166767,0.103889
166802,0.154445
166821,0.669333
166850,1.262483
166896,0.226582
166901,0.733741
166933,0.040261
166982,0.761544
166983,1.195805
167014,0.013305
167025,0.264588
167053,0.172078
167083,0.020269
167116,0.067656
167130,0.351204
167159,0.057707
167170,0.285297
167191,3.580796
167230,0.468273
167268,0.502081
167275,0.330609
167307,0.085141
167391,0.109747
167418,0.2709
167431,0.269654
167447,0.156958
167470,0.242549
167505,0.040472
167526,0.024027
167550,0.163168
167575,0.270396
167628,0.461978
167656,0.025151
167678,0.434859
167755,0.034026
167767,0.312008
167768,2.133564
167792,0.096432
167804,1.348196
167860,0.034512
167873,0.086874
167889,0.323445
167890,1.140223
167914,0.782551
167923,1.072752
167946,0.470083
167975,0.472447
168023,0.047766
168032,0.001927
168036,0.002165
168038,0.248734
168078,0.461258
168080,0.025324
168109,0.042713
168116,0.160245
168124,1.675084
168154,0.079481
168194,0.115549
168207,0.042615
168228,0.014133
168239,0.37553
168249,0.753538
168290,0.346646
168318,1.075744
168354,0.202146
168374,0.16711
168467,0.322941
168480,0.956184
168503,0.269613
168563,0.642148
168610,0.084441
168613,0.305145
168638,0.093079
168660,0.031948
168679,0.039056
168711,0.027645
168718,0.227104
168749,0.040403
168750,0.050935
168766,1.441946
168815,0.055488
168830,0.525012
168875,0.203814
168878,0.101577
168927,0.024969
168955,0.067241
168967,0.004965
168969,2.536313
169008,0.330113
169021,0.71515
169035,0.10209
169041,1.251856
169097,0.001384
169112,0.94999
169162,1.25555
169197,0.314238
169221,0.236221
169271,0.009808
169289,0.375485
169307,1.075927
169315,1.536372
169343,0.178035
169387,0.260811
169388,0.526973
169411,0.00059
169468,1.398971
169526,0.221661
169532,0.959024
169544,0.198237
169558,0.416037
169568,0.327013
169607,0.01404
169619,0.471664
169640,0.072798
169655,0.530495
169692,0.023195
169698,0.228336
169725,0.530535
169732,0.343827
169798,0.054547
169808,0.070149
169831,0.013364
169832,0.94753
169864,0.031222
169875,0.044167
169944,1.099103
169948,0.17111
169954,1.276958
170049,0.002709
170077,0.970953
170103,0.023276
170122,0.32526
170139,0.076088
170157,0.22218
170158,0.03579
170166,1.058968
170187,0.27039
170199,0.523196
170244,0.35608
170259,0.580009
170286,0.061904
170301,0.276259
170309,0.207617
170317,0.470212
170349,0.445355
170357,0.494197
170380,0.115959
170440,0.544365
170442,0.362474
170493,0.001657
170500,0.201972
170538,0.051381
170560,0.044102
170579,0.429273
170615,0.001053
170629,0.071854
170650,0.02984
170670,0.044701
170673,2.107363
170707,0.019577
170744,0.044374
170768,0.041103
170771,0.453292
170847,0.060478
170866,1.996776
170871,0.105161
170924,0.011282
170940,0.547028
170999,0.11127
171020,0.010973
171027,1.141198
171045,0.231059
171056,1.251908
171084,1.437347
171109,1.744685
171175,0.909064
171224,0.04609
171242,5.470744
171287,0.005605
171346,0.047199
171354,0.228899
171374,0.333574
171409,0.000931
171426,0.001579
171428,0.134432
171445,1.502329
171477,0.199575
171529,0.647369
171548,0.201524
171576,1.726897
171629,0.099049
171632,1.19728
171654,0.339999
171681,0.231581
171710,0.141675
171715,0.241362
171738,0.190208
171778,0.433052
171793,0.024012
171798,0.570836
171856,0.041578
171866,0.141175
171872,0.112446
171881,0.219858
171891,0.033838
171909,0.045425
171942,0.049771
171956,0.215984
171964,0.419254
171975,0.074575
172000,0.289037
172061,0.248574
172070,0.278734
172134,0.309806
172148,0.423861
172178,0.002067
172189,1.604616
172206,0.101266
172239,1.483097
172259,0.810204
172300,0.098313
172328,0.572576
172342,0.628243
172381,0.037497
172402,0.041894
172412,0.126805
172418,1.977637
172443,0.200475
172465,0.176117
172479,1.875288
172526,1.668284
172556,0.2073
172568,0.189348
172606,0.081157
172607,0.187788
172619,0.401017
172662,0.103217
172692,0.478304
172728,0.006491
172747,0.259566
172768,0.163678
172807,0.198731
172829,0.056148
172850,0.100311
172888,0.032486
172929,0.156983
172954,0.07352
172993,0.059627
173008,0.035661
173025,0.069065
173070,0.810056
173081,0.192845
173140,0.020886
173151,0.16822
173170,1.81628
173180,0.87461
173203,0.027019
173216,0.483482
173221,0.133532
173252,0.152088
173276,0.116006
173287,0.100467
173299,0.169877
173330,0.007654
173341,0.4816
173419,0.047777
173426,0.22384
173453,0.032614
173488,0.052245
173511,0.035584
173521,0.03645
173550,0.070601
173553,0.151856
173574,0.009756
173575,0.488278
173584,0.002371
173612,0.108282
173661,0.415824
173713,0.031402
173714,0.022743
173738,0.787183
173746,0.569595
173796,0.029183
173798,0.219915
173811,0.252909
173896,0.050552
173911,0.004704
173922,1.989606
173978,0.003981
174028,0.124479
174029,0.821004
174031,0.491334
174063,1.187721
174088,1.425894
174146,0.027097
174168,0.191626
174170,0.486596
174202,0.220203
174216,0.202717
174238,0.023434
174246,0.018334
174266,0.001567
174273,0.058375
174297,0.050409
174308,0.031213
174338,0.015767
174364,0.087376
174372,0.008936
174374,0.351844
174412,0.050029
174467,0.088518
174487,0.009583
174495,0.460291
174501,2.274805
174542,2.195781
174612,0.331093
174624,0.643633
174642,0.285462
174650,1.628596
174700,0.619529
174703,0.499856
174730,1.034991
174754,0.112807
174781,0.165792
174797,0.150688
174834,0.018345
174854,0.111274
174859,1.215758
174915,0.453391
174931,0.150212
174952,0.675826
174971,0.194793
175008,0.198362
175078,0.00685
175087,0.02688
175093,0.324433
175116,0.132942
175160,0.043727
175168,0.066174
175202,0.059997
175212,0.044284
175224,0.524551
175249,0.125504
175296,0.892952
175323,0.253437
175353,0.407856
175388,0.003935
175408,0.346526
175445,0.688719
175456,0.410863
175468,2.681055
175518,0.081111
175538,0.01188
175548,0.199986
175578,0.019849
175598,0.262096
175618,0.151258
175628,0.012909
175636,0.017879
175648,0.09278
175658,0.425992
175678,0.127313
175688,0.15009
175698,0.089828
175708,0.223869
175718,0.122486
175728,0.023674
175738,0.371692
175768,0.21194
175778,0.134188
175788,0.061218
175798,0.46617
175818,0.039201
175828,0.670848
175853,0.546871
175884,0.252454
175889,0.012436
175897,0.364552
175923,0.961871
175950,0.448877
175969,0.255456
176002,1.324402
176012,0.070331
176055,0.163746
176084,0.253285
176104,0.048818
176170,0.05519
176176,0.082323
176177,0.101541
176217,0.021843
176235,0.156461
176272,0.007462
176276,0.256864
176308,0.214299
176332,0.008477
176358,0.003185
176382,0.078398
176392,0.066341
176396,0.006427
176424,0.703509
176462,0.110758
176478,0.093427
176563,0.109604
176569,0.122034
176577,1.869507
176608,1.003548
176626,0.145123
176643,0.176087
176724,0.47949
176772,0.375281
176813,1.180901
176844,0.001729
176910,0.324377
176950,0.011606
176952,0.389927
176957,0.785137
176980,0.113963
177010,0.160432
177042,0.412616
177054,0.191121
177098,0.042842
177105,0.13398
177114,0.25196
177144,0.000631
177161,0.007276
177169,0.121821
177198,0.150842
177205,0.638999
177234,0.01949
177236,0.020095
177264,0.007052
177293,0.222019
177298,0.016188
177299,0.909624
177347,0.214698
177363,0.358148
177423,0.035296
177473,0.01406
177475,1.832023
177498,0.119439
177529,0.027133
177539,0.27651
177555,0.098222
177588,0.005994
177603,1.898641
177620,0.476036
177655,0.119832
177677,1.316738
177693,0.347306
177710,0.063108
177712,0.088585
177723,0.014041
177739,0.124052
177755,1.041464
177770,0.857324
177807,1.436604
177843,0.121253
177874,0.099509
177932,0.010191
177949,0.018452
177967,0.008975
177971,0.559797
177993,0.107569
178002,0.641614
178040,0.133844
178044,0.006923
178067,0.351064
178096,0.082491
178104,0.079085
178105,0.271245
178107,1.122482
178164,0.038787
178166,0.040408
178177,2.447413
178225,0.602964
178274,0.399573
178278,2.73075
178334,0.191791
178341,0.043718
178354,0.165669
178370,0.043948
178397,1.434531
178423,0.232482
178450,0.838235
178478,0.10951
178487,0.043667
178501,1.754531
178526,0.146803
178567,0.040746
178623,0.060882
178630,0.055979
178641,0.377903
178645,0.202119
178660,0.453927
178745,0.161395
178767,0.00756
178777,0.040344
178782,0.177653
178787,1.155389
178802,1.226197
178842,0.045724
178879,0.309234
178884,0.007756
178898,1.129189
178910,0.857373
178935,0.654357
178955,0.197218
179031,0.272063
179093,0.451332
179102,0.052851
179128,0.135076
179170,0.616756
179236,0.294018
179265,0.115201
179309,0.860521
179344,0.131001
179371,0.061064
179415,9.9e-05
179434,0.368251
179441,0.590166
179483,0.634966
179536,0.334345
179569,0.012924
179640,0.029309
179665,0.413198
179717,0.029073
179721,0.066463
179732,0.05315
179753,0.085909
179769,0.071427
179778,4.205258
179782,0.176778
179851,0.077766
179866,0.399231
179881,0.005777
179898,0.064446
179917,0.030615
179931,0.070388
179945,0.235802
180014,0.214175
180054,0.116229
180084,0.034516
180090,0.04879
180091,0.080838
180122,0.22423
180163,0.922491
180200,0.310686
180222,0.253038
180237,0.029783
180274,0.024373
180283,0.643045
180341,0.080218
180357,0.010752
180370,0.083307
180372,0.08785
180391,0.268313
180420,1.246096
180448,0.042924
180449,0.018458
180490,0.163014
180552,0.047343
180588,0.092059
180605,0.961547
180654,0.356073
180660,0.062738
180683,0.123106
180709,0.042792
180749,0.135036
180754,0.010578
180767,0.030844
180801,0.507542
180825,0.196582
180856,0.026951
180896,0.008836
180948,0.037492
180974,0.930867
181029,0.006318
181032,0.282657
181062,0.147793
181096,0.048139
181141,0.103763
181152,0.210781
181195,0.0129
181213,0.009751
181217,0.241474
181277,0.486826
181294,0.029284
181315,0.051435
181322,1.002384
181335,0.04704
181344,0.229318
181380,0.021128
181385,0.106945
181417,0.056779
181425,0.010278
181435,0.04108
181460,0.018577
181467,0.127103
181501,0.0274
181546,0.04698
181553,0.293817
181570,0.083118
181607,0.70361
181638,0.193601
181649,0.511234
181695,0.453292
181717,0.206174
181751,0.252625
181765,0.269089
181774,0.466922
181805,0.173354
181831,0.21069
181845,0.135042
181868,0.277121
181892,0.08647
181931,0.225423
181942,0.755572
181971,1.022341
182078,0.186954
182089,0.511961
182100,1.17186
182130,0.468421
182139,0.384913
182159,0.108325
182171,0.095657
182172,0.037395
182224,0.002874
182231,0.273562
182235,0.35421
182272,0.093499
182302,0.738771
182329,0.577496
182341,1.061431
182376,0.590568
182412,1.565421
182456,0.306915
182458,0.070905
182466,0.39372
182471,3.680917
182488,0.575813
182544,0.04802
182554,0.112079
182561,0.112134
182584,0.008334
182585,0.089384
182594,1.971205
182604,0.964822
182634,0.453272
182659,0.977086
182684,1.192677
182721,0.50794
182756,0.016463
182772,0.000395
182823,0.050263
182832,0.259153
182877,0.058609
182880,0.307098
182955,0.033511
182958,0.205968
182986,0.267014
183030,0.038072
183041,0.219276
183077,1.329769
183105,0.83688
183144,0.020005
183146,1.117855
183184,0.140578
183207,1.939916
183251,0.697756
183286,3.271266
183324,0.078345
183347,0.255698
183369,1.941116
183406,0.30228
183468,0.070157
183473,0.040095
183487,0.04568
183523,0.059399
183540,0.45327
183562,0.082369
183575,0.035388
183589,0.103251
183600,0.568372
183677,0.029064
183680,0.089208
183686,0.149372
183727,0.048728
183740,0.017047
183742,0.057393
183755,0.216156
183793,0.009705
183812,0.821116
183846,0.126835
183866,0.114658
183878,0.1143
183888,0.112211
183908,0.0094
183924,0.308074
183958,0.005541
183965,0.314451
183968,0.313572
184006,0.116124
184020,0.11103
184066,0.552767
184087,1.047532
184112,0.190635
184122,1.821429
184144,0.262564
184150,0.533677
184159,0.444701
184181,0.147503
184202,0.104828
184230,0.350824
184254,0.386936
184285,0.585895
184322,0.014883
184327,0.204586
184357,1.118445
184380,0.28794
184410,1.943278
184444,1.164513
184480,1.216248
184531,0.642189
184558,0.141015
184570,0.205247
184583,0.799298
184628,0.347346
184691,0.065786
184726,0.304176
184766,1.053403
184791,3.792445
184846,0.079504
184856,0.089992
184877,0.269082
184886,0.078093
184917,0.187726
184929,0.536566
185000,0.002481
185005,0.033432
185007,0.488016
185023,0.394204
185078,0.014556
185107,0.156436
185114,0.261725
185123,0.192465
185152,0.470771
185157,0.81238
185205,0.066424
185231,1.076019
185270,0.076241
185281,0.305701
185322,0.91274
185346,0.206128
185383,0.205632
185392,0.098659
185447,0.234445
185449,0.782256
185505,0.253155
185518,0.451899
185538,0.178972
185567,0.27194
185598,0.011407
185599,0.736817
185614,0.030848
185631,0.211763
185647,0.129225
185649,0.659464
185694,6.830267
185743,0.433921
185757,0.635181
185763,0.041234
185770,0.87257
185824,0.077528
185828,0.038457
185837,0.083975
185876,0.085664
185914,0.013866
185938,0.016926
185957,0.080875
185959,0.00862
185967,0.192975
185985,0.161871
186013,1.169583
186059,0.169958
186094,0.021475
186126,0.804284
186167,0.002203
186201,0.411907
186243,0.03028
186276,0.050902
186311,0.509307
186329,1.564573
186369,0.036024
186385,0.444591
186413,0.236698
186455,0.296709
186513,0.110831
186535,1.350826
186591,0.051556
186609,0.318617
186612,0.047287
186656,0.469227
186699,0.003736
186717,0.016322
186746,0.001069
186772,0.329074
186790,0.223929
186829,0.546407
186886,0.904643
186902,2.902563
186950,1.857062
186973,0.6515
187002,0.252473
187046,0.348747
187073,0.010119
187092,0.089097
187121,0.032175
187154,0.048679
187189,0.073141
187196,0.728052
187236,0.021691
187238,0.115676
187246,0.684977
187254,2.637519
187285,0.264845
187287,0.411511
187336,0.296269
187368,0.060405
187372,0.045634
187381,0.34299
187432,0.12982
187452,0.112311
187455,0.347877
187507,0.131721
187519,0.001099
187520,1.053368
187559,0.46386
187564,0.161728
187586,0.625505
187617,0.200745
187638,0.139895
187666,0.3832
187701,0.184042
187731,1.003032
187774,0.075254
187790,0.418761
187807,1.385038
187827,0.154507
187851,0.238974
187899,0.118354
187927,0.166991
187931,1.646838
187950,0.51645
187984,0.07158
187987,0.649111
188051,0.01457
188064,0.073787
188093,0.008944
188095,0.277055
188107,0.012887
188140,0.017809
188155,0.010585
188156,0.358666
188171,6.971331
188224,0.023215
188270,0.110446
188298,0.018573
188305,0.041462
188319,0.02966
188360,0.056924
188362,0.096385
188408,0.191444
188445,0.028105
188450,0.205318
188453,0.100342
188481,1.176525
188531,0.159561
188536,0.257357
188537,1.103135
188600,0.38492
188603,0.931509
188641,0.008445
188656,0.057507
188659,4.146101
188704,0.670081
188714,0.175216
188725,0.796403
188772,1.113216
188796,0.927121
188830,0.32206
188849,0.121413
188870,0.112533
188894,1.322222
188926,0.919558
188961,0.055426
189034,0.058184
189072,1.080793
189106,1.051962
189115,0.565126
189129,0.129201
189141,0.013538
189146,0.284196
189191,0.036984
189199,0.092973
189233,0.848437
189265,0.261718
189287,0.034129
189343,0.145414
189351,0.813414
189361,0.660217
189399,0.982116
189438,0.053356
189445,0.834587
189481,1.335856
189500,0.8456
189507,1.658007
189564,0.452837
189595,0.065358
189605,0.325097
189618,0.772416
189692,0.113515
189694,0.038907
189711,1.512243
189750,1.008663
189759,2.776922
189789,0.704841
189811,0.03406
189887,0.143205
189912,0.096463
189936,0.079809
189972,0.188286
189974,0.015089
189986,0.553274
189987,0.675674
190020,0.003363
190048,0.30507
190062,1.309929
190080,0.477728
190120,0.295521
190142,0.198654
190192,0.339136
190231,0.008259
190240,0.034656
190273,0.081202
190284,0.008181
190324,0.000875
190351,0.110313
190374,0.008119
190422,0.050152
190446,1.238749
190504,0.013737
190532,0.473782
190577,0.046368
190639,0.408626
190647,0.143133
190675,0.059127
190721,0.650705
190744,0.382291
190751,0.794881
190776,0.433914
190791,0.018773
190819,0.003239
190827,0.399023
190864,0.03553
190874,1.237058
190890,2.148332
190894,0.334593
190923,2.919167
190976,0.14889
191020,0.324553
191033,0.047902
191059,0.037912
191070,0.893949
191099,0.729142
191138,0.010957
191140,0.634998
191174,0.070751
191198,0.174198
191208,0.101101
191222,0.023562
191250,0.096695
191267,0.070074
191269,0.352298
191285,0.052715
191311,1.197542
191356,0.438883
191363,0.495326
191400,0.139928
191413,0.112355
191415,0.157635
191435,0.149435
191450,3.076611
191513,1.484054
191540,0.00638
191567,0.296169
191587,0.350948
191661,0.625792
191679,0.041215
191681,0.217047
191683,2.962862
191718,0.127923
191751,0.248081
191772,0.111432
191778,0.873182
191808,0.005176
191833,0.068552
191838,0.717085
191876,0.823437
191905,0.056142
191917,0.168601
192003,0.204919
192009,0.905256
192028,0.012542
192030,0.499916
192088,0.070563
192089,0.487581
192107,0.079169
192130,0.003953
192145,0.048007
192179,1.080965
192229,0.076549
192234,0.509093
192261,0.249578
192277,0.203319
192286,3.146623
192322,0.149242
192344,0.164391
192360,0.39356
192382,0.61269
192406,0.01502
192407,0.057042
192424,0.00032
192434,0.995224
192445,0.794305
192481,0.026647
192483,0.044611
192488,0.677787
192530,0.371952
192546,0.156267
192567,0.112189
192576,0.268699
192596,0.141453
192618,0.310678
192628,0.425845
192681,0.005937
192722,0.008783
192733,0.532375
192750,0.064248
192781,0.185582
192799,0.039225
192860,0.004682
192865,0.544668
192913,0.586866
192958,0.745605
192968,0.010234
192977,0.414359
193039,0.534024
193058,0.046577
193113,0.005306
193114,0.343281
193141,0.018371
193205,0.48585
193218,0.326913
193250,0.088819
193276,0.046851
193278,0.016843
193286,0.922004
193319,0.362557
193338,0.096116
193372,2.728268
193423,0.645177
193434,0.051308
193442,0.785436
193472,0.125767
193512,0.334135
193555,0.81432
193575,0.132445
193606,0.073206
193607,0.020037
193644,0.697122
193681,0.028041
193697,0.059267
193711,2.099455
193732,0.469871
193803,0.018805
193823,0.04991
193833,0.214786
193840,2.035307
193879,0.493612
193893,0.033562
193897,0.029404
193959,0.015792
193980,0.034045
194001,0.039686
194049,0.015664
194054,0.630096
194073,0.058495
194097,0.562395
194103,0.206684
194133,0.556123
194160,0.143213
194173,6.37906
194191,0.128775
194266,0.000452
194315,0.042202
194324,0.688503
194349,0.192065
194396,0.028664
194415,0.290549
194449,1.042664
194488,0.563301
194517,0.011301
194536,0.206755
194540,0.353723
194543,0.392285
194559,0.061148
194597,0.795633
194609,0.596889
194628,0.032092
194654,0.028574
194717,0.153425
194745,0.220274
194771,5.935805
194833,0.208751
194854,0.548518
194855,6.868716
194858,5.868746
194859,10.134501
194878,0.633363
194979,0.273002
195014,0.473462
195037,0.001174
195057,0.017081
195082,0.276036
195149,0.006771
195156,0.031259
195166,0.059294
195174,0.068149
195192,0.343027
195222,0.635548
195277,0.071459
195281,0.043881
195310,0.310767
195329,0.681886
195346,0.362135
195368,0.379627
195369,1.068593
195425,0.000337
195433,0.164916
195435,1.109868
195490,0.475193
195493,0.081705
195507,0.552219
195528,0.00145
195531,0.197771
195533,0.190505
195585,0.391661
195626,0.06658
195628,1.370769
195669,0.326574
195671,0.422105
195686,0.467806
195717,0.848186
195749,0.302099
195767,0.419934
195862,0.000845
195895,0.028996
195898,2.358835
195925,0.267497
195957,0.078423
195969,0.111249
195981,0.068823
196011,0.192639
196053,0.019114
196090,0.894726
196091,0.189106
196198,0.043128
196200,0.043276
196214,0.112311
196219,0.398876
196273,0.106224
196286,0.139544
196302,0.869836
196357,0.003583
196414,0.015884
196447,0.546454
196486,0.000448
196498,0.820155
196534,0.193206
196535,0.132742
196591,0.129478
196594,0.776711
196611,0.647751
196624,0.070359
196663,0.369567
196668,1.183753
196706,0.23915
196736,0.080709
196765,0.601598
196766,0.003199
196805,0.044607
196807,0.153136
196852,0.003573
196870,0.066074
196872,0.026622
196889,0.083622
196934,0.45
196955,0.715141
197006,0.084517
197041,0.002152
197095,0.015298
197108,0.134012
197113,0.153149
197153,0.304285
197198,0.006971
197282,0.141783
197291,0.291632
197361,0.045647
197384,0.113871
197417,0.103955
197420,1.086819
197475,0.015228
197509,0.139588
197539,0.035001
197557,0.163396
197586,0.059262
197594,0.265559
197609,1.479492
197689,0.010532
197703,0.035608
197735,0.093014
197754,0.033499
197768,0.382434
197773,0.849571
197849,0.26809
197891,0.163211
197922,0.117557
197942,0.060999
197963,0.205843
197981,0.171859
198019,0.087955
198074,0.552952
198097,0.011613
198135,0.354105
198182,0.011543
198192,0.067454
198198,0.023079
198259,0.016832
198300,0.118268
198357,0.003408
198368,0.664939
198374,0.075106
198426,0.249838
198469,0.034375
198530,0.19789
198537,0.182968
198579,0.058698
198602,0.59238
198604,0.044286
198667,0.021096
198679,0.125563
198737,0.427739
198746,0.710873
198797,0.088065
198799,0.770752
198854,0.111198
198889,0.002684
198900,0.056352
198902,0.013902
198965,0.625154
199017,0.402437
199059,0.152578
199091,0.015734
199099,0.009807
199135,0.017588
199201,0.082461
199222,0.209275
199231,0.114097
199275,0.020887
199296,0.011062
199327,0.050326
199350,0.035595
199405,0.103937
199481,0.004589
199488,0.067856
199494,0.124725
199530,0.06687
199554,0.118952
199593,0.21661
199666,0.107936
199714,0.02308
199765,0.052318
199830,0.130918
199869,0.051503
199916,0.103236
199933,0.144349
199973,0.154672
199977,0.112899
200022,0.005301
200040,0.5234
200065,0.068044
200083,0.341109
200154,0.173995
200159,0.768469
200230,0.125219
200303,0.164998
200329,0.121578
200349,0.490287
200374,0.045685
200436,0.014901
200447,0.077669
200489,0.474354
200521,0.103475
200554,0.023301
200564,0.164974
200629,0.062317
200664,0.011215
200672,0.403735
200735,0.070695
200756,0.021373
200760,0.155653
200774,0.071931
200863,0.014878
200870,0.33182
200943,0.20631
200984,0.010131
200994,0.028281
201030,0.030316
201052,0.057781
201192,0.377032
201218,0.148394
201253,0.390379
201279,0.819403
201314,0.355802
201320,1.057638
201377,1.111099
201417,0.361049
201429,0.462916
201483,0.05722
201484,0.117211
201558,0.006049
201580,0.004053
201654,0.026038
201661,0.038053
201663,0.632868
201687,0.797017
201688,1.324178
201746,0.256801
201750,0.368478
201806,0.005874
201808,0.175668
201893,0.010102
201908,0.013843
201924,0.046784
201956,0.05815
201959,1.416273
201998,0.163429
202018,0.014299
202024,0.360623
202039,0.054466
202041,0.256393
202053,0.157898
202093,1.743698
202130,0.747869
202156,0.60633
202159,1.1834
202214,0.027269
202333,0.025498
202352,0.535415
202367,0.937022
202387,0.929709
202433,0.036519
202441,0.08355
202452,0.646638
202500,0.043929
202531,0.144972
202549,0.31279
202569,0.335481
202614,1.29757
202664,0.504738
202712,0.045546
202724,0.221842
202738,1.330548
202760,0.166869
202786,0.003338
202814,0.056868
202829,0.94934
202908,0.174219
202927,0.0179
202957,0.087782
203064,0.022967
203118,0.020306
203156,0.054105
203170,0.109026
203236,0.179237
203264,0.049066
203282,0.122353
203334,0.105118
203339,0.107824
203371,0.02085
203411,0.028559
203434,0.003306
203470,0.347837
203529,0.350941
203530,0.682424
203533,0.272332
203599,0.036659
203618,0.056077
203639,0.344846
203650,0.405355
203729,0.065702
203738,0.079485
203755,0.030552
203765,0.11284
203768,0.134583
203779,0.886682
203802,0.477835
203845,0.009464
203862,0.155252
203921,0.021473
203931,0.532434
203955,0.029453
204004,0.136807
204062,0.057303
204105,0.021731
204113,0.489914
204139,0.096438
204163,0.086988
204174,0.816291
204208,0.221295
204219,0.1768
204227,0.016615
204261,0.178183
204301,0.136415
204343,0.082334
204352,0.015847
204365,0.027976
204411,0.152794
204467,0.003955
204471,1.335984
204529,1.541335
204587,0.019412
204614,0.130091
204631,1.134161
204673,0.017531
204707,0.137225
204709,1.788107
204755,0.084847
204782,0.003895
204856,0.00501
204864,0.408346
204866,0.024718
204892,0.344156
204940,0.092979
204972,0.841012
204974,0.128287
204986,0.227654
205010,0.637285
205037,0.169961
205065,0.010168
205152,0.416052
205173,0.012684
205195,0.521739
205209,0.062888
205221,0.025738
205254,0.102274
205299,0.27741
205354,0.134127
205373,0.05047
205389,0.276433
205448,0.038929
205454,0.041165
205459,0.812764
205506,0.003544
205514,1.012284
205525,0.282876
205559,0.015325
205570,0.094046
205575,0.137057
205620,0.227916
205644,0.05678
205717,0.203562
205756,0.001142
205765,0.206894
205785,0.110078
205885,0.029073
205927,0.126815
205979,0.027882
206010,0.139742
206034,0.606329
206082,0.628513
206115,0.018703
206149,2.44186
206163,0.359446
206164,5.754952
206168,7.109566
206169,7.846667
206241,0.791943
206242,0.280819
206285,0.116249
206312,0.101453
206346,0.010763
206348,0.158641
206360,0.226666
206401,0.088221
206427,0.158776
206445,0.996513
206554,0.075762
206565,0.180326
206600,0.006431
206614,0.044981
206665,0.009152
206666,1.89662
206715,0.046727
206725,0.044014
206750,0.271805
206760,0.177674
206769,0.354058
206839,0.021096
206873,0.003371
206877,1.551163
206921,0.004165
206964,0.096683
206982,0.11681
206984,0.026228
206989,0.102399
207032,0.207835
207036,0.130669
207088,0.02928
207095,0.093734
207147,0.113706
207178,0.067007
207204,0.247718
207234,0.579464
207238,0.01443
207239,0.062145
207248,0.038013
207304,0.347341
207319,0.087085
207321,0.00874
207340,0.547786
207459,0.174869
207513,0.017325
207525,0.065001
207571,0.008728
207577,0.010515
207615,0.011429
207646,0.301338
207664,0.102619
207672,0.113769
207820,0.665321
207840,0.35137
207847,0.752781
207905,0.002054
207914,0.005602
207934,0.102242
207953,0.003359
208025,0.013729
208083,0.301119
208103,0.283566
208127,0.019226
208142,0.351409
208165,1.063958
208184,0.04438
208190,0.474827
208316,0.134479
208334,0.009967
208346,0.021943
208361,0.208499
208387,0.445185
208409,0.281724
208453,0.00862
208471,0.042885
208484,0.494594
208543,0.032758
208553,0.191135
208566,0.749051
208623,0.041453
208644,0.081329
208703,0.477467
208725,0.528558
208789,0.035315
208805,0.105455
208828,0.051354
208836,0.810966
208861,0.084776
208892,0.009375
208954,0.278647
209002,0.419627
209102,0.605245
209113,0.028685
209122,0.199228
209161,0.199926
209191,0.011524
209238,0.146954
209240,0.248291
209254,0.087457
209281,0.0848
209299,0.855022
209337,0.05356
209371,0.010405
209376,0.03108
209402,1.96755
209451,0.095144
209466,0.009437
209507,0.022852
209528,0.01833
209619,0.231806
209620,0.261633
209695,0.058149
209711,0.367374
209772,0.525308
209777,0.520919
209815,0.071265
209831,0.029797
209856,0.169284
209887,0.159597
209892,0.252135
209935,0.180722
209956,0.173886
210022,0.095554
210036,0.848238
210124,0.002767
210128,0.050903
210139,0.227267
210168,0.001547
210185,0.005998
210231,0.596795
210244,0.18403
210247,0.944788
210260,0.222033
210299,0.023417
210356,0.689889
210395,0.005256
210397,0.373877
210429,0.010516
210430,0.271101
210470,0.057639
210530,0.130464
210551,0.007821
210564,0.017548
210586,0.017014
210640,0.163866
210659,0.022507
210688,0.333489
210692,0.09621
210719,0.180335
210733,0.006251
210751,0.752309
210791,0.016997
210808,0.446508
210851,0.773495
210896,0.026232
210903,0.224897
210956,0.189945
210987,0.077879
211012,0.057241
211024,0.104578
211060,0.046309
211086,0.013801
211090,1.101537
211141,0.027333
211170,0.100748
211175,0.240407
211229,0.183256
211237,0.225717
211271,0.018506
211277,0.152878
211308,0.159239
211321,0.081729
211415,0.029977
211459,0.024463
211468,0.013863
211494,0.04658
211556,0.058671
211610,0.199459
211622,0.198338
211699,0.482333
211771,0.02882
211783,0.113418
211789,0.05367
211818,0.025042
211821,0.002529
211846,0.256629
211863,0.133498
211867,0.292951
211956,0.260505
211971,0.644351
212021,0.001042
212050,0.196538
212158,1.991122
212171,0.10305
212207,0.578383
212266,0.479433
212294,0.001641
212323,0.640634
212367,0.422988
212427,0.037424
212441,0.136856
212491,0.181914
212571,0.029157
212582,0.03941
212598,0.080636
212618,1.106736
212655,0.54884
212715,0.529854
212755,0.003614
212765,0.04125
212769,0.408575
212807,0.07541
212820,0.222613
212865,0.133426
212878,0.371084
212925,0.028205
212951,0.015124
213031,0.025946
213055,0.184039
213061,0.103902
213085,0.021881
213140,0.086582
213143,0.117417
213186,0.117628
213195,0.264517
213234,0.36238
213241,0.038324
213304,0.676421
213366,0.104939
213393,0.031304
213417,0.003553
213426,0.010913
213437,0.141808
213487,0.242391
213492,0.08545
213514,0.02732
213566,0.031412
213569,0.163841
213599,0.161015
213632,0.033521
213640,0.080577
213662,0.902626
213741,0.15687
213746,0.381987
213759,0.453402
213792,0.150268
213819,0.071014
213918,0.07643
213921,0.392637
213959,0.479247
213984,0.397346
213997,0.057144
214010,0.54793
214049,0.152862
214053,0.179691
214083,0.86613
214119,0.00357
214128,0.185894
214178,0.031077
214205,0.150981
214232,1.592814
214239,1.68687
214274,0.283078
214304,0.801461
214355,0.566785
214387,0.037364
214429,0.333457
214440,0.628083
214479,0.017116
214491,0.137011
214494,0.027412
214502,0.059825
214505,0.374686
214523,0.003229
214550,0.028695
214568,0.005669
214577,0.112229
214590,0.700595
214652,0.029722
214670,0.058313
214764,0.027615
214823,0.001037
214840,0.008693
214871,0.763737
214945,0.024848
214968,0.039643
215062,0.156214
215098,0.008145
215138,0.059358
215145,0.491171
215212,0.027559
215255,0.053211
215278,0.013173
215313,0.016713
215343,0.011498
215365,0.562118
215373,0.07775
215437,0.058747
215484,0.038369
215524,0.075192
215536,0.121227
215574,0.030447
215591,0.00086
215638,0.031251
215671,0.059719
215764,0.109317
215768,0.078431
215773,1.696599
215778,0.701847
215836,1.665062
215898,0.014216
215916,0.012638
215961,0.313371
216006,0.156909
216081,0.025788
216094,0.012293
216100,0.048624
216136,0.046358
216146,0.735779
216184,0.014689
216204,0.082649
216293,0.046985
216314,0.047839
216355,0.07545
216391,0.0402
216407,0.195764
216474,0.072061
216528,0.085708
216592,0.038251
216624,0.024675
216631,0.038882
216643,0.050517
216716,0.239529
216771,0.038976
216774,0.129725
216905,0.028829
216918,0.028886
216968,0.010864
216975,0.035456
217001,0.030565
217186,0.03774
217233,0.341363
217324,0.00088
217339,0.177523
217340,0.240929
217395,0.00839
217425,0.011772
217466,0.048888
217485,0.008098
217498,0.018963
217519,0.021966
217528,0.145119
217570,0.045699
217583,0.03115
217595,0.599115
217625,0.079887
217706,0.086225
217739,0.103284
217789,0.001278
217844,0.017869
217886,0.018653
217916,0.000741
217939,0.042396
217957,0.392484
218003,0.006684
218037,0.658685
218075,0.007789
218076,0.574574
218152,0.008994
218190,0.057112
218250,0.076728
218283,0.477554
218296,0.130777
218344,0.142133
218391,0.006848
218397,0.003286
218445,0.004803
218489,0.099089
218525,0.041106
218554,0.032293
218568,0.013762
218595,0.163893
218658,0.048685
218664,0.019126
218681,0.019802
218696,0.014226
218712,0.01259
218725,0.500557
218767,0.284205
218814,0.255357
218884,0.315171
218894,0.323539
218965,0.010755
218974,0.062745
218997,0.165661
219050,0.063673
219054,0.022924
219081,0.009682
219114,0.039589
219231,0.082854
219275,0.358352
219337,0.081538
219340,0.1119
219371,1.314752
219384,1.689649
219435,0.038316
219446,0.075545
219453,1.6137
219508,0.003894
219510,0.065827
219525,0.086673
219531,0.015726
219562,0.006472
219597,0.021279
219600,0.059038
219604,0.046154
219621,0.046468
219714,0.332318
219758,0.07258
219798,0.025986
219826,0.024161
219854,0.135059
219959,0.037061
219969,0.308446
220050,0.029895
220085,0.040384
220091,0.269532
220150,0.03605
220165,0.028653
220197,0.036653
220213,0.068952
220217,0.045401
220258,0.061802
220308,0.065751
220328,0.471895
220366,0.016577
220386,0.004464
220435,0.444697
220490,0.132941
220524,0.816031
220617,0.14311
220622,0.073163
220709,0.011929
220784,0.013957
220841,0.069864
220884,0.016233
220887,0.317477
220947,0.006639
220955,0.744185
221041,0.00786
221062,0.008981
221087,0.044672
221113,0.015272
221140,0.050101
221156,0.231639
221175,0.046642
221319,0.006412
221438,0.200305
221449,0.153014
221494,0.293337
221577,0.080866
221601,0.015414
221615,0.052047
221634,0.089387
221665,0.024342
221698,0.114025
221742,0.048759
221755,0.008203
221777,0.073656
221852,0.083542
221858,0.116596
221901,0.032023
221941,0.159668
221984,0.049964
222061,0.046721
222098,0.010156
222101,0.013977
222110,0.524526
222237,0.008909
222274,0.341687
222355,0.067534
222430,0.00035
222459,0.587126
222508,0.072534
222621,0.151126
222627,0.026794
222654,0.169822
222698,0.010055
222702,0.035986
222751,0.010974
222769,0.01893
222819,0.119413
222936,0.039234
222951,0.318486
222967,1.166872
223058,0.048775
223099,0.009309
223165,1.981208
223190,0.182157
223270,0.03866
223346,0.038738
223351,0.599577
223530,0.536524
223571,0.014987
223572,0.51593
223594,0.578057
223642,0.022315
223659,0.031637
223681,0.101381
223698,0.09279
223761,0.05682
223879,0.021445
223888,0.074346
223927,0.060587
223952,0.046939
223965,0.305138
223993,0.001731
224047,0.049726
224088,0.060873
224095,0.204558
224120,0.053765
224131,0.047528
224169,0.202389
224201,0.251683
224349,0.110599
224377,0.243872
224438,0.016289
224497,0.013002
224519,0.680638
224605,0.030984
224702,0.614613
224707,2.29207
224747,0.127987
224771,3.320598
224805,0.02182
224947,0.034374
224957,0.124838
224971,0.201213
225001,0.021773
225002,0.13743
225005,0.494489
225073,0.020939
225077,0.241024
225165,0.995945
225220,0.067118
225263,0.020908
225286,0.031026
225316,0.024401
225327,0.153681
225354,0.119752
225369,0.543589
225375,0.78912
225468,0.1271
225525,0.068071
225556,0.017037
225671,0.002703
225702,0.042373
225724,0.048611
225731,0.02624
225768,0.524102
225819,0.889666
225867,0.017166
225870,0.207456
225961,0.517484
226011,0.032036
226067,0.004523
226091,0.004894
226167,0.012412
226185,0.03538
226314,0.013059
226328,0.019567
226361,0.023487
226441,0.029768
226453,0.000392
226489,0.069161
226506,0.016514
226531,0.001203
226556,0.006321
226566,0.583022
226568,0.227436
226617,0.052246
226629,0.013772
226647,0.02879
226663,0.025154
226742,0.057899
226803,0.019046
226826,0.057998
226875,0.094071
226976,0.006349
227040,0.096656
227098,1.803365
227167,0.007009
227207,0.422754
227218,0.525261
227242,0.280175
227262,0.083287
227294,0.001878
227320,0.296873
227333,0.062921
227356,0.350256
227413,0.016176
227422,0.076497
227439,0.001553
227507,0.371296
227563,0.00541
227573,0.107741
227633,0.007358
227647,0.032725
227668,0.002577
227685,0.019757
227697,0.106614
227770,0.24946
227775,0.031273
227836,0.034358
227848,0.748675
227909,0.003348
227962,0.063552
227988,0.103144
227990,0.012371
228007,0.00452
228091,0.149733
228199,0.092922
228233,0.052384
228265,0.002107
228290,0.058157
228356,0.050138
228361,0.620248
228435,0.041184
228445,0.01158
228461,0.002149
228528,0.90724
228661,0.018435
228664,0.016132
228688,0.233657
228740,0.016698
228767,0.03373
228838,0.104735
228855,0.035331
228861,0.542252
228923,0.009128
228956,1.263862
228995,1.392455
229010,0.912038
229093,0.521579
229158,1.105307
229177,0.055313
229233,0.01094
229254,0.452961
229288,0.021401
229323,0.001372
229355,0.178726
229446,0.041827
229558,0.020305
229570,0.408381
229625,0.130966
229627,0.053536
229645,0.027701
229695,0.066088
229738,0.123542
229808,0.024231
229816,0.133246
229894,0.003174
229933,0.005977
229939,0.030333
229949,0.481173
229966,1.32256
230042,0.410941
230058,0.542138
230101,0.045807
230156,0.497573
230166,0.015963
230293,0.028703
230336,0.038035
230401,0.031555
230513,0.007032
230528,0.42289
230615,0.017576
230621,0.287117
230718,0.203054
230746,0.005322
230757,0.28558
230771,0.101536
230776,0.572144
230798,0.057129
230867,0.011283
230894,0.004709
230919,0.06803
230963,0.053392
230978,0.014879
230983,0.325953
231095,0.180736
231105,0.084764
231139,1.227155
231197,0.000125
231203,0.002343
231226,0.088802
231248,0.005136
231255,0.007619
231308,0.196276
231341,0.723409
231368,0.327499
231407,0.569102
231431,0.042034
231479,0.040403
231517,0.044106
231589,0.044093
231591,0.08779
231663,0.767173
231729,0.02774
231793,0.001129
231802,0.007388
231806,0.024191
231880,0.487745
231950,0.007913
231956,0.040213
231970,0.03331
231976,0.018276
232008,0.032234
232026,0.233641
232086,0.009561
232100,0.101334
232139,0.059852
232246,0.025525
232259,0.032898
232294,0.027066
232307,0.774117
232407,0.244027
232518,0.079556
232537,0.784856
232557,0.61127
232707,0.00148
232751,0.150578
232794,0.026712
232817,0.339748
232861,1.03805
232945,0.095614
233030,0.016139
233074,0.007244
233127,0.000181
233169,0.567852
233191,0.105186
233255,0.094048
233343,0.165309
233394,0.011994
233434,1.025982
233449,2.690159
233540,0.039745
233564,0.014413
233574,0.785261
233577,1.381524
233671,0.049948
233725,0.056131
233742,0.043711
233755,0.036892
233768,0.034006
233772,0.326566
233781,1.227377
233815,0.208
233877,0.001852
233896,0.075354
233910,0.031936
233977,0.00203
234113,0.675894
234158,0.04002
234191,0.050911
234282,0.122101
234316,0.025363
234319,0.187999
234376,0.095504
234448,0.082875
234464,0.948577
234513,0.214474
234526,0.025305
234601,0.372073
234640,0.017014
234677,0.012391
234691,1.060483
234750,0.350581
234777,0.368188
234827,0.01575
234856,0.049628
234858,0.07111
234871,0.088833
234907,0.003278
234956,0.006792
234998,0.017741
235049,0.034127
235097,0.154081
235163,0.041338
235206,0.103676
235230,0.079795
235232,0.265552
235261,0.187003
235291,0.241728
235324,0.201836
235344,0.017756
235347,0.140699
235354,1.027077
235368,0.008496
235397,0.010768
235407,0.015573
235471,0.274995
235550,0.084966
235570,0.08538
235605,0.050964
235649,0.329204
235674,0.063284
235681,0.180556
235721,0.174162
235722,3.345565
235781,0.038702
235832,0.020106
235863,0.123482
235885,0.321666
235907,0.300191
235932,0.01632
236098,0.03328
236166,0.070111
236171,0.310387
236221,0.004027
236250,0.006701
236257,0.018282
236288,0.3223
236293,0.074133
236304,2.083078
236362,0.782277
236373,2.400739
236393,0.193707
236413,0.056039
236447,0.099116
236476,0.019989
236509,0.492032
236555,0.008694
236573,0.019914
236583,0.018925
236633,0.000935
236644,0.35234
236660,0.204481
236693,0.498608
236734,0.009506
236759,0.009893
236771,0.122395
236774,0.076479
236811,0.453854
236813,0.18959
236822,0.241605
236841,1.684316
236858,2.643236
236870,0.438555
236873,1.670865
236886,12.093704
236933,3.493778
236974,0.054183
237024,0.312029
237049,0.166482
237070,0.000157
237125,1.050359
237158,0.833445
237174,0.143367
237191,2.983518
237235,0.098871
237247,0.100881
237270,0.007888
237293,0.409597
237343,0.139278
237373,0.636633
237385,0.333528
237421,0.015773
237435,0.940153
237459,0.199234
237491,0.691958
237519,0.312458
237541,0.186621
237554,0.322309
237583,0.156226
237611,0.413192
237649,0.16664
237659,0.077084
237665,0.197811
237687,0.43801
237691,0.219691
237699,1.350206
237713,0.055332
237739,0.182786
237749,0.108758
237759,0.051068
237769,0.097842
237779,0.222263
237799,0.043191
237819,0.202714
237829,0.580763
237859,0.03804
237869,0.391229
237889,0.415326
237899,0.26971
237919,0.273667
237939,0.121507
237944,0.273881
238011,0.037077
238026,0.046823
238037,0.148755
238060,0.033711
238061,3.317008
238105,0.031842
238108,0.287055
238130,0.689948
238190,0.000645
238237,0.347841
238279,0.256559
238293,0.208148
238336,0.000769
238340,0.718019
238345,0.727735
238349,0.168716
238404,0.207955
238425,0.04215
238448,0.026764
238481,0.00128
238505,0.114498
238506,0.180457
238556,0.629357
238587,0.005373
238615,0.35485
238636,0.089689
238686,0.399113
238697,0.159488
238717,0.085941
238749,0.354469
238760,0.115484
238764,0.129999
238774,0.001022
238794,0.7632
238809,1.23529
238857,0.440949
238895,0.441887
238912,0.471758
238914,0.225539
238949,0.191396
238981,0.200913
239017,0.322904
239077,1.015133
239105,0.136323
239116,0.318913
239164,0.119188
239166,0.024734
239169,0.275218
239221,0.033434
239229,0.007595
239238,0.01331
239275,0.39748
239307,0.030254
239313,0.091457
239375,0.470921
239423,1.265874
239432,0.113677
239461,0.115697
239476,0.108152
239500,0.332514
239514,0.040616
239529,0.520566
239581,0.270275
239602,0.007377
239621,0.056487
239666,0.092604
239680,0.01695
239691,0.13722
239700,0.186548
239723,1.208648
239747,0.2314
239770,0.049258
239774,7.063242
239825,0.144192
239842,0.526988
239864,0.106379
239897,0.000661
239902,0.584133
239956,1.39762
239965,1.612905
239989,1.811409
240017,0.910214
240067,0.001473
240095,0.124936
240097,0.837693
240129,0.363161
240241,0.199694
240301,0.020505
240310,1.629743
240350,0.029995
240356,0.034846
240368,0.199424
240417,0.196661
240431,0.427208
240484,0.343604
240490,0.683705
240541,1.392335
240574,0.656086
240582,0.337514
240606,0.385569
240628,0.097459
240635,0.730243
240695,0.029985
240705,0.011774
240706,1.06409
240711,0.21974
240737,0.295648
240765,0.109203
240794,0.115908
240814,0.739119
240829,1.02333
240867,0.021566
240884,0.021688
240909,0.239282
240914,0.018164
240967,5.07803
240993,0.869185
241038,0.210387
241042,0.389905
241062,0.38439
241113,0.020467
241160,0.018501
241190,0.132071
241200,0.048614
241223,2.481523
241248,0.14449
241270,0.276971
241323,0.405408
241337,0.033399
241356,0.052087
241383,0.082018
241405,0.592028
241430,0.140896
241467,0.065798
241473,0.056524
241484,0.167885
241571,0.02454
241581,0.714928
241709,0.205462
241734,0.808626
241766,0.032316
241791,0.008707
241822,0.040355
241859,0.616485
241911,0.00162
241966,0.030861
241974,0.133818
241997,0.017021
242028,0.057954
242050,0.023178
242055,1.410662
242127,0.235256
242158,0.129722
242169,0.159425
242228,0.139659
242277,0.028627
242286,0.006953
242291,0.234047
242309,0.328804
242352,1.741473
242368,0.394517
242413,0.028983
242451,0.054724
242487,0.028422
242524,0.364493
242573,0.13845
242588,0.581646
242640,0.560698
242658,1.084949
242681,0.353222
242711,0.085699
242722,0.510783
242747,0.007255
242778,0.005624
242788,0.01954
242851,0.026089
242880,0.002302
242896,0.025266
242922,0.485535
242993,0.186162
243028,0.121102
243150,0.479265
243159,0.414782
243170,1.353347
243194,0.038939
243245,0.083522
243258,0.11461
243358,0.333807
243365,0.243052
243408,0.136715
243467,0.017136
243470,0.158636
243518,0.305638
243552,0.104703
243574,0.09816
243604,0.570208
243692,0.02577
243698,0.07561
243720,0.177632
243733,0.318996
243781,0.610151
243881,0.065036
243888,0.084112
243912,0.243758
243923,0.907017
243961,0.275494
243974,0.043989
243981,0.275097
244015,0.269596
244037,0.092963
244039,0.092616
244081,0.043472
244086,0.987537
244130,0.296874
244132,0.790668
244150,0.100092
244197,0.158356
244234,0.124036
244278,0.054412
244284,0.879737
244366,0.016116
244379,0.463313
244399,0.329788
244479,0.075423
244565,0.056396
244578,1.875251
244637,0.046742
244671,0.523109
244709,0.167633
244747,0.151944
244759,0.104135
244783,0.275422
244817,0.001699
244861,0.694209
244884,0.074111
244897,0.140686
244938,0.129151
244973,0.346699
245030,0.035871
245080,0.008137
245196,0.02236
245215,0.060744
245225,0.047247
245268,0.092236
245285,0.116822
245364,0.332739
245413,0.071302
245417,0.176779
245456,0.01279
245462,0.060108
245491,0.009912
245505,0.008297
245540,0.068515
245545,0.151451
245581,0.170706
245605,0.210552
245628,0.567362
245654,0.005206
245681,0.000908
245693,0.074101
245738,0.005146
245739,0.100226
245758,0.013198
245766,0.048942
245802,2.429984
245885,0.018154
245914,0.139518
245965,0.165378
245981,0.257984
246036,0.064334
246059,0.101348
246086,0.076213
246098,0.002232
246137,0.091168
246142,1.303313
246147,0.096332
246198,0.00758
246207,0.012445
246223,0.049602
246308,2.76903
246360,0.029752
246369,0.03509
246396,0.553296
246445,0.014957
246475,0.238369
246537,0.063215
246568,0.046117
246589,0.069514
246620,0.33068
246680,0.034295
246703,0.352199
246754,0.490302
246798,0.809
246816,0.049562
246852,0.624828
246894,0.269238
246956,0.062491
247031,0.74471
247071,0.219689
247073,1.541483
247138,0.489061
247167,0.215165
247180,0.082715
247211,0.238958
247236,0.346733
247351,0.02601
247397,0.000506
247406,0.003411
247412,0.009908
247450,0.470514
247488,0.324743
247496,0.781254
247522,0.42393
247603,0.425975
247703,0.019306
247729,0.101594
247801,0.006818
247873,0.01347
247889,0.104819
247932,0.44441
247964,0.225122
247978,0.309215
247997,0.243345
248037,0.019521
248110,0.00565
248146,0.08193
248165,0.414746
248221,0.111053
248277,0.046657
248294,0.274928
248299,0.002915
248332,0.085994
248348,0.033304
248361,0.17346
248442,0.432797
248520,0.129202
248539,0.002673
248540,0.017609
248581,0.038406
248619,1.441955
248758,0.017114
248769,1.95977
248842,0.062821
248856,0.19341
248905,0.012536
248929,0.315991
249015,0.000646
249017,0.039142
249062,0.021015
249073,0.060966
249101,0.066998
249110,0.331815
249133,0.314952
249161,0.005691
249199,0.036936
249201,0.176038
249249,0.300833
249282,0.290306
249373,0.047552
249375,0.416606
249413,0.030729
249474,1.747642
249573,0.394715
249635,0.06791
249642,0.072588
249646,0.069552
249673,0.529016
249727,0.048753
249751,0.065141
249817,0.103448
249855,0.022319
249884,0.007417
249887,0.049852
249925,1.326307
249985,0.148934
250157,0.254699
250196,0.022498
250198,0.717638
250247,0.024057
250254,0.072639
250291,0.315603
250341,0.296297
250345,0.016504
250375,0.001633
250422,0.131613
250440,0.005839
250493,0.72438
250570,0.099932
250592,0.011224
250691,0.094783
250702,1.255182
250754,0.203021
250843,0.001507
250874,0.014176
250881,0.031045
250916,0.231711
250960,0.046406
250984,0.289726
251008,0.453563
251068,0.004821
251092,0.143283
251126,0.264275
251139,0.371503
251167,0.011274
251222,0.39196
251314,0.005339
251331,1.220781
251379,0.085998
251411,0.017126
251511,0.495275
251557,0.229273
251580,0.454882
251599,0.074873
251747,0.003511
251760,0.072254
251778,0.069355
251781,0.570087
251783,0.132737
251859,0.069588
251884,0.772693
251959,0.251837
251968,0.101422
251980,0.735638
251982,0.583738
252013,0.215079
252062,0.065683
252085,0.004256
252106,0.293675
252184,0.037044
252209,0.033522
252228,0.003836
252246,0.072798
252288,0.280381
252294,2.018662
252372,0.056445
252407,0.649677
252434,0.320258
252525,0.100077
252576,0.00542
252613,0.738021
252781,0.001098
252804,0.044474
252817,0.197343
252840,1.121499
252934,0.013994
252972,0.002887
252974,0.121347
253021,0.018492
253053,0.127686
253062,0.137005
253071,0.838156
253121,0.032903
253138,0.455922
253159,0.019379
253165,0.29456
253205,0.051801
253213,0.064322
253219,0.547757
253275,0.052061
253346,0.1105
253369,0.002286
253391,0.194497
253412,0.589218
253445,0.009289
253483,0.00359
253557,0.039929
253583,0.00189
253656,0.000167
253687,0.00682
253751,0.02787
253780,0.10448
253840,0.001391
253889,0.041557
253928,0.039593
253959,0.000979
254012,0.207511
254026,0.027867
254065,0.016143
254070,0.055339
254139,0.002291
254172,0.098415
254211,1.269806
254278,0.1651
254315,0.116911
254392,0.05587
254442,0.501064
254451,0.20006
254515,0.065523
254639,0.385832
254672,0.012987
254718,0.087367
254748,0.455035
254767,0.07119
254775,0.160432
254855,0.157711
254886,0.069653
254912,0.009988
254984,0.010737
255003,0.023029
255015,0.080463
255051,0.019848
255062,0.600843
255228,0.076451
255262,0.03621
255282,0.014856
255298,0.66274
255342,0.058034
255344,0.042967
255348,0.028086
255357,0.173454
255453,0.008849
255471,0.097397
255538,0.008071
255547,0.000454
255564,0.424414
255591,0.157651
255626,0.077925
255628,0.302284
255679,0.069009
255731,0.656356
255780,2.589557
255867,0.087187
255881,0.066996
255889,0.41744
255892,0.961969
255939,0.147567
255953,0.105971
256021,0.661114
256050,0.141865
256072,0.463094
256141,0.00037
256164,0.007157
256204,2.101382
256236,0.009862
256359,0.015675
256372,0.206355
256450,0.108155
256531,0.016256
256571,0.162604
256636,0.110103
256662,0.228338
256750,0.875165
256776,0.043635
256814,0.244295
256888,0.037167
256906,0.002941
256959,0.028463
256977,0.024925
257002,0.05706
257005,0.091767
257030,0.611757
257058,0.200792
257084,0.298028
257086,0.028652
257167,0.109547
257168,0.0628
257255,0.001407
257263,0.007264
257293,1.538865
257351,0.17824
257367,0.229006
257380,0.226383
257397,0.678844
257422,0.025939
257454,0.027082
257468,0.242969
257512,0.026775
257538,0.090797
257626,0.034356
257762,0.068191
257772,0.047505
257782,0.088749
257792,0.103696
257808,0.19285
257832,0.052078
257842,0.037691
257854,1.247581
257872,0.005641
257902,0.002799
257912,0.31038
257919,0.202973
257962,0.21542
257972,0.054032
257992,0.017464
258022,0.120011
258032,0.167072
258042,0.333231
258052,0.012477
258062,0.089491
258072,0.035416
258082,0.276852
258092,0.18815
258122,0.1703
258132,0.393639
258152,0.02134
258182,0.323422
258202,0.2411
258232,0.02528
258239,0.051991
258242,0.346783
258248,0.196821
258282,0.40111
258302,0.015579
258307,0.186019
258342,0.230942
258352,0.417935
258362,0.164666
258382,0.078611
258402,0.053158
258412,0.492486
258432,0.632713
258452,0.402164
258462,0.41892
258472,0.404531
258482,0.024386
258502,0.862983
258532,0.748339
258542,0.525217
258552,0.16483
258617,0.506556
258652,0.001137
258678,0.055756
258717,0.058598
258773,0.003178
258803,0.143096
258886,0.025516
258898,0.695933
258934,0.21396
258952,0.073146
258968,0.00321
258971,0.295906
258977,0.478352
258994,0.478957
259027,0.101881
259058,0.014308
259093,0.002123
259118,0.04088
259136,0.038851
259158,0.024591
259172,0.333182
259224,0.002163
259240,0.020134
259286,0.055145
259361,0.121597
259401,0.409022
259442,0.075264
259470,0.573695
259503,0.042477
259546,0.210732
259574,0.033263
259596,0.007377
259635,0.084851
259655,0.015141
259666,0.187044
259697,0.016505
259794,0.008578
259846,0.314219
259865,0.095669
259904,0.050753
259932,0.025906
260015,0.351769
260035,0.258516
260085,0.011865
260087,0.252923
260252,0.017555
260273,0.023152
260331,0.127619
260347,0.007987
260374,0.831033
260403,0.514019
260494,0.029818
260523,0.296975
260560,0.012073
260601,0.077149
260610,0.902064
260735,0.027018
260760,0.007813
260766,0.270985
260827,0.001021
260861,0.033607
260888,0.178837
260958,0.563019
261070,0.165771
261100,0.004527
261134,0.88256
261162,0.035973
261170,0.159624
261216,0.016251
261240,1.223582
261299,0.104801
261314,0.782271
261370,0.010164
261409,0.035588
261421,0.010563
261431,0.005681
261495,0.005416
261544,0.785729
261591,0.027709
261627,0.007048
261651,0.25861
261678,0.939225
261728,0.019754
261746,0.009474
261777,0.067412
261815,0.070759
261872,0.025632
261925,0.027659
261953,0.02189
261969,0.008032
262043,0.018191
262098,0.295036
262118,0.033042
262149,0.150796
262181,0.143893
262340,0.010364
262359,0.284776
262402,0.011693
262404,0.487644
262471,1.190052
262558,0.034799
262568,0.020058
262573,0.027261
262628,0.009985
262658,0.068593
262664,0.019125
262704,0.019849
262747,0.005942
262853,0.009396
262909,0.034961
262919,0.057167
262985,0.108525
263019,0.0575
263081,0.099339
263089,0.025313
263135,0.031246
263164,0.006147
263177,0.000189
263194,0.026842
263251,0.023989
263287,1.203834
263306,0.632803
263419,0.047448
263424,0.003208
263482,0.023989
263535,0.508576
263608,0.010213
263755,0.004162
263776,0.005442
263781,0.273941
263802,0.198061
263830,0.007007
263857,0.121658
263872,0.058312
263919,0.017173
263951,0.023292
264023,0.002989
264037,0.236842
264081,0.07106
264147,0.246808
264167,0.626157
264221,0.008702
264236,0.023535
264308,0.086278
264340,0.020046
264347,1.735926
264369,0.297053
264371,0.256286
264427,0.477434
264479,0.105292
264496,0.02783
264529,0.260295
264609,0.567144
264661,0.103642
264810,0.3229
264858,0.244312
264886,0.040688
264889,0.036199
264900,0.05174
264937,0.032902
264947,0.04632
264961,0.017025
265012,0.585572
265050,0.475431
265108,0.008012
265117,0.065227
265130,0.222566
265169,0.002479
265212,0.091869
265223,0.198001
265277,0.066194
265291,0.481223
265345,0.062718
265358,0.001328
265373,0.229141
265429,0.010826
265466,0.272639
265480,0.058234
265505,1.500904
265531,0.320599
265573,0.228966
265595,0.456844
265640,0.028318
265680,0.018362
265730,0.02579
265738,0.370864
265744,0.628288
265765,0.066058
265786,0.074719
265855,0.011812
265886,1.254325
265939,0.064479
265969,0.069933
266005,0.115523
266105,0.116956
266150,0.176596
266176,0.027776
266400,0.239757
266407,0.072094
266446,0.030663
266472,0.047561
266527,0.045057
266576,0.085032
266640,0.23024
266677,0.383839
266719,0.077555
266734,0.02952
266766,0.022213
266777,0.162274
266848,0.062116
266860,0.34117
266903,0.125379
266918,0.003102
267001,0.013449
267085,0.031639
267116,0.003334
267170,0.220535
267214,0.116125
267269,0.117399
267287,0.19047
267336,0.556465
267357,0.816354
267372,0.681483
267425,0.026044
267466,0.026831
267475,0.026498
267492,0.005326
267616,0.004552
267622,0.012718
267671,0.040274
267696,0.013053
267714,0.047294
267760,0.043783
267783,0.074954
267847,1.151008
267903,0.010581
267935,0.005004
267966,0.038314
268020,0.009431
268056,0.094686
268134,0.000326
268146,0.212428
268241,0.135109
268369,0.012098
268392,0.042245
268409,0.001558
268442,0.105454
268462,0.018064
268490,0.234597
268571,0.618238
268574,0.047012
268654,0.517055
268685,0.076363
268741,0.001843
268837,0.010184
268988,0.28729
268992,0.491042
269041,0.109856
269076,0.017549
269101,0.008658
269117,1.422027
269166,0.000697
269232,0.018127
269275,0.024273
269320,0.023798
269351,0.023212
269369,0.035383
269397,0.044739
269457,0.002879
269531,0.301312
269568,0.005351
269573,0.128989
269611,0.492777
269634,0.086652
269694,0.494364
269758,0.241592
269768,0.018918
269772,0.098354
269804,0.024389
269817,0.130355
269849,0.049939
269867,0.170878
269885,0.908997
269901,0.703671
269926,0.193501
270004,0.016885
270044,0.007396
270049,0.089467
270094,0.0075
270125,0.009853
270150,0.014096
270159,0.027945
270247,0.207734
270275,0.009819
270289,0.085653
270367,0.007913
270415,0.018148
270433,0.235351
270460,0.145687
270484,0.01046
270510,0.103018
270578,0.025166
270630,0.003881
270658,0.147165
270748,0.440282
270806,0.035582
270814,0.127015
270831,0.315981
270899,0.169888
270955,0.001222
270967,1.009668
271036,0.120044
271061,0.114538
271073,0.634951
271147,0.013612
271209,1.208959
271238,0.045973
271249,0.215428
271281,0.016658
271318,0.017379
271392,0.278887
271426,0.070356
271470,0.011653
271527,0.348375
271572,0.006027
271608,0.017747
271624,0.550866
271671,0.185136
271693,0.088073
271752,0.508593
271866,0.365212
271935,0.019123
271974,0.070717
272005,0.175314
272026,0.003534
272100,0.573078
272142,0.039848
272149,0.100967
272170,0.137482
272183,0.493852
272233,0.407271
272256,0.045626
272281,0.030815
272331,0.923087
272347,0.252007
272393,0.011517
272434,0.581543
272509,0.279617
272586,0.070998
272598,0.814941
272688,2.862664
272738,0.037182
272765,2.346569
272848,0.305047
272885,0.015019
272988,0.072926
273012,0.015103
273084,0.12762
273128,0.041795
273160,0.130082
273191,0.018329
273218,0.027825
273256,0.065578
273280,0.441368
273332,0.202836
273359,2.398162
273365,0.830919
273418,0.105944
273505,0.031393
273521,0.175521
273582,0.052241
273607,0.176291
273638,0.508937
273661,0.016956
273662,2.509364
273708,0.045783
273716,0.15318
273748,0.032544
273816,0.050808
273842,0.059658
273885,0.001158
273912,0.033311
273929,0.010353
274026,0.182984
274047,0.135
274063,1.798304
274225,0.003144
274270,0.024468
274288,0.045548
274348,0.186157
274403,0.019242
274410,0.467982
274504,0.035494
274543,0.071643
274556,0.220147
274595,0.213013
274646,0.038095
274676,0.024327
274791,0.033186
274817,0.002073
274902,0.201464
274911,0.086954
274955,1.022048
274958,0.588728
275080,0.000235
275119,0.076312
275153,0.154653
275177,0.807156
275203,0.179568
275244,0.284194
275259,0.067979
275290,0.00987
275307,0.087432
275396,0.117177
275412,0.001459
275445,0.015024
275451,0.019363
275467,0.170524
275481,0.006524
275486,0.077854
275527,0.031341
275564,0.059963
275571,1.071246
275599,0.410862
275650,1.209476
275758,0.004251
275760,6.4e-05
275804,0.012501
275885,0.067009
275911,0.019132
275915,0.04791
275935,0.171782
275971,0.008244
276006,0.026206
276023,0.020397
276031,0.051187
276098,0.023514
276120,0.095758
276265,0.000916
276346,0.003657
276373,0.09958
276435,0.025478
276447,0.339257
276463,0.520132
276485,0.21342
276563,0.048782
276610,0.061143
276620,0.111524
276662,0.039618
276711,0.013616
276817,0.012015
276862,0.036684
276933,0.006578
276955,0.010546
276976,0.22165
276979,0.572054
277032,0.08931
277096,0.183827
277158,0.006391
277195,0.063077
277263,0.017007
277331,0.008008
277368,0.015735
277401,0.024436
277415,0.036524
277436,0.311819
277472,0.098524
277502,0.062899
277518,0.588606
277525,1.703127
277570,0.65808
277639,0.002731
277674,0.007491
277683,0.024785
277720,0.85399
277767,0.084398
277795,0.022918
277814,0.039047
277838,0.01172
277925,1.047776
277973,0.154621
278003,0.000809
278015,0.033556
278055,0.004804
278099,1.485737
278166,0.422198
278168,2.260527
278259,0.035471
278323,0.009834
278398,0.066687
278449,0.013229
278525,0.08764
278532,0.202144
278540,0.001601
278578,0.066386
278589,0.030751
278636,1.38293
278702,0.080633
278741,0.063074
278765,0.049645
278766,0.130095
278806,0.02294
278819,0.012803
278894,0.038779
278949,0.017216
279012,0.004801
279027,0.009286
279086,0.014914
279170,0.008391
279176,0.051518
279285,0.10052
279308,0.013239
279336,0.157821
279396,0.268167
279472,0.267946
279498,0.034512
279549,0.048969
279629,0.068476
279669,0.201232
279684,0.01411
279691,3.384457
279805,0.013245
279820,0.008253
279821,0.149991
279864,0.001707
279875,0.346956
279899,0.03903
279925,0.094061
279961,0.007131
280037,0.220619
280119,0.00142
280161,0.020713
280214,0.023323
280243,0.061307
280327,0.153054
280401,0.055226
280435,0.147592
280479,0.001399
280517,0.022472
280566,0.006913
280568,0.062103
280603,0.091353
280651,0.049485
280690,0.023227
280716,0.804338
280730,0.147235
280786,0.168632
280831,0.150406
280919,0.092368
280930,0.488255
280990,0.029006
281018,0.067589
281047,0.282753
281066,0.723443
281173,0.049253
281204,0.010659
281255,0.025546
281350,0.007681
281357,0.044369
281372,0.15971
281392,0.081127
281414,0.152282
281440,0.152122
281507,0.047676
281565,0.102254
281609,0.168945
281646,0.239854
281719,0.007737
281750,0.067278
281763,0.027309
281772,0.170448
281782,0.324959
281901,0.011078
281906,0.256238
282049,0.017055
282133,0.447904
282155,2.057777
282226,0.021852
282237,0.001469
282246,0.013861
282282,0.569396
282315,0.031137
282351,0.187517
282386,0.009717
282432,0.009118
282457,0.014605
282465,0.732341
282472,0.468934
282504,0.195586
282651,0.023179
282694,0.116211
282726,0.000788
282783,0.243642
282787,0.008559
282813,0.040954
282829,0.187099
282872,0.036987
282880,0.015179
282916,1.790002
282971,0.093984
282994,0.036009
283031,0.028846
283039,1.625421
283127,0.036307
283317,0.015015
283334,0.019009
283370,0.061074
283431,0.39107
283459,0.003798
283498,0.002749
283503,0.148211
283534,0.00611
283556,0.154133
283569,0.041558
283586,0.001594
283593,0.011106
283599,0.060231
283600,0.136801
283658,0.039169
283721,0.023034
283751,0.034074
283763,0.014713
283818,0.042979
283906,0.002316
283941,0.047306
283983,0.025041
283990,0.071081
284034,0.002711
284053,0.019238
284084,0.397537
284120,0.402152
284152,0.058704
284168,0.211374
284175,0.952166
284209,0.73219
284239,0.117111
284246,0.859809
284340,0.105734
284376,0.009576
284385,0.005589
284395,0.023037
284412,0.001795
284438,0.002653
284455,0.20189
284472,0.131031
284512,5.134707
284600,0.049945
284601,0.259155
284657,0.065187
284659,0.229216
284729,0.002765
284768,0.034568
284773,0.688142
284828,0.02108
284843,0.085437
284889,0.28809
284943,0.027124
284979,0.011932
285111,0.017861
285169,0.019334
285231,0.04038
285257,0.037167
285310,0.018391
285312,0.108211
285411,0.010848
285428,0.007986
285448,0.052975
285451,2.539262
285519,0.129078
285547,0.168526
285573,0.113309
285591,0.03119
285609,0.42127
285751,0.331151
285772,0.904727
285818,0.013796
285829,0.198614
285834,0.780982
285868,0.383322
285889,0.008017
285944,0.054434
285956,0.012256
285967,0.007584
286042,0.02443
286073,0.013042
286090,0.01331
286107,0.015623
286127,0.043567
286188,0.001503
286208,0.016378
286244,0.169689
286246,0.025594
286272,0.463516
286308,0.055071
286329,1.700449
286360,0.272398
286384,0.19622
286415,0.00955
286429,0.095155
286487,0.436735
286537,0.032315
286564,0.062542
286566,0.438886
286574,4.223153
286620,0.041757
286640,0.01654
286673,0.581554
286699,0.460205
286709,0.318453
286722,0.826463
286786,0.974469
286823,0.066758
286833,0.159343
286884,0.023386
286890,0.148406
286953,0.021875
287011,0.739298
287125,0.000464
287140,0.007824
287201,0.114644
287218,0.173
287274,0.005616
287326,0.002425
287362,0.036635
287365,0.295075
287380,0.489983
287386,0.16265
287514,0.018207
287528,0.027434
287541,0.208315
287584,0.040638
287592,0.233443
287615,0.078219
287684,0.524777
287722,0.040427
287739,0.659217
287769,0.09692
287794,0.029931
287808,0.135516
287861,0.055428
287866,1.492881
287960,0.018071
287969,0.016507
287976,0.193209
288015,0.110724
288054,0.575961
288105,0.044529
288171,0.083823
288228,0.012808
288231,0.006782
288289,0.018237
288325,0.030705
288369,0.098653
288374,0.173745
288482,0.013972
288511,0.037454
288529,0.039393
288549,0.000109
288552,0.002211
288561,0.071549
288615,0.077748
288686,0.780957
288715,0.351627
288738,0.157989
288756,0.130608
288765,0.086648
288778,1.105022
288810,0.163576
288837,0.048295
288839,0.261149
288886,0.028734
288898,0.093404
288912,0.052636
288920,0.149294
288958,0.003081
289014,0.003048
289086,0.019527
289107,0.040879
289123,0.005244
289185,0.086769
289222,0.207647
289285,0.065271
289289,0.60646
289337,0.066735
289368,0.045496
289371,0.029336
289420,0.033983
289490,0.105093
289518,0.079522
289540,0.055806
289566,0.078836
289569,0.033559
289676,0.164265
289730,0.00551
289788,0.088877
289805,0.006629
289818,0.440128
289852,0.013073
289866,0.006215
289927,0.008026
289962,0.031211
289972,0.408575
289975,0.067762
290021,0.034262
290062,0.001321
290080,0.038376
290140,0.060985
290181,0.029216
290212,0.11378
290314,0.795693
290357,0.137372
290393,0.19285
290425,0.22534
290504,0.28189
290569,0.092588
290589,0.011892
290616,0.040693
290737,0.053595
290752,1.184415
290757,0.270827
290816,0.030276
290836,0.246281
290860,0.091009
290913,0.690223
290934,0.01422
290961,0.060386
290998,0.010335
291040,0.013494
291082,0.855982
291153,0.017598
291202,0.013804
291239,0.016061
291309,0.09047
291365,0.011329
291367,1.688603
291464,0.006978
291510,0.05254
291575,0.056301
291658,0.05881
291682,0.047959
291746,0.090188
291815,0.040068
291816,0.042903
291822,0.047126
291852,0.141815
291932,0.202187
291959,0.912035
292066,0.044687
292077,0.041789
292183,0.004656
292191,0.081624
292227,0.491039
292228,1.010907
292289,0.044268
292293,0.392927
292340,0.015279
292372,0.003424
292393,0.005275
292421,0.009453
292535,0.075395
292549,0.002918
292574,0.012072
292606,0.067797
292623,0.014285
292631,0.029744
292752,0.010684
292762,0.004332
292863,0.01097
292929,0.012528
292957,0.035716
292982,0.013066
293032,0.038424
293071,0.005187
293110,0.076124
293137,0.416074
293167,0.00672
293171,0.313633
293197,0.054077
293269,0.017248
293283,0.089642
293298,0.090386
293337,0.107122
293355,0.063012
293475,0.421002
293572,0.382817
293628,0.011394
293709,0.217251
293731,0.729027
293800,0.219756
293835,0.147843
293857,0.13023
293922,0.044697
293969,0.010349
294050,0.111698
294120,0.006937
294121,0.41942
294219,0.154812
294258,0.030814
294262,0.007012
294321,0.028071
294360,0.02886
294366,0.016907
294368,0.022091
294439,0.002079
294453,0.006148
294467,0.074944
294502,0.020907
294509,0.153667
294568,0.098655
294615,0.008974
294624,0.694672
294718,0.62857
294750,0.059036
294773,0.012066
294790,0.006925
294856,0.548219
294876,0.256022
294976,0.195559
294978,0.125981
294986,0.81873
295041,0.014829
295052,0.035486
295083,0.001215
295097,0.02867
295111,0.103616
295118,0.490693
295193,0.082191
295275,0.026874
295370,0.006884
295381,0.028316
295400,0.212379
295434,0.119212
295464,0.203168
295498,0.69324
295556,0.022149
295557,0.340822
295591,0.002736
295608,0.002089
295620,1.18851
295656,0.20988
295691,0.019499
295754,0.004743
295797,0.1837
295803,0.09476
295847,0.129024
295851,1.371631
295895,0.007494
295958,0.006842
295977,0.050081
295989,0.005596
295991,0.001668
296050,0.617662
296157,0.020324
296240,0.035829
296301,0.073545
296307,0.030608
296338,0.007515
296360,0.020651
296378,0.007824
296382,0.019033
296400,0.322955
296461,0.018721
296496,0.015124
296511,0.021599
296555,0.019768
296603,0.00542
296630,0.009002
296681,0.013754
296718,0.081427
296738,0.018628
296741,0.073159
296756,1.551333
296814,0.033676
296832,0.012138
296865,0.069702
296916,0.122833
296944,0.007684
296970,0.032117
297007,1.172636
297061,0.383997
297093,0.032422
297139,0.004774
297150,0.049752
297177,0.011619
297194,0.010334
297207,0.048271
297375,0.288261
297443,0.058646
297452,0.014873
297491,0.023449
297496,0.011428
297527,0.278204
297611,0.06936
297649,0.030089
297687,0.108299
297690,0.043999
297764,0.033008
297794,0.127982
297799,0.081644
297866,0.005061
297908,0.258825
297966,0.030194
297973,0.313605
298008,0.005174
298043,0.073745
298067,0.00292
298087,0.098219
298139,0.205211
298186,0.094768
298193,0.044776
298251,0.08668
298288,0.301015
298295,1.268785
298335,0.154596
298354,0.197837
298389,0.015688
298405,0.022198
298439,0.120797
298453,0.006698
298525,0.024411
298554,0.923676
298566,0.05713
298568,2.940573
298604,0.130499
298737,0.370595
298779,0.018027
298799,0.006185
298811,0.145869
298859,0.001326
298875,0.141327
298920,0.007695
299010,1.448406
299067,0.003332
299094,0.047958
299144,0.014258
299160,0.092274
299199,0.03606
299210,0.083959
299230,0.308153
299250,0.093992
299270,0.040559
299280,0.000578
299290,0.214675
299310,0.132023
299320,0.419918
299360,0.115106
299370,0.069801
299390,0.114463
299400,0.177052
299420,0.096454
299430,0.114867
299440,0.126176
299450,0.027884
299460,0.077424
299490,0.41514
299500,0.141074
299520,0.081738
299530,0.174305
299540,0.195587
299550,0.106905
299560,0.173663
299580,0.172728
299600,0.365525
299610,0.272125
299620,0.092407
299640,0.397925
299650,0.255798
299660,0.138562
299670,0.07675
299710,0.156463
299736,0.056067
299767,0.178417
299770,0.827437
299829,0.204757
299873,0.008309
299889,0.012984
299893,0.84781
299979,0.010791
300085,0.057706
300127,0.552137
300180,0.589906
300182,0.288243
300261,0.018195
300284,0.050726
300367,0.015472
300401,0.006597
300426,0.022246
300439,0.004446
300470,0.000556
300478,0.75138
300487,0.057084
300538,0.007903
300701,0.04297
300743,0.202975
300851,0.097929
300920,0.195563
300940,0.034788
300970,0.745498
301018,0.001351
301034,0.009788
301077,0.02102
301115,0.014654
301184,0.189326
301243,0.002236
301247,1.051419
301268,0.496312
301319,0.156891
301481,0.026896
301517,0.003604
301527,1.984324
301583,0.004772
301641,0.023397
301690,0.022536
301782,0.004575
301783,0.039521
301934,0.006763
302041,0.00069
302073,0.020621
302097,0.026515
302107,0.001059
302109,0.243352
302148,0.416071
302175,0.269521
302240,0.011565
302268,0.003588
302320,0.025284
302344,0.077774
302392,0.136187
302434,0.036887
302464,0.116008
302494,0.00819
302509,1.134319
302578,0.064009
302643,0.01756
302680,0.140098
302731,0.063073
302754,0.038067
302787,0.017256
302903,0.260379
302908,0.584056
302960,0.00771
302996,0.022113
303038,0.027241
303078,0.02563
303191,0.037279
303198,0.095515
303217,0.601569
303283,0.121671
303342,0.422621
303369,0.09745
303423,0.02121
303471,0.023679
303489,0.011598
303531,0.026339
303564,0.036525
303578,0.056023
303590,0.015363
303692,0.012317
303744,0.007542
303809,0.161526
303853,0.31186
303889,0.064943
304023,0.014857
304060,0.003751
304111,0.102518
304171,0.058907
304188,0.654772
304232,0.304458
304290,0.079104
304350,0.450751
304404,0.018024
304433,0.228419
304466,0.150859
304493,0.005718
304513,0.446135
304557,0.124469
304573,0.034699
304574,0.693323
304590,0.024032
304768,0.500439
304867,0.127219
304883,0.332928
304937,0.134618
304988,0.381904
305029,0.06227
305063,0.022808
305134,0.159504
305158,0.088806
305166,1.213963
305218,0.092684
305243,0.004726
305270,0.088163
305326,0.00033
305395,0.053459
305517,0.003374
305549,0.000591
305599,0.110729
305614,0.064291
305715,0.089259
305735,0.013015
305770,8.384577
305936,0.176534
305952,0.412735
306020,0.015336
306058,0.011882
306066,0.045721
306094,0.044532
306106,0.364293
306175,0.070863
306216,0.046049
306231,0.372912
306300,6.6e-05
306330,0.104757
306355,0.063758
306366,0.078935
306374,0.000322
306375,3.115419
306409,0.181018
306490,0.185522
306493,0.234832
306580,0.107137
306673,0.040911
306757,0.131305
306770,0.137156
306792,0.013434
306903,0.035524
306915,0.260383
306944,0.048953
306970,1.587021
307041,0.002229
307074,0.229503
307178,0.05083
307209,0.015965
307272,0.020724
307343,0.073339
307422,0.013286
307428,0.039794
307501,0.003137
307537,0.017927
307557,0.092816
307575,0.099071
307657,0.263533
307659,0.022441
307697,0.444457
307739,0.013411
307763,0.034767
307868,0.948034
307924,0.004721
307951,0.859357
307953,3.504989
307954,1.154912
307961,8.585896
308025,0.072161
308036,0.111207
308038,1.774953
308108,0.001883
308119,0.016527
308140,0.3425
308174,0.047509
308193,0.016942
308198,0.067008
308204,1.707631
308217,5.707132
308219,0.063446
308231,3.507175
308310,4.158925
308527,0.152056
308582,0.280477
308646,0.239296
308747,0.680872
308796,0.281339
308803,1.812001
308833,0.270483
308900,0.206735
309005,0.177408
309006,0.924108
309024,0.077565
309033,0.070028
309087,0.018339
309108,0.082848
309131,4.9e-05
309141,0.038748
309209,0.046944
309234,0.011411
309286,0.642717
309312,0.217476
309345,0.006099
309368,0.311392
309369,0.589168
309433,0.084819
309435,0.034993
309523,0.056743
309565,0.055867
309633,0.032054
309656,0.033474
309693,0.886667
309726,0.06704
309752,0.013031
309778,0.0085
309886,0.227218
309910,0.371121
309949,0.029325
310043,0.005868
310084,3.51042
310202,0.003173
310211,0.025981
310247,0.251562
310255,0.500267
310281,0.13082
310307,0.039657
310341,0.068877
310349,0.045363
310372,0.046818
310434,0.087278
310454,0.011757
310495,0.120183
310499,0.413371
310549,0.121542
310556,0.133455
310573,0.040814
310659,0.041539
310750,0.088506
310751,0.098617
310796,0.01299
310821,0.027135
310843,0.02096
310872,0.011047
310950,0.036536
310972,0.031754
310989,0.004538
311028,0.086973
311048,0.035368
311068,0.134028
311097,0.130727
311154,8e-05
311169,0.002045
311187,0.020112
311223,0.006888
311260,0.069909
311292,0.049397
311372,0.040508
311393,0.029551
311401,0.023691
311460,0.006651
311467,0.049953
311486,0.068242
311548,0.009035
311577,0.102744
311628,0.018373
311679,0.017439
311685,0.525383
311726,1.169577
311769,0.108049
311774,0.005945
311806,0.028621
311837,0.003118
311871,0.105473
311901,0.036567
311927,0.529446
311950,0.125704
311966,0.005666
311981,0.203897
312016,0.01079
312088,0.015576
312098,0.036151
312134,0.0628
312143,0.077364
312154,0.330402
312156,0.010051
312213,0.231676
312273,0.019252
312309,0.033492
312313,0.046186
312372,0.136189
312437,0.000758
312467,0.015446
312521,0.0505
312583,0.00612
312615,0.000812
312652,0.08953
312817,0.502341
312878,0.000978
312883,0.17576
312940,0.055771
312991,0.256132
313034,0.030639
313052,0.021539
313059,0.120595
313123,0.291622
313159,0.020567
313296,0.165341
313324,0.048097
313352,0.065659
313376,1.310147
313472,0.007672
313481,0.081536
313525,0.106151
313527,0.325
313549,0.199031
313650,0.013414
313689,0.034967
313767,0.466143
313864,0.003207
313889,0.075704
313946,0.046316
313976,0.208905
314015,0.007115
314029,0.053568
314092,0.026265
314138,0.02345
314160,0.103305
314174,2.054831
314296,0.112371
314309,0.001767
314362,0.178023
314421,0.04622
314514,0.050132
314524,0.002457
314531,0.330867
314642,0.06774
314692,0.001116
314757,0.162057
314777,1.107426
314830,0.014827
314853,0.039721
314898,0.022239
314946,0.154013
314953,0.359421
315014,0.147521
315059,0.030299
315121,0.032887
315168,0.023263
315173,0.002102
315233,0.175134
315271,0.029365
315280,0.165004
315296,0.018764
315356,0.010519
315396,0.000186
315399,0.004978
315415,0.001173
315433,0.240775
315458,0.008987
315460,0.012953
315538,0.003977
315544,0.103883
315615,0.02585
315624,0.077799
315639,0.037962
315672,0.000869
315676,0.354949
315780,0.019384
315807,0.013496
315831,0.004202
315837,0.024333
315886,0.032021
315894,0.122667
315956,0.024065
316006,0.058679
316085,0.002057
316179,0.044007
316244,0.082777
316291,0.01941
316346,0.022863
316396,0.0011
316475,0.125141
316521,0.047953
316558,0.084196
316627,0.054223
316691,0.007331
316745,0.026978
316777,0.525217
316804,0.060039
316917,0.006425
317048,0.090265
317129,0.021821
317216,0.03059
317295,0.027614
317307,0.144609
317335,0.013643
317372,0.038584
317373,0.155069
317451,0.012925
317454,0.001383
317492,0.174659
317516,0.030993
317566,0.031209
317593,0.018774
317625,0.00698
317638,0.001142
317647,0.108136
317699,0.032041
317713,0.032413
317716,0.577193
317766,0.004276
317771,0.382673
317818,0.024039
317824,0.007342
317857,0.022321
317863,0.018302
317876,0.065271
317959,0.180339
318013,0.015902
318100,0.013771
318105,0.005357
318119,0.0617
318161,1.797903
318190,0.125566
318237,0.006039
318270,0.000548
318281,0.237674
318339,0.060664
318345,0.048996
318373,0.462051
318426,0.299652
318462,0.001043
318485,0.022072
318508,0.094958
318531,0.169015
318567,0.166777
318621,0.135594
318652,0.019585
318667,0.028106
318695,0.02735
318707,0.063063
318773,0.004825
318787,0.080669
318807,0.002905
318821,0.060038
318845,0.240368
318855,0.319968
318892,0.115597
318910,0.357002
318966,0.02726
319014,0.039802
319037,0.020213
319067,0.054552
319084,0.006012
319109,0.003166
319119,0.008587
319160,0.038534
319165,0.028858
319196,0.020167
319229,0.029163
319277,0.568041
319366,0.013706
319410,0.367562
319482,0.005933
319503,0.052338
319521,0.026091
319556,0.01569
319570,0.032107
319585,0.017561
319639,0.060743
319677,0.182827
319730,0.006432
319777,0.01712
319786,0.154515
319859,0.047437
319878,0.02577
319926,0.006024
319962,0.046392
319993,0.128728
320069,0.033438
320084,0.210112
320170,0.010126
320172,0.10195
320177,0.545726
320253,0.052828
320262,0.027375
320270,0.059054
320326,0.042574
320406,0.0209
320441,0.043034
320521,0.03016
320614,0.010692
320657,0.202011
320689,0.065597
320729,0.281671
320756,0.047311
320771,0.059719
320778,0.028469
320824,0.399185
320895,0.107219
320914,0.00044
320934,0.019458
320984,0.001741
321025,0.045606
321085,0.01759
321125,0.042855
321139,0.053341
321165,0.553901
321192,0.015611
321253,0.05856
321255,1.077639
321366,0.169751
321398,0.096351
321400,0.284812
321483,0.6177
321546,0.289451
321597,0.037004
321625,0.013625
321631,0.249046
321652,0.036943
321677,0.010638
321713,0.037161
321721,0.031528
321782,0.056161
321855,0.010491
321888,0.1102
321899,0.009235
321962,0.299941
322004,0.350232
322027,0.157053
322030,0.091685
322177,0.005127
322269,0.009529
322339,0.074428
322419,0.011804
322451,0.009718
322494,0.008974
322500,0.003935
322525,0.026199
322569,0.041563
322657,0.016982
322678,0.159747
322725,0.045811
322791,0.013227
322831,0.006326
322890,0.23302
322918,0.009532
322941,0.002477
322948,0.002466
322996,0.043243
323101,0.02672
323116,0.005085
323117,1.432158
323157,0.52596
323283,0.322492
323317,0.242438
323347,0.043704
323350,0.10353
323364,0.035905
323497,0.014483
323520,0.008792
323523,0.026899
323566,0.28685
323572,0.10136
323688,0.751831
323761,0.169571
323784,0.049317
323837,0.163386
323903,0.061205
323942,0.587206
324110,0.035368
324115,0.182355
324243,0.05643
324277,0.043341
324321,0.08276
324324,0.019851
324397,0.903102
324450,0.754501
324511,0.005915
324513,0.066336
324519,0.556148
324600,0.026776
324677,0.006158
324756,0.033685
324790,0.036392
324798,0.124801
324802,0.043276
324903,0.460172
324949,0.059194
324971,0.025667
324976,0.032585
325057,0.014051
325067,0.087109
325185,0.076887
325241,0.024279
325296,0.209154
325369,0.204495
325403,0.588957
325425,0.156928
325507,0.087451
325543,0.064681
325550,0.053448
325587,0.158352
325612,0.025161
325653,0.003539
325701,0.002765
325719,0.015302
325829,0.024217
325845,0.099139
325873,0.045654
325953,0.025108
325970,0.059602
325992,0.08344
326022,0.581011
326075,0.016387
326172,0.123807
326173,0.032432
326383,0.049551
326413,0.663896
326480,0.025352
326510,0.023
326548,0.030534
326590,1.529157
326620,0.017425
326652,0.057068
326677,0.094681
326721,0.360493
326753,0.264734
326769,0.057997
326829,0.009743
326866,0.047637
326909,0.025793
326922,0.03104
326969,0.063904
327031,0.084305
327089,0.036036
327132,0.016773
327193,0.00284
327218,0.920472
327253,0.03126
327308,0.151302
327356,0.072908
327369,0.503296
327414,0.340231
327532,0.073189
327573,0.03
327706,0.01809
327741,0.028424
327783,0.23376
327826,0.003044
327847,0.13457
327907,0.145238
327935,0.01035
327959,0.005553
327969,0.001893
327996,2.906337
328045,0.514823
328080,0.092346
328194,0.036142
328248,0.001556
328249,0.041663
328290,0.182139
328306,0.305244
328417,0.177711
328459,0.283231
328488,0.01504
328567,0.912368
328596,0.297448
328709,0.036437
328756,0.003062
328769,0.040297
328789,0.009289
328845,0.00758
328862,0.009169
328892,0.019557
328948,0.010089
328964,0.042792
328985,0.048885
328992,0.073236
329065,0.106631
329080,0.175813
329096,0.184095
329152,0.63531
329182,0.105821
329299,0.492456
329321,0.827069
329409,0.392336
329498,0.286746
329533,0.334052
329597,0.011516
329601,0.037075
329726,0.015882
329737,0.06388
329766,0.000193
329775,6.608266
329972,0.458102
330047,0.000906
330061,0.023245
330089,0.001175
330138,0.177828
330190,0.006963
330203,0.111692
330235,0.107341
330236,0.176425
330272,0.002781
330300,0.759344
330323,0.280119
330339,0.02413
330369,0.000175
330371,0.234171
330413,0.024731
330445,0.174861
330471,0.115724
330499,0.743742
330532,0.009334
330538,0.348759
330568,0.031071
330601,0.269404
330612,0.004326
330648,0.078986
330705,0.012482
330763,0.014311
330819,0.047079
330832,0.218321
330842,1.189115
330920,0.003026
330935,0.017061
330967,0.013747
331060,0.029302
331086,0.052228
331101,0.024391
331115,0.01136
331197,0.007042
331211,0.004579
331230,0.181622
331260,0.68584
331273,0.164712
331313,0.026521
331327,0.027204
331380,0.208761
331407,0.590578
331435,0.165418
331460,0.069186
331511,0.369297
331567,1.266863
331579,0.666884
331629,0.038669
331636,0.393336
331725,0.006848
331763,0.657114
331900,1.031999
331949,0.15413
332042,0.378303
332059,0.002975
332101,0.057769
332125,0.095363
332128,0.066659
332173,0.11726
332217,0.031391
332250,0.817088
332408,0.018758
332423,0.016894
332475,0.103886
332515,0.01216
332582,0.032631
332713,2.177138
332750,1.064967
332770,0.519651
332774,0.536081
332813,0.307754
332853,0.0017
332924,0.491013
333060,0.042587
333167,0.019063
333195,0.040555
333239,0.061834
333302,0.140474
333336,0.087465
333367,0.043658
333408,0.096377
333430,1.115888
333487,0.036997
333540,0.031891
333588,0.991797
333622,0.286274
333650,0.139987
333679,0.029195
333692,0.26901
333714,0.185745
333753,0.398846
333784,0.009674
333853,0.024941
333886,0.313363
334028,0.028101
334040,0.041122
334057,0.671839
334061,1.362299
334096,0.037205
334117,0.054323
334193,0.019999
334208,1.041069
334238,0.072851
334297,0.950696
334481,0.03431
334547,1.657733
334569,3.218613
334597,2.826657
334601,19.799929
334675,0.111823
334677,0.142506
334678,2.110378
334684,0.402103
334728,0.987772
334805,0.003784
334826,0.189661
334947,0.710903
334954,0.200684
334986,0.106664
335011,0.000314
335034,0.055028
335064,0.21859
335069,0.422572
335119,0.061022
335132,0.088642
335155,0.011923
335157,0.09004
335171,0.281298
335230,0.114816
335254,0.175173
335281,0.036346
335297,0.229265
335337,0.006905
335349,0.723759
335382,0.131025
335416,0.000705
335453,0.031688
335506,0.032839
335549,0.018556
335580,0.012533
335601,0.001686
335610,0.062731
335696,0.018496
335698,0.021509
335732,0.147286
335759,0.001469
335771,0.040801
335773,0.234529
335777,0.264031
335835,0.002051
335874,0.178062
335887,0.111707
335911,0.112936
335948,0.208382
336020,0.046585
336069,0.216664
336090,0.148571
336175,0.001971
336250,0.013361
336297,0.028933
336320,0.007952
336342,0.123998
336369,0.039214
336454,0.00182
336475,0.017214
336513,0.163519
336619,0.008304
336629,0.016754
336658,0.007642
336679,0.468927
336686,0.107405
336743,0.002087
336748,0.539904
336810,0.065542
336845,0.376647
336956,0.482208
336972,0.342338
337011,0.018481
337090,0.034942
337095,0.142881
337138,0.038239
337283,0.081842
337300,0.056427
337380,0.021915
337477,0.004184
337518,0.045552
337527,0.001586
337548,0.002305
337611,0.690065
337633,0.046004
337677,0.037625
337693,0.055589
337722,0.089341
337755,0.117552
337805,0.019228
337832,0.013933
337859,0.039628
337896,0.04755
337933,0.050543
337997,0.137024
338042,0.003489
338079,0.011731
338119,0.010706
338156,0.100191
338178,0.118777
338212,0.546141
338230,0.008909
338308,0.352858
338328,0.121494
338372,0.127317
338405,0.160172
338421,0.073061
338432,0.055024
338488,0.001909
338505,0.027385
338561,0.616785
338582,0.040898
338589,0.256966
338637,0.002423
338649,0.018642
338698,0.056573
338710,0.023407
338755,0.003518
338758,0.150022
338785,0.090505
338894,0.021481
338924,0.005311
338992,0.009172
339036,0.096071
339105,0.035523
339133,0.019366
339134,0.030999
339184,0.008389
339203,0.050489
339249,0.036852
339324,0.014281
339368,0.398343
339374,1.174734
339452,0.006795
339487,0.040859
339570,0.020273
339668,2.027512
339776,0.052721
339788,0.016305
339876,0.112325
339966,0.027672
340038,0.077951
340045,0.459869
340049,0.03279
340186,0.753536
340284,0.002179
340317,0.026224
340373,0.01226
340427,0.02715
340433,0.041882
340467,0.396711
340507,0.874223
340571,1.247216
340634,0.045241
340661,0.009778
340727,0.094411
340771,0.111004
340773,0.472315
340923,0.072825
341007,0.015125
341040,0.006214
341085,0.045438
341125,0.493444
341166,0.255244
341194,0.396089
341259,0.074606
341312,0.021808
341336,0.045415
341366,0.089243
341408,0.023007
341466,0.036173
341549,0.543694
341634,0.000549
341645,0.075025
341688,0.107829
341713,0.036444
341717,0.044025
341758,0.187022
341770,0.240453
341780,0.222991
341817,0.246949
341891,0.034237
341945,0.010436
342008,0.015213
342066,0.011012
342116,0.212889
342129,0.012886
342152,0.169968
342255,0.153166
342358,0.116972
342371,2.914073
342466,0.042903
342514,0.238349
342598,0.120387
342606,0.084694
342646,0.003775
342657,0.00194
342695,0.031319
342729,0.013309
342785,0.072834
342811,0.112905
342830,0.628447
342902,0.039874
342914,0.022772
342930,0.002262
342969,0.007711
342974,0.13495
343097,0.015079
343099,0.155494
343158,0.110647
343165,0.036876
343199,0.13324
343200,0.177837
343211,0.46548
343266,0.013514
343277,0.177343
343282,0.099628
343341,1.08624
343429,0.047089
343486,0.091086
343537,0.007471
343562,0.405192
343646,0.335283
343664,0.012671
343665,0.01002
343673,0.141789
343762,0.033706
343778,0.042922
343805,0.731198
343897,0.078154
343942,0.005315
343972,0.020281
343977,0.004845
344019,0.322634
344112,0.012048
344205,1.370032
344253,0.035941
344254,0.548241
344291,0.00303
344343,0.103144
344378,0.260704
344395,0.006913
344418,0.067826
344448,0.022746
344467,0.028845
344512,0.024341
344569,0.036846
344700,1.065871
344757,1.270538
344846,0.023108
344859,0.002226
344872,0.285729
344958,1.066333
345017,0.386525
345056,0.517598
345111,0.055159
345146,0.028506
345186,0.025243
345226,0.048191
345238,0.001458
345285,0.006034
345345,0.029218
345366,0.079709
345376,0.267757
345384,0.434471
345531,0.005597
345577,0.006273
345626,0.039391
345701,0.174077
345749,0.025079
345807,0.080499
345840,0.014633
345878,0.147484
345891,0.002993
345958,0.064274
345969,0.213289
345974,0.274944
346083,0.009055
346169,0.192107
346184,0.04728
346202,0.214074
346343,0.015888
346353,0.040693
346437,0.043916
346445,0.179449
346521,0.035695
346538,0.440609
346570,2.020272
346619,0.600925
346685,0.029891
346764,0.019654
346774,0.008054
346799,0.010845
346826,0.011356
346867,0.026856
346878,0.064435
346940,0.201666
346975,0.005763
347001,0.12641
347035,0.015448
347049,0.053316
347128,0.046774
347177,0.691724
347225,0.311071
347314,0.026873
347464,0.034295
347589,0.003874
347618,0.006029
347625,0.042814
347645,0.011839
347716,0.078353
347755,0.025892
347756,0.225491
347838,0.031676
347856,0.046939
347899,0.450431
348035,0.083539
348084,0.242864
348094,0.338095
348203,0.132499
348220,0.018893
348368,0.591163
348371,0.044041
348421,0.005127
348465,0.038504
348495,0.009693
348559,0.01414
348570,0.093472
348608,0.023529
348631,0.079949
348730,0.003487
348741,0.012546
348801,0.000202
348891,0.130115
348948,0.013905
348965,0.034823
348973,0.23849
349007,0.477793
349066,0.021184
349162,0.016834
349177,0.056457
349267,0.01031
349325,0.017904
349343,0.124299
349377,0.935694
349557,0.120379
349571,0.086396
349645,0.191979
349678,0.264736
349722,0.100927
349807,0.154595
349890,0.210766
350032,0.008135
350166,0.007209
350301,0.171962
350365,0.624199
350404,0.136654
350469,0.132113
350518,0.681795
350620,0.003398
350657,0.097795
350767,0.009515
350769,0.228781
350781,0.030276
350784,0.22042
350886,0.370022
351057,0.10584
351302,0.286244
351356,0.005882
351360,0.186725
351378,0.570117
351422,0.230536
351504,0.283222
351558,0.0648
351585,0.012358
351634,0.164895
351717,0.272134
351725,0.252562
351786,0.006588
351856,0.008372
351880,0.724376
351956,2.873762
352118,0.001082
352166,0.142086
352214,0.006339
352230,1.096303
352256,0.070738
352287,0.028378
352290,0.016443
352324,0.093906
352330,1.120452
352392,0.469763
352455,0.037254
352495,0.043121
352544,0.032195
352554,0.160167
352568,0.072272
352586,0.00766
352630,0.031042
352663,2.428317
352768,0.031183
352812,0.002349
352889,0.091973
352950,0.080284
352959,0.022937
353036,0.001673
353038,0.157231
353053,0.795088
353081,0.390172
353123,2.71453
353202,0.040625
353332,0.063108
353421,0.471998
353527,0.382549
353574,0.028237
353765,0.079037
353772,1.777649
353852,0.145801
353914,0.333486
353997,0.1473
353998,0.09499
354160,0.24512
354173,0.087231
354196,0.047663
354235,0.07484
354289,0.026155
354307,0.011296
354346,0.264056
354387,0.555681
354409,0.232939
354487,0.03246
354541,0.05024
354582,0.284227
354623,0.006814
354668,0.055796
354705,0.030894
354738,0.126908
354761,0.010635
354791,0.010054
354799,0.173909
354843,0.962537
354888,0.001657
354954,0.002382
354958,0.004127
355001,0.00069
355040,0.244349
355097,0.005681
355099,0.012063
355127,0.026544
355202,0.065129
355250,0.034614
355268,0.010023
355324,0.023259
355380,0.015854
355396,0.002265
355445,0.165053
355454,0.007774
355493,0.02422
355514,0.131133
355569,0.020712
355571,0.067951
355694,0.021229
355717,0.015053
355718,0.807112
355760,0.008443
355821,0.006282
355864,0.028168
355877,0.147376
355960,0.167734
356004,0.005251
356026,0.074948
356034,0.573943
356110,0.193383
356129,0.35959
356170,0.033373
356178,0.27053
356212,0.18031
356236,0.090006
356254,0.156333
356268,0.040614
356375,0.006211
356407,0.022795
356432,0.0446
356475,0.009238
356532,0.045796
356555,0.002208
356631,0.008366
356717,0.113863
356765,0.014778
356773,0.070482
356781,1.03538
356829,0.002089
356857,0.164673
356882,0.090327
356928,0.001309
356964,0.016477
356965,0.362637
356998,0.002427
357006,0.336402
357053,0.005185
357081,0.030172
357092,0.277187
357105,0.330378
357123,0.53422
357226,0.060298
357255,0.014027
357273,0.219461
357334,0.265279
357361,0.006227
357367,0.870584
357375,0.025718
357423,0.014675
357500,1.23206
357579,0.213113
357637,0.001468
357649,0.39393
357728,0.003139
357783,0.01068
357787,0.033075
357801,0.090328
357841,0.064524
357921,0.001337
357957,0.405896
357972,0.940651
357973,0.049337
358009,0.324098
358015,0.376942
358045,0.079835
358098,0.720519
358184,0.049292
358262,0.10681
358350,0.01656
358396,0.162787
358434,2.74802
358468,0.207889
358472,0.641784
358513,0.041473
358522,0.00956
358547,0.050081
358576,0.44794
358670,0.000776
358706,0.007455
358716,0.038048
358735,0.025879
358751,0.001784
358797,0.012958
358832,0.044769
358858,0.122991
358883,0.011839
359008,0.019069
359022,0.043699
359036,0.067479
359072,0.381618
359121,0.011858
359143,0.353603
359174,0.063309
359274,0.000471
359304,0.142678
359347,0.009479
359387,0.017167
359390,0.167998
359432,0.028194
359442,0.019568
359472,0.241484
359507,0.0344
359523,0.166696
359547,0.248602
359581,0.105849
359596,0.883378
359643,0.457444
359710,0.025704
359741,0.007241
359753,0.003673
359757,0.094521
359771,0.223306
359773,1.441817
359841,0.028661
359850,0.032213
359864,0.021522
359981,0.01342
359990,0.004846
360002,0.277096
360024,0.019612
360037,0.181559
360069,0.020009
360087,0.044641
360130,0.00907
360191,0.491882
360410,0.011387
360444,0.007762
360513,0.046396
360533,0.150419
360594,0.071751
360702,0.020015
360732,0.04668
360768,0.093684
360802,0.187181
360861,0.010951
360866,0.036035
360892,0.034504
360970,0.007166
360990,0.036195
361031,0.059927
361073,0.05319
361170,0.044861
361203,0.008639
361208,0.043048
361241,0.047498
361243,1.634586
361301,0.050826
361333,0.045356
361341,0.070522
361365,0.601183
361411,0.105931
361431,1.148632
361461,0.276975
361477,0.597997
361531,0.020711
361591,0.069012
361611,0.028936
361621,0.116066
361651,0.309801
361663,0.117208
361681,0.209174
361693,0.122337
361711,0.18617
361733,0.308126
361763,0.288088
361783,0.068796
361803,0.043461
361804,1.22506
361869,0.094262
361873,0.034361
361893,0.630725
361903,0.332736
361933,0.428832
361953,0.17499
361963,0.841114
361983,0.510309
362003,0.609426
362023,0.746299
362069,0.310826
362092,0.328701
362121,0.169921
362145,2.242502
362156,0.03558
362198,0.009449
362220,0.147278
362272,1.138619
362316,0.021041
362338,0.060993
362415,0.01324
362420,0.020993
362447,0.040403
362462,0.009049
362497,0.041468
362534,0.028572
362584,0.05396
362613,0.012806
362633,0.050757
362766,0.00466
362767,0.129223
362770,0.50656
362798,0.05513
362876,0.02289
362882,0.013705
362929,0.013029
362987,0.165641
363021,0.004185
363042,0.04435
363075,0.022318
363093,0.840313
363134,0.117178
363155,0.017697
363204,0.028779
363213,0.011542
363241,0.018209
363254,0.007521
363310,0.034681
363357,0.192647
363371,0.45128
363410,0.294724
363439,0.010776
363469,0.064072
363510,0.002058
363537,0.215693
363591,0.067196
363614,0.007849
363630,0.021697
363662,0.036394
363679,0.004405
363717,0.022301
363818,0.028394
363825,0.088242
363846,0.009984
363899,0.005924
364000,0.096337
364028,0.052321
364063,0.214666
364084,0.301174
364148,0.045072
364154,0.020467
364167,0.105419
364255,0.054377
364377,0.003818
364407,0.003543
364415,0.013371
364467,0.119188
364492,0.031045
364493,0.317323
364517,0.007995
364557,0.017812
364568,0.04594
364670,0.077381
364784,0.002412
364787,0.131486
364828,0.022875
364830,0.372339
364842,0.327661
364868,0.141943
364921,0.028452
364952,0.033259
364968,0.038555
365001,0.032178
365070,0.144869
365089,0.069597
365119,0.079309
365169,1.14333
365278,0.005146
365288,0.064084
365365,0.00454
365402,0.014641
365429,0.85733
365463,0.312888
365518,0.02011
365520,0.028143
365570,0.102348
365671,0.439891
365728,0.027866
365756,0.414467
365769,0.714959
365770,0.390063
365859,0.137929
365872,0.585256
365891,0.107706
365961,0.070212
366047,0.101273
366089,0.19877
366141,0.35126
366171,0.27454
366193,0.058369
366204,0.21798
366229,0.024389
366257,0.000674
366297,0.121154
366402,0.137391
366425,0.490885
366470,0.648326
366524,0.015644
366559,0.009183
366659,0.004801
366716,0.025059
366748,0.001545
366753,0.008553
366776,1.447007
366808,0.066186
366819,0.100257
366833,0.047958
366853,0.182166
366927,0.018354
366965,0.143669
366977,0.380153
367099,0.123644
367183,0.055872
367260,0.011044
367319,0.016464
367348,0.026117
367352,0.36256
367358,0.076679
367456,0.041379
367478,0.054078
367556,0.079628
367568,0.176331
367599,0.228619
367656,0.078527
367703,0.12511
367756,0.004078
367763,0.601546
367813,0.290702
367831,0.032085
367878,0.344181
367899,0.093035
367929,0.05787
367956,0.000697
367968,0.240377
368007,0.023542
368038,0.037782
368159,0.006749
368169,0.024956
368173,0.086004
368334,0.032012
368336,3.411909
368385,0.0277
368457,0.243444
368483,0.349249
368519,0.044538
368547,0.012512
368557,0.003478
368560,1.904385
368621,0.010924
368696,0.066375
368760,0.034771
368824,0.002157
368827,0.037158
368858,0.010131
368908,0.225262
368957,0.022561
369061,0.139739
369089,0.416865
369277,0.02202
369301,0.176742
369367,0.11662
369370,0.0581
369372,1.252105
369436,0.031338
369456,0.341231
369592,0.02948
369598,0.010963
369637,0.057339
369812,0.301017
369887,0.71043
370078,0.4195
370181,0.074738
370187,0.330081
370338,0.028422
370379,0.177858
370409,1.570025
370498,0.386646
370514,0.073845
370541,0.804053
370556,0.869611
370577,0.03382
370662,0.01588
370804,0.576107
370955,0.033933
371002,0.027634
371029,0.012569
371056,0.587216
371098,0.013914
371123,0.247535
371158,0.185218
371166,0.008457
371190,0.024919
371260,0.008373
371262,0.02229
371289,0.148359
371316,0.011806
371353,0.044862
371357,0.124678
371388,0.732274
371411,0.073629
371505,0.853359
371570,0.032552
371620,0.73397
371665,0.044694
371710,0.002071
371720,0.006549
371728,0.021448
371760,0.025491
371768,0.047054
371774,0.627265
371863,0.089964
371889,0.43088
371893,1.035455
371966,0.023058
371974,0.144228
372034,0.047427
372057,0.838613
372088,0.064068
372174,0.102992
372210,0.027024
372251,0.183433
372284,0.111717
372369,0.102949
372388,0.05896
372420,0.045326
372422,0.055138
372440,0.016647
372521,0.503342
372548,0.182827
372585,0.270219
372611,0.014978
372635,0.0081
372674,0.000723
372710,0.227706
372732,0.142684
372776,0.10829
372923,0.089175
372935,0.292977
372971,0.100173
373006,0.554139
373114,0.071318
373119,0.073235
373190,0.620905
373392,0.374397
373417,0.02868
373430,0.178371
373490,0.008996
373507,0.260539
373531,0.16373
373548,0.653968
373632,0.00755
373670,0.008572
373704,0.013769
373710,0.1216
373749,0.00042
373762,0.007727
373793,0.014358
373804,0.017836
373914,0.004232
373919,0.006105
373960,0.001318
373961,0.031553
373999,0.040957
374037,0.039198
374089,0.003907
374142,0.017482
374156,0.314795
374173,0.934298
374217,1.002185
374294,0.411808
374323,0.028072
374347,0.211752
374386,0.023237
374391,0.046507
374411,0.001554
374474,0.024527
374503,0.014529
374557,0.073425
374581,0.007527
374613,0.003762
374647,0.034437
374679,1.076384
374747,0.29213
374759,0.172838
374771,0.006878
374808,0.209353
374823,0.29425
374858,0.078075
374877,0.005375
374881,0.395377
374935,0.051173
375048,0.093061
375085,0.084489
375104,0.066401
375110,0.589499
375169,0.184517
375209,0.113698
375297,0.018882
375367,0.044733
375369,0.131434
375375,1.045013
375486,0.025689
375494,0.013445
375511,0.019916
375592,0.068918
375616,0.00397
375647,0.447592
375673,0.010571
375683,0.038253
375749,0.058432
375779,0.014491
375787,0.278121
375835,0.120847
375975,0.048338
375992,0.018391
375998,0.078807
376033,0.10335
376045,0.217229
376063,0.122096
376256,0.0112
376273,0.082155
376303,0.078105
376337,0.024345
376365,0.019717
376393,0.046923
376398,0.244484
376433,0.024285
376444,0.00781
376463,0.022253
376490,0.020879
376496,0.163431
376568,0.076832
376572,0.465631
376647,0.036968
376707,0.066276
376719,0.351591
376765,0.074063
376789,0.098925
376868,0.033851
376956,0.008818
377035,0.006844
377114,0.038301
377123,0.002016
377170,0.044406
377172,0.393337
377217,0.067685
377239,0.454326
377278,0.037549
377364,0.121876
377405,0.034086
377517,0.006872
377577,0.052806
377592,0.000728
377645,0.028824
377655,0.084662
377720,0.125849
377756,0.345107
377765,3.379499
377808,0.380112
377824,0.437822
377854,0.039157
377865,0.00397
377875,0.345624
377961,0.031294
377964,0.001358
378016,0.516336
378101,0.585518
378154,0.239978
378205,0.018294
378207,0.044106
378268,0.182042
378276,0.047893
378363,0.074387
378369,0.088181
378413,0.095096
378476,0.239141
378549,0.017006
378558,0.135927
378595,0.001065
378691,0.066665
378788,0.009835
378918,0.001411
378966,0.279103
379003,0.020169
379018,0.074087
379041,0.029387
379077,0.270659
379100,0.06124
379143,0.056457
379265,0.001404
379269,0.518417
379451,0.002441
379470,0.087393
379517,0.020732
379529,0.007099
379545,0.00822
379567,0.112977
379568,8.267146
379643,0.037726
379664,0.122128
379728,0.004823
379755,0.204712
379788,0.069315
379878,0.008458
379902,0.015836
380003,0.014377
380046,0.024484
380117,0.008433
380142,0.083047
380172,0.0878
380283,0.224855
380294,0.446365
380307,1.685564
380308,0.89547
380310,1.463827
380318,18.162496
380420,0.212403
380590,0.11293
380635,0.861524
380723,0.01781
380761,0.347075
380774,5.429784
380827,0.043487
380850,0.060969
380875,0.009921
380894,0.328628
380907,0.383729
380974,0.018234
380983,0.028191
381015,0.021913
381030,0.03048
381139,0.036964
381214,0.036099
381216,0.170441
381377,0.055593
381378,0.256453
381443,0.000767
381612,0.012921
381671,0.074511
381678,0.054172
381766,0.035186
381808,0.005462
381843,0.035541
382025,0.633867
382167,0.009119
382206,0.049542
382227,0.577974
382322,0.033751
382351,1.811408
382441,0.020561
382468,0.223831
382543,0.000438
382572,0.006801
382589,0.071538
382665,0.006208
382836,0.118733
382978,0.258028
383017,0.009501
383025,0.073602
383138,0.120618
383174,0.130759
383225,0.006262
383416,0.007383
383444,0.024528
383473,0.382423
383507,0.052969
383520,0.001565
383552,0.322735
383677,0.018586
383732,0.13422
383755,0.17451
383885,0.019237
383912,0.184675
384088,0.005575
384115,0.008693
384180,0.105671
384204,0.024685
384217,0.268229
384222,0.12373
384231,0.213549
384262,0.01811
384306,0.002565
384356,0.060808
384375,0.122075
384443,0.053699
384446,0.132946
384636,0.098857
384689,0.010447
384719,0.129249
384747,0.155969
384796,0.025465
384823,0.005227
384833,0.158031
384966,0.021771
384967,0.036807
384968,0.999248
385044,0.003001
385061,0.020718
385075,0.046932
385206,0.097244
385225,0.018177
385288,0.006523
385296,0.036045
385323,0.041111
385427,0.001232
385447,0.07757
385524,0.016193
385535,0.267922
385572,0.407488
385591,0.027849
385642,0.182531
385707,0.304062
385790,0.034618
385852,0.002338
385860,0.196761
385898,0.021978
385944,0.102854
385961,0.409959
386011,1.217914
386072,0.143677
386136,0.000168
386145,0.337343
386154,1.717907
386173,0.282181
386208,1.020036
386370,0.843902
386399,0.339306
386459,0.003172
386487,2.5e-05
386509,0.690629
386612,0.01182
386617,0.201069
386631,0.144248
386685,0.002553
386693,0.003522
386740,0.027811
386768,0.175123
386778,0.358841
386892,0.014545
386989,0.004257
387031,0.021542
387040,0.024091
387104,0.004214
387150,0.005313
387162,0.025457
387197,0.003426
387216,0.008953
387225,0.013931
387267,0.044146
387320,0.142196
387368,0.117207
387373,0.076566
387409,2.672718
387448,0.373908
387495,0.066227
387511,0.028418
387554,0.020898
387570,0.000362
387647,0.006945
387692,0.024624
387709,0.012603
387748,0.337056
387910,0.003899
388005,0.062532
388120,0.023888
388122,0.105348
388164,0.297654
388235,0.167202
388280,0.007106
388332,0.009448
388339,0.014777
388362,0.019969
388422,0.018228
388430,0.060677
388433,0.106686
388484,0.034224
388501,0.011384
388522,0.01957
388531,0.005235
388566,0.171915
388589,0.097282
388604,0.014911
388610,0.002741
388786,0.002155
388828,0.019881
388865,0.023654
388919,0.050939
388937,0.008072
388993,0.06241
389075,0.047258
389105,0.012475
389167,0.121435
389259,0.032677
389270,0.009489
389344,0.011545
389398,0.126461
389420,0.164205
389489,0.058588
389525,0.025287
389551,0.009784
389570,0.002429
389593,0.014873
389642,0.002809
389652,0.009922
389688,0.005342
389707,0.038819
389725,0.178862
389766,0.032893
389767,0.009933
389778,0.224678
389805,0.030517
389830,0.240293
389874,0.034141
389930,0.236839
389988,0.018882
390015,0.818467
390079,0.003966
390117,0.369736
390161,0.019765
390178,0.024544
390191,0.025136
390222,0.437555
390253,0.736522
390316,0.001548
390348,0.022552
390367,0.012262
390377,0.358493
390399,0.840566
390496,0.236268
390525,0.01662
390529,0.320554
390553,0.005351
390633,0.013998
390637,0.195111
390682,0.115187
390731,0.225254
390815,0.097025
390886,0.335985
390915,0.197287
390956,0.01063
390967,0.067418
390993,0.080663
391036,1.279358
391111,0.025289
391123,0.13725
391191,0.020518
391201,0.040215
391239,0.024789
391260,0.051317
391317,0.001817
391342,0.020842
391360,0.028804
391422,0.01513
391432,0.011349
391433,0.013108
391458,0.023912
391477,0.189055
391491,0.158145
391505,0.017642
391535,0.094972
391556,0.263939
391597,0.004255
391654,0.09944
391680,0.007579
391749,0.041184
391755,0.002596
391771,0.037279
391846,0.078849
391932,0.071869
392011,0.063488
392031,0.120202
392053,0.106766
392077,0.02578
392119,0.004694
392162,0.324229
392172,1.387009
392215,0.007764
392264,0.123634
392286,0.022655
392319,0.40397
392361,0.012686
392424,0.036625
392445,0.029405
392461,0.016538
392484,0.025139
392491,0.02923
392527,0.025529
392642,0.025477
392656,0.028714
392703,0.014666
392713,0.004677
392769,1.325107
392864,0.055042
392890,0.144678
392947,0.545739
393085,0.008172
393117,0.011688
393119,0.035048
393162,0.022622
393198,0.197476
393240,0.097391
393272,0.250929
393302,0.018358
393350,0.003811
393357,0.042014
393366,0.040875
393426,0.022391
393440,0.366182
393492,0.084543
393507,0.025318
393511,0.179515
393568,0.054531
393595,0.065457
393678,0.028219
393737,0.006322
393751,0.071061
393801,0.085514
393825,0.056935
393884,0.094396
393921,1.053995
393968,0.067616
393971,0.067359
394073,0.069979
394100,0.183207
394115,0.040053
394162,0.498236
394194,0.055682
394205,0.008677
394236,0.077877
394304,0.021327
394440,0.425891
394493,0.024914
394518,0.050832
394575,0.034216
394715,0.650469
394859,0.102142
394966,0.024772
395009,0.431003
395077,0.250173
395090,0.115611
395142,0.026414
395145,0.053139
395171,0.143949
395175,0.156748
395241,0.00936
395331,0.143932
395477,0.034231
395485,0.047191
395517,0.097216
395570,0.005443
395575,0.001609
395613,0.000256
395630,0.016804
395759,0.078699
395782,0.561203
395831,0.018605
395843,0.009446
395881,0.004401
395917,0.035255
395927,0.094069
395956,0.194914
395988,0.192057
396043,0.085744
396111,0.014132
396127,0.019783
396181,0.013355
396234,0.023072
396257,0.338316
396303,0.203241
396333,0.12371
396369,0.629091
396392,0.013799
396430,0.0247
396476,0.080373
396487,0.106336
396516,0.060681
396570,0.002586
396582,0.036355
396593,0.137834
396666,0.050328
396689,0.218752
396732,0.078093
396736,0.052525
396748,0.007956
396779,0.016051
396787,0.069873
396818,0.024929
396838,0.032968
396861,0.018171
396917,0.025835
396955,0.004382
396965,0.028341
396971,2.371463
396975,0.379465
397082,0.412388
397175,0.164015
397273,0.680383
397334,0.018359
397402,0.018557
397406,0.10714
397489,0.011976
397498,0.02435
397514,0.016424
397558,0.235204
397592,0.041257
397615,0.649228
397658,0.050675
397704,0.003612
397725,0.031607
397747,0.004037
397767,0.060039
397802,0.048148
397865,0.100513
397918,0.032304
397942,0.230912
397993,0.022413
398019,0.161242
398045,0.084861
398081,0.037957
398128,0.17541
398157,0.040374
398167,0.029248
398171,0.23729
398251,0.038479
398268,0.004096
398300,0.029264
398320,0.021569
398335,0.008187
398336,0.316459
398390,0.041304
398394,0.065722
398411,0.014695
398430,0.006943
398483,0.302105
398570,0.049519
398696,0.068591
398712,0.056448
398730,0.014851
398757,0.53529
398773,0.308601
398819,0.164451
398844,0.023764
398857,0.394424
398886,0.067106
398913,1.173018
398932,0.066859
398976,0.306389
398996,0.008931
399051,0.014129
399116,0.016485
399140,0.209523
399191,0.017527
399213,0.037587
399221,0.111667
399334,0.017708
399352,0.084328
399365,0.011101
399367,0.063214
399445,0.015657
399489,0.068879
399559,0.02595
399666,0.047442
399763,0.047325
399780,0.087181
399808,0.952258
399873,0.041323
399888,0.092114
399937,0.017641
399985,0.011733
400039,0.002653
400094,0.168741
400165,0.002659
400182,0.004817
400198,0.03676
400290,0.025157
400311,0.467892
400345,0.208229
400401,0.04276
400434,0.001754
400466,0.037176
400482,0.000697
400512,0.062504
400548,0.003578
400569,0.057548
400608,0.010194
400609,0.094992
400649,0.043571
400826,0.000419
400886,0.380945
400933,0.07398
400964,0.002152
401011,0.056069
401083,0.016023
401203,0.000619
401234,0.020946
401285,0.011117
401354,0.013214
401382,0.024864
401423,0.006399
401481,0.031191
401485,0.039381
401505,0.034783
401514,0.001398
401532,0.009278
401598,0.030461
401605,0.293149
401636,0.007915
401645,0.008441
401654,0.794835
401769,0.524919
401780,0.03077
401838,0.029708
401968,0.004002
402008,0.014141
402141,0.000734
402158,0.008061
402207,0.02393
402231,0.080197
402272,0.302239
402374,0.098148
402478,0.368087
402593,0.297539
402697,1.034993
402722,0.080712
402840,0.003562
402910,0.012435
402916,0.010215
402980,0.01984
403075,0.216626
403087,0.093212
403207,0.416141
403254,0.005322
403292,0.017751
403313,0.000222
403366,0.24094
403389,0.005702
403420,0.001189
403435,0.000361
403469,0.053334
403473,0.130759
403478,0.105837
403529,0.038463
403553,0.018702
403609,0.610959
403660,0.058649
403685,0.036462
403724,0.318702
403773,0.043913
403796,0.078601
403810,0.484245
403837,0.082611
403954,0.369998
404012,0.028585
404086,0.01705
404152,0.035565
404180,0.011637
404210,0.526889
404251,0.030449
404340,0.240096
404412,0.023693
404423,0.062325
404444,0.284571
404519,0.001078
404540,0.016218
404572,0.012144
404613,0.070956
404636,0.011253
404652,0.00481
404684,0.052143
404713,0.013286
404724,0.315883
404781,0.153365
404794,0.073512
404858,0.480886
404922,0.037029
404960,0.01487
404999,0.042225
405017,0.08332
405043,0.039365
405108,0.05038
405125,0.346104
405207,0.0466
405220,0.485829
405270,0.032176
405309,0.035213
405352,0.024533
405370,7.21793
405463,0.025174
405471,0.033739
405543,0.082815
405548,0.021005
405645,0.085815
405704,0.081983
405750,0.160451
405788,0.026178
405822,0.080775
405906,0.119279
405940,0.01229
405966,0.009682
405970,0.109982
405973,0.002487
405996,0.011122
406042,0.019584
406049,0.402509
406081,0.008768
406094,0.004035
406118,0.000533
406202,0.016553
406298,0.017221
406340,0.194474
406378,0.87569
406417,0.103324
406439,0.111255
406495,0.018432
406568,0.028145
406577,1.499272
406608,0.051747
406680,0.020234
406691,0.237482
406746,0.004323
406759,0.007207
406778,0.015459
406830,0.100292
406872,0.055044
407014,0.011381
407043,0.0765
407083,0.010129
407136,0.042419
407138,0.215507
407171,0.204784
407218,0.434977
407242,0.000666
407273,0.035586
407367,1e-05
407381,0.01903
407444,0.003401
407451,0.010809
407468,0.003163
407500,0.016511
407517,0.005911
407553,0.032182
407557,0.337503
407588,0.01079
407599,0.411073
407602,0.269044
407649,0.057243
407732,0.014968
407755,0.067998
407768,0.067173
407803,0.036995
407851,0.237526
407876,0.129648
407877,0.501249
407924,0.012451
407983,0.021562
408045,0.047175
408060,0.000341
408127,0.014081
408148,0.012587
408199,0.061015
408423,0.019413
408474,0.110262
408486,0.206923
408510,0.067335
408546,0.009245
408612,0.129462
408613,0.937512
408675,0.059599
408679,0.471237
408688,1.157288
408744,0.046525
408781,0.545501
408808,0.006245
408823,0.0424
408838,0.009946
408966,0.025756
408977,0.231988
409030,0.106841
409060,0.177844
409063,0.043526
409086,0.661861
409175,0.002489
409192,0.001314
409202,0.014893
409230,0.076522
409278,0.002983
409316,0.016736
409384,0.106724
409389,0.131858
409471,0.020436
409480,0.456469
409534,0.039269
409560,0.080037
409572,0.134862
409677,0.009379
409754,0.044245
409774,0.009334
409807,0.010599
409824,0.50224
409907,0.000518
409928,0.007803
410021,0.060655
410128,0.027616
410135,0.012906
410138,0.274219
410160,0.27102
410228,0.160262
410257,0.015142
410283,0.011059
410356,0.075864
410361,0.003102
410456,0.01324
410675,0.077525
410693,0.104931
410745,0.115059
410765,0.263836
410809,0.015902
410892,0.018954
410903,0.102005
410935,0.048114
410959,0.207505
411007,0.345746
411142,0.174468
411206,0.021369
411260,0.025558
411283,0.048385
411316,0.092133
411349,0.019462
411356,3.647758
411442,0.033116
411457,0.046654
411507,0.012323
411540,0.018505
411617,0.028284
411654,0.004124
411688,0.200931
411697,0.118176
411732,0.016673
411755,0.027284
411760,0.023251
411800,0.029911
411857,0.077723
411899,0.034354
411946,0.004166
412078,0.234333
412167,0.01133
412181,0.256216
412234,0.072356
412289,0.055467
412304,0.387364
412409,0.138337
412451,0.330104
412518,0.028544
412543,0.067649
412555,0.102328
412623,0.005171
412696,0.038512
412712,0.035276
412723,0.317067
412873,0.019334
413031,0.042428
413099,0.001261
413110,0.009674
413123,0.024826
413216,0.033554
413244,0.042931
413254,0.197971
413285,0.210395
413338,0.041816
413367,0.163266
413373,0.929643
413428,0.058293
413566,0.006777
413580,0.014279
413590,0.054623
413610,0.001351
413642,0.116956
413697,0.000134
413736,0.00912
413756,0.026771
413761,0.492796
413771,0.023875
413814,0.004131
413827,0.534115
413850,0.011406
413918,0.029794
413934,0.103862
413968,0.036256
413981,0.013072
413987,0.14511
414042,0.054412
414048,0.622112
414096,0.193827
414127,0.004707
414176,0.41367
414239,0.071573
414273,0.015591
414354,0.412363
414376,0.455155
414427,0.007243
414504,0.028838
414551,0.480308
414583,0.010172
414693,0.014461
414770,0.046362
414784,0.153648
414792,0.015977
414912,1.276103
414970,0.045072
415034,0.043512
415454,0.021771
415545,0.014642
415565,0.004462
415689,0.360364
415706,0.464191
415709,0.039629
415781,0.362151
415917,0.039383
415960,0.014216
415996,0.009774
416028,0.059182
416088,0.004714
416169,0.116031
416173,0.257917
416249,0.125506
416365,0.018388
416418,0.840059
416458,0.040738
416496,0.012926
416529,0.000894
416537,0.044366
416576,0.238214
416616,0.636594
416692,0.01459
416710,0.094743
416725,0.55349
416768,0.04194
416810,0.020937
416847,0.067105
416877,0.187152
416882,0.001795
416920,0.060764
417015,0.042144
417025,0.008631
417039,0.139103
417044,0.674039
417187,0.034874
417313,0.196596
417341,0.007835
417369,0.755346
417500,8.9e-05
417512,0.007955
417537,0.017457
417591,0.067662
417643,0.002343
417697,0.015836
417753,0.003253
417811,0.010649
417877,0.063385
417898,0.007662
417916,0.018176
417942,0.137878
418002,0.867881
418054,0.015636
418113,0.005473
418117,0.048936
418129,0.030638
418184,0.010771
418223,0.006922
418313,0.037146
418347,0.002882
418383,0.126272
418416,0.053434
418493,0.005972
418555,0.054227
418568,0.008354
418727,0.035391
418750,0.242898
418791,0.085944
418808,0.021852
418912,0.021625
418936,0.105755
418971,0.003871
418985,0.029212
419008,0.287892
419050,0.002437
419080,0.101939
419090,0.002529
419227,0.302746
419255,0.046106
419323,0.044803
419357,0.531204
419383,0.07635
419404,0.067417
419467,0.086994
419500,0.137526
419758,0.17007
419770,1.094169
419820,0.026002
419887,0.000767
419916,0.051665
419933,0.001627
419946,0.166214
419961,0.122764
420071,0.012246
420097,0.010311
420134,0.19979
420162,0.004068
420235,0.130983
420244,0.031402
420289,0.019464
420319,0.077737
420356,0.074565
420368,0.006089
420375,0.225298
420377,0.145616
420439,0.064353
420485,0.071524
420552,0.027858
420554,0.081352
420726,0.252066
420887,0.03851
420934,0.008225
420940,0.114662
420958,0.031561
420974,0.538586
420976,0.236258
421079,0.179942
421142,0.002482
421156,0.115015
421237,0.003145
421256,0.020994
421386,0.037305
421436,0.049583
421525,0.186315
421567,0.000718
421570,0.070485
421573,0.30415
421594,0.203332
421665,0.010211
421712,0.08584
421777,0.015621
421876,0.000107
421941,0.014888
421951,0.002096
421965,0.012762
422010,0.00686
422071,0.009085
422078,0.441506
422092,0.321079
422148,0.115011
422156,0.018319
422175,0.347508
422251,0.261871
422308,0.849347
422371,0.037312
422508,0.011324
422698,0.031238
422730,0.221384
422740,0.556525
422766,0.272903
422780,0.942229
422814,0.938641
422896,0.078518
423004,0.004077
423073,0.001108
423225,0.331086
423356,0.625988
423365,0.755396
423402,0.002932
423431,0.063952
423442,0.287411
423462,0.094895
423532,0.066776
423551,0.045529
423562,0.068107
423572,0.265749
423582,0.004715
423592,0.007325
423602,0.045602
423612,0.021409
423632,0.052164
423642,0.202034
423652,0.152673
423672,0.153045
423692,0.216099
423702,0.389883
423722,0.441916
423752,0.489167
423762,0.192088
423772,0.04347
423792,0.225735
423802,0.141418
423812,0.449033
423822,0.047788
423832,0.316537
423852,0.246882
423872,0.484558
423882,0.308482
423919,0.452934
423954,0.019057
423971,0.062885
423972,0.603778
424002,0.689919
424151,0.048266
424191,0.422463
424222,0.113336
424354,0.187517
424387,0.004396
424422,0.186842
424467,0.117389
424530,0.0112
424546,4.1e-05
424556,0.002392
424579,0.019877
424630,0.064909
424675,0.008395
424697,0.143612
424727,0.001472
424768,0.046231
424801,0.002102
424858,0.008078
424902,0.018944
424922,0.054696
424966,0.044273
424982,0.060933
425056,0.181164
425078,0.003162
425156,0.010828
425166,0.001204
425169,0.011847
425173,0.001141
425174,0.495571
425217,0.005861
425221,0.493666
425291,0.034492
425438,0.006895
425445,0.114364
425498,0.041235
425510,0.07688
425553,0.037283
425577,0.094154
425578,0.454376
425606,0.022097
425641,0.09746
425660,0.128437
425737,0.002095
425765,0.449566
425775,6.610748
425846,0.025527
425858,0.00569
425880,0.001733
425899,0.00793
425994,0.035072
426017,0.069774
426034,0.033648
426043,0.38966
426070,0.137355
426080,0.657959
426138,0.000123
426151,0.024911
426176,0.005583
426220,0.015826
426236,0.063817
426335,0.001772
426433,0.052202
426478,0.162632
426613,0.012749
426651,0.292131
426690,0.001
426724,0.043696
426727,0.061643
426746,0.211865
426808,0.007841
426815,0.48581
426873,0.019715
426908,0.003073
426925,0.022121
426968,0.264549
427090,0.002155
427259,0.234458
427307,0.000635
427341,0.010141
427349,0.511115
427388,0.02799
427440,0.015969
427541,0.028149
427562,0.101575
427570,0.108618
427640,0.017957
427705,0.013349
427751,0.000568
427772,0.035946
427805,0.501124
427867,0.173074
427888,0.053588
427932,0.047609
427980,0.031076
428031,0.361024
428069,0.003896
428079,0.017165
428121,0.300159
428158,0.019635
428167,0.177244
428171,3.462436
428288,0.075895
428338,0.745931
428503,0.017767
428717,0.626334
428758,0.094355
428774,3.301326
428985,0.053515
429139,0.039841
429196,0.129174
429227,0.196875
429281,0.85495
429341,0.289008
429371,0.010685
429563,0.043198
429575,0.638498
429610,0.267407
429624,0.108735
429731,0.007685
429840,0.363632
429940,0.010861
429972,0.202504
430055,0.034068
430098,0.222078
430150,0.236099
430189,0.108997
430234,0.007393
430246,0.019593
430256,0.015982
430299,0.058206
430326,0.449953
430379,0.099196
430401,0.002175
430448,0.694344
430510,0.057517
430548,0.12382
430572,6.905013
430661,0.740229
430706,0.055291
430740,0.04727
430779,0.162273
430874,0.368325
430940,0.012072
430999,0.014478
431103,0.009093
431111,1.166145
431156,0.161207
431194,0.038521
431274,0.08632
431309,0.010257
431374,0.288829
431420,0.13459
431511,0.48257
431555,0.62547
431656,0.033861
431752,0.073068
431758,1.087228
431768,0.450887
431854,0.00058
431864,0.161365
431881,0.03293
431914,0.03117
431927,0.016646
431931,0.000923
431952,0.062027
431979,0.036417
432004,0.051059
432032,0.024688
432069,0.043865
432083,0.029354
432102,0.010876
432137,0.435194
432178,0.016394
432195,0.482985
432251,0.046555
432254,0.285615
432302,0.001372
432372,0.019992
432373,0.067803
432415,0.00671
432501,0.022747
432534,0.008295
432680,0.001805
432789,1.226333
432839,0.189305
432893,0.472961
432922,0.015751
432953,0.026136
433060,0.985696
433137,0.100361
433147,0.14448
433160,0.76212
433190,0.255121
433236,0.107131
433314,0.077177
433324,0.099549
433368,0.088874
433399,0.013622
433442,0.011459
433466,0.005045
433509,0.017985
433555,0.06924
433557,0.035528
433573,3.28333
433635,0.028145
433792,0.076658
433864,0.075661
433902,0.092997
433917,0.008338
433955,0.022306
434036,0.014111
434108,0.002087
434158,0.05579
434289,0.228506
434294,0.016946
434380,0.022646
434415,0.032361
434488,0.029467
434558,0.457134
434679,0.003117
434699,0.036674
434708,0.061136
434756,0.037767
434775,0.101642
434820,0.035464
434895,0.004311
434905,0.000651
434967,0.601992
435118,0.003644
435143,0.046791
435249,0.054139
435254,0.101185
435375,0.040047
435467,0.196764
435502,0.064899
435510,0.50629
435570,0.194322
435608,0.031955
435665,0.016266
435708,0.210106
435748,0.002559
435778,0.009745
435942,0.044011
435956,0.004258
435961,0.317107
435986,2.605642
436061,0.029353
436074,0.018247
436128,0.011115
436160,0.090036
436196,0.093607
436214,0.002758
436252,0.059119
436266,0.006092
436436,0.017429
436509,0.02659
436515,0.080639
436567,0.148806
436576,0.110065
436666,0.026436
436743,0.030023
436779,0.923917
436820,0.174296
436852,0.244265
436875,0.066752
436978,0.000858
437016,0.035036
437031,0.010364
437036,0.205149
437102,0.012478
437109,0.970619
437169,0.525847
437214,0.000958
437233,0.823097
437258,0.156019
437283,0.374288
437317,0.508918
437433,0.005788
437458,0.111048
437483,0.048148
437508,0.0758
437574,0.06089
437583,0.869636
437676,0.209777
437769,0.286566
437872,0.046776
437896,0.333475
437980,0.026524
438024,0.054552
438074,0.951221
438175,0.193174
438190,0.003975
438218,0.008286
438220,0.158897
438277,0.01378
438322,0.197005
438368,0.055095
438416,0.02595
438438,0.004684
438476,0.416857
438543,0.021212
438579,0.012437
438693,0.161679
438732,0.078788
438734,0.009853
438808,0.005033
438850,0.001688
438853,0.177075
438973,3.034953
439017,0.01408
439098,0.039686
439140,0.075525
439205,0.031618
439285,0.007916
439329,0.025302
439362,0.016842
439370,0.005131
439438,0.017134
439447,0.012881
439551,0.055966
439586,0.061921
439611,0.100677
439725,0.008811
439777,0.063073
439849,0.302964
439899,0.018784
439964,0.003372
439991,0.000777
439992,0.019034
440019,0.07272
440068,0.126416
440111,0.069898
440130,0.072733
440157,0.197823
440245,0.040321
440302,0.005288
440320,0.143167
440360,0.050945
440380,0.040939
440394,0.250573
440464,0.004151
440535,0.027802
440558,0.046798
440624,0.023268
440627,0.075159
440719,0.046384
440765,0.034432
440769,0.282287
440806,0.007087
440848,0.104212
440951,0.016276
440961,0.145252
441001,0.188336
441017,0.088229
441060,0.036635
441099,0.080037
441127,0.039996
441179,0.095353
441223,0.03077
441267,0.154073
441293,0.004302
441355,0.044476
441381,0.036428
441407,0.146282
441436,0.062738
441468,0.129528
441505,0.035322
441509,0.230615
441533,0.386687
441575,0.090359
441666,0.038189
441680,0.12246
441767,0.025989
441772,0.098725
441819,0.071886
441822,0.00356
441829,0.097831
441885,0.165081
441932,0.026954
441939,0.007777
441969,2.570618
442092,0.033571
442134,0.332461
442180,0.03006
442257,0.049451
442280,0.037055
442317,0.047191
442361,0.027588
442385,0.093872
442510,0.037981
442534,0.025926
442639,0.001251
442646,0.120342
442672,0.011198
442709,0.059457
442739,0.00765
442831,0.051822
442903,0.2569
442908,2.60626
442957,0.020175
443091,0.006527
443108,0.045532
443126,0.028469
443166,0.52913
443323,0.008648
443398,0.769003
443451,0.018053
443468,0.017662
443482,0.234846
443492,0.035812
443550,0.081767
443585,0.127372
443669,0.397419
443734,0.033056
443740,0.25298
443774,0.029584
443776,0.290508
443830,0.532659
443838,0.136868
443895,0.043214
443928,0.077505
444029,0.222444
444063,0.33815
444116,0.008224
444158,0.008441
444169,0.019967
444178,0.04225
444191,0.593123
444251,0.033522
444265,0.169724
444336,0.439813
444519,0.055611
444561,0.055231
444653,0.017206
444655,0.756172
444782,0.073448
444851,0.082441
444882,0.017887
444939,0.033183
444972,0.53689
445007,0.009619
445171,0.117718
445213,0.004677
445260,0.002573
445362,0.017579
445419,0.014635
445568,0.246326
445583,0.079995
445613,0.005466
445627,0.002923
445656,0.009825
445667,0.010376
445670,0.075036
445674,0.598848
445676,3.671801
445678,0.874181
445679,9.793048
445767,0.533676
445798,0.107231
445994,0.06122
446002,0.12871
446166,0.036293
446172,0.22015
446175,1.551199
446179,0.022257
446268,0.001434
446332,0.031293
446351,0.331228
446368,0.092843
446401,0.038815
446421,0.051046
446432,0.18431
446464,0.023936
446472,0.000686
446519,0.118879
446563,0.100588
446583,0.045312
446594,0.010588
446723,0.007243
446727,0.013318
446758,0.027206
446782,0.017259
446837,0.056075
446991,0.001271
447161,0.047606
447163,1.462485
447372,0.017089
447410,0.954679
447457,0.018994
447467,0.074204
447541,0.023643
447667,0.013509
447700,0.025883
447706,0.088168
447800,0.015481
447835,0.007119
447865,0.041221
447971,0.092705
448078,0.067617
448141,0.036135
448212,0.001341
448225,0.014009
448248,0.080561
448280,0.29201
448415,0.013868
448455,0.071494
448483,0.001966
448491,0.190067
448574,0.039147
448708,0.127229
448737,0.187814
448771,0.006611
448774,0.478918
448866,0.01608
448934,0.005184
448957,0.13346
448991,0.006647
449048,0.00703
449125,0.116597
449157,0.089518
449168,0.026013
449354,0.033723
449410,0.032392
449413,0.023669
449525,0.023452
449553,0.009719
449593,0.01392
449678,0.038737
449730,0.040037
449764,0.065949
449771,0.004336
449781,0.013829
449784,0.315764
449805,0.067417
449826,0.895537
449881,0.072356
449920,0.058508
449942,0.223379
449951,0.046596
449995,0.052556
450018,0.005038
450028,0.045697
450205,0.138135
450213,0.104883
450241,0.017215
450305,0.113944
450335,0.120252
450374,0.015745
450375,0.394707
450468,0.044727
450633,0.014889
450661,0.054072
450666,0.026471
450698,0.017847
450743,0.088114
450809,0.07399
450836,0.106664
450854,0.857844
450863,0.035485
450903,0.004622
450967,0.027234
450997,0.010905
451018,0.0153
451099,0.008241
451110,0.037285
451116,0.062801
451139,0.028108
451165,0.003738
451195,0.014749
451241,0.018815
451261,0.014196
451308,0.019743
451345,0.407912
451373,0.07249
451445,0.164743
451553,0.011315
451607,0.361071
451664,1.644312
451711,0.122118
451758,0.006183
451802,0.011475
451828,0.054373
451839,0.010289
451937,0.002071
452016,0.025786
452106,0.002071
452130,0.027528
452161,0.004159
452166,0.103118
452215,0.010879
452235,0.031832
452260,0.702087
452349,0.024313
452358,0.013251
452369,0.13079
452370,0.790245
452380,0.220028
452381,1.742773
452386,2.073941
452399,4.981988
452655,0.075874
452766,0.041868
452771,0.205531
452807,0.28517
452845,0.009363
452922,0.119416
453023,0.871233
453087,0.760982
453123,0.138742
453220,0.020463
453283,0.378046
453326,0.016823
453357,0.035386
453367,0.040652
453487,0.015031
453694,0.004009
453718,0.003597
453749,0.051755
453785,0.071601
453813,0.035625
453873,0.002714
453925,0.02744
454141,0.009965
454173,0.011159
454282,0.016743
454356,0.026495
454384,0.180659
454410,0.007677
454436,0.01979
454464,0.270269
454556,1.112876
454595,0.067341
454635,0.002379
454681,0.609937
454697,0.043749
454753,0.000484
454856,0.015736
454874,0.000642
454906,0.008744
454932,8.2e-05
454942,0.363322
455047,0.060877
455076,0.007815
455099,0.020302
455126,0.005927
455172,0.858278
455282,0.038166
455294,0.090131
455363,0.260966
455388,0.022934
455427,0.333207
455463,0.134019
455489,0.239838
455599,0.015734
455652,0.078183
455720,0.424823
455742,0.015632
455755,0.003773
455771,0.234956
455914,0.014199
455951,0.002175
455952,0.067497
455978,0.096919
456007,0.619189
456075,0.014577
456097,0.16862
456184,0.150255
456218,0.156192
456368,0.006958
456377,0.0638
456418,0.077053
456475,0.019155
456525,0.011003
456630,0.015276
456635,0.088099
456693,0.03255
456716,0.035949
456833,0.029368
456856,0.207575
456878,0.009504
456895,0.193143
456968,0.123476
457030,0.013405
457236,0.732939
457290,0.470989
457345,0.088393
457363,0.050715
457446,0.022845
457455,0.01319
457521,0.104761
457571,0.038844
457579,0.051264
457707,0.317548
457773,0.080322
457822,0.226917
457840,0.628415
457942,0.012996
457955,0.033606
457964,2.164563
458019,0.213113
458113,0.022433
458151,0.020613
458156,0.544132
458174,2.641707
458209,0.039351
458267,0.134891
458270,0.426345
458329,0.006465
458365,0.082812
458384,0.133861
458405,0.034941
458431,0.947003
458511,0.053947
458518,0.319109
458534,0.15818
458594,0.044857
458617,0.211755
458676,0.024375
458684,0.309565
458714,0.466711
458735,0.006008
458769,0.028491
458816,0.044051
458871,0.006442
458899,0.151851
458921,0.050061
459016,0.029327
459045,0.118844
459080,0.121538
459115,0.039783
459174,0.005076
459276,0.006798
459296,0.017044
459310,0.147818
459356,0.078961
459373,0.621874
459426,0.016724
459539,0.008323
459577,0.055593
459688,0.041845
459862,0.505767
459949,0.144795
460044,0.052643
460063,0.014025
460110,0.028302
460143,0.04354
460236,0.01242
460377,0.053846
460386,0.235359
460459,0.018878
460535,0.00136
460567,0.037152
460576,6.578337
460644,0.011593
460693,0.076089
460710,0.020018
460718,0.03312
460771,0.056408
460785,0.173487
460822,0.027077
460830,0.016686
460859,0.558778
460899,0.001558
460909,0.634024
460945,0.171098
460961,0.159054
461037,0.02409
461050,0.558381
461089,0.032143
461151,0.051914
461159,0.021763
461165,0.083658
461171,0.859547
461200,0.336672
461211,0.552509
461244,0.004922
461305,0.201199
461310,0.438682
461354,0.305275
461390,0.017438
461435,0.042866
461492,0.109673
461650,0.013213
461680,0.026613
461695,0.058083
461705,0.200677
461755,0.023362
461759,0.059018
461767,0.548581
461898,0.018359
461940,0.048501
461942,0.050082
462007,0.016483
462021,0.206903
462065,0.014397
462091,0.24266
462139,0.007659
462140,0.115683
462177,0.305501
462185,0.5819
462197,0.114225
462281,0.043326
462291,0.225868
462358,0.070126
462370,0.055405
462372,0.067509
462475,0.014465
462601,0.069156
462694,0.14295
462723,0.053492
462750,0.042516
462763,0.022499
462788,0.029605
462883,0.013032
462904,0.033534
462914,0.08171
462950,0.004301
462990,0.127681
463012,0.452092
463024,0.756141
463053,0.047836
463160,0.000687
463184,0.119883
463259,0.103905
463279,0.181788
463297,1.837602
463340,0.145385
463386,0.046251
463443,0.275238
463474,0.088826
463484,0.962503
463530,0.033424
463568,0.029383
463570,0.254434
463636,0.041175
463671,0.015767
463699,0.017109
463757,0.068718
463764,0.052318
463788,0.08499
463803,0.011953
463810,1.19747
463852,0.010498
463880,0.005098
463968,0.140713
464005,0.020075
464055,0.003617
464068,0.06323
464171,0.282866
464176,1.784418
464284,0.637684
464335,0.021407
464358,0.032268
464376,0.063097
464397,0.067167
464404,0.156887
464443,0.007199
464455,0.069326
464474,0.863988
464524,0.050887
464527,0.010413
464541,0.015579
464587,0.003473
464601,0.034862
464608,0.28865
464658,0.0184
464690,0.013965
464722,0.063083
464724,0.320277
464756,0.118763
464764,0.153363
464803,0.545344
464809,1.699951
464866,0.023356
464874,0.11236
464896,0.004632
464904,0.077824
464914,0.563687
464959,0.004767
464974,0.086891
465014,0.150837
465044,0.112385
465054,0.232098
465064,0.090081
465090,0.012712
465104,0.192975
465114,0.182334
465134,0.393776
465144,0.13037
465164,0.078113
465174,0.096624
465184,0.051248
465194,0.525086
465204,0.028717
465214,0.020098
465224,0.072452
465244,0.034858
465254,0.090937
465284,0.105153
465294,0.127677
465314,0.157361
465324,0.257853
465334,0.105457
465344,0.201454
465354,0.273472
465394,0.303689
465404,0.271867
465414,0.179025
465424,0.268938
465454,0.123836
465464,0.169191
465474,0.385734
465494,0.379054
465524,0.315752
465544,0.301084
465554,0.315363
465584,0.529209
465594,0.199776
465604,0.149223
465624,0.857609
465634,0.895669
465644,0.115149
465684,0.475555
465704,0.749669
465714,4.736201
465764,0.82483
465794,0.094213
465824,0.014841
465854,0.133429
465884,0.10249
465894,0.020644
465914,0.118957
465956,0.012054
465966,0.039591
465974,0.043763
466004,0.017106
466023,0.007139
466130,0.007543
466144,0.025822
466177,0.704937
466249,0.0087
466317,0.021124
466340,0.238478
466369,0.329469
466445,0.375224
466516,0.010664
466531,0.038374
466544,0.029186
466567,0.026025
466574,0.134828
466624,0.19635
466652,0.008823
466700,0.000605
466711,0.299842
466794,0.008775
466857,0.031558
466951,0.00037
466980,0.016426
466990,0.002499
467018,0.245477
467044,0.022111
467046,1.996409
467079,0.383525
467098,0.329028
467111,0.300174
467140,0.031149
467169,0.02466
467192,0.019394
467411,0.026683
467496,0.032972
467503,0.004831
467566,0.096978
467590,0.001942
467736,0.049119
467761,0.026728
467773,1.037835
467851,0.003305
467892,0.06519
467942,0.001088
467983,0.138391
468105,0.053923
468198,0.115326
468213,0.01188
468255,0.025472
468301,0.000901
468345,0.03819
468374,0.000283
468398,0.007743
468441,0.009628
468502,0.022854
468512,0.706859
468550,0.010569
468587,0.008688
468934,0.002967
468974,0.140099
468977,0.509597
469012,0.015251
469096,0.070432
469136,0.934821
469176,0.003215
469272,0.427732
469300,0.024006
469359,0.06544
469445,0.210228
469479,0.068836
469510,0.053187
469540,0.032277
469572,0.16387
469665,0.133806
469732,0.088756
469912,0.004238
469948,0.022861
469952,0.008269
469994,0.396629
470011,3.478205
470065,0.244591
470150,0.033408
470165,0.090935
470315,0.007544
470316,0.186273
470445,0.050279
470531,0.012145
470550,0.217057
470585,0.039711
470737,0.221618
470769,6.66847
470829,0.306414
470861,0.29661
470887,0.007647
470907,0.078677
470939,1.107207
471006,0.048034
471089,0.045707
471097,0.010958
471111,0.009279
471141,0.00153
471213,0.0944
471252,0.227796
471261,0.140421
471295,0.020438
471371,0.109133
471375,2.048056
471517,0.003156
471623,0.075851
471671,0.003618
471688,0.068042
471751,0.017648
471789,0.05522
471820,0.032655
471846,0.0064
471895,0.027543
471945,0.023402
471951,0.051902
471988,0.026194
472018,0.026135
472046,0.079025
472064,0.043639
472124,0.295421
472150,0.013972
472202,0.27152
472259,0.086314
472353,0.143193
472397,0.003675
472398,1.256901
472489,0.017524
472492,0.00349
472550,0.005593
472565,0.056266
472600,1.530378
472602,11.903751
472605,1.844638
472744,0.024476
472865,0.038582
472890,0.04698
472934,0.255835
473030,0.048924
473051,0.046984
473157,0.189727
473220,0.047354
473243,0.155233
473247,0.775923
473318,0.058332
473435,0.006772
473466,0.025392
473471,0.09795
473529,0.151772
473585,0.010302
473631,0.004938
473691,0.005774
473703,0.230124
473743,0.03477
473758,0.223215
473910,0.004933
473938,0.019059
474003,0.01427
474024,0.005977
474124,0.194389
474152,0.076432
474177,0.010819
474225,0.036586
474278,0.026968
474356,0.298093
474374,0.033237
474523,0.221465
474584,0.031472
474624,0.192777
474681,0.025897
474732,0.006409
474794,0.013975
474798,0.000488
474850,0.757795
474873,0.024264
474888,0.079495
474926,0.029365
474947,0.001632
474967,0.040795
474974,0.485082
475043,0.012119
475077,0.102389
475079,1.066936
475159,0.072148
475186,0.094022
475211,0.018897
475273,0.001454
475275,0.348326
475288,0.004744
475345,0.048707
475404,0.01261
475420,0.008471
475470,0.023905
475494,0.001533
475504,0.012091
475535,0.010005
475541,1.313131
475659,0.015353
475718,0.180136
475737,0.037085
475768,0.07087
475864,0.012259
475999,0.067511
476022,0.189713
476128,0.005243
476153,0.074833
476175,0.362162
476240,0.004823
476247,0.01013
476310,0.024021
476321,0.029939
476367,0.104177
476413,0.037545
476475,0.127537
476507,0.40478
476577,0.04076
476652,0.005029
476663,0.385219
476700,0.009571
476707,0.019825
476726,0.448609
476757,0.029491
476767,0.469102
476811,0.11691
476843,0.583172
476880,0.099613
476927,0.105192
476988,0.019621
477096,0.001114
477158,0.116183
477214,0.001139
477292,0.018589
477357,0.031844
477374,1.230908
477409,0.937988
477594,0.013196
477751,0.009692
477764,0.040571
477798,0.069821
477865,0.031655
477876,0.065338
477923,0.056996
477936,0.370465
477970,0.043714
478002,0.031582
478107,0.066841
478142,0.04988
478229,0.016171
478265,0.063471
478321,0.122124
478331,0.165253
478420,0.020378
478485,0.02789
478558,0.037261
478566,0.797786
478733,0.002983
478745,0.028671
478843,0.093782
478896,0.002386
478898,0.114306
478987,0.002502
479016,0.012687
479055,0.050712
479082,0.360523
479128,0.094319
479168,0.220854
479208,0.152885
479247,0.533951
479294,0.10754
479335,0.296278
479495,0.03083
479571,0.011158
479608,0.284014
479657,0.032218
479666,0.005733
479688,0.04549
479765,0.000442
479777,0.166678
479839,0.339061
479842,0.143851
479908,0.469134
479955,0.077024
479996,0.012617
480036,0.029384
480077,0.00812
480171,0.027452
480235,0.013748
480238,0.164206
480343,0.020093
480369,0.053207
480400,0.014259
480492,0.000464
480640,0.193449
480653,0.013725
480794,0.01601
480821,0.034718
480873,0.040422
480925,0.025211
480942,0.732311
480980,0.092591
481021,0.000306
481065,0.05682
481147,0.664147
481188,0.092479
481201,0.014324
481202,2.458593
481203,4.123896
481204,13.843829
481207,16.64305
481208,3.760064
481350,0.006577
481386,0.020686
481430,0.004428
481565,0.040616
481567,0.732014
481630,0.021324
481663,0.068221
481713,0.072208
481767,0.059296
481786,0.050022
481793,0.029251
481856,0.003601
481859,0.052605
481939,0.184336
481953,0.125479
481997,0.015562
482029,0.023678
482080,0.008454
482112,0.043436
482119,0.258159
482156,0.015391
482173,0.004376
482207,0.009534
482249,0.038809
482269,0.057756
482285,0.007571
482307,0.003894
482335,0.098921
482380,0.078946
482434,0.004974
482468,0.1508
482487,0.000902
482560,1.453346
482735,0.026567
482756,0.258832
482773,0.033857
482782,0.094577
482851,0.012175
482877,0.001463
482901,0.04596
482990,0.085251
483013,0.021604
483074,0.525308
483180,0.051604
483204,0.206832
483275,0.036195
483361,0.04196
483367,0.036164
483516,0.066599
483531,0.762163
483610,0.000274
483663,0.023524
483684,0.029183
483716,0.033542
483733,0.536212
483791,0.211143
483817,0.081937
483828,0.027382
483869,0.160568
483921,0.290308
483952,0.012506
484019,0.062427
484088,0.271249
484152,0.016942
484177,0.01432
484179,0.299421
484243,0.023514
484248,0.058249
484304,0.076823
484448,0.479586
484537,0.03868
484543,0.00323
484576,0.102331
484587,0.075136
484621,0.040573
484627,0.043714
484696,0.01426
484708,0.195619
484754,0.440904
484791,0.098159
484873,0.060888
484885,0.315658
484903,0.055291
484913,0.119482
485000,0.063586
485017,0.011899
485050,0.021316
485060,0.035899
485093,0.023677
485138,0.005677
485172,0.011426
485183,0.033541
485243,0.009375
485287,0.032585
485320,0.035117
485377,0.002542
485445,0.018894
485461,0.004695
485473,0.078383
485632,0.002855
485684,0.190614
485709,0.085329
485757,0.186914
485765,0.517474
485794,0.142904
485803,0.772387
485913,0.086718
485943,0.067355
485953,0.014073
485963,0.153544
485973,0.027875
485993,0.023839
486013,0.161802
486023,0.002783
486043,0.35948
486053,0.049832
486063,0.151225
486083,0.020239
486093,0.433699
486113,0.043967
486123,0.01349
486133,0.073831
486143,0.02997
486163,0.698487
486173,0.218377
486183,0.166119
486193,0.117388
486203,0.201071
486233,0.143747
486243,0.264534
486273,0.3929
486283,0.403175
486366,0.290215
486372,0.103619
486407,0.367583
486492,0.005115
486500,0.432841
486566,0.13511
486582,0.299398
486655,0.008027
486691,0.096123
486763,0.024574
486769,0.027024
486772,0.106007
486801,0.048298
486802,0.128818
486880,0.279752
486923,0.010779
486967,0.149233
486970,0.559734
487028,0.026259
487137,0.023552
487148,0.309567
487186,0.300604
487233,0.017905
487289,0.037185
487349,0.034776
487380,0.115158
487397,0.001271
487405,0.033584
487452,0.037151
487527,0.040412
487556,0.587572
487571,0.739316
487684,0.049945
487693,0.038752
487703,0.190271
487707,0.300036
487730,0.058296
487752,0.080043
487756,0.154707
487834,0.034253
487838,0.032686
487895,0.320649
487907,0.342837
487974,0.129814
488036,0.030457
488169,0.158727
488219,0.51005
488276,0.000971
488311,0.03503
488433,0.02291
488501,0.323714
488580,0.001538
488599,0.153955
488647,0.19329
488701,0.057479
488727,0.098746
488757,1.529606
488863,1.033892
488936,0.009659
488979,0.1164
489052,0.022043
489061,0.498986
489099,0.136217
489135,0.33337
489178,0.12549
489200,0.033915
489244,0.099748
489266,0.112286
489288,0.215924
489303,0.046917
489325,0.064418
489357,0.016408
489371,0.092613
489405,0.000944
489410,0.002087
489450,0.013028
489532,0.029986
489548,0.012718
489780,0.041864
489785,0.002289
489804,0.022729
489884,0.021497
489915,0.045324
489931,0.009056
489946,0.442113
489971,0.16978
489995,0.127419
490024,0.054995
490050,0.175504
490099,0.038532
490109,0.010099
490156,0.117183
490194,0.009082
490271,0.003772
490345,0.004152
490356,0.040888
490383,0.021042
490387,0.000553
490415,0.077138
490422,0.223487
490441,0.008515
490486,0.023565
490489,0.090314
490533,1.123608
490597,0.035468
490677,0.014577
490747,0.043935
490762,0.034514
490797,0.041529
490836,0.001805
491010,0.004607
491017,0.400434
491130,0.021689
491156,0.080867
491160,1.186485
491348,0.002347
491356,0.242808
491466,0.022004
491475,0.027561
491481,0.049678
491600,0.315277
491620,0.0836
491689,0.002474
491712,0.022929
491737,0.038156
491766,0.056216
491767,0.032701
491771,0.183689
491859,0.053556
491864,0.050034
491907,0.022184
491970,0.109471
491984,0.160709
492020,0.458661
492086,0.173474
492127,0.155544
492292,0.034302
492302,0.032977
492320,0.062743
492325,1.928503
492393,0.105399
492403,0.016861
492435,0.049685
492474,0.712697
492521,0.053253
492564,0.149513
492613,0.227547
492630,0.275527
492654,0.048417
492830,0.073867
492840,0.14229
492841,0.910255
492878,0.047742
492931,0.159966
493045,0.189268
493072,0.073175
493094,0.127581
493113,0.085834
493189,0.12781
493276,0.050675
493354,0.077077
493442,0.038941
493521,0.004468
493543,0.230689
493573,0.035351
493678,0.064139
493697,0.509199
493798,0.945082
493810,0.061362
493853,0.028518
493916,0.034096
493926,0.001946
493973,0.135737
494013,0.054957
494102,1.775809
494156,0.005077
494169,0.167001
494197,0.403412
494256,0.014233
494261,0.01484
494307,0.547447
494345,0.224223
494440,0.026351
494494,0.012821
494577,0.02556
494594,0.004737
494602,0.471183
494661,0.017152
494678,0.034394
494756,0.008698
494757,2.636784
494770,0.038545
494839,0.373591
494870,0.209208
494978,0.024736
495010,0.035769
495014,0.306508
495083,0.018692
495111,0.363041
495158,0.205591
495186,0.108848
495235,0.014078
495254,0.020756
495269,0.457112
495301,0.020337
495365,0.046927
495369,0.212543
495429,0.005741
495468,0.110392
495523,0.011264
495556,0.012549
495698,0.023144
495750,0.060488
495788,0.055134
495816,0.019128
495837,0.154774
495929,0.037677
495966,0.121893
495973,0.970788
496008,0.174882
496054,0.003097
496160,0.010699
496196,0.012629
496350,0.045259
496400,0.096104
496455,1.944598
496523,0.343529
496569,0.040812
496575,0.217968
496577,0.889231
496650,0.039877
496657,0.0589
496733,0.269524
496775,0.004691
496917,0.012144
496936,0.098914
496947,0.326024
496995,0.011079
497108,0.044785
497157,0.052566
497176,0.014275
497186,0.141132
497224,0.047961
497268,0.051233
497290,0.02182
497352,0.007217
497355,0.225383
497377,0.00493
497391,0.020607
497443,0.318942
497489,0.231766
497509,0.796707
497570,0.023379
497582,0.168752
497611,0.002402
497621,0.007444
497651,0.003781
497656,0.038802
497700,0.038448
497711,0.750189
497757,0.34045
497797,0.057173
497878,0.001367
497906,0.015789
497972,0.009247
497981,0.917067
498069,0.089992
498106,0.016236
498108,0.03688
498167,0.01315
498201,0.005006
498248,0.018462
498261,0.052076
498358,0.090208
498480,0.033747
498502,0.154564
498534,0.007177
498548,0.012173
498550,0.025723
498581,0.017027
498711,0.017816
498717,0.024728
498726,0.032544
498762,0.011208
498798,0.258028
498901,0.019999
498933,0.006978
498943,0.414945
498967,0.23468
499063,0.003713
499104,0.100292
499127,0.029207
499155,0.002141
499165,0.007902
499183,0.011573
499232,0.159987
499293,0.012171
499297,0.015314
499318,0.157607
499380,0.019249
499408,0.00035
499454,0.008835
499526,0.053046
499541,0.014825
499555,0.062302
499565,2.299724
499663,0.080729
499766,0.002861
499828,0.014285
499829,0.078927
499890,0.023813
499912,0.045504
499925,0.314143
499954,0.012177
499963,0.045734
499999,0.00498
500084,0.046672
500092,0.002985
500094,1.26435
500162,0.000882
500171,0.003923
500172,0.243097
500262,0.016765
500265,0.192927
500272,0.029232
500304,0.056251
500337,0.011774
500406,0.007543
500460,0.044718
500468,0.018026
500486,0.591596
500521,0.036068
500593,0.249503
500701,0.287534
500766,0.15132
500773,0.562044
500802,0.117159
500832,0.002932
500844,0.025634
500935,0.170211
500970,0.002532
500976,0.073295
501027,0.006792
501112,0.22771
501201,0.00704
501226,0.168539
501272,0.003304
501284,0.196136
501340,0.002772
501357,0.110433
501370,1.264945
501373,1.772395
501416,0.093864
501446,0.026335
501493,0.007045
501560,0.006151
501628,0.251335
501725,0.055334
501758,0.028869
501830,0.006557
501927,0.438862
501955,0.148277
501964,0.725938
502065,0.014421
502068,0.002877
502116,0.278049
502195,0.11661
502257,0.013371
502292,0.046898
502313,0.00748
502359,0.18001
502417,0.014967
502484,0.011577
502515,0.331717
502566,0.000833
502579,0.756153
502651,0.179666
502653,0.487596
502690,0.012443
502733,0.006426
502734,0.129683
502769,0.013908
502795,0.035828
502848,0.011082
502906,0.000223
502978,0.015288
502980,0.187755
502987,0.120115
503045,0.086547
503053,1.387847
503118,0.144848
503120,0.705329
503158,0.203543
503173,0.038223
503219,0.228981
503247,0.277748
503318,0.029622
503340,0.144171
503445,0.098865
503469,0.024399
503475,0.096609
503505,0.03276
503520,0.014556
503663,0.039369
503679,0.83947
503704,0.293582
503758,0.423426
503770,1.666872
503836,0.047001
503863,0.011508
503903,0.003313
503918,0.011068
503926,0.052357
503984,0.004404
503996,0.013354
504119,0.039575
504134,0.238196
504197,0.053252
504213,0.00437
504314,0.013415
504330,0.004043
504368,0.186612
504373,0.550192
504456,0.055276
504534,0.019586
504545,0.008054
504556,0.026252
504637,0.18059
504651,0.017327
504697,0.005809
504729,0.030596
504754,0.011495
504772,0.057493
504784,0.025114
504786,0.031164
504801,0.002234
504854,0.02354
504894,0.032147
504899,0.041236
504927,0.033671
504969,0.000192
505051,0.066818
505100,0.088894
505107,0.150128
505133,0.165354
505205,0.0957
505229,0.435686
505300,0.08358
505318,0.03038
505352,0.037549
505429,0.014837
505444,0.018379
505556,0.014637
505557,0.101453
505597,0.033341
505643,0.111059
505686,0.012901
505703,0.030613
505721,0.156335
505755,0.598254
505807,0.231797
505871,0.002068
505885,0.120473
505912,0.172133
506073,0.293247
506156,0.532624
506302,0.015164
506317,0.003191
506377,0.028051
506457,0.043363
506506,0.019876
506605,0.031866
506746,0.336729
506757,0.057802
506835,0.014327
506891,0.023538
506945,0.074427
507005,0.004184
507014,0.06321
507028,0.013133
507065,0.012582
507072,0.681675
507100,0.23089
507120,0.193017
507163,0.005262
507236,0.231723
507256,0.041639
507301,0.022334
507316,0.062147
507370,0.046948
507428,0.00549
507433,0.006792
507516,0.043703
507553,0.18681
507634,0.009281
507677,0.033893
507716,0.243511
507791,0.786953
507848,0.043975
507942,0.10589
507956,0.023761
508067,0.450842
508224,0.413079
508275,0.009868
508501,0.020927
508571,0.04744
508585,1.123159
508833,0.934696
508992,0.201649
509028,0.116003
509086,0.047819
509107,0.116862
509163,0.328844
509231,0.013077
509326,0.060066
509381,0.005065
509440,0.218546
509529,0.01265
509599,0.004692
509669,0.286745
509693,0.049495
509706,0.05473
509727,0.026968
509758,0.073658
509769,0.205263
509826,0.187546
509840,0.002112
510147,0.576706
510302,0.013702
510368,0.37685
510436,0.007705
510548,0.009069
510584,0.003452
510863,0.003358
510974,2.255277
511062,0.043345
511105,0.003049
511147,0.161194
511181,0.301766
511260,2e-05
511302,0.092532
511330,0.021845
511336,0.698862
511500,0.013634
511567,0.01503
511575,0.095331
511605,0.101098
511695,0.017567
511719,0.161169
511739,0.387945
511811,0.038821
511848,0.017838
511851,0.00323
511861,0.026248
511895,0.297397
511952,0.009351
511999,0.023249
512014,0.012272
512034,999.93846
512155,0.002428
512165,0.014428
512227,0.002017
512251,0.027024
512300,0.083989
512317,0.018211
512345,0.053928
512399,0.041106
512573,0.037185
512609,0.009465
512617,0.001089
512622,0.021916
512647,0.224435
512683,0.006475
512742,0.032435
512760,0.001947
512900,0.013214
512965,0.014634
513007,0.120486
513065,0.258433
513122,0.065377
513131,0.007723
513171,0.016365
513198,0.016873
513225,0.003255
513287,0.019135
513318,0.077998
513357,0.049435
513396,0.028044
513400,1.137938
513437,0.024601
513479,0.002245
513495,0.012732
513502,0.034866
513636,0.004549
513639,0.004937
513649,0.036473
513708,0.06312
513742,0.144973
513746,0.592194
513807,0.014383
513822,0.030421
513856,0.000317
513908,0.045366
513978,0.054662
514028,0.014151
514071,0.023217
514114,0.001141
514190,0.013055
514194,0.000171
514198,0.121176
514231,0.013722
514263,0.00316
514279,0.046804
514293,0.053988
514336,0.00356
514380,0.791378
514401,0.058316
514481,0.075356
514487,0.156708
514565,0.063352
514571,2.63273
514650,0.387857
514930,0.069194
514970,0.27261
515004,0.007306
515033,0.031088
515093,0.051683
515142,0.118217
515204,0.274415
515289,0.057859
515313,0.194905
515383,0.030714
515459,0.00516
515486,0.009185
515527,0.063347
515537,0.042649
515609,0.01028
515621,0.08738
515672,0.085616
515674,0.096809
515738,0.01845
515768,0.09957
515835,0.125546
515870,0.205365
515925,0.023618
515939,0.005398
515941,0.400916
515992,0.01672
516021,0.114605
516039,0.385583
516075,0.244458
516127,0.000347
516157,0.392605
516277,0.000503
516287,0.068355
516327,0.030429
516357,0.021247
516365,0.022433
516370,0.047653
516422,0.031734
516439,0.022956
516509,0.000118
516553,0.053728
516587,0.01325
516594,0.213951
516615,0.035919
516693,0.031637
516713,0.066715
516784,0.140535
516811,0.052239
516861,0.036066
516898,0.006908
516918,0.065394
516958,0.023053
516968,0.485088
517046,0.015449
517101,0.037911
517112,0.005208
517194,0.016131
517198,0.001999
517202,0.151526
517248,0.00779
517306,0.017957
517308,0.130473
517360,0.008972
517432,0.006123
517511,0.007645
517516,0.0908
517568,0.0125
517630,0.051239
517676,0.012319
517728,0.019171
517737,0.011355
517788,0.017067
517869,0.006086
517895,0.01933
517900,0.15247
517936,0.009217
517944,0.005752
517960,0.032049
517988,0.009441
518034,0.025877
518082,0.477965
518131,0.006795
518167,0.042684
518286,0.003521
518313,0.140072
518325,0.006767
518354,0.052122
518373,0.018464
518381,0.071421
518415,0.329695
518451,0.005524
518552,0.880848
518593,0.000737
518625,0.070205
518676,0.020959
518681,0.254827
518738,0.009236
518755,0.039723
518775,0.194353
518825,0.021903
518836,2.32517
518889,0.00665
518926,0.013113
519029,0.005251
519051,0.005508
519081,0.095274
519137,0.023787
519150,0.011768
519163,0.202223
519211,0.049753
519227,0.038012
519262,0.079811
519299,0.044688
519356,0.057333
519369,0.224795
519414,0.105354
519445,0.281236
519455,0.128014
519543,0.028258
519581,0.026687
519625,0.05689
519647,0.026619
519661,0.028489
519706,0.003737
519810,0.20918
519885,0.206767
519914,0.009581
519955,0.033172
519959,0.079371
519962,0.06487
520017,0.572067
520020,0.277718
520132,0.02967
520149,0.005138
520180,0.031094
520336,0.845909
520361,0.092151
520402,0.030415
520451,0.049216
520453,0.061374
520494,0.015397
520513,0.006767
520536,0.526904
520573,0.027293
520668,0.019755
520675,0.017069
520689,0.000613
520768,0.024062
520820,0.045324
520840,0.006216
520867,0.780444
520956,0.023581
520982,0.018915
520989,0.771857
521031,0.000491
521051,0.017875
521071,0.002329
521083,0.009841
521091,0.008077
521132,0.07144
521159,0.047483
521230,0.008687
521262,0.036772
521266,0.200713
521309,0.033082
521363,0.008301
521369,0.004005
521391,0.050656
521397,0.16192
521419,0.004179
521439,0.004706
521441,0.096489
521461,0.053267
521468,0.003365
521478,0.07077
521503,1.264542
521531,0.682836
521576,0.026899
521605,0.24033
521606,0.345334
521607,0.114096
521678,0.002405
521694,0.001542
521699,0.284483
521717,0.300846
521780,0.030678
521803,0.119424
521819,0.009121
521869,0.1635
521925,0.007717
521942,1.895818
522033,0.042602
522051,0.041257
522123,0.003273
522136,0.031078
522249,0.268093
522323,0.013488
522349,0.012331
522356,0.107558
522416,0.000454
522447,0.008096
522476,0.013043
522478,0.322293
522529,0.023206
522543,0.005566
522568,0.046244
522597,0.143084
522670,0.037301
522696,0.136929
522717,0.024379
522792,0.527742
522799,0.318941
522855,0.031533
522862,0.089204
522953,0.002378
522972,0.906147
523006,0.02436
523038,0.005778
523046,7.2e-05
523072,0.011415
523075,0.875215
523097,0.02709
523137,0.381834
523150,2.119038
523228,0.051784
523252,0.209644
523257,0.056966
523298,0.055335
523307,0.213459
523365,0.012869
523391,0.019394
523403,0.072553
523406,1.068317
523462,0.074221
523573,0.065987
523638,0.016837
523648,0.031622
523671,0.240578
523708,0.031962
523782,0.770248
523831,0.037316
523953,0.051884
524123,0.161743
524164,0.029818
524195,0.427432
524201,0.30795
524220,1.163513
524244,1.825881
524257,2.493293
524269,0.813536
524301,0.428102
524307,1.61762
524332,0.412802
524459,0.012692
524553,0.031004
524556,0.094688
524690,0.518948
524731,0.097968
524789,0.027378
524814,0.017641
524820,0.288584
524855,0.051537
525074,0.002459
525080,0.013221
525088,0.037607
525256,0.051232
525319,0.887177
525365,0.019439
525370,0.583216
525385,0.168334
525655,0.022932
525697,0.027641
525859,0.014187
525929,0.119977
525939,0.1229
525973,0.003817
525975,0.22035
526014,0.41697
526109,0.012581
526190,0.004677
526250,0.023523
526362,0.016758
526399,0.811074
526419,0.738131
526434,0.550059
526452,0.073054
526471,0.09955
526478,0.53078
526514,0.032064
526553,0.000765
526556,0.61343
526572,1.220875
526575,1.025102
526652,0.075864
526748,0.073814
526752,0.070171
526764,0.231704
526828,0.295562
526857,0.676876
526858,2.239252
526926,0.229482
526941,0.134336
526980,2.99299
527009,0.118887
527136,0.005381
527167,0.048088
527258,0.005965
527325,0.040807
527331,0.701863
527363,0.036487
527384,0.367441
527419,0.448444
527510,0.015642
527520,0.315374
527626,0.136617
527658,0.020718
527691,0.011916
527697,1.559774
527755,0.018782
527770,0.683701
527822,0.007205
527874,0.028608
527879,0.002357
527936,0.011638
528057,0.130128
528208,0.05216
528252,0.105396
528287,0.001734
528312,0.018792
528332,0.104314
528371,0.043756
528478,0.285751
528511,0.070853
528529,0.076268
528640,0.015887
528692,0.060499
528734,0.00299
528736,0.010924
528812,0.031376
528836,0.015198
528870,0.018091
528883,0.044743
528887,0.325153
528923,0.183939
528966,0.028578
528968,0.0954
528974,0.371617
529001,0.195204
529011,0.133176
529125,0.842387
529204,0.764076
529251,0.144554
529269,0.010789
529298,0.042369
529329,0.013168
529361,0.031256
529377,0.00463
529494,0.004536
529504,0.44086
529530,0.089214
529573,0.033117
529580,0.038013
529668,0.023297
529699,0.025604
529718,0.028298
529760,0.053827
529788,0.00453
529793,0.021145
529853,0.008868
529955,0.078751
530026,0.067597
530108,0.013875
530173,0.106902
530186,0.030457
530485,0.422488
530647,0.436509
530704,0.05997
530767,1.485902
531011,0.00119
531131,0.025383
531142,0.124779
531165,0.126632
531230,0.081847
531286,0.025283
531307,0.189179
531328,0.443352
531345,0.06385
531375,0.132862
531407,0.025968
531469,0.09727
531525,0.014435
531659,0.023863
531685,0.007539
531701,0.014039
531714,0.274273
531750,0.542368
531791,0.069376
531841,0.001781
531854,0.002485
531898,0.00915
531914,0.021131
531944,0.004999
531953,0.037056
531973,0.299332
531994,0.074169
532055,0.033057
532088,0.040175
532122,0.017213
532135,0.021913
532164,0.003439
532200,0.035123
532220,0.012742
532229,0.002852
532252,0.03077
532282,0.008782
532339,0.039635
532373,0.007259
532381,0.023372
532398,0.003815
532460,0.019705
532496,0.006204
532534,0.00378
532556,0.0239
532575,0.948433
532683,0.0492
532723,0.021241
532780,0.054633
532872,0.040012
532881,0.015135
532932,0.413698
532987,0.04383
533035,0.09479
533102,0.00412
533143,0.00479
533166,0.016644
533174,0.136864
533262,0.075861
533307,0.000723
533385,0.007866
533402,0.468731
533525,0.009294
533534,0.017176
533565,0.014257
533597,0.027018
533636,0.090441
533699,0.009081
533722,0.188181
533740,0.034393
533761,0.019366
533768,0.238303
533778,0.308843
533855,0.124707
533962,0.003927
534125,0.1018
534196,0.001838
534240,0.238574
534448,0.098568
534796,0.00518
534825,0.010871
534897,0.068858
534971,3.261588
535047,0.098441
535236,0.081113
535240,0.3745
535267,1.177665
535400,0.209678
535469,0.010708
535488,0.133249
535531,0.033117
535568,0.015466
535640,0.046783
535709,0.04213
535917,0.004412
535997,0.059606
536004,0.011488
536074,0.08298
536121,0.048992
536174,0.023007
536300,0.320814
536304,0.21437
536341,0.281625
536368,0.417203
536441,0.009555
536536,0.048282
536603,0.033491
536626,0.085257
536650,0.395989
536658,0.068671
536692,0.011145
536759,0.668844
536770,0.021203
536775,2.702037
537058,0.112114
537106,0.042089
537180,0.022059
537265,0.012235
537272,0.007169
537284,0.155438
537355,0.171154
537372,0.134259
537453,0.003636
537502,0.140387
537575,0.020292
537587,0.027379
537637,0.202536
537696,0.07778
537776,0.001469
537832,0.046249
537866,0.002419
537878,0.069463
537972,0.027956
538106,0.010779
538125,0.311598
538186,0.080598
538194,0.06924
538239,0.121975
538329,0.034804
538394,0.402833
538447,0.01502
538558,0.0126
538569,1.387675
538572,0.015439
538629,0.02481
538636,0.347136
538684,0.165656
538754,0.010516
538757,3.245959
538801,0.010688
538818,0.029498
538837,0.164441
538854,0.037555
538889,0.024595
538899,0.485453
538928,0.178236
538964,1.728437
539004,1.832856
539065,0.035215
539087,0.038306
539099,0.129179
539141,0.004594
539146,0.069486
539163,0.119762
539238,0.002088
539256,0.023628
539274,0.034257
539290,0.013579
539300,0.000406
539324,0.027271
539387,0.000884
539404,0.01983
539449,0.001281
539461,0.000657
539514,0.651899
539608,0.003288
539643,0.039171
539685,0.013303
539698,0.542925
539710,0.48123
539757,0.337144
539774,1.971997
539854,0.358301
539882,0.015641
539901,0.062434
539936,0.083849
539997,0.116474
540012,0.027151
540025,0.578262
540035,0.696585
540086,0.017755
540093,0.039874
540101,0.033337
540141,0.024445
540147,0.024321
540165,0.005313
540212,0.027123
540228,0.024195
540248,0.013033
540262,0.011277
540341,0.008628
540367,0.057127
540408,0.002965
540434,0.027014
540490,0.094076
540507,0.285432
540526,0.190933
540588,0.291112
540603,0.002447
540673,0.004545
540693,0.41734
540698,0.277119
540751,0.030429
540759,0.175336
540811,0.23118
540846,0.043614
540941,0.047846
540944,0.798591
540981,0.001564
541031,0.088752
541036,0.043486
541169,0.037635
541178,0.013454
541194,0.046412
541201,0.163614
541269,0.000126
541282,0.049188
541308,0.022356
541313,0.246745
541362,0.083453
541369,0.053796
541422,0.03177
541461,0.064743
541469,0.024305
541515,0.105969
541521,0.014108
541550,0.026968
541566,0.0478
541568,0.126868
541644,0.005321
541653,0.054812
541674,0.012929
541683,0.008294
541744,0.078789
541791,0.020777
541822,0.003404
541857,0.004152
541885,0.014274
541895,0.612552
541929,0.148546
542000,0.004213
542001,0.140632
542010,0.022881
542113,0.062435
542144,0.012513
542164,0.760222
542215,0.018449
542222,0.001409
542325,0.023085
542390,0.509004
542427,0.023624
542466,0.508211
542488,0.365973
542511,0.140858
542547,0.039757
542636,0.103898
542685,0.004318
542735,0.002112
542744,0.000264
542774,0.111696
542814,0.375295
542818,0.431638
542904,0.435075
542955,0.027294
542988,0.046329
543026,0.013837
543050,0.010856
543067,0.088783
543106,0.033201
543108,0.001647
543159,0.00216
543162,0.700961
543175,0.050495
543243,0.029552
543246,0.372009
543294,0.264609
543349,0.028785
543391,0.474731
543459,0.043999
543504,0.004854
543517,0.004134
543547,0.014849
543586,0.020863
543587,0.131797
543645,0.034274
543664,0.183251
543829,0.021323
543841,0.063514
543892,0.028109
543910,0.006992
543916,0.171343
543953,0.057384
543969,0.351248
544008,0.006442
544038,0.228162
544071,0.046496
544106,0.067377
544110,0.274095
544136,0.014442
544200,0.075492
544263,0.07811
544284,0.00243
544294,0.018459
544314,0.094436
544328,0.147658
544362,0.014809
544379,0.116842
544475,0.018057
544478,0.002127
544489,0.022448
544538,0.239616
544585,0.011197
544672,0.19209
544743,0.001544
544779,0.039534
544815,0.657815
544854,0.063779
544886,0.044793
544917,0.002091
544925,0.267609
544976,0.020778
545032,0.019786
545071,0.013825
545102,0.080608
545144,0.022835
545169,0.320186
545229,0.020143
545283,0.006392
545323,0.103902
545348,0.407146
545391,0.014579
545448,0.018266
545502,0.009565
545505,0.019679
545512,0.118218
545555,0.03228
545588,0.039211
545594,1.010579
545645,0.041945
545681,0.000361
545689,0.688441
545755,0.052078
545770,2.183947
545830,0.001226
545867,0.022891
545871,0.684991
545984,0.029126
545987,4.246108
545990,1.685828
546083,0.082546
546100,0.201057
546212,0.028465
546264,0.040496
546337,0.033686
546393,0.047891
546477,0.004294
546487,0.006576
546516,0.037345
546585,0.109904
546591,0.240403
546601,0.177092
546662,0.088855
546708,0.052848
546785,0.008229
546871,0.185742
546885,0.220088
546957,0.049338
546962,0.015555
546967,0.029443
547058,0.00267
547105,0.148291
547194,0.048485
547220,0.277154
547270,0.032813
547287,0.014138
547304,0.003314
547313,0.004961
547338,0.025147
547364,0.024699
547388,0.032773
547415,0.002524
547444,0.536565
547470,0.050188
547510,0.073213
547556,0.072192
547632,0.006908
547643,0.026545
547684,0.034736
547689,0.061654
547717,0.74454
547794,0.015668
547820,0.041435
547847,0.013719
547876,0.258848
547896,0.020747
547911,0.23374
547964,0.015179
547976,0.013049
548014,0.082541
548044,0.304467
548074,0.190693
548084,0.039158
548094,0.140791
548104,0.015699
548144,0.124354
548164,0.05923
548170,0.001184
548194,0.042991
548224,0.16162
548234,0.160278
548244,0.298104
548254,0.129172
548264,0.086193
548273,4.89673
548314,0.0016
548324,0.050593
548334,0.139162
548374,0.081219
548384,0.66118
548404,0.220565
548454,0.682857
548476,0.034123
548529,0.027902
548558,0.010634
548589,0.017932
548608,0.449623
548671,0.004447
548689,0.33311
548781,0.082309
548824,1.170695
548864,0.067184
548900,0.026906
548939,0.217079
548975,0.005538
549015,0.008627
549026,0.006627
549028,0.0392
549066,0.027483
549093,0.344577
549189,0.098138
549258,0.06009
549372,5.747974
549433,0.01205
549480,0.031181
549521,0.238394
549621,0.023138
549691,0.02932
549698,0.037696
549735,0.505061
549785,0.04437
549821,0.004346
549825,0.061987
549845,0.372523
549979,0.166248
550012,0.016283
550043,3.274202
550156,0.018865
550205,0.207653
550263,0.041402
550303,0.032168
550330,0.114061
550429,0.007113
550504,0.004627
550567,0.043957
550569,1.295706
550625,0.024062
550696,0.097091
550703,0.009314
550717,0.0576
550769,0.020969
550779,0.008875
550823,0.043958
550854,0.470853
550943,0.045772
550985,0.100964
551008,0.014206
551016,0.010406
551026,0.002452
551077,0.031353
551137,0.033469
551169,0.046498
551199,1.328246
551230,0.013313
551275,0.040223
551302,0.016672
551327,0.006207
551400,0.007755
551445,0.04411
551471,0.029407
551522,0.104158
551557,0.028429
551586,0.045746
551621,0.011859
551640,0.034633
551740,0.093122
551750,0.00293
551783,0.226213
551825,0.605278
551834,0.567307
551866,0.157028
551944,0.102808
551990,0.089155
552010,0.040335
552031,0.215743
552096,0.235301
552167,0.223367
552214,0.012705
552274,0.16241
552302,0.022811
552357,0.895389
552380,0.187963
552419,0.001747
552435,0.132322
552520,0.05067
552549,0.141694
552589,0.032543
552599,7.3e-05
552630,0.052206
552643,0.017811
552655,0.025188
552746,0.029428
552785,0.021231
552815,0.002965
552827,0.018158
552850,0.075495
552884,0.004683
552944,0.227655
552970,2.408848
553054,0.330121
553078,3.827393
553080,0.269318
553082,8.379411
553172,0.734223
553232,0.000633
553239,0.000732
553260,0.154109
553274,0.085083
553294,0.04422
553326,0.023755
553452,0.020648
553470,0.216104
553561,0.025471
553570,0.019358
553580,0.052313
553663,1.30083
553742,0.009721
553744,1.454631
553783,0.128474
553849,0.100964
553909,0.168546
554156,0.068888
554169,0.123342
554335,0.111954
554445,0.064901
554464,0.017285
554638,0.616452
554670,0.276976
554766,0.035409
554780,0.009259
554781,0.050916
554796,0.054322
554844,1.941515
554907,0.016204
554949,0.029572
555031,0.089466
555066,0.245227
555101,0.112938
555187,0.016401
555217,0.059305
555289,0.037912
555320,0.005345
555351,0.178587
555372,0.142175
555466,0.013049
555502,0.040828
555514,0.5347
555558,0.000241
555580,0.076123
555662,0.009097
555697,0.01264
555731,0.006357
555787,0.026743
555858,0.398512
555944,0.917229
556006,1.628185
556045,0.131888
556141,0.026263
556217,0.289453
556290,9.2e-05
556344,0.586272
556432,0.490673
556464,0.996328
556573,0.099126
556585,0.063329
556594,0.077741
556648,0.016307
556677,0.931536
556716,0.00551
556737,0.077049
556831,0.064158
556952,0.1628
556989,0.076102
557007,0.059959
557133,0.005137
557171,0.179063
557220,0.164089
557452,0.004285
557534,0.038609
557580,0.249017
557663,0.002487
557755,0.08332
557773,0.213111
557793,0.512412
557809,1.31468
557877,0.109765
557953,0.013115
557964,0.589749
558039,0.103107
558350,0.039965
558399,0.13629
558408,0.272305
558483,0.005409
558583,0.021333
558644,0.68238
558844,0.15041
558855,0.085876
558934,0.6859
558967,0.035423
558972,4.626109
559110,0.165077
559131,0.010802
559175,0.015895
559186,0.022766
559202,0.242991
559263,0.053021
559292,0.819969
559332,0.126685
559388,0.048843
559421,0.029184
559445,0.006805
559448,0.23624
559505,0.070881
559566,0.251359
559690,0.011205
559713,0.341854
559735,0.483284
559772,0.888835
559788,0.03742
559811,0.026743
559855,0.0447
559996,0.072755
560016,0.157721
560024,6.437439
560154,1.888728
560181,0.173972
560218,0.061116
560233,0.838175
560291,0.17479
560297,0.024127
560319,0.30879
560375,0.007077
560429,0.057795
560509,0.007636
560518,0.003166
560577,0.041583
560620,0.005913
560703,0.007717
560734,0.000985
560754,0.051989
560774,0.57673
560805,0.263199
560834,0.188598
560904,0.004748
560974,0.044765
561055,0.774374
561098,0.002242
561134,0.296449
561203,0.439516
561227,0.00939
561352,0.049801
561354,0.621684
561367,1.636279
561372,0.95329
561420,0.076038
561493,0.523887
561520,0.087192
561560,1.231322
561594,0.00977
561614,0.235744
561633,0.031315
561637,0.370018
561684,0.096374
561721,0.148698
561808,0.178397
561813,0.550993
561890,0.049097
561918,0.02639
561943,0.029559
561956,0.013515
561965,0.281266
561986,0.058714
561998,0.006393
562004,0.037324
562047,0.002243
562080,0.154322
562158,0.454257
562162,0.047966
562202,0.675884
562233,0.020612
562234,0.257067
562251,0.011521
562313,0.035344
562354,0.016215
562363,0.032639
562399,0.008088
562433,0.030818
562524,0.017896
562536,0.020456
562554,0.001334
562568,0.09656
562571,0.446632
562621,0.047435
562647,0.037034
562704,0.032013
562709,0.270204
562741,0.411338
562790,0.126622
562828,0.950633
562973,0.016666
563001,0.156539
563024,0.787547
563055,0.3633
563094,0.064812
563154,2.932331
563230,0.004056
563271,0.000416
563333,0.046328
563347,0.343133
563374,0.079129
563469,0.027145
563471,0.596954
563525,0.009473
563538,0.030377
563555,0.100118
563619,0.033857
563643,0.280039
563754,0.183233
563758,0.014964
563774,2.195027
563811,0.038665
563856,0.012416
563864,0.011722
563873,0.203066
563918,0.114212
563938,0.052191
563950,0.02376
563974,0.379897
564009,0.136978
564038,0.004153
564059,0.09467
564085,0.441199
564132,0.011645
564161,0.007737
564219,0.022131
564233,0.014396
564261,0.027431
564270,0.163633
564289,0.071905
564374,2.029931
564419,0.150875
564446,1.404239
564482,0.042979
564545,0.024286
564603,0.006413
564610,0.074282
564642,0.023333
564672,0.035704
564679,0.225144
564702,0.005923
564767,0.016429
564775,0.051119
564791,0.351041
564825,0.276063
564829,0.798037
564925,0.072917
564965,0.005945
564968,0.189921
565037,0.063024
565045,0.156347
565077,0.001804
565082,0.642688
565175,0.127459
565211,0.006419
565213,0.398768
565286,0.010531
565321,0.316263
565355,0.049166
565399,0.018787
565410,0.027736
565445,0.117107
565502,0.058796
565524,0.031947
565536,0.007976
565555,0.173802
565568,0.018845
565576,0.217586
565590,0.120156
565686,0.0374
565688,0.155066
565747,0.047529
565754,0.780969
565785,1.195845
565829,0.213116
565955,0.075591
565963,0.117124
566006,0.154192
566086,0.105407
566123,0.051911
566167,0.007776
566240,0.307471
566317,0.347357
566334,0.223344
566413,0.049311
566418,0.000836
566421,0.351328
566473,0.068383
566487,0.086467
566490,0.015406
566564,0.197101
566601,0.153407
566626,0.000166
566669,0.003254
566685,0.013548
566701,0.378815
566745,0.213799
566750,0.126524
566817,0.011142
566877,0.106833
566958,0.005118
566976,0.01709
567081,0.009752
567102,0.376596
567104,0.109545
567143,0.007296
567268,0.013981
567284,0.02722
567359,0.023213
567369,0.022069
567373,0.004701
567415,0.041979
567488,0.010739
567525,0.013883
567535,0.025744
567607,0.013152
567718,0.017762
567747,0.012481
567814,0.050872
567858,0.006233
567865,0.006281
567889,0.02438
567919,0.010281
567948,0.408117
567961,0.158582
568008,0.015636
568043,0.005878
568072,0.012664
568205,0.342358
568232,0.024507
568244,0.061514
568352,0.001207
568405,0.027147
568440,0.045471
568512,0.007374
568560,0.040551
568677,0.032235
568708,0.492411
568742,0.129956
568767,0.03937
568810,0.010612
568964,0.05064
568985,0.094197
569034,0.032155
569048,0.18601
569169,0.091566
569192,0.08118
569228,0.498523
569297,0.004684
569335,0.111527
569359,0.014237
569405,0.005524
569422,0.071972
569440,0.196114
569452,0.327645
569495,0.11779
569505,0.009121
569515,0.016101
569545,0.006877
569562,0.400062
569574,0.3245
569585,0.805306
569625,0.188172
569668,0.002414
569675,0.145778
569715,0.554925
569735,0.067879
569745,0.210015
569775,0.235839
569805,0.22867
569855,0.230135
569875,0.183561
569894,0.058368
569905,0.129774
569915,0.733813
569935,0.200554
569945,0.096947
569965,0.366198
569985,0.111621
570005,0.310369
570025,0.437709
570035,0.169133
570045,0.511894
570065,0.154911
570075,0.34814
570085,0.52599
570115,0.363722
570125,0.272491
570145,0.080433
570155,0.103158
570175,0.002565
570185,0.180294
570205,0.413923
570225,0.077461
570242,0.179814
570245,0.905247
570285,0.749883
570295,0.203256
570305,0.545521
570325,0.495691
570345,0.090593
570365,0.127073
570375,0.030351
570395,0.415146
570405,0.587053
570445,0.85607
570465,0.159732
570485,0.886722
570525,0.748801
570560,0.982671
570605,0.010545
570615,0.063842
570683,0.037248
570740,0.02759
570743,0.009358
570791,0.00523
570815,0.018795
570820,1.695526
570878,0.011439
570904,0.187608
570947,0.00045
570950,0.256145
571002,0.728357
571048,0.124857
571173,0.085039
571188,0.094372
571231,0.046251
571249,0.303508
571296,0.014674
571376,0.134062
571470,0.025542
571505,0.039106
571513,0.309172
571550,0.053538
571575,0.091514
571652,0.375093
571680,0.089234
571744,0.029234
571799,0.115054
571966,0.012388
571970,0.008203
572007,0.03946
572066,0.434691
572122,0.068492
572158,0.006972
572172,0.406514
572236,0.049721
572285,0.012936
572354,0.028529
572377,0.000262
572433,0.039221
572492,0.03981
572516,0.013111
572560,0.052228
572628,0.017029
572664,0.017801
572732,0.195896
572744,0.214824
572757,0.101639
572771,0.403764
572817,0.086187
572909,0.08641
572927,0.015348
572937,0.009326
573062,0.001763
573197,0.004722
573213,0.011677
573253,0.024392
573269,0.075345
573333,1.535396
573368,0.005225
573403,0.015439
573458,0.011712
573464,0.2914
573536,0.00426
573545,0.682733
573594,0.062004
573623,0.185968
573717,0.130983
573780,0.064708
573820,0.00404
573887,0.034058
574002,0.015867
574055,0.70472
574117,0.189887
574134,0.048369
574197,0.049386
574216,0.134789
574271,0.090867
574273,0.061664
574302,0.017112
574334,0.076457
574401,0.095199
574420,0.493881
574459,0.087853
574494,0.099271
574518,0.024501
574551,0.002145
574565,0.143288
574614,0.146944
574691,0.048275
574789,0.060731
574888,0.019047
574891,0.037034
574925,0.184857
574949,0.004122
574975,0.048935
575030,0.025211
575070,0.005018
575102,0.010519
575159,0.024979
575173,0.093423
575230,0.576704
575303,0.893896
575341,0.066541
575370,0.003587
575416,0.457412
575476,0.190063
575531,0.02337
575613,0.002288
575657,0.058767
575663,0.806647
575756,0.034461
575772,6.116945
575825,0.034496
575840,0.005531
575906,0.058583
575918,0.452274
575949,1.159727
576030,0.046676
576106,0.046508
576120,0.025428
576226,0.181839
576242,1.106558
576271,0.154774
576324,0.149622
576358,0.011947
576372,0.004671
576421,0.101232
576457,0.016036
576483,0.069099
576513,0.054507
576521,0.458584
576550,0.047643
576599,0.01176
576658,0.160577
576690,0.005193
576778,0.024387
576810,0.128357
576827,0.053068
576866,0.178684
576925,0.019845
576956,0.1624
576973,1.906882
577033,0.02024
577035,0.173018
577091,0.033474
577099,1.321917
577153,0.901416
577267,0.039167
577301,0.005421
577341,0.021084
577377,0.287317
577458,0.027044
577494,0.011746
577546,0.024942
577562,0.024392
577567,0.02246
577571,0.472558
577610,0.191065
577629,0.427406
577669,1.707848
577794,0.019689
577798,1.870443
577842,0.003974
577871,0.011048
577917,0.197205
578001,0.12424
578027,0.005601
578055,0.137522
578137,0.045804
578293,1.575503
578322,0.121731
578481,0.009141
578521,0.002435
578535,0.0162
578660,0.466575
578758,0.021079
578772,0.152729
578820,0.077694
578824,0.006251
578864,0.012809
578881,0.339027
578948,0.051815
578960,0.390171
579167,0.027553
579196,0.001739
579301,0.043975
579337,0.224266
579355,0.253057
579378,0.0361
579394,0.09746
579422,0.086396
579512,0.060011
579530,0.362951
579574,0.01369
579611,0.062272
579647,0.020641
579671,0.039705
579673,0.011405
579703,0.154913
579819,0.747315
579889,0.158107
579927,0.002224
579932,0.014951
579969,0.161271
579970,0.439548
579972,1.441433
580029,0.020236
580054,0.000139
580077,0.20052
580132,0.754545
580152,0.028378
580189,0.685526
580228,0.06814
580255,0.029707
580270,0.0107
580301,0.021237
580353,0.07986
580378,0.006697
580400,0.316412
580427,0.277407
580454,0.136341
580471,0.029322
580495,0.269804
580570,0.001611
580643,0.039095
580677,0.117178
580689,0.040503
580704,0.129991
580756,0.017061
580761,0.007467
580837,0.409594
580851,0.079157
580940,0.056119
580962,0.008653
580963,0.472306
581028,0.17883
581058,0.006936
581071,0.090468
581105,0.00572
581141,0.103073
581171,0.036327
581242,0.000809
581326,0.014018
581375,0.114172
581431,0.054096
581433,0.104483
581465,0.075394
581510,0.018793
581519,0.042742
581566,0.03864
581602,0.007139
581619,0.028537
581736,0.194755
581752,0.295866
581755,0.041338
581777,0.028639
581870,0.014873
581917,0.025341
581977,0.075702
582119,0.530938
582253,0.28496
582347,0.048245
582380,0.071726
582399,0.019092
582401,0.089236
582474,0.045289
582489,6.7e-05
582517,0.149026
582565,0.333648
582621,0.305109
582669,0.09234
582756,7.419661
582912,0.066738
582920,0.004916
582957,0.026618
583014,0.005353
583111,0.008957
583169,0.340731
583193,1.625136
583269,0.337698
583319,0.009779
583353,0.081715
583389,0.000642
583420,0.022319
583426,0.575228
583529,0.205314
583539,0.036008
583552,0.489219
583585,0.223107
583726,0.314158
583799,0.019051
583843,0.013846
583844,0.087543
583899,0.013533
583929,0.00564
583964,0.006024
584049,0.00932
584061,0.170364
584170,0.008911
584200,0.001431
584235,0.746242
584248,0.232537
584304,0.047466
584322,0.409251
584438,0.014176
584504,0.389001
584618,0.08791
584660,0.502498
584679,0.093191
584768,0.254396
584776,0.035182
584798,0.055292
584851,0.011509
584877,0.763828
584913,0.850426
584962,0.038348
584984,0.005904
585016,0.043684
585025,0.420303
585137,0.274404
585146,0.510352
585202,0.00097
585277,0.191202
585308,0.033993
585316,0.01725
585366,0.052785
585375,0.060442
585420,0.020083
585430,0.018758
585438,0.011855
585495,0.046813
585501,0.002456
585571,0.012303
585575,0.461238
585607,0.034082
585622,0.151241
585690,0.09252
585698,0.195833
585744,0.160036
585755,0.08476
585787,0.067084
585803,0.009925
585874,0.032744
585974,0.206372
586032,0.001016
586073,0.006598
586093,0.013515
586106,0.966962
586141,0.719377
586218,0.0039
586221,0.131293
586264,0.004955
586268,0.245381
586373,0.038465
586415,0.694659
586485,0.061768
586519,0.031287
586559,0.012924
586566,0.098061
586577,1.304539
586614,0.095981
586644,0.050526
586689,0.358421
586759,0.066392
586776,0.129741
586813,0.015276
586858,0.107294
586881,0.125978
586888,0.015824
586912,0.31728
586913,0.605812
586945,0.086266
586954,0.161559
586975,0.271111
587015,0.01382
587027,0.100175
587050,0.009113
587060,0.013811
587167,0.003159
587168,0.135536
587182,0.932462
587240,0.075578
587251,0.028528
587307,0.029022
587339,0.01336
587358,0.015837
587387,0.008427
587400,1.669023
587439,0.084119
587500,0.291829
587572,0.0315
587641,0.105417
587770,0.151375
587776,0.431587
587903,0.016121
587926,0.02302
588044,0.051878
588049,0.217983
588098,0.300174
588152,0.046827
588215,0.08989
588278,0.137569
588313,0.22024
588326,0.123775
588373,0.00103
588408,0.026627
588425,0.245008
588451,0.018832
588505,0.012569
588579,0.045982
588604,0.017734
588638,0.075014
588639,0.608106
588742,0.050056
588802,0.025552
588882,0.024701
588922,0.851791
588972,0.002775
588975,0.075792
589010,0.166563
589078,0.015572
589146,0.043585
589150,0.006774
589164,0.231099
589194,0.005142
589249,0.031116
589260,0.477699
589269,0.220022
589306,0.014643
589317,0.310567
589335,0.283154
589381,0.063845
589466,0.008635
589487,0.003625
589519,0.005264
589542,0.025725
589556,0.01293
589558,0.330736
589566,0.009734
589629,0.012889
589634,0.019029
589654,0.123059
589665,0.517466
589742,0.000151
589974,0.007211
589976,0.0161
590059,0.056888
590155,0.007957
590157,0.283666
590169,0.13101
590171,1.814556
590174,4.832093
590237,0.051483
590310,0.001796
590330,0.023386
590354,0.133195
590389,0.028405
590469,0.021571
590511,0.059289
590516,0.064304
590535,0.706302
590575,0.06163
590622,0.009433
590721,0.197735
590766,0.021894
590767,2.500231
590771,0.36093
590859,0.519309
590965,0.278898
590998,0.02561
591001,0.311066
591015,0.474313
591067,0.029135
591079,0.082671
591158,0.138227
591189,0.132374
591193,0.234673
591195,3.396616
591197,11.71476
591199,6.272641
591274,0.161619
591354,0.010284
591361,0.003296
591368,0.069448
591372,2.549509
591422,0.350251
591455,0.392291
591497,0.027579
591517,0.058992
591540,0.015768
591567,0.021801
591568,0.010719
591629,0.077606
591663,0.011378
591667,0.074157
591706,0.005585
591718,0.633127
591913,0.104195
591953,0.052673
591955,0.02081
591960,0.129804
591968,0.071513
592049,0.033317
592056,0.295922
592119,0.015612
592155,0.013797
592190,0.083056
592207,0.020106
592213,0.079655
592247,0.398468
592317,0.019913
592323,0.094509
592385,0.013284
592440,0.275783
592481,0.004882
592504,0.020328
592555,0.01173
592567,0.076772
592597,0.007825
592662,0.006229
592763,0.598223
592828,0.112014
592875,0.023907
592898,0.005813
592945,0.286282
592980,0.014721
592989,0.166352
593037,0.011532
593071,0.424885
593102,0.012567
593130,0.004434
593132,0.04191
593158,0.021038
593184,0.004578
593219,0.038073
593226,0.094762
593302,0.014597
593344,0.006621
593368,0.020987
593417,3.017248
593505,0.001333
593528,0.024108
593579,0.095224
593580,0.079033
593620,0.001231
593623,0.079273
593630,0.062942
593740,0.1159
593765,0.010195
593771,0.074935
593777,0.023695
593779,5.733419
593834,0.238899
593862,0.109422
593904,0.04102
593961,0.002316
593988,0.001952
593994,0.542931
594025,0.191422
594079,0.014206
594143,0.016976
594162,0.04599
594181,0.038176
594207,0.000668
594228,0.13507
594269,0.004111
594315,0.023058
594353,0.154813
594366,0.067095
594375,0.024159
594408,0.024884
594414,0.050776
594476,0.311818
594498,0.526342
594565,0.03264
594583,0.035921
594613,0.023366
594660,0.189124
594678,0.256129
594694,0.41745
594741,0.128406
594784,0.160597
594868,0.003457
594891,0.014697
594917,0.022172
594998,0.034889
595043,0.031952
595058,0.00707
595092,0.006
595116,0.047953
595135,0.217785
595178,0.057246
595192,0.080171
595216,0.015301
595236,0.005456
595276,0.041346
595332,0.036859
595400,0.008169
595408,0.034548
595456,0.011995
595552,1.085436
595567,0.122345
595607,0.016869
595681,0.000484
595715,0.225733
595747,0.085089
595748,0.127993
595785,0.017754
595786,0.15959
595899,0.124468
595962,0.117959
596002,0.141223
596031,0.567138
596080,0.384399
596094,0.152564
596145,0.018059
596151,0.018076
596156,0.847543
596179,0.169767
596181,0.57862
596185,1.671108
596186,6.335604
596191,3.963606
596395,0.112362
596438,0.008669
596454,0.048889
596567,0.01329
596607,0.009022
596630,0.007403
596652,0.025352
596694,0.29711
596755,0.02456
596761,0.019546
596849,0.013247
596916,0.028996
596926,0.016122
596995,0.015692
596997,0.572466
597026,0.096509
597043,0.098199
597125,0.06216
597147,0.365908
597182,0.370142
597236,0.003125
597296,0.059903
597316,0.051695
597319,0.162776
597372,0.184564
597433,0.047473
597453,0.255124
597472,0.475281
597490,0.31886
597504,1.811737
597579,0.245142
597605,0.128152
597666,0.012853
597689,0.139661
597709,0.516076
597760,0.067611
597781,0.046046
597828,0.004005
597836,0.129857
597863,0.012936
597937,0.006555
597956,0.427454
597998,0.023567
598074,0.018228
598078,0.075941
598115,0.009127
598119,0.057441
598167,1.165207
598170,1.257875
598236,0.00895
598341,0.026735
598346,0.096049
598380,0.026044
598465,0.02209
598539,0.073449
598574,0.094638
598607,0.208005
598751,0.070582
598759,0.239486
598798,2.543304
598880,0.720259
598909,0.112763
599016,1.718483
599043,0.055348
599060,0.094
599080,0.033464
599102,0.074507
599167,0.14278
599252,0.115756
599282,1.158108
599305,0.056996
599432,0.839495
599456,0.673224
599493,0.045302
599522,0.004469
599537,1.436255
599598,0.197531
599600,0.033489
599615,0.897157
599690,0.645321
599739,0.020035
599744,0.009501
599805,0.012748
599849,1.086676
599917,0.011332
600041,0.030013
600069,0.055487
600081,0.078008
600111,0.031727
600117,0.015456
600141,0.037848
600151,0.321333
600172,0.002207
600229,0.639184
600365,0.007972
600368,0.229238
600374,0.407371
600402,0.004528
600439,0.398665
600474,0.00453
600491,0.068652
600510,0.313805
600557,0.000777
600568,0.012057
600599,0.079527
600630,0.164147
600666,0.031803
600691,0.377887
600727,0.0788
600745,0.215168
600754,0.361485
600815,0.059294
600850,0.029429
600865,0.04555
600871,0.031673
600890,0.013214
600971,0.075915
600977,0.024127
601033,0.019236
601067,0.830396
601128,0.030224
601307,0.06698
601313,0.181347
601336,0.526859
601379,0.033818
601424,0.108366
601445,0.083048
601513,1.3e-05
601515,0.144644
601521,0.194923
601557,0.094383
601575,0.85056
601629,0.291416
601693,0.305736
601731,0.135701
601788,0.054101
601859,0.004243
601951,0.027896
601953,0.226117
601974,0.1125
602091,0.051654
602119,0.044788
602139,0.043459
602167,14.729567
602276,0.096012
602331,0.479957
602357,0.036562
602415,0.185186
602454,0.052769
602467,0.082694
602468,0.825918
602537,0.004079
602547,0.060351
602600,0.535512
602639,0.026551
602640,0.02333
602720,0.035103
602738,0.033185
602752,0.073986
602778,0.248742
602779,0.565387
602887,0.018687
602905,0.081795
602920,0.030319
602938,0.068796
602989,0.011146
603020,0.007795
603029,0.012442
603035,0.058907
603049,0.017091
603087,0.748431
603106,0.025766
603116,0.052956
603135,0.584689
603168,0.000259
603220,0.041093
603237,0.216861
603270,0.015849
603359,0.129562
603370,0.062943
603443,0.021029
603538,0.005598
603549,0.261328
603567,0.107158
603607,0.050478
603617,0.067105
603643,0.141483
603658,0.061852
603710,0.979804
603787,0.013375
603806,0.436255
603856,0.020763
603873,0.002588
603895,0.042906
603935,0.035172
603944,0.038236
603959,0.329038
603981,0.747244
604062,0.054101
604067,0.071198
604113,0.202526
604136,0.309258
604180,0.015433
604194,1.304905
604254,0.031929
604329,0.014411
604368,0.054521
604423,0.061174
604450,0.180798
604487,0.035182
604508,0.180158
604515,0.032201
604556,0.004772
604570,0.049717
604583,0.020762
604617,0.140737
604644,0.214186
604695,0.052422
604705,0.610814
604749,0.01356
604769,0.838245
604783,0.43194
604819,0.079587
604820,0.732608
604850,0.247097
604906,0.067756
604943,0.013626
604957,0.00731
604980,0.01723
605005,0.012362
605173,0.824898
605223,0.116273
605236,0.141465
605247,0.118162
605254,0.624493
605273,0.168566
605304,0.035325
605341,0.006774
605549,0.237315
605558,0.030853
605573,0.110828
605741,0.059037
605754,0.495786
605780,0.429533
605810,0.054431
605842,0.055014
605868,0.061375
605888,0.007329
605911,0.370118
605916,0.017436
605960,0.052391
605969,0.658352
606031,0.060639
606035,0.002864
606036,0.127124
606062,0.011388
606136,0.011734
606143,0.073465
606162,0.163801
606204,0.136624
606226,0.003288
606233,0.022426
606265,0.023436
606288,0.083926
606312,0.039955
606330,0.141427
606344,0.22801
606364,0.727557
606417,0.002839
606512,0.134757
606584,0.007087
606607,0.008423
606618,0.020598
606662,0.03023
606744,1.165062
606769,0.903366
606786,0.038816
606858,0.901188
606876,0.002546
606958,0.066136
606959,0.565812
606974,0.544855
607000,0.111624
607047,0.02659
607092,0.016034
607143,0.008843
607207,0.055156
607280,0.046254
607319,0.061293
607329,0.015851
607400,0.120836
607434,0.057511
607444,0.176124
607489,0.057934
607546,0.330143
607568,0.104875
607571,0.013778
607573,0.239792
607593,0.058352
607640,0.002534
607790,0.030904
607801,0.004338
607819,0.00924
607854,0.409514
607887,0.04384
607914,0.027052
607928,0.048795
607943,0.105025
608010,0.029495
608031,0.035983
608062,0.088943
608067,0.688328
608068,0.511541
608151,0.000238
608167,0.0319
608171,0.025179
608394,0.023224
608399,2.578845
608418,0.24897
608447,0.158697
608525,0.465162
608560,0.036373
608583,0.24656
608614,0.158212
608647,0.107329
608656,0.092495
608694,0.058109
608741,0.073804
608756,0.011609
608767,0.040091
608771,0.428299
608835,0.354003
608866,1.018164
608891,0.154865
608961,0.007373
608963,0.236112
609107,0.001055
609146,0.123506
609166,0.393932
609317,0.002393
609370,1.751353
609372,0.236909
609405,0.052149
609453,0.14856
609463,0.006434
609465,0.117621
609611,0.045994
609638,0.037034
609648,0.792444
609736,0.000498
609762,0.019412
609833,0.031604
609855,0.017897
609889,1.189872
609961,0.024156
609973,0.00361
609983,1.299672
610020,0.011639
610035,0.02591
610055,0.230394
610078,0.179374
610195,0.163792
610215,0.019614
610245,0.045084
610262,0.114096
610305,0.101475
610325,0.079562
610355,0.031106
610365,0.02643
610385,0.036329
610405,4.008025
610435,0.026081
610475,0.145037
610495,0.219152
610515,0.851775
610525,0.052362
610535,0.260159
610545,0.062206
610555,0.330002
610565,0.790159
610595,0.357288
610600,0.313209
610645,0.675
610665,1.874059
610695,0.227269
610760,1.770681
610822,0.660179
610880,0.370236
610889,0.174653
610942,0.094592
610963,0.000413
611010,0.009687
611028,0.154872
611099,0.000323
611101,0.178695
611148,0.164367
611166,0.216833
611195,0.108002
611206,0.359939
611272,0.235271
611338,0.106587
611391,0.0081
611428,0.01264
611458,0.021152
611478,0.026415
611504,0.007518
611514,0.386219
611562,0.232711
611585,0.268411
611762,0.005241
611776,0.043425
611778,0.231771
611794,0.262092
611810,0.036066
611865,0.006997
611900,0.000763
611918,0.000419
611926,0.18711
611988,0.00642
612015,0.006372
612129,0.024928
612173,0.03782
612225,0.01827
612249,0.019715
612295,0.036453
612337,0.077273
612363,0.048254
612368,0.035377
612372,0.018176
612400,0.014652
612519,0.034101
612540,0.059117
612592,0.29309
612657,0.0073
612703,1.018879
612740,0.070964
612857,0.162075
612914,0.213244
612923,1.194026
612967,0.008252
612971,0.036839
612976,0.606593
613044,0.12056
613045,0.515849
613051,0.28807
613109,0.018393
613135,0.221802
613162,0.175558
613257,0.022936
613398,0.176991
613451,0.125344
613500,0.058018
613535,0.020467
613566,0.243242
613581,0.013101
613589,0.425547
613616,0.852763
613637,0.095576
613654,0.488264
613682,0.140575
613748,0.688321
613768,0.016444
613806,0.013151
613832,0.008477
613866,0.001694
613887,0.021694
613906,0.000282
613948,0.02204
613965,0.013542
613974,0.006875
613979,0.148632
614044,0.031399
614061,0.28707
614086,0.059589
614102,0.160034
614173,0.72757
614215,0.074926
614281,0.224415
614329,0.027586
614331,0.102556
614441,0.513582
614485,0.038243
614522,0.110813
614641,0.137598
614673,0.001815
614692,1.765914
614766,0.123075
614770,0.035745
614773,0.201826
614793,0.030268
614860,0.007513
614888,0.04117
614895,0.187026
614962,0.008687
615039,0.349095
615142,0.175168
615169,0.155814
615187,0.146185
615240,0.013447
615304,0.002157
615307,0.058515
615368,0.497754
615371,0.777784
615428,0.03006
615453,0.015953
615475,0.061982
615498,0.065989
615520,0.643021
615572,0.003824
615603,0.186229
615612,0.135092
615641,0.013684
615662,0.023319
615735,0.065051
615780,0.010553
615791,0.021933
615801,0.020463
615820,0.149025
615845,0.015692
615847,0.138266
615852,0.119779
615889,0.02933
615922,0.142311
615944,0.263566
615956,0.589843
615998,0.098154
616000,0.750571
616095,0.675188
616200,0.17759
616245,0.34301
616295,0.005288
616328,0.02796
616343,0.242708
616374,0.011478
616454,0.01942
616468,0.047482
616495,0.032486
616504,0.064744
616534,2.269024
616555,0.038206
616636,0.001067
616637,1.015422
616672,0.005849
616691,0.618799
616749,0.012202
616852,0.100289
616875,0.011479
616937,0.100691
616963,0.115865
617010,0.010678
617019,0.359078
617108,0.024379
617136,0.014878
617139,0.109156
617176,0.032695
617207,0.082841
617209,2.591932
617255,0.020144
617310,0.518361
617350,0.048502
617354,0.006496
617394,0.264276
617432,0.014709
617457,0.000117
617477,0.205754
617522,0.034713
617555,0.019011
617620,0.044446
617622,0.225551
617632,0.65581
617673,0.178968
617699,0.223636
617739,0.245316
617768,0.079316
617776,1.998662
617838,0.429946
617869,1.154044
618005,0.07745
618066,0.023629
618093,0.010984
618138,0.071083
618183,0.127316
618216,0.005396
618221,0.199251
618296,0.000876
618302,0.108527
618415,0.077134
618423,0.139992
618437,0.256416
618505,0.15966
618554,0.605566
618605,0.025898
618647,0.010557
618658,0.011594
618666,0.085429
618723,0.787347
618761,0.278654
618767,0.009211
618815,0.053441
618864,0.067975
618912,0.058425
618940,0.001524
618958,0.169233
618974,0.205131
619023,0.27289
619070,0.140259
619162,0.085059
619184,0.068308
619249,0.069813
619378,0.017112
619391,0.023094
619404,0.115716
619411,0.010117
619460,0.30469
619512,0.503604
619566,0.231347
619594,0.013084
619617,0.073691
619665,0.029021
619697,0.233169
619743,0.093992
619798,0.542696
619889,0.338611
619954,0.1212
619972,0.066397
620016,2.749533
620077,0.263305
620106,0.019832
620121,0.133132
620139,0.052346
620174,0.185952
620219,0.003747
620233,0.539864
620287,0.498549
620293,0.296252
620320,0.132476
620333,0.292409
620371,0.034841
620401,0.033549
620421,0.01869
620435,0.252988
620504,0.000545
620549,0.01304
620579,0.232994
620629,0.413178
620701,0.002485
620704,1.993094
620746,0.024184
620774,0.04187
620856,0.152625
620928,0.008883
620948,0.04591
620979,0.003416
621004,0.263362
621050,0.069335
621086,0.017167
621166,0.010826
621194,0.106377
621211,0.054553
621367,0.404512
621419,0.005203
621423,0.015833
621454,0.059024
621494,0.365933
621564,0.322827
621622,1.9349
621718,0.491887
621766,0.002828
621767,1.765917
621822,0.298535
621843,0.005826
621882,0.029481
621902,0.049014
621923,0.315874
621926,0.064588
621972,0.213128
622012,0.083919
622031,0.048184
622046,0.596171
622048,0.023519
622067,0.031146
622124,0.057885
622156,0.157243
622174,0.064405
622198,0.445502
622209,0.143449
622270,0.002895
622298,0.003136
622301,0.319734
622305,0.188676
622315,0.079574
622360,0.001256
622372,0.190795
622489,0.038357
622498,0.034065
622506,0.070904
622567,0.04871
622577,1.017278
622633,0.297341
622663,0.034647
622686,0.589959
622781,0.008115
622790,0.009767
622851,0.011177
622877,0.018748
622918,0.087129
622967,0.066078
623105,1.11152
623177,0.038784
623252,0.136141
623288,0.042047
623325,0.164772
623340,0.075715
623344,0.04451
623400,0.10332
623415,0.004148
623422,0.498309
623480,0.393036
623483,0.053495
623520,0.068301
623574,0.003534
623591,1.151528
623712,0.261525
623731,0.364387
623762,0.236565
623773,0.185225
623800,0.003392
623824,0.02064
623833,0.202558
623845,0.052275
623875,0.26777
623880,0.03486
623927,0.698694
623945,0.028441
624031,0.210989
624060,0.015928
624092,0.061891
624123,0.125963
624185,0.052114
624236,0.079167
624237,0.523513
624280,0.146674
624374,0.594355
624414,0.127513
624451,0.023953
624456,0.243282
624478,0.758136
624595,0.005711
624631,0.006659
624633,0.080248
624743,0.435094
624802,0.028513
624834,0.260907
624876,0.44918
624939,0.187592
624955,0.016511
624973,1.61927
625051,0.0326
625068,0.126255
625090,0.448212
625098,0.47078
625158,0.050017
625246,0.001241
625269,0.028948
625327,0.536167
625402,0.913955
625409,0.15093
625459,0.001247
625545,0.007644
625558,0.12491
625575,0.567607
625611,0.087605
625662,0.090097
625710,0.002113
625734,0.079566
625826,0.013971
625851,0.130166
625870,0.053778
625927,0.03012
626088,2.729487
626157,0.018496
626166,0.154964
626168,1.139456
626169,1.887457
626231,0.130239
626243,0.168963
626267,0.05082
626345,0.034726
626368,0.008241
626458,0.01605
626478,1.213751
626549,1.570942
626635,0.21915
626685,0.002725
626694,0.012143
626699,0.027461
626715,0.091008
626740,0.021317
626765,0.061568
626829,0.314735
626863,0.084681
626879,0.116394
626907,0.221589
626933,0.025344
626936,0.076755
626983,0.007838
627013,0.027504
627028,0.001702
627075,0.053903
627107,0.048851
627120,0.234316
627143,0.003015
627188,2.117443
627238,0.043674
627264,0.110269
627334,0.008121
627358,0.098656
627363,0.248158
627373,1.504387
627550,1.133856
627624,0.026881
627684,0.015859
627712,0.002124
627756,0.017982
627778,0.223232
627799,0.452482
627841,0.030425
627871,0.01209
627903,0.228203
627908,0.139952
627923,0.094956
627957,0.094107
627970,0.016569
627996,0.085194
628020,0.0174
628055,0.030717
628087,0.022396
628100,0.025582
628138,0.024726
628158,0.718948
628198,0.003174
628229,1.083878
628349,0.004648
628350,0.275977
628397,0.406545
628465,0.025266
628483,0.199652
628529,0.026404
628543,0.015063
628565,0.011623
628574,0.042731
628627,0.012051
628639,0.003735
628665,0.184809
628719,0.239153
628741,0.050325
628820,0.010888
628854,0.166622
628879,0.217393
628898,0.022956
628945,0.373626
628972,0.059519
629062,0.329291
629255,0.53722
629314,0.112098
629356,0.249683
629415,0.058358
629597,0.010179
629602,0.078491
629655,0.015853
629701,0.119999
629762,0.709464
629779,0.036652
629798,0.031052
629836,0.059206
629885,0.322314
630065,0.033335
630087,0.005239
630211,0.161387
630246,0.045766
630303,0.027109
630332,0.533302
630369,0.513602
630408,0.072941
630466,0.030723
630523,0.139282
630538,0.002116
630581,0.002293
630604,0.035582
630616,0.22671
630675,0.001745
630734,0.000697
630773,0.085049
630890,0.025256
630929,0.077526
630956,0.19657
631003,0.135126
631156,0.216659
631168,3.629645
631172,9.660553
631174,2.811485
631306,0.012079
631316,0.12225
631323,0.349601
631343,0.060232
631399,0.032588
631421,0.044435
631482,0.024351
631484,0.055751
631499,0.047049
631504,0.038022
631518,0.074624
631566,0.258605
631595,0.158045
631604,0.363602
631640,0.020612
631661,0.000237
631771,0.018754
631893,0.043109
631962,0.708359
632033,0.252997
632095,0.053133
632121,0.174149
632153,1.57609
632172,0.233461
632206,0.024539
632362,0.095745
632424,1.258965
632452,0.642472
632494,0.029331
632507,0.209583
632541,1.095294
632569,0.010168
632600,0.01063
632617,0.005213
632662,0.025808
632767,0.000542
632768,0.076322
632839,0.009195
632869,0.015174
632887,0.002451
632894,0.014297
632915,0.005773
632941,0.241408
632991,0.125031
633001,0.103232
633047,0.152074
633121,0.14578
633151,0.061006
633171,0.072693
633286,0.03724
633358,0.129521
633377,0.00376
633401,0.002597
633425,0.008228
633445,0.136634
633466,0.38925
633493,0.026956
633505,0.099426
633558,0.078249
633601,0.00078
633665,0.059817
633679,0.197725
633701,0.012083
633725,0.019461
633762,0.17278
633795,0.218153
633958,0.029209
634001,0.062658
634016,0.31583
634092,0.011601
634093,0.057653
634136,0.014501
634148,0.66265
634180,1.679135
634214,0.014798
634273,0.135142
634318,0.00511
634438,0.036382
634456,0.015538
634469,0.087488
634520,1.947597
634553,0.282324
634635,0.012709
634638,0.176806
634701,0.033665
634747,0.02188
634760,0.104163
634783,0.017469
634808,0.053433
634835,0.017087
634866,0.074675
634897,0.009881
635008,0.022746
635019,0.015482
635034,0.002869
635072,0.008816
635111,0.24315
635156,0.007616
635168,0.020544
635175,0.03519
635176,0.112745
635233,0.036424
635244,0.183263
635283,0.187629
635319,0.046575
635345,0.096005
635364,0.793918
635410,0.040508
635434,0.107887
635466,0.004766
635471,0.151885
635534,0.02405
635538,0.02491
635583,0.353299
635634,0.182531
635642,0.636505
635706,0.018901
635717,0.054304
635755,0.028078
635766,0.894925
635775,2.118976
635815,0.009073
635903,0.007198
635910,0.00223
635930,0.065395
635954,0.141897
636016,0.467852
636109,0.111386
636122,0.248184
636166,0.520409
636216,0.036355
636254,0.170618
636351,0.00209
636435,0.106515
636439,0.02867
636440,0.229096
636451,0.161479
636474,0.010463
636491,0.020297
636530,0.048247
636555,0.753599
636598,0.02045
636636,0.025986
636656,0.280415
636678,0.241569
636749,0.009561
636760,0.018591
636864,0.012812
636910,0.302923
636956,0.054819
636967,0.299997
636971,0.961559
637044,0.23974
637101,0.216967
637167,0.020594
637190,0.025988
637205,0.144953
637269,0.231282
637308,0.354907
637319,0.676534
637360,0.017154
637403,0.045343
637466,0.019269
637472,0.097256
637508,0.031383
637516,0.09853
637578,0.127752
637591,0.13922
637685,0.048834
637742,0.055834
637851,0.015955
637893,0.006779
637907,0.045519
638024,0.410907
638075,0.092562
638111,0.153735
638122,0.054179
638170,0.091353
638174,0.001424
638202,1.094935
638219,0.058739
638243,0.114946
638267,0.140556
638304,0.140345
638349,0.361439
638403,0.03305
638418,0.248188
638435,0.142616
638492,0.002905
638545,0.001695
638562,0.026246
638563,0.080472
638606,0.002886
638647,0.494388
638706,0.072351
638709,0.300345
638724,0.069355
638751,0.020677
638761,0.060162
638776,0.388843
638870,0.025823
638942,0.107292
638955,0.90726
638968,1.079705
638998,0.499793
639057,0.303223
639087,0.221471
639137,0.000885
639155,0.168145
639170,0.000847
639207,0.004905
639229,0.212404
639282,0.012146
639296,0.170073
639354,0.016021
639364,0.117428
639472,0.183945
639479,0.31783
639483,1.200489
639487,4.977424
639490,2.365616
639506,1.100389
639597,0.040519
639615,0.155494
639656,0.149989
639676,0.060827
639826,0.02484
639847,0.418734
639885,0.117241
639888,0.979868
639970,1.656456
639992,0.005748
640054,0.390478
640057,0.536963
640080,0.271285
640166,0.016496
640236,2.6e-05
640264,0.465466
640291,0.17939
640371,0.165689
640423,0.001464
640434,0.403372
640466,0.068028
640481,0.213438
640485,0.195546
640540,0.611562
640570,0.917363
640613,0.035532
640617,0.17368
640741,1.692625
640767,0.002417
640774,0.457946
640820,0.485816
640842,0.270929
640884,0.218322
640929,0.064872
640938,0.06427
640954,0.615395
640991,0.142997
641027,0.194257
641028,0.130449
641069,2.257863
641084,0.905062
641136,0.405877
641148,0.403408
641202,0.046156
641297,0.007328
641320,0.012711
641413,0.663418
641465,0.013186
641509,0.140166
641521,0.060121
641547,0.171795
641590,0.012427
641657,0.145074
641667,0.041004
641674,0.003942
641711,0.168746
641758,0.064992
641764,0.125354
641774,1.181733
641832,0.148809
641875,0.031226
641888,1.210377
641901,0.022821
641938,0.017285
641986,0.117069
642000,0.033569
642042,0.004918
642099,0.096639
642125,0.507567
642157,0.265358
642184,4e-06
642214,0.264428
642237,0.103412
642239,0.071745
642287,0.228552
642324,0.049978
642358,0.067404
642371,0.554643
642439,0.026657
642466,0.068591
642566,0.029445
642684,0.095999
642711,0.02075
642751,0.000822
642797,0.005307
642816,0.083425
642835,0.128844
642863,0.04034
642879,0.563848
642918,0.341199
642955,0.019911
642965,0.220817
642966,0.495196
642977,1.477404
642995,1.032921
643014,1.797152
643046,0.167036
643068,0.01499
643082,0.089246
643111,0.055266
643136,0.43284
643167,0.092514
643172,0.555889
643187,0.323783
643196,0.06715
643223,0.147742
643225,0.313484
643235,0.054598
643336,0.017593
643381,0.008829
643387,0.008804
643415,0.002576
643447,1.370702
643472,0.200856
643572,0.193375
643612,0.05729
643645,0.136671
643690,0.433259
643744,0.201152
643786,0.145475
643838,0.105672
643854,0.392972
643875,0.144871
643946,0.004307
643998,0.17433
644093,0.117246
644095,0.067973
644129,0.010353
644153,0.230719
644230,0.013287
644273,0.00052
644308,0.021248
644323,0.010766
644370,0.295173
644422,0.041488
644441,0.017878
644481,0.001485
644499,0.058029
644505,0.192795
644560,0.184885
644576,0.009134
644612,0.069821
644658,0.039306
644697,0.016789
644714,0.235785
644766,0.461516
644817,0.043302
644936,0.000996
644954,0.105417
644971,0.006614
645034,0.008054
645046,0.318014
645088,0.005445
645100,0.005173
645103,0.004699
645157,0.074312
645231,0.10294
645269,0.103894
645336,0.014475
645353,0.454203
645373,0.149602
645421,0.020585
645461,0.20007
645478,0.393378
645503,0.076531
645571,0.462061
645594,0.133121
645666,0.124664
645695,0.015709
645706,0.11958
645713,0.015739
645729,0.078676
645795,0.157282
645819,0.364625
645878,0.086435
645939,0.043585
645950,0.110261
646031,0.021359
646071,0.004918
646101,0.016819
646102,0.236115
646119,0.393521
646251,0.000274
646265,0.295924
646304,0.029203
646336,0.015071
646342,0.107795
646426,0.168455
646494,0.05092
646511,0.016158
646548,0.062309
646563,0.15497
646574,0.12467
646576,0.422135
646654,0.164008
646721,0.038974
646769,0.034375
646775,0.454809
646852,0.222355
646895,0.084414
646925,0.007437
646939,0.042985
646943,0.026375
646961,0.148738
647003,0.027251
647027,0.270382
647070,0.019089
647092,0.015185
647138,0.154502
647175,0.005421
647213,0.007337
647254,0.174109
647300,0.016075
647333,0.068371
647421,0.168294
647442,0.162168
647467,0.008497
647515,0.010243
647548,0.300075
647569,0.107635
647627,0.017681
647654,0.155009
647675,0.024372
647706,0.016144
647719,0.037393
647739,0.044395
647765,0.684635
647863,0.008783
647884,0.011637
647915,0.443274
647963,0.009785
647989,0.878133
648070,0.043009
648143,0.050703
648146,0.348452
648198,0.056586
648225,0.046036
648228,0.346057
648285,0.153268
648309,0.013587
648318,0.229585
648321,0.075585
648363,0.077103
648371,0.283424
648418,0.04287
648461,0.014492
648490,0.01177
648525,0.030752
648527,0.144916
648586,0.302095
648608,0.010562
648625,0.047505
648837,0.124719
648883,0.182151
648886,0.387112
648904,0.112276
648955,0.17987
649051,0.044042
649082,0.712518
649132,0.00262
649174,0.033005
649211,0.352495
649241,0.015625
649258,0.078382
649286,0.018683
649312,0.032995
649369,0.011591
649382,0.111192
649424,0.020524
649446,0.418663
649461,0.057626
649492,0.000695
649497,0.316758
649514,0.066009
649571,0.037099
649578,0.006388
649672,0.090434
649772,0.016395
649781,0.012626
649820,0.172755
649858,0.018288
649868,0.254051
649928,0.071417
649971,0.016165
649974,0.254132
650046,0.010418
650066,0.0564
650134,0.035527
650158,0.039481
650171,0.011025
650211,0.146256
650234,0.52468
650317,0.019928
650319,0.030442
650388,0.084671
650458,0.662962
650492,0.115433
650539,0.006175
650548,0.041888
650582,0.007017
650598,0.381956
650655,0.084828
650679,0.094483
650715,0.000772
650736,0.00607
650762,0.095041
650779,0.078611
650871,0.006252
650914,0.052308
650969,0.02133
651010,0.000151
651015,0.005837
651054,0.201512
651118,0.113037
651129,0.276038
651153,0.065442
651279,0.038945
651300,0.036708
651325,0.006015
651358,0.10589
651370,0.079134
651415,0.311668
651507,0.016266
651533,0.828869
651561,0.064645
651570,0.696053
651622,0.224765
651651,0.044124
651653,0.288992
651679,0.790199
651745,0.029449
651775,0.023606
651783,0.110329
651813,0.037101
651876,0.112133
651926,0.006841
651939,0.02064
651955,0.087508
651964,0.190591
651966,0.246115
652058,0.015204
652079,0.260108
652135,0.205874
652155,0.18532
652179,0.335395
652237,0.144869
652282,0.090683
652356,0.003737
652459,0.084357
652520,0.65841
652541,0.285491
652572,0.15673
652607,0.07139
652715,0.125179
652736,0.047705
652749,0.008623
652789,0.20868
652831,0.037652
652913,0.010205
652981,0.064466
652994,0.077226
653035,0.590565
653046,0.397445
653084,0.053386
653105,0.293124
653177,0.170466
653251,0.001607
653258,0.1919
653349,0.005246
653437,0.041997
653476,0.059242
653542,0.018893
653556,0.005467
653571,0.029797
653607,0.009183
653654,0.016439
653685,0.016515
653696,0.467291
653768,0.245332
653806,0.093213
653831,0.084938
653861,0.020864
653916,0.080208
653929,0.013264
653935,0.393579
653943,0.369817
654002,0.066172
654085,0.003743
654135,0.022485
654137,0.169886
654168,1.764211
654212,0.169393
654220,0.014948
654322,0.293652
654365,0.021471
654372,0.183185
654427,0.017934
654468,0.236128
654486,1.445532
654508,0.545535
654565,0.071676
654566,0.479568
654607,0.074047
654620,0.026327
654645,0.023219
654661,0.04572
654668,1.181091
654702,0.623454
654788,5.1e-05
654791,0.344379
654831,0.032246
654854,0.026184
654856,0.105934
654894,0.103349
654925,0.104615
654947,0.014753
654966,0.09114
654974,0.260036
654989,0.145057
655057,0.001312
655088,0.546808
655127,0.016228
655201,0.015224
655234,0.207879
655272,0.013423
655291,0.018013
655322,0.062202
655539,0.000567
655568,0.1392
655570,0.033403
655574,3.014353
655629,1.452165
655692,1.044145
655752,0.039366
655844,0.40745
655870,0.318479
655888,0.781975
655930,0.013172
655977,0.092361
656000,0.050802
656041,0.001408
656070,0.009122
656091,0.020893
656118,0.614554
656149,0.105649
656199,0.366226
656207,0.338302
656305,0.024223
656393,0.038082
656534,0.003434
656572,0.007195
656582,0.04509
656625,0.013928
656648,0.402253
656659,0.779456
656702,0.346716
656763,0.004296
656772,0.065139
656782,0.120746
656832,0.312496
656846,0.326966
656907,0.013588
656924,0.001443
656958,0.023724
657054,0.049555
657057,0.011557
657082,0.158704
657188,1.457872
657289,0.020267
657327,0.746338
657367,0.194622
657384,0.030056
657423,0.10447
657463,0.026301
657509,0.431242
657569,0.008147
657586,0.081554
657628,0.027734
657702,1.251903
657726,0.447417
657785,0.042487
657820,0.331579
657844,0.504313
657926,0.008859
657944,1.480852
657976,0.016599
657985,0.086008
658005,0.022072
658021,0.001071
658025,0.157942
658049,0.008927
658052,0.044734
658087,0.002507
658102,0.27994
658131,0.251818
658213,0.16588
658266,0.028393
658302,0.121822
658313,0.037602
658390,0.000836
658434,0.009005
658445,0.000155
658450,0.527521
658503,0.045845
658521,0.007516
658557,0.015039
658563,1.305493
658569,0.1253
658618,0.302489
658702,0.041361
658753,0.611936
658799,0.489868
658815,0.254153
658895,1e-06
658943,0.042773
658965,0.047576
659047,0.002766
659087,0.003007
659093,0.310546
659102,0.073606
659130,0.010347
659169,0.818751
659217,0.007127
659247,0.016444
659262,0.005334
659264,0.006184
659284,0.097287
659349,0.278862
659423,0.04363
659441,0.071577
659490,0.135387
659549,0.008026
659571,0.348067
659612,0.001999
659633,0.909259
659687,0.172085
659694,0.060855
659723,0.001005
659765,0.012913
659767,0.271603
659833,0.362898
659845,0.041305
659871,0.715674
659990,0.023408
660007,0.101803
660060,0.052225
660144,0.455673
660177,0.285784
660222,0.769398
660264,0.085049
660418,0.006125
660430,0.063694
660443,0.241285
660546,0.007856
660574,0.011968
660585,0.125077
660655,0.029236
660681,0.00077
660685,0.003551
660711,0.103609
660730,0.210088
660787,0.141858
660852,0.131536
660872,0.017198
660915,0.216669
660947,0.798101
660974,0.140504
660996,0.312309
661019,0.201259
661118,0.045874
661155,0.146308
661162,0.698624
661211,0.051151
661286,0.260872
661358,0.196601
661407,0.059206
661529,0.486963
661568,0.060335
661585,0.002075
661620,0.329701
661692,0.042466
661753,0.062206
661764,0.036597
661852,0.134016
661910,0.08216
661933,0.012328
661956,0.132792
662057,0.164726
662102,0.015383
662115,0.083815
662133,0.035455
662137,0.180765
662158,0.185055
662166,0.330845
662204,0.280401
662228,0.003346
662354,0.057888
662403,0.278683
662461,0.10367
662472,0.279617
662519,0.001296
662521,0.159147
662547,0.290816
662592,0.12777
662626,0.006807
662641,0.015781
662643,0.122055
662649,0.060465
662658,0.060295
662705,0.389064
662755,0.026947
662766,0.091053
662770,0.819174
662808,1.140769
662871,0.001036
662882,0.00575
662886,0.556345
662955,0.048465
662978,0.021071
663027,0.009163
663059,0.976941
663111,0.00337
663136,0.525968
663250,0.011786
663284,0.031734
663318,0.018876
663334,0.1759
663373,0.305717
663434,0.030433
663485,0.008333
663517,0.096368
663538,0.092008
663540,0.185753
663590,0.113277
663617,0.088035
663716,0.232752
663730,0.243698
663758,0.006518
663864,0.339386
663913,0.038277
663917,0.314758
663957,0.026112
663972,0.064184
663997,0.061175
664037,0.028758
664098,0.001512
664102,0.194963
664103,0.088852
664219,0.002854
664233,0.004904
664278,0.28722
664285,1.244679
664333,0.019922
664339,0.007981
664422,0.001931
664476,0.081848
664504,0.008903
664508,0.009345
664539,0.052026
664545,0.025148
664569,0.028069
664574,0.000253
664587,0.081116
664631,0.177913
664716,0.035853
664779,0.215931
664849,0.003997
664949,0.037912
664960,0.488534
665030,0.012949
665035,0.052101
665094,0.42209
665124,0.023574
665127,0.32157
665171,0.030251
665184,0.024798
665239,0.15904
665247,0.030591
665318,0.018658
665348,0.016307
665357,0.131938
665402,0.182634
665467,0.303102
665494,0.211756
665525,0.006954
665580,0.584411
665605,0.038917
665634,0.060935
665672,0.021173
665725,0.004173
665737,0.071376
665756,0.308802
665765,0.374732
665769,1.326657
665832,0.506499
665835,1.034151
665902,0.330667
666106,0.053442
666111,0.157815
666195,0.093005
666239,0.540351
666300,0.098366
666337,0.18914
666349,0.038969
666369,0.656027
666370,6.098165
666397,0.327544
666421,0.016867
666460,1.2531
666461,0.321712
666463,2.620207
666464,0.909124
666465,6.913769
666466,16.331121
666579,0.031077
666653,0.010344
666666,0.05182
666717,0.098824
666751,0.018975
666807,0.004425
666873,0.001917
666911,0.008642
666943,0.009558
666961,0.116721
667018,1.320238
667096,0.015147
667111,0.432189
667173,0.020154
667200,0.067098
667253,0.234396
667301,0.08269
667377,0.00982
667388,0.049059
667432,0.015749
667434,0.341341
667450,0.146441
667488,0.200034
667520,0.027573
667570,0.031484
667575,0.39607
667637,0.061154
667650,0.197026
667656,0.023799
667706,1.262987
667752,0.092443
667788,0.004226
667817,0.028385
667906,0.032617
667911,0.210564
668071,0.176293
668100,0.000272
668109,0.508027
668132,0.127157
668157,0.266856
668185,0.418458
668194,0.022835
668200,1.134211
668206,1.936024
668208,9.32337
668212,1.901121
668298,0.464961
668378,0.350379
668430,1.095864
668456,0.021242
668466,0.116625
668516,0.031801
668573,0.159704
668607,0.060064
668685,0.047355
668722,0.141209
668759,0.024117
668767,0.018719
668770,0.038017
668776,0.245028
668790,1.350498
668819,0.352964
668822,4.812667
668823,0.511563
668825,3.93009
668826,1.369518
668894,1.455778
669071,0.668877
669106,0.215924
669140,0.001171
669219,0.130192
669228,0.69515
669289,0.396997
669318,0.003364
669330,0.006637
669346,0.007468
669356,0.880295
669366,0.481771
669515,0.604462
669548,0.007865
669554,0.05214
669569,0.397406
669631,0.001997
669660,0.05344
669685,0.003807
669715,0.256213
669764,0.020066
669939,0.015535
669998,0.029036
670002,0.104537
670054,0.125506
670105,0.02538
670128,0.615481
670165,0.02861
670219,0.125615
670249,0.002396
670283,0.018599
670318,0.701717
670352,0.079055
670397,0.049355
670506,0.007889
670558,0.031503
670616,0.059464
670649,1.274069
670695,0.015259
670741,0.178602
670771,0.588267
670786,0.02483
670887,0.139012
670915,0.093841
670944,1.455083
671071,0.016615
671076,0.000757
671139,0.070421
671146,0.147773
671168,0.018486
671178,2.622442
671217,0.370301
671266,0.145243
671321,0.227995
671356,0.040082
671358,0.048793
671417,0.982222
671481,0.05465
671506,0.065385
671531,0.048519
671576,0.111002
671617,0.018253
671631,0.012055
671636,0.008853
671662,0.102568
671664,0.02914
671713,0.091711
671755,0.026831
671768,1.800023
671771,3.088371
671837,0.054248
671864,0.135727
671896,0.003396
671909,0.009734
671961,0.135353
671986,0.146792
672018,0.041136
672090,0.030125
672169,0.540212
672207,1.246361
672244,0.145372
672283,0.22951
672301,0.035924
672313,0.025554
672326,0.015992
672355,0.004243
672363,0.074332
672400,0.039042
672402,0.011333
672404,0.259754
672446,0.076223
672457,0.067639
672466,0.067885
672471,1.019251
672506,0.046715
672516,0.072258
672566,0.212235
672569,0.09873
672580,1.294659
672616,0.033372
672626,0.211626
672636,0.036871
672646,0.043236
672656,0.129864
672676,0.155116
672686,0.232923
672696,0.039911
672706,0.160908
672713,0.116544
672726,0.072587
672736,0.123525
672746,0.05898
672756,0.223631
672765,0.369528
672776,0.285462
672786,0.072912
672819,0.858922
672826,0.003843
672876,0.410117
672906,0.388783
672916,0.207069
672940,0.6823
672968,0.022428
672974,0.323
673035,0.026566
673068,0.302821
673095,0.060229
673130,0.133899
673177,0.030432
673181,0.188438
673209,0.016368
673233,0.318464
673264,1.920084
673344,0.001959
673346,0.094648
673380,0.005494
673508,0.287469
673553,0.157572
673570,1.91688
673612,1.694159
673671,0.359232
673676,2.176203
673775,0.021901
673824,0.07089
673856,0.070684
674010,0.002537
674030,0.039938
674057,0.434869
674109,0.277041
674137,0.002756
674151,0.268106
674171,0.027142
674175,1.816073
674212,0.299349
674312,0.04378
674334,1.348822
674338,0.182172
674436,1.13077
674465,0.076919
674489,0.120238
674523,0.053062
674616,0.062025
674656,0.178437
674674,0.106672
674676,0.081541
674706,0.002271
674726,0.063239
674736,0.12046
674746,0.248272
674766,0.200642
674774,0.47062
674806,0.04205
674816,0.152282
674836,0.184164
674846,0.018156
674856,0.003696
674886,0.208497
674896,0.01509
674916,0.105494
674926,0.006509
674936,0.120124
674956,0.212698
674976,0.140351
674996,0.48206
675016,0.124723
675036,0.404667
675056,0.30243
675066,0.019835
675076,0.234567
675086,1.149631
675116,0.131197
675126,0.351815
675156,0.235125
675166,0.087999
675176,0.204794
675196,0.650855
675206,0.201778
675226,0.158141
675246,0.203512
675255,0.074308
675256,0.202821
675276,0.419161
675296,0.469207
675306,0.298654
675316,0.121609
675336,0.534506
675356,0.350771
675416,0.294919
675426,0.068955
675436,0.799813
675456,0.942198
675466,0.344109
675496,1.040165
675538,0.572858
675572,0.112919
675578,0.107739
675616,0.020271
675626,0.056693
675652,0.42851
675692,0.060714
675706,0.662367
675724,0.360516
675744,0.403896
675878,0.168817
675890,0.007547
675932,0.234951
675968,0.031405
675984,0.035876
676030,0.133298
676101,0.024497
676146,0.001227
676168,0.006543
676180,0.273007
676231,0.213124
676334,0.370914
676428,0.200941
676449,0.421626
676454,0.278505
676467,0.649626
676558,0.07432
676568,2.984282
676653,0.158365
676679,0.332837
676712,0.008035
676720,0.362884
676782,0.009205
676812,0.008997
676826,0.012365
676856,0.009488
676909,0.035623
676944,0.104289
677074,0.191176
677162,0.000553
677171,0.129551
677183,0.091633
677187,0.283502
677220,0.06381
677278,0.017844
677387,0.015887
677421,0.04674
677477,0.044734
677479,1.359441
677539,0.618269
677563,0.125931
677587,0.102249
677633,0.011526
677734,1.146542
677751,0.337137
677812,1.781618
677846,0.509198
677955,0.356134
678044,0.045516
678056,0.012132
678077,0.373721
678115,0.243379
678148,0.096017
678274,0.019303
678344,0.052401
678352,0.220937
678392,0.358077
678438,0.504348
678468,0.02418
678500,0.021979
678547,0.078416
678561,0.020605
678578,0.010886
678612,0.021699
678622,0.151496
678671,0.000341
678731,0.002601
678739,0.037479
678783,0.002699
678816,0.678162
678852,0.00694
678874,0.009327
678913,0.085057
678934,0.445576
679014,0.808705
679080,0.03157
679082,0.214529
679150,0.026562
679166,0.003669
679179,0.026718
679205,0.371832
679223,0.384898
679353,0.145912
679377,0.094333
679401,0.041797
679409,0.032971
679412,0.915635
679459,0.010665
679474,1.076103
679525,0.025149
679552,0.233217
679574,0.015592
679609,0.015396
679662,0.020784
679666,0.039857
679678,0.01384
679714,0.05037
679762,0.189406
679781,0.088103
679805,0.139682
679809,0.079428
679889,0.016815
679933,0.344012
679991,0.0407
680045,0.02207
680072,0.027109
680087,0.091612
680094,0.013924
680119,0.002124
680169,0.08182
680178,0.069246
680272,0.135627
680304,0.136071
680332,0.390179
680350,0.042551
680399,0.100093
680473,0.21758
680531,0.016882
680571,0.012312
680591,0.10321
680601,0.174833
680655,0.272336
680672,0.101785
680683,0.39876
680701,0.014898
680714,0.548091
680759,0.079618
680767,1.886433
680918,0.1138
680938,0.823628
680983,0.16587
680992,0.098623
681045,0.005629
681070,0.071378
681168,0.003703
681192,0.021046
681210,0.253749
681265,0.007138
681350,0.000144
681370,7.261656
681441,0.012384
681456,0.075853
681503,2.190623
681581,0.17683
681594,0.516041
681628,0.024415
681631,0.02072
681636,0.480565
681665,0.200297
681683,0.499041
681740,0.060927
681810,0.232028
681838,0.035881
681841,0.296897
681920,0.005946
681941,0.014584
682043,0.590033
682054,0.134851
682111,0.02053
682132,0.314207
682172,0.040449
682189,0.000903
682213,0.009635
682272,0.125319
682301,0.059308
682369,0.229015
682408,0.194319
682452,0.01183
682468,0.010306
682556,0.023063
682566,0.183953
682575,0.043229
682579,0.225096
682604,0.067193
682645,0.005865
682662,0.135556
682704,0.017152
682729,0.275571
682731,0.098942
682767,0.02801
682784,0.420407
682804,0.085784
682806,0.140662
682860,1.063835
682887,0.003943
682918,0.075713
682925,0.048093
682974,0.245058
683010,0.002321
683037,0.002148
683139,0.016074
683152,0.017066
683179,0.078698
683201,0.129474
683252,0.033232
683259,0.016258
683269,0.007462
683327,0.041096
683377,0.010369
683396,0.074058
683444,0.294341
683480,0.006334
683498,0.023978
683535,0.004823
683612,0.096845
683658,0.008557
683668,0.601908
683755,0.140361
683777,0.021647
683780,1.166187
683820,0.605316
683867,0.436236
683916,0.412098
683951,0.105606
683985,0.054254
684014,0.198419
684057,0.271639
684086,0.096528
684114,0.049991
684117,0.007608
684185,0.028775
684255,0.139231
684273,0.185095
684306,0.008483
684337,0.046552
684364,0.109465
684407,0.174538
684458,0.026339
684502,0.022967
684542,0.390022
684566,0.30231
684612,0.039612
684621,0.314941
684637,0.294243
684681,0.194158
684704,0.116875
684721,0.34023
684771,0.026883
684883,0.004466
684924,0.014946
684961,0.033224
685001,0.017241
685024,0.030063
685027,0.009484
685061,0.020116
685125,0.341168
685136,0.129955
685193,0.00135
685210,0.01412
685228,0.12232
685280,0.282428
685320,0.048934
685348,0.004151
685427,0.051615
685465,0.360055
685497,0.006874
685507,0.027091
685569,0.186669
685629,0.05249
685689,0.024115
685769,0.015177
685805,0.384762
685856,0.052249
685874,0.069459
685962,0.028658
686004,0.296826
686029,0.001699
686097,0.309668
686128,0.074885
686156,0.223018
686221,0.000237
686233,0.102133
686244,0.193543
686256,0.473474
686263,0.543532
686310,0.075357
686364,0.14061
686367,0.151225
686410,0.001387
686429,0.02458
686439,0.154515
686485,0.029526
686537,0.020647
686538,0.109279
686557,0.149287
686599,0.021525
686608,0.030882
686653,0.433521
686672,0.000397
686726,0.013592
686733,0.0237
686777,0.096383
686824,0.435336
686844,0.018153
686891,0.013217
686899,0.224463
686927,0.245856
686963,0.118759
687005,0.016147
687010,0.072443
687036,2.5e-05
687046,0.085953
687071,1.986431
687145,0.238454
687159,1.250766
687279,0.704807
687346,0.012104
687368,0.076652
687375,0.142629
687441,0.233917
687531,0.001918
687560,0.029717
687572,0.19458
687579,0.061288
687671,0.087114
687692,1.035027
687727,0.327692
687800,0.059224
687808,0.051683
687844,0.014561
687882,0.029267
687910,3.669995
687966,0.013122
688032,0.054523
688073,0.013944
688079,0.027789
688092,0.023659
688113,0.103157
688173,0.064577
688181,2.968058
688220,0.236403
688258,0.122943
688285,0.806008
688319,0.095469
688327,0.061534
688378,0.847349
688402,0.337096
688495,0.065456
688527,0.028943
688558,0.536906
688605,0.003253
688660,0.039859
688670,0.030925
688692,0.035467
688741,0.026566
688812,0.127851
688835,0.024592
688904,4e-05
688931,0.075987
688981,0.00242
689006,0.378824
689040,0.69879
689052,0.029275
689104,0.553965
689138,0.011151
689159,0.075621
689303,0.145012
689393,0.026349
689434,0.021806
689438,0.133977
689453,0.369901
689508,0.552414
689538,0.011702
689546,0.020476
689586,0.293487
689642,0.216657
689644,0.533083
689675,0.391125
689694,0.051861
689714,0.007177
689745,2.444709
689770,0.015213
689798,0.157704
689848,0.008639
689852,0.050753
689857,1.098076
689882,0.561471
689948,0.487678
690013,0.137507
690048,0.546898
690126,0.028113
690147,0.18941
690160,0.353895
690178,0.541422
690201,0.312926
690258,0.404935
690308,0.445338
690332,0.024164
690368,0.08835
690370,0.120762
690434,0.087226
690471,0.143983
690478,0.04662
690494,0.491814
690619,0.052499
690653,0.538213
690680,0.042729
690717,0.842639
690745,0.037499
690760,0.069427
690774,0.385973
690796,1.483997
690829,0.381727
690868,0.624459
690912,0.173094
690931,0.065041
690936,0.084961
690969,0.350531
691028,0.04647
691062,0.006129
691101,0.975814
691158,0.075045
691179,0.00179
691227,0.028541
691240,1.056125
691276,0.021478
691326,0.166024
691358,0.138868
691432,0.056071
691483,0.524783
691489,0.038284
691524,0.761093
691534,0.048575
691556,0.410515
691614,0.364472
691637,0.149885
691765,0.52777
691813,0.00738
691854,0.01082
691863,0.004128
691907,0.449616
691942,0.677329
691989,0.069173
692009,0.002617
692063,0.001636
692105,0.992499
692168,0.019689
692239,0.321758
692273,1.032927
692391,0.017582
692402,0.012699
692434,0.002106
692441,0.154122
692549,0.08703
692573,0.040532
692587,0.134908
692627,0.05452
692654,0.148981
692679,0.005256
692682,0.047878
692715,0.006459
692765,0.023518
692769,1.21666
692833,0.003748
692908,0.052227
692949,0.055288
692968,0.032003
692987,0.030705
692997,0.178544
693049,0.004121
693055,0.140214
693132,0.208424
693143,1.025619
693185,0.047604
693213,0.064767
693278,0.00684
693279,0.972817
693286,0.113412
693325,0.307402
693344,0.177485
693357,0.018912
693397,0.041519
693430,0.486852
693519,0.125194
693560,0.005533
693572,0.394024
693616,0.005996
693622,0.048098
693640,0.232598
693654,0.184238
693673,0.083511
693676,0.219007
693713,0.034066
693736,0.012124
693810,0.381807
693863,0.010792
693902,0.038021
693918,0.03722
693971,0.130542
694010,0.041328
694040,0.009663
694073,0.05908
694092,0.011175
694096,0.253622
694160,0.013083
694162,0.034236
694180,0.01166
694208,0.015721
694215,0.229766
694259,0.14628
694304,0.037897
694347,0.019889
694370,0.010068
694397,0.003169
694413,0.044643
694473,0.330636
694499,0.016655
694528,0.20299
694542,0.575175
694605,0.006287
694626,0.080691
694653,0.003683
694685,0.042964
694693,0.002699
694721,0.006793
694731,0.000364
694732,0.013193
694738,0.048135
694740,0.843613
694834,0.002963
694878,0.080154
694907,0.487077
694947,0.065906
695078,0.278744
695139,0.172337
695176,0.071465
695217,0.125214
695269,0.055013
695290,0.160349
695336,0.08319
695356,0.984971
695411,0.007524
695444,0.018078
695447,0.048923
695466,0.038838
695521,0.186292
695568,0.1651
695585,0.795642
695620,0.289744
695641,0.184965
695723,0.007261
695726,0.019097
695758,0.312751
695773,2.640376
695814,0.361892
695877,0.086317
695917,0.007203
695992,0.044714
696034,0.009867
696036,0.079718
696099,0.001061
696102,0.129434
696154,0.388751
696196,0.759763
696222,0.491609
696244,1.03875
696271,0.808154
696338,0.159575
696341,0.343679
696372,1.780409
696410,0.409803
696423,0.483275
696496,0.002429
696510,0.010594
696585,0.689314
696664,0.127054
696704,0.135339
696712,0.493278
696734,0.089227
696786,0.002714
696790,0.527091
696810,0.039206
696846,0.840763
696957,0.20433
696987,0.145972
697009,0.040843
697064,0.003847
697069,0.1917
697099,0.381219
697161,0.379189
697236,0.082516
697280,0.018484
697327,0.144245
697347,0.008546
697424,0.096979
697458,0.14752
697463,0.292469
697568,0.15583
697606,0.032841
697714,0.084044
697762,0.1271
697786,0.027017
697819,0.598391
697976,0.002844
698000,0.151359
698047,0.041838
698089,0.149443
698091,0.108016
698169,0.085412
698236,0.070904
698258,0.01699
698267,0.159361
698310,0.015135
698312,0.005118
698315,0.106016
698403,0.026387
698425,0.179701
698444,0.005439
698570,0.753425
698657,0.127556
698672,0.157947
698744,0.017633
698757,0.005444
698758,0.452866
698772,3.177546
698816,1.080623
698842,0.237249
698898,0.087524
698947,0.009492
699039,0.006104
699116,0.028822
699183,0.101282
699191,0.097178
699214,0.833927
699266,0.041769
699299,0.012633
699338,0.030589
699363,0.041303
699368,0.053927
699370,1.693211
699443,0.156359
699460,0.169807
699514,0.360065
699534,0.041009
699590,0.666535
699688,0.000555
699697,0.011496
699706,0.056794
699717,0.032463
699765,0.071333
699863,0.031559
699885,0.048743
699967,0.081379
699979,0.316717
700026,0.013359
700064,0.305341
700132,0.077006
700179,0.032002
700226,0.346991
700248,0.43474
700331,0.014531
700346,0.109536
700418,0.050437
700448,0.000919
700457,0.506536
700517,0.148802
700555,0.015746
700647,0.021179
700753,0.206006
700786,0.17713
700802,0.02094
700824,0.212717
700877,1.450911
700924,0.013116
700972,0.009096
700973,0.03211
700997,0.010229
701120,0.025607
701159,0.025955
701171,0.073053
701247,0.018768
701306,0.071255
701332,0.015989
701354,0.118129
701384,0.01199
701386,0.015823
701421,0.011821
701426,0.619168
701462,0.174083
701484,0.127303
701552,0.039863
701556,0.552962
701642,1.250948
701737,0.087882
701755,0.367314
701899,0.394527
701923,0.000444
701940,0.01657
701961,0.008805
701978,0.00101
701980,0.611847
702030,0.050714
702111,0.089241
702143,0.128469
702152,0.107025
702185,0.054473
702221,0.140418
702237,0.001926
702266,0.010147
702302,0.014975
702328,0.007579
702362,0.121883
702372,0.063923
702375,0.090827
702458,0.292149
702510,0.008408
702518,0.022737
702540,0.013011
702633,0.001626
702636,0.029672
702648,0.03296
702658,0.247843
702709,0.068742
702718,0.073706
702728,0.649834
702760,0.150893
702802,0.015934
702862,0.115181
702899,0.016837
702949,0.099535
702966,0.31876
702972,0.123222
702977,0.598763
703030,0.227931
703067,0.006655
703094,0.087848
703106,0.094029
703171,0.020654
703221,0.032203
703229,0.026931
703259,0.824243
703344,0.160433
703423,0.267244
703444,0.069837
703474,0.172353
703484,0.049959
703498,0.053866
703571,0.080746
703588,2.047685
703694,0.112064
703730,0.183044
703750,0.045694
703797,0.002456
703801,0.018875
703827,0.025266
703854,0.008802
703863,0.171663
703896,0.332237
703900,0.779686
703979,0.110298
704014,0.173487
704038,0.020905
704142,0.062281
704169,0.092794
704202,0.711034
704282,0.004621
704312,0.515885
704372,0.181303
704386,0.018295
704426,0.044884
704440,0.010113
704482,0.040912
704516,0.222092
704523,0.090376
704528,1.828384
704706,0.284243
704730,0.08161
704759,0.092671
704766,0.183492
704767,1.350981
704817,0.368215
704906,0.030744
704954,0.029773
704963,0.51949
705016,0.009167
705025,0.01274
705065,0.317439
705084,0.158711
705099,0.020837
705227,0.146832
705247,0.563961
705292,0.142577
705321,0.020853
705366,0.123437
705382,1.921025
705400,1.065425
705444,0.366852
705508,0.542465
705535,0.019942
705568,0.038531
705571,0.086649
705598,0.665146
705681,0.021011
705693,0.995004
705727,0.200604
705833,0.138432
705953,0.680763
706056,0.000324
706080,0.144592
706161,0.907382
706199,0.016867
706214,0.003422
706256,0.082976
706319,0.022034
706321,0.192531
706454,0.004765
706464,0.049891
706468,0.005906
706494,0.015593
706537,0.012094
706575,0.011113
706591,0.092653
706599,0.667645
706690,0.375647
706717,0.031064
706733,0.058955
706781,0.188917
706888,0.029036
706894,0.06568
706949,0.297235
706974,0.002611
706987,0.009366
707030,0.050526
707035,0.009352
707169,0.00631
707170,3.029787
707200,0.738382
707207,2.57008
707274,0.072479
707284,0.25806
707305,0.458531
707336,0.004283
707391,0.021704
707409,0.012455
707422,0.638211
707442,0.028172
707503,0.035337
707543,0.099024
707591,0.149064
707608,0.033931
707628,0.006142
707680,0.013047
707688,0.095599
707771,0.316673
707778,0.068627
707828,0.609109
707946,0.07442
708007,0.014672
708100,0.040324
708127,0.105912
708162,0.001908
708195,0.009537
708215,0.017382
708239,0.055849
708272,0.055304
708356,0.053053
708373,0.062532
708427,0.015416
708428,0.044973
708504,0.443787
708551,0.303492
708669,0.038556
708677,0.386149
708741,0.086313
708811,0.060682
708819,0.368523
708863,0.558197
708909,0.190431
708928,0.190332
708972,0.757488
709021,0.033067
709058,0.005038
709080,0.457409
709132,0.117418
709176,0.696036
709180,0.586645
709275,0.901973
709325,0.011761
709342,0.453249
709351,0.26543
709397,0.086319
709501,0.380935
709511,0.374298
709533,0.006803
709567,0.003677
709571,0.089983
709596,0.581385
709619,0.393678
709662,0.325927
709701,0.009684
709709,0.08668
709719,0.722521
709745,0.244332
709779,0.451027
709828,0.021928
709839,0.153096
709862,0.019843
709884,0.139131
709910,0.268314
709986,0.586555
710089,0.204479
710156,0.028264
710167,0.134578
710175,0.298817
710177,0.16805
710240,0.091817
710250,0.002759
710314,0.037873
710336,0.005542
710364,0.003539
710446,0.002564
710480,0.134365
710541,0.21818
710580,0.01079
710638,0.219468
710767,0.059776
710853,0.496995
710936,0.01228
710938,0.44714
711045,0.967684
711109,0.058342
711120,0.018414
711153,0.407355
711215,0.235911
711233,2.026011
711255,0.249559
711290,1.095472
711371,0.248735
711374,0.279345
711422,0.298012
711492,0.249238
711559,0.056386
711603,0.164143
711617,0.068965
711652,0.097138
711772,0.036312
711802,0.156494
711866,0.042435
711872,0.176931
711894,0.14723
711919,0.732254
711958,0.204229
711977,0.292388
712006,0.265113
712039,0.064429
712055,0.009156
712094,0.156359
712144,0.041954
712174,0.169741
712199,0.346482
712270,0.016104
712271,0.044253
712288,0.039289
712314,0.079316
712371,2.288136
712471,0.008189
712492,0.156368
712557,0.213612
712569,0.302331
712572,1.973729
712630,0.016678
712655,0.067317
712711,0.087637
712731,0.009361
712753,0.156329
712782,0.050091
712821,0.152692
712868,0.049107
712890,0.576913
712939,0.427694
712997,0.277523
713018,0.054334
713063,0.078363
713129,0.070937
713156,0.121841
713193,0.238417
713299,0.020392
713335,0.046895
713384,0.689833
713430,0.458402
713533,0.027497
713563,0.063363
713597,0.051944
713612,0.072457
713701,0.001566
713771,1.019788
713912,0.367741
714060,0.0602
714094,0.052466
714180,0.006545
714371,0.016131
714372,0.981968
714448,0.274046
714476,0.056087
714487,7e-06
714508,1.121328
714599,0.052655
714629,0.005733
714658,0.011427
714696,0.04461
714701,0.369398
714714,0.267885
714779,0.01025
714789,0.038948
714794,0.047326
714807,0.251589
714822,0.003073
714832,0.109424
714932,0.042117
714958,0.615734
715005,1.136883
715062,0.022146
715136,1.023235
715169,0.016815
715207,0.000455
715245,0.009371
715247,0.154369
715255,0.060759
715319,0.015378
715322,0.384047
715354,0.10128
715380,0.045608
715445,0.00644
715453,0.13972
715483,0.79161
715519,0.040533
715539,0.106409
715567,0.134973
715569,3.318395
715639,0.323449
715646,0.168597
715688,0.027618
715806,0.116086
715812,0.77591
715923,0.069969
715982,0.048344
716009,0.00636
716066,0.0003
716068,0.021999
716087,0.027551
716142,0.052066
716156,0.04571
716172,1.937375
716225,0.117949
716238,0.171325
716285,0.002235
716289,0.010031
716334,0.04818
716369,0.068674
716432,0.14138
716460,0.278761
716472,0.267999
716507,1.529448
716537,0.558486
716551,0.496953
716569,0.072434
716588,1.351508
716624,0.485586
716642,0.021262
716712,0.004154
716714,0.123914
716757,0.015215
716770,0.237106
716774,0.939664
716871,0.011023
716873,0.002519
716883,0.007755
716966,0.090777
716986,0.002226
717023,0.548873
717035,0.423585
717070,1.18607
717124,0.00164
717136,0.068835
717151,0.152629
717241,0.038994
717252,0.025313
717271,0.013282
717277,0.143987
717305,0.094668
717323,0.064466
717374,0.041679
717452,0.032356
717494,0.071678
717497,0.149439
717546,1.060959
717614,0.103778
717678,0.019773
717707,0.315262
717723,0.265895
717826,0.174877
717833,0.078609
717876,0.096314
717896,0.002792
717915,0.033547
717936,0.357792
717957,1.112326
718061,0.144418
718091,0.72499
718128,0.003652
718135,0.078624
718197,0.124769
718247,0.343864
718293,0.010333
718315,0.510733
718365,0.127242
718425,0.018446
718447,0.036956
718449,0.101122
718459,0.393832
718488,0.410651
718491,0.355626
718543,0.229234
718556,0.018855
718567,0.000926
718603,0.004113
718649,0.045791
718672,1.408321
718727,0.772972
718820,0.212828
718892,0.251495
718956,0.191509
718989,0.092941
719021,0.023447
719036,0.025769
719068,0.183478
719075,0.857703
719097,0.064113
719140,0.007534
719163,1.182345
719169,0.368119
719204,0.032574
719210,0.404845
719335,0.149152
719347,1.873528
719382,0.315589
719409,0.807515
719444,0.000943
719502,0.025576
719537,0.155635
719593,0.623522
719615,0.141965
719623,1.535951
719646,1.50026
719705,0.440525
719749,0.097478
719759,0.072022
719768,0.061235
719774,0.008944
719804,0.251487
719826,0.03894
719860,0.805508
719945,0.032685
719968,0.170946
720016,0.084685
720061,0.047653
720110,0.044386
720155,0.043645
720162,0.016694
720165,0.117095
720200,0.058453
720245,0.022132
720269,0.537523
720350,0.361162
720359,0.011
720370,0.021608
720392,0.725769
720434,0.066916
720470,0.004397
720471,0.338424
720509,0.376274
720528,0.463084
720621,0.013574
720705,0.271748
720725,0.000145
720752,0.114225
720764,0.163076
720811,0.017432
720815,0.029915
720818,0.111969
720879,0.001554
720894,0.022925
720941,0.034126
720956,0.6274
720971,0.017974
721037,0.751605
721082,0.02048
721119,0.034757
721144,0.052399
721155,0.01837
721170,0.186495
721299,0.030024
721351,0.072989
721375,0.138746
721385,0.412965
721403,0.66001
721419,0.576227
721435,0.981311
721502,0.082843
721552,0.040642
721606,1.920058
721618,0.309728
721647,0.187589
721683,0.122899
721738,0.006871
721757,0.020258
721784,0.068619
721849,0.046205
721854,0.006163
721858,0.175186
721891,9.6e-05
721947,0.034899
721954,0.363607
721967,0.158681
721973,0.661963
722019,0.170616
722040,0.616929
722141,1.267753
722167,0.076094
722180,1.044141
722186,0.809469
722266,0.120564
722269,0.710863
722318,0.210664
722336,0.028441
722393,0.01694
722398,0.259923
722453,0.006956
722497,0.11499
722522,0.033768
722547,0.10893
722572,0.14993
722666,0.013992
722679,0.987728
722755,0.507535
722767,1.009404
722770,0.432209
722817,0.142833
722833,0.112785
722854,0.241861
722879,0.082067
722921,0.044596
722936,0.021026
722977,0.229553
722986,0.075257
723001,1.369994
723036,0.16366
723067,0.037141
723083,0.056503
723089,0.164272
723119,0.075428
723181,0.019234
723220,0.002275
723310,0.019422
723321,0.032426
723333,0.243695
723356,0.343686
723366,0.088128
723492,0.044409
723524,0.468718
723625,0.000622
723630,0.048395
723642,0.03993
723650,0.406974
723673,0.080708
723744,0.011507
723762,0.02089
723773,0.138021
723867,0.050285
723882,0.092875
723904,0.113606
723911,0.098162
723958,0.069897
723982,0.309564
724099,0.06615
724111,0.026097
724117,0.585023
724200,0.250194
724230,0.035386
724282,0.121496
724305,0.004958
724321,0.778478
724422,0.024707
724464,0.014763
724492,0.063231
724509,0.14607
724572,0.072159
724632,0.088673
724659,0.101799
724678,0.179445
724724,0.004106
724725,0.1244
724756,0.531211
724805,0.020291
724835,0.00341
724850,0.074419
724864,0.190419
724883,0.089981
724888,0.022473
724897,1.596292
724949,0.110436
724965,0.102035
724973,0.091034
724989,0.006259
724990,0.072846
725049,0.016024
725092,0.034771
725153,0.002261
725154,0.647055
725174,0.005312
725223,0.115577
725233,0.032147
725265,0.041795
725293,0.100246
725393,0.037412
725416,0.024696
725426,0.041106
725447,0.012823
725449,0.21809
725496,0.374292
725536,0.019378
725565,0.036211
725580,0.34861
725594,0.481762
725640,0.002808
725641,0.060146
725675,0.070467
725693,0.085762
725703,0.294263
725750,0.013368
725755,0.001913
725775,0.15343
725830,0.43242
725886,0.028102
725887,0.030751
725909,0.130361
725911,0.10305
725943,0.023183
725953,0.330142
725967,1.0751
726006,0.162433
726010,0.94938
726086,0.073126
726147,0.02264
726166,0.074872
726167,0.803714
726232,0.006993
726294,0.184817
726327,0.178428
726337,0.032413
726339,0.148934
726366,0.151477
726374,0.115851
726391,0.253257
726445,0.004553
726452,0.258726
726494,0.056849
726503,0.100404
726597,0.016881
726608,0.371732
726642,0.395862
726647,1.503793
726676,0.149058
726692,0.830355
726707,0.419483
726743,0.029747
726747,0.104476
726822,0.033379
726848,0.22047
726897,0.022527
726905,1.524703
726950,0.741553
726965,0.075479
726988,0.622628
727026,0.156742
727087,0.000467
727116,0.074564
727156,0.015238
727158,0.741843
727208,0.241933
727234,1.371815
727252,0.145437
727261,1.115926
727296,0.140028
727309,0.142409
727332,0.167833
727336,0.105187
727380,0.057486
727411,0.047586
727413,0.707876
727414,1.052809
727458,0.548538
727503,0.830198
727567,0.192666
727577,0.213714
727667,0.748419
727709,0.233028
727734,0.11195
727739,0.06254
727751,0.05845
727791,0.149674
727800,0.336593
727815,0.059891
727827,0.006999
727834,0.102355
727869,0.032436
727882,1.36585
727906,0.483932
727944,0.059348
727964,1.235743
728021,0.220122
728047,0.676167
728099,0.004881
728111,0.476023
728160,1.151606
728172,0.494447
728194,0.464935
728282,0.026321
728303,0.003044
728331,0.005825
728339,0.019326
728364,0.856693
728392,0.013554
728395,0.647806
728440,0.423925
728475,0.460782
728499,0.394967
728519,0.689746
728523,0.14615
728572,0.492929
728579,0.835973
728617,0.021422
728694,0.175346
728745,2.077664
728774,1.260633
728832,0.161666
728862,0.026473
728863,0.04716
728889,1.090115
728915,0.108848
728919,0.736718
728970,0.037628
728981,0.286247
729003,0.386866
729034,0.508204
729072,0.100328
729111,1.694575
729172,0.091605
729177,0.373889
729181,0.272553
729226,0.347312
729247,0.342185
729312,0.114096
729313,0.224645
729331,0.197813
729334,0.159754
729366,0.258659
729370,1.497263
729401,0.367112
729446,0.082106
729459,0.417283
729474,0.139206
729498,0.538216
729512,0.034598
729589,0.743959
729599,0.717178
729636,0.052389
729655,0.182479
729715,0.014411
729720,0.005086
729746,0.157609
729778,0.322135
729824,0.148346
729877,0.038911
729889,1.356967
729940,0.093171
729965,0.021839
729967,0.040343
729969,0.357097
730001,0.326427
730016,0.00239
730134,0.000801
730151,0.048588
730159,0.054941
730167,0.821193
730188,0.146704
730191,0.127932
730220,0.200598
730266,0.016336
730274,0.121001
730311,0.147041
730332,0.1925
730340,0.031404
730396,0.004148
730403,0.485706
730430,0.1313
730437,0.502062
730441,0.337153
730476,0.101992
730498,0.076232
730501,0.143152
730525,0.084134
730541,0.039808
730565,0.282698
730571,0.72542
730594,0.302909
730605,0.399728
730655,0.014099
730694,0.432793
730712,0.06078
730717,0.272074
730740,0.119099
730765,1.47827
730811,0.296186
730828,0.017942
730837,0.102772
730881,0.115657
730888,0.206349
730902,0.387757
730956,0.030681
730971,0.062526
730994,0.009076
731008,0.039465
731024,0.602141
731048,0.032632
731103,0.429663
731112,0.393631
731175,0.044032
731191,1.534256
731251,0.203071
731268,0.170777
731272,0.116079
731295,0.01458
731328,0.467709
731344,2.924822
731380,0.067588
731388,0.05388
731419,0.17956
731444,0.630394
731485,0.098836
731514,0.062311
731553,0.0129
731588,0.993735
731591,0.063352
731617,0.174388
731645,0.012409
731674,0.189431
731688,0.246429
731712,0.418802
731756,0.021393
731758,0.522226
731766,0.041336
731803,0.090821
731809,0.737167
731824,0.099446
731865,0.726195
731954,0.034404
731989,0.012469
732001,0.268755
732036,0.005208
732073,0.220542
732149,0.059189
732164,0.103618
732179,0.248483
732198,0.059179
732223,0.059909
732234,0.280299
732285,0.009473
732295,0.625643
732329,0.222858
732356,0.153414
732365,0.195029
732373,0.058682
732379,0.27155
732422,0.260316
732474,0.103212
732481,0.067404
732492,0.185643
732514,0.556946
732529,0.106008
732557,2.99638
732590,0.064625
732594,0.792515
732637,1.832937
732694,0.002878
732757,0.337849
732774,0.085898
732789,0.146615
732821,2.77772
732957,0.063882
732959,0.556936
732970,0.304546
733041,0.045495
733051,0.103376
733073,0.200967
733102,0.3192
733118,0.067259
733139,0.018613
733162,1.169409
733248,0.95929
733256,0.020703
733285,0.163352
733317,0.308636
733342,0.081076
733343,0.238798
733345,0.207735
733399,1.033675
733471,0.119333
733480,0.189024
733563,0.018528
733625,0.185788
733632,0.007059
733645,0.029208
733665,0.144062
733730,0.511124
733767,0.910675
733799,0.065663
733863,0.088091
733870,0.139831
733884,0.68181
733897,0.117527
733905,0.211063
733946,0.916785
733981,0.030472
733993,0.331999
734043,0.108019
734065,0.437456
734076,0.702129
734084,0.564773
734130,0.132726
734136,0.701106
734182,0.004373
734193,0.488342
734232,0.008328
734238,0.157652
734280,0.084218
734284,1.120591
734301,0.311511
734307,3.027118
734357,0.306044
734373,6.257234
734417,0.125743
734435,0.126856
734453,0.348583
734473,0.085947
734475,0.227782
734481,0.185267
734517,0.056982
734523,0.307559
734526,1.212248
734565,0.077041
734570,0.116016
734592,0.789181
734615,0.856243
734652,0.009425
734659,0.608057
734685,0.305371
734707,0.125131
734727,0.000604
734737,0.020272
734757,0.190358
734773,0.37807
734803,0.546505
734847,0.07927
734857,0.000658
734867,0.075716
734896,0.417658
734907,0.341388
734927,0.756526
734947,0.219133
734957,0.094331
734987,0.191993
735007,0.276052
735013,0.073698
735037,0.157459
735057,0.428752
735067,0.231325
735077,0.528739
735097,0.377498
735127,0.461996
735157,0.017752
735160,0.124018
735191,0.032925
735230,0.027805
735233,0.056516
735252,0.026016
735254,0.313112
735289,0.279505
735303,0.417263
735322,0.206757
735325,0.291372
735333,2.42558
735415,1.030169
735442,0.031718
735467,1.857432
735495,1.073549
735511,0.106633
735543,0.127174
735625,0.231273
735638,0.642132
735672,0.182563
735692,0.040067
735693,0.045262
735712,0.237883
735718,0.210177
735744,0.78708
735769,0.235566
735828,0.85959
735849,0.513933
735892,0.048183
735896,0.083482
735907,0.480938
735926,0.482237
735956,0.215162
735971,0.0251
736014,0.439525
736032,0.721267
736042,0.255258
736084,0.16949
736100,0.070843
736120,0.010361
736149,0.008576
736162,0.014371
736164,0.47895
736262,0.033219
736266,0.06207
736272,0.410186
736309,0.087181
736336,0.079225
736368,0.123741
736381,0.019367
736438,0.035769
736460,1.516508
736485,0.0017
736502,0.000137
736576,0.053755
736603,2.405883
736629,0.053681
736675,0.003152
736685,0.174997
736704,1.379168
736774,0.071226
736790,0.033543
736833,0.004322
736853,0.043147
736887,0.186031
736920,0.43088
736960,0.112525
736972,0.018143
737040,0.056067
737041,0.058492
737055,1.10851
737065,0.250444
737073,0.143393
737103,0.767065
737139,0.09974
737156,4.762121
737220,0.031597
737256,0.238696
737288,1.390486
737324,0.122531
737359,4.554925
737401,0.124797
737406,0.283639
737439,0.213438
737459,0.51116
737507,0.041626
737524,0.036456
737563,0.587918
737601,0.344052
737634,0.111087
737668,0.010294
737700,0.040321
737704,0.043327
737712,0.649197
737768,0.23918
737787,0.24435
737835,0.005628
737895,0.361094
737907,0.814028
737964,0.16608
737982,0.05013
737999,0.735467
738018,0.48139
738123,0.089633
738131,1.088973
738147,0.26724
738183,0.211957
738185,0.651236
738259,0.209631
738303,0.116583
738306,1.152323
738352,0.234629
738366,0.046767
738371,0.229208
738373,0.932215
738444,0.03922
738456,0.076388
738461,0.017361
738478,0.027953
738484,0.009641
738529,0.103757
738532,0.46557
738565,0.057018
738585,0.073444
738621,0.049267
738634,0.061211
738637,0.113811
738664,0.349928
738688,0.025435
738698,0.075941
738795,0.020202
738801,0.332101
738860,0.00677
738866,1.117816
738910,0.052376
738929,0.042407
738953,0.51385
738975,0.610124
739030,0.373946
739061,0.132431
739077,0.051018
739098,0.000563
739101,0.49594
739144,0.006397
739167,0.229902
739184,0.671314
739207,0.12619
739271,0.011317
739273,0.548025
739308,1.70588
739341,0.40493
739397,0.422907
739434,0.207052
739479,0.041094
739511,0.291858
739520,0.586167
739542,0.058899
739571,0.105178
739577,0.239623
739588,0.326743
739642,0.026265
739664,0.079886
739683,0.410446
739703,0.086242
739732,0.53426
739782,0.554903
739812,0.006796
739814,0.280838
739846,0.347676
739867,0.244244
739923,0.240787
739942,0.265153
739954,1.633806
739978,1.802942
740001,0.282048
740065,0.114813
740116,0.1825
740135,0.278279
740142,0.653948
740155,0.1658
740156,3.277181
740161,4.034728
740169,3.832988
740174,0.245334
740271,2.112645
740368,0.153805
740444,0.214604
740445,0.729903
740475,0.116031
740529,0.046845
740555,0.025519
740561,0.083877
740588,0.329183
740612,0.141657
740639,0.012454
740649,0.1043
740688,0.32284
740721,0.207179
740755,0.09376
740762,1.561128
740776,0.991235
740803,1.581875
740891,0.50216
740918,0.394387
740959,0.058808
740968,2.284024
741008,1.186005
741059,0.069441
741064,0.903397
741067,0.882651
741106,0.077364
741113,1.13723
741150,0.23626
741174,0.515224
741214,0.246032
741243,0.007907
741246,0.129481
741252,0.43274
741303,0.094845
741325,0.146669
741341,0.290134
741357,0.008735
741371,1.423802
741373,13.226234
741450,0.556577
741507,0.194067
741512,0.252264
741537,0.284038
741569,0.40484
741574,0.456877
741577,0.731826
741592,0.491467
741668,0.10738
741692,0.007925
741708,0.421185
741766,0.031997
741790,0.395379
741806,1.711708
741817,3.336019
741853,0.109561
741864,0.084114
741881,0.007369
741894,0.169559
741937,1.267764
741975,0.399612
742040,0.002224
742052,0.046549
742064,0.025852
742115,0.501871
742120,1.8707
742164,0.201415
742215,0.866311
742239,0.235953
742285,0.008347
742377,0.850176
742423,0.113595
742516,0.067723
742545,0.019442
742570,0.652925
742602,0.473444
742620,0.544679
742647,0.835774
742662,0.927395
742718,0.145642
742747,0.093447
742753,0.411157
742792,0.005596
742812,0.24706
742823,0.218627
742857,0.008001
742870,0.623172
742904,0.524412
742939,0.819186
742967,0.387498
743014,0.010347
743033,0.28518
743071,0.019702
743074,0.15905
743115,0.169355
743156,1.003034
743172,0.477911
743210,0.027269
743232,0.544328
743283,1.224395
743307,0.118093
743323,1.229347
743355,0.059483
743421,0.013059
743451,0.006801
743485,0.077916
743511,0.949908
743562,1.700144
743616,1.044536
743655,0.849799
743671,0.400164
743673,0.059337
743706,0.462467
743720,0.179422
743749,0.821889
743772,0.123066
743820,0.447773
743842,0.870854
743851,0.966938
743875,0.991298
743913,0.001162
743944,0.177083
743952,0.029976
743973,0.220563
743986,0.209202
744003,0.140666
744010,0.146702
744045,0.661116
744069,0.41669
744082,0.166212
744113,0.217878
744120,0.000662
744127,0.523781
744139,0.082411
744155,0.839644
744214,0.49058
744274,0.26358
744324,0.349411
744339,1.182107
744368,0.210643
744395,0.068954
744467,0.008272
744500,0.138782
744554,0.229561
744570,1.666821
744613,0.208572
744633,0.282118
744646,2.899096
744663,0.695376
744689,0.08994
744721,0.038188
744730,0.013515
744748,3.447888
744811,0.103127
744813,0.617023
744821,0.004571
744835,0.093729
744867,0.612218
744882,0.285683
744906,0.134079
744934,0.720705
744939,1.216324
744971,0.082993
744991,0.898168
745002,5.077778
745021,0.145785
745038,0.102985
745057,0.378918
745078,0.338594
745106,0.0285
745119,0.089874
745160,0.031944
745207,0.08304
745241,0.164632
745277,0.051316
745285,1.77612
745310,0.387632
745343,0.1032
745350,0.505369
745368,0.315499
745391,0.018132
745402,0.044097
745426,0.032829
745438,0.278581
745458,0.013442
745492,0.058776
745503,0.074113
745543,0.437511
745545,5.13504
745574,0.8024
745598,0.005787
745602,1.01457
745605,0.40987
745638,0.497064
745661,0.069244
745669,0.750127
745705,0.146259
745724,0.920815
745789,0.183174
745800,0.07982
745864,0.03386
745881,0.005478
745884,0.455501
745954,0.265696
745998,0.126772
746005,0.239438
746012,0.056295
746047,0.032141
746068,0.032734
746088,0.077676
746128,0.22311
746168,1.505919
746212,0.067295
746250,0.192148
746254,0.516791
746291,0.030106
746309,0.198622
746340,0.10634
746370,1.00314
746376,0.060615
746395,0.050951
746453,0.004528
746469,0.028058
746498,0.166718
746526,0.320621
746571,0.185935
746582,3.870588
746622,0.691696
746670,0.313908
746706,0.831077
746729,0.026579
746743,0.311959
746773,4.196121
746859,0.060436
746883,0.232064
746917,0.136438
746998,0.920873
747035,0.165596
747075,0.001369
747084,0.03587
747125,0.809492
747169,0.770486
747206,1.519763
747268,0.001839
747279,0.097935
747324,0.025967
747359,0.348928
747372,0.233231
747386,0.041929
747387,2.067478
747414,0.067516
747441,0.732595
747470,0.425257
747499,0.167082
747518,0.106419
747525,1.368453
747575,0.54417
747645,0.571595
747691,0.516048
747730,0.024321
747764,0.171483
747785,0.023637
747808,0.17789
747823,0.017303
747829,0.033135
747864,0.026231
747868,0.120105
747908,0.141765
747945,0.047877
747949,0.156861
747966,0.009297
747983,2.039716
748062,0.100684
748066,0.015883
748077,0.120904
748083,0.552798
748111,0.071283
748143,0.009883
748159,0.056819
748183,0.008391
748186,1.053484
748220,0.084821
748230,0.20262
748270,0.020889
748296,1.024365
748315,0.242073
748322,0.015675
748335,0.361961
748358,0.252877
748395,3.453089
748420,0.032592
748447,0.227156
748475,0.716861
748512,0.033925
748530,0.122196
748543,0.200155
748559,0.153134
748561,0.031479
748584,0.480849
748596,2.025218
748653,0.224939
748658,0.45338
748721,0.115311
748735,0.027467
748766,0.068612
748795,0.241386
748805,0.48683
748866,0.046565
748892,1.995333
748915,2.795108
748961,0.557172
748975,1.067517
748991,0.171479
749019,0.234753
749042,1.16102
749062,0.341088
749070,0.575325
749111,0.05443
749115,0.285677
749128,0.766772
749166,0.06643
749197,0.01074
749203,0.035887
749228,0.443755
749234,0.006341
749300,0.371249
749308,0.107934
749326,0.03352
749365,0.133914
749385,0.120594
749396,0.076514
749435,0.141368
749471,0.094293
749500,0.097967
749507,0.003098
749521,1.205247
749534,0.016423
749575,0.110366
749580,0.362256
749589,0.849259
749624,0.279513
749650,0.319736
749685,0.009574
749713,0.022526
749718,0.42996
749769,0.049277
749776,10.395767
749836,0.112648
749866,0.296207
749878,0.019786
749933,0.022653
749964,0.036276
749978,0.021804
749993,0.12938
750013,0.533268
750020,0.08931
750029,0.053719
750031,0.08313
750063,0.038215
750087,0.032491
750098,0.250068
750152,0.45933
750192,0.359997
750193,1.026634
750238,0.301122
750299,0.477199
750344,0.118518
750357,0.008164
750462,0.700876
750480,0.15512
750483,0.174297
750536,0.017656
750542,0.132277
750560,0.188768
750566,0.024847
750607,0.042438
750662,0.991858
750678,0.047444
750703,0.521606
750714,0.223384
750719,0.589964
750736,0.266268
750825,0.178514
750834,0.089305
750853,0.033427
750871,0.218887
750900,0.020002
750908,0.056926
750934,0.746413
750961,0.140105
751015,0.026957
751043,0.018124
751059,0.019379
751097,0.631155
751134,0.719378
751149,0.239365
751164,0.023132
751210,0.165222
751223,0.300038
751244,0.887564
751286,0.035705
751360,0.002008
751369,0.295433
751370,0.738044
751385,1.274497
751398,0.315375
751456,0.679642
751481,0.123444
751503,0.025987
751526,0.445156
751551,0.657359
751589,0.237775
751599,0.86329
751665,0.713635
751680,0.196983
751712,0.019402
751735,0.002546
751775,0.130632
751780,0.058587
751792,0.021269
751814,0.003362
751830,0.025704
751927,0.416986
751986,0.017472
752027,0.189585
752093,0.007475
752105,0.019422
752138,0.020121
752166,0.023892
752171,1.999447
752244,0.57902
752248,2.207513
752285,0.113519
752295,0.688014
752334,2.410711
752366,0.086284
752393,0.029281
752399,0.809515
752422,0.363467
752446,0.096937
752462,0.04724
752468,0.211616
752513,0.003906
752518,0.260618
752546,0.215445
752597,0.053438
752615,0.433052
752635,1.021811
752672,0.070228
752682,0.570565
752696,0.275574
752713,0.263096
752720,0.253368
752769,0.031897
752775,0.142383
752786,0.026686
752822,0.375237
752869,0.156882
752886,0.104944
752892,0.187544
752912,0.098286
752918,0.508895
752949,0.037129
753010,0.008489
753045,0.137566
753088,0.023429
753094,0.443673
753124,0.588725
753137,0.086788
753178,0.282855
753202,1.764455
753215,0.053312
753245,0.114669
753253,0.018231
753258,2.957854
753289,1.247689
753319,1.260747
753324,3.541323
753356,1.549847
753419,0.014837
753420,0.542952
753471,0.002121
753481,0.451106
753534,0.149147
753553,0.466554
753561,1.305936
753626,0.018854
753665,0.19346
753681,0.724275
753717,0.077287
753733,0.011636
753737,0.018212
753746,0.070823
753786,0.131384
753825,0.053848
753826,0.413386
753858,0.492353
753893,0.892384
753922,0.221141
753935,0.688288
753969,10.147304
754012,0.421818
754053,0.058275
754063,0.131722
754099,0.296058
754138,0.01946
754157,0.271463
754215,0.033649
754218,0.140903
754230,0.022604
754263,0.220091
754344,0.027107
754358,2.056082
754416,0.027874
754429,0.301933
754437,0.275013
754438,3.604784
754490,0.185659
754544,0.07584
754564,0.157803
754590,0.230794
754627,0.038262
754634,0.219428
754644,0.094182
754668,0.005786
754677,0.013706
754703,0.028799
754731,0.037652
754735,0.39372
754768,1.165299
754787,0.158221
754821,0.000485
754822,0.573341
754877,0.329427
754936,0.007394
754938,0.054948
754947,0.509005
754966,0.038021
754991,1.426217
755017,0.152283
755062,0.016759
755065,0.919358
755099,0.021888
755132,0.095181
755158,0.148699
755166,0.604723
755175,1.182948
755195,0.074902
755205,1.470209
755251,0.034973
755277,0.002552
755336,0.443534
755397,0.026455
755425,0.620182
755464,0.048897
755466,0.535947
755524,0.133941
755530,0.174887
755534,1.310125
755631,0.001213
755641,0.09435
755660,0.444847
755694,0.737327
755730,0.021896
755770,2.785651
755774,4.038658
755854,0.194402
755864,0.9495
755881,0.34719
755908,0.40452
755940,0.026557
755959,0.139289
755964,0.028272
755974,0.197398
755997,1.665688
756060,0.304735
756073,0.012763
756074,0.198749
756110,0.267698
756147,0.084973
756153,2.247994
756212,0.078664
756237,0.14098
756286,0.069893
756328,0.015645
756357,0.419102
756381,0.009159
756408,0.148758
756462,0.001983
756485,0.026835
756488,0.093885
756489,0.14153
756505,0.085426
756511,0.915359
756554,0.291318
756563,0.019513
756587,0.090713
756617,0.024055
756654,0.073481
756658,0.003442
756662,0.14274
756678,0.320808
756721,0.681421
756776,0.018185
756830,0.266723
756840,0.35002
756845,2.95958
756888,0.780159
756897,0.077991
756907,0.949246
756923,0.281699
756932,0.074465
756973,0.043551
756976,0.111759
756995,0.103876
756998,0.80633
757034,0.114258
757052,0.559327
757079,0.010062
757145,0.03234
757155,0.215933
757164,0.024061
757196,0.782872
757229,0.340402
757230,2.034976
757276,0.510474
757303,0.049248
757351,2.609794
757366,0.506302
757391,0.126019
757461,0.550635
757481,0.062614
757485,0.148615
757495,0.908498
757568,0.123796
757570,0.048943
757597,0.020903
757634,0.743367
757658,0.29463
757683,0.717519
757748,0.010479
757771,0.021733
757783,1.729445
757799,0.940565
757833,0.138932
757849,0.04176
757857,0.407633
757922,0.315921
758023,0.561421
758045,0.036564
758061,0.26291
758100,0.234315
758122,0.028181
758133,0.027542
758171,0.039025
758197,0.270444
758202,0.328123
758239,0.006265
758256,0.873134
758289,0.019267
758311,0.025053
758322,0.204927
758365,1.596561
758423,0.029342
758431,0.005843
758471,0.001776
758476,0.101165
758510,1.508046
758587,1.055004
758603,0.033921
758644,0.010031
758651,0.006416
758694,1.316142
758737,0.096685
758767,0.091004
758807,0.338275
758877,0.212199
758889,0.480913
758900,0.359437
758945,0.044797
759018,0.187567
759020,0.160627
759038,0.144608
759101,0.004883
759125,0.081597
759129,5.505778
759210,1.021626
759245,0.104214
759272,0.155256
759289,0.251514
759341,0.553966
759357,0.184164
759366,3.142984
759458,0.524403
759482,0.169936
759495,0.115241
759511,0.058835
759518,0.686378
759568,0.003454
759571,0.462846
759605,0.480219
759620,0.144606
759648,0.037677
759702,0.037119
759717,0.485359
759718,0.258523
759758,0.018946
759793,0.12199
759804,0.908997
759818,0.394773
759826,0.254508
759867,0.286476
759880,0.137672
759886,2.185265
759899,1.921736
759941,0.305181
759952,0.17931
759995,0.000447
760015,0.151311
760080,0.120459
760097,0.08865
760145,1.101596
760172,0.683249
760178,0.127825
760214,0.321881
760245,0.013083
760254,0.201642
760270,0.084545
760276,0.094239
760321,0.040176
760338,0.160115
760371,0.08074
760376,0.30368
760433,0.720672
760456,0.253447
760474,0.558078
760516,0.031125
760533,0.397576
760541,0.113604
760561,0.301609
760590,0.545886
760636,0.77283
760677,0.303454
760713,0.478379
760715,0.148636
760745,0.408042
760751,0.054422
760795,0.199139
760822,0.052696
760824,0.052387
760834,0.598823
760847,0.947206
760908,0.004883
760916,0.019357
760934,0.182175
760940,1.400765
760964,0.715538
760995,0.12945
761005,0.820124
761028,6.061059
761030,1.656746
761037,7.121839
761158,0.505613
761170,0.826935
761197,0.761585
761213,0.702469
761270,0.604837
761289,0.230494
761318,0.379785
761363,0.23567
761381,0.743109
761385,1.543676
761391,0.877684
761422,0.119707
761426,0.635655
761493,0.523065
761508,2.181741
761527,0.087916
761554,0.987656
761676,0.17766
761680,0.275425
761727,0.845331
761767,0.065727
761772,1.090625
761807,0.546932
761852,0.314617
761875,0.032336
761877,0.066058
761895,0.496089
761896,0.503518
761903,1.963643
761922,0.594351
761951,0.356186
761970,0.603301
761990,0.108609
761993,0.529384
762024,0.026615
762025,0.291548
762064,0.482726
762112,0.003604
762144,0.806447
762222,0.005451
762230,0.3895
762277,0.707417
762355,0.33774
762383,0.077348
762416,0.022427
762471,0.202955
762542,0.52746
762568,0.095133
762582,0.037996
762612,0.003571
762632,0.027171
762647,0.211479
762657,0.090577
762702,0.237265
762756,0.506412
762781,0.094135
762817,0.017752
762830,1.001533
762898,0.043462
762899,0.824593
762907,0.124902
762912,1.674671
762957,0.525377
762970,0.057715
763013,0.300845
763014,0.126071
763047,0.652425
763102,1.312353
763171,1.54316
763214,0.184426
763221,0.718192
763242,0.794334
763276,0.475671
763320,0.04513
763368,0.075762
763391,0.142327
763433,0.868826
763506,0.044136
763525,0.092872
763546,0.138604
763568,0.024379
763574,0.008364
763654,0.047507
763675,0.059886
763690,0.286612
763740,0.036045
763791,0.018494
763808,0.00871
763869,0.005016
763885,0.23148
763911,0.042715
763970,0.812198
764011,1.212516
764029,0.402806
764069,0.372377
764120,0.558579
764122,0.583235
764173,0.070461
764212,0.504864
764219,0.707848
764238,0.028336
764261,0.28642
764310,0.359131
764346,0.52957
764382,0.998753
764459,1.057519
764534,0.01739
764548,0.10433
764573,0.072657
764605,0.02398
764624,0.019971
764646,0.038992
764667,0.025234
764681,0.530145
764691,0.545639
764714,0.219053
764749,0.081179
764777,0.065195
764826,0.00134
764874,0.37907
764998,0.016674
765005,0.044391
765009,0.088168
765048,0.034455
765127,0.046863
765138,0.804827
765213,0.033473
765241,0.549266
765356,0.238383
765367,0.046037
765401,0.039617
765477,0.016218
765482,0.723926
765516,0.008298
765530,0.157276
765554,0.1115
765642,0.023016
765653,0.010985
765678,0.161997
765703,0.028868
765779,0.108529
765817,0.248194
765869,0.016651
765916,1.776791
765965,0.044319
765967,1.062412
766036,0.020014
766061,0.329838
766112,0.229121
766128,1.393796
766178,0.28349
766220,0.036337
766300,0.130198
766304,0.606643
766464,0.006933
766484,0.04024
766486,0.0005
766520,0.03269
766538,0.700818
766569,1.83602
766619,0.290684
766655,0.087343
766691,0.037505
766803,0.002752
766808,0.170759
766854,0.593849
766877,0.005562
766955,0.000865
766958,0.357727
767060,0.048709
767088,1.301209
767131,0.142577
767169,0.111208
767203,0.241151
767206,0.29037
767243,2.188905
767292,0.235532
767341,0.006999
767399,0.43258
767452,0.028841
767516,0.475915
767562,0.932571
767599,0.128161
767609,0.365883
767666,0.104546
767689,0.094288
767755,0.058617
767768,0.694428
767863,0.168743
767899,0.10498
767917,1.93662
767933,0.865163
768025,0.049439
768027,0.094839
768037,0.508715
768076,0.028838
768115,0.239671
768150,0.037488
768200,2.758679
768239,1.44668
768285,0.147595
768296,0.276094
768305,0.024888
768332,0.220936
768367,0.121308
768391,0.274893
768447,0.049804
768469,0.076657
768505,0.069757
768525,0.112992
768540,0.022635
768570,0.019503
768579,0.051977
768652,0.682917
768725,0.066249
768728,0.039004
768820,0.041694
768871,0.196728
768916,0.095561
768929,0.185712
768957,0.824031
768976,0.047105
769016,0.006065
769017,0.053847
769020,0.177477
769026,0.117318
769124,0.598163
769241,0.001573
769268,0.000694
769300,0.401177
769311,0.078671
769381,0.191269
769455,0.001253
769461,0.035682
769495,0.047487
769507,0.032836
769521,0.082871
769522,0.43069
769602,0.266402
769697,0.080549
769699,0.08627
769711,0.067786
769734,0.159924
769786,0.057411
769789,0.252043
769808,0.045519
769815,1.12767
769847,0.896611
769905,0.009422
769918,0.113861
769969,0.966254
770034,0.106038
770077,0.034304
770117,0.593141
770142,0.192351
770160,0.219937
770167,0.250863
770168,0.008023
770208,0.01748
770232,0.027481
770293,0.221463
770320,0.581208
770349,0.694638
770386,0.023629
770416,0.062774
770422,0.056043
770460,0.411044
770476,0.357312
770549,0.023126
770555,0.287816
770586,0.374074
770637,0.00122
770651,0.251284
770691,0.010479
770739,0.032207
770769,0.119002
770787,0.156587
770805,0.125841
770891,0.123951
770939,0.773479
770954,0.117748
770972,0.857105
770983,0.283677
771003,0.078708
771047,0.091901
771056,0.072912
771090,0.056277
771102,0.067445
771108,0.633057
771124,0.724498
771164,1.045646
771225,0.082373
771236,0.004783
771239,0.536478
771322,0.009751
771341,0.01613
771366,0.094678
771373,3.309769
771416,0.027602
771455,0.013569
771515,0.005377
771528,0.010965
771615,0.013946
771622,0.149821
771626,0.331228
771645,0.006381
771678,0.007409
771702,0.043903
771770,0.049689
771799,0.058326
771834,0.00015
771902,0.368296
771920,0.119943
771971,0.637039
772003,0.111682
772015,0.095047
772022,0.114937
772054,0.489469
772071,0.509073
772164,0.042176
772194,0.59143
772208,0.140687
772308,0.097394
772325,0.511441
772360,0.715695
772386,0.015364
772415,0.006394
772471,0.115974
772490,0.395423
772497,0.616555
772526,0.836089
772548,1.392913
772569,0.940341
772595,0.232072
772657,0.069193
772714,0.045223
772739,0.01385
772804,0.014361
772810,1.155109
772864,0.188559
772910,0.072171
772950,0.776731
773048,0.121236
773077,0.134031
773124,0.100683
773166,0.059479
773187,0.044884
773195,0.104531
773196,0.097446
773235,0.007214
773287,0.342858
773340,0.016564
773354,0.123368
773386,0.010701
773482,0.166996
773524,0.002786
773545,0.508913
773578,0.012088
773626,0.706464
773699,0.212092
773716,0.091491
773760,0.191928
773767,1.790097
773806,0.914058
773811,0.128805
773879,0.199422
773924,0.122117
773940,0.116629
773953,0.204276
773994,0.003475
774032,0.157769
774069,0.101754
774093,0.166152
774110,0.070859
774132,0.369224
774143,0.797155
774204,0.023415
774241,0.039018
774287,0.0133
774307,1.311652
774343,0.014457
774361,1.825819
774413,0.036122
774450,0.587473
774501,0.442608
774533,0.026458
774569,0.017864
774639,0.16535
774667,0.005831
774677,0.055387
774685,0.687592
774795,0.086807
774804,0.980289
774832,0.143758
774869,0.005703
774907,1.022651
774969,0.38751
775011,0.223996
775027,0.001886
775036,0.360062
775075,0.547371
775107,0.102549
775149,0.241772
775174,0.184833
775188,0.360937
775291,0.099925
775306,0.147032
775317,0.308131
775362,0.013956
775366,0.010635
775465,0.043227
775477,0.204374
775519,0.890407
775565,0.064393
775574,0.526001
775617,0.104314
775681,0.063286
775711,0.005735
775736,0.192004
775760,0.040998
775778,0.098346
775808,0.054381
775824,0.276945
775827,0.154498
775919,0.227758
775968,0.012091
775972,0.009465
776025,0.018111
776041,0.474983
776077,0.000638
776082,0.032026
776104,0.178166
776148,0.010951
776170,0.024714
776247,0.038585
776260,0.006641
776329,0.250104
776373,0.150371
776399,0.020415
776464,0.20463
776506,0.125773
776524,1.14833
776548,0.438007
776600,0.06772
776621,0.066412
776671,0.050263
776677,0.035726
776733,0.022219
776773,0.01162
776815,0.118581
776852,0.07004
776919,0.156725
776955,0.015519
776978,0.03381
777058,0.642911
777068,0.013282
777092,0.137311
777148,0.079
777172,0.019417
777173,0.276674
777209,0.103569
777223,0.458676
777258,1.648414
777362,0.113829
777377,0.137419
777388,0.366509
777449,0.005414
777455,0.008165
777482,0.00845
777503,0.050444
777604,0.00113
777631,0.008294
777658,0.010717
777683,4.080844
777728,0.322774
777768,0.347264
777804,0.020429
777834,0.009377
777835,0.304141
777927,1.053935
777974,0.097758
777984,0.232894
778028,0.00851
778078,0.008933
778109,0.972571
778133,0.00993
778162,0.026707
778216,0.045376
778221,0.02225
778227,0.057867
778260,0.155462
778289,0.029983
778299,0.009911
778309,0.05492
778318,0.077731
778359,0.024009
778457,0.00689
778503,0.227979
778516,0.532081
778526,0.02942
778566,0.004877
778581,0.164869
778650,0.070545
778652,0.084308
778686,0.016331
778722,0.018361
778777,0.050159
778788,0.134407
778818,0.092963
778837,1.027052
778842,0.112506
778860,3.851003
778925,1.763793
778954,0.385049
778984,0.423117
779016,0.686089
779039,1.298361
779055,0.5781
779120,0.027031
779145,2.429129
779168,0.163479
779176,0.142821
779294,0.823277
779338,0.043705
779378,0.19458
779383,1.805243
779416,0.130927
779430,0.23238
779440,0.516059
779468,0.236939
779477,0.108941
779524,0.038006
779577,0.025495
779597,0.030313
779617,0.490649
779650,0.346075
779697,0.663207
779705,0.468815
779726,0.314383
779747,0.066005
779757,0.202334
779767,0.137423
779771,0.156372
779798,0.116518
779829,0.592172
779871,0.007611
779883,1.076345
779906,0.576222
779927,0.196869
779947,0.005608
779967,0.404225
779980,0.008455
779993,1.166994
780007,0.26845
780027,0.071248
780037,0.235532
780057,0.255806
780087,1.542603
780136,0.05352
780137,0.065024
780147,0.158057
780157,0.026852
780167,0.209604
780187,0.356028
780217,0.450564
780237,0.39858
780247,0.49874
780257,0.064599
780267,0.741115
780287,0.034336
780307,0.308282
780317,0.249592
780327,0.246281
780351,0.553576
780377,0.239415
780397,0.350484
780427,0.451995
780437,0.397768
780447,0.275758
780457,0.340189
780467,0.035494
780477,0.237316
780497,0.323553
780527,0.011945
780537,0.223912
780547,0.180106
780567,0.287398
780579,0.047318
780587,0.616138
780607,0.741565
780657,0.10011
780677,0.128935
780682,0.880346
780734,0.228193
780776,0.458017
780799,0.455083
780821,0.019588
780856,0.232725
780867,0.733618
780908,0.004354
780913,0.468498
780967,0.097183
780969,0.536644
780971,1.528632
781026,0.172902
781068,1.23589
781098,0.188492
781113,0.005382
781120,0.374467
781145,0.167038
781208,0.596734
781263,0.499405
781312,1.322241
781337,0.853511
781392,0.024994
781398,0.573127
781415,0.355985
781436,0.117017
781472,0.804374
781487,1.623203
781538,0.830228
781548,0.368813
781577,0.088043
781603,0.063798
781633,0.683622
781657,0.405854
781706,0.014192
781720,0.484762
781741,0.116489
781779,0.25926
781790,0.120483
781792,1.526288
781858,0.258896
781940,1.103087
782007,0.023468
782009,0.01195
782014,0.178154
782035,0.309047
782087,0.017093
782102,3.30419
782150,1.0251
782163,0.010194
782232,2.411169
782253,0.493439
782308,0.122342
782312,0.266414
782323,0.002193
782338,0.507992
782388,0.129488
782402,0.242883
782420,0.051219
782501,0.003993
782507,0.199628
782508,0.309025
782511,0.389937
782532,0.092938
782544,0.283365
782557,0.328437
782560,0.001878
782575,0.22944
782631,0.253936
782669,0.032525
782704,0.008745
782730,0.002532
782732,0.332271
782750,0.341391
782772,0.067199
782791,0.452666
782864,0.011441
782865,0.596658
782893,0.131067
782936,0.034964
782963,0.042705
782987,2.828791
783054,0.105832
783081,0.004431
783090,0.662663
783133,0.033355
783160,0.557232
783173,0.094997
783251,0.127895
783259,0.264612
783299,0.895817
783322,0.910533
783396,0.511803
783428,0.125415
783466,0.95121
783490,1.004322
783526,0.048683
783552,0.035535
783579,0.452309
783660,0.157686
783666,1.681581
783718,0.167433
783726,0.327901
783789,0.002231
783793,0.03785
783798,0.262571
783847,0.271161
783888,0.016939
783890,0.700182
783951,0.996947
783970,0.898723
784003,0.951651
784049,1.569859
784123,0.550104
784151,0.003758
784175,0.482271
784224,0.040654
784233,0.31919
784300,0.150869
784336,0.176878
784350,0.646531
784370,0.444003
784408,0.013647
784423,0.011289
784457,0.43659
784485,0.73886
784556,0.505166
784571,0.145506
784576,0.184408
784618,1.060649
784671,0.041091
784684,0.45871
784694,0.357411
784738,0.214511
784786,0.223265
784843,0.261972
784896,0.253363
784900,0.249301
784958,0.010238
785011,0.168865
785030,0.018762
785057,0.115376
785060,0.068721
785088,0.000367
785146,0.026925
785168,0.110762
785172,0.021279
785265,0.007056
785313,0.132412
785350,0.475342
785366,0.029313
785381,0.065547
785392,0.12896
785454,0.766107
785465,0.063521
785476,0.259124
785508,0.02522
785576,0.48535
785578,0.397392
785592,0.555606
785648,0.468513
785702,0.615704
785751,0.214154
785770,0.081285
785795,0.068765
785810,0.833677
785857,0.052486
785861,0.143748
785879,0.576473
785903,0.329507
785929,0.372699
785971,0.164439
785982,0.485033
786035,0.501299
786041,0.148487
786067,0.030546
786109,0.031096
786131,0.044968
786134,0.214933
786153,0.324
786183,0.0028
786191,0.652047
786202,0.074306
786232,0.679186
786243,0.019887
786260,0.27408
786275,0.028034
786319,0.376136
786321,0.217236
786357,0.038066
786369,0.129005
786392,0.887984
786433,0.05326
786470,0.422353
786487,0.581946
786508,0.251823
786547,0.136065
786548,1.086753
786553,0.12184
786602,0.100933
786623,0.323465
786661,0.706459
786677,0.101134
786690,0.344949
786726,0.02256
786734,0.716388
786761,0.630574
786784,0.026605
786787,0.160215
786797,3.002155
786813,0.043915
786826,0.158021
786865,0.943848
786876,0.058516
786896,0.756883
786930,0.139684
786938,0.068622
786967,0.240292
786986,0.104544
787005,0.62565
787009,0.265053
787079,0.018962
787083,0.103804
787120,0.130862
787146,0.086274
787165,0.006778
787167,0.570962
787199,0.035471
787223,0.956869
787259,1.552665
787267,0.008676
787325,0.118022
787334,0.633615
787350,2.095463
787378,2.994485
787412,0.095779
787424,0.303756
787450,0.370244
787499,1.337293
787517,0.520687
787540,0.456011
787581,0.034118
787599,0.125819
787601,0.503774
787651,0.452884
787679,0.511954
787688,3.267156
787742,1.313645
787769,5.401373
787831,0.48509
787849,0.260785
787863,0.45978
787876,0.010405
787897,0.1098
787905,0.048443
787919,0.050176
787929,0.420277
787930,1.171113
787947,0.439226
787997,0.941726
788009,0.283941
788035,0.801855
788040,0.066765
788120,0.019494
788134,0.166061
788140,0.306986
788164,2.149344
788241,0.182715
788255,0.150585
788308,0.092926
788324,1.381311
788356,0.075474
788357,2.215397
788391,0.302027
788433,1.645236
788449,0.425387
788501,0.08986
788513,0.162512
788518,0.205882
788553,0.012587
788581,0.135468
788595,0.078555
788605,0.281972
788656,0.121071
788667,0.008494
788680,0.079852
788724,0.182192
788753,1.094666
788763,0.249912
788801,0.161263
788826,0.027776
788878,0.037815
788895,0.47309
788944,0.002281
788966,2.876217
788992,0.541486
789011,0.132208
789020,0.051422
789047,0.272194
789057,0.171034
789154,0.728995
789170,0.011372
789195,1.150619
789260,0.000575
789269,0.972462
789281,0.458694
789287,0.879607
789325,1.786479
789349,0.297557
789356,0.480315
789396,0.27907
789425,0.114939
789426,1.031357
789455,0.059028
789497,0.013407
789520,0.189827
789521,1.021164
789562,0.20491
789565,0.306413
789604,0.991767
789606,1.295895
789644,0.102747
789666,0.686255
789691,0.079497
789722,0.014646
789729,0.075815
789734,0.683408
789737,2.337213
789787,0.206936
789849,0.005973
789888,0.825555
789914,0.012184
789944,0.211416
789965,0.658312
789970,0.924884
790029,0.199409
790100,0.016304
790116,0.701135
790161,0.407238
790165,0.789195
790186,0.513025
790218,0.428245
790260,0.054903
790324,0.286337
790337,0.067897
790364,0.071469
790406,0.064098
790439,0.108847
790448,0.381123
790514,0.025295
790528,0.426062
790550,0.107893
790567,0.104598
790597,0.39412
790648,0.09165
790650,1.23351
790684,0.764934
790729,0.012517
790780,0.029237
790782,0.122879
790798,0.02132
790831,0.034568
790877,3.161629
790905,0.098307
790918,0.084231
790966,1.172023
790997,0.640171
791035,0.013332
791055,0.014977
791058,0.18865
791090,1.629745
791118,0.033892
791141,0.209228
791192,0.118616
791207,0.147446
791211,0.697087
791248,0.337966
791261,0.114162
791265,0.489633
791306,0.278441
791342,0.453407
791374,0.381122
791379,0.493058
791437,0.066344
791493,1.653238
791533,0.034858
791550,0.218211
791581,1.001287
791595,0.460379
791610,0.194529
791662,0.313438
791672,0.426056
791707,0.446955
791759,0.018811
791768,0.259538
791829,0.215793
791854,0.097415
791900,0.192418
791936,0.074079
791941,1.477783
791961,0.78018
792002,0.018116
792005,0.212757
792067,0.057039
792091,0.866173
792116,1.744098
792185,0.013991
792227,0.015307
792234,0.207176
792247,0.067654
792296,0.015867
792321,0.161241
792330,0.154582
792348,0.230275
792356,0.133694
792397,0.42144
792471,0.30902
792508,0.594776
792518,0.903516
792571,0.011848
792586,4.01207
792621,0.438448
792637,0.202095
792638,0.983522
792677,0.087702
792713,0.025279
792782,0.516356
792813,0.000993
792853,0.123589
792869,0.271302
792872,0.755965
792919,0.122385
792934,0.007348
792937,0.066395
792955,0.085941
792991,0.461138
792995,2.07027
793021,1.577306
793053,1.784597
793084,0.121277
793087,1.342527
793110,0.215764
793121,0.294886
793190,0.046973
793250,0.059236
793256,0.097945
793282,0.00659
793373,0.344101
793386,0.326942
793434,0.046839
793458,0.27835
793477,0.220068
793549,0.061828
793556,1.504511
793584,0.039538
793621,0.044841
793634,0.005346
793649,0.23082
793658,0.003798
793679,1.544093
793710,0.011215
793714,0.622426
793745,0.002544
793768,0.139284
793791,0.509506
793834,0.032234
793852,0.408079
793886,0.212986
793890,0.320273
793891,0.298089
793932,0.172462
793958,0.373808
794016,0.004839
794030,0.012442
794054,0.003853
794055,0.036962
794066,0.265811
794098,0.747105
794109,0.181867
794154,0.092539
794170,0.054382
794197,0.029768
794255,0.407979
794287,0.172279
794296,0.2577
794306,0.809043
794340,0.09482
794348,0.366235
794365,0.030226
794371,0.10578
794442,0.318878
794448,0.298453
794461,0.14931
794516,0.098089
794571,0.039347
794576,0.155496
794613,0.397913
794617,0.025902
794631,0.033025
794636,1.395602
794647,0.210543
794722,0.007592
794746,0.003971
794756,0.321063
794757,0.902828
794801,0.12167
794821,0.096886
794835,0.250956
794859,0.103562
794885,0.501642
794897,0.010622
794924,0.346988
794981,0.02896
794996,0.059561
795001,0.308036
795022,0.086052
795034,0.616743
795049,0.616086
795117,0.012561
795127,0.102329
795152,0.085502
795164,0.158563
795202,0.04497
795207,0.100261
795228,0.093651
795278,0.049971
795281,0.756284
795316,0.259429
795338,0.4215
795342,0.110486
795411,0.261832
795447,0.031477
795455,0.929833
795485,0.415088
795527,0.512435
795528,0.840363
795530,2.521598
795540,3.924778
795543,4.191119
795630,0.003271
795705,0.047292
795734,0.642533
795773,0.239275
795814,0.021489
795872,0.12765
795885,0.000821
795903,0.206575
795911,0.42879
795935,0.049494
795960,0.196577
795996,0.333908
796038,0.14785
796049,0.415201
796089,0.131132
796094,0.337387
796095,0.81721
796126,0.043775
796141,0.037257
796173,0.083565
796190,0.299777
796200,0.206798
796228,0.275866
796229,1.587511
796282,0.22647
796324,1.032487
796409,0.195793
796414,0.03071
796429,0.66821
796477,0.033921
796480,0.122798
796494,0.286176
796543,0.020951
796558,0.082889
796561,0.101521
796575,0.597889
796653,0.301353
796656,1.837582
796699,0.205897
796714,0.017204
796730,0.004536
796733,1.205028
796780,0.591827
796806,0.399625
796840,0.027939
796868,0.059506
796880,0.103592
796898,0.053049
796918,0.092408
796940,0.325454
796958,0.08102
796964,0.193999
797000,0.128143
797008,0.060299
797018,0.18788
797028,0.161798
797038,0.049142
797048,0.249093
797058,0.179955
797064,3.376105
797090,0.289651
797118,0.166443
797148,0.067557
797158,0.452556
797234,0.50431
797304,0.381028
797336,0.261095
797388,0.746899
797419,0.525587
797430,1.028527
797496,0.023749
797498,0.135899
797502,0.80704
797531,0.043211
797579,2.293486
797605,0.049825
797624,0.542145
797659,1.749913
797680,0.12509
797694,0.037577
797715,0.087672
797719,1.012913
797759,0.086357
797763,0.18535
797791,0.065768
797837,0.044161
797841,0.083201
797844,0.284596
797865,0.049051
797872,0.591806
797898,0.130884
797942,0.412638
798005,0.005643
798028,0.784496
798035,0.131538
798056,0.397428
798113,0.251377
798125,0.185973
798162,0.115919
798171,0.326155
798216,0.040843
798235,0.126616
798267,0.030032
798297,0.009207
798340,0.00062
798342,0.02931
798450,0.026432
798529,0.929341
798559,1.076949
798573,0.865977
798580,0.336263
798671,0.036444
798674,0.156323
798679,1.328027
798699,0.259965
798730,0.321318
798734,1.072853
798752,0.022281
798771,0.382538
798795,0.274891
798804,4.423881
798867,0.037574
798869,0.156067
798879,0.076826
798906,0.001944
798966,0.008604
798968,0.280306
798972,0.4915
798981,0.257453
799032,0.029169
799043,0.289376
799061,0.365222
799073,1.960064
799122,0.020176
799191,0.041429
799230,0.246504
799241,2.771377
799300,0.017573
799317,0.001011
799352,0.005016
799393,0.090582
799406,0.043449
799428,0.014409
799431,0.066347
799436,2.758764
799473,0.320688
799482,0.303087
799488,0.331684
799506,4.661149
799547,0.240838
799553,0.107285
799588,0.232914
799596,0.133513
799635,0.39148
799663,0.739225
799709,0.276656
799716,0.355666
799765,1.088794
799771,0.176806
799809,0.99955
799870,2.082508
799947,0.222242
799991,0.218876
800008,1.218344
800049,0.1069
800069,0.459277
800082,1.08836
800131,0.032411
800134,0.661403
800164,1.901177
800176,0.317442
800258,0.352367
800299,0.163124
800319,0.401095
800344,0.113003
800406,0.071899
800450,0.502705
800461,0.440768
800466,0.491615
800543,0.239934
800586,0.044874
800645,0.478796
800672,0.088759
800680,0.863805
800704,0.045082
800754,0.751371
800774,0.276816
800783,0.067625
800802,0.088862
800820,0.112277
800824,0.254641
800859,1.460706
800878,0.564051
800893,0.125581
800950,0.268918
800956,0.109523
800968,1.69593
800994,0.336921
801049,0.028194
801133,0.379571
801161,0.408305
801176,0.00508
801211,0.158542
801295,0.717168
801357,0.016422
801360,0.313965
801383,0.288598
801402,0.165703
801409,0.286389
801415,0.247177
801446,0.010322
801478,0.009276
801492,0.073023
801499,0.067308
801509,0.211715
801517,0.455705
801568,0.082984
801594,0.693355
801681,0.009945
801685,0.05286
801713,0.003739
801741,0.018757
801812,0.403172
801816,0.035864
801908,0.15825
801922,0.124836
801924,0.368013
801983,1.107779
802009,0.08113
802029,0.882349
802072,0.736929
802113,0.255732
802117,2.791958
802154,0.982913
802173,1.440069
802244,3.471836
802275,0.966692
802312,0.512101
802350,0.259173
802375,0.202109
802380,1.280077
802395,0.081497
802421,1.089088
802477,0.037832
802486,0.031199
802496,0.029284
802502,0.503032
802542,1.053353
802543,0.353077
802567,0.338007
802573,0.035801
802601,0.590884
802644,0.0243
802646,0.023921
802660,0.011128
802675,0.351833
802696,0.203738
802729,0.534953
802749,0.204481
802772,0.00387
802804,0.143003
802809,0.088378
802847,0.747994
802867,0.205075
802892,0.114145
802915,1.646907
802936,0.792102
803061,0.098377
803076,0.123993
803086,0.836378
803097,0.012209
803098,0.32295
803120,0.055381
803225,0.252282
803270,1.190644
803279,0.232714
803322,0.21237
803331,0.355759
803351,0.32804
803353,0.394026
803393,0.024
803414,0.029311
803445,0.32505
803470,0.07992
803516,0.012773
803517,0.989853
803607,0.00276
803651,0.235882
803658,0.223492
803710,0.205998
803720,0.020752
803726,0.197151
803757,0.000236
803766,0.010762
803771,0.129757
803777,1.624812
803803,0.477715
803819,2.00382
803846,0.130557
803886,1.465946
803912,0.447525
803937,0.246219
803971,0.220971
803977,0.363223
804037,2.089065
804066,0.583504
804125,0.210535
804181,0.579225
804216,0.013524
804246,0.025358
804249,0.731391
804265,1.085631
804274,0.822076
804300,0.008653
804326,0.073862
804342,0.366819
804374,0.64263
804423,0.192136
804489,0.048536
804507,0.07882
804524,0.255801
804530,4.024659
804596,0.026717
804605,0.029574
804631,0.113866
804643,0.163698
804687,0.339714
804733,0.06678
804746,0.033553
804766,0.129977
804797,0.218881
804812,0.414842
804827,0.341003
804833,0.17112
804846,0.836423
804852,0.046243
804859,0.882923
804928,0.774948
804956,0.136494
804973,0.067811
805000,0.438185
805055,0.175373
805152,0.003028
805204,0.13344
805239,0.098711
805271,0.304933
805298,0.239345
805309,0.309026
805319,0.392262
805385,0.11161
805445,0.731344
805494,1.162212
805567,0.117844
805572,0.065813
805574,0.07973
805620,0.360641
805625,0.195905
805659,0.183149
805662,0.002085
805673,0.584782
805733,0.694743
805747,0.044406
805751,0.474406
805786,0.038167
805800,0.058322
805806,0.194508
805845,0.038185
805852,0.15094
805871,0.010663
805882,0.010466
805983,0.195559
805988,0.062356
805993,0.764458
806009,0.89919
806040,2.19322
806060,0.126349
806088,0.070987
806098,0.001073
806105,0.278462
806115,0.436205
806169,0.059285
806224,0.157543
806258,0.009381
806283,0.505527
806289,0.015182
806315,0.011164
806363,0.17507
806389,0.036712
806394,0.394011
806409,0.095315
806423,0.079123
806449,0.396263
806463,0.177111
806534,0.207065
806621,1.120668
806669,0.038178
806671,0.171289
806709,0.544315
806726,1.33144
806742,0.362299
806763,0.25119
806775,5.331453
806849,0.031836
806909,0.020419
806917,0.287689
806920,0.766865
806994,0.005312
807001,0.011774
807026,0.086041
807040,0.311619
807069,0.077382
807070,2.015212
807085,1.404907
807131,0.125013
807200,0.062087
807216,0.068877
807250,0.171308
807255,0.055951
807327,2.953318
807344,0.868829
807373,0.168209
807411,0.047677
807415,0.733097
807421,0.149619
807444,0.100314
807499,0.011869
807503,0.505497
807527,0.018644
807530,0.03757
807537,0.226603
807551,0.779895
807568,0.213229
807586,0.034833
807623,0.327973
807634,0.004897
807644,0.07909
807658,1.422222
807708,0.030598
807717,0.124925
807734,1.081503
807777,0.093416
807809,0.029109
807824,0.121311
807841,0.134744
807860,0.096691
807880,0.179021
807898,0.487008
807932,0.025962
807956,0.008144
808047,0.154269
808048,0.050365
808066,1.25486
808079,0.029924
808096,0.372556
808137,0.006885
808145,0.269893
808161,0.017693
808174,0.141386
808176,0.16414
808192,0.007731
808215,0.085092
808265,0.050948
808270,0.059521
808293,0.412666
808319,0.38392
808321,0.428748
808372,0.203405
808395,0.287016
808398,0.125385
808402,0.428627
808430,1.268921
808446,0.284267
808492,1.507022
808519,0.48616
808533,1.431934
808547,0.078969
808579,1.743285
808612,0.26288
808617,0.458278
808635,0.834858
808656,0.654741
808682,2.238287
808718,0.004166
808721,0.369019
808812,0.059075
808832,0.052237
808845,0.151205
808874,0.920443
808929,0.030142
808942,1.349142
808973,0.32815
808987,0.033405
809035,0.852051
809057,0.924945
809081,0.057646
809094,0.064542
809112,0.029539
809143,0.272557
809169,0.012448
809172,0.508504
809210,0.308766
809249,0.723668
809251,1.944083
809327,0.237672
809347,0.18962
809366,0.028691
809372,0.11811
809409,0.031047
809425,1.406274
809469,0.905601
809486,0.011653
809538,0.152451
809551,0.05336
809571,0.030184
809598,1.936253
809632,2.252516
809646,0.251418
809654,0.240393
809731,4.454582
809774,0.323383
809780,1.039181
809795,0.072318
809814,0.319052
809875,0.69745
809896,0.696792
809911,0.0968
809941,0.032583
809958,0.190733
809981,0.005947
810009,0.967202
810013,1.014089
810021,0.912803
810067,0.053714
810099,0.280068
810119,1.281975
810138,0.089134
810145,1.59152
810176,0.424635
810188,0.396361
810197,1.588458
810248,0.139327
810256,0.737711
810293,0.213381
810312,0.364354
810351,0.603162
810376,0.021943
810430,0.206657
810460,0.474158
810486,0.673642
810503,0.098016
810552,0.563194
810557,0.035695
810610,0.355539
810646,0.13622
810673,0.18396
810676,0.79651
810716,0.557244
810751,0.282938
810793,0.076169
810815,0.87356
810840,0.469788
810872,0.068406
810898,0.123745
810906,0.685078
810946,0.92878
810963,1.242619
810971,0.148162
811010,0.359009
811023,0.151946
811030,0.011562
811060,1.391248
811099,0.003262
811103,0.159604
811119,0.538825
811146,0.002975
811153,0.11325
811165,0.170318
811196,0.495539
811211,2.098684
811254,0.92699
811297,0.162777
811298,0.876305
811318,2.630547
811332,0.871472
811394,0.015197
811404,0.889029
811453,0.614259
811470,0.225504
811518,0.185042
811528,0.464353
811569,0.699018
811634,0.15013
811674,0.062523
811687,0.107927
811695,1.298611
811755,1.422061
811774,1.73318
811823,0.515487
811834,0.024039
811868,0.021717
811883,0.01506
811887,0.27732
811904,0.597603
811926,0.132815
811937,0.025475
812011,0.35841
812039,0.12034
812048,0.319604
812075,1.305982
812103,0.182013
812116,0.399045
812138,0.138684
812168,0.07625
812181,0.110115
812192,0.679449
812198,0.287255
812208,0.267975
812237,0.686246
812267,0.354309
812315,1.8391
812381,1.501566
812466,0.080447
812477,0.278948
812513,0.094122
812536,0.449724
812589,0.095416
812605,0.009109
812664,0.01159
812686,0.217573
812698,0.080263
812732,0.016975
812737,0.369071
812768,0.370472
812800,0.033568
812811,0.108024
812820,0.261937
812863,0.134282
812918,0.450931
812964,0.007138
812998,0.891918
813021,0.022075
813043,0.220104
813112,0.096336
813159,0.033864
813160,0.139053
813178,1.577485
813199,2.229536
813223,0.453918
813257,0.748819
813272,0.540388
813296,0.547562
813356,0.18147
813366,0.202189
813397,0.027558
813418,0.597312
813435,0.286534
813460,0.680525
813493,0.136402
813495,0.109148
813505,0.668621
813518,1.021109
813551,0.128694
813553,0.350102
813570,0.493918
813626,0.044993
813642,0.09799
813660,0.312891
813673,1.831895
813700,1.489191
813778,0.126638
813790,0.000753
813791,0.224534
813808,0.43533
813854,1.32939
813956,0.349615
814020,0.333821
814043,0.434375
814075,0.010885
814090,0.110397
814099,0.169451
814113,0.040351
814117,1.009655
814148,0.388799
814180,0.171247
814215,0.002702
814218,0.109403
814236,0.089407
814243,0.412185
814277,0.160697
814291,0.314334
814320,0.358739
814341,0.005634
814380,0.007993
814383,0.093386
814386,0.540576
814409,0.0209
814423,0.185185
814447,0.131407
814521,0.139288
814562,0.527703
814575,0.610214
814583,0.598161
814590,0.04627
814644,0.991782
814664,0.086301
814679,1.168162
814704,0.073314
814753,0.064333
814767,0.087421
814773,1.419708
814774,3.858818
814808,0.017334
814869,0.303298
814922,0.540277
814958,0.242048
814964,1.333229
814999,0.39344
815052,1.861989
815064,0.167873
815069,1.279988
815111,0.078616
815132,0.309945
815143,0.536557
815170,0.013653
815201,0.200129
815207,0.480511
815215,0.381188
815261,0.017036
815262,0.600494
815315,0.474203
815325,0.741521
815377,0.04563
815383,0.072828
815396,0.055389
815412,0.414802
815445,0.186694
815450,0.729379
815470,0.061893
815487,0.711737
815550,0.023927
815576,1.609683
815598,0.224801
815660,1.222661
815691,0.257528
815710,0.001507
815716,0.817911
815718,1.5238
815766,7.136941
815855,0.050265
815880,0.062426
815922,0.061458
815944,0.48105
815946,0.018841
815963,0.204115
815987,0.04615
816002,0.009621
816032,0.152536
816054,0.088887
816146,0.087175
816163,0.078553
816177,0.079993
816213,0.107684
816236,0.051964
816292,0.17128
816309,0.08303
816328,0.032434
816356,0.279659
816401,0.004146
816421,0.034524
816443,0.014557
816545,0.062796
816570,1.143585
816621,0.031155
816625,0.023343
816648,0.262224
816684,0.014301
816689,0.187752
816742,0.012422
816751,0.316707
816815,0.075571
816830,1.132363
816854,0.07124
816886,0.033937
816891,0.111334
816904,0.095104
816946,1.125518
816971,3.296855
817042,0.727133
817082,0.167118
817095,0.401334
817136,0.02843
817138,0.070525
817162,0.07389
817194,0.012632
817216,0.047301
817218,0.195263
817278,0.027513
817317,0.021919
817329,0.010625
817331,0.104488
817356,0.712837
817405,0.087448
817417,0.339116
817487,0.025119
817493,0.254377
817534,0.064127
817568,1.125556
817612,0.097068
817629,0.222351
817660,0.376818
817695,0.044332
817711,0.76311
817757,0.048029
817761,0.741724
817797,1.877762
817864,0.24373
817883,0.099503
817931,0.017145
817944,0.277831
817973,0.061982
818006,0.188488
818059,0.606203
818147,0.038428
818165,0.035475
818178,0.027529
818190,0.119254
818199,0.409676
818201,0.230989
818306,0.037427
818363,0.159565
818376,0.191246
818429,0.052406
818456,0.110959
818482,0.094055
818508,0.582775
818545,0.014211
818573,0.558903
818610,0.038033
818648,0.753388
818716,0.723184
818767,0.432343
818835,0.659069
818899,0.02843
818952,0.023729
818960,0.069412
818977,0.189779
819005,0.233318
819018,0.011615
819023,1.554612
819057,0.166788
819140,0.181382
819151,0.959056
819208,0.017108
819210,0.222348
819290,1.001417
819339,0.290076
819368,0.012884
819370,0.007848
819371,0.527815
819373,0.007356
819449,0.128714
819511,0.14696
819581,0.042824
819609,0.023363
819615,0.024483
819711,0.048255
819756,0.035538
819808,0.024022
819821,0.042523
819836,0.331034
819844,0.087612
819859,0.334185
819868,0.331021
819939,0.004427
819969,0.158281
820024,0.366974
820062,0.025649
820070,0.072524
820077,0.151039
820093,0.033359
820189,0.353873
820204,0.092003
820213,0.007857
820247,1.606113
820366,0.018127
820403,0.174866
820408,0.122655
820416,1.973835
820456,1.292606
820558,0.095304
820568,0.037165
820580,0.073772
820647,0.919897
820683,0.045126
820695,0.211104
820709,0.40502
820747,0.03301
820808,0.025973
820838,0.068632
820870,0.066206
820878,0.026124
820905,0.008522
820912,0.014644
820943,0.048889
820994,0.001076
820998,0.086865
821041,0.403641
821074,0.035924
821082,0.03383
821133,0.012008
821158,0.012966
821172,0.193449
821204,0.435153
821222,0.042688
821261,0.007117
821305,0.007779
821327,0.006358
821362,0.092064
821383,0.000551
821398,0.47957
821416,0.060189
821418,0.200371
821444,0.418367
821494,0.039638
821497,0.006661
821504,0.144881
821584,0.001116
821600,0.014987
821644,0.001314
821695,0.557605
821771,0.088875
821775,1.462475
821840,0.438749
821889,0.061876
821917,0.003522
821925,0.014796
821930,0.119524
821936,0.213436
821990,0.089435
822022,0.035886
822040,0.011019
822062,0.047649
822094,0.012985
822116,0.021392
822253,0.090595
822261,0.110494
822311,0.062036
822368,0.083867
822415,0.046472
822456,0.007836
822464,0.002138
822534,0.017238
822547,0.070583
822586,0.042978
822640,0.056404
822641,0.089711
822675,0.433172
822697,0.27778
822717,0.164068
822837,0.008085
822855,0.136279
822885,0.441855
822907,0.052443
822950,0.110648
822965,0.012829
822970,0.160026
822993,0.123621
823019,0.639088
823046,0.227806
823101,0.264146
823146,0.659596
823181,0.045104
823190,0.823606
823255,0.016978
823263,0.408331
823274,0.041466
823305,0.007524
823327,0.008552
823414,0.043961
823467,0.067468
823504,0.042462
823515,0.026148
823529,0.022496
823550,0.156608
823569,0.08155
823596,0.014364
823601,0.020659
823616,0.272038
823628,0.267141
823670,0.012528
823770,0.034059
823783,0.041834
823841,0.035509
823844,0.164882
823854,0.315474
823867,0.429824
823889,0.005802
823923,0.042533
823952,0.449133
823960,0.228572
824035,0.031279
824049,0.243826
824063,0.19735
824085,0.172267
824091,0.172706
824139,0.496743
824155,1.320009
824215,0.101763
824225,0.11293
824228,1.190442
824300,0.403935
824304,0.094706
824321,0.491488
824371,1.111019
824404,0.021392
824416,0.036651
824438,0.164184
824499,0.242443
824508,0.05983
824526,0.111628
824544,0.521107
824581,0.055872
824598,0.079359
824633,0.101469
824703,0.227884
824732,0.259983
824742,0.003949
824750,0.134847
824758,0.34718
824774,0.345107
824891,0.100948
824939,0.023552
824942,0.000152
824948,0.384675
824963,0.228758
824995,1.833168
825058,0.023167
825070,0.585787
825083,0.447506
825114,0.018046
825125,0.336504
825142,0.42616
825179,0.063969
825270,0.031838
825273,0.043168
825287,0.019363
825318,0.200938
825329,1.861064
825350,0.464133
825368,0.910725
825412,0.077058
825432,0.130281
825469,0.429909
825476,0.203376
825493,0.18231
825545,0.090355
825561,0.105428
825577,0.441991
825614,1.147405
825689,0.053177
825778,0.050307
825799,0.047368
825840,0.025037
825843,0.0914
825855,0.234709
825892,0.358182
825915,0.067543
825969,0.034313
825972,0.037918
826018,0.217995
826032,0.445842
826113,0.147044
826224,0.052586
826234,0.038962
826263,0.013186
826286,0.007564
826303,0.498203
826373,0.003283
826436,0.006562
826440,0.386919
826482,0.624606
826504,0.902166
826533,0.101262
826613,1.629804
826646,0.132031
826697,0.035501
826722,0.714868
826737,0.474834
826780,0.111561
826786,0.006996
826817,0.048231
826841,0.009228
826842,0.186106
826854,0.557172
826867,1.809248
826926,0.068393
826948,0.006577
827002,0.020803
827053,0.007873
827078,0.257795
827154,0.101704
827175,0.08757
827211,0.314226
827228,0.157706
827295,0.079799
827297,0.116757
827329,0.031283
827402,0.034114
827413,0.012221
827431,0.444924
827433,0.732375
827442,0.521743
827483,0.094582
827507,0.202773
827548,0.123227
827577,0.099521
827584,0.081236
827621,0.022085
827627,1.14371
827636,0.113471
827692,0.05763
827753,0.04658
827770,0.176134
827778,0.465273
827829,0.058847
827860,0.093557
827913,0.168882
827953,0.071719
827987,0.028346
828076,0.007337
828081,0.077266
828119,0.026452
828182,0.01699
828193,0.041164
828234,0.359792
828255,0.350036
828292,0.015944
828355,0.125708
828374,0.307522
828386,0.056989
828455,0.010326
828467,0.122006
828477,0.187745
828542,0.275598
828570,0.115951
828609,0.184969
828621,2.39591
828672,0.089248
828676,0.124761
828687,0.405979
828736,0.036255
828737,0.084297
828751,0.61547
828781,1.07052
828838,0.008531
828872,0.017498
828906,0.651033
828942,0.017619
828963,1.004861
829029,0.043159
829058,0.001146
829067,0.100006
829094,0.135909
829102,0.084548
829161,0.015476
829173,1.044854
829193,0.174062
829228,0.095691
829251,0.024141
829303,0.002487
829355,0.366111
829369,0.314357
829387,0.053115
829432,0.035507
829456,0.482612
829465,0.608267
829518,0.193584
829553,0.045476
829575,6.494135
829635,0.95713
829648,1.854674
829727,0.155028
829796,0.071625
829840,0.012858
829852,0.304674
829904,0.008644
829953,0.375532
830018,0.338673
830056,0.017298
830064,0.025662
830066,0.935692
830103,0.076803
830152,0.218016
830171,0.688449
830232,0.050154
830266,0.05673
830282,1.215123
830321,0.067675
830365,0.010419
830386,0.018482
830400,1.297036
830404,0.414028
830437,0.599308
830487,0.011358
830490,0.030032
830492,0.065933
830528,0.024714
830541,0.068695
830553,0.796957
830564,1.22924
830597,0.007707
830656,0.193314
830722,0.158322
830757,0.54054
830768,1.034627
830771,1.977785
830841,0.0857
830866,0.418428
830885,0.531996
830906,0.253631
830948,0.198733
831001,0.091423
831053,0.142857
831061,0.596368
831094,0.428866
831115,0.159961
831149,0.026663
831156,0.155753
831216,0.680959
831347,0.437648
831350,0.086486
831364,0.031881
831371,2.350274
831446,0.068196
831467,0.188791
831498,0.054989
831510,0.039827
831586,0.124663
831619,0.122087
831644,0.584239
831670,0.106957
831734,0.015172
831746,0.050426
831768,0.021573
831779,0.218333
831809,0.585424
831819,0.092289
831836,1.573743
831912,0.148041
831941,0.065882
831981,0.049152
832001,0.050395
832018,0.029881
832025,0.519039
832048,0.147622
832077,0.114048
832114,0.102342
832124,0.016055
832142,0.707121
832170,0.572075
832222,0.026885
832226,0.039695
832259,0.280863
832296,0.006719
832405,0.103571
832435,0.515657
832508,0.103277
832569,0.314949
832605,0.352423
832651,0.272534
832674,0.491274
832688,0.17047
832694,0.29924
832721,0.116633
832723,0.306806
832745,0.416526
832751,0.062406
832781,0.035626
832796,1.313122
832829,0.018163
832850,0.415867
832873,0.424794
832883,0.348592
832925,0.088197
832943,0.209448
832980,0.09698
832985,0.852314
833057,0.031782
833060,0.036037
833078,0.074724
833098,0.62548
833110,1.026805
833128,1.634752
833157,0.244105
833209,0.115182
833211,1.564912
833217,0.571649
833268,0.077694
833273,0.153979
833287,3.041066
833328,0.371717
833344,0.055607
833390,0.284549
833406,0.051857
833425,0.347093
833430,0.450065
833449,0.31071
833460,0.206013
833472,0.482453
833473,1.187457
833475,1.557295
833533,0.75074
833562,0.380678
833592,0.584462
833617,0.157304
833649,0.032721
833670,0.217582
833692,0.341565
833756,0.021893
833768,0.022476
833775,0.09494
833776,2.419042
833797,0.312449
833826,0.036091
833832,0.017697
833862,0.008475
833901,0.044732
833928,0.145063
833940,0.232874
833988,1.394256
834031,0.010329
834035,0.224968
834052,0.223487
834056,0.557348
834070,0.905105
834085,0.039289
834103,0.428818
834156,0.055277
834163,0.621561
834188,0.244293
834206,0.017164
834222,1.217258
834280,0.280944
834348,0.352902
834372,0.28468
834416,0.073886
834425,0.011546
834527,0.00012
834530,0.110426
834551,0.068426
834569,3.474783
834619,0.005205
834640,0.044643
834681,1.007965
834737,0.706755
834773,0.397105
834836,0.015251
834844,0.220007
834858,0.12918
834875,0.131283
834921,0.347242
834956,0.032631
834963,0.052356
834979,1.395664
835024,0.191698
835045,0.00679
835053,0.257042
835073,0.888422
835120,0.108373
835198,0.009493
835231,0.060262
835232,0.473775
835249,0.236917
835304,0.015497
835305,0.36999
835336,0.029381
835352,0.273293
835424,0.171868
835444,0.021274
835446,0.761122
835490,1.420755
835518,0.028256
835523,0.064389
835549,0.031789
835550,0.074887
835589,0.279479
835598,0.168972
835650,0.254065
835655,0.230848
835660,2.977329
835679,0.549451
835687,0.537809
835719,0.034331
835760,0.271544
835787,0.041861
835822,1.364374
835886,0.219351
835908,0.728863
835942,1.140281
836030,0.107005
836039,1.160835
836041,0.245225
836092,0.148859
836101,0.043077
836130,0.019987
836149,0.481023
836169,0.131583
836197,1.873392
836240,0.153455
836261,0.033214
836269,0.046318
836300,0.034978
836311,3.692358
836374,0.402695
836398,0.965081
836458,0.122977
836481,0.340969
836536,0.418636
836553,0.225575
836569,0.336158
836574,0.177679
836600,0.156643
836652,0.20947
836681,0.69818
836702,0.086825
836717,0.220113
836718,0.018075
836725,0.875455
836766,0.010363
836824,0.011744
836836,0.041636
836850,0.074486
836874,0.020969
836897,0.769281
836920,0.309398
836942,0.262571
836969,1.844844
837007,0.141382
837037,0.251296
837061,0.963862
837072,0.007918
837081,0.008903
837100,1.096053
837118,1.183232
837139,0.242692
837172,0.45216
837189,1.662801
837233,1.686885
837292,0.015455
837306,0.747921
837336,1.15182
837345,0.439886
837374,0.452125
837395,0.375442
837418,0.050906
837436,0.036878
837445,0.550476
837505,0.283784
837525,0.395443
837599,0.577209
837641,0.006024
837646,0.290204
837652,0.127591
837693,0.049256
837713,0.76981
837764,0.210393
837782,0.014425
837798,0.176333
837827,0.01593
837853,0.003049
837857,0.196923
837879,0.014569
837914,0.160616
837960,0.350487
837993,0.000448
837999,0.001466
838011,1.289189
838019,1.538788
838043,0.665908
838106,0.16514
838115,0.016602
838120,0.701956
838169,0.3919
838189,0.025371
838230,0.018652
838295,0.044728
838303,0.845671
838336,0.767958
838344,0.316832
838371,0.000625
838387,0.00118
838398,0.487306
838431,0.014217
838433,0.240625
838446,1.342291
838486,0.318427
838523,0.203706
838551,3.293147
838565,0.438123
838604,0.178356
838625,1.60801
838702,1.076515
838769,0.020789
838820,0.396969
838865,0.344052
838891,0.174688
838932,0.704609
838958,0.067256
838979,0.58235
838988,0.174874
838995,0.556323
839040,0.008335
839064,3.440571
839126,0.004583
839134,0.415904
839157,0.806963
839199,0.61472
839232,0.001356
839245,0.147587
839261,0.651185
839307,0.515959
839352,0.305846
839354,0.312057
839369,0.601024
839375,0.042141
839410,0.013089
839476,0.035383
839479,0.193724
839492,0.474139
839522,0.020509
839547,0.403623
839618,0.14432
839621,0.072773
839647,0.023002
839667,0.031218
839676,0.185548
839745,1.051621
839750,0.837915
839756,0.148507
839776,0.743669
839792,0.08659
839825,0.833158
839853,0.017817
839860,0.028624
839895,0.690725
839916,0.090757
839926,0.241952
839963,0.492384
839981,0.126542
840014,0.229159
840015,0.748455
840084,0.153824
840093,1.11106
840155,0.054473
840171,0.238146
840221,0.102676
840237,0.613948
840261,1.029858
840283,0.789364
840316,0.054086
840332,0.024718
840357,0.042398
840374,0.24774
840384,0.271746
840385,0.014755
840445,0.04186
840454,0.945176
840458,0.566783
840470,0.764377
840498,0.157511
840511,0.00118
840522,0.815266
840567,0.468754
840569,0.503509
840598,0.117581
840607,0.324381
840641,0.182375
840649,0.310006
840661,0.055832
840685,0.055031
840719,0.038183
840740,0.194156
840751,0.836482
840763,0.46712
840820,0.207408
840823,1.801352
840851,0.467832
840881,2.805648
840908,3.940259
840947,1.30188
840966,0.166928
841010,1.111007
841068,2.608022
841149,0.607173
841150,1.768801
841191,0.160771
841221,0.071309
841226,0.729784
841311,0.002703
841356,0.00284
841379,0.600459
841419,0.119816
841430,0.546051
841440,0.295517
841492,0.019189
841495,0.121208
841502,0.925153
841557,0.222933
841570,0.781603
841575,0.133144
841612,0.053104
841623,0.888223
841632,0.338164
841669,0.262774
841699,0.441611
841710,1.159962
841740,0.25068
841754,0.754916
841779,0.057898
841781,0.32021
841802,0.137484
841821,0.050714
841883,0.291308
841885,0.228354
841927,0.045439
841950,1.037835
841977,0.016067
842025,0.563612
842048,0.587838
842062,0.176233
842069,1.392804
842110,0.290688
842139,0.09599
842157,2.541665
842169,2.619518
842205,0.551753
842231,0.710761
842329,0.024304
842337,0.150401
842379,0.016951
842395,1.147949
842399,0.20801
842407,0.076181
842455,0.466384
842457,1.245304
842504,1.387156
842558,0.179079
842597,0.011345
842634,0.112984
842637,0.927974
842667,0.019267
842682,0.436047
842731,0.210238
842745,0.720446
842756,1.221332
842779,0.039074
842790,0.050406
842837,0.012912
842857,0.097503
842889,0.254246
842910,0.306025
842945,0.049193
842998,0.377101
843092,0.144158
843095,1.45263
843121,0.464027
843155,0.471731
843197,0.075893
843215,0.103887
843260,0.00123
843264,0.331066
843274,0.117668
843279,0.723957
843308,0.932831
843327,0.130189
843341,0.069175
843349,0.157695
843404,0.672485
843455,0.321916
843458,1.075404
843473,0.086655
843486,0.104621
843505,0.344633
843509,0.708442
843531,1.415361
843574,1.407645
843579,0.315135
843588,1.5269
843612,1.064329
843637,0.441262
843652,0.127386
843673,0.061041
843694,0.563428
843726,0.515529
843728,4.299524
843782,0.011647
843797,0.247126
843819,0.466243
843820,0.146491
843832,0.101142
843837,1.203438
843873,1.102904
843938,0.040059
843943,0.874763
843955,0.363919
843960,0.224073
844007,0.283114
844042,0.03141
844093,0.017114
844104,0.072163
844105,0.070152
844116,0.053113
844118,1.553986
844126,1.250045
844162,1.169181
844165,0.002358
844189,0.956441
844223,0.876133
844261,0.268813
844262,0.443136
844273,1.395408
844320,2.162606
844344,0.077631
844361,0.016074
844369,0.08246
844374,0.263219
844405,0.107257
844439,0.580325
844455,0.113447
844478,0.174642
844486,1.026596
844520,0.123004
844543,0.03724
844564,0.012777
844571,0.055395
844593,2.365976
844641,0.010289
844644,0.698648
844677,0.653116
844699,0.195877
844719,0.991579
844738,0.371634
844781,0.033805
844793,0.01059
844807,0.180226
844843,0.096527
844853,0.242232
844889,0.018451
844946,0.592336
844966,0.478006
844985,0.191921
845010,0.060439
845038,0.110464
845071,0.021027
845081,1.915328
845115,0.093412
845170,0.219648
845207,0.572086
845216,0.329119
845226,0.00741
845291,1.735235
845314,0.130281
845374,0.181865
845387,0.004024
845417,0.038701
845453,0.063328
845491,0.122751
845513,0.205345
845518,0.515886
845557,0.235808
845587,0.593944
845633,0.665647
845659,0.291141
845684,0.046647
845702,0.367877
845719,0.119933
845747,0.02857
845771,0.008172
845784,0.391854
845806,1.098591
845873,0.072328
845893,0.263973
845919,0.31805
845922,0.644465
846007,0.169694
846013,0.46873
846032,0.453494
846075,1.248142
846130,0.404662
846151,0.952762
846186,0.932535
846205,0.039313
846211,0.087862
846241,0.072063
846249,0.472383
846262,0.475321
846290,0.536935
846315,0.669312
846352,0.447319
846365,0.444384
846385,0.280816
846419,0.003625
846428,0.287564
846442,0.593967
846469,0.181367
846492,0.248883
846505,0.173362
846516,0.258412
846517,0.616672
846533,0.794863
846566,0.082606
846611,0.296661
846634,0.323768
846669,0.001491
846677,0.441797
846695,1.264407
846732,0.09771
846761,0.493637
846763,0.413992
846765,0.774153
846772,1.332674
846815,0.203865
846851,0.187731
846853,0.116025
846867,1.138826
846886,0.222918
846900,0.924996
846955,0.525097
846958,0.72439
846987,0.39141
846988,0.271795
847007,0.538544
847042,0.022249
847061,0.049161
847088,0.002061
847097,0.562642
847103,1.780321
847141,0.205948
847161,0.00268
847185,0.90976
847215,0.066745
847237,0.557611
847269,0.000856
847284,0.348234
847299,0.237995
847320,0.028615
847322,0.016647
847359,0.669928
847386,0.170097
847416,0.065152
847417,0.060217
847438,1.328129
847517,0.755568
847529,2.211008
847583,0.916136
847587,0.613871
847631,0.000149
847675,0.244888
847678,0.778651
847722,0.124736
847723,1.718939
847776,0.13544
847788,0.264615
847816,0.061235
847824,1.57712
847852,0.437528
847871,0.643922
847905,0.019853
847939,0.041975
847943,0.316341
847947,1.307187
847997,0.024083
848013,0.49167
848038,0.133976
848046,0.041078
848066,1.12956
848095,0.002386
848142,0.010467
848154,0.691391
848191,0.292656
848221,0.043602
848234,0.350987
848264,0.269284
848287,0.614559
848295,0.252807
848400,0.001538
848425,0.167824
848446,0.005078
848447,0.093652
848462,0.109726
848490,1.815274
848526,0.554468
848533,0.003977
848570,1.689994
848604,1.972912
848681,0.033779
848704,0.105
848768,1.271684
848784,0.678562
848813,0.136586
848827,0.465623
848842,0.093043
848851,0.081083
848898,0.873614
848962,0.101032
848990,0.306279
849076,0.434896
849102,0.107053
849122,0.63894
849133,0.286923
849182,0.046592
849190,0.038467
849222,0.04077
849260,0.009796
849264,0.050297
849278,0.194795
849294,0.09543
849302,0.081346
849318,0.062979
849334,0.285962
849387,0.074456
849396,0.378867
849412,0.451992
849446,0.05913
849454,0.284556
849470,0.034933
849496,0.071899
849511,0.02636
849514,0.365191
849539,0.359244
849546,0.086423
849554,0.044908
849597,0.046894
849608,0.34631
849610,1.304262
849637,0.171357
849655,0.039179
849665,0.288871
849695,0.169235
849708,2.664246
849753,0.632492
849768,0.271686
849776,0.102151
849802,1.124159
849844,0.035263
849850,1.04706
849878,2.279852
849963,0.411412
849977,0.321772
849994,0.668667
850041,0.115462
850049,0.106289
850144,0.18542
850147,0.830413
850181,0.230469
850225,0.073441
850271,0.01418
850296,0.657055
850359,0.029222
850372,0.263406
850389,0.132438
850408,0.02623
850445,0.576786
850465,0.350825
850469,0.309708
850517,0.366866
850539,0.004162
850551,0.290595
850556,0.072254
850571,0.110479
850581,0.005434
850596,0.264606
850637,0.579812
850672,0.019232
850679,0.945493
850703,0.074971
850780,0.221604
850792,1.432883
850797,0.1013
850799,0.81116
850850,0.147695
850867,0.494402
850915,0.11692
850931,0.443296
850964,0.593669
850974,0.119308
850988,0.068505
850992,0.301096
850993,1.093835
851017,0.939258
851033,0.007798
851043,0.887435
851067,0.601998
851070,0.198824
851119,0.082051
851136,0.694259
851150,0.399533
851172,0.477338
851197,0.024783
851226,0.382291
851240,0.324359
851244,0.576598
851277,0.459258
851302,0.044965
851338,0.755173
851343,0.523698
851365,0.012338
851382,0.015272
851444,0.008798
851445,3.108345
851510,0.108011
851562,0.047487
851567,0.174311
851638,0.14563
851678,0.508994
851700,0.396235
851736,0.039815
851755,0.156949
851767,0.068794
851772,0.134266
851773,1.421944
851845,0.52018
851848,0.573514
851876,0.013446
851916,0.171328
851983,1.173503
851995,0.026022
852040,0.223799
852081,0.004506
852093,2.925975
852117,0.009727
852149,0.28665
852167,0.260392
852217,0.248897
852220,3.036612
852263,0.215267
852284,0.110463
852287,0.061727
852329,0.005617
852331,0.156123
852335,1.609968
852337,5.297229
852340,12.100292
852444,0.036824
852482,0.694687
852511,3.125693
852552,0.132882
852566,0.142081
852568,0.087688
852605,0.157914
852630,0.450767
852643,0.164954
852653,0.537308
852658,0.277274
852698,0.011083
852762,0.107098
852812,0.043098
852840,0.081643
852843,0.102635
852860,0.211498
852957,0.108717
852969,0.086338
852997,0.661556
853023,0.133343
853051,0.032829
853060,0.389942
853075,0.53184
853118,0.055493
853120,2.420071
853154,0.39164
853196,0.340916
853207,0.210869
853215,0.881936
853316,0.007889
853325,0.023728
853327,0.037142
853330,1.569321
853351,2.196453
853395,0.348255
853516,0.059385
853536,0.442123
853553,0.102943
853565,0.632407
853579,0.091692
853600,0.841015
853636,0.913086
853661,0.166605
853685,0.061437
853687,0.067626
853717,0.072621
853734,0.99671
853755,0.27035
853784,0.37214
853793,0.230077
853811,0.285643
853818,0.559621
853870,0.049671
853878,0.167121
853926,0.094315
853957,0.231672
853985,0.278159
853988,2.540838
854028,0.280204
854056,0.054891
854066,0.186155
854082,0.473214
854107,0.075083
854108,0.360937
854131,1.164339
854154,0.270685
854197,0.511035
854231,0.148171
854284,0.243737
854301,0.50401
854352,0.003666
854384,0.719481
854436,0.34926
854477,0.036829
854492,0.095624
854533,0.343722
854551,0.016047
854577,0.042352
854579,0.424272
854599,0.255514
854629,0.325262
854641,0.751284
854680,0.374028
854685,0.080273
854702,0.312465
854738,0.13139
854767,0.70205
854805,0.131205
854831,0.459027
854837,0.198459
854865,1.456765
854937,0.077797
854943,0.011989
854945,0.415456
854961,3.073014
854983,0.012801
854988,0.170637
855010,1.517115
855065,0.029836
855085,0.019683
855102,0.534866
855119,0.138972
855122,0.502564
855142,0.480323
855151,0.467759
855163,0.225116
855193,0.056637
855212,0.507521
855275,0.48419
855295,0.222986
855303,0.732347
855304,3.644477
855333,1.167055
855364,0.000416
855405,0.208383
855446,0.033643
855458,0.027908
855489,0.092321
855502,0.033724
855518,0.002341
855521,0.051934
855528,0.147456
855541,0.13608
855573,0.19714
855585,0.051757
855611,0.365779
855651,0.265485
855662,0.143634
855723,1.182001
855751,0.771593
855798,0.153976
855827,0.002869
855854,0.035032
855953,0.255013
855995,0.017627
855998,1.22602
856027,0.926716
856050,0.270744
856107,0.027517
856142,0.912185
856184,0.702001
856227,0.276009
856246,0.072634
856254,0.095918
856268,0.053824
856280,0.029653
856328,0.042371
856329,0.828487
856370,0.110838
856379,0.016741
856390,1.023333
856437,0.244256
856457,0.234594
856470,0.083131
856501,0.025125
856507,0.093513
856533,0.163174
856536,0.41546
856577,0.168305
856640,0.331966
856643,0.18192
856667,0.358716
856669,0.519826
856717,0.469252
856743,0.019472
856763,0.214447
856777,0.182102
856787,0.554907
856812,0.283625
856837,0.007947
856842,0.01195
856845,1.009777
856871,0.243988
856914,0.348271
856916,0.47073
856925,1.082767
856949,3.225791
856967,6.309026
856968,2.324115
857032,0.403423
857049,0.106568
857058,0.523745
857076,0.025074
857096,0.115657
857128,0.146678
857129,0.811297
857165,0.201588
857188,0.084623
857193,0.144977
857221,0.138058
857223,1.111789
857234,0.226909
857285,0.001977
857311,0.016059
857320,0.04179
857341,0.231147
857371,0.07416
857386,0.086801
857407,0.073334
857420,0.032195
857444,1.525241
857475,0.025233
857496,0.828661
857521,0.169893
857547,0.490778
857577,0.029749
857581,0.054037
857591,0.152674
857638,0.411448
857656,0.316377
857709,0.07414
857760,1.57569
857811,0.36335
857816,0.349979
857857,2.259616
857910,0.318675
857928,1.376903
857954,0.130856
858000,0.091391
858034,0.024024
858039,0.454232
858044,0.390625
858066,0.428021
858077,1.082039
858095,0.139933
858125,0.003154
858130,0.046395
858131,0.212065
858149,0.630719
858183,1.004743
858238,0.214881
858292,0.106473
858330,0.068428
858367,0.015432
858376,0.078968
858388,0.528645
858391,0.471225
858430,0.739499
858444,0.117444
858447,1.817498
858490,0.298705
858495,0.420545
858529,0.147278
858563,0.126123
858619,0.061889
858636,0.026191
858638,0.354059
858685,0.889483
858695,0.132892
858729,0.035893
858775,0.312306
858800,0.04154
858813,0.751776
858846,0.101523
858889,0.040629
858909,0.04449
858920,0.358944
858957,0.486875
858969,0.597671
859027,0.430853
859045,0.083176
859079,0.250862
859119,0.351755
859123,1.815292
859169,0.003974
859179,0.066246
859189,0.082046
859199,0.203885
859209,0.277271
859219,0.261293
859239,0.222583
859249,0.296896
859259,0.318338
859266,0.153541
859315,0.01961
859391,0.016293
859404,0.231496
859417,0.037029
859427,0.213937
859439,0.099823
859445,0.897702
859459,0.607898
859467,0.447915
859481,0.406217
859510,2.886524
859547,0.725637
859600,0.585822
859626,0.238167
859646,0.865508
859651,2.389566
859680,0.094076
859703,1.137794
859734,0.006992
859757,1.155658
859785,0.262017
859791,0.512662
859819,0.054718
859826,0.721332
859866,0.772709
859879,0.212228
859880,0.54406
859896,0.060549
859910,0.250461
859941,0.149435
859950,0.19713
859995,1.315374
860025,0.12597
860030,0.320262
860074,0.882035
860099,0.112987
860126,0.01221
860159,0.308759
860169,0.15067
860185,0.326246
860216,0.042462
860232,0.049932
860233,0.020107
860238,0.208533
860311,0.023001
860316,0.000867
860326,0.979888
860353,0.620994
860370,0.925497
860402,0.592919
860404,0.299722
860456,0.154189
860495,0.145528
860527,0.010123
860564,0.017278
860569,0.046663
860579,0.278475
860586,0.974674
860627,0.597082
860640,0.02078
860644,0.582483
860667,0.601284
860670,1.358966
860729,0.118131
860761,0.185518
860772,1.03227
860808,0.642518
860843,0.237212
860861,0.012258
860887,0.12226
860958,0.783932
860991,0.033548
860993,0.24801
861005,2.172163
861034,0.238781
861090,0.037538
861091,0.026358
861110,0.014194
861136,0.731
861140,0.493214
861247,0.158072
861293,0.321401
861372,0.013259
861399,0.232738
861403,0.189294
861433,0.029033
861491,0.337345
861526,0.082556
861532,0.809458
861566,0.662323
861614,0.843744
861649,0.061798
861703,0.201836
861711,0.127935
861737,0.238716
861740,0.162119
861770,0.376889
861773,0.954167
861829,0.045916
861863,0.045207
861890,0.252161
861900,1.038521
861923,1.835719
862004,1.059028
862020,1.154097
862055,0.537122
862085,0.114809
862182,0.100104
862201,0.772637
862232,0.024917
862245,0.076782
862277,0.209058
862310,0.075983
862313,0.517368
862353,0.010896
862369,0.387688
862372,0.716186
862383,0.02917
862420,1.102782
862467,0.066287
862478,1.082648
862499,0.094921
862509,0.786649
862558,0.500975
862588,1.187012
862591,0.498959
862599,1.248833
862622,2.677813
862653,0.571687
862678,1.030072
862695,0.109513
862727,0.912658
862769,0.165539
862804,0.012455
862806,1.270672
862827,0.182387
862840,2.922138
862893,6.125609
862934,0.674882
862949,0.907454
862968,0.203737
863025,0.027068
863044,0.128783
863047,0.410466
863058,2.11405
863083,0.474934
863099,0.244117
863137,0.174768
863155,0.325972
863219,0.89054
863234,0.258446
863279,0.060983
863307,0.454707
863356,0.060274
863390,0.285235
863405,0.068143
863420,0.06169
863428,1.999298
863468,0.496361
863471,0.32915
863498,0.033324
863501,0.12325
863525,0.148265
863544,0.218412
863552,0.402309
863575,0.061957
863646,0.015086
863687,0.055728
863729,0.006872
863742,0.101357
863756,0.601866
863770,2.177134
863791,6.5e-05
863885,0.042109
863894,0.005666
863920,0.023698
863972,0.017653
