sequence_number,time_taken_to_correct_ms
2,0.073728
3,0.032512
4,0.058368
39,0.019968
60,0.009984
124,0.032768
238,0.02432
264,0.002304
354,0.009216
364,4.496384
384,0.177408
516,0.225024
560,0.015616
594,0.008704
658,0.033536
664,0.000512
795,0.0192
826,0.084736
869,0.083712
929,0.034816
964,0.274688
982,0.227328
1099,0.0896
1157,0.012288
1187,0.025088
1234,0.995328
1264,0.071936
1276,0.302592
1315,0.002816
1360,0.000256
1411,0.002304
1504,0.00256
1526,0.005888
1548,0.025088
1564,0.024832
1577,0.103424
1582,0.246528
1667,0.023552
1684,0.022528
1689,0.01152
1699,0.056576
1803,0.007168
2013,0.033792
2063,0.033024
2122,0.0128
2164,0.015872
2165,0.033024
2180,0.010752
2191,0.120064
2201,1.598976
2246,0.012288
2314,0.005888
2369,0.15488
2482,0.003328
2561,0.01408
2582,0.002816
2751,0.01792
2785,0.01408
2848,0.050688
2957,0.02304
3006,0.010496
3016,0.015872
3054,0.032512
3120,0.018176
3157,0.011008
3185,0.001792
3352,0.00896
3364,0.031488
3368,0.009728
3382,0.002048
3456,0.171264
3506,0.011776
3692,0.071424
3716,0.038144
3748,0.049152
3749,1.988864
3802,0.018432
3815,0.169472
3860,0.006912
3915,0.008192
3964,0.028928
3965,0.073216
3976,0.117248
4000,0.047104
4004,0.051968
4038,0.017152
4111,0.008448
4119,0.012544
4145,0.004096
4201,0.00896
4353,0.156416
4411,0.023552
4425,0.020992
4437,0.06656
4445,0.001536
4467,0.04864
4489,0.021248
4517,0.01024
4543,0.045056
4577,0.061952
4580,0.021248
4651,0.032768
4666,0.022016
4694,0.028416
4722,0.027136
4758,0.032
4766,0.011776
4770,0.014592
4827,0.005632
4864,0.112128
4877,0.000512
4924,0.004608
5040,0.05504
5092,0.033024
5139,0.020992
5175,0.009728
5176,0.14208
5207,0.202752
5256,0.040704
5305,0.534784
5334,0.197888
5464,0.004864
5479,0.04992
5514,0.0448
5550,0.000256
5558,0.031232
5621,0.028672
5700,0.082944
5764,2.867968
5799,0.015104
5909,0.212736
5950,0.035584
5954,0.21248
5982,0.056576
6030,0.009728
6045,0.00128
6064,0.238336
6106,0.022528
6160,0.125696
6170,0.346624
6227,0.032256
6325,0.036608
6355,0.242176
6387,0.057856
6418,0.040192
6451,0.016384
6488,0.00384
6625,0.000768
6640,0.69248
6662,0.014336
6751,0.03584
6769,0.027136
6781,0.053504
6827,0.11776
6864,0.016128
6915,0.010752
6964,0.02816
6966,0.001536
6993,0.054016
7012,0.06016
7014,0.127232
7220,0.036608
7260,0.014592
7347,0.010496
7457,0.044288
7523,0.000512
7537,0.02176
7564,0.100608
7738,0.064256
7762,0.045056
7795,0.002048
7844,0.25344
7870,0.048896
7909,0.054528
7986,0.009728
8059,0.001024
8114,0.055296
8149,0.022272
8164,0.162048
8179,0.057856
8198,0.04992
8395,0.016128
8456,0.026112
8473,0.107776
8538,0.003584
8562,0.007936
8650,0.02688
8698,0.013568
8709,0.03456
8758,0.013568
8764,1.763072
8846,0.001792
8934,0.086016
9010,0.009472
9033,0.071168
9072,0.029184
9127,0.01024
9226,0.023552
9236,0.274944
9277,0.022272
9296,0.0192
9320,0.02816
9364,0.129792
9403,0.16768
9413,0.188416
9464,0.033792
9468,0.009728
9489,0.006656
9535,0.017664
9557,0.040704
9581,0.090624
9610,0.012544
9625,0.104704
9700,0.021248
9725,0.032512
9815,0.015616
9871,0.013056
9901,0.670208
9976,0.031744
9986,0.723712
10052,0.011008
10108,0.031232
10316,0.001024
10342,0.083712
10390,0.027392
10474,0.057088
10530,0.026112
10542,0.800512
10580,0.102144
10643,0.005376
10682,0.026112
10750,0.026368
10795,0.011776
10874,0.022016
10932,0.165632
11017,0.026624
11055,0.037376
11082,0.07424
11109,0.152064
11124,0.026624
11128,0.096256
11138,0.162304
11164,0.500992
11188,0.05248
11273,0.005376
11276,0.039168
11293,0.060416
11344,0.06912
11364,0.07296
11382,0.002816
11406,0.105216
11424,0.02176
11519,0.033536
11649,0.014848
11705,0.041984
11725,0.685568
11751,0.004096
11843,0.01408
11873,0.0
11911,0.070912
11949,0.009472
12078,0.002304
12096,0.1024
12200,0.001024
12364,0.067584
12433,0.025344
12447,0.019968
12452,0.009984
12507,0.003328
12519,0.022784
12538,0.024576
12570,0.04992
12632,0.080896
12661,0.098048
12756,0.000768
12780,0.050688
12906,0.047616
12923,0.747008
12993,0.247296
13040,0.039168
13081,0.034304
13120,0.0192
13163,0.027136
13196,0.001536
13210,0.518912
13235,0.067584
13311,0.008448
13341,0.048896
13373,0.566528
13433,0.108288
13503,0.03456
13564,0.775936
13579,0.590592
13635,0.005376
13645,0.02816
13695,0.080384
13800,0.02304
13841,0.06144
13872,0.061184
13900,0.00512
13927,0.146944
14025,0.019456
14038,0.014592
14088,0.006144
14102,0.004864
14164,1.335808
14184,0.048384
14217,0.025088
14382,0.001792
14407,0.097024
14450,0.01664
14528,0.005632
14553,0.041984
14608,0.010752
14658,0.001024
14690,0.004864
14762,0.03584
14764,0.5248
14769,1.597184
14839,0.041216
14858,0.013824
14867,0.001536
14925,0.02688
15090,0.004096
15127,0.050176
15186,0.017664
15245,0.009984
15392,0.064768
15412,0.672768
15527,0.001536
15643,0.049408
15727,0.018944
15830,0.01792
15869,0.440576
15926,0.033024
15964,0.012544
15965,0.21888
15985,0.069632
16007,0.100096
16064,0.001024
16066,0.180224
16094,0.009728
16129,0.468992
16189,0.02432
16210,0.0192
16252,0.018432
16258,0.01024
16366,0.020736
16464,0.035072
16510,0.018688
16556,0.016384
16564,0.758272
16690,0.048896
16781,0.001024
16792,0.188416
16840,0.013568
16876,0.00256
16917,0.0064
16974,0.007424
16984,0.00256
17061,0.022784
17100,0.02816
17107,0.00512
17181,0.025344
17189,0.271616
17217,0.57856
17293,0.680704
17370,0.0704
17394,0.080128
17405,0.004608
17452,0.040448
17466,0.002816
17548,0.708352
17562,0.094208
17686,0.04224
17757,0.030464
17768,0.03584
17777,0.033792
17786,0.935936
17823,0.353024
17876,0.002048
17903,0.052992
17994,0.065792
18027,0.062464
18118,0.066048
18148,0.009216
18177,0.087296
18297,0.079872
18334,0.291584
18366,0.007424
18379,0.145664
18391,0.133632
18450,0.107264
18468,0.028672
18489,0.012288
18551,0.029184
18598,0.001536
18640,0.043776
18697,0.055296
18707,0.020224
18757,0.02944
18801,0.00896
18812,0.039168
18850,0.02176
18902,0.031232
18964,0.007936
18965,0.234752
18982,0.01408
18997,0.019456
19028,0.017408
19076,0.057344
19084,0.004864
19126,0.040192
19158,0.026112
19182,0.326144
19206,0.084224
19348,0.011776
19406,0.00512
19449,0.280064
19520,0.09344
19534,0.018944
19545,0.002048
19564,0.103424
19585,0.183296
19628,0.008192
19668,0.005632
19674,0.009728
19729,0.004352
19756,0.00128
19817,0.003328
19822,0.014336
19837,0.0384
19895,0.239104
19940,0.004096
19993,0.063232
20014,0.00256
20037,0.0192
20094,0.1216
20109,0.0
20177,0.063488
20251,0.067584
20286,0.021248
20310,0.156672
20354,0.038144
20442,0.010752
20462,0.067328
20598,0.07424
20643,0.225536
20687,0.01536
20697,0.038144
20745,0.024064
20770,0.01408
20780,0.091136
20807,0.228096
20847,0.122368
20902,0.054272
20926,0.047872
20997,0.114688
21156,0.018944
21247,0.016896
21283,0.052224
21287,0.006912
21303,0.000768
21348,0.04736
21364,3.062528
21465,0.043776
21470,0.006144
21514,0.082944
21687,0.052992
21732,0.03456
21766,0.022016
21797,0.137472
21883,0.020736
21982,0.094464
22007,0.0576
22010,0.71808
22117,0.006144
22208,0.00512
22248,0.16512
22321,0.015616
22326,0.059904
22362,0.010496
22401,0.207616
22453,0.00384
22472,0.02304
22511,0.007424
22530,0.040192
22566,0.944896
22588,0.027648
22656,0.039424
22682,0.0256
22784,0.006656
22921,0.012544
22994,0.051456
23126,0.007424
23165,0.286976
23205,0.054784
23350,0.506368
23393,0.000256
23434,0.040192
23556,0.01536
23631,0.050944
23664,0.419584
23747,0.023808
23764,1.648384
23833,0.097792
23846,0.018688
23906,0.179712
23921,0.237312
24002,0.058624
24043,0.038656
24134,0.097536
24203,0.046848
24282,0.020224
24293,0.02944
24356,0.02304
24360,0.003584
24364,0.168448
24414,0.06144
24454,0.026368
24592,0.009728
24609,0.003328
24659,0.127232
24664,0.077568
24704,0.014592
24731,0.071168
24803,0.009216
24850,0.068608
24881,0.018432
24964,0.012032
24975,0.012544
24979,2.710016
25061,0.042752
25153,0.009728
25228,0.002304
25233,0.034304
25274,0.004608
25299,0.01792
25417,0.000256
25434,0.131072
25495,0.027136
25513,0.01408
25564,0.976384
25586,0.901888
25654,0.004608
25664,0.005376
25687,0.014848
25721,0.02304
25806,0.006912
25824,0.004608
25854,0.013056
25958,0.04096
25986,0.014848
26009,0.03968
26089,0.043264
26164,0.02688
26178,0.001024
26180,0.034304
26186,0.834816
26232,0.004352
26234,0.114688
26341,0.007936
26358,0.032
26381,0.081152
26451,0.011776
26527,0.045056
26611,0.022016
26629,0.611328
26680,0.018688
26701,0.247296
26768,0.023808
26775,0.0
26793,0.012032
26818,0.244736
26842,0.089856
27000,0.005376
27006,0.01152
27224,0.075264
27288,0.163584
27314,0.017152
27364,1.687296
27436,0.00768
27438,0.009472
27466,0.029696
27530,0.009728
27570,0.026112
27585,0.018176
27674,0.001536
27699,0.041728
27808,0.014336
27824,0.078592
27881,0.000768
27907,0.00256
27945,0.314624
27964,0.000768
28039,0.022784
28130,0.042496
28189,0.01792
28254,0.338176
28322,0.092928
28385,0.133376
28436,0.02688
28438,0.015616
28471,0.08576
28515,0.01408
28564,3.432448
28587,2.459648
28661,0.018176
28697,0.0192
28747,0.042752
28801,0.003072
28857,0.0
28872,0.022272
28898,0.023808
28916,0.04864
28989,0.06656
29012,0.007936
29107,0.052992
29121,0.058368
29149,0.033792
29177,0.055552
29179,0.1152
29232,0.004352
29244,0.030464
29314,0.0064
29423,0.041472
29463,0.005888
29490,0.00384
29508,0.114176
29572,0.051712
29604,0.02944
29615,0.080896
29657,0.087552
29676,0.027392
29685,0.099072
29741,0.031744
29764,0.005376
29765,0.018688
29778,0.397568
29894,0.03968
30004,0.003584
30027,0.120064
30135,0.013824
30256,0.0192
30260,0.0256
30307,0.037888
30334,0.111104
30375,0.002048
30380,0.043776
30468,0.031232
30518,0.030464
30530,0.054272
30568,0.069888
30633,0.017664
30738,0.088832
30779,0.018432
30812,0.044032
30843,0.031232
30918,0.081408
30954,0.005376
30964,0.147456
30971,0.052992
31052,0.01408
31091,0.00256
31121,0.00256
31135,0.0128
31164,0.142336
31264,0.009728
31337,0.028416
31372,0.108544
31398,0.155392
31521,0.019712
31526,0.050944
31536,0.01408
31553,0.001792
31570,0.035328
31588,0.093696
31624,0.414976
31690,0.056576
31754,0.02688
31830,0.011776
31880,0.000256
31921,0.059136
31942,0.028672
31988,0.400128
32052,0.023808
32064,0.028928
32087,0.027392
32118,0.10624
32125,0.03456
32164,1.76128
32184,0.260864
32214,0.096
32290,0.016896
32294,0.091648
32328,0.009216
32441,0.012288
32522,0.079872
32623,0.004608
32634,0.00768
32655,0.002304
32663,0.026368
32704,0.003072
32739,0.005376
32747,0.004352
32779,0.032512
32783,0.544
32818,0.112128
32828,0.0
32850,0.047872
32905,0.018688
32928,0.08576
32964,0.022272
32989,0.03712
33002,0.059392
33041,0.022016
33067,0.01152
33114,0.023808
33141,0.010496
33166,0.007936
33228,0.018944
33272,0.05888
33283,0.002816
33314,0.018432
33364,4.501504
33395,1.337088
33474,0.076288
33514,0.022272
33628,0.0256
33726,0.057088
33790,0.012288
33828,0.023808
33832,0.093952
33907,0.025088
33914,0.036096
33927,0.012032
33962,0.045056
33964,0.521984
34007,2.318336
34063,0.004608
34065,0.06272
34106,0.028928
34276,0.014848
34315,0.127232
34323,0.03072
34375,0.008192
34394,0.032
34446,0.021248
34468,0.01664
34476,0.072448
34543,0.015104
34564,1.39264
34714,0.050944
34794,0.065536
34798,0.128512
34833,0.005888
34862,0.007936
34873,0.037632
34995,0.086016
35043,0.050176
35059,0.034048
35080,0.087808
35150,0.015872
35164,0.13824
35176,0.021504
35214,0.036096
35235,0.000768
35253,0.019456
35290,0.050176
35344,0.080896
35449,0.067584
35504,0.019456
35541,0.027904
35592,0.168704
35662,0.08064
35680,0.018432
35703,0.075264
35748,0.002048
35764,0.081152
35829,0.004608
35992,0.00384
35998,0.85888
36028,0.124928
36107,0.029184
36158,0.01536
36165,0.007168
36292,0.576
36335,0.019968
36342,0.116736
36375,0.013568
36380,0.213504
36407,0.08192
36449,0.009728
36451,0.038144
36471,0.025856
36522,0.126208
36608,0.079616
36651,0.059136
36691,0.059904
36725,0.001536
36729,0.001536
36768,0.018688
36788,0.052992
36824,0.023296
36855,0.021248
36877,0.00896
36910,0.003584
36964,0.487168
36979,1.584896
37020,0.02304
37023,0.015872
37124,0.011264
37205,0.033792
37275,0.043264
37281,0.017664
37287,0.027904
37328,0.03456
37376,0.000512
37429,0.012032
37454,0.015872
37496,0.070144
37524,0.004096
37535,0.044032
37564,0.989184
37583,0.952576
37646,0.014336
37664,0.032
37700,0.006912
37714,0.08192
37741,0.030976
37769,0.073216
37874,0.012544
37878,0.041728
37890,0.0
37935,0.113408
38007,0.00512
38072,0.027648
38114,0.035072
38147,0.002048
38172,0.110336
38187,0.968192
38215,0.429312
38257,0.022784
38270,0.02688
38301,0.02688
38334,0.003584
38370,0.05888
38413,0.013824
38463,0.028416
38478,0.001792
38497,0.009728
38552,0.02816
38580,0.048128
38605,0.046592
38626,0.073728
38662,0.054784
38675,0.054272
38729,0.084224
38747,0.024576
38770,0.080896
38792,0.123648
38824,0.077056
38865,0.016128
38888,0.024576
38961,0.02176
38990,0.002304
39035,0.015104
39103,0.00256
39164,0.007168
39178,0.1088
39212,0.041728
39234,0.038912
39285,0.022784
39300,0.0128
39324,0.183296
39344,0.033792
39393,0.163072
39468,0.017664
39524,0.002048
39528,0.01536
39571,0.04608
39606,0.106496
39652,0.014848
39664,0.292096
39684,0.053248
39731,0.020224
39775,0.061952
39790,0.0064
39807,0.043776
39823,0.648704
39906,0.758528
39964,1.970176
40001,0.358656
40083,0.162048
40125,0.318976
40206,0.026368
40243,0.006656
40279,0.043008
40320,0.00256
40324,0.00896
40330,0.72832
40371,0.031232
40382,0.010752
40413,0.033536
40423,0.060672
40438,0.23552
40472,0.037376
40484,0.09088
40519,0.028928
40547,0.013056
40554,0.024576
40563,0.027904
40595,0.129536
40650,0.000768
40706,0.026368
40711,0.122368
40725,0.107776
40775,0.041728
40788,0.094976
40825,0.0256
40858,0.040704
40880,0.07296
40923,0.054528
41005,0.015104
41072,0.16768
41098,0.036608
41117,0.038912
41164,2.070016
41244,0.050688
41258,0.071936
41264,0.76288
41295,0.011008
41326,0.028672
41375,0.045824
41390,0.009984
41473,0.018688
41490,0.008192
41517,0.050432
41591,0.045056
41618,0.018176
41650,0.02432
41656,0.019712
41674,0.002816
41760,0.30208
41783,5.319168
41851,0.016128
41918,0.07808
41971,0.027136
42015,0.016384
42064,0.071168
42096,0.01408
42134,0.04608
42164,0.023296
42175,0.014848
42191,0.01024
42233,0.012544
42299,0.009216
42364,0.845056
42378,0.24448
42427,0.013056
42514,0.032256
42521,0.021504
42566,0.050176
42607,0.002304
42635,0.06144
42695,0.066816
42720,0.044288
42762,0.013056
42767,0.017152
42801,0.032768
42854,0.072704
42870,0.052992
42907,0.12288
42932,0.3264
42964,5.55904
42986,0.927744
43069,0.032512
43128,0.004352
43155,0.019968
43237,0.000256
43290,0.021248
43308,0.0576
43344,0.02432
43420,0.012288
43447,0.000256
43470,0.00128
43516,0.043008
43559,0.006144
43564,2.398208
43632,0.022784
43703,0.005632
43710,0.018688
43804,0.0256
43846,0.01408
43883,0.00256
43955,0.04224
44031,0.042752
44044,0.030976
44098,0.015872
44114,0.0064
44139,0.031232
44164,0.015616
44166,0.02688
44185,0.444672
44226,0.065536
44251,0.204544
44311,0.105984
44378,0.000256
44411,0.114688
44464,0.021504
44490,0.000256
44519,0.073984
44547,0.016128
44586,0.229376
44610,0.088832
44724,0.005888
44754,0.013824
44771,0.171776
44778,2.220032
44850,0.139008
44863,0.019456
44896,0.024576
44957,0.028928
45014,0.065792
45064,0.041216
45082,0.073984
45094,0.17024
45137,0.313344
45165,0.003072
45234,0.073728
45260,0.004352
45297,0.012544
45317,0.013568
45364,0.032512
45376,0.034048
45386,0.9344
45439,0.009216
45474,0.048384
45497,0.024064
45583,0.006656
45607,0.031488
45634,0.031232
45677,0.01536
45682,0.20352
45745,0.025856
45810,0.006144
45813,0.005632
45820,0.030976
45871,0.137728
45910,0.016128
45940,0.02048
45964,0.105472
45965,0.00128
46015,0.018432
46037,0.007424
46040,0.004096
46073,0.071424
46156,0.051712
46188,0.052992
46202,0.17664
46290,0.049152
46327,0.060928
46379,0.020736
46468,0.140544
46484,0.024576
46506,0.145408
46558,0.118272
46564,0.804096
46642,0.088064
46652,0.208128
46748,0.004608
46781,0.049408
46827,0.03712
46846,0.054528
46891,0.031488
46925,0.121856
46965,0.025088
46992,0.165888
47030,0.051456
47037,0.064256
47108,0.016384
47145,0.004864
47164,2.325248
47189,0.16384
47250,0.000256
47291,0.053504
47294,0.028928
47313,0.009984
47328,0.04352
47407,0.172032
47486,0.088832
47516,0.858368
47589,0.0704
47666,0.084992
47703,0.063232
47739,0.01152
47748,0.04992
47764,0.122112
47792,0.09216
47852,0.025344
47876,0.076544
47902,0.058112
47914,0.434176
47980,0.059904
47988,0.067072
48023,0.00384
48052,0.012544
48060,0.050176
48129,0.031488
48134,0.13824
48170,0.006144
48203,0.00384
48216,0.027648
48270,0.101888
48312,0.016128
48341,0.638464
48364,2.882048
48398,1.878784
48455,0.000256
48482,0.075008
48517,0.036352
48538,0.007424
48598,0.012032
48613,0.006912
48648,0.012032
48724,0.00384
48732,0.059648
48761,0.01792
48764,0.531456
48808,0.773376
48850,0.1856
48889,0.01536
48900,0.039424
48922,0.062208
48962,0.065536
48964,2.906624
48983,0.069632
49007,0.03328
49033,0.040704
49069,0.006144
49081,0.000256
49128,0.003072
49184,0.009216
49192,0.00896
49264,0.001024
49284,0.0448
49305,0.192
49405,0.045568
49457,0.040704
49469,0.149504
49502,0.004352
49527,0.011264
49532,0.006656
49562,0.067072
49564,2.811392
49639,0.320256
49675,0.011264
49740,0.057344
49762,0.091136
49780,0.05248
49810,0.0064
49849,0.001536
49883,0.047616
49947,0.000768
50003,0.030976
50063,0.0
50104,0.012032
50125,0.030976
50165,1.067264
50187,2.206464
50282,0.00896
50309,0.01536
50335,0.033536
50396,0.004608
50441,0.061184
50475,0.898816
50547,0.03456
50607,0.008704
50718,0.040192
50738,0.005632
50764,0.099584
50776,0.333056
50792,0.094208
50955,0.32512
51005,0.048128
51043,0.036352
51051,0.025088
51107,0.013824
51121,0.008448
51150,0.009472
51182,0.018176
51230,0.024576
51274,0.036096
51306,0.049664
51375,0.08704
51380,0.546816
51498,0.004608
51532,0.363008
51596,0.00384
51653,0.024064
51667,0.012032
51700,0.503296
51740,0.107264
51758,0.051968
51789,0.017408
51807,0.0576
51835,0.092928
51854,0.032
51883,0.035584
51925,0.022016
51950,0.028416
51964,3.204608
52050,0.040704
52119,0.033792
52138,0.022272
52270,0.03584
52314,0.007424
52396,0.089856
52439,0.063488
52489,0.280064
52522,0.161792
52559,0.09728
52564,2.0864
52616,0.003072
52714,0.09344
52735,0.063744
52755,0.039424
52864,0.058368
52902,0.03072
52925,0.000256
52958,0.003072
53018,0.000768
53028,0.038144
53047,0.023808
53088,0.05632
53110,0.15616
53136,0.011008
53154,0.047872
53164,3.672064
53245,0.041984
53286,0.153856
53352,0.003072
53400,0.001536
53402,0.027136
53412,0.18432
53443,0.027392
53471,0.058112
53496,0.00128
53525,0.049664
53581,0.18688
53604,0.02304
53661,0.055296
53691,0.000512
53704,0.045824
53707,0.02048
53764,0.069632
53765,0.018432
53775,0.065536
53809,0.260608
53824,0.518912
53831,0.062208
53873,0.006912
53912,0.024576
53958,0.039424
53990,0.050944
54045,0.001792
54047,0.018432
54072,0.008448
54120,0.010496
54214,0.006656
54250,0.009728
54288,0.002816
54300,0.159232
54332,0.053248
54364,0.193024
54370,0.314112
54384,0.15232
54477,0.0128
54487,0.00256
54491,0.005632
54559,0.004096
54571,0.109568
54606,0.054528
54643,0.102912
54688,0.00512
54701,0.09216
54770,0.15488
54790,0.033792
54814,0.030464
54827,0.006912
54904,0.042496
54910,0.009728
54964,2.846976
54981,1.177088
55018,0.084224
55077,0.011776
55108,0.005888
55123,0.010496
55139,0.10112
55167,0.002816
55203,0.20608
55274,0.126976
55306,0.010496
55327,0.00512
55330,0.009984
55389,0.01792
55445,0.04992
55476,0.00256
55564,0.133632
55580,0.003584
55586,0.024576
55628,0.0
55629,0.017664
55664,0.142336
55804,0.027648
55910,0.001024
56051,0.0064
56065,0.223744
56153,0.092672
56164,0.619008
56197,0.321024
56246,0.0064
56300,0.075264
56539,0.001792
56553,0.08064
56604,0.033536
56654,0.0064
56679,0.0064
56682,0.08832
56764,0.665344
56822,0.065024
56903,0.061184
56918,0.01792
56977,0.064768
56983,0.000768
57043,0.027392
57119,0.007424
57130,0.011264
57159,0.736256
57248,0.000512
57260,0.030464
57281,0.006656
57307,0.003584
57316,0.099584
57364,0.507648
57365,8.928
57440,0.049152
57457,0.065792
57461,0.064512
57531,0.010752
57556,0.006912
57579,0.056832
57650,0.112384
57675,0.005376
57706,0.107264
57766,0.118272
57776,0.074496
57786,0.034816
57816,0.088064
57826,0.00128
57846,0.222464
57856,0.088832
57876,0.147968
57886,0.03968
57896,0.064256
57916,0.090112
57926,0.051456
57946,0.283136
57976,0.243968
57986,0.02688
58016,0.447488
58026,0.265216
58036,0.316672
58046,0.160512
58056,0.10624
58076,0.315648
58086,0.141056
58096,0.084224
58116,0.25728
58146,0.571136
58156,0.358656
58166,0.489728
58176,0.194816
58256,0.049408
58264,0.00128
58333,0.008448
58370,0.000768
58381,0.009984
58394,0.02688
58418,0.003584
58460,0.00768
58539,0.011008
58579,0.03456
58684,0.017664
58716,0.0064
58750,0.013056
58762,0.089088
58845,0.039424
58886,0.038656
58939,0.084992
58950,0.002304
59002,0.026112
59018,0.332544
59060,0.01664
59088,0.010496
59119,0.007424
59179,0.070912
59251,0.031488
59314,0.0832
59327,0.029696
59404,0.035072
59415,0.830464
59494,0.011008
59499,0.0384
59526,0.006912
59556,0.049152
59584,0.027136
59669,0.00768
59679,0.030464
59681,0.038144
59710,0.11264
59749,0.036608
59752,0.004608
59765,0.00128
59780,0.081408
59841,0.003072
59893,0.06528
59908,0.013824
59965,0.00128
60008,0.011008
60046,0.214784
60089,0.060928
60128,0.010496
60176,0.000768
60179,0.301824
60231,0.014336
60264,0.041728
60326,0.060672
60350,0.022272
60364,1.173248
60424,1.07264
60468,0.027136
60523,0.085248
60590,0.068096
60679,0.035328
60716,0.083456
60738,0.210688
60774,0.00128
60792,0.045824
60812,0.048128
60837,0.28416
60870,0.140032
60964,5.109248
61018,0.012032
61054,0.00768
61087,0.002816
61106,0.059136
61133,0.005888
61214,0.00896
61226,0.010496
61239,0.036096
61299,0.002048
61346,0.017664
61393,0.137472
61418,0.022272
61462,0.002816
61485,0.003072
61518,0.009728
61525,0.005888
61564,0.016896
61594,0.0192
61655,0.344064
61696,0.018432
61710,0.210688
61779,0.050944
61807,0.06656
61831,0.02432
61850,0.029696
61871,0.016384
61884,0.027904
61949,0.019712
61953,0.011008
61980,0.054016
62144,0.106752
62267,0.012032
62325,0.067328
62333,0.144128
62387,0.03712
62411,0.023296
62439,0.08704
62464,0.072192
62499,0.056832
62524,0.018432
62532,0.134656
62619,0.018432
62653,0.007168
62730,0.004096
62769,0.04864
62793,0.006656
62829,0.043776
62862,0.004096
62875,0.118272
62906,0.032256
62914,0.045056
62933,0.251136
62974,0.094464
63052,0.034304
63058,0.086016
63114,0.02304
63207,0.001024
63213,0.026368
63220,0.025344
63257,0.056832
63287,0.008704
63297,0.182016
63359,0.031232
63379,2.7904
63458,0.359424
63592,0.025344
63685,0.001024
63760,0.00256
63807,0.004096
63848,0.111616
63878,0.019456
63896,0.009216
63922,0.003328
63948,0.213504
63964,0.036608
63977,0.255232
63992,0.18688
64031,0.145152
64093,0.018944
64097,0.005376
64131,0.022784
64150,0.016384
64159,0.203008
64207,0.011776
64264,0.000256
64300,0.056576
64346,0.013824
64370,0.037888
64390,0.012544
64419,0.020736
64502,0.0256
64509,0.008704
64541,0.030976
64595,0.050688
64626,0.509696
64696,0.039424
64715,0.006656
64739,0.047616
64840,0.024576
64862,0.041728
64934,0.2496
64970,0.189952
65082,0.016896
65086,0.037888
65118,0.016128
65164,1.535232
65181,1.641216
65264,0.000512
65384,0.037632
65407,0.159232
65412,0.050432
65451,0.045568
65474,0.003584
65562,0.065024
65595,0.029952
65651,0.055808
65714,0.035328
65726,0.012288
65756,0.00384
65771,0.0192
65776,0.256768
65879,0.015104
65920,0.054272
65984,0.005888
66011,0.029952
66037,0.017664
66065,0.215296
66093,0.02176
66167,0.009728
66177,0.016384
66200,0.057088
66295,0.028928
66296,0.058368
66402,0.036352
66451,0.009984
66472,0.000256
66508,0.040448
66591,0.008192
66600,0.037376
66633,0.01024
66686,0.00256
66691,0.0064
66694,0.011776
66761,0.004864
66775,0.017152
66789,0.089344
66854,0.050176
66890,0.061696
66911,0.012032
66964,1.137408
67014,0.02816
67040,0.054016
67066,0.010496
67074,0.151552
67106,0.02304
67156,0.071168
67192,0.025856
67200,0.006656
67258,0.399872
67323,0.000256
67349,0.033536
67500,0.030208
67564,3.452416
67629,0.018944
67652,0.001792
67683,0.013824
67742,0.019456
67743,0.32
67871,0.01792
67949,0.01664
67997,0.002304
68098,0.006144
68147,0.017408
68164,0.582144
68186,0.096
68189,0.140032
68256,0.100864
68352,0.023552
68368,0.052992
68410,0.00512
68452,0.003584
68476,0.03968
68492,0.093184
68516,0.031488
68630,0.025344
68632,0.028416
68654,0.60672
68750,0.001536
68751,0.008192
68764,0.00256
68769,0.548352
68782,0.262656
68834,0.098048
68848,0.175104
68973,0.007168
68994,0.050176
69025,0.212224
69088,0.077568
69116,0.003328
69212,0.0064
69237,0.020736
69256,0.040192
69307,0.032256
69315,0.00896
69350,0.043008
69364,0.089344
69376,0.105728
69377,1.118464
69474,0.012288
69570,0.031744
69597,0.022784
69652,0.001536
69673,0.016896
69715,0.010752
69773,0.01408
69780,0.00256
69818,0.006912
69824,0.025856
69850,0.038144
69922,0.025344
69950,0.023296
69979,0.572928
69986,1.272832
70048,0.06272
70250,0.057088
70264,0.02944
70297,0.024064
70309,0.052992
70320,0.059392
70374,0.033024
70430,0.038912
70463,0.036608
70492,0.068096
70503,0.012032
70518,0.038912
70543,0.013824
70554,0.081664
70574,0.01024
70576,0.567296
70668,0.009472
70672,0.013824
70703,0.120832
70710,0.00512
70776,0.016384
70830,0.048384
70907,0.032
70969,0.068864
71049,0.016128
71070,0.013312
71101,0.003072
71127,0.005632
71150,0.006912
71179,0.174848
71252,0.063744
71281,0.061952
71338,0.022528
71433,0.002048
71449,0.0768
71603,0.01536
71620,0.016128
71641,0.008448
71680,0.013056
71764,0.013568
71766,0.127232
71781,0.090112
71782,0.064768
71798,0.082432
71807,0.282112
71818,0.204032
71822,0.02304
71860,0.002048
71921,0.003584
71934,0.014592
71944,0.08064
71983,0.031488
72003,0.001024
72064,0.036352
72227,0.056832
72252,0.135936
72364,0.15872
72380,0.000512
72408,0.095744
72442,0.006912
72512,0.191744
72569,0.045056
72621,0.120832
72634,0.017664
72660,0.041216
72687,0.004352
72697,0.034304
72710,0.060928
72774,0.01536
72807,0.01152
72825,0.004864
72836,0.016896
72941,0.0384
73042,0.02176
73072,0.261888
73105,0.01024
73299,0.047104
73321,0.003584
73472,0.056832
73477,0.054016
73518,0.103936
73534,0.073984
73558,0.031232
73564,1.435904
73665,0.055296
73673,0.02176
73769,0.003328
73826,0.007424
73852,0.065024
73858,0.002816
73983,0.01024
74018,0.0064
74027,0.19328
74099,0.001024
74106,0.001024
74158,0.704768
74186,0.256256
74252,0.012544
74347,0.021248
74383,0.028416
74406,0.002048
74450,0.003584
74478,0.03584
74535,0.0256
74653,0.060672
74709,0.032
74755,0.05504
74805,0.062976
74849,0.004352
74864,0.274688
74906,0.029952
75036,0.15872
75058,0.011008
75132,0.156928
75160,0.017152
75209,0.001792
75277,0.064512
75321,0.005376
75329,0.03456
75349,0.014848
75415,0.30208
75430,0.297216
75504,0.007168
75544,0.023808
75562,0.00128
75574,0.008448
75614,0.061952
75646,0.10368
75700,0.018688
75753,0.082688
75766,0.0064
75862,0.034048
75901,0.015872
75964,0.049664
75980,0.177152
75984,0.107008
76041,0.038912
76122,0.29312
76196,0.167424
76320,0.057856
76357,0.013312
76378,0.291328
76465,0.006144
76566,0.014336
76585,0.073728
76590,0.132608
76693,0.047104
76719,0.029696
76794,0.01152
76822,0.040448
76840,0.045312
76867,0.265472
76930,0.03072
76949,0.000768
76975,0.0064
77016,0.022528
77087,0.000768
77116,0.031488
77152,0.006656
77181,0.011008
77190,0.16256
77279,0.077056
77281,0.034816
77304,0.07936
77369,0.068864
77409,0.002304
77471,0.076288
77480,0.003328
77493,0.009984
77527,0.028928
77550,0.016896
77583,0.024576
77669,0.056832
77710,0.380672
77764,3.842816
77837,0.02048
77854,0.014848
77908,0.124416
77954,0.027904
77967,0.025344
77987,0.032256
78027,0.004352
78031,0.009984
78069,0.36352
78104,0.194816
78150,0.005632
78202,0.009472
78215,0.126464
78229,0.118784
78286,0.060416
78331,0.017152
78364,1.638144
78381,0.618752
78507,0.024064
78524,0.023552
78539,0.002304
78559,0.000256
78600,0.015104
78623,0.217088
78668,0.010752
78675,0.001792
78727,0.014336
78749,0.002304
78864,0.005376
78882,0.03072
78910,0.00512
78964,0.029184
78990,0.4096
79080,0.036096
79111,0.06784
79156,0.00384
79177,0.018944
79203,0.067328
79230,0.006656
79298,0.032256
79305,0.072192
79332,0.033792
79450,0.014848
79525,0.086016
79527,0.02688
79564,0.232448
79607,0.092416
79669,0.009472
79721,0.02816
79730,0.009984
79753,0.075264
79789,0.10368
79795,0.049664
79827,0.001024
79877,0.051456
79947,0.005632
79979,0.02176
80024,0.010752
80114,0.025344
80164,2.213888
80181,0.426752
80227,0.077824
80286,0.01792
80311,0.006912
80316,0.001024
80400,0.030464
80537,0.013312
80554,0.016896
80638,0.00896
80674,0.009728
80700,0.000256
80757,0.00768
80764,0.381184
80776,0.826368
80817,0.040192
80841,0.004608
80853,0.022784
80864,0.029184
80920,0.076032
81041,0.005888
81116,0.00768
81139,0.004608
81144,0.03712
81181,0.172032
81262,0.024576
81300,0.031232
81339,0.071168
81364,0.009728
81378,0.011008
81384,0.04736
81456,0.019712
81511,0.018944
81553,0.015872
81557,0.007424
81747,0.0192
81794,0.008704
81808,0.015872
81854,0.26368
81869,0.052224
81944,0.024832
81964,2.499328
81982,0.872448
82029,0.074496
82061,0.019712
82095,0.028672
82096,0.093184
82149,0.1536
82297,0.000768
82323,0.00128
82399,0.027392
82447,0.070656
82504,0.016128
82553,0.03584
82564,1.820928
82584,0.338944
82658,0.129536
82796,0.056832
82850,0.014592
82897,0.018432
82927,0.077056
83083,0.248832
83144,0.044032
83164,2.196992
83233,0.025344
83299,0.025344
83361,0.017664
83384,0.084224
83414,0.01024
83466,0.059904
83512,0.016384
83546,0.091904
83597,0.011008
83633,0.007936
83681,0.155648
83721,0.009728
83753,0.000256
83764,0.824576
83860,0.025856
83889,0.102912
83971,0.014592
83974,0.037632
84023,0.0064
84046,0.109824
84068,0.042496
84106,0.077824
84190,0.00512
84283,0.008448
84334,0.074752
84378,0.117248
84533,0.011776
84558,0.027648
84577,0.006144
84635,0.02944
84703,0.012032
84754,0.004352
84770,0.05376
84797,0.114688
84835,0.005376
84897,0.0576
84949,0.003584
84951,0.055296
84964,1.293312
85060,0.000256
85097,0.015104
85106,0.063488
85253,0.282112
85413,0.10624
85429,0.02432
85564,0.107776
85580,0.040448
85656,0.006656
85686,0.001792
85691,0.059904
85760,0.022528
85773,0.003328
85829,0.013312
85861,0.068608
85985,0.00256
85996,0.008192
86049,0.036352
86106,0.008704
86116,0.007424
86157,0.013568
86164,9.670912
86230,0.016128
86281,0.047872
86322,0.01408
86333,0.066816
86362,0.142592
86382,0.062976
86417,0.02816
86432,0.08832
86464,0.018944
86531,0.104192
86571,0.092672
86645,0.192
86661,0.080128
86721,0.269568
86751,0.154368
86761,0.153344
86764,1.467904
86792,0.554496
86841,0.047616
86846,0.239104
86871,0.282368
86901,0.131328
86911,0.058368
86921,0.240128
86931,0.190464
86951,0.156928
86961,0.005376
86981,0.7104
87001,0.07424
87021,0.409856
87031,0.099072
87051,0.366336
87061,0.238848
87081,0.147456
87091,0.397824
87111,0.183808
87121,0.175616
87131,0.268288
87141,0.259072
87181,0.532224
87191,0.002816
87201,0.125184
87211,0.23936
87231,0.109568
87241,0.043264
87261,0.351744
87271,0.538624
87321,0.934144
87341,0.10496
87351,0.749312
87371,0.073984
87381,0.70784
87384,1.828864
87405,0.016128
87441,0.025088
87461,0.151552
87471,0.735232
87511,0.771328
87561,0.017664
87581,0.065024
87592,0.1792
87619,0.004864
87646,0.002304
87658,0.021248
87700,0.001792
87748,0.016896
87854,0.081152
87877,0.031232
87905,0.037632
87927,0.021504
87936,0.027136
87976,0.113152
87979,0.403456
88114,0.057088
88169,0.028928
88202,0.023552
88252,0.059904
88271,0.158976
88279,0.11648
88327,0.038656
88329,0.018432
88397,0.000512
88422,0.021248
88450,0.01664
88482,0.025344
88490,0.1152
88492,0.150272
88578,0.034304
88622,0.072704
88652,0.178944
88731,0.018432
88811,0.101632
88845,0.155904
88903,0.005376
88984,0.018944
88987,0.005376
89036,0.022784
89077,0.039936
89098,0.022528
89126,0.055552
89164,0.850944
89205,0.01792
89251,0.113152
89319,0.03968
89395,0.091392
89438,0.074496
89482,0.03456
89543,0.01024
89601,0.012544
89614,0.011008
89740,0.082176
89779,0.345344
89788,1.555712
89894,0.052224
89914,0.106752
89953,0.012288
89964,0.100608
89989,0.020992
90008,0.028416
90031,0.096512
90061,0.014336
90078,0.034816
90122,0.004608
90189,0.018688
90220,0.099072
90299,0.046848
90319,0.003584
90354,0.0
90364,0.005632
90377,0.177152
90380,0.649472
90491,0.013312
90496,0.050176
90516,0.003584
90590,0.622848
90640,0.036352
90684,0.003584
90688,0.013312
90714,0.01536
90793,0.004864
90813,0.000256
90955,0.016384
90964,0.00256
90982,0.079104
91097,0.007168
91105,0.046848
91168,0.024832
91186,0.024576
91256,0.031488
91294,0.028928
91308,0.189184
91319,0.256768
91398,0.130816
91445,0.047616
91448,0.167168
91493,0.026624
91514,0.17536
91559,0.014336
91578,0.039936
91664,0.015104
91724,0.040704
91767,0.033792
91817,0.026368
91862,0.039424
91892,0.011264
91959,0.028416
92006,0.055296
92015,0.11008
92087,0.065792
92159,0.088576
92164,2.427392
92213,0.115456
92258,0.035072
92274,0.001792
92288,0.002304
92312,0.013568
92324,0.003584
92333,0.737792
92414,0.051456
92457,0.040192
92477,0.10624
92542,0.20352
92577,0.000768
92590,0.019968
92648,0.099584
92673,0.051712
92738,0.004352
92767,0.044288
92779,0.12928
92806,0.031744
92897,0.009472
92930,0.016384
92943,0.038144
92977,0.013568
92978,0.026368
93014,0.014592
93064,0.013568
93088,0.114176
93192,0.017408
93218,0.031232
93276,0.01024
93335,0.045824
93349,0.00896
93364,7.51616
93400,0.163072
93429,0.43392
93457,0.489472
93460,8.269056
93579,0.033792
93606,0.061184
93650,0.037632
93676,0.405504
93730,0.057344
93766,0.013824
93788,0.06016
93814,0.00512
93874,0.016128
93908,0.040192
93919,0.000512
93964,0.014848
93977,0.237568
94095,0.000512
94134,0.02432
94142,0.195072
94165,3.344384
94196,0.034048
94207,0.211456
94274,0.030976
94322,0.008448
94335,0.001536
94417,0.025856
94427,0.173312
94500,0.006144
94514,0.005376
94534,0.002304
94548,0.000768
94553,0.16
94615,0.012032
94677,0.023552
94697,0.00384
94724,0.062464
94761,0.0256
94782,0.001024
94832,0.037632
94883,0.001536
94907,0.009472
94962,0.015872
94973,0.165888
95011,0.260096
95056,0.031232
95070,0.000256
95079,0.00384
95127,0.099328
95164,8.485632
95207,0.012288
95254,0.208896
95295,0.068864
95362,0.027648
95392,0.062976
95486,0.052736
95512,0.005632
95528,0.025088
95557,0.01536
95585,0.249856
95618,0.02048
95714,0.005376
95725,0.031232
95760,0.005888
95764,1.490432
95835,0.00128
95848,0.347136
95892,0.022016
95896,0.035328
95925,0.062208
95943,0.094208
95951,0.006912
95988,0.026368
96053,0.03584
96083,0.031232
96090,0.122112
96114,0.026368
96121,0.034048
96161,0.015872
96166,0.33536
96237,0.03328
96273,0.132864
96323,0.239872
96364,5.826816
96467,0.156928
96508,0.011264
96515,0.01536
96550,0.028672
96581,0.030976
96607,0.128
96664,0.029952
96706,0.000256
96728,0.068608
96793,0.001536
96830,0.175872
96875,0.036352
96896,0.005888
96905,0.0
96964,0.235776
96977,0.17664
96985,0.035584
97055,0.028672
97125,0.069632
97183,0.027392
97199,0.060672
97274,0.001024
97288,0.002816
97298,0.00896
97390,0.037376
97564,0.549888
97584,0.222976
97618,0.482816
97664,0.110336
97710,0.004096
97716,0.022528
97744,0.019712
97830,0.067328
97906,0.003584
97957,0.004608
97976,0.036352
98015,0.022528
98033,0.366848
98089,0.16384
98153,0.039424
98164,0.042752
98168,0.039936
98183,0.044288
98200,0.022016
98208,0.023296
98217,0.055552
98244,0.018176
98270,0.02816
98299,0.005632
98347,0.027648
98411,0.187904
98427,0.055808
98491,0.009216
98558,0.00128
98575,0.147456
98629,0.083968
98673,0.030208
98678,0.062464
98727,0.004096
98764,0.034304
98790,0.01664
98795,0.125696
98825,0.00512
98852,0.057088
98876,0.072704
98909,0.940544
98945,0.024576
99017,0.002048
99020,0.069632
99036,0.005632
99069,0.008448
99076,0.071168
99094,0.261376
99197,0.037376
99235,0.01408
99266,0.032
99272,0.04224
99364,4.95104
99451,0.012032
99504,0.004352
99539,0.001024
99557,0.041728
99593,0.009216
99640,0.016896
99667,0.043264
99717,0.025344
99765,0.274944
99873,0.0384
99914,0.041728
99964,0.646144
99979,0.06016
99980,0.022016
100033,0.000512
100057,0.036608
100167,0.09728
100217,0.010752
100385,0.045056
100440,0.022784
100460,0.013312
100504,0.138752
100564,0.036352
100583,0.014336
100587,5.55648
100663,0.00512
100680,0.023296
100692,0.059136
100756,0.612608
100828,0.07424
100945,0.058624
100977,0.01664
101153,0.143872
101164,0.481536
101194,0.050944
101238,0.064256
101252,0.11392
101329,0.006912
101351,0.014848
101393,0.098048
101445,0.113152
101476,0.059392
101532,0.023552
101554,0.009472
101583,0.031488
101621,0.008704
101647,0.066048
101664,0.010752
101688,0.123904
101786,0.011008
101793,0.024576
101884,0.008192
101905,0.0256
101912,0.105984
101990,0.623104
102015,0.100864
102070,0.011008
102105,0.007168
102158,0.00512
102185,0.226816
102270,0.060672
102329,0.028416
102364,0.150784
102365,0.057344
102378,0.089856
102412,0.0064
102520,0.067328
102559,0.008192
102707,0.005632
102713,0.010752
102738,0.089856
102758,0.011776
102786,0.045056
102849,0.015104
102872,0.014592
102910,0.016128
102942,0.003328
102958,0.036096
102964,2.326784
103053,0.157696
103140,0.03328
103231,0.090368
103270,0.013568
103334,0.384256
103511,0.02432
103544,0.070912
103582,0.17792
103667,0.027136
103862,0.02176
103957,0.083712
103968,0.006144
104014,0.015616
104016,0.036608
104043,0.092928
104049,0.001536
104078,0.03072
104120,0.01792
104164,0.00896
104174,0.10112
104182,1.641984
104258,0.035584
104286,0.51968
104417,0.000256
104429,0.071424
104506,0.042496
104544,0.196352
104606,0.048896
104676,0.097024
104732,0.033024
104764,5.173504
104881,0.005888
104963,0.14848
104988,0.0448
105056,0.03584
105058,0.040192
105068,0.125184
105109,0.038144
105118,0.177664
105141,0.019968
105169,0.004864
105185,0.119808
105208,0.054272
105312,0.006144
105327,0.0
105364,0.004352
105375,0.0512
105386,0.08064
105404,0.120064
105430,0.005632
105469,0.043264
105501,0.000768
105528,0.007936
105539,0.281088
105601,0.057856
105639,0.034816
105679,0.006144
105747,0.04864
105791,0.0192
105810,0.005632
105854,0.0064
105927,0.000256
105964,2.476288
106076,0.030976
106081,0.082176
106146,0.054784
106180,0.023552
106209,0.038912
106232,0.014592
106271,0.145664
106347,0.0448
106377,0.000768
106435,0.0256
106464,0.02176
106477,0.002048
106565,0.020992
106586,0.271872
106594,0.009216
106646,0.035072
106722,0.011264
106743,0.022784
106826,0.004608
106861,0.041216
106896,0.014336
106950,0.036352
107031,0.024576
107053,0.001024
107114,0.030464
107140,0.066304
107164,0.004608
107174,0.039936
107182,0.06144
107184,0.0896
107199,0.260864
107273,0.020224
107307,0.012544
107389,0.030208
107420,0.101632
107432,0.012544
107569,0.073216
107639,0.077056
107675,0.056832
107704,0.031744
107719,0.004096
107758,0.026624
107764,0.022016
107782,0.307968
107823,0.000512
107861,0.019456
107863,0.923648
107971,0.251136
108038,0.005376
108141,0.01024
108177,0.062208
108210,0.004352
108223,0.022528
108240,0.017408
108266,0.009984
108364,6.645248
108414,0.00384
108562,0.028672
108627,0.015616
108697,0.016896
108731,0.143104
108754,0.090368
108795,0.077824
108851,0.068352
108964,0.487936
109127,0.09472
109165,0.112384
109275,0.01536
109294,0.005888
109352,0.035584
109369,0.001024
109406,0.036608
109420,0.034048
109490,0.04992
109521,0.022272
109554,0.024576
109564,0.208128
109709,0.035584
109745,0.022528
109748,0.020992
109791,0.065024
109827,0.050176
109869,0.039424
109928,0.123904
109931,0.047104
109973,0.014848
110017,0.02432
110064,0.029184
110095,0.001792
110116,0.009728
110154,0.025856
110194,0.004608
110203,0.0384
110252,0.120064
110275,0.016128
110383,0.001792
110392,0.009984
110400,0.257024
110490,0.068864
110584,0.013568
110657,0.058624
110764,0.022016
110776,0.054016
110781,0.378112
110823,0.06784
110849,0.04736
110866,0.173056
110893,0.053248
111092,0.05376
111109,0.048128
111142,0.00512
111201,0.02176
111257,0.002816
111283,0.02176
111349,0.004352
111358,0.010752
111364,4.816896
111458,0.007168
111496,0.016384
111567,0.09344
111591,0.049408
111631,0.013824
111712,0.001024
111778,1.396224
111864,0.012032
111868,0.009216
111912,0.093696
111920,0.205312
111964,0.982784
111977,0.512768
112087,0.07424
112133,0.081408
112201,0.026112
112228,0.014336
112282,0.004608
112322,0.04224
112328,0.016896
112400,0.006144
112471,0.015104
112564,0.064
112580,0.022016
112593,0.003328
112595,0.162816
112713,0.027648
112851,0.057344
112932,0.004352
112952,0.001792
112995,0.077312
113164,4.1536
113195,0.021504
113250,0.00384
113270,0.002304
113323,0.05248
113339,0.00256
113407,0.100864
113410,0.00128
113459,0.022528
113494,0.039424
113543,0.006144
113548,0.007168
113643,0.022784
113762,0.032
113771,0.001024
113776,0.11136
113792,0.027648
113827,0.041216
113871,0.000512
113915,0.15616
113945,0.032768
113988,0.053248
114010,0.034816
114038,0.06272
114112,0.098816
114158,0.162816
114168,0.72192
114256,0.003328
114272,0.00768
114347,0.225024
114364,1.403648
114376,0.515584
114445,0.004096
114474,0.011264
114514,0.034816
114582,0.02048
114614,0.013056
114693,0.00128
114715,0.037632
114739,0.04736
114788,0.011264
114818,0.036096
114853,0.078848
114875,0.001792
114887,0.018176
114947,0.00128
114949,0.006144
114980,2.159616
115048,0.034304
115125,0.031488
115171,0.015104
115178,0.003328
115220,0.201728
115349,0.009728
115400,0.010496
115430,0.019456
115471,0.088576
115517,0.03712
115550,0.037888
115564,0.73344
115581,0.551168
115616,0.02048
115650,0.040448
115690,0.007424
115735,0.048896
115755,0.009984
115773,0.007936
115785,0.01664
115849,0.148992
115915,0.096256
115929,0.275456
116008,0.018688
116080,0.012288
116135,0.04608
116164,3.528448
116258,0.014336
116278,0.00768
116314,0.032256
116428,0.001792
116552,0.111872
116621,0.00128
116644,0.03072
116706,0.020736
116750,0.12928
116764,1.922816
116838,0.024832
116944,0.6016
117012,0.013824
117032,0.018432
117068,0.013568
117135,0.229632
117215,0.036096
117312,0.034816
117337,0.018432
117376,0.157184
117384,0.305408
117427,0.606464
117464,0.01024
117510,0.013056
117556,0.0064
117591,0.035072
117651,0.016128
117710,0.061952
117753,0.011264
117907,0.032
117964,0.01152
118025,0.03712
118157,0.00768
118204,0.013312
118210,0.013824
118250,0.027648
118273,0.050432
118296,0.011776
118486,0.010496
118504,0.591104
118564,3.370752
118628,0.048896
118686,0.05888
118697,0.023296
118763,0.031232
118963,0.026624
119050,0.002048
119056,0.219904
119114,0.001024
119164,0.002816
119179,0.113408
119198,0.442112
119227,0.003328
119247,0.0896
119287,0.010752
119357,0.004096
119367,0.13824
119377,0.010496
119387,0.050688
119397,0.366848
119417,0.522752
119447,0.215808
119467,0.242944
119477,0.123392
119487,0.138752
119507,0.285184
119517,0.19584
119527,0.2752
119547,0.038912
119557,0.472832
119567,0.294144
119577,0.05888
119587,0.193792
119597,0.485376
119607,0.18688
119617,0.317952
119627,0.311296
119637,0.06528
119667,0.581888
119687,0.359168
119762,0.020736
119784,0.134912
119902,0.002304
119949,0.000768
119968,0.000512
119996,0.105216
120020,0.01408
120095,0.007168
120212,0.077824
120229,0.03328
120270,0.049152
120308,0.017408
120344,0.026368
120364,6.624768
120421,0.029696
120488,0.002816
120522,0.01664
120602,0.118784
120625,0.021504
120654,0.054016
120750,0.06528
120764,0.006144
120860,0.098816
120918,0.01536
120956,0.01792
120981,0.181504
120994,0.031232
121062,0.012032
121077,0.027136
121137,0.016128
121191,0.088064
121238,0.01408
121264,0.006144
121309,0.009984
121335,0.014336
121381,0.055296
121413,0.025088
121440,0.010496
121548,0.009216
121562,0.000512
121564,0.024576
121576,0.285952
121619,0.024064
121647,0.003584
121666,0.013568
121717,0.066304
121769,0.06272
121825,0.01024
121875,0.195328
121898,0.082688
121954,0.012544
121976,0.023296
122013,0.022528
122030,0.032256
122115,0.059136
122153,0.032256
122164,0.073472
122176,0.068352
122197,0.493312
122241,0.201728
122306,0.041472
122357,0.049408
122404,0.006656
122440,0.002816
122504,0.013312
122529,0.123136
122554,0.080896
122604,0.001792
122678,0.016384
122764,2.530304
122870,0.002816
122958,0.048384
122979,0.00768
122996,0.012288
123031,0.022784
123065,0.013824
123126,0.072448
123139,0.16128
123192,0.026624
123228,0.00256
123311,0.010496
123364,0.911616
123394,0.007424
123401,0.030976
123445,0.100096
123496,0.008704
123514,0.04352
123571,0.017408
123630,0.018432
123658,0.020736
123751,0.260864
123796,0.00512
123881,0.009728
123890,0.130816
123964,3.754496
124044,0.027136
124105,0.019968
124154,0.03968
124189,0.358144
124259,0.016128
124382,0.01664
124392,0.0768
124406,0.067072
124521,0.007424
124531,0.052736
124586,0.406528
124693,0.097792
124769,0.003584
124925,0.03328
124964,0.145664
124977,0.439808
125066,0.045312
125161,0.045824
125164,0.0
125209,0.080384
125274,0.005376
125302,0.01536
125308,0.010752
125334,0.02048
125344,0.030208
125519,0.162048
125678,0.132352
125727,0.042752
125746,0.010496
125784,0.28032
125821,0.0064
125828,0.089088
125859,0.051968
125898,0.002304
126037,0.006912
126063,0.020224
126064,0.001792
126150,0.065024
126187,0.033536
126191,0.091136
126251,0.021504
126296,0.018688
126305,0.06272
126364,0.03584
126502,0.100608
126601,0.034816
126632,0.000768
126792,0.002816
126894,0.086016
126922,0.00384
126953,0.302592
127032,0.009728
127115,0.056064
127131,0.063488
127167,0.00128
127230,0.00256
127262,0.023552
127353,0.375296
127415,0.003072
127421,0.059648
127460,0.10624
127483,0.064
127534,0.004096
127564,0.406016
127632,0.008704
127651,0.018176
127745,0.028416
127873,0.011008
127926,0.04352
127932,0.049408
127992,0.036096
128051,0.01408
128116,0.009728
128120,0.000256
128162,0.009728
128176,0.015616
128180,0.022016
128183,0.363264
128260,0.003584
128294,0.023296
128300,0.001536
128326,0.509184
128402,0.019712
128432,0.068352
128600,0.075264
128638,0.00768
128664,0.013056
128738,0.004096
128764,0.016896
128779,4.146432
128899,0.036608
128903,0.21376
128965,0.013056
129033,0.027904
129075,0.008704
129181,0.046848
129225,0.283392
129291,0.022784
129318,0.001024
129320,0.101376
129357,0.032
129379,0.103168
129380,2.45632
129497,0.096
129552,0.009216
129605,0.05248
129666,0.001792
129759,0.0448
129800,0.080384
129817,0.017664
129873,0.001024
129913,0.00896
129952,0.078848
129964,1.272064
129981,1.300992
130025,0.02432
130061,0.09856
130086,0.934144
130116,0.019968
130183,0.076032
130253,0.02304
130294,0.00896
130306,0.00384
130360,0.017664
130446,0.0064
130564,0.027392
130581,0.122624
130603,0.975872
130679,0.017408
130697,0.009728
130738,0.06912
130835,0.121088
131015,0.141568
131052,0.018944
131134,0.014336
131162,0.067072
131164,1.010944
131177,0.163584
131217,0.163328
131262,0.015104
131311,0.019968
131321,1.983232
131347,0.12416
131394,0.044032
131508,0.00384
131556,0.005888
131630,0.009472
131672,0.107776
131709,0.027648
131753,0.022528
131759,0.055808
131775,0.027904
131781,0.986368
131847,0.038656
131913,0.02048
131938,0.005888
131966,0.01024
131993,0.064768
131999,0.119808
132013,0.045824
132085,0.007936
132092,0.044032
132164,0.01792
132179,0.19072
132231,0.0832
132258,0.048128
132344,0.078336
132364,0.471552
132540,0.10496
132604,0.02176
132642,0.013056
132652,0.011776
132669,0.022528
132734,0.004864
132829,0.097792
132880,0.235264
132910,0.007936
132964,0.045824
132977,0.076032
133006,0.070144
133033,0.01792
133074,0.010752
133090,0.051968
133105,0.04736
133128,0.103168
133212,0.025088
133296,0.035328
133443,0.028928
133478,0.027392
133503,0.160256
133528,0.143616
133593,0.0064
133614,0.011008
133636,0.013568
133692,0.043008
133714,0.083456
133717,0.156672
133762,0.011008
133767,0.023552
133806,0.153856
133856,0.0064
133918,0.005632
133935,0.099328
133953,0.35584
133994,0.028672
134016,0.009472
134055,0.02304
134104,0.01664
134164,0.775168
134180,0.309504
134246,0.242176
134306,0.030464
134346,0.098304
134447,0.025088
134472,0.038656
134520,0.006912
134553,0.003328
134604,0.0192
134615,0.032512
134670,0.003328
134730,0.007936
134732,0.163584
134764,0.01792
134780,2.272768
134879,0.050432
134888,0.158976
134954,0.06784
134969,0.00128
134974,0.04224
135064,0.007936
135097,0.001536
135110,0.003328
135136,0.004864
135172,0.000768
135201,0.009216
135258,0.156672
135314,0.045568
135326,0.03072
135364,0.143104
135365,6.774528
135467,0.122624
135504,0.028672
135564,0.0256
135596,0.10496
135672,0.02816
135811,0.059904
135846,0.009472
135895,0.019968
135964,6.029056
136007,0.03712
136060,0.245248
136166,0.00896
136361,0.216576
136415,0.030208
136439,0.076544
136443,0.080896
136513,0.040704
136523,0.011008
136576,0.017664
136581,0.30208
136844,0.057344
136854,0.022016
136878,0.143872
136898,0.013056
136934,0.022272
137040,0.008192
137067,0.012544
137098,0.019456
137110,0.231168
137119,0.014336
137164,1.966848
137179,0.205056
137253,0.01152
137314,0.818944
137355,0.020224
137375,0.21376
137464,0.102144
137492,0.050944
137511,0.022784
137570,0.000512
137590,0.006912
137625,0.005888
137646,0.003584
137707,0.058624
137719,0.030464
137742,0.00384
137744,0.17536
137764,2.7968
137779,0.591104
137817,0.027392
137829,0.29056
137895,0.082176
137925,0.010752
137927,0.009984
137969,0.000512
138002,0.0256
138024,0.01024
138080,0.005376
138097,0.016384
138115,0.002816
138134,0.03072
138243,0.015872
138304,0.12928
138364,0.280576
138378,0.03328
138427,0.014592
138503,0.04736
138555,0.00384
138562,0.020224
138618,0.02816
138668,0.023808
138800,0.11648
138841,0.040704
138896,0.063744
138950,0.173568
138964,1.513728
139010,0.265472
139086,0.028416
139212,0.000256
139264,0.012544
139320,0.003328
139321,0.005888
139385,0.02688
139473,0.01792
139514,0.000768
139549,0.018432
139558,0.04352
139564,1.63072
139581,1.786368
139661,0.004864
139676,0.129536
139744,0.00256
139764,0.036608
139820,0.029952
139877,0.047616
139945,0.002816
139947,0.062208
140007,0.035584
140076,0.00384
140091,0.020736
140116,0.015104
140141,0.025856
140164,0.078336
140207,0.019456
140252,0.006912
140273,0.030464
140396,0.00384
140431,0.002816
140520,0.044288
140596,0.000768
140615,0.013568
140647,0.015104
140717,0.29312
140745,0.00384
140764,3.338752
140864,0.005632
140876,0.034304
140990,0.020224
141031,0.052224
141045,0.06912
141110,0.013568
141138,0.00896
141177,0.036608
141196,0.056064
141226,0.87552
141284,0.008192
141297,0.013056
141329,0.008704
141374,0.181504
141392,0.134912
141394,0.222208
141500,0.061184
141614,0.004096
141658,0.005888
141899,0.10368
141964,0.0064
141965,0.033024
142058,0.1728
142084,0.051456
142089,0.00128
142178,0.033024
142212,0.002304
142220,0.017408
142245,0.019712
142302,0.005888
142447,0.451584
142485,0.02304
142526,0.034304
142553,0.131072
142564,5.57184
142741,0.033536
142766,0.046336
142804,0.01792
142874,0.039936
142966,0.062464
143062,0.005632
143094,0.295936
143164,5.443584
143198,0.0256
143256,0.034304
143338,0.010496
143392,0.119552
143531,0.0192
143597,0.009216
143764,1.45536
143779,0.905472
143859,0.036352
143901,0.025344
143973,0.11264
144016,0.132096
144064,0.1024
144095,0.018688
144128,0.004608
144219,0.033536
144261,0.045568
144292,0.035072
144309,0.083712
144381,0.059904
144476,0.050432
144485,0.038656
144532,0.013056
144563,0.006912
144587,0.0832
144643,0.051456
144671,0.00896
144692,1.460992
144813,0.008448
144834,0.03456
144951,0.04352
144964,5.156608
145141,0.02944
145186,0.099328
145230,0.2112
145253,0.070912
145292,0.009984
145357,0.046592
145392,0.036608
145491,0.008448
145511,0.024064
145534,0.040704
145564,0.039936
145615,0.007936
145656,0.020224
145699,0.028416
145787,0.210176
145840,0.007424
145933,0.03712
145949,0.048896
145978,0.078592
146056,0.004096
146119,0.00768
146161,0.03968
146177,0.126464
146186,0.286976
146256,0.097792
146285,0.001536
146411,0.045568
146443,0.827904
146494,0.015104
146584,0.04736
146592,0.29696
146683,0.043008
146703,0.001024
146713,0.007424
146736,0.05504
146764,0.74112
146779,0.034304
146790,0.073472
146837,0.06528
146895,0.04992
146942,0.598272
146998,0.009216
147079,0.020736
147085,0.043776
147127,0.061952
147207,0.005632
147274,0.005888
147297,0.013568
147306,0.003328
147364,0.014336
147384,0.250368
147390,0.710144
147468,0.046592
147477,0.014592
147522,0.11904
147546,0.006144
147604,0.081152
147639,0.006144
147677,0.007936
147772,0.007424
147964,0.045568
147977,0.084992
148069,0.002304
148079,0.0064
148156,0.039936
148172,0.008192
148228,0.01024
148325,0.126464
148371,0.182784
148468,0.002816
148486,0.0384
148528,0.014592
148564,0.037632
148585,0.152576
148645,0.002304
148701,0.022016
148767,0.032512
148835,0.034304
148879,0.051968
148909,0.005376
148968,0.017408
148988,0.01024
149097,0.073728
149125,0.029184
149164,5.134848
149256,0.026112
149306,0.008704
149316,0.007424
149352,0.0256
149372,0.02944
149402,0.090624
149454,0.0192
149465,0.030976
149486,0.033024
149510,0.101376
149602,0.014592
149649,0.034304
149675,0.090368
149756,0.012544
149764,4.176896
149848,0.22272
149900,0.000256
149967,0.083968
150008,0.02432
150035,0.037888
150158,0.0128
150211,0.017408
150248,0.013824
150274,0.016896
150286,0.063744
150364,0.02304
150385,0.004096
150498,0.040448
150556,0.007168
150567,0.187136
150611,0.031488
150646,0.018944
150653,0.01792
150687,0.057856
150731,0.04224
150754,0.005888
150781,0.002304
150844,0.112384
150886,0.119808
150920,0.00256
150964,0.106496
150975,0.012544
150986,0.044288
150999,0.05504
151057,0.022528
151170,0.058112
151198,0.029952
151275,0.140544
151348,0.096
151368,0.000256
151385,0.059904
151434,0.159744
151458,0.031744
151473,0.012288
151487,0.02048
151546,0.007168
151564,0.262912
151585,0.018688
151610,0.000768
151635,0.09728
151716,0.0448
151769,0.26112
151877,0.035328
151973,0.05248
152164,3.35232
152211,0.00256
152285,0.017664
152434,0.084736
152543,0.010496
152551,0.138752
152625,0.014592
152730,0.028416
152764,3.205888
152775,0.697856
152870,0.031488
152903,0.1216
152966,0.013312
153018,0.024832
153042,0.087808
153081,0.0576
153134,0.041472
153149,0.120576
153217,0.02048
153229,0.194304
153243,0.01664
153364,0.024832
153370,0.009984
153383,0.295168
153456,0.002816
153512,0.019968
153527,0.050944
153556,0.322304
153586,0.005632
153590,0.426752
153650,0.282624
153666,0.645376
153768,0.005888
153857,0.040192
153964,0.0064
153983,0.034304
154070,0.313344
154135,0.043008
154271,0.034304
154304,0.003072
154309,0.662528
154429,0.073216
154488,0.028928
154564,0.578048
154595,0.084992
154629,0.06528
154704,0.06656
154718,0.01408
154723,0.022528
154826,0.014592
154897,0.017664
154916,0.0
154974,0.072704
155103,0.020736
155140,0.0
155147,0.167424
155164,1.09184
155429,0.004352
155466,0.020992
155492,0.002816
155523,0.003584
155537,0.063232
155599,0.08832
155629,0.003072
155649,0.219648
155692,0.025088
155704,0.008704
155722,0.009984
155764,1.363456
155791,0.445184
155854,0.012032
155873,0.009728
155949,0.018688
155958,0.001536
155976,0.001792
155994,0.044032
156044,0.025088
156046,0.050688
156205,0.02176
156259,0.037376
156298,0.019968
156364,2.561536
156380,1.196032
156498,0.769536
156555,0.0
156600,0.0
156617,0.002048
156654,0.021248
156703,0.001536
156755,0.000768
156771,0.03456
156802,0.018688
156862,0.018944
156877,0.00384
156893,0.002816
156895,0.017408
156926,0.014848
156964,1.469184
157017,0.041728
157070,0.008704
157220,0.005888
157309,0.001024
157390,0.037888
157420,0.018688
157451,0.01152
157486,0.166144
157544,0.048384
157610,0.03712
157691,0.08576
157721,0.071424
157744,0.045568
157804,0.018176
157828,0.018176
157858,0.000512
158040,0.051456
158164,0.035072
158178,0.212736
158186,0.927232
158256,0.031232
158280,0.0768
158328,0.002048
158393,0.00768
158422,0.006656
158533,0.087808
158548,0.105984
158574,0.134912
158615,0.06528
158667,0.046336
158688,0.000768
158752,0.0
158764,4.213504
158838,0.006656
158854,0.133632
158895,0.009472
158923,0.417792
158980,0.0384
159014,0.033024
159057,0.01408
159076,0.081408
159092,0.0
159160,0.003328
159177,0.003584
159194,0.032512
159228,0.024832
159263,0.086784
159355,0.017152
159364,0.51328
159380,0.56576
159396,0.125952
159461,0.055808
159550,0.032512
159603,0.058112
159645,0.0192
159662,0.022016
159726,0.001024
159802,0.055296
159833,0.020992
159875,0.02688
159880,0.051712
159882,0.096512
159964,0.223488
159982,0.046336
160039,0.017664
160194,0.000768
160199,0.004352
160222,0.035328
160300,0.03072
160347,0.025344
160426,0.049664
160448,0.073984
160506,0.087296
160565,0.044544
160588,0.027904
160735,0.01792
160777,0.105216
160841,0.00384
160896,0.474368
160981,0.014336
161033,0.034048
161061,0.01792
161064,0.073728
161129,0.001792
161132,0.06272
161148,0.185344
161164,2.577152
161213,0.453888
161272,0.0704
161293,0.059904
161327,0.006144
161362,0.031488
161372,0.067584
161454,0.010752
161562,0.064
161589,0.030464
161616,0.05376
161647,0.001536
161701,0.014336
161706,0.018944
161738,0.019968
161783,0.442368
161786,0.39296
161853,0.01024
161901,0.005376
161915,0.002816
161992,0.025856
162021,0.02944
162031,0.019968
162053,0.027392
162253,0.006144
162353,0.032
162361,0.016384
162378,0.1088
162415,0.087808
162470,0.009472
162504,0.004096
162563,0.016128
162585,0.058112
162633,0.120576
162662,0.003328
162666,0.104192
162730,0.038144
162824,0.075264
162950,0.024832
162964,5.696256
163013,0.013824
163049,0.049408
163067,0.00512
163144,0.030976
163153,0.003328
163220,0.006656
163311,0.097024
163341,0.015616
163430,0.183296
163479,0.04352
163547,0.005376
163556,0.0256
163568,0.056832
163577,3.17952
163689,0.01152
163697,0.007168
163718,0.003584
163766,0.005632
163821,0.075008
163966,0.015616
164009,0.00384
164131,0.062208
164164,0.035584
164179,0.004096
164181,0.076544
164261,0.035584
164271,0.242944
164310,0.024832
164334,0.013568
164394,0.01152
164430,0.05888
164542,0.013824
164630,0.012544
164710,0.027392
164775,0.029952
164786,0.166656
164795,1.410048
164839,0.007424
164869,0.002304
164942,0.013312
165021,0.065536
165056,0.030976
165148,0.002304
165174,0.034304
165231,0.123392
165280,0.31488
165336,0.087552
165364,0.079104
165393,0.206848
165396,0.166144
165490,0.01792
165553,0.029696
165561,0.038144
165641,0.007168
165664,0.002304
165719,0.057344
165764,0.003584
165831,0.048896
165837,0.047872
165877,0.210432
165936,0.161536
165939,0.004608
165952,0.017408
165964,1.87136
165987,0.097536
166000,0.271104
166050,0.046336
166154,0.048896
166159,0.040448
166264,0.16256
166330,0.080384
166398,0.024832
166420,0.008192
166441,0.000256
166532,0.083968
166564,1.02144
166648,0.05504
166778,0.128
166846,0.041728
166850,0.377088
166937,0.026112
166945,0.004352
167004,0.077568
167015,0.153344
167135,0.0128
167146,0.24064
167186,0.909824
167230,0.053504
167268,0.01024
167285,0.017408
167307,0.23552
167385,0.013056
167464,0.015872
167552,0.068352
167569,0.445184
167625,0.000512
167649,0.000256
167696,0.00256
167733,0.010752
167764,6.102016
167789,1.862144
167857,0.019712
167873,0.059904
167898,0.07808
167921,0.06528
168017,0.035584
168115,0.155392
168149,0.040448
168201,0.023296
168235,0.026624
168339,0.058624
168364,0.02816
168377,0.003584
168450,0.0128
168458,0.055808
168508,0.0704
168604,0.007424
168627,0.039936
168702,0.025344
168762,0.07552
168797,0.011776
168812,0.017664
168842,0.01792
168877,0.150272
168964,0.026112
168992,0.00384
169069,0.754944
169149,0.01664
169163,0.06912
169208,0.062208
169246,0.090368
169316,0.013056
169375,0.000512
169431,0.053248
169505,0.005888
169530,0.017664
169563,0.007424
169576,0.064768
169581,6.062848
169750,0.027392
169822,0.049152
169972,0.051968
170012,0.017408
170055,0.03712
170129,0.058368
170157,0.003072
170179,0.098816
170183,0.049408
170208,0.457728
170301,0.02176
170354,0.042496
170384,0.004096
170410,0.064256
170442,0.017664
170463,0.019456
170484,0.098048
170514,0.040448
170552,0.001536
170579,0.024064
170681,0.018176
170682,0.018432
170708,0.00384
170717,0.027904
170764,1.661696
170836,0.0
170843,0.029184
170853,0.011776
170870,0.113152
170896,0.090624
170971,0.043008
171018,0.004608
171032,0.0384
171101,0.050944
171123,0.023552
171146,0.02816
171230,0.006144
171255,0.003328
171313,0.02176
171361,0.002304
171377,0.083712
171383,0.161536
171437,0.044288
171499,0.015616
171507,0.04736
171517,0.10368
171545,0.010752
171558,0.113664
171629,0.03072
171664,0.017408
171677,0.164352
171738,0.008704
171819,0.004096
171825,0.022272
171877,0.041216
171916,0.010752
171928,0.056832
171964,1.92256
172072,0.031232
172099,0.006144
172159,0.042496
172207,0.02432
172211,0.045312
172226,0.010496
172238,0.012288
172259,0.055552
172313,0.019968
172416,0.025344
172428,0.015872
172443,0.017664
172457,0.046336
172477,0.000512
172529,0.001024
172564,5.642752
172760,0.009216
172793,0.01024
172827,0.005888
172902,0.013824
173014,0.028928
173109,0.006912
173164,0.020736
173182,0.133376
173361,0.006656
173399,0.03584
173470,0.086016
173680,0.02176
173764,0.024064
173815,0.222208
173849,0.007424
173898,0.028416
173920,0.006144
173939,0.021504
173946,0.062464
173977,0.009472
173989,0.045824
174012,0.018688
174014,0.007936
174099,0.017408
174131,0.01536
174143,0.018944
174223,0.003328
174236,0.082944
174248,0.01664
174364,3.305728
174436,0.014592
174443,0.02688
174492,0.242688
174585,0.056576
174606,0.000256
174612,0.038656
174639,0.025344
174644,0.026624
174692,0.046848
174702,0.306432
174732,0.176896
174742,0.16896
174752,0.21504
174772,0.07808
174792,0.08832
174812,0.211712
174822,0.130304
174842,0.102144
174852,0.292864
174872,0.09472
174892,0.358144
174912,0.205312
174932,0.18304
174942,1.013504
174972,0.1664
175002,0.348928
175012,0.009984
175032,0.408576
175042,0.133632
175052,0.30464
175072,0.033536
175082,0.55936
175092,0.146944
175112,0.052224
175122,0.005376
175132,0.057856
175142,0.0576
175152,0.025344
175172,0.33408
175182,0.011008
175192,0.023552
175222,0.178688
175242,0.719104
175272,0.338688
175292,0.8768
175312,0.993792
175322,0.557824
175362,0.358144
175415,0.017152
175422,0.104192
175482,0.027648
175507,0.384
175583,0.121856
175623,0.001536
175681,0.022528
175706,0.071936
175750,0.06912
175816,0.054272
175833,0.009216
175871,0.010752
175877,0.001024
175911,0.006912
176025,0.061952
176078,0.036096
176122,0.021504
176153,0.041984
176164,0.787456
176182,0.108288
176185,0.03584
176220,0.10624
176230,0.019968
176336,0.002048
176342,0.009984
176419,0.017152
176491,0.00256
176616,0.018944
176670,0.3008
176746,0.008448
176781,0.2048
176789,0.111104
176824,0.011264
176876,0.011776
176881,0.082176
176947,0.009728
177050,0.041472
177067,0.053504
177084,0.109568
177119,0.023552
177152,0.09472
177211,0.009216
177315,0.002048
177349,0.2432
177364,1.343488
177396,0.003072
177400,0.127488
177470,0.0064
177508,0.019968
177516,0.171008
177539,0.020224
177561,0.04224
177604,0.03456
177647,0.000768
177722,0.000512
177734,0.020736
177752,0.108032
177785,0.073728
177810,0.003328
177867,0.006912
177874,0.076032
177928,0.071168
177960,0.012544
177985,0.020224
178088,0.01408
178177,0.009728
178207,0.009216
178236,0.027392
178288,0.01152
178310,0.03712
178379,0.011264
178482,0.002048
178529,0.0064
178542,0.182784
178576,0.093696
178583,0.029184
178625,0.000768
178691,0.012288
178734,0.0064
178756,0.109824
178798,0.036864
178839,0.007168
178900,0.00384
178903,0.1088
178953,0.003584
178986,0.012032
179144,0.086528
179164,2.183424
179202,0.148224
179244,0.004864
179276,0.052992
179360,0.00896
179383,0.011008
179399,0.054016
179440,0.11136
179539,0.000256
179560,0.009472
179665,0.009472
179690,0.008448
179732,0.041216
179755,0.007936
179762,0.111872
179764,1.385472
179783,1.23136
179869,0.053504
179914,0.045568
179958,0.0256
180085,0.024832
180098,0.064512
180150,0.06016
180170,0.042752
180179,0.105216
180358,0.067072
180364,0.031488
180380,0.145664
180493,0.037888
180616,0.013056
180620,0.030464
180658,0.02816
180760,0.03968
180770,0.022016
180809,0.006656
180841,0.022528
180869,0.07552
180877,0.002048
180952,0.002816
180958,0.036864
180981,0.15488
181007,0.028928
181134,0.045312
181143,0.04736
181198,0.076288
181268,0.531968
181318,0.190464
181328,0.020992
181358,0.089344
181368,0.238592
181378,0.155648
181388,0.141056
181398,0.154368
181418,0.109056
181438,0.242688
181448,0.155136
181458,0.070912
181468,0.06144
181488,0.083968
181498,0.024064
181508,0.355584
181518,0.375296
181528,0.044544
181538,0.071168
181548,0.09472
181558,0.17408
181564,0.136192
181578,0.53248
181598,0.577024
181608,0.170496
181618,0.152576
181628,0.099072
181648,0.502784
181658,0.423424
181678,0.128256
181732,0.02048
181775,0.006656
181816,0.005376
181838,0.011776
181872,0.01024
181895,0.039168
181961,0.010752
181992,0.01024
182025,0.017152
182064,0.032768
182116,0.008448
182122,0.008704
182140,0.020992
182164,0.019712
182180,0.065024
182184,0.047104
182197,0.401664
182343,0.209152
182392,0.022272
182433,0.581632
182508,0.023552
182556,0.051456
182653,0.238592
182764,2.31424
182817,0.043264
182827,0.027648
182852,1.659136
182925,0.060416
182955,0.013824
182993,0.0128
183006,0.00768
183077,0.066048
183135,0.001024
183150,0.068864
183192,0.034048
183258,0.059136
183320,0.002816
183379,0.024576
183380,0.510464
183484,0.001536
183498,0.000256
183522,0.019968
183549,0.0
183562,0.010752
183563,0.568832
183648,0.026368
183685,0.018432
183702,0.005888
183748,0.096768
183778,0.045312
183788,0.014336
183805,0.046592
183845,0.014592
183904,0.04352
183954,0.013312
183964,2.127872
184030,0.121088
184036,0.4736
184074,0.136704
184096,0.01536
184142,0.030976
184172,0.053504
184244,0.023296
184321,0.000256
184348,0.025344
184358,0.00384
184395,0.020736
184434,0.046848
184473,0.014848
184479,0.161024
184549,0.051456
184564,0.504832
184616,0.017408
184648,0.008192
184667,0.004352
184704,0.187392
184708,0.005376
184748,0.04352
184770,0.049408
184813,0.018688
184833,0.047872
184863,0.02944
184877,0.096512
184914,0.05504
184916,0.022528
184952,0.015872
184954,0.264192
185004,0.066304
185045,0.063232
185164,6.475008
185310,0.04736
185354,0.122624
185565,0.008704
185746,0.090112
185780,0.245504
185814,0.127744
185854,0.012288
185877,0.000256
185893,0.027392
186089,0.017408
186118,0.02176
186157,0.024064
186168,0.005376
186183,0.032768
186213,0.0256
186319,0.024064
186364,3.450368
186452,0.029952
186464,0.010496
186512,0.039168
186530,0.023296
186556,0.047616
186648,0.091136
186739,0.026624
186753,0.008192
186845,0.007168
186961,0.008704
186964,8.401408
187065,0.005888
187111,0.04864
187126,0.063232
187189,0.015872
187283,0.01536
187297,0.01024
187358,0.030976
187520,0.027648
187564,2.968832
187655,0.062208
187664,0.002304
187706,0.018176
187736,0.283904
187818,0.02944
187854,0.005376
187911,0.008192
187938,0.014592
187946,0.052736
188009,0.0064
188030,0.018944
188160,0.019968
188180,0.194816
188292,0.00384
188323,0.092672
188361,0.018176
188369,0.014848
188434,0.004608
188459,0.002304
188481,0.051712
188511,0.249856
188565,0.0192
188594,0.013312
188598,0.059904
188638,0.041984
188738,0.030464
188764,1.111552
188781,0.007168
188811,0.594944
188835,0.2496
188900,0.007424
188910,0.09216
189005,0.01408
189023,0.061952
189099,0.003072
189105,0.010496
189176,0.000768
189207,0.029696
189227,0.00256
189260,0.065536
189356,0.03712
189384,0.016384
189406,0.005376
189431,0.435968
189536,0.09984
189553,0.018688
189620,0.010496
189653,0.030464
189682,0.072192
189707,0.01408
189724,0.029184
189795,0.083968
189826,0.04736
189878,0.042496
189939,0.00256
189964,0.053504
189970,0.052736
189980,0.47488
189985,0.491776
190041,0.218624
190117,0.065024
190178,0.040192
190194,0.033536
190295,0.231168
190337,0.005888
190397,0.08192
190438,0.014592
190473,0.016896
190485,0.005376
190639,0.017408
190724,0.000512
190752,0.003584
190843,0.055552
190854,0.017152
190907,0.039168
190930,0.039168
191017,0.009984
191040,0.032512
191114,0.018688
191164,0.020992
191218,0.092672
191272,0.050176
191292,0.001024
191356,0.01792
191429,0.00768
191511,0.349184
191589,0.001024
191699,0.008192
191764,0.022784
191773,0.0064
191786,0.078592
191850,0.00384
191877,0.007424
191940,0.009728
191974,0.000512
192004,0.01152
192052,0.054784
192104,0.024064
192153,0.004352
192157,0.527104
192171,0.314112
192313,0.003072
192343,0.025344
192364,0.028672
192383,0.0064
192415,0.018944
192450,0.064256
192474,0.060928
192574,0.000768
192601,0.025088
192633,0.009216
192675,0.039168
192697,0.026368
192726,0.024064
192802,0.052736
192928,0.002304
192964,0.0192
192976,0.024832
192983,0.334848
193049,0.004608
193071,0.001792
193141,0.03328
193143,0.023296
193283,0.0832
193370,0.012032
193447,0.013056
193464,0.01152
193482,0.005376
193490,0.027392
193494,0.00384
193561,0.008704
193564,0.050432
193579,0.19328
193753,0.036608
193835,0.027904
193850,0.11648
193919,0.013568
193977,0.01536
193993,0.025344
194042,0.01152
194083,0.016128
194127,0.005376
194158,0.03968
194164,0.006656
194175,0.046336
194183,0.260096
194204,0.06528
194271,0.03456
194319,0.2752
194426,0.009728
194489,0.01664
194498,0.022528
194544,0.01536
194626,0.01536
194643,0.036864
194764,0.079872
194766,0.045312
194776,0.039168
194846,0.054272
194863,0.022528
194890,0.04096
194958,0.02048
195002,0.057856
195161,0.004096
195200,0.002304
195219,0.027904
195243,0.095488
195280,0.037376
195306,0.05888
195349,0.07552
195375,0.011776
195381,0.197888
195491,0.012544
195652,0.004608
195697,0.039424
195770,0.045568
195816,0.004352
195891,0.004352
195906,0.000256
195944,0.054272
195964,0.559616
195977,0.060928
196128,0.033792
196147,0.010496
196154,0.00384
196198,0.011776
196248,0.009984
196266,0.069888
196283,0.0384
196326,0.027136
196361,0.097024
196383,0.010496
196402,0.015872
196431,0.017408
196553,0.001792
196564,0.035584
196576,0.167424
196615,0.04096
196663,0.022272
196706,0.00896
196748,0.001536
196885,0.002304
196926,0.002816
196931,0.080896
196977,0.028416
197079,0.002816
197088,0.0128
197116,0.036352
197164,7.319296
197240,0.049408
197263,0.01408
197304,0.029184
197335,0.044288
197370,0.020992
197455,0.0384
197552,0.023552
197584,0.00768
197628,0.020224
197674,0.01792
197749,0.005376
197755,0.001536
197762,0.378624
197764,0.114176
197785,0.34688
197846,0.03584
197876,0.136448
197942,0.063488
197957,0.255232
197988,0.144384
198013,0.005632
198041,0.051712
198068,0.009216
198129,0.04736
198196,0.029696
198208,0.072192
198263,0.018944
198324,0.022272
198364,0.04096
198377,0.125952
198380,0.206336
198456,0.007936
198469,0.018432
198550,0.0
198650,0.012544
198709,0.0064
198741,0.009984
198756,0.06016
198779,0.007936
198811,0.033792
198845,0.078336
198885,0.00896
198927,0.293888
198929,0.150016
198964,0.009216
198977,1.74592
199086,0.011264
199138,0.256768
199174,0.013056
199184,0.024832
199198,0.001024
199293,0.007168
199299,0.061952
199366,0.045056
199385,0.178688
199443,0.241664
199488,0.179712
199564,2.468352
199689,0.01792
199718,0.007936
199786,0.0064
199811,0.018944
199953,0.027904
200003,0.06784
200129,0.066304
200164,0.038912
200165,0.045312
200199,0.032512
200210,0.251136
200254,0.01792
200299,0.072192
200358,0.037888
200410,0.005376
200436,0.009472
200482,0.266752
200497,0.088576
200556,0.01408
200590,0.06784
200620,0.251648
200702,0.114176
200762,0.14976
200778,0.1536
200857,0.07936
200914,0.02816
200972,0.036864
201032,0.002048
201098,0.023808
201120,0.020992
201158,0.036096
201177,0.004608
201213,0.02688
201286,0.038656
201302,0.135936
201364,1.961216
201382,0.383488
201395,0.059904
201451,0.055552
201495,0.23296
201530,0.019456
201548,0.024832
201656,0.029696
201666,0.013824
201751,0.153088
201771,0.004096
201828,0.007936
201870,0.031744
201889,0.004352
201903,0.007936
201964,5.973504
202050,0.044544
202085,0.015616
202159,0.002304
202164,0.02432
202181,0.0
202212,0.003328
202215,0.003584
202227,0.038656
202248,0.074752
202367,0.000256
202379,0.092416
202463,0.046336
202501,0.157696
202538,0.005888
202552,0.009472
202565,0.066304
202732,0.009984
202787,0.011264
202801,0.093184
202912,0.008704
202932,0.013056
203016,0.045056
203049,0.090624
203067,0.009472
203093,0.035584
203147,0.007424
203164,0.027648
203168,0.002816
203228,0.030976
203314,0.025088
203378,0.079104
203413,0.197376
203462,0.029952
203500,0.008704
203520,0.023808
203543,0.028672
203570,0.00128
203585,0.060672
203595,0.018176
203673,0.023552
203700,0.01792
203767,0.064256
203783,15.17568
203844,0.01536
203860,0.641024
203936,0.02432
203950,0.004608
204014,0.052736
204035,0.011008
204046,0.193536
204114,0.018944
204174,0.050176
204199,2.619392
204281,0.004608
204312,0.00128
204344,0.038656
204361,0.003328
204364,3.792384
204453,0.027648
204486,0.036352
204590,0.010752
204719,0.074496
204762,0.015872
204831,0.01152
204837,0.2112
204881,0.045312
204922,0.005376
204957,0.11264
204975,0.48512
205064,0.073472
205139,0.003072
205273,0.001792
205359,0.0064
205452,0.019456
205509,0.0192
205564,1.551104
205606,0.012288
205699,0.032512
205762,0.050944
205874,0.032768
205908,0.0192
205952,0.012288
205973,0.044544
206012,0.004352
206058,0.0128
206099,0.013824
206122,0.016384
206164,0.676608
206189,0.64128
206226,0.01408
206306,0.047872
206321,0.017408
206329,0.035072
206377,0.003328
206396,0.098816
206422,0.02048
206436,0.009984
206460,0.021248
206543,0.041984
206639,0.09984
206681,0.029696
206692,0.20864
206764,0.074752
206784,1.194752
206846,0.030976
206858,0.230912
206968,0.025088
206992,0.016128
207003,0.039936
207024,0.016384
207089,0.059136
207117,0.050688
207142,0.09216
207183,0.004352
207229,0.009472
207253,0.013312
207320,0.000768
207364,0.141056
207365,0.055296
207380,0.002048
207445,0.013568
207507,0.061952
207547,0.033536
207560,0.128768
207597,0.11904
207607,0.663296
207659,0.019712
207691,0.123648
207730,0.347648
207803,0.352512
207813,0.2624
207964,0.013568
207984,0.466176
208007,0.00768
208038,0.076032
208048,0.017664
208094,0.0128
208265,0.107008
208294,0.068608
208386,0.040448
208409,0.031744
208459,0.072448
208522,0.0192
208546,0.114944
208658,0.0128
208678,0.024064
208731,0.01664
208747,0.03328
208766,0.08064
208793,0.121856
208847,0.070144
208898,0.004864
208920,0.100352
208944,0.057344
208972,0.1216
209011,0.008448
209022,0.020992
209051,0.014592
209121,0.002816
209164,0.017408
209166,0.293376
209181,0.192
209314,0.016128
209505,0.155136
209547,0.013568
209646,0.27904
209677,0.087808
209730,0.016128
209764,0.061952
209783,0.135424
209820,0.007168
209854,0.00896
209874,0.076544
209914,0.047872
209932,0.067072
209987,0.0064
210018,0.150016
210097,0.036608
210138,0.00384
210183,0.004096
210241,0.059392
210348,0.004608
210364,0.128768
210381,0.04096
210458,0.01536
210460,0.000256
210524,0.016384
210550,0.0
210590,0.047872
210626,0.161792
210656,0.064512
210698,0.024576
210758,0.028672
210796,0.081152
210814,0.013056
210866,0.000256
210886,0.059904
210920,0.002816
210976,0.01792
211049,0.017408
211114,0.0
211124,0.027904
211166,0.028416
211252,0.071936
211289,0.039424
211333,0.00384
211366,0.050176
211446,0.008704
211478,0.022272
211492,0.013056
211564,0.140288
211582,0.095744
211583,0.238592
211585,0.191488
211635,0.078336
211655,0.023296
211670,0.01152
211699,0.040448
211701,0.077312
211754,0.196096
211860,0.087808
211915,0.027904
211981,0.036352
212073,0.005888
212109,0.031488
212164,0.31616
212190,2.129664
212267,0.018688
212291,0.00128
212326,0.06912
212335,0.444928
212455,0.030976
212461,0.158976
212529,0.003584
212555,0.014336
212567,0.017152
212588,0.000256
212628,0.056064
212664,0.031744
212690,0.010496
212697,0.000512
212764,4.388352
212781,0.048896
212782,0.2112
212877,0.050944
212930,0.046336
212969,0.028416
213008,0.016896
213049,0.044544
213161,0.099584
213183,0.014592
213244,0.030208
213325,0.063488
213364,1.741056
213385,0.854016
213406,0.302336
213497,0.003072
213506,0.096768
213664,0.053504
213705,0.03584
213710,0.027136
213739,0.045568
213777,0.004096
213794,0.024832
213827,0.006144
213835,0.004608
213868,0.008704
213946,0.020224
213982,0.009984
213985,0.28032
214040,0.003072
214067,0.001792
214103,0.075776
214135,0.004096
214149,0.003328
214159,0.005888
214220,0.538112
214270,0.032512
214283,0.044544
214410,0.003328
214425,0.030208
214467,0.076544
214473,0.027648
214507,0.071424
214561,0.002048
214579,0.060416
214647,0.006912
214660,0.01152
214736,0.012544
214804,0.034048
214825,0.056832
214850,0.01024
214939,0.036864
214948,0.020224
214972,0.024576
214981,0.02432
214994,0.009216
215067,0.014848
215082,0.056832
215164,0.134912
215212,0.224256
215237,0.071936
215270,0.042752
215294,0.010752
215311,0.039936
215326,0.007168
215386,0.008448
215456,0.255744
215511,0.010752
215516,0.102656
215597,0.064256
215605,0.002048
215640,0.001536
215670,0.01664
215682,0.04224
215764,0.303104
215780,0.2432
215795,9.911296
215921,0.07296
215955,0.077568
216142,0.040192
216179,0.013056
216226,0.048128
216254,0.013824
216322,0.022272
216360,0.053248
216364,1.896448
216430,0.006912
216491,0.010752
216499,0.023296
216571,0.005888
216672,0.017408
216698,0.033536
216741,0.011776
216808,0.021248
216870,0.010496
216907,0.046592
216921,0.388864
216954,0.121856
217062,0.00512
217064,0.026368
217099,0.010752
217138,0.097536
217177,0.07296
217208,0.000256
217244,0.005888
217250,0.002816
217298,0.14208
217337,0.000512
217385,0.000768
217407,0.00384
217458,0.074752
217514,0.072448
217547,0.006912
217564,0.015872
217583,4.509696
217662,0.038144
217760,0.008448
217776,0.21632
217810,0.020736
217885,0.0384
217922,0.041216
217972,0.009472
218004,0.001536
218008,0.001792
218035,0.00256
218099,0.013312
218104,0.041216
218121,0.133376
218164,1.403136
218315,0.02048
218403,0.042752
218455,0.003584
218457,0.128256
218526,0.002816
218586,0.045824
218653,0.007168
218677,0.003584
218707,0.040704
218762,0.019712
218764,0.031488
218781,0.199936
218833,0.025088
218870,0.018432
218922,0.026112
218963,0.013824
218994,0.027904
219033,0.055296
219053,0.032512
219076,0.006656
219119,0.052736
219170,0.067328
219214,0.034304
219341,0.00896
219364,5.389312
219452,0.008448
219501,0.014848
219513,0.027392
219565,0.176128
219637,0.069632
219679,0.003072
219714,0.017408
219735,0.030464
219750,0.141056
219916,0.046848
219953,0.062976
219964,0.011776
219979,0.248576
219983,0.169728
220049,0.011776
220120,0.114176
220137,0.011008
220190,0.02432
220250,0.086784
220271,0.036864
220347,0.009984
220368,0.090624
220446,0.008192
220457,0.013824
220517,0.020992
220564,0.013312
220582,0.039936
220669,0.085248
220708,0.007424
220739,0.017664
220919,0.078336
220969,0.03712
220999,1.97504
221050,0.022016
221076,0.005376
221098,0.00128
221164,0.01536
221175,0.354816
221207,0.036096
221293,0.039936
221352,0.004864
221397,0.002304
221423,0.024832
221473,0.07552
221503,0.070912
221556,0.195072
221621,0.073728
221754,0.005888
221764,0.027392
221780,0.195328
221848,0.009472
221890,0.076288
221969,0.007936
222014,0.005632
222069,0.093952
222285,0.050688
222364,0.067584
222380,0.048384
222382,0.094464
222473,0.407552
222499,0.027648
222569,0.014848
222589,0.063232
222628,0.043776
222648,0.0128
222701,0.009216
222780,0.060928
222838,0.007168
222845,0.023808
222872,0.024064
222964,1.194752
222980,0.100864
223040,0.0704
223074,0.11904
223218,0.051968
223238,0.017664
223284,0.030976
223377,0.004864
223416,0.006656
223519,0.047104
223564,0.052736
223565,0.130048
223599,0.063232
223658,0.008704
223717,0.001792
223768,0.035328
223820,0.093184
223844,0.002816
223873,0.203776
223933,0.022784
223945,0.002304
223965,0.082688
224009,0.008448
224025,0.018688
224109,0.013312
224164,11.322368
224216,0.032
224259,0.081152
224289,0.041728
224342,0.029184
224353,0.007168
224426,0.013568
224468,0.001792
224493,0.055552
224556,0.034048
224580,0.024576
224639,0.009984
224760,0.002816
224775,1.110528
224827,0.011264
224856,0.032768
224895,0.015104
224917,0.271104
224958,0.06144
225042,0.001792
225095,0.028928
225115,0.11648
225152,0.017152
225177,0.023552
225243,0.001536
225320,0.00768
225364,0.825088
225383,1.093632
225398,0.488192
225443,0.04608
225498,0.07296
225514,0.0064
225561,0.001024
225573,0.051712
225606,0.04608
225662,0.006912
225750,0.015616
225761,0.018944
225896,0.0064
225966,0.217088
225980,0.397568
226018,0.010496
226099,0.005376
226163,0.003072
226204,0.023296
226234,0.007424
226245,0.012288
226262,0.022272
226333,0.004864
226390,0.020736
226393,0.043264
226418,0.157184
226452,0.0512
226506,0.008448
226543,0.02304
226552,0.161536
226564,1.61536
226616,0.010496
226669,0.004608
226706,0.001024
226712,0.004864
226766,0.101376
226788,0.00512
226807,0.025088
226858,0.004352
226899,0.006144
226919,0.036608
226957,0.036864
227073,0.02304
227106,0.039168
227117,0.066816
227179,0.034304
227314,0.009728
227382,0.036352
227393,0.008192
227395,0.026368
227439,0.02432
227447,0.099328
227479,0.03712
227492,0.00256
227557,0.019456
227618,0.054784
227651,0.022784
227659,0.007168
227714,0.015104
227764,0.455936
227797,0.095488
227849,0.027648
227858,0.004096
227900,0.001536
228020,0.028928
228057,0.012288
228130,0.011776
228268,0.017152
228364,0.003584
228371,0.063744
228380,0.128256
228382,0.006656
228499,0.059648
228516,0.009216
228607,0.046592
228646,0.07424
228742,0.000256
228763,0.032512
228854,0.010496
228964,2.313472
229074,0.034304
229088,0.026624
229095,0.321792
229126,0.011008
229150,0.081408
229230,0.0
229238,0.003072
229287,0.009216
229307,0.044032
229324,0.016128
229429,0.035072
229466,0.248576
229577,0.072192
229581,0.459776
229640,0.09472
229650,0.080384
229725,0.047104
229787,0.017408
229807,0.019456
229955,0.028928
229973,0.003328
230169,0.004096
230175,0.024832
230176,0.516608
230215,0.0448
230250,0.072448
230264,0.00128
230311,0.019712
230325,0.086272
230377,0.013056
230433,0.059648
230443,0.008448
230468,0.097024
230486,0.020736
230515,0.02304
230529,0.008192
230615,0.474624
230673,0.086272
230764,0.111616
230771,0.004096
230776,0.130304
230901,0.0448
230968,0.035328
231083,0.0192
231101,0.045824
231157,0.0576
231166,0.505344
231228,0.018176
231267,0.024576
231315,0.020224
231356,0.002048
231364,1.891328
231410,0.002048
231451,0.10112
231495,0.084992
231543,0.033024
231597,0.033792
231662,0.003328
231752,0.034048
231820,0.000256
231836,0.002304
231869,0.004608
231913,0.0064
231942,0.002048
231964,3.84512
232127,0.067584
232202,0.00896
232230,0.028672
232245,0.0512
232284,0.03328
232315,0.040192
232356,0.035072
232375,0.072704
232421,0.040448
232515,0.072704
232563,0.052736
232564,5.495552
232617,0.072704
232683,0.05248
232717,0.018432
232735,0.00128
232746,0.008704
232769,0.011776
232779,0.224
232802,0.01792
232848,0.0256
232873,0.027136
233040,0.032768
233126,0.020224
233152,0.017664
233164,0.69504
233181,0.79616
233242,0.139776
233264,0.144128
233336,0.058368
233345,0.048128
233368,0.038656
233478,0.02944
233536,0.02688
233629,0.042496
233664,0.02304
233681,0.033536
233713,0.04864
233764,0.002816
233796,0.404992
233809,0.108032
233814,0.248064
233973,0.004608
234068,0.090624
234121,0.00512
234129,0.026368
234176,0.056832
234220,0.020736
234252,0.033792
234261,0.007936
234290,0.047872
234337,0.04352
234364,2.001152
234400,0.076288
234464,0.166656
234496,0.002048
234556,0.02944
234580,0.032768
234717,0.071424
234754,0.006912
234782,0.041984
234844,0.082688
234928,0.290048
234964,7.145984
235106,0.010496
235126,0.03712
235173,0.033024
235177,0.236032
235209,0.02304
235230,0.042496
235323,0.045568
235434,0.006656
235476,0.064768
235518,0.022272
235564,1.301248
235576,0.387584
235641,0.027392
235830,0.115456
235890,0.013568
235937,0.008704
236013,0.077056
236045,0.115968
236164,0.815104
236179,0.095744
236182,0.23552
236200,0.006912
236274,0.007168
236364,0.008192
236447,0.024064
236464,0.035584
236562,0.177408
236594,0.018432
236626,0.0
236676,0.008448
236779,1.788672
236843,0.076288
237100,0.014592
237131,0.020992
237148,0.009984
237183,0.004352
237238,0.039424
237364,0.270336
237379,0.682752
237419,0.0256
237444,0.03712
237469,0.003584
237526,0.009728
237556,0.000768
237596,0.037888
237654,0.032512
237717,0.025088
237807,0.03328
237836,0.038144
237884,0.037888
237964,1.454592
237985,13.371392
238117,0.041472
238137,0.03968
238169,0.114688
238185,0.246784
238204,0.008448
238296,0.0576
238348,0.031744
238389,0.067072
238435,0.030208
238462,0.16896
238503,0.00896
238512,0.293888
238538,0.051456
238564,2.951168
238625,0.144896
238655,0.0256
238670,2.153472
238732,0.004096
238777,0.00128
238794,0.029696
238812,0.023552
238820,0.004096
238863,0.016128
238887,0.042496
238984,0.037888
238997,0.017152
239041,0.000256
239070,0.014336
239083,0.025344
239141,0.008192
239164,0.79488
239181,0.030464
239229,0.111616
239264,0.028416
239272,0.001792
239299,0.015616
239314,0.050944
239348,0.06272
239388,0.051456
239422,0.02816
239436,0.103168
239500,0.007936
239515,0.01664
239547,0.005888
239614,0.046848
239624,0.00384
239664,0.01408
239692,0.025344
239750,0.005376
239764,0.73984
239786,0.013312
239787,0.015872
239817,0.452608
239850,0.00512
239923,0.004608
239953,0.001792
240025,0.023552
240099,0.02304
240103,0.084224
240165,0.0064
240179,0.023808
240213,0.003584
240217,0.568832
240281,0.037376
240364,2.503936
240434,0.005632
240443,0.022528
240500,0.096512
240552,0.191744
240584,0.050944
240641,0.006656
240645,0.039936
240676,0.045824
240740,0.054016
240765,0.019456
240797,0.04096
240839,0.041984
240861,0.005888
240866,0.024064
240927,0.04736
240944,0.06912
240987,0.019968
241124,0.016384
241184,0.004864
241196,0.024064
241296,0.02432
241362,0.055296
241388,0.000256
241430,0.006912
241500,0.056576
241538,0.012032
241564,4.672768
241672,0.030208
241679,0.310784
241722,0.077824
241759,0.047872
241864,0.001024
241880,0.003072
241931,0.000768
241960,0.001536
242019,0.0128
242051,0.013312
242082,0.002048
242120,0.013056
242137,0.034816
242177,0.020224
242181,0.72704
242211,0.026624
242367,0.019968
242405,0.01536
242463,0.450048
242481,0.002048
242605,0.048896
242628,0.010752
242702,0.018688
242759,0.035584
242764,1.028864
242843,0.019968
242855,0.01024
242869,0.00896
242908,0.00768
242946,2.194176
242985,0.014592
243112,0.087296
243131,0.023808
243148,0.010496
243179,2.111232
243259,0.0896
243321,0.00256
243353,0.01024
243364,0.695808
243429,0.029696
243459,0.185088
243469,0.072192
243509,0.009984
243517,0.071168
243529,0.065024
243549,0.04224
243569,0.0768
243579,0.165376
243589,0.007936
243609,0.03968
243619,0.027392
243629,0.158464
243649,0.150016
243669,0.057856
243679,0.3072
243699,0.206592
243719,0.236544
243729,0.148224
243739,0.102656
243749,0.24448
243759,0.264704
243769,0.12928
243779,0.257536
243789,0.148992
243809,0.359424
243819,0.070144
243839,0.128512
243849,0.229888
243859,0.161024
243869,0.566528
243879,0.196096
243889,0.180224
243899,0.321024
243909,0.488448
243919,0.12032
243929,0.226304
243964,0.129792
243984,0.056576
244052,0.03968
244112,0.018688
244181,0.012288
244253,0.003072
244292,0.006144
244349,0.054272
244404,0.004096
244451,0.032256
244515,0.02048
244564,0.752384
244589,0.06656
244614,0.118272
244664,0.014336
244680,0.025344
244743,0.006912
244776,0.033792
244790,0.42368
244880,0.014336
244922,0.006656
244944,0.006656
244986,0.052736
245050,0.004352
245063,0.244992
245100,0.020224
245162,0.124928
245164,2.165248
245344,0.003328
245359,0.106496
245416,0.01024
245426,0.156928
245455,0.0064
245547,0.015104
245607,0.011776
245622,0.0192
245764,0.263936
245787,0.07808
245856,0.03712
245914,0.008448
245964,0.090112
246014,0.09728
246060,0.008448
246092,0.000768
246104,0.002304
246154,0.432384
246202,0.006912
246205,0.214016
246321,0.161024
246357,0.08192
246364,3.727104
246454,0.11136
246506,0.032768
246517,0.044544
246540,0.007424
246589,0.190208
246650,0.018176
246658,0.160256
246719,0.000768
246742,0.03456
246787,0.080896
246793,0.044544
246836,0.035328
246941,0.005888
247040,0.02816
247084,0.066048
247101,0.013568
247112,0.2432
247122,0.396544
247225,0.02688
247235,0.071424
247287,0.004096
247320,0.003584
247351,0.01024
247406,0.029952
247412,0.00512
247505,0.02048
247543,0.01792
247556,0.00256
247564,1.06112
247699,0.004864
247721,0.177664
247746,0.011264
247761,0.054272
247787,0.068608
247814,0.064
247820,0.695296
247827,0.49408
247850,0.616704
247924,0.016896
247994,0.007168
248080,0.02816
248106,0.01664
248160,0.047616
248222,0.000512
248245,0.155904
248368,0.003328
248383,0.007168
248405,0.100352
248442,0.026624
248447,0.028416
248464,0.059136
248532,0.251136
248589,0.018432
248609,0.027392
248679,0.044544
248699,0.01024
248720,0.056064
248728,0.007424
248754,0.190976
248764,1.194496
248780,1.243648
248826,0.007424
249004,0.027904
249006,0.22656
249043,0.039168
249090,0.015104
249104,0.021248
249155,0.0064
249185,0.375296
249207,0.051456
249241,0.12032
249263,0.190208
249334,0.041472
249364,0.02688
249381,0.311808
249382,0.487936
249394,0.503552
249476,0.037376
249497,0.074496
249542,0.009984
249577,0.01152
249619,0.013312
249624,0.070144
249793,0.018432
249801,0.008192
249937,0.189952
249964,1.124096
250017,0.02176
250102,0.068352
250146,0.023552
250157,0.060672
250274,0.007936
250350,0.013312
250479,0.011264
250539,0.055296
250564,0.023808
250576,0.00768
250579,0.086784
250599,0.01024
250666,0.046592
250688,0.054784
250744,0.027392
250760,0.026624
250799,0.047872
250822,0.014592
250995,0.026112
251061,0.008192
251092,0.037632
251121,0.064512
251164,1.338368
251243,0.04352
251272,0.0512
251276,0.03072
251322,0.007168
251431,0.009984
251441,0.034816
251473,0.014848
251586,0.058368
251631,0.006912
251671,0.00256
251734,0.091392
251764,5.920256
251867,0.005632
251967,0.01152
251970,0.008448
251992,0.000768
252039,0.023808
252069,0.072704
252156,0.022016
252203,0.002304
252208,0.0064
252228,0.498688
252364,0.17792
252450,0.027904
252522,0.025856
252594,0.00512
252676,0.003328
252708,0.040704
252742,0.01024
252889,0.086784
252917,0.047616
252964,4.037632
253036,0.044288
253111,0.016128
253174,0.075008
253215,0.0064
253324,0.016384
253340,0.040448
253375,0.04864
253488,0.015616
253548,0.017408
253562,0.040192
253564,0.08576
253673,0.009728
253726,0.141312
253776,0.000768
253819,0.043776
253836,0.022272
253844,0.012032
253866,0.020736
253895,0.0
253952,0.022272
253989,0.046592
254054,0.062464
254080,0.0128
254132,0.04608
254164,1.88544
254207,0.124672
254280,0.002304
254370,0.03712
254426,0.001024
254448,0.018432
254468,0.000768
254509,0.051968
254522,0.026368
254616,0.01664
254729,0.179968
254764,3.487744
254786,0.321792
254954,0.032768
254957,0.019456
255010,0.037632
255104,0.025344
255139,0.009472
255224,0.024576
255252,0.037888
255270,0.137728
255358,0.119808
255376,1.75232
255471,0.007424
255490,0.048128
255530,0.006656
255612,0.009984
255627,0.167936
255677,0.050688
255775,0.007936
255777,0.076032
255871,0.084224
255955,0.01664
255964,0.464128
255982,0.032768
256053,0.018176
256055,0.009216
256096,0.000256
256146,0.02176
256259,0.035328
256298,0.007424
256384,0.126464
256410,0.060416
256461,0.045056
256470,0.050176
256504,0.018688
256514,0.021248
256535,0.075008
256557,0.00256
256564,0.00768
256580,0.10112
256705,0.10752
256761,0.001024
256765,0.24704
256808,0.00384
256838,0.0064
256863,0.039424
256894,0.034048
256924,0.079872
256940,0.047104
257020,0.024576
257066,0.018432
257082,0.019968
257097,0.01792
257164,2.152192
257197,0.450048
257237,0.147456
257354,0.003072
257358,0.062208
257541,0.016384
257635,0.061184
257682,0.01664
257737,0.079616
257754,0.079104
257764,2.678016
257783,1.851648
257904,0.044288
257996,0.087296
258067,0.066816
258074,0.153856
258117,0.04096
258147,0.090368
258157,0.445184
258186,0.020992
258211,0.083968
258364,1.915392
258564,0.051712
258649,0.027904
258653,0.004864
258691,0.00768
258698,0.043008
258717,0.016384
258868,0.000512
258883,0.007424
258892,0.011776
258934,0.006912
258964,1.532928
259076,0.006144
259155,0.107008
259196,0.019712
259206,0.004864
259251,0.014592
259254,0.039424
259269,0.013056
259312,0.001024
259356,0.026112
259381,0.032256
259417,0.076288
259478,0.068608
259502,0.001024
259510,0.091136
259557,0.008192
259564,3.613696
259591,5.8432
259730,0.000256
259764,0.007936
259796,0.004352
259892,0.02432
259910,0.58112
259963,4.878336
260016,0.013824
260037,0.059136
260078,0.00768
260113,0.02944
260132,0.026368
260156,0.243968
260164,0.441088
260180,0.357376
260237,0.256768
260293,0.007168
260299,0.012032
260316,0.007936
260366,0.00384
260397,0.010752
260410,0.057088
260573,0.00128
260583,0.0192
260613,0.048128
260669,0.02432
260681,0.0
260699,0.024832
260751,0.043008
260764,0.009728
260779,0.041984
260852,0.00512
260962,0.007168
260973,0.410368
261012,0.021504
261152,0.002304
261192,0.005888
261224,0.005376
261364,0.001792
261366,0.897536
261382,0.539392
261414,1.289984
261475,0.095232
261500,0.913408
261572,0.02944
261573,0.025088
261600,0.020224
261618,0.054784
261622,0.001536
261644,0.012288
261718,0.028672
261746,0.002048
261770,0.41088
261811,0.002304
261818,0.03456
261831,0.032
261851,0.02176
261874,0.00256
261920,0.0
261936,0.00896
261944,0.002304
261959,0.0576
261977,0.023808
261979,0.202752
262018,0.0768
262026,0.00128
262082,0.011008
262100,0.02688
262119,0.000768
262194,0.01664
262223,0.040192
262297,0.009216
262326,0.02688
262363,0.109056
262483,0.027392
262499,0.051456
262545,0.02304
262553,0.279296
262564,3.373312
262583,0.804864
262633,0.150016
262673,0.208896
262693,0.158976
262713,0.418048
262733,0.02432
262743,0.12288
262763,0.108032
262773,0.189952
262793,0.113408
262823,0.17536
262833,0.282624
262843,0.04992
262853,0.123904
262863,0.199168
262883,0.248576
262903,0.087552
262913,0.488192
262943,0.276224
262953,0.238592
262963,0.003072
262973,0.157184
262983,0.419072
263013,1.16224
263023,0.092928
263053,0.367616
263063,0.39296
263073,0.129536
263083,0.343552
263113,0.016896
263133,0.557568
263143,0.2176
263163,0.139776
263164,1.841664
263177,1.361664
263203,0.01408
263253,0.607488
263263,0.580096
263323,0.292096
263373,0.014336
263493,0.017664
263518,0.093952
263553,0.08064
263567,0.006144
263579,0.02944
263602,0.014336
263657,0.012544
263719,0.005376
263764,4.677632
263792,0.26368
263862,0.005632
263892,0.009216
263963,0.022528
264010,0.173312
264054,0.006912
264070,0.04864
264108,0.00896
264193,0.008704
264198,0.015104
264271,0.026112
264288,0.584704
264359,0.035328
264390,0.139776
264476,0.021248
264496,0.022784
264518,0.05888
264621,0.024832
264702,0.041216
264712,0.043008
264755,0.024832
264786,0.015616
264823,0.012032
264845,0.013312
264853,0.004096
264924,0.007936
264942,0.063488
264957,0.000256
264976,0.027136
264983,0.1472
264992,0.025856
265033,0.013568
265070,0.003584
265085,0.021248
265118,0.024832
265128,0.020224
265141,0.00128
265166,0.0128
265268,0.020224
265289,0.335104
265332,0.280576
265400,0.026112
265503,0.009216
265535,0.000512
265564,2.9312
265612,0.025344
265808,0.01024
265820,0.21504
265890,0.010496
265945,0.016128
266099,0.03712
266123,0.02304
266153,0.102144
266177,0.791296
266185,0.841728
266210,0.015616
266299,0.016128
266357,0.004608
266400,0.02048
266421,0.055808
266444,0.077056
266451,0.001536
266489,0.14976
266574,0.018432
266579,0.002048
266648,0.012288
266678,0.032768
266717,0.047616
266746,0.010496
266781,0.2112
266782,1.493248
266866,0.03968
266977,0.116992
267033,0.036864
267047,0.015104
267060,0.019968
267122,0.030208
267180,0.209664
267280,0.254976
267306,0.011264
267377,0.092416
267384,0.110848
267386,0.412416
267609,0.007168
267626,0.0
267642,0.017664
267661,0.002304
267679,0.031232
267794,0.02048
267810,0.000512
267868,0.010496
267925,0.248576
267964,4.189184
268028,0.012032
268064,0.043008
268079,0.049408
268089,0.011008
268112,0.04864
268225,0.007936
268286,0.051712
268310,0.002048
268354,0.000512
268399,0.143104
268473,0.012544
268540,0.0
268546,0.002816
268564,0.026112
268610,0.064768
268665,0.045312
268720,0.093952
268818,0.21504
268854,0.031232
268889,0.01024
268907,0.023552
268926,0.68608
269092,0.004864
269115,0.052992
269162,0.1792
269164,1.435648
269264,0.111872
269356,0.002816
269370,0.033536
269393,0.530688
269420,0.047872
269577,0.0064
269670,0.019712
269745,0.017152
269763,0.04096
269764,1.508864
269782,0.280576
269838,0.31488
269945,0.083712
270000,0.726272
270038,0.01792
270048,0.030464
270079,0.011008
270120,0.018176
270145,0.114176
270226,0.019968
270343,0.014848
270364,2.53568
270388,0.184576
270442,0.023552
270531,0.007424
270596,0.03968
270632,0.054784
270655,0.056576
270695,0.02944
270716,0.00256
270795,0.040704
270812,0.035328
270832,0.005632
270894,0.06528
270911,0.034304
270916,0.200192
270977,0.122624
270997,0.04736
271025,0.004352
271043,0.014592
271110,0.35328
271169,0.056576
271207,0.097536
271237,0.029184
271250,0.045312
271276,0.002816
271346,0.037888
271401,0.024576
271421,0.013824
271493,0.044288
271494,1.980928
271564,3.43552
271610,1.02912
271648,0.00256
271681,0.060672
271773,0.072704
271803,0.014336
271850,0.18048
271907,0.015104
271947,0.107776
272008,0.013568
272019,0.018944
272108,0.019456
272164,1.714688
272210,0.022784
272237,0.02048
272338,0.03584
272378,0.054784
272385,0.06272
272436,0.111616
272524,0.044288
272578,0.011008
272604,0.02048
272607,0.021504
272686,0.077568
272719,0.016128
272745,0.023552
272764,0.224256
272782,0.156928
272786,0.42496
272827,0.085248
272878,0.182784
272923,0.023296
272946,0.004864
273012,0.05632
273078,0.005376
273080,0.006144
273108,0.065792
273136,0.000512
273164,0.042496
273168,0.026624
273207,0.00512
273211,0.027392
273242,0.195072
273272,0.053248
273364,0.008448
273376,0.724736
273427,0.03712
273464,0.01024
273489,0.031744
273511,0.274432
273588,0.010496
273697,0.067072
273724,0.03584
273762,0.014848
273786,0.008192
273811,0.002304
273828,0.095488
273848,0.005632
273888,0.02304
273964,0.573952
274041,0.001536
274073,0.009472
274140,0.043264
274173,0.06912
274203,0.077312
274231,0.111872
274273,0.341504
274360,0.017152
274402,0.064768
274442,0.00384
274507,0.014592
274564,0.050432
274582,0.019456
274652,0.37504
274689,0.015104
274725,0.04096
274799,0.017664
274852,0.02432
274896,0.011264
274910,0.01792
274945,0.128512
275024,0.063232
275097,0.006144
275164,2.0608
275276,0.0064
275294,0.027136
275337,0.019968
275496,0.022272
275552,0.044288
275583,0.024576
275657,0.013056
275705,0.01792
275718,0.013824
275727,0.041216
275764,0.091136
275778,0.037376
275780,0.036352
275784,0.173312
275844,0.005376
275850,0.017664
275928,0.004096
275940,0.045568
276076,0.0
276142,0.01536
276158,0.021504
276223,0.0896
276228,0.945408
276312,0.029184
276364,0.025088
276376,0.07296
276412,0.008192
276442,0.026112
276480,0.049152
276540,0.037632
276561,0.022272
276627,0.008448
276664,0.008704
276703,0.013056
276754,0.01152
276772,0.017152
276786,0.003328
276833,0.081152
276951,0.02432
276976,0.399104
276988,0.453376
277101,0.020224
277213,0.02304
277223,0.042752
277260,0.049152
277339,0.003072
277480,0.005632
277564,3.396352
277589,1.20576
277656,0.054272
277673,0.0448
277786,0.01792
277823,0.017664
277864,0.004352
277921,0.043776
277976,0.012288
277982,0.009472
278030,0.004096
278034,0.03072
278130,0.001536
278138,0.003328
278144,0.025344
278164,8.48
278236,0.006656
278310,0.005888
278315,0.065536
278431,0.067072
278459,0.001024
278571,0.02304
278647,0.006144
278779,0.178432
278780,4.771328
278826,0.024576
278851,1.923072
278936,0.0576
278968,0.057088
279003,0.01024
279049,0.014592
279099,0.093952
279263,0.159232
279348,0.055552
279360,0.052224
279364,1.128448
279384,0.223744
279482,0.13056
279558,0.03456
279568,0.041216
279578,0.122368
279848,0.013056
279850,0.012544
279928,0.000768
279964,7.149312
280057,0.025856
280087,0.212736
280137,0.034048
280148,0.546048
280169,0.00384
280186,0.448256
280236,0.03072
280296,0.040192
280350,1.002752
280419,0.093952
280535,0.031744
280558,0.007168
280579,0.122368
280594,1.125888
280669,0.0256
280706,0.013568
280732,0.019968
280780,0.086784
280821,0.59776
280914,0.049664
280941,0.020992
280972,0.022784
281010,0.021504
281142,0.064512
281164,2.3488
281183,1.732352
281238,0.026112
281251,0.01536
281281,0.53888
281352,0.006656
281385,0.014592
281399,0.002816
281428,0.077568
281456,0.033536
281495,0.012288
281517,0.05888
281532,0.309248
281565,0.014336
281612,0.184832
281639,0.394752
281708,0.126976
281718,0.037376
281745,0.086528
281752,0.171008
281771,0.275456
281779,5.832448
281853,0.020224
281883,0.10752
281897,0.03328
281987,0.078592
282044,0.106496
282075,1.072896
282155,0.03712
282195,0.00768
282227,0.0128
282284,0.0
282364,4.073984
282449,0.01152
282478,0.095232
282522,0.047872
282576,0.051456
282670,0.161024
282740,0.015616
282768,0.043008
282801,0.410624
282942,0.037632
282949,0.02048
282962,0.02432
282986,0.004352
283020,0.134912
283047,0.018688
283127,0.051968
283177,0.024832
283264,0.00768
283358,0.043008
283411,0.030976
283447,0.029952
283449,0.277248
283511,0.123136
283564,0.00128
283582,1.874944
283615,0.001792
283681,0.013824
283710,0.013568
283781,0.044544
283810,0.027648
283865,0.056064
283898,0.004352
283930,0.141568
284029,0.016128
284032,0.025856
284037,0.069632
284054,0.046848
284115,0.003072
284157,0.07168
284164,0.099584
284185,1.599744
284226,0.068608
284244,0.264704
284300,0.0128
284323,0.013056
284411,0.015872
284483,0.009472
284520,0.004608
284534,0.016128
284569,0.023552
284587,0.004608
284674,0.03584
284762,0.13056
284764,0.4736
284783,0.027648
284828,0.015872
284871,0.079616
284927,0.020992
284967,0.051456
284986,0.006912
285086,0.026368
285123,0.002048
285166,0.100608
285228,0.026112
285283,0.045824
285364,0.43008
285378,0.171008
285382,0.211712
285414,0.05504
285464,0.010752
285471,0.008448
285494,0.00896
285586,0.020224
285664,0.108032
285720,0.00256
285736,0.004096
285750,0.212736
285776,0.01152
285792,0.009216
285833,0.04096
285919,0.039424
285930,0.007168
285964,4.807936
285991,1.864448
286037,0.001536
286063,0.013056
286091,0.1408
286116,0.03584
286144,0.00384
286244,0.02048
286254,0.01024
286271,0.81152
286333,0.081408
286435,0.04608
286458,0.029696
286503,0.002304
286524,0.043776
286552,0.098048
286564,0.156672
286596,0.054528
286625,0.002304
286638,0.058624
286674,0.073216
286744,0.00896
286826,0.02048
286890,0.006656
286901,0.01664
286904,0.121856
286971,0.005888
287037,0.009216
287066,0.029952
287111,0.027392
287164,0.935936
287262,0.054272
287302,0.014336
287404,0.082944
287430,0.033536
287442,0.035328
287477,0.027136
287508,0.02304
287548,0.026624
287558,0.00256
287605,0.217856
287654,0.082944
287681,0.002048
287759,0.115968
287770,0.083712
287817,0.017408
287838,0.103168
287870,0.186624
287913,0.010752
287927,0.131072
287958,0.02176
287978,0.035584
287997,0.0064
288080,0.009472
288112,0.013568
288164,0.044032
288177,0.049152
288203,0.424448
288242,0.02304
288263,0.075776
288313,0.025088
288349,0.016128
288362,0.024064
288364,4.535552
288496,0.032512
288506,0.024832
288607,0.028416
288649,0.024064
288652,0.065024
288660,0.006656
288710,0.079872
288740,0.045568
288817,0.122112
288844,0.006144
288863,0.056576
288865,0.022272
288960,0.011264
288983,0.077568
289030,0.023296
289185,0.01792
289246,0.003328
289314,0.026112
289371,0.037888
289441,0.074496
289450,0.084992
289532,0.005632
289550,0.010496
289564,1.09568
289581,0.19584
289607,0.03968
289652,0.008704
289694,0.004864
289700,0.00896
289764,0.006656
289779,0.0832
289886,0.01536
289926,0.047616
289964,0.025344
289977,0.047616
290077,0.001792
290140,0.00768
290164,0.075008
290201,0.091392
290258,0.074496
290294,0.052224
290370,0.027904
290384,0.10624
290461,0.007936
290537,0.028416
290554,0.000768
290627,0.048896
290651,0.058624
290657,0.022784
290683,0.01152
290707,0.028928
290746,0.085504
290764,0.46336
290786,0.334336
290829,0.296704
290987,0.006912
291022,0.020992
291086,0.29824
291121,0.005632
291230,0.027392
291316,0.049152
291337,0.005888
291363,0.09856
291364,2.56128
291418,0.070144
291450,0.0448
291503,0.01536
291562,0.006144
291590,0.01536
291606,0.002048
291619,0.1472
291643,0.004864
291676,0.02432
291701,0.00384
291803,0.806912
291964,1.839104
292026,0.002816
292051,0.011776
292110,0.011264
292175,0.017152
292191,0.008704
292217,0.004864
292276,0.029952
292302,0.013824
292330,0.07424
292412,0.014336
292435,0.015872
292535,0.00512
292538,0.00512
292564,0.032768
292581,0.189952
292586,0.059136
292597,0.140032
292727,0.009472
292737,0.075264
292811,0.00128
292874,0.016384
292919,0.012032
292958,0.000512
292972,0.021504
293036,0.007936
293061,0.221952
293155,0.00128
293160,0.019712
293164,4.851712
293259,0.047104
293314,0.017152
293399,0.01024
293408,0.071168
293447,0.01408
293517,0.040192
293550,0.11648
293573,0.277504
293607,0.077568
293638,0.02176
293690,0.005632
293747,0.09856
293764,5.804288
293849,0.029952
293910,0.052224
293946,0.041472
294017,0.315392
294080,0.00512
294085,0.021248
294104,0.014848
294121,0.004608
294131,0.043776
294146,0.020224
294198,0.02688
294200,0.014592
294241,0.005376
294313,0.035072
294323,0.049664
294344,0.054784
294425,0.03584
294436,0.068608
294458,0.008192
294509,0.19328
294574,0.205056
294630,0.019456
294646,0.759552
294830,0.02816
294871,0.007168
294945,0.020736
294964,0.004096
294976,0.021248
294978,0.715008
295020,0.01664
295029,0.548352
295056,0.041472
295113,0.024064
295126,0.011008
295155,0.086272
295174,0.13312
295212,0.029696
295238,0.026368
295247,0.044032
295326,0.018432
295340,0.005376
295399,0.008448
295457,0.259584
295524,0.02432
295564,2.044416
295613,0.007424
295651,0.023552
295689,0.027648
295734,0.009984
295783,0.028928
295800,0.045824
295861,0.05376
295896,0.030464
295921,0.034304
295957,0.11392
295999,0.020992
296014,0.0192
296056,0.021248
296123,0.00128
296127,0.07296
296164,4.492544
296283,0.007424
296317,0.01792
296331,0.062208
296471,0.012544
296600,0.007936
296618,0.029184
296626,0.023296
296671,0.009472
296737,0.77696
296776,0.27904
296845,0.059904
296899,0.076288
296990,0.01024
297030,0.0064
297049,0.077312
297085,0.00256
297120,0.019456
297254,0.013568
297337,0.018944
297364,0.017664
297377,0.034816
297379,0.448768
297383,0.088576
297507,0.12288
297562,0.00512
297567,0.027136
297576,0.115712
297606,0.041728
297629,0.049152
297693,0.04352
297746,0.006144
297766,0.000256
297794,0.006656
297824,0.000512
297881,0.002048
297984,0.004608
298003,0.065792
298056,0.018688
298092,0.139776
298137,0.106496
298170,0.024576
298201,0.03968
298234,0.024064
298264,0.065024
298299,0.005888
298346,0.33024
298477,0.001536
298529,0.039936
298564,0.016384
298586,0.023296
298640,0.001024
298665,0.1344
298755,0.012288
298788,0.020992
298820,0.009216
298885,0.157696
298900,0.056832
299014,0.034816
299033,0.069888
299083,0.11008
299147,0.009728
299165,0.556288
299183,0.124416
299224,0.01152
299281,0.009984
299301,0.008704
299330,0.103936
299367,0.0
299391,0.001792
299450,0.05504
299537,0.000768
299590,0.00384
299718,0.036096
299746,0.065792
299754,0.009728
299764,0.54528
299779,0.756224
299817,0.024576
299991,0.020224
299996,0.025088
300019,0.067328
300038,0.007936
300114,0.040704
300159,0.028672
300185,0.107264
300346,0.008704
300364,0.028416
300381,0.055808
300382,0.140544
300429,0.043264
300492,0.034816
300529,0.13056
300571,0.013824
300581,0.077056
300605,0.050688
300620,0.006656
300718,0.03712
300779,0.084736
300821,0.04864
300900,0.03072
300911,0.104192
300958,0.05248
300977,0.002816
301036,0.017152
301115,0.00256
301142,0.020992
301195,0.011264
301238,0.010752
301253,0.078592
301294,0.101376
301372,0.03968
301400,0.046336
301418,0.00128
301450,0.03456
301530,0.365824
301564,9.536
301642,0.01792
301693,0.022528
301731,0.02688
301784,0.213504
301898,0.037888
301948,0.422144
302007,0.115968
302045,0.013824
302131,0.078336
302152,0.000256
302164,0.184064
302183,1.075456
302241,0.17664
302374,0.064256
302405,0.032256
302469,0.024832
302508,0.036608
302530,0.040448
302551,0.000512
302570,0.001792
302578,0.067584
302633,0.045568
302657,0.005888
302661,0.001024
302688,0.052992
302722,0.028416
302764,3.501312
302776,13.145856
302878,0.003328
302931,0.00512
302952,0.05632
303123,0.032256
303133,0.027904
303199,0.018176
303214,0.004352
303215,0.66176
303264,0.061696
303295,0.02304
303344,0.027904
303364,0.050432
303376,0.049408
303463,0.025856
303529,0.006656
303581,0.030208
303601,0.045568
303603,0.234496
303777,0.04608
303813,0.007424
303840,0.06784
303866,0.006656
303883,0.00256
303903,0.006912
303934,0.036352
303956,0.049152
303985,0.18816
304171,0.017408
304191,0.013824
304234,0.395264
304274,0.00128
304334,0.007936
304355,0.007936
304460,0.385024
304506,0.025344
304534,0.0448
304564,0.491776
304584,1.414656
304692,0.018432
304715,0.072448
304762,0.029952
304781,0.014592
304786,0.014336
304863,0.067328
304894,0.039168
304919,0.064512
304968,0.00384
304976,0.027648
304988,0.010752
305000,0.403456
305079,0.008192
305092,0.018944
305120,0.01024
305157,0.017152
305164,0.018688
305183,0.259072
305185,0.084736
305264,0.044032
305280,0.010496
305310,0.116736
305320,0.19584
305330,0.01024
305340,0.295424
305380,0.0192
305390,0.096768
305400,0.032512
305410,0.016896
305420,0.179712
305440,0.231168
305460,0.113152
305470,0.08576
305490,0.115456
305500,0.14976
305510,0.155392
305520,0.26752
305530,0.100608
305540,0.17664
305550,0.151808
305560,0.232192
305570,0.252672
305580,0.068608
305590,0.076544
305610,0.090368
305620,0.159232
305630,0.263168
305690,0.161536
305710,0.002816
305720,0.012544
305764,0.126976
305797,0.21632
305825,0.060416
305939,0.013312
305957,2.0352
306020,0.010752
306030,0.049664
306046,0.022528
306216,0.028416
306260,0.01152
306263,0.001024
306286,0.00768
306334,0.088064
306364,0.456192
306377,0.019456
306455,0.016128
306554,0.060416
306618,0.030208
306669,0.025856
306694,0.017408
306708,0.05504
306743,0.01664
306746,0.03584
306779,0.126976
306964,1.737984
307062,0.116992
307140,0.006656
307154,0.013568
307187,0.027392
307332,0.036096
307514,0.003584
307524,0.34048
307560,0.289792
307564,1.7408
307649,0.145152
307687,0.124672
307706,0.004608
307718,0.385792
307774,0.036608
307775,0.045824
307800,0.042752
307837,0.013056
307883,0.020992
307921,0.003584
307925,0.011776
307938,0.009984
307995,0.040448
308027,0.05248
308078,0.043008
308134,0.044288
308163,0.001536
308164,0.559104
308207,0.039936
308262,0.374272
308336,0.000256
308470,0.043776
308484,0.019968
308550,0.027392
308582,0.0128
308618,0.1792
308636,0.020992
308641,0.18432
308761,0.47872
308764,3.09888
308953,0.334592
308972,0.442624
309006,0.03072
309029,0.079104
309103,0.007168
309140,0.001536
309161,0.009728
309186,0.043008
309250,0.066048
309330,0.007168
309364,3.524096
309442,0.001024
309471,0.00384
309492,0.047616
309523,0.005632
309544,0.026368
309570,0.032512
309686,0.018432
309700,0.019456
309729,0.036352
309748,0.292608
309842,0.004352
309862,0.007424
309964,2.907392
310099,0.032256
310137,0.004352
310180,0.00256
310223,0.001024
310247,0.026368
310297,0.013312
310358,0.004352
310420,0.008704
310483,0.013824
310564,1.20448
310614,0.009728
310707,0.129024
310751,0.023552
310827,0.07808
310855,0.026624
311005,0.003072
311089,0.005632
311163,1.592832
311192,0.402176
311250,0.072704
311281,0.080384
311312,0.009472
311357,0.043776
311400,0.159232
311453,0.140032
311486,0.01536
311529,0.038912
311534,0.03712
311544,0.016896
311639,0.001024
311686,0.039168
311748,0.00256
311764,10.65216
311828,0.11776
311852,0.006656
311916,0.042496
311975,0.011776
311995,0.011008
312017,0.004864
312128,0.007424
312205,0.002304
312236,0.039424
312282,0.164096
312330,0.142848
312524,0.001792
312571,0.005376
312582,0.02688
312608,0.022784
312622,0.023296
312656,0.0064
312728,0.013568
312828,0.063488
312853,0.018432
312946,0.07296
312964,2.17344
313011,0.087552
313035,0.042752
313037,0.033536
313070,0.000256
313088,1.415936
313130,0.035328
313141,0.012544
313164,0.01152
313167,0.002816
313212,0.004096
313253,0.006656
313279,0.04096
313301,0.044288
313310,0.048128
313365,0.027392
313371,0.012544
313396,0.067072
313434,0.036608
313477,0.052224
313556,0.006912
313564,1.769984
313584,0.332544
313664,0.05888
313694,0.0256
313711,0.000768
313738,0.004864
313785,0.01152
313844,0.009728
313850,0.027136
313872,0.003328
313919,0.045568
313978,0.01792
314025,0.002304
314029,0.082176
314069,0.006656
314104,0.075264
314114,0.280576
314157,0.021504
314164,3.418112
314252,0.093696
314280,0.001792
314293,0.00512
314319,0.029696
314340,0.021248
314379,0.05248
314425,0.015616
314488,0.01664
314549,0.002816
314577,0.002048
314678,0.02304
314693,0.010496
314734,0.016384
314764,1.756928
314868,0.048896
314894,0.250368
314998,0.032768
315135,0.066048
315158,0.423424
315230,0.002816
315234,0.027392
315268,0.017664
315316,0.138496
315351,0.04864
315362,0.094208
315364,2.607104
315433,0.008704
315508,0.609792
315537,0.096512
315586,0.018432
315611,0.0192
315683,0.02944
315693,0.01536
315792,0.010496
315838,0.048384
315926,0.002304
315950,0.011008
315980,0.321792
315995,0.110592
316070,0.296448
316108,0.042752
316110,0.110848
316148,0.003328
316182,0.001792
316196,0.03968
316413,0.000256
316510,0.0384
316564,2.696704
316590,0.007424
316772,0.020992
316855,0.15104
316899,0.084736
316981,0.025088
317041,0.042752
317047,0.212224
317111,0.004352
317146,0.347392
317167,0.027904
317236,0.016384
317287,0.009472
317362,0.075008
317401,0.04224
317419,0.011008
317450,0.017152
317463,0.09216
317494,0.0192
317553,0.070912
317577,0.018688
317633,0.005632
317686,0.056832
317707,0.016896
317750,0.002816
317787,0.110848
317802,0.022784
317828,0.011264
317897,0.081408
317918,0.066816
317949,0.040192
318000,0.0128
318043,0.00384
318057,0.06144
318080,0.009216
318127,0.549632
318215,0.007936
318234,0.008192
318245,0.009728
318263,0.00256
318331,0.013824
318340,0.133376
318364,0.735232
318425,0.058624
318473,0.0256
318494,0.057344
318527,0.04224
318552,0.024064
318555,0.04224
318584,0.009984
318622,0.010752
318660,0.00256
318685,0.04864
318735,0.044544
318741,0.019456
318770,0.02432
318776,0.048384
318805,0.006144
318871,0.410624
318964,2.591488
319096,0.012288
319255,0.001792
319322,0.00896
319399,0.11136
319411,0.041216
319443,0.009216
319474,0.004352
319499,0.018688
319514,0.078336
319564,3.140864
319615,0.028672
319667,0.010752
319724,0.014848
319749,0.117248
319802,0.072192
319858,0.056064
319939,0.015104
319956,0.001024
320086,0.050432
320110,0.055808
320164,0.026624
320181,0.016128
320220,0.059136
320266,0.023808
320287,0.017408
320290,0.007936
320332,0.046336
320406,0.018176
320467,0.030976
320501,0.011008
320652,0.305664
320750,0.070144
320764,0.043008
320777,6.699776
320861,0.023552
320880,0.023552
320997,0.034048
321054,0.015872
321098,0.026112
321116,0.05376
321144,0.028672
321177,0.027392
321185,0.004864
321314,0.014592
321354,0.024064
321364,1.250816
321436,0.020992
321487,0.002816
321544,0.062208
321607,0.007424
321630,0.05888
321782,0.086272
321798,0.499456
321848,0.026624
321900,0.002048
321915,0.019712
321944,0.108544
321983,0.006656
322013,0.017664
322020,0.00128
322095,0.032256
322114,0.11008
322156,0.012032
322178,0.020224
322225,0.011264
322280,0.01408
322317,0.009984
322353,0.249088
322365,0.000512
322428,0.070144
322437,0.01792
322470,0.026624
322477,0.048896
322499,0.015872
322530,0.194304
322592,0.171008
322656,0.150016
322694,0.007424
322697,0.04224
322759,0.040704
322770,0.013312
322777,0.00768
322839,0.019712
322867,0.046592
322891,0.056576
322932,0.001792
322972,0.009728
322982,0.001792
323016,0.06784
323059,0.013568
323083,0.020736
323156,0.017664
323164,0.26496
323177,0.00128
323215,0.03072
323264,0.009472
323268,0.035328
323293,0.020992
323335,0.018944
323347,0.00128
323423,0.017152
323435,0.006912
323509,0.021504
323576,0.013056
323579,0.241408
323638,0.022528
323645,0.048384
323696,0.017408
323763,0.007936
323765,0.030208
323778,0.0448
323781,0.301824
323796,3.088896
323905,0.05632
324017,0.09344
324044,0.119296
324079,0.054272
324111,0.045312
324147,0.0064
324158,0.03072
324179,0.617216
324243,0.098048
324276,0.0064
324327,0.00128
324353,0.011008
324364,0.347392
324386,0.022272
324421,0.23424
324454,0.029696
324513,0.012032
324570,0.0064
324661,0.055808
324710,0.004096
324734,0.049664
324750,0.04352
324765,0.002048
324778,0.013568
324840,0.009984
324853,0.045056
324900,0.010752
324927,0.005632
324939,0.01024
324964,0.0448
324976,0.059648
325037,0.032512
325147,0.015872
325201,0.058368
325224,0.024064
325262,0.12032
325306,0.030208
325331,0.024064
325363,0.036096
325466,0.054528
325511,0.13056
325541,0.061184
325576,0.049664
325582,0.070912
325636,0.001024
325650,0.066816
325736,0.012288
325767,0.029952
325907,0.004352
325918,0.020992
325971,0.036352
326002,0.012288
326028,0.01408
326052,0.024064
326074,0.009728
326149,0.001792
326164,0.018944
326187,1.407488
326330,0.018432
326400,0.067328
326470,0.016128
326477,0.078336
326527,0.03968
326560,0.001536
326563,0.022528
326604,0.024576
326679,0.019712
326702,0.014336
326764,1.143552
326821,0.00512
326893,0.053248
326952,0.236288
326974,0.017408
327135,0.008192
327136,0.009472
327178,0.004608
327214,0.004608
327231,0.01024
327319,0.012032
327364,2.752512
327393,0.361984
327467,0.051712
327500,0.02944
327508,0.017664
327555,0.132352
327569,0.02944
327598,0.042752
327602,0.007168
327641,0.080128
327667,0.016128
327699,0.027648
327761,0.005888
327773,0.013312
327801,0.01024
327835,0.022272
327869,0.110336
327880,0.189952
327928,0.000256
327955,0.023296
327976,0.050176
327982,0.0128
328065,0.002048
328106,0.025344
328138,0.081408
328277,0.01024
328283,0.022528
328362,0.007936
328473,0.031232
328533,0.06912
328549,0.079616
328564,0.016896
328585,0.097536
328641,0.008192
328681,0.033024
328695,0.38016
328851,0.042752
328862,0.0448
328906,0.013568
328941,0.016128
328946,0.029696
329018,0.047616
329100,0.01408
329129,0.077312
329188,0.084736
329244,0.0704
329264,0.029696
329335,0.025088
329358,0.011264
329424,0.120064
329457,0.011008
329470,0.023296
329584,0.02304
329588,0.171776
329639,0.025088
329687,0.023296
329708,0.00768
329764,0.083456
329777,0.016384
329780,0.025344
329784,0.155648
329826,0.268288
329891,0.001792
329953,0.055296
330019,0.013056
330050,0.110848
330119,0.090624
330242,0.038144
330281,0.092928
330320,0.002048
330364,0.822784
330384,0.02048
330449,0.016896
330466,0.005888
330470,0.025088
330540,0.002048
330546,0.244224
330630,0.018176
330652,0.003328
330672,0.006656
330709,0.022016
330742,0.03584
330764,0.02432
330782,0.113152
330810,0.054016
330847,0.01024
330867,0.044544
330938,0.305664
330964,3.85664
330981,0.218112
330984,0.740608
331097,0.109824
331187,0.065536
331206,0.004608
331212,0.025856
331276,0.017152
331324,0.002816
331346,0.088832
331369,0.018432
331491,0.015616
331525,0.002304
331564,0.683008
331600,0.043776
331648,0.008448
331658,0.02176
331732,0.004096
331817,0.032512
331877,0.012032
331967,0.029696
332014,0.011008
332066,0.01024
332079,0.044544
332114,0.06016
332125,0.015872
332164,0.049152
332177,0.06272
332238,0.027136
332282,0.006912
332316,0.017408
332441,0.11008
332606,0.017664
332706,0.01792
332778,0.039424
332782,0.141568
332787,0.595968
332885,0.016128
332976,0.017408
333049,0.001536
333066,0.043264
333132,0.04864
333166,0.00128
333291,0.026624
333364,0.082176
333381,0.056064
333426,0.012288
333485,0.00896
333517,0.019456
333557,0.006656
333572,0.000512
333605,0.000512
333673,0.009984
333693,0.021248
333768,0.141056
333850,0.0128
333907,0.014336
333950,0.033024
333964,0.125696
333981,0.061184
333987,0.020736
334007,0.11392
334064,0.029952
334091,0.100096
334117,0.950528
334167,0.036608
334180,0.01152
334206,0.044288
334350,0.032256
334450,0.036864
334544,0.040704
334564,2.302976
334681,0.037376
334766,0.020736
334786,0.019712
334820,0.036352
334828,0.038912
334913,0.038656
334919,0.006656
334936,0.017408
334990,0.010752
335041,0.0384
335131,0.059648
335162,0.117248
335202,0.190208
335237,0.004864
335245,0.021504
335254,0.026112
335312,0.120832
335356,0.064768
335400,0.055552
335491,0.068864
335521,0.034816
335614,0.0
335658,0.065792
335668,0.056064
335764,0.005376
335779,0.236544
335781,0.885248
335809,0.008192
335821,0.052992
335834,0.044544
335855,0.011008
335864,0.021504
335921,0.00512
335951,0.019712
335993,0.014848
336023,0.036352
336068,0.025344
336130,0.062464
336166,0.0448
336282,0.028928
336289,0.03456
336307,0.012544
336328,0.003072
336364,0.463616
336400,0.037376
336441,0.056832
336536,0.002304
336557,0.010496
336560,0.077056
336579,0.319488
336601,0.007424
336627,0.017152
336689,0.061696
336724,0.026368
336745,0.040704
336791,0.047616
336820,0.071168
336844,0.035584
336885,0.00256
336892,0.103936
336927,0.071168
336964,1.516544
337025,0.072704
337058,0.239104
337079,0.002816
337130,0.058368
337182,0.024576
337212,0.483072
337253,0.09856
337309,0.032256
337352,0.016384
337358,0.37632
337393,0.058368
337471,0.071168
337494,0.025344
337558,0.027648
337577,0.011008
337607,0.369152
337677,0.077824
337778,0.04608
337794,0.138752
337828,0.01408
337832,0.064512
337886,0.027904
337928,0.051456
337953,0.051712
337991,0.005888
338051,0.001024
338054,0.015872
338077,0.039424
338102,0.016128
338181,0.249856
338312,0.022528
338327,0.030976
338341,0.004096
338394,0.002816
338541,0.021248
338597,0.029184
338642,0.660992
338719,0.102144
338767,0.000256
338783,0.066048
338793,0.050432
338886,0.7424
338938,0.025856
338962,0.018688
338966,0.08448
338983,0.027392
339038,0.053248
339048,0.003072
339064,0.013824
339091,0.034816
339111,0.005888
339135,0.013312
339193,0.01408
339240,0.038144
339303,0.073216
339320,0.009984
339364,0.04992
339377,6.10176
339735,0.03328
339766,0.026368
339859,0.004864
339900,0.152576
339946,0.02048
339964,0.01024
340114,0.02944
340122,0.002048
340164,0.399872
340317,0.08576
340336,0.031488
340398,0.006656
340452,0.01664
340455,0.74496
340527,0.055552
340550,0.0384
340564,5.113344
340629,0.02816
340674,0.082944
340711,0.014336
340806,0.038144
340841,0.000256
340847,0.015104
340927,0.017408
340980,0.035584
341072,0.006656
341091,0.203264
341121,0.048128
341132,0.001536
341164,1.391616
341181,0.30464
341207,0.084992
341359,0.030464
341367,0.066048
341417,0.172288
341501,0.0064
341508,0.03072
341520,0.009728
341545,0.032512
341634,0.013056
341680,0.01408
341701,0.05376
341739,0.02304
341764,0.278528
341780,0.004608
341795,0.846848
341827,0.225792
341877,0.010496
341889,0.09856
341957,0.029952
341971,0.003584
341988,0.009728
342001,0.061696
342033,0.020736
342078,0.074752
342107,0.004352
342138,0.035328
342148,0.098304
342168,1.444864
342219,0.012032
342244,0.018176
342282,0.065792
342335,0.046592
342357,0.005888
342364,0.13184
342388,0.369152
342462,0.243968
342633,0.120832
342882,0.0384
342964,0.003328
342980,0.090112
343041,0.799744
343114,0.02432
343142,0.0448
343199,0.004608
343202,0.174336
343235,0.003072
343253,0.056576
343294,0.018944
343315,0.005888
343332,0.00128
343352,0.028672
343357,0.166656
343421,0.048384
343512,0.01408
343517,0.03968
343539,0.114176
343564,0.1792
343579,0.313088
343614,0.001024
343676,0.01664
343831,0.007936
343906,0.045568
343955,0.06784
343985,0.017408
344025,0.045056
344100,0.041216
344142,0.019456
344164,0.037632
344176,0.581632
344181,0.537344
344281,0.062208
344340,0.142848
344377,0.005888
344397,0.151552
344471,0.003584
344573,0.000256
344623,0.013312
344650,0.040704
344672,0.030464
344766,0.19456
344778,0.121856
344834,0.070144
344914,0.001024
344981,0.055296
345007,0.679168
345080,0.08064
345146,0.031744
345216,0.032
345234,0.041984
345378,0.031488
345387,0.049152
345395,0.105216
345499,0.0512
345513,0.033536
345538,0.008192
345590,0.036352
345621,0.0064
345664,0.004864
345671,0.054016
345752,0.013568
345783,0.047872
345817,0.13184
345884,0.010496
345951,0.029696
345953,0.157952
345964,1.089024
345983,0.119808
346085,0.015104
346127,0.009984
346145,0.027904
346150,0.020224
346194,0.022528
346210,0.02304
346269,0.025088
346326,0.009728
346378,0.116224
346467,0.033024
346516,0.005888
346561,0.024832
346564,0.003072
346579,0.070912
346675,0.05376
346695,0.073472
346916,0.015872
346930,0.028672
346965,0.01152
346970,0.01408
347007,0.0064
347041,0.04224
347053,0.014336
347123,0.116224
347157,0.027136
347164,1.588224
347300,0.022784
347392,0.019456
347455,0.003328
347467,0.015872
347478,0.007168
347496,0.024064
347645,0.001536
347706,0.001536
347764,2.723584
347789,0.12672
347856,0.023552
347859,0.327168
347890,0.056576
347924,0.047104
347949,0.004352
347970,0.019712
348050,0.048128
348116,0.128
348248,0.063488
348294,0.163328
348325,0.02048
348350,0.033024
348355,0.007424
348374,0.0128
348383,0.045568
348533,0.027136
348535,0.025088
348573,0.021248
348577,0.039168
348604,0.045312
348627,0.205824
348775,0.009216
348961,0.12032
348964,0.169216
348985,0.119808
349023,0.02432
349068,0.663808
349122,0.022272
349141,0.02176
349213,0.000512
349294,0.68224
349372,0.006144
349448,0.025088
349467,0.004864
349518,0.0192
349528,0.048896
349564,0.0256
349577,5.463296
349694,0.017664
349722,0.005376
349800,0.012544
350015,0.030464
350085,0.002816
350094,0.110592
350117,0.05888
350124,0.420352
350164,6.848256
350224,2.405888
350312,0.00384
350392,0.033024
350408,0.033024
350441,0.012288
350464,0.003584
350493,0.022784
350534,0.155392
350579,0.009984
350600,0.008704
350604,0.3392
350654,0.551424
350674,0.247296
350714,0.069376
350724,0.084224
350744,0.175104
350764,5.14432
350804,0.08576
350824,0.067072
350834,0.160256
350844,0.02176
350854,0.234752
350864,0.039936
350884,0.170496
350894,0.11648
350904,0.118784
350914,0.109056
350934,0.392192
350954,0.4928
350974,0.539904
350994,0.510464
351004,0.011008
351014,0.056064
351024,0.180736
351034,0.22912
351044,0.510976
351054,0.45056
351064,0.153344
351084,0.133888
351094,0.458752
351104,0.296704
351124,0.320512
351134,0.01408
351144,0.038656
351154,0.084224
351164,0.291072
351174,0.257024
351184,0.089088
351194,0.217856
351204,0.464384
351234,0.369408
351244,0.141056
351264,0.585984
351274,0.088832
351314,0.764928
351334,0.036096
351344,0.19328
351364,3.255552
351476,0.029184
351559,0.112384
351650,0.076544
351696,0.009216
351723,0.001536
351740,0.035072
351785,0.313856
351920,0.02688
351964,9.547264
352030,0.011008
352092,0.063488
352119,0.008192
352212,0.03072
352260,0.00384
352290,0.017152
352306,0.002048
352338,0.014336
352360,0.00512
352423,0.036352
352479,0.04864
352538,0.033536
352579,0.105728
352608,0.12544
352650,0.014336
352681,0.008704
352733,0.018432
352753,0.224256
352780,0.030208
352804,0.008704
352833,0.108288
352937,0.039168
352964,0.035328
353049,0.004608
353081,0.05376
353101,0.02048
353134,0.068352
353164,1.911808
353288,0.018432
353319,0.02688
353322,0.057856
353370,0.249088
353402,0.011776
353431,0.032
353490,0.061696
353644,0.035328
353705,0.047104
353740,0.010496
353764,0.078336
353796,0.507392
353892,0.017664
353916,0.033536
353933,0.017408
353987,0.005376
354001,0.206592
354036,0.00896
354064,0.032
354076,0.021504
354124,0.03328
354150,0.001536
354213,0.057856
354254,0.016384
354292,0.0064
354322,0.054528
354359,0.00256
354364,1.053952
354463,0.01792
354491,0.027392
354521,0.035328
354525,0.030208
354592,0.118016
354683,0.022784
354733,0.019456
354740,0.006144
354784,0.03968
354840,0.03328
354904,0.027904
354964,0.052224
354976,0.305664
355028,0.02944
355059,0.039168
355074,0.063232
355137,0.022784
355147,0.00128
355170,0.027648
355186,0.023808
355222,0.120064
355284,0.001024
355311,0.113152
355449,0.05504
355564,0.033024
355579,0.061952
355641,0.012032
355709,0.777984
355793,0.02176
355829,0.052992
355878,0.004352
355892,0.003328
355904,0.157184
355975,0.098816
356094,0.097792
356164,0.157696
356178,0.260096
356319,0.021248
356412,0.000512
356495,0.001024
356586,0.00256
356603,0.024832
356712,0.391168
356763,0.04224
356764,3.281152
356789,0.40704
356828,0.026368
356848,0.072448
356939,0.024064
356946,0.00384
356994,0.009472
357030,0.022528
357056,0.082688
357115,0.01024
357119,0.009216
357166,0.002048
357199,0.796416
357236,0.027904
357293,0.01408
357353,0.000256
357390,0.015104
357410,0.004096
357446,0.012544
357468,0.01408
357509,0.119808
357544,0.041472
357548,0.008192
357642,0.006144
357707,0.001792
357718,0.09728
357744,0.016896
357756,0.0576
357845,0.156672
357858,0.073216
357882,0.012288
357906,0.192512
357964,6.589184
358116,0.114176
358162,0.010752
358204,0.048384
358259,0.429568
358337,0.074496
358350,0.031744
358405,0.018944
358422,0.07936
358452,0.0256
358494,0.01792
358564,1.586688
358666,0.088832
358679,0.03456
358715,0.009984
358717,0.014848
358750,0.037888
358763,0.013824
358787,0.001536
358812,0.013824
358846,0.075008
358858,0.059392
358897,0.000256
358999,0.007424
359024,0.035072
359092,0.024576
359136,0.039424
359164,0.6784
359189,0.448768
359264,0.0
359340,0.028672
359489,0.000768
359498,0.009472
359542,0.018176
359566,0.08064
359599,0.031232
359626,0.045056
359645,0.0512
359661,0.000768
359686,0.027904
359728,0.123648
359764,9.34528
359834,0.014336
359858,0.01664
359946,0.060416
359958,0.00384
360035,0.036096
360042,0.013824
360075,0.05888
360229,0.007168
360261,0.034816
360299,0.013568
360319,0.024576
360329,0.01024
360361,0.004608
360364,1.68448
360441,0.010496
360451,0.014592
360474,0.001024
360546,0.017664
360562,0.004096
360566,0.000768
360589,0.001536
360630,0.016896
360640,0.03712
360681,0.007168
360703,0.047872
360743,0.004864
360771,1.660928
360845,0.096768
360882,0.010752
360923,0.01536
360937,0.009984
360964,13.709568
361047,0.002304
361092,0.02176
361161,0.023296
361197,0.077056
361220,0.00384
361232,0.05632
361273,0.109824
361332,0.004864
361340,0.013312
361403,0.049664
361509,0.005632
361564,0.322304
361653,0.040704
361673,0.384512
361717,0.02432
361746,0.063232
361754,0.527616
361799,0.010752
361829,0.025856
361917,0.01664
362009,0.117248
362073,0.0576
362103,0.004864
362106,0.038656
362164,6.084864
362225,0.005888
362280,0.0064
362330,0.023552
362381,0.009984
362392,0.000512
362409,0.11264
362504,0.138496
362518,0.004352
362550,0.009984
362613,0.013312
362654,0.01152
362667,0.040448
362672,0.024576
362694,0.000256
362707,0.051968
362764,1.079296
362785,0.153344
363003,0.007168
363046,0.004608
363089,0.118016
363130,0.00512
363137,0.111104
363166,0.080896
363186,0.00768
363227,0.003584
363235,0.075776
363306,0.03584
363364,0.099072
363378,0.13056
363383,1.738496
363452,0.01024
363583,0.014336
363589,0.062464
363639,0.053248
363688,0.01792
363715,0.023552
363830,0.002048
363858,0.020736
363883,0.098304
363901,0.055552
363952,0.079616
363964,0.207872
364020,0.007936
364036,0.086272
364058,0.01024
364075,0.023808
364102,0.038144
364206,0.018432
364296,0.016128
364312,0.084736
364390,0.038912
364434,0.018176
364460,0.012288
364501,0.041728
364540,0.01152
364564,0.018432
364565,0.008192
364580,2.105344
364657,0.026624
364669,0.008704
364724,0.015872
364788,0.075008
364822,0.043008
364868,0.03456
364919,0.0
364956,0.584448
365015,0.05248
365106,0.027904
365124,0.014592
365164,0.481536
365240,0.049408
365280,0.061184
365493,0.040448
365511,0.000512
365516,0.032256
365533,0.051456
365561,0.020224
365570,0.490752
365620,0.012032
365642,0.08832
365651,0.06528
365703,0.000256
365759,0.035072
365764,1.559808
365783,0.000256
365862,0.090368
365877,0.11648
365910,0.077312
365937,0.067072
365956,0.045568
365993,0.016384
366006,0.059392
366080,0.473344
366177,0.000512
366187,0.008448
366197,0.002816
366222,0.014592
366232,0.049152
366279,0.017408
366326,0.01152
366364,2.378496
366445,0.016896
366594,0.073216
366612,0.011264
366715,0.03072
366765,0.026368
366786,0.594176
366845,0.137472
366859,0.007424
366922,0.051968
366944,0.011264
366964,0.23808
366966,0.006144
367022,0.073728
367071,0.03328
367139,0.650752
367251,0.149504
367301,0.02304
367331,0.002304
367351,0.055552
367361,0.02688
367381,0.099072
367391,0.069888
367401,0.01792
367431,0.063488
367451,0.089344
367461,0.03712
367471,0.121344
367481,0.140032
367491,0.104192
367501,0.242432
367561,0.3712
367571,0.29056
367591,0.170752
367611,0.118784
367631,0.447488
367671,0.101376
367681,0.61824
367701,0.671488
367775,0.099328
367810,0.00128
367844,0.069376
367939,0.011776
368065,0.021248
368077,0.043776
368103,0.02176
368164,0.457472
368186,0.039168
368207,0.01408
368253,0.03968
368279,0.046336
368370,0.003328
368432,0.044544
368447,0.00256
368501,0.05632
368537,0.004096
368721,0.008448
368764,0.18304
368852,0.037632
368886,0.000256
368949,0.0448
369030,0.004096
369082,0.007936
369094,0.052224
369144,0.005888
369237,0.072192
369271,0.0064
369317,0.026624
369364,3.197184
369429,0.07808
369465,0.006656
369474,0.012288
369539,0.008704
369546,0.000512
369622,0.032768
369785,0.026112
369809,0.003584
369929,0.000512
369932,0.011008
369941,0.000512
369949,0.01152
369964,3.208704
370016,0.01536
370043,0.019968
370151,0.020736
370210,0.038656
370224,0.054528
370389,0.013312
370430,0.02048
370463,0.006912
370502,0.008448
370540,0.183552
370564,0.058624
370583,0.032768
370589,0.065792
370674,0.02688
370730,0.020992
370833,0.054528
370860,0.000512
370890,0.051456
371186,0.018432
371187,0.45184
371257,0.051712
371285,0.013056
371291,0.005632
371310,0.086016
371344,0.013312
371418,0.011008
371495,0.012288
371513,0.026368
371544,0.134656
371579,0.120832
371588,0.711424
371655,0.000512
371764,8.705536
371848,0.077568
371893,0.03584
371916,0.04096
372042,0.022016
372071,0.016384
372131,0.020992
372141,0.00512
372232,0.056064
372274,0.044544
372324,0.004352
372364,0.071168
372384,0.416
372450,0.0128
372509,0.082176
372549,0.416768
372621,0.001024
372636,0.017152
372682,0.011008
372712,0.052224
372906,0.013312
372930,0.006912
372955,0.007424
372964,0.114944
372975,0.075264
372981,0.25728
372995,0.06144
373056,0.0384
373095,0.047872
373127,0.012544
373223,0.059392
373264,0.00512
373325,0.160512
373501,0.033792
373519,0.063488
373564,1.921536
373657,0.002048
373690,0.296704
373702,0.058624
373736,0.01024
373795,0.014336
373814,0.014592
373853,0.007168
373864,0.333824
373918,0.020224
374047,0.086528
374059,0.113152
374091,0.009728
374137,0.018432
374164,0.934144
374182,0.284672
374264,0.01152
374285,0.321792
374332,0.009728
374362,0.009728
374385,0.007936
374398,0.505088
374446,0.00768
374457,0.00256
374544,0.05632
374712,0.006656
374748,0.005632
374764,0.04608
374785,1.897472
374914,0.042752
374964,0.083968
374970,0.004608
375057,0.02688
375065,0.038912
375082,0.080896
375192,0.01536
375223,0.002304
375244,0.016384
375338,0.006656
375353,0.001024
375364,0.020992
375377,0.058112
375397,0.075776
375402,0.102656
375501,0.010752
375557,0.020736
375589,0.016896
375645,0.118784
375725,0.103936
375782,0.447232
375800,0.08448
375899,0.014336
375936,0.011264
375976,0.007936
375979,1.332992
376100,0.003584
376144,0.314624
376170,0.131328
376230,0.040704
376343,0.014848
376348,0.02816
376414,0.00256
376480,0.112896
376490,0.05504
376544,0.008704
376564,5.553152
376653,0.083456
376683,0.00256
376752,0.000768
376809,0.094208
376888,0.014592
376917,0.054272
376922,0.112128
376946,0.642304
377040,0.030464
377066,0.06016
377178,0.049664
377184,1.357568
377227,0.011008
377264,0.050944
377371,0.049408
377391,0.041472
377404,0.022272
377417,0.233472
377464,0.03072
377564,0.01152
377586,0.08704
377592,0.000256
377631,0.005376
377648,0.00256
377733,0.00512
377782,0.015872
377784,0.040448
377818,0.118016
377869,0.004352
377889,0.209664
377928,0.009984
378009,0.03328
378015,0.644608
378087,0.004608
378141,0.339456
378281,0.008448
378364,1.13408
378520,0.048896
378536,0.003328
378554,0.018176
378637,0.149248
378664,0.005632
378686,0.172288
378783,0.017408
378817,0.876288
378875,0.003584
378941,0.005888
378970,0.083712
378984,0.107264
378985,0.36992
379152,0.012032
379176,0.04864
379199,0.006656
379283,0.01024
379317,0.003072
379337,0.010496
379352,0.028928
379384,0.062464
379415,0.026624
379449,0.038144
379460,0.007424
379537,0.022528
379564,0.05504
379576,0.859904
379702,0.005632
379745,0.0064
379780,0.005376
379789,0.020736
379820,0.014336
379827,0.023552
379998,0.06784
380055,0.012544
380088,0.015616
380096,0.4608
380180,0.076544
380185,0.388864
380267,0.033792
380320,0.27904
380362,0.030208
380376,0.005632
380418,0.106752
380494,0.045056
380510,0.014592
380563,0.014592
380618,0.027136
380646,0.101376
380666,0.009728
380670,0.000512
380696,0.032512
380720,0.026368
380737,0.053504
380764,0.128256
380778,0.107264
380790,0.995328
380858,0.011264
380935,0.003584
380964,0.03328
380978,0.091648
381049,0.09344
381091,0.023808
381111,0.046848
381207,0.009472
381233,0.007936
381237,0.08704
381305,0.020224
381327,0.009472
381364,8.772096
381426,0.03072
381507,0.01664
381521,0.00384
381533,0.003584
381542,0.019712
381573,0.252672
381650,0.055808
381696,0.079872
381806,0.050688
381824,0.017152
381909,0.009472
381931,0.007424
381945,0.003584
381964,8.566016
382044,0.06016
382090,0.004096
382097,0.012544
382103,0.052224
382127,0.060928
382182,0.009984
382196,0.111104
382239,0.127744
382345,0.018176
382410,0.03328
382473,0.032768
382486,0.145664
382564,0.209408
382571,0.158464
382639,0.003584
382686,0.03456
382700,0.173568
382740,0.063488
382794,0.012032
382837,0.037632
382849,0.012288
382880,0.078336
382947,0.017152
382959,0.014592
383004,0.028416
383010,0.002816
383077,0.076544
383108,0.026368
383164,0.037632
383177,0.836608
383253,0.057344
383377,0.09216
383392,0.033536
383412,0.041216
383444,0.11392
383529,0.027648
383562,0.081408
383585,0.021504
383666,0.000512
383687,0.000768
383691,0.068352
383739,0.061184
383764,3.136
383918,0.04608
383969,0.153856
384012,0.056064
384039,0.04864
384064,0.018944
384122,0.017152
384133,0.002816
384190,0.04224
384270,0.013568
384385,6.388992
384502,0.031232
384516,0.094464
384554,0.016128
384657,0.011776
384742,0.00384
384770,0.000256
384810,0.023296
384933,0.002048
384938,0.097536
384968,0.022272
384981,0.347136
385112,0.006656
385145,0.014336
385186,0.072704
385368,0.121088
385396,0.017408
385435,0.00768
385437,0.003072
385564,0.198912
385592,0.19584
385656,0.544768
385751,0.00128
385757,0.047104
385817,0.15744
385864,0.141568
385907,0.030464
385922,0.002048
385974,0.021248
385982,0.037888
385988,0.374528
386014,0.05632
386067,0.070144
386111,0.009728
386132,0.003072
386164,0.06016
386180,0.001024
386223,0.00512
386238,0.014336
386277,0.006912
386309,0.062464
386314,0.04864
386327,0.032512
386350,0.044544
386381,0.04096
386464,0.023808
386502,0.130304
386580,0.077824
386639,0.016384
386663,0.040448
386705,0.002048
386731,0.016896
386764,0.041472
386765,0.031232
386775,0.013312
386787,2.041344
386852,0.035072
386879,0.008192
386893,0.021504
387053,0.039936
387164,0.00512
387169,0.334592
387224,0.49408
387310,0.084992
387348,0.007936
387363,0.010496
387364,5.018112
387481,0.010752
387523,0.02176
387564,0.00128
387569,0.008192
387598,0.004608
387650,0.022784
387699,0.32384
387741,0.0
387753,0.44416
387791,0.264448
387869,0.0576
387943,0.027392
387964,2.202624
387990,0.30464
388076,0.018944
388183,0.030208
388200,0.039424
388235,0.012544
388252,0.014848
388412,0.006656
388438,0.066816
388478,0.01408
388548,0.038912
388557,0.005632
388591,0.11776
388702,0.030976
388796,0.0064
388802,0.025088
388842,0.007168
388859,0.034304
389065,0.2368
389142,0.03328
389160,0.015104
389164,0.422144
389182,0.289024
389349,0.332288
389569,0.111616
389728,0.043008
389741,0.016128
389764,1.165568
389832,0.001024
389841,0.016384
389850,0.172288
389894,0.013824
389981,0.004864
390014,0.01664
390049,0.021248
390166,0.010496
390182,0.031744
390233,0.096512
390364,3.456768
390472,0.005376
390533,0.003072
390535,0.004352
390559,0.07168
390623,0.018688
390652,0.058368
390719,0.014848
390747,1.579008
390796,0.0384
390857,0.034304
390919,0.025856
390939,0.016384
390976,0.013056
390980,0.455168
391014,0.0512
391027,0.014848
391052,0.124672
391129,0.032768
391142,0.01792
391192,0.038656
391257,0.008448
391259,0.572416
391284,0.107264
391342,0.00768
391395,0.03456
391440,0.00128
391459,0.11136
391559,0.015616
391564,0.004096
391714,0.05632
391756,0.00128
391826,0.00256
391892,0.012032
391958,0.027904
392010,0.066048
392113,0.013312
392164,0.033536
392165,0.0768
392176,0.003328
392182,0.033024
392283,0.021504
392307,0.03968
392371,0.091904
392402,0.003584
392464,0.000512
392494,0.001792
392541,0.0064
392588,0.007424
392590,0.228864
392656,0.002304
392757,0.015872
392764,1.710592
392807,0.080384
392941,0.025088
392970,0.013568
392998,0.02304
393046,0.046592
393110,0.049664
393128,0.230144
393190,0.02176
393237,0.01024
393328,0.02048
393364,6.302208
393467,0.009984
393489,0.008192
393498,0.103168
393542,0.010496
393709,0.003328
393711,0.100096
393731,0.025344
393866,0.00256
393877,0.045568
393922,0.025856
393964,0.461056
393965,8.763392
394179,0.00128
394199,0.02944
394227,0.001792
394240,0.015104
394283,0.066816
394379,0.028928
394399,0.06528
394406,0.00128
394564,0.12288
394576,0.005632
394666,0.016128
394693,0.006656
394697,0.033024
394746,0.008192
394807,0.046848
394847,0.01664
394869,0.049664
394912,0.006144
394926,0.001536
394974,0.006912
395047,0.009472
395073,0.015104
395092,0.091648
395137,0.00256
395139,0.024064
395164,0.843264
395235,0.035584
395312,0.004096
395332,0.047616
395384,0.075264
395430,0.12416
395501,0.017152
395520,0.574208
395601,0.001792
395656,0.026624
395691,0.00512
395740,0.034048
395742,0.060672
395764,1.806848
395861,0.001536
395910,0.030464
395999,0.02304
396037,0.001536
396108,0.046848
396149,0.764672
396201,0.038912
396268,0.041472
396358,0.55168
396364,0.321792
396430,0.057856
396450,0.109824
396506,0.015104
396531,0.024064
396565,0.04608
396583,0.012032
396602,0.000768
396667,0.000256
396680,0.10624
396702,0.02816
396802,0.001536
396880,0.05888
396896,0.00256
396964,2.331392
397030,0.018944
397037,0.009984
397073,0.003584
397084,0.009984
397128,0.024576
397229,0.012544
397331,0.027136
397355,0.005888
397427,0.012032
397467,0.010752
397534,0.007424
397564,0.002304
397584,0.691712
397658,0.066304
397717,0.003584
397739,0.073216
397820,0.003072
397849,0.043008
397857,0.00128
397919,0.0256
397937,0.005376
397988,0.011264
398027,0.052992
398031,0.212736
398102,0.10368
398128,0.02176
398164,1.25696
398446,0.047616
398566,0.02048
398627,0.041984
398683,0.007424
398779,0.06272
398785,0.996352
398834,0.024064
398850,0.035584
398915,0.043008
398941,0.000256
399024,0.11136
399046,0.00256
399071,0.036608
399075,0.035584
399186,0.049664
399233,0.00256
399295,0.011776
399320,0.001536
399364,0.229632
399409,0.018688
399481,0.042752
399514,0.0128
399547,0.02944
399612,0.060928
399655,0.046848
399694,0.008704
399732,0.00768
399758,0.132608
399788,0.023552
399876,0.101632
399964,0.123136
399978,0.826368
400099,0.011776
400147,0.02944
400204,0.072704
400314,0.02432
400368,0.029184
400385,0.002048
400419,0.058112
400479,0.036864
400514,0.028672
400564,0.218112
400582,0.0
400592,0.128512
400660,0.033536
400736,0.079616
400817,0.008192
400920,0.66688
400959,0.051968
401150,0.035072
401164,0.009984
401176,0.04352
401182,0.002304
401207,0.432128
401280,0.03456
401323,0.01024
401359,0.021504
401366,0.012032
401394,0.017408
401435,0.00512
401513,0.00896
401575,0.01024
401577,0.02304
401585,0.00384
401606,0.00768
401611,0.036864
401634,0.036864
401693,0.003072
401764,0.44544
401765,0.238848
401787,0.156928
401808,0.43392
401873,0.077056
401929,0.011776
401949,0.014592
401984,0.017664
401994,0.01408
402054,0.00128
402081,0.02176
402109,0.008448
402143,0.007424
402157,0.507648
402207,0.028672
402248,0.037888
402289,0.123904
402361,0.111872
402381,0.043264
402434,0.03968
402457,0.011264
402497,0.006912
402574,0.02432
402592,0.002304
402595,0.078336
402650,0.088064
402666,0.024064
402814,0.036864
402888,0.046336
402951,0.024064
402964,3.07584
403078,0.77696
403156,0.059136
403172,0.000256
403246,0.00768
403280,0.0064
403325,0.006144
403328,0.231424
403426,0.018432
403495,0.016128
403532,0.001536
403584,0.22272
403624,0.026112
403733,0.5888
403839,0.00512
403862,0.026112
403937,0.000512
403978,0.005888
403994,0.005632
404003,0.003072
404106,0.052224
404138,0.005632
404164,0.216576
404182,0.045568
404192,0.1984
404363,0.017408
404392,0.008704
404412,0.013056
404445,0.004352
404508,0.006912
404545,0.051456
404566,0.004864
404581,0.018944
404621,0.000256
404684,0.019456
404762,0.037888
404764,4.600832
404778,0.717824
404906,0.094976
404943,0.012032
404989,0.011264
405147,0.025344
405180,0.006144
405245,0.001536
405290,0.00384
405418,0.039936
405432,0.030208
405454,0.0512
405501,0.004608
405569,0.052736
405609,0.003584
405625,0.031488
405712,0.237824
405750,0.028416
405791,0.000256
405901,0.005888
405939,0.037888
405964,1.108736
406024,0.029696
406048,0.077312
406054,0.143872
406096,0.01408
406284,0.027648
406293,0.012288
406308,0.075264
406374,0.004608
406388,0.020224
406399,0.014848
406412,0.020992
406477,0.025856
406527,0.04608
406564,3.409408
406582,3.42528
406633,0.0128
406670,0.0256
406714,0.003328
406755,0.047872
406796,0.009216
406829,0.013568
406879,0.107008
406986,0.000256
407066,0.031232
407117,0.017664
407132,0.029952
407164,7.022336
407238,0.002048
407366,0.000768
407383,0.062464
407400,0.740864
407488,0.00512
407505,0.008448
407533,0.004864
407633,0.078592
407637,0.01408
407683,0.008704
407715,0.00128
407717,0.144128
407764,3.452928
407785,0.151808
407877,0.12928
407997,0.068352
408005,0.157696
408054,0.009472
408076,0.044288
408114,0.001792
408160,0.009472
408216,0.066304
408249,0.01664
408268,0.005632
408295,0.012544
408306,0.005376
408327,0.094976
408331,0.000768
408377,0.010496
408378,1.630464
408577,0.006656
408580,0.163072
408632,0.06656
408663,0.045568
408752,0.466432
408799,0.036352
408884,0.039168
408906,0.046592
408941,0.004096
408945,0.036608
408964,0.08832
408989,0.841472
409020,0.0192
409084,0.001024
409247,0.001536
409282,0.00768
409318,0.003328
409343,0.056832
409364,0.006144
409447,0.03328
409529,0.0704
409564,0.025344
409576,0.092672
409626,0.037888
409650,0.00128
409670,0.050944
409765,0.026624
409804,0.012288
409822,0.293376
409962,0.007936
410014,0.003072
410090,0.017664
410133,0.05888
410156,0.010752
410164,0.015616
410186,0.012288
410236,0.000768
410274,0.016384
410281,0.008448
410314,0.005632
410382,0.017152
410399,0.007936
410517,0.018944
410573,0.054528
410615,0.041728
410696,0.050432
410764,1.24672
410781,2.244352
410835,0.068864
410873,0.002048
410899,0.00512
410917,0.048896
411028,0.010752
411085,0.000768
411110,0.000512
411220,0.009984
411246,0.006912
411276,0.045056
411349,0.012032
411364,2.89792
411487,0.055296
411488,0.774656
411564,0.11776
411648,0.008192
411682,0.008448
411704,0.014848
411754,0.021504
411820,0.014336
411888,0.00768
411936,0.095488
411976,0.027392
412001,0.082432
412066,0.465152
412119,0.017408
412181,0.00512
412197,0.002048
412248,0.00256
412264,0.001024
412270,0.086016
412291,0.015104
412308,0.024064
412379,0.005632
412407,0.001024
412508,0.018944
412539,0.073216
412583,0.02048
412685,0.016896
412699,0.001792
412714,0.030464
412719,0.011776
412790,0.018688
412804,0.018432
412853,0.001536
412887,0.00512
412947,0.056064
412972,0.02816
413008,0.015872
413082,0.01664
413164,1.25312
413246,0.012288
413313,0.02944
413345,0.036864
413362,0.02432
413384,0.008448
413456,0.062464
413479,0.005376
413507,0.018432
413519,0.134144
413578,0.016128
413584,0.013056
413612,0.015104
413621,0.053248
413652,0.00256
413679,0.010496
413689,0.018176
413734,0.018944
413764,2.70976
413823,0.157696
413945,0.010496
414037,0.008704
414069,0.003328
414175,0.02176
414218,0.066304
414246,0.032768
414266,0.060672
414317,0.000512
414333,0.07552
414364,1.28256
414554,0.126976
414641,0.015104
414654,0.011008
414659,0.019456
414701,0.01024
414739,0.052224
414790,0.00256
414845,0.089856
414885,0.33792
414917,0.001536
414964,0.532736
414965,0.156416
414981,0.303872
415100,0.04096
415141,0.006144
415181,0.01024
415201,0.002304
415337,0.024576
415357,0.032512
415399,0.003072
415417,0.01152
415450,0.032256
415540,0.032256
415564,0.272384
415585,0.023552
415633,0.018688
415644,0.041216
415697,0.008192
415732,0.03968
415755,0.006656
415792,0.02432
415876,0.036864
415932,0.01152
415934,0.013056
415995,0.064512
416067,0.0448
416137,0.036608
416164,3.004672
416210,0.267776
416254,0.286208
416337,0.02944
416357,0.008448
416405,0.00384
416479,0.075008
416518,0.003584
416522,0.003072
416593,0.017408
416623,0.000256
416633,0.066816
416764,8.810496
416886,0.006656
416937,0.024832
416955,0.004864
417006,0.029184
417039,0.2112
417068,0.043264
417120,0.067584
417137,0.129536
417210,0.012032
417234,0.01536
417261,0.016896
417324,0.0256
417356,0.007424
417364,5.288704
417423,0.132352
417458,0.027904
417515,0.027904
417527,0.015616
417538,0.003072
417574,0.005376
417617,0.072704
417732,0.003584
417798,0.039168
417854,0.019456
417874,0.014592
417876,0.031232
417928,0.020224
417964,0.017152
417976,0.281344
418076,0.001024
418094,0.021248
418146,0.011264
418198,0.018944
418207,0.131584
418234,0.024832
418251,0.050944
418267,0.00896
418277,0.016128
418350,0.03968
418461,0.019456
418542,0.023808
418564,0.709376
418583,0.595968
418624,0.082176
418711,0.014848
418716,0.00768
418757,0.02688
418784,0.1024
418789,0.02944
418846,0.003328
418880,0.06656
418886,0.00256
418934,0.062464
418981,0.030976
419062,0.028928
419090,0.064256
419144,0.000256
419177,0.656896
419193,0.033536
419237,0.010752
419249,0.073984
419308,0.001792
419317,0.02688
419350,0.042496
419496,0.000256
419538,0.003072
419568,0.008192
419599,0.015616
419644,0.047616
419764,0.016128
419777,0.064768
419778,0.141312
419785,5.708544
419843,1.98784
419950,0.00384
420021,0.36352
420124,0.083456
420134,0.076544
420158,0.012544
420170,0.02048
420193,0.011776
420275,0.008448
420277,0.111872
420324,0.017408
420360,0.211968
420364,2.721792
420384,0.087552
420393,0.851968
420508,0.087552
420613,0.37504
420656,0.007936
420731,0.006912
420767,0.02048
420816,0.071424
420874,0.100352
420950,0.008448
420964,0.137472
420991,0.059648
421025,0.16896
421234,0.00896
421307,0.098304
421361,0.035328
421370,0.055808
421379,0.024576
421391,0.036352
421480,0.030208
421550,0.007168
421564,0.080128
421565,6.0096
421706,0.005376
421778,0.03328
421784,0.06528
421822,0.032
421867,0.032768
421898,0.090624
421947,0.0384
421977,0.018176
422012,0.000256
422040,0.03072
422070,0.052224
422080,0.02304
422164,0.68736
422284,0.045568
422299,0.064512
422404,0.003584
422473,0.030464
422525,0.255488
422577,0.02816
422764,10.778624
422830,0.023296
422940,0.013312
422995,0.00896
423064,0.04224
423154,0.037888
423180,0.010752
423276,0.145152
423292,0.000512
423378,0.05888
423384,0.316928
423441,0.003328
423480,0.024832
423494,0.030464
423500,0.011264
423520,0.029696
423570,0.024064
423622,0.049408
423653,0.108288
423681,0.02432
423765,0.001792
423798,0.012544
423846,0.015872
423920,0.205568
423964,0.014336
423979,0.067584
423981,0.850944
424030,0.022016
424067,0.007936
424224,0.007936
424234,0.041984
424304,0.032256
424366,0.473344
424428,0.009472
424564,0.05888
424576,0.040704
424577,0.038912
424700,0.05376
424721,0.01024
424756,0.016128
424767,0.046336
424812,0.05248
424859,0.132096
424914,0.009216
424990,0.006912
425046,0.022528
425104,0.014336
425145,0.011776
425164,0.080896
425183,1.357312
425304,0.015616
425323,0.023552
425340,0.050944
425393,0.064768
425402,0.019712
425524,0.029952
425547,0.028672
425574,0.013312
425614,0.003072
425658,0.034304
425748,0.01152
425764,0.015616
425776,0.083712
425782,0.267776
425872,0.045312
425918,0.037376
425933,0.000256
425973,0.002304
426094,0.146176
426134,0.033024
426178,0.0128
426200,0.037888
426228,0.0448
426273,0.135168
426276,0.245248
426364,0.025856
426377,0.046336
426386,2.14528
426457,0.034816
426500,0.008704
426560,0.056064
426595,0.06912
426603,0.027392
426643,0.144128
426731,0.02816
426766,0.009216
426799,0.022784
426854,0.111616
426870,0.037376
426903,0.819712
426964,0.020992
426978,0.0704
427031,0.01408
427155,0.001536
427203,0.082176
427210,0.104192
427298,0.045568
427357,0.019456
427402,0.01536
427569,0.235008
427639,0.012288
427664,0.036864
427706,0.18304
427756,0.033792
427779,0.120064
427860,0.054784
427868,0.036608
427918,0.006656
427924,0.010496
428060,0.005376
428113,0.002048
428118,0.080896
428148,0.000256
428177,0.091136
428245,0.45696
428308,0.000256
428327,0.008448
428400,0.018432
428410,0.02304
428468,0.02304
428497,0.00768
428548,0.019968
428658,0.056832
428718,0.069376
428761,0.011264
428762,0.099328
428765,0.06272
428789,0.133632
428801,0.070144
428867,0.019712
428970,0.144896
429036,0.037376
429041,0.026624
429064,0.017664
429094,0.01536
429119,0.032
429166,0.001792
429195,0.032768
429257,0.011264
429277,0.04864
429312,0.141056
429345,0.002816
429352,0.022272
429364,0.035072
429392,0.001536
429403,0.152064
429442,0.0
429456,0.469504
429472,0.047104
429502,0.117248
429512,0.0832
429522,0.086016
429532,0.114432
429552,0.146688
429562,0.023552
429572,0.101376
429582,0.284416
429602,0.120832
429612,0.1344
429622,0.016384
429632,0.242688
429642,0.568832
429662,0.09216
429672,0.229632
429682,0.134912
429702,0.177664
429712,0.19584
429722,0.168192
429742,0.045312
429752,0.1024
429762,0.545792
429782,0.171008
429822,0.794368
429878,0.064256
429988,0.045312
430080,0.017152
430114,0.003328
430128,0.017152
430139,0.008704
430182,0.033536
430223,0.00512
430260,0.025856
430286,0.0064
430297,0.003328
430311,0.027136
430338,0.023296
430351,0.004096
430383,0.017408
430422,0.032256
430442,0.256256
430475,0.025088
430483,0.0064
430501,0.027904
430553,0.097024
430564,0.32384
430693,0.016896
430761,0.058368
430774,0.023296
430806,0.001536
430928,0.101632
431014,0.045568
431120,0.073728
431167,0.00512
431181,4.67712
431244,0.011008
431263,0.04096
431297,0.026624
431351,0.021248
431397,0.029952
431425,0.014592
431613,0.004096
431750,0.031232
431764,0.026624
431781,5.6768
431897,0.019968
431911,0.264192
431934,0.296704
432119,0.652288
432204,0.00512
432299,0.00128
432302,0.013056
432321,0.033792
432364,1.828352
432380,0.238592
432431,0.005632
432507,0.022016
432509,0.030464
432633,0.00128
432662,0.07168
432700,0.019968
432714,0.014592
432731,0.034048
432751,0.02048
432806,0.002816
432867,0.017408
432892,0.035072
432964,0.008192
432979,0.519936
433158,0.049664
433193,0.00128
433242,0.044288
433309,0.335872
433338,0.09216
433421,0.015872
433457,0.008448
433564,8.150784
433664,0.041984
433693,0.041472
433711,0.0448
433719,0.000768
433804,0.18432
433834,0.05632
433840,0.08576
433888,0.46848
433953,0.0064
434000,0.042752
434040,0.017152
434045,0.01664
434137,0.013056
434164,0.68608
434249,0.00128
434288,0.028928
434319,0.003328
434340,0.07808
434366,0.013824
434385,0.000768
434414,0.120832
434446,0.054784
434448,0.064768
434536,0.009216
434549,0.037632
434603,0.022784
434653,1.403904
434764,5.774592
434781,0.94848
434884,0.091392
434920,0.005632
434926,0.058112
435002,0.007936
435027,0.045568
435056,0.130048
435077,0.057856
435150,0.028672
435192,0.082432
435264,0.109568
435298,0.02304
435334,0.405504
435389,0.002304
435395,0.04736
435438,0.029696
435542,0.063488
435559,0.001536
435621,0.124672
435715,0.003072
435731,0.02304
435736,0.006656
435770,0.05376
435862,0.060416
435933,0.184832
435965,0.006912
435977,0.095232
436016,0.022016
436126,0.5376
436178,0.11008
436336,0.004608
436363,0.011776
436397,0.009984
436426,0.024064
436564,0.066816
436580,0.011264
436590,0.054784
436629,0.329472
436665,0.026112
436699,0.016128
436733,0.007936
436794,0.081152
437027,0.038656
437051,0.00128
437076,0.048384
437124,0.08192
437146,0.004608
437164,0.012288
437183,0.328704
437235,0.029696
437268,0.00512
437327,0.013568
437338,0.016128
437429,0.009984
437462,0.084736
437464,2.057984
437538,0.037888
437541,0.023552
437569,0.033024
437572,0.027648
437629,0.01024
437698,0.023552
437758,0.061952
437764,0.336896
437793,1.203712
437858,0.01152
437872,0.045824
437931,0.056064
437935,0.027648
437964,0.085504
438012,0.03456
438055,0.093696
438113,0.000768
438133,0.02176
438184,0.015616
438238,0.0064
438263,0.010752
438295,0.039936
438312,0.008448
438338,0.010752
438364,1.38752
438377,0.27648
438399,0.098816
438445,0.153344
438486,0.035584
438495,0.022784
438505,0.012288
438634,0.00128
438675,0.026368
438715,0.000768
438725,0.086784
438755,0.041728
438765,0.430336
438805,0.014336
438815,0.174848
438825,0.058624
438845,0.145152
438855,0.128256
438865,0.233728
438905,0.14848
438925,0.366592
438935,0.175104
438945,0.387072
438955,0.573696
438975,0.347392
439005,0.182784
439015,0.366848
439045,0.4608
439055,0.214016
439065,0.155904
439075,0.455168
439095,0.11008
439115,0.625152
439145,0.29952
439165,0.327936
439175,0.225536
439185,0.228352
439205,0.41856
439215,0.294656
439225,0.249856
439235,0.848896
439255,0.475904
439265,0.404224
439295,0.442368
439315,0.246784
439325,0.954368
439335,0.15872
439355,0.573696
439375,0.537344
439405,0.592384
439423,0.44544
439480,0.025856
439504,0.004864
439557,0.03328
439564,0.026112
439576,0.056832
439588,0.215808
439603,0.368896
439648,0.022272
439672,0.035072
439718,0.004096
439821,0.006912
439826,0.01792
439848,0.011008
439963,0.1344
440025,0.38784
440105,0.025344
440128,0.858624
440178,1.269504
440260,0.158976
440274,0.023296
440295,0.016128
440301,0.003328
440346,0.016384
440410,0.011264
440450,0.095744
440467,0.009984
440491,0.046336
440536,0.004864
440558,0.04096
440634,0.041472
440677,0.013056
440764,4.633856
440778,0.9152
440801,0.048128
440862,0.019968
440870,0.045312
440900,0.028928
440972,0.068864
440997,0.046848
441075,0.042496
441080,2.54208
441148,0.047872
441197,0.087552
441263,0.010752
441280,0.040192
441352,0.015616
441418,0.007168
441450,0.025856
441499,0.048384
441612,0.030208
441642,0.050688
441700,0.025088
441743,0.01152
441770,0.038656
441787,0.008448
441846,0.077568
441906,0.01024
441964,0.045056
441976,0.122624
442060,0.024064
442154,0.012288
442192,0.176384
442275,0.005888
442315,0.112384
442355,0.02432
442412,0.011776
442438,0.01536
442534,0.010752
442538,0.018688
442564,0.192768
442582,0.147456
442638,0.054272
442657,0.00768
442668,0.014336
442739,0.059392
442750,0.005632
442864,0.009216
442919,0.057856
442956,0.013824
442986,0.433408
443018,0.006912
443068,0.023552
443095,0.002048
443118,0.016128
443137,0.003072
443154,0.022016
443165,0.171264
443176,0.084736
443201,0.016384
443229,0.038912
443270,0.027904
443307,0.007936
443329,0.024576
443343,0.040192
443347,0.220672
443419,0.026368
443473,0.072448
443506,0.006656
443522,0.001024
443539,0.008192
443545,0.004608
443571,0.025088
443606,0.07552
443663,0.003072
443680,0.068864
443689,0.040448
443727,0.057856
443750,0.000256
443764,2.008064
443835,0.083456
443968,0.001792
443974,0.004096
444001,0.03584
444111,0.020224
444133,0.036864
444157,0.059136
444238,0.001536
444314,0.087552
444380,0.501248
444395,0.05504
444499,0.058112
444585,0.02432
444589,0.118784
444673,0.041984
444717,0.077056
444745,0.030464
444760,0.002048
444823,0.104448
444902,0.01536
444926,0.000512
444943,0.124928
444988,0.29824
445050,0.008704
445086,0.043776
445101,0.050176
445154,0.00128
445170,0.013056
445203,0.007424
445215,0.0064
445370,0.004864
445379,0.038656
445438,0.01664
445461,0.082944
445585,0.002816
445686,0.003328
445704,0.037376
445894,0.120064
445948,0.095744
446010,0.044544
446030,0.058624
446049,0.104192
446164,5.295872
446209,0.047616
446262,0.027648
446303,0.013824
446340,0.04096
446349,0.044032
446485,0.0192
446539,0.007936
446551,0.020224
446650,0.054528
446679,0.04224
446729,0.036864
446751,0.004608
446764,0.758528
446776,0.034048
446777,0.292864
446808,1.133056
446882,0.016896
446956,0.050944
446982,0.004608
447019,0.055808
447020,1.287168
447047,0.061952
447100,0.013056
447117,0.027648
447129,0.030208
447133,0.012288
447150,0.000512
447177,0.007424
447260,0.02048
447352,0.007424
447364,5.784832
447534,0.00256
447599,0.068608
447650,0.004096
447662,0.018944
447688,0.026624
447745,0.014592
447792,0.007936
447804,0.007168
447873,0.205312
447898,0.013824
447960,0.069632
447976,0.00256
447978,1.443328
448039,0.055552
448127,0.065792
448149,0.007168
448165,0.00512
448188,0.064768
448207,0.037376
448210,0.015104
448265,0.019456
448284,0.016384
448336,0.102144
448400,0.013824
448436,0.055296
448543,0.010496
448564,2.171392
448582,0.102144
448601,0.054784
448662,0.137728
448695,0.028416
448886,0.015104
448903,0.001024
448917,0.041984
448931,0.008192
448952,0.035072
449027,0.05888
449088,0.006656
449140,0.14208
449164,1.322752
449208,0.062464
449215,0.28928
449233,0.389632
449288,0.004352
449311,0.022016
449440,0.009216
449474,0.062976
449536,0.00512
449671,0.077824
449711,0.017152
449738,0.051968
449764,0.649728
449789,0.419328
449814,0.141312
449893,0.010496
449897,0.000768
449927,0.011264
449998,0.234752
450059,0.016128
450080,0.025344
450106,0.002048
450127,0.001792
450146,0.018432
450222,0.025344
450337,0.017152
450349,0.014848
450364,0.002048
450374,0.0192
450376,0.077824
450381,0.187392
450448,0.007168
450484,0.008192
450502,0.017408
450593,0.033024
450647,0.093184
450676,0.011776
450702,0.05248
450707,0.344832
450832,0.009472
450861,0.020992
450894,0.065024
450919,0.00128
450929,0.008192
450941,0.049664
450964,3.033088
450982,0.65664
451070,0.079872
451092,0.039424
451264,0.013568
451286,0.201216
451358,0.097536
451396,0.058368
451447,0.02688
451564,6.114816
451582,0.238848
451648,0.00256
451675,0.060928
451683,0.046848
451731,0.035328
451903,0.03456
451946,0.000768
451953,0.016384
452013,0.022016
452067,0.021504
452123,0.0
452164,0.04736
452171,0.011776
452179,0.672768
452236,0.033792
452269,0.004352
452318,0.028416
452364,0.035328
452476,0.01792
452497,0.005632
452544,0.004352
452550,0.006656
452665,0.002048
452674,0.033792
452752,0.081152
452764,9.138432
452830,0.004608
452855,0.016384
452868,0.068608
452987,0.002304
453164,0.017152
453239,0.013312
453264,0.072448
453347,0.023808
453364,0.13312
453376,0.851456
453398,1.249024
453467,0.133888
453555,0.018176
453576,0.016896
453644,0.017664
453686,0.017408
453731,0.022784
453765,0.10496
453792,0.09984
453913,0.053248
453938,0.002816
453977,0.04608
453989,0.128512
454038,0.027392
454095,0.004608
454204,0.051712
454271,0.007168
454273,0.171264
454316,0.02688
454396,0.004352
454411,0.014592
454435,0.015616
454494,0.002304
454533,0.019968
454564,1.887744
454583,1.674752
454617,0.02176
454631,0.026368
454657,0.001024
454695,0.078592
454720,0.313088
454770,0.008448
454781,0.009216
454790,0.046336
454807,0.04608
454829,0.078848
454912,0.018432
454926,0.054272
454948,0.038656
454958,0.194816
455032,0.021504
455099,0.00256
455164,1.339904
455271,0.05248
455281,0.035584
455292,0.020224
455315,0.019712
455383,0.145664
455404,0.220672
455437,0.101376
455449,0.017152
455511,0.012288
455521,0.013568
455592,0.004608
455641,0.015616
455651,0.002048
455762,0.077824
455782,0.571392
455824,0.036096
455839,0.29312
455895,0.082432
455935,0.10752
455957,0.003072
455998,0.054784
456022,0.009728
456088,0.006656
456113,0.006656
456133,0.001536
456215,0.00256
456349,0.035328
456357,0.007936
456364,5.678336
456460,0.000768
456566,0.011264
456576,0.359424
456601,0.01408
456651,0.003328
456661,0.026112
456733,0.02048
456753,0.01792
456764,0.011264
456841,0.03584
456853,0.02432
456878,0.000768
456964,8.536832
456985,0.439808
457097,0.000256
457155,0.006912
457193,0.006144
457233,0.026624
457264,0.017152
457319,0.01152
457385,0.817664
457486,0.139008
457535,0.039424
457564,3.362048
457595,0.142592
457666,0.0
457668,0.004608
457677,0.011776
457774,0.292096
457829,0.00512
457869,0.023552
457955,0.080128
458027,0.007424
458049,0.013568
458077,0.426752
458149,0.011008
458164,2.159616
458223,0.007168
458250,0.125184
458288,0.002816
458308,0.001792
458355,0.05248
458434,0.08704
458453,0.03072
458477,0.04224
458504,0.005376
458547,0.006912
458556,0.024832
458584,0.048384
458654,0.00768
458681,0.0064
458756,0.0
458772,0.011776
458777,2.250496
458782,1.029376
458847,0.023296
458923,0.004096
458939,0.013312
459000,0.008192
459031,0.065536
459116,0.008192
459230,0.038912
459282,0.063232
459308,0.019456
459364,0.291328
459468,0.064768
459560,0.023296
459637,0.057856
459755,0.005632
459803,0.076032
459836,0.021248
459860,0.05376
459896,0.005376
459903,0.043264
459964,0.093696
459981,0.115968
460059,0.00896
460088,0.032512
460111,0.03584
460126,0.385536
460156,0.032512
460196,0.092416
460295,0.026112
460321,0.07168
460354,0.010752
460363,0.015872
460415,0.051712
460418,0.039424
460508,0.00512
460554,0.033024
460564,0.38016
460589,0.506112
460639,0.01408
460716,0.00512
460733,0.037888
460771,0.07424
460828,0.028416
460846,0.005888
460910,0.005888
460960,0.006656
460995,0.017152
461071,0.00128
461089,0.041472
461141,0.029696
461146,0.007168
461171,0.03712
461182,0.873216
461250,0.042496
461370,0.1088
461392,0.06656
461414,0.04096
461526,0.072704
461539,0.031232
461616,0.022272
461709,0.046592
461752,0.030976
461764,2.76864
461830,0.064256
461869,0.115456
461890,0.019456
461942,0.001536
461960,0.093184
461982,0.144896
462031,0.026624
462049,0.063232
462079,0.119296
462169,0.041984
462181,0.028672
462207,0.002304
462300,0.01408
462364,0.041728
462441,0.001024
462528,0.027136
462540,0.029696
462605,0.025856
462647,0.065792
462666,0.00768
462721,0.02048
462731,0.01152
462768,0.009984
462778,0.094208
462807,0.092928
462907,0.005376
462938,0.033792
462964,2.647808
463038,0.004864
463086,0.012544
463096,0.011776
463184,0.004352
463194,0.038912
463287,0.00768
463316,0.093952
463422,0.021248
463435,0.039936
463464,0.000768
463487,0.022272
463537,0.116224
463540,0.264192
463564,0.743424
463692,0.034048
463772,0.030208
463823,0.013824
463982,0.011008
464029,0.003328
464038,0.025856
464144,0.013312
464164,0.012544
464180,0.067584
464253,0.00128
464261,0.024064
464323,0.026368
464331,0.038656
464366,0.02176
464403,0.004864
464420,0.013056
464486,0.02176
464518,0.03712
464568,0.050176
464610,0.013056
464671,0.00512
464705,0.040704
464717,0.042496
464764,2.584064
464801,0.590592
464855,0.058112
464876,0.001792
464954,0.009472
464965,0.055296
465076,0.015872
465080,0.021504
465099,0.010496
465317,0.16768
465409,0.004864
465450,0.012032
465482,0.024064
465521,0.129536
465557,0.01536
465581,0.067328
465656,0.004864
465698,0.064256
465780,0.108032
465803,0.002816
465858,0.00512
465877,0.013568
465934,0.016128
465964,0.059648
465994,0.169984
466030,0.097792
466087,0.010496
466121,0.029696
466162,0.060672
466194,0.076544
466268,0.022528
466450,0.007424
466523,0.029696
466549,0.025344
466577,0.052736
466581,2.319616
466690,0.009216
466812,0.03584
466823,0.011776
466860,0.018176
466914,0.068096
466952,0.032
466975,0.038144
467040,0.001536
467092,0.005632
467097,0.071424
467150,0.015872
467164,1.661952
467227,0.01152
467239,0.141056
467290,0.024576
467361,0.017408
467446,0.018432
467464,0.061184
467500,0.040192
467533,0.017408
467588,0.114688
467646,0.03456
467701,0.008448
467720,0.060672
467764,2.787328
467796,1.731584
467814,1.812736
467868,0.004864
467878,0.021248
467926,0.03712
468007,0.001024
468024,0.033024
468033,0.008448
468077,0.040704
468123,1.272832
468186,0.008192
468296,0.013056
468319,0.008704
468333,0.009984
468364,0.035584
468394,0.009728
468442,0.02688
468493,0.01664
468571,0.014336
468661,0.014592
468695,0.110848
468734,0.004608
468812,0.018944
468844,0.020224
468876,0.013824
468927,0.003072
468938,0.305152
468964,0.583168
468981,1.023744
469060,0.0192
469143,0.011008
469213,0.156672
469290,0.067328
469358,0.007936
469403,0.054784
469424,0.026624
469475,0.013056
469530,0.044544
469576,0.025344
469582,0.465664
469624,0.009728
469648,0.313856
469688,0.0448
469709,0.061696
469714,0.003072
469833,0.00128
469937,0.066304
469968,0.047616
470098,0.041216
470121,0.025088
470164,0.032256
470180,0.1792
470183,0.027136
470242,0.016384
470296,0.041984
470326,0.029184
470432,0.03584
470512,0.006144
470536,0.012032
470573,0.04992
470683,0.02048
470748,0.065024
470764,7.483136
470835,0.00256
470854,0.020992
470873,0.02432
470923,0.023808
471002,0.00512
471019,0.0192
471078,0.016128
471103,0.0064
471110,0.529152
471209,0.0
471220,0.00256
471283,0.000512
471336,0.035072
471364,0.015104
471383,0.10496
471399,0.047616
471464,0.042496
471503,0.04864
471528,0.01536
471571,0.005632
471591,0.051712
471659,0.0768
471664,0.08064
471740,0.001792
471854,0.019712
471883,0.048384
471910,0.043264
471964,1.970176
472011,0.020992
472114,0.047872
472154,0.039936
472202,0.203776
472244,0.0064
472291,0.002816
472301,0.096256
472330,0.116224
472360,0.048896
472395,0.019968
472404,0.012288
472429,0.0512
472452,0.017408
472460,0.02176
472512,0.032768
472563,0.0064
472564,5.10976
472581,0.64896
472624,0.009984
472701,0.056576
472740,0.368128
472802,0.00896
472820,0.001024
472859,0.018688
473029,0.018176
473099,0.04352
473152,0.095232
473164,0.817152
473187,0.022528
473194,0.512768
473207,0.022784
473355,0.06272
473377,0.002816
473427,0.104704
473452,0.061184
473517,0.01152
473544,0.084736
473584,0.062976
473699,0.023552
473752,0.041728
473764,8.071424
473818,0.096512
473918,0.006144
473930,0.096768
473987,0.052736
474059,0.05888
474099,0.013824
474158,0.002816
474198,0.021248
474241,0.005376
474269,1.849856
474324,0.0064
474364,1.739776
474528,0.00384
474624,0.009472
474741,0.05888
474761,0.030976
474875,0.001024
474953,0.052992
474964,4.301056
474977,0.77824
475062,0.067072
475166,0.016384
475302,0.01536
475339,0.004352
475375,0.000768
475391,0.001024
475419,0.034816
475442,0.018176
475455,0.010496
475458,0.12032
475491,0.141824
475564,5.91488
475722,0.025856
475838,0.001536
475942,0.040192
476163,0.041216
476175,0.001792
476178,0.007936
476236,0.011264
476257,0.082944
476328,0.009472
476363,0.035328
476418,0.033792
476497,0.011008
476723,0.110848
476764,0.169984
476784,0.053248
476888,0.006656
476913,0.042496
476957,0.108544
476994,0.02048
477044,0.05504
477092,0.011776
477140,0.036352
477146,0.002304
477163,0.0512
477213,0.0192
477240,0.01792
477276,0.017152
477277,0.02688
477291,0.058624
477379,0.026368
477416,0.115968
477446,0.005888
477464,0.069376
477481,0.041728
477547,0.014592
477570,0.046592
477613,0.073728
477653,0.052224
477747,0.007936
477785,0.03712
477801,0.00896
477823,0.001024
477874,0.003072
477903,0.04608
477943,0.013312
477964,0.042752
477982,0.031232
478012,0.024832
478067,0.000768
478105,0.046848
478144,0.026368
478148,0.100864
478223,0.004608
478276,0.099072
478463,0.034304
478500,0.011264
478529,0.011264
478550,0.03584
478553,0.04608
478588,0.187392
478658,0.000256
478679,0.0064
478720,0.00128
478761,0.011264
478848,0.024576
478915,2.125568
478999,0.00256
479031,0.013568
479054,0.01664
479082,0.02176
479104,0.0128
479164,0.047104
479185,1.26848
479279,0.009984
479296,0.022272
479338,0.005888
479345,0.018688
479364,0.024064
479368,0.026112
479426,0.060672
479475,0.02432
479503,0.00128
479561,0.005632
479597,0.002048
479604,0.23936
479644,0.051712
479710,0.003328
479764,3.05408
479838,0.030464
479909,0.139776
479979,0.02048
480004,0.036864
480031,0.07936
480059,0.059136
480098,0.038912
480169,0.007936
480197,0.016384
480252,0.004608
480364,2.618624
480435,0.024832
480473,0.022272
480572,0.009216
480585,0.017152
480630,0.082688
480708,0.014848
480820,0.005632
480830,0.029952
480914,0.046592
480953,0.009984
480964,1.673216
481028,0.51456
481156,0.026112
481169,0.07296
481202,0.011264
481223,0.000512
481338,0.045824
481379,0.033536
481497,0.01024
481527,0.01536
481564,3.026432
481696,0.034816
481734,0.016128
481775,0.000256
481790,0.011264
481944,0.0128
481970,0.034304
482008,0.003072
482030,0.017152
482095,0.02432
482168,0.003072
482178,0.835584
482254,0.003328
482264,0.027136
482276,0.011008
482277,0.026624
482294,0.04608
482349,0.057856
482366,0.017664
482381,0.020736
482446,0.008704
482486,0.047104
482502,0.05632
482554,0.010752
482568,0.08576
482641,0.099584
482676,0.064
482712,0.041472
482764,0.09728
482782,0.060416
482783,0.073984
482834,0.026368
482889,0.031488
482942,0.000768
482996,0.048896
483027,0.02176
483084,0.005888
483117,0.08448
483170,0.05632
483186,0.007424
483220,0.122112
483364,3.129088
483497,0.095488
483536,0.020992
483570,0.049664
483617,0.008192
483637,0.042496
483651,0.003328
483706,0.017408
483720,0.04608
483745,0.053248
483797,0.00768
483863,0.060928
483871,0.000512
483913,0.030464
483955,0.033024
483964,3.615232
484018,0.014336
484038,0.002816
484088,0.023296
484116,0.015616
484134,0.03584
484177,0.01024
484287,0.107008
484330,0.044288
484345,0.121344
484399,0.070144
484477,0.020992
484493,0.035584
484519,0.03456
484564,1.621504
484578,1.964544
484670,0.016128
484688,0.027392
484714,0.011264
484717,0.059648
484834,0.013056
484884,0.013824
484951,0.003072
484963,0.001024
485045,0.074752
485081,0.159232
485135,0.007168
485158,0.013312
485164,0.365568
485192,0.31872
485237,0.024064
485347,0.043776
485371,1.838592
485413,0.025344
485456,0.046592
485491,0.006912
485550,0.03584
485589,0.010496
485656,0.009728
485735,0.0192
485764,0.500736
485795,0.205312
485816,0.029696
485830,0.104448
485850,0.001792
485868,0.003328
485902,0.013312
485954,0.004352
486010,0.004864
486063,0.02944
486110,0.035328
486142,0.005376
486236,0.041728
486337,0.00128
486361,0.017664
486364,5.8752
486458,0.002304
486460,0.0064
486502,0.015616
486527,0.010752
486540,0.02176
486618,0.016384
486682,0.017152
486699,0.04224
486719,0.002304
486781,0.061696
486874,0.00128
486906,0.026112
486939,0.048896
486971,0.093184
486980,1.007616
487062,0.056064
487073,0.003072
487110,0.005632
487151,0.018432
487160,0.021504
487182,0.062976
487199,0.09728
487240,0.001536
487309,0.012544
487369,0.04096
487503,0.001792
487542,0.005376
487557,0.178688
487564,3.055616
487621,0.043776
487635,0.056064
487690,0.014592
487782,0.000256
487856,0.00512
487921,0.00256
488071,0.048384
488091,0.015616
488109,0.036096
488164,5.80352
488224,0.008192
488270,0.067328
488427,0.050176
488499,0.013568
488507,0.004352
488599,0.00128
488607,0.054528
488733,0.027648
488740,0.024832
488764,0.168192
488776,0.046336
488826,0.124928
488867,0.00768
488921,0.0128
488936,0.018944
489050,0.18048
489070,0.01664
489104,0.00768
489134,0.012544
489164,0.073216
489179,0.15104
489206,0.293632
489326,0.024832
489364,7.802368
489377,0.43264
489416,0.929536
489507,0.016384
489551,0.052736
489594,0.03712
489638,0.008448
489695,0.018688
489707,0.008448
489812,0.00768
489841,0.016128
489876,0.024576
489910,0.096512
489926,0.00256
489964,0.067328
490013,0.00896
490034,0.02048
490100,0.036864
490120,0.018688
490135,0.028416
490146,0.078336
490156,0.08448
490210,0.097792
490235,0.034048
490345,0.04224
490405,0.004096
490449,0.010496
490460,0.020224
490534,0.01664
490564,0.571392
490607,0.054016
490679,0.000256
490694,0.025088
490806,0.03328
490832,0.01792
490849,0.015616
490894,0.024064
490916,0.001536
490964,0.019456
490966,0.07552
491012,0.040192
491047,0.011008
491064,0.014592
491107,0.295424
491164,0.115712
491237,0.044032
491336,0.032
491374,0.0064
491415,0.028928
491626,0.104192
491694,0.103168
491764,0.016896
491766,0.094464
491786,2.209792
491843,0.015872
491863,0.121344
491883,0.173056
491922,0.060416
491943,0.043008
491953,0.100352
491973,0.058624
491983,0.049152
491993,0.001024
492013,0.063744
492023,0.131328
492043,0.035328
492053,0.051456
492063,0.244992
492083,0.170496
492093,0.062208
492103,0.228096
492113,0.1664
492123,0.329472
492133,0.169728
492143,0.178176
492153,0.07808
492173,0.230912
492183,0.13312
492193,0.505088
492213,0.538368
492233,0.3648
492253,0.605696
492273,0.388864
492283,0.054528
492293,0.366848
492303,0.350464
492313,0.358144
492343,0.122112
492383,0.764416
492457,0.074752
492535,0.006912
492588,0.017152
492667,0.080896
492750,0.004352
492804,0.002048
492832,0.049408
492895,1.552384
492936,0.0128
492964,3.063296
493004,0.022272
493031,0.223232
493050,0.003584
493064,0.058368
493127,0.0256
493184,0.01792
493200,0.022016
493229,0.019968
493262,0.004864
493266,0.029952
493304,0.057856
493339,0.028416
493496,0.02176
493513,0.01024
493558,0.02176
493564,0.032512
493593,0.075264
493825,0.046848
493847,0.310272
493914,0.01664
493944,0.014336
493982,0.007424
494031,0.045824
494093,0.036096
494151,0.004352
494164,3.650048
494183,0.638208
494241,0.02048
494310,0.009472
494326,0.050688
494451,0.000768
494480,0.255744
494541,0.000512
494547,0.004096
494597,0.301056
494720,0.0448
494776,0.040704
494783,0.01536
494786,0.020224
494831,0.023296
494928,0.084992
495063,0.011264
495127,0.020224
495159,0.007936
495199,0.02176
495234,0.204288
495278,0.03712
495364,0.672
495380,7.702784
495385,1.515008
495447,0.014848
495468,0.06784
495520,0.075264
495544,0.01024
495589,0.06272
495627,0.034304
495666,0.062464
495701,0.055808
495805,0.079872
495848,0.022016
495872,0.010752
495964,5.711616
496091,0.039168
496116,0.529664
496132,0.030464
496225,0.010752
496241,0.002304
496309,0.013568
496325,0.00384
496459,0.008448
496483,0.022528
496521,0.013568
496534,0.007424
496561,0.056576
496564,0.224768
496577,0.037632
496635,0.013312
496684,0.003328
496711,0.004608
496718,0.035584
496727,0.022016
496771,0.010496
496800,0.030208
496858,0.00768
496923,0.027392
496967,0.006656
497059,0.075008
497120,0.02048
497129,0.009984
497164,0.424448
497217,0.068352
497241,0.117248
497299,0.090112
497314,0.003072
497392,0.090624
497438,0.02304
497593,0.013056
497612,0.032
497677,0.004096
497682,0.007424
497704,0.032256
497735,0.016896
497764,0.013568
497776,0.796672
497836,0.0064
497892,0.009728
497928,0.043776
497962,0.053504
498044,0.003584
498064,0.084736
498079,0.022016
498118,0.008704
498179,0.027648
498212,0.027904
498226,0.001792
498281,0.03584
498364,0.048128
498383,0.030208
498434,0.002304
498461,0.116992
498469,0.011264
498512,0.008192
498551,0.01152
498584,0.005632
498603,0.069376
498634,0.001536
498663,2.253056
498747,0.012032
498773,0.020224
498787,0.013824
498825,0.063488
498871,0.029952
498901,0.065024
498950,0.029952
498964,0.329216
498978,0.05248
499006,0.018944
499089,0.030464
499161,0.000768
499168,0.0384
499178,0.665344
499243,0.002304
499262,0.029184
499266,0.218624
499306,0.009728
499350,0.016896
499414,0.021248
499466,0.057856
499481,0.00128
499564,1.88928
499593,1.330176
499631,0.118784
499644,0.01536
499674,0.043264
499710,0.00256
499772,0.052736
499783,0.027136
499804,0.020224
499877,0.001536
499912,0.007424
499924,0.013312
500003,0.22272
500061,0.004352
500164,2.189312
500213,0.300032
500294,0.090368
500419,0.034816
500493,0.015872
500643,0.028672
500694,0.03072
500713,0.018176
500764,0.009728
500781,0.13312
500784,10.726656
500906,0.024832
500938,0.000256
500967,0.032512
500982,0.085248
501002,0.022528
501051,0.019968
501098,0.02688
501192,0.046592
501220,0.028416
501303,0.071168
501364,3.664896
501395,0.030464
501427,0.045312
501556,0.000768
501646,0.042752
501684,0.032
501714,0.021504
501733,0.034304
501784,0.028928
501813,0.059392
501862,0.038656
501895,0.001792
501901,0.008704
501939,0.014336
501961,0.098048
501964,4.839936
502156,0.02048
502186,0.004608
502213,0.23424
502266,0.009984
502298,0.013056
502398,0.018176
502425,0.002816
502442,0.020224
502491,0.012544
502537,0.030976
502553,0.019712
502564,0.041984
502580,0.052992
502590,2.180096
502694,0.00512
502710,0.076288
502735,0.051456
502858,0.246528
502963,0.071168
502982,0.00896
503013,0.009984
503079,0.40832
503163,0.027648
503164,0.8832
503232,0.080896
503284,0.039168
503352,0.088832
503422,0.011264
503480,0.00256
503486,0.021504
503513,0.026624
503599,0.03584
503668,0.002304
503686,0.010752
503759,0.207104
503764,0.797696
503783,1.263104
503914,0.004608
503942,0.007936
504017,0.028928
504106,0.012288
504133,0.07168
504223,0.015616
504239,0.043776
504275,0.01024
504342,0.004864
504362,0.035072
504364,1.253376
504437,0.007936
504440,0.2752
504467,0.034816
504500,0.038912
504552,0.03584
504599,0.03072
504620,0.001792
504626,0.016128
504664,0.017152
504704,0.032256
504785,0.009216
504813,0.080128
504831,0.057088
504871,0.21504
504964,5.721088
505006,0.009472
505046,1.045248
505114,0.030976
505136,0.008448
505209,0.01664
505245,0.036096
505298,0.069376
505403,0.040704
505473,0.173568
505512,0.03328
505517,0.009472
505530,0.027136
505577,0.050176
505594,0.009984
505606,0.035072
505991,0.008448
506001,0.266496
506053,0.022016
506125,0.003072
506135,0.00384
506176,0.38528
506194,0.094208
506364,0.018688
506398,0.000768
506470,0.014848
506525,0.046336
506642,0.030464
506650,0.067072
506675,0.780032
506764,2.298368
506765,3.490048
506856,0.032512
506885,0.001536
506974,0.000768
507024,0.049152
507060,0.004608
507087,0.000768
507122,0.128256
507140,0.036864
507195,0.025088
507205,0.037888
507276,0.026112
507335,0.040448
507350,0.017664
507376,0.064256
507381,0.004096
507444,0.026368
507495,0.006912
507500,0.009728
507531,0.006656
507533,0.002048
507577,0.02688
507581,0.019968
507638,0.036352
507694,0.003584
507742,0.073984
507873,0.001792
507900,0.026624
507904,0.102656
507949,0.059648
507964,0.003328
508010,0.044288
508079,0.078848
508108,0.04736
508144,0.048384
508187,0.059904
508302,0.023552
508380,0.026368
508453,0.038144
508494,0.090112
508564,0.072192
508607,2.276608
508672,0.035072
508834,0.025088
508939,0.18816
509013,0.08192
509063,0.006144
509067,0.028416
509116,0.044288
509144,0.02816
509154,0.056832
509164,0.11136
509194,0.060416
509207,0.063488
509245,0.031232
509390,0.031488
509465,0.037632
509565,0.02176
509572,0.01536
509586,0.06144
509614,0.939264
509634,0.098304
509682,0.127744
509728,0.054016
509764,0.021248
509787,0.037888
509828,0.018432
509924,0.01024
509985,0.032768
510035,0.006656
510039,0.001024
510123,0.121088
510210,0.022528
510231,0.060416
510309,0.026368
510329,0.034048
510371,0.003328
510380,0.5632
510473,1.014784
510546,0.007936
510574,0.034304
510581,0.086528
510621,0.022272
510630,0.10368
510644,0.014336
510674,0.083968
510713,0.019712
510725,0.524288
510753,0.050176
510765,0.00256
510810,0.01024
510817,0.100096
510860,0.086784
510911,0.037888
510925,0.45312
510964,0.31744
510975,0.695808
511012,0.054784
511035,0.027904
511104,0.012544
511174,0.027648
511214,0.009984
511254,0.138496
511270,0.002304
511323,0.062976
511362,0.009984
511385,0.027904
511409,0.02304
511474,0.008192
511539,0.037376
511564,5.43872
511656,0.069632
511787,0.285952
511852,0.0256
511913,0.038912
511947,0.15232
511990,0.024064
512050,0.022784
512060,0.075776
512099,0.028416
512144,0.004608
512164,0.457984
512206,0.047104
512290,0.022528
512306,0.02688
512327,0.011264
512334,0.003328
512356,1.117696
512394,0.020992
512432,0.029184
512509,0.010752
512558,0.043008
512592,0.018688
512653,0.112384
512672,0.004864
512686,0.013056
512703,0.013824
512750,0.008448
512762,0.032512
512764,2.866688
512848,0.228352
512893,0.137728
512916,0.787712
512964,0.032
512986,0.000768
513017,0.080896
513085,0.001792
513101,0.016896
513105,0.71424
513156,0.019968
513230,0.030464
513249,0.026368
513280,0.114432
513353,0.228352
513382,0.008448
513436,0.042496
513493,0.003328
513533,0.024576
513592,0.019456
513618,0.024832
513676,0.009984
513706,0.017664
513759,0.050176
513828,0.00512
513898,1.323776
513954,0.044288
513964,0.137216
514019,0.034048
514062,0.029952
514091,0.03456
514160,0.092928
514239,0.050944
514283,0.005888
514314,0.027136
514329,0.056576
514390,0.002048
514418,0.155904
514487,0.024064
514504,0.028928
514563,0.011776
514564,8.609792
514666,0.02176
514671,0.044544
514719,0.041216
514756,0.516608
514780,0.370688
514810,0.011776
514858,0.011008
514876,0.073728
514900,0.000768
514983,0.031488
515002,0.015616
515033,0.073728
515047,0.009728
515112,0.064
515138,0.02816
515164,0.335104
515189,1.094144
515220,0.787456
515277,0.357888
515298,0.07936
515357,0.184576
515384,0.024576
515451,0.00384
515509,0.113408
515548,0.27392
515582,0.002304
515647,0.123136
515672,0.132608
515734,0.01536
515741,0.094976
515761,0.019456
515785,0.174592
515823,0.101632
515846,0.023552
515859,0.013312
515994,0.061184
516089,0.026112
516125,0.116736
516200,0.044288
516295,0.092672
516364,12.86016
516465,0.100096
516507,0.012288
516583,0.019968
516649,0.01792
516657,0.041472
516871,0.02816
516921,0.098304
516955,0.018944
516964,2.897408
517054,0.015104
517078,0.031488
517136,0.059904
517245,0.02432
517265,0.008192
517308,0.03584
517326,0.05376
517350,0.000768
517365,0.007424
517418,0.006144
517459,0.008192
517504,0.003072
517508,0.019712
517520,0.006912
517564,0.085504
517626,0.065536
517699,0.007424
517782,0.014592
517821,0.46592
517980,0.133888
518024,0.001536
518041,0.040704
518077,0.001024
518089,0.026112
518132,0.055296
518160,0.008704
518164,7.18464
518234,0.337152
518260,0.036352
518335,0.109568
518354,0.36352
518392,0.012032
518402,0.019968
518427,0.007168
518433,0.012032
518497,0.012544
518599,0.46592
518623,0.604672
518632,0.641024
518702,0.039424
518725,0.060672
518764,0.240128
518778,0.700928
518789,0.083712
518848,0.06784
518881,0.452096
518911,0.077056
518914,0.0576
518924,0.022272
518962,0.002048
518973,0.09344
519010,0.04096
519058,0.02944
519083,0.467968
519141,0.015616
519152,0.067328
519178,0.038912
519271,0.202752
519341,0.00128
519359,0.032768
519376,0.020224
519379,0.783872
519412,0.0192
519439,0.005376
519617,0.0192
519620,0.02048
519630,0.045056
519645,0.1152
519670,0.022016
519701,0.044288
519722,0.029952
519764,0.059392
519772,0.16128
519808,0.013824
519825,0.009216
519845,0.09088
519865,0.017408
519923,0.002816
519934,0.007936
519940,0.119808
519978,0.077824
519984,1.955328
520057,0.12416
520090,0.00768
520098,0.000256
520184,0.001024
520282,0.269824
520310,0.012288
520421,0.034304
520437,0.27392
520521,0.097792
520541,0.00768
520564,3.586304
520688,0.03328
520696,0.026112
520743,0.545024
520881,0.00768
520923,0.03456
520935,0.017152
520992,0.018688
521017,0.07808
521058,0.000768
521110,0.026368
521153,0.0192
521164,2.728704
521192,0.154624
521228,0.090368
521284,0.013312
521323,0.007424
521345,0.00128
521475,0.03968
521526,0.01536
521658,0.060928
521734,0.003072
521742,0.026368
521760,0.002304
521764,0.014592
521777,0.86656
521788,10.508544
521813,0.803328
521925,0.01024
522047,0.048384
522074,0.040704
522152,0.00128
522168,0.09728
522272,0.02048
522289,0.049152
522330,0.249856
522354,0.2816
522364,1.436928
522416,0.901376
522504,0.087808
522530,0.935168
522622,0.154368
522650,0.0256
522663,0.011776
522712,0.019712
522743,0.00256
522746,0.582912
522797,0.003328
522807,0.019712
522869,0.151296
522923,0.015872
522935,0.04096
522964,0.026624
522978,0.058624
522985,1.020672
523025,0.129536
523089,0.011776
523095,0.009216
523105,0.467968
523237,0.003584
523239,0.000256
523266,0.02176
523283,1.260288
523382,0.02176
523424,0.02048
523434,0.07552
523555,0.018944
523565,1.01248
523628,0.009472
523741,0.009216
523807,0.026368
523836,0.006144
523881,0.0128
523921,0.001792
523939,0.003328
523956,0.018432
523998,0.009984
524030,0.01024
524036,0.2048
524139,0.023808
524153,0.495872
524164,0.090624
524177,0.389888
524222,0.089856
524237,0.022528
524349,0.018688
524382,0.033792
524422,0.242944
524456,0.157952
524500,0.000512
524517,0.027648
524546,0.102656
524578,0.004608
524590,0.03328
524622,0.07552
524701,0.048384
524711,0.052736
524717,0.000512
524763,0.022784
524764,1.580032
524881,0.000256
525092,0.008192
525184,0.014592
525265,0.022784
525319,0.107264
525359,0.023808
525364,0.02304
525379,0.002816
525386,0.396544
525401,0.090624
525450,0.047104
525471,0.004864
525574,0.000256
525579,0.039424
525605,0.041728
525626,0.03584
525673,0.067584
525703,0.023808
525740,0.003328
525761,0.037632
525876,0.0
525982,0.026368
526061,0.000768
526106,0.0064
526122,0.032512
526169,0.043264
526189,0.099072
526240,0.005632
526344,0.003328
526392,0.016128
526394,0.046592
526404,0.02944
526462,0.025856
526516,0.114176
526564,0.724992
526583,0.123904
526604,0.20608
526656,0.56192
526731,0.008192
526806,0.300544
526854,0.00512
526866,0.141568
526876,0.14336
526926,0.1088
526946,0.070912
526956,0.056064
526976,0.417792
526986,0.129024
526996,0.021504
527016,0.228608
527036,0.007936
527056,0.452352
527076,0.1792
527086,0.169728
527096,0.20608
527116,0.233728
527126,0.231424
527146,0.169216
527156,0.3648
527166,0.062976
527176,0.187136
527186,0.098816
527206,0.140544
527216,0.143104
527226,0.50304
527256,0.292352
527266,0.045824
527276,0.507904
527296,0.800512
527306,0.150528
527326,0.019968
527336,0.130304
527346,0.265728
527356,0.451584
527386,0.676608
527416,0.343552
527426,0.066304
527446,0.589056
527456,0.351744
527476,0.72576
527496,0.522496
527506,0.577792
527546,0.194816
527759,0.024064
527786,0.275712
527788,0.230144
527819,0.1344
527976,0.00512
528039,0.00512
528060,0.001536
528098,0.027392
528107,0.00384
528158,0.00256
528179,0.007424
528201,0.033536
528225,0.041728
528337,0.044544
528361,0.040192
528383,0.033536
528410,0.014592
528440,0.035584
528467,0.0128
528489,0.000768
528574,0.031488
528679,0.019712
528818,0.004352
528844,0.006656
528895,0.008448
528910,0.018432
528961,0.036608
528964,0.015104
528976,0.067584
528980,0.004864
528994,0.044288
529026,0.080896
529210,0.024064
529235,0.09984
529302,0.025856
529318,0.184064
529368,0.002816
529415,0.045824
529524,0.009472
529564,0.069632
529581,0.007424
529597,0.380672
529626,0.866304
529633,0.41984
529788,0.008704
529798,0.043008
529818,0.049152
529839,0.041728
529879,0.120832
529954,0.014336
530021,0.04736
530036,0.153088
530117,0.009472
530123,0.008192
530164,2.166528
530228,0.015616
530278,0.106496
530342,0.019712
530390,0.04352
530530,0.011008
530542,0.029952
530629,0.03712
530745,0.042752
530764,3.584768
530848,1.072128
530920,0.011264
530954,0.118016
531042,0.08448
531077,0.039424
531225,0.191232
531297,0.03328
531362,1.865984
531378,3.97824
531474,0.00128
531525,0.095744
531662,0.04608
531679,0.004608
531713,0.405504
531776,0.0512
531815,0.027136
531839,0.366848
531885,0.044544
531891,0.064
531906,2.146304
531964,2.128128
531979,1.446656
531981,0.355328
532015,6.409216
532089,0.068608
532100,0.979968
532140,0.032256
532159,0.73088
532205,0.005376
532223,0.00512
532255,0.025856
532266,0.178432
532392,0.5696
532461,0.066816
532544,0.033536
532564,2.765824
532586,0.55168
532690,0.077824
532742,0.060416
532780,0.017408
532821,0.022784
532842,0.00128
532876,0.001536
532941,0.008704
533008,0.002304
533079,0.022272
533158,0.038144
533164,0.38528
533227,0.018688
533256,0.026368
533306,0.006144
533320,0.621056
533399,0.007424
533422,0.04352
533456,0.1216
533546,0.00256
533648,0.042752
533744,0.001792
533764,2.056448
533781,1.837056
533833,0.057856
533897,0.009728
534007,0.007936
534054,0.201984
534211,0.004096
534238,0.055296
534253,0.003328
534297,0.057344
534340,0.028672
534364,3.364096
534427,0.00512
534460,0.030464
534532,0.079872
534560,0.498176
534623,0.003584
534773,0.00768
534809,0.002304
534874,0.00128
534964,0.80512
535016,0.023808
535063,0.028928
535084,0.027136
535115,0.03072
535174,0.008192
535247,0.033792
535310,0.040704
535342,0.025856
535421,0.0128
535439,0.125952
535472,0.009216
535538,0.00256
535560,0.015872
535564,0.22016
535610,0.002304
535652,0.010496
535670,0.013568
535705,0.052992
535836,0.02176
535852,0.08064
535874,0.01408
535894,0.06272
535945,0.0256
536028,0.007168
536054,0.005632
536057,0.003328
536177,0.23936
536224,0.034048
536257,0.172544
536360,0.02176
536405,0.032256
536458,0.004096
536461,0.049152
536520,0.014592
536532,0.02176
536588,0.001024
536613,0.029952
536623,0.03456
536673,0.003584
536676,0.060416
536784,2.0352
536861,0.011008
536902,0.012544
536939,0.156928
537011,0.013824
537108,0.058368
537156,4.46592
537308,0.156672
537338,0.029952
537364,1.175808
537435,0.024576
537560,0.076032
537609,0.0128
537655,0.00128
537690,0.017152
537715,0.069888
537803,0.065536
537817,0.05376
537927,0.01408
537964,4.49024
538056,0.007168
538075,0.047104
538086,0.425472
538160,0.003072
538269,0.030976
538434,0.013056
538564,0.01664
538579,0.627712
538582,3.458304
538640,0.065536
538660,0.124416
538662,0.078592
538680,0.48896
538716,0.097792
538721,1.459456
538732,0.01408
538819,1.314048
538884,0.00896
538928,0.064512
538976,0.436736
539003,0.000512
539012,1.544448
539033,0.230656
539041,0.149504
539099,0.260864
539102,0.362752
539164,11.87072
539276,0.507904
539366,0.021248
539418,0.062208
539426,0.019968
539443,0.194304
539489,0.016128
539561,0.006912
539580,0.03072
539607,0.232704
539661,0.371712
539757,0.086016
539764,2.674432
539844,0.013568
539871,0.101632
539901,0.054016
539952,0.022528
539974,0.031488
540050,0.03456
540065,0.033536
540105,0.020224
540141,0.066816
540161,0.006912
540207,0.007936
540231,0.056064
540364,0.034816
540414,0.00128
540428,0.008192
540516,0.00768
540518,0.129536
540628,0.025088
540697,0.000768
540744,0.113664
540837,0.075008
540864,0.003584
540934,0.036352
540964,0.029184
540980,0.368896
541092,0.078592
541138,0.010752
541161,0.057856
541189,0.001536
541229,0.009216
541253,0.032256
541292,0.001536
541368,0.00768
541439,0.000256
541503,0.084992
541559,0.009472
541564,1.586176
541646,0.037632
541686,0.030976
541720,0.000768
541827,0.013056
541893,0.019456
541964,0.057856
542049,0.06016
542164,0.241408
542207,0.06272
542262,0.005888
542298,0.300544
542317,0.008192
542426,0.00128
542472,0.003328
542491,0.000512
542503,0.158976
542537,0.0256
542546,0.275456
542645,0.014848
542692,0.01024
542713,0.037888
542736,0.00768
542764,0.223744
542776,0.045056
542816,0.476416
542922,0.0448
542939,0.034048
543004,0.003584
543062,0.05376
543108,0.0256
543130,0.002304
543134,0.01792
543180,0.107264
543212,0.00128
543253,0.029184
543268,0.03968
543302,0.02176
543323,0.009984
543363,0.002816
543377,0.448256
543381,0.825088
543432,0.09856
543512,0.013824
543526,0.028416
543529,0.030976
543602,0.04352
543644,0.072704
543692,0.065536
543726,0.009216
543758,0.05376
543829,0.01152
543900,0.004096
543949,0.04096
543964,7.262976
544117,0.136448
544184,0.03712
544208,0.019456
544259,0.01792
544283,0.241408
544319,0.258048
544372,0.008192
544433,0.180736
544564,0.025344
544586,0.108032
544616,0.029184
544700,0.035584
544710,0.020736
544804,0.04608
544852,0.00256
544938,0.029696
544985,0.023808
545017,0.015872
545056,0.0
545077,0.000512
545090,0.316416
545118,0.026112
545156,0.007424
545164,5.252608
545269,0.01152
545289,0.025856
545350,0.012288
545352,0.304896
545431,0.000512
545506,0.026368
545615,0.066048
545642,0.084224
545662,0.002816
545688,0.02816
545746,0.127232
545764,1.278464
545848,0.083968
545901,0.03456
545918,2.238208
545968,0.021504
545982,0.009984
546039,0.047872
546106,0.009984
546149,0.013568
546157,0.07552
546274,0.03072
546337,0.017664
546349,0.030464
546364,2.556928
546478,0.024064
546481,0.013056
546505,0.007936
546578,0.038912
546603,0.080128
546670,0.015872
546697,0.108544
546788,0.02688
546841,0.023808
546851,0.001536
546878,0.006912
546884,0.112128
546926,0.004096
546947,0.030208
546976,0.105728
546986,0.019456
546987,0.114944
547066,0.016128
547087,0.004096
547123,0.016128
547155,0.027648
547227,0.029184
547277,0.00256
547329,0.022016
547352,0.014592
547430,0.04992
547486,0.004352
547547,0.076544
547564,0.027648
547588,0.01792
547590,0.04864
547656,0.008704
547661,0.76032
547699,0.003584
547726,0.028928
547799,0.009472
547816,0.017152
547899,0.036864
547917,0.013056
547966,0.058368
547981,0.130048
548025,0.004608
548057,0.007168
548074,0.004608
548125,0.001792
548157,0.483328
548207,0.000768
548271,0.009216
548322,0.025344
548341,0.014336
548376,0.049152
548473,0.033536
548551,0.011008
548603,0.031232
548677,0.014336
548726,0.031488
548738,0.01024
548764,5.911552
548879,0.005888
548934,0.074752
548948,0.018944
549068,0.120832
549112,0.006912
549114,0.007168
549146,0.001024
549208,0.034048
549242,0.00512
549277,0.000768
549279,0.073728
549341,0.011776
549364,8.065024
549491,0.05632
549513,0.011264
549591,0.003072
549657,0.014336
549751,0.043008
549923,0.003072
549964,0.115456
550036,0.016384
550077,0.114688
550176,0.283904
550245,0.281088
550271,0.013056
550361,0.003072
550385,0.057088
550446,0.000768
550470,0.003072
550514,0.095744
550564,0.047872
550565,0.014592
550578,0.412416
550629,0.150272
550699,0.037632
550779,0.112384
550840,0.012032
550887,0.027136
550954,0.057344
550972,0.014336
551061,0.032
551164,0.025344
551297,0.010496
551385,0.055296
551417,0.035328
551466,0.045824
551501,0.006912
551566,0.01152
551583,0.030464
551634,0.079616
551704,0.065024
551747,0.057088
551776,0.147968
551829,0.068096
551979,0.015616
552022,0.023296
552097,0.0
552180,0.101376
552208,0.090624
552336,0.010496
552364,0.004608
552407,1.44
552450,0.156416
552483,0.061952
552511,0.021504
552527,0.003584
552548,0.075776
552587,0.009728
552633,0.027136
552676,0.02176
552727,0.049152
552769,0.03456
552810,0.058368
552871,0.018176
552888,0.000512
552924,0.047104
552963,0.003072
552964,0.534272
553083,0.082176
553088,0.016896
553149,0.185088
553204,0.070912
553223,0.004096
553254,0.059648
553287,0.031744
553309,0.012544
553335,0.059904
553357,0.044544
553414,0.01536
553520,0.001792
553564,1.590272
553632,0.091904
553701,0.036864
553729,0.028416
553818,0.002816
553861,0.020992
553874,0.006912
553877,0.320512
553928,0.6592
553954,1.358848
554020,0.036608
554034,0.074496
554044,0.03712
554074,0.164352
554094,0.182272
554104,0.0512
554114,0.33408
554134,0.110592
554144,0.37888
554164,2.177536
554181,0.668672
554214,0.070656
554224,0.118528
554234,0.205056
554244,0.322048
554254,0.081152
554264,0.612352
554274,0.295168
554294,0.202752
554304,0.235008
554314,0.29312
554324,0.195072
554354,0.455168
554384,0.039168
554394,0.007168
554424,0.646656
554496,0.036608
554576,0.4544
554661,0.058368
554713,0.01664
554760,0.02176
554777,0.018944
554779,0.240128
554824,0.01536
554882,0.081152
554940,0.023296
554959,0.024064
555013,0.026624
555051,0.054784
555076,0.121088
555107,0.030208
555226,0.012288
555227,0.202496
555275,0.041216
555286,0.008448
555307,0.011264
555329,0.018176
555333,0.014592
555336,0.124672
555364,0.008448
555376,0.100608
555417,1.035776
555458,0.346624
555512,0.017408
555528,0.04352
555552,0.00896
555614,0.017152
555635,0.006144
555649,0.001024
555730,0.004352
555739,0.034304
555782,0.020736
555830,0.025088
555882,0.068096
555913,0.072704
555960,0.0256
555964,0.349696
555985,0.3904
556030,0.130048
556103,0.002048
556232,0.007168
556271,0.098048
556284,0.029184
556324,0.014592
556343,0.000256
556426,0.036096
556441,0.015104
556491,0.011008
556504,0.009472
556533,0.02816
556552,0.034816
556564,0.004096
556588,0.041984
556625,0.105728
556647,0.004864
556784,0.00768
556870,0.033024
556907,0.008448
556944,0.031232
556983,0.001536
557002,0.038144
557164,5.425408
557250,0.023296
557298,0.00128
557314,0.007168
557381,0.02304
557406,0.026112
557408,0.017152
557494,0.057856
557536,0.020736
557613,0.021248
557652,0.00384
557681,0.012288
557744,0.87552
557782,0.039168
557788,0.087552
557831,0.291584
557883,0.0064
557901,0.047872
557923,0.022784
558041,0.289536
558090,0.101376
558212,0.02688
558223,0.053248
558291,0.100096
558333,0.007936
558364,0.387584
558379,1.304064
558510,0.005888
558524,0.09216
558575,0.089344
558628,0.100352
558664,0.0192
558690,0.011264
558733,0.036096
558770,0.0128
558821,2.194432
558944,0.108032
558964,0.634112
558979,2.086656
559025,0.102144
559080,0.045568
559203,0.032256
559231,0.161024
559254,0.004864
559273,0.009728
559327,0.01024
559350,0.001024
559427,0.031232
559434,0.185344
559477,0.022272
559564,0.014848
559566,0.050944
559585,0.135424
559587,0.070656
559617,0.0512
559674,0.003328
559756,0.366592
559825,0.034816
559853,0.01664
559956,0.01408
559973,0.022016
560047,0.038144
560071,0.066816
560073,0.094464
560137,0.077568
560164,0.525056
560192,0.096256
560227,0.004352
560318,0.00256
560348,0.007936
560446,0.006656
560463,0.001792
560543,0.027648
560657,0.033536
560726,0.022016
560764,0.012544
560789,0.427008
560843,0.013568
560914,0.00384
561062,0.082688
561124,0.026112
561125,0.257792
561233,0.092416
561252,0.03584
561307,0.01152
561321,0.009728
561364,0.011264
561376,0.388864
561481,0.007936
561490,0.262912
561620,0.041472
561652,0.007936
561769,0.008192
561798,0.004352
561854,0.020992
561964,2.294784
561990,0.290304
562226,0.084736
562289,0.02304
562324,0.040192
562407,0.030208
562435,0.04096
562485,0.046336
562510,0.00384
562564,0.029696
562579,0.01152
562601,0.128512
562655,0.00128
562694,0.070912
562797,0.006912
562860,0.016896
562901,0.013568
562902,0.060928
562956,0.009472
563164,0.050944
563180,0.2112
563227,0.00512
563269,0.033792
563350,0.011776
563413,0.06784
563514,0.004608
563590,0.001792
563614,0.025088
563648,0.030976
563723,0.0448
563757,0.037632
563764,2.606336
563783,1.444608
563826,1.042432
563958,0.057344
564001,0.022528
564068,0.027648
564108,0.030464
564187,0.039168
564203,0.029696
564242,0.052992
564290,0.008192
564364,2.543104
564415,0.026368
564475,0.056832
564529,0.008704
564552,0.003584
564594,0.024576
564625,0.014336
564656,0.928256
564685,0.073728
564736,0.012544
564763,0.02944
564776,0.02816
564788,0.050688
564840,0.007168
564919,0.011776
564964,0.154624
564985,0.021248
564988,0.220416
565066,0.015104
565068,0.014592
565076,0.04224
565099,0.001024
565132,0.073216
565164,0.113664
565210,0.026112
565232,0.021248
565239,0.039936
565293,0.034048
565338,0.013568
565424,0.020224
565473,0.0
565518,0.099072
565564,5.766656
565649,0.001024
565689,0.036096
565701,0.05376
565772,0.005376
565788,0.056832
565870,0.027136
565924,0.012032
566029,0.011008
566061,0.030976
566068,0.008704
566154,0.00512
566179,1.383936
566187,0.752128
566259,0.029696
566301,0.019712
566325,0.02688
566360,0.012288
566389,0.0256
566421,0.054784
566472,0.01536
566517,0.03328
566651,0.239104
566674,0.079872
566759,0.015104
566764,5.75872
566781,0.103168
566814,0.243968
566869,0.186624
566902,0.00768
566977,0.02048
567009,0.180224
567050,0.012544
567083,0.029696
567129,0.035328
567164,0.032256
567227,0.073728
567254,0.038144
567310,0.058112
567361,0.0
567364,0.035072
567454,0.098304
567499,0.007168
567516,0.008704
567579,0.077056
567660,0.017664
567690,0.066816
567790,0.015872
567803,0.75648
567804,0.598528
567903,0.001024
567909,0.000768
567922,0.062464
567964,4.240128
568053,0.044544
568076,0.097024
568124,0.013568
568220,0.01024
568260,0.014336
568284,0.027904
568334,0.046592
568402,0.004096
568470,0.018432
568516,0.077824
568532,0.846336
568564,0.761088
568603,0.036864
568635,0.028416
568673,0.023552
568704,0.000768
568722,0.021504
568746,0.045312
568806,0.014848
568863,0.008704
568909,0.074752
568930,0.063488
568947,0.008704
569000,0.014336
569017,0.01024
569063,0.013312
569157,0.010496
569164,0.895232
569183,0.346624
569326,0.01536
569421,0.02048
569445,0.006144
569464,0.116224
569548,0.005632
569561,0.52608
569609,0.020992
569617,0.020992
569635,0.109056
569651,0.264448
569760,0.01792
569764,4.240384
569781,1.653504
569837,0.027648
569847,0.553216
569875,0.031744
569943,0.066816
570090,0.130048
570142,0.022272
570158,0.135424
570217,0.028672
570243,0.00512
570295,0.079872
570364,1.42592
570453,0.027136
570486,0.038144
570532,0.087808
570538,0.162304
570626,0.183552
570697,0.25088
570758,0.000512
570785,0.021248
570798,0.008192
570826,0.004352
570861,0.023296
570899,0.070912
570964,0.003328
570976,0.060672
570978,0.239616
571061,0.01152
571085,0.059648
571120,0.002304
571131,0.01408
571267,0.163584
571315,0.027136
571356,0.076288
571410,0.099072
571450,0.0
571465,0.055296
571564,0.079104
571579,0.004352
571602,0.005632
571660,0.04736
571667,0.0256
571725,0.033024
571729,0.004864
571778,0.083712
571864,0.050944
571900,0.02048
572004,0.002048
572024,0.040704
572164,1.302016
572238,0.050944
572281,0.00768
572338,0.041216
572435,0.028928
572487,0.067072
572520,0.031232
572583,0.027904
572662,0.014336
572701,0.096256
572735,0.001536
572764,0.017664
572776,2.536192
572844,0.028672
572878,0.986368
572945,0.009472
572954,0.016896
573016,0.017664
573156,0.001536
573240,0.013568
573245,0.025344
573262,0.037632
573364,0.001792
573380,1.389312
573444,0.020736
573473,0.032256
573496,0.02944
573512,0.051712
573557,0.026368
573574,0.011008
573624,0.005632
573652,0.014848
573656,0.017408
573686,0.059136
573743,0.048128
573756,0.055552
573765,0.009984
573824,0.007168
573896,0.01152
573930,0.026624
573954,0.00256
573964,2.690304
573985,0.545792
574102,0.096
574279,0.04352
574396,0.052736
574487,0.0896
574564,0.047872
574569,0.116736
574638,0.000512
574716,0.010752
574752,0.017664
574775,0.089856
574816,0.009472
574878,0.004608
574926,0.002048
574959,0.007936
574990,0.006656
574996,0.003584
575035,0.013056
575048,0.041984
575075,0.052736
575156,0.002048
575164,1.599232
575299,0.016128
575515,0.006912
575541,0.00768
575555,0.050688
575568,0.0128
575640,0.003584
575681,0.009984
575712,0.045312
575739,0.016128
575764,0.000512
575778,0.03712
575784,0.049408
575844,0.003072
575907,0.065536
575986,0.024064
576025,0.02816
576078,0.027904
576124,0.009472
576137,0.00128
576139,0.06144
576188,0.016384
576321,0.046336
576353,0.039936
576364,2.345728
576439,0.024832
576470,0.004608
576514,0.038144
576592,0.062976
576624,1.521664
576705,0.060672
576804,0.07424
576871,0.048896
576888,0.031232
576956,0.020992
576964,2.523648
576983,1.344256
577063,0.024064
577108,0.001024
577191,0.009984
577228,0.075008
577241,0.006144
577305,0.01536
577373,0.0
577421,0.143872
577498,0.115712
577531,0.005888
577548,0.0064
577567,0.003072
577580,0.060672
577627,0.14208
577674,0.166144
577743,0.036352
577896,0.064
578049,0.024064
578061,0.006144
578103,0.009984
578141,0.052992
578146,0.036352
578164,5.955328
578297,0.031488
578357,0.0256
578406,0.00128
578420,0.071424
578493,0.0064
578534,0.022784
578594,0.006656
578764,0.13696
578884,0.014848
578904,0.021504
578910,0.0064
578954,0.014592
578971,0.616704
579069,0.009216
579099,0.144896
579153,0.018688
579236,0.051968
579249,0.058368
579351,0.032
579354,0.165376
579364,0.31744
579380,0.07808
579443,0.036608
579483,0.022272
579508,0.011264
579558,0.253696
579646,0.05248
579652,0.265216
579702,0.098816
579773,0.004864
579813,0.020992
579830,0.00256
579880,0.000768
579897,0.003584
579934,0.001792
579981,0.080896
580031,0.008448
580042,0.009984
580108,0.000256
580111,0.000256
580128,0.017664
580133,0.005376
580169,0.029696
580279,0.054272
580340,0.023296
580390,0.26112
580495,0.0064
580528,0.014848
580540,0.028672
580564,0.007168
580570,0.024576
580580,0.167424
580667,0.004352
580684,0.056832
580727,0.033536
580770,0.016896
580842,0.042496
580905,0.047104
580943,0.090112
580951,0.201984
581090,0.043008
581164,4.089088
581188,0.29312
581337,0.005376
581443,0.056064
581560,0.037888
581580,0.0192
581683,0.034048
581708,0.042752
581748,1.583872
581855,0.015872
581895,0.02688
581897,0.011008
581956,0.004096
581959,0.212992
581987,0.013312
582038,0.646144
582081,0.04608
582124,0.029952
582136,0.01024
582157,0.269312
582186,0.000768
582263,0.051968
582316,0.016384
582334,0.004096
582364,0.03712
582437,0.016128
582471,0.130048
582503,0.00256
582535,0.03072
582551,0.034304
582568,0.022016
582580,0.067328
582607,0.090624
582702,0.036096
582760,0.000256
582799,0.005888
582812,0.063488
582858,0.046336
582873,0.015616
582964,1.636352
582982,0.095232
582986,0.647424
583172,0.094464
583185,0.014592
583213,0.004864
583240,0.210688
583275,0.004096
583312,0.008704
583320,0.080384
583372,0.006912
583377,0.018432
583458,0.263424
583487,0.014592
583501,0.02176
583564,0.017408
583579,1.668864
583656,0.10112
583692,0.001536
583700,0.069376
583808,0.009216
583851,0.079872
583911,0.042496
583978,0.041216
584046,0.003072
584147,0.024832
584164,0.001024
584215,0.073472
584284,0.011008
584311,0.045312
584438,0.03584
584450,0.025344
584499,0.005888
584555,0.01536
584585,0.10112
584718,0.059392
584764,0.019712
584773,0.048896
584776,0.038656
584820,0.043776
584838,0.017408
584876,0.032768
584909,0.026112
585056,0.002048
585090,0.009984
585264,0.039424
585282,0.132352
585305,0.020736
585364,0.067584
585376,0.082176
585384,2.52032
585446,0.001536
585473,0.004608
585513,0.009472
585516,0.01024
585578,0.01152
585618,0.004352
585633,0.009984
585693,0.005376
585717,0.054016
585796,0.058624
585831,0.01792
585917,0.108288
585959,0.043264
585964,1.888512
586042,0.022016
586071,0.03456
586145,0.025856
586164,0.185088
586202,0.007936
586209,0.001536
586232,0.02048
586449,0.016128
586477,0.016896
586505,0.013312
586564,0.194304
586649,0.05888
586662,0.022784
586752,0.001536
586766,0.010752
586788,0.001792
586804,0.00512
586906,0.056576
586918,0.050432
586947,0.029952
587099,0.00128
587153,0.027904
587175,0.010752
587176,0.163328
587184,0.063488
587254,0.099328
587320,0.013568
587362,0.04864
587378,0.014848
587452,0.014336
587462,1.489408
587566,0.004096
587618,0.004096
587686,0.015104
587708,0.000768
587720,0.000256
587757,0.019968
587777,0.020224
587816,0.023808
587927,0.042752
587988,0.017664
588043,0.003072
588054,0.099328
588065,0.025344
588079,0.030208
588112,0.013312
588145,0.00128
588240,0.02176
588316,0.025088
588364,0.068352
588386,0.132608
588420,0.00128
588448,0.005376
588465,0.011008
588517,0.006912
588556,0.008448
588624,0.010752
588693,0.00128
588831,0.05376
588853,0.037632
588893,0.013056
588922,0.02176
588931,0.001536
588964,3.854848
589095,0.006144
589102,0.034304
589145,0.043264
589244,0.044032
589275,0.006656
589311,0.02432
589388,0.006144
589407,0.002816
589411,0.001792
589425,0.01664
589498,0.056064
589564,0.305408
589577,0.259328
589612,0.027648
589623,0.194816
589646,0.007936
589738,0.049408
589756,0.01792
589820,0.01792
589846,0.072448
589967,0.00512
590038,0.055552
590075,0.012032
590132,0.036096
590176,0.132608
590288,0.093696
590410,0.026624
590453,0.00256
590492,0.055552
590499,0.04224
590562,0.053504
590583,0.051712
590611,0.065536
590654,0.363776
590710,0.023552
590740,0.001536
590749,0.04864
590770,0.100352
590838,0.064256
590871,0.050176
590916,0.006912
590950,0.000512
590959,0.02176
591022,0.01664
591050,0.081664
591084,0.041472
591148,0.027392
591178,0.007168
591295,0.014592
591355,0.010752
591379,0.624896
591430,0.194304
591502,0.003584
591589,0.026368
591630,0.02432
591674,0.014336
591703,0.01024
591786,0.005888
591799,0.037376
591852,0.004352
591878,0.060672
591979,2.149888
592041,0.002048
592100,0.050176
592241,0.061952
592260,0.047616
592278,0.001024
592312,0.017152
592341,0.032
592395,0.016384
592503,0.05248
592550,0.027648
592564,0.02048
592565,0.236288
592702,0.02048
592726,0.00128
592766,0.25856
592834,0.030976
592943,0.002304
592963,0.0448
592965,0.524544
593010,0.02048
593013,0.000512
593047,0.01024
593112,0.002304
593142,0.020224
593158,0.020224
593164,0.011264
593180,0.001536
593198,0.110848
593244,0.08448
593257,0.445952
593374,0.002048
593406,0.07808
593432,0.020992
593462,0.003072
593508,0.02688
593555,0.008704
593596,0.052736
593665,0.010496
593676,0.044544
593693,0.014848
593734,0.005632
593764,0.015104
593776,0.078592
593783,1.397248
593805,0.83968
593858,0.071168
593930,0.050944
593958,0.0512
593971,0.05632
593983,0.003328
594001,0.408576
594112,0.0256
594128,0.038656
594186,0.000256
594207,0.016896
594240,0.00256
594247,0.007936
594253,0.035072
594302,0.009472
594326,0.011008
594364,1.494016
594430,0.055552
594454,0.039936
594479,0.022528
594494,0.065024
594546,0.00128
594554,0.004352
594585,0.008704
594616,0.11008
594678,0.013568
594688,0.035072
594726,0.025856
594730,0.006144
594749,0.004352
594779,0.041216
594805,0.114432
594836,0.0448
594916,0.009984
594933,0.058368
594963,0.048896
594977,1.146112
595120,0.027136
595136,0.588288
595201,0.034048
595272,0.028928
595373,0.00768
595432,0.008704
595438,0.028672
595466,0.004096
595516,0.012288
595523,0.019456
595538,0.1088
595564,0.001024
595581,0.053504
595686,0.14592
595746,0.022016
595805,0.005632
595836,0.009472
595909,0.081408
595956,0.0832
595979,0.011776
596085,0.047616
596148,0.857856
596217,0.001024
596269,0.026368
596393,0.171008
596501,0.007936
596512,0.03328
596564,0.046848
596570,0.389632
596597,0.018432
596645,0.006912
596649,0.002304
596696,0.005632
596780,0.055296
596869,0.015872
596881,0.02304
596919,0.300544
596952,0.02176
596966,0.005632
597112,0.003584
597132,0.019968
597153,0.030464
597206,0.02304
597220,0.011776
597287,0.008448
597364,1.129472
597468,0.00128
597560,0.0064
597612,0.023552
597752,0.020224
597822,0.013056
597871,0.011008
597961,0.013568
597982,0.27392
598075,0.065536
598161,0.002816
598228,0.010752
598248,0.000768
598302,0.02048
598308,0.010496
598371,0.001024
598415,0.043008
598503,0.034304
598556,0.038912
598564,4.209408
598652,0.098048
598739,0.015872
598806,0.063232
598826,0.023552
598839,0.036096
598846,0.077568
598977,0.03328
599010,0.025344
599092,0.0256
599120,0.033792
599164,0.031232
599177,0.093952
599185,0.12032
599228,0.127488
599317,0.021248
599412,0.000768
599423,0.004352
599433,0.010496
599453,0.014336
599549,0.014592
599651,0.020992
599689,0.011264
599764,0.140544
599778,0.023808
599930,0.0064
599964,0.097536
599993,0.033536
600066,0.039424
600126,0.053248
600195,0.009984
600356,0.063232
600379,0.004352
600380,0.185088
600382,0.193792
600533,0.122112
600550,0.02432
600564,0.029952
600633,0.004352
600700,0.014336
600713,0.0064
600753,0.027136
600828,0.013568
600879,0.0064
600901,0.017408
600914,0.02048
600918,0.066816
600949,0.024576
600953,0.0192
600969,0.13568
600983,5.975296
601062,0.001792
601123,0.01408
601150,0.030464
601198,0.062208
601220,0.021504
601234,0.025088
601285,0.013312
601326,0.061952
601364,0.036608
601399,0.05248
601454,0.035072
601564,7.95776
601624,0.062976
601733,0.01408
601838,0.008704
601857,0.011008
601879,0.024576
601952,0.002304
601955,0.077056
601979,0.00896
602050,0.030464
602073,0.133376
602097,0.07424
602109,0.003072
602150,0.005632
602164,0.007424
602180,0.11776
602230,0.00128
602240,0.044544
602272,0.005888
602335,0.024576
602348,0.011264
602403,0.001024
602409,0.002048
602429,0.003584
602460,0.036608
602485,0.037376
602533,0.008192
602611,0.011008
602632,0.023808
602643,0.004096
602683,0.036608
602744,0.002304
602764,0.133376
602778,0.538624
602789,0.421632
602880,0.003328
602899,0.008704
602905,0.000512
602920,0.036864
602975,0.017152
603010,0.000256
603012,0.036352
603056,0.02432
603057,0.032
603123,0.006144
603156,0.017664
603201,0.447744
603238,0.024576
603318,0.025344
603364,0.013312
603377,0.064
603384,0.037376
603440,0.017664
603467,0.007168
603471,0.026624
603498,0.002048
603504,0.025344
603529,0.018688
603554,0.126464
603653,0.014848
603703,0.002304
603756,0.004608
603819,0.00768
603964,0.013312
604046,0.162048
604071,0.036864
604088,0.020736
604180,0.047872
604193,0.007936
604300,0.04224
604304,0.004864
604357,0.074752
604375,0.015616
604433,0.01792
604437,0.017152
604564,4.602624
604591,3.52512
604737,0.094976
604749,0.039168
604902,0.01152
604926,0.040448
604939,0.008448
605019,0.001536
605046,0.018176
605079,0.04736
605120,0.02176
605145,0.006144
605164,9.508352
605250,0.005888
605419,0.032768
605522,0.050432
605552,0.0704
605578,0.000512
605604,0.046848
605658,0.003328
605705,0.023296
605747,0.030976
605756,0.024832
605764,12.822016
605868,0.070912
605910,0.021504
606058,0.022272
606090,0.04864
606141,0.07424
606149,0.001792
606157,0.014848
606207,0.016384
606360,0.023296
606364,3.315712
606454,0.02688
606459,0.049664
606514,0.040192
606538,0.059648
606563,0.009216
606638,0.0256
606674,0.00512
606761,0.038912
606781,0.051712
606801,0.007168
606849,0.039168
606873,0.044288
606916,0.005376
606926,0.070656
606964,1.845248
607021,0.009472
607039,0.64896
607102,0.076288
607117,0.083456
607154,0.031744
607185,0.035584
607204,0.035072
607231,0.017408
607237,0.008192
607288,0.02688
607357,0.144384
607386,0.002048
607401,0.003584
607430,0.564736
607501,0.082176
607564,0.978176
607591,0.171008
607658,0.066048
607742,0.002048
607754,0.105984
607789,0.096
607801,0.031488
607843,0.0192
607858,0.007168
607974,0.014336
607987,0.032
608005,0.283904
608120,0.000512
608142,0.066816
608158,0.03072
608164,1.783552
608225,0.022272
608250,0.079616
608308,0.027648
608314,0.011008
608330,0.002816
608335,0.04352
608396,0.04352
608467,0.000768
608524,0.040448
608590,0.147456
608672,0.002048
608707,0.007936
608723,0.156672
608776,0.002048
608780,0.594944
608837,0.0576
608885,0.005632
608902,0.009984
608923,0.00896
608973,0.073728
608989,0.054016
609032,0.008448
609077,0.028672
609156,0.017408
609206,0.131584
609358,0.002048
609364,1.68448
609395,0.360192
609463,0.040192
609493,0.003584
609514,0.054784
609541,0.009728
609581,0.06016
609648,0.157696
609749,0.003072
609803,0.001024
609836,0.026368
609865,0.015104
609876,0.041216
609908,0.069376
609919,0.04736
609943,0.073472
609957,0.043008
609964,2.112768
609981,0.354816
610038,0.025088
610107,0.004352
610113,0.004096
610131,0.001792
610353,0.010752
610369,0.009216
610416,0.007936
610460,0.05888
610506,0.090624
610519,0.375808
610544,0.015872
610564,0.159744
610622,0.006656
610695,0.024064
610700,0.29312
610744,0.004864
610785,0.005888
610790,0.020224
611008,0.001536
611077,0.026368
611104,0.03072
611141,0.00512
611164,7.815424
611204,0.30592
611285,0.006912
611312,0.008704
611349,1.801216
611386,0.023808
611455,0.05632
611563,0.00896
611573,0.059648
611612,0.02176
611634,0.057088
611737,0.023552
611764,0.032
611765,2.005504
611906,0.021248
611943,0.004864
611956,0.027904
612013,0.06656
612046,0.020992
612097,0.00128
612155,0.030208
612194,0.005376
612203,0.035072
612312,0.009984
612344,0.053248
612364,0.008448
612378,0.023552
612380,0.161024
612386,0.741632
612523,0.036096
612572,0.000512
612593,0.008448
612670,0.027392
612677,0.030208
612794,0.032512
612830,0.00384
612839,0.001536
612867,0.025344
612873,0.015104
612964,0.079104
612979,0.125952
612987,0.042752
613038,0.027392
613164,0.018432
613182,0.084736
613283,0.022528
613301,0.000256
613358,0.055296
613434,0.010752
613463,0.002048
613482,0.01152
613536,0.02944
613557,0.011776
613571,0.004864
613582,0.010752
613584,0.072704
613613,0.000768
613622,0.011008
613659,0.570112
613744,0.028416
613763,0.0256
613809,0.003072
613829,0.027904
613897,0.012032
613906,0.002816
613923,0.002048
614045,0.027648
614054,0.005632
614112,0.021504
614164,0.023296
614181,0.006144
614206,0.037632
614245,0.026624
614260,0.006144
614289,0.02432
614330,0.08064
614397,0.004096
614488,0.104448
614537,0.005376
614547,0.001536
614621,0.034048
614642,0.00384
614688,0.02048
614697,0.020992
614717,0.000768
614747,0.073984
614776,0.106496
614810,0.02304
614847,0.12288
614867,0.224768
614877,0.032768
614907,0.083456
614917,0.56448
614947,0.002816
614967,0.055296
614977,0.156672
614987,0.120832
615017,0.028672
615027,0.012544
615037,0.135936
615047,0.225536
615067,0.059648
615077,0.072448
615107,0.18816
615127,0.357888
615147,0.192256
615187,0.148992
615197,0.281088
615227,0.538112
615237,0.268032
615247,0.194816
615257,0.498176
615267,0.008192
615297,1.027584
615307,0.057856
615337,0.529152
615357,0.229632
615387,0.024576
615397,0.083712
615407,0.552704
615417,0.080384
615427,0.377856
615447,0.291072
615494,0.001536
615517,0.178176
615547,0.052736
615653,0.012288
615678,0.043776
615730,0.016896
615737,0.089088
615773,0.001536
615781,0.030464
615783,0.000256
615844,0.016128
615872,0.694272
615964,0.924416
615985,0.013568
616067,0.000768
616135,0.002048
616173,0.20992
616224,0.018432
616225,0.228608
616250,0.040192
616276,0.602368
616305,0.095488
616345,0.11392
616385,0.058112
616415,0.0448
616425,0.288512
616455,0.074496
616475,0.452096
616485,0.029184
616495,0.134144
616505,0.07552
616525,0.196096
616545,0.292608
616555,0.192512
616564,2.348544
616585,0.3072
616595,0.030464
616615,0.420352
616635,0.036352
616645,0.468224
616655,0.22528
616665,0.301568
616695,0.583936
616748,0.032768
616774,0.024832
616786,0.588544
616814,0.14464
616892,0.052224
616930,0.005376
616936,0.00128
616970,0.02816
616978,0.036608
616992,0.02432
617064,0.041472
617074,0.037888
617115,0.035072
617143,0.035072
617164,0.010496
617179,0.080128
617185,0.92544
617282,0.022528
617318,0.018688
617373,0.028928
617394,0.006912
617524,0.001024
617557,0.052224
617602,0.09344
617673,0.073728
617754,0.07168
617764,1.010176
617785,0.992512
617821,0.038912
617835,0.00512
617849,0.011008
617950,0.022528
618002,0.005376
618012,0.04992
618157,0.073984
618224,0.065792
618242,0.004864
618306,0.00128
618388,0.532736
618438,0.008192
618471,0.001024
618497,0.04736
618529,0.02432
618564,0.022272
618597,0.012544
618641,0.013056
618699,0.020736
618725,0.029952
618757,0.005888
618799,0.010752
618876,0.03584
618936,0.022528
618964,0.014336
618986,0.1344
618987,1.019136
619083,0.03968
619180,0.030976
619270,0.012544
619299,0.011264
619313,0.008704
619328,0.004352
619356,0.020992
619434,0.005632
619473,0.011776
619564,3.715072
619667,0.0576
619691,0.000256
619753,0.013568
619758,0.004352
619830,0.04736
619925,0.107776
619934,0.029952
620041,0.002304
620045,0.01664
620079,0.019712
620164,0.501248
620204,0.057856
620342,0.033792
620453,0.152064
620494,0.010496
620501,0.005632
620576,0.020736
620608,0.00128
620696,0.028672
620717,0.013312
620764,5.927936
620910,0.10368
620968,0.004864
621028,0.102912
621080,0.030976
621131,0.017664
621156,0.002304
621171,0.038144
621219,0.02688
621252,0.070144
621362,0.00256
621364,2.557952
621488,0.051712
621526,0.015104
621534,0.007936
621619,0.035072
621639,0.01024
621653,0.00384
621710,0.002816
621742,0.08064
621845,0.018432
621873,0.009984
621916,0.011776
621920,0.077568
621959,0.01664
621964,0.123648
621982,0.143104
621984,6.854656
622064,0.016896
622107,0.000512
622114,0.068608
622219,0.136448
622276,0.005632
622366,0.0384
622400,0.004096
622404,0.01024
622538,0.002304
622564,1.113856
622591,0.003072
622730,0.045312
622745,0.000256
622784,0.02816
622832,0.055296
622960,0.02688
623050,0.004096
623157,0.005632
623164,2.074624
623252,0.001536
623338,0.016128
623355,0.0064
623367,0.233472
623410,0.01408
623485,0.020224
623524,0.037376
623585,0.244224
623636,0.007936
623671,0.027136
623685,0.022528
623764,1.555456
624050,0.010496
624052,0.022784
624153,0.027648
624158,0.026112
624175,0.05248
624197,0.064
624224,0.09344
624313,0.005888
624332,0.001536
624364,0.064512
624373,0.000256
624404,0.059904
624486,0.00128
624551,0.004864
624579,0.00384
624614,0.021248
624651,0.079872
624668,0.035328
624687,0.02944
624800,0.04352
624810,0.08192
624876,0.000768
624879,0.7936
624955,0.084992
624981,0.092416
625056,0.008704
625122,0.008448
625124,0.173312
625210,0.117504
625237,0.007424
625290,0.035584
625378,0.056064
625434,0.015616
625450,0.029952
625517,0.011264
625564,0.045824
625576,0.134656
625727,0.042752
625730,0.014848
625794,0.00896
625856,0.010496
625915,0.493312
625972,0.002816
626022,0.562944
626068,0.00128
626082,0.498432
626164,0.023296
626178,0.105984
626179,0.000256
626248,0.016384
626304,0.2944
626384,0.004352
626407,0.030208
626453,0.022528
626480,0.012544
626564,0.081408
626641,0.01024
626684,0.035328
626709,0.045056
626754,0.401408
626784,0.11264
626858,0.060928
626925,0.027136
626965,0.062208
627004,0.058112
627087,0.0
627159,0.024064
627204,0.044032
627234,0.01536
627244,0.015872
627290,0.397568
627324,0.018176
627376,0.169984
627387,0.060928
627398,0.007936
627528,0.018432
627532,0.019712
627607,0.033024
627635,0.015616
627669,0.013312
627726,0.04864
627756,0.012544
627790,0.032256
627854,0.000512
627909,0.00128
627937,0.00384
627964,0.508416
627977,2.776064
628078,0.000512
628093,0.01152
628103,0.060416
628129,0.026112
628166,0.007424
628174,0.038912
628217,0.054528
628245,0.151552
628272,0.038656
628313,0.018432
628336,0.054784
628356,0.024832
628414,0.035328
628488,0.002304
628493,0.01152
628514,0.0384
628549,0.072192
628564,0.086784
628576,0.015616
628588,0.068096
628642,0.0512
628671,0.06272
628717,0.022784
628834,0.055552
628862,0.020992
628872,0.013056
628892,0.05632
628916,0.009472
628934,0.063488
628973,0.004864
628978,0.018944
628993,0.023296
629057,0.015872
629077,0.013056
629115,0.006144
629122,0.017152
629163,0.031744
629179,0.278016
629249,0.031488
629276,0.030208
629322,0.029184
629345,0.008192
629476,0.125184
629538,0.003072
629549,0.01152
629586,0.031232
629771,0.149504
629798,0.113408
629821,0.61056
629879,0.085504
629951,0.013312
629992,0.01664
630012,0.050688
630071,0.043264
630157,0.233728
630180,0.00512
630202,0.029184
630358,0.019456
630364,0.017664
630412,0.05888
630497,0.002048
630519,0.022016
630590,0.022784
630664,1.269504
630728,0.041984
630758,0.024576
630802,0.045056
630817,0.019456
630881,0.00384
630907,0.057088
630965,0.02944
630979,0.016128
630980,0.51712
631271,0.020224
631286,0.003072
631361,0.005632
631373,0.002816
631393,0.004352
631469,0.170752
631503,0.040448
631517,0.036096
631531,0.005888
631564,3.688448
631753,0.005888
631796,0.008192
631806,0.044032
631860,0.0512
632005,0.623872
632027,0.188928
632123,0.000512
632131,0.076032
632138,0.024576
632164,0.029952
632182,0.142848
632184,0.050944
632186,0.06528
632247,0.089856
632385,0.003072
632400,0.010752
632433,0.010496
632516,0.003328
632531,0.058368
632599,0.016896
632623,0.009984
632640,0.037888
632661,0.004608
632719,0.004864
632741,0.051968
632764,0.04992
632783,0.018176
632834,0.022016
632865,0.09088
632873,0.023808
632879,0.08064
632919,0.127744
632985,0.717824
633046,0.006144
633076,0.007168
633185,0.046848
633202,0.38656
633265,0.011776
633278,0.03328
633309,0.007424
633311,0.028672
633327,0.003328
633364,0.004352
633380,0.021504
633393,0.031232
633501,0.007936
633505,0.035328
633583,0.000512
633604,0.021504
633643,0.09472
633670,0.009984
633688,0.011008
633730,0.15616
633772,0.047104
633880,0.054272
633964,0.007424
633978,0.006144
633980,0.006656
634030,0.074752
634082,0.059136
634114,0.003072
634148,0.06656
634244,0.019456
634285,0.02048
634313,0.051712
634380,0.22656
634437,1.801728
634514,0.02176
634564,7.024896
634617,0.005632
634715,0.008448
634806,0.033024
634835,0.002816
634944,0.022784
634978,0.00128
635010,0.024576
635025,0.031488
635107,0.046848
635157,0.663296
635184,0.329472
635240,0.052736
635321,0.016896
635340,0.018432
635362,0.013568
635440,0.061696
635522,0.03712
635577,0.044288
635583,0.043264
635622,0.02816
635636,0.016896
635660,0.011008
635665,0.235776
635701,0.005376
635720,0.010752
635764,0.018432
635791,0.208896
635851,0.130816
635906,0.068864
635934,0.144896
635979,0.013056
636066,0.022784
636070,0.014592
636141,0.0384
636186,0.004096
636291,0.023552
636303,0.07936
636320,0.01152
636322,0.112128
636365,0.055552
636379,0.141312
636420,0.0448
636428,0.338432
636498,0.016128
636530,0.052736
636577,0.029952
636606,0.040704
636630,0.047616
636681,0.005888
636706,0.001024
636753,0.05504
636773,0.109568
636793,0.067584
636813,0.015872
636846,0.047872
636907,0.040192
636919,0.0192
636964,2.248192
637082,0.038912
637123,0.040192
637152,0.018944
637168,0.016896
637234,0.02432
637253,0.000256
637274,0.0576
637300,0.005376
637409,0.001792
637437,0.18432
637506,0.00256
637511,0.0384
637530,0.003072
637564,0.066816
637580,0.139264
637591,0.0
637663,0.07808
637682,0.005376
637721,0.013568
637864,0.001024
637883,0.013312
637932,0.032256
637956,0.026368
637999,0.013056
638063,0.085504
638103,0.085504
638153,0.002048
638278,0.077824
638360,0.002048
638424,0.06528
638464,0.02176
638479,0.00128
638513,0.007424
638538,0.006912
638575,0.035328
638645,0.010496
638669,0.02432
638684,0.050944
638694,0.00512
638702,0.052224
638764,2.493952
638787,0.062464
638856,0.035328
638869,0.001024
638964,0.029696
639018,1.958912
639070,0.008192
639104,0.006656
639179,0.037888
639212,0.022016
639269,0.0256
639314,0.0256
639316,0.006656
639348,0.001024
639416,0.047616
639454,0.019712
639500,0.009728
639524,0.034048
639561,0.008192
639586,0.011008
639739,0.034304
639768,0.006912
639873,0.030976
639904,0.03968
639914,0.059392
639950,0.023296
639980,0.419584
640004,0.003328
640026,0.027392
640029,0.079872
640090,0.017152
640112,0.015872
640120,0.026624
640335,0.00512
640384,0.017664
640387,0.008704
640468,0.02176
640486,0.0192
640542,0.027648
640564,4.981248
640731,0.070144
640805,0.059648
640874,0.00384
640887,0.022528
640931,0.012032
640985,0.014848
641015,0.030208
641129,0.009472
641134,0.032768
641176,0.014336
641178,0.555776
641183,0.025088
641369,0.105984
641394,0.148224
641464,0.008192
641471,0.059648
641524,0.13312
641636,0.046336
641665,0.044544
641693,0.057344
641764,2.138368
641817,0.061696
641877,0.004608
641956,0.639232
642003,0.008704
642017,0.00896
642075,0.03072
642121,0.017664
642178,0.053504
642212,0.020992
642268,0.03456
642357,0.022016
642364,0.004096
642377,0.004864
642381,0.807168
642501,0.006912
642514,0.027392
642693,0.004096
642779,0.006912
642800,0.001024
642810,0.064
642882,0.01408
642911,0.018944
642964,1.588992
643024,0.021504
643142,0.018944
643153,0.023552
643194,0.02944
643254,0.013568
643428,0.009216
643475,0.006912
643482,0.004352
643538,0.004352
643540,0.025856
643592,0.050944
643620,0.017408
643654,0.011776
643670,0.0768
643694,0.013824
643769,0.004352
643809,0.0768
643836,0.019456
643881,0.067072
643950,0.030208
643987,0.042496
644009,0.001792
644058,0.128512
644145,0.00512
644164,0.008704
644172,0.075008
644181,0.059904
644236,0.007168
644237,0.060928
644288,0.031488
644330,0.017152
644375,0.02816
644394,0.041728
644464,0.040192
644480,0.118272
644541,0.02048
644575,0.009728
644581,0.004608
644650,0.004608
644655,0.082944
644680,0.003072
644713,0.019968
644738,0.01408
644750,0.135936
644777,0.532224
644780,1.416448
644861,0.39296
645003,0.0256
645023,0.019968
645032,2.113792
645102,0.461312
645162,0.005376
645246,0.263424
645288,0.120064
645364,6.570496
645418,0.007936
645630,0.011008
645637,0.052992
645701,0.006656
645724,0.098048
645781,0.009472
645855,0.031232
645860,0.665344
645947,0.011776
645956,0.01152
645964,2.725632
645981,0.061696
646032,0.006144
646056,0.006144
646194,0.009216
646208,0.016896
646258,0.000768
646325,0.797952
646381,0.0128
646431,0.014848
646502,0.03328
646512,0.049664
646564,0.145152
646586,0.268544
646651,0.012544
646769,0.25088
646808,0.004352
646851,0.00128
646924,0.015872
646946,0.013312
647017,0.001536
647049,0.002048
647114,0.039168
647136,0.041728
647164,0.020736
647165,0.007936
647202,0.088576
647231,0.047872
647279,0.056832
647311,0.009728
647353,0.167168
647411,0.030976
647423,0.033792
647497,0.008192
647603,0.001792
647651,0.00512
647677,0.053504
647764,0.356608
647777,2.161408
647853,0.171008
647914,0.005376
647921,0.029696
647993,0.122112
648074,0.065024
648085,0.012288
648134,0.009728
648177,0.748544
648240,0.000768
648253,0.102912
648294,0.003072
648364,2.05312
648416,0.027904
648432,0.035584
648445,0.002816
648523,0.079872
648548,0.073728
648641,0.301824
648689,0.012544
648697,0.08064
648754,0.02944
648845,0.046336
648865,0.155136
648938,0.000256
648951,0.021248
648964,3.27552
649088,0.303872
649164,0.112128
649232,0.014592
649273,0.007936
649295,0.03712
649318,0.006912
649347,0.01152
649382,0.024064
649425,0.04736
649525,0.041216
649555,0.057344
649564,4.055296
649638,0.019712
649668,0.023296
649726,0.04096
649751,0.321536
649824,0.01152
649943,0.006912
649970,0.041216
650076,0.041984
650088,0.002816
650146,0.020224
650149,0.013056
650164,0.395008
650253,0.010752
650258,0.013312
650301,0.081152
650370,0.022272
650473,0.067328
650497,0.129792
650550,0.007936
650610,0.01024
650694,0.279552
650764,0.513792
650778,0.010496
650785,0.1728
650850,0.019968
650974,0.00384
651011,0.037376
651047,0.06784
651084,0.025344
651187,0.002048
651235,0.023296
651283,0.057088
651306,0.056832
651364,0.008448
651374,0.137728
651382,1.504768
651485,0.0128
651498,0.00896
651615,0.003584
651716,0.000512
651832,0.046592
651852,0.043008
651907,0.011776
651943,0.00384
651964,4.950528
651986,0.46208
652025,0.034048
652060,0.017664
652082,0.007424
652117,0.031488
652195,0.007424
652210,0.030464
652216,0.00768
652242,0.016384
652287,0.018688
652319,0.032768
652414,0.017408
652464,0.022528
652469,0.059648
652503,0.1088
652564,0.156928
652576,0.082432
652686,0.020992
652710,0.027904
652800,0.000768
652821,0.022528
652848,0.033536
652866,0.003584
652897,0.012288
652958,0.0128
653023,0.016384
653083,0.01792
653121,0.0064
653137,0.01792
653164,0.205824
653179,1.078528
653187,0.266752
653238,0.04992
653313,0.041728
653339,0.009728
653345,0.348416
653475,0.06528
653511,0.116992
653615,0.013056
653648,0.05376
653714,0.038144
653765,0.9344
653841,0.036864
653945,0.011776
653951,0.001792
654017,0.00128
654086,0.016384
654110,0.027392
654146,0.162048
654217,0.007936
654221,0.01792
654253,0.013824
654353,0.022528
654378,0.006912
654430,0.00512
654477,0.02432
654539,0.115456
654611,0.008192
654696,0.00128
654703,0.021504
654813,0.000256
654831,0.00256
654899,0.46208
654963,0.039168
654991,0.034048
655077,0.078336
655121,0.046592
655136,0.017408
655178,0.026624
655190,0.030208
655284,0.00512
655317,0.016384
655331,0.34304
655387,0.05376
655424,0.081408
655502,0.014336
655578,0.31744
655586,0.612864
655676,0.008704
655710,0.02816
655728,0.018944
655750,0.021248
655781,0.044288
655815,0.02432
655874,0.013056
655903,0.033536
655948,0.014848
655987,0.023808
656023,0.039168
656108,0.03584
656146,0.03456
656164,0.114688
656178,0.342784
656229,0.016128
656345,0.002304
656472,0.064768
656546,0.014848
656570,0.038912
656639,0.017664
656711,0.036352
656721,0.005632
656755,0.030976
656764,0.012288
656778,0.258304
656903,0.00384
656930,0.013056
656985,0.041472
656996,0.012288
657086,0.005888
657105,0.003072
657131,0.033792
657161,0.010752
657209,0.042752
657263,0.0256
657306,0.183808
657357,0.039424
657364,2.384896
657410,0.02048
657499,0.011264
657533,0.022528
657573,0.022784
657600,0.008192
657636,0.00128
657686,0.078848
657705,0.031232
657760,0.011008
657776,0.000768
657836,0.022528
657930,0.0128
657932,0.031232
657964,0.130304
657973,0.363264
657982,0.877312
657991,0.041984
658050,0.38656
658069,0.051968
658242,0.019456
658245,0.002304
658379,0.002816
658402,0.047104
658420,0.00128
658451,0.05504
658564,3.354368
658658,0.076032
658707,0.005888
658735,0.041728
658796,0.027392
658812,0.070144
658854,0.045824
659033,0.038656
659164,0.08064
659165,6.625024
659239,0.010752
659271,0.074752
659365,0.08704
659396,0.094464
659457,0.023808
659461,0.62592
659511,0.118528
659547,0.041728
659634,0.086528
659684,0.448768
659729,0.069888
659764,2.620672
659788,3.648256
659899,0.018432
659936,0.000768
660006,0.049152
660044,0.013312
660128,0.017408
660219,0.055552
660248,0.040704
660262,0.0256
660352,0.00512
660364,0.122112
660477,0.112128
660570,0.302336
660624,0.022016
660647,0.012544
660756,0.001536
660796,0.004352
660867,0.1024
660920,0.036352
660964,6.18752
661068,0.024576
661147,0.020736
661158,0.042496
661178,0.107776
661218,0.02048
661252,0.34176
661339,0.003584
661407,0.030208
661421,0.020736
661479,0.079872
661542,0.025344
661564,5.652224
661671,0.023808
661787,0.010496
661818,0.038656
661827,0.082176
661860,0.026112
661939,0.040704
661962,0.00512
661982,0.02432
662056,0.036352
662090,0.0704
662133,0.013312
662186,0.233472
662221,0.009728
662236,0.056832
662266,0.131584
662410,0.772096
662471,0.013056
662624,0.055808
662682,0.02816
662720,0.002816
662764,0.008448
662776,0.001792
662816,0.140032
662899,0.048128
662907,0.007168
663013,0.014336
663201,0.132096
663225,0.039936
663364,0.320768
663385,0.016128
663391,0.89088
663469,0.051712
663503,0.02816
663564,0.037376
663616,0.005376
663633,0.018944
663674,0.022528
663749,0.000256
663758,0.056064
663800,0.022016
663841,0.01152
663870,0.007168
663964,2.314752
664045,0.017408
664075,0.000256
664077,0.00384
664161,0.003072
664202,0.002304
664258,0.053248
664284,0.018688
664303,0.11008
664372,0.024064
664418,0.02176
664423,0.015104
664452,0.001536
664472,0.004096
664508,0.079104
664564,1.449216
664614,0.09088
664870,0.024832
664910,0.015104
664928,0.011264
664940,0.050176
664973,0.043008
664984,0.00512
664999,0.012032
665040,0.02048
665049,0.042752
665088,0.000768
665128,0.008192
665159,0.03072
665164,1.358848
665226,0.08192
665299,0.009472
665369,0.001792
665500,0.022528
665555,0.012032
665579,0.020736
665621,0.003584
665714,0.009216
665764,3.733248
665783,0.462592
665817,0.002816
665881,0.015616
665964,0.07168
666024,0.062976
666046,0.031488
666152,0.02816
666201,0.19328
666320,0.397056
666364,0.08704
666383,1.509888
666514,0.02688
666519,0.02048
666529,0.018176
666587,0.086528
666599,0.025344
666664,0.039936
666697,0.002048
666794,0.0384
666801,0.025856
666821,0.03328
666894,0.150016
666964,1.200896
667021,0.00256
667075,0.015104
667096,0.063232
667117,0.00896
667190,0.01792
667231,0.025088
667257,0.016384
667290,0.008448
667318,0.009728
667361,0.022016
667452,0.06016
667474,0.086016
667513,0.013568
667537,0.000256
667579,0.295168
667717,0.0064
667727,0.041984
667790,0.003072
667796,0.03584
667808,0.013312
667830,0.009984
667845,0.043776
667882,0.134656
667922,0.004096
667981,0.018688
668030,0.020224
668160,0.632064
668164,3.362816
668223,0.005376
668256,0.005888
668261,0.057344
668324,0.026624
668373,0.035328
668466,0.07296
668494,0.066816
668546,0.030464
668548,0.003072
668586,0.002048
668667,0.05888
668742,0.027392
668764,2.58944
668776,4.960256
668843,0.00768
668906,0.247808
668931,0.015104
668957,0.04096
669004,0.077824
669051,0.064768
669134,0.02176
669207,0.033792
669247,0.036864
669294,0.006144
669364,0.185856
669382,0.0128
669383,2.577152
669438,0.026624
669464,0.013056
669497,0.044288
669527,0.01024
669535,0.03712
669553,0.015616
669593,0.022272
669596,0.009216
669630,0.02176
669663,0.048896
669672,0.038912
669724,0.001024
669753,0.099328
669813,0.011264
669827,0.07168
669847,0.002816
669905,0.012288
669937,0.001536
669964,1.868288
670054,0.012544
670084,0.071936
670127,0.028672
670170,0.132352
670252,0.050688
670279,0.0256
670302,0.027648
670320,0.000768
670364,0.0256
670368,0.027136
670424,0.064512
670469,0.01408
670502,0.11264
670523,0.014592
670531,0.0192
670579,0.128512
670611,0.007424
670626,0.054784
670634,0.00128
670712,0.01152
670736,0.03712
670767,0.02688
670835,0.112896
670877,0.082944
670935,0.016128
670940,0.047872
670981,0.026368
671001,0.010752
671027,0.010752
671081,0.13056
671122,0.091392
671164,0.03456
671184,0.016128
671194,0.063232
671231,0.000768
671301,0.081408
671357,0.002304
671400,0.018176
671407,0.054784
671489,0.004096
671597,0.056576
671654,0.064512
671687,0.05632
671720,0.004352
671764,6.21824
671824,0.002048
671859,0.054528
671936,0.011008
671964,0.016896
672011,0.004352
672069,0.032768
672141,0.032768
672177,0.003328
672232,0.010496
672247,0.013312
672324,0.065792
672364,2.104832
672452,0.158464
672485,0.111616
672515,0.096
672604,0.005376
672608,0.148736
672638,0.024576
672650,0.02304
672704,0.02304
672746,0.001792
672758,0.000768
672789,0.00256
672819,0.00896
672873,0.007168
672878,0.02432
672954,0.004096
672977,0.047616
673044,0.049408
673071,0.00512
673088,0.044544
673139,0.063232
673153,0.019968
673194,0.06656
673254,0.009472
673341,0.030464
673457,0.058368
673585,0.062976
673588,0.168192
673630,0.012032
673653,0.0064
673682,0.008704
673720,0.179968
673866,0.000512
673890,0.046336
673979,0.050688
673995,0.083712
674024,0.011264
674091,0.013568
674121,0.03328
674164,0.091392
674165,1.261824
674181,0.14336
674231,0.023808
674269,0.000768
674299,0.011008
674523,0.076544
674586,0.038912
674669,0.045824
674738,0.04608
674741,0.018432
674764,0.240896
674781,0.230656
674782,1.077504
674853,0.055552
674873,0.050176
674933,0.009216
674947,0.010752
675034,0.027392
675059,0.018688
675076,0.859904
675154,0.060672
675359,0.048128
675383,0.044032
675539,0.048384
675776,0.012032
675808,0.056576
675827,0.019456
675863,0.015104
675872,0.019968
675915,0.026624
675964,1.962752
676065,0.178176
676105,1.581824
676182,0.03328
676224,0.009728
676257,0.028928
676377,0.036352
676409,0.09856
676433,0.0192
676453,0.000512
676468,0.004352
676514,0.00896
676564,0.030976
676579,0.044032
676581,0.004864
676623,0.002304
676661,0.015872
676714,0.020736
676721,0.03584
676834,0.081664
676849,0.033792
676861,0.075008
676972,0.016128
677014,0.029696
677064,0.001024
677067,0.04096
677110,0.03328
677116,0.073472
677164,2.994944
677186,0.126208
677247,0.014336
677297,0.004096
677312,0.558848
677353,0.15744
677400,0.061696
677412,0.01024
677435,0.00768
677475,0.094464
677499,0.122112
677523,0.000768
677534,0.005632
677582,0.006656
677607,0.068608
677650,0.05504
677681,0.027392
677728,0.004352
677764,0.047872
677777,0.002304
677781,0.278784
677783,0.535552
677916,0.03968
678018,0.015104
678032,0.003072
678120,0.016128
678151,0.019968
678174,0.16128
678207,0.020224
678268,0.02816
678332,0.075264
678354,0.002816
678364,0.1472
678377,0.079872
678479,0.002304
678515,0.043008
678549,0.04096
678570,0.025088
678610,0.009728
678623,0.019456
678679,0.010496
678691,0.00896
678761,0.022528
678818,0.00768
678846,0.02432
678906,0.002816
678939,0.014848
678958,0.156416
678980,0.76288
679046,0.076032
679096,0.010752
679146,0.121344
679166,0.095232
679176,0.785408
679216,0.079104
679236,0.124928
679246,0.091648
679256,0.23424
679266,0.020736
679276,0.091136
679286,0.272896
679296,0.191232
679306,0.150528
679316,0.068096
679326,0.076032
679336,0.089344
679346,0.200192
679356,0.038656
679366,0.280064
679386,0.100096
679396,0.281856
679406,0.32512
679426,0.326656
679436,0.32384
679446,0.175872
679456,0.24064
679476,0.641536
679516,0.914176
679526,0.029184
679564,8.63872
679630,0.011776
679654,0.009216
679660,0.018176
679697,0.035072
679767,0.016384
679793,0.055296
679822,0.007168
679990,0.02176
680061,0.022784
680094,0.290304
680125,0.05632
680164,0.028416
680226,0.046336
680253,0.04224
680270,0.002048
680349,0.041728
680424,0.001024
680436,0.009216
680438,0.086016
680496,0.018688
680511,0.002816
680543,0.000768
680552,0.012288
680577,0.03968
680629,0.004608
680764,0.010496
680783,8.957696
680851,0.004864
680898,0.03968
680920,0.056064
680968,0.020736
681064,0.009216
681071,0.01792
681086,0.00896
681119,0.022528
681241,0.030464
681244,0.065536
681280,0.020992
681340,0.012032
681364,0.014592
681365,0.061184
681378,0.089344
681383,3.716096
681473,0.003584
681536,0.014336
681540,0.653824
681607,0.021248
681630,0.004096
681649,0.006912
681702,0.0
681753,0.010752
681775,0.009216
681804,0.003328
681833,0.014848
681859,0.000512
681890,0.000768
681912,0.015616
681964,2.457344
682034,0.011776
682057,0.038912
682076,0.003328
682094,0.029184
682138,0.022784
682206,0.032768
682239,0.034048
682272,0.391168
682355,0.00256
682390,0.004864
682424,0.063744
682484,0.019456
682564,0.024832
682578,0.29568
682648,0.013824
682677,0.019456
682722,0.00896
682760,0.063232
682951,0.068608
682972,0.057344
683003,0.022784
683027,0.00384
683094,0.039424
683164,0.013056
683175,0.110848
683219,0.141568
683224,0.222464
683358,0.017408
683406,0.067328
683484,0.00896
683521,0.039168
683569,0.025088
683581,0.022784
683672,0.022016
683703,0.022528
683743,0.002048
683755,0.048896
683781,0.615168
683783,0.7104
683825,0.118528
683909,0.005888
683915,0.09984
683927,0.001536
684029,0.000256
684053,0.08704
684116,0.012544
684163,0.023808
684277,0.023296
684337,0.007424
684376,0.00128
684466,0.479488
684565,0.090624
684593,0.032768
684683,0.02048
684694,0.038912
684737,0.064
684805,0.002304
684866,0.002304
684873,0.060416
684927,0.014848
684956,0.019968
684964,2.985472
684981,3.490048
685066,0.006144
685209,0.002304
685224,0.09728
685284,0.032512
685406,0.0
685429,0.016128
685564,0.036352
685585,0.29056
685755,1.969664
685819,0.026368
685870,0.023808
685939,0.017152
686032,0.029696
686204,0.014592
686285,0.098048
686333,0.005632
686356,0.001536
686386,0.051968
686475,0.005632
686549,0.02432
686563,0.011008
686596,0.000512
686627,0.050432
686717,0.008448
686764,5.8432
686846,0.00896
686865,0.106496
686890,0.0576
686902,0.05632
686966,0.139776
687054,0.002304
687207,0.026368
687252,0.000256
687265,0.004608
687327,0.025344
687353,0.05504
687378,2.274816
687464,0.054272
687565,0.077056
687594,0.035584
687613,0.014336
687628,0.002816
687647,0.040448
687713,0.00768
687721,0.011008
687747,0.001024
687777,0.011264
687794,0.231424
687824,0.032
687847,0.066816
687907,0.033536
687954,0.053248
688076,0.045568
688118,0.004608
688125,0.052736
688153,0.018944
688181,0.009984
688224,0.002816
688288,0.012032
688372,0.009216
688423,0.016896
688481,0.062976
688505,0.023296
688511,0.014848
688564,0.042496
688575,0.001024
688586,0.828672
688726,0.009728
688746,0.110592
688757,0.008448
688806,0.044544
688832,0.01664
688847,0.002816
688889,0.012032
688914,0.03072
688934,0.024576
688959,0.02688
688985,0.021248
689016,0.04608
689104,0.027904
689131,0.130048
689177,0.031488
689180,0.069888
689183,0.275456
689236,0.367104
689332,0.002048
689338,0.002304
689356,0.009728
689552,0.008704
689575,0.036608
689629,0.02816
689682,0.0192
689722,0.034816
689764,0.145408
689778,0.45952
689849,0.006656
689864,0.019712
689913,0.0256
689929,0.013312
689959,0.004608
689970,0.018432
690033,0.030464
690050,0.013824
690088,0.008192
690199,0.00256
690204,0.000512
690253,0.006912
690392,0.001536
690425,0.025344
690625,0.01152
690659,0.003584
690737,0.032256
690753,0.036352
690782,0.036864
690855,0.002304
690909,0.075264
690964,0.03584
690976,0.007424
690978,0.032
690997,0.33792
691075,0.000512
691086,0.008704
691099,0.020992
691106,0.00896
691125,0.005888
691196,0.040192
691363,0.030976
691426,0.012544
691433,0.000256
691468,0.00896
691559,0.041472
691564,2.21056
691746,0.009216
691769,0.009984
691786,0.008448
691805,0.008704
691911,0.171264
691969,0.070656
692007,0.0256
692085,0.008448
692155,0.002304
692176,0.09728
692178,0.66816
692274,0.004096
692293,0.003328
692325,0.015872
692354,0.084736
692378,0.02304
692399,0.057344
692464,0.030208
692545,0.004608
692585,0.000256
692681,0.015616
692698,0.058624
692764,1.082624
692783,0.432384
692849,0.041472
692852,0.006656
692963,0.009728
692997,0.072192
693022,0.003328
693071,0.014848
693140,0.007424
693166,0.096
693286,0.015104
693332,0.017408
693343,0.057088
693364,0.00512
693376,0.328704
693425,0.002048
693494,0.027136
693552,0.003584
693622,0.001536
693648,0.009728
693657,0.02944
693698,0.037888
693700,0.019968
693715,0.001792
693777,0.132096
693830,0.105216
693853,0.044032
693906,0.031744
693951,0.035328
693964,3.080704
694144,0.024064
694179,0.00896
694245,0.066048
694298,0.056832
694342,0.048384
694347,0.196352
694375,0.01408
694400,0.02176
694465,0.018432
694512,0.014336
694553,0.03968
694555,0.008704
694564,4.5632
694589,0.984576
694655,0.05504
694672,0.083712
694722,0.033024
694763,0.08192
694847,0.02688
694904,0.260864
694978,0.036864
694991,0.012544
694999,0.004608
695021,0.012544
695068,0.001536
695126,0.001024
695159,0.047616
695164,0.106752
695177,0.14336
695235,0.06528
695258,0.08064
695271,0.002816
695301,0.036608
695340,0.039424
695420,0.071168
695446,0.002048
695488,0.03712
695521,0.046592
695536,0.002048
695568,0.044032
695701,0.022016
695733,0.05888
695766,0.027136
695781,0.105728
695845,0.054784
696054,0.082688
696073,0.060672
696097,0.013568
696135,0.33024
696185,0.011008
696259,0.066048
696295,0.002304
696364,3.627008
696431,0.004352
696528,0.003072
696575,0.004864
696600,0.013056
696664,0.047872
696710,0.024576
696781,0.053248
696842,0.022528
696932,0.005376
696964,0.027904
696975,0.06272
696986,0.080896
697074,0.012032
697082,0.05376
697105,0.0128
697137,0.061184
697185,0.011264
697194,0.024832
697206,0.016384
697288,0.031488
697339,0.064512
697357,0.015104
697387,0.033536
697440,0.303616
697564,0.045824
697578,0.077568
697582,1.727744
697721,0.04608
697750,0.06784
697790,0.004608
697835,0.01024
697866,0.000512
697903,0.00256
697937,0.015104
697969,0.002816
697983,0.006912
698041,0.003328
698108,0.02304
698148,0.023552
698184,0.091392
698205,0.04352
698240,0.008704
698266,0.029696
698352,0.00896
698365,0.007424
698469,0.007168
698576,0.009728
698589,0.017152
698612,0.076032
698683,0.00384
698691,0.241152
698717,0.02944
698755,0.000512
698778,0.385536
698843,0.005632
698965,0.03456
698994,0.022784
699018,0.022272
699029,0.009984
699061,0.004608
699098,0.010752
699139,0.077056
699171,0.048896
699257,0.015872
699326,0.007168
699364,0.225792
699375,0.009472
699383,2.001152
699405,0.22272
699457,0.003328
699483,0.000768
699506,0.031232
699694,0.035328
699723,0.150016
699757,0.006144
699784,0.073728
699849,0.101632
699880,0.015872
699948,0.00128
699964,0.017152
699970,0.000768
699980,0.073728
699986,0.04096
700007,0.610304
700077,0.029696
700127,0.171776
700253,0.01792
700283,0.014848
700331,0.009984
700377,0.039168
700413,0.010496
700438,0.01024
700458,0.106752
700468,0.032768
700517,0.005376
700564,1.602816
700608,0.102656
700658,0.2176
700688,0.01024
700707,0.061952
700708,0.069632
700738,0.010752
700748,0.091392
700788,0.141056
700798,0.107008
700818,0.137472
700828,0.030464
700838,0.138752
700848,0.008448
700858,0.389632
700868,0.094976
700878,0.106752
700888,0.219648
700898,0.151552
700918,0.15232
700948,0.454656
700968,0.46848
700978,0.343552
700988,0.007168
700998,0.433408
701008,0.27136
701018,0.168192
701028,0.337408
701038,0.22784
701048,0.111872
701058,0.267264
701068,0.513536
701088,0.28416
701098,0.617216
701108,0.066816
701118,0.347904
701148,0.18304
701158,1.028864
701178,0.679424
701208,0.888576
701218,0.381184
701258,0.022272
701268,0.665088
701308,0.205568
701318,0.014592
701338,0.033792
701436,0.02048
701461,0.02688
701490,0.031488
701531,0.104192
701572,0.027392
701649,0.25728
701717,0.019456
701769,0.911872
701810,0.142848
701837,0.543744
701931,0.008448
702075,0.029184
702104,0.050688
702154,0.064512
702174,0.011264
702233,0.040704
702267,0.067328
702310,0.070912
702364,0.013568
702415,0.15744
702430,0.122368
702471,0.009728
702486,0.031744
702640,0.011008
702648,0.007168
702666,0.692224
702737,0.103168
702803,0.0
702833,0.024576
702846,0.005632
702864,0.002304
702976,0.115712
703062,0.014336
703090,0.333568
703181,0.007936
703207,0.051712
703266,0.004608
703363,0.023296
703386,0.007168
703404,0.148992
703433,0.000512
703504,0.027392
703555,0.03072
703573,0.000768
703583,0.026368
703589,0.020224
703631,0.051968
703714,0.142336
703753,0.012544
703820,0.026112
703864,0.099584
703919,0.00128
703935,0.05504
704002,0.059136
704107,0.003072
704164,1.492736
704228,0.00256
704264,0.054784
704289,0.050176
704317,0.00256
704338,0.01792
704355,0.031488
704414,0.001536
704432,0.004608
704474,0.003584
704502,0.120832
704573,0.007424
704640,0.0128
704666,0.001024
704717,0.015872
704764,3.246336
704783,0.408832
704833,0.785408
704906,0.030464
704920,0.24704
704983,0.012288
705063,0.020224
705067,0.059904
705101,0.004096
705176,0.00768
705290,0.01024
705309,0.019712
705321,0.00128
705354,0.000512
705364,1.384192
705383,1.976832
705450,0.025088
705493,0.006912
705506,0.029184
705584,0.000256
705631,0.03968
705683,0.04096
705699,0.01024
705715,0.81664
705759,0.03584
705769,0.001024
705779,0.046848
705840,0.001792
705864,0.011264
705883,0.009216
705943,0.004608
705952,0.020992
705964,0.39808
705987,0.535808
706015,0.032256
706284,0.082688
706318,0.036864
706423,0.004608
706457,0.021248
706466,0.008448
706475,0.005632
706481,0.040448
706543,0.003072
706564,2.42048
706636,0.024832
706656,0.040448
706701,0.003072
706703,0.006912
706787,0.001536
706814,0.001024
706897,0.077056
706932,0.011008
706954,0.025344
707037,0.005632
707070,0.036608
707088,0.065024
707136,0.003072
707164,0.05376
707185,0.882432
707240,0.040448
707251,0.022528
707274,0.049152
707344,0.00384
707354,0.003584
707369,0.08192
707382,0.048896
707572,0.12032
707682,0.001536
707764,2.161664
707787,0.001792
707807,0.00128
707856,0.010496
707905,0.009984
707914,0.01024
707936,0.089856
707956,0.03968
707985,0.002816
708020,0.006912
708077,0.001792
708113,0.067584
708178,0.075264
708300,0.01408
708343,0.045568
708382,0.137472
708444,0.061952
708473,0.022272
708501,0.012288
708524,0.074752
708537,0.922624
708580,0.018176
708648,0.013824
708660,0.00896
708693,0.003328
708713,0.024832
708809,0.020736
708891,0.850688
708923,0.25984
708946,0.01664
708964,0.219392
708984,0.113664
709021,0.008448
709080,0.090112
709107,0.036864
709120,0.050688
709203,0.011776
709226,0.000512
709344,0.027136
709359,0.049152
709384,0.027648
709495,0.00768
709528,0.028672
709575,0.008704
709581,0.0128
709586,0.109824
709738,0.630528
709778,0.267264
709872,3.171328
709947,0.362496
710069,0.008192
710109,0.006144
710125,0.035328
710164,2.626304
710293,0.060928
710314,0.011264
710353,0.036864
710377,0.004608
710383,0.007424
710398,0.038656
710464,0.000256
710473,0.013568
710498,0.02688
710570,0.014336
710715,0.001024
710745,0.031744
710764,0.724992
710786,0.831488
710869,0.058624
710932,0.043776
710996,0.022528
711042,0.017152
711090,0.064256
711128,0.040704
711142,0.004352
711207,0.056832
711285,0.009216
711336,0.051456
711345,0.7936
711364,3.912704
711443,0.003328
711461,0.017152
711538,0.142336
711577,0.014336
711612,0.0384
711622,0.031744
711645,0.050688
711677,0.01024
711709,0.114432
711755,0.02816
711810,0.038144
711858,0.001024
711928,0.000512
711933,0.007424
711942,0.038912
711961,0.030464
711982,0.004096
712016,0.000256
712121,0.015104
712179,0.013568
712211,0.000768
712274,0.02816
712285,0.022016
712362,0.001536
712407,0.022528
712446,0.00768
712460,0.040704
712492,0.009216
712510,0.114688
712543,0.019456
712564,0.747776
712582,1.025024
712621,0.040192
712673,0.018944
712740,0.023296
712817,0.056576
712856,0.048384
712876,0.0
712905,0.007168
712927,0.089344
712984,0.044032
713033,0.047872
713071,0.015872
713120,0.001792
713156,0.038912
713164,9.87904
713271,0.321536
713331,0.013824
713340,0.941312
713457,0.032768
713462,0.025088
713556,0.001024
713563,0.253184
713644,0.047104
713674,0.054272
713694,0.252416
713776,0.059904
713777,0.098816
713790,0.002304
713800,0.143104
713841,0.100352
713878,0.068096
713963,0.0128
713996,0.035072
714061,0.072192
714131,0.025856
714153,0.029952
714233,0.00128
714335,0.026624
714364,3.550208
714466,0.0
714499,0.00128
714501,0.005888
714640,0.026624
714664,0.007936
714685,0.031488
714767,0.041216
714780,0.00512
714840,0.0
714914,0.023808
714964,0.370944
714994,0.004096
715040,0.003584
715063,0.002304
715085,0.027136
715142,0.026624
715165,0.021248
715205,0.001536
715325,0.030208
715400,0.061184
715429,0.011008
715432,0.0064
715506,0.051968
715535,0.040448
715564,1.856512
715681,0.008704
715699,0.007936
715839,0.039424
715885,0.099584
716056,0.030976
716120,0.048128
716140,0.019968
716150,0.030976
716179,0.554752
716186,0.445696
716288,0.044032
716309,0.041472
716351,0.039168
716419,0.267008
716483,0.045312
716582,0.036608
716622,0.003584
716629,0.025088
716664,0.080128
716704,0.012032
716752,0.027136
716764,0.020992
716786,0.005376
716791,0.08704
716850,0.075264
716920,0.05376
716976,0.0192
717132,0.00256
717168,0.080896
717192,0.017152
717242,0.00128
717258,0.001024
717268,0.021248
717302,0.016128
717322,0.022016
717383,0.001536
717392,0.112896
717428,0.008704
717485,0.025344
717502,0.026624
717540,0.01024
717727,0.004096
717760,0.005376
717925,0.003584
717964,0.046336
718020,0.0064
718063,0.069888
718097,0.035584
718144,0.02048
718159,0.01024
718185,0.018688
718197,0.000768
718243,0.022784
718353,0.145152
718416,0.013056
718424,0.014848
718492,0.054528
718517,0.095744
718548,0.060416
718564,0.126976
718675,0.005376
718711,0.008192
718864,0.036352
718877,0.068608
718976,0.088576
718999,0.01536
719122,0.004352
719145,0.032512
719164,0.022784
719209,0.002816
719243,0.06144
719289,0.056832
719399,0.006912
719464,0.033536
719477,0.003584
719524,0.02816
719545,0.006912
719573,0.025344
719764,0.049152
719778,0.124416
719802,0.073728
719898,0.018688
719910,0.017664
719918,0.002304
719966,0.04608
720025,0.043008
720069,0.029952
720185,0.025088
720217,0.013824
720253,0.00256
720273,0.017664
720289,0.127744
720326,0.107776
720364,1.126912
720437,0.262912
720506,0.004608
720509,0.004864
720706,0.003072
720784,0.041216
720819,0.039424
720964,0.161024
720965,0.283136
720979,0.365056
721004,0.06272
721103,0.00896
721130,0.017664
721208,0.044032
721422,0.03456
721528,0.005632
721535,0.036352
721551,0.02816
721583,0.104704
721638,0.081664
721655,0.786944
721718,0.004352
721737,0.069888
721747,0.026112
721788,0.007936
721804,0.017152
721893,0.046848
721896,0.002304
721925,0.023552
721943,0.029696
721985,0.011776
722062,0.022016
722096,0.017664
722114,0.02048
722124,0.012032
722164,0.01408
722180,0.007936
722183,0.102912
722261,0.024832
722263,0.007424
722424,0.009984
722426,0.026624
722442,0.010752
722464,0.002048
722487,0.01536
722566,0.0064
722572,0.098816
722650,0.036096
722669,0.050432
722682,0.046848
722732,0.038144
722764,1.21088
722854,0.00896
722907,0.004096
722994,0.012544
723048,0.05376
723098,0.024064
723108,0.022528
723138,0.077568
723168,0.062208
723250,0.037888
723316,0.25088
723364,4.529408
723384,1.36448
723441,0.250112
723478,0.054016
723537,0.022272
723611,0.026624
723632,0.004352
723682,0.003328
723800,0.028928
723836,0.023296
723852,0.100864
723875,0.025344
723923,0.027136
723964,0.016896
723967,0.003584
723977,0.044544
723982,0.046848
724046,0.030464
724297,0.030464
724317,0.031744
724341,0.016384
724414,0.025088
724444,0.011264
724447,0.123392
724497,0.006144
724504,0.06144
724564,0.051456
724579,0.305664
724595,0.042752
724624,0.207616
724693,0.012032
724710,0.021248
724733,0.009472
724802,0.060928
724854,0.042752
724860,0.037376
724934,0.018944
724992,0.016384
725084,0.045056
725121,0.045824
725137,0.017664
725160,0.157696
725200,0.077568
725317,0.886016
725368,0.030464
725400,0.016384
725445,0.00896
725461,0.1792
725478,0.031232
725598,0.025088
725647,0.007168
725681,0.160768
725764,5.255424
725781,0.869376
725825,0.062464
725865,0.007168
725908,0.01408
725970,0.122112
726079,0.033536
726084,0.059648
726130,0.031744
726156,0.053248
726178,0.029184
726237,0.022784
726307,0.03968
726323,0.013056
726346,0.015104
726362,0.132352
726501,0.00768
726570,0.074752
726681,0.00768
726744,0.000768
726785,0.022784
726849,0.014592
726860,0.0192
726964,0.0384
726978,0.23168
726981,2.266368
727032,0.003072
727104,0.05504
727163,0.045056
727254,0.016896
727301,0.021504
727370,0.024832
727396,0.011264
727456,0.00896
727471,0.0
727476,0.023808
727529,0.04096
727549,0.027136
727564,1.246976
727620,0.013312
727689,0.023808
727744,0.018432
727755,0.007168
727775,0.002048
727805,0.012288
727861,0.006144
727898,0.05248
727951,0.033792
727984,0.014336
728009,0.021504
728025,0.003328
728060,0.009472
728114,0.017408
728145,0.028416
728164,1.697024
728178,1.46944
728271,0.00256
728319,0.30976
728409,0.024832
728425,0.007424
728445,0.003072
728502,0.008704
728529,0.019712
728545,0.367616
728573,0.080896
728586,0.00768
728605,0.08064
728643,0.017152
728712,0.015872
728764,0.893952
728810,0.058624
728873,0.023296
728908,0.0192
728973,0.0576
729076,0.063744
729094,0.02304
729154,0.000512
729171,0.035072
729190,0.027136
729217,0.03456
729325,0.009728
729349,0.26624
729380,0.006144
729396,0.064256
729446,0.016384
729588,0.010496
729597,0.054272
729645,0.092672
729699,0.00256
729737,0.008704
729744,0.049664
729796,0.0
729893,0.000512
729902,0.016128
729964,3.655424
730065,0.0448
730211,0.067584
730237,0.005632
730318,0.032512
730337,0.004096
730355,0.027648
730404,0.044544
730477,0.009728
730512,0.005376
730523,0.0064
730579,0.042752
730580,0.340992
730690,0.001024
730714,0.01024
730717,0.024064
730744,0.023296
730786,0.023552
730810,0.013056
730841,0.0192
730898,0.0064
730952,0.027648
731006,0.001536
731012,0.00128
731023,0.015872
731055,0.013312
731119,0.029184
731150,0.123392
731164,0.904192
731190,3.337984
731304,0.031744
731410,0.03968
731466,0.01664
731493,0.042752
731507,0.121344
731542,0.029952
731647,0.033536
731663,0.0448
731707,0.020224
731724,0.017664
731761,0.003584
731764,0.12032
731795,0.00512
731816,0.064512
731853,0.045568
731899,0.11264
731924,0.842752
731968,0.023808
732043,0.09216
732078,0.031232
732158,0.032768
732179,0.014592
732238,0.018944
732272,0.011264
732277,0.01792
732313,0.008448
732330,0.01408
732347,0.001536
732364,4.716032
732437,0.023552
732461,0.087552
732528,0.002816
732604,0.005632
732709,0.02304
732725,0.00256
732826,0.055296
732846,0.005632
732873,0.013568
732929,0.007168
732940,0.034048
732950,0.049664
732964,0.014592
732986,0.155648
733079,0.033792
733201,0.0256
733210,0.011008
733232,0.039424
733256,0.007936
733274,0.00384
733311,0.100608
733365,0.0704
733383,0.068864
733433,0.003328
733468,0.031232
733496,0.039936
733576,0.5888
733624,0.022016
733645,0.06912
733673,0.241664
733721,0.003328
733760,0.017408
733896,0.20864
733976,0.017152
734009,0.007936
734028,0.050944
734141,0.046336
734150,0.063232
734178,0.010752
734180,1.043712
734225,0.04992
734240,0.139776
734267,0.014336
734295,0.038912
734352,0.027136
734363,0.090112
734478,0.012032
734544,0.006656
734590,0.002048
734606,0.003328
734668,0.159488
734746,0.006144
734764,0.073728
734770,0.045056
734784,0.52224
734810,0.156672
734895,0.0192
734925,0.004096
734994,0.008192
735014,0.01536
735028,0.004608
735048,0.004608
735062,0.44416
735121,0.008704
735156,0.008192
735190,0.004096
735207,0.02944
735222,0.009728
735265,0.061184
735275,0.078336
735361,0.177408
735376,0.091136
735379,0.66176
735386,0.079104
735414,0.755968
735475,0.014848
735497,0.124928
735554,0.094976
735624,0.002304
735636,0.099328
735694,0.01536
735774,0.071936
735816,0.005888
735836,0.008704
735874,0.050176
735903,0.008192
735930,0.075776
735951,0.024064
735964,0.267776
736053,0.000768
736073,0.064512
736137,0.1472
736156,0.006656
736228,0.007168
736270,0.000256
736362,0.008448
736421,0.147456
736564,7.647232
736691,0.02816
736773,0.018176
736814,0.047104
736835,0.008704
736878,0.013824
736916,0.014336
737109,0.022272
737111,0.018432
737164,4.094464
737290,0.007936
737318,0.067584
737393,0.021248
737408,0.03712
737458,0.008448
737470,0.081408
737491,0.203008
737506,0.001792
737517,0.110848
737604,0.006144
737633,0.012288
737653,0.006144
737709,0.085504
737751,0.066304
737764,0.016384
737789,0.103424
737903,0.006144
737915,0.00384
737932,0.021248
737943,0.011264
737976,0.015872
738022,0.015104
738121,0.011008
738137,0.022528
738139,0.33408
738157,0.19456
738250,0.002816
738290,0.00768
738327,0.01792
738363,0.002816
738377,0.14592
738383,0.128768
738389,0.007424
738443,0.62592
738474,0.01152
738492,0.022528
738503,0.037376
738533,0.045568
738563,0.052224
738579,0.013056
738604,0.006656
738611,0.010496
738635,0.023552
738679,0.009728
738733,0.017408
738772,0.037888
738821,0.003328
738856,0.015616
738863,0.00768
738921,0.0128
738923,0.108032
738927,0.167936
738964,0.084992
739027,0.050688
739070,0.032768
739104,0.008192
739111,0.002816
739129,0.868352
739199,0.00768
739210,0.023552
739405,0.004864
739471,0.006912
739517,0.052224
739550,0.017408
739564,1.309696
739587,0.161792
739632,0.018176
739702,0.001792
739777,0.023552
739820,0.060672
739830,0.007936
739853,0.004864
739938,0.014336
739964,0.012032
740012,0.019712
740106,0.128512
740125,0.008704
740143,0.16384
740164,0.00768
740180,0.056576
740268,0.023808
740284,0.011264
740305,0.013056
740365,0.013824
740373,0.03712
740422,0.019456
740464,0.031232
740507,0.014848
740550,0.040192
740572,0.006144
740612,0.047872
740626,0.024576
740634,0.023808
740688,0.045568
740723,0.026112
740764,0.080128
740781,0.07552
740796,0.156928
740924,0.429568
740970,0.160768
741076,0.022528
741093,0.04736
741099,0.012032
741160,0.047104
741172,0.195584
741237,0.082176
741277,0.004864
741297,0.018688
741327,0.15488
741347,0.011264
741357,0.025856
741364,0.686592
741407,0.081152
741417,0.031232
741427,0.045056
741437,0.75136
741457,0.373504
741497,0.142848
741507,0.268544
741517,0.065792
741527,0.198144
741547,0.260864
741557,0.2112
741567,0.251392
741607,0.227072
741627,0.106752
741637,0.4096
741647,0.3072
741667,0.3776
741697,0.447488
741717,0.725248
741759,0.000768
741858,0.047872
741903,0.014336
741964,0.005376
741971,0.011008
741983,0.434432
742053,0.009216
742088,0.082176
742171,0.013056
742202,0.005376
742204,0.04224
742235,0.12288
742263,0.045568
742280,0.007424
742296,0.004096
742328,0.03456
742358,0.032256
742388,0.087552
742425,0.005888
742460,0.009728
742514,0.029952
742564,2.504448
742641,0.03328
742656,0.075776
742730,0.001536
742738,0.018944
742762,0.0192
742827,0.0192
742871,0.016896
742917,0.0256
742941,0.093696
742956,0.011008
742986,0.000768
742991,0.030464
743019,0.211456
743132,0.05504
743164,0.035328
743177,0.027136
743185,0.314624
743223,0.012544
743297,0.009984
743353,0.009728
743389,0.012544
743424,0.00256
743507,0.108544
743530,0.067328
743613,0.033536
743631,0.045056
743647,0.022272
743671,0.01408
743694,0.024576
743753,0.015872
743757,0.035328
743765,0.361728
743783,0.36608
743839,0.050944
743909,0.005376
743922,0.052992
743935,0.035072
743997,0.003584
743998,0.060416
744033,0.00768
744083,0.007168
744197,0.009728
744328,0.07808
744359,0.078848
744376,0.010496
744441,0.054528
744506,0.084736
744538,0.054784
744568,2.24128
744677,0.01792
744709,0.01408
744784,0.003072
744803,0.007168
744861,0.010752
744913,0.056832
744919,0.02176
744979,2.535424
745085,0.018176
745162,0.05888
745194,0.037376
745272,0.022528
745286,0.06272
745329,0.047104
745347,0.00512
745424,0.011776
745450,0.125184
745496,0.089856
745536,0.011264
745564,0.122624
745592,0.005888
745632,0.08448
745689,0.081664
745747,0.003328
745795,0.117504
745820,0.231168
745931,0.072192
745966,0.009984
745985,0.052992
746023,0.123392
746046,0.039168
746104,0.036864
746284,0.01792
746318,0.002304
746357,0.012544
746370,0.088832
746392,0.032
746457,0.07808
746491,0.029952
746566,0.009984
746600,0.00128
746648,0.068096
746681,0.015872
746764,0.014848
746779,1.645312
746852,0.005632
746926,0.02944
746962,0.174848
746992,0.1152
747011,0.017664
747092,0.058368
747116,0.0192
747182,0.12544
747243,0.025856
747364,0.566784
747424,0.023552
747472,0.007424
747622,0.267008
747662,0.017152
747664,0.124416
747724,0.001792
747740,0.186368
747830,0.04352
747877,0.022784
747923,0.022784
747936,0.000512
747964,2.292992
748026,0.013568
748086,0.013056
748107,0.002304
748121,0.026112
748173,0.039424
748204,0.045824
748256,0.00384
748344,0.061952
748363,0.004608
748416,0.023296
748429,0.015616
748443,0.01408
748513,0.009472
748617,0.16128
748701,0.190464
748784,0.077824
748799,0.000768
748867,0.103168
749026,0.12032
749056,0.009472
749094,0.039168
749164,0.033792
749176,0.026112
749183,0.029696
749232,0.03328
749250,0.016384
749257,0.036608
749323,0.03584
749341,0.006144
749364,0.019968
749401,0.003328
749411,0.033024
749443,0.000256
749479,0.002048
749503,0.002304
749510,0.013056
749592,0.086784
749653,0.038144
749655,0.384
749764,0.019712
749778,0.311296
749785,0.762368
749819,0.02432
749846,0.013312
749856,0.095488
749994,0.00768
750056,0.026112
750156,0.007168
750172,0.01408
750176,0.018688
750202,0.006656
750246,0.08064
750349,0.00256
750364,1.021952
750454,0.023808
750467,0.005888
750487,0.0448
750598,0.014336
750646,0.009984
750670,0.055808
750679,0.03968
750763,0.003072
750876,0.005632
750906,0.028928
750941,0.00384
750965,0.197888
751055,0.002304
751085,0.037888
751192,0.008448
751193,0.262144
751238,0.00896
751263,0.012288
751283,0.006144
751292,0.100608
751368,0.641792
751391,0.0064
751415,0.009472
751462,0.031488
751544,0.03456
751564,0.006912
751581,0.048896
751646,0.022528
751715,0.00384
751751,0.097792
751793,0.013312
751828,0.040704
751879,0.019456
751902,0.057344
751912,0.14464
751930,0.009472
751975,0.003072
751979,0.035584
751992,0.030208
752063,0.075008
752138,0.063232
752164,0.069632
752166,0.039424
752189,0.74624
752215,0.040192
752286,0.015104
752332,0.011776
752403,0.010752
752439,0.070912
752464,0.00128
752483,0.02304
752500,0.002304
752532,0.012032
752583,0.089856
752588,0.001792
752635,0.011776
752651,0.070656
752677,2.15808
752720,0.002304
752764,0.02304
752791,0.07168
752853,0.01152
752866,0.002816
752909,0.049408
752947,0.100608
752976,0.001792
752992,0.014336
753044,0.029696
753059,0.001024
753066,0.589824
753136,0.308992
753193,0.00512
753248,0.03968
753278,0.001792
753293,0.006656
753316,0.050432
753352,0.030464
753364,1.118464
753385,1.3184
753442,0.014848
753480,0.010496
753533,0.003328
753620,0.013824
753638,0.05504
753665,0.202752
753712,0.022784
753839,0.006912
753889,0.042496
753964,0.018688
753983,0.017408
754035,0.013568
754044,0.037376
754105,0.000768
754165,0.011008
754178,0.130048
754259,0.008192
754271,0.004096
754297,0.052224
754345,0.013568
754348,0.019968
754433,0.172544
754469,0.039424
754558,0.027392
754564,10.304768
754634,0.011008
754677,0.004096
754721,0.056832
754805,0.05504
754829,0.009216
754844,0.007936
754901,1.634816
754956,0.024576
755019,0.056832
755060,0.019712
755142,0.032768
755164,0.035584
755165,0.797184
755280,0.0128
755291,0.027136
755349,0.032512
755359,0.03072
755480,0.067584
755491,0.02304
755529,0.0448
755559,0.02816
755567,0.013056
755615,0.036352
755684,0.027648
755707,0.055808
755734,0.00896
755764,2.850304
755795,0.06016
755817,0.064768
755850,0.082432
755987,0.017664
756042,0.039424
756079,0.004608
756111,0.013824
756127,0.077824
756173,0.02944
756200,0.036608
756246,0.00896
756256,0.013568
756276,0.001024
756319,0.037632
756339,0.004352
756361,0.018176
756364,2.03904
756409,0.261376
756463,0.029696
756472,0.025856
756552,0.139264
756587,0.008192
756625,0.02432
756676,0.01536
756696,0.004608
756767,0.060416
756837,0.016128
756866,0.025344
756887,0.002816
756894,0.017152
756913,0.005888
756964,3.643392
757044,0.126208
757097,0.023552
757170,0.052992
757199,0.036096
757223,0.00768
757280,0.006656
757309,0.019712
757310,0.00896
757367,0.102144
757444,0.007424
757458,0.01536
757477,0.02432
757564,0.22272
757592,0.016128
757609,0.012288
757748,0.013824
757780,0.04224
757844,0.057344
757861,0.130304
757893,0.004096
757903,0.018688
757931,0.003584
757987,0.00128
758038,0.201472
758057,0.015616
758102,0.010496
758125,0.017152
758132,0.019968
758164,0.063744
758179,1.522176
758221,1.365504
758268,0.068352
758355,0.00896
758375,0.202752
758509,0.000512
758525,0.068096
758541,0.000256
758598,0.018688
758633,0.047872
758691,0.030976
758695,0.018432
758739,1.214464
758762,0.023552
758816,0.079872
758827,0.05632
758846,0.084224
758874,0.0128
758947,0.027136
758990,0.133888
759003,0.1664
759063,0.018432
759179,0.032512
759216,0.015104
759231,0.02688
759251,0.036864
759283,0.570368
759289,0.181504
759364,0.978944
759376,0.50304
759379,7.96544
759497,0.068864
759570,0.026112
759611,0.072448
759621,0.005632
759634,0.006656
759695,0.039936
759731,0.01664
759757,0.046592
759779,0.018432
759804,0.009472
759833,0.039424
759836,0.031488
759931,0.008704
759964,0.596736
759983,0.652544
759985,0.384
760092,0.03328
760129,0.012544
760138,0.043008
760189,0.035584
760213,0.02432
760268,0.026368
760307,0.016128
760330,0.011264
760354,0.216576
760385,0.017408
760400,0.05376
760482,0.032
760519,0.061952
760531,0.005888
760543,0.079616
760564,1.17632
760582,0.543744
760650,0.0896
760691,0.004352
760696,0.004352
760709,0.018944
760778,0.024576
760792,0.007168
760851,0.013312
760866,0.054272
760893,0.002304
760909,0.002304
760932,0.01536
760958,0.117504
761031,0.008192
761056,0.025344
761135,0.018432
761164,0.004096
761182,0.007168
761189,0.096256
761246,0.022272
761257,0.012288
761305,0.027648
761321,0.006656
761335,0.00512
761365,0.06912
761459,0.018176
761470,0.001024
761491,0.005376
761567,0.0
761633,0.001536
761636,0.007424
761683,0.019968
761711,0.03968
761771,0.016384
761776,0.169984
761968,0.011264
762029,0.009216
762048,0.02816
762057,0.0192
762119,0.0448
762123,0.038656
762164,0.00768
762193,0.024832
762245,0.061952
762260,0.061952
762294,0.017152
762344,0.000768
762364,2.812928
762434,0.022016
762468,0.10368
762488,0.00768
762540,0.0128
762578,0.00256
762600,0.136704
762648,0.39424
762716,0.024064
762718,0.816896
762787,0.004864
762859,0.022528
762872,0.068352
762938,0.007168
762964,0.287488
762986,0.730624
763124,0.034304
763153,0.0512
763203,0.004864
763266,0.07808
763302,0.00896
763332,0.086528
763365,0.009216
763371,0.077056
763414,0.162048
763487,0.042496
763506,0.033792
763545,0.018688
763556,0.2944
763582,0.025088
763628,0.04736
763632,0.017152
763694,0.006656
763701,0.04608
763859,0.016384
763870,0.344832
763895,0.056576
763908,0.039424
763971,0.061952
763991,0.053248
764016,0.626432
764071,0.827904
764098,0.030976
764123,0.010752
764164,0.025344
764181,0.228608
764206,0.029696
764263,0.00768
764279,2.109696
764332,0.06144
764377,0.159744
764453,0.0512
764457,0.037888
764521,0.021248
764570,0.018432
764692,0.049664
764723,0.0256
764764,0.164608
764776,0.352
764782,2.402816
764861,0.025856
764980,0.02176
765038,2.025216
765073,0.021248
765116,0.034816
765176,0.384256
765212,0.021248
765242,0.091904
765313,0.04224
765337,0.008704
765364,1.854464
765384,0.61568
765418,0.116736
765473,0.090368
765661,0.05248
765678,0.068096
765706,0.039168
765742,0.06784
765777,0.01152
765810,0.020224
765818,0.00128
765899,0.013568
765922,0.009472
765957,0.026624
766042,0.030464
766062,0.033792
766105,0.015872
766107,0.002048
766154,0.002048
766185,0.007424
766205,0.060416
766232,0.009472
766252,0.001536
766272,0.014336
766302,0.008448
766323,0.006656
766360,0.06656
766377,0.112896
766447,0.03968
766494,0.023808
766551,0.01408
766583,0.182016
766648,0.014592
766715,0.003072
766726,0.020992
766770,0.040192
766776,0.036352
766800,0.013312
766806,0.073728
766840,0.002304
766916,0.116992
766948,0.025856
766970,0.019968
767019,0.05632
767097,0.031232
767142,0.112896
767164,4.908288
767282,0.016128
767305,0.199424
767442,0.0064
767474,0.009216
767490,0.128256
767509,0.004352
767572,0.006144
767647,0.046336
767674,0.001024
767722,0.01152
767724,0.132096
767764,4.194304
767778,0.430592
767817,0.033536
767867,0.0256
767888,0.0256
767898,0.104704
767938,0.070912
768012,0.073728
768050,0.023296
768073,0.002304
768121,0.007424
768139,0.0064
768198,0.10368
768262,0.00768
768364,2.321408
768405,0.05504
768434,0.016384
768451,0.017152
768493,0.086272
768548,0.003584
768562,0.034048
768580,0.017664
768635,0.014592
768638,0.000256
768762,0.104192
768801,0.011008
768817,0.020992
768826,0.025856
768919,0.013312
768978,0.107008
769063,0.015872
769073,0.01792
769085,0.003072
769167,0.013568
769190,0.040448
769210,0.000512
769230,0.020224
769297,0.00896
769359,0.011008
769397,0.053248
769411,0.047872
769463,0.065536
769501,0.020224
769557,0.060928
769591,0.081408
769624,0.008704
769697,0.042496
769771,0.00768
769823,0.010496
769861,0.02816
769954,0.006656
770019,0.003584
770066,0.016128
770121,0.019712
770164,0.033792
770182,0.204032
770191,0.472832
770249,0.012288
770265,0.031232
770304,0.011008
770314,0.063488
770413,0.854016
770451,0.089088
770471,0.036352
770542,0.008192
770613,0.005888
770744,0.005376
770764,3.48672
770784,0.2048
770909,0.011776
770966,0.004864
770998,0.04352
771019,0.04096
771044,0.022528
771107,0.017664
771139,0.045824
771166,0.042752
771256,0.009216
771326,0.008192
771364,4.151296
771432,0.150016
771449,0.0128
771499,0.060416
771607,0.002816
771699,0.079616
771754,0.020992
771796,0.004864
771818,0.032768
771839,0.06528
771881,0.001024
771923,0.020992
771964,0.526592
772043,0.007936
772106,0.004608
772107,0.754432
772141,0.152576
772173,0.067072
772184,0.040704
772302,0.01792
772370,0.00768
772413,0.04352
772467,0.05504
772483,0.170496
772516,0.00768
772577,0.307968
772791,0.02048
772820,0.006144
772840,0.133888
772881,0.032768
772940,0.038912
773092,0.083456
773109,0.827136
773156,0.006656
773158,0.00896
773164,2.239232
773232,0.020224
773272,0.053504
773284,0.036096
773300,0.025344
773346,0.035072
773374,0.01792
773420,0.032256
773536,0.113408
773555,0.00384
773576,0.056832
773583,0.004864
773625,0.018944
773693,2.433792
773764,5.535744
773791,0.688128
773864,0.02816
773935,0.031488
773945,0.054016
774017,0.009984
774048,0.017152
774056,0.03456
774164,0.007936
774239,0.068608
774257,0.029184
774314,0.009472
774364,0.4992
774381,1.508608
774522,0.073728
774545,0.009216
774554,0.020992
774642,0.017664
774659,0.019968
774718,0.063488
774778,0.032256
774813,0.077056
774826,0.216064
774876,0.001536
774901,0.070912
774911,0.0192
774964,0.0128
774976,0.045568
775027,0.111872
775056,0.203776
775109,0.00384
775120,0.01664
775158,0.040704
775191,0.053248
775212,0.201984
775285,0.017408
775385,0.00256
775451,0.046592
775458,0.279552
775519,0.013824
775543,0.034304
775578,0.045568
775585,0.00384
775658,0.038144
775668,0.0128
775701,0.011008
775738,0.12672
775772,0.023296
775895,0.012544
776064,0.07552
776094,0.049408
776114,0.003072
776132,0.070144
776164,0.038656
776183,0.080128
776240,0.783616
776273,0.050432
776334,0.004096
776373,0.075008
776408,0.03456
776420,0.03968
776449,0.004608
776464,2.0544
776536,0.034048
776569,0.00384
776585,0.168448
776654,0.020224
776658,0.01664
776693,0.02432
776723,0.013056
776730,0.054784
776764,0.652288
776781,0.376064
776788,0.017408
776890,0.002304
776973,0.06144
777027,0.005888
777057,0.030976
777148,0.006144
777197,0.013568
777226,0.000768
777294,0.003328
777354,0.036864
777364,0.049408
777381,0.235776
777486,0.057856
777521,0.045824
777527,0.087552
777549,0.01664
777568,0.033024
777603,0.01536
777614,0.016896
777652,0.00256
777673,0.08448
777684,0.008704
777720,0.057344
777790,0.029952
777839,0.449024
777901,0.022528
777964,2.407936
777991,0.055296
778074,0.016128
778106,0.009984
778156,0.039936
778206,0.052736
778246,0.002048
778262,0.0448
778316,0.008192
778370,0.018176
778402,0.032768
778443,0.003328
778454,0.107264
778543,0.01408
778560,0.029696
778564,2.73536
778646,0.031744
778676,0.023552
778703,0.846592
778825,0.020736
778850,0.009472
778895,0.02176
778916,0.043776
778954,0.047104
778959,0.381696
779065,0.015616
779085,0.01664
779164,0.099072
779189,0.397824
779301,0.046336
779317,0.004608
779364,0.085248
779420,0.010496
779427,0.02688
779485,0.007936
779509,0.000768
779585,0.060672
779607,0.002048
779690,0.006656
779736,0.058624
779776,0.367104
779826,0.004096
779880,0.0064
779893,0.03328
779908,0.015104
779918,0.006912
779941,0.022784
779970,0.085504
780023,0.004864
780044,0.073728
780087,0.001792
780126,0.005888
780160,0.150528
780226,0.025088
780317,0.055808
780330,0.022272
780364,1.473024
780380,8.134144
780572,0.027392
780588,0.096512
780657,0.020224
780695,0.041216
780698,0.789504
780742,0.03712
780787,0.065024
780835,0.017664
780860,0.048128
780912,0.057856
780963,0.064
780976,0.334848
781049,0.000256
781139,0.009728
781235,0.073216
781294,0.025344
781330,0.057344
781368,0.007936
781397,0.013568
781431,0.023552
781442,0.023296
781517,0.001024
781558,0.004608
781560,0.004864
781579,0.326656
781584,0.52608
781632,0.032768
781674,0.003584
781718,0.196608
781757,0.007936
781769,0.068096
781821,0.0128
781852,0.03584
781901,0.17152
781979,0.001792
782001,0.030976
782010,0.111104
782051,0.004096
782060,0.024064
782079,0.056064
782164,0.037888
782172,0.021248
782181,0.102912
782227,0.009984
782307,4.17408
782584,0.03456
782620,0.01792
782677,0.026368
782694,0.01024
782716,0.035328
782764,0.02688
782785,0.572672
782842,0.005376
782846,0.014336
782853,0.031232
782906,0.015872
782934,0.00128
783045,0.800768
783130,0.032
783170,0.027904
783206,0.003072
783244,0.0064
783364,4.811008
783432,0.0064
783466,0.012544
783474,0.04352
783515,0.00128
783530,0.103936
783575,0.039936
783650,0.073472
783674,0.058624
783684,0.95872
783745,0.031488
783788,0.06912
783814,0.006144
783838,0.020224
783891,0.005888
783918,0.059648
783941,0.029696
783964,5.336576
784103,0.04608
784106,0.873472
784148,0.041472
784212,0.041472
784284,0.006144
784317,0.004352
784378,0.018688
784403,0.031744
784413,0.05376
784454,0.002304
784482,0.00256
784494,0.006656
784544,0.071424
784553,0.027904
784577,0.011264
784614,0.056576
784647,0.002048
784670,0.031232
784686,0.021248
784701,0.007168
784723,0.120064
784750,0.002816
784768,0.01152
784776,0.4096
784818,0.045056
784864,0.059904
784882,0.000512
784926,0.001024
784940,0.00768
785005,0.015872
785127,0.002816
785164,2.355968
785223,0.1856
785241,0.017408
785264,0.017664
785305,0.037632
785573,0.004608
785605,0.046848
785630,0.018432
785655,0.051456
785764,0.016128
785775,0.213504
785821,0.156928
785907,0.015104
785921,0.002304
786011,0.00768
786144,0.13184
786203,0.091392
786252,0.009216
786295,0.028928
786305,0.011264
786364,0.069632
786378,0.12032
786451,0.003328
786507,0.012032
786523,0.038144
786617,0.068864
786664,0.118016
786688,0.033792
786708,0.002816
786738,0.031232
786743,0.036096
786856,0.00128
786868,0.036608
786881,0.093952
786955,0.056064
787053,0.013824
787059,0.090368
787169,0.00128
787183,0.14848
787214,0.034048
787240,0.017408
787262,0.006912
787267,0.203264
787299,0.0064
787324,0.031232
787351,0.045568
787397,0.005376
787404,0.113152
787412,0.067328
787488,0.02048
787533,0.067328
787564,0.00256
787570,0.017408
787575,0.001792
787624,0.006656
787657,0.006912
787698,0.022016
787757,0.015616
787758,0.268288
787792,0.024576
787808,0.030208
787853,0.028672
787858,0.001792
787921,0.017408
788047,0.009984
788087,0.002048
788102,0.004864
788129,0.07168
788152,0.064
788198,0.1792
788254,0.052736
788314,0.047872
788418,0.020224
788439,0.000768
788484,0.050176
788527,0.00384
788646,0.023296
788739,0.00128
788764,1.978368
788817,0.131328
788938,0.008704
788999,0.020736
789019,0.058112
789069,0.00384
789129,0.010496
789139,0.025088
789169,0.231168
789189,0.041728
789209,0.060672
789219,0.27904
789239,0.059904
789279,0.014848
789289,0.144384
789319,0.051968
789329,0.0832
789359,0.069376
789377,0.00128
789379,0.386048
789419,0.4224
789439,0.287232
789459,0.291072
789469,0.189696
789489,0.009728
789499,0.011264
789509,0.324864
789529,0.39296
789539,0.090368
789549,0.027392
789559,0.257536
789569,0.572928
789599,0.45312
789619,0.135168
789629,0.1024
789639,0.352256
789659,0.645632
789669,0.435712
789689,0.541952
789709,0.374016
789739,0.935168
789769,0.3392
789779,0.482816
789799,0.647168
789819,0.644096
789839,0.06144
789869,0.8768
789929,0.123392
789953,0.909056
789964,1.361408
789979,0.738816
790114,0.0576
790164,0.026624
790184,0.020992
790210,0.00256
790235,0.038912
790255,0.01152
790260,0.010496
790332,0.006656
790356,0.083712
790360,0.647936
790412,0.002304
790459,0.010752
790476,0.03584
790502,0.23168
790564,0.040704
790576,0.27136
790577,0.188416
790579,3.908608
790586,9.955584
790651,0.01024
790668,0.010496
790767,0.010752
790831,0.450816
790881,0.00512
790942,0.099328
790967,0.000768
791002,0.28416
791072,0.013056
791101,0.037888
791147,0.017152
791154,0.007168
791186,0.093184
791194,0.006656
791199,0.125696
791240,0.025856
791261,2.259968
791323,0.018432
791370,0.040192
791400,0.017664
791426,0.022016
791474,0.000768
791477,0.014592
791514,0.015104
791611,0.009216
791711,0.003328
791764,0.11392
791777,0.1408
791828,0.574976
791876,0.03072
791925,0.011264
791967,0.013568
791981,0.034304
792004,0.214016
792124,0.022016
792152,0.070144
792184,0.00384
792234,0.036864
792262,0.013568
792301,0.023808
792315,0.018688
792364,2.383104
792481,0.038656
792503,0.02048
792521,0.05888
792535,0.135936
792637,0.088832
792640,0.771072
792728,0.001024
792802,0.015104
792805,0.756224
792886,0.031232
792928,0.035584
792964,0.306944
793086,0.021504
793154,0.025088
793196,0.131328
793226,0.036352
793249,0.194816
793394,0.018432
793419,0.016384
793485,0.014848
793533,0.046336
793543,0.066304
793564,0.033024
793576,0.307712
793610,0.0576
793617,0.13056
793661,0.00768
793704,0.028672
793716,0.050176
793755,0.013312
793812,0.016896
793843,0.061952
793945,0.101376
794013,0.021504
794082,0.000768
794137,0.020736
794164,0.263168
794182,2.19008
794241,0.096512
794301,0.036608
794384,0.019968
794414,0.012544
794433,0.041472
794503,0.022016
794564,0.015104
794584,0.016896
794663,0.023552
794686,0.002816
794693,0.030976
794758,0.028672
794764,0.021248
794780,0.101888
794781,0.969216
794827,0.004864
794961,0.010496
794972,0.018944
794999,0.011264
795040,0.040192
795069,0.085504
795118,0.036864
795146,0.015104
795202,0.037376
795232,0.015616
795263,0.002048
795268,0.014336
795314,0.072448
795351,0.030976
795365,0.460032
795387,0.230144
795451,0.008192
795532,0.003584
795562,0.023808
795668,0.023808
795688,0.034304
795710,0.018176
795736,0.098048
795823,0.026368
795887,0.00384
795964,1.321728
796019,0.098304
796089,0.007168
796107,0.000256
796133,0.022784
796183,0.008704
796204,0.00512
796252,0.00384
796255,0.105728
796388,0.008448
796422,0.204032
796518,0.001792
796576,0.057088
796578,0.772096
796674,0.023808
796738,0.032512
796803,0.086272
796848,0.013056
796875,0.00128
796879,0.01152
796901,0.022272
796934,0.01152
796982,0.014592
797086,0.003328
797101,0.004608
797164,0.086016
797185,0.137984
797189,0.27008
797295,0.035584
797380,0.002816
797404,0.027648
797437,0.172544
797486,0.025088
797526,0.025856
797557,0.004352
797582,0.018176
797657,0.016896
797687,0.026112
797722,0.009216
797759,0.03072
797775,0.15744
797841,0.073472
797888,0.014848
797908,0.113664
797952,0.002816
797959,0.078336
798019,0.004096
798066,0.0064
798082,0.024832
798146,0.011008
798191,0.038656
798249,0.054784
798293,0.009984
798296,0.003328
798321,0.038144
798349,0.036608
798352,0.172544
798364,1.939712
798410,0.146176
798471,0.020736
798508,0.13952
798530,0.13056
798554,0.297216
798663,0.018176
798714,0.050176
798746,0.020736
798821,0.007936
798909,0.188672
798964,3.321856
798977,0.4544
799071,0.084224
799118,0.014592
799139,0.005376
799177,0.05376
799196,0.001536
799241,0.001536
799266,0.086528
799340,0.035328
799365,0.020224
799404,0.057856
799422,0.000768
799492,0.032
799523,0.011264
799560,0.452608
799583,0.461312
799585,0.333312
799667,0.043264
799686,0.004352
799737,0.023552
799747,0.018176
799781,0.018432
799892,0.034048
799923,0.040704
800009,0.003072
800018,0.009472
800045,0.004864
800060,0.007424
800152,0.03968
800164,0.039936
800182,0.035328
800234,0.959744
800331,0.020736
800343,0.056064
800393,0.028672
800414,0.029696
800478,0.034048
800483,0.008448
800563,0.019456
800576,0.01408
800672,0.0448
800736,0.029952
800764,0.04352
800776,0.096256
800784,2.374144
800852,0.001024
800885,0.091904
800918,0.036096
800973,0.004864
800989,0.013824
801064,0.005888
801153,0.01664
801176,0.025088
801182,0.037376
801229,0.29824
801259,0.023808
801292,0.060928
801364,3.591424
801474,0.038912
801548,0.012288
801555,0.008448
801580,0.017152
801616,0.018432
801644,0.03712
801674,0.389376
801746,0.034304
801814,0.036864
801840,0.04992
801867,0.005632
801933,0.038656
801947,0.015616
801964,0.010496
801970,0.007168
801987,0.162048
802022,0.009216
802099,0.037376
802136,0.015872
802175,0.018688
802226,0.006912
802261,11.934208
802385,0.039424
802534,0.024832
802564,2.327808
802600,0.004864
802667,0.016896
802810,0.024064
802897,0.429568
802920,0.036608
802989,0.011264
803066,0.082688
803071,0.05376
803164,0.32768
803186,0.0128
803228,0.316928
803248,0.007168
803308,0.060672
803318,0.188672
803328,0.00128
803348,0.124928
803358,0.047616
803368,0.052224
803378,0.01152
803388,0.109056
803398,0.150784
803408,0.065792
803428,0.313088
803458,0.377088
803468,0.03328
803478,0.201728
803488,0.159488
803498,0.366336
803508,0.251392
803518,0.200192
803528,0.122624
803548,0.394496
803558,0.30848
803568,0.099072
803578,0.48
803588,0.192512
803608,0.096512
803618,0.233984
803628,0.188672
803648,0.070144
803658,0.417792
803718,0.011008
803738,0.12416
803764,8.336896
803838,0.009984
803867,0.00896
803918,0.061952
804007,0.059136
804064,0.017152
804082,0.007424
804114,0.001792
804146,0.010496
804154,0.031232
804199,0.039936
804234,0.003072
804244,0.00896
804301,0.664832
804364,0.046592
804375,0.04864
804445,0.031232
804457,0.037632
804475,0.047616
804563,0.027392
804632,0.07296
804735,0.052736
804748,0.009984
804835,0.007936
804855,0.005888
804883,0.035072
804891,0.01152
804932,0.020736
804979,0.09344
804986,0.09856
804990,0.613888
805106,0.01536
805121,0.027392
805185,0.004864
805220,0.021248
805264,0.074496
805401,0.028672
805439,0.014336
805471,0.011008
805482,0.220928
805534,0.06272
805555,0.076288
805574,0.002304
805577,0.031232
805607,0.089344
805629,0.030976
805697,0.623616
805772,0.23808
805812,0.00256
805889,0.158464
805997,0.069376
806069,0.019968
806104,0.010752
806164,0.006144
806184,0.330496
806233,0.00256
806338,0.004352
806343,0.015104
806390,0.026624
806402,0.020992
806473,0.015104
806536,0.11776
806613,0.029952
806704,0.014336
806725,0.0192
806745,0.007424
806757,0.009472
806764,0.458752
806851,0.018688
806904,0.063488
806959,0.005632
806977,0.317952
807023,0.014336
807074,0.013312
807111,0.056832
807155,0.012544
807180,0.017408
807206,0.011008
807209,0.05504
807238,0.095488
807261,0.148224
807328,0.042752
807334,0.014848
807364,2.256384
807473,0.000768
807521,0.014848
807558,0.004352
807577,0.066304
807621,0.015616
807661,0.004864
807677,0.028928
807740,0.008192
807796,0.026624
807813,0.031744
807823,0.068864
807845,0.033536
807892,0.022528
807901,0.011776
807938,0.036096
807964,1.432832
808019,0.046336
808051,0.0
808089,0.01536
808098,0.078848
808183,0.0448
808206,0.0192
808238,0.019968
808266,0.084736
808442,0.107776
808448,0.02688
808509,0.027392
808518,0.014336
808564,0.027904
808578,0.103168
808584,0.184832
808621,0.003328
808726,0.027136
808792,0.008192
808823,0.00512
808834,0.007424
808882,0.021504
808903,0.088832
808959,0.00384
808996,0.033792
809071,0.037888
809164,0.439808
809206,0.09728
809246,0.031488
809256,0.043008
809285,0.002304
809329,0.0704
809409,0.02432
809426,0.0256
809460,0.04992
809525,0.045568
809547,0.057856
809582,0.852992
809630,0.069376
809764,0.057856
809765,0.414208
809793,0.787712
809818,0.190976
809830,0.097024
809887,0.03456
809904,0.066048
809946,0.006656
809968,0.034048
810016,0.01152
810050,0.016128
810162,0.007168
810226,0.004096
810252,0.002048
810301,0.004864
810345,0.008704
810350,0.809728
810393,0.00384
810453,1.0496
810524,0.034816
810538,0.033024
810581,0.026368
810646,0.058624
810719,0.01792
810832,0.01152
810833,0.002048
810870,0.001792
810912,0.023552
810934,0.049408
810964,3.09504
811036,0.044288
811100,0.008448
811114,0.022528
811124,0.105472
811195,0.193024
811311,0.038912
811325,0.678656
811373,0.0704
811469,0.037888
811496,0.043776
811507,0.005888
811525,0.016128
811559,0.119552
811564,1.488384
811580,1.105152
811657,0.015616
811713,0.04352
811742,0.016128
811828,0.006144
811839,0.014336
811869,0.036352
811885,0.011264
811918,0.005888
811961,0.016128
811967,0.086528
812003,0.001024
812035,0.013824
812059,0.003328
812120,0.038656
812137,0.025856
812151,0.026624
812152,0.016384
812182,0.028928
812278,0.046848
812301,0.02688
812318,0.011264
812330,0.001792
812402,0.03584
812411,0.01152
812443,0.000512
812467,0.033536
812525,0.012544
812553,0.032768
812574,0.020736
812611,0.022528
812681,0.119552
812762,0.081664
812779,1.862144
812834,0.030208
812958,0.014592
813026,0.003584
813073,0.002816
813184,0.006656
813190,0.006912
813213,0.01152
813254,0.004096
813266,0.013568
813306,0.007168
813347,0.017664
813354,0.008448
813366,0.069888
813457,0.031488
813464,0.027392
813515,0.051968
813604,0.022016
813637,0.017152
813676,0.056576
813746,0.0064
813769,0.052224
813868,0.043264
813919,0.029184
813961,0.0128
813964,0.019968
814005,0.035072
814036,0.028672
814077,0.046592
814114,0.002048
814143,0.077824
814204,0.001536
814221,0.02944
814246,0.07296
814283,0.003584
814294,0.016128
814334,0.146176
814446,0.044544
814484,0.009472
814540,0.025088
814564,0.037376
814565,0.055296
814586,0.045312
814620,0.022272
814690,0.014848
814694,0.039424
814755,0.02432
814779,0.112128
814811,0.017152
814830,0.093184
814861,0.027648
814909,0.025088
814977,0.036608
815076,0.014336
815092,0.015616
815131,0.0192
815134,0.033792
815164,0.001536
815176,0.161536
815178,1.922048
815215,1.083904
815351,0.000768
815386,0.013568
815422,0.005376
815441,0.071424
815480,0.075008
815493,0.015104
815526,0.001792
815559,0.012544
815734,0.028672
815764,6.010624
815891,0.016896
815928,0.013568
815966,0.002048
816001,0.041728
816112,0.051968
816140,0.004864
816158,0.02432
816210,0.000768
816230,0.023296
816259,0.044032
816289,0.048128
816350,0.016896
816364,0.003072
816450,0.014848
816454,0.305152
816497,0.032768
816545,0.006912
816620,0.022784
816661,0.081664
816744,0.060416
816766,0.035072
816789,0.050176
816825,0.086528
816892,0.008448
816903,0.009216
816921,0.221696
816964,1.726208
816984,0.721664
817042,0.005376
817064,0.02944
817094,0.00512
817157,0.014336
817159,0.007936
817180,0.01408
817207,0.052224
817267,0.008704
817272,0.037888
817337,0.050688
817360,0.035328
817404,0.004096
817420,0.0256
817422,0.077824
817457,0.012032
817474,0.049408
817494,0.040448
817544,0.104704
817564,0.361984
817595,2.014976
817685,0.116224
817794,0.127488
817894,0.001536
817917,0.00256
817933,0.197376
817959,0.011264
818009,0.034816
818022,0.190976
818093,0.075776
818152,0.006912
818162,0.046336
818164,0.013312
818177,0.088576
818275,0.008192
818294,0.044544
818364,0.027392
818392,0.000256
818436,0.0576
818442,0.013312
818468,0.035072
818526,0.053248
818569,0.016896
818636,0.054016
818685,0.02816
818764,0.072704
818787,0.189184
818791,1.133824
818834,0.001792
818866,0.010496
818922,0.237312
818944,0.05376
818963,0.024576
819021,0.032768
819043,0.006656
819073,0.03072
819096,0.0256
819104,0.008448
819123,0.026624
819240,0.016896
819252,0.009216
819322,0.122368
819364,3.360256
819435,0.13696
819481,0.000512
819527,0.006912
819599,0.03072
819607,0.01024
819730,0.003072
819770,0.039168
819808,0.006656
819851,0.02176
819902,0.003328
819922,0.011008
819932,0.118272
819964,1.692672
820046,0.000768
820055,0.008192
820063,0.008192
820176,0.07168
820274,0.0128
820282,0.01152
820323,0.05888
820347,0.02944
820383,0.037632
820488,0.035328
820564,1.33376
820592,0.09984
820651,0.141568
820728,0.014848
820793,0.035328
820823,0.018688
820864,0.030976
820894,0.00768
820929,0.001024
821007,0.02432
821033,0.027392
821079,0.01408
821099,0.00256
821164,0.178176
821176,0.133888
821249,0.003072
821334,0.03456
821369,0.004352
821397,0.007936
821409,0.009728
821533,0.012032
821673,0.001024
821764,0.020224
821779,0.06784
821936,0.0832
821977,0.01664
822127,0.06016
822213,0.075776
822240,0.000768
822355,0.173312
822364,2.528768
822407,0.04992
822540,0.036352
822607,0.004608
822634,0.056832
822647,0.01536
822666,0.07424
822678,0.018176
822704,0.000256
822768,0.002048
822770,0.010752
822792,0.002816
822801,0.006656
822839,0.009216
822878,0.008192
822893,0.009984
822908,0.016896
822965,0.270592
822977,3.135232
823044,0.144128
823055,0.011776
823089,0.001536
823101,0.005632
823234,0.0192
823284,0.025856
823337,0.0896
823371,0.0192
823386,0.004864
823471,0.022784
823493,0.003584
823526,0.023296
823530,0.228864
823564,0.003328
823594,0.093952
823632,0.017664
823664,0.004608
823693,0.108544
823788,0.046592
823797,0.091648
823835,0.04224
823862,0.056576
823868,0.02944
823969,0.11904
823997,0.005888
824057,0.016896
824091,0.017408
824156,0.000512
824164,3.101952
824252,0.031744
824410,0.044032
824419,0.004864
824537,0.168704
824607,0.01536
824748,0.032
824764,0.015616
824775,0.01536
824780,0.012288
824786,0.487424
824856,0.051456
824924,0.039936
824951,0.00384
824998,0.02816
825004,0.039168
825013,0.007424
825076,0.0128
825106,0.202496
825263,0.02048
825306,0.070144
825364,1.175552
825390,0.01536
825394,0.57728
825450,0.007168
825508,0.014336
825510,0.020224
825531,0.031744
825573,0.03584
825635,0.00512
825655,0.0768
825700,0.02048
825731,0.05504
825738,0.002816
825760,0.020736
825815,0.021504
825879,0.007424
825884,0.122112
825937,0.010496
825978,0.002816
825980,0.089856
825983,0.003072
826018,0.029184
826120,0.002816
826138,0.009984
826163,0.004096
826166,0.003072
826235,0.13184
826267,0.087808
826294,0.028672
826312,0.017408
826375,0.040448
826414,0.02816
826427,0.011264
826482,0.000256
826534,0.0
826564,0.128256
826579,0.090624
826622,0.011776
826650,0.01408
826667,0.009472
826705,0.0832
826709,0.065792
826802,0.002048
826841,0.012544
826932,0.07424
827057,0.001792
827132,0.031488
827164,0.034304
827181,0.896512
827241,0.0
827264,0.006656
827352,0.02688
827394,0.001024
827409,0.07936
827581,0.00896
827590,0.000256
827633,0.000512
827679,0.037376
827732,0.017152
827766,0.024064
827777,0.057344
827787,0.030208
827858,0.034816
827891,0.050944
827968,0.006912
827986,0.002816
828016,0.018432
828021,0.013568
828067,0.031232
828085,0.137984
828115,0.01024
828132,0.004352
828157,0.1408
828165,0.79104
828246,0.088576
828277,0.013824
828322,0.141312
828351,0.00256
828364,1.747456
828414,0.004096
828432,0.03072
828438,0.02816
828525,0.033536
828553,0.00256
828586,0.022528
828619,0.001536
828632,0.113664
828653,0.086016
828714,0.007936
828734,0.00128
828771,0.000768
828867,0.020736
828873,0.000768
828883,0.0
828911,0.076032
828964,3.39584
829076,0.007424
829103,0.026624
829115,0.00768
829129,0.130304
829230,0.055296
829240,0.023552
829251,0.03072
829285,0.05504
829324,0.024832
829328,0.114432
829357,0.014848
829406,0.030976
829492,0.0064
829524,0.011776
829550,0.018176
829564,0.193024
829584,0.25728
829632,0.0832
829794,0.012544
829802,0.02048
829920,0.00128
829996,0.004864
830033,0.0064
830039,0.022016
830069,0.009728
830098,0.018944
830156,0.153344
830164,1.306368
830181,0.4736
830242,0.010752
830258,0.028672
830295,0.002304
830313,0.027392
830354,0.038656
830620,0.004864
830629,0.028672
830662,0.037376
830674,0.004608
830686,0.002048
830732,0.000768
830741,0.000768
830764,0.034048
830775,0.005632
830813,0.029696
830881,0.029952
830901,0.01408
830990,0.026624
831061,0.02816
831114,0.031232
831184,0.091904
831209,0.06144
831215,0.023552
831280,0.044032
831332,0.004096
831342,0.036608
831364,0.062976
831378,0.201216
831385,2.293248
831432,0.0192
831494,0.02048
831509,0.055808
831540,0.193024
831580,0.018432
831590,0.02944
831604,0.041984
831637,0.072448
831665,0.02688
831728,0.031744
831759,0.001536
831772,0.000768
831833,2.042112
831901,0.03968
831964,0.04608
831983,0.021504
832109,0.038144
832124,0.16
832153,0.080128
832162,0.012544
832182,0.180736
832287,0.02048
832342,0.048384
832401,0.143104
832442,0.033536
832464,0.00768
832563,0.036096
832565,0.04096
832580,0.323328
832606,0.015616
832628,0.126464
832685,0.08064
832697,0.017664
832719,0.03328
832727,0.15744
832740,0.001024
832767,0.018432
832793,0.002048
832838,0.076544
833029,0.005888
833049,0.006144
833117,0.0576
833164,0.113408
833253,0.080896
833274,0.010752
833334,0.074752
833378,0.029696
833449,0.020992
833530,0.00896
833645,0.010752
833671,0.00768
833683,0.0192
833762,0.028416
833764,0.013056
833779,0.047616
833888,0.01792
833896,0.0512
833946,0.017408
833953,0.013312
833991,0.551936
834118,0.031488
834131,0.001024
834134,0.006656
834194,0.057088
834319,0.018176
834364,0.230656
834380,0.483072
834432,0.051968
834491,0.027136
834516,0.010496
834592,0.043264
834626,0.00896
834637,0.04736
834694,0.009728
834733,0.033792
834776,0.0064
834786,0.044544
834920,0.101888
834964,6.609152
835003,0.277248
835067,0.005888
835105,0.022016
835109,0.006656
835146,0.014336
835148,0.02048
835216,0.050432
835280,0.002048
835300,0.00256
835407,0.080896
835564,8.700928
835627,0.22784
835690,0.044288
835721,0.265728
835766,0.035584
835783,0.007424
835826,0.012544
835940,0.621824
835992,0.089088
836011,0.013056
836050,2.23488
836098,0.048896
836113,0.00256
836130,0.02176
836164,3.0912
836243,0.014592
836256,0.032768
836280,0.03328
836320,0.007168
836341,0.1024
836458,0.0704
836521,0.01408
836582,0.035328
836642,0.054016
836672,0.018432
836757,0.000768
836764,0.294656
836781,0.028928
836842,0.018176
836886,0.003328
836907,0.002048
836952,0.001536
836990,0.09344
837027,0.036352
837050,0.001024
837092,0.03072
837196,0.001792
837254,0.082944
837336,0.003584
837343,0.12416
837364,0.055808
837373,0.116992
837444,0.050432
837468,0.084992
837533,0.03584
837603,0.026624
837620,0.002048
837640,0.009472
837670,0.050688
837710,0.046592
837768,0.00896
837854,0.058624
837896,0.353792
837940,0.0
837975,0.02176
838004,0.038912
838025,0.044032
838045,0.023296
838055,0.153344
838069,0.034816
838153,0.015104
838176,0.028672
838184,0.003584
838214,0.051968
838221,0.0064
838259,0.028416
838343,0.029696
838374,0.057856
838387,0.112128
838479,0.037632
838509,0.007936
838532,0.000256
838534,0.07168
838564,0.064256
838590,0.01024
838676,0.03584
838700,0.019456
838788,0.025344
838793,0.008448
838949,0.000768
839031,0.02048
839067,0.39424
839127,0.041216
839156,0.040704
839164,0.48896
839176,0.024576
839273,0.004352
839363,0.032256
839493,0.045568
839499,0.032512
839535,0.026368
839641,0.017408
839652,0.00256
839736,0.034048
839764,1.0304
839790,0.167168
839829,0.107264
839848,0.059904
839899,0.00896
839954,0.026624
840050,0.006912
840075,0.008448
840093,0.00128
840116,0.07168
840157,0.03072
840195,0.00896
840241,0.004352
840310,0.017408
840317,0.02688
840379,0.023808
840384,0.288
840442,0.010752
840520,0.096256
840610,0.000256
840616,0.015616
840630,0.020736
840676,0.006656
840709,0.003584
840714,0.004864
840738,0.063488
840824,0.001024
840906,0.028416
840957,0.027392
840982,0.027392
840983,0.007168
841108,0.00256
841114,0.029696
841185,0.019456
841196,0.023296
841268,0.080128
841294,0.000256
841333,0.006144
841351,0.036352
841366,0.105216
841452,0.168192
841482,0.049408
841491,0.04608
841552,0.002304
841586,0.09344
841632,0.003584
841688,0.009216
841742,0.077568
841881,0.009728
841913,0.012288
841928,0.0128
841946,0.189696
842026,0.004096
842028,0.090624
842068,0.009984
842086,0.005376
842098,0.018944
842164,0.194048
842178,0.71168
842285,0.00896
842316,0.254464
842346,0.005632
842390,0.00512
842409,0.13568
842435,0.017408
842476,0.019712
842534,0.024064
842544,0.382464
842595,0.016896
842624,0.03456
842690,0.004096
842764,0.000512
842775,0.112128
842932,0.009728
843018,0.066304
843084,0.002304
843149,0.021248
843179,0.02432
843227,0.012288
843268,0.483328
843330,0.004608
843339,0.027904
843364,2.79168
843471,0.012544
843504,0.045056
843519,0.022016
843549,0.020992
843577,0.017408
843594,0.112896
843655,0.012032
843663,0.059904
843684,0.017664
843708,0.032512
843777,0.01664
843800,0.010496
843867,0.022528
843933,0.033024
843964,0.04608
843965,0.009728
844027,0.001024
844104,0.129024
844226,0.000768
844310,0.009216
844326,0.033024
844415,0.058624
844502,0.040448
844508,0.03584
844560,0.031232
844564,0.179456
844588,0.05632
844626,0.007424
844649,0.022272
844701,0.130048
844772,0.002816
844774,0.033792
844796,0.052736
844817,1.072896
844893,0.011264
844949,0.017152
844980,0.095488
844995,0.071936
845023,0.03712
845113,0.028416
845130,0.001792
845164,0.193024
845249,0.032768
845283,0.009728
845309,0.00512
845511,0.133632
845593,0.002816
845614,0.004352
845631,0.018176
845645,0.004352
845702,0.001024
845723,0.014336
845736,0.010752
845764,0.807936
845799,0.125952
845820,0.009984
845831,0.05376
845834,0.023296
845939,0.427776
845969,0.022272
846070,0.048384
846080,0.03712
846102,0.003072
846111,0.038912
846150,0.015872
846156,0.003328
846176,0.008704
846205,0.095488
846209,0.060928
846268,0.053248
846341,0.085504
846380,2.022656
846531,0.004864
846583,0.60928
846615,0.022016
846634,0.003328
846650,0.10624
846662,0.00384
846704,0.10496
846769,0.027648
846862,0.001024
846920,0.005632
846938,0.01536
846964,0.031232
847002,0.056832
847058,0.076032
847112,0.022016
847137,0.039424
847146,0.006144
847177,0.075008
847225,0.011776
847263,0.011008
847316,0.032512
847394,0.305152
847516,0.002048
847560,0.033536
847583,0.038656
847666,0.023808
847716,0.049408
847718,0.679168
847832,0.275456
847863,0.013312
847957,0.00384
848040,0.00128
848105,0.077568
848113,0.00896
848139,0.001024
848163,0.001792
848164,0.722688
848183,0.09088
848224,0.005376
848249,0.020992
848267,0.07936
848277,0.13696
848387,0.047104
848406,0.016128
848431,0.019712
848480,0.014848
848639,0.001024
848710,0.01792
848757,0.014848
848764,2.554112
848845,0.00128
848933,0.025856
848980,0.015872
848988,0.026368
848998,1.1072
849041,0.024832
849182,0.003584
849265,0.02176
849266,0.258304
849339,0.052224
849364,0.152832
849379,0.033024
849400,0.331008
849536,0.026624
849547,0.001536
849566,0.012032
849577,0.02176
849636,0.020736
849638,0.031232
849685,0.014336
849709,0.008704
849797,0.001792
849807,0.005632
849853,0.022272
849922,0.00128
849935,0.025088
849964,0.041728
849986,0.327424
850091,0.057856
850122,0.802048
850178,0.022528
850224,0.016896
850244,0.101888
850271,0.048896
850278,0.007168
850328,0.005376
850363,0.010496
850373,0.015104
850414,0.00768
850432,0.004608
850452,0.028672
850523,0.013568
850555,0.0768
850581,0.163072
850672,0.031488
850734,0.03328
850762,0.03584
850794,0.011264
850804,0.000512
850888,0.008448
850906,0.002304
850956,0.016128
850972,0.025344
851018,0.002304
851033,0.023808
851161,0.032
851198,0.088576
851215,0.162048
851250,0.029952
851290,0.060928
851307,0.078336
851330,0.011776
851338,0.04608
851354,0.008448
851398,0.041984
851434,0.011008
851440,0.400384
851464,0.026368
851508,0.030464
851540,0.027904
851544,0.105472
851607,0.014848
851634,0.019456
851664,0.01152
851681,0.046592
851701,0.004352
851735,0.04736
851764,1.874176
851782,0.779264
851938,0.006144
851977,0.011008
852007,0.04608
852042,0.007424
852102,0.020736
852125,0.022016
852174,0.001792
852216,0.012288
852364,0.012544
852380,0.023808
852383,1.3568
852438,0.073984
852566,0.007424
852574,0.0256
852608,0.028416
852618,0.003584
852621,0.023808
852647,0.007168
852689,0.1792
852776,0.011776
852832,0.032512
852843,0.069376
852944,0.038144
852953,0.001792
852964,1.83296
853040,0.003584
853076,0.0512
853081,0.022272
853120,0.041728
853190,0.13312
853210,0.018944
853241,0.02304
853301,0.026624
853348,0.00512
853426,0.027904
853443,0.062976
853554,0.08576
853564,0.866304
853565,3.839744
853671,0.001024
853742,0.008192
853759,0.008704
853794,0.00512
853798,0.076032
853931,0.00128
853951,0.020224
853966,0.056064
854106,0.01536
854125,0.101632
854164,4.241664
854272,0.010496
854298,0.009728
854325,0.003328
854336,0.025344
854370,0.001792
854393,0.03584
854513,0.022784
854640,0.00128
854764,1.203456
854789,0.365056
854872,0.037632
854875,0.250112
854904,0.013824
854929,0.039168
854941,0.057344
855017,0.00384
855062,0.000512
855170,0.003328
855189,0.013056
855355,0.018176
855364,1.221632
855384,0.196096
855412,0.006144
855452,0.003584
855497,0.0448
855537,0.224512
855555,0.021504
855569,0.015616
855585,0.042752
855594,0.163584
855638,0.005632
855647,0.183808
855705,0.044032
855916,0.000768
855964,12.385536
856026,0.036864
856073,0.007424
856089,0.06016
856129,0.019968
856168,0.056832
856190,0.001024
856194,0.010752
856265,0.0704
856299,0.208128
856386,0.14208
856406,0.005888
856411,3.273984
856469,0.356352
856514,0.033792
856564,0.001536
856576,0.006144
856577,0.062208
856586,0.792064
856664,0.064
856799,0.064512
856841,0.0512
856864,0.015616
856921,0.018432
856973,0.029696
857071,0.026112
857084,0.03712
857126,0.000256
857166,0.027392
857170,0.725248
857181,0.011776
857252,0.017664
857297,0.027392
857313,0.021504
857321,0.00256
857324,0.023552
857378,0.002304
857427,0.037632
857481,0.009984
857508,0.02816
857533,0.017152
857610,0.004096
857636,0.050944
857652,0.068352
857705,0.026368
857720,0.032512
857747,0.015104
857764,2.418176
857777,0.15744
857868,0.008704
857890,0.013568
857911,0.038656
857955,0.013568
857962,0.872704
858035,0.090112
858060,0.004352
858261,0.0576
858331,0.060416
858377,0.003584
858396,0.008704
858440,0.056576
858500,0.012032
858530,0.009472
858547,0.005632
858565,0.086784
858683,0.018944
858698,0.010752
858757,0.04608
858793,0.026624
858817,0.013312
858827,0.043776
858907,0.007936
858964,0.445696
858997,0.006656
859050,0.015616
859112,0.01408
859234,0.0448
859244,0.024064
859264,0.040704
859310,0.014848
859381,0.042752
859384,0.073984
859414,0.05376
859446,0.008448
859459,0.008704
859494,0.005632
859551,0.09216
859564,8.5632
859739,0.03328
859771,0.019968
859789,0.009216
859811,0.017408
859844,0.02688
859878,0.006656
859904,0.018432
860026,0.001792
860035,0.016896
860092,0.011264
860120,0.04864
860151,0.00128
860164,0.049152
860176,0.067584
860196,0.06144
860243,0.000256
860266,0.055296
860361,0.010752
860364,0.103424
860415,0.076288
860429,0.018688
860436,0.00128
860476,0.08064
860518,0.011264
860570,0.006144
860602,0.007424
860648,0.005888
860676,0.079616
860731,0.025344
860743,0.036096
860764,0.088064
860776,0.045312
860782,1.34912
860881,0.036096
860905,0.023808
861022,0.124416
861040,0.059136
861084,0.541184
861100,0.045568
861254,0.100608
861277,0.004608
861294,0.142336
861311,0.009728
861364,0.051456
861387,0.10112
861553,0.014592
861568,0.03584
861624,0.027136
861652,0.034304
861673,0.01408
861756,0.014336
861787,0.026624
861806,0.002048
861894,0.029952
861917,0.054784
861964,0.931584
861979,0.116736
862059,0.02048
862110,0.009728
862144,0.019456
862185,0.050432
862222,0.020992
862278,0.002304
862302,0.030976
862363,0.005888
862462,0.076288
862534,0.002816
862564,3.209728
862589,1.220352
862651,0.033024
862702,0.003072
862737,0.005376
862761,0.04992
862804,0.000256
862820,0.0064
862871,0.060416
862983,0.018688
863019,0.000768
863042,0.066816
863056,0.11136
863131,0.061184
863164,3.18208
863249,0.041472
863291,0.01024
863325,0.009984
863394,0.025856
863417,0.028928
863476,0.009216
863485,0.020992
863584,0.029952
863594,0.03328
863601,0.029952
863674,0.006144
863700,0.000768
863739,0.056576
863764,1.592064
863785,4.311296
863882,0.004864
863921,0.019968
863928,0.082688
