sequence_number,time_taken_to_correct_ms
2,0.923392
3,0.658944
4,0.27264
18,8.270336
54,0.057088
72,0.119296
91,0.182272
104,0.082176
110,4.543232
152,0.14848
156,13.107968
246,0.06272
250,0.066816
252,0.136704
266,0.031744
296,0.079616
304,0.071936
311,2.404864
349,0.008448
360,0.045056
372,0.054016
375,0.132096
385,0.003072
386,0.03584
398,0.011264
402,0.038912
407,0.061184
419,0.10752
436,0.01792
453,0.035584
473,0.110336
477,0.005632
494,0.02048
496,0.073216
505,0.052224
524,0.03712
546,0.033792
554,0.033024
560,0.068096
591,0.839936
630,0.018432
638,0.068096
639,0.03968
644,0.030464
654,0.07168
662,0.01536
664,0.04864
684,0.137728
689,0.035328
694,0.091136
710,3.471104
720,0.732928
721,0.056064
754,0.027136
771,0.052224
782,0.01664
784,0.054016
820,0.019456
837,0.010496
888,0.006144
891,0.030976
895,0.001024
929,0.086784
948,0.00384
955,0.100608
974,0.041472
981,0.118528
983,0.026112
999,0.046336
1007,0.109824
1014,0.092928
1021,0.115968
1044,0.019712
1054,0.017408
1056,11.958016
1119,0.115968
1132,0.045056
1148,0.091648
1158,0.016896
1167,0.082688
1170,0.050944
1178,0.095232
1194,0.094976
1198,0.013312
1204,0.012288
1206,0.060672
1215,0.128768
1235,0.098048
1247,0.232192
1266,0.072192
1276,0.055296
1298,0.022272
1300,0.182784
1302,0.059648
1310,3.340288
1313,7.326976
1321,0.1152
1394,0.079616
1411,0.062976
1417,0.018944
1480,11.794432
1483,8.504576
1487,4.059136
1495,2.687744
1539,0.001024
1566,0.095232
1569,0.030208
1577,0.039168
1578,15.706368
1644,0.112128
1667,0.009728
1669,0.133632
1677,0.036864
1683,1.750784
1707,0.029952
1740,0.01152
1750,0.03712
1769,0.108544
1771,0.073216
1786,0.040192
1808,0.010496
1814,0.088832
1820,0.104448
1828,0.041984
1844,0.030976
1848,0.0064
1873,0.141824
1886,0.064256
1892,0.14464
1900,11.683072
1903,3.664128
1905,2.996992
1909,9.976576
1914,6.2592
1917,4.893184
1998,0.059648
2026,0.0064
2032,0.062976
2037,2.562048
2040,2.089728
2042,9.848064
2085,0.05248
2114,0.120064
2115,0.03712
2131,0.006912
2134,0.030976
2144,0.00128
2148,0.019712
2164,0.034048
2175,0.025344
2204,0.023808
2206,0.026624
2212,0.003328
2220,0.027648
2226,0.127488
2258,0.079104
2266,0.002048
2271,0.020736
2291,0.013056
2297,0.015872
2314,0.010496
2326,0.087552
2332,0.016896
2343,0.028672
2355,0.011776
2361,0.061184
2364,1.666816
2416,0.014336
2417,0.40704
2419,11.956736
2423,3.003904
2425,5.016832
2427,2.124288
2461,6.131712
2466,7.51872
2468,6.98752
2470,0.3776
2473,1.274112
2508,3.58144
2522,0.213248
2552,0.074496
2566,0.431872
2576,0.315392
2607,0.002304
2614,0.043264
2629,0.086016
2640,0.145408
2648,0.050176
2652,0.051968
2662,0.229632
2682,0.0192
2691,0.00896
2711,0.02816
2731,0.00768
2742,0.01152
2743,0.252672
2771,0.066304
2780,0.133376
2783,0.076288
2789,0.082944
2795,0.219136
2829,0.050944
2834,0.09088
2845,0.232448
2846,0.466176
2886,0.12032
2906,0.137216
2912,0.060928
2930,0.130304
2932,0.016128
2959,0.002304
2961,0.380416
2972,0.076288
2978,0.09344
2982,0.097024
3004,0.19968
3042,0.046848
3055,0.09728
3057,0.143616
3084,0.032512
3092,0.016384
3106,0.018944
3108,0.166144
3109,2.42304
3121,0.995328
3162,0.094464
3171,0.065792
3177,0.0448
3181,0.001792
3192,0.099584
3203,5.950464
3245,0.032
3264,0.019968
3269,0.036096
3304,0.022528
3306,0.082176
3314,0.058112
3318,0.001792
3334,0.086016
3336,0.00768
3345,0.009984
3347,0.432384
3348,0.145408
3374,0.071936
3395,0.015616
3398,0.88448
3401,5.721344
3439,0.009728
3458,0.003072
3463,0.117248
3467,0.06656
3486,0.016896
3511,0.000256
3520,0.024576
3524,0.068608
3534,0.005376
3539,0.064256
3549,0.146176
3552,0.056832
3576,0.013312
3586,0.075008
3593,0.035584
3603,0.20224
3605,0.116992
3629,0.027648
3657,1.764608
3698,0.01024
3705,0.068608
3712,0.109056
3717,0.08576
3740,0.015872
3743,0.086272
3746,0.013568
3766,0.024576
3800,0.000512
3802,0.10624
3811,0.011008
3821,0.010752
3825,0.020224
3842,0.112128
3859,0.002304
3864,0.052736
3872,0.007424
3886,0.093952
3902,0.017152
3929,0.097792
3943,0.031488
3946,0.048896
3955,0.114944
3960,0.026624
3963,0.19968
3978,0.030208
4034,0.142848
4051,0.042752
4058,0.013056
4069,0.005888
4076,0.206848
4094,0.032768
4132,0.002304
4154,0.07808
4172,0.241408
4177,4.031744
4223,0.030976
4236,0.321024
4241,0.044544
4250,0.05888
4267,0.132864
4271,0.054272
4274,0.039424
4292,0.018176
4311,0.082944
4313,0.816384
4322,0.239872
4360,0.060416
4374,3.814144
4425,0.06528
4432,0.018944
4456,0.14848
4463,0.054784
4465,0.016384
4473,20.050944
4550,0.082176
4558,0.025344
4565,0.04992
4568,0.014592
4574,0.012288
4595,0.028416
4615,0.16512
4631,0.025856
4637,0.006912
4644,0.062976
4647,0.089344
4666,0.006912
4669,0.098304
4677,0.191232
4682,0.096256
4712,0.019712
4716,0.100608
4725,0.050944
4736,0.025088
4756,0.12672
4761,0.062208
4769,0.009472
4783,0.03072
4795,0.03712
4800,0.005376
4814,0.015872
4830,0.030464
4843,0.028672
4864,0.12032
4869,0.0448
4877,0.127232
4908,4.728576
4921,0.814336
4960,0.021504
4964,0.02304
4969,0.019712
4986,0.019968
4994,0.011264
5012,0.009728
5018,0.068864
5032,0.066304
5043,0.008448
5048,0.068096
5061,0.003584
5062,0.008192
5072,0.076288
5086,0.152832
5103,0.097024
5115,0.029184
5118,0.004864
5156,0.060928
5164,0.056832
5180,0.103424
5186,0.029696
5201,0.068352
5203,0.021504
5240,0.01536
5245,0.008192
5248,0.040192
5254,0.047872
5258,0.107776
5265,0.169984
5295,0.065536
5298,0.013056
5307,0.092672
5312,0.018176
5327,0.046848
5340,0.134656
5348,0.002048
5361,0.155648
5395,0.002048
5400,0.088576
5405,0.003072
5440,0.084992
5441,1.472256
5473,11.280896
5534,0.006656
5539,0.038912
5545,0.009728
5563,0.011264
5567,0.132864
5575,0.141568
5596,0.4864
5612,0.016896
5624,0.06656
5629,0.105984
5634,0.057088
5644,0.027904
5658,0.155392
5680,0.109056
5690,0.057344
5712,0.046592
5730,0.07424
5742,0.01408
5745,0.018432
5758,0.013568
5762,0.030976
5769,0.004352
5772,0.027136
5801,0.062208
5803,0.067328
5805,0.031232
5821,0.082176
5830,0.004864
5845,0.150016
5855,0.013824
5860,0.27648
5886,0.067072
5894,0.228096
5902,0.330752
5905,5.27232
5977,0.010752
5993,0.01408
6020,0.011776
6026,0.029952
6056,0.057344
6062,0.048128
6067,0.01408
6080,0.025088
6086,0.14336
6103,0.0512
6108,8.194048
6138,0.270848
6251,0.014848
6253,0.144896
6261,0.076288
6269,0.02048
6290,0.002048
6295,0.130816
6316,13.390592
6356,0.050432
6367,0.032
6392,0.006912
6410,0.060416
6417,4.213504
6461,0.127744
6469,0.003584
6472,0.016128
6477,0.01408
6495,0.039936
6500,0.02048
6502,0.01664
6517,0.04352
6519,0.002816
6536,0.044544
6562,0.091648
6572,0.248064
6608,0.051456
6617,0.078848
6628,0.102656
6636,0.005632
6649,0.117248
6664,0.071936
6666,0.027392
6669,0.178688
6683,0.02688
6703,0.081664
6708,13.788672
6714,0.109568
6764,0.051456
6778,0.014848
6785,0.04736
6803,0.043264
6811,0.134656
6816,0.020736
6835,0.015104
6849,0.036864
6869,0.155648
6883,0.087808
6903,0.0128
6916,0.061952
6921,0.090624
6929,0.040704
6954,0.033536
6960,0.022016
6963,0.004096
6972,0.21248
6994,0.023808
7001,0.001536
7017,0.056832
7020,0.041472
7029,0.05888
7051,0.020992
7073,0.000512
7080,0.059392
7082,0.031744
7092,0.062464
7094,0.059136
7125,0.413696
7150,0.041216
7153,0.057344
7164,0.00384
7180,0.00128
7186,0.40064
7206,0.095744
7213,0.010496
7235,0.082432
7250,0.094208
7263,0.1344
7282,0.063744
7291,0.029696
7308,0.014848
7313,2.700544
7321,0.596992
7365,0.047104
7370,0.054784
7374,0.069888
7382,0.040192
7408,0.019968
7414,0.012544
7418,0.15616
7432,0.007936
7434,0.028672
7453,0.000512
7473,0.178944
7479,0.017408
7486,3.196928
7487,17.173248
7547,0.076032
7556,0.22528
7576,0.049408
7582,0.004096
7586,0.009984
7592,0.186368
7594,0.029696
7608,0.030208
7612,0.036096
7618,0.090624
7639,0.127744
7657,1.39392
7684,0.000512
7705,0.094208
7709,0.124416
7730,0.01152
7744,0.047104
7747,0.06144
7758,0.059392
7762,0.052992
7776,0.039936
7811,0.032512
7847,0.049152
7850,0.032768
7856,0.066304
7877,0.017664
7879,0.032768
7882,0.007168
7894,0.093696
7908,3.459328
7915,3.91808
7966,0.232448
7990,0.106496
7994,0.019456
7996,0.101888
8008,0.0192
8015,0.088576
8026,0.006656
8029,0.008448
8034,0.020224
8047,0.088064
8068,0.051968
8082,0.01536
8092,0.05632
8106,0.017664
8116,0.092672
8132,0.052224
8148,0.043264
8155,2.317824
8158,1.487616
8206,0.069376
8209,0.004352
8229,0.100608
8248,0.063744
8263,0.003328
8266,0.019456
8272,0.015616
8286,0.099072
8292,0.000768
8297,0.17408
8306,0.046848
8309,0.04864
8320,0.02816
8323,0.395008
8368,0.02304
8377,0.016128
8394,0.056576
8397,0.01792
8408,0.081152
8410,0.070656
8419,0.001792
8428,0.072704
8438,0.004608
8448,0.049408
8466,0.005376
8479,0.10496
8498,0.003072
8503,3.808
8513,25.75744
8599,0.000512
8607,0.009216
8611,0.073472
8615,0.056832
8625,0.024064
8637,0.041984
8638,0.029184
8642,0.20224
8655,0.050688
8686,0.031232
8695,0.17664
8714,0.078336
8717,0.105984
8722,0.097024
8737,0.046592
8756,0.023808
8759,0.028928
8769,0.054016
8787,0.03328
8801,0.096768
8815,0.008192
8827,0.108544
8838,0.045312
8841,0.010752
8850,0.05504
8852,0.0128
8862,0.041216
8870,0.103168
8876,0.079616
8886,0.28416
8891,0.003072
8918,0.100864
8929,0.111104
8945,0.141056
8949,0.338432
8974,0.061952
8994,0.157952
9000,0.00128
9003,0.013568
9009,0.071168
9018,0.015104
9026,0.044544
9035,0.014592
9052,0.014592
9078,0.022528
9088,0.021248
9093,0.016896
9108,5.324288
9110,1.104896
9163,0.185088
9209,0.484096
9227,0.046592
9252,0.088064
9278,0.04608
9287,0.024576
9314,0.096512
9321,0.066304
9341,20.67584
9396,0.042752
9419,0.011264
9432,0.039168
9454,0.093952
9462,0.004864
9466,0.017664
9476,0.05632
9482,0.176128
9511,0.031488
9516,0.004352
9524,0.049408
9539,0.073216
9543,0.305152
9570,0.000512
9575,0.04352
9579,0.03584
9598,0.016896
9618,0.008448
9626,0.151552
9630,0.002048
9639,0.080128
9647,0.021504
9656,0.011264
9673,0.036864
9688,0.045056
9693,0.38784
9696,3.638784
9708,13.447168
9722,0.78592
9771,0.011776
9778,0.014848
9779,0.0448
9782,0.011264
9796,0.518144
9798,0.070656
9816,0.05888
9819,0.073216
9830,0.014848
9840,0.013568
9842,0.161792
9847,17.01632
9900,0.749312
9901,0.694016
9942,0.040448
9949,16.097024
10008,0.07936
10016,0.075264
10026,0.155648
10042,0.141056
10068,0.046592
10077,0.007168
10094,0.019712
10100,0.069632
10112,0.025088
10121,0.092416
10122,0.01152
10125,0.004864
10140,0.067584
10148,0.03968
10172,0.000256
10185,0.03328
10188,0.037376
10196,0.02048
10204,0.11392
10217,0.095232
10223,0.00512
10238,0.251392
10257,0.07552
10262,0.153088
10264,0.0192
10285,0.032
10297,0.008448
10302,0.018432
10308,5.796608
10342,0.007936
10350,0.096256
10367,0.03328
10378,0.044544
10391,0.0384
10392,0.091136
10395,0.636672
10415,0.087808
10423,0.053504
10440,0.082688
10445,0.00768
10464,0.033536
10466,0.12672
10490,0.032768
10492,0.022784
10496,0.19072
10511,0.0192
10512,0.007424
10522,0.0768
10532,0.095232
10538,0.11648
10543,0.023296
10548,0.009728
10563,0.602368
10582,0.100096
10612,0.024064
10628,0.028672
10640,0.06656
10646,0.03456
10651,0.04224
10658,0.006656
10676,0.040448
10684,0.063488
10695,0.028928
10723,0.002816
10730,0.076544
10752,0.059392
10761,0.014848
10774,0.045056
10788,0.001792
10825,0.103168
10835,0.135936
10844,0.084992
10856,0.027136
10858,0.000512
10872,0.013056
10878,0.032
10892,0.066816
10902,0.024576
10912,0.006144
10920,3.033344
10955,0.008448
10962,0.021504
10970,0.002304
10978,0.103424
10984,0.029696
10992,0.068352
11008,0.001536
11016,0.032512
11026,0.08576
11047,0.03584
11061,0.054016
11074,0.002816
11091,0.017152
11096,0.040192
11106,0.03072
11142,0.025344
11148,0.120064
11153,0.073728
11158,0.001024
11172,0.000512
11188,0.02944
11191,0.082688
11223,0.014592
11227,0.069888
11232,0.004096
11245,0.031232
11251,0.016384
11260,0.049664
11263,0.0576
11277,0.039936
11283,0.066304
11290,0.007424
11304,0.067328
11305,0.024832
11313,0.05376
11316,0.032
11336,0.03584
11347,0.036096
11354,0.001536
11362,0.03072
11366,0.040448
11398,0.168448
11408,0.207872
11445,0.052736
11448,0.061952
11453,0.14464
11460,0.030208
11465,0.02304
11468,0.050176
11488,0.071424
11492,0.135168
11498,0.045568
11508,2.544896
11526,2.898432
11596,0.48384
11611,0.001792
11616,0.016384
11632,0.066048
11647,1.067776
11665,0.070656
11679,0.00512
11699,0.02944
11716,0.012032
11726,0.2176
11739,0.009728
11748,0.005888
11765,0.045312
11810,0.067584
11836,0.02432
11845,0.099584
11846,0.086528
11857,0.006144
11867,0.02816
11870,0.018176
11880,0.014592
11882,0.259328
11899,0.025088
11912,0.048896
11943,0.00128
11948,0.071936
11954,0.078848
11999,0.103936
12008,0.030464
12016,0.016896
12030,0.008704
12036,0.007168
12043,0.04992
12053,0.006144
12075,0.004352
12081,0.004864
12086,0.218112
12096,0.047104
12098,0.006656
12103,0.03584
12106,0.022784
12110,3.197696
12121,1.214208
12138,1.898752
12160,14.157568
12242,0.022784
12261,0.007936
12268,0.044032
12288,0.029184
12309,0.277248
12326,0.06016
12334,0.01152
12339,0.105728
12344,0.031488
12354,0.145408
12367,0.006144
12371,0.003584
12375,0.004096
12379,0.027392
12383,0.00896
12412,0.054272
12417,0.107776
12439,0.15616
12454,0.049408
12457,0.002048
12468,0.01152
12473,0.00896
12477,0.14592
12508,0.045568
12516,0.038912
12522,0.036864
12540,0.00768
12547,0.02304
12556,0.036352
12562,0.035584
12566,0.041728
12597,0.006656
12610,0.068864
12621,0.12416
12628,0.089344
12644,0.007168
12646,0.03072
12648,0.009472
12652,0.182528
12669,0.105984
12678,0.128512
12698,0.008192
12702,0.027648
12708,4.694272
12713,3.156224
12767,0.086784
12780,0.08832
12782,0.009216
12784,0.019712
12796,0.086272
12808,0.044544
12817,0.862976
12868,0.212224
12872,0.698624
12908,0.013056
12912,0.115968
12915,0.037632
12923,3.743488
12955,0.098816
12962,0.018688
12986,0.016128
12994,0.15104
13013,0.127488
13024,0.05248
13048,0.049152
13051,0.028672
13058,0.023552
13064,0.216832
13070,0.012032
13092,0.050688
13094,0.036096
13106,0.013824
13131,0.019456
13132,0.026112
13147,0.0512
13158,0.106496
13166,0.139776
13173,0.077312
13185,0.036864
13194,0.013056
13198,0.050176
13209,0.038656
13216,0.139776
13243,0.016896
13257,0.01408
13265,0.066048
13269,0.017408
13293,0.016896
13306,0.095488
13320,2.641152
13364,0.084992
13370,0.0576
13397,0.068352
13399,0.007424
13423,0.09344
13427,0.06528
13440,0.117504
13472,0.0576
13476,0.009216
13485,0.0768
13518,0.038912
13529,0.041984
13532,0.019968
13542,0.033024
13563,0.020736
13572,0.077568
13583,0.052736
13598,0.083456
13614,0.037632
13626,0.009984
13632,0.055296
13634,0.06144
13638,0.006912
13670,0.03328
13677,0.066816
13682,0.016384
13684,0.008704
13692,0.00128
13694,0.02688
13708,0.027136
13712,0.011008
13714,0.182272
13732,0.013312
13746,0.092928
13748,0.034304
13776,0.021504
13778,0.13824
13782,0.039424
13787,0.026624
13798,0.005376
13801,0.073216
13815,0.101888
13817,0.105216
13824,0.015616
13837,0.062464
13843,0.02816
13846,0.105472
13849,0.013056
13855,0.063232
13870,0.088576
13886,0.190208
13896,0.02432
13905,0.031232
13910,4.696064
13958,0.017664
13960,0.018176
13985,0.079872
13993,0.040704
14036,0.196608
14058,0.05248
14072,0.049152
14074,0.083712
14099,0.001792
14105,0.017152
14120,0.025088
14136,0.028928
14169,0.026368
14173,0.04992
14203,0.079616
14212,0.083456
14230,0.097536
14238,0.039936
14244,0.043008
14263,0.25344
14274,0.10496
14292,0.03584
14295,0.071936
14304,0.033536
14306,0.060672
14326,0.08448
14341,0.013824
14344,0.036608
14350,0.000768
14359,0.00128
14362,0.039936
14365,0.128256
14386,0.009472
14387,0.041984
14391,0.017152
14404,0.0768
14406,0.041472
14418,0.001536
14434,0.046592
14461,0.178176
14486,0.032512
14494,0.036096
14509,0.000256
14512,4.54912
14563,0.06016
14572,0.025344
14576,0.017408
14578,0.03712
14583,0.027648
14587,0.036096
14591,0.01408
14607,0.240896
14662,0.046592
14666,0.027392
14689,0.00512
14693,0.040192
14698,0.018688
14708,0.084224
14720,0.020224
14730,0.037376
14742,0.002816
14752,0.000256
14771,0.089856
14790,0.04608
14798,0.098048
14800,0.097536
14824,0.04224
14828,0.055808
14834,0.011776
14838,0.173056
14843,0.006912
14846,0.032
14886,0.050176
14894,0.047616
14911,0.031232
14934,0.025856
14952,0.004096
14958,0.082944
14968,0.008448
14970,0.00256
14973,0.009984
14986,0.03456
15010,0.163328
15032,0.024576
15035,0.081408
15040,0.086272
15054,0.008448
15056,0.0704
15078,0.042752
15083,0.013824
15094,0.282368
15096,0.032256
15106,0.05632
15108,5.593088
15121,2.13888
15152,0.010496
15162,0.121344
15184,0.128768
15186,0.009984
15208,0.027904
15212,0.075264
15214,0.026112
15216,0.018432
15228,0.102144
15233,0.013312
15238,0.079104
15243,0.00256
15250,0.104448
15261,0.068096
15273,0.141312
15298,0.052992
15306,0.023296
15339,0.02304
15347,0.076288
15351,0.03072
15372,0.062976
15392,0.017152
15395,0.018688
15410,0.007168
15420,0.01664
15423,0.104192
15434,0.150528
15482,0.071936
15485,0.137728
15488,0.008704
15494,0.06784
15498,0.04736
15520,0.0256
15528,0.00128
15536,0.04224
15560,0.067072
15568,0.08448
15579,0.065792
15598,0.057344
15612,0.196608
15621,0.0512
15647,0.0064
15655,0.04736
15668,0.048896
15697,0.009216
15699,0.363264
15707,0.005888
15710,4.570112
15713,4.93696
15764,0.026368
15785,0.050944
15803,0.105216
15809,0.003328
15813,0.004352
15832,0.042496
15838,0.041728
15850,0.04992
15858,0.002304
15871,0.040704
15887,0.072448
15905,0.028672
15910,0.014336
15934,0.061696
15944,0.065792
15948,0.048896
15950,0.113664
15952,0.035584
15962,0.158208
15969,0.211456
15991,0.012032
15994,0.042496
16015,0.075264
16016,0.071424
16040,0.041216
16052,0.029696
16069,0.09728
16071,0.00384
16088,0.036864
16118,0.1344
16126,0.054272
16159,0.04864
16189,0.067328
16199,0.119808
16208,0.121088
16219,0.032256
16224,0.09344
16240,0.005376
16244,0.141824
16268,0.09856
16278,0.068864
16299,0.036608
16304,0.00384
16308,0.004096
16312,4.969984
16321,0.181504
16382,0.011008
16398,0.007168
16420,0.029696
16428,0.027904
16432,0.049408
16443,0.043776
16466,0.116736
16471,0.019712
16481,0.050176
16485,0.004096
16487,0.06272
16498,0.088064
16511,0.10752
16545,0.017408
16558,0.057088
16563,0.009216
16564,0.00384
16566,0.04096
16575,0.074752
16617,0.026112
16624,0.08576
16630,0.025856
16672,0.04608
16682,0.090112
16686,0.34304
16693,0.025856
16707,0.13056
16732,0.006912
16736,0.767232
16746,0.700672
16765,0.008704
16768,0.073984
16792,0.017664
16808,0.44544
16822,0.068096
16826,0.0384
16847,0.066048
16852,0.09856
16856,0.03584
16859,0.152064
16860,0.2368
16886,0.00256
16898,0.162048
16899,0.062976
16904,0.073984
16909,0.038656
16910,4.478464
16922,0.192512
16950,0.03584
16961,0.233472
16976,0.004096
16993,0.06272
17004,0.02432
17006,0.016896
17014,0.02176
17032,0.0128
17057,0.109568
17063,0.079616
17064,0.183808
17078,0.1088
17080,0.006144
17092,0.06144
17103,0.069888
17117,1.444864
17148,0.093952
17166,0.11392
17171,0.086272
17182,0.067072
17186,0.100608
17217,0.940544
17220,3.003136
17268,0.858112
17287,0.012032
17289,0.023296
17311,0.059648
17334,0.03072
17342,0.089088
17348,0.044544
17360,0.060672
17375,0.120576
17378,0.01408
17383,0.105472
17386,0.008192
17394,0.021248
17411,0.136448
17417,0.145664
17447,0.042496
17453,0.062208
17474,0.057344
17478,0.0128
17491,0.03456
17494,14.178816
17510,2.42688
17574,0.0512
17590,0.036608
17595,0.091904
17603,0.07936
17612,0.055552
17621,0.00256
17625,0.068608
17651,0.01408
17657,0.007936
17659,0.103424
17663,0.033536
17675,0.086016
17693,0.038144
17697,0.006144
17708,0.079104
17727,0.011008
17758,0.097792
17765,0.02816
17772,0.020736
17785,0.07296
17787,0.058624
17803,0.015872
17807,0.01152
17816,0.001024
17818,0.191488
17831,0.04096
17859,0.008192
17865,0.049152
17869,0.047616
17874,0.028928
17918,0.02944
17931,0.08832
17955,0.034048
17966,0.247552
17993,0.02944
18006,0.04992
18007,0.012544
18027,0.025856
18029,0.0896
18054,0.086016
18055,0.002816
18060,0.00128
18071,0.223232
18087,0.014848
18097,0.00512
18109,0.1088
18112,3.715072
18168,5.79456
18204,0.098048
18206,0.077568
18218,3.605248
18253,2.592768
18305,0.05504
18307,0.104704
18311,0.000768
18313,0.057856
18320,5.089536
18362,0.057344
18386,0.000256
18403,0.040448
18406,0.0192
18407,0.077312
18425,0.048384
18434,0.00128
18452,0.056832
18458,0.022784
18467,0.010752
18473,0.017664
18476,0.012544
18482,0.012544
18497,0.016128
18502,0.064256
18506,0.025088
18518,0.009216
18525,0.291328
18526,0.150784
18528,4.36864
18559,0.037632
18567,0.010496
18592,0.109824
18616,0.02432
18625,0.05504
18630,0.011008
18640,0.080128
18653,0.148736
18661,0.025856
18678,0.085248
18679,0.296704
18704,0.02176
18708,0.212992
18727,0.042496
18744,0.064
18752,0.011264
18763,0.076288
18766,0.039168
18775,0.050944
18798,0.094208
18823,0.064512
18829,0.048384
18840,0.143104
18847,0.0384
18852,0.065536
18854,0.004608
18882,0.113408
18915,0.032
18921,0.0704
18941,0.048896
18949,0.02048
18977,0.030464
18982,0.097792
18985,0.00384
18998,0.0512
19006,0.0896
19020,0.023296
19025,0.000768
19040,0.046336
19049,0.215808
19053,0.104448
19061,0.024064
19082,0.071424
19086,0.064768
19103,0.089344
19115,0.018432
19138,0.08064
19140,0.091648
19149,0.020736
19169,0.071424
19179,0.002048
19191,0.527616
19192,0.058368
19209,0.004096
19242,3.07072
19245,3.740672
19283,0.025088
19295,0.315136
19296,11.290368
19329,4.688128
19345,15.36768
19382,0.014848
19398,0.64128
19405,0.412928
19420,0.048896
19441,0.081408
19447,0.043008
19450,0.63872
19484,0.156672
19499,0.025856
19525,0.077056
19526,0.007936
19536,0.118528
19540,0.015616
19552,0.068096
19555,0.075008
19567,0.020224
19576,0.027904
19578,0.042496
19593,0.026624
19594,0.040704
19623,0.04224
19627,0.024576
19642,0.002048
19650,0.111872
19657,0.016128
19661,0.023808
19679,0.046592
19695,0.036352
19706,1.8688
19745,0.111616
19753,0.020224
19773,0.011264
19797,0.072448
19815,0.062464
19821,0.025344
19838,0.07168
19848,0.134912
19849,0.204544
19863,0.02432
19868,5.606144
19911,5.023232
19920,1.563904
19963,0.05888
19975,0.022784
19983,0.045312
19984,0.373248
20007,0.029184
20035,0.078592
20047,0.079104
20049,0.045056
20058,0.061184
20062,0.061952
20084,0.001536
20092,0.039936
20117,0.177152
20122,0.012032
20123,0.006912
20135,0.081664
20139,0.010496
20155,0.043008
20159,0.048896
20168,0.012032
20194,0.055552
20203,0.004352
20232,0.05632
20233,0.035328
20240,0.05504
20246,0.26112
20258,0.046848
20278,0.00256
20286,0.039168
20290,0.091904
20302,0.023808
20307,0.029696
20312,0.030464
20392,0.0064
20403,0.072448
20416,0.027648
20444,1.116416
20463,0.025344
20475,0.180224
20487,0.14848
20496,0.020736
20512,4.543232
20521,1.231616
20552,0.03712
20558,0.023296
20568,0.013824
20575,0.743936
20613,0.022272
20620,0.006656
20634,0.048896
20646,0.089344
20657,0.020224
20662,0.000512
20670,0.032768
20713,0.012288
20715,0.0128
20726,0.00768
20747,0.098816
20769,0.123392
20777,0.205824
20792,0.010496
20799,0.06016
20802,0.125952
20808,0.023552
20813,0.038656
20846,0.010752
20853,0.172544
20883,0.011264
20885,0.001536
20902,0.093696
20907,0.031488
20912,0.01152
20932,0.031488
20943,0.037632
20946,0.082688
20951,0.095488
20969,0.12288
21007,0.096768
21014,0.010496
21050,0.074496
21066,0.019968
21070,0.099584
21092,0.110848
21113,0.021504
21121,0.786432
21122,0.373504
21148,0.040704
21152,0.027648
21154,0.001024
21210,0.02176
21218,0.057856
21227,0.022784
21232,0.097792
21239,0.04864
21242,0.042496
21254,0.010752
21259,0.022784
21269,0.016128
21294,0.227072
21320,0.081664
21333,0.022784
21345,0.068608
21348,0.002816
21352,0.132864
21375,0.02432
21378,0.0192
21380,0.046336
21383,0.180736
21395,0.029696
21406,0.011264
21431,0.089856
21434,0.00384
21439,0.054528
21443,0.009728
21451,0.065024
21452,0.145152
21470,0.166912
21503,0.101376
21515,0.072192
21527,0.140544
21533,0.039424
21543,0.132352
21563,0.075264
21581,0.013568
21586,0.061952
21603,0.047616
21626,0.051456
21642,0.045568
21650,0.006656
21652,0.071168
21655,0.013312
21658,0.027136
21683,0.227328
21697,0.035584
21703,0.01536
21712,5.299712
21770,0.042752
21776,0.139264
21780,0.001536
21796,0.05248
21799,0.006656
21807,0.130048
21832,0.021248
21843,0.5184
21875,0.006912
21881,0.048128
21892,0.139264
21895,0.171776
21907,0.010496
21940,0.004864
21944,0.08192
21952,0.018944
21966,0.072448
21986,0.00384
22009,0.024576
22016,0.019712
22037,0.088064
22040,0.071424
22056,0.0256
22058,0.076288
22073,0.092928
22082,0.036864
22106,0.091904
22108,0.058624
22135,0.0704
22150,0.079872
22168,0.145408
22178,0.023808
22184,0.022528
22186,0.02048
22199,0.014336
22251,0.064768
22253,0.046336
22269,0.124672
22301,0.067328
22311,0.032256
22327,0.01664
22365,0.062464
22374,0.107264
22390,0.027392
22393,0.008448
22420,0.062976
22423,0.127232
22425,0.037888
22432,0.027904
22443,0.131072
22458,0.027904
22463,0.047872
22469,0.049408
22486,0.151552
22489,0.089344
22502,0.021504
22512,0.028416
22516,0.278272
22540,0.083968
22544,0.099072
22560,0.003328
22566,0.08576
22570,0.01536
22576,0.086272
22587,0.114944
22607,0.017664
22623,0.093696
22646,0.111104
22654,0.146944
22678,0.121856
22682,0.000512
22685,0.02304
22700,0.0448
22710,0.130048
22716,0.003072
22721,0.054016
22728,0.076032
22759,0.018688
22772,0.04608
22787,0.0704
22790,0.223488
22801,0.60032
22828,0.06656
22856,0.06912
22862,0.094208
22879,0.004096
22898,0.068864
22910,2.917632
22916,1.759744
22972,0.051456
22973,0.017664
23013,0.301568
23048,0.009472
23054,0.017152
23071,0.032
23076,0.040192
23087,0.02048
23101,0.14336
23109,0.0064
23113,0.005632
23130,0.13824
23167,0.004864
23172,0.03328
23178,0.01024
23200,0.054272
23203,0.03072
23207,0.047104
23214,0.011264
23216,0.013824
23228,0.039168
23231,0.008448
23237,0.039424
23242,0.068096
23259,0.007936
23263,0.028416
23268,0.014848
23278,0.122112
23282,0.027392
23297,0.307712
23310,0.03584
23323,0.072192
23344,0.01024
23350,0.581888
23356,0.022016
23393,0.057344
23398,0.0896
23420,0.071424
23427,0.008704
23438,0.068352
23440,0.098304
23451,0.06784
23468,0.110848
23470,0.108288
23494,0.082944
23498,0.016128
23510,3.001088
23513,9.414912
23520,2.2336
23562,0.003584
23570,0.054784
23594,0.009984
23609,0.026112
23615,0.050688
23624,0.051456
23636,0.100352
23644,0.059392
23675,0.018432
23678,0.062208
23681,0.119808
23692,0.00384
23707,0.026368
23732,0.045568
23762,0.077056
23773,0.006656
23777,0.150784
23779,0.022272
23781,0.026624
23796,0.215552
23798,0.006656
23804,0.06528
23822,0.027648
23833,0.093952
23835,0.008192
23839,0.048384
23854,0.159232
23866,0.07424
23886,0.005632
23894,0.075776
23909,0.011264
23913,0.0256
23915,0.087296
23926,0.035584
23949,0.0576
23986,0.18432
24003,0.049152
24008,0.007168
24016,0.004864
24023,0.05632
24033,0.03968
24048,0.242944
24058,0.107776
24076,0.01536
24092,0.046336
24100,0.08704
24101,3.588864
24108,3.83232
24110,0.897536
24154,0.239104
24175,0.003072
24180,0.06912
24204,0.209408
24208,0.02304
24218,0.0832
24236,0.006912
24251,0.031232
24261,0.002816
24265,0.003328
24273,0.118016
24286,0.029696
24292,0.016128
24304,0.04992
24310,0.159744
24316,0.08576
24329,0.017408
24332,0.00512
24339,0.019712
24353,0.08064
24357,0.0192
24381,0.004608
24393,0.04224
24399,0.003584
24428,0.050432
24432,0.094464
24442,0.118784
24450,0.054528
24457,8.07296
24505,0.045824
24525,0.012288
24532,0.027392
24537,0.057344
24543,0.050944
24568,0.001024
24581,0.043776
24583,0.068352
24595,0.067072
24598,0.12672
24610,0.096768
24632,0.01024
24653,0.02816
24658,0.020224
24666,0.000512
24669,0.013568
24674,0.003584
24689,0.125952
24708,0.09088
24710,4.333824
24716,1.971712
24759,0.13696
24784,0.000768
24788,0.07552
24798,0.13184
24815,0.09472
24828,0.036608
24856,0.055552
24858,0.0128
24860,0.018432
24884,0.023808
24890,0.029952
24903,0.124416
24911,0.09088
24934,0.069632
24944,0.08832
24946,0.04608
24965,0.041728
24969,0.012544
24980,0.056064
24993,0.009728
25005,0.109568
25011,0.0128
25023,0.028928
25035,0.015872
25045,0.046848
25059,0.024832
25071,0.045056
25080,0.111616
25103,0.04992
25119,0.017408
25121,0.069888
25136,0.026624
25158,0.02304
25164,0.049664
25203,0.103168
25218,0.00128
25221,0.002304
25225,0.005632
25238,0.084992
25247,0.079872
25272,0.026368
25285,0.113408
25291,0.102912
25300,0.034048
25312,1.674752
25349,0.069888
25362,0.052992
25365,0.064256
25372,0.06528
25394,0.060928
25415,0.031232
25422,0.098048
25427,0.073472
25442,0.009984
25448,0.002048
25456,0.1088
25460,0.022528
25463,0.03456
25466,0.083968
25486,0.050944
25491,0.091648
25513,0.113408
25521,0.00384
25527,0.020992
25543,0.181504
25554,0.109824
25572,0.023808
25573,0.016128
25574,0.00768
25579,0.119296
25594,0.040192
25603,0.06144
25611,0.019968
25613,0.0192
25618,0.037888
25632,0.0576
25637,0.00896
25645,0.000256
25652,0.011776
25675,0.02176
25702,1.590784
25731,0.037888
25764,0.016896
25770,0.17152
25783,0.01408
25788,0.081664
25799,0.070144
25802,0.16768
25816,0.021504
25834,0.841728
25867,0.024576
25869,0.043008
25876,0.074752
25884,0.003328
25886,0.170496
25893,0.049664
25906,0.009216
25909,2.353664
25914,2.674688
25967,0.049664
25979,0.018688
25982,0.01792
25991,1.874688
26025,0.002048
26040,0.04224
26045,0.04736
26059,0.083712
26070,0.039424
26080,0.0576
26098,0.060416
26102,0.02816
26116,0.02688
26122,0.029184
26134,0.070144
26142,0.07168
26145,0.022528
26156,0.039168
26159,0.039168
26182,0.03072
26190,0.001792
26211,0.037376
26216,0.007424
26241,0.034816
26250,0.212992
26258,0.084224
26273,0.01664
26285,1.005824
26311,0.069888
26316,0.138752
26353,0.093952
26367,0.058368
26378,0.002048
26385,0.114432
26403,0.024576
26404,0.023808
26424,0.012544
26429,0.002048
26433,0.067584
26439,0.069632
26441,0.110848
26446,0.119808
26463,0.036352
26473,0.018944
26476,1.8496
26498,0.0128
26509,2.415616
26522,0.50944
26548,0.03584
26552,0.026112
26563,0.002816
26575,0.0128
26579,0.036352
26584,0.052224
26588,0.047616
26592,0.039936
26609,0.012544
26612,0.081152
26644,0.059136
26646,0.01792
26663,0.074752
26684,0.09088
26689,0.046336
26708,0.077568
26711,1.010944
26725,0.0128
26729,0.03584
26764,0.033536
26771,0.000768
26774,0.016896
26778,0.01536
26791,0.016128
26796,0.07424
26804,0.009216
26808,0.133888
26842,0.075264
26852,0.005376
26859,0.035584
26862,0.092928
26868,0.080896
26872,0.099328
26876,0.012544
26889,0.04224
26916,0.062976
26945,0.158208
26960,0.040704
26980,0.104704
26995,0.172288
26998,0.050432
27013,0.094208
27019,0.012032
27022,0.020736
27029,0.005632
27040,0.015872
27049,0.03712
27059,0.0384
27064,0.06528
27083,0.282368
27087,0.015872
27108,0.115456
27113,0.027904
27115,0.005632
27118,0.12416
27121,1.63712
27153,0.043264
27183,0.121856
27214,0.01408
27233,0.056832
27238,0.003328
27250,0.105472
27266,0.04608
27272,0.215552
27278,0.082176
27302,0.005632
27304,0.012032
27307,0.004864
27318,0.098816
27336,0.091392
27348,0.05888
27350,0.131328
27354,0.002048
27367,0.152576
27387,0.054784
27414,0.0128
27420,0.063744
27431,0.02432
27438,0.17664
27446,0.129024
27451,0.01408
27463,0.026368
27469,0.033536
27482,0.007168
27510,0.09984
27526,0.021504
27528,0.283648
27538,0.023552
27551,0.782592
27565,0.083456
27587,0.04736
27591,0.376832
27601,0.114432
27634,0.01536
27638,0.04352
27640,0.121344
27650,0.03456
27659,0.12672
27681,0.00512
27706,0.043776
27717,0.07296
27727,0.11264
27736,0.04352
27750,0.083712
27764,0.008192
27790,0.032256
27793,0.198912
27821,0.11904
27824,0.004864
27834,0.037376
27842,0.051968
27847,0.170496
27869,0.013312
27874,0.052992
27884,0.034304
27902,0.081664
27904,0.028672
27909,0.080128
27931,0.018432
27942,0.004864
27947,0.09984
27955,0.00768
27976,0.040192
27996,0.238848
27998,0.559104
28004,0.165632
28036,0.02816
28046,0.895232
28081,0.044544
28084,0.038144
28098,0.037888
28106,0.002304
28113,0.01024
28119,0.14464
28124,0.027648
28131,0.015872
28137,0.471296
28157,0.448512
28162,9.442048
28208,0.004608
28227,0.015616
28229,0.032512
28235,0.02688
28272,0.031744
28276,0.02432
28280,0.053248
28300,0.002816
28314,0.02048
28325,0.067328
28331,0.009216
28333,0.001792
28338,0.063232
28352,0.058624
28356,0.077312
28358,0.158208
28365,0.075776
28375,0.073216
28385,0.003072
28407,0.001024
28423,0.07168
28426,0.090112
28435,0.028928
28442,0.015872
28449,0.007936
28455,0.030464
28461,0.009472
28475,0.088576
28479,0.054016
28517,4.703744
28555,0.0064
28572,0.00512
28582,0.028672
28595,0.004864
28598,0.00896
28602,0.048384
28614,0.137984
28619,0.002816
28631,0.051456
28651,0.038144
28659,0.057088
28668,0.03584
28669,0.284672
28696,0.06656
28703,0.011776
28726,0.02304
28728,0.009984
28729,0.019712
28743,0.040704
28751,0.098048
28761,0.03712
28764,0.013056
28768,0.097792
28783,0.055808
28785,0.001792
28790,0.004352
28793,0.003072
28816,0.0512
28826,0.13952
28844,1.089536
28854,1.548288
28896,0.109824
28908,0.062464
28919,0.005376
28922,0.421632
28938,0.086528
28941,0.037888
28956,0.011008
28965,0.007424
28974,0.130304
28982,0.004096
28985,0.118272
29000,0.148736
29005,0.05376
29007,0.069376
29030,0.005888
29043,0.08192
29049,0.044032
29052,0.031488
29055,0.02944
29071,0.090624
29084,0.067328
29095,0.024832
29101,2.634496
29137,0.0896
29143,0.014592
29152,0.030208
29161,0.238848
29188,0.020736
29191,0.013568
29209,0.00896
29213,0.06528
29215,0.027904
29219,0.0192
29238,0.003328
29257,0.063232
29276,0.071936
29288,0.006144
29290,0.094464
29295,0.024576
29303,0.005376
29306,0.044288
29310,0.041728
29340,0.13056
29351,0.012544
29355,0.090368
29361,0.000512
29372,0.037376
29390,0.04096
29418,0.14208
29435,0.078592
29464,0.114432
29474,0.06144
29480,0.105472
29489,0.065536
29534,0.010752
29537,0.224
29556,0.0192
29572,0.069888
29598,0.007424
29602,0.091648
29609,0.036352
29651,0.089344
29665,0.02432
29668,0.032512
29674,0.023552
29692,0.040704
29705,0.090368
29715,0.03328
29732,0.062464
29737,0.04352
29743,0.621568
29772,0.058112
29787,0.001536
29795,0.075008
29809,0.078336
29842,0.124416
29850,0.077824
29851,0.825344
29873,0.057856
29900,0.007424
29901,0.00128
29915,0.08448
29926,0.09728
29938,0.057856
29949,0.105984
29951,0.013056
29956,0.012288
29964,0.006912
29988,0.01664
29995,0.06912
30001,3.28576
30047,0.092416
30064,0.049152
30069,0.058624
30092,0.001536
30100,0.04736
30117,0.079616
30124,0.135424
30144,0.127232
30160,0.139776
30167,0.081664
30175,0.100864
30197,0.025856
30221,0.001792
30227,0.032
30229,0.034048
30233,0.017408
30241,0.008704
30244,0.04224
30265,0.0128
30278,0.151808
30280,0.020736
30283,0.071936
30291,0.012032
30308,0.038144
30318,0.001792
30339,0.020224
30351,0.002048
30371,0.00256
30392,0.018944
30401,0.022528
30417,0.033536
30423,0.033536
30429,0.004352
30433,0.039424
30439,0.044544
30441,0.004608
30446,0.057344
30456,0.22272
30473,0.000512
30477,0.018944
30494,0.003072
30498,0.208128
30506,0.089344
30529,0.043776
30534,0.017664
30544,0.01152
30547,0.023296
30557,0.059392
30568,0.015616
30572,0.292352
30598,0.056576
30604,4.800768
30662,0.037376
30666,0.064
30675,0.129024
30679,0.077824
30690,0.018688
30703,0.039424
30705,0.024064
30708,4.931072
30710,1.216768
30751,0.051456
30758,0.036352
30807,0.101632
30824,0.143104
30827,0.015616
30833,0.00256
30842,0.041984
30848,0.043264
30850,0.050688
30865,0.003072
30877,0.086272
30897,0.141056
30901,3.149056
30930,0.11136
30931,0.012288
30969,0.073728
30984,0.009216
30987,0.10624
31018,0.063232
31036,0.019712
31038,0.044544
31042,0.002816
31070,0.024576
31072,0.037376
31077,0.037376
31091,0.076032
31095,0.016896
31099,0.001536
31107,0.026368
31108,0.051456
31111,0.047616
31127,0.00128
31131,0.08704
31140,0.027136
31165,0.3456
31170,0.127232
31203,0.04608
31211,0.191744
31219,0.04352
31226,0.002304
31236,0.152832
31239,0.928768
31270,0.092416
31275,0.004864
31282,0.22912
31308,5.8624
31321,0.625408
31327,0.756736
31358,0.001536
31368,0.055296
31397,0.118528
31400,0.004864
31418,0.36992
31432,0.1088
31446,0.069376
31460,0.013312
31469,0.163584
31475,0.023296
31489,0.018944
31509,0.063488
31529,0.224768
31546,0.037632
31558,0.096256
31564,0.091392
31574,0.094976
31590,0.08704
31597,0.01152
31620,0.014848
31627,0.023808
31633,0.0256
31648,0.182016
31663,0.072192
31668,0.06656
31674,0.030208
31680,0.066048
31682,0.091904
31684,0.023552
31703,0.018432
31727,0.097792
31732,0.033536
31734,0.077824
31747,0.05888
31753,0.077568
31762,0.037376
31772,0.041216
31792,0.05376
31798,0.131584
31801,8.332544
31861,0.041728
31885,0.087296
31908,0.237824
31910,4.674816
31958,0.163072
31981,0.013312
31988,0.029184
31994,0.086272
31998,0.055296
32026,0.004096
32040,0.00896
32042,0.101632
32050,0.04352
32053,0.050176
32076,0.016128
32089,0.137472
32107,0.015104
32116,0.06144
32122,0.006144
32130,0.064
32134,0.025856
32138,0.12288
32154,0.055296
32177,0.066304
32188,0.013824
32198,0.183552
32231,0.017664
32251,0.039168
32253,0.011776
32264,0.109568
32277,0.013056
32300,0.07808
32306,0.00512
32323,0.077568
32325,0.00128
32333,0.018432
32363,0.002816
32373,0.0128
32378,0.006144
32397,0.05888
32400,0.036608
32402,0.106752
32406,0.035584
32424,0.018688
32448,0.032768
32463,0.008704
32465,0.018432
32468,0.842496
32473,0.032768
32508,0.06016
32509,2.674688
32518,0.05248
32548,0.04224
32556,0.011264
32564,0.039424
32578,0.001536
32580,0.100864
32587,0.010496
32605,0.120576
32616,0.04224
32624,0.002048
32642,0.0768
32663,0.105728
32674,0.059904
32678,0.01152
32694,0.201216
32701,4.18432
32736,0.019712
32745,0.004096
32754,0.016896
32761,0.03456
32774,0.037632
32788,0.05504
32797,0.047616
32803,0.019712
32818,0.01152
32842,0.016128
32844,0.038656
32872,0.015872
32874,0.123648
32880,0.075008
32886,0.181248
32905,0.04224
32917,0.046848
32942,0.070912
32962,0.00512
32966,0.020224
32981,0.013312
32983,11.983104
33017,0.065536
33047,0.001024
33049,0.006144
33054,0.00256
33059,0.036096
33062,0.008448
33066,0.027904
33068,0.035328
33070,0.082432
33075,0.160256
33083,0.110848
33109,8.146176
33162,0.00896
33166,0.076032
33174,0.000512
33193,0.069376
33210,0.066048
33225,0.20096
33230,0.090368
33238,0.073216
33266,0.023808
33274,0.037888
33303,0.0064
33323,0.001536
33328,0.0384
33345,0.017664
33348,0.06144
33366,0.003328
33373,0.03712
33387,0.013312
33418,0.10496
33435,0.076288
33442,0.0064
33450,0.136448
33455,0.079616
33465,0.075008
33478,0.011008
33486,0.085504
33490,0.000256
33499,0.089856
33533,0.038144
33535,0.007936
33563,0.089344
33574,0.052224
33586,0.018944
33597,0.146176
33599,0.005376
33601,3.478016
33629,0.595456
33653,0.079104
33673,0.082432
33682,7.526656
33710,4.715264
33763,0.040448
33778,0.150784
33785,0.119552
33813,0.007424
33816,0.096
33827,0.009472
33829,0.068096
33836,0.055552
33840,0.07296
33852,0.02304
33866,0.04736
33868,0.065024
33904,0.021248
33908,0.016896
33917,0.124928
33932,0.005376
33953,0.013568
33956,0.084736
33966,0.00384
33968,0.02176
33976,0.152064
33998,0.05504
34004,0.137216
34009,0.045056
34012,0.005632
34022,0.003072
34043,0.001536
34048,0.044544
34060,0.102144
34066,0.011776
34084,0.030208
34086,0.099072
34090,0.071424
34100,0.182528
34111,0.029696
34116,0.154624
34128,0.037632
34130,0.015616
34137,0.030208
34155,0.074496
34171,0.056576
34189,0.094208
34197,0.04096
34207,0.019456
34212,0.018944
34216,0.01024
34228,0.075264
34232,0.018944
34246,0.265984
34285,0.055808
34289,0.121344
34297,0.001536
34309,0.012544
34310,3.46752
34320,0.566784
34358,0.009984
34386,0.03968
34397,0.005376
34403,0.135424
34412,0.06272
34425,0.056576
34433,0.199936
34448,0.011264
34478,0.009472
34490,0.033024
34491,15.315968
34563,0.073472
34574,0.00256
34578,0.043264
34595,0.056576
34623,0.000512
34640,0.027648
34658,0.203008
34661,0.016384
34668,0.156672
34686,0.004864
34688,0.049408
34701,0.000768
34705,0.003072
34710,0.132352
34723,0.022528
34736,0.118016
34745,0.029952
34750,0.025088
34766,0.051456
34769,0.052992
34776,0.032768
34783,0.126208
34803,0.126464
34807,0.029184
34813,0.017152
34840,0.025088
34853,0.034304
34858,0.039424
34868,0.019456
34870,0.08064
34886,3.631616
34913,0.691712
34921,2.378496
34926,1.672192
34975,0.072448
34977,0.027392
34998,0.004864
35013,0.143872
35019,0.023296
35030,0.007424
35042,0.082176
35047,0.001536
35069,0.067328
35083,0.066048
35086,0.04992
35101,0.03968
35113,0.035328
35119,0.042496
35139,0.04096
35149,0.098816
35152,0.180992
35183,0.128512
35189,0.048128
35194,0.01408
35201,0.060928
35239,0.073472
35245,0.119808
35255,7.976448
35324,0.006912
35328,0.071168
35335,0.020736
35353,0.046592
35354,0.026368
35366,0.046848
35370,0.076032
35402,0.020736
35417,0.002304
35424,0.123392
35438,0.085248
35462,0.014848
35468,0.063744
35476,0.016384
35493,0.117248
35495,0.008448
35503,0.004096
35510,3.24224
35513,6.209024
35606,0.058368
35610,0.077056
35623,0.019968
35630,0.109568
35644,0.01536
35649,0.03712
35660,0.244224
35662,1.929472
35688,0.004096
35699,0.013056
35718,0.02688
35747,0.05504
35758,0.012544
35760,0.009472
35763,0.0256
35766,0.016896
35778,0.019968
35780,0.018688
35787,0.036864
35788,0.065536
35799,0.009984
35805,0.002816
35813,0.055296
35820,0.039168
35823,0.087552
35828,0.015616
35845,0.022784
35873,0.029184
35888,0.048896
35895,0.018176
35898,0.064256
35906,0.041472
35918,0.081664
35927,0.04352
35932,0.000256
35944,0.027136
35964,0.110336
35969,0.077312
35987,0.200704
35993,0.566528
36004,0.018176
36009,0.291072
36050,0.010496
36054,0.090624
36073,0.117504
36083,0.465664
36088,0.08064
36106,0.01408
36113,0.26624
36120,1.39136
36144,0.00768
36158,0.017664
36161,0.027392
36168,0.03328
36170,0.026368
36187,0.079616
36220,0.002816
36224,0.00256
36229,0.017664
36232,0.131584
36247,0.022016
36261,0.033536
36267,0.080128
36269,0.57472
36292,0.047616
36317,5.211136
36365,0.043008
36370,0.022784
36395,0.043776
36398,0.14208
36408,0.036864
36410,0.00128
36413,0.067072
36420,0.71168
36453,0.041216
36468,0.051968
36478,0.00896
36489,0.08448
36500,0.033536
36508,0.009728
36523,0.407296
36536,0.020992
36565,0.022784
36568,0.103936
36570,0.233984
36579,0.055552
36608,0.020736
36613,0.021504
36616,0.001024
36620,0.370432
36625,0.712192
36643,0.107776
36658,0.02304
36662,0.801024
36695,0.04224
36703,0.047616
36716,0.02944
36734,0.035584
36745,0.013312
36764,0.066304
36790,0.01152
36798,0.116736
36807,0.022528
36809,0.260864
36829,0.066816
36843,0.189696
36864,0.065792
36886,0.050176
36914,0.01152
36941,0.09088
36959,0.001792
36967,0.142848
36977,0.010496
36989,0.083712
37005,0.048384
37018,0.18432
37032,0.025856
37037,0.020224
37056,0.07424
37060,0.223232
37067,0.064
37072,0.077824
37079,0.006912
37082,0.01024
37094,0.041216
37101,0.038144
37108,0.027904
37121,0.072704
37146,0.024832
37157,0.011776
37175,0.060672
37179,0.102656
37186,0.009728
37197,0.031488
37202,0.048128
37206,0.044288
37258,0.00512
37263,0.093696
37280,0.041984
37292,0.033536
37306,0.043776
37307,0.011776
37308,8.03072
37313,1.559296
37408,0.1088
37418,0.081152
37426,0.03968
37455,0.022016
37483,0.02048
37494,0.043264
37498,0.100608
37517,0.057088
37534,0.021504
37553,0.008448
37563,0.012288
37589,0.022784
37594,0.028928
37606,0.064512
37632,0.030208
37646,0.108032
37657,0.058112
37688,0.071424
37696,0.0512
37703,0.047872
37729,0.03584
37734,0.009984
37742,0.080128
37767,0.046336
37775,0.743424
37820,0.051456
37822,0.037632
37829,0.006912
37837,0.025344
37841,0.120832
37848,0.0256
37858,0.031744
37862,0.031744
37867,0.011008
37868,0.078848
37886,0.035072
37893,0.018176
37903,0.072448
37908,0.144384
37910,3.092736
37912,3.493376
37921,0.485632
37969,0.10368
38008,0.093952
38015,0.139264
38030,0.045568
38037,0.073984
38044,0.007168
38056,0.03328
38059,0.032256
38073,0.087808
38077,0.031488
38093,0.049664
38094,0.043776
38123,0.02432
38132,0.351488
38148,0.096
38169,0.11904
38184,0.069888
38197,0.004864
38200,0.016896
38204,0.075776
38207,0.0512
38219,0.032256
38224,0.056832
38229,0.000768
38255,0.030976
38275,0.04096
38286,0.047872
38298,0.03968
38317,0.110336
38323,0.097792
38342,0.065792
38352,0.0576
38360,0.217088
38364,0.0512
38367,0.020992
38376,0.01536
38394,0.015872
38397,0.041216
38400,0.053504
38431,0.009728
38438,0.221952
38455,0.058624
38475,0.030976
38477,0.044032
38496,0.044544
38508,2.162944
38521,1.171456
38576,0.04352
38577,0.066304
38582,0.075776
38605,0.016896
38626,0.087552
38635,0.0128
38644,0.047104
38650,0.004096
38658,0.05632
38666,0.12032
38692,0.092928
38694,0.004096
38706,0.063744
38735,0.072704
38748,0.073984
38762,0.051712
38765,0.010752
38774,0.108032
38799,0.082432
38804,0.005632
38821,0.132352
38829,0.288512
38853,0.03328
38854,0.088064
38858,0.049408
38866,0.065536
38871,0.030976
38899,0.027136
38913,0.050432
38918,0.026368
38925,0.004864
38926,0.140544
38928,0.073472
38943,0.116992
38964,0.03968
38971,0.019712
38996,0.00128
38999,0.014336
39003,0.124928
39027,0.25728
39042,0.066816
39055,0.029184
39063,0.01792
39074,0.037888
39084,0.05504
39093,0.067328
39110,0.047616
39125,0.05376
39127,0.01024
39144,0.143104
39185,0.0576
39188,0.017664
39194,0.046592
39202,0.192768
39206,0.021248
39212,0.178176
39219,0.082432
39223,0.108544
39238,0.085504
39258,0.05248
39267,0.034816
39276,0.065024
39281,0.018944
39291,0.19584
39336,0.01408
39355,0.054016
39374,0.20352
39383,0.049152
39397,0.01536
39412,0.088832
39418,0.19072
39457,0.022784
39466,0.036608
39474,0.041216
39476,0.001536
39494,0.051456
39518,0.080896
39526,0.052736
39528,0.018176
39532,0.057344
39541,0.038656
39553,0.030208
39561,0.128
39571,0.030208
39583,0.033792
39597,0.09472
39606,0.066816
39609,0.027648
39628,0.74112
39654,0.099072
39657,0.03328
39675,0.034816
39678,0.008448
39684,0.023808
39691,0.000512
39707,0.018688
39716,0.051968
39719,0.051712
39727,0.02176
39744,0.159232
39774,0.036864
39799,0.021248
39801,0.04864
39805,0.110592
39808,0.00768
39820,1.155584
39822,2.656
39870,0.016896
39886,0.013056
39898,0.173312
39912,0.052992
39918,0.002816
39932,0.009984
39964,0.042496
39969,0.113408
39985,0.000256
39991,0.093696
40000,0.041216
40006,0.113408
40010,0.003072
40023,0.009216
40025,0.046336
40027,0.005632
40040,0.040448
40050,0.004608
40053,0.01536
40059,0.022016
40066,0.048896
40072,0.049664
40086,0.009984
40102,0.161024
40103,0.0128
40118,0.12672
40135,0.054784
40140,0.06016
40154,0.049408
40158,0.084224
40168,0.009728
40170,0.03456
40172,0.02944
40183,0.023296
40207,0.027136
40220,0.086272
40224,0.11264
40250,0.013056
40269,0.633344
40285,0.022528
40298,0.003584
40308,5.535744
40310,2.645504
40322,4.138752
40385,0.027392
40387,0.067584
40403,0.11776
40418,0.135424
40426,0.055296
40432,0.022272
40448,0.038144
40483,0.123392
40500,0.086528
40503,0.078592
40514,0.066048
40526,0.071168
40544,1.199872
40586,0.000768
40588,0.01408
40616,0.013312
40622,0.002304
40624,0.046336
40643,0.146432
40652,0.03456
40655,0.068864
40665,0.188416
40686,0.186112
40695,0.038144
40697,0.028672
40716,0.006656
40729,0.153344
40769,0.059904
40775,0.001536
40782,0.044544
40793,0.111104
40798,0.001792
40807,0.209152
40817,0.040448
40832,0.045312
40847,0.105216
40853,0.11264
40859,0.052736
40864,0.922112
40908,0.004864
40910,5.284864
40924,4.611584
40969,0.01664
40974,0.04608
40987,0.021504
40989,0.126976
41000,0.022272
41022,0.02176
41026,0.009472
41034,0.013824
41038,0.023296
41045,0.022272
41049,0.055296
41053,0.0576
41058,0.068352
41069,0.014848
41080,0.029952
41084,0.106496
41091,0.008192
41093,0.032768
41115,0.072192
41130,0.04992
41155,0.043008
41164,0.027136
41200,0.032
41212,0.019456
41219,0.055552
41231,0.043264
41245,0.034048
41252,0.05888
41297,0.0384
41306,0.015104
41316,0.020992
41333,0.017664
41334,0.01024
41338,0.09472
41350,0.014592
41364,0.049664
41373,0.098304
41403,0.05888
41404,0.086528
41423,0.09728
41424,0.048896
41440,0.018688
41472,0.129792
41482,0.004096
41496,0.0576
41505,0.284416
41506,6.534144
41508,2.018304
41521,0.02176
41539,9.222656
41540,4.668928
41571,0.071168
41601,0.045312
41613,0.04736
41635,0.056064
41647,0.03584
41650,0.034048
41652,0.140032
41660,0.009984
41680,0.15488
41682,0.026624
41690,0.069888
41727,0.028672
41732,0.003328
41738,0.104448
41756,0.06016
41765,0.009984
41766,0.53888
41798,0.120064
41808,0.04992
41810,0.0576
41826,0.21376
41850,0.07552
41872,0.06656
41878,0.005632
41916,0.001536
41922,0.083456
41924,0.034304
41938,0.077824
41944,0.026368
41948,0.02048
41955,0.065024
41960,0.014336
41963,0.096512
41985,0.017664
41995,0.01792
42006,0.05632
42019,0.020992
42023,0.124928
42032,0.081664
42046,0.015872
42047,0.025088
42062,0.452096
42093,0.054016
42108,3.629568
42145,0.015104
42169,0.017152
42181,0.045824
42187,0.054272
42194,0.054016
42196,0.12032
42202,0.011008
42211,0.121344
42221,0.227072
42231,0.001792
42236,0.0768
42249,0.025344
42260,0.017408
42267,0.050944
42277,0.13312
42287,0.064
42295,0.080384
42300,2.0672
42332,0.001024
42334,0.025088
42371,0.103168
42380,0.000256
42386,0.088064
42394,0.085504
42395,1.653248
42450,0.154112
42452,0.006912
42474,0.013312
42484,0.03328
42488,0.030464
42495,0.014336
42497,0.11904
42533,0.040448
42536,0.216832
42553,0.02816
42564,0.004864
42567,0.115456
42569,0.05376
42591,0.151296
42610,0.019968
42617,0.120576
42624,0.002048
42647,0.049664
42668,0.091136
42678,0.040704
42690,0.056576
42708,14.525184
42722,3.32416
42789,0.09216
42801,0.044032
42807,0.004352
42811,0.024832
42821,0.05376
42829,0.02176
42832,0.063488
42849,0.045312
42853,0.001792
42857,0.014848
42872,0.058368
42874,0.041216
42894,0.0064
42903,0.034048
42906,0.074752
42908,0.15872
42922,0.056832
42936,0.061696
42943,0.030464
42945,0.022784
42957,0.000768
42985,0.004608
42986,22.3616
43030,5.570048
43065,0.013568
43078,0.064768
43083,0.004864
43098,0.062464
43106,0.160768
43112,0.086528
43115,0.255232
43133,0.014592
43151,0.10752
43153,0.188928
43203,0.038912
43215,0.01536
43228,0.069632
43256,0.078336
43266,0.065536
43275,0.009728
43280,0.003072
43286,0.067584
43292,0.006656
43294,0.064
43310,3.472896
43320,0.01408
43369,0.076032
43380,0.046592
43387,0.027136
43412,3.409152
43430,0.519168
43432,2.482176
43434,0.174336
43437,1.160704
43439,0.327424
43480,0.135936
43498,0.008192
43502,0.08448
43504,0.004608
43523,0.05504
43535,0.029952
43565,0.020736
43569,0.1344
43613,0.04352
43631,0.05632
43653,0.004352
43686,0.049152
43688,0.058624
43691,0.025856
43706,0.059904
43718,0.027136
43721,0.1728
43723,0.02944
43728,0.020992
43736,0.0192
43745,0.10112
43767,0.013568
43776,0.08192
43797,0.06016
43818,0.091904
43825,0.082688
43826,0.0448
43829,0.005888
43839,0.126208
43848,0.03456
43876,0.072192
43879,0.007936
43890,0.048896
43908,4.701952
43912,2.381824
43972,0.0768
43977,0.03712
43989,0.025856
43992,0.128
43999,0.004864
44005,0.006912
44008,0.050688
44009,1.396224
44042,0.083712
44048,0.040192
44063,0.009472
44085,0.00256
44097,0.035072
44114,0.105216
44117,0.03328
44119,0.027392
44123,0.059904
44140,0.01536
44143,0.134144
44150,0.070656
44156,0.065024
44176,0.015616
44193,3.654656
44225,0.00128
44256,0.016384
44269,100.428544
44353,0.073984
44360,2.348544
44402,0.146688
44406,0.060416
44414,0.00512
44434,5.697536
44477,0.013824
44503,0.088064
44525,0.059136
44528,0.012544
44537,0.175104
44547,0.31104
44562,0.017664
44566,0.095488
44579,0.034816
44584,0.153856
44588,0.028928
44598,0.169472
44617,0.052992
44631,0.30464
44660,0.193536
44687,0.058624
44694,0.077056
44703,0.000256
44713,0.072448
44760,0.034816
44803,0.028928
44810,0.023296
44818,0.014592
44824,0.01792
44829,0.150016
44860,0.020224
44863,0.191232
44886,0.057344
44899,0.01536
44904,0.004864
44927,0.05888
44935,0.059648
44943,0.058368
44974,0.192512
44988,0.041472
45010,0.075776
45033,0.00128
45041,0.149248
45055,0.045568
45068,0.025856
45072,0.116224
45097,0.003328
45108,4.880128
45179,0.022784
45193,0.003328
45230,0.084992
45238,0.111616
45256,0.031488
45258,7.802112
45318,0.058368
45339,0.041728
45365,0.006144
45378,0.0896
45384,0.030208
45399,0.002816
45402,0.013824
45427,0.208128
45440,0.00512
45443,0.019968
45468,0.020736
45482,0.054784
45486,0.003072
45502,0.021248
45504,0.05632
45543,0.1024
45546,0.081664
45588,0.02176
45602,0.029696
45632,0.0896
45636,0.020736
45639,0.171008
45652,0.009984
45666,0.02816
45699,0.075264
45709,2.181376
45747,0.109824
45754,0.007424
45774,0.02176
45788,0.005376
45796,0.09856
45807,0.033536
45814,0.070656
45818,0.070656
45828,0.006144
45850,0.030464
45861,0.00512
45887,0.124928
45921,0.007936
45924,0.115456
45982,0.004864
45985,0.096256
45987,0.046848
46006,0.118272
46027,0.031744
46035,0.004864
46037,0.1152
46040,0.019712
46060,0.046848
46066,0.054272
46074,0.005632
46088,0.072448
46113,0.020224
46115,0.012544
46132,0.131072
46156,0.119552
46175,0.016896
46178,0.08704
46198,0.04224
46220,0.022784
46227,0.013056
46258,0.164096
46280,0.126976
46305,0.050688
46308,8.054272
46352,0.140288
46398,0.05248
46408,0.045568
46424,0.015104
46434,0.020224
46442,0.0512
46472,0.03712
46474,0.032768
46479,0.103168
46502,0.125184
46505,0.00768
46531,0.169728
46540,0.109568
46546,0.046592
46569,0.045056
46581,0.082944
46602,0.239616
46606,0.114432
46635,0.012288
46652,0.033024
46668,0.056064
46720,0.173312
46728,0.114688
46743,0.015104
46747,0.01664
46752,0.091136
46758,0.015872
46771,0.009472
46788,0.1664
46808,0.137984
46811,0.15232
46815,0.077824
46864,0.029952
46870,0.034304
46885,0.006656
46899,0.029952
46902,0.068096
46919,0.159488
46921,2.584832
46924,3.081984
46992,0.07424
47019,0.055808
47047,0.037376
47055,0.061184
47062,0.03456
47077,0.016896
47089,0.042496
47104,0.065792
47122,0.049664
47147,0.009984
47155,0.03968
47166,0.002304
47178,0.089856
47187,1.208064
47214,0.016896
47224,0.12544
47271,0.058624
47279,0.213504
47288,0.061184
47294,0.053248
47302,0.009472
47308,0.009728
47319,0.021504
47323,0.04224
47342,0.009984
47350,0.038144
47357,0.118528
47360,0.02688
47369,0.001536
47398,0.066816
47405,0.011008
47417,0.076032
47466,0.054528
47468,0.02944
47508,0.035584
47510,0.075264
47512,4.736768
47521,1.336576
47565,0.02304
47568,0.038144
47585,0.007168
47604,0.004864
47616,0.091648
47618,0.014848
47657,0.04736
47665,0.019456
47687,0.022016
47695,0.032
47711,0.03584
47721,0.02688
47727,0.054272
47748,0.150272
47753,0.836096
47754,1.014272
47766,1.28896
47811,0.101376
47826,0.032
47852,1.488896
47853,0.468736
47885,5.012992
47907,2.69824
47959,0.007168
47965,0.0256
47968,0.712192
47992,0.034816
47998,0.16384
48014,0.041728
48031,0.044288
48045,0.152832
48052,0.11392
48064,0.210176
48085,0.070656
48087,1.209856
48108,0.022272
48113,4.64384
48167,0.046848
48174,0.007168
48178,0.05248
48185,0.032768
48202,0.066816
48214,0.0768
48227,0.106496
48237,0.056576
48244,0.006656
48252,0.027136
48266,0.053248
48277,0.012288
48284,0.002816
48287,0.016384
48302,0.043264
48328,0.155392
48329,0.19328
48342,1.533184
48362,0.566528
48385,0.017408
48406,0.913152
48429,0.0832
48447,0.02048
48470,0.052736
48498,0.040448
48501,0.015872
48543,0.156416
48563,0.042752
48570,0.0448
48580,0.077056
48592,0.058112
48598,0.078592
48615,0.09984
48626,0.057856
48647,2.468608
48685,0.020992
48691,0.019712
48698,0.009216
48702,0.048896
48719,1.89952
48729,100.031744
48835,0.028672
48888,0.070656
48900,0.031488
48902,0.06144
48924,0.050944
48928,0.03456
48935,0.018176
48942,0.099072
48945,0.031488
48963,0.009728
48970,0.274432
49010,0.039936
49017,0.4608
49027,0.13184
49074,0.018688
49084,0.097792
49095,0.004864
49099,0.025344
49143,0.114176
49170,0.03072
49190,0.237312
49243,0.015104
49258,0.076288
49265,0.320768
49273,0.097024
49294,0.008192
49304,0.176384
49308,5.390336
49310,2.875392
49358,0.016128
49400,0.023552
49403,0.024064
49414,0.030464
49428,0.050688
49438,0.019456
49442,0.003584
49464,0.04096
49473,0.023296
49477,0.022016
49490,0.137216
49511,0.098816
49523,0.011776
49548,0.017152
49553,0.101376
49554,0.338432
49556,0.126464
49574,0.042752
49601,0.094976
49617,0.022016
49623,0.11008
49627,0.1024
49673,0.069888
49678,0.020224
49691,0.165632
49701,0.00256
49703,0.086272
49738,0.021248
49740,3.04256
49793,0.008448
49800,0.003072
49802,0.014848
49833,0.87936
49897,0.013568
49901,0.002304
49910,3.079936
49940,0.109568
49965,0.036864
49977,0.080128
50008,0.065024
50017,0.021504
50026,0.016384
50049,0.894976
50073,0.014848
50084,6.025728
50119,0.033792
50130,0.03072
50153,0.66176
50214,0.033536
50230,0.045312
50237,0.013568
50244,2.8864
50292,0.008192
50304,0.027904
50307,0.108544
50332,0.063232
50335,0.040448
50379,0.011776
50382,0.104704
50389,6.872576
50431,0.004608
50446,0.178688
50474,0.069376
50478,0.06656
50510,4.425728
50556,0.07168
50584,0.037888
50590,0.0064
50608,0.088576
50618,0.10752
50620,0.040704
50652,0.082176
50680,0.151552
50729,0.002816
50746,0.049152
50753,0.079616
50761,0.033792
50768,0.018432
50770,0.003584
50776,0.018432
50786,0.023296
50820,0.039168
50834,0.038656
50838,0.049408
50852,0.034048
50865,0.103424
50868,0.04096
50880,0.036096
50885,0.018688
50891,0.059904
50898,13.694464
50928,0.222976
50978,0.124416
51025,0.080128
51027,0.031232
51042,0.045056
51052,0.05248
51058,0.070656
51060,0.582912
51067,0.708864
51120,1.22496
51145,0.05376
51172,0.083456
51187,0.032
51209,0.079104
51232,0.03072
51238,0.064512
51249,0.020736
51273,0.013056
51282,0.037632
51296,0.031488
51303,0.018944
51328,0.013568
51338,0.031488
51340,0.008448
51355,0.211456
51366,0.0448
51370,0.00512
51404,0.008704
51407,0.06784
51410,0.09472
51415,0.004864
51429,0.015872
51433,0.045824
51445,0.23296
51468,0.073216
51472,0.060416
51487,0.07168
51489,0.008448
51496,0.564736
51522,0.084224
51527,0.048384
51536,0.01152
51548,0.477696
51563,0.075776
51568,0.003584
51570,0.085248
51593,0.170496
51602,0.027648
51620,0.201216
51641,0.076288
51682,0.029184
51708,0.021504
51713,3.073792
51720,1.929984
51753,0.129024
51797,0.064512
51802,0.156672
51819,0.082432
51830,0.014592
51855,0.0128
51888,0.121856
51912,0.127488
51930,0.094976
51946,0.097792
51963,0.001024
51973,0.059392
51995,0.076544
52002,0.01408
52022,0.182784
52047,0.029696
52055,0.005376
52081,0.016896
52082,0.006912
52101,0.143872
52131,5.444608
52223,0.001792
52245,0.046592
52252,0.004096
52255,0.038656
52272,0.046336
52276,0.178176
52302,0.020736
52310,0.106496
52347,0.028672
52378,0.017664
52392,0.010752
52411,0.080896
52420,0.06912
52464,0.101888
52467,0.040192
52475,0.00768
52532,0.139776
52542,0.121856
52551,0.103168
52557,0.023296
52572,0.01408
52620,0.08064
52638,0.109824
52672,0.018944
52685,0.109824
52688,0.05376
52694,0.533248
52715,0.018688
52720,0.081664
52746,0.01152
52800,0.0064
52816,0.135936
52829,0.12672
52848,0.03584
52858,0.223488
52862,0.3584
52902,0.083456
52921,0.51712
52937,0.081152
52964,0.057344
52969,0.103168
52989,0.034816
53005,0.059136
53012,0.097792
53013,0.060672
53064,0.21632
53097,0.132864
53102,0.044288
53119,0.146944
53155,0.011264
53165,0.046848
53168,4.13568
53206,0.041216
53227,0.178432
53240,0.203008
53244,2.525184
53282,0.00512
53293,0.100352
53313,0.014848
53325,0.823296
53357,0.026624
53373,0.269824
53378,1.097728
53416,0.160768
53424,0.018688
53473,0.143616
53481,0.201728
53486,0.314624
53517,3.18208
53521,0.147456
53530,0.766208
53565,0.415232
53587,0.11136
53589,0.966144
53591,2.797824
53632,0.010496
53634,0.192
53640,0.096768
53642,0.20736
53645,0.326656
53650,0.191232
53652,0.201216
53731,0.060928
53733,0.000512
53735,0.086016
53750,0.030976
53751,0.07936
53753,0.194048
53770,0.21888
53786,0.036352
53800,0.709888
53810,0.000256
53815,0.034048
53820,0.983552
53882,0.074752
53884,0.126208
53902,0.003584
53910,0.022272
53947,0.132096
53964,0.609024
53983,0.177664
53997,0.00384
54000,0.0576
54023,0.122112
54039,0.024064
54044,0.070144
54049,0.072448
54086,0.014336
54092,0.086784
54107,0.04992
54109,2.047232
54157,23.376384
54217,0.17664
54229,0.03584
54235,0.018688
54245,0.013056
54272,0.000512
54279,0.010496
54293,0.023552
54296,0.09216
54328,0.003328
54341,0.044032
54357,0.04096
54388,0.02816
54392,0.086016
54401,0.393984
54437,0.054016
54444,0.041728
54450,52.841984
54526,0.028672
54539,0.004864
54546,0.141824
54573,0.123648
54585,0.079104
54587,0.059392
54596,0.013312
54606,3.955456
54645,2.057728
54705,0.274944
54709,0.12288
54710,4.864256
54721,1.0816
54770,0.081408
54797,0.006144
54812,0.131584
54822,0.03456
54826,0.014592
54857,0.023808
54872,0.076288
54884,0.041216
54894,0.109312
54925,0.013056
54940,0.079616
54945,0.22016
54949,0.007168
54962,0.015104
54972,0.006912
54982,0.13696
54988,0.1216
55012,0.022528
55019,0.646144
55045,0.004096
55065,0.076288
55067,0.046336
55086,0.050944
55092,0.071424
55104,0.146944
55124,0.012032
55142,0.096256
55147,0.07296
55151,0.003584
55161,0.007168
55181,0.042752
55192,0.067328
55198,0.02304
55208,0.150016
55232,0.040448
55249,0.065792
55286,0.08064
55310,0.084224
55324,0.083456
55351,0.09088
55375,0.001792
55377,0.011264
55387,0.026368
55401,0.028416
55424,0.091136
55428,0.046848
55436,0.029184
55450,0.04992
55454,2.360832
55509,0.086272
55538,0.012032
55542,2.335744
55574,0.028928
55579,0.028928
55606,0.067328
55609,0.185856
55620,0.01024
55645,0.025344
55646,0.022784
55658,0.211968
55682,0.088832
55723,0.041472
55748,0.006656
55774,0.032256
55783,0.032512
55794,0.159744
55811,0.06016
55821,0.091136
55832,0.07296
55838,1.524992
55874,0.288
55886,0.033536
55889,18.0672
55910,2.185472
55978,0.003328
55990,0.253184
56014,0.006656
56027,0.00384
56047,0.091904
56070,0.005376
56094,0.10496
56110,0.139776
56128,0.062976
56160,0.021248
56166,0.03456
56170,0.995072
56201,5.259264
56242,0.034304
56253,0.08192
56298,0.040448
56308,0.009216
56327,1.123072
56376,0.006656
56403,0.023296
56412,0.150016
56425,0.037888
56442,0.128
56459,0.066304
56473,0.039424
56496,0.064256
56503,0.087808
56510,4.588032
56532,0.168704
56571,0.029952
56574,0.10624
56598,0.023296
56610,0.09216
56614,0.005632
56633,0.134144
56638,0.02944
56678,0.070144
56687,0.02688
56696,0.02816
56708,0.00896
56710,0.082176
56724,0.051456
56728,0.168704
56759,0.093184
56800,0.117504
56810,0.127232
56864,0.052992
56888,0.014592
56916,0.056064
56945,0.011008
56978,0.02688
57019,0.016896
57029,0.006144
57043,0.187136
57058,0.032512
57095,0.045056
57107,0.093184
57121,1.80096
57136,0.22272
57158,0.004352
57173,0.024832
57206,0.067328
57226,0.034816
57254,0.02816
57257,0.053248
57293,0.032
57303,0.050176
57327,0.038912
57329,0.018176
57345,0.060672
57369,0.027648
57409,0.008704
57428,0.053248
57445,0.071936
57463,0.1728
57482,0.022016
57508,0.006656
57512,0.019968
57536,0.01536
57539,0.070656
57553,0.149504
57561,0.0192
57589,0.022528
57608,0.108288
57612,0.074752
57623,0.09984
57638,0.04352
57655,0.07168
57669,0.011776
57674,0.029184
57685,0.01024
57701,0.0064
57708,0.063232
57710,0.022016
57736,0.014848
57747,0.011008
57762,0.0448
57770,0.032256
57772,0.006912
57785,0.045568
57798,0.000256
57833,0.012544
57842,0.007424
57876,0.086016
57898,0.061696
57902,0.055296
57911,0.046592
57935,0.13696
57945,0.123136
57957,0.12928
57983,0.027904
57998,0.115712
58001,13.541888
58053,0.328704
58054,0.256768
58090,0.063744
58122,0.07296
58128,0.190976
58164,0.011008
58188,0.050688
58192,0.01408
58201,0.013312
58203,3.230976
58241,0.157184
58250,0.049408
58268,0.016128
58274,0.00256
58298,0.027648
58317,0.074496
58320,0.381696
58346,0.126208
58375,0.022016
58379,0.06528
58387,0.006144
58405,0.030976
58407,0.057088
58418,0.046848
58432,0.133888
58443,0.023552
58477,0.125696
58479,0.141056
58486,0.010752
58495,0.011776
58508,0.18688
58547,0.108032
58555,0.03968
58557,0.011264
58559,0.03712
58563,0.188928
58581,0.106752
58598,0.536576
58617,0.077824
58634,0.133376
58637,0.08192
58654,0.016896
58688,0.037632
58696,0.058624
58700,0.03328
58720,0.063488
58730,0.228096
58785,0.076288
58798,0.115712
58800,0.002048
58802,0.110336
58821,0.0256
58840,0.05248
58846,0.502528
58876,0.009728
58894,0.040704
58898,0.05888
58908,4.38912
58910,3.289856
59030,0.064768
59032,0.105984
59055,0.00128
59066,0.00128
59077,0.161536
59079,0.127232
59085,0.148224
59094,0.91776
59114,0.798208
59163,0.000256
59166,0.014592
59170,0.003584
59175,0.041984
59208,0.196096
59228,0.0768
59239,2.26688
59287,0.18048
59291,0.005632
59297,0.015104
59309,0.038144
59328,0.08704
59341,0.082944
59356,0.185088
59366,0.044544
59369,0.086016
59417,0.056576
59429,0.132864
59444,0.006656
59453,0.168192
59462,3.931136
59492,0.109312
59498,0.004864
59509,1.696512
59512,0.276224
59523,9.398272
59570,0.048896
59585,0.141824
59603,0.051456
59611,0.081664
59629,0.036864
59640,0.030208
59652,0.06144
59666,0.012032
59672,0.045056
59690,0.077824
59693,2.38208
59733,0.0768
59753,0.01664
59755,0.051968
59769,0.024064
59774,1.131008
59845,0.263168
59847,0.002048
59864,0.004608
59879,0.0576
59885,0.013312
59889,0.06144
59926,0.011264
59937,0.149248
59995,0.046592
60012,0.005376
60021,0.100352
60034,0.086272
60053,0.138496
60077,0.077056
60106,0.001792
60119,0.145408
60128,0.074752
60161,0.69504
60221,0.114432
60225,0.057344
60242,0.151296
60252,0.009472
60272,0.009728
60290,0.039168
60301,11.949824
60338,0.163072
60347,0.003584
60379,0.109056
60391,0.076288
60403,0.016128
60440,0.061952
60452,0.08576
60460,0.546304
60482,0.15744
60502,0.02048
60505,0.0192
60514,0.045312
60532,0.08704
60568,0.092928
60587,0.10496
60595,0.139264
60598,0.258816
60619,0.179456
60644,0.115712
60653,0.013824
60667,0.116992
60708,2.12992
60713,0.30464
60752,0.010496
60758,0.0128
60777,0.09088
60790,0.282624
60809,0.058624
60844,0.05248
60857,0.018944
60863,0.088576
60875,0.0256
60886,0.057088
60908,0.028416
60934,0.06144
60940,0.06656
60948,0.297472
60967,0.013312
60972,0.173312
61012,0.024832
61015,0.057856
61018,0.300032
61030,0.075776
61039,0.174848
61060,0.020992
61066,0.058368
61076,0.034304
61087,0.13824
61098,0.147456
61120,0.038656
61126,0.02048
61148,0.278528
61151,0.026368
61180,1.105408
61202,0.050688
61234,0.095488
61248,0.055296
61262,0.00384
61268,0.037632
61274,0.019968
61278,0.09472
61294,0.036096
61298,0.116224
61324,0.039168
61352,0.015104
61358,0.01152
61361,0.027648
61405,0.105728
61409,99.861248
61472,0.88832
61521,0.098304
61537,0.121088
61552,0.004608
61583,0.07168
61586,0.14336
61595,0.027648
61618,0.031744
61620,0.118272
61640,0.013824
61641,0.11008
61653,0.072704
61670,0.067072
61682,0.000768
61694,0.018432
61706,0.027648
61716,0.0064
61756,0.246784
61802,0.090368
61816,0.03072
61841,0.027392
61853,0.027136
61863,0.019968
61866,0.033536
61886,0.191488
61887,0.00896
61908,99.964928
61910,80.00512
61927,85.663488
61984,1.861888
62038,0.075776
62067,0.080896
62078,0.012032
62084,0.360448
62086,1.01504
62115,0.080128
62122,0.4864
62149,2.168832
62168,0.26752
62187,0.053504
62198,0.29184
62208,0.885248
62232,0.100352
62235,0.804864
62246,2.802432
62287,0.083456
62305,0.046848
62318,0.171264
62335,1.296896
62372,0.007936
62393,0.128768
62414,0.005632
62439,0.0192
62449,0.006912
62468,0.044544
62469,0.00768
62481,0.046336
62490,0.02304
62513,1.827328
62515,1.559552
62522,2.214144
62555,2.218752
62581,0.008448
62602,0.086016
62611,0.028672
62617,1.995008
62644,0.20992
62670,0.098816
62678,0.06912
62680,0.001792
62690,0.106752
62704,0.050432
62716,0.01536
62726,0.155136
62743,0.0576
62748,0.173312
62752,5.051136
62815,0.032256
62832,0.0448
62835,0.047104
62847,0.047104
62869,3.27808
62920,0.103424
62928,0.084224
62940,0.015616
62996,0.002304
63001,0.00384
63013,0.06784
63019,0.005632
63047,5.649664
63090,0.135168
63108,4.43008
63110,1.43104
63141,3.00288
63188,0.161536
63198,0.056064
63207,0.112128
63218,0.277248
63229,0.138752
63260,0.0384
63267,0.143616
63283,0.0384
63285,8.897536
63350,0.037376
63357,0.039424
63360,0.027904
63366,0.03456
63391,0.370176
63394,0.009472
63414,0.046336
63440,0.029184
63458,0.322048
63473,0.130816
63516,0.048384
63527,0.004352
63535,0.019712
63552,0.162816
63576,0.169984
63582,0.00512
63611,0.016128
63624,0.004352
63629,0.049408
63634,0.036608
63638,0.0768
63660,0.085248
63685,0.060672
63695,1.024512
63710,3.761408
63721,2.219008
63768,0.087296
63805,0.024064
63808,0.081152
63823,0.011264
63825,0.006912
63831,0.015616
63832,0.028416
63834,0.002816
63855,0.030208
63858,0.286464
63868,0.187136
63888,0.0064
63908,0.084992
63927,0.06016
63936,0.20864
63946,0.063744
63950,0.014848
63968,0.014848
63973,0.072448
63978,0.072704
63988,0.086016
64008,0.227328
64012,0.695552
64053,0.073216
64064,0.010496
64082,0.015616
64088,0.106752
64101,0.030976
64148,0.274432
64157,2.103296
64183,0.0512
64188,0.07808
64219,0.023808
64229,0.051456
64242,0.06016
64250,0.036096
64258,0.974848
64268,0.028672
64278,1.766144
64298,0.329984
64314,18.12096
64373,0.11392
64384,0.006912
64393,0.001792
64398,0.043008
64414,0.014848
64418,0.250624
64429,0.181504
64445,0.019968
64448,0.157696
64452,0.164096
64468,0.284416
64478,0.156416
64494,0.185344
64498,0.22656
64516,0.0128
64527,0.004608
64538,0.064512
64598,0.28288
64628,0.181504
64641,0.096512
64648,0.1472
64658,0.174848
64678,0.06144
64704,0.1088
64706,0.0384
64708,0.029696
64718,0.056832
64739,0.0704
64755,0.070912
64774,0.160512
64780,0.124416
64794,0.01536
64808,0.15872
64838,0.19712
64858,0.064768
64865,0.168192
64882,0.046848
64892,0.034304
64908,0.116224
64930,3.0528
64957,0.731136
64988,0.213504
64998,0.173824
65004,0.017152
65011,0.086528
65018,0.1344
65022,0.855552
65048,0.167168
65092,0.124928
65115,0.037632
65118,0.22656
65130,0.20608
65138,0.027904
65178,0.115712
65179,0.169984
65185,0.04352
65210,0.022528
65228,0.12672
65248,0.198912
65258,0.101888
65268,0.083712
65278,0.183808
65289,0.0256
65314,0.047616
65336,0.014848
65341,0.01536
65346,0.031744
65363,0.155648
65374,0.026368
65378,0.114432
65395,0.119296
65398,0.001024
65438,0.02688
65455,0.064512
65468,0.204544
65498,0.06016
65516,0.868352
65534,0.021504
65538,0.121088
65558,0.065024
65565,0.047616
65568,0.02048
65606,0.054016
65615,0.009216
65618,0.259072
65647,0.033024
65653,0.005888
65658,0.138752
65663,0.643584
65704,0.096768
65718,0.240896
65739,0.002304
65749,0.080384
65754,0.01408
65769,0.126464
65788,0.111872
65791,0.019712
65803,0.013568
65808,0.044032
65813,0.005376
65838,0.034048
65878,0.031488
65903,0.009472
65923,0.103936
65926,0.059392
65928,0.0768
65946,1.59744
65958,0.086784
65974,0.029184
66018,0.073728
66029,0.017664
66037,0.094208
66062,0.056832
66078,0.183808
66084,0.065024
66106,0.141312
66110,0.052736
66126,0.085504
66128,0.121088
66138,0.030464
66163,0.067584
66177,0.225536
66180,1.028096
66219,0.052736
66229,0.075264
66232,0.032512
66239,0.004096
66242,0.02304
66248,0.021504
66255,0.121856
66284,0.079104
66295,0.030464
66298,0.050176
66318,0.310016
66328,0.17664
66343,0.036352
66358,0.2112
66360,0.067072
66368,0.036864
66378,0.08576
66391,0.001536
66417,0.021504
66445,2.815232
66508,0.163328
66512,0.014592
66518,0.254976
66528,0.038144
66546,0.008192
66548,0.362496
66578,0.087296
66588,0.070912
66598,0.135424
66618,0.07168
66646,0.059904
66657,0.052736
66663,0.052992
66679,0.081664
66688,0.217344
66698,0.062208
66708,0.026368
66720,2.904832
66780,2.169856
66787,1.49504
66807,99.283456
66898,0.164096
66930,0.018432
66935,0.007168
66950,0.02304
66953,0.031744
66978,0.070912
66998,0.02688
67018,0.156672
67038,0.0128
67042,0.057344
67048,0.141568
67058,0.086272
67098,0.263936
67120,0.067584
67128,0.262656
67146,0.001024
67156,0.005376
67168,0.215552
67188,0.02432
67213,0.058624
67218,0.024064
67224,0.003328
67258,0.038144
67275,0.052736
67278,0.0768
67288,0.081664
67298,0.002816
67313,2.530304
67358,0.029184
67382,0.03456
67388,0.193792
67398,0.08704
67406,0.101632
67408,0.027904
67419,0.055808
67423,0.236032
67458,0.062464
67468,0.034816
67528,0.07552
67538,0.011264
67548,0.020736
67568,0.013312
67578,0.127232
67588,0.019456
67601,0.136192
67608,0.19328
67632,0.09344
67638,0.06912
67648,0.363264
67682,0.013056
67688,0.162816
67700,0.019712
67707,0.003328
67738,0.08832
67754,0.078848
67758,0.015104
67768,0.071936
67779,0.010496
67788,0.24448
67798,0.035072
67808,0.054272
67812,0.093696
67818,0.027904
67828,0.088576
67838,0.167936
67848,0.081664
67858,0.09472
67874,0.010752
67878,0.12416
67880,7.432192
67910,4.520704
67956,7.73632
68008,0.198656
68026,0.174592
68049,0.001024
68058,0.058368
68073,0.20864
68078,0.030208
68088,0.150528
68108,0.133376
68128,0.133632
68138,0.093952
68148,0.030976
68171,0.085248
68183,0.11904
68198,0.063488
68228,0.088832
68231,0.013312
68235,0.387072
68245,0.254976
68266,0.05888
68288,0.212992
68298,0.027904
68317,3.489536
68331,1.15712
68376,0.003072
68378,0.047872
68380,0.368896
68414,0.134656
68445,0.020224
68468,0.067072
68488,0.004096
68498,0.032768
68508,4.906752
68513,0.093184
68515,2.612736
68580,0.14592
68618,0.038912
68634,0.008448
68638,0.123392
68648,0.018176
68660,0.043008
68668,0.116224
68688,0.11264
68706,0.017152
68708,0.068864
68723,0.0384
68740,0.059648
68758,0.017408
68777,0.078592
68794,0.02432
68798,0.063744
68818,0.127744
68831,0.474624
68868,0.02688
68875,0.06272
68878,0.017408
68887,0.006656
68902,0.143616
68903,0.2688
68938,0.04096
68941,0.70016
68961,0.139264
68982,0.317184
69003,0.035584
69011,0.09088
69038,0.003328
69108,12.895744
69121,0.460032
69129,0.753152
69173,0.024832
69195,0.17152
69238,0.045312
69247,0.100608
69252,0.033536
69256,0.054784
69268,0.105728
69278,0.058112
69280,0.0064
69292,0.088832
69318,0.045312
69332,0.099072
69348,0.152576
69368,0.06528
69378,0.02176
69385,3.68896
69418,0.018432
69424,0.023552
69438,0.041216
69454,0.02304
69464,0.001536
69468,0.096
69484,0.127232
69498,0.016896
69516,1.511168
69568,0.241152
69575,0.067072
69585,0.125696
69597,0.121088
69618,0.064256
69630,0.098048
69638,0.051456
69645,0.162816
69673,0.038144
69688,0.138496
69698,0.281344
69708,0.075776
69712,1.693696
69721,1.803776
69769,0.041728
69772,0.087296
69788,0.019712
69801,0.050688
69806,0.028672
69820,0.072192
69828,0.005376
69848,0.003328
69864,0.498432
69918,0.055552
69930,0.009472
69958,0.057088
69960,0.048896
69972,0.064768
69978,0.03456
69987,0.0064
69994,0.088832
69997,0.102144
70018,0.014848
70028,0.034816
70034,0.200448
70036,0.283136
70078,0.027904
70082,0.22912
70095,0.38272
70106,0.011264
70126,0.151808
70140,16.456448
70202,0.30208
70268,0.142336
70284,0.054784
70308,5.102336
70317,1.183744
70321,1.235712
70348,0.033536
70378,0.021248
70385,0.082944
70387,0.010752
70398,0.161536
70412,0.042496
70451,0.006912
70464,0.118784
70468,0.167936
70498,0.052992
70508,0.057088
70518,0.175104
70574,0.109056
70588,0.041472
70592,0.073984
70603,0.104704
70617,0.452096
70621,0.022528
70643,0.014592
70646,0.123648
70664,0.007936
70675,0.016384
70682,0.092672
70693,0.008192
70696,0.045568
70731,0.037632
70741,0.111104
70748,0.080384
70758,0.009216
70760,1.787136
70791,0.11136
70818,0.00256
70820,0.059392
70841,0.123136
70846,0.09856
70851,0.625408
70867,0.068352
70888,0.047616
70898,0.01664
70908,0.085504
70912,1.742592
70922,4.1088
70962,0.058112
70965,0.0448
70978,0.08448
70996,0.036096
70998,0.040192
71008,0.063744
71028,0.009984
71038,0.13056
71058,0.061184
71068,0.057344
71078,0.076288
71092,0.215296
71108,0.213248
71118,0.109824
71132,0.036864
71140,0.058624
71178,0.000512
71189,0.413952
71208,0.123904
71216,0.006912
71225,6.37824
71268,0.151552
71278,0.001792
71297,0.011008
71327,0.046848
71337,0.078592
71338,0.007168
71345,0.061952
71347,0.300288
71368,0.01792
71372,0.19968
71378,27.457536
71458,0.051712
71468,0.019712
71478,0.01792
71493,0.012544
71501,0.07808
71506,0.000512
71524,0.052224
71526,0.00512
71533,0.080384
71538,0.080128
71545,0.075008
71548,0.049408
71566,0.020224
71583,0.425728
71592,0.050176
71627,0.018688
71638,0.048384
71641,0.042752
71653,0.00256
71655,0.020992
71667,0.339712
71683,0.826112
71695,0.943616
71702,2.60992
71704,4.73088
71758,0.148224
71774,0.168448
71795,0.065536
71808,0.089344
71816,0.063488
71818,0.013056
71870,0.016384
71915,0.046336
71921,0.0448
71925,0.0192
71938,0.034048
71958,0.00256
71965,0.064768
71975,0.07168
72006,0.046592
72026,0.017664
72050,0.41344
72075,0.003328
72078,0.195328
72091,0.038912
72102,0.076544
72108,0.007424
72132,0.041984
72152,0.075264
72155,0.784384
72159,2.16448
72203,0.019712
72211,0.007936
72215,0.057088
72221,0.066304
72241,0.041216
72250,0.116736
72270,0.664832
72272,0.329216
72302,0.128768
72313,0.127488
72360,0.000512
72370,0.107776
72378,0.045824
72380,0.030464
72401,1.05728
72433,0.029696
72465,0.103424
72485,0.014592
72505,0.116224
72526,0.867584
72564,0.08448
72574,0.077056
72585,0.036352
72596,0.034304
72605,0.448768
72632,0.13568
72648,0.027904
72670,0.013824
72680,0.855552
72706,1.366272
72712,0.390912
72713,1.014784
72715,2.449152
72742,0.022016
72749,0.189696
72778,0.0064
72785,0.035072
72791,0.214016
72797,0.049408
72831,1.574912
72862,0.135424
72865,0.00128
72883,0.051712
72897,0.11008
72904,0.081152
72913,0.084992
72916,0.02048
72935,0.015104
72950,0.022272
72971,1.313024
72996,1.258496
73017,0.01024
73043,0.025088
73063,0.012032
73085,0.064256
73091,0.052992
73107,0.013824
73115,0.040448
73140,0.091648
73151,0.019456
73184,0.172032
73189,0.134144
73213,0.074496
73228,0.106496
73240,0.059648
73248,0.1536
73260,0.052736
73288,0.00384
73291,0.260608
73310,3.6032
73342,0.047104
73359,0.23936
73382,0.006912
73385,0.018688
73398,0.053248
73410,0.002048
73413,0.070912
73417,0.12032
73463,0.00512
73478,0.027648
73498,0.11136
73512,0.027904
73532,0.128256
73537,0.029952
73557,0.004096
73573,0.022272
73588,0.109568
73590,0.045824
73599,0.011776
73603,0.000512
73614,0.09344
73634,0.956672
73675,0.01152
73693,0.032768
73702,0.008192
73705,0.013056
73708,99.813888
73788,0.107008
73809,0.040192
73820,0.072704
73848,0.020736
73872,0.091392
73910,1.852672
73948,0.020224
73962,0.013056
73973,0.295168
73997,0.062464
74002,0.035072
74023,0.034048
74026,0.1792
74045,0.116736
74102,0.1856
74108,0.032512
74113,0.007936
74175,0.052992
74197,0.041728
74202,0.065024
74206,0.102656
74222,0.058112
74241,0.029952
74248,0.207872
74285,0.047872
74290,0.17408
74313,0.06016
74319,0.047104
74325,0.0064
74359,0.188416
74363,0.032768
74384,0.057344
74399,0.252928
74418,0.039424
74421,0.024576
74447,0.111872
74450,0.007168
74479,0.084224
74482,0.0512
74486,0.045056
74501,0.1792
74510,4.093696
74543,0.004096
74592,0.013824
74596,0.047872
74605,0.022016
74612,0.078848
74630,0.058112
74642,0.073984
74652,0.065536
74663,0.2048
74679,0.041728
74684,0.027904
74719,0.125696
74722,0.010496
74752,0.007424
74756,0.108544
74758,0.732672
74776,0.005376
74784,0.032256
74805,0.114688
74836,0.016128
74848,0.007936
74860,0.30592
74892,0.062208
74917,0.041984
74923,0.006912
74926,0.018944
74956,0.03584
75000,0.050432
75002,0.04736
75010,0.00128
75055,0.046592
75060,0.02688
75073,0.127232
75108,0.018432
75110,2.793216
75143,0.062208
75150,0.090368
75170,0.088832
75189,0.070656
75198,0.086272
75204,0.02944
75219,0.001536
75222,0.016128
75248,0.060672
75262,0.055296
75264,0.015104
75288,0.10624
75308,0.00512
75324,0.040704
75339,0.071168
75357,0.015104
75362,0.091904
75396,0.493056
75397,4.170752
75417,1.029376
75427,3.82848
75428,17.216768
75497,0.042496
75507,0.06656
75509,0.098304
75529,0.095232
75541,0.02816
75543,0.094976
75561,0.096
75566,0.09088
75617,0.172544
75623,0.0128
75628,0.01024
75634,0.00128
75637,0.03712
75639,0.018944
75655,0.0384
75672,0.032512
75683,0.078848
75699,0.011776
75708,4.47232
75785,0.020224
75798,0.587264
75821,0.090368
75846,0.093696
75849,0.026624
75852,0.023296
75889,0.090624
75898,0.059392
75903,0.223744
75938,0.002816
75948,0.032256
75954,0.071168
75965,0.218624
75986,0.03328
76007,0.050944
76014,0.09984
76036,0.082432
76072,0.122368
76086,0.137728
76106,0.023296
76119,0.096512
76145,0.032256
76175,0.070912
76186,0.112384
76192,0.006912
76209,0.090112
76224,0.036352
76230,0.00256
76237,0.004352
76254,0.041984
76256,0.002048
76292,0.00256
76305,0.075264
76308,12.695296
76324,0.170752
76362,0.071936
76365,0.00384
76374,10.40384
76449,0.157952
76462,0.0448
76470,0.00384
76473,0.041728
76506,0.107776
76515,0.08064
76527,0.057856
76544,0.049664
76548,0.030208
76566,0.009984
76577,0.018944
76581,0.045312
76586,0.048896
76591,0.109312
76596,5.606656
76624,0.261888
76629,0.086528
76632,0.027392
76686,0.030464
76720,0.045824
76726,0.03584
76731,0.155904
76742,0.025088
76769,0.037376
76782,0.086016
76867,0.341248
76892,0.018176
76910,2.458112
76965,0.050176
77006,0.071936
77019,0.009216
77059,0.037632
77094,0.021504
77098,0.068352
77102,0.057344
77118,0.082688
77121,0.011008
77126,0.21632
77133,0.071936
77138,0.032512
77143,0.054784
77167,0.025856
77176,0.004608
77186,0.088576
77204,0.001536
77209,0.038912
77226,0.028672
77236,0.299008
77270,0.044032
77273,0.056576
77290,0.010496
77307,0.039168
77318,0.181248
77325,0.772864
77330,0.011776
77334,99.8144
77419,0.206592
77434,0.065536
77439,0.013056
77449,0.031488
77468,0.031744
77473,0.03712
77482,0.005888
77490,0.137472
77492,1.644544
77510,2.607616
77537,4.274944
77540,1.133312
77562,0.070912
77564,1.820672
77567,1.20832
77577,0.444672
77592,1.453824
77599,1.936896
77610,2.392832
77617,1.977088
77621,1.170944
77639,3.321344
77688,1.613568
77696,0.286464
77713,0.399104
77723,0.347136
77743,0.098048
77781,1.413376
77797,0.079872
77809,0.991232
77840,0.009216
77848,0.414464
77862,0.133888
77863,0.069632
77880,0.073472
77891,0.109312
77902,0.170752
77921,0.01408
77926,0.011008
77928,2.925312
77955,0.03712
77958,3.828992
77984,2.68544
77999,1.95968
78014,2.922496
78029,2.00832
78044,3.047424
78072,0.052224
78074,1.161984
78121,0.0512
78127,1.972992
78158,99.821568
78207,0.531712
78222,0.130048
78232,3.482112
78237,0.11136
78262,0.578048
78267,0.702976
78281,2.38976
78307,1.943808
78336,0.12288
78350,0.054016
78360,0.096512
78368,0.286208
78392,0.002048
78393,0.485632
78421,1.632768
78446,0.045568
78452,0.920832
78476,0.041984
78477,2.109184
78507,0.914944
78529,4.873984
78533,3.06944
78564,0.125696
78583,0.93184
78617,0.307968
78631,0.875264
78672,0.0192
78689,0.98688
78708,0.02176
78710,1.668352
78744,0.978944
78760,0.027136
78764,0.41216
78807,0.008192
78813,0.097536
78820,0.054528
78830,0.062976
78838,0.142592
78854,0.015104
78863,0.080896
78864,0.659712
78867,9.917184
78877,1.339904
78912,1.454592
78946,0.04992
78975,0.058624
78981,0.020736
78989,0.082176
79007,0.669696
79042,2.743552
79048,4.099072
79063,1.759232
79066,0.124928
79099,0.022272
79109,0.023296
79130,0.087552
79173,0.007936
79185,0.172544
79198,0.010752
79204,0.056576
79208,0.06144
79221,1.795584
79238,1.60128
79244,1.043712
79246,1.317376
79254,5.707008
79336,0.053504
79347,0.097024
79361,0.025088
79368,0.109568
79402,0.0704
79407,0.141568
79428,100.022016
79430,79.57504
79447,86.001664
79553,0.142336
79563,0.004864
79579,0.369152
79587,0.224768
79617,0.08448
79631,0.414208
79648,1.22624
79654,0.306176
79682,0.079616
79715,0.117248
79731,0.002816
79758,0.030464
79760,0.019712
79765,0.006144
79771,0.028416
79799,0.02816
79819,0.06528
79855,0.057856
79869,0.045824
79907,0.222976
79914,2.861824
79945,0.172032
79949,0.125952
79967,0.022528
79985,0.034304
79995,0.003584
80042,0.018944
80055,0.052736
80076,0.10368
80078,0.127488
80105,0.011264
80108,0.12672
80134,0.371712
80183,0.029696
80189,0.011264
80193,0.003328
80202,0.077824
80254,0.027648
80258,0.002048
80263,0.067584
80282,0.00512
80290,0.020736
80296,0.078848
80316,0.267264
80325,0.0576
80344,0.082176
80358,0.150528
80393,0.04608
80402,0.062464
80416,0.025344
80425,0.094208
80481,0.111616
80490,0.01792
80493,0.013312
80521,0.282368
80539,0.13568
80546,0.027136
80548,0.170496
80554,0.008704
80580,0.055296
80587,0.049664
80590,0.105472
80611,0.013568
80650,0.084736
80660,0.158208
80661,0.059648
80662,0.243712
80682,0.235776
80688,0.35328
80706,0.04096
80733,0.274688
80774,0.045568
80792,0.173312
80802,11.483392
80861,0.04096
80877,0.03712
80893,0.057344
80912,0.07552
80929,0.00768
80935,0.000768
80936,0.156672
80948,0.077312
80951,0.08192
80962,6.568192
80963,7.2192
80964,1.89952
81051,0.027136
81061,0.00384
81075,0.026112
81108,1.276672
81110,2.617856
81113,0.6528
81180,0.030208
81182,0.024832
81215,0.0448
81232,0.09472
81237,1.61792
81302,0.034816
81312,0.099072
81325,0.00128
81334,0.068096
81336,0.361216
81364,0.075776
81378,0.059392
81399,0.068864
81401,0.031232
81413,0.119552
81427,0.038144
81429,0.016384
81462,0.104192
81506,0.00896
81516,0.121344
81523,0.003584
81525,0.226816
81527,0.726016
81535,0.005632
81544,99.320832
81635,0.092928
81657,0.08448
81664,0.084224
81672,1.980928
81686,0.027648
81712,7.671808
81771,0.093952
81784,0.003584
81788,0.006656
81791,0.021504
81799,0.178688
81803,0.036864
81825,0.108288
81842,0.153088
81878,0.136704
81890,0.258048
81895,0.036096
81906,0.00256
81928,0.120064
81938,0.005376
81942,0.014336
81945,0.04096
81999,0.140288
82016,0.562944
82026,0.96384
82074,0.216064
82114,0.009984
82122,0.007936
82132,0.086528
82165,0.037888
82170,0.055296
82172,0.0064
82190,0.00896
82208,0.143616
82212,0.018432
82217,0.118016
82241,0.031232
82258,0.051712
82267,0.021504
82276,0.658944
82286,0.043264
82287,8.55296
82289,1.522432
82310,0.68352
82313,0.068096
82321,0.130816
82323,1.100032
82344,0.14592
82362,0.018432
82363,2.39104
82416,0.086784
82435,0.03072
82437,0.030208
82467,0.091392
82477,0.074752
82479,0.633856
82509,0.026112
82512,0.177408
82531,0.187392
82542,0.005888
82575,0.0064
82578,0.071168
82584,0.017664
82599,0.06016
82609,0.132352
82616,0.041984
82632,0.025344
82654,0.037632
82665,0.044544
82671,0.011008
82682,0.205312
82716,0.091136
82722,0.023808
82733,0.019968
82739,0.006656
82745,0.041216
82751,0.051456
82767,0.016128
82782,0.011776
82794,0.017408
82800,0.102912
82827,0.000256
82834,0.102144
82849,0.07168
82863,0.024832
82903,0.00512
82908,0.026624
82914,0.28928
82933,0.676352
82984,0.078336
83006,0.118272
83019,0.011776
83030,0.089344
83055,0.0256
83075,0.099072
83089,0.145408
83094,0.02048
83102,0.036864
83113,0.026624
83124,0.034816
83134,0.000768
83145,0.078592
83163,0.00512
83169,0.142848
83181,0.296192
83220,0.003072
83230,0.020736
83240,0.08064
83268,0.035584
83282,0.041728
83294,0.01664
83328,0.04864
83331,0.124928
83347,0.883712
83367,0.04096
83384,0.34304
83455,0.09856
83488,0.0384
83496,0.034048
83510,1.49632
83542,0.005376
83563,0.0576
83578,0.01792
83580,0.03584
83596,0.00256
83602,0.018432
83622,0.04608
83645,0.025856
83656,0.0064
83712,0.00128
83718,0.075008
83729,0.004352
83746,0.008192
83748,0.253952
83788,0.004096
83811,0.09344
83824,0.003328
83848,0.039168
83859,0.02816
83861,0.005888
83870,0.020736
83889,0.080896
83891,0.370176
83919,0.047616
83920,0.021504
83940,0.022528
83947,0.006144
83958,0.023552
83977,0.015616
84024,0.069888
84028,0.07936
84048,0.073728
84061,0.019968
84069,0.006144
84083,0.0192
84086,0.278016
84108,0.61952
84110,3.04
84167,0.079104
84196,0.017408
84218,0.020992
84226,0.004096
84232,0.0512
84239,0.145152
84267,0.046848
84275,0.010496
84298,0.011008
84317,0.016128
84378,0.073472
84388,0.09216
84400,0.043776
84404,0.06016
84422,0.34432
84432,1.7728
84442,99.459072
84530,0.823808
84562,0.009216
84585,0.034304
84590,3.503872
84632,0.014336
84643,0.007936
84659,0.022528
84663,0.061952
84670,0.011008
84689,0.013824
84716,0.07424
84720,1.076736
84726,2.34368
84762,0.02176
84774,0.190208
84778,0.015616
84828,0.088832
84829,0.011264
84869,0.199168
84874,0.1152
84878,0.046592
84886,6.718976
84888,2.123008
84900,8.345344
84969,0.021248
84988,0.306688
85020,0.217088
85026,0.184576
85030,1.106176
85077,0.182016
85078,2.47168
85079,1.446656
85110,0.54272
85156,0.203008
85164,0.055552
85186,0.071936
85191,0.012544
85197,0.0064
85203,0.078336
85211,0.004096
85231,0.03712
85239,0.13312
85273,0.031744
85278,0.001024
85286,2.861824
85291,3.1936
85308,0.356608
85316,0.49408
85346,0.040192
85351,0.007936
85369,0.02048
85371,0.347392
85410,0.008448
85417,0.044544
85431,0.024576
85437,0.008192
85446,0.084736
85454,0.000256
85465,0.032
85473,0.162304
85476,0.013568
85494,2.521344
85496,2.351104
85536,0.086016
85554,0.014848
85564,0.027136
85592,0.194048
85629,0.097536
85679,0.001024
85700,0.04096
85727,0.052224
85739,0.025344
85741,0.687616
85757,0.004608
85777,0.024576
85798,0.033024
85863,0.114944
85874,0.041216
85889,0.05376
85895,0.142848
85900,0.018688
85925,0.704
85926,0.750336
85969,0.096256
85972,0.171776
86002,0.061184
86025,0.018432
86041,0.002048
86051,0.376576
86114,0.974336
86173,0.027648
86206,0.052992
86216,0.145152
86234,0.001792
86263,0.059392
86300,0.068864
86318,0.041472
86343,0.000256
86366,0.2688
86396,0.135936
86439,0.006656
86442,0.152064
86450,0.0448
86459,12.440576
86501,0.293632
86510,0.447488
86537,0.027904
86541,0.030464
86554,0.051712
86563,1.213696
86608,0.018688
86672,0.131072
86723,0.043264
86725,0.342016
86760,0.009728
86766,0.007936
86793,0.019456
86807,0.028928
86813,0.017408
86826,1.366784
86863,0.00256
86871,0.006656
86894,0.064256
86916,0.044288
86954,0.037376
86970,0.023296
86972,0.118784
86983,0.000768
86991,0.18816
87013,0.025344
87021,0.059904
87037,0.05248
87043,0.01408
87058,0.071936
87074,0.00384
87083,0.144896
87086,0.031232
87101,0.027392
87120,1.200896
87126,1.296384
87158,0.05888
87159,2.606848
87203,0.015104
87220,0.02688
87222,0.04224
87232,0.00896
87284,0.134912
87306,0.043008
87327,0.075008
87374,0.027904
87414,0.0512
87431,0.08192
87454,0.001024
87457,0.013056
87462,0.173056
87493,0.100096
87511,0.037888
87514,0.161792
87523,0.12672
87530,0.048384
87536,0.0192
87549,0.01408
87551,0.002048
87565,1.568256
87582,0.071168
87607,0.118272
87636,0.305408
87649,0.026624
87671,0.237824
87696,0.067328
87701,0.020224
87721,2.317312
87745,0.170496
87777,0.117248
87812,0.01152
87820,0.074752
87830,1.383424
87852,0.077568
87858,0.062976
87863,0.227328
87905,0.030976
87908,0.12544
87916,0.012544
87934,0.035072
87936,0.068096
87947,0.013568
87962,0.113408
87975,0.011776
87990,0.008704
87994,0.016384
88003,2.029824
88043,0.086016
88054,0.065024
88072,0.024832
88079,0.111104
88082,0.020992
88097,0.07296
88121,1.895424
88160,0.109312
88187,0.130048
88198,0.003584
88203,0.022784
88213,0.041984
88221,0.021504
88231,0.071424
88234,0.057344
88243,0.182016
88264,0.038656
88274,0.047104
88276,0.01024
88282,0.034304
88285,2.77504
88308,2.505984
88313,0.86528
88326,2.418944
88355,0.2688
88359,0.034816
88379,0.027136
88428,0.006912
88440,0.03456
88443,0.001024
88470,0.059648
88476,0.138496
88493,0.048896
88510,0.034304
88513,0.029952
88532,0.260608
88555,0.015104
88564,0.122624
88590,0.00896
88598,0.114688
88604,0.051712
88622,0.014592
88628,0.016128
88639,0.114944
88651,0.014336
88674,0.070912
88692,0.038656
88715,0.019712
88729,0.143872
88760,0.083968
88771,0.033792
88778,0.0768
88802,0.124416
88820,1.75232
88865,0.661504
88912,0.048128
88918,0.02304
88933,0.027648
88954,0.092416
88957,0.033792
88964,0.070912
88972,0.323584
88974,0.045056
89003,0.994048
89032,0.0192
89038,0.131072
89052,0.013824
89070,0.009984
89072,0.014592
89095,0.166656
89122,0.031488
89147,0.115456
89199,0.189696
89214,0.053248
89229,0.032768
89262,0.076544
89265,0.062208
89276,0.079104
89311,0.039168
89322,0.006912
89344,0.054272
89348,0.001792
89353,0.024576
89380,0.08064
89392,0.02432
89402,0.057856
89410,0.01024
89415,0.067328
89437,0.023296
89442,0.032768
89456,0.014848
89477,1.780224
89483,1.411328
89506,0.011008
89517,1.789184
89551,1.645824
89632,0.055296
89648,0.037888
89651,0.016384
89653,0.019712
89682,0.079616
89685,0.01792
89703,0.040192
89717,0.014592
89727,0.110848
89741,1.108992
89769,0.113664
89790,0.028416
89814,0.050688
89817,0.098304
89825,0.00768
89860,0.094464
89882,0.068608
89890,0.27392
89924,0.033024
89931,0.059392
89948,0.109824
89978,0.006912
89984,0.021248
89990,0.051712
90002,0.031488
90073,0.042752
90074,0.329216
90086,0.043008
90088,0.005632
90115,0.206592
90121,2.468352
90168,0.128
90194,0.11648
90200,0.14976
90219,0.028928
90233,0.026368
90252,0.24064
90272,0.210944
90297,0.34688
90321,4.531456
90377,0.665856
90409,0.040192
90414,0.07936
90415,0.09344
90440,0.086784
90449,0.077056
90456,0.07168
90461,0.10368
90477,0.060416
90498,1.263104
90544,0.002048
90561,0.349696
90565,0.112128
90577,0.068864
90596,0.017664
90627,0.179968
90651,3.609856
90674,0.758528
90707,0.082688
90717,0.560128
90728,0.657664
90749,0.048128
90762,0.00384
90779,0.080384
90789,0.117248
90793,0.035072
90797,0.0832
90809,0.046336
90814,0.029696
90830,0.031232
90837,0.0192
90844,0.017664
90851,0.068352
90856,0.144896
90888,0.017664
90929,0.091136
90932,0.003072
90959,0.046848
90962,0.095744
90997,0.109568
91011,0.009984
91023,0.055296
91037,0.09984
91044,0.091904
91067,0.448
91081,5.409536
91145,0.078848
91164,0.036864
91173,0.04352
91199,0.238336
91202,0.05504
91207,0.137984
91234,0.370688
91252,0.09344
91310,1.672192
91321,1.254912
91334,1.763328
91389,0.221184
91390,0.08832
91399,0.928768
91411,0.957184
91414,5.437696
91425,0.24832
91469,0.019456
91489,0.009728
91491,0.521472
91540,0.128256
91561,0.306432
91564,0.09216
91574,0.020992
91580,0.039424
91589,0.015872
91594,0.287744
91606,6.292224
91659,0.018688
91664,0.03456
91670,0.018688
91673,0.004608
91693,0.009472
91695,0.12288
91719,0.044544
91725,0.004352
91737,0.211456
91763,0.060928
91772,0.044288
91796,0.179968
91802,1.384192
91849,0.01664
91859,0.119552
91872,0.094208
91895,0.02176
91910,1.53088
91912,2.148096
91932,0.1984
91953,0.022272
91970,0.025088
91977,0.01152
91996,0.037376
92003,0.116992
92010,2.494208
92039,0.0064
92050,0.014336
92059,0.06784
92084,2.415616
92103,1.006592
92140,0.07168
92148,0.017408
92177,0.1152
92178,2.24896
92245,0.068864
92255,0.061952
92286,0.0512
92312,0.1472
92345,0.127744
92352,0.015104
92381,0.11264
92391,0.00896
92404,0.022528
92408,0.012032
92425,0.043008
92442,0.008448
92444,0.120832
92453,0.021504
92478,0.090624
92480,0.30848
92491,0.033024
92508,0.00256
92515,0.020224
92552,0.128768
92554,0.20992
92585,0.120832
92607,0.009984
92623,0.051712
92632,0.00512
92640,0.081408
92642,0.139264
92674,0.080384
92702,0.124672
92719,0.027136
92723,0.106752
92742,0.022272
92750,0.0192
92777,0.683776
92778,0.369152
92791,1.395456
92814,0.272128
92822,0.009216
92823,2.26816
92869,0.04352
92882,0.0192
92885,0.054528
92894,0.05376
92910,0.009472
92939,0.058368
92941,0.00384
92943,0.045312
92944,0.223488
92986,0.13312
93056,0.032256
93065,0.146176
93069,0.065536
93086,0.014336
93104,0.06528
93110,1.947136
93138,0.026624
93145,5.006592
93182,0.0448
93199,0.02432
93211,0.143104
93218,0.012544
93234,0.075264
93238,0.041984
93252,0.033024
93264,0.05888
93272,0.205056
93278,0.012032
93293,0.012288
93295,0.02944
93303,0.054784
93314,0.033024
93321,0.020224
93323,0.126208
93336,0.017664
93338,0.005376
93346,0.026112
93366,0.065024
93381,1.650944
93416,0.013568
93438,0.03584
93456,0.246272
93483,0.016128
93503,0.037632
93515,0.032
93534,0.183552
93538,14.285312
93543,10.165504
93603,0.040192
93619,0.056064
93634,0.017664
93643,0.034304
93644,0.003072
93675,0.034304
93681,0.282368
93692,0.065536
93696,0.025088
93707,0.169216
93708,2.64704
93710,0.868352
93721,0.558848
93769,0.03712
93780,0.022528
93794,0.0064
93798,0.051968
93803,0.036608
93815,0.1664
93818,0.058624
93825,0.05888
93856,0.033536
93882,0.165632
93924,0.065024
93932,0.045824
93936,0.119808
93948,0.034816
93985,0.034048
94004,0.393984
94014,0.093952
94020,0.130048
94021,0.582912
94043,0.064256
94063,0.063232
94069,0.588032
94082,0.69376
94094,0.141312
94136,0.399616
94138,0.065792
94154,0.805376
94219,0.157184
94233,1.75232
94268,0.15232
94283,0.033536
94298,0.132096
94312,0.024064
94313,1.608192
94372,0.04224
94377,0.187392
94404,0.010752
94418,0.027904
94422,0.034048
94423,0.071936
94436,0.24448
94462,0.065024
94478,0.083712
94491,0.024576
94504,0.04352
94516,0.325632
94519,0.445952
94551,0.162816
94580,0.029184
94592,0.207616
94612,0.137984
94613,0.777984
94643,0.102656
94647,0.024832
94662,0.086272
94672,0.107264
94684,0.02176
94696,0.032256
94714,0.001024
94731,0.066304
94743,0.038912
94768,1.01888
94784,0.082432
94799,0.179712
94837,0.993536
94889,0.118272
94898,0.033024
94900,0.01024
94910,12.40832
94947,0.154368
94972,0.379648
94989,0.02176
95010,0.065792
95023,0.02432
95026,0.027136
95029,0.005376
95050,0.077312
95064,0.073216
95136,0.00128
95148,0.094976
95161,0.396288
95182,0.048384
95187,0.037888
95225,0.008192
95232,0.029696
95237,0.066816
95239,0.07168
95256,0.077312
95268,0.020224
95283,0.10496
95295,0.036864
95301,0.060416
95309,0.041984
95319,0.01664
95326,0.067328
95332,0.129792
95335,0.009216
95349,0.118784
95376,0.008448
95400,0.015104
95409,0.015104
95431,0.17024
95442,0.024832
95445,0.079616
95481,0.07936
95485,0.094976
95510,0.327936
95523,0.002048
95526,8.85504
95528,1.168384
95537,10.236928
95605,0.068352
95637,0.015872
95656,0.014848
95661,0.10368
95708,0.04864
95719,0.010752
95721,0.013312
95732,0.145408
95741,0.043264
95755,0.007168
95769,0.018176
95782,0.001024
95793,0.019712
95805,0.012544
95823,0.029952
95829,0.014336
95848,0.212224
95866,0.04352
95891,0.041216
95894,0.053504
95907,0.596992
95936,0.00256
95944,0.002048
95957,0.017152
95961,0.722432
95996,0.0192
95998,0.0256
96002,0.018432
96026,0.079104
96038,0.148992
96056,0.06016
96071,1.483776
96094,0.033792
96109,0.030464
96149,0.063232
96194,0.046336
96201,0.0256
96228,0.26624
96243,0.274944
96283,0.055296
96294,0.075776
96310,0.192512
96320,0.112384
96328,0.502272
96331,3.689216
96369,0.039936
96385,0.1472
96399,0.009472
96420,0.033536
96429,0.052736
96435,0.569344
96447,0.059136
96456,0.105216
96463,0.25984
96497,0.0576
96513,0.009984
96523,0.068096
96532,0.686848
96566,0.000512
96574,0.03712
96587,0.034304
96602,0.088832
96607,0.050176
96617,0.032512
96629,0.07296
96635,0.036096
96639,0.067584
96663,0.04224
96674,0.010752
96689,0.010752
96704,0.114944
96727,0.116224
96732,0.041728
96738,0.018432
96742,0.024832
96753,0.067328
96764,0.067584
96792,0.13056
96800,0.027648
96818,0.021504
96826,0.009216
96844,0.172544
96848,0.02816
96862,0.33408
96878,0.00768
96947,0.194048
96954,1.385728
96989,4.1216
97035,0.059392
97048,0.087808
97049,0.382464
97089,0.090624
97118,0.075776
97136,0.007424
97153,0.044288
97166,0.07296
97179,0.077312
97187,0.071424
97193,0.094208
97204,0.0704
97224,0.009472
97235,0.015104
97239,0.001024
97253,0.04096
97258,0.03968
97267,0.055552
97276,0.064256
97288,0.120576
97310,2.21568
97342,0.027392
97355,0.002048
97374,0.032256
97402,0.019712
97404,0.000256
97419,0.106752
97421,0.344064
97433,5.129984
97442,3.749376
97443,0.193024
97502,0.004608
97503,0.089344
97542,0.052992
97552,0.011008
97554,0.067584
97556,0.025088
97592,0.113664
97617,0.084736
97643,0.160768
97654,2.105344
97680,1.875456
97689,4.773632
97696,0.40448
97701,0.229888
97709,5.176832
97751,0.027904
97754,0.083712
97770,0.075264
97772,2.920704
97803,0.030976
97821,0.038144
97824,0.041216
97837,0.032512
97841,0.0128
97854,0.093184
97866,0.049152
97869,0.002304
97888,0.0064
97909,0.082688
97910,2.240512
97921,1.330944
97942,0.172544
97974,0.001024
97984,4.27904
98014,0.204032
98016,0.014336
98020,0.053504
98027,0.097536
98053,0.015616
98090,0.522496
98123,0.038912
98137,0.075776
98166,0.034304
98189,0.046336
98201,0.0896
98208,0.047872
98218,0.153856
98244,0.01792
98253,0.111616
98262,0.009984
98272,0.059136
98275,0.04608
98282,0.009472
98313,0.055808
98320,0.037376
98343,0.070656
98359,0.126464
98381,0.005888
98392,0.05888
98402,0.04352
98410,0.026112
98437,0.034048
98441,0.104704
98460,0.24704
98494,0.057088
98510,0.539136
98514,0.4224
98520,0.642816
98550,3.811072
98582,0.094208
98611,2.598656
98654,0.066816
98663,0.079104
98671,0.060416
98673,0.09472
98698,2.678272
98744,0.095744
98752,0.065024
98779,0.005376
98798,0.023296
98818,0.003072
98837,0.040448
98849,0.303872
98863,0.011264
98868,0.00768
98874,0.04352
98879,0.013056
98911,0.011264
98917,0.099328
98924,0.000256
98948,0.101376
98967,0.057088
98975,0.2432
98993,0.03072
98999,0.037632
99009,0.19712
99013,0.005888
99054,0.07168
99062,0.02688
99069,0.0576
99089,0.011264
99093,0.04736
99113,9.192192
99168,0.034048
99210,0.1536
99232,0.011264
99233,0.11392
99244,0.015104
99246,0.055296
99257,0.104448
99274,0.040192
99278,0.003072
99328,0.060416
99332,0.081408
99387,0.003072
99400,0.150016
99430,0.002048
99431,0.076544
99435,0.16256
99439,0.133376
99440,0.146176
99465,0.02432
99482,0.145152
99492,0.04608
99518,2.388224
99559,0.02304
99567,0.045824
99601,0.06016
99646,0.022784
99674,0.160256
99692,0.018432
99699,3.358976
99736,0.228352
99756,0.092928
99790,0.07424
99811,0.010496
99819,106.760448
99860,7.561216
99882,4.269312
99927,0.045568
99952,0.032256
99957,0.04992
99961,0.032
100003,0.048128
100007,0.918016
100010,1.460992
100055,0.8064
100059,0.136448
100061,0.752384
100094,0.055808
100122,0.000512
100146,0.098304
100169,0.309248
100199,0.012544
100210,0.0192
100219,0.00384
100225,0.039424
100237,0.035584
100269,0.05632
100277,0.055552
100280,0.392448
100283,4.22656
100310,1.536256
100313,0.223232
100320,0.76672
100362,0.00896
100378,0.024064
100382,0.043776
100394,0.041472
100406,0.04608
100432,0.101376
100443,0.073472
100490,0.169728
100507,0.099072
100532,0.078848
100534,0.082688
100557,0.01152
100563,0.018432
100575,0.041984
100592,0.00384
100608,0.092416
100618,0.015616
100628,0.014848
100654,0.011776
100665,0.017664
100668,0.098816
100702,0.002816
100713,0.013568
100715,0.002304
100725,0.059648
100735,0.005888
100758,0.053504
100763,0.009472
100776,0.074752
100786,0.52736
100791,0.134144
100814,0.016128
100817,0.046592
100831,0.040448
100836,0.254464
100859,0.072192
100861,0.008448
100892,0.025088
100910,0.086528
100919,0.644352
100926,1.915904
100950,0.009472
100986,0.071936
101010,0.01408
101021,0.115968
101060,0.017152
101063,0.103424
101066,0.000512
101094,0.086272
101097,0.022784
101099,0.025088
101109,0.05504
101112,0.006144
101123,0.022528
101136,0.00256
101143,0.012544
101174,0.046592
101184,0.02432
101197,0.044032
101209,0.02432
101217,0.044032
101218,0.02432
101225,0.090368
101250,0.031488
101282,0.103168
101314,0.034048
101316,0.262656
101329,0.032768
101332,0.313856
101352,1.418496
101375,0.826624
101376,0.993792
101392,0.180992
101399,0.161024
101400,0.298496
101404,4.764416
101408,1.02912
101410,2.4128
101466,0.009984
101472,1.748736
101488,4.375808
101509,3.980032
101512,0.167936
101561,0.036096
101602,0.047872
101610,0.048128
101618,0.05504
101641,0.088832
101648,0.066816
101654,0.396288
101672,0.011264
101704,0.006656
101736,0.038144
101757,0.197888
101766,0.0448
101783,0.016384
101804,0.007936
101806,0.042496
101809,0.270336
101822,0.198656
101844,0.015872
101846,0.15232
101869,0.341248
101881,0.149248
101901,0.013824
101909,0.00384
101915,0.017408
101957,0.088576
101969,0.027904
101993,0.14464
102008,0.059136
102024,0.023808
102034,0.078848
102036,0.120832
102037,0.37376
102053,0.0256
102058,0.076288
102068,0.015872
102094,0.368384
102108,1.53856
102121,0.403712
102161,0.061696
102172,0.430336
102206,0.066816
102208,0.023808
102238,0.266752
102242,0.011264
102268,0.066304
102273,0.063488
102342,0.052224
102352,0.027136
102371,0.08192
102376,0.03072
102390,0.033536
102398,0.0576
102408,0.095744
102419,0.249088
102437,0.009216
102439,0.0704
102446,0.105216
102484,0.031744
102486,0.103424
102508,0.246272
102523,0.022272
102536,0.010496
102549,0.065536
102563,0.183808
102587,0.007424
102595,0.029696
102598,0.007168
102619,0.056064
102631,100.268544
102714,0.604928
102720,0.228864
102743,0.079872
102757,0.00896
102763,0.016896
102774,0.166912
102827,0.180736
102832,0.04224
102835,0.332032
102858,0.018176
102871,0.030976
102874,0.006912
102879,0.004864
102890,0.081152
102896,0.064
102899,0.036352
102908,0.035072
102922,0.068864
102945,0.035072
102952,0.013312
102984,0.086016
103003,0.019968
103005,0.007936
103033,0.074496
103041,0.024064
103055,0.307968
103068,0.164352
103079,3.602688
103156,0.06144
103173,0.015872
103180,0.045056
103208,0.011776
103210,0.168704
103233,0.105216
103261,0.22784
103308,0.09216
103325,0.505344
103358,0.156416
103410,0.062976
103418,0.058624
103432,0.080896
103434,0.071936
103464,0.050688
103466,0.100352
103477,0.271872
103513,0.083712
103541,0.059392
103547,0.088576
103549,0.103168
103569,0.084736
103572,0.007424
103582,0.209664
103592,1.538816
103610,0.267008
103643,0.075264
103666,0.034048
103680,0.025088
103687,0.407552
103724,0.042752
103732,0.063232
103753,0.515584
103754,4.265984
103810,0.027904
103814,0.024832
103828,0.07552
103842,4.013056
103873,1.11232
103915,0.133632
103920,0.327936
103941,0.119808
103966,0.071424
103978,0.031488
104004,0.034048
104014,0.032
104038,0.030464
104047,0.004608
104053,0.05248
104061,0.007168
104067,0.129536
104094,0.042752
104127,0.121856
104133,0.178688
104155,0.002816
104161,0.122624
104165,0.311808
104192,0.026368
104206,2.382592
104232,3.155712
104237,2.662912
104252,1.70624
104302,0.005632
104312,0.085504
104364,0.047104
104374,0.16768
104385,0.000768
104390,0.107264
104431,0.58368
104458,0.069376
104468,99.7504
104520,0.051456
104521,1.556992
104526,1.002496
104583,0.33664
104603,0.052224
104609,0.04224
104628,0.174336
104646,0.572416
104684,0.429568
104685,0.969728
104707,4.588032
104710,1.086976
104768,0.084224
104770,0.044288
104786,0.046336
104806,0.069376
104816,0.025088
104832,0.004096
104837,0.02176
104861,0.054272
104872,0.228608
104890,0.002304
104892,0.00512
104894,1.487872
104937,0.020224
104941,0.589568
104957,0.407296
104959,0.192768
105009,0.098816
105014,0.037376
105071,0.774912
105114,0.007424
105118,0.075264
105121,1.490176
105140,203.607808
105272,0.081408
105283,0.006912
105306,0.013568
105309,0.009472
105332,0.168192
105344,0.076544
105357,0.01024
105374,0.142336
105386,0.041216
105390,0.03328
105462,0.047872
105475,0.049408
105503,0.082432
105512,0.212224
105549,0.043264
105553,0.039936
105575,0.075776
105583,0.027392
105598,0.043264
105617,0.067584
105626,3.637504
105657,0.450816
105671,6.673408
105719,0.115712
105721,0.946688
105748,0.15232
105762,0.001792
105793,0.052736
105812,0.0064
105821,0.066048
105829,0.019968
105833,0.013568
105836,0.009216
105844,0.548864
105878,0.05504
105881,0.880128
105882,1.34016
105912,0.018688
105937,0.000768
105978,0.019968
105991,0.088832
106002,0.053504
106030,0.024064
106040,0.085248
106074,0.093184
106079,0.13568
106104,0.173056
106126,0.022016
106136,0.105984
106157,0.025088
106169,0.052992
106175,0.062976
106191,0.026624
106218,0.01664
106226,0.002816
106237,0.133888
106240,0.017664
106254,0.043008
106258,0.619008
106289,0.13696
106308,0.223232
106312,0.770048
106327,0.004096
106392,0.084992
106394,0.028928
106398,0.073984
106437,0.129536
106454,0.064256
106464,0.052736
106494,0.081664
106500,0.0064
106501,0.04224
106531,0.0512
106539,0.055296
106586,0.0448
106593,0.094464
106602,0.108544
106603,0.165632
106608,1.598208
106624,3.423488
106627,2.717696
106678,0.02176
106693,0.364032
106712,0.060672
106716,0.238592
106720,0.106496
106731,0.128256
106740,0.103936
106742,0.541952
106748,0.126464
106758,0.141056
106765,0.069376
106778,0.0064
106825,0.041216
106827,0.123392
106841,0.041216
106855,0.005632
106876,0.149248
106886,0.247808
106889,0.047616
106904,0.161024
106910,1.036544
106921,1.065472
106938,0.586752
106970,0.115712
106993,0.044288
106995,0.027648
107032,0.000512
107046,0.0512
107052,0.024576
107055,0.209664
107089,0.088576
107091,0.00384
107094,0.030464
107108,0.306432
107121,0.211712
107128,1.723904
107179,0.156672
107190,0.541952
107215,0.067584
107227,0.483072
107231,0.16128
107250,0.014592
107299,0.059136
107308,0.04096
107339,0.058112
107345,0.176384
107358,0.11776
107361,0.305664
107367,0.305152
107372,0.00384
107415,0.093952
107437,0.016128
107458,0.028928
107465,0.539392
107473,0.031488
107492,0.092416
107499,0.069888
107507,0.02304
107512,1.936384
107517,1.078528
107550,0.1088
107582,0.015872
107603,0.001536
107606,0.019968
107612,0.295936
107616,0.016128
107629,0.040704
107652,0.104704
107660,0.045824
107683,0.125696
107685,0.170752
107710,0.025344
107718,0.0192
107745,0.124672
107756,2.706944
107758,2.449408
107785,0.650496
107806,0.1088
107845,0.08832
107865,0.08576
107866,4.706816
107915,0.05376
107919,0.097536
107931,0.009984
107941,0.0064
107943,1.391616
107972,13.449728
108018,0.233984
108037,0.648704
108060,1.685504
108091,0.190464
108098,0.051968
108116,0.252928
108121,0.557568
108158,0.129024
108218,0.012032
108227,0.00896
108239,0.025088
108241,0.067584
108245,0.188416
108263,0.038912
108271,0.096
108273,0.04352
108323,0.136448
108344,0.3136
108379,0.052224
108382,3.166464
108384,3.335936
108418,0.00896
108454,0.015104
108476,0.007424
108489,0.057344
108494,0.037632
108505,0.063744
108514,0.105472
108523,0.03072
108546,0.064
108563,0.020736
108568,0.06272
108573,0.023808
108579,0.039168
108584,0.019456
108589,2.436864
108593,5.483264
108624,0.07936
108651,0.112128
108657,0.05504
108663,0.008704
108690,0.181504
108698,0.047872
108714,0.89728
108721,0.692736
108753,0.011776
108771,0.0896
108792,0.053248
108795,0.010496
108810,0.032512
108822,0.013568
108867,0.002816
108872,0.026368
108876,0.00256
108885,0.051712
108902,0.09088
108909,0.01792
108927,0.005632
108939,0.04992
108945,0.014336
108958,0.17408
108976,0.09472
109001,0.016896
109013,0.016384
109035,0.033024
109060,0.107264
109071,0.044032
109114,0.0512
109119,0.045568
109134,0.2432
109139,0.018688
109164,0.046592
109173,0.086528
109190,0.059648
109212,0.175872
109250,0.06144
109262,0.121344
109269,0.134656
109302,0.012544
109314,0.055808
109321,1.312
109350,0.044544
109367,0.090624
109379,0.029184
109382,0.006912
109413,0.015616
109436,0.00512
109461,0.079104
109494,0.080896
109498,0.015616
109517,0.010752
109523,0.059392
109531,0.131072
109559,0.268288
109574,0.079104
109602,0.054528
109613,0.088064
109623,0.002048
109635,0.004608
109647,0.002048
109652,0.09984
109666,0.05888
109683,0.002816
109707,0.009984
109716,0.007168
109730,0.050944
109736,0.013312
109755,0.218112
109766,0.018432
109783,0.016128
109800,0.069376
109810,0.006144
109822,0.028672
109829,0.068608
109831,2.81216
109873,0.078848
109908,0.053504
109912,0.155392
109932,0.008448
109937,0.018944
109940,0.039424
110012,0.026624
110027,0.020992
110043,0.027904
110060,0.01024
110065,0.007936
110103,0.041728
110122,0.204032
110132,0.004608
110138,0.013056
110150,0.021248
110178,0.114944
110186,0.041728
110206,0.001792
110208,0.009728
110218,0.024832
110241,0.119808
110248,0.3008
110271,0.031488
110278,0.11008
110282,0.052224
110311,0.06656
110320,0.003584
110324,0.073216
110344,0.005632
110361,3.430144
110421,0.218624
110456,0.050688
110466,0.003328
110467,0.653312
110486,0.017152
110505,0.011776
110513,1.17376
110538,0.13696
110546,0.06656
110552,0.110336
110567,0.032256
110572,0.035072
110579,0.055552
110600,0.044032
110643,0.199424
110653,0.040704
110660,0.109056
110680,0.014848
110709,0.007936
110716,0.157184
110719,0.00256
110732,0.107776
110761,0.013824
110809,0.066304
110823,0.086016
110838,0.049152
110853,1.342976
110874,0.079104
110886,0.016128
110898,0.009216
110929,0.026368
110942,0.018688
110951,0.099072
110975,0.069632
110994,0.003584
110997,0.050688
111003,0.044288
111018,0.004352
111026,0.01152
111046,0.22272
111062,0.119808
111072,0.013568
111084,0.052224
111090,0.0448
111124,1.871104
111144,0.01408
111162,0.03968
111191,0.009472
111220,0.039168
111256,0.047872
111289,0.010752
111300,0.005632
111302,0.054784
111311,0.494336
111336,0.06144
111340,0.033024
111351,0.081408
111357,0.028672
111360,0.001536
111368,0.068096
111398,0.041984
111452,0.096512
111458,0.028416
111466,0.03072
111473,0.058624
111480,0.02688
111488,0.06912
111525,0.032512
111554,0.108288
111563,0.028672
111567,0.353024
111570,0.00256
111579,0.068608
111616,0.249088
111636,0.036864
111651,0.122624
111660,0.173056
111670,0.115712
111686,0.002304
111704,4.156928
111713,0.992256
111722,0.737536
111778,0.080128
111797,0.352512
111817,0.014336
111832,0.25728
111833,0.6208
111850,2.852096
111853,1.500416
111864,1.229568
111868,0.213248
111871,0.522496
111905,0.235008
111935,0.068864
111948,0.316928
111979,0.056832
112002,0.087552
112012,0.104192
112051,0.01664
112053,0.007424
112063,0.091392
112078,0.161024
112085,0.137216
112114,0.057856
112120,0.050176
112134,0.13824
112176,0.123392
112189,0.032256
112210,0.051712
112215,0.0064
112219,0.071936
112236,0.022528
112258,0.0832
112261,0.039936
112264,0.01536
112266,0.018944
112301,0.770816
112303,0.032
112307,0.27136
112312,0.025344
112382,0.013568
112388,0.161536
112393,0.091648
112425,0.056832
112430,0.03968
112432,0.069376
112466,0.05504
112468,0.002048
112470,0.386304
112473,0.368896
112513,0.282624
112517,0.250624
112540,0.041472
112558,0.128
112584,0.04608
112606,0.419328
112629,0.039424
112667,0.029184
112684,0.076032
112701,0.087296
112717,0.07168
112718,0.781568
112756,7.958016
112757,0.511488
112842,0.062976
112862,0.025088
112875,0.018432
112895,0.086528
112910,0.011008
112924,0.059392
112935,0.035584
112942,4.448256
112969,0.135168
112989,0.041728
113028,0.020224
113036,0.21248
113048,0.12544
113057,0.048128
113074,0.067328
113082,0.014848
113087,0.935168
113119,0.01536
113132,0.028416
113142,0.006912
113153,0.013056
113164,0.036352
113177,0.046336
113189,0.041216
113194,0.360704
113201,0.016128
113227,0.002048
113247,0.055808
113252,0.070656
113276,0.124416
113281,0.315904
113314,0.148992
113322,0.032256
113328,0.046336
113346,0.065792
113363,0.02944
113368,0.030208
113374,0.076032
113387,0.133632
113417,0.004864
113421,0.010752
113450,0.196096
113492,0.099072
113502,0.025344
113509,0.073984
113539,0.067328
113554,0.094976
113568,0.064256
113574,0.048128
113600,0.054528
113612,0.006912
113663,0.060416
113709,0.016896
113726,0.031232
113745,0.013056
113748,0.073216
113750,0.012544
113755,0.155904
113812,0.097024
113842,0.090112
113848,0.161536
113865,5.248512
113895,0.25344
113934,0.110336
113949,0.556288
113958,0.006144
114019,0.010496
114028,0.051968
114040,0.014336
114046,0.036608
114070,12.681216
114108,2.062848
114110,0.406784
114166,0.051712
114167,0.003584
114192,0.006144
114222,0.029952
114230,0.03456
114262,0.20096
114300,0.02688
114305,0.029696
114309,0.09088
114324,0.051968
114382,0.013568
114397,0.005376
114399,0.002304
114444,0.050944
114448,0.027648
114454,0.055296
114518,0.004096
114531,0.000256
114559,0.009216
114561,0.019456
114574,0.072192
114623,0.018432
114625,5.545984
114672,0.05504
114685,0.039424
114704,0.060928
114713,0.534784
114736,0.037376
114750,0.1536
114752,0.02816
114770,0.083456
114772,0.008448
114782,0.009216
114789,0.033536
114798,0.157184
114808,0.097024
114844,0.001536
114858,0.07808
114870,3.264
114911,0.422912
114914,0.264704
114949,0.004608
114971,0.014848
114988,0.227328
115003,0.039168
115009,0.066048
115016,0.012288
115028,0.054528
115043,0.146432
115045,0.008704
115047,0.153856
115073,0.105728
115094,0.037376
115103,0.013056
115133,0.02432
115142,0.147712
115156,0.045312
115166,0.218624
115185,0.127232
115193,0.101888
115233,0.483072
115271,0.172288
115277,0.017408
115288,0.01536
115306,0.00128
115312,1.72928
115345,0.08576
115355,0.172288
115369,0.018176
115372,0.09856
115407,0.146176
115410,0.018944
115425,0.075264
115433,0.027392
115441,0.141568
115443,0.203776
115486,7.586304
115531,0.09984
115569,0.004352
115586,0.034048
115592,0.226816
115610,0.004608
115623,0.557312
115653,0.063744
115658,0.040192
115668,0.030464
115682,0.006912
115685,0.021248
115723,0.033024
115727,0.089856
115744,0.084224
115753,1.877248
115785,0.49536
115803,0.009216
115815,0.0384
115826,0.027136
115832,0.006656
115860,0.117248
115879,0.026624
115891,0.200704
115908,1.09824
115914,1.274368
115955,0.022272
115977,0.097536
115990,0.07424
116007,0.05632
116036,0.022784
116042,0.018432
116105,0.032
116118,0.000512
116129,0.008704
116139,0.031744
116154,0.001792
116184,0.039424
116190,0.133376
116211,0.018688
116231,0.033536
116232,1.712896
116263,0.019968
116282,0.062464
116288,0.042752
116329,0.071936
116336,0.05888
116352,0.184576
116369,0.13312
116374,0.11136
116382,0.0192
116395,0.004352
116403,0.186368
116406,0.024832
116447,0.016384
116461,0.009216
116465,0.0256
116475,0.021504
116496,0.191232
116508,0.14336
116512,9.91616
116572,0.004864
116574,0.038144
116589,0.006656
116598,0.005632
116609,0.022272
116612,0.08192
116619,0.001536
116651,0.368128
116695,0.083456
116700,0.034048
116711,0.04992
116725,0.025344
116733,0.067328
116738,0.00128
116744,0.032
116764,0.096768
116771,0.048384
116776,0.008704
116795,2.258176
116865,0.031232
116868,0.075264
116878,0.042752
116890,0.04352
116896,0.089344
116913,0.128
116958,0.01024
116970,0.059392
116993,0.080896
117004,0.039424
117035,0.055296
117054,0.003584
117058,0.00384
117066,0.206848
117071,0.008448
117073,0.044288
117085,0.001024
117107,0.000512
117110,1.256448
117148,0.02816
117192,0.018432
117198,0.116992
117214,0.034816
117238,0.20096
117254,0.02432
117263,0.030976
117278,0.021248
117288,0.009472
117291,0.161792
117295,0.032768
117310,0.097792
117324,0.04608
117331,0.003072
117340,0.109056
117374,0.004608
117390,0.034304
117408,0.047616
117433,0.054016
117455,0.214784
117457,0.033792
117521,0.108288
117529,0.09472
117552,0.257792
117592,0.003072
117604,0.012288
117606,0.139008
117612,0.052224
117656,0.006912
117664,0.000512
117680,0.05248
117694,0.023808
117700,0.105216
117706,0.011264
117710,1.719808
117757,0.144384
117762,0.050944
117784,0.297472
117805,0.056064
117835,0.064768
117840,0.009984
117847,0.016384
117856,0.011776
117868,0.157952
117873,0.042752
117882,0.032512
117885,0.032256
117915,0.015104
117928,0.078336
117931,0.031232
117964,0.038656
117982,0.096
117989,0.08192
118007,0.047872
118030,0.082688
118042,0.033792
118053,0.229888
118074,0.009472
118101,0.220928
118134,0.045312
118143,0.008448
118158,0.031744
118170,0.025344
118219,0.060928
118244,0.158208
118253,0.008192
118261,0.051968
118282,0.012288
118301,0.050944
118322,1.529856
118334,1.133056
118367,0.009472
118369,0.05632
118377,0.151296
118403,0.511488
118416,0.06784
118448,0.091392
118455,0.167168
118483,0.155392
118489,0.018432
118504,0.109056
118523,0.122368
118529,0.016896
118553,0.238592
118580,0.087808
118588,0.00384
118590,0.04736
118611,0.105472
118631,0.088832
118632,0.054784
118645,0.06656
118657,0.860672
118676,0.054528
118717,0.079616
118721,0.122368
118723,0.035072
118749,0.045312
118768,0.024832
118774,0.06912
118790,9.228544
118855,0.128256
118862,14.682624
118902,0.484864
118913,6.78784
118929,0.963584
118932,3.39328
118976,0.016896
118988,0.007424
118992,0.045568
119019,0.034048
119036,0.003584
119044,0.089344
119069,0.060416
119089,0.114688
119095,0.060416
119098,0.032768
119113,0.009728
119146,0.060416
119153,0.053248
119161,0.005888
119179,0.011008
119194,0.820992
119203,0.24704
119216,0.119552
119235,0.010752
119251,1.029632
119272,0.0448
119292,0.123392
119295,0.048128
119311,0.018944
119379,0.059136
119388,0.203264
119442,0.144896
119473,0.0576
119489,0.001024
119511,1.39392
119522,0.755968
119527,0.221952
119571,0.015104
119592,0.085504
119600,0.132864
119607,0.00128
119632,0.032512
119658,0.021504
119679,0.082176
119684,0.01536
119686,0.019712
119690,0.074752
119701,0.020224
119746,0.027648
119754,0.005888
119774,0.08192
119824,0.011264
119832,0.000256
119835,0.116992
119847,0.038912
119859,0.086272
119864,0.009728
119902,0.0256
119904,0.017408
119915,0.031744
119929,0.024576
119936,0.009728
119941,0.025344
119945,0.080896
119969,0.032
119981,0.017152
119986,0.024064
120003,0.06656
120024,0.156672
120046,0.192256
120064,0.0064
120069,0.136448
120109,0.029696
120112,0.1472
120119,0.090368
120121,0.214528
120164,0.192768
120184,0.082944
120198,0.090624
120210,0.108544
120222,0.018688
120228,0.059904
120238,0.122624
120254,0.17408
120278,0.475136
120282,100.17792
120332,5.77152
120376,0.005376
120394,0.024576
120402,0.01152
120424,0.0192
120427,0.001792
120458,0.056832
120470,0.025088
120473,1.9008
120510,0.008704
120515,0.070656
120529,0.051712
120535,0.021248
120549,0.05376
120559,0.012288
120572,0.009472
120599,0.058368
120603,0.010496
120616,3.27808
120647,0.047616
120672,0.03072
120674,0.142336
120692,0.061952
120708,12.274688
120768,0.089344
120793,0.021504
120797,0.076288
120802,0.08448
120805,0.000256
120821,0.1536
120838,0.07296
120844,0.013312
120849,0.0384
120868,0.03968
120874,0.06912
120884,0.015104
120891,0.004096
120923,0.073984
120931,0.077056
120938,0.032256
120965,0.0512
120977,0.057344
120983,0.050432
120998,0.073472
121023,0.039936
121045,0.13568
121073,0.014592
121093,0.016384
121101,0.127744
121122,0.044544
121143,0.200704
121168,0.127232
121174,0.024832
121182,0.04224
121196,0.041984
121224,0.00128
121235,0.120576
121258,0.030976
121273,0.0064
121282,0.27264
121299,0.031232
121302,0.076032
121305,0.07296
121310,0.989184
121312,0.0192
121358,0.16896
121375,0.143616
121387,0.058624
121396,0.077312
121413,0.032
121448,0.114944
121466,0.13184
121507,0.111872
121512,0.00128
121518,0.089344
121524,0.054016
121526,99.46752
121611,0.057856
121626,0.056832
121648,0.018688
121650,0.09856
121678,0.013568
121704,0.057344
121713,0.152576
121727,0.091904
121731,0.09344
121753,0.032512
121774,0.008448
121775,0.059136
121796,0.005888
121875,0.039936
121893,0.054016
121906,0.02176
121920,0.073216
121932,0.668416
121960,0.010752
121990,0.11392
121992,0.024064
122002,0.013824
122029,0.093952
122039,0.06016
122049,0.005888
122053,0.170496
122059,0.02432
122068,0.083456
122085,0.19712
122094,0.025088
122112,0.16384
122119,0.01152
122169,0.084224
122184,0.018176
122189,0.024064
122211,0.053504
122223,0.097024
122225,0.04608
122240,0.001024
122247,0.738304
122273,0.008192
122282,0.004608
122290,0.004864
122313,0.02304
122341,0.062208
122346,0.015104
122351,0.101632
122364,0.04864
122384,0.1408
122386,0.140032
122395,0.699392
122397,0.040192
122437,0.028672
122464,0.054016
122486,0.019456
122505,0.009472
122516,0.017408
122521,0.731392
122584,0.030208
122599,0.0064
122601,0.02176
122605,0.068096
122632,0.020224
122638,0.05632
122648,0.187392
122667,0.017408
122673,0.011264
122689,0.005888
122694,0.049408
122704,0.011264
122712,0.017152
122722,0.002816
122748,2.115584
122778,0.133632
122821,0.102144
122832,0.18688
122896,0.015616
122904,0.037376
122919,0.016384
122957,0.064
122975,48.352512
123048,0.615936
123075,0.026112
123085,0.120064
123090,0.08576
123099,0.049408
123108,19.965696
123164,0.149504
123209,0.022272
123239,0.014592
123252,0.001024
123256,0.094464
123273,0.17536
123316,0.262656
123387,0.104448
123403,0.020992
123408,0.03456
123419,0.100608
123428,0.052992
123452,0.132864
123461,0.038912
123496,0.051712
123530,3.748352
123582,0.0128
123590,0.000512
123595,0.054528
123603,0.096768
123620,0.02176
123637,0.137216
123658,0.092416
123665,0.55168
123684,0.072704
123699,1.276928
123714,1.42976
123722,1.19296
123757,0.204544
123771,0.084992
123790,0.288512
123802,0.261632
123849,0.021504
123852,0.013312
123877,0.130048
123896,0.016896
123905,0.04096
123912,0.011776
123924,0.042752
123934,0.045568
123945,0.029184
123964,0.084224
123983,0.003584
123991,0.015872
124001,0.246272
124009,1.32736
124059,0.045568
124063,0.023552
124065,0.008448
124071,0.018944
124083,0.101888
124094,0.076544
124114,0.048128
124125,0.000768
124134,0.11136
124144,0.066304
124173,0.021248
124176,0.060672
124181,0.353024
124191,0.702464
124208,0.020992
124227,0.09344
124229,0.100352
124243,0.04992
124262,0.454656
124272,0.084992
124285,2.841856
124308,0.051712
124323,0.008192
124324,0.278528
124353,0.04992
124376,0.019968
124422,0.075008
124443,0.023296
124449,0.031488
124502,0.05888
124522,0.026112
124524,0.745472
124545,0.08832
124561,0.09344
124588,0.00512
124596,0.10368
124644,0.046336
124650,0.04992
124658,0.004096
124664,0.024576
124669,0.076032
124695,0.066304
124699,1.633024
124735,0.08576
124772,0.146176
124774,0.001792
124795,0.067328
124808,0.022272
124816,0.01152
124818,0.012032
124824,0.070656
124837,0.08576
124878,0.156928
124880,0.16768
124905,0.004608
124909,5.800704
124912,1.933568
124914,3.75296
124929,21.345792
124993,0.097792
125007,0.044032
125035,0.034816
125050,0.029952
125060,0.02688
125075,0.137984
125086,0.133376
125121,0.035584
125142,1.398784
125148,1.188608
125182,0.029696
125204,0.004096
125210,0.005376
125230,0.090112
125233,0.047616
125286,0.040192
125289,0.146944
125323,0.091136
125357,0.0128
125359,0.04736
125374,0.01152
125382,0.015872
125394,0.059904
125397,0.053248
125414,0.014848
125424,0.112128
125440,0.003072
125444,0.023296
125465,0.146944
125472,0.061696
125510,1.09312
125521,1.248256
125596,0.00384
125597,0.000768
125601,0.090112
125615,0.1344
125638,0.01536
125667,0.496128
125668,0.563968
125696,0.0896
125702,0.111872
125718,0.061696
125720,0.011264
125766,0.081152
125788,0.065536
125820,0.013312
125828,0.005888
125882,0.049664
125919,0.006912
125920,0.079104
125936,0.069376
125944,0.011264
125955,0.055808
125960,0.00768
125965,0.095488
125973,0.000256
125983,0.042496
126038,0.000256
126059,0.06144
126062,0.002048
126066,0.082176
126080,0.001792
126094,0.050944
126098,0.009472
126119,0.020224
126121,1.12128
126145,0.167168
126172,0.019456
126177,0.019456
126192,0.009472
126199,0.024576
126203,0.123136
126213,0.010752
126223,0.000256
126257,0.0832
126262,0.019968
126267,0.024832
126287,0.012544
126294,0.276736
126313,0.030208
126319,0.052992
126328,0.034304
126331,3.369472
126359,0.006144
126385,0.072704
126403,0.100608
126408,0.037376
126430,0.03456
126433,0.018432
126465,0.072704
126499,0.004608
126509,0.069888
126525,0.01152
126533,0.055808
126535,0.032256
126546,0.09728
126549,0.024576
126575,0.074496
126585,0.113664
126590,0.028928
126603,0.011264
126611,0.081152
126639,0.031232
126648,0.014848
126681,0.03072
126686,0.025344
126688,0.077568
126703,0.022784
126707,0.075776
126726,4.066304
126792,0.115712
126802,0.070144
126821,0.003072
126827,0.006144
126848,0.01664
126850,0.02688
126874,0.004096
126892,0.022016
126898,0.005632
126914,0.01024
126919,0.00128
126923,0.018944
126936,0.002816
126941,0.029696
126960,0.0896
126970,0.057856
126995,0.030976
127009,0.035072
127030,0.045312
127054,0.071424
127063,0.029696
127092,0.008448
127103,0.110592
127113,0.048384
127121,0.109824
127137,0.137472
127147,0.085248
127158,0.11136
127167,0.003328
127192,0.009472
127202,0.116992
127245,0.004352
127294,0.052224
127304,0.107776
127307,0.129536
127310,0.882176
127343,0.11776
127358,0.010752
127365,0.064512
127392,0.03072
127396,2.289408
127424,0.043776
127457,0.018944
127463,0.057344
127480,0.017664
127497,0.012032
127503,0.037376
127512,0.187904
127529,0.123904
127549,0.034816
127580,0.065024
127589,0.000256
127604,0.11136
127608,0.052992
127627,0.016128
127646,0.121088
127648,0.170496
127659,0.040448
127722,0.098816
127764,0.06272
127770,0.04352
127784,0.396288
127815,0.004864
127822,0.027392
127833,0.054528
127838,0.109568
127885,0.05888
127886,2.841856
127908,9.591808
127968,0.035072
128003,0.006144
128043,0.082688
128047,0.037376
128067,0.001792
128070,0.008192
128109,0.003584
128137,0.167168
128139,0.061696
128163,0.024832
128172,0.123136
128202,0.066304
128214,0.007168
128235,0.030976
128237,0.021504
128263,0.072704
128269,0.034304
128271,0.021504
128296,0.152064
128302,0.04096
128304,0.0512
128341,0.016896
128363,0.097792
128375,0.024064
128380,0.096256
128408,0.004096
128426,0.051968
128431,0.103168
128439,0.017408
128457,0.132864
128463,0.125696
128478,0.06656
128493,0.031232
128510,0.00256
128528,0.222976
128553,0.052224
128563,0.001792
128578,0.031232
128580,0.1216
128592,0.242176
128623,0.051456
128631,0.007168
128638,0.019712
128657,0.02304
128680,0.024576
128698,0.065024
128706,0.014848
128751,0.008192
128762,0.040192
128772,0.098816
128812,0.00512
128830,0.068608
128843,0.127488
128851,0.027136
128857,3.67232
128907,0.00896
128926,0.015616
128933,0.266752
128947,0.006912
128958,0.03712
128983,0.1088
128990,0.042496
129003,0.241152
129007,0.09728
129032,0.00256
129040,0.017152
129052,0.033792
129055,0.080128
129064,0.004608
129075,0.06912
129089,0.071168
129103,0.064768
129110,0.849664
129116,1.112576
129143,0.042496
129172,0.018944
129180,0.124672
129222,0.152576
129242,0.01408
129247,0.163072
129256,0.2304
129275,0.041984
129299,0.081152
129309,0.369664
129316,0.563968
129361,0.006144
129370,0.003584
129379,0.054784
129384,0.061184
129388,0.00256
129400,0.02944
129409,0.048896
129422,0.02432
129435,0.157696
129459,0.03584
129461,0.159744
129479,0.045824
129496,0.055552
129514,0.00384
129544,0.01152
129556,0.043776
129561,0.008192
129564,0.011264
129599,0.074496
129613,0.096768
129615,0.015872
129627,0.059904
129636,0.054272
129637,0.033536
129649,0.018944
129653,0.04736
129674,5.531648
129707,0.187392
129709,0.86656
129714,8.38912
129753,0.04096
129787,0.050688
129799,0.014848
129802,0.027904
129813,0.03584
129815,0.056064
129839,0.055552
129846,0.184064
129880,0.041984
129890,0.011008
129906,0.044544
129913,0.103168
129915,0.047616
129932,0.169984
129945,0.036608
129982,0.227328
129992,0.143616
130015,0.03712
130031,0.021248
130037,0.01536
130056,0.24832
130086,0.08064
130107,0.024832
130154,0.093952
130180,0.008192
130182,0.062208
130191,0.09728
130203,0.081152
130205,0.004352
130218,0.01792
130235,0.017664
130246,1.129728
130274,0.053504
130289,0.123904
130314,0.059904
130317,0.006656
130320,0.495104
130365,0.089344
130372,0.164352
130380,0.098048
130389,0.056832
130399,0.215552
130475,0.442368
130490,0.011008
130492,0.025856
130557,0.083712
130575,0.004608
130589,0.01408
130605,0.011264
130613,0.019456
130643,0.032512
130649,0.045312
130651,0.016896
130655,0.45952
130690,0.099072
130730,0.047616
130745,0.07424
130765,0.052992
130770,0.042752
130777,0.122368
130783,0.28544
130807,0.036352
130838,0.027648
130843,0.070144
130856,0.06272
130877,0.01792
130882,0.053248
130886,0.189952
130895,0.025088
130905,0.064256
130917,0.159488
130925,0.227328
130937,0.014336
130947,0.018432
130992,0.066304
130996,0.184576
131009,0.036864
131018,0.085248
131029,0.015104
131037,0.055296
131039,0.01152
131059,0.080384
131082,0.048896
131088,0.13312
131093,0.029184
131121,0.067072
131127,0.141824
131137,0.102656
131153,0.083968
131178,0.101376
131185,0.094208
131199,0.004864
131223,0.050432
131246,0.056576
131252,0.012288
131269,0.044288
131272,0.013568
131315,0.004352
131325,0.088576
131338,0.0192
131346,0.070144
131353,0.076032
131399,0.012032
131404,0.04736
131406,0.337152
131462,0.051456
131468,0.218368
131480,0.040192
131489,0.01664
131498,0.042496
131504,0.042496
131526,0.827648
131562,0.007168
131588,0.6976
131632,0.031744
131654,0.02944
131662,0.005888
131676,0.1408
131680,0.031744
131686,0.016128
131699,0.164608
131754,0.031744
131777,0.039424
131803,0.124416
131822,0.09472
131837,0.304128
131847,0.884736
131882,0.067584
131928,0.001792
131931,0.108288
131938,0.335104
131963,0.05248
131967,0.028672
131985,0.3136
131995,0.003072
132041,0.254464
132074,0.062208
132098,0.018944
132102,0.056064
132118,0.064
132126,0.036096
132131,0.009216
132138,0.107008
132159,0.129024
132170,0.025856
132182,0.15104
132188,0.044288
132208,0.002816
132239,0.042752
132266,0.1472
132276,0.14976
132289,0.000512
132304,0.121344
132314,0.028928
132337,11.586048
132413,0.000512
132427,0.091648
132470,0.007424
132502,0.05632
132509,0.086272
132532,0.002048
132543,0.055808
132551,0.2624
132607,0.006912
132638,0.017664
132642,0.02688
132649,0.055808
132652,0.00384
132704,0.094464
132714,0.145152
132722,0.18048
132752,0.083456
132769,0.09728
132793,0.091904
132803,0.080896
132821,0.110848
132824,0.058368
132833,0.0768
132838,0.075008
132847,0.034304
132858,0.278784
132950,0.0576
132959,0.081408
132973,0.15104
132993,0.037632
133006,0.081152
133012,0.069632
133024,0.02432
133027,0.007424
133035,0.03584
133052,0.04736
133065,0.109568
133093,0.01536
133102,0.142848
133125,0.075264
133127,0.04224
133144,0.023296
133156,0.114176
133159,0.123648
133196,0.054784
133207,0.003328
133214,0.131584
133224,0.112896
133247,0.024832
133253,0.03072
133263,0.05376
133287,0.096256
133308,0.08192
133320,0.776448
133326,1.13408
133374,0.021504
133388,0.07808
133417,0.225024
133464,0.066048
133494,0.084992
133498,0.092928
133502,0.136192
133520,0.029952
133526,0.096512
133550,0.129024
133573,0.076288
133585,0.065536
133597,0.03328
133598,0.200192
133667,0.032512
133677,0.58752
133693,0.030464
133718,0.004352
133745,0.018176
133747,0.078336
133769,0.031232
133779,0.033024
133784,0.164608
133812,0.086272
133829,0.061952
133841,0.007424
133859,0.027904
133888,0.045312
133904,0.034048
133906,0.07168
133914,1.056
133942,0.084224
133978,0.056576
133982,0.061696
133984,2.878976
134042,0.014592
134046,0.001024
134072,0.049408
134086,0.292608
134088,0.022016
134123,0.00768
134132,0.070656
134160,0.024576
134172,0.054784
134182,0.18944
134208,0.026624
134222,0.049664
134224,0.014336
134228,0.036864
134241,0.048128
134251,0.31232
134276,0.027904
134278,0.009984
134296,0.042752
134307,0.020992
134309,0.04224
134342,0.12288
134347,0.023296
134375,0.007936
134392,0.033536
134398,0.079104
134420,0.01024
134435,0.094208
134452,0.04864
134478,0.049152
134486,0.001536
134495,0.015104
134499,0.05632
134513,0.065536
134520,0.0256
134531,0.016128
134540,0.103936
134546,0.103424
134552,0.070144
134588,0.02944
134595,0.111104
134610,0.20096
134620,0.03328
134631,0.014592
134665,0.000768
134673,0.152832
134694,0.040192
134712,0.003328
134713,0.003328
134717,0.032768
134735,0.054016
134739,0.011776
134744,0.006144
134763,0.03968
134786,0.215296
134828,0.104448
134834,0.03712
134843,0.023808
134848,0.02944
134867,0.00512
134870,0.025856
134879,0.103936
134882,0.06656
134894,0.020992
134912,0.034304
134915,0.141824
134950,0.229376
134992,0.007168
135001,0.190208
135020,0.03968
135048,0.04096
135052,0.114176
135057,0.1536
135081,0.338688
135094,0.259328
135098,0.066048
135124,0.02176
135138,0.075776
135148,0.007936
135183,0.072192
135187,0.024064
135190,0.005888
135192,0.043008
135203,0.18944
135224,0.071936
135231,0.038656
135266,0.00128
135271,0.047616
135279,0.026368
135286,0.00512
135293,0.057856
135306,0.038912
135319,0.031232
135328,0.222208
135346,0.033792
135360,0.011008
135362,0.008192
135382,0.0064
135392,0.01024
135401,0.142336
135441,0.040192
135452,0.001536
135453,0.016896
135466,0.119552
135475,0.016128
135501,0.123392
135504,0.040448
135549,0.013568
135555,0.027648
135558,0.004352
135583,0.01792
135587,0.05504
135600,0.066048
135607,0.15872
135642,0.062208
135648,0.048896
135667,0.031232
135672,0.033536
135678,3.610368
135714,0.2432
135744,0.005888
135758,0.038912
135760,0.28416
135792,0.040192
135800,0.127232
135805,0.028672
135810,0.03072
135827,0.067328
135842,0.188928
135857,0.082432
135862,0.079104
135898,0.005632
135913,0.022272
135925,0.079616
135939,0.0128
135953,0.156672
135985,0.020736
135990,0.027392
135996,0.049152
136013,0.005376
136015,0.086528
136021,0.0704
136059,0.005888
136062,0.123392
136086,0.065536
136102,0.05632
136124,0.059392
136127,0.008448
136139,0.07424
136152,0.024832
136174,0.028416
136177,0.212224
136193,0.074496
136248,0.021248
136256,0.032512
136260,0.079872
136269,0.046592
136273,0.00384
136308,0.02432
136322,0.129792
136335,0.026368
136365,0.327936
136381,0.000512
136388,0.036608
136392,0.041728
136399,0.000768
136416,0.05504
136436,0.031232
136472,0.191744
136502,0.0768
136510,0.154368
136531,0.068608
136535,0.086272
136568,0.09728
136570,0.068608
136586,0.084224
136594,0.068352
136607,0.13568
136621,0.010496
136640,0.02304
136690,0.055296
136698,0.017408
136707,0.023296
136719,0.109056
136723,0.005888
136764,0.029696
136783,0.063488
136793,0.047104
136798,0.185856
136815,0.040192
136819,0.04224
136855,0.001024
136894,0.005376
136903,0.027904
136910,0.062976
136921,1.359872
136970,0.114176
136983,0.107264
136987,0.054272
137008,0.16512
137009,1.1968
137054,0.057856
137072,0.182784
137084,0.005888
137102,0.007936
137110,0.067328
137116,0.236032
137139,0.002048
137145,0.02304
137172,0.100352
137182,0.013824
137194,0.006144
137203,0.055296
137225,0.05888
137243,0.005888
137248,0.11008
137259,0.31104
137293,0.041472
137321,0.056576
137340,0.055552
137366,0.258048
137402,0.02048
137414,0.004864
137420,1.348864
137436,0.012288
137461,0.002816
137473,0.02176
137487,0.01408
137492,0.618496
137508,0.062208
137534,0.04608
137536,0.02176
137544,0.025856
137552,0.188928
137566,0.016384
137604,0.02432
137614,0.014592
137619,0.022528
137627,0.01152
137652,0.008704
137660,0.662272
137692,0.032
137712,0.045312
137719,0.062208
137735,0.015872
137742,0.066304
137753,0.041984
137770,0.006656
137803,0.055552
137820,0.009472
137823,0.012032
137838,0.176384
137872,0.136704
137876,0.146432
137882,0.133632
137923,0.13568
137966,0.061696
137972,0.05632
137974,0.018176
137981,0.098304
137983,0.019456
138014,0.012288
138021,0.010752
138039,0.032
138068,0.043776
138076,0.018944
138079,0.120576
138097,0.036352
138103,0.061952
138109,4.008448
138144,0.03712
138152,0.129536
138171,0.003072
138191,0.01408
138205,0.063744
138215,0.002816
138225,0.056064
138229,0.114944
138273,0.054272
138276,0.161024
138295,0.003584
138306,0.253184
138338,0.046592
138349,0.06272
138387,0.026112
138392,0.118784
138402,0.021504
138413,0.012288
138424,0.815104
138473,0.02432
138521,0.02304
138546,0.0384
138563,0.044544
138569,0.111104
138580,0.160256
138624,0.0256
138636,0.026624
138639,0.026112
138649,0.009984
138668,0.009984
138682,0.044288
138696,0.15232
138721,0.806144
138759,0.023552
138790,0.051456
138798,0.023808
138833,0.057344
138834,0.038656
138870,0.002816
138877,0.044288
138880,0.06016
138892,0.036608
138926,0.068352
138937,0.025088
138952,0.081408
138954,0.036096
138982,0.04608
138992,0.12544
139002,0.014336
139007,0.032
139032,0.030208
139057,0.002304
139067,0.058112
139073,0.031232
139082,0.072448
139088,0.04992
139096,0.218368
139112,0.004608
139132,0.004096
139150,0.08576
139179,0.027136
139214,0.04224
139237,0.050176
139250,0.007424
139252,0.06016
139258,0.086272
139279,0.034816
139285,0.010496
139288,0.008192
139295,0.004608
139320,0.70656
139350,0.090368
139379,0.050688
139404,0.044288
139413,0.193792
139426,0.029952
139430,99.671552
139513,0.018688
139549,0.034304
139573,0.041728
139587,0.027136
139590,0.15744
139628,0.09472
139652,0.406016
139666,0.03968
139692,0.042752
139727,0.042496
139730,0.065536
139747,0.075008
139789,0.002048
139811,0.097792
139825,0.0064
139843,0.002304
139846,0.07936
139848,0.014336
139866,0.005376
139871,0.08576
139902,0.000512
139907,0.081152
139912,1.28128
139931,0.058624
139962,0.046848
139990,0.05376
140008,0.172288
140018,0.186624
140031,0.072448
140078,0.086016
140118,0.00128
140122,0.048896
140129,0.026368
140153,0.062208
140162,0.013824
140173,0.018432
140188,0.024576
140210,0.150272
140212,0.0448
140255,0.012288
140267,0.291072
140276,1.05728
140338,0.000512
140368,0.018944
140384,0.049408
140392,0.00768
140400,0.00256
140411,0.002048
140421,0.044288
140434,0.006912
140490,0.017664
140507,0.096
140509,0.067328
140512,0.050432
140515,0.735488
140527,0.049408
140547,0.110336
140558,0.035584
140582,0.02944
140613,0.045056
140618,0.004352
140643,0.000512
140665,0.28544
140690,0.014336
140697,0.00256
140724,0.029696
140734,0.015616
140736,0.132096
140748,0.037888
140769,0.168704
140798,0.145664
140803,0.022784
140818,0.028928
140825,0.058368
140850,0.000512
140852,0.036352
140873,0.046592
140889,0.06528
140910,0.018176
140924,0.001792
140929,0.576
140984,0.095488
140988,0.016128
141012,0.00896
141033,0.010752
141046,0.01024
141061,0.038912
141072,0.012544
141083,0.053504
141087,0.0064
141093,0.060672
141102,0.039936
141110,0.978176
141113,4.708864
141164,0.151808
141172,0.067584
141217,0.002304
141225,0.02944
141232,0.027648
141235,0.064
141249,0.019968
141259,0.275968
141294,0.020992
141306,0.037376
141323,0.029696
141325,0.04352
141334,0.05248
141349,0.106752
141360,0.12032
141388,0.161536
141403,0.004608
141419,0.062464
141447,0.021504
141456,0.011008
141462,0.001024
141475,0.036352
141485,0.075008
141494,0.046592
141541,0.478976
141552,0.063232
141571,0.086272
141599,0.178176
141609,0.047104
141620,0.11392
141648,0.12416
141658,0.023552
141668,0.00768
141678,0.088832
141690,0.093952
141708,1.50656
141764,0.0064
141767,0.0192
141784,0.00768
141792,0.00512
141821,0.02048
141831,0.047104
141837,0.025088
141857,0.006656
141860,0.036864
141883,0.047616
141895,0.095744
141931,0.068608
141940,0.048128
141945,0.024832
141974,0.016128
141985,0.037632
141990,0.045824
142034,0.028672
142050,0.146944
142086,0.156928
142121,0.030464
142125,0.081152
142132,0.057344
142171,0.086528
142210,0.082688
142224,0.096256
142239,0.026368
142249,0.100096
142258,0.00128
142270,0.000768
142279,0.02176
142292,0.013568
142296,0.219136
142318,0.851968
142379,0.140032
142409,0.00896
142433,0.036096
142456,0.029184
142471,0.149248
142474,0.079872
142479,0.009216
142505,0.00256
142509,0.01792
142515,0.03968
142523,100.025088
142586,0.566272
142620,0.013312
142635,0.012544
142638,0.034816
142644,0.024832
142692,0.022528
142731,0.141312
142752,0.013568
142760,0.03584
142762,0.035584
142800,0.015616
142805,0.00384
142810,0.001024
142833,0.087552
142842,0.0448
142853,0.019712
142861,0.054784
142884,0.123392
142909,1.62816
142914,0.160512
142952,0.059136
142953,0.007168
142983,0.321024
142986,0.023296
143002,0.04864
143025,0.066048
143037,0.01536
143043,0.080384
143045,0.006144
143068,0.006912
143085,0.009472
143095,0.106496
143098,0.012288
143106,0.050176
143111,0.058368
143150,0.071168
143175,0.051968
143179,0.029696
143210,0.04608
143238,0.004864
143243,0.017664
143276,0.064256
143286,0.091136
143292,0.041984
143307,0.084736
143326,0.01408
143337,0.013056
143339,0.083712
143380,0.002816
143389,0.017408
143392,0.052992
143403,0.037376
143409,0.136704
143423,0.017152
143429,0.010496
143441,0.040704
143448,0.188672
143452,0.050432
143457,0.079104
143485,0.205056
143487,0.049664
143509,0.026368
143510,0.711936
143512,0.519424
143543,0.019712
143578,0.051456
143591,0.037888
143596,0.217344
143638,0.001536
143652,0.063488
143658,0.101376
143670,0.011776
143694,0.01664
143698,0.026368
143721,0.03712
143748,0.040448
143796,0.021504
143862,0.017408
143869,0.025088
143885,0.0128
143888,0.125696
143898,0.214528
143917,0.012032
143922,0.002048
143934,0.022272
143957,0.054784
143992,0.0576
143993,0.39936
144024,0.036608
144031,0.129536
144043,0.065792
144047,0.085248
144069,0.005888
144091,0.0704
144101,0.098304
144103,0.116736
144110,0.789504
144120,0.484352
144156,0.007168
144175,0.02688
144183,0.12544
144217,0.04096
144242,0.0064
144249,0.107264
144254,0.0064
144259,0.07296
144280,0.041728
144283,0.00384
144285,0.035072
144292,0.082176
144317,0.052992
144333,0.025344
144351,0.076032
144353,0.035072
144368,0.02688
144377,0.229632
144430,0.028672
144439,0.032768
144497,0.004864
144498,0.006912
144504,0.066304
144512,0.18048
144538,0.036096
144561,0.024832
144578,0.025088
144612,0.000512
144614,0.078592
144629,0.03456
144651,0.066304
144696,0.015616
144701,0.03712
144706,0.050688
144714,0.048384
144717,0.108032
144752,0.05376
144755,0.002048
144798,0.017152
144823,0.152064
144833,0.121856
144852,0.012288
144858,0.01408
144866,0.065024
144903,0.011008
144930,0.02816
144942,0.054272
144962,0.011264
144973,0.079616
144990,0.014336
144991,0.023552
145010,0.11264
145017,0.026624
145045,0.20608
145063,0.03328
145092,0.004864
145113,0.044544
145119,0.136448
145124,0.054784
145129,0.015616
145150,0.006912
145155,0.007424
145177,0.007936
145196,0.019968
145213,0.024064
145219,0.104704
145245,0.0128
145251,0.057344
145259,0.028928
145266,0.00128
145274,0.847616
145314,3.477504
145357,0.029952
145361,0.004352
145393,0.0256
145409,0.04224
145421,0.004352
145425,0.033792
145450,0.038656
145462,0.03584
145464,0.035328
145476,0.115968
145487,0.01152
145500,0.091392
145513,0.023552
145529,0.000256
145571,0.138496
145578,0.130304
145588,0.002048
145612,0.114688
145621,0.013568
145634,0.01152
145637,0.028928
145667,0.201216
145672,0.036352
145699,0.055808
145722,0.187904
145736,0.039936
145750,0.06528
145770,0.110592
145802,0.010752
145808,0.290816
145828,0.001536
145829,0.283648
145863,0.087808
145872,0.18176
145908,1.712384
145921,0.172288
145968,0.04736
145979,0.061696
145987,0.012032
146006,0.052736
146013,0.111872
146046,0.0256
146058,0.045568
146061,0.06272
146075,0.062976
146122,0.0256
146124,0.079872
146162,0.014848
146177,0.089088
146180,2.134016
146234,0.0064
146247,0.024576
146267,0.060416
146282,0.17152
146306,0.03968
146325,0.085504
146363,0.04992
146371,0.017152
146380,0.035072
146394,0.009472
146420,0.000768
146432,0.00512
146438,0.007936
146447,0.052736
146454,0.076288
146464,0.012032
146502,0.042496
146509,2.768128
146581,0.016128
146595,0.18176
146621,0.110848
146623,0.11904
146645,0.023552
146658,0.014848
146668,0.057856
146688,0.00512
146692,0.031488
146721,0.007168
146736,0.001024
146758,0.101632
146774,0.100608
146779,0.036096
146783,0.030464
146798,0.020992
146823,0.026624
146842,0.019456
146850,0.007168
146858,0.427776
146883,0.15744
146922,0.188416
146936,21.223936
147001,0.000256
147017,0.01536
147022,0.088832
147028,0.029952
147043,0.013568
147048,0.013056
147051,0.006144
147065,0.012032
147071,0.056064
147101,0.00384
147103,0.018688
147110,0.09472
147112,9.536256
147172,0.034816
147204,0.001536
147249,0.08832
147268,0.024064
147281,0.01408
147291,0.125952
147306,0.008192
147326,0.112896
147343,0.012544
147358,0.022784
147378,0.01664
147409,0.03712
147413,0.007424
147430,0.018176
147450,0.065536
147464,0.033024
147477,0.043008
147482,0.084736
147515,0.046336
147523,0.119808
147543,0.051456
147547,0.111616
147550,0.109824
147589,0.154624
147594,0.070144
147602,0.16
147618,0.035584
147625,0.122368
147647,0.097536
147659,0.145664
147675,0.114688
147707,0.031488
147710,0.71296
147721,1.053696
147759,0.10752
147762,0.082176
147796,0.047104
147806,0.011008
147816,0.009728
147823,0.058368
147828,0.092928
147843,1.275392
147880,8.700672
147949,0.162816
147958,0.034304
147999,0.004096
148002,0.08192
148008,0.064
148022,0.202496
148042,0.151552
148095,0.0256
148110,0.08576
148116,0.020224
148118,0.061696
148123,0.042496
148150,0.096256
148155,0.027648
148162,0.01536
148179,0.050176
148232,0.07552
148241,0.02944
148263,0.03712
148266,0.00384
148278,0.003584
148290,0.053248
148310,0.701184
148332,0.008448
148343,0.029952
148353,0.111104
148362,0.056064
148364,0.589824
148402,0.05632
148405,0.104192
148445,0.069632
148452,0.136704
148503,0.050176
148515,0.0512
148527,0.055296
148530,0.065024
148537,0.065792
148553,0.065536
148558,0.035072
148585,0.287488
148589,0.113152
148630,0.091904
148643,0.065792
148653,0.003072
148687,0.055552
148694,0.014848
148713,0.020992
148723,0.030208
148730,0.144896
148757,0.097536
148766,0.02816
148772,0.03072
148789,0.001792
148818,0.019968
148828,0.047872
148830,0.122112
148864,0.009216
148874,0.02048
148893,0.095744
148910,0.690176
148914,0.36224
148954,0.033024
148962,0.009984
148966,0.025344
149003,0.02048
149022,0.125952
149032,0.131328
149043,0.012288
149054,0.024832
149065,0.00128
149067,0.024064
149092,0.512256
149094,1.822976
149120,0.0064
149133,0.114944
149163,0.045312
149178,0.024576
149221,0.022016
149232,0.072448
149253,0.039424
149255,0.039936
149266,0.027648
149269,0.046848
149283,0.135168
149285,0.06528
149291,0.116992
149303,0.00768
149308,0.008448
149312,0.00768
149323,0.211456
149333,0.003584
149345,0.029696
149350,0.04224
149357,0.058624
149370,0.06528
149392,0.045312
149406,0.012032
149410,0.03712
149426,0.055296
149436,0.071168
149438,0.026624
149451,0.11264
149471,0.018944
149474,0.002048
149487,0.00768
149491,0.020992
149508,1.544448
149526,0.718336
149587,0.009984
149596,0.068352
149603,0.060672
149626,0.000512
149632,0.051456
149639,0.036864
149647,0.030976
149662,0.080384
149689,0.050432
149692,0.015104
149697,0.017664
149703,0.067072
149720,0.143616
149746,0.095232
149763,0.004352
149775,0.04224
149799,0.04224
149807,0.00384
149812,0.051712
149817,0.029952
149832,0.0192
149837,0.013824
149842,0.17024
149857,0.137728
149873,0.215296
149887,0.00256
149907,0.04608
149947,0.050176
149952,0.091136
149955,0.186112
149965,0.01152
149981,0.026112
149994,0.012032
150016,0.000768
150023,0.162816
150025,0.012032
150048,0.080384
150059,0.0064
150073,0.003328
150080,0.06144
150083,0.04096
150084,0.265216
150110,0.466176
150133,0.102144
150162,0.188928
150176,0.104192
150193,0.073472
150232,0.01152
150235,0.179968
150250,0.099584
150272,0.063744
150293,0.0512
150299,0.073984
150343,0.00384
150378,0.028928
150393,0.000512
150398,0.037888
150404,0.164352
150413,0.020992
150432,0.105472
150446,0.122624
150451,0.11008
150472,0.033536
150477,0.066816
150485,0.076032
150507,0.022528
150518,0.001536
150531,0.002816
150564,0.17024
150574,0.004864
150628,0.094208
150639,0.064512
150673,0.131584
150712,0.880384
150720,24.510976
150782,0.02688
150785,0.044544
150794,0.121088
150810,0.059648
150815,0.007936
150819,0.06656
150828,0.429312
150830,0.491264
150849,0.026112
150871,0.344576
150884,0.036608
150922,0.20736
150946,0.001024
150951,0.092416
150961,0.018176
150997,0.527104
151028,0.014848
151044,0.031488
151047,0.012288
151052,0.026368
151066,0.034048
151083,0.011264
151092,0.000768
151095,0.28288
151132,0.178688
151157,0.901376
151181,0.101376
151188,0.056064
151213,0.241408
151227,0.119808
151251,0.363776
151266,0.025088
151272,0.057856
151283,0.020224
151296,0.082944
151321,0.111104
151335,0.137216
151343,0.065792
151389,0.024832
151409,0.012288
151419,0.959232
151456,0.00768
151466,0.049152
151482,0.087552
151493,0.153088
151503,0.162304
151532,0.149248
151538,0.01152
151551,0.025088
151559,0.100864
151593,0.00512
151622,0.059648
151638,0.080128
151645,0.029696
151666,0.025088
151683,0.028672
151689,0.011008
151723,0.165376
151728,0.028928
151744,0.016128
151752,0.058112
151776,0.018944
151784,0.082688
151791,0.10496
151798,0.070656
151826,0.0896
151833,0.098048
151853,0.117504
151859,0.148736
151871,0.036864
151874,0.063232
151897,0.14976
151906,0.012544
151908,1.393664
151921,0.776448
151952,0.008704
151963,0.082432
151974,0.059904
152002,0.013824
152059,0.17024
152084,1.084672
152112,0.018432
152114,0.034816
152130,0.100608
152150,0.000512
152153,0.007424
152163,0.129792
152167,0.030208
152174,0.006144
152183,0.353792
152248,0.01408
152253,0.088064
152274,0.095488
152277,0.007936
152303,0.06656
152337,0.032512
152364,0.013824
152369,0.07808
152421,1.613312
152458,0.009472
152509,0.24192
152556,0.01408
152564,0.101632
152576,0.083968
152605,0.042752
152607,0.06528
152615,1.388544
152643,0.043776
152669,0.118528
152672,0.00768
152720,0.243712
152739,0.026624
152753,0.001792
152790,0.047616
152797,0.01664
152824,0.08064
152831,0.118528
152849,0.036864
152861,0.188928
152869,0.718848
152913,0.000768
152927,0.0832
152946,0.105216
152986,0.056832
152996,0.015104
153021,0.01024
153072,13.33888
153108,0.118528
153120,0.064
153135,0.03968
153151,0.018432
153176,0.230144
153196,0.037632
153200,0.134912
153210,0.033792
153230,0.005632
153232,0.080384
153248,0.001792
153252,0.05888
153286,0.133888
153293,0.064512
153298,0.096
153305,0.220672
153327,0.037376
153340,0.214784
153362,0.006912
153371,0.0192
153374,0.16896
153379,0.034048
153397,0.014336
153428,0.014592
153433,0.007936
153436,0.06912
153455,0.125696
153461,0.027136
153468,0.151296
153478,0.032256
153515,0.021504
153518,0.015104
153525,0.185344
153539,0.021504
153562,0.11648
153570,0.017408
153582,0.139776
153586,0.047616
153597,0.002048
153602,0.017664
153632,0.064
153641,0.091392
153668,0.046336
153689,0.036608
153694,0.0384
153698,0.081408
153714,0.022272
153739,0.010496
153750,0.03072
153758,0.05888
153766,0.003072
153774,0.1472
153797,0.039936
153839,0.0448
153854,0.003072
153858,0.078848
153888,0.092672
153902,0.005888
153946,0.125696
153950,0.062976
153983,0.088064
153991,0.006656
154001,0.10752
154029,0.071168
154044,0.146688
154056,0.023552
154065,0.032768
154082,0.007936
154084,0.128768
154102,0.003328
154118,0.05888
154127,0.018176
154146,0.025088
154159,0.041728
154173,0.270592
154189,0.11904
154201,0.11776
154271,0.337152
154279,0.11008
154310,0.749568
154312,0.460288
154316,3.8272
154378,0.018688
154382,0.013568
154393,0.035584
154411,0.109824
154427,0.08704
154430,0.003328
154434,0.136192
154466,0.073472
154474,0.035328
154502,0.075776
154518,0.005888
154551,0.016896
154552,0.001536
154592,0.018176
154631,0.04736
154652,0.13696
154663,0.01408
154665,0.037632
154713,0.09344
154731,0.026368
154758,0.133888
154770,0.031488
154783,0.022784
154788,0.023552
154791,0.015104
154793,0.001792
154810,0.071936
154831,0.013824
154843,0.143616
154882,0.035584
154896,0.172544
154908,0.940544
154910,0.799744
154913,2.897408
154978,0.121856
154989,0.038144
155014,0.150528
155039,0.096768
155042,0.09472
155052,0.028672
155090,0.013056
155097,0.039424
155116,0.061184
155128,0.035584
155144,0.015616
155169,15.684864
155224,0.041728
155231,0.008192
155250,0.034048
155292,0.101632
155322,0.0832
155328,0.003584
155345,0.055296
155358,0.035072
155390,0.082944
155420,0.007424
155473,0.077568
155492,0.013056
155502,0.046336
155513,0.017664
155520,0.062208
155538,0.135936
155552,0.049664
155562,0.006144
155565,0.150272
155598,0.049408
155612,0.040192
155636,0.146176
155666,0.089344
155674,0.005888
155678,0.008192
155685,0.094976
155716,0.059392
155743,0.05632
155747,0.007424
155756,0.010496
155786,0.043776
155798,0.233984
155807,0.030208
155817,0.031488
155820,0.008704
155843,0.0192
155858,0.002304
155882,0.122624
155898,0.00384
155907,0.048896
155917,0.019968
155928,0.053504
155953,0.045056
155955,0.002048
155978,0.067072
156009,0.237824
156069,0.110848
156084,0.086784
156092,11.887104
156108,0.110848
156143,0.012032
156155,0.077568
156193,0.030208
156206,0.013568
156234,0.03584
156240,0.011264
156281,0.078592
156283,0.096
156295,0.032256
156302,0.015872
156312,0.05504
156332,0.02176
156345,0.058368
156348,0.008448
156358,0.027648
156364,0.202496
156402,0.068352
156427,0.141568
156435,0.04736
156445,0.068096
156464,0.0768
156470,0.063232
156482,0.11264
156513,0.122112
156521,0.135424
156527,0.000768
156534,0.01664
156556,0.02176
156567,0.045568
156594,0.051712
156602,0.02048
156634,0.07296
156649,0.000512
156672,0.05632
156692,0.076544
156714,0.08576
156742,0.029696
156745,0.068864
156772,0.065024
156781,0.232448
156806,0.0064
156826,0.032256
156832,0.045056
156834,19.823104
156895,0.14208
156903,0.109824
156925,0.178944
156977,0.013056
156983,0.125952
156987,0.013824
156999,0.01024
157067,0.178688
157097,0.045824
157101,0.068864
157128,0.04224
157136,0.025344
157143,0.07424
157147,0.004096
157153,0.108288
157193,0.13312
157199,0.109056
157227,0.122624
157265,0.030976
157266,0.009728
157275,0.009728
157278,0.083456
157281,0.006144
157283,0.08192
157300,0.055808
157308,1.51424
157310,0.026112
157313,0.036352
157346,0.022784
157362,0.015872
157375,0.020992
157383,0.043776
157385,0.044288
157396,0.00896
157421,0.038144
157446,0.092416
157473,0.005376
157483,0.136192
157485,0.00896
157507,0.077568
157528,0.050688
157550,0.008448
157555,10.980608
157626,0.027136
157647,0.249344
157673,0.0064
157677,0.140288
157720,0.078336
157745,0.005888
157751,0.944384
157782,0.061184
157803,0.11648
157821,0.045568
157826,0.07808
157856,0.022272
157859,0.000256
157867,0.025856
157874,0.028416
157882,0.06272
157888,0.02176
157906,0.13824
157910,0.654848
157920,1.082368
157922,0.6272
157959,0.0512
157961,0.028672
157973,0.202496
158000,0.034304
158003,0.195328
158046,0.00512
158062,0.034816
158065,0.0384
158078,0.014336
158082,0.024832
158097,0.020224
158102,0.045056
158109,0.016896
158116,0.003584
158131,0.113152
158137,0.045312
158165,0.048384
158183,0.105984
158189,0.0896
158211,0.110336
158214,0.027392
158227,0.011264
158245,0.071168
158253,0.001536
158278,0.18816
158293,0.014336
158308,0.033536
158312,0.095488
158314,0.08704
158323,0.107776
158343,0.027648
158350,0.057856
158355,0.03584
158363,0.030976
158375,0.055552
158400,0.164608
158402,0.038144
158413,0.063488
158471,0.035328
158480,0.110336
158503,0.187648
158520,0.720896
158560,0.022528
158564,8.670208
158602,0.091904
158625,0.031488
158629,0.014848
158648,0.010752
158657,0.005888
158677,0.147712
158717,0.007936
158733,0.024832
158739,0.063232
158753,0.060672
158781,0.11264
158801,0.033024
158803,0.032512
158806,0.064512
158822,0.019456
158828,0.024576
158840,0.041728
158845,0.00896
158872,0.018176
158878,0.007168
158886,0.153856
158909,0.020992
158925,0.228096
158950,0.09216
158987,0.128512
159021,0.036352
159037,0.062208
159040,0.097536
159084,0.06784
159090,8.022016
159110,1.373952
159141,0.048384
159152,0.027904
159168,0.009728
159181,0.055296
159191,0.05376
159205,0.0064
159209,0.077824
159218,0.01152
159224,0.001024
159227,0.013312
159230,0.065024
159250,0.056064
159260,0.032
159299,0.219392
159315,0.02304
159323,1.858304
159331,0.370432
159351,8.848384
159392,0.015872
159417,0.044032
159423,0.0832
159435,0.007424
159447,0.067072
159467,0.047616
159471,0.219136
159545,0.042752
159547,0.004608
159558,0.002048
159583,1.500416
159603,0.101632
159641,0.019712
159662,0.006144
159672,0.114432
159691,0.005888
159710,0.040448
159712,0.054272
159715,0.52992
159733,0.028928
159742,0.009216
159757,0.01024
159766,0.106496
159789,0.035328
159792,1.481216
159830,0.099072
159857,0.039424
159860,0.049664
159874,0.09344
159903,0.009216
159928,0.034304
159967,0.13696
159975,0.148224
159990,0.057856
159992,0.018944
160006,0.114944
160009,5.506048
160066,0.035072
160069,0.297984
160122,0.123392
160135,0.023296
160164,0.04992
160190,0.028416
160219,0.047872
160241,0.116224
160255,0.016384
160261,0.031744
160265,3.265024
160315,0.565504
160337,0.004096
160366,0.018432
160382,0.070912
160394,0.020224
160412,0.058112
160420,0.011264
160424,0.004096
160427,0.100096
160441,0.004352
160449,0.02048
160457,0.12032
160465,0.143616
160488,0.040448
160512,0.115712
160525,0.105472
160533,0.124928
160567,0.28672
160601,0.038912
160605,0.145408
160609,0.039168
160623,0.0448
160626,0.043264
160647,0.07296
160649,0.04992
160654,0.054272
160674,0.039936
160680,0.020736
160689,0.125952
160693,0.395776
160748,0.018944
160760,0.026368
160761,0.02176
160777,0.02816
160787,0.134656
160834,0.044032
160858,0.042752
160862,0.095744
160869,0.011776
160877,0.084224
160888,0.011008
160898,0.008704
160908,11.143424
160926,2.600448
161003,0.00256
161028,0.039168
161033,0.024832
161065,0.107008
161070,0.045312
161074,0.307968
161093,0.457216
161110,0.057856
161123,0.129792
161135,0.088064
161142,0.020736
161167,0.035072
161196,0.061184
161283,0.043008
161288,0.009984
161292,0.025088
161297,0.025344
161328,0.110336
161348,0.004608
161356,0.094464
161396,0.007936
161416,0.094976
161429,0.006144
161448,0.000256
161451,0.082176
161456,0.0256
161466,0.071168
161501,2.962688
161508,0.445696
161567,0.060928
161570,0.045824
161574,2.176
161619,0.02304
161634,0.04864
161637,0.037376
161662,0.011264
161665,0.006144
161686,0.05632
161695,0.034048
161714,0.011008
161716,0.068608
161729,0.105984
161749,0.003328
161756,0.093952
161797,0.102144
161807,0.036864
161809,0.076288
161828,0.063232
161858,0.009984
161878,0.044032
161882,0.114944
161898,0.081408
161924,0.024064
161944,0.045056
161952,0.000512
161956,0.022272
161969,0.028928
161987,0.042752
162007,0.011776
162011,0.033536
162024,0.03712
162040,0.074496
162060,0.02944
162073,0.1024
162083,0.00384
162092,0.03584
162102,0.005888
162106,0.00128
162110,0.983808
162126,0.25472
162149,0.04352
162156,0.017408
162163,3.149056
162253,0.136704
162276,0.02432
162278,0.117248
162285,0.045568
162315,0.002304
162342,0.381952
162369,0.075776
162380,0.000768
162390,0.131072
162424,0.224768
162447,0.126208
162458,0.089344
162470,0.060672
162482,0.009984
162485,0.037376
162505,0.076544
162506,21.136384
162570,0.007424
162598,0.095232
162602,0.012032
162628,0.045568
162647,0.14464
162665,0.021248
162669,0.031232
162688,0.058624
162710,1.042944
162720,0.309504
162758,0.08192
162769,0.14592
162800,0.086016
162802,0.08192
162812,0.001536
162814,0.027136
162842,0.27264
162858,0.014592
162871,0.041984
162920,0.04096
162923,0.01024
162934,0.047104
162943,0.034304
162957,0.095232
162976,0.054528
162982,0.022016
163002,0.001024
163010,0.005888
163028,0.062976
163047,0.024576
163076,0.047872
163098,0.137216
163116,0.028672
163154,0.1024
163170,0.008704
163172,0.024064
163175,0.025856
163202,0.105216
163212,0.140544
163225,0.032512
163227,0.086784
163244,0.007936
163248,0.12416
163269,0.018944
163275,0.03968
163289,0.091392
163314,0.019968
163320,0.00384
163329,0.004096
163342,0.01024
163363,0.022272
163366,0.087808
163390,0.07424
163418,0.00128
163442,0.115968
163461,0.00128
163480,0.122624
163483,0.041728
163493,0.193024
163507,0.028416
163518,0.028928
163522,0.042496
163544,0.023296
163560,0.080384
163571,0.05888
163607,0.011776
163612,0.229632
163624,0.039424
163667,0.086016
163695,0.006656
163698,0.001536
163718,0.073472
163748,0.067584
163760,0.093184
163775,0.075008
163784,0.07936
163802,0.011264
163819,0.016896
163845,0.050432
163865,0.131584
163895,0.82944
163913,0.360192
163921,4.866048
163961,0.0192
163990,0.033024
164002,0.066816
164009,0.046336
164021,0.014336
164023,0.086272
164045,0.06144
164051,0.002816
164063,0.039168
164089,0.084224
164092,0.083456
164117,0.028928
164132,0.034048
164145,0.03968
164155,0.30464
164157,0.093696
164169,0.059648
164198,0.007168
164208,0.0064
164243,0.004864
164250,0.001536
164296,0.011008
164338,0.00896
164341,0.012288
164357,0.079104
164365,0.1792
164403,0.016384
164408,0.089344
164428,0.001536
164438,0.038656
164459,0.047872
164461,0.041216
164463,0.042752
164483,0.035328
164521,0.939008
164558,0.163584
164589,0.137728
164618,0.013568
164642,0.031232
164679,0.0384
164687,0.012544
164700,0.29184
164714,0.118016
164719,0.066048
164744,0.13056
164748,0.011008
164793,0.034816
164800,0.07936
164819,0.020736
164824,0.020736
164832,0.047872
164845,0.06016
164848,0.083968
164879,0.023808
164897,0.338944
164904,0.000256
164923,0.032768
164951,0.024576
164961,0.028928
164971,0.017664
164981,0.036096
164997,0.017664
165034,0.018688
165042,0.01152
165048,0.028928
165065,0.01152
165070,0.131584
165083,0.01792
165096,0.065792
165104,0.001792
165113,1.782272
165121,0.000256
165153,0.046848
165156,0.06528
165173,0.08064
165194,0.145664
165200,0.083456
165213,0.92288
165216,7.473408
165262,0.054784
165265,1.605376
165288,0.003584
165317,0.02944
165320,0.073984
165343,0.087808
165350,0.11904
165353,0.013568
165375,0.02688
165379,0.069632
165391,0.021248
165416,0.049664
165430,0.058112
165441,0.053248
165448,0.178944
165473,1.756928
165519,0.062976
165531,0.018944
165567,0.036352
165612,0.086528
165618,0.407296
165645,0.096256
165662,0.02688
165667,0.037376
165697,0.520704
165700,5.531904
165729,0.003072
165748,0.422912
165779,0.16896
165805,0.019456
165858,0.056576
165864,0.015104
165880,0.013312
165883,0.033536
165893,0.095744
165903,0.11136
165925,0.01152
165927,0.082176
165957,0.038656
165965,0.07296
165974,0.095744
166001,0.04352
166040,0.01792
166051,0.02816
166073,0.171008
166091,0.021504
166127,0.012288
166138,0.002304
166154,0.018688
166163,0.050944
166177,0.091136
166180,0.045056
166185,0.057344
166206,0.011776
166208,0.06272
166237,0.021248
166259,0.034304
166270,0.133632
166289,0.008448
166300,0.082432
166303,0.006144
166308,0.208384
166327,4.744448
166340,6.98112
166388,8.109312
166421,0.06528
166438,0.049664
166449,0.045056
166472,0.047104
166475,0.041216
166484,0.034048
166489,0.0192
166500,0.026112
166505,1.628928
166560,0.017664
166566,0.152064
166586,0.060928
166612,0.10624
166632,0.02304
166642,0.035072
166651,0.04864
166675,0.005632
166693,0.013568
166703,0.133376
166718,0.02304
166723,0.040704
166752,0.00128
166765,0.030208
166776,0.077312
166790,0.019456
166808,0.053504
166826,0.006912
166832,0.104448
166838,0.094976
166845,0.09088
166857,0.009728
166868,0.080384
166872,0.045568
166878,0.062464
166908,10.996224
166983,0.087808
166997,0.019456
167008,0.019712
167013,0.068096
167017,0.056576
167030,0.045056
167047,0.020736
167055,0.113152
167077,0.192768
167080,0.029696
167110,0.01408
167118,0.063488
167121,0.058368
167176,15.34848
167269,0.08448
167284,0.002816
167299,0.007936
167303,0.04352
167317,0.018688
167319,0.034304
167342,0.04736
167353,0.19328
167373,0.082432
167380,0.046592
167383,0.073728
167403,0.0768
167409,0.11776
167422,0.0128
167438,0.07296
167466,0.025856
167472,0.043776
167482,0.069888
167508,6.057984
167527,1.043456
167617,0.149504
167664,0.091392
167683,0.037888
167692,0.0384
167699,0.034048
167736,0.021248
167755,0.0768
167758,0.02048
167773,0.014336
167824,0.109568
167843,0.040192
167869,0.012288
167879,0.006912
167884,0.0064
167895,0.024064
167936,0.046848
167940,0.001536
167966,0.025088
167979,0.09216
167989,0.04352
168024,0.125696
168037,0.064256
168085,0.005632
168096,0.187136
168113,0.048128
168156,9.282304
168223,0.034048
168229,0.073984
168234,0.045312
168257,0.014848
168295,0.051968
168307,0.045568
168316,0.01408
168324,0.035072
168333,0.019456
168339,0.013312
168347,0.022784
168370,0.012544
168378,0.09344
168382,0.031488
168396,0.0512
168427,0.018944
168439,0.114176
168464,0.026112
168468,0.03968
168482,0.067584
168508,0.13056
168552,0.030208
168557,0.007936
168586,0.073984
168603,0.0384
168611,0.000256
168625,0.02176
168632,0.056832
168651,0.047872
168664,0.043008
168679,0.036096
168689,0.032256
168705,0.027392
168708,1.28896
168710,8.847616
168766,0.094208
168775,0.02176
168792,0.018944
168796,0.019968
168857,0.010496
168866,0.029696
168896,0.002816
168911,0.013056
168942,0.055808
168947,0.0128
168975,0.711168
169024,0.180736
169039,0.094208
169042,0.042496
169061,0.027392
169075,0.05632
169086,0.144128
169102,0.059392
169105,0.028672
169118,0.036352
169142,0.096512
169152,0.16
169183,0.083456
169190,0.04736
169197,0.058368
169211,0.168192
169229,0.034048
169236,0.0576
169243,0.013824
169270,0.080896
169280,0.094976
169285,0.063744
169289,0.084992
169296,0.022272
169321,2.641664
169375,0.157696
169380,0.210176
169403,1.892096
169454,0.04608
169472,0.018176
169476,0.04608
169492,0.0576
169497,0.054528
169512,0.09856
169568,0.037632
169585,0.030464
169589,0.028416
169597,0.025088
169624,0.095232
169661,5.645312
169706,0.639744
169732,0.095232
169748,0.005888
169760,0.109056
169774,0.036608
169788,0.00128
169814,0.068096
169831,0.040192
169835,0.02176
169840,0.003328
169844,0.072448
169890,0.016128
169897,0.021248
169899,0.018688
169914,2.793472
169984,1.93408
170012,0.126976
170032,0.087552
170053,0.06144
170063,0.015104
170081,0.009216
170083,0.003072
170107,0.078336
170118,0.015872
170123,0.06016
170155,0.017408
170170,0.209664
170192,0.070144
170197,0.06784
170209,0.005888
170212,0.006912
170227,0.024064
170231,0.004096
170244,0.159232
170248,0.070656
170280,0.13952
170311,0.030464
170313,0.300544
170351,0.014336
170377,0.018944
170383,0.022272
170392,0.01792
170431,0.040704
170433,0.095232
170448,0.034304
170462,0.081152
170508,0.78976
170544,0.051456
170550,0.074752
170577,0.067584
170585,0.145664
170615,0.155648
170640,0.078336
170652,0.011264
170659,0.108032
170710,0.044288
170742,0.005376
170753,0.06656
170759,0.190976
170787,0.026112
170802,0.111872
170811,0.208128
170880,0.032
170882,0.171008
170920,0.075008
170937,0.16128
170950,0.039936
170972,0.01152
170978,0.141824
170987,0.043008
171035,0.01536
171041,0.09984
171049,0.045056
171065,0.003584
171097,0.07552
171102,0.072192
171110,0.121856
171159,0.009984
171175,0.002048
171186,0.032512
171195,0.00768
171206,0.070144
171212,0.11392
171246,0.10368
171323,0.009984
171327,0.033792
171331,1.579008
171366,0.047104
171380,0.110336
171388,0.001536
171404,10.884864
171469,0.209664
171490,0.014336
171502,0.1984
171517,0.021504
171519,0.054016
171526,0.016896
171552,0.005888
171560,0.17536
171576,2.81472
171606,0.024064
171623,0.426752
171647,0.061696
171653,1.809152
171672,0.006656
171698,0.088064
171708,0.082688
171720,0.565248
171738,0.017408
171755,0.068096
171760,0.035328
171761,0.111104
171772,2.982144
171821,0.063744
171826,0.035328
171830,0.045568
171844,0.072704
171888,0.058112
171915,0.0256
171936,1.317632
171973,0.030208
171995,0.03968
172016,0.052224
172031,0.096512
172054,0.047616
172073,0.050944
172094,0.051456
172107,0.037632
172116,0.004352
172134,0.06784
172156,0.0512
172161,0.073216
172166,0.121344
172172,0.067584
172186,0.069376
172202,0.021248
172224,0.032512
172233,0.020992
172241,0.11008
172260,1.037056
172300,0.3456
172329,0.006144
172346,0.202752
172382,0.041984
172395,0.159232
172415,1.257728
172416,2.255616
172463,0.017152
172471,0.643328
172497,0.05248
172502,0.067584
172522,0.081152
172530,0.978944
172547,0.032
172568,1.637888
172608,0.087296
172628,0.024576
172657,0.038656
172660,0.166656
172703,0.050432
172713,0.052224
172737,0.005632
172746,0.093952
172759,0.065792
172799,0.073728
172801,0.06272
172820,0.03456
172822,0.0192
172836,0.112384
172862,0.038656
172865,1.270016
172884,0.039424
172908,0.060672
172912,1.987584
172914,8.75136
172963,0.362752
172988,1.216256
173036,0.0256
173040,0.004352
173045,0.004608
173048,0.060416
173049,0.624128
173082,0.006912
173088,0.025856
173108,0.082688
173139,0.100608
173145,0.048384
173152,0.03456
173174,0.003328
173183,0.01024
173190,0.719616
173195,0.459776
173236,0.145408
173245,0.063744
173259,0.187648
173262,8.1728
173287,0.082944
173298,0.20608
173305,2.689792
173357,0.07424
173384,0.041728
173399,0.145664
173417,0.013056
173421,0.015616
173434,1.16992
173455,0.005632
173470,0.01536
173495,0.022272
173514,1.543168
173550,0.074752
173572,0.098816
173574,0.092928
173575,0.375808
173608,0.063488
173625,0.033792
173648,0.043008
173651,0.56448
173663,0.837376
173677,0.018944
173689,0.04224
173707,0.014336
173723,0.023808
173731,12.5184
173761,0.130048
173783,0.027392
173813,0.059648
173816,0.060928
173832,0.085248
173860,0.09216
173864,0.074752
173869,0.00512
173872,0.018432
173873,3.534848
173914,0.068608
173941,0.04224
173961,0.049152
173964,0.6656
173980,0.000512
173983,0.483328
173988,0.936192
174005,0.463104
174036,0.0128
174038,1.721856
174074,0.378624
174086,0.02048
174090,0.369664
174108,0.029696
174120,0.061952
174131,0.069632
174175,0.021248
174185,0.736768
174193,0.092928
174198,0.11392
174220,0.031744
174232,0.182528
174280,0.005888
174286,0.745216
174301,0.299264
174310,0.095488
174338,0.064
174366,0.284416
174370,19.171072
174412,0.076544
174431,0.01152
174449,0.205568
174455,0.00896
174467,0.033536
174499,0.072448
174508,0.002048
174510,0.014848
174514,0.085504
174527,0.060928
174548,1.494528
174561,0.372992
174583,0.051968
174586,0.226304
174616,0.107264
174639,0.057088
174653,0.15744
174678,2.343424
174716,0.116992
174720,0.060416
174721,0.66304
174735,0.113152
174750,0.00384
174780,0.077056
174789,0.03968
174805,0.06912
174825,0.024064
174832,0.372224
174850,0.043776
174853,0.011264
174870,0.01024
174881,0.20864
174889,0.055296
174914,0.023296
174922,0.089088
174949,0.036352
174952,0.025344
174953,0.027904
174992,0.132608
174994,0.029952
175004,0.2624
175016,0.031744
175041,0.439808
175065,0.023296
175071,0.695296
175082,0.025088
175091,0.93952
175138,1.13152
175179,0.101888
175200,0.28288
175213,0.033536
175219,0.027904
175225,0.00128
175234,0.01024
175242,0.026368
175254,0.041216
175262,0.076032
175278,0.067584
175291,0.045056
175296,0.04992
175301,0.024832
175312,2.747904
175316,1.717504
175353,0.078848
175358,0.179712
175393,0.077568
175397,0.003328
175401,0.097024
175414,0.083712
175417,0.045568
175430,0.00896
175438,1.246976
175471,0.093696
175477,0.049408
175502,0.01664
175515,0.536576
175520,0.6208
175546,0.125184
175556,0.011776
175582,0.029696
175585,0.030208
175608,0.126208
175615,0.395264
175624,1.49888
175640,1.469952
175673,0.052736
175682,0.148736
175699,0.012032
175701,0.00896
175726,0.019712
175776,1.463808
175782,0.24448
175785,0.69888
175826,0.102656
175834,0.033536
175841,2.079232
175857,0.596992
175869,0.220416
175878,0.847872
175900,0.137984
175910,0.402688
175954,0.071936
175978,0.283392
175980,0.063232
176012,1.105408
176013,0.252928
176024,1.685504
176025,12.068096
176105,0.105984
176110,1.955072
176157,0.011264
176166,0.04352
176184,0.152576
176198,0.092672
176202,0.080128
176206,0.041728
176239,0.01152
176247,0.047872
176258,0.116736
176261,0.09984
176273,0.154624
176278,0.100352
176282,0.012032
176285,1.393408
176288,0.40576
176325,0.116224
176371,0.057856
176411,0.013824
176419,5.424128
176451,0.029184
176466,0.014848
176475,0.113152
176483,0.067584
176489,0.045568
176501,0.009472
176509,8.583936
176512,7.699456
176577,0.01408
176603,0.030976
176611,0.09344
176623,0.112384
176646,0.016896
176669,0.064512
176672,0.036096
176716,0.121344
176738,0.084736
176746,0.000768
176755,0.001024
176789,0.01408
176804,0.010496
176826,0.068096
176827,0.09856
176829,0.259072
176833,0.13568
176840,0.081408
176878,0.0384
176881,13.014272
176918,0.091392
176959,0.044288
176986,0.063488
176991,0.37248
177011,0.072704
177016,0.005888
177021,0.059648
177037,0.022016
177038,55.636736
177107,0.027648
177108,0.738304
177159,0.002816
177162,0.132864
177167,0.303616
177197,0.008192
177212,0.051968
177221,0.01408
177232,0.094976
177236,0.07552
177240,0.038656
177247,0.007424
177262,0.388352
177287,0.204288
177304,0.01152
177312,0.080896
177320,0.073216
177349,0.007424
177352,0.036864
177356,0.027648
177383,0.073728
177403,0.005632
177436,0.195328
177447,0.072704
177450,0.072448
177465,0.356096
177490,0.022016
177515,0.000256
177529,0.000256
177535,0.044032
177542,0.022016
177553,2.334464
177564,0.141824
177598,0.000768
177618,0.022272
177628,0.01024
177658,0.063488
177699,1.262336
177712,0.073472
177749,0.087808
177751,0.01664
177759,0.001024
177763,6.657536
177820,0.008448
177822,0.063744
177829,0.031744
177839,0.050944
177841,0.011264
177848,0.053504
177860,0.07296
177865,0.079872
177872,0.48512
177895,0.036608
177897,0.020992
177930,0.052736
177941,0.028928
177970,0.056576
177987,0.03968
178003,0.859136
178029,0.000512
178045,0.056064
178058,0.004352
178061,0.13952
178071,6.8352
178141,0.046848
178147,0.02304
178169,0.013824
178172,0.11776
178184,0.060672
178186,0.1152
178190,7.742208
178242,0.0576
178258,0.046336
178268,0.045312
178282,0.019968
178285,0.043264
178300,0.209664
178304,0.031232
178331,0.066816
178337,0.09216
178341,0.002048
178345,0.106752
178351,0.080384
178366,0.031232
178380,0.028928
178383,0.047872
178390,0.038912
178397,0.041728
178404,0.03968
178419,0.011008
178422,0.016896
178437,0.09216
178442,0.071168
178444,0.10368
178462,0.000256
178479,0.015872
178486,0.016896
178511,0.039936
178516,0.136448
178543,0.04608
178548,0.061952
178575,0.06016
178582,0.631808
178603,0.05504
178607,0.046848
178617,0.048896
178638,0.006912
178656,0.325632
178671,0.023808
178676,0.029696
178724,1.273088
178745,0.058368
178748,0.040448
178759,0.403968
178792,0.224
178794,0.144128
178805,0.131584
178828,0.072704
178840,0.091904
178863,0.545024
178904,0.048896
178912,0.009984
178922,0.026368
178937,0.04992
178956,0.195584
178966,0.034816
178979,0.13312
178985,0.140288
178990,0.002048
179022,0.04736
179032,0.020736
179073,0.11008
179076,0.036608
179086,0.041984
179102,0.052224
179137,0.062464
179158,0.025088
179167,0.006912
179169,0.026112
179193,0.00384
179198,0.0064
179209,0.122368
179211,1.201152
179247,0.028672
179252,0.459776
179277,0.10112
179285,0.987904
179287,1.468928
179312,1.424384
179339,0.013312
179356,0.361216
179359,1.568256
179406,0.83072
179427,2.055168
179460,0.033792
179466,0.111104
179473,0.0128
179482,30.953472
179514,8.9856
179559,0.582144
179604,0.035328
179620,0.033792
179635,0.003584
179645,0.040704
179652,0.192256
179690,0.02688
179705,0.00768
179709,0.00896
179725,0.030464
179735,0.104704
179743,0.0256
179750,0.007168
179757,0.011776
179764,0.13056
179806,0.035328
179819,0.054528
179826,0.13952
179836,0.097536
179855,0.002304
179859,0.927744
179882,0.20608
179885,0.445952
179900,0.068864
179934,0.193792
179939,0.005632
179949,0.214016
179966,0.017152
179974,0.037632
179986,0.442624
179999,0.005376
180008,0.075264
180029,0.122112
180037,0.016128
180043,0.10112
180047,0.672256
180049,0.131072
180084,0.079104
180103,0.397312
180118,0.315904
180121,0.267008
180122,1.370624
180157,11.099392
180232,0.016896
180243,0.051712
180261,0.244224
180271,0.041728
180286,0.057088
180304,0.025856
180340,0.032768
180362,0.006144
180370,0.45952
180384,0.160256
180427,0.179456
180440,0.01792
180443,0.030976
180454,0.041472
180466,0.295168
180485,0.008448
180506,0.114688
180508,0.118784
180543,0.127232
180547,0.026368
180572,0.190976
180614,0.173312
180623,0.097536
180632,0.262912
180634,0.127488
180649,0.017152
180685,0.016128
180693,0.0128
180698,0.007424
180702,0.003584
180704,0.078592
180708,0.03584
180710,0.896768
180721,0.313088
180752,0.050432
180797,0.08704
180824,0.10368
180829,0.098304
180833,0.087552
180862,0.030976
180883,0.14848
180887,0.113152
180898,0.129792
180907,0.049664
180922,0.0576
180937,0.094464
180938,0.128256
180966,0.00256
180978,0.031232
180989,0.007168
181024,0.027904
181035,0.048896
181043,1.271296
181054,0.544768
181075,0.048896
181078,0.097536
181112,0.116224
181124,0.172544
181128,0.35968
181131,0.148224
181135,0.410368
181181,0.06528
181188,0.037888
181192,0.370688
181217,0.03968
181224,0.004864
181228,0.023552
181257,0.34432
181259,2.505216
181298,0.006912
181302,0.026624
181308,0.025088
181312,0.835072
181336,0.02304
181360,0.034304
181377,0.024832
181400,0.11008
181416,0.00128
181442,0.107776
181472,0.242944
181522,0.061184
181523,0.025856
181530,0.112896
181542,0.082944
181569,0.077056
181571,0.308736
181597,0.22144
181617,0.023552
181620,0.01664
181655,0.288512
181677,0.048128
181681,0.034304
181700,0.091392
181707,0.038144
181713,0.040448
181721,0.200192
181743,0.022528
181751,0.022272
181759,0.0448
181766,0.075264
181781,0.11776
181784,0.408832
181791,0.215808
181803,0.090624
181822,0.32512
181839,0.230144
181863,0.007936
181880,0.050432
181910,0.044544
181958,0.031744
181974,0.077824
181979,0.054528
181999,0.02944
182054,0.02176
182085,0.03072
182100,0.064
182112,0.128512
182123,0.04096
182135,0.15488
182141,0.022016
182164,0.034816
182179,0.034816
182182,0.029696
182192,0.066048
182203,0.027904
182221,0.1536
182228,0.053248
182275,0.020224
182279,0.035328
182282,0.11008
182293,0.071424
182327,0.088064
182330,0.066048
182333,0.30848
182338,0.233472
182344,0.005376
182361,0.03712
182371,0.12672
182380,0.342272
182386,2.226176
182412,0.331264
182472,0.146688
182477,0.043008
182483,0.099328
182510,0.099328
182515,0.006912
182532,0.049664
182547,0.096512
182551,0.45184
182564,0.026368
182581,0.143104
182598,0.074496
182600,0.124672
182654,0.092672
182692,0.073728
182702,0.002304
182722,0.065792
182729,0.000512
182761,1.056
182785,0.008192
182806,1.742592
182818,0.189184
182860,0.09856
182879,0.01408
182885,0.083712
182894,0.007424
182924,0.07552
182938,0.00128
182949,0.1088
182951,0.004352
182984,0.019456
182998,0.042496
183030,0.112896
183053,0.063744
183083,0.046848
183107,0.017152
183110,0.023552
183117,0.04224
183140,0.171264
183145,0.054528
183162,0.027136
183171,0.009984
183177,0.409856
183189,0.11392
183215,0.026368
183230,0.21888
183253,0.020736
183273,0.105728
183282,0.004352
183294,0.021504
183307,0.001536
183316,0.098048
183339,0.004608
183346,0.107008
183348,0.037376
183354,0.032
183391,0.07168
183403,0.05504
183454,0.02688
183459,0.041216
183465,0.077824
183479,0.109824
183499,1.06368
183533,3.767552
183589,0.042752
183613,0.02944
183620,0.175104
183625,0.016384
183634,0.017152
183666,0.110336
183675,0.425472
183707,0.075008
183710,0.792832
183713,10.0224
183758,0.042752
183765,0.0448
183770,0.046848
183776,0.004608
183808,0.053504
183827,0.00896
183837,0.028672
183859,0.013312
183861,0.12544
183871,0.05888
183897,0.019712
183913,0.099072
183920,0.007168
183938,0.144896
183975,0.047616
183989,0.128768
184009,0.068096
184031,0.014592
184048,0.044288
184053,0.129792
184063,2.176768
184084,0.094208
184105,0.006656
184107,11.189504
184139,9.382656
184189,0.098048
184216,0.099584
184217,0.000768
184223,0.018688
184234,0.091136
184237,0.128512
184247,0.016896
184275,0.052224
184302,0.014848
184312,0.383744
184321,0.612352
184322,1.318912
184336,0.24832
184338,0.020992
184383,0.073216
184387,0.272384
184399,0.097536
184403,0.274688
184419,2.028288
184439,0.022016
184458,0.115456
184466,0.052224
184492,0.102656
184525,0.078592
184550,0.230144
184562,0.004096
184594,0.013824
184609,0.065024
184614,0.483584
184646,0.452608
184679,0.013312
184687,0.018688
184696,0.032512
184702,0.014848
184708,0.11392
184723,0.04224
184747,0.047616
184762,0.007424
184767,0.008192
184769,0.084736
184790,0.00384
184792,0.009472
184815,0.006656
184827,0.01408
184850,0.158464
184862,0.059392
184872,0.024064
184874,0.008704
184877,0.028672
184897,0.65152
184903,0.013568
184920,0.420608
184925,0.328448
184965,0.02048
184989,0.1088
184994,0.57088
185029,0.09856
185043,0.042496
185058,0.058624
185091,0.051712
185092,0.014592
185098,0.06272
185113,0.085248
185118,0.292608
185165,0.003584
185189,0.027392
185196,0.647936
185240,0.007168
185243,0.101888
185273,0.118784
185278,0.079616
185290,0.01152
185292,0.07936
185312,0.014848
185322,0.105984
185346,0.01664
185377,0.141824
185385,0.02304
185394,0.05888
185407,0.148736
185416,0.008192
185422,0.000512
185438,0.010496
185442,0.082944
185455,0.046336
185474,0.161792
185494,0.091136
185505,0.026368
185508,0.080384
185525,0.207872
185529,0.020736
185552,0.066816
185563,0.04736
185579,0.028416
185587,0.040704
185603,0.0256
185624,7.429376
185662,0.00768
185712,0.029184
185713,0.288
185733,0.017152
185735,0.019712
185753,0.028928
185765,0.1088
185782,0.227072
185811,0.013568
185825,0.02944
185852,0.067328
185883,0.048128
185897,0.105472
185923,0.04608
185935,0.091392
185950,0.193792
185956,0.33664
185980,0.56832
185998,0.955904
186007,0.631552
186020,0.457216
186045,0.047104
186063,0.01792
186069,0.75904
186106,0.38528
186113,0.033536
186114,2.308352
186133,0.328704
186160,0.055552
186190,0.022784
186232,0.006656
186257,0.088576
186261,0.045824
186272,0.021248
186283,0.023808
186288,0.026368
186289,7.602688
186325,0.093184
186372,0.01664
186374,1.668352
186375,10.182144
186450,0.06144
186455,0.02816
186463,0.026112
186482,0.019456
186485,0.108288
186487,0.17024
186498,0.045056
186507,0.09472
186514,0.022016
186542,0.146688
186583,0.032768
186596,0.17664
186600,0.012288
186611,0.032768
186615,0.088064
186639,0.105728
186653,0.085504
186669,0.002048
186692,0.050944
186697,0.079872
186701,0.020992
186710,0.004096
186712,1.000448
186721,0.373504
186754,0.068608
186755,0.129536
186770,0.015872
186794,0.013056
186799,0.02816
186819,0.08192
186857,0.01664
186865,0.040448
186885,0.186368
186934,0.240128
186948,0.030976
186954,0.013056
186956,0.290304
186968,0.071936
187021,0.311808
187024,0.043264
187028,0.108288
187041,0.105472
187054,0.279552
187061,0.107008
187077,0.896256
187106,0.191744
187118,0.1792
187124,0.877312
187126,0.83968
187151,0.089856
187165,0.01536
187172,0.035328
187176,0.039936
187185,0.015616
187200,0.045312
187202,0.174336
187207,0.022272
187243,0.050688
187247,0.081152
187255,0.001792
187266,0.008448
187278,1.201664
187310,0.002304
187318,0.046336
187321,0.294656
187329,100.169728
187430,0.248832
187445,0.00128
187480,0.13184
187488,0.172288
187495,0.036352
187516,0.006144
187520,0.063744
187551,0.060672
187566,0.063488
187577,0.00128
187597,0.030464
187607,0.132864
187631,0.019968
187650,0.075008
187684,0.082944
187686,0.070912
187687,8.27264
187743,0.000768
187763,0.023808
187769,0.01792
187790,0.035584
187794,0.137472
187827,0.032768
187829,0.136448
187832,0.016384
187888,0.054272
187903,0.134656
187911,2.030848
187921,0.444928
187927,0.679424
187972,0.204032
187989,0.076032
188016,1.404928
188048,0.054272
188055,0.000512
188067,0.382208
188090,0.128256
188095,0.025088
188117,0.048384
188121,0.035584
188134,0.071424
188142,0.014848
188147,0.263936
188166,0.116992
188202,0.018432
188221,0.086528
188237,0.025088
188246,0.077056
188256,0.158208
188269,0.808192
188283,0.271104
188311,0.010752
188351,0.081152
188362,0.009472
188371,0.095232
188397,0.090368
188412,0.00896
188426,0.631808
188435,0.055552
188448,0.130048
188454,0.282624
188462,0.317184
188477,0.034304
188497,0.024832
188503,0.060928
188510,9.51296
188520,0.092416
188566,0.046592
188590,0.070144
188592,0.51712
188623,0.051456
188647,0.006912
188664,0.019456
188672,0.083968
188685,0.526848
188707,0.00768
188716,0.032768
188721,0.024064
188728,0.012032
188743,0.02304
188750,0.154368
188786,0.632832
188797,0.067584
188816,0.001792
188834,0.143104
188840,1.43872
188847,0.083456
188883,0.013312
188930,0.141568
188953,0.032256
188958,0.032256
188996,7.167232
189037,0.001792
189045,0.011008
189071,0.081152
189078,0.025088
189093,0.118784
189108,0.0384
189109,0.018432
189110,0.387072
189120,2.415872
189174,0.017664
189223,0.127744
189224,0.260352
189259,0.159488
189287,0.086784
189303,0.064
189320,0.032768
189323,0.022528
189361,0.011264
189363,0.080384
189379,0.02176
189383,0.058624
189393,0.002816
189397,0.062464
189402,0.056576
189452,0.01152
189463,0.117504
189469,0.985856
189482,0.002304
189494,0.233728
189518,0.60544
189543,0.01664
189553,0.062464
189587,0.000768
189597,0.188928
189608,0.00384
189612,0.086528
189614,0.01024
189624,0.280576
189653,0.019712
189669,0.027904
189674,0.020224
189687,0.0576
189699,6.336256
189755,0.095232
189777,0.074752
189789,0.092416
189800,0.069888
189829,0.109056
189845,0.070144
189862,0.088576
189872,0.055808
189874,0.040448
189878,0.218368
189902,0.045824
189904,0.040448
189914,0.001536
189931,0.061696
189943,0.022272
189956,0.049408
189979,0.060672
189983,0.032768
189998,0.08832
190000,0.015104
190022,0.060928
190028,0.049408
190043,0.022784
190089,3.67616
190132,0.699136
190167,0.038656
190182,0.060928
190204,0.258048
190227,0.0128
190231,0.024064
190243,1.180672
190260,0.036608
190276,0.411904
190312,0.246016
190320,0.015104
190338,0.136704
190346,0.025344
190364,0.008192
190379,2.044672
190418,0.236288
190431,0.002304
190436,0.071936
190473,0.873728
190510,0.052736
190521,0.007168
190534,0.08064
190536,0.013312
190559,0.066816
190566,0.018432
190592,0.363776
190606,0.040192
190617,0.005376
190658,0.00128
190672,0.675328
190707,0.012032
190715,0.039168
190730,0.015616
190733,0.529152
190745,0.060928
190797,0.073984
190801,0.217856
190813,0.778752
190845,0.072704
190860,0.100352
190869,1.188096
190898,0.185856
190910,0.354304
190917,9.17504
190961,0.018944
190992,0.292352
190995,0.00512
191008,0.228864
191015,0.02048
191027,0.053504
191057,0.096512
191074,0.11648
191082,0.920576
191122,0.069888
191124,0.116736
191126,0.080128
191158,0.032256
191165,0.064512
191166,0.216832
191211,0.724736
191233,0.150016
191252,0.111104
191264,4.285952
191297,0.027392
191302,0.268032
191320,0.02304
191358,0.059648
191383,0.027136
191392,0.087808
191397,0.470272
191430,0.120832
191433,0.093952
191456,0.009984
191473,0.016896
191497,0.013824
191502,0.041984
191505,0.025856
191512,0.801792
191523,0.710144
191555,0.169472
191591,0.1536
191621,0.11008
191630,0.419072
191655,0.043264
191668,1.25568
191729,0.12288
191734,0.000256
191745,0.204032
191750,0.102144
191764,0.034304
191769,0.112896
191811,0.193536
191822,0.006656
191833,0.045568
191858,0.019712
191892,4.023296
191939,0.0128
191943,0.07296
191958,0.131328
191979,0.305664
192020,0.0832
192024,0.088832
192046,5.308416
192092,0.00256
192095,0.033792
192137,0.039424
192140,0.080896
192147,0.013312
192153,0.184064
192170,0.050176
192180,0.268032
192207,0.076544
192227,0.315904
192248,0.05632
192257,0.007936
192262,0.17152
192272,0.11264
192285,0.103936
192303,0.026112
192310,0.00256
192321,0.109824
192333,0.029952
192339,0.059904
192353,0.031488
192355,0.022016
192363,0.11264
192387,0.0384
192402,0.090112
192410,0.002816
192417,0.044032
192442,0.020736
192453,0.056832
192460,0.100864
192472,0.009728
192480,2.941696
192538,0.037632
192551,0.026624
192595,0.088576
192620,0.093696
192627,2.17216
192658,0.342784
192692,0.065024
192708,0.098304
192711,0.035584
192738,0.02816
192746,0.043264
192762,0.195328
192773,0.65152
192825,0.224768
192830,0.030464
192844,0.297472
192851,0.217088
192877,0.004352
192882,0.386816
192889,0.04352
192894,0.006912
192916,0.01024
192918,0.03456
192938,0.229376
192980,0.083712
193002,0.077056
193007,0.002304
193010,0.009984
193019,0.008448
193042,0.007424
193048,0.008192
193056,0.03584
193062,0.01792
193070,0.387584
193098,0.104448
193116,0.006656
193143,0.001792
193152,0.114432
193163,0.051968
193174,0.02816
193198,0.016384
193213,0.247552
193219,0.157184
193233,0.1152
193235,0.58496
193257,0.14208
193268,0.011008
193274,0.570368
193290,0.389632
193294,0.309248
193342,0.117504
193353,0.109568
193368,0.036096
193392,0.058368
193412,0.000512
193414,0.099584
193420,0.027392
193426,0.10624
193432,0.0256
193433,0.090368
193436,0.148736
193466,0.122368
193480,0.009216
193512,0.006656
193521,0.055808
193524,0.058112
193537,0.148224
193548,0.352
193555,0.406784
193590,0.0256
193621,0.05504
193642,0.061696
193645,0.11264
193647,0.038912
193658,0.00512
193663,0.02176
193672,0.0896
193684,0.009472
193702,0.004352
193718,0.025344
193722,0.04608
193726,0.024576
193743,0.113408
193748,0.009728
193766,0.141312
193778,0.025344
193788,0.032
193798,0.043776
193803,0.073984
193814,0.006656
193821,0.034304
193865,0.063744
193891,0.055552
193896,0.043264
193912,0.83456
193977,0.117248
194019,0.023296
194038,0.025856
194042,0.086784
194056,0.116736
194067,0.092672
194085,0.045824
194130,0.070912
194150,0.025088
194154,0.628992
194179,0.056832
194196,0.055808
194203,0.013312
194231,0.062208
194233,0.034816
194253,0.059648
194268,0.047872
194275,0.043264
194291,0.339968
194339,0.01536
194341,0.012288
194357,0.101632
194364,0.047872
194381,0.079616
194390,0.040448
194408,0.01536
194425,0.04992
194437,0.002048
194439,0.03584
194445,0.007168
194468,0.068096
194495,0.002816
194498,0.131328
194512,0.941312
194550,0.016896
194568,0.005376
194616,0.029184
194632,0.059392
194647,2.785536
194678,0.034816
194692,0.046848
194710,0.001792
194712,0.022272
194720,0.11264
194734,0.044544
194739,0.13952
194754,0.005632
194760,0.000768
194770,0.264192
194778,0.262656
194810,0.705792
194853,0.001536
194858,0.04864
194868,0.022016
194872,0.04736
194876,0.000256
194931,0.141824
194957,0.54784
195010,0.1472
195019,0.04096
195062,0.038656
195064,0.02048
195066,0.048896
195092,0.096
195098,0.026368
195110,0.585728
195143,0.061952
195145,0.0128
195165,0.035072
195172,1.011968
195198,0.164864
195212,0.243456
195256,0.0192
195290,0.027904
195293,0.1088
195304,0.03328
195310,0.009984
195322,0.022272
195331,0.076032
195336,0.434944
195353,0.002304
195364,0.00256
195366,0.598784
195411,0.049664
195428,0.03328
195454,0.035328
195468,0.044288
195495,0.263936
195513,0.025088
195524,0.000256
195531,1.213184
195563,0.02688
195571,0.171776
195580,0.072192
195595,0.100096
195603,0.064
195610,0.050432
195618,0.000768
195635,0.045312
195652,0.036864
195668,0.105984
195680,0.053248
195692,0.101376
195703,0.049664
195720,0.551936
195732,0.05248
195757,0.120576
195784,0.037888
195812,0.032256
195825,0.032768
195842,0.198144
195846,0.115968
195857,0.296704
195868,0.142592
195879,0.034304
195896,0.018432
195909,0.059136
195920,0.009216
195929,0.015104
195945,0.00384
195962,0.015104
195966,0.027904
196009,0.173312
196044,0.672768
196061,0.027904
196066,0.011008
196104,0.02432
196111,0.078336
196123,0.066048
196127,0.009984
196135,0.046848
196137,0.077056
196185,0.145152
196196,0.004352
196197,0.024064
196205,0.008704
196240,0.022528
196263,0.075776
196292,0.005632
196294,0.137728
196303,0.06272
196307,0.0704
196326,0.867584
196341,0.150016
196356,0.08448
196369,0.126976
196376,0.532992
196411,0.005632
196413,0.176384
196463,0.545024
196507,0.023296
196512,0.143872
196543,0.159744
196548,0.106752
196562,0.034048
196598,0.170752
196605,0.016128
196624,0.875776
196647,0.012288
196663,0.103424
196682,0.128256
196692,0.058624
196712,0.002304
196720,0.023296
196741,0.051712
196747,0.029952
196763,0.09216
196770,0.037632
196778,0.052224
196787,0.000768
196802,0.008192
196824,0.017152
196830,0.913408
196866,0.025856
196908,0.554496
196914,1.500416
196937,0.097792
196943,0.016384
196997,0.054016
197032,0.108544
197042,0.019968
197092,0.028928
197123,0.041984
197130,0.020992
197162,0.070912
197177,0.072704
197183,0.008448
197189,0.034048
197192,0.051968
197232,0.122368
197238,0.034304
197245,0.045312
197259,0.24064
197272,0.0896
197292,0.005632
197294,0.300288
197324,0.048896
197346,0.32512
197350,0.047104
197359,0.114176
197383,0.000256
197412,0.027136
197444,1.118464
197469,0.050432
197488,0.04736
197502,0.012288
197513,0.037376
197540,0.762368
197580,0.062976
197600,0.076032
197612,0.000256
197625,0.195328
197632,0.029184
197667,0.116736
197673,5.5232
197723,0.0128
197730,0.022016
197748,0.022528
197761,0.048128
197767,0.364032
197780,0.12928
197803,0.184576
197812,0.159232
197837,0.026368
197842,0.14848
197846,0.00512
197860,0.072704
197862,0.005632
197873,0.260608
197913,0.041984
197930,0.104448
197934,0.081664
197944,0.124928
197953,0.090368
197974,0.073984
197976,0.029952
197984,0.086016
197996,0.009728
198012,0.01152
198021,0.022784
198027,0.107264
198029,0.075264
198044,0.078848
198090,0.03712
198108,11.892224
198157,0.177408
198158,0.046848
198202,0.107776
198218,0.007936
198252,0.062976
198255,0.648192
198301,0.04352
198305,0.005632
198315,0.015872
198320,0.005376
198345,0.064
198356,0.096768
198388,0.04096
198399,0.013568
198416,0.001536
198421,0.054272
198433,0.204032
198440,0.077568
198459,0.0512
198472,0.13696
198489,0.014848
198499,0.110336
198523,0.062208
198525,0.084992
198539,0.093696
198544,0.027136
198580,0.014592
198590,1.71392
198591,0.833792
198644,0.004352
198672,0.038656
198689,0.055296
198702,0.05248
198708,0.499712
198710,0.518144
198734,0.018688
198763,0.054016
198766,0.024576
198771,0.054528
198812,0.054528
198824,0.065536
198836,0.070656
198844,0.0192
198878,0.00512
198885,0.075264
198892,0.045056
198896,0.014592
198905,0.0128
198907,0.004352
198938,0.007168
198955,0.001792
198962,0.022784
198966,0.012544
198982,0.066816
198991,0.01792
198992,0.393728
199020,0.002048
199028,0.05248
199036,0.03968
199045,0.06144
199053,0.022784
199091,0.086528
199103,0.549632
199121,0.088064
199134,0.858624
199163,0.026624
199169,0.042752
199188,0.064512
199197,0.078592
199201,0.055552
199208,0.206848
199261,0.036608
199273,0.076544
199282,0.112128
199285,0.00512
199299,0.079104
199303,0.013056
199320,0.569088
199344,0.089344
199346,0.067584
199380,0.004864
199416,7.199744
199451,0.039424
199461,0.130048
199484,0.257792
199500,0.03072
199535,0.014848
199545,0.036864
199564,0.012544
199565,0.003328
199571,0.016128
199580,0.67584
199613,0.112896
199615,0.081408
199625,0.046848
199638,0.712192
199665,0.041472
199669,0.00768
199692,0.024576
199693,0.158464
199735,0.129792
199743,0.13184
199793,0.016128
199806,0.01024
199814,0.066048
199831,0.014336
199845,0.103168
199853,0.03072
199862,1.458688
199877,0.049664
199899,0.042752
199933,0.077824
199974,0.127232
199995,0.201984
200006,0.116224
200015,0.186368
200055,0.022784
200056,0.001536
200090,0.067584
200095,0.029184
200123,0.158208
200143,0.152576
200173,0.027648
200179,0.039424
200189,0.05376
200193,0.065024
200197,0.129536
200219,0.059136
200253,0.111616
200272,0.009472
200279,0.109824
200282,0.017152
200298,0.015104
200303,0.068864
200326,0.168192
200338,0.070912
200347,0.069376
200349,0.057088
200383,0.067072
200404,0.081408
200405,0.045824
200422,0.031488
200441,0.100608
200459,0.031232
200463,0.217856
200473,0.299264
200520,1.196288
200575,0.038144
200585,0.001024
200605,0.132352
200609,0.014848
200614,0.109056
200644,0.078336
200646,0.036608
200658,0.017664
200676,0.046336
200685,0.122624
200697,0.004608
200703,0.000256
200716,0.052224
200736,0.032
200742,0.020224
200745,0.463104
200755,0.002304
200762,0.083968
200814,0.004096
200821,0.15104
200848,0.07424
200859,0.04864
200873,0.104704
200891,0.114432
200893,0.086272
200908,0.069376
200940,0.0256
200942,0.025344
200948,0.018176
200965,0.020224
200969,0.011008
200974,0.004864
200976,0.098816
200982,0.02688
200997,0.027648
201021,0.053504
201032,0.028928
201042,0.033536
201055,0.035072
201059,0.043264
201064,0.036352
201072,0.015872
201102,0.000256
201120,0.722432
201141,0.1024
201155,0.098304
201166,0.04736
201192,0.045312
201206,0.037888
201222,0.506368
201245,0.040448
201255,0.017664
201261,0.206336
201274,0.020736
201317,0.038144
201329,0.010752
201332,0.051968
201335,0.120576
201348,0.943616
201430,0.046848
201451,0.109824
201456,0.018432
201476,0.040192
201486,0.105984
201487,0.005376
201492,0.194816
201507,0.019456
201509,0.004352
201512,0.081408
201534,0.054016
201560,0.053504
201573,0.008192
201576,0.041984
201582,0.262144
201586,0.111616
201601,0.028672
201630,0.024576
201633,0.08064
201635,0.009472
201649,0.00384
201667,0.06912
201680,0.028928
201682,0.550656
201712,1.675776
201780,0.133888
201793,0.016896
201808,0.06528
201813,0.03584
201819,0.033536
201845,0.018944
201852,0.064
201880,0.07424
201906,0.047616
201923,0.0448
201937,0.072704
201949,0.116992
201962,0.10752
201995,0.029184
202007,0.052736
202016,0.78208
202030,0.000768
202052,0.037888
202065,0.16128
202082,0.052992
202089,0.024576
202099,0.04608
202111,0.038912
202115,0.098048
202117,0.014848
202130,0.07808
202132,0.370944
202147,0.0256
202161,0.198656
202185,0.157952
202189,0.031744
202194,0.080128
202208,0.092928
202211,0.01152
202240,0.066304
202263,0.053248
202278,0.019968
202299,0.013824
202320,0.465408
202333,2.10176
202365,12.542976
202456,0.055552
202469,0.0384
202475,0.01792
202488,0.076032
202496,0.00896
202501,0.112896
202518,0.010752
202538,0.044032
202542,0.015616
202543,0.049152
202569,0.024064
202582,0.080384
202585,0.061952
202612,0.18816
202618,0.023808
202634,0.136704
202637,0.015104
202649,1.027584
202691,0.003584
202720,0.160768
202746,0.489984
202759,0.052992
202774,0.00256
202795,0.058112
202804,1.595904
202819,0.005632
202835,0.162816
202848,1.376768
202855,0.385024
202879,0.744704
202888,0.417792
202909,4.404992
202942,0.029184
202972,0.135936
202982,0.108288
203008,0.04608
203026,0.073472
203056,0.79744
203067,0.890368
203092,0.01152
203103,0.064256
203123,0.05632
203130,0.011776
203152,0.043264
203157,0.10368
203163,0.008448
203167,0.491776
203188,0.055296
203195,0.068864
203222,0.04736
203228,0.002304
203232,1.391616
203271,10.885888
203313,7.736576
203388,0.060928
203398,0.184832
203405,0.005376
203440,0.027136
203462,0.100352
203468,0.1536
203474,0.013056
203478,0.060928
203512,3.324928
203525,5.751808
203553,0.649984
203559,0.015872
203600,0.106496
203618,0.029952
203620,0.032768
203632,0.117248
203645,0.00768
203676,0.124672
203680,0.247552
203703,0.12544
203748,0.08192
203765,0.044288
203777,0.041728
203779,0.01152
203787,0.08832
203807,0.033792
203812,0.077056
203823,0.023296
203833,0.009216
203847,0.169728
203874,0.0064
203903,0.052736
203907,0.060672
203910,0.079872
203930,0.191232
203956,0.028672
203975,0.019712
203978,0.029952
203989,0.063488
203994,0.151296
204008,0.01152
204010,0.16128
204029,0.00384
204036,7.227392
204110,0.725248
204114,0.319232
204121,0.182528
204145,0.093952
204156,0.078848
204173,0.022016
204189,0.101632
204193,0.015872
204220,0.027136
204244,0.427776
204248,0.036096
204294,0.091136
204298,0.11648
204312,0.001024
204314,0.331264
204329,0.04096
204332,0.014848
204337,0.099328
204343,0.052992
204352,0.031488
204367,0.111616
204393,0.029696
204414,0.00512
204427,0.070656
204446,0.13952
204465,0.008448
204473,0.118016
204482,0.08832
204496,0.06528
204532,0.052736
204535,0.197632
204566,0.043776
204574,0.066816
204599,0.073216
204604,3.451392
204638,0.027136
204672,0.045568
204689,0.031744
204709,0.143872
204720,3.70304
204753,0.025088
204774,0.031488
204792,0.11648
204820,0.135424
204826,0.021248
204839,0.02432
204842,0.036608
204852,0.036352
204872,0.004352
204896,0.06528
204919,0.066304
204922,0.005888
204926,0.044032
204932,0.019968
204946,0.081152
204950,0.182272
204971,0.067328
204973,0.010752
204975,0.116736
204987,0.086528
204990,0.053504
205016,0.009984
205019,0.151808
205032,0.013056
205037,0.03968
205039,0.039168
205066,0.009472
205069,0.363264
205075,0.04736
205092,0.1024
205105,0.003328
205116,0.041728
205125,0.022784
205134,0.042496
205154,0.013056
205156,0.004608
205175,1.579008
205206,0.117248
205220,0.040192
205223,0.048384
205234,0.113152
205241,0.025856
205248,0.036352
205260,0.018944
205299,0.030464
205310,0.649472
205348,0.212992
205369,0.002048
205376,0.120064
205391,0.001024
205392,0.017152
205396,0.124928
205423,0.041472
205427,0.033536
205428,0.019456
205458,0.01536
205473,0.061184
205482,0.080896
205488,0.075008
205510,0.04608
205513,0.103168
205525,0.040704
205528,0.007424
205542,0.160768
205555,0.091392
205557,0.018176
205589,0.006656
205600,0.00384
205615,0.097536
205635,0.029952
205659,0.013824
205666,2.020608
205724,0.062208
205743,0.05888
205752,0.047872
205754,0.024576
205769,0.013824
205788,0.091904
205803,0.0128
205829,0.000768
205831,0.000512
205862,0.024576
205875,0.039936
205880,0.001536
205890,0.01792
205892,0.04352
205893,0.362752
205894,0.066304
205921,5.369088
205972,0.062976
205975,0.002304
205981,0.045568
205984,2.704384
206015,0.010496
206026,0.020992
206047,0.058368
206054,0.001792
206078,0.010752
206103,0.043008
206112,0.116992
206157,0.03072
206169,0.000256
206184,0.310784
206206,0.114432
206210,0.04736
206224,0.163072
206238,0.0064
206242,0.02688
206259,0.085248
206282,0.073728
206291,0.060928
206308,0.04096
206325,0.033792
206349,0.043776
206352,0.109824
206365,0.064
206369,0.067584
206376,0.043264
206408,0.032256
206423,0.06272
206443,0.00512
206459,0.08576
206466,0.031488
206476,0.06784
206502,0.009472
206508,0.11264
206516,1.17632
206538,0.032
206573,0.077056
206598,0.050432
206610,0.084224
206626,0.039168
206645,0.070656
206663,0.070144
206672,0.012032
206683,0.05248
206691,0.001536
206700,0.009728
206713,0.091904
206749,0.0448
206752,0.014848
206768,0.034048
206788,0.046592
206796,0.097536
206805,0.013568
206827,0.030208
206837,0.094976
206868,0.090624
206880,0.038144
206895,0.045568
206900,0.052992
206909,0.006144
206937,0.110336
206968,0.029696
207003,0.006656
207010,0.024064
207026,0.047872
207035,0.158208
207073,0.050176
207077,0.045312
207089,0.246784
207094,0.119552
207108,0.003072
207112,1.01248
207130,0.008704
207158,0.066304
207160,0.006656
207172,0.02176
207182,0.077568
207192,0.043264
207199,0.041472
207222,0.064512
207238,0.068352
207254,0.061696
207258,0.054528
207267,0.073984
207290,0.015616
207299,0.012544
207312,0.03072
207319,0.06656
207329,0.007424
207373,0.123904
207384,0.010752
207399,0.002048
207427,0.037376
207433,0.039168
207438,0.050944
207451,0.452096
207466,0.06784
207505,0.010752
207523,0.165376
207554,0.00256
207563,0.022528
207590,0.17408
207624,0.028928
207637,0.018176
207639,0.025088
207656,0.001536
207661,0.021504
207664,0.06272
207672,0.093696
207673,0.026112
207707,0.004352
207710,0.843776
207733,0.08192
207753,0.025088
207779,0.110336
207798,0.113152
207821,0.04992
207831,0.12672
207846,0.077568
207851,0.014592
207866,0.005632
207875,0.070656
207895,0.003072
207906,0.000768
207931,0.045312
207938,0.244224
207946,0.0896
207954,0.060416
207982,0.0384
207999,0.052224
208012,0.086528
208013,0.122112
208017,0.13568
208025,0.000512
208030,0.02048
208063,0.041216
208072,0.026368
208106,0.033024
208112,0.082176
208116,0.01024
208127,0.09344
208138,0.112896
208143,0.075264
208176,0.004352
208178,0.038912
208180,0.10496
208197,0.06656
208210,0.11392
208239,0.06144
208246,0.003584
208256,0.059648
208266,0.059904
208283,0.165632
208287,0.18048
208324,0.070656
208554,22699.750912
208718,10.479104
208911,10.774016
208974,2.251264
209075,0.021248
209180,0.00512
209510,0.642048
209512,0.418816
209878,0.008192
210403,0.003328
210405,0.998144
210653,0.064768
210714,0.927232
210720,0.219392
211018,0.04864
211114,0.058368
211308,0.87552
211579,0.02432
211589,0.02816
211910,1.049344
212074,0.056832
212267,0.038144
212339,0.0064
212405,0.083712
212420,0.198912
212524,0.957696
212770,0.008448
212927,0.083968
213121,0.327168
213170,0.049152
213439,1.116672
213441,0.491264
213443,0.93568
213467,1.300736
213542,0.040192
213721,0.500736
213798,0.028672
214035,0.014848
214139,0.025088
214312,0.9152
214463,0.035584
214768,0.064768
214776,1.280512
214821,0.134656
214902,0.07296
214927,0.964352
215242,0.050944
215389,0.050176
215539,0.155648
215895,0.125184
216127,0.024832
216144,0.127744
216207,0.850944
216355,0.44672
216414,1.045248
216714,0.802816
216922,0.039936
217122,0.116224
217314,1.864192
217327,0.447232
217446,0.23296
217683,0.014848
217687,0.009728
217876,0.126464
217908,0.072448
217921,1.069312
217972,0.046848
218001,0.11904
218006,0.545792
218018,0.74624
218021,0.039168
218028,2.418688
218033,0.084736
218049,6.209024
218216,1.34016
218374,0.03456
218462,0.85632
218659,0.380928
218671,0.16256
218698,0.240384
218740,0.007936
218840,0.164096
218995,3.12576
219004,1.937152
219062,0.04224
219114,0.781568
219343,1.116416
219345,1.203968
219474,20.882688
219531,0.08832
219588,0.061952
219710,0.61696
219762,1.821952
219865,0.081664
219895,0.124928
220310,0.674304
220321,1.528064
220368,3.756032
220703,0.053248
220940,0.288512
221033,0.038144
221138,0.112128
221153,0.680192
221192,0.00896
221268,4.310528
221362,0.21248
221503,2.812672
221867,0.038656
221906,0.394496
221996,0.08448
222074,0.02176
222110,0.57088
222218,0.571904
222432,3.633408
222470,3.270144
222473,1.975552
222672,0.46592
222712,0.53888
222793,0.011776
222863,99.666688
222913,1.290496
223300,0.01024
223314,0.1728
223357,0.121856
223410,0.442368
223611,0.965376
223739,0.02688
223795,0.585216
223908,1.19168
223909,4.459776
223912,0.111104
224230,0.205824
224298,99.723008
224510,0.656384
224819,1.020672
224941,0.138752
225110,0.448256
225113,0.52096
225224,10.26176
225330,0.104448
225435,0.615424
225442,7.488256
225559,6.472704
225632,0.04608
225694,0.108544
225886,0.29696
225888,21.19936
226308,1.711104
226567,0.638464
226629,0.046336
226902,0.056576
226914,0.531968
226933,0.159488
227044,0.285696
227132,0.11648
227204,0.611328
227297,0.137216
227398,0.013824
227450,0.772096
227521,0.092928
227632,0.391424
227895,0.019712
227944,0.652544
228063,0.029952
228095,0.176128
228108,3.200512
228137,0.002816
228158,0.000256
228208,0.676864
228398,0.487936
228469,4.5312
228590,0.323328
228677,0.52608
228709,0.077312
228799,0.063488
228860,0.143104
228897,0.215296
228921,0.057856
228929,2.327552
228943,0.946432
228944,0.323072
228947,1.06752
229041,0.079616
229124,0.157696
229184,0.060672
229187,0.006144
229218,99.828992
229327,0.777984
229329,0.690176
229400,0.140544
229458,0.046336
229462,0.028928
229736,7.374592
229867,0.31872
229902,0.031488
230381,0.121088
230733,0.31744
230774,0.040192
230897,0.293632
231024,0.35072
231063,0.404736
231108,3.858176
231129,0.205568
231160,99.428608
231328,0.193536
231343,0.781824
231386,0.135168
231490,0.317952
231659,0.054784
231710,1.279744
231843,0.127232
232043,0.002048
232218,1.531136
232296,0.018688
232308,1.429504
232661,3.081216
232909,0.21376
232924,0.868864
232926,0.950272
233250,0.006656
233346,0.001024
233358,0.375552
233378,0.227584
233512,0.0832
233513,4.05248
233559,0.792576
233563,1.613824
233644,0.36224
233694,0.018944
233857,0.246784
233866,0.07552
233929,0.02304
234052,0.113152
234105,0.553216
234111,26.830336
234174,0.09088
234184,1.022464
234207,8.66048
234341,0.017408
234375,0.13952
234451,0.512768
234485,0.02688
234571,0.15104
234652,0.319232
234682,0.412416
234806,0.464896
234837,0.123648
234906,0.025344
234959,0.23168
235016,1.10848
235020,7.302656
235220,3.364096
235314,0.14848
235330,2.115328
235464,0.334592
235615,0.232704
235743,0.379136
235912,1.307136
236006,0.475648
236172,0.34944
236271,0.001792
236475,4.945664
236487,2.352896
236510,1.09696
236753,0.044288
236778,0.022528
236975,1.07264
237063,2.53696
237112,1.55136
237143,0.355584
237334,0.022784
237451,0.02176
237608,0.05248
237710,0.137472
237720,0.965888
237725,0.951808
237769,0.035328
237825,0.02304
237896,0.026112
238147,2.106112
238155,99.454464
238254,0.666624
238274,1.282816
238277,1.28512
238286,3.334144
238289,0.434176
238320,0.221184
238337,0.325632
238413,0.073472
238479,6.56896
238496,12.927744
238502,4.502528
238533,7.127552
238723,0.110848
238908,1.55904
238911,1.074944
238928,98.783488
239109,0.020736
239181,0.26112
239275,0.039936
239321,0.023808
239388,0.168192
239445,0.065792
239488,1.51936
239525,9.23136
239528,2.630912
239709,0.260608
239755,0.008192
239811,0.4928
240045,0.007936
240110,1.369856
240150,4.994048
240188,1.515776
240217,0.88192
240576,0.437248
240577,0.495104
240612,0.055808
240681,0.108544
240721,0.000256
240769,0.029952
240940,4.225792
240943,0.430848
240957,2.67008
240962,0.22272
241020,2.644992
241215,6.039808
241226,1.101568
241232,1.168896
241279,0.674048
241334,0.004864
241392,2.9248
241463,6.459904
241535,0.002048
241598,0.069632
241615,4.031488
241662,1.776896
241878,0.5504
242232,0.002304
242354,2.478336
242381,1.413888
242748,0.187648
242995,0.0064
243004,0.019968
243082,0.167936
243112,0.802816
243121,0.622592
243710,1.448192
243721,1.085696
243819,0.059648
244057,1.953024
244252,0.053248
244357,0.318208
244756,0.016384
244874,20.466944
244910,0.470528
244989,0.125696
245108,0.210944
245304,17.421056
245309,92.758016
245499,5.248256
245510,0.346624
245512,0.24832
245521,0.360192
245597,3.234304
245598,0.297216
245660,0.074752
245706,1.502208
245732,0.302592
246074,99.661824
246121,0.487168
246155,1.375744
246162,1.238272
246163,6.229504
246165,88.911104
246799,11.779584
247269,0.038656
247288,25.743616
247556,0.358656
247672,0.244736
247706,0.01792
247775,0.175104
247909,0.433152
247912,0.231168
247915,1.27744
248010,0.73088
248067,0.155648
248084,2.964224
248204,1.611776
248272,0.842752
248493,0.246016
248538,0.13312
248627,0.167936
248777,0.411904
249145,0.082944
249316,1.142528
249346,6.142208
249428,0.118272
249446,0.061952
249452,26.008576
249509,0.083968
249526,2.906112
249699,0.106752
249708,11.499264
249739,4.11648
250012,0.037632
250193,0.090624
250251,0.10624
250308,0.04608
250313,0.375808
250314,0.21632
250442,0.01536
250465,0.073728
250668,0.127744
250697,1.63712
250699,0.45696
250777,0.237312
250912,0.509696
250951,0.04608
251125,0.406528
251298,0.279808
251301,0.029696
251350,0.092672
251364,1.584896
251397,1.49888
251474,0.088576
251508,1.633024
251621,0.736256
251712,0.174336
251813,0.336384
251887,0.041984
251951,0.010496
251973,0.294144
252055,1.515008
252068,0.168448
252166,0.088832
252168,1.006848
252272,0.347648
252323,0.216064
252594,0.169984
252710,1.625088
252712,1.30304
252721,0.071424
252937,0.079616
252977,0.28672
253007,0.118784
253077,0.561408
253106,0.15104
253206,0.040448
253227,0.371456
253277,4.284672
253309,2.4128
253318,0.981248
253342,0.486656
253357,4.45952
253364,4.20992
253369,1.197568
253372,1.699072
253418,0.36992
253465,0.327936
253534,0.04992
253612,0.165376
253682,0.006912
253754,0.907776
253772,4.076288
253908,1.804544
253921,1.639168
253981,1.391872
254130,0.5696
254205,0.0896
254260,0.05504
254330,0.396288
254609,0.03072
254844,1.60256
254871,0.376832
254873,2.55488
255007,0.071424
255011,0.059648
255049,0.0128
255108,0.482304
255120,0.409088
255125,1.504768
255222,0.583168
255440,0.63104
255674,0.075776
255709,2.998528
255713,0.701952
255717,1.68576
255790,1.134848
255797,0.242688
255866,0.337408
255974,0.096512
255978,0.236032
256179,1.704704
256250,0.004864
256263,0.040192
256300,0.033792
256308,0.47104
256310,0.097024
256312,1.452544
256320,1.215744
256520,0.879104
256577,0.01792
256702,0.128
257052,0.074752
257253,0.077312
257510,0.95872
257520,0.809728
257633,0.998656
257747,0.02432
257867,1.520384
257885,6.888448
257894,0.897024
258067,0.128256
258093,12.969216
258115,1.013504
258120,0.187392
258167,1.996032
258250,4.073728
258330,0.315648
258498,0.090624
258577,2.080512
258635,0.369664
258640,0.303872
258687,0.304128
258705,99.599872
258812,0.032
258857,0.43392
259052,0.005888
259054,0.499968
259208,1.668096
259302,0.64
259312,0.509696
259314,0.50688
259356,0.058112
259379,0.39808
259386,4.755968
259519,0.191488
259603,0.029952
259631,0.560384
259819,2.742784
259857,1.293056
259884,2.480128
259910,0.77568
259970,0.006656
259971,3.56864
260278,0.040704
260370,0.088832
260430,0.094208
260473,0.013056
260546,0.503296
260671,0.866304
260685,0.56192
260771,0.099072
260776,0.189184
260796,2.82368
260962,99.542016
261026,23.867136
261121,1.870592
261126,1.490944
261182,0.224
261267,0.178944
261325,0.034304
261352,22.130432
261607,0.420096
261720,1.749248
261726,1.268992
261752,0.208384
261871,0.055808
261894,18.574848
261964,0.03328
262125,0.0384
262155,0.029952
262271,0.44544
262308,3.54048
262310,0.486912
262458,5.666816
262461,0.974592
262519,0.05248
262699,0.141824
262941,0.25216
262969,0.934912
263092,0.008448
263096,4.513024
263173,0.030976
263376,0.014592
263399,1.779456
263514,10.512128
263706,0.395008
263748,0.601344
263750,0.064768
263783,102.543872
263882,0.325632
264110,1.667584
264156,0.143104
264198,0.020736
264326,3.392512
264532,0.01024
264540,0.398592
264710,1.8112
264720,0.601088
264721,0.540672
264937,2.825216
264941,0.499712
265060,1.09312
265070,0.599552
265081,0.648192
265154,0.401408
265173,0.711936
265175,0.220928
265270,0.276992
265312,6.744832
265590,0.022784
265920,0.383488
265984,0.533504
266154,0.33536
266246,0.290816
266343,0.060928
266472,0.22784
266521,1.902848
266632,0.008704
266694,0.126976
266775,0.014592
266836,0.023552
266972,0.365568
267110,0.39808
267193,0.031488
267207,0.841984
267232,0.04096
267321,0.357376
267448,0.059648
267559,0.008448
267709,0.52352
267712,13.128192
267869,0.008704
267927,0.05504
267974,1.841152
268050,0.409856
268171,18.048256
268232,0.009472
268252,0.744192
268319,1.891328
268570,0.948736
268611,0.008192
268734,0.019456
268856,0.056832
268920,0.914176
269039,0.090624
269075,0.024064
269098,1.434624
269334,0.007936
269474,0.073472
269670,0.009984
269803,0.018176
270000,0.093696
270118,0.390656
270121,0.302592
270160,10.912512
270226,3.859712
270249,0.39168
270301,0.189696
270390,0.584704
270472,0.290048
270710,1.83424
270877,0.962816
270936,0.089856
270954,3.592704
271021,0.010752
271065,0.008192
271153,0.21632
271159,0.401408
271203,0.09728
271320,0.17792
271321,0.496128
271426,3.747584
271459,0.110592
271507,0.264448
271622,0.060928
271901,0.322304
271910,1.954048
271913,0.760832
272050,0.05376
272215,0.02048
272657,0.22912
272940,0.491264
273014,0.07552
273103,0.753152
273242,3.242496
273277,11.152384
273398,0.110592
273472,0.193792
273597,0.194816
273642,0.010752
273652,0.008448
273710,1.448704
273712,1.552128
273721,0.3136
273775,0.309248
273862,0.03328
273891,1.2928
273931,3.3408
274097,0.203776
274262,0.97664
274308,1.960704
274320,1.027072
274356,0.026368
274444,0.198656
274487,0.169728
274500,0.0704
274632,0.956672
274671,0.020224
274703,0.089856
274730,0.103168
274811,0.002816
275054,0.642816
275178,0.166144
275308,0.773888
275510,1.225472
275527,2.059008
275710,0.603904
275724,1.51808
275880,0.033024
276110,1.984512
276152,0.292608
276185,0.099072
276213,0.289024
276251,0.348928
276271,0.069888
276320,0.042496
276363,0.00384
276414,0.035584
276476,3.216896
276513,0.221696
276583,0.01408
276665,0.45824
276713,0.458752
276884,0.568064
276926,0.288256
276930,0.002048
276968,1.919232
277031,0.077568
277101,1.069056
277206,2.242048
277237,9.716992
277312,0.01152
277321,1.229568
277396,0.0576
277502,0.248064
277526,0.092416
277669,1.421312
277777,1.436416
277910,1.967872
278079,0.001792
278185,3.335168
278388,0.325632
278402,1.040128
278510,0.324608
278520,0.157184
278580,0.3584
278655,1.750016
278657,4.596992
278692,3.08608
278762,0.193536
278763,0.432896
278903,0.062208
278941,0.078592
278984,0.206336
279016,0.051456
279048,0.04608
279108,5.285632
279122,0.091904
279158,0.240128
279180,0.338432
279346,0.084992
279369,0.047872
279387,0.017152
279622,0.217856
279708,1.086464
279719,0.633088
279771,0.037632
279808,0.027648
279923,0.894464
280062,0.253696
280078,0.9408
280240,0.845056
280278,0.04352
280308,2.39232
280523,0.00896
280575,0.40448
280752,0.04864
280818,0.00512
280910,0.460544
280912,0.946944
280937,0.048896
280952,0.027392
280993,0.016896
281092,0.228864
281105,0.084992
281107,0.413184
281144,0.042752
281234,0.12544
281310,0.038656
281434,0.000512
281522,1.977088
281738,0.854784
281826,0.10496
282037,0.004864
282040,0.0192
282177,3.020288
282204,1.194496
282710,1.800448
282714,0.45056
282720,0.998656
282729,8.130048
282734,2.014976
282737,0.76672
282742,16.800512
282749,2.78784
282785,5.235456
282809,0.153856
282868,0.037888
282918,0.087552
283209,0.04352
283220,0.06144
283249,0.042752
283293,0.076288
283309,1.86368
283319,0.897536
283912,1.942272
284207,0.030976
284224,0.101888
284314,0.018176
284369,0.00256
284510,0.598016
284513,0.997888
284515,0.17024
284556,0.027392
284606,0.140032
284656,0.471808
284879,0.588544
284915,1.202688
284920,1.936896
284924,1.082112
284986,0.070912
285017,0.04992
285126,0.608
285204,0.009472
285278,0.051456
285293,2.352128
285343,0.243968
285399,0.060416
285712,7.086592
285835,0.04736
286084,0.077824
286305,0.127488
286308,12.347392
286377,0.07936
286407,0.152576
286524,0.164864
286595,0.32896
286649,0.256512
287024,0.043264
287053,0.127232
287125,0.07296
287141,0.0128
287167,0.018432
287358,0.170752
287522,1.037568
287527,2.006784
287615,0.049152
287698,0.41472
287890,0.046336
287994,0.14336
288130,1.951744
288285,0.365568
288290,0.139264
288484,0.337408
288512,0.078848
288549,0.051456
288632,0.032512
288649,0.128
288674,0.15872
288710,1.278976
288959,0.007424
289175,0.01536
289312,1.102592
289321,0.566784
289396,5.549824
289397,12.146432
289489,0.038656
289586,0.058112
289703,0.051968
289920,0.125184
289921,1.613312
289981,0.011264
289987,0.012032
290124,0.146176
290141,0.098048
290341,0.029696
290510,0.847104
290693,0.069376
290942,0.046592
290966,0.248576
291129,0.80768
291273,0.599552
291365,0.030976
291395,0.028672
291436,0.580352
291669,0.24576
291712,3.478016
291907,0.290048
292008,0.038144
292163,0.19712
292309,1.161216
292320,0.701696
292377,0.00256
292765,0.002048
292785,0.042752
292874,0.004352
292893,0.517888
292909,3.635968
292927,0.0576
293320,0.709632
293418,0.054272
293510,1.768448
293511,0.019456
293522,0.631296
293725,0.200192
293827,0.01408
293964,0.002048
294046,0.022784
294384,0.086016
294406,0.020736
294699,0.013568
294717,0.000768
294759,0.233216
294814,0.024064
294972,0.117248
295081,0.122624
295184,0.4032
295310,1.227008
295363,0.05888
295433,0.70144
295510,0.125696
295784,0.040448
295866,0.152576
295910,1.70752
295911,0.37888
295913,1.498624
295917,1.032448
295999,0.026112
296034,0.027904
296132,0.02048
296147,0.081664
296254,0.028672
296327,0.097536
296331,0.068096
296513,2.424064
296520,0.143104
296573,0.084224
296661,1.217024
296734,0.030976
296772,0.019968
296775,0.01792
296867,0.168448
296933,0.081152
297108,3.83616
297112,0.299008
297170,0.089088
297227,0.122368
297293,0.031744
297329,0.144128
297333,10.63296
297482,0.329984
297722,0.025344
297827,0.016384
298006,0.189184
298036,0.012032
298143,0.2944
298150,43.432448
298312,1.504768
298690,0.050176
298895,0.035584
298910,0.720384
298913,7.786752
298962,0.019456
299088,0.072704
299101,0.264192
299102,0.387072
299133,2.332416
299135,1.327616
299319,0.080128
299452,0.120832
299510,1.993728
299512,0.451328
299520,1.138688
299564,0.089344
299715,0.069632
299772,0.010752
299806,0.17408
299882,0.01408
300106,0.005376
300114,0.884992
300120,0.779008
300160,2.251776
300413,0.681472
300511,0.067072
300541,0.001792
300548,0.050176
300562,0.041216
300662,0.009728
300739,0.027392
301308,0.70144
301310,0.81152
301312,1.74336
301368,2.28864
301442,0.007424
301468,0.02816
301568,0.003328
301592,0.011008
301662,0.032768
301705,0.145408
301760,0.020992
301780,0.027136
301909,1.11744
302010,0.576256
302138,0.440576
302219,0.236544
302285,0.070656
302432,0.007424
302569,0.07936
302694,1.142528
302819,0.0384
302900,0.045568
303088,0.009984
303110,2.226176
303113,2.62144
303398,0.097536
303428,18.848768
303696,0.033792
303746,0.056832
303851,0.1408
304012,2.084352
304085,0.260352
304095,1.48608
304121,0.153088
304277,0.033792
304281,0.066304
304321,1.314048
304380,0.050432
304514,0.02432
304578,0.166144
304601,0.002816
304636,0.097024
304772,0.094208
304827,0.08576
304898,0.02304
304913,0.530176
305014,113.618432
305098,0.100608
305236,0.014848
305449,0.015104
305512,2.371584
305515,1.64224
305598,0.25088
305735,0.072192
305811,0.022272
305813,1.330176
305968,0.045312
306098,0.0128
306185,1.645056
306230,0.027392
306253,0.139264
306330,0.158464
306406,0.046336
306508,0.012032
306559,0.081408
306584,0.054784
306713,0.536064
306726,2.193664
306776,0.110848
306784,3.932416
306868,0.019968
306998,0.002304
307023,0.188416
307058,10.542848
307273,0.061184
307308,0.022528
307312,2.333696
307422,0.047104
307428,1.277952
307469,0.05632
307540,5.43232
307685,0.031744
307750,0.175104
307779,0.066304
307908,2.340608
307914,1.101056
307947,0.002304
308100,1.13536
308112,0.195072
308236,0.004096
308253,0.429056
308268,0.037888
308484,0.008192
308502,0.004608
308508,0.02816
308522,0.720128
308529,1.591552
308595,0.220928
308717,0.055552
308788,0.189184
308829,0.1216
308924,0.881408
309019,0.01024
309108,2.14912
309121,0.5952
309195,0.05632
309272,0.136704
309344,0.016384
309463,0.104704
309489,0.032512
309636,0.014592
309710,1.90464
309862,0.026368
309928,0.093696
309958,0.005376
310027,0.052992
310039,0.062464
310069,0.045824
310097,0.019968
310229,0.049152
310274,0.034816
310310,0.612864
310312,2.01984
310352,0.02048
310419,0.00512
310506,0.855296
310601,0.018688
310654,0.122368
310674,0.218368
310683,0.052224
310765,0.100608
310766,109.06368
310908,12.66176
311017,0.032
311022,0.274944
311173,0.018688
311176,0.018432
311281,1.144832
311433,0.194048
311759,0.054784
311763,0.306432
311784,0.042752
311838,0.151552
311900,0.040192
311949,0.226304
312076,0.439296
312096,0.433152
312116,0.2816
312122,0.781824
312172,0.050688
312194,0.007168
312228,0.017664
312288,0.090368
312289,0.256
312356,0.060416
312412,0.093184
312595,0.041216
312708,2.340096
312714,0.152064
312859,99.52128
313071,0.092672
313129,0.135424
313130,4.023296
313139,21.901312
313321,2.361344
313379,0.100608
313390,0.369664
313391,3.913472
313412,33.5296
313548,0.005632
313631,0.013824
313670,0.071168
313687,0.014336
313740,0.006656
313927,0.071936
313929,3.524608
314086,0.014848
314136,0.012032
314234,0.247296
314255,0.041728
314341,4.070656
314414,0.321024
314426,1.72928
314508,1.288448
314510,0.535808
314616,0.055552
314647,0.044544
314650,0.121344
314749,1.5488
314750,8.96128
314839,0.065792
314845,0.060672
314882,0.127488
314934,0.282368
315110,2.864384
315121,0.649984
315228,0.109056
315382,0.073984
315392,0.23552
315523,0.013568
315593,0.023808
315683,0.11008
315710,0.946688
315720,1.936128
315753,1.422848
315806,0.018432
315837,0.161792
315841,4.643072
315906,0.104192
315913,0.039936
315942,0.046336
316150,0.055808
316186,0.152832
316206,2.477824
316308,2.457344
316312,1.587456
316422,0.136704
316428,0.70528
316448,0.907776
316453,21.873408
316679,0.003072
316690,0.183552
316701,0.150784
316708,0.185344
316718,0.042496
316769,0.022272
316791,0.027136
316793,0.031488
316795,0.027904
316887,0.0448
316910,0.330496
316920,1.908992
316942,0.026368
316966,0.129536
317019,0.052224
317022,0.015104
317032,0.192
317099,0.049152
317139,0.040192
317152,0.068608
317174,0.06528
317229,0.015616
317282,0.039936
317339,0.09344
317431,0.3008
317456,0.029696
317477,0.068096
317512,0.9856
317648,0.015104
317675,1.116928
317721,0.002816
317732,0.029952
317870,0.013824
317877,0.123904
317891,0.763648
317946,0.001792
317980,0.073472
318021,0.598016
318076,0.00768
318095,0.05888
318167,0.104448
318393,0.001024
318487,0.045056
318522,0.001536
318595,0.062976
318691,0.017408
318695,0.013824
318711,2.101504
318722,0.344832
318889,0.19968
319033,2.203392
319034,18.223872
319108,0.03328
319166,0.120832
319172,0.002304
319287,0.012544
319308,0.801792
319476,0.037632
319518,0.172032
319587,0.036352
319629,0.037632
319631,0.0256
319678,0.074496
319699,0.01152
319792,0.475904
319822,0.018688
319848,0.20864
319869,0.019712
319882,0.153856
319930,1.041664
320015,0.018176
320024,0.00128
320057,0.01536
320076,0.00128
320141,1.025536
320211,0.015872
320399,0.00128
320411,0.188928
320455,0.043264
320494,0.133632
320614,0.22784
320654,0.92288
320676,0.011264
320686,0.004352
320726,0.187648
320764,2.439936
320834,0.153088
320878,0.003328
320885,0.904448
320921,5.941248
320922,3.682048
320927,2.707456
320948,4.593664
320962,13.795328
321046,0.045824
321134,0.029184
321143,0.294912
321204,0.635392
321251,0.0704
321263,0.077056
321270,0.068864
321313,0.062976
321332,0.013312
321379,0.02304
321421,0.108288
321482,0.4672
321485,0.65152
321512,1.036544
321514,1.60128
321588,0.067072
321696,2.190336
321714,1.7664
321797,0.163072
321812,0.077056
321853,0.045568
321885,0.299264
321961,0.019712
321978,0.089856
322005,0.000256
322021,2.29888
322054,0.297728
322055,0.09728
322056,2.639616
322059,0.370688
322087,2.357248
322109,0.747008
322110,0.0064
322112,6.093312
322113,2.014208
322120,1.585152
322206,0.841984
322208,1.332224
322210,1.901312
322216,98.414848
322251,0.716288
322265,2.674688
322281,0.816384
322311,2.860288
322313,0.513536
322316,0.707072
322317,1.992704
322320,3.524096
322329,94.828544
322399,0.284672
322418,0.101376
322426,0.153088
322480,1.672704
322493,0.420096
322591,0.075264
322604,0.460544
322606,0.861952
322654,0.07424
322656,0.836864
322679,0.165632
322683,2.212096
322684,4.07168
322701,2.63552
322816,0.000512
322822,1.163776
322825,1.975808
322897,2.060544
322901,1.726464
322915,2.915584
322917,0.26112
322920,3.36896
323042,0.070144
323043,6.879232
323045,0.915968
323146,0.051968
323210,0.054016
323215,0.0192
323227,1.170432
323274,0.07936
323309,0.007424
323313,0.056832
323365,0.305664
323384,2.855424
323398,5.018624
323402,0.537856
323446,1.126144
323510,3.345408
323535,5.5616
323595,1.132032
323608,0.021504
323618,0.30208
323620,0.892928
323621,1.373952
323626,15.095808
323706,0.012544
323786,0.028928
323806,0.030208
323887,0.1728
323920,0.062208
323934,0.3008
323985,10.248192
323989,0.79616
324054,0.035328
324102,0.00128
324120,0.20352
324159,0.004608
324195,1.245184
324226,0.100608
324227,0.224
324228,4.153088
324269,0.003328
324445,0.123136
324446,2.364672
324463,0.7296
324466,0.684288
324467,1.25312
324472,0.742144
324478,0.768256
324542,0.1024
324609,0.048384
324649,0.022528
324673,0.059136
324682,2.024704
324708,21.878272
324752,0.092928
324892,0.00384
324979,0.217344
325007,0.062464
325034,0.02048
325173,0.16128
325227,0.393984
325321,0.230912
325389,0.020992
325407,0.400896
325472,0.020736
325570,0.056576
325578,0.027904
325651,0.059136
325696,0.073984
325724,0.115968
325769,0.867584
325789,3.070208
325897,0.0384
325910,0.21632
325912,0.87552
325987,0.004352
326067,0.525824
326076,0.07168
326115,0.137216
326139,0.187392
326142,0.180992
326152,0.39936
326166,0.074496
326183,0.038144
326246,0.037376
326325,0.035072
326331,0.093184
326345,0.499456
326347,1.39776
326370,1.914624
326528,2.945024
326542,0.052224
326562,0.017152
326628,0.029952
326638,0.094464
326763,99.473152
326809,98.78784
326914,0.985088
326954,0.039424
326987,5.873152
327016,0.238336
327073,0.219648
327095,0.040192
327108,0.082432
327112,0.774912
327120,0.06272
327121,1.316608
327145,0.020736
327149,0.060672
327153,0.114432
327194,0.997632
327210,0.23296
327293,0.09216
327300,0.048128
327309,0.475136
327349,0.419584
327356,0.059904
327407,0.06528
327408,0.519936
327506,0.868608
327523,1.161728
327551,0.012032
327561,99.78496
327604,99.088384
327749,0.150784
327826,0.026624
327844,2.328576
327880,2.751488
327930,0.118528
327931,0.320512
327948,2.219264
327987,0.603904
328023,0.00128
328040,0.114176
328140,0.03968
328173,0.379648
328200,0.01664
328247,0.047616
328300,0.016896
328301,0.064
328303,0.06016
328311,0.259328
328313,7.888384
328344,1.053952
328372,0.429568
328449,0.10624
328461,0.053504
328475,0.061696
328509,0.018688
328540,0.212224
328552,0.364544
328553,0.589568
328554,2.62144
328558,1.745152
328652,0.139008
328654,0.071424
328663,0.123904
328718,0.16
328720,2.849024
328722,3.002624
328726,0.88192
328730,2.077952
328735,4.519168
328810,3.256064
328832,3.661824
328835,3.871744
328854,0.127744
328908,1.528064
328913,1.583616
328970,0.11904
328985,0.201984
328997,0.003072
328999,0.073216
329048,0.001024
329056,5.416704
329058,1.415936
329059,0.691712
329063,0.129792
329127,0.011264
329143,0.020992
329152,0.012288
329162,0.161024
329168,0.462592
329189,0.239872
329190,1.081088
329228,0.00128
329323,0.007168
329375,0.027648
329383,0.268544
329397,0.458496
329458,0.1792
329486,0.918272
329500,2.785024
329516,3.965184
329519,100.555776
329559,4.371968
329599,0.173312
329602,0.170752
329605,0.542976
329620,0.876288
329641,2.753792
329652,2.866432
329674,2.707456
329681,0.269056
329690,0.086784
329712,0.483584
329768,0.005632
329779,1.713152
329810,0.356352
329821,1.755648
329837,99.711744
329878,12.593152
329885,92.255232
329888,78.075136
329893,160.47616
329906,63.534336
329915,67.464704
329986,7.953664
329990,0.352
329991,1.76256
330052,0.05632
330083,2.319872
330160,0.028672
330172,0.456448
330208,1.994752
330224,0.722432
330228,1.049856
330231,5.736704
330244,3.712512
330262,98.249728
330286,95.620096
330310,4.742144
330316,3.649792
330348,1.0944
330352,0.082688
330371,1.21216
330372,0.824576
330398,0.877312
330418,2.41664
330429,0.685568
330467,0.150272
330472,3.617536
330482,1.039872
330485,0.496896
330543,1.941248
330601,0.971264
330602,7.091712
330604,0.240384
330608,2.076928
330633,1.586432
330638,1.168896
330669,0.746496
330675,2.812928
330676,2.53696
330696,0.65664
330700,4.256768
330703,0.806656
330708,3.254528
330716,5.245696
330720,98.448384
330759,98.722048
330767,85.445632
330784,79.19104
330810,94.84416
330817,81.952256
330841,92.581376
330863,93.778688
330887,19.524096
330900,195.555584
330917,17.943552
330922,85.0944
330926,70.246912
330941,81.047552
330980,0.285952
330984,18.059776
331029,0.957184
331050,0.569856
331055,17.092608
331061,2.38464
331107,0.446464
331113,0.313088
331116,0.256256
331121,99.757056
331125,27.528192
331131,81.05856
331133,62.655744
331218,9.767424
331225,0.974592
331258,0.09216
331285,0.514304
331287,0.701696
331310,1.4848
331315,0.637952
331331,98.819072
331342,190.025984
331370,91.045632
331381,88.22016
331393,87.426304
331425,9.167872
331428,0.082944
331466,0.143616
331482,0.237824
331578,0.159488
331580,13.087744
331582,6.36544
331587,0.290304
331607,17.750528
331610,11.685632
331613,9.615104
331648,4.26624
331662,16.442112
331666,0.987392
331680,0.024832
331704,2.152704
331705,5.451264
331706,5.267712
331707,1.145856
331710,0.454144
331712,3.143168
331720,8.140544
331765,3.723264
331788,1.68448
331790,0.489728
331808,16.56704
331820,5.999104
331823,6.249472
331832,6.111232
331860,2.130432
331864,3.038208
331877,104.2176
331943,0.246784
331945,1.023744
331949,0.721408
331961,12.113664
331968,1.436928
331969,2.9504
331981,3.306496
331990,1.228032
332027,0.35584
332034,0.18304
332038,98.783744
332050,89.05472
332083,0.595712
332086,29.350912
332116,1.777152
332124,7.797248
332125,0.373504
332129,284.358912
332132,41.673728
332136,27.12704
332202,1.133056
332250,7.7632
332253,1.996544
332272,1.43744
332277,4.742912
332308,3.591168
332337,0.850176
332353,5.113344
332403,5.326848
332429,3.127552
332433,98.523904
332439,79.556096
332484,99.044608
332498,90.366464
332504,77.335552
332580,1.515264
332587,2.340864
332589,6.471168
332594,5.749248
332628,0.074752
332633,3.766016
332635,2.036224
332651,16.392192
332653,81.843968
332656,72.612352
332660,163.086592
332694,0.105728
332699,0.061696
332712,7.170048
332722,1.864704
332726,1.64352
332727,2.410752
332759,0.304384
332764,1.740032
332784,13.205504
332823,0.053504
332824,18.83648
332828,1.491968
332860,1.861632
332868,2.539264
332878,8.500736
332883,0.67328
332914,0.032768
332974,2.039552
332978,3.038464
332979,0.628992
332981,1.385472
332984,5.24928
332991,0.603648
333054,1.216512
333065,8.550656
333112,0.049152
333128,16.863232
333136,4.598272
333138,0.455936
333141,85.243136
333148,83.208704
333155,74.318336
333175,5.402368
333251,0.53248
333253,1.885696
333254,2.272768
333258,102.839296
333271,89.2224
333317,0.639232
333326,1.251072
333340,1.104896
333347,1.444352
333373,0.104704
333382,0.084736
333398,2.577664
333400,0.448256
333408,3.664384
333411,2.480128
333414,22.193664
333436,1.58592
333444,1.048064
333505,0.165888
333534,0.418304
333544,0.602368
333549,0.184576
333556,1.057024
333557,10.488064
333573,95.713024
333602,97.233664
333659,1.382656
333663,2.410496
333678,2.757632
333681,1.043712
333684,0.3712
333688,16.103168
333720,0.064
333721,2.367232
333736,3.392256
333782,2.149888
333818,0.015616
333819,0.041728
333823,0.138496
333830,6.44992
333834,0.93696
333859,7.793664
333876,6.687744
333879,0.100352
333991,0.436992
334015,12.3264
334040,0.035328
334050,0.731392
334057,1.54368
334073,99.241728
334075,80.434432
334145,6.879488
334164,3.326976
334171,99.308032
334188,8.521216
334197,17.257472
334199,80.45312
334245,1.353216
334270,6.12736
334288,10.68672
334321,1.72032
334323,0.433408
334336,1.317632
334338,4.914432
334339,4.144128
334345,0.527616
334351,12.246528
334359,0.968192
334394,15.6608
334439,0.374016
334440,5.58464
334457,3.412736
334479,9.356544
334488,5.984
334489,15.990016
334501,5.633536
334508,16.71296
334542,2.944512
334560,8.484864
334570,5.070848
334574,194.121728
334577,52.384256
334646,6.537216
334652,96.55424
334655,81.394176
334668,1.5232
334713,1.60768
334728,0.065792
334749,0.096
334765,100.46208
334790,0.00128
334800,4.009984
334812,97.26592
334842,97.090304
334910,0.03456
334916,0.128768
334956,0.618752
334977,0.98816
334994,13.908736
334996,11.597568
335008,94.739712
335062,8.48256
335093,100.28032
335119,2.325504
335144,0.068608
335163,0.036096
335208,15.067904
335210,3.31648
335253,0.30976
335257,0.288256
335284,0.26496
335286,0.011008
335289,3.530752
335293,98.491648
335303,86.276096
335307,71.698176
335313,64.609024
335342,1.477888
335353,12.545024
335354,2.831616
335356,4.911616
335359,0.891136
335387,5.868032
335390,94.404352
335422,99.529216
335440,91.911424
335453,85.114368
335457,71.299328
335479,88.45952
335500,28.349184
335541,98.270976
335548,84.33536
335585,0.706816
335606,0.036096
335618,8.169216
335672,3.753216
335676,2.474496
335697,0.906752
335733,0.012288
335750,0.028672
335776,99.654912
335791,16.470016
335793,0.365568
335798,1.805056
335802,2.4448
335820,9.328896
335827,93.039872
335900,0.107264
335903,4.636672
335918,3.380736
335929,0.039168
335949,1.966848
335963,0.420864
336030,0.379648
336033,3.474432
336054,0.060416
336062,0.124416
336074,0.3968
336075,2.06336
336110,1.760512
336138,0.052736
336158,0.007936
336161,100.061696
336215,0.078336
336219,0.542464
336240,4.100096
336287,0.075008
336290,99.779072
336318,1.29152
336354,1.815552
336357,1.220352
336359,0.827648
336420,0.535552
336428,0.113664
336441,0.292608
336447,0.279296
336448,3.4496
336462,1.108736
336486,1.901568
336490,101.160192
336526,98.109184
336587,99.215616
336658,0.263168
336668,0.087552
336675,99.830784
336708,1.225472
336716,97.709568
336750,0.471552
336768,1.278208
336769,0.078848
336773,4.865024
336804,1.971712
336807,11.072512
336815,0.657152
336843,0.572928
336911,0.141312
336940,210.357248
336953,79.275008
336956,64.624128
336995,96.9664
337003,87.244032
337017,84.29056
337075,1.281792
337092,2.893312
337094,96.043008
337096,79.32288
337102,70.43584
337166,0.656128
337189,0.66944
337193,2.81088
337208,2.84032
337211,0.6208
337228,2.237696
337261,2.765568
337275,3.96288
337312,1.879808
337317,7.560192
337329,1.31328
337331,1.603328
337358,0.258048
337397,0.043264
337413,0.003328
337461,99.704832
337466,82.989312
337471,70.74816
337479,68.634112
337530,3.339776
337531,21.85088
337532,5.106432
337535,3.191808
337557,8.387328
337583,1.495296
337623,7.67872
337653,1.058304
337654,4.695552
337656,5.900544
337658,2.113024
337661,2.628096
337670,0.997376
337680,3.885824
337703,13.436928
337712,2.27712
337715,4.094976
337783,0.673024
337831,2.92992
337908,2.621184
337927,0.033024
337940,0.063488
337976,4.548864
337981,2.537216
337983,3.069696
338012,1.085184
338013,0.488704
338014,3.618048
338017,5.242368
338040,2.333952
338082,14.804736
338111,6.670336
338113,0.81024
338121,7.004416
338126,4.749312
338152,0.773888
338172,2.885632
338190,1.44128
338199,5.571328
338203,0.247552
338209,5.840896
338235,99.048192
338320,0.573952
338439,0.083456
338471,0.158208
338473,0.00128
338484,0.212224
338490,0.069888
338492,0.224768
338495,4.756736
338512,0.359936
338514,0.035584
338520,0.268032
338534,0.013824
338557,0.08832
338571,0.422912
338583,8.8128
338620,0.478976
338628,0.469248
338645,99.388672
338713,99.69152
338808,0.047872
338811,0.028928
338818,0.754688
338825,0.749312
338831,0.354304
338842,1.991168
338884,0.2048
338896,0.077056
338922,0.19968
338931,99.209472
339002,99.384576
339052,1.592576
339063,5.51808
339108,0.233216
339113,0.136192
339131,0.856576
339133,25.133568
339185,1.406976
339186,2.527488
339198,98.5088
339271,3.675136
339318,2.820096
339330,0.260608
339331,1.00864
339333,2.379264
339369,0.463872
339397,4.080128
339474,0.744704
339484,2.500864
339511,0.211456
339516,0.80384
339521,0.004608
339526,2.192896
339538,0.133632
339540,98.754304
339604,0.38016
339619,0.162816
339629,7.887616
339660,0.765696
339665,0.586496
339667,29.415424
339672,1.227264
339676,84.175616
339710,1.070336
339754,0.363776
339786,1.962496
339798,0.56704
339804,0.436224
339808,98.852608
339845,97.274624
339885,2.467072
339894,6.410752
339920,1.359616
339937,1.671936
339953,0.176128
339963,3.556608
339969,9.380096
339978,14.11072
339979,9.476864
339990,9.071872
340000,183.390208
340037,20.421376
340115,0.258304
340117,5.43488
340124,4.83968
340166,0.03584
340174,0.308992
340215,6.565376
340219,1.9136
340236,3.783936
340237,2.427648
340298,0.33664
340307,0.404224
340308,0.689664
340348,0.0064
340359,0.06784
340360,1.802752
340361,16.288256
340387,2.59456
340427,0.013056
340429,0.034048
340453,0.196608
340458,0.07168
340463,0.645376
340491,0.076544
340538,0.255744
340555,0.278528
340602,0.465664
340609,0.088832
340633,0.340224
340638,0.328192
340642,0.777984
340656,99.02336
340671,91.044352
340695,94.333952
340790,0.2432
340802,0.032512
340856,7.790592
340897,0.893696
340912,1.865728
340942,0.389376
340979,0.126208
341000,13.183744
341032,4.562944
341069,0.341248
341079,6.097408
341081,1.279232
341095,0.310784
341096,0.777472
341131,0.196352
341135,0.257792
341160,0.405248
341196,199.738368
341235,0.080896
341241,33.427456
341321,0.738048
341332,99.443712
341409,17.012736
341410,1.772544
341439,5.256448
341463,0.146432
341478,0.587264
341482,0.150016
341508,1.754624
341509,7.756288
341511,1.302016
341533,98.545152
341590,9.80352
341594,3.433728
341606,4.84352
341641,0.505088
341651,0.161024
341653,2.940672
341742,13.323008
341781,6.377728
341785,0.015616
341786,13.920768
341793,35.031552
341795,73.285888
341798,5.946112
341834,4.22272
341880,0.099072
341895,0.17408
341905,3.113728
341936,3.890176
341941,2.064384
341954,99.121152
341983,36.7232
341993,87.9488
342023,13.41952
342024,1.014272
342027,5.504768
342029,4.647168
342084,0.364032
342086,3.193088
342106,0.460032
342111,3.313408
342121,97.64224
342188,3.497472
342189,0.100096
342218,4.99456
342224,1.63456
342238,1.353472
342261,1.78432
342262,3.064832
342293,0.713216
342294,4.629504
342296,1.901056
342362,12.981248
342403,0.055808
342471,0.197376
342514,0.480768
342524,4.05504
342530,111.9168
342543,91.993344
342651,0.208384
342699,0.341248
342708,1.97504
342711,0.090624
342721,20.55552
342725,192.030464
342791,0.11392
342818,2.535424
342819,3.405824
342821,90.90176
342826,85.050368
342828,63.233792
342836,64.451072
342883,7.293952
342885,10.462464
342889,182.223104
342891,60.932864
342935,0.13824
342975,0.214016
342980,0.098048
343015,0.768768
343024,0.095232
343031,3.051776
343048,1.090816
343068,2.74176
343070,95.82848
343119,0.132608
343123,0.002816
343126,0.666624
343132,1.096192
343162,0.026112
343166,0.004608
343189,0.919808
343205,99.679744
343288,99.371776
343320,0.146432
343381,0.168448
343390,0.536576
343391,1.448448
343395,1.78432
343400,0.488704
343469,100.045824
343545,0.305152
343569,2.380288
343572,0.829952
343588,0.0128
343603,99.490816
343705,4.972288
343726,0.075776
343788,0.00128
343789,3.236352
343800,4.050432
343807,98.138624
343862,6.5216
343863,3.88992
343864,9.738752
343866,0.396288
343871,9.34272
343872,2.143488
343892,2.57664
343904,0.022528
343926,98.62144
343932,83.928064
343982,0.02688
343996,0.100864
344004,0.961792
344005,1.063936
344049,13.217792
344084,19.44064
344097,10.963712
344129,3.22688
344171,0.554496
344200,0.000512
344221,0.33024
344239,0.570112
344241,100.374272
344244,78.281472
344251,72.650752
344257,65.554944
344267,69.583616
344300,6.395904
344339,1.357568
344387,0.22528
344392,1.1584
344444,1.265152
344448,3.987712
344450,17.0752
344490,0.20608
344495,1.193728
344502,0.702208
344522,0.363776
344533,1.8432
344553,0.15232
344566,0.232192
344570,0.272896
344579,2.66496
344603,99.477504
344674,1.12384
344681,0.165376
344685,1.906944
344697,0.3392
344719,0.595712
344757,1.21472
344772,0.172544
344799,0.148736
344821,0.087808
344847,6.779392
344848,2.089984
344915,0.479232
344934,0.355072
344957,1.261056
344987,0.895488
345005,5.274112
345022,4.592896
345052,0.131328
345056,0.252928
345069,0.029184
345094,0.172288
345112,1.799168
345154,4.527104
345233,0.83456
345245,1.008896
345254,0.44416
345327,0.311552
345343,2.262528
345350,4.947968
345381,0.160768
345406,3.772416
345424,1.892352
345436,0.635136
345441,0.772608
345451,0.226816
345463,2.254336
345471,0.135424
345475,0.100608
345505,0.011264
345516,2.068224
345518,95.966976
345534,92.079616
345574,9.871616
345617,10.42304
345654,0.342272
345655,1.703936
345691,10.620416
345708,0.794112
345715,5.19552
345734,22.90816
345739,0.044544
345793,0.689408
345848,0.785408
345851,1.880064
345896,0.154368
345899,0.06144
345900,1.413376
345911,1.915136
345915,98.022656
345972,9.435136
345992,0.030976
346010,1.176832
346021,0.749568
346026,0.260864
346038,0.083456
346041,0.006656
346047,0.01024
346061,0.070656
346065,0.888576
346081,99.337728
346097,92.209152
346143,97.775616
346153,185.866496
346229,3.965696
346249,0.064768
346271,0.000256
346272,0.837632
346273,2.255616
346274,21.167872
346310,0.186624
346318,0.987136
346370,0.710912
346382,1.014016
346397,99.431168
346411,90.447872
346417,77.877248
346444,0.785152
346465,6.386944
346469,4.857088
346477,94.19008
346480,77.862656
346482,61.750016
346506,89.131008
346528,93.102592
346568,97.805568
346630,0.087808
346633,0.107776
346635,0.292864
346685,2.674176
346692,0.524032
346714,0.754688
346728,0.60672
346742,0.013568
346769,0.012288
346795,6.19264
346838,102.386176
346901,0.417792
346910,1.633024
346942,0.361728
346960,0.99328
346963,2.366976
346966,2.055168
346967,12.871424
346971,0.943104
347006,0.0384
347028,198.445824
347031,62.062592
347034,50.661888
347096,2.249984
347104,1.022208
347106,1.173504
347124,1.37856
347136,2.216704
347155,0.309248
347156,5.380864
347197,4.420608
347266,0.74496
347285,0.613376
347288,1.924608
347295,3.155712
347372,0.09856
347385,14.166784
347388,5.858304
347393,0.398592
347469,1.411328
347506,0.387328
347526,0.70016
347532,11.31648
347557,1.353472
347580,99.026176
347664,2.968576
347669,1.39648
347671,0.94336
347674,1.7984
347675,3.270912
347699,0.328192
347700,21.719808
347721,0.275456
347747,0.062464
347749,1.24288
347751,1.8496
347753,1.48864
347757,0.632064
347765,0.79872
347808,0.155904
347821,1.684224
347843,1.447936
347863,0.284672
347868,2.061568
347872,98.424832
347880,84.992768
347948,0.093952
347949,4.236032
347996,1.770496
347999,3.931904
348002,2.29504
348004,2.230272
348007,17.012224
348031,1.392128
348051,1.958912
348064,1.187584
348083,0.066304
348098,0.118784
348102,0.649472
348112,0.554496
348163,1.879552
348201,2.848768
348205,0.852736
348212,2.314752
348230,14.785792
348234,11.967488
348284,1.540096
348286,3.639296
348290,7.766016
348306,2.183936
348309,0.210176
348328,0.903424
348332,3.07456
348353,0.344832
348354,4.70912
348394,5.274368
348410,5.734656
348419,5.806592
348474,0.501504
348475,0.615936
348477,4.36992
348508,1.870592
348518,12.81408
348520,3.655168
348528,4.788992
348530,10.303744
348549,5.209856
348557,7.771904
348560,3.280128
348571,89.86496
348598,1.760256
348618,1.779456
348632,0.282368
348640,0.201728
348657,0.387072
348659,0.526848
348699,1.870336
348700,2.212864
348708,0.735488
348721,0.768256
348725,2.751744
348751,1.143808
348754,1.856256
348791,0.372736
348815,2.579712
348829,0.252672
348856,0.108032
348857,0.35072
348861,10.039808
348868,1.896704
348880,97.408256
348885,81.839104
348893,76.937216
348933,99.002624
348981,0.610048
348985,0.744704
349004,0.248064
349009,1.487104
349024,8.070912
349052,2.706432
349065,3.273984
349110,2.502144
349135,0.256256
349140,1.34912
349162,0.879104
349205,0.113152
349212,14.160384
349214,2.078976
349219,1.80736
349234,1.233408
349260,0.083968
349267,1.502976
349278,11.388416
349292,3.561984
349295,4.192512
349297,1.2032
349324,0.289792
349326,1.582848
349328,2.605568
349346,0.417792
349369,6.880256
349375,0.873472
349403,7.76576
349424,2.044416
349427,100.95232
349472,3.048448
349514,1.975296
349518,35.52128
349583,3.768576
349584,32.748288
349598,1.00992
349599,2.082304
349621,2.019584
349666,1.256192
349676,0.113408
349678,3.969792
349682,0.04736
349690,1.151744
349767,0.433408
349780,2.764032
349782,4.139264
349784,2.603264
349804,101.126656
349835,5.283584
349844,0.070656
349854,0.346624
349855,18.602496
349856,0.767488
349860,2.398464
349914,2.238464
349920,0.21248
349967,2.755584
349971,2.629376
349980,0.554752
349981,7.322112
349984,13.99808
349986,74.756608
350049,9.837312
350052,0.55936
350054,12.2688
350056,95.410944
350072,12.51072
350144,0.529664
350168,2.039808
350182,1.3952
350184,5.585408
350187,2.867968
350196,7.617536
350218,1.044224
350241,12.571136
350266,0.032768
350267,1.472512
350268,0.017664
350277,0.198912
350312,0.026368
350317,0.526848
350319,105.915904
350514,1.93536
350520,0.398848
350533,0.65152
350537,99.858432
350548,0.194816
350552,0.288
350573,15.821568
350583,1.77792
350591,15.65696
350654,6.884864
350670,5.334016
350698,1.603584
350704,3.229184
350852,99.698944
351062,3.474176
351108,0.429056
351115,0.031744
351121,0.78336
351125,2.48192
351127,2.092032
351149,3.631616
351192,0.457728
351228,0.6144
351279,0.364544
351307,10.506496
351417,99.398656
351462,3.116032
351465,5.101312
351593,1.522944
351605,10.499072
351607,2.503424
351642,0.3968
351647,5.318144
351649,5.975552
351652,1.530112
351678,0.1664
351721,0.836352
351749,0.076544
351807,0.135424
351831,5.217024
351834,2.384896
351840,1.6832
351888,6.716928
351890,2.30272
351893,5.334528
351914,13.853696
351955,0.327936
351960,7.22688
352029,1.259008
352035,0.929792
352043,2.338816
352070,0.321536
352115,99.410944
352186,3.976704
352214,4.726016
352239,0.415232
352290,0.11904
352292,99.226624
352294,79.33312
352344,7.103744
352348,4.137984
352350,0.75008
352375,0.11392
352377,0.928256
352380,0.743936
352414,0.370944
352433,0.516608
352451,99.35232
352499,2.911744
352580,0.110336
352632,0.15232
352658,0.237568
352696,0.188928
352725,0.100096
352862,30.100736
352924,10.18112
352944,2.815744
352947,3.11936
352951,2.387456
353015,1.505536
353028,7.0592
353073,13.379072
353100,99.369216
353165,2.425088
353193,0.248576
353309,2.328064
353351,0.766976
353387,99.400704
353491,0.361728
353513,6.734592
353541,3.592704
353546,1.105408
353678,0.310272
353708,0.091648
353824,2.959616
353830,15.171584
353860,0.016128
353863,0.736
353888,0.029696
353958,0.000512
353996,0.231936
354013,0.253952
354026,0.051968
354046,0.044288
354100,0.0768
354110,0.91904
354130,0.350976
354150,0.788992
354155,1.871872
354201,0.04992
354234,0.022528
354235,0.863744
354336,1.931264
354344,0.757504
354384,3.403776
354393,5.595136
354406,98.696448
354454,4.66944
354491,39.362304
354561,0.134144
354586,0.197888
354645,5.21216
354656,2.326528
354743,6.341632
354797,3.480064
354824,0.091904
354831,0.009728
354852,0.499712
354867,99.568384
354906,7.30752
355054,0.126976
355093,2.20416
355115,100.965632
355120,82.956544
355165,1.635072
355203,0.456704
355204,11.506432
355213,3.904768
355243,0.78592
355264,7.059968
355275,99.560448
355286,7.012608
355314,0.64256
355363,1.037056
355379,0.252416
355429,0.226816
355467,1.270016
355468,34.571264
355488,7.135488
355555,0.014592
355567,2.145536
355629,0.000256
355633,0.00256
355641,0.160512
355667,0.329728
355677,0.581632
355783,0.164864
355798,2.616576
355800,1.616896
355905,0.34944
355912,1.37344
355919,1.937152
355929,4.2112
355930,10.512128
355972,98.618368
356080,0.100608
356084,0.001792
356105,0.223488
356163,3.05664
356192,0.376064
356200,0.865536
356217,0.735232
356220,0.120064
356234,99.245568
356376,0.587008
356384,99.033856
356391,83.835904
356397,73.519872
356408,75.445504
356422,82.87232
356430,76.59648
356460,95.609856
356484,3.529728
356512,0.306432
356521,98.969856
356555,1.357824
356594,0.601856
356702,0.583424
356796,0.610816
356798,98.631936
356878,99.272448
356958,0.462592
357020,0.062464
357023,0.47232
357082,0.247808
357097,0.007168
357106,99.016704
357135,96.525312
357408,0.725504
357412,4.790784
357417,19.894784
357438,1.24288
357458,0.890624
357488,20.13056
357508,197.246208
357511,159.593216
357518,43.635968
357522,39.074304
357526,35.449088
357533,43.653632
357549,75.104
357552,60.611584
357658,1.622016
357697,2.41152
357700,1.426944
357707,2.690048
357714,16.71936
357756,0.587776
357802,1.570304
357821,1.965568
357877,3.360256
357927,1.906432
357994,1.533952
358000,0.007424
358062,0.0192
358076,0.049408
358106,5.746688
358196,0.109312
358204,2.816256
358239,0.074752
358252,2.386688
358255,0.210176
358257,2.784768
358310,0.511488
358312,0.496384
358329,31.614464
358368,0.063744
358397,5.110272
358412,0.583936
358442,0.422144
358460,99.340544
358507,4.453632
358515,0.471552
358559,3.109888
358565,0.057856
358586,4.599808
358603,1.79584
358607,104.2688
358631,95.409408
358672,0.028672
358719,5.823744
358759,0.189696
358764,5.17504
358768,97.1648
358830,0.5504
358842,0.372736
358899,0.574208
358909,2.239232
358956,0.875008
358976,0.554752
358978,2.759936
358981,0.848384
359025,0.494336
359043,0.764672
359050,0.48384
359053,3.617024
359088,0.170496
359089,1.774336
359143,0.994816
359176,14.356224
359195,98.047744
359339,0.717056
359353,99.45088
359368,2.716928
359388,0.298752
359411,2.112512
359426,5.403392
359453,0.16768
359466,1.021696
359474,0.846336
359508,0.474368
359510,4.102144
359521,0.499456
359528,3.069952
359561,0.82944
359562,19.414784
359591,1.831424
359610,22.830592
359664,0.114944
359675,5.148416
359697,10.09152
359735,7.851264
359746,4.24192
359764,16.2944
359785,3.855872
359816,4.567808
359863,0.388608
359942,3.53024
359944,35.428352
359974,0.667648
359975,6.172928
360033,10.98368
360047,6.243584
360055,3.996416
360113,1.659392
360159,0.581888
360185,0.31488
360240,6.043136
360242,11.617536
360246,1.321728
360272,1.847552
360273,7.35232
360275,16.33408
360317,98.783232
360388,0.578304
360395,0.466432
360468,99.630336
360564,8.905728
360594,1.64224
360686,9.26208
360696,2.242048
360710,0.153088
360712,0.988672
360723,98.513664
360786,100.216832
360886,0.00128
360904,6.646784
360940,17.952768
361046,0.343552
361074,0.277504
361130,2.965504
361131,2.408448
361144,3.732224
361148,98.7136
361243,0.001536
361250,4.406272
361267,2.78016
361270,1.30304
361300,0.568064
361424,0.104192
361523,0.32128
361531,0.649984
361557,0.109824
361581,2.179328
361583,0.143616
361584,0.217344
361588,97.693696
361632,2.758912
361659,0.235776
361691,0.121344
361693,1.372416
361695,0.92288
361708,0.296448
361711,1.283584
361728,1.531904
361749,5.9456
361755,0.86528
361758,194.245376
361762,63.283456
361766,53.810432
361835,3.361792
361840,9.938432
361844,97.816576
361910,0.6464
361921,0.925952
361924,3.077888
361930,2.459904
361931,1.201408
361939,97.424128
361969,0.987136
361971,93.791232
362030,0.161536
362127,0.568064
362146,0.03712
362255,0.013568
362299,6.127872
362354,0.031232
362369,0.301568
362410,0.096256
362438,1.557504
362449,2.201344
362453,98.551296
362456,80.918528
362508,19.977728
362513,98.174464
362597,3.34336
362599,0.647424
362646,6.6624
362654,97.966848
362704,3.771904
362713,4.38272
362767,12.17664
362834,99.984896
362839,82.546432
362898,99.623936
362979,0.148736
362990,7.155456
362991,2.867968
363048,0.597248
363110,0.001024
363113,0.928
363178,1.16736
363180,3.805184
363186,14.789376
363204,96.97024
363227,95.447296
363264,97.133312
363272,84.386304
363276,71.193088
363281,61.51808
363319,0.276736
363322,2.44224
363408,99.442688
363488,0.060416
363511,0.049152
363512,1.991936
363514,0.8896
363623,0.0832
363626,0.23168
363638,5.174016
363654,14.59072
363664,0.194816
363833,0.081152
363840,5.130496
363918,0.471552
363969,0.109568
363984,0.023808
364022,0.3456
364023,9.44896
364072,1.656576
364075,0.186624
364077,2.670592
364086,12.99456
364125,99.196416
364167,2.727168
364179,0.475904
364225,2.790656
364265,0.247296
364283,3.864832
364309,0.633344
364313,7.54176
364463,1.726464
364491,0.091904
364493,3.096064
364496,1.929216
364500,96.959488
364551,6.014464
364594,0.00768
364688,3.536896
364700,2.625024
364855,0.473856
364883,0.855808
364906,1.765632
364911,3.71072
364921,0.553728
364972,10.080768
365011,0.302848
365024,7.336192
365029,94.971392
365104,1.403392
365111,4.34304
365114,3.670016
365119,2.768896
365142,3.51744
365163,1.413888
365211,2.812416
365266,0.172288
365271,2.23104
365292,2.380032
365296,0.170496
365299,4.269312
365309,0.47232
365349,0.111104
365350,11.075584
365392,1.138432
365404,5.143808
365436,0.278784
365485,21.521152
365491,0.402944
365508,3.534848
365519,1.859584
365537,3.354368
365574,0.420096
365602,3.012352
365605,2.782976
365607,98.35392
365639,0.876032
365645,0.938496
365648,91.899392
365678,12.410368
365680,1.011456
365683,1.330176
365741,9.884416
365818,0.372736
365859,99.78624
365906,0.499968
365907,3.500032
365933,16.540928
365957,2.678016
365970,1.483008
366050,0.058112
366067,5.721344
366110,2.310144
366121,1.135104
366149,0.699904
366156,11.52512
366191,0.114944
366363,0.860928
366371,3.433472
366376,1.55648
366417,0.826368
366421,0.115456
366457,3.152128
366463,98.336512
366471,85.835008
366572,0.025344
366610,0.050688
366710,0.946432
366712,0.723968
366791,4.106752
366793,0.73856
366795,2.622208
366867,2.344704
366902,4.361728
366942,9.152768
366950,2.386944
367020,0.105472
367034,0.332032
367039,99.262464
367108,0.936704
367110,0.500224
367115,2.441728
367201,1.389824
367265,0.455168
367273,0.654592
367313,7.815424
367337,18.062336
367463,0.039424
367504,0.800512
367648,1.23392
367674,0.424448
367696,1.615616
367724,11.717376
367782,8.685824
367784,3.391744
367787,0.207104
367788,0.666624
367791,9.57696
367813,1.908736
367843,0.016128
367910,0.89984
367912,0.177152
367913,0.087296
367920,1.96608
368045,2.116096
368114,0.496128
368192,3.158528
368202,0.665344
368216,1.950208
368218,0.251904
368292,0.317184
368355,2.611456
368459,1.831424
368465,1.477888
368478,2.302976
368498,1.291264
368502,2.60608
368510,0.712192
368689,0.026624
368691,0.656384
368698,97.997824
368703,81.893632
368710,74.164992
368828,0.21504
368839,13.078528
368841,82.56128
368929,11.611904
368931,4.704256
368933,91.92704
368983,0.025088
369037,0.153856
369046,3.278848
369057,1.85856
369087,1.357312
369110,11.184384
369193,0.006912
369247,0.03712
369288,20.925952
369431,18.891776
369517,3.300608
369527,0.168704
369559,0.085248
369593,17.155328
369653,1.063424
369684,0.02176
369710,0.756992
369712,0.349696
369717,0.740096
369720,0.720384
369724,0.855808
369728,0.976128
369748,2.490368
369794,0.039168
369811,3.173888
369852,99.730944
370016,0.183552
370026,2.0352
370027,6.591488
370029,3.916032
370034,3.436032
370094,0.438528
370117,0.0384
370163,0.882176
370308,4.558848
370314,0.662272
370326,5.906432
370355,6.912
370426,1.013504
370441,2.125568
370470,0.319488
370492,0.479744
370526,0.247808
370542,0.40576
370552,0.356352
370565,7.09376
370629,0.169216
370687,2.572032
370735,0.354048
370823,0.349696
370842,0.111616
370852,1.535232
370853,3.89504
370855,1.033728
370858,16.182272
370909,2.104832
370914,1.81632
370952,0.001024
370962,0.278016
370995,0.224768
371032,0.956928
371037,15.125248
371046,10.004224
371057,9.821184
371087,1.044224
371128,0.223744
371157,0.16384
371159,98.673152
371174,91.29728
371253,3.133696
371254,8.403456
371283,3.67232
371307,1.042432
371355,1.10976
371359,98.553856
371460,1.108992
371508,1.921536
371512,2.403072
371634,100.005888
371654,93.725184
371683,1.594112
371692,20.564736
371701,28.243968
371713,8.2048
371714,0.685824
371723,91.311104
371725,75.69408
371766,88.9024
371789,11.81824
371790,6.337024
371793,15.688192
371798,8.89088
371811,10.443008
371825,10.405376
371863,0.105472
371882,0.712448
371883,6.485248
371885,5.151232
371888,7.666944
371898,94.905088
371940,4.557056
371973,99.340032
372002,97.03552
372025,12.563712
372077,26.267904
372107,0.022272
372160,10.700544
372191,2.644736
372262,1.868288
372270,0.346624
372279,0.651776
372282,3.478016
372293,10.762752
372355,2.447104
372379,0.797184
372394,0.176384
372435,4.872704
372446,6.72256
372451,8.870656
372454,3.51872
372455,9.261312
372457,3.046912
372529,7.53664
372560,2.163968
372561,0.350208
372566,10.489856
372568,87.001088
372649,5.07008
372706,0.18176
372708,1.058304
372720,4.775936
372725,4.134656
372739,3.7248
372764,2.167296
372802,1.214464
372879,0.248064
372909,0.145664
372921,1.702144
372949,4.767232
373006,0.12928
373031,0.604928
373090,1.405184
373189,1.627648
373257,2.31936
373288,5.3248
373298,6.216192
373308,9.449728
373325,0.206592
373424,0.060416
373425,5.841152
373430,0.321792
373595,0.252672
373667,0.003072
373720,0.52864
373723,1.832448
373754,0.682752
373763,1.963008
373765,1.554176
373775,1.591552
373779,7.075584
373780,7.385856
373826,0.489728
373837,1.359104
373842,1.671168
373852,1.178368
373853,18.948352
373910,0.661248
373913,1.570816
373926,1.078016
374010,0.040192
374029,12.965888
374143,0.02048
374153,1.190912
374261,0.950784
374268,8.838656
374269,1.264896
374272,2.292736
374300,0.139264
374321,1.675008
374332,0.837632
374342,0.156416
374391,99.995648
374454,2.353408
374503,14.2272
374567,1.2864
374671,0.760064
374712,0.028672
374850,0.704
374879,0.013312
374894,0.465152
374932,0.060672
374942,0.786432
374965,0.411392
374968,0.30848
374973,6.688256
375080,13.92896
375104,1.76384
375110,0.331264
375179,0.140288
375195,0.187648
375292,6.34112
375358,0.40448
375371,1.18016
375372,24.594432
375388,0.759808
375420,7.193856
375426,3.2704
375442,0.2112
375447,0.34176
375537,0.002304
375582,0.234496
375700,11.978496
375703,0.875008
375705,1.624064
375707,5.799168
375769,0.058368
375787,0.398592
375891,0.11776
375925,10.044672
375929,0.8512
375932,0.016384
375978,0.305408
375993,1.051136
375994,5.86496
375999,0.78976
376001,24.699648
376046,0.514048
376089,0.635392
376101,0.14336
376103,2.658048
376104,0.899584
376105,2.418432
376190,0.422656
376199,0.66944
376218,1.063168
376219,22.424064
376221,5.228288
376223,4.009472
376224,1.618176
376245,13.726464
376296,2.953728
376312,0.391168
376325,4.646656
376343,7.388416
376367,12.035072
376369,2.171648
376372,2.032128
376447,12.638464
376453,5.17376
376498,3.708672
376499,5.213952
376584,14.353664
376586,0.43264
376589,0.455168
376594,11.076352
376614,4.19456
376615,8.153856
376646,2.371584
376654,13.616128
376758,12.491776
376787,17.09696
376794,5.127424
376807,9.864192
376815,3.83744
376832,0.287744
376844,2.916864
376910,1.513472
376953,11.188992
377035,0.027904
377181,1.83552
377190,1.946112
377191,2.756864
377201,6.047232
377214,1.381632
377219,10.872064
377222,48.105216
377245,15.466496
377248,10.81984
377281,10.580224
377284,19.518464
377308,10.38336
377313,4.451328
377321,26.518784
377329,25.016064
377343,27.548416
377346,78.35392
377349,72.496384
377360,73.901056
377464,0.330496
377465,11.740672
377468,0.81152
377472,6.651392
377509,1.197312
377521,0.850432
377553,0.011008
377577,3.021824
377612,99.572736
377657,0.294912
377660,2.3936
377669,23.474176
377689,7.641088
377701,16.642304
377702,32.205824
377704,50.745856
377723,11.45856
377764,7.628032
377780,98.093824
377784,279.31776
377790,37.731328
377796,44.676096
377852,1.410816
377863,1.297152
377866,0.379904
377870,0.13952
377874,2.134016
377884,0.214272
377907,34.628096
377909,4.063744
377943,0.165632
377945,1.510656
377946,0.373248
377948,3.393792
377950,20.557824
377954,1.572608
377957,12.674304
377959,98.257664
377968,25.136896
377981,8.606208
378011,3.480576
378039,5.925888
378071,10.907392
378120,0.52864
378125,0.83328
378129,0.95104
378144,2.014976
378150,8.275456
378151,11.486976
378155,34.216448
378158,0.90752
378159,31.697152
378181,18.601216
378182,1.870336
378184,8.85248
378247,5.046784
378270,4.884736
378272,7.986944
378330,14.683648
378332,5.43872
378391,2.426112
378450,0.017664
378453,32.011776
378472,3.36
378486,2.245888
378501,1.169664
378548,6.165504
378551,4.35328
378553,1.919744
378576,2.93888
378577,14.790656
378580,2.254848
378581,38.200064
378586,7.231744
378587,2.92864
378591,30.735104
378683,5.687808
378811,0.151808
378916,0.42368
378953,0.145664
379002,0.009472
379021,0.02304
379028,3.049472
379068,3.354368
379098,3.073792
379104,2.085632
379133,15.864576
379137,2.039808
379150,9.447936
379152,8.73088
379153,2.61632
379154,21.7216
379235,10.983936
379240,9.546496
379258,2.678016
379308,1.644544
379315,0.215808
379364,0.031488
379410,0.044032
379673,0.119808
379683,1.882624
379693,0.27392
379723,0.022016
379733,0.461568
379752,1.831168
379855,0.223488
379883,0.08448
379907,9.064448
379953,0.51456
379963,8.344832
379964,9.605376
379967,15.29984
380001,1.237248
380018,8.048384
380019,9.388544
380048,0.200448
380096,3.652864
380103,2.934784
380111,5.526784
380119,6.364928
380187,2.816768
380212,6.441984
380246,0.057856
380288,1.212928
380306,3.193344
380350,3.761408
380351,5.102336
380355,3.153664
380482,0.303616
380521,0.819968
380541,16.984576
380607,0.315392
380672,0.611328
380701,0.453376
380710,0.606208
380745,12.513536
380792,0.13184
380837,0.026624
380842,0.022016
380856,1.125376
381000,0.39552
381013,1.789696
381018,0.32128
381061,0.659456
381115,1.054976
381127,1.331456
381172,0.038656
381207,0.001792
381269,0.008192
381290,1.571072
381412,0.238848
381600,1.039616
381607,14.159616
381629,0.383744
381672,0.9408
381673,0.516352
381678,1.586176
381680,3.404544
381709,5.656832
381714,0.295168
381727,1.039872
381770,0.056064
381774,3.804672
381786,0.081664
381788,2.7136
381820,0.043264
381837,1.327872
381911,0.840448
381918,0.865024
381928,3.348736
381955,0.265984
381960,4.228864
381961,1.408256
382004,0.747008
382027,0.45056
382043,0.10624
382049,0.325376
382070,3.130624
382108,1.872384
382131,2.162944
382169,0.836864
382172,1.436416
382211,4.240896
382238,6.918912
382253,5.821184
382278,14.801152
382298,0.857856
382331,2.291968
382418,0.11392
382419,0.118784
382450,0.33408
382537,0.454912
382581,21.521664
382729,0.331776
382778,1.865728
382789,0.700928
382874,10.973952
382905,0.58752
382910,0.303872
382913,2.322944
382946,1.737216
382967,1.336576
382969,3.611392
382981,0.582912
383013,3.165952
383020,0.19584
383143,0.756992
383158,99.552512
383171,89.91744
383201,2.069248
383245,0.237056
383252,0.068352
383254,3.175936
383289,0.415488
383316,0.753152
383351,4.570112
383367,0.320512
383423,0.004864
383430,8.490752
383433,3.581696
383438,7.677696
383449,5.771776
383490,4.726528
383510,0.855808
383520,1.193728
383521,8.843008
383526,3.325184
383632,0.358144
383639,4.518912
383697,0.70016
383721,0.077824
383791,0.014592
383833,0.603648
383897,1.489664
383967,0.302592
384023,0.036352
384033,0.468992
384045,6.81344
384062,2.841088
384063,14.797056
384066,7.152896
384071,3.388416
384097,2.260736
384136,98.838016
384195,2.060032
384215,0.538368
384237,0.737536
384295,1.001984
384324,0.145408
384335,2.851072
384626,13.329152
384631,16.251648
384638,18.05952
384690,0.746752
384706,1.922816
384707,11.60192
384726,0.658176
384753,2.697472
384815,2.340352
384825,3.279104
384836,4.631296
384851,0.82944
384868,1.2288
384872,3.637248
384913,0.49152
384940,7.5712
384971,0.584192
385020,0.009216
385032,0.79104
385034,2.795776
385042,1.971712
385045,3.229184
385100,5.325312
385104,8.045568
385112,4.382208
385170,2.620928
385173,14.51264
385213,0.037888
385232,1.64224
385234,1.664256
385243,2.458624
385246,18.457856
385248,9.603584
385255,7.081216
385292,16.29312
385375,11.284992
385380,95.603968
385418,6.0992
385462,0.071424
385480,8.840704
385533,1.39264
385543,1.940224
385545,4.873472
385575,6.497536
385594,1.498112
385605,6.580992
385632,21.32864
385645,0.939008
385693,0.322048
385703,0.434176
385740,4.80768
385743,0.809984
385774,0.247808
385776,0.822272
385787,4.888832
385813,0.765184
385827,0.467712
385863,3.965696
385909,0.647168
385913,8.551424
385920,0.53248
385967,0.948736
385984,51.66336
386038,0.688896
386057,0.258048
386095,0.11136
386206,0.012288
386213,1.74592
386277,1.110528
386285,0.219904
386292,1.69472
386295,1.24416
386327,2.137344
386408,18.802944
386489,0.035584
386500,0.821248
386655,0.036096
386723,0.039936
386732,0.118528
386755,99.459584
386969,0.134912
387075,4.179712
387108,1.680384
387110,0.745216
387112,5.069056
387177,6.265856
387243,5.609728
387309,0.214272
387355,2.174464
387392,1.937152
387426,8.374528
387461,0.025088
387464,1.067776
387566,1.697536
387644,0.708096
387645,6.209792
387670,1.340928
387677,3.16544
387696,0.132864
387717,0.68608
387790,0.013312
387798,2.196224
387831,0.00512
387859,0.238848
387860,0.250624
387878,0.073472
387895,0.59776
387968,0.180992
388058,0.012544
388089,0.406016
388206,0.011008
388265,0.08448
388284,0.137984
388308,1.948928
388310,0.955904
388312,2.057728
388335,0.174336
388365,0.026112
388428,0.03712
388455,0.006656
388474,0.015104
388495,1.457408
388545,0.089856
388623,0.122624
388731,0.413952
388760,7.883264
388860,8.165632
388910,0.289536
388953,0.935168
388954,0.45696
389146,4.22784
389223,1.855232
389236,3.852032
389245,1.702144
389307,7.282432
389367,6.563584
389384,4.94592
389473,0.283392
389513,4.18432
389566,0.322304
389586,0.502784
389640,0.044032
389690,0.059136
389717,0.754432
389817,1.980416
389825,3.69408
389854,0.912384
389855,3.6544
389861,4.09472
390028,0.065792
390060,3.090432
390123,0.034048
390126,1.527808
390128,5.490176
390136,2.74816
390199,10.926592
390246,99.103744
390318,4.659712
390328,0.080128
390336,4.758016
390352,3.362048
390447,4.529152
390477,0.514304
390495,4.791808
390497,5.092608
390499,0.758016
390524,6.294016
390534,1.860864
390569,18.798592
390603,11.54048
390621,4.342016
390658,0.584192
390708,1.386752
390721,0.250112
390780,0.079616
390846,1.571584
390945,1.446912
390995,0.871168
391050,0.1792
391059,14.807808
391082,1.321472
391090,0.129792
391095,0.229888
391097,3.158528
391106,0.123392
391131,0.199424
391185,11.96416
391212,2.21568
391214,1.298432
391216,1.518336
391233,0.096768
391240,0.353024
391251,1.758464
391293,0.723456
391296,4.296448
391312,1.068288
391327,1.218304
391333,0.007936
391353,0.225792
391362,0.224256
391411,0.114944
391420,0.15488
391465,119.4368
391472,3.370752
391477,8.489984
391571,0.129024
391625,22.181376
391630,372.812288
391651,77.070592
391671,1.41056
391776,0.52992
391781,0.522752
391793,899.199232
391831,26.345728
391834,27.638016
391841,25.04576
391879,2.091008
391899,0.61568
391908,11.346944
392004,0.57728
392023,0.110848
392043,0.272896
392082,0.313088
392120,0.082944
392122,4.234496
392128,4.47104
392133,0.137984
392201,1.01888
392203,2.78656
392208,0.064768
392209,5.211648
392312,2.24384
392377,0.076288
392382,2.162176
392459,2.650624
392461,0.686592
392487,2.023168
392508,4.014592
392541,0.374272
392610,0.613888
392629,0.063232
392634,0.761088
392643,2.263296
392653,1.763584
392654,20.57472
392655,10.51392
392707,2.291968
392741,1.705216
392806,1.267456
392809,0.764928
392820,1.18144
392839,1.656064
392911,0.414464
392918,0.223744
392938,1.353216
392961,1.379328
392995,1.805824
393009,1.06496
393013,2.304768
393086,0.396288
393102,1.961984
393108,0.666112
393173,5.26336
393207,699.472384
393293,2.649088
393294,5.916672
393300,3.299328
393338,0.307456
393364,0.617472
393415,0.206848
393452,1.048064
393455,0.106752
393456,1.284352
393479,0.586496
393500,0.742912
393503,14.54848
393504,1.632512
393506,8.040704
393508,0.512256
393552,0.095232
393558,1.777408
393586,0.397312
393595,0.650752
393605,11.099392
393649,0.052992
393653,19.784448
393655,7.431168
393658,0.037632
393659,10.400768
393663,4.244736
393666,0.67072
393807,6.85824
393809,26.030592
393830,6.276608
393832,17.492992
393837,0.060416
393838,23.279616
393899,0.083968
393925,0.18176
393945,1.600256
393971,1.189632
394014,0.061696
394061,0.456192
394082,3.867648
394164,1.158656
394201,0.104192
394221,99.644672
394271,397.095936
394321,0.389376
394494,1.32608
394502,4.523264
394525,0.128512
394537,4.126976
394543,0.738048
394545,3.756032
394573,3.025408
394598,0.324352
394612,0.329216
394645,99.467008
394701,1.591296
394732,28.43776
394764,1.16736
394786,0.712704
394833,0.53632
394894,0.08704
394895,1.026048
394901,99.278336
394947,0.558592
394965,99.015936
394970,83.42144
395001,91.597056
395040,9.235456
395041,2.908416
395045,90.831104
395055,0.26496
395062,0.304128
395117,0.91264
395143,0.457984
395157,1.080832
395183,599.382272
395255,3.44576
395337,9.426432
395386,3.245824
395412,0.197888
395451,0.393728
395490,799.38176
395577,0.23552
395581,0.669184
395606,0.898048
395627,0.515328
395654,798.881536
395715,894.340096
395834,2800.018176
395965,0.242688
395969,2.335232
396032,2600.941568
396123,2.981376
396127,0.598016
396135,95.685888
396186,9.832704
396295,0.235264
396492,0.144128
396518,0.004864
396519,1.21088
396522,3.044096
396525,97.743104
396598,0.000256
396765,0.41856
396811,10.083328
396861,2.53184
396863,3.98848
396891,5.588992
396896,2.025216
396902,100.099328
396904,74.929152
396916,76.588032
396918,66.418432
396972,4.027904
396983,2.78016
396994,102.037504
396996,77.035264
397014,88.400896
397060,3.928576
397062,0.414976
397132,0.037632
397165,4.145408
397167,96.375552
397169,77.76384
397205,101.266688
397289,1.356288
397314,0.598016
397366,0.177664
397395,5.207552
397519,4.008192
397559,0.002304
397596,0.098816
397654,0.011776
397736,6.71872
397831,0.506624
397910,0.220416
397962,2.152704
397988,0.414208
398050,0.03072
398094,1.706496
398189,0.261376
398205,0.38272
398227,0.02432
398306,0.141056
398360,4.765696
398362,93.515264
398442,5.585664
398504,0.79872
398508,1.550336
398526,0.298752
398532,1.095424
398533,0.18816
398567,4.454144
398573,195.506688
398575,59.89888
398579,144.51712
398672,0.31104
398712,0.158208
398882,0.022272
398885,2.910976
398940,0.329472
398943,0.790784
398954,2.829312
399000,1.168384
399017,0.416256
399042,0.055552
399043,3.67744
399057,98.896384
399109,3.035904
399130,1.376512
399131,2.088704
399227,0.018432
399237,2.89536
399244,4.008448
399282,4.84096
399300,3.62112
399405,1.66016
399443,2.23616
399486,0.018944
399528,0.02048
399540,4.35968
399628,18.656512
399660,8.565248
399708,11.330816
399945,0.169984
399979,99.930624
399988,86.676224
400068,4.50816
400070,105.726976
400073,88.17024
400088,1058.172928
400114,56.109824
400217,1.827328
400230,1.507584
400231,0.075264
400268,19.187968
400434,3.200256
400481,0.644096
400548,0.346112
400585,0.038144
400593,0.475904
400596,2.54592
400608,98.661888
400685,1.941504
400713,3.69152
400741,98.878464
400794,798.86208
400863,0.600576
400888,10.418944
400922,0.037376
400959,12.684544
400970,1.551872
400972,99.92064
401171,4.13312
401270,0.051456
401388,0.091648
401409,1099.631616
401478,0.02688
401481,4.536832
401511,499.198464
401591,1.45536
401647,0.393472
401673,3.146752
401702,37.71648
401787,0.138496
401837,3.968256
401850,2.611456
401923,10.9248
401925,2.166784
402013,4.368384
402092,99.739648
402174,0.151296
402185,0.00256
402191,1.928704
402276,1.565696
402304,10.213376
402343,0.138496
402349,0.750848
402445,10.488064
402462,8.781312
402472,5.846272
402484,6.85568
402485,45.28128
402487,0.983552
402490,25.70752
402501,3.959296
402502,34.546944
402510,41.21856
402610,1.078784
402626,0.239104
402712,0.296704
402720,0.708864
402821,0.679168
402845,1.905152
402865,3.026176
402911,0.228096
402959,0.082176
402995,0.314624
403057,0.268544
403121,3.625216
403195,0.659456
403213,0.18816
403231,899.556864
403350,0.689664
403354,7.362048
403384,0.200448
403400,0.137472
403464,0.882176
403520,0.147968
403525,0.174592
403552,0.432896
403731,0.19328
403743,599.629568
403795,15.10528
403803,0.727296
403821,2.020096
403822,6.764288
403825,22.296832
403828,68.13568
403839,3.939072
403850,92.850944
403865,7.089152
403877,89.567232
403887,6.391552
403892,3.385088
403894,14.985984
403904,6.460672
403914,22.141696
403922,25.718272
403934,17.846272
404062,0.025856
404066,0.264448
404084,3.047168
404188,0.1152
404258,3.376384
404296,0.141824
404342,0.925184
404344,0.2688
404354,4.4672
404388,0.052736
404394,0.296448
404454,0.051456
404494,0.096768
404512,1.265152
404521,0.5952
404534,2.484992
404552,3.277568
404645,2.565376
404734,0.016128
404759,0.0896
404771,9.449472
404812,0.18432
404863,0.286208
404945,1.2032
404947,2.505216
404966,0.127488
404979,0.158464
404984,2.569472
404985,48.784128
405014,9.377792
405015,9.656576
405016,37.537024
405020,29.391616
405027,2.592
405112,0.234496
405140,1.616896
405245,10.637056
405286,9.273344
405341,11.5904
405492,2.961664
405493,12.331008
405510,1.36704
405547,0.029696
405624,7.749632
405702,0.481024
405738,11.79264
405831,0.914688
405834,1.845504
405896,0.000768
405985,0.682752
405995,0.415488
406037,5.775872
406145,10.358784
406199,0.029184
406208,5.44256
406251,0.196352
406317,0.675584
406383,3.361792
406503,0.40576
406514,0.116224
406583,10.049024
406586,5.440512
406601,3.856896
406619,5.240832
406761,0.517888
406794,9.433856
406796,4.223488
406797,23.238912
406876,0.118784
406912,0.52224
406914,7.550208
406995,2.192128
407036,1.398016
407095,0.126464
407103,0.017408
407150,0.92544
407172,1.763072
407195,0.404224
407251,2.166784
407352,0.012032
407389,0.085504
407392,3.397888
407395,2.343424
407471,0.027392
407510,1.62176
407520,0.54144
407544,2.528256
407563,0.151552
407585,3.632896
407596,1.548032
407653,0.221696
407702,1.823488
407744,0.158208
407774,2.805504
407775,3.18976
407803,0.45184
407844,0.354816
407847,3.383808
407857,2.971136
407885,0.538112
407925,2.444544
407930,3.369472
407970,10.635008
407985,10.729984
407987,12.196096
408013,99.057664
408025,33.080576
408029,11.656192
408031,57.988096
408037,6.577152
408043,5.827584
408096,0.61056
408108,0.809984
408109,1.573888
408110,4.728064
408112,10.42176
408115,2.78656
408120,0.902144
408151,1.345792
408160,0.93312
408164,2.299392
408172,6.561536
408182,3.843328
408188,1.09824
408205,1.28
408214,2.56128
408234,11.883264
408281,1.143296
408370,2.259456
408398,5.707008
408408,1.524224
408417,6.462976
408460,1.093632
408518,0.253696
408574,0.810752
408587,0.054016
408610,0.208128
408640,0.027136
408654,5.27488
408655,2.86592
408656,0.979968
408658,2.217984
408673,4.160256
408688,10.53824
408776,3.711488
408838,4.013824
408865,1.92896
408906,0.98944
408910,3.123712
408995,0.048384
409040,1.585152
409145,2.009856
409162,0.707584
409216,0.255232
409234,23.51488
409308,10.715392
409429,0.056576
409485,5.6704
409518,5.3696
409646,0.283648
409670,8.344064
409707,0.345088
409803,0.114176
409837,0.042752
409840,0.57344
409853,0.307712
409883,0.095488
409909,6.840064
409920,13.766656
409946,0.102144
409994,0.134144
410081,16.878848
410093,12.359936
410159,12.888576
410176,0.624896
410209,1.017344
410236,0.194304
410269,2.298624
410353,0.61056
410442,5.392896
410545,0.692224
410601,0.06784
410617,1.840128
410664,0.47872
410706,0.90752
410745,0.007424
410747,1.604096
410748,0.593664
410784,1.427456
410886,0.002304
410930,0.028928
410957,0.010752
411074,0.346368
411109,2.605056
411121,99.31136
411159,41.340928
411167,17.424128
411173,2.867968
411179,12.487936
411193,1.561344
411198,16.017152
411204,2.220288
411209,8.544768
411215,5.223168
411216,7.396864
411245,0.142848
411259,0.044032
411320,2.879744
411358,0.473856
411424,1.867008
411460,1.992704
411491,1.016832
411525,19.063808
411574,2.14912
411590,0.029952
411610,2.12736
411648,1.474048
411740,0.014336
411842,0.022784
411852,1.650176
411877,11.09248
411976,1.742848
411995,0.294144
412046,1.673728
412048,3.676416
412107,0.009728
412113,2.692608
412125,0.845056
412126,1.15456
412127,0.56704
412133,0.73472
412139,2.911744
412278,0.104704
412279,5.357568
412280,11.974656
412282,5.807104
412287,6.480384
412310,8.829696
412319,2.522112
412349,12.339456
412354,2.108416
412419,0.063232
412431,2.536704
412444,7.547648
412446,2.57408
412447,16.381952
412493,3.10016
412551,0.005888
412563,4.138496
412564,9.664512
412567,9.116416
412569,10.908928
412572,7.218688
412584,189.981184
412689,2.52416
412691,2.349312
412694,0.211456
412700,1.461504
412704,9.95456
412740,2.72
412778,12.087296
412784,2.79808
412844,0.071168
412847,0.3328
412927,1.30176
412956,0.483328
412978,1.611776
413049,4.787456
413086,13.285376
413093,0.77696
413133,14.284032
413172,5.059328
413181,0.601344
413224,1.997824
413345,0.039424
413352,99.097344
413492,1.558272
413507,0.27904
413532,3.929344
413549,14.342912
413604,0.12416
413658,3.314176
413769,1.274624
413872,0.055552
413909,0.047616
413941,1.71264
413954,0.077824
414078,0.001792
414108,1.352704
414192,0.712448
414202,0.963072
414241,32.850688
414371,5.417984
414393,0.113408
414622,0.045568
414653,0.015616
414710,11.348224
414806,7.980544
414808,5.258752
414835,1.453312
414889,9.193984
414895,0.928256
414905,0.277504
414937,0.138752
414995,1.915648
415037,0.26368
415074,0.71936
415089,0.701184
415096,98.056704
415179,0.13952
415202,2.008832
415219,5.686272
415237,25.34784
415282,1.575168
415295,1.442304
415324,0.044288
415379,1.402624
415405,2.09792
415465,1.647616
415466,2.4064
415467,1.186048
415469,1.426688
415473,2.449408
415485,3.812864
415491,1.060352
415504,7.098368
415508,9.268992
415515,0.741376
415562,11.53152
415563,2.220032
415568,0.506368
415579,1.794816
415587,5.894912
415588,3.848704
415589,6.207488
415676,0.10624
415693,1.295872
415696,0.895744
415700,2.30784
415702,0.628992
415816,0.004096
415831,0.261888
415833,7.895808
415871,0.303104
415880,18.823936
415910,0.667392
415914,0.546816
415919,1.43616
415969,0.13056
415986,0.220672
415987,0.048384
415992,1.429504
415993,0.263936
416084,3.705856
416209,0.346624
416241,0.445184
416291,0.005888
416292,0.200192
416321,0.128768
416326,8.15488
416442,4.953856
416489,0.077824
416510,0.9728
416512,0.378624
416526,1.545472
416552,0.407808
416553,0.090624
416558,198.739712
416564,67.735552
416659,0.927744
416674,0.482304
416678,2.984704
416681,3.954432
416686,4.5888
416716,0.86912
416805,2.92608
416830,0.589312
416875,2.908928
416887,1.09696
416945,0.060928
416986,98.8032
417070,0.48128
417088,0.02688
417089,7.094528
417102,3.1488
417104,0.434688
417110,0.021248
417130,1.199872
417182,26.357504
417207,0.498176
417260,0.773376
417311,10.729472
417314,0.667392
417319,9.550592
417357,0.184832
417488,1.717248
417496,2.346752
417497,1.801984
417507,2.673152
417512,1.073664
417517,2.472448
417522,0.202752
417583,6.017792
417584,7.63776
417622,0.185344
417625,0.615936
417628,0.3008
417660,0.837888
417682,1.150208
417710,2.696192
417714,98.648832
417747,3.607552
417821,0.51456
417836,0.318976
417855,16.13312
417901,1.832192
417920,6.721536
417923,1.846784
418027,0.391168
418080,0.562432
418087,3.716608
418091,3.97568
418136,0.517888
418175,0.05376
418195,0.86912
418236,17.127936
418271,11.729664
418284,5.094656
418310,0.673792
418312,0.438016
418345,0.073472
418370,1.538048
418371,4.34432
418374,92.282368
418379,83.862272
418388,76.12288
418432,3.504896
418484,0.191488
418487,0.619776
418534,6.897408
418546,8.869888
418551,1.44768
418576,1.529344
418578,0.111104
418585,2.5792
418590,0.48896
418600,3.788544
418603,1.160448
418609,0.475392
418616,1.647872
418617,6.108416
418645,2.770176
418648,4.592896
418749,0.89856
418799,5.956096
418801,0.8832
418852,1.307136
418867,2.549504
418882,2.736384
418897,2.132736
418910,1.492224
418945,0.580608
418958,5.216768
418963,22.025984
418968,6.373888
419004,1.908224
419007,10.719232
419071,2.633472
419081,0.45824
419120,1.442816
419125,4.893696
419135,2.331136
419205,99.54304
419219,90.367744
419314,0.255744
419321,1.536
419326,0.398592
419331,0.969984
419336,1.74976
419373,0.115712
419432,0.833536
419447,0.088832
419508,1.368832
419512,2.302208
419520,12.447488
419528,1.330432
419546,0.082432
419551,2.049536
419595,0.462336
419596,1.507072
419635,0.09344
419649,0.08064
419675,0.237312
419710,1.096448
419715,0.813568
419730,3.311616
419829,0.666624
419863,0.44288
419903,1.5616
419908,0.373248
419913,2.003456
419918,0.98688
419938,0.304128
419963,0.079104
419988,1.763072
419993,4.4032
420003,1.760512
420008,3.826688
420057,1.648384
420059,1.124608
420061,0.630272
420063,0.57216
420121,0.003584
420141,0.237056
420158,17.416192
420212,0.30464
420216,1.189888
420259,0.042752
420346,3.008768
420452,0.423168
420479,0.045312
420524,7.007488
420579,0.078592
420595,2.336
420708,12.465664
420728,0.350976
420745,1.573888
420842,5.459712
420874,0.015104
420885,0.177664
420892,1.176576
420977,4.48
421008,0.23424
421062,99.738112
421115,6.534656
421157,3.829248
421167,0.983296
421211,0.99968
421260,0.010752
421284,1.101824
421298,7.269376
421327,0.662016
421464,3.841536
421470,0.720384
421555,0.615168
421556,1.00992
421563,1.635328
421729,1.537024
421759,0.022016
421781,0.94848
421839,1.132032
421879,7.962112
421882,4.029952
421886,2.80064
421909,5.758464
421984,1.258752
422019,1.858816
422060,99.560704
422185,1.66272
422255,0.565248
422256,4.608256
422259,21.334528
422386,0.723968
422391,0.141312
422468,0.028672
422510,2.363392
422521,0.73856
422555,0.059392
422616,99.554304
422759,0.141824
422791,0.621056
422800,0.940288
422845,7.748096
422866,2.835456
422973,8.518912
423030,0.680704
423057,0.044544
423077,0.13952
423125,0.951296
423129,98.968576
423151,94.746112
423245,3.847424
423248,3.221248
423273,99.454208
423319,0.061952
423367,0.106752
423439,0.257792
423471,3.596288
423477,1.488384
423525,0.016896
423551,0.092416
423662,0.013568
423710,1.408768
423727,0.58368
423740,0.759296
423741,0.191744
423754,4.792832
423792,0.96512
423797,1.177856
423802,2.400512
423807,0.95104
423809,1.73696
423812,1.894144
423922,0.044544
423952,9.547264
423986,3.158528
424017,13.262336
424115,3.173632
424116,0.824064
424131,3.549696
424183,8.591104
424236,0.024576
424310,2.234624
424321,0.296192
424394,0.095744
424458,0.198912
424478,0.61696
424479,1.406464
424533,0.407552
424547,4.658944
424564,1.324032
424589,14.922752
424592,6.189056
424597,0.285952
424605,16.833792
424726,0.498432
424743,11.463168
424746,9.225472
424774,2.795264
424806,10.235648
424814,8.039168
424848,0.167936
424851,98.676224
424957,0.099072
424959,0.375808
425001,0.344576
425031,0.037888
425058,0.73088
425065,1.145344
425086,0.075264
425143,2.091008
425181,1.15328
425182,19.596544
425218,13.773056
425246,1.008128
425268,0.46336
425398,0.20864
425400,0.519936
425448,1.316608
425460,1.150976
425509,0.24192
425560,2.692864
425588,0.12672
425592,1.094144
425607,0.329984
425610,0.210176
425652,0.0256
425723,0.024832
425733,0.102144
425829,5.64608
425876,3.675392
425934,22.754048
426050,1.609984
426112,0.44288
426121,0.056832
426125,13.871616
426202,3.950592
426335,6.537472
426386,0.258304
426389,7.407104
426627,0.30848
426710,0.913152
426712,2.018816
426750,0.098816
426793,0.077568
426833,1.154048
426949,2.445312
427006,3.689472
427089,6.814464
427229,0.052992
427247,0.383232
427250,1.337088
427256,12.126208
427257,9.97376
427312,0.87296
427327,0.206336
427359,0.13952
427378,1.055232
427393,0.70784
427417,0.413952
427422,1.099776
427424,1.169152
427476,0.58112
427548,0.1536
427601,0.106752
427638,0.144128
427658,0.748032
427735,0.797184
427806,0.064768
427925,0.054272
427933,0.626432
428030,99.334656
428035,82.80192
428223,1.326848
428479,0.037632
428613,5.253632
428823,0.745728
428867,0.529408
428894,0.143104
428981,0.629248
429003,0.24832
429042,0.006912
429058,0.162816
429076,0.019712
429110,1.302016
429218,4.993024
429288,0.322816
429306,3.520768
429307,1.845504
429308,4.24832
429310,0.530944
429379,4.275456
429461,1.582592
429533,0.057088
429573,0.370176
429644,17.3184
429686,15.652864
429713,0.439296
429730,1.654016
429746,0.622592
429855,1.93024
429864,0.352512
429893,0.54912
429904,0.483072
429912,0.45952
429943,6.775296
430063,0.125696
430082,0.709888
430085,0.609024
430104,0.489728
430109,0.310272
430127,0.139008
430168,0.846336
430249,16.513536
430256,0.942848
430373,0.695296
430394,1.120768
430416,0.152576
430433,2.54976
430473,0.495616
430567,7.224832
430581,0.075776
430615,0.155392
430658,1.457152
430729,0.024576
430769,0.322048
430770,2.08
430784,18.556928
430788,0.622592
430799,2.282496
430903,0.20352
430924,0.031488
431023,0.251392
431052,2.342656
431055,0.992
431096,0.70912
431097,0.998656
431121,2.682368
431123,14.976768
431129,2.7456
431143,0.300032
431219,1.618432
431225,0.904448
431286,7.912704
431300,4.363776
431301,9.476096
431342,1.742592
431343,6.665728
431344,3.568384
431347,16.405248
431352,16.220672
431354,13.069824
431361,1.01888
431364,23.855616
431415,1.14304
431419,0.470272
431420,1.209088
431423,0.436992
431427,0.105472
431433,2.5664
431453,12.431616
431455,3.852544
431466,0.29952
431508,4.466688
431562,0.022272
431567,1.62944
431573,11.675648
431575,1.375232
431576,64.343296
431583,0.435968
431595,51.380992
431661,0.446208
431695,0.148224
431696,14.243584
431748,0.150272
431756,3.830016
431810,1.284864
431813,1.792256
431833,0.810496
431909,0.224768
431928,3.087616
431934,38.441472
431938,17.87648
431986,99.152384
431996,87.946752
432109,1.231616
432145,1.801984
432200,0.0448
432206,0.004096
432207,0.053504
432208,0.039936
432221,14.582528
432223,0.832256
432225,88.297984
432308,2.839552
432310,0.35968
432312,5.882112
432313,0.214272
432317,0.13568
432336,2.38976
432338,3.918848
432340,0.198656
432345,12.85376
432359,0.992
432361,0.219392
432366,18.617344
432379,1.814784
432382,13.57824
432384,5.6768
432404,1.334784
432410,10.636544
432436,2.649344
432473,2.226944
432492,2.030592
432495,2.00192
432498,13.692672
432499,4.329728
432502,0.866304
432550,6.3104
432554,14.585088
432577,24.908288
432627,6.702848
432628,3.702784
432661,0.11008
432664,4.036608
432667,93.0304
432754,0.088576
432756,1.095936
432759,13.576704
432762,2.92736
432766,0.026368
432813,1.427456
432836,0.030464
432838,0.136704
432855,0.132864
432862,0.37248
432863,1.700864
432865,0.662272
432869,19.50976
432896,11.707904
432938,9.326592
432940,0.417792
432942,26.555136
432946,10.335488
432952,9.634048
432953,7.325952
432961,5.405696
432985,0.730624
433002,9.23264
433003,2.985216
433024,3.357184
433026,5.401088
433029,92.571392
433044,8.787968
433054,1.068544
433064,2.99776
433065,8.24832
433075,2.727168
433096,0.477952
433126,3.735552
433128,2.87872
433142,1.897728
433146,1.257728
433149,0.199936
433152,10.367232
433156,7.801344
433159,17.920512
433192,4.516352
433195,2.323968
433199,7.277568
433236,3.669504
433238,4.051968
433241,0.674816
433242,0.90624
433243,10.961152
433255,185.406464
433257,57.373696
433261,49.274624
433331,2.46144
433343,3.113984
433349,3.757312
433362,0.639488
433371,12.71296
433410,6.044928
433415,5.42592
433421,1.019648
433423,1.403904
433428,1.553152
433545,0.231936
433556,1.338112
433575,9.163776
433588,10.435328
433591,2.607872
433602,10.416896
433612,2.660352
433690,0.3328
433694,7.150336
433695,3.10656
433705,12.585472
433708,1.038848
433714,3.590912
433732,0.61184
433733,0.025856
433752,0.979968
433761,7.235584
433781,5.236736
433839,2.321152
433875,2.390272
433877,2.677504
433880,10.057984
433882,1.242368
433900,4.058368
433948,2.702848
433949,0.023552
433976,99.0656
433995,4.044032
434146,0.206848
434167,2.583552
434183,0.036608
434184,4.689408
434188,1.285632
434198,2.58944
434231,1.28384
434233,5.44128
434234,0.554496
434245,0.81152
434246,6.562816
434248,0.42624
434249,0.740096
434253,1.151232
434290,9.056768
434292,1.695488
434293,3.725824
434299,10.118144
434405,1.638656
434464,11.042304
434481,6.558976
434494,1.65376
434508,3.031296
434535,0.144128
434547,0.485376
434643,0.564736
434654,14.520064
434690,5.260288
434691,3.680256
434777,9.168128
434788,4.619008
434853,0.671232
434912,31.282432
434942,0.251136
434974,0.207872
434995,1.608192
435029,4.59648
435064,7.109376
435100,0.901888
435103,114.362624
435150,14.952704
435155,21.385728
435174,13.700352
435192,6.958592
435200,0.243712
435216,9.146624
435254,7.71456
435281,1.7088
435295,98.603008
435367,3.931136
435398,8.575232
435413,10.774016
435467,0.506368
435468,15.906816
435497,2.491392
435514,0.30592
435522,2.198016
435526,6.648064
435556,3.282176
435557,4.06016
435568,13.560576
435579,5.822976
435627,0.57216
435645,1.260032
435696,1.124864
435713,4.670464
435793,1.793792
435808,0.666112
435832,0.094464
435861,0.571904
435875,20.267008
435877,11.666432
435970,0.089344
435985,0.520704
435991,0.916224
435995,2.696192
436072,1.268736
436074,1.26592
436082,1.810432
436095,3.245312
436098,11.124736
436099,4.834816
436142,6.06592
436154,1.604864
436183,0.817408
436192,97.874688
436199,79.72864
436204,72.958208
436291,1.387776
436308,0.76032
436311,1.3184
436313,1.949952
436321,1.48224
436384,0.430336
436416,0.027904
436454,0.196096
436456,10.783744
436477,8.45312
436522,0.304128
436537,0.047872
436545,0.445952
436569,7.201792
436578,0.992
436589,8.658432
436617,1.76512
436619,8.055296
436641,1.599488
436647,1.039104
436648,3.972608
436651,0.732672
436686,5.09696
436688,0.525824
436694,0.217856
436719,0.984064
436750,0.527616
436758,8.704512
436795,3.221504
436805,0.158464
436851,0.57216
436852,4.234752
436868,0.730368
436878,0.519424
436910,0.761856
436995,0.971008
437021,0.540672
437067,2.316032
437101,13.713408
437104,5.626368
437129,3.617536
437131,0.488448
437149,1.354752
437152,7.544576
437196,0.553728
437206,0.40576
437225,0.021504
437239,1.791744
437266,0.140288
437267,0.229632
437288,0.090624
437295,0.22016
437336,0.368128
437359,0.517888
437374,2.266624
437392,1.846272
437487,0.936704
437491,5.410048
437498,2.001152
437499,1.348096
437505,95.165184
437551,3.023616
437555,97.896704
437562,83.254784
437649,0.543488
437660,0.900608
437668,0.225792
437679,0.9664
437689,0.140544
437699,4.113408
437703,12.903936
437722,3.216128
437729,3.71712
437744,1.658112
437747,0.571136
437771,0.569856
437773,3.095808
437805,0.637952
437817,100.158208
437822,82.720768
437927,0.060672
437946,0.175616
437978,2.91072
438032,0.512768
438064,6.934784
438108,4.143104
438109,8.09216
438112,4.054528
438117,2.028032
438201,0.722688
438218,0.461568
438279,0.171776
438291,1.247232
438329,0.15104
438383,0.492032
438473,2.582016
438530,0.232704
438585,1.99552
438596,4.045312
438645,0.511488
438686,1.618944
438695,0.705792
438710,0.297472
438714,0.851968
438720,1.508608
438731,3.044352
438757,0.209664
438774,0.241152
438987,13.72928
438995,0.457728
438996,2.189824
439010,3.13856
439072,1.12896
439074,1.462784
439108,1.657344
439153,2.752512
439221,0.7744
439246,3.4304
439271,0.56448
439292,0.097536
439321,0.072448
439334,0.0128
439371,2.443008
439379,98.635008
439462,0.04608
439489,0.091136
439516,2.658304
439554,0.281344
439559,2.022144
439563,1.920256
439678,0.314624
439694,5.405696
439703,3.930112
439811,0.416256
439813,2.404352
439815,9.741312
439820,6.631936
439821,2.864896
439824,3.255552
439828,3.539456
439831,14.803456
439835,0.32512
439843,85.618176
439845,0.057088
439912,5.8048
439977,41.886976
440044,0.01152
440047,9.953792
440084,2.185216
440088,1.907456
440104,1.967104
440123,1.063424
440214,1.383936
440215,7.55712
440218,2.683904
440221,3.391232
440223,8.089344
440262,10.063616
440361,0.272896
440382,0.96128
440386,0.393472
440393,0.909312
440394,6.669824
440396,9.804032
440397,5.93024
440400,4.39808
440402,4.816128
440412,1.868544
440418,26.267648
440426,0.452864
440482,0.966144
440508,1.152512
440512,0.706816
440525,0.271872
440530,6.36288
440533,11.838464
440536,5.37856
440540,7.704576
440542,0.94208
440547,15.163904
440550,2.764288
440565,2.229248
440580,14.164992
440618,8.80384
440662,0.061184
440680,0.198656
440746,3.500032
440769,5.71904
440815,0.248064
440816,5.860096
440817,11.53024
440821,11.835904
440824,7.853056
440910,1.078272
441017,11.129344
441071,3.342336
441082,0.029952
441108,0.485632
441112,2.291968
441159,0.150784
441249,0.597248
441306,4.566016
441307,14.697216
441314,0.879616
441317,8.269312
441329,7.222784
441335,0.165632
441340,0.299264
441341,0.108032
441343,12.576512
441381,7.590656
441385,6.243072
441388,12.996608
441390,73.11872
441399,0.634368
441410,10.473728
441429,7.07584
441442,96.365568
441454,8.095488
441459,6.824448
441491,3.206912
441493,6.739968
441495,4.557312
441498,3.890688
441500,5.978368
441503,5.0048
441509,3.166976
441523,0.526848
441536,3.220736
441558,1.737472
441559,0.224768
441563,17.433856
441565,2.514432
441567,2.308352
441571,0.005376
441581,60.503808
441616,212.348416
441623,70.226944
441627,45.654528
441638,77.810688
441659,0.120832
441661,2.252032
441664,2.227456
441677,69.78304
441689,1.800192
441691,66.793984
441703,85.648384
441711,269.179648
441733,77.24928
441738,61.681664
441746,75.84384
441753,69.34912
441815,6.51264
441828,111.913472
441832,76.463616
441955,0.292352
441965,1.375232
441966,10.925056
441969,7.334144
442022,0.012032
442033,1.760512
442034,3.747072
442091,1.494016
442095,0.02816
442110,1.9648
442187,1.396736
442209,0.574464
442210,1.600768
442211,9.400064
442232,9.895424
442247,7.379968
442254,1.680896
442261,3.045632
442267,3.552
442271,3.512832
442310,0.015104
442333,1.79456
442352,14.663936
442353,5.152512
442354,8.521984
442357,0.404736
442363,11.245312
442368,7.25888
442383,6.39232
442488,0.002048
442583,0.184576
442621,0.918016
442711,0.098816
442747,0.017664
442762,3.694848
442775,1.883648
442833,0.773888
442840,1.084928
442868,0.919296
442876,1.80864
442902,0.111872
442903,3.840256
442920,1.752576
442921,11.849472
443003,1.150208
443019,0.998656
443029,1.186304
443041,0.644352
443069,1.865472
443081,0.257024
443086,0.8064
443091,0.807936
443117,1.783552
443134,0.03072
443151,0.337408
443162,20.646144
443173,4.010752
443204,2.958592
443240,20.093696
443247,4.187904
443251,1.741824
443253,0.49536
443261,4.465408
443265,92.18048
443273,79.200512
443282,62.39232
443351,4.482048
443353,0.446976
443359,1.361408
443361,7.323904
443363,1.008128
443364,1.742592
443367,104.420864
443379,8.737536
443382,4.96896
443386,5.754624
443447,0.102144
443480,0.130304
443508,2.697472
443514,11.088896
443557,0.208384
443574,6.034432
443576,2.315776
443629,0.128512
443738,0.230656
443749,10.15168
443814,0.275712
443820,0.183808
443889,0.16768
443942,0.3776
443953,2.878464
443956,5.993216
444004,1.101312
444014,5.979904
444015,10.953472
444017,3.285504
444019,12.88704
444024,14.461184
444026,2.273536
444110,2.49984
444207,4.005888
444210,0.396032
444231,17.468928
444236,3.201536
444239,9.923584
444288,4.7872
444345,0.661248
444372,12.080128
444446,0.06912
444469,0.064768
444505,0.260352
444555,0.722688
444616,0.033536
444621,0.08704
444667,0.333056
444740,18.601984
444780,99.108352
444885,1.792256
444967,19.74144
445093,15.475456
445122,0.311808
445178,17.901312
445181,10.964736
445214,26.699264
445235,88.158208
445239,82.6112
445252,82.344704
445258,74.160896
445263,64.689152
445266,50.702336
445268,29.646336
445397,1.595648
445401,1.594112
445404,1.544704
445408,1.140224
445419,9.257984
445420,2.593024
445422,7.258368
445434,12.207872
445461,7.797248
445476,97.3696
445571,0.396032
445573,32.124672
445595,4.381696
445627,0.632832
445643,0.186368
445645,0.230656
445682,1.349376
445696,7.668224
445750,1.994496
445846,2.32192
445849,2.707712
445852,13.61792
445890,0.892928
445891,8.242944
445892,5.115392
445896,1.31584
445898,5.564672
445902,3.239936
445905,7.86176
445951,2.350592
445967,0.717056
445969,0.308736
445972,1.409024
445976,0.22656
445981,2.08
446022,0.070912
446032,10.693888
446033,4.722176
446034,12.055552
446036,2.207744
446042,4.09984
446048,1.571328
446078,1.484544
446081,0.844544
446131,20.0768
446139,14.607104
446215,2.11456
446216,5.3632
446228,22.382848
446281,0.186368
446291,6.846976
446292,5.636096
446296,0.091136
446302,0.81408
446304,0.132096
446353,4.23936
446364,6.501888
446482,22.186496
446495,4.447744
446502,0.265728
446520,0.893952
446535,14.489344
446606,3.140864
446618,0.883968
446636,0.237312
446641,99.177984
446770,0.100096
446817,0.160512
446819,1.8304
446836,1.956096
446871,13.77152
446875,1.545216
446880,5.087744
447043,0.456192
447108,12.022784
447175,0.118528
447357,0.098816
447375,4.643328
447380,33.800192
447385,2.402048
447388,8.852736
447540,1.317632
447552,0.342272
447614,4.189184
447626,99.356928
447662,0.98816
447710,2.481152
447712,1.146112
447796,0.141568
447797,0.81536
447802,0.368128
447821,0.297216
447823,0.09984
447868,0.284672
447934,0.550144
447949,0.185088
447962,0.27392
447969,0.73984
447995,3.607808
448004,0.93568
448013,0.823808
448016,2.165248
448125,10.754816
448140,4.331264
448160,0.448
448164,1.484032
448166,6.637312
448171,1.832448
448236,110.486528
448240,2.715136
448250,5.49376
448252,6.39616
448256,75.195648
448301,0.22144
448308,20.253952
448347,0.014336
448377,0.21888
448433,0.181248
448511,0.032256
448531,0.11136
448538,1.168896
448591,1.397248
448620,0.275712
448621,1.355264
448624,2.09664
448625,12.760576
448651,2.590208
448741,0.04608
448776,2.021888
448846,0.656384
448894,0.415488
448895,2.50624
448897,0.64256
448908,2.895104
448919,2.702592
448961,16.468224
448962,1.192448
448964,3.42784
448969,0.1024
448975,5.4528
448978,91.203328
449102,0.00896
449123,11.00928
449124,0.931072
449125,0.525824
449152,1.013504
449191,0.183552
449282,0.343808
449284,0.923904
449285,16.98176
449316,17.504768
449321,86.618624
449340,1.342976
449342,0.98944
449410,3.163136
449494,17.394688
449495,1.434624
449512,0.834304
449521,1.385984
449568,20.70528
449598,4.162304
449599,5.615104
449615,0.781824
449619,5.618432
449622,0.145408
449629,12.6016
449736,0.476928
449746,0.883712
449768,4.502016
449769,7.403264
449773,7.756032
449775,2.766336
449819,7.63392
449820,9.631744
449822,5.958144
449895,0.429312
449961,100.158208
450012,3.86048
450030,2.90944
450042,5.318144
450058,2.983936
450108,1.700864
450111,0.937216
450177,1.089792
450190,0.057856
450191,3.51744
450260,0.427776
450313,2.498048
450373,6.466816
450464,0.059904
450482,0.256512
450550,0.372224
450555,1.051392
450635,4.500992
450672,7.915264
450712,1.146368
450714,1.116672
450753,2.522112
450804,0.481792
450847,4.33024
450946,0.009728
451042,0.061696
451071,0.429056
451223,1.41824
451236,0.401152
451280,99.176704
451318,97.865216
451361,0.750336
451380,1.039872
451427,0.254208
451512,0.617216
451522,12.708096
451524,12.454656
451526,1.52064
451528,0.765952
451531,11.684608
451533,8.032512
451570,4.176384
451571,1.145088
451695,0.109568
451705,7.036416
451735,3.469568
451737,0.415232
451803,0.745728
451818,99.297024
451890,0.065792
451952,0.420096
451970,2.4128
452016,1.590272
452064,0.09344
452099,0.005632
452134,0.405248
452171,1.126912
452198,0.117248
452287,2.707968
452295,0.46848
452296,0.55936
452344,0.504064
452369,0.745984
452370,0.661248
452430,0.12288
452447,0.034048
452492,0.339968
452556,0.46464
452604,1.727488
452643,13.03936
452646,113.307904
452668,5.595648
452673,15.795712
452680,8.778496
452799,0.171776
452872,0.027904
452905,5.602304
452934,0.052736
452965,0.908544
452986,0.44416
453007,0.073984
453044,19.364864
453066,2.78272
453111,0.278016
453118,98.965504
453137,93.889536
453140,75.64032
453207,0.25856
453212,0.6144
453248,0.077568
453252,3.245312
453300,15.484672
453319,13.599232
453357,7.494656
453378,1.31712
453428,0.024064
453445,0.553472
453459,0.026624
453505,0.251392
453525,0.196352
453556,11.411968
453578,6.891264
453654,1.504256
453708,1.79712
453718,12.547584
453763,2.05184
453812,0.05504
453889,4.83712
453897,0.84736
453929,1.780736
453930,12.912384
453933,7.382784
453959,6.188544
453969,2.48832
453981,0.49536
453982,24.998912
454010,16.219648
454030,11.024128
454046,9.465344
454049,10.047232
454064,0.33408
454066,0.332288
454067,2.62144
454141,20.146688
454143,7.127552
454154,2.589952
454175,11.079936
454176,3.38048
454178,6.22592
454180,0.775936
454290,3.714816
454308,0.961792
454310,0.752384
454314,0.637952
454322,0.793344
454382,0.1664
454393,0.52864
454440,0.16384
454445,19.841024
454472,2.719488
454479,2.299392
454541,0.187904
454554,0.562944
454621,0.357376
454755,0.507904
454791,8.0256
454824,1.70752
454900,0.193792
454908,0.651264
454910,3.266816
454921,0.314624
455035,0.713472
455038,2.039552
455041,0.960256
455084,0.531712
455088,3.040256
455095,7.802112
455139,0.239104
455155,0.141824
455218,2.370304
455325,0.036352
455327,3.319296
455363,1.4208
455364,9.219072
455400,0.320512
455493,0.198656
455498,2.385152
455525,0.397824
455609,18.444032
455658,0.072704
455700,0.359424
455775,1.112064
455816,0.223488
455852,0.256256
455854,0.93184
455908,0.006144
455920,0.037888
455952,3.072256
455963,0.497664
456034,3.679488
456070,15.147264
456096,2.220544
456108,0.640768
456110,1.55136
456210,9.244416
456218,8.081408
456222,2.58304
456267,0.723712
456308,0.100608
456409,1.697536
456434,0.130816
456503,16.998656
456576,0.063744
456586,1.248512
456628,0.037888
456666,13.93536
456685,2.724608
456708,1.39776
456721,0.316672
456796,14.385408
456799,13.464064
456802,83.825152
456813,3.125504
456901,0.078336
457018,19.1424
457115,0.527872
457174,0.343808
457291,0.17792
457307,0.226048
457308,0.227328
457310,0.218624
457312,1.778176
457317,0.31744
457327,0.762368
457337,2.979328
457363,0.087552
457404,0.337152
457449,0.113152
457485,2.089216
457525,0.537856
457635,15.385344
457668,0.487424
457718,0.32512
457728,1.143296
457864,0.128512
457883,0.025856
457897,0.411648
457910,0.419584
457912,0.320256
457921,0.285952
457948,1.037824
457981,0.040448
457984,38.663424
458037,3.014656
458061,2.552576
458142,0.72704
458146,6.831104
458203,11.206912
458314,0.287232
458327,7.361536
458408,0.26112
458432,2.08512
458510,2.29248
458521,0.293632
458589,0.12672
458720,0.41344
458845,0.645632
458912,0.274688
458948,0.07424
459015,0.333312
459049,0.00384
459121,1.565952
459145,0.034304
459169,0.160768
459289,0.09984
459315,0.04992
459366,0.143616
459427,0.010496
459461,0.644608
459507,0.695552
459553,0.00256
459554,2.339584
459589,0.11776
459602,0.079616
459627,1.973504
459635,3.27936
459690,0.048896
459708,1.741824
459720,0.033792
459803,0.061696
459921,0.1344
459969,0.733696
460051,0.414976
460133,0.096
460224,10.627584
460225,6.04288
460307,0.196864
460316,0.26368
460322,99.410688
460485,0.040704
460488,0.282624
460533,0.653824
460682,0.730624
460697,0.153088
460724,1.364736
460729,4.577792
460730,16.460288
460871,0.046592
460900,0.055552
460905,1.489152
460908,7.866624
460913,5.81376
460977,0.516096
461071,6.460928
461118,0.089344
461185,0.132352
461361,1.311232
461378,4.734464
461446,0.258304
461510,2.209536
461613,0.02816
461854,0.083712
461882,0.685824
461917,0.984064
461972,0.098048
462016,0.346112
462111,0.542976
462114,0.001536
462120,0.85376
462124,9.891328
462205,5.746176
462219,3.846144
462229,8.609024
462262,17.7216
462265,11.31904
462267,1.454592
462269,3.956992
462284,3.305984
462333,9.57824
462423,6.103808
462480,0.04352
462509,0.984832
462548,2.402816
462549,1.10336
462558,2.676992
462568,4.841728
462587,0.126464
462612,3.312896
462658,5.369344
462720,0.877056
462790,1.184768
462824,9.790464
462899,0.149248
462954,0.083456
463154,0.086016
463198,4.614912
463206,3.361792
463231,5.4208
463310,0.429824
463314,1.007872
463329,2.275072
463375,3.146496
463447,0.431616
463487,0.004096
463505,0.06784
463556,0.00128
463613,0.00768
463666,0.664064
463674,1.733888
463677,0.862976
463778,1.961728
463843,0.090624
463848,8.156928
463921,0.891392
463957,1.809408
463995,0.190464
464030,4.091648
464038,2.624768
464084,4.014336
464092,98.683136
464127,96.899072
464176,17.983744
464179,6.364928
464180,2.538496
464184,4.595968
464192,10.21696
464208,1.874432
464229,11.224064
464231,0.9472
464253,1.44768
464255,18.116608
464261,11.6928
464292,14.979584
464304,2.720256
464317,7.598592
464408,0.164608
464416,3.531008
464440,0.609792
464443,0.750592
464508,5.07392
464642,0.011264
464729,0.040704
464731,0.085248
464733,3.23456
464770,0.449024
464877,0.292096
464958,0.495616
464959,22.38976
464971,93.648384
464973,79.038976
465025,1.574656
465028,7.340032
465108,1.383168
465112,0.612096
465170,3.191808
465176,1.065472
465287,0.240128
465355,1.342208
465378,3.386368
465380,6.469632
465383,5.284352
465390,5.544192
465391,13.325568
465393,34.337792
465421,11.568128
465450,2.491648
465455,0.984064
465458,12.968192
465476,1.287424
465480,15.595776
465555,0.191744
465604,0.800512
465608,0.383744
465617,0.701696
465774,0.084992
465824,0.482048
465860,2.001664
465892,1.600512
465952,0.301824
466069,0.124928
466080,0.282368
466081,4.203264
466082,2.034432
466084,89.617664
466136,0.148992
466137,2.394112
466139,0.70272
466142,5.129728
466143,5.844224
466196,0.09344
466268,0.452096
466308,2.332672
466322,0.045056
466334,0.074752
466363,0.07296
466395,0.102912
466556,2.27712
466622,0.087552
466696,1.053952
466794,7.766016
466855,3.571456
466856,2.794496
466859,2.572032
466862,0.47104
466910,2.939392
466923,0.278784
466978,0.002304
467075,0.505088
467148,4.19712
467186,0.03968
467225,0.013056
467240,0.349696
467454,0.478208
467477,0.453632
467480,0.859904
467495,0.046848
467508,44.74112
467622,0.00256
467623,3.76704
467625,5.94432
467705,0.883968
467805,0.363008
467842,0.058624
467913,0.19072
467934,1.85984
468017,0.036352
468094,0.911104
468097,0.404224
468108,11.319296
468160,1.703424
468177,0.45184
468215,1.74976
468253,0.464128
468258,104.3392
468344,0.011008
468408,29.805056
468461,0.438528
468466,0.310016
468467,0.288
468516,0.417024
468560,0.053504
468570,0.058112
468678,3.683072
468710,1.4784
468720,18.533376
468821,0.217088
468925,0.00768
469101,0.062976
469120,10.713344
469121,16.797696
469123,14.002432
469175,6.344704
469184,0.678144
469190,5.716992
469245,0.0448
469308,1.237248
469321,1.451264
469366,0.231936
469422,2.979584
469423,7.895552
469454,11.93344
469525,0.454144
469527,0.711168
469528,0.95104
469535,0.062208
469537,1.104896
469584,0.425216
469589,0.640256
469590,3.067904
469665,0.345088
469731,0.265984
469791,0.055808
469816,0.189696
469846,2.141952
470064,0.1536
470095,12.626176
470107,5.215744
470113,0.61824
470114,1.553408
470175,0.0064
470183,0.0576
470215,0.067072
470412,0.361216
470438,0.635392
470508,2.171136
470510,2.197248
470513,6.166272
470531,13.442304
470532,12.7168
470571,0.705792
470663,0.084992
470677,2.349568
470689,1.544704
470716,1.20832
470796,0.029696
470816,0.674304
470870,3.216384
470882,3.922688
470904,2.891264
470905,6.895104
470907,6.377984
470911,0.444928
470940,6.754048
471016,1.932032
471042,0.533504
471108,3.295232
471211,0.03968
471216,0.238336
471402,3.112704
471446,0.502528
471501,2.635008
471505,0.065536
471506,0.74624
471519,0.338688
471534,0.20224
471561,17.947136
471564,6.994176
471578,3.337984
471626,1.66528
471683,0.079104
471713,1.56928
471755,0.770816
471852,1.437184
471963,0.182528
471964,1.518592
471966,1.84832
471971,0.58368
471975,34.820608
472008,2.95296
472019,18.777088
472024,13.533696
472032,0.809984
472100,0.863232
472102,0.576256
472308,21.1584
472399,0.041472
472475,0.009216
472480,0.134144
472506,0.198144
472511,4.425728
472567,0.07552
472582,0.155904
472591,0.093184
472713,0.65536
472733,0.013824
472761,2.185216
472762,3.61216
472763,15.83616
472768,10.976
472783,0.31104
472819,4.159232
472838,10.945792
472908,6.08384
472913,1.62432
472921,2.221824
472975,1.061632
472976,0.086784
472988,2.090496
472996,1.219328
472998,0.530432
473006,0.208896
473010,0.159744
473016,0.005376
473067,0.0448
473086,0.481536
473105,6.808576
473150,0.077824
473151,17.862144
473155,3.282688
473326,1.034496
473453,0.100608
473500,18.258432
473502,0.075008
473506,7.412224
473653,1.923584
473662,0.892928
473693,0.217856
473796,0.441344
473808,3.972352
473931,0.084736
473941,0.929024
473942,9.389312
473952,1.592064
473962,1.627648
473964,0.895744
474093,99.618304
474157,0.548864
474242,0.081408
474250,0.32
474267,1.63456
474340,0.060416
474445,0.649728
474551,0.75776
474561,8.240896
474572,1.389568
474649,0.267264
474710,1.649408
474720,0.877312
474789,0.456192
474813,0.472832
474898,0.096512
474955,0.571136
475040,0.013312
475107,0.177664
475121,10.712064
475162,0.502528
475310,2.9248
475313,0.240128
475324,1.7216
475392,0.020736
475498,0.516608
475592,0.09856
475601,2.42944
475608,3.873792
475623,1.463552
475624,2.594048
475625,3.434752
475626,3.4624
475689,99.32416
475783,0.670976
475793,0.346112
475794,2.424832
475799,1.824768
475818,2.924544
475908,1.801984
475913,0.054016
475914,0.143872
475922,0.051712
476009,0.01024
476030,19.546368
476065,0.435712
476148,0.005632
476150,2.136576
476232,1.39776
476287,0.301312
476330,0.81536
476340,1.88416
476380,6.0608
476401,0.135936
476483,0.098048
476508,4.098048
476543,0.683264
476561,4.749056
476653,0.026112
476670,5.72032
476705,0.00256
476706,0.42752
476707,6.6816
476710,3.346944
476711,0.393984
476715,0.86912
476719,3.007232
476720,2.637312
476767,0.256
476776,2.548736
476778,3.638784
476779,5.824
476787,5.843968
476792,7.708672
476793,3.481088
476800,7.104768
476804,4.011008
476815,0.266752
476837,89.787392
476843,81.311488
476881,9.521152
476893,96.12288
476929,0.018688
476930,13.883136
476935,0.43776
476937,0.869888
476953,6.504448
476955,0.523776
476962,0.386048
477001,4.56576
477011,9.26848
477013,1.904384
477076,0.919296
477079,2.098176
477176,0.803584
477196,0.815616
477205,0.288
477207,1.5488
477257,2.539776
477308,2.666752
477309,8.140288
477392,0.636928
477408,1.676032
477674,0.778752
477709,2.85824
477721,0.221696
477758,7.14496
477798,17.185792
477800,1.228544
477802,6.668032
477806,1.427456
477816,5.837824
478086,24.797184
478088,8.567296
478090,0.302848
478122,3.678464
478123,6.007808
478125,10.753536
478127,1.042432
478129,6.265088
478142,6.123264
478158,4.991488
478308,8.75136
478390,0.01536
478401,1.061632
478403,12.699136
478406,8.338944
478422,1.19936
478473,0.387072
478566,0.905472
478715,3.08224
478716,4.027904
478758,8.864
478759,4.24192
478760,0.451328
478764,12.259072
478873,0.027648
478881,0.142848
478910,1.990912
478952,0.215808
479053,1.61152
479105,13.879808
479108,2.784256
479122,7.854336
479123,6.245632
479126,1.782272
479128,1.315072
479130,9.021184
479133,21.15712
479150,8.237568
479155,0.342528
479165,15.838464
479208,1.578752
479254,0.122624
479287,0.080896
479291,1.058816
479338,0.06528
479396,11.044864
479407,0.605952
479510,3.413248
479520,0.451584
479528,4.04992
479538,4.109056
479604,2.772224
479605,1.297152
479606,4.389888
479609,8.80256
479612,0.331776
479622,0.185088
479657,6.212864
479668,97.657856
479732,2.471424
479733,3.5264
479907,4.504064
480108,1.214464
480110,0.404992
480116,0.609792
480167,0.056832
480201,2.614272
480272,0.059392
480304,16.04992
480306,16.586752
480344,0.74496
480345,12.754688
480347,2.1952
480349,0.359168
480351,10.983424
480353,5.10208
480551,12.027136
480552,1.526784
480634,0.012032
480658,0.134144
480674,0.134912
480710,3.033856
480776,0.057344
480820,0.081664
480883,0.018176
480961,1.5424
481008,1.27616
481143,0.040192
481184,4.054016
481326,0.38144
481376,0.056064
481575,7.785472
481582,7.813376
481588,122.049792
481734,2.296576
481908,2.261504
481914,1.556224
482044,0.026624
482058,4.737536
482181,3.256576
482253,0.115968
482278,0.213248
482307,11.45344
482431,36.318208
482520,0.681472
482535,0.527616
482563,12.567808
482571,2.450176
482582,94.481664
482670,1.007616
482671,5.17632
482672,0.72064
482740,1.26976
482741,1.307904
482757,1.583872
482759,2.103552
482764,97.747968
482787,0.787968
482790,21.974272
482904,8.450304
483014,1.546496
483017,2.40768
483021,0.852736
483026,1.010688
483108,101.953536
483169,0.535808
483187,0.424448
483188,0.037888
483232,3.49696
483253,4.705024
483257,96.621312
483339,2.537728
483340,5.088768
483369,15.14112
483401,1.556992
483445,0.028928
483452,0.03456
483461,0.093696
483576,1.506048
483708,9.578752
483726,2.202624
483835,4.493568
483838,2.923008
483882,1.189376
483883,0.960256
483894,0.32384
483907,12.185088
483909,5.728512
483910,2.444032
483913,0.284672
483976,0.758784
483990,1.142784
484000,1.0304
484015,3.280896
484036,2.813184
484046,0.367104
484047,2.316544
484048,3.661568
484049,5.760512
484079,1.310976
484124,1.139456
484129,0.522496
484178,99.513856
484227,7.232512
484234,96.381696
484259,9.598208
484274,1.05728
484310,0.078848
484369,0.17408
484371,3.304192
484409,1.906432
484411,97.433344
484486,1.293824
484515,0.214272
484584,0.023552
484608,8.913408
484625,0.205568
484861,0.197888
484868,0.25728
484870,0.222464
484871,0.993024
484873,3.600384
484876,1.18016
484880,4.665344
484887,5.359616
485066,0.995584
485075,4.127232
485081,3.410688
485148,0.13824
485189,0.109824
485313,0.427008
485344,0.138752
485411,0.170496
485448,0.142336
485471,0.652032
485508,5.585408
485566,0.054784
485660,0.013568
485751,0.09856
485803,0.302848
485824,0.049408
485849,0.020224
485856,0.1088
485937,1.118976
485941,3.171328
485985,0.410624
486012,0.049152
486015,0.073472
486110,3.511808
486121,2.591744
486167,12.086016
486200,1.627392
486201,6.294784
486205,2.575616
486256,0.073728
486262,0.062208
486312,0.01024
486375,99.553024
486469,0.33024
486505,0.738048
486515,8.956416
486516,0.964096
486527,2.71872
486536,5.876992
486537,1.356544
486546,3.651072
486551,1.51168
486713,0.03072
486720,1.004032
486744,0.06272
486791,15.624704
486814,0.15616
486824,5.05088
486825,7.928832
486826,2.658816
486827,9.286144
486836,5.576192
486837,6.701824
486844,4.206592
487158,0.163584
487185,0.010496
487231,0.059904
487256,0.273408
487279,0.376064
487308,1.111808
487320,0.735232
487326,1.4848
487484,0.193536
487575,0.40064
487595,2.77376
487599,0.11008
487688,0.470784
487777,0.034048
487793,9.224704
487829,1.902336
487834,1.180672
487844,1.12896
487852,1.262592
487862,9.21984
487873,0.021504
487875,0.177152
487882,6.275072
487910,2.935296
487912,0.378624
487977,0.127744
488021,0.201984
488192,0.030208
488207,0.011264
488208,0.609024
488276,2.159616
488371,1.29792
488478,0.157184
488514,0.167168
488521,0.176128
488581,0.0192
488717,22.611968
488719,2.098688
488724,11.20128
488751,15.300352
488754,2.961152
488913,9.18016
488949,15.058176
488952,5.2992
488954,0.522752
489035,13.88544
489056,0.526336
489068,1.411584
489069,3.295744
489108,8.188416
489113,1.221888
489170,0.026368
489180,0.144384
489221,0.001792
489285,0.206592
489294,0.016128
489427,0.976128
489445,4.09216
489532,0.124672
489552,0.07552
489646,0.417024
489664,0.397312
489710,1.479168
489823,0.140288
489863,2.5728
489877,5.94816
489988,1.622272
490059,1.512704
490142,0.311296
490166,0.2688
490167,4.495104
490289,0.104448
490294,0.050944
490313,0.15232
490357,0.112384
490363,1.466368
490365,19.42912
490367,14.262528
490427,1.403392
490482,0.10752
490546,1.53216
490547,1.750016
490549,6.532096
490550,5.273856
490664,0.28544
490679,21.382656
490885,2.863616
490908,13.507072
490977,0.649728
491099,0.386304
491110,0.435712
491176,0.041216
491198,2.505472
491274,0.393216
491313,0.11648
491350,0.132864
491364,0.175872
491372,0.377344
491393,0.137216
491402,0.059648
491440,0.05888
491512,2.137088
491520,0.200704
491524,1.622016
491613,0.116736
491634,0.456192
491748,0.31104
491808,1.456128
491854,0.181248
491875,0.795136
491933,0.484608
492061,1.173248
492110,3.427584
492148,10.093824
492150,15.374336
492153,8.093696
492164,95.009024
492282,0.80768
492302,0.32512
492303,16.08448
492494,7.111424
492563,2.69312
492708,8.312576
492880,0.06656
492890,7.204608
492892,7.259136
492896,6.7392
492902,4.492032
493044,1.611008
493109,0.158976
493170,0.97024
493234,0.197376
493235,2.050816
493307,26.907136
493308,5.054464
493423,0.678656
493452,1.13408
493505,2.213376
493608,6.400512
493743,1.935616
493791,5.05856
493849,1.966336
493857,0.781312
493895,2.599424
493984,1.87136
494071,0.980992
494106,0.541952
494112,0.0512
494122,0.119296
494133,1.85344
494208,0.28928
494326,0.38912
494366,0.11904
494380,0.385536
494404,0.283136
494405,0.068608
494468,0.923648
494508,7.52768
494574,0.018944
494625,0.286464
494942,0.100352
495027,0.051712
495113,0.544512
495122,0.096
495310,0.291328
495383,0.036864
495408,0.301056
495496,0.288
495523,2.84032
495713,6.80064
495778,0.063488
495831,0.592896
495835,5.463296
495924,0.034816
496201,5.136128
496308,1.041408
496321,0.370176
496364,0.52096
496379,1.268736
496401,3.578368
496415,0.060928
496427,5.03552
496435,2.903808
496451,1.614848
496477,2.103808
496514,12.000512
496641,0.097792
496662,0.182272
496690,1.316096
496832,0.115456
496846,1.4592
496872,0.169984
496882,2.117888
496900,0.603392
496915,2.313472
496963,0.377344
497018,0.465408
497023,0.018432
497068,0.445184
497093,0.391424
497163,99.603456
497208,0.71808
497310,1.48864
497358,0.955648
497527,1.957888
497704,2.059264
497774,0.03328
497814,0.273152
497844,0.525568
497917,0.1088
497996,0.176384
498108,0.421376
498122,0.660992
498125,1.762304
498180,0.326656
498192,0.057856
498224,1.516544
498267,1.1648
498297,1.23776
498363,2.56256
498454,4.012544
498470,0.617216
498506,0.297472
498538,5.549824
498551,1.385984
498638,0.430336
498708,3.131904
498714,6.979584
498818,0.181504
498866,0.421632
498894,0.466176
498900,0.256512
498902,0.611584
498908,1.117184
498911,98.632448
498990,1.07648
499008,8.96
499026,5.52832
499063,0.180224
499076,2.078208
499145,0.451072
499270,0.034304
499309,0.9088
499311,2.507008
499321,1.163776
499327,102.055424
499387,0.15488
499427,1.4656
499475,0.141824
499528,0.000768
499669,0.070912
499688,0.029184
499740,0.009216
499820,0.136192
499877,0.79232
499909,0.06016
499913,0.071424
499917,1.12896
499922,0.321024
499957,0.255744
500057,2.027008
500159,9.888512
500510,2.023424
500514,0.66944
500711,2201.000448
500808,1.729024
500838,0.252928
500961,0.166912
500964,3.965184
500965,3.331584
500969,0.365568
500974,4.72192
501078,8.165888
501102,13.276928
501160,0.545024
501175,0.084224
501329,1.282304
501359,0.640768
501440,15.957248
501599,3.212544
501708,3.831552
501712,2.010368
501760,0.324352
502098,0.137984
502121,0.242432
502308,1.046016
502314,2.352384
502496,4.087552
502549,14.518784
502562,0.23296
502621,2.482688
502892,0.04736
502910,1.805568
502933,0.26624
503021,0.11136
503068,0.314624
503135,0.035328
503356,0.016384
503358,0.05248
503387,0.362496
503413,2.611712
503444,1.722368
503457,2.953728
503458,4.899072
503471,1.66144
503485,1.036288
503487,0.002816
503488,1.96864
503508,2.396928
503513,2.463744
503560,1.932544
503574,1.395456
503575,3.33696
503577,0.551168
503588,0.635392
503589,1.765632
503602,1.275904
503603,0.850432
503606,0.699392
503617,2.191104
503618,0.017664
503673,1.125888
503700,0.442112
503714,3.155712
503727,0.137472
503728,6.387712
503749,0.630784
503750,0.32512
503751,5.103616
503753,0.137984
503754,0.026112
503760,3.320576
503762,4.708096
503778,2.856192
503780,1.467136
503907,0.030976
503990,2.225152
504022,2.072832
504075,0.631808
504408,3.28064
504541,0.004096
504593,19.880448
504598,3.9744
504602,6.594048
504606,12.258048
504610,4.187392
504612,7.82208
504625,8.15104
504627,1.256704
504712,5.554944
504771,0.096512
505156,0.175616
505226,0.256
505242,1.230336
505302,0.014336
505308,8.14592
505327,1.0176
505348,0.145664
505418,20.952832
505540,1.090304
505744,0.06656
505912,7.259904
505927,0.860928
506208,8.289792
506473,0.031232
506495,0.259328
506508,2.579968
506510,1.083904
506563,3.90784
506739,0.057344
506788,1.988352
506840,0.16128
506869,0.129792
507007,0.004864
507014,8.512
507108,1.612288
507113,7.332608
507601,2.624512
507712,0.38144
507718,2.182656
507721,0.754688
507726,0.920832
507951,0.066048
507992,0.020992
508008,0.058112
508038,0.026624
508080,0.9024
508202,1.018624
508300,0.027392
508310,1.521664
508312,1.583872
508320,0.561664
508382,0.039424
508442,2.977536
508546,0.119808
508588,0.055552
508661,0.299008
508680,0.127232
508883,0.264704
508894,0.610304
508906,0.029952
508908,5.339648
508933,0.509952
508993,1.633792
509043,0.28928
509079,0.04736
509201,0.562688
509244,3.112192
509262,1.710592
509448,1.220608
509505,0.714496
509508,3.759104
509512,1.962496
509575,0.958464
509748,0.007168
509845,0.18432
509989,0.1792
510007,0.179712
510105,0.343808
510110,2.176256
510114,0.580608
510121,0.08832
510171,0.020224
510212,6.051072
510311,0.355072
510362,0.436736
510422,1.022464
510426,9.389312
510662,0.036864
510708,3.884032
510712,3.444736
510877,0.09984
511079,0.922368
511234,0.00256
511312,1.124352
511376,0.332288
511525,0.014592
511608,2.675712
511696,1.265408
511790,0.09856
511909,0.30336
511993,0.030464
512051,0.415488
512149,5.522688
512296,1.019904
512365,0.013056
512412,0.009984
512414,1.00096
512508,10.135808
512636,0.048128
512656,2.776576
512717,0.059648
512828,0.906752
512913,0.864512
513092,0.140288
513108,0.35584
513120,0.792064
513193,0.125184
513229,0.78976
513286,6.5088
513307,0.00512
513389,0.013056
513408,2.313984
513427,0.690176
513484,0.007936
513567,0.662784
513668,13.894656
513679,97.426688
513708,1.137152
513722,0.176384
513790,18.41664
513836,0.204544
514076,0.0448
514092,0.011776
514209,2.8544
514274,0.17664
514310,3.59808
514434,0.044288
514626,1.308672
514800,1.9904
514820,0.006656
514903,0.130304
514950,1.101056
515049,3.349248
515050,0.935424
515172,0.330496
515204,0.671744
515208,7.65952
515282,0.664064
515311,1.817344
515509,0.207616
515596,0.027904
515602,0.102656
515643,0.217856
515650,0.310784
515715,3.021824
515774,2.999296
515780,0.956928
515817,0.113664
516043,0.759808
516108,0.743424
516110,2.643712
516216,0.020992
516247,0.07552
516277,0.144384
516379,0.689664
516459,13.134848
516474,39.77856
516544,14.26176
516609,0.370432
516662,0.044288
516710,1.68192
516808,0.00512
516884,0.19072
516896,0.899584
516956,0.60288
517008,3.95264
517049,1.852416
517149,0.101376
517209,7.039232
517210,0.335872
517274,0.432128
517280,0.351488
517308,0.8384
517321,0.368128
517322,0.6528
517394,0.134912
517404,2.24128
517426,3.323904
517729,0.067328
517847,2.440704
517908,9.005824
517994,7.752704
518049,1.066752
518149,0.164096
518180,0.23168
518228,0.0576
518279,0.266496
518290,0.255744
518399,0.419328
518527,0.311552
518607,5.043456
518654,0.528896
518672,0.749824
518675,1.698048
518681,1.991936
518683,0.52096
518709,1.328128
518749,0.145152
518808,4.05376
519053,0.002304
519092,0.19328
519108,3.518976
519216,0.015616
519218,1.038848
519346,0.153856
519431,0.92032
519469,0.214528
519563,0.092928
519564,4.129792
519576,6.640384
519582,1.956352
519600,0.112384
519708,0.807168
519719,0.003328
519726,3.00672
519819,3.156736
519889,15.7632
520041,0.118784
520123,0.369152
520194,11.759616
520195,0.072192
520310,3.557376
520326,0.598528
520358,3.276544
520412,1.360896
520482,8.902656
520502,0.991232
520532,1.418752
520608,3.096064
520632,2.885888
520910,0.159488
520916,1.086208
520920,0.272384
520963,0.119808
521130,0.141056
521200,0.099584
521243,0.04224
521386,0.050944
521526,1.099264
521604,1.047552
521615,0.658944
521651,8.044544
521734,11.783936
521785,15.681792
522096,4.278272
522110,1.126144
522149,0.238336
522228,11.552768
522237,0.736512
522242,16.664832
522243,10.770432
522640,0.002048
522708,0.045568
522719,0.004096
522720,3.212288
522721,6.700544
522723,2.87488
522812,0.006144
522909,3.156224
522990,1.492736
523094,0.04224
523200,0.008192
523212,0.941824
523311,3.728384
523331,1.965312
523527,0.0832
523792,0.606976
523882,26.247168
523921,1.586432
523933,11.381504
524314,0.669952
524508,3.506944
524521,0.129536
524613,7.502848
524795,0.036864
524885,0.161024
524892,0.18944
524905,11.504128
524951,0.031488
525112,2.386176
525129,1.129984
525258,0.003328
525278,0.015104
525402,0.176896
525466,6.2208
525467,7.48032
525472,1.40672
525473,8.623104
525489,0.85504
525708,12.403968
525721,1.23648
525842,0.341248
525911,3.26784
525922,2.149632
526076,0.034304
526114,1.12768
526199,0.111104
526273,0.30336
526293,0.448768
526310,2.25408
526358,0.132352
526515,3.687936
526654,0.102912
526771,0.082688
526785,0.064768
526836,0.940032
526943,0.104448
527118,0.003072
527183,0.009728
527199,0.08576
527305,0.0128
527465,0.018176
527530,0.73088
527630,1.098496
528060,0.505344
528109,1.75488
528172,1.477888
528225,1.348096
528374,0.122112
528530,0.09472
528569,0.263936
528709,2.05056
528715,2.095104
528760,0.153856
528805,0.17024
528857,0.054016
528919,6.752256
528980,1.143808
529061,0.283136
529113,0.2944
529194,0.255744
529282,0.287744
529313,2.349568
529321,1.554944
529326,0.42496
529353,5.626624
529354,13.010944
529484,0.048384
529508,8.633856
529544,0.017152
529618,0.195072
529679,0.068352
529720,0.187648
529787,0.041472
529914,2.202624
529984,1.633536
530084,0.59136
530286,9.114112
530508,1.641216
530511,1.554176
530514,0.21632
530522,3.362048
530529,1.808384
530675,8.143616
530721,0.106496
530779,0.06016
530974,0.004864
531114,0.057856
531220,0.22016
531300,0.056576
531401,0.28928
531524,0.49024
531538,1.006592
531708,2.855424
531712,0.1024
531713,0.854272
531775,0.87808
531809,2.029312
531948,499.620352
532112,0.02048
532122,1.302016
532308,2.341376
532388,0.007936
532549,0.199168
532612,0.045824
532841,0.087808
532921,0.992256
533046,0.03072
533371,0.004096
533407,0.19456
533428,0.0832
533494,0.073728
533650,0.020992
533833,1.808384
533988,0.1024
534115,1.738752
534121,0.122624
534156,3.566336
534385,17.005568
534431,0.296448
534563,0.708608
534712,2.045696
534786,3.782656
534903,2.064128
535032,0.00128
535138,0.0256
535159,0.042752
535204,0.040448
535279,0.35584
535289,0.06656
535290,0.147968
535309,3.54304
535345,0.0832
535350,0.090368
535484,0.009472
535617,0.047872
535654,0.45696
535659,0.544768
535713,3.645696
535814,1.836544
535816,11.214336
535887,0.02688
535905,1.453056
535912,3.303168
535921,0.337664
535995,0.347136
536077,11.828736
536159,0.018432
536270,5.860864
536319,0.036864
536330,0.359936
536352,99.57632
536521,1.204224
536527,1.094912
536539,0.291328
536814,0.061952
536942,0.994048
536985,0.252672
536990,12.179456
537022,0.050944
537089,1.734144
537105,0.13952
537108,21.95584
537114,5.442048
537226,0.653312
537298,0.131072
537327,0.149248
537330,0.149504
537394,2.459392
537445,0.519168
537448,10.349568
537552,0.399104
537616,3.846912
537621,0.467968
537709,2.65088
537711,3.149824
537729,2.130176
537756,0.023552
537777,0.589312
537802,0.11392
537903,1.611008
538032,0.059648
538051,1.87776
538058,2.792704
538310,1.810688
538313,5.623296
538369,0.00384
538416,0.19456
538455,0.005632
538469,0.041472
538484,0.063488
538513,0.091392
538537,0.200704
538577,0.15488
538611,0.40448
538704,0.642048
538716,0.397824
538750,0.033536
538808,0.0576
538902,0.1536
538910,4.07296
538912,2.05696
538998,2.464512
539005,4.395008
539132,0.044288
539180,0.484096
539285,0.57984
539350,0.035072
539355,0.095232
539368,0.308224
539508,13.327872
539521,0.780544
539545,0.464128
539598,0.844288
539610,1.211648
539617,0.212992
539785,0.429312
539827,0.057088
539881,0.031744
540016,0.022016
540091,0.041216
540103,0.05888
540112,2.080256
540174,2.92352
540233,0.193792
540287,2.07232
540443,0.04096
540482,0.62208
540492,1.317632
540500,2.445312
540505,8.549632
540523,10.748416
540545,0.510464
540568,5.245696
540626,0.891136
540677,30.658048
540710,4.179968
540726,1.035776
540845,0.023808
540886,1.598208
540967,1.908992
541200,0.249088
541240,0.400896
541241,32.619008
541309,0.797696
541312,1.739264
541314,0.901888
541341,2.049024
541344,11.74144
541349,2.152704
541385,1.26848
541501,0.29056
541504,99.479808
541619,4.094464
541662,8.128256
541768,0.267264
541857,1.17248
541868,0.080896
541910,3.782912
541931,19.762176
541959,1.840128
541963,20.199424
541996,0.891392
542032,10.978048
542034,1.89696
542059,2.765568
542063,1.797632
542147,0.0192
542178,0.68864
542179,4.374528
542181,2.358016
542222,0.05888
542241,4.247296
542258,3.209216
542259,0.954624
542263,4.270336
542265,0.530432
542342,0.324096
542383,1.874944
542386,1.285376
542412,0.755456
542419,1.998336
542472,0.22656
542479,2.583552
542483,20.540928
542513,3.702016
542555,0.219648
542578,1.37344
542689,0.081152
542733,0.983296
542765,1.044224
542787,0.585728
542824,0.253184
542908,0.018176
542919,0.973824
542958,0.023552
543019,1.951232
543024,3.380224
543027,0.0896
543039,0.169472
543108,5.703424
543116,0.066816
543208,0.269568
543311,9.084416
543362,1.767424
543419,12.932864
543420,1.435648
543426,12.421376
543449,3.67744
543451,0.058624
543464,2.720512
543465,4.593408
543468,0.792576
543475,0.320256
543476,2.18496
543481,2.680064
543521,1.27232
543553,2.085376
543613,1.509376
543646,0.6208
543671,1.93664
543694,0.0192
543713,1.860096
543720,0.0768
543721,0.211712
543726,3.475968
543728,0.022272
543732,0.520448
543733,1.085696
543812,0.589824
543819,19.45856
543881,0.020736
543892,5.337344
543894,4.467456
543899,0.80384
543978,0.467712
543986,12.30464
544011,1.899776
544063,0.212736
544075,3.419392
544088,7.137792
544116,0.150784
544118,0.169728
544120,2.093056
544121,0.350464
544122,11.999488
544125,8.175104
544128,7.364608
544140,4.145152
544162,5.637888
544163,2.614528
544167,5.729792
544170,0.60416
544171,0.325632
544177,8.195584
544294,0.151552
544298,0.292608
544321,2.552576
544393,0.594432
544429,0.00384
544434,1.728512
544436,0.052992
544454,5.110528
544459,14.181376
544471,3.95392
544476,6.45376
544490,1.17376
544521,0.462848
544539,0.542464
544544,3.750656
544548,2.771456
544587,0.279296
544591,2.448384
544593,0.651776
544604,7.923712
544609,2.208256
544630,0.788992
544670,0.990208
544714,0.751872
544738,0.349184
544740,98.767616
544793,2.769408
544823,14.186496
544837,1.934336
544846,10.115072
544894,0.732416
544926,0.037888
544973,0.30336
544987,6.501888
544996,6.237184
544998,7.759872
545008,2.878976
545010,3.736832
545026,0.05376
545046,2.18752
545065,1.493248
545066,5.236736
545068,1.227776
545099,0.077312
545101,0.864
545106,1.011712
545120,14.092032
545126,0.623872
545128,0.941568
545130,2.919936
545134,0.643072
545136,3.053568
545163,16.238336
545181,8.047872
545206,0.280576
545215,9.457664
545254,3.782656
545266,2.217984
545274,3.270144
545280,2.422528
545301,3.884544
545306,8.756992
545310,0.669696
545348,0.667136
545353,2.880768
545354,2.439168
545387,1.372928
545390,0.819968
545394,2.869248
545397,1.512448
545484,0.285184
545485,0.361472
545487,0.7616
545488,2.7264
545492,0.86656
545495,5.881088
545496,4.804096
545506,6.208512
545515,10.131712
545551,96.566272
545590,2.164224
545615,3.048448
545627,2.343424
545630,3.472128
545632,0.10624
545636,0.215808
545664,8.285696
545667,4.456192
545708,1.151488
545711,1.639168
545715,1.848832
545726,4.108544
545730,4.937216
545770,1.536
545776,4.533248
545784,12.926208
545801,2.278912
545803,2.68288
545805,0.091136
545813,15.250176
545816,102.393344
545859,11.24864
545861,19.336192
545868,5.369088
545902,13.480192
545905,0.164608
545910,2.438144
545937,0.515584
545962,99.49696
545990,8.09472
546014,0.340224
546017,13.496832
546019,3.414784
546020,2.066176
546026,1.512448
546043,1.992704
546049,3.6352
546051,6.747904
546054,70.706432
546074,5.14944
546110,0.029952
546121,0.132352
546151,7.497728
546191,16.100608
546192,0.230656
546222,6.74816
546226,12.566528
546231,4.137472
546280,0.2176
546302,12.602368
546303,7.810816
546308,2.355456
546348,98.686208
546368,0.99584
546393,5.44768
546400,2.064896
546410,16.074752
546417,93.588736
546433,87.859712
546435,72.921344
546472,1.690368
546473,2.966272
546481,0.311296
546483,3.532288
546484,2.787072
546489,6.226176
546491,2.385152
546498,11.12064
546519,94.685952
546540,7.622912
546548,2.553856
546588,0.18688
546593,0.150016
546594,1.466624
546642,0.411392
546657,1.254912
546665,0.145152
546671,23.635456
546675,5.984
546678,0.40704
546705,1.356544
546708,18.671872
546713,90.358016
546740,12.7872
546751,2.135808
546760,93.991168
546814,97.158144
546839,96.137472
546920,0.718848
546952,0.662016
546957,0.133376
546958,1.490688
546969,4.103424
546980,14.846976
546997,0.192512
547000,2.002432
547007,1.295616
547021,0.17792
547030,4.613888
547045,1.473792
547046,2.151168
547055,3.396608
547060,2.002688
547091,0.06912
547122,0.88576
547128,0.282624
547136,9.07392
547139,17.139456
547145,0.764928
547150,12.06272
547161,5.370112
547212,0.290304
547224,0.225536
547252,0.598528
547258,1.948928
547263,3.374848
547278,0.83712
547312,0.023552
547379,0.06144
547388,0.003072
547403,0.008448
547409,0.029184
547410,4.734976
547411,2.516224
547413,4.154112
547417,0.603648
547455,0.240384
547476,0.604672
547496,4.136704
547497,2.157056
547499,2.819328
547504,14.052864
547507,0.535552
547508,2.38976
547524,11.742208
547526,1.147392
547528,1.939712
547607,5.485056
547609,2.173184
547611,5.471744
547615,19.284992
547620,15.646208
547625,0.069376
547629,4.939264
547731,0.082944
547758,99.59808
547809,15.308032
547822,0.964352
547897,3.126016
547904,0.05376
547906,1.277952
547915,0.69888
547921,1.722624
547926,2.681088
547931,0.7104
547944,12.774656
547946,0.15616
547950,9.594112
547966,9.886208
547975,15.385344
548006,0.538368
548017,3.545344
548092,0.214272
548097,2.061312
548099,8.402432
548107,1.633792
548116,3.783936
548128,0.840192
548132,1.011456
548136,0.496128
548204,0.402944
548211,2.63424
548217,4.691968
548225,6.016768
548226,2.360832
548234,0.294912
548235,3.791104
548236,4.712448
548245,1.633792
548246,0.811264
548257,1.351424
548258,1.478912
548266,0.278016
548326,0.037888
548328,2.46528
548369,0.543232
548380,1.61408
548394,1.36448
548397,0.027136
548399,0.147456
548453,5.100544
548463,3.008768
548501,0.346624
548513,1.851648
548514,8.038912
548547,16.743168
548550,3.440896
548584,0.3392
548597,0.293888
548606,1.070592
548608,1.068544
548623,0.346368
548637,0.94976
548638,2.636288
548639,1.298432
548648,5.780992
548658,0.626688
548659,3.40224
548687,0.156672
548697,0.20864
548709,2.783232
548719,5.2416
548729,9.195008
548740,1.344512
548741,3.4304
548743,1.873152
548753,4.472064
548758,1.634304
548796,0.052224
548814,0.188928
548824,3.493376
548858,1.05472
548873,0.169472
548882,5.658112
548884,13.830144
548886,9.095936
548887,18.236416
548890,23.661568
548957,0.38144
548972,16.976128
548974,2.398464
548979,2.04416
549009,0.861184
549012,100.306432
549016,79.240704
549023,72.921344
549073,0.029696
549097,0.502528
549112,4.282624
549120,0.441856
549130,2.226432
549147,4.071168
549199,0.019968
549216,0.112384
549262,2.328576
549322,0.273152
549388,1.890816
549410,4.676864
549457,7.158016
549458,0.33664
549510,0.346112
549511,0.662272
549532,0.03456
549535,2.212352
549544,2.660864
549612,8.932608
549625,98.639872
549679,0.700928
549681,8.27648
549683,5.640192
549710,2.07872
549756,5.30816
549773,19.7632
549786,10.5216
549809,2.324224
549855,0.485376
549868,13.443328
549870,5.356032
549875,0.013568
549878,3.635456
549909,0.801536
549913,1.543424
549917,8.836352
549928,3.62752
549930,1.814272
549934,7.731968
549947,4.709888
549979,0.349696
549994,1.044736
550004,2.706944
550006,8.731904
550012,9.037056
550062,0.046848
550121,9.597952
550124,1.2608
550150,99.094016
550189,102.310656
550235,0.254208
550279,8.799232
550297,5.084416
550308,5.22368
550313,13.300736
550321,89.48224
550323,83.607808
550325,57.535232
550359,3.42272
550361,0.189696
550374,12.10496
550379,0.841472
550385,71.344896
550397,92.137728
550406,4.684544
550422,0.964608
550434,0.856064
550450,11.801856
550457,1.108736
550470,10.038784
550472,10.034944
550479,1.278464
550502,26.523392
550527,0.081408
550544,4.455168
550555,94.321664
550566,1.056
550577,3.725568
550587,2.939904
550588,8.5376
550598,0.700928
550608,3.98336
550644,0.079104
550689,0.29184
550691,98.843392
550707,7.558912
550753,1.010176
550757,6.506752
550767,3.7312
550790,99.032832
550888,4.758784
550891,3.067904
550937,0.127488
550957,0.295936
550985,5.43104
551001,0.289024
551097,0.133376
551120,0.52096
551229,2.001152
551249,0.115456
551254,12.380672
551294,0.151808
551328,0.361984
551335,3.858176
551376,26.322688
551425,0.279552
551447,0.027392
551458,1.136384
551470,15.11808
551471,25.900032
551481,9.17248
551509,10.263808
551512,92.349696
551536,6.012928
551553,0.4032
551571,0.41344
551572,18.998272
551602,0.01664
551623,1.068032
551624,11.122432
551681,0.21504
551705,0.364032
551727,3.28704
551747,0.209664
551750,0.252672
551768,0.097536
551776,0.077312
551779,1.55264
551809,5.988608
551874,0.061184
551878,2.385152
551886,0.42752
551888,3.809792
551915,0.296448
551928,8.625152
552002,2.871552
552019,0.493312
552040,0.081408
552046,0.087296
552108,0.518656
552114,0.290048
552130,0.484864
552132,4.169984
552150,3.805696
552166,99.005696
552227,99.845888
552261,2.535936
552263,3.605504
552265,5.496576
552269,7.161856
552274,3.547648
552325,0.229632
552330,4.124928
552369,2.450688
552372,8.80256
552405,0.21248
552411,0.816896
552451,18.371584
552473,1.843456
552497,0.932352
552516,1.03936
552518,13.15584
552519,8.293376
552524,19.348992
552526,15.323136
552543,12.254976
552566,82.760192
552587,5.553664
552591,10.313728
552593,19.89632
552604,5.22112
552622,8.433664
552623,0.989696
552634,11.664128
552637,70.534144
552647,3.442176
552712,13.245952
552730,97.478912
552759,7.382016
552760,11.756544
552762,5.77408
552783,4.188672
552791,2.531072
552793,4.041216
552845,6.582528
552847,5.992192
552849,3.519744
552852,11.054336
552855,2.60864
552856,19.912192
552864,4.002304
552892,13.732096
552902,4.81408
552911,1.232384
552945,0.12416
552961,3.452928
552967,8.228608
552968,7.207168
552978,7.198464
552986,0.449536
552996,11.87072
553003,1.625856
553006,4.298752
553007,3.395584
553034,13.175552
553049,2.2912
553052,94.748672
553062,3.35744
553066,3.566848
553080,95.232256
553093,3.085056
553094,7.807232
553104,26.368768
553107,29.245952
553132,1.176576
553134,26.873856
553144,9.408256
553154,10.627328
553172,21.105664
553179,99.040512
553194,2.499328
553203,16.162816
553208,1.184768
553221,0.898816
553227,87.551488
553234,3.127552
553246,5.517312
553250,78.527488
553264,85.523456
553280,0.066816
553283,5.077504
553287,88.4224
553296,81.80224
553318,0.324096
553327,5.949696
553329,0.712704
553336,0.30976
553338,22.01344
553346,6.392576
553362,24.731392
553373,2.029312
553376,16.219136
553383,4.952576
553391,0.352256
553396,8.205056
553419,2.779904
553421,0.898816
553424,95.0016
553448,95.489024
553464,12.716288
553477,0.366592
553491,0.714496
553492,0.847616
553497,0.337152
553500,95.662336
553516,16.723968
553523,4.52992
553526,89.960192
553549,88.378624
553580,19.963392
553594,7.493376
553598,90.781184
553601,77.185792
553626,81.051648
553654,0.719616
553658,13.618432
553688,2.345216
553696,3.12192
553698,15.922432
553723,12.43008
553732,96.244736
553749,0.862208
553758,17.582592
553775,14.005248
553788,2.720256
553791,9.538816
553801,0.810752
553807,93.673216
553825,92.492288
553846,10.23232
553863,0.20096
553864,7.962112
553871,0.056064
553874,4.75136
553884,6.151168
553903,12.539648
553908,1.835776
553924,0.64128
553929,89.859584
553944,6.163712
553987,0.208128
554059,0.043008
554060,0.00384
554062,98.779648
554072,3.191552
554079,0.846592
554087,8.992256
554089,11.09888
554115,0.137472
554157,0.167168
554172,0.178176
554173,2.96576
554178,5.751552
554181,120.925184
554260,0.476672
554262,3.963904
554282,3.808512
554298,0.214528
554309,1.523456
554310,1.79456
554348,6.688256
554352,98.46912
554380,1.168896
554394,96.813312
554424,5.156608
554455,0.116992
554464,0.50048
554492,1.255424
554494,98.057984
554510,92.0832
554556,3.791616
554560,6.798848
554622,0.678656
554628,2.419968
554636,9.074944
554646,4.983552
554651,7.4624
554653,4.617728
554661,14.015232
554682,6.788608
554683,12.478976
554690,1.799424
554693,92.37248
554748,0.114176
554772,0.08448
554801,0.568832
554822,98.942208
554837,91.318784
554938,4.62976
554939,2.8352
554944,2.523904
554947,0.164864
554949,0.315136
554963,0.065536
554983,1.004032
554987,2.887424
554991,2.717952
555026,0.005888
555056,1.1968
555079,0.8192
555091,2.007552
555093,1.451776
555121,0.842496
555123,25.049856
555125,13.460224
555132,6.124288
555141,0.085248
555147,84.314368
555161,5.410048
555201,3.169536
555203,1.703936
555204,14.58432
555210,0.194816
555236,2.301696
555237,0.362752
555255,0.486144
555283,0.082688
555289,99.493888
555291,79.611392
555330,9.214976
555331,1.733376
555336,91.711232
555351,1.782272
555354,2.793984
555358,4.526848
555359,0.994816
555399,9.905408
555442,10.218496
555470,99.224832
555510,2.491392
555582,0.288256
555595,1.637632
555604,0.224768
555613,3.491584
555618,0.514048
555640,1.09824
555643,1.524736
555657,4.308224
555664,11.706112
555665,9.150208
555696,2.04544
555710,3.029504
555715,4.216576
555756,3.087104
555795,0.566016
555798,0.02176
555802,1.023488
555803,0.285696
555830,2.39232
555839,0.702464
555862,3.887872
555907,99.771648
555915,85.759488
555961,1.10336
555989,99.691264
556027,17.479424
556031,2.28736
556034,4.27392
556042,7.702272
556047,7.976704
556060,2.967552
556066,10.244608
556151,0.019712
556178,0.514816
556188,1.848576
556207,0.022784
556233,2.58304
556234,1.7344
556286,1.5872
556312,2.851072
556363,0.482304
556396,9.028864
556439,0.670976
556449,1.060096
556450,1.640192
556462,0.9792
556483,0.304128
556514,100.0704
556551,21.175808
556573,0.139008
556603,0.14976
556640,1.289472
556668,0.805632
556674,4.826112
556676,0.568064
556677,3.063552
556679,89.764608
556682,177.448192
556698,76.317952
556707,74.866944
556822,0.410112
556835,0.417536
556840,0.271616
556857,0.70656
556873,2.876416
556875,97.519616
556908,2.936576
556952,0.197632
556959,2.036992
556966,0.645376
556979,5.047296
556984,1.54624
556993,97.513984
557017,94.091776
557030,88.694016
557076,0.582912
557177,28.315136
557231,0.2944
557243,0.676352
557251,0.978944
557268,5.45792
557271,1.22368
557312,0.876288
557319,0.771328
557345,0.0128
557353,0.112896
557376,2.673664
557381,1.619456
557423,0.227072
557444,0.530432
557481,1.65504
557485,3.983104
557488,0.452608
557494,197.871104
557561,0.172032
557590,1.374208
557620,99.395072
557624,81.730816
557633,77.291264
557703,0.614912
557713,1.0048
557716,2.181376
557738,0.928256
557744,1.8688
557766,98.869248
557796,2.383872
557822,99.603712
557875,98.530048
557907,2.92736
557908,2.468352
557911,4.381952
557979,1.707008
557990,99.142656
558028,98.59968
558078,0.312064
558110,0.073472
558134,99.250944
558194,0.001536
558198,0.289024
558239,0.011776
558251,1.176064
558254,1.747456
558345,1.652224
558365,99.319552
558403,1.995264
558404,1.181952
558425,98.344192
558456,98.596608
558508,3.545344
558512,0.41728
558563,0.477696
558603,1.111552
558640,0.062464
558704,0.310528
558709,6.5984
558725,98.112256
558729,81.783296
558731,64.810752
558733,49.474048
558737,42.690048
558742,41.640448
558806,0.827392
558873,0.737024
558881,0.10624
558900,0.2944
558908,0.009728
558918,0.013056
558920,0.17152
558923,2.204672
558936,0.126464
558985,0.016384
558995,99.535616
559046,1.117952
559062,99.600384
559068,83.850752
559072,69.211904
559081,69.588224
559123,7.485184
559152,4.093952
559155,0.123392
559166,2.10304
559193,0.210432
559212,0.676864
559219,99.222272
559238,93.679104
559253,88.816128
559272,89.996032
559310,1.608704
559330,2.104064
559339,2.264576
559346,3.678464
559348,5.37472
559384,1.774592
559387,98.354176
559389,78.708736
559420,3.76576
559424,9.608192
559443,91.036672
559471,96.672768
559515,97.803776
559519,81.95584
559556,97.406208
559578,0.208128
559583,4.70272
559604,3.472384
559606,1.560576
559638,4.847616
559641,102.682112
559702,0.08704
559725,6.650368
559767,99.309056
559771,81.484288
559801,94.572032
559873,1.09696
559877,0.574464
559889,1.125632
559894,2.260992
559896,3.195136
559899,4.515072
559928,0.665088
559970,3.602944
559992,1.50144
559999,1.056
560013,1.827328
560035,0.274432
560063,99.13728
560109,3.90784
560118,0.16384
560122,1.62048
560124,9.611008
560149,0.198144
560157,1.822976
560159,5.705216
560161,14.489856
560176,1.557248
560193,0.382464
560197,98.160896
560238,97.812736
560278,0.270848
560322,2.496256
560335,2.783488
560339,98.30144
560367,1.379328
560382,98.060288
560387,81.598976
560424,97.50272
560430,82.164224
560495,2.780928
560497,5.887488
560499,0.336128
560511,97.66272
560519,85.768704
560525,74.119424
560557,95.427328
560617,1.58976
560620,3.008
560623,7.36384
560640,101.597952
560681,97.60896
560722,14.193664
560737,99.55456
560763,1.823744
560779,12.28416
560807,0.69376
560814,99.160064
560850,96.83328
560872,94.959616
560960,0.469248
560978,99.540224
561044,99.1296
561113,6.678784
561140,99.07072
561148,85.508864
561226,1.54112
561268,99.5584
561294,96.306432
561366,99.788544
561477,0.161792
561478,0.609024
561520,0.40192
561523,0.550144
561537,0.491776
561538,4.167936
561544,0.058112
561566,1.086976
561567,15.903744
561575,5.572352
561576,10.115072
561655,2.752256
561664,10.1504
561713,0.17792
561720,0.400128
561724,6.881024
561880,0.075776
561881,0.205312
561894,3.223552
561898,5.359872
562002,0.347648
562009,99.547648
562065,0.947712
562067,4.50176
562074,97.164288
562188,0.09856
562225,0.077568
562266,0.022272
562308,4.81536
562310,0.11392
562313,2.354432
562348,0.92544
562369,0.036096
562370,23.089664
562388,1.065472
562468,0.32
562478,0.112384
562505,4.240384
562510,2.432512
562515,11.80288
562570,0.611328
562575,0.164608
562611,0.722176
562704,13.3056
562733,0.063744
562739,5.821184
562768,0.904192
562833,0.092928
562836,22.655744
562858,0.656128
562862,1.678592
562878,5.868544
562882,0.681216
562910,3.148288
562931,0.201472
562984,0.141056
562987,2.744576
562991,0.16256
562993,5.34528
562996,0.838912
562997,5.359872
563000,1.631744
563026,1.901568
563063,0.100608
563141,17.137664
563243,4.998144
563266,1.453312
563338,0.186112
563382,0.041728
563402,0.349184
563403,0.272896
563404,17.66528
563408,7.565056
563422,8.855552
563424,16.699136
563426,3.71584
563500,0.437504
563521,2.35392
563555,4.612608
563617,0.396544
563707,1.43744
563730,0.96128
563768,0.788992
563838,0.02048
563845,1.696768
563884,13.491712
563888,16.718592
563900,2.422272
563919,3.693824
563989,0.557312
564020,1.49376
564050,0.730624
564090,2.467328
564091,5.093888
564092,7.376128
564096,4.235776
564122,1.651456
564158,1.239808
564176,14.564096
564233,2.184192
564249,0.043776
564263,0.346624
564298,0.077568
564317,0.285184
564339,0.211456
564365,2.348544
564371,1.341184
564455,2.353152
564489,2.351616
564504,6.244608
564507,98.537728
564616,0.727296
564618,1.3312
564637,1.588736
564663,0.898304
564673,0.465664
564675,6.098944
564699,2.283008
564701,95.222016
564798,2.08128
564858,0.056576
564923,1.47456
565044,1.453568
565052,5.709824
565053,17.878528
565062,1.391616
565063,6.075904
565073,2.183168
565122,0.414208
565126,4.41856
565231,2.200832
565232,1.647872
565235,5.29792
565254,0.56192
565259,9.877248
565261,3.309824
565275,0.475136
565295,1.2544
565313,4.176128
565420,0.025344
565442,4.243712
565497,0.256768
565526,16.594688
565613,0.18304
565678,20.568832
565693,97.545728
565733,6.20928
565781,9.967872
565797,0.8384
565807,1.627136
565813,2.891776
565818,196.041728
565873,1.384448
565879,1.62176
565896,4.614656
565910,2.077696
565914,0.607488
565918,10.625536
565984,36.308736
566006,1.913856
566051,2.259968
566084,0.02176
566099,0.340992
566132,1.494016
566170,5.234944
566173,1.796096
566174,1.982208
566177,24.324352
566234,7.693568
566280,0.295936
566297,2.662656
566320,1.398528
566359,11.641344
566360,0.359168
566362,5.83936
566368,4.59904
566387,0.341248
566390,3.002624
566395,1.921024
566399,1.438976
566414,1.43488
566426,0.849152
566439,0.589312
566446,0.956672
566461,99.175936
566510,3.859712
566514,3.385856
566532,7.23968
566533,3.604224
566536,5.255168
566539,15.963392
566548,4.925952
566555,3.034368
566595,9.850368
566605,4.157696
566607,4.236288
566610,0.128512
566616,2.714624
566624,3.230976
566669,6.007296
566679,2.719232
566686,2.24768
566691,2.72512
566724,0.677632
566737,0.496128
566746,0.681728
566781,0.63744
566789,0.34944
566802,3.029504
566821,2.538496
566829,2.186496
566835,98.454784
566844,93.088256
566854,75.674368
566890,14.417664
566891,6.417408
566893,17.071616
566898,4.134912
566902,0.250112
566920,3.503616
566925,7.829248
566931,0.627456
566936,8.388096
566943,14.624
566958,0.694784
566981,8.782592
566995,1.22112
567019,1.638656
567028,7.145472
567051,0.35584
567062,1.692928
567085,1.4528
567088,2.94912
567090,1.479168
567092,2.360832
567096,1.035008
567162,3.836928
567184,0.268544
567189,0.516096
567237,0.500992
567242,1.360896
567278,1.576192
567324,0.538112
567330,98.694144
567428,0.047616
567447,5.28384
567451,0.351744
567452,0.708096
567468,5.527808
567646,1.867008
567647,0.309504
567655,0.97792
567694,99.124224
567759,6.852096
567782,7.807488
567800,7.457536
567805,94.482432
567832,0.688128
567834,1.29024
567851,8.166912
567866,1.228032
567901,0.128
567903,99.28064
567934,0.18944
567947,10.350592
567950,16.496128
568053,0.422144
568089,2.72512
568123,99.236352
568142,3.506432
568144,8.259584
568148,12.73984
568154,1.488128
568162,5.531648
568169,4.489472
568215,0.460544
568235,5.462016
568251,2.33856
568267,0.907008
568297,0.38784
568299,0.307712
568302,0.868352
568303,0.033024
568308,0.258816
568321,1.671424
568327,2.848256
568349,5.306624
568362,0.42624
568392,1.260032
568397,0.686848
568408,0.291328
568434,8.89344
568436,0.598528
568513,0.100096
568598,0.1088
568618,0.573696
568627,1.724416
568657,0.04992
568659,6.129152
568690,0.031744
568705,0.680448
568706,2.795264
568713,0.014336
568760,1.28896
568881,0.178688
568898,0.06528
568926,3.675904
568964,0.043776
568965,2.209024
568966,3.81568
569014,3.328256
569080,0.231424
569127,0.373504
569198,0.06528
569269,5.973248
569326,0.25088
569364,0.212736
569409,0.461056
569431,0.081664
569483,1.186048
569509,0.20224
569512,1.983744
569526,0.522496
569635,2.585344
569712,1.355008
569714,97.069568
569771,9.147392
569873,12.391424
569879,7.821056
569881,7.348224
570002,0.005632
570007,0.464128
570025,0.11264
570071,1.713408
570109,2.868224
570129,0.761088
570157,14.35264
570168,13.099008
570313,0.518656
570341,9.677056
570364,0.190464
570377,24.570368
570443,21.532928
570447,2.022144
570452,4.275712
570457,2.641408
570462,8.12672
570491,2.66368
570528,98.819328
570565,1.246976
570567,7.038208
570601,8.8256
570710,2.528768
570775,0.02176
570804,0.014592
570893,0.606976
570906,5.080832
570997,24.782592
571050,11.883264
571109,2.477312
571110,9.121536
571121,17.778176
571124,5.52704
571127,1.510656
571170,0.50304
571180,0.318208
571206,5.175808
571208,14.363136
571237,0.3008
571252,0.118272
571318,0.189696
571325,0.701696
571353,5.253888
571489,2.67648
571544,3.040256
571558,0.056064
571618,0.027136
571726,3.037184
571763,6.327296
571783,24.810752
571853,7.58016
571871,0.163328
571872,30.350848
571940,0.498432
572028,0.022784
572029,2.716416
572098,0.00256
572137,99.434752
572217,0.060416
572218,0.300032
572227,1.453312
572247,1.329664
572289,0.145152
572298,8.002304
572386,3.60192
572446,0.773888
572510,4.150784
572620,20.859904
572622,6.23616
572628,10.087424
572632,8.168192
572637,12.981504
572667,1.364736
572669,6.826496
572716,12.383744
572734,5.138176
572813,14.50752
572860,5.381888
572861,3.044608
572868,13.0944
572955,18.15168
572961,8.538112
572977,1.245696
573037,0.124928
573110,1.834496
573168,0.006656
573193,0.215552
573259,2.460672
573317,0.44416
573331,0.730368
573367,0.123648
573372,0.471808
573511,0.103168
573539,0.340992
573638,0.025088
573653,1.005824
573663,0.203264
573673,1.518592
573683,0.070144
573685,12.731136
573720,1.091072
573811,1.335552
573880,0.118528
573898,0.002048
573910,7.934464
573911,22.087424
573927,7.459328
573978,0.20224
574005,0.000512
574038,0.001024
574074,0.041984
574082,19.975936
574095,3.354368
574125,3.066112
574147,0.113408
574228,0.058112
574237,1.479168
574309,0.966144
574310,1.499904
574468,0.004608
574502,0.166656
574583,11.197952
574629,0.051968
574680,0.32768
574701,1.858304
574883,0.310016
574891,1.518592
574908,22.178304
574977,0.102144
575002,0.511488
575021,1.87008
575024,3.662336
575041,0.580096
575067,5.032192
575081,0.997888
575088,5.814528
575123,0.878336
575124,9.572608
575185,0.058368
575186,14.898176
575212,4.85248
575230,1.22752
575246,3.494144
575398,4.5632
575402,11.695616
575434,4.70272
575437,0.551424
575468,0.099072
575521,1.52576
575565,5.195008
575573,3.450112
575640,0.00768
575644,0.067072
575647,0.018432
575650,0.494336
575659,2.99776
575673,5.639168
575688,1.211136
575689,25.568512
575693,18.88896
575695,4.070656
575730,0.223488
575740,0.735744
575751,0.733184
575759,10.860288
575810,1.516544
575868,0.824832
575987,0.072448
575992,0.040192
576012,0.971264
576014,1.229056
576015,0.828928
576016,0.499712
576018,3.779072
576042,0.411392
576110,3.88096
576120,2.369024
576157,2.319872
576209,0.236288
576277,10.289408
576291,0.356096
576394,1.43488
576488,0.258816
576525,0.481792
576599,0.197376
576603,5.63072
576648,0.099328
576710,2.91072
576720,0.040192
576722,4.148992
576810,1.530624
576891,0.351488
576946,0.04224
576976,0.926464
577012,1.136384
577058,1.115904
577078,6.57792
577195,0.012032
577199,0.5824
577215,3.031808
577217,3.764992
577288,0.030976
577310,3.896832
577312,1.117184
577314,0.959488
577394,0.072448
577432,0.076032
577448,0.091904
577502,18.431744
577535,0.461056
577623,7.394816
577788,5.321984
577846,0.525312
577873,4.444416
577906,0.896
577930,0.588288
578064,1.737984
578111,0.099584
578132,0.315136
578148,0.224
578293,6.445312
578317,5.511936
578319,4.456192
578384,0.1536
578508,24.75136
578578,0.009728
578631,1.15072
578682,0.015872
578858,0.038656
579022,0.458496
579067,4.849152
579110,3.76576
579168,0.045056
579398,0.16128
579465,0.003072
579491,0.631808
579501,0.683008
579551,0.001024
579557,0.827392
579774,0.198656
579808,9.3696
579823,2.028288
579826,3.968768
579829,0.890368
579933,2.117632
579934,2.171136
579938,13.67808
580077,3.47776
580080,4.934912
580141,10.32832
580142,3.509504
580300,0.028928
580402,1.500416
580576,1.229312
580580,7.822592
580582,8.842752
580646,6.209536
580820,1.775104
580847,2.292992
580871,1.095168
580895,2.262016
580903,0.946432
580908,1.906688
580910,2.222336
580912,0.213248
581012,2.272256
581328,0.26368
581329,1.234432
581371,0.18304
581380,6.416384
581506,0.850688
581508,2.582784
581514,0.102144
581555,0.190208
581660,0.13568
581691,21.117696
581740,0.004864
581835,0.189184
581886,17.076736
581900,7.409408
581901,18.590976
581923,0.026368
581971,0.031488
582004,0.066048
582019,0.780032
582020,1.530368
582038,0.847104
582052,6.714112
582084,0.109056
582108,4.260096
582122,3.291392
582125,3.419648
582144,4.259328
582146,4.184064
582182,6.938112
582192,2.226176
582222,1.848832
582232,1.502464
582268,5.9264
582273,0.4352
582333,0.285952
582396,0.019968
582416,3.557888
582448,0.058624
582450,1.344256
582483,0.068352
582499,0.956672
582707,7.468032
582803,0.199936
582877,0.018944
583025,0.673536
583027,16.963584
583031,9.292032
583141,3.07712
583230,0.027136
583279,0.071936
583305,0.173312
583307,0.356352
583320,1.759744
583364,0.23296
583366,0.49792
583462,0.09472
583573,0.009216
583622,3.782912
583691,0.04608
583822,0.390144
583833,0.106752
583910,5.287936
583969,1.097984
583999,0.14848
584017,3.527936
584126,0.052736
584149,0.620544
584215,2.146304
584240,0.27648
584282,0.001536
584288,2.665216
584299,0.051456
584347,1.10208
584358,0.397824
584426,0.411136
584504,0.693504
584522,2.788864
584548,5.798912
584602,1.701888
584621,6.750976
584622,1.000448
584655,0.185344
584664,0.476672
584728,0.265472
584733,0.40576
584788,0.088832
584905,4.530944
584996,0.75776
585028,0.42496
585061,0.007936
585112,2.804224
585135,2.678272
585137,11.549952
585139,13.34528
585157,3.200768
585214,0.037632
585263,0.127488
585353,0.000256
585440,0.073472
585513,0.109568
585532,0.19712
585556,1.85728
585638,2.094592
585647,2.9504
585696,0.02304
585712,3.186176
585782,0.022528
585842,0.2368
585974,0.089856
586059,0.641792
586083,0.027136
586133,3.266048
586278,0.23296
586312,3.138048
586381,0.73344
586413,2.873856
586450,2.969088
586465,2.30272
586511,2.734336
586543,2.2144
586553,0.505088
586570,0.192768
586618,0.982784
586741,0.237312
586788,0.352
586887,0.165376
586905,1.973248
586927,1.165824
586932,16.946944
586969,0.708608
587025,2.847488
587121,3.972864
587205,5.48736
587218,0.055808
587233,2.692096
587246,0.298752
587264,0.13696
587383,0.143616
587416,5.003264
587446,3.451136
587450,6.907392
587508,5.453568
587510,1.87392
587568,0.678912
587637,1.627648
587699,0.092416
587751,0.013056
587765,0.048896
587770,0.488192
587817,3.663104
587827,3.384576
587990,0.042752
588063,7.918336
588099,0.908544
588108,2.135808
588160,1.502976
588324,0.00768
588364,0.0704
588384,0.27392
588388,0.0384
588397,0.524544
588519,5.67296
588590,0.478208
588594,0.4864
588631,1.269504
588651,0.410368
588686,0.571904
588693,3.478528
588712,0.948224
588758,0.187904
588760,0.020736
588853,0.01152
588868,0.298752
588904,0.814592
588930,0.064512
588943,3.93472
589041,2.007296
589299,0.337408
589310,3.866112
589320,1.384704
589336,1.26336
589475,0.16
589518,1.95456
589520,0.123392
589630,0.013824
589742,0.327936
589749,1.1904
589805,0.140544
589854,0.013312
589905,0.060928
589908,7.545344
589973,1.84576
590048,0.009216
590097,2.152448
590098,1.764096
590171,0.081152
590206,2.68032
590216,15.282176
590278,12.41984
590298,0.279808
590334,0.795136
590339,19.570432
590344,11.457792
590348,2.129664
590508,3.29088
590520,2.448128
590527,7.150336
590530,11.168768
590533,2.459904
590544,0.110592
590615,0.131072
590691,0.128768
590698,3.370496
590702,4.71168
590719,2.202624
590736,0.070656
590738,0.876544
590773,0.022272
590788,0.145664
590794,0.882688
590802,5.939968
590826,0.418816
590868,2.588928
590908,0.078336
590910,1.332224
590928,10.294272
590931,7.332608
591075,5.07904
591078,11.565824
591080,6.179072
591082,1.703168
591114,23.689472
591116,1.00608
591122,2.876416
591123,5.518336
591125,4.1792
591131,2.100224
591284,0.082432
591405,1.423616
591480,1.606656
591523,0.235776
591530,0.08064
591584,2.825216
591612,0.466688
591635,0.127232
591677,1.69728
591682,11.76576
591684,0.677632
591688,7.000576
591690,0.376576
591708,3.362048
591809,0.123904
591812,0.003584
591830,0.555776
591842,0.136192
591872,0.392192
591925,6.786048
591938,14.612224
591948,9.775104
591949,1.40544
591951,3.665664
591953,8.957184
591955,2.535936
591961,16.230144
591992,12.263424
591995,3.152384
592066,0.46592
592093,0.520448
592111,0.46464
592141,0.171776
592153,0.166144
592205,0.354816
592238,11.372032
592269,7.33824
592308,15.730432
592339,6.269952
592341,18.775808
592345,4.87424
592348,1.856
592353,5.155072
592407,0.041728
592417,1.751808
592430,0.431616
592447,2.267904
592485,2.824704
592486,8.723456
592488,3.49312
592492,3.795456
592645,0.038912
592656,0.182016
592700,7.82848
592710,1.817856
592825,0.058112
592897,0.012288
592908,13.596928
592912,7.940096
592916,3.798016
592920,4.152832
593016,13.188096
593020,3.75424
593026,0.726784
593148,0.19072
593274,4.047616
593294,0.145152
593357,0.058112
593366,19.712512
593371,0.958976
593399,0.007168
593453,0.09728
593510,3.906816
593512,1.749504
593645,0.09984
593656,0.53376
593754,0.02816
593759,0.147712
593831,0.054272
593882,0.552704
594069,3.460352
594109,2.763264
594115,1.722368
594156,0.094976
594200,0.019712
594241,13.761792
594301,0.190208
594518,6.395136
594520,0.9856
594529,0.8
594605,19.62112
594652,11.095296
594662,1.178368
594664,21.860096
594697,0.771584
594710,2.79808
594712,2.048512
594714,5.792256
594758,0.025856
594768,0.456448
594876,2.701056
594947,0.349184
594959,0.690432
595078,0.266752
595079,0.032768
595178,0.518144
595278,0.379136
595302,0.192512
595303,2.841856
595310,3.250432
595379,4.727552
595451,1.243392
595452,7.413248
595479,1.539328
595618,0.342528
595633,0.066816
595695,0.009216
595838,3.358208
595886,4.66688
595910,3.141888
595930,0.04224
595988,0.343552
596025,19.023616
596105,0.012544
596119,0.38144
596121,0.484352
596156,2.264064
596370,0.014592
596396,0.4928
596510,4.91136
596637,0.278528
596672,0.287744
596708,0.026624
596770,0.534016
596798,0.52992
596812,0.285952
596813,1.826816
596821,6.210816
596824,19.973376
596835,17.133824
596844,0.943104
596958,0.008448
597106,2.05184
597108,4.154368
597110,2.330624
597218,0.145152
597236,6.307328
597308,0.120576
597330,3.862528
597378,0.195328
597385,15.51488
597404,0.015104
597430,0.390144
597459,0.53504
597475,5.609472
597506,3.704832
597535,3.097856
597557,1.414912
597558,0.01536
597609,2.96704
597611,0.50816
597651,14.87488
597704,0.187136
597750,0.318208
597808,0.182784
597819,0.497408
597821,0.991744
597859,4.872448
597860,4.037376
597865,0.109568
597867,1.656576
597871,2.834432
597915,0.996096
597988,0.063488
598019,0.535296
598020,6.547712
598117,0.278016
598145,2.050048
598146,7.94368
598211,2.493952
598295,3.205376
598302,0.0576
598308,1.784576
598344,1.501952
598368,1.418752
598478,0.018944
598495,0.04224
598503,0.511232
598517,1.84576
598523,1.485568
598536,1.442816
598542,0.519424
598546,0.377344
598560,2.649344
598562,1.389056
598566,4.506368
598567,5.988608
598598,0.052224
598599,0.258048
598645,0.395264
598689,0.115712
598703,1.2352
598722,0.343296
598723,0.08448
598735,2.773248
598750,2.768128
598754,0.380416
598757,0.319744
598764,0.332544
598785,0.189952
598866,0.221184
598909,9.207296
598914,0.494336
598967,0.230144
599001,1.976576
599129,0.000768
599130,0.494592
599190,1.718784
599229,0.204032
599308,2.155776
599408,0.095744
599427,6.277632
599441,11.424
599456,9.038336
599508,5.181696
599521,0.289536
599526,0.873216
599634,11.991552
599647,5.470976
599718,0.981504
599720,4.35072
599739,0.498176
599838,0.02304
599852,26.612992
599854,7.0528
599860,6.756864
599940,1.574656
600018,0.006656
600040,1.598208
600108,3.049984
600110,2.100224
600126,1.409024
600183,2.436352
600200,3.382528
600242,2.36416
600252,2.858752
600335,7.664128
600353,0.143104
600362,0.032256
600372,2.960128
600374,0.225024
600376,7.533824
600381,2.533888
600383,4.4672
600385,3.416832
600401,0.018176
600443,16.650752
600587,99.534592
600680,2.257664
600690,0.064
600708,15.058432
600730,0.448
600778,0.00384
600793,0.006912
600900,3.941376
600970,0.325888
601022,0.230144
601051,0.299776
601075,0.155648
601158,0.006656
601182,16.450304
601184,7.204352
601189,1.914368
601194,2.396416
601237,1.926656
601245,0.833536
601310,4.333568
601357,0.17536
601359,99.082496
601422,0.598784
601433,0.748544
601434,6.975744
601444,5.16608
601453,2.619392
601454,2.247168
601464,3.026432
601554,0.70016
601564,0.11904
601668,0.474368
601708,0.060928
601721,7.749376
601723,12.989696
601729,6.657536
601770,0.564224
601804,14.391808
601807,2.736896
601893,13.462784
601905,0.09088
601912,0.081408
601926,1.684224
601929,13.484288
601962,4.37376
601965,11.149312
601984,1.310464
602028,0.18944
602068,0.062208
602128,0.001024
602150,0.112384
602170,0.736768
602237,0.933376
602308,0.74368
602320,3.742976
602393,26.511104
602449,13.489408
602452,0.859648
602509,0.708096
602510,1.925376
602578,0.847104
602654,0.582656
602666,0.100608
602679,12.205056
602709,0.18304
602765,0.07552
602769,0.43008
602778,0.85376
602794,1.239552
602798,1.148928
602801,2.556928
602847,12.6784
602882,1.244672
602917,0.350208
602957,0.400896
602964,0.02048
603027,1.70496
603110,3.450112
603279,0.448768
603312,2.608896
603328,0.24192
603338,0.020224
603442,2.950144
603565,0.047872
603591,0.076544
603600,0.475392
603649,2.322176
603667,2.785792
603672,5.567232
603709,5.18912
603801,1.357312
603872,0.068096
603878,99.129344
603971,0.941312
603975,0.484864
603999,5.501696
604008,4.855552
604028,1.03936
604036,6.97856
604141,0.129792
604146,0.22528
604160,0.378368
604255,0.059136
604280,0.267008
604304,0.001024
604312,0.271616
604315,2.31168
604380,0.42368
604428,1.031424
604479,1.054208
604594,1.362944
604600,0.371456
604607,9.117184
604700,1.819392
604756,1.239296
604776,0.031232
604808,0.010752
604814,2.094848
604864,0.881152
604877,0.327168
604911,0.1216
604969,0.24832
605074,0.79616
605177,1.415168
605207,0.152832
605282,14.20928
605452,0.433664
605508,14.173184
605541,0.13696
605609,2.972672
605635,999.125504
605759,0.292096
605760,1.84576
605782,3.672832
605822,0.533248
605890,8.357888
605951,0.48256
605988,1.132288
606008,1.456384
606104,0.340992
606110,0.354048
606112,1.440768
606144,1.1968
606196,0.5376
606203,11.7824
606204,26.080256
606233,3.283968
606236,4.215552
606332,0.606208
606364,4.027136
606442,1.564928
606477,1.400576
606506,0.107776
606526,3.047424
606658,4.582656
606660,0.170752
606683,0.495104
606699,0.507648
606712,3.279616
606740,3.698944
606742,11.748608
606888,0.073472
606910,0.179968
606919,2.249728
606949,5.922304
606950,9.540096
606953,9.38112
606960,0.647168
606962,3.848192
606965,0.101632
606972,81.349632
606980,7.097856
606984,14.770176
607118,0.315136
607119,21.823488
607130,13.553152
607132,14.294528
607310,2.610432
607354,6.612736
607403,0.027136
607411,0.004096
607612,4.924672
607631,2.760704
607679,0.05248
607737,0.292608
607756,0.059904
607914,0.197632
607917,13.918464
607957,0.045824
608055,2.17984
608065,8.27136
608074,3.884288
608079,15.19104
608086,24.10368
608256,2.085888
608257,1.396992
608276,1.37856
608301,8.327168
608302,11.201536
608304,0.93056
608307,11.707904
608510,3.447296
608520,1.016064
608526,3.081472
608565,1.180416
608587,0.03584
608647,0.228864
608717,1.850624
608724,23.474176
608737,0.733184
608787,0.179712
608873,5.479168
608891,31.409664
608934,0.275712
608949,5.519616
608967,2.287872
609028,12.2304
609110,3.268096
609322,0.010752
609357,6.217984
609431,0.003328
609572,0.297984
609705,0.893952
609713,2.914816
609720,0.022784
609734,1.555968
609777,0.14976
609807,7.344128
609816,7.357184
609852,0.438784
609871,11.858432
609875,2.848256
609925,1.976576
609937,0.169216
609976,0.142336
609987,0.241408
610002,0.096256
610023,0.045056
610026,1.369856
610045,0.826112
610075,2.057728
610112,1.673984
610132,12.590592
610232,0.743168
610239,99.03232
610314,1.548288
610322,2.243072
610335,2.088448
610410,18.130432
610422,1.133824
610425,2.170112
610437,3.15648
610444,0.007936
610482,1.720576
610499,4.019456
610535,3.74272
610568,0.350208
610719,0.064768
610759,0.218112
610801,1.321472
610852,0.015104
610887,14.168576
610889,0.052224
610979,1.50912
610998,0.01024
611008,11.258368
611013,9.695744
611021,3.202048
611170,3.654144
611186,0.757248
611230,0.055808
611295,0.049408
611301,0.751104
611320,4.05504
611321,8.895232
611441,1.6896
611512,0.027904
611538,0.0128
611567,99.56352
611968,2.365696
611971,0.542976
612082,4.30336
612084,7.082752
612108,3.998464
612112,0.625408
612145,1.711104
612178,0.63488
612268,6.542848
612298,1.321984
612304,1.5488
612323,2.496512
612368,2.161152
612390,0.518144
612483,0.145408
612495,1.41312
612496,6.803456
612511,6.320896
612530,2.287872
612539,4.861184
612680,1.078784
612708,0.17408
612712,3.676672
612793,0.124416
612800,100.22528
612804,181.799936
612819,172.067328
612935,0.170496
612984,0.033024
613013,0.064
613087,0.782848
613104,3.336448
613106,4.542208
613268,0.002816
613282,0.662528
613308,4.41472
613318,0.185344
613328,1.2096
613345,4.643072
613380,2.758656
613445,5.603584
613494,0.218624
613508,9.383168
613510,0.508928
613511,0.4032
613515,4.025856
613541,1.23392
613542,16.002816
613576,0.90368
613578,6.274048
613619,0.922112
613620,4.406016
613634,98.25408
613683,0.246784
613685,0.052736
613689,1.270784
613693,1.408768
613696,1.227776
613700,1.133056
613749,0.022784
613796,0.24832
613813,13.001216
613823,6.84416
613910,2.738944
613920,2.310144
613935,0.269824
613951,20.300288
613954,15.070208
613957,0.892928
613966,0.46976
614018,5.641984
614024,3.086336
614056,1.628928
614070,1.772032
614086,10.566144
614096,2.112512
614098,6.204928
614101,1.170432
614107,2.347008
614109,1.370368
614236,0.038912
614238,0.083712
614269,6.038016
614332,0.256
614355,0.590336
614362,0.361984
614363,27.653376
614366,13.12896
614373,2.487808
614374,11.88096
614385,9.518336
614387,37.752064
614397,16.704768
614401,84.299008
614446,8.610048
614451,5.364736
614455,89.979904
614478,34.535168
614497,6.132224
614502,5.612032
614504,2.426624
614525,29.0496
614527,13.506304
614534,34.0928
614536,17.353728
614622,0.080384
614650,0.002816
614653,0.507648
614680,0.91392
614695,4.204544
614822,0.925184
614844,5.434624
614918,0.904704
614951,0.22016
614952,1.185024
614953,1.29024
614956,4.34688
614963,6.52416
614984,6.252544
614993,15.116032
615006,0.826112
615033,11.44064
615124,1.009408
615142,0.08064
615186,0.007936
615332,0.05248
615392,3.048192
615432,0.013824
615445,0.1472
615464,1.513472
615543,0.04992
615544,1.53856
615547,0.342784
615599,0.308736
615644,1.196032
615646,0.293632
615696,0.849152
615748,0.135168
615854,3.921664
615891,3.281152
615924,0.295424
615991,0.041728
616022,0.07168
616080,0.233728
616099,7.653888
616258,3.122944
616287,17.557504
616309,1.413632
616314,6.608128
616368,0.120064
616434,0.05632
616485,3.623424
616514,0.169472
616523,0.122624
616525,1.010944
616532,6.139392
616534,6.807552
616543,2.469632
616569,1.251584
616595,0.338176
616596,1.380864
616621,0.336128
616622,0.9792
616623,4.22784
616626,0.633344
616634,1.8944
616636,1.486592
616665,0.082432
616730,0.354048
616733,98.81984
616770,0.19712
616771,8.750336
616773,14.002432
616810,2.547456
616814,3.06432
616840,9.294848
616842,1.316608
616845,2.17088
616875,1.5808
616893,2.369792
616908,4.600832
616916,5.025024
616924,1.272576
616944,6.178048
617025,0.071936
617045,4.272128
617059,0.964352
617063,1.740032
617078,0.146432
617087,0.44416
617106,0.001536
617156,5.230336
617219,3.056128
617269,0.288768
617280,2.01344
617282,0.475648
617283,2.67392
617287,6.30528
617297,19.036928
617314,4.677888
617337,0.519168
617340,6.19392
617393,0.048128
617452,0.136192
617454,4.000256
617479,3.793408
617483,6.65216
617490,13.69856
617493,4.718592
617521,0.139008
617547,0.306688
617550,0.388352
617553,3.088384
617585,0.125184
617594,0.432128
617598,13.307136
617601,6.595072
617611,91.465984
617787,0.252416
617837,0.232448
617842,1.590272
617851,1.100544
617897,0.191232
617902,3.110912
617956,0.008448
617976,0.419328
617980,1.08288
618004,2.386944
618103,0.249088
618111,2.513664
618125,1.740032
618152,0.462592
618188,0.250624
618211,2.42432
618214,4.609536
618215,2.041088
618219,10.65216
618245,2.168576
618259,30.967296
618297,17.570816
618313,1.456896
618318,0.06272
618358,0.571648
618395,0.422912
618437,0.931072
618472,0.653056
618506,0.14976
618522,0.19584
618536,0.674048
618542,99.363072
618584,19.500544
618585,4.81024
618588,62.786816
618594,71.146752
618598,67.106816
618623,102.112768
618640,20.411136
618694,4.148224
618698,0.357888
618700,94.044928
618791,0.381184
618803,1.524224
618844,0.091392
618858,0.240896
618862,0.164608
618888,3.056896
618928,0.21248
618932,9.549568
618987,6.802944
618988,4.283648
619008,1.610752
619038,11.171072
619149,0.023296
619170,7.730944
619171,11.333376
619213,0.567808
619217,0.409856
619218,0.111616
619259,0.145152
619265,0.136192
619312,2.277632
619318,1.842944
619320,0.016896
619377,0.05632
619390,0.015872
619395,0.202496
619403,3.894016
619457,5.44512
619486,5.499136
619505,1.577472
619529,0.318464
619542,99.1488
619608,2.238208
619629,1.079296
619697,19.40608
619720,1.91744
619774,1.645056
619779,0.698112
619814,8.22656
619839,1.9584
619854,0.960512
619855,0.262912
619858,98.004224
619908,0.050176
619963,0.107264
619984,0.444672
619988,10.100224
619991,5.474048
620012,21.948416
620017,5.890048
620022,4.031488
620055,1.363968
620066,0.674304
620092,0.412672
620103,0.734464
620141,0.647168
620161,0.993024
620166,0.101376
620169,2.777088
620197,15.403776
620205,1.908224
620256,0.256256
620261,0.657408
620263,4.234752
620287,6.081024
620295,1.591296
620339,0.156416
620367,2.364672
620386,0.342272
620395,2.982656
620403,1.965056
620404,0.124928
620411,0.685568
620457,0.240384
620469,12.453376
620482,45.904384
620494,1.792256
620513,1.097728
620525,96.884992
620581,0.124672
620588,0.176128
620618,0.560384
620620,4.037376
620700,17.533952
620712,1.745152
620716,13.253632
620740,95.287808
620816,0.082432
620833,6.01728
620834,2.245888
620838,4.951808
620853,1.191424
620911,9.252096
620932,2.752768
620943,0.562176
620959,0.856576
620969,1.02528
620987,0.351744
620997,0.224768
621006,0.235008
621016,0.63488
621059,8.950528
621074,2.11072
621145,2.860032
621181,1.394688
621265,99.482368
621345,0.264448
621369,0.168704
621462,0.164864
621477,12.517376
621482,2.525184
621484,3.70304
621514,8.294912
621516,88.754944
621601,1.44512
621607,1.663488
621639,0.294656
621670,1.481984
621700,2.340352
621779,0.056832
621826,0.163584
621828,1.16096
621834,3.890432
621842,2.52544
621848,4.005376
621851,1.861632
621883,0.145664
621928,2.779648
621943,2.81984
622018,2.006528
622021,0.034304
622022,1.707776
622025,3.345152
622028,0.16384
622066,0.366848
622127,3.057664
622160,0.12672
622206,0.084992
622248,3.906048
622249,16.141824
622253,5.822208
622297,1.403904
622310,1.480448
622320,1.23648
622372,6.340608
622407,0.982016
622410,0.873216
622428,0.067072
622497,0.021248
622503,2.864896
622531,0.33792
622554,17.252096
622558,89.100288
622567,5.517056
622581,4.330496
622588,2.772736
622594,94.98368
622649,3.328256
622659,2.766592
622673,5.893632
622722,3.06432
622818,0.459264
622827,99.170816
622909,1.722112
622921,1.598208
622927,0.007424
622957,0.516096
622959,0.128512
622990,0.415232
622997,2.373888
623068,0.023808
623069,0.582656
623080,1.045504
623082,6.108672
623083,1.95968
623131,0.302336
623140,0.119296
623148,99.05536
623159,88.878336
623173,86.523136
623191,87.501568
623204,87.284736
623207,65.243392
623217,74.060032
623243,97.823744
623245,68.896512
623313,9.448448
623332,0.494848
623353,13.59488
623393,0.438528
623405,99.648256
623426,0.340736
623486,5.097728
623500,0.369664
623509,0.455424
623512,12.666624
623522,0.43904
623553,0.353536
623556,0.00384
623562,0.518656
623596,6.552832
623603,97.956096
623607,93.992704
623609,48.986368
623660,0.620032
623682,2.368
623731,1.820928
623734,3.295744
623738,0.440576
623741,3.266048
623758,98.942208
623790,4.272384
623855,0.968704
623882,0.013568
623884,0.056576
623912,0.308992
623949,0.732416
623978,0.229888
623984,2.204928
624026,3.447808
624035,1.728768
624043,2.516992
624046,1.486848
624094,4.174848
624097,13.045504
624099,3.721472
624135,11.63648
624183,4.057088
624213,0.604416
624225,0.384512
624271,1.33632
624274,0.269568
624328,0.137728
624368,1.875712
624369,10.120704
624447,0.562944
624465,0.01024
624522,0.00896
624532,0.384768
624565,1.263616
624567,0.320512
624578,0.222208
624579,3.579136
624581,6.614016
624592,0.600832
624596,0.397312
624604,3.00544
624617,0.979968
624619,95.898368
624622,80.589568
624669,0.552192
624677,0.111104
624680,0.477696
624699,3.815168
624703,0.304384
624746,2.670592
624747,1.981184
624760,0.310272
624762,2.604544
624770,98.534144
624804,1.1456
624825,7.515136
624829,4.559872
624831,86.93888
624848,91.14752
624858,83.703552
624874,4.531968
624877,4.201216
624879,18.43712
624897,89.773312
624899,74.17984
624940,2.76096
624941,1.668608
624945,0.649984
624961,8.937728
625019,1.819648
625051,0.49024
625106,0.0384
625127,1.346048
625214,0.047872
625229,0.54272
625276,0.59904
625288,0.504832
625293,98.894336
625321,0.099328
625370,0.334336
625394,1.331712
625403,7.428864
625432,0.404736
625460,1.308416
625529,1.04832
625545,2.435072
625562,1.248
625585,6.825984
625590,3.860224
625643,0.233984
625665,0.812544
625667,0.609024
625685,3.267328
625693,0.741888
625708,6.49216
625719,1.600512
625730,0.108288
625766,0.397056
625803,0.055296
625833,0.369664
625862,1.720832
625917,0.125184
625938,1.9072
625946,3.3024
625956,1.398528
625964,5.970432
625968,6.067968
625980,2.13376
625982,2.126336
626023,0.40192
626052,5.709056
626091,0.05632
626116,3.06048
626153,0.107008
626206,0.022784
626227,0.714752
626265,1.008384
626281,0.661504
626296,0.955392
626301,0.076032
626317,0.341504
626339,0.396288
626351,2.558464
626388,0.15104
626402,0.544
626406,99.42912
626469,0.550656
626510,1.97248
626526,1.769472
626571,0.49024
626609,0.016896
626635,1.675264
626643,0.876544
626665,0.257024
626718,0.443392
626720,98.989312
626726,83.153664
626751,0.302592
626791,1.836544
626841,8.951808
626854,5.792768
626896,0.050432
626938,0.250368
626976,0.841472
627011,0.251136
627016,1.376512
627036,8.269056
627082,2.577408
627108,3.6288
627110,0.073216
627152,0.29824
627161,1.142016
627182,0.96512
627186,3.216896
627225,0.041984
627230,99.473664
627239,8.924672
627246,4.326656
627255,92.973568
627330,0.347648
627339,0.097536
627367,0.408832
627401,3.489024
627455,0.167936
627457,11.622912
627480,4.376064
627501,2.814208
627594,99.567872
627724,99.515904
627744,93.583104
627830,1.452288
627835,2.607104
627848,98.086912
627874,3.2512
627879,4.580096
627954,99.672576
627957,80.74752
627994,97.348608
628080,1.921792
628127,0.512512
628154,0.26624
628171,5.66528
628177,3.169536
628192,0.440064
628198,2.41024
628211,15.766016
628285,0.821248
628288,5.702144
628309,8.096256
628316,10.230528
628321,1.023232
628335,1.443072
628372,0.565504
628380,99.062016
628419,3.209472
628440,5.8944
628444,1.02272
628446,3.694848
628467,0.762624
628492,1.33504
628493,2.192896
628550,2.02112
628551,0.020992
628554,5.251072
628567,1.430016
628585,99.058176
628605,7.420672
628650,5.339648
628720,0.103424
628721,2.116608
628733,2.992384
628741,7.009536
628743,7.22304
628765,1.19552
628791,0.044544
628837,6.869248
628840,8.997888
628849,6.874112
628919,1.712128
628927,1.134848
628940,5.714688
628954,1.465344
628959,0.89472
629005,11.958272
629011,1.299712
629015,1.096704
629022,2.803456
629031,6.797056
629054,0.475136
629088,3.434496
629089,17.128704
629093,9.610496
629118,6.44096
629129,1.647872
629142,2.31424
629151,3.844864
629156,10.3616
629168,0.899072
629211,2.775552
629251,0.000256
629261,11.405824
629274,1.296128
629289,1.389056
629301,0.406016
629303,2.913024
629321,8.210944
629368,0.846848
629379,4.424448
629380,7.84128
629407,3.557632
629432,2.181888
629465,0.615168
629479,1.123584
629504,0.337152
629507,6.77888
629521,0.540416
629523,1.98784
629539,2.773248
629549,6.388224
629560,3.281664
629576,1.865728
629599,1.989888
629627,2.128384
629629,0.999168
629631,1.15712
629690,1.50656
629698,0.914944
629742,0.0064
629746,0.137216
629788,0.647936
629807,201.104384
629853,97.415936
629878,2.903552
629914,0.675328
629933,1.078016
629947,1.412608
629958,0.09984
629962,9.372672
629977,98.454016
630058,3.31648
630062,3.855616
630067,0.31616
630095,0.131584
630121,3.447296
630141,0.114432
630154,0.04864
630166,1.63328
630240,1.180672
630248,6.091264
630250,5.988864
630263,7.296256
630301,2.433024
630308,1.241088
630337,1.334528
630341,1.91872
630367,1.821952
630409,1.173248
630415,9.288704
630434,0.980224
630452,0.509952
630455,0.15872
630470,0.53248
630472,0.200448
630502,0.234496
630569,0.068608
630574,0.223232
630594,0.293376
630605,0.961536
630640,0.05504
630652,0.389376
630668,2.60992
630676,1.321984
630698,7.547136
630724,1.117184
630744,1.174016
630749,4.709632
630757,8.751104
630762,7.502848
630765,4.460032
630780,96.898048
630835,1.849344
630862,3.317504
630866,0.17152
630871,0.1024
630892,1.511168
630958,2.498816
630961,1.801728
630962,0.790272
630965,1.883648
630970,91.365888
631025,99.131136
631051,2.153216
631089,0.515584
631141,0.750336
631151,0.961536
631171,0.498176
631219,0.376576
631221,98.592
631306,4.083712
631308,0.961536
631310,1.548288
631332,0.182528
631381,4.187904
631410,4.054272
631462,1.216
631490,1.9392
631496,1.797376
631510,0.164864
631516,0.089088
631566,5.309184
631618,4.489216
631636,0.087552
631670,1.294848
631710,99.638016
631725,0.941056
631901,0.667392
631913,1.089792
631919,1.291264
631924,1.187328
631934,0.4672
631981,0.048384
632021,0.181504
632047,17.034752
632050,1.863424
632106,0.02048
632110,99.555328
632119,185.072128
632183,3.802368
632215,12.390656
632217,7.93344
632272,4.676352
632279,9.622528
632281,1.41952
632304,98.349568
632367,0.889856
632397,0.123904
632438,0.731392
632440,0.365312
632476,3.456
632480,0.349184
632481,0.28416
632498,2.193152
632508,2.53696
632517,98.52928
632563,9.437184
632583,0.020224
632626,0.824064
632641,0.448768
632645,1.115136
632683,0.478976
632689,17.9136
632725,0.485632
632758,0.429568
632792,1.271296
632819,1.236992
632838,99.548928
632869,8.21376
632887,4.450816
632897,2.761472
632911,4.450304
632916,0.699136
632965,2.903552
632985,0.179712
633087,0.098048
633089,0.761088
633112,3.464704
633133,0.800768
633136,2.22336
633139,0.293376
633164,4.373504
633230,0.141568
633245,2.614784
633267,0.894976
633275,0.029696
633294,2.583552
633333,0.388096
633357,13.616384
633376,1.635584
633470,0.120576
633473,0.27008
633488,0.084224
633537,0.075776
633579,0.523008
633610,7.141888
633647,0.078848
633652,0.000768
633689,0.175104
633696,0.742144
633710,2.641664
633712,2.03648
633736,0.651776
633744,1.149952
633812,2.276864
633852,0.173312
633894,0.169984
633903,100.481024
633906,79.790336
633959,6.289152
634021,0.15232
634043,7.194112
634068,0.527616
634082,0.71424
634083,1.776384
634117,99.411712
634143,0.74496
634163,1.160192
634204,4.381184
634205,9.097984
634215,2.048
634221,0.578816
634257,0.214016
634276,0.60032
634309,2.131968
634314,16.429312
634375,2.572288
634382,0.080384
634386,0.559616
634403,10.448896
634428,2.7968
634449,0.981248
634456,3.835392
634457,7.936768
634479,99.570688
634516,0.295424
634525,0.034304
634539,0.085248
634559,0.357632
634574,0.078592
634585,99.410944
634643,16.233728
634649,95.078656
634688,0.23808
634693,1.77152
634710,0.72064
634715,0.621312
634717,1.971456
634721,98.484992
634767,4.03712
634814,0.64384
634823,0.207616
634884,0.416512
634896,0.51712
634908,2.4896
634909,4.584448
634914,8.510976
634929,2.673408
634968,0.052224
634982,0.297984
634983,11.27936
635018,2.289152
635042,0.08704
635052,0.760064
635057,0.158464
635092,0.141824
635180,0.24192
635183,0.554752
635217,1.234688
635242,98.899968
635305,0.216832
635310,0.131328
635319,3.064064
635344,4.362752
635369,0.577792
635374,1.72672
635396,2.800384
635427,1.57952
635429,0.541696
635444,1.104384
635455,0.307712
635461,0.319744
635490,1.156352
635508,3.947008
635517,1.891328
635527,0.886784
635561,1.234432
635632,0.014336
635640,0.035072
635652,0.592896
635661,0.416
635711,2.31424
635714,5.96352
635751,1.545984
635793,0.09984
635809,0.19712
635811,98.744832
635824,3.22432
635895,0.3008
635930,0.185344
635935,2.000128
635969,0.46592
635991,1.05728
636024,1.933056
636034,0.083712
636109,0.614656
636167,1.528064
636205,6.257152
636230,0.509696
636233,1.702912
636251,1.635584
636314,0.431872
636316,2.304768
636343,1.198336
636420,0.724224
636434,0.276736
636489,99.655936
636559,0.355072
636561,1.828608
636588,0.075264
636604,0.100352
636641,0.196352
636654,0.269056
636667,1.711616
636682,0.004352
636708,3.089152
636732,1.782528
636741,3.381504
636752,0.50176
636762,14.086144
636769,5.321728
636780,7.327232
636785,1.68704
636826,1.106176
636831,1.304064
636872,4.316416
636918,0.287744
636934,0.361216
637008,99.963648
637101,0.00896
637106,2.58816
637127,0.188672
637136,5.847552
637146,3.311616
637197,0.807936
637222,0.064512
637242,0.843008
637261,11.00416
637308,1.44896
637310,3.039232
637382,1.949952
637429,0.24192
637448,1.683712
637458,1.02656
637461,3.92576
637538,0.786688
637575,15.632128
637668,0.03328
637685,0.119808
637723,0.006656
637728,0.555008
637750,1.06368
637813,0.273408
637829,2.057216
637880,1.962496
637906,0.12032
637912,1.481216
637947,0.696576
637982,5.288192
637987,1.348864
638012,0.305152
638084,0.522752
638089,1.277184
638112,2.467584
638146,0.432896
638261,0.610816
638266,1.496832
638299,1.138176
638301,1.852928
638330,5.561088
638406,0.300288
638409,20.346624
638447,0.115456
638462,0.593664
638474,0.093696
638492,0.532224
638494,0.080128
638506,1.070848
638520,1.129984
638524,0.40064
638558,0.050688
638560,0.121856
638591,0.955136
638593,2.72128
638612,1.524224
638662,1.600768
638717,0.795904
638742,3.411456
638770,2.224896
638771,0.546048
638773,2.299648
638830,0.095232
638865,2.323456
638889,2.698496
638947,2.26304
638961,0.544256
638962,0.748032
639000,1.211136
639003,0.126208
639021,6.447872
639029,4.892672
639077,0.675584
639108,4.42624
639110,0.670208
639183,0.427264
639223,0.17024
639228,0.374528
639233,7.261696
639271,1.4784
639378,1.042176
639385,0.098816
639478,4.996864
639502,0.273152
639525,1.376256
639530,0.110848
639580,0.162048
639694,0.900352
639708,3.265792
639714,0.485888
639720,0.120064
639729,0.094976
639740,0.218112
639769,0.11648
639772,98.98496
639854,0.999424
639894,1.057536
639906,1.87008
639969,3.696128
640040,0.24704
640049,4.285952
640115,3.948544
640187,19.45472
640222,2.735872
640244,0.132864
640260,0.025344
640310,2.47424
640450,0.531968
640534,1.915136
640543,4.0896
640582,0.165632
640584,0.069888
640643,0.99328
640666,0.073728
640669,3.635456
640679,2.647552
640695,0.059648
640720,0.248064
640751,0.225024
640789,1.540608
640799,1.55008
640817,0.763392
640825,0.070912
640857,2.476544
640907,0.286464
640912,3.591936
641000,0.108544
641008,4.618752
641011,0.972544
641029,0.040448
641036,98.66624
641043,84.801792
641056,83.716096
641066,79.479296
641088,0.488192
641141,0.31872
641162,2.219776
641215,1.582592
641222,0.263936
641262,5.291008
641281,98.439424
641324,0.656384
641335,1.477632
641347,4.535552
641384,3.410944
641388,5.590784
641479,0.086016
641483,2.872064
641508,1.864192
641522,2.370048
641562,12.11264
641601,1.896448
641665,6.426624
641668,5.416704
641673,1.12896
641676,1.143552
641680,3.223296
641684,1.452544
641729,0.598016
641737,0.171008
641751,0.80384
641765,0.14976
641784,9.938432
641828,2.665216
641829,2.01728
641855,5.98784
641859,15.794176
641902,1.449984
641976,0.3136
642027,0.00896
642043,0.124928
642055,0.381952
642129,2.176512
642184,3.878656
642246,2.17344
642284,0.119296
642288,0.069376
642366,0.21376
642402,0.127744
642423,0.499456
642424,8.887296
642426,7.181312
642462,0.765952
642499,0.043776
642508,0.994816
642516,1.790976
642591,0.558336
642652,0.511744
642668,0.707584
642711,1.465088
642803,0.026112
642870,0.474624
642876,2.24512
642889,0.017408
642891,0.649216
642897,1.730048
642974,0.001792
642990,0.022272
643006,2.937344
643092,0.099584
643095,0.297984
643097,2.54464
643099,2.730496
643112,3.200256
643121,2.344448
643146,3.411456
643161,0.047872
643230,0.410368
643251,1.079808
643266,0.464896
643270,0.528384
643283,2.994944
643288,99.150848
643387,3.9424
643395,0.130816
643403,1.100288
643449,0.341248
643488,0.005888
643504,0.004608
643508,0.044544
643527,9.806848
643529,12.891648
643618,0.045312
643637,0.151552
643714,0.000768
643717,1.746432
643743,0.675328
643774,0.012032
643783,0.024832
643809,9.195776
643820,1.60256
643858,0.68864
643888,0.14464
643909,1.646336
643921,0.072704
643987,0.032512
644006,0.073984
644047,0.001536
644110,0.40832
644133,2.819328
644209,8.252416
644211,0.058368
644212,0.597248
644240,4.291584
644273,5.813248
644327,1.633536
644341,3.570944
644355,1.814272
644357,10.208512
644424,0.460288
644466,0.74368
644480,0.448768
644508,3.319808
644510,1.38496
644521,0.736256
644555,9.570048
644658,8.84608
644724,2.002176
644749,7.154176
644785,3.715328
644797,0.575232
644927,0.041984
644955,0.081664
645110,2.293504
645113,7.804416
645125,2.974208
645155,22.21568
645225,0.039936
645232,0.029184
645251,1.981952
645260,0.595712
645280,0.466432
645310,99.75424
645323,6.710784
645412,0.06272
645438,0.408064
645459,0.704256
645480,0.227072
645498,0.06784
645511,0.337152
645554,0.514816
645559,99.5328
645618,0.125952
645622,36.257792
645704,0.559616
645709,6.507776
645730,0.545536
645803,1.699584
645905,3.476224
645911,7.495424
645975,0.010496
646034,0.565248
646081,0.489984
646238,0.206336
646246,4.358144
646275,12.909056
646362,0.282624
646408,1.356288
646409,7.609344
646411,5.231104
646528,0.03584
646546,0.082688
646551,0.26496
646554,0.076544
646564,2.639872
646590,20.343808
646593,11.152384
646648,0.113408
646809,0.692224
646820,0.177664
646875,1.460736
646876,2.009088
646912,17.318144
646915,12.35072
646918,86.446592
646958,3.667968
646977,5.028864
646978,2.459392
646981,17.615616
647049,0.192
647072,0.182784
647110,19.705344
647126,0.846592
647160,0.297984
647179,0.109568
647254,0.195328
647266,0.328192
647299,0.020992
647328,0.926976
647329,0.294656
647351,1.794816
647352,2.240256
647354,15.6736
647384,6.840576
647399,0.226816
647401,96.46208
647520,2.56128
647526,1.259776
647532,4.322304
647629,0.216576
647656,0.314368
647664,2.733824
647665,0.755968
647667,1.18272
647669,6.734848
647671,1.966848
647728,1.783296
647743,1.667584
647759,0.336896
647777,2.217216
647798,0.397312
647799,6.574848
647806,6.229248
647824,0.2816
647871,0.18688
647887,98.890752
647948,0.400384
647970,0.150784
647998,1.073152
648002,20.630784
648008,4.455936
648018,13.160704
648099,0.55296
648104,4.352256
648108,2.111744
648183,0.751616
648195,1.84576
648263,0.556288
648287,0.754432
648334,0.115712
648412,0.128512
648419,0.131584
648434,5.156352
648466,1.412608
648482,0.262912
648494,0.461312
648551,0.03584
648628,0.687616
648673,0.272128
648704,0.37632
648710,1.46048
648722,1.651456
648764,1.315584
648840,7.023872
648915,0.449024
648918,5.792512
648920,3.060736
648939,1.511168
648940,14.939136
649005,0.338944
649041,0.495872
649088,0.42496
649135,0.013824
649161,23.26912
649201,0.095744
649213,17.326848
649272,0.02432
649278,0.088832
649286,8.234496
649289,12.852992
649322,1.624576
649340,12.501248
649442,7.960064
649500,0.030464
649510,0.099328
649609,1.622528
649611,0.265728
649613,5.335296
649670,0.732672
649747,0.061952
649764,0.334592
649895,0.022528
649916,1.593344
649921,0.948992
649991,0.13184
649999,0.117504
650070,0.163584
650158,0.425984
650171,0.19072
650208,0.059648
650209,1.77536
650213,1.751808
650217,1.603328
650220,1.694464
650226,2.267136
650235,1.958144
650237,93.881088
650262,1.068288
650330,99.651584
650426,0.176384
650493,11.623936
650501,96.775936
650540,3.034368
650570,0.834304
650573,7.017472
650604,99.335424
650694,0.478976
650697,0.151808
650731,2.737664
650737,3.794176
650753,4.256
650767,0.175872
650797,12.166912
650827,1.654272
650832,5.77536
650905,7.853568
650917,2.759424
650940,0.782592
650983,0.055296
651049,1.568512
651098,0.39424
651108,3.00544
651120,1.871872
651149,0.041216
651157,3.202304
651207,0.074752
651232,0.105728
651250,0.20096
651255,11.73888
651304,0.043008
651364,20.958208
651396,24.607232
651426,0.637952
651431,1.94176
651446,3.272192
651497,2.281728
651507,2.573568
651522,2.980096
651524,7.013632
651591,0.526592
651644,0.132608
651685,0.433664
651686,3.028736
651691,1.408768
651692,0.462592
651703,0.416512
651708,2.26048
651711,5.124864
651747,1.591552
651759,4.11136
651761,0.649472
651805,0.013312
651813,13.554176
651819,93.069568
651867,4.359168
651883,99.424512
651908,2.237952
651910,5.025792
651946,2.2464
651953,12.800512
651975,0.043008
651997,7.746048
652000,0.498432
652021,8.356608
652034,1.394944
652069,7.06432
652122,5.494016
652169,0.15232
652181,7.154432
652185,3.157504
652224,0.270336
652225,2.08
652240,0.555008
652241,0.734976
652243,1.291008
652244,3.56736
652258,1.315328
652288,3.9616
652293,195.3664
652369,0.419584
652397,0.077312
652421,0.97152
652425,0.044544
652427,98.969088
652434,83.80416
652560,0.091904
652564,1.304064
652610,4.952064
652651,5.1968
652690,0.132352
652704,8.189696
652747,4.17408
652748,12.201472
652750,9.535488
652754,8.422656
652783,0.089344
652808,0.197376
652855,1.18016
652864,0.265472
652889,1.37216
652893,0.111104
652909,0.231936
652922,1.441792
652964,0.132864
653001,3.301376
653006,7.054848
653041,0.255744
653098,2.160128
653105,18.740992
653118,4.82176
653129,0.527616
653154,0.6976
653175,2.050816
653192,1.714688
653196,1.346048
653198,1.957376
653215,0.16896
653221,2.552832
653282,0.254208
653311,1.964288
653312,0.472576
653332,0.918528
653338,4.4736
653397,8.009472
653439,7.759104
653496,99.534848
653545,2.146048
653559,1.560832
653612,0.062464
653615,0.381184
653682,6.350336
653684,92.395008
653695,2.724864
653731,11.857152
653734,5.8816
653752,17.2032
653834,0.131328
653854,0.071936
653867,0.07808
653912,0.095232
653913,0.216576
653919,0.236544
653945,0.346368
653968,0.065536
653981,17.717504
654040,0.20224
654050,2.033152
654060,3.467264
654061,1.703424
654063,2.936832
654064,1.2928
654066,7.920384
654074,0.925696
654109,9.143808
654145,0.838144
654160,11.3216
654194,9.225728
654197,15.8976
654199,3.771904
654258,1.681408
654352,0.025088
654409,1.305344
654460,3.528704
654496,7.610624
654508,3.255808
654523,2.152704
654527,97.528576
654545,93.593088
654563,91.4304
654651,99.255552
654710,3.307776
654713,8.658944
654732,5.956096
654737,2.305792
654739,0.235008
654741,7.285504
654743,1.700864
654745,0.313088
654875,4.054272
654985,2.772992
655034,10.83648
655038,0.36096
655068,0.292096
655099,0.105216
655122,0.246272
655127,0.05248
655202,0.425728
655268,0.07808
655286,0.027136
655310,1.809408
655537,0.045824
655554,6.823424
655556,3.774464
655565,3.509504
655569,1.64352
655571,14.860032
655577,5.504768
655580,2.390272
655583,1.825024
655598,2.074624
655602,5.579264
655604,1.52576
655671,0.212224
655702,0.121088
655721,0.89088
655727,99.296
655738,88.099584
655787,98.452736
655790,80.35072
655830,15.987456
655910,2.616576
655913,2.294528
655921,1.078528
656040,0.356096
656068,99.443968
656158,0.02688
656198,0.29568
656246,0.07424
656260,0.008192
656311,3.013376
656322,0.537088
656379,0.10368
656403,0.14848
656407,99.588864
656500,1.072384
656510,4.809728
656513,0.96512
656524,2.605312
656543,0.710656
656549,0.176384
656550,2.580224
656565,0.05504
656605,0.071936
656620,1.43744
656670,0.355328
656706,1.292032
656719,1.324544
656726,0.334848
656745,30.290432
656767,0.688384
656794,0.304384
656869,0.398848
656882,0.676096
656918,1.283328
656947,0.014592
656995,0.0448
657114,0.76288
657120,0.036096
657138,99.141376
657242,0.811776
657312,0.04352
657326,0.128256
657331,0.429312
657353,0.233984
657362,0.04992
657364,0.041728
657376,99.7568
657450,99.582976
657502,2.967296
657511,1.330432
657515,0.885248
657530,0.36352
657551,0.052992
657556,0.199936
657561,0.716032
657652,0.537344
657674,0.107264
657782,0.49408
657787,0.14976
657788,0.080128
657800,0.464896
657809,5.29792
657878,0.461312
657922,3.846912
657925,2.153728
657932,5.127424
657937,0.809216
657959,1.938176
657978,0.048896
657998,3.038208
658007,2.379008
658038,2.459904
658078,0.750848
658083,0.933376
658115,0.248064
658172,0.029184
658209,2.835456
658236,1.687808
658248,0.169728
658298,0.035584
658311,0.131328
658321,0.618496
658355,0.405248
658360,3.842048
658363,1.440768
658375,1.287168
658387,0.077312
658427,0.571904
658437,0.42368
658467,0.94976
658491,0.97792
658510,2.98496
658515,0.180224
658593,0.092928
658620,0.071168
658647,0.098304
658702,1.902848
658713,2.081536
658736,1.676288
658809,1.27872
658858,1.434368
658895,9.748224
658910,0.449024
658920,97.536
658987,1.85216
658993,1.003264
659006,3.63008
659013,97.033984
659024,2.07232
659033,0.412416
659038,3.041792
659068,19.11168
659102,0.641024
659132,1.034496
659152,0.084992
659162,4.38016
659194,0.290816
659234,0.059392
659235,6.153984
659277,0.24064
659327,0.673536
659343,0.048896
659368,1.246464
659392,0.523776
659397,99.162624
659505,0.116736
659522,4.538112
659618,0.787968
659624,0.90624
659627,0.95488
659670,0.15744
659685,0.568832
659691,99.264768
659761,18.433024
659798,0.14464
659835,7.668736
659853,7.644416
659950,0.292096
659968,0.051968
659971,0.222464
659988,0.1408
660012,0.404736
660061,99.598848
660105,98.343168
660107,78.722048
660128,89.511424
660182,5.612032
660221,0.174848
660285,0.242176
660292,1.068288
660307,0.491776
660338,0.211712
660364,0.167936
660430,2.614272
660445,98.975232
660476,1.734656
660502,0.78464
660545,0.22272
660564,0.68736
660573,6.500864
660577,2.323712
660617,99.461888
660657,1.287168
660670,98.779904
660714,0.216832
660720,0.210432
660858,0.137216
660890,0.376576
660924,0.120832
660947,0.172544
660970,0.824064
660995,0.004608
661039,0.841984
661060,99.565568
661158,4.765184
661160,7.530496
661223,1.143808
661258,0.476672
661283,5.668352
661299,1.046528
661308,0.230912
661310,98.154752
661344,0.084224
661368,4.749056
661371,1.325568
661423,1.137152
661482,1.509632
661496,2.280704
661523,4.115712
661531,97.739776
661537,83.068416
661599,2.434304
661623,0.003328
661642,0.011264
661645,3.403776
661674,0.187904
661701,0.497408
661710,0.880128
661711,0.66176
661727,3.302656
661769,2.930432
661771,2.071552
661785,0.258048
661842,0.010496
661882,0.015104
661908,13.490176
661913,3.473664
662093,0.050944
662187,0.467456
662209,0.014848
662219,32.61696
662253,9.49376
662256,0.13312
662314,0.247552
662335,0.157696
662343,0.362752
662363,0.268288
662368,3.846144
662383,6.106368
662407,0.388608
662451,0.063488
662484,4.076288
662495,1.403136
662526,7.881216
662527,2.241792
662528,3.207168
662531,0.177152
662670,5.231104
662682,1.085952
662690,8.309504
662703,7.88992
662705,0.14208
662769,0.186112
662795,0.045824
662801,99.287808
662818,191.598592
662821,55.296256
662826,50.243328
662901,1.88928
662914,2.442752
662916,4.541696
662918,1.353472
662931,1.060352
662936,2.612992
662975,0.499456
663102,0.066048
663108,0.731648
663110,2.201856
663113,6.744064
663139,0.291328
663140,2.901504
663148,2.24896
663154,1.441536
663178,0.814848
663218,0.12288
663259,0.721152
663335,0.804864
663427,0.03968
663430,1.011712
663453,1.336064
663454,3.186944
663457,5.661952
663487,1.620224
663505,0.245504
663538,2.21312
663581,0.220672
663611,0.655616
663624,0.192768
663642,1.236736
663673,99.46112
663710,0.59136
663712,0.55424
663808,0.881664
663819,1.5168
663830,0.343552
663874,19.038976
663974,0.832768
663989,2.991616
664001,7.273216
664004,0.611328
664007,2.472192
664066,14.730752
664090,1.890048
664094,98.507776
664157,0.163584
664189,0.36096
664204,1.048832
664218,0.18432
664220,2.948096
664234,4.317696
664262,0.495872
664308,0.42624
664321,1.1968
664350,0.352
664372,0.246016
664403,0.353792
664492,0.921088
664513,1.14816
664668,1.193984
664679,0.49408
664691,0.640768
664726,0.048128
664867,0.164352
664882,1.038592
664885,2.697984
664892,3.16288
664910,2.728192
664913,2.009344
664995,0.012288
665017,0.210688
665073,0.889856
665115,0.136192
665129,99.943424
665178,12.18944
665204,0.325376
665209,0.637952
665210,5.270784
665230,98.77504
665379,0.954368
665391,3.400192
665453,0.386816
665512,0.555776
665521,0.136704
665526,2.111232
665634,0.27904
665676,2.413824
665703,0.813056
665763,0.035328
665789,2.746624
665792,0.770048
665836,0.088064
665859,0.740608
665864,99.231488
665925,1.432064
665942,1.231872
665963,9.894144
666045,0.407296
666071,11.146496
666108,12.42752
666118,2.242816
666167,11.5328
666254,0.32512
666276,0.01792
666313,3.631616
666329,0.836864
666332,3.154432
666402,0.028672
666437,0.018432
666486,16.928512
666558,0.189184
666592,1.173504
666597,2.874624
666602,1.403136
666611,11.359232
666631,1.077248
666708,1.831424
666710,3.971072
666774,0.004096
666782,1.614336
666869,0.038144
666986,0.02944
667081,0.283392
667094,2.423296
667102,5.018112
667119,5.530368
667137,0.133376
667162,0.114688
667225,16.434944
667227,79.742976
667228,4.40832
667281,1.305088
667296,3.700224
667310,2.395136
667344,2.248192
667355,5.184256
667399,3.518208
667464,8.442112
667587,9.794048
667602,99.529728
667732,2.096896
667789,6.511616
667808,4.52608
667872,0.64512
667908,2.176512
667924,11.377664
667925,9.64864
667929,6.297344
667936,87.49312
667956,80.60928
668020,4.324608
668049,6.074624
668061,6.873344
668064,11.473152
668071,1.080576
668091,0.340224
668174,7.635712
668183,1.480192
668186,6.234112
668234,6.337024
668250,2.491648
668265,4.005888
668298,1.40416
668336,0.127232
668382,0.38016
668387,0.13824
668409,0.463104
668512,1.41952
668521,2.860032
668528,2.783232
668574,0.0064
668598,0.364032
668606,13.016832
668678,0.027648
668692,0.274432
668711,0.307712
668719,0.749056
668725,0.881152
668771,0.126208
668786,0.086272
668816,0.875264
668879,1.382144
668889,0.65792
668921,2.664448
668943,0.058368
668975,0.121856
668989,0.204288
669092,4.241408
669093,0.378112
669110,1.3632
669191,0.03072
669195,6.592256
669238,0.559872
669240,6.805504
669262,18.896384
669282,0.584704
669350,0.875008
669371,0.214784
669383,0.27392
669401,15.38304
669472,0.400128
669478,0.74752
669500,1.534464
669509,0.236032
669531,6.31552
669533,3.689728
669609,3.40736
669650,1.081088
669711,3.29984
669715,0.886784
669732,1.097472
669771,7.647232
669796,0.047872
669844,0.302848
669945,0.454912
669972,2.170624
670056,25.83424
670059,6.327808
670065,2.06592
670074,3.920128
670161,0.16384
670228,0.973824
670308,0.627712
670326,0.126976
670366,0.61184
670380,0.085248
670386,1.750784
670464,3.184384
670477,0.795648
670480,2.573824
670527,0.371456
670600,110.678272
670602,75.20768
670712,2.010112
670717,3.322368
670802,0.10112
670805,0.40576
670823,0.46464
670828,0.82432
670851,0.127488
670909,0.537856
670910,0.448768
670913,1.609984
670955,0.28032
670972,0.528384
671000,0.155136
671009,1.109504
671117,0.030464
671118,5.092096
671129,0.253696
671234,0.053504
671284,0.408064
671319,0.181248
671362,1.594112
671379,0.669184
671401,1.286656
671508,0.424448
671510,3.582464
671526,0.913152
671578,1.464576
671627,0.149248
671637,0.165376
671659,0.246528
671718,0.097024
671776,6.749184
671839,0.537856
671882,0.035328
671921,0.008448
672052,0.38912
672110,2.166272
672162,1.050624
672205,9.038336
672401,0.059904
672466,0.251136
672480,0.160512
672520,0.34176
672529,98.766336
672560,98.491136
672602,19.099136
672624,0.540416
672676,0.049408
672681,9.018624
672710,3.278848
672716,10.17984
672942,0.000256
673080,0.497408
673190,7.10784
673395,11.118848
673493,0.642048
673496,3.128832
673553,0.1856
673607,0.868096
673742,0.949504
673828,0.104704
673850,3.407104
673902,3.67744
673909,1.68064
673952,0.059648
673984,1.511936
674000,0.1536
674084,0.441344
674120,0.119552
674223,0.823552
674313,1.081344
674409,99.56608
674509,0.050688
674511,1.728
674541,0.130304
674552,0.23552
674562,6.1376
674655,0.039936
674694,0.29696
674723,0.94848
674726,0.886528
674817,2.258176
674858,1.96992
674861,0.373248
674862,9.514496
674864,13.968128
674866,0.990976
674877,3.909888
674886,2.62912
674892,6.636288
674912,6.2016
674982,0.116224
675048,4.100096
675108,12.34048
675121,1.701632
675124,0.314624
675189,0.074496
675287,0.11776
675339,0.172032
675376,0.069376
675466,0.156416
675589,0.02816
675618,0.50432
675627,0.782336
675632,1.418752
675645,0.203776
675658,19.264256
675710,3.769088
675712,2.397184
675732,1.11488
675735,0.003072
675848,0.427776
675859,0.902656
676072,0.015872
676102,7.996416
676207,0.667136
676278,0.413696
676307,0.046336
676310,2.490112
676316,0.603136
676326,2.793216
676330,0.183552
676380,0.052992
676482,0.11648
676613,5.061376
676674,0.045568
676688,0.11264
676697,0.115456
676718,0.035328
676725,2.166016
676812,0.335872
676901,2.230784
676910,1.088768
676924,0.687872
677019,0.01664
677121,0.345088
677162,0.527872
677288,0.027392
677291,0.008704
677312,0.399104
677352,0.430592
677512,2.077952
677520,0.1152
677721,0.107008
677778,0.297728
677803,1.417728
677840,99.487232
677843,81.238528
677846,162.933248
677863,73.5168
677867,61.628928
677885,82.148864
678108,13.412352
678129,1.568256
678264,0.93312
678266,1.07392
678322,0.032512
678373,0.022528
678621,0.022784
678674,0.14976
678698,0.091392
678710,2.185728
678712,1.206528
678721,0.466688
678747,0.419072
678798,0.31104
678889,2.763776
679004,0.076288
679015,7.369984
679054,11.373824
679103,3.459584
679113,0.6464
679129,0.657152
679145,47.42656
679163,1.118464
679213,5.182976
679230,2.619136
679265,0.062464
679293,0.030208
679308,2.234368
679310,1.298176
679313,0.3776
679345,0.299008
679406,0.370944
679413,0.131328
679434,1.070848
679494,3.798272
679556,1.126912
679622,0.139264
679681,3.96544
679764,3.881216
679899,0.090368
679913,3.320576
679921,0.928512
680057,1.867008
680068,1.335552
680070,13.889792
680074,16.051456
680142,0.122112
680185,0.33792
680202,0.073984
680244,0.263936
680294,1.532672
680329,0.308736
680359,0.2944
680411,0.445184
680412,2.231552
680478,0.022784
680480,8.813312
680508,3.602432
680619,0.392448
680744,6.194944
680791,0.45824
680797,3.335168
680930,0.236544
681003,8.39296
681050,3.408896
681110,2.97216
681122,1.183488
681199,0.146688
681290,0.236544
681476,2.737408
681627,9.075712
681713,7.4752
681780,15.322624
681817,1.593344
681885,0.108544
681986,0.081664
682001,0.022272
682032,0.340992
682034,0.631552
682095,15.642624
682119,0.479488
682120,11.435008
682173,1.22752
682231,0.108544
682253,5.722624
682309,0.04992
682313,4.542208
682351,0.026624
682416,0.750336
682454,0.763904
682486,32.74624
682561,0.048128
682626,12.708608
682654,1.090048
682667,0.394496
682674,3.014912
682678,13.050112
682731,0.53248
682751,2.258688
682758,1.969152
682763,1.254656
682767,3.050496
682920,1.445888
683026,0.51456
683056,0.372224
683123,0.208384
683162,0.284416
683178,0.02432
683197,3.339264
683227,0.233984
683326,0.025856
683352,0.042752
683471,1.854208
683485,0.33536
683503,3.651328
683508,0.182784
683519,3.002624
683555,0.017408
683598,0.744704
683605,4.395264
683689,0.249088
683690,10.95808
683741,3.2448
683758,1.404416
683782,0.408576
683820,1.473024
683851,0.480512
683872,3.12576
683934,0.439552
683965,0.582912
683998,0.415744
684013,0.702976
684019,0.035584
684042,1.103616
684099,0.045312
684110,3.976704
684121,0.279808
684138,0.669952
684140,0.264704
684145,0.608256
684181,0.041472
684192,0.080128
684232,7.68
684245,7.942144
684268,13.770496
684340,0.029696
684511,0.602368
684582,0.011776
684654,0.963072
684679,1.421312
684710,1.591296
684719,0.863744
684755,0.491264
684756,5.512448
684765,14.463488
684884,0.007168
685038,2.95808
685103,0.005376
685105,1.977344
685118,4.789248
685122,7.613184
685135,4.439808
685166,0.735744
685205,0.209664
685308,5.081088
685312,11.692544
685346,0.529152
685416,0.435456
685423,2.591488
685459,99.565824
685553,0.001792
685615,5.585408
685642,0.711424
685651,99.180544
685760,0.0064
685780,0.155392
685820,0.064
685833,1.210624
685908,12.127488
685950,2.377216
686020,0.022784
686094,0.52096
686263,0.028928
686275,4.674048
686301,3.153152
686319,0.098816
686406,0.636928
686427,0.131328
686472,0.034816
686512,0.621568
686619,6.195712
686638,13.913344
686835,3.38432
686845,2.915584
686928,0.0192
686933,0.298496
687039,0.064512
687110,3.042304
687126,0.295424
687300,7.105024
687439,0.095488
687476,33.170944
687606,0.01024
687643,0.052736
687721,0.996352
687792,2.20928
687922,0.009472
687958,2.87104
688012,0.317184
688058,6.45632
688133,0.1088
688139,0.043008
688183,0.544512
688235,0.022016
688349,0.010752
688382,0.054784
688466,0.073728
688555,0.727296
688589,0.062464
688668,0.114688
688710,0.946176
688715,1.682944
688727,3.183872
688869,0.009216
688910,0.982016
688962,0.02816
689072,106.356992
689180,0.164864
689210,0.324352
689270,1.384704
689349,0.297472
689372,1.40672
689513,0.03968
689719,0.029952
689746,2.275072
689800,0.014336
690008,2.134272
690030,0.62976
690193,0.067584
690249,0.006656
690262,99.862528
690343,0.950272
690440,0.002816
690472,0.087552
690475,0.06144
690640,2.376448
690712,3.565568
690763,0.076032
690772,0.55424
690848,0.131072
690870,0.736768
690929,0.92288
691138,0.975616
691255,3.315456
691273,0.019712
691312,0.702976
691353,0.0192
691370,0.018688
691384,7.926272
691444,0.33152
691512,0.03328
691570,1.093888
691598,0.060672
691651,1.1008
691683,0.66304
691824,0.015872
691895,5.044736
691925,0.12288
691943,0.282624
691978,0.395776
692108,2.402816
692157,4.208128
692206,0.023296
692228,0.850432
692255,4.157696
692259,1.688064
692416,1.85856
692509,0.43648
692510,2.916864
692521,1.104384
692654,2.200064
692708,8.854528
692737,0.222208
692790,0.07552
692834,0.233728
692852,0.599808
692943,0.184064
693012,0.58368
693014,2.260224
693046,0.225024
693105,0.19072
693108,1.87008
693113,9.92384
693134,0.109824
693183,0.007424
693406,21.927936
693408,0.603392
693412,10.567424
693505,1.006848
693562,3.278848
693708,2.903296
693710,0.248832
693714,0.799744
693792,0.029952
694058,0.340224
694116,4.099584
694164,0.018688
694193,0.64384
694247,3.703552
694286,2.459648
694290,0.219136
694296,1.131264
694306,5.18528
694308,1.045504
694327,1.108736
694333,1.34144
694346,10.581504
694381,0.214528
694399,1.258496
694407,7.461888
694448,0.227072
694461,0.862464
694500,4.57728
694558,0.050432
694579,0.069376
694583,1.236224
694585,2.70848
694591,6.244096
694599,14.636288
694628,8.921088
694673,2.643456
694684,3.727104
694692,5.94688
694720,0.0448
694764,0.526336
694770,0.689408
694800,1.99424
694803,0.95744
694845,0.072192
694857,0.130304
694863,1.443328
694883,3.053568
694908,4.098048
695015,0.401664
695021,0.164096
695026,0.25216
695071,99.44576
695177,4.377344
695182,4.828928
695296,0.086272
695328,0.050176
695391,1.741056
695400,4.90624
695407,5.558784
695510,3.021824
695561,0.32256
695582,0.094208
695653,0.07424
695684,0.054272
695755,0.01792
695796,0.07552
695931,0.018944
695954,0.565248
695994,0.06272
695995,0.020224
695997,1.916416
696000,3.38688
696101,0.056064
696240,0.019968
696266,0.828672
696268,3.5264
696332,4.195072
696334,11.730176
696427,0.657152
696557,0.104192
696579,0.835584
696687,0.045824
696700,1.881088
696709,0.568576
696721,2.683136
696764,0.065792
696818,0.082944
696824,0.007168
697030,0.053248
697068,0.819968
697070,1.676544
697072,2.406912
697077,1.668608
697085,5.560576
697208,0.729088
697214,0.064256
697310,3.368704
697312,2.341632
697502,0.279552
697692,0.022784
697760,0.076032
697814,2.855168
697862,0.184064
697910,4.24704
697921,0.857344
697926,1.177344
698166,1.461248
698168,0.04608
698177,15.515648
698183,6.992128
698188,2.132224
698384,0.08704
698463,1.61792
698464,3.344384
698479,2.142464
698714,3.663104
698881,0.097536
698918,0.02048
698922,0.354816
699117,2.019328
699179,17.292288
699260,0.023808
699343,0.047104
699379,0.946432
699548,0.123392
699639,0.068608
699686,0.060928
699710,2.762496
699712,2.09664
699721,0.205312
699836,0.014848
699863,1.340928
699930,2.930688
700018,0.077824
700037,1.080832
700041,0.479744
700273,599.342592
700522,0.01152
700555,0.030976
700644,1.235968
700825,0.157952
700909,1.136896
700910,0.572416
700920,0.49152
700968,17.34656
700978,95.47264
701207,0.017408
701301,0.478464
701340,0.174336
701428,0.127232
701448,1.426176
701521,2.505984
701527,1.372672
701758,0.05504
701787,0.24064
701838,0.027648
701918,0.004352
701948,2.139136
702012,0.036352
702046,1.458688
702094,0.08064
702131,2.040576
702194,0.927232
702250,14.541056
702271,1.080832
702368,0.685312
702590,1.640448
702619,0.08192
702624,2.163712
702656,2.310144
702717,0.027904
702723,0.31872
702728,0.352
702757,0.263168
702781,1.207296
702782,3.873536
702783,13.53472
702786,5.259008
702793,2.268928
702798,8.185344
702803,4.744192
702808,88.555008
702818,1.505536
702821,2.64192
702827,0.579328
702829,2.28352
702923,0.032
702938,0.356864
702972,0.020224
703168,0.031744
703215,0.264704
703220,0.054016
703320,1.018624
703365,0.656896
703476,0.208896
703500,0.014336
703627,8.995584
703629,2.6112
703674,0.072704
703722,0.035584
703840,0.062976
703908,4.306688
703986,0.119296
704035,0.45184
704087,0.537856
704103,4.121856
704196,0.082432
704242,0.022272
704364,0.406784
704385,6.502144
704391,2.19264
704448,0.191488
704489,0.831744
704505,0.078336
704513,3.4688
704581,0.013824
704630,0.009728
704670,0.25344
704708,0.044544
704728,0.185088
704867,0.036864
704874,0.080896
704890,0.00384
704978,0.164864
704989,1.389056
705091,5.71264
705110,2.558976
705120,0.892672
705186,0.867072
705251,0.55296
705275,1.997568
705276,3.67104
705277,1.497344
705334,1.596928
705355,1.01504
705356,0.522496
705357,0.836352
705482,0.490496
705606,4.625408
705710,4.092928
705721,0.742144
705822,0.000512
705870,0.0192
705901,1.71776
706116,1.056256
706281,99.464704
706292,88.736256
706378,0.259328
706554,1.063936
706571,14.757632
706582,1.279488
706740,0.4736
706745,5.82272
706749,1.92768
706761,98.445056
706875,0.302336
706879,99.676672
706900,2.961152
706910,10.521344
706924,4.744448
706944,0.730624
706967,4.34176
706973,0.506624
707009,99.21664
707068,0.004096
707179,0.904448
707260,0.02432
707275,0.04352
707320,0.001536
707328,2.432768
707407,0.038912
707458,0.844544
707463,3.565824
707612,0.009728
707642,0.218624
707701,0.11776
707756,0.051456
707762,0.570112
707772,3.02848
707777,1.053696
707892,0.182272
708006,0.041216
708036,0.0128
708105,0.981504
708108,2.44352
708128,3.52384
708157,14.70848
708257,2.177792
708280,1.814016
708424,0.018176
708537,0.004864
708588,0.856576
708708,5.386752
708710,1.289984
708929,0.0384
708994,0.011264
709085,0.141312
709186,0.278528
709308,7.063808
709321,1.316096
709376,0.005376
709454,0.045824
709459,0.732416
709501,0.133376
709510,0.022272
709589,0.51712
709651,0.028416
709678,0.348672
709718,0.4416
709738,0.094208
709831,0.018688
709837,0.836608
709916,2.007808
709920,1.588736
709944,0.191744
710207,1.873408
710286,18.614272
710342,0.159744
710487,0.087552
710499,99.638016
710524,0.869632
710640,0.060672
710851,0.039936
710896,0.475648
710915,0.377344
711011,0.172544
711037,0.208896
711108,2.16064
711522,3.693824
711615,2.112768
711666,0.002816
711687,0.659456
711710,3.1104
711713,12.430848
711952,99.414272
712082,0.860928
712122,0.72704
712294,0.134656
712321,0.152064
712351,0.3904
712490,21.626368
712539,0.029184
712573,0.442624
712639,0.068352
712726,0.132864
712733,0.005632
712755,4.991232
712768,0.141568
712816,0.150272
712909,0.749312
712922,1.536256
713024,1.259776
713036,0.1792
713058,0.34432
713150,0.073984
713181,0.062976
713362,7.232
713537,0.083712
713607,0.028672
713671,0.130816
713765,0.029696
713843,0.02816
713859,0.091904
713921,0.040448
714085,0.008192
714098,0.146176
714108,1.064192
714167,5.883392
714279,0.83968
714307,0.322304
714433,25.37984
714507,0.647168
714523,0.03584
714567,0.070912
714710,4.420352
714773,0.068096
714872,0.012544
714965,0.100352
715028,0.098048
715090,0.004608
715206,2.786304
715209,11.604224
715211,5.955072
715213,8.292608
715221,2.50624
715297,0.015616
715306,0.036608
715310,2.869504
715320,1.89824
715378,0.07168
715401,0.016384
715416,0.256512
715478,0.006144
715532,0.25472
715578,0.041984
715599,0.011008
715745,15.956736
715749,1.616384
715751,3.258112
715858,0.041984
715905,2.214144
715910,3.008256
715920,0.455168
715958,0.086016
716058,0.016896
716218,0.132608
716220,1.32608
716227,6.034176
716229,1.976832
716231,0.621568
716240,9.235456
716247,93.141504
716389,0.146176
716510,2.764544
716675,0.09344
716750,799.595776
717038,0.045312
717110,3.698944
717203,0.057088
717255,1.350912
717258,2.556672
717313,0.214528
717494,2.29248
717654,1.106688
717682,3.872
717712,0.310784
717722,0.061184
717726,4.352256
717953,0.018176
718308,2.539008
718433,5.339392
718440,0.190976
718507,4.410624
718528,2.843904
718736,0.081664
718741,1.345792
718787,4.731648
718890,0.04736
718908,6.758144
718920,0.758784
718972,899.563264
719357,0.001024
719427,0.133888
719505,0.016128
719509,0.873728
719512,4.726272
719526,1.133056
719672,0.07552
719952,0.369408
719961,1.122816
720022,4.154112
720110,5.164288
720120,1.487872
720143,0.295168
720184,0.840192
720247,0.23936
720274,1.544448
720347,0.063488
720459,0.0256
720505,0.503552
720615,0.869632
720641,1199.539968
720708,0.50688
720720,1.566208
720779,0.114176
720845,0.680704
720896,0.018688
720951,10.690816
721066,0.076032
721147,0.023552
721168,3.086336
721202,0.057856
721310,1.938688
721312,8.64
721349,2.160128
721499,0.006144
721563,0.079104
721646,0.371968
721914,1.705472
721951,2.708992
722066,0.9984
722067,17.026816
722070,0.073216
722072,7.745792
722077,2.95808
722084,2.953984
722088,3.45216
722100,84.954624
722104,86.621184
722110,67.798272
722222,1.545216
722223,1.095936
722274,0.171776
722458,0.08832
722510,3.046912
722512,3.132672
722554,0.039424
722596,0.547584
722647,0.489216
722955,999.511552
723013,97.263872
723080,3.972608
723083,0.499456
723085,1.10976
723109,2.281728
723142,0.004096
723178,0.050176
723477,1.424896
723616,0.042752
723708,1.840128
723714,2.908672
723979,0.007936
724320,3.189248
724326,1.082368
724413,0.039424
724461,2.77248
724462,1.88032
724477,0.197632
724554,0.018176
724912,3.897344
725032,0.191232
725120,0.081664
725195,0.004864
725510,3.753984
725513,1.044992
725700,0.004352
726108,24.16256
726217,0.19584
726264,15.815936
726287,0.838912
726477,0.094976
726526,0.038912
726710,2.436608
726720,0.503296
726729,0.66176
726810,0.092672
726828,0.043008
726843,0.423168
726943,2.835712
727326,0.196608
727413,3.613184
727428,1.28256
727432,0.057088
727433,1.201664
727562,0.25216
727605,0.25216
727608,1.150208
727647,0.001024
727695,0.013056
727753,0.000256
727787,0.42112
727908,0.820992
727910,2.093312
727920,0.554496
728078,4.347904
728114,0.487168
728241,1.166848
728294,0.96256
728324,1.5744
728338,0.6208
728343,99.282176
728506,0.06784
728510,1.957632
728520,0.8896
728645,0.076544
728647,109.32224
728694,0.992768
728724,1.054208
728761,1.179136
728773,0.132096
728776,2.115072
728780,0.546816
728870,0.024832
728903,2.364672
728924,1.93408
728940,3.202048
728962,0.266496
728964,3.525376
729042,0.02432
729108,2.403072
729112,2.887424
729120,2.841856
729203,0.005632
729263,0.054272
729342,15.75936
729348,8.4096
729438,0.12416
729715,0.055808
729726,0.631808
729773,0.067328
730244,0.031232
730291,0.071168
730308,3.675904
730322,2.28224
730458,0.435712
730575,12.086528
730688,3.199488
730910,3.474944
730913,0.599808
731293,0.078336
731354,0.027136
731397,0.013824
731485,0.016128
731510,3.483648
731512,0.009984
731721,0.04224
731851,0.019456
731885,2.036736
732020,0.328192
732038,0.480512
732103,0.135936
732120,0.899328
732254,0.80768
732270,2.125056
732399,0.276992
732468,0.043264
732662,0.082432
732708,6.441984
732714,0.048896
732721,0.614656
732810,0.00384
733093,1099.734784
733314,0.105216
733421,1.041152
733476,1.07648
733736,0.214528
733791,0.0896
733845,0.045824
733914,0.106752
734039,0.560128
734154,2.576384
734155,1.184256
734230,2.21056
734237,2.33088
734242,1.31456
734245,1.43232
734264,0.458496
734265,1.07264
734269,0.67584
734273,1.70624
734281,2.86976
734388,0.100864
734448,0.39808
734508,2.008832
734514,3.005696
734521,0.562176
734943,0.028416
735032,0.01664
735073,0.089088
735103,0.348672
735104,0.459008
735110,3.425536
735116,4.054272
735278,0.200192
735286,0.016384
735321,1.084416
735585,0.01664
735713,0.255744
735834,0.029184
735845,1.403904
735875,3.204096
735989,0.082432
736089,0.074752
736132,0.018944
736172,0.607232
736320,1.329152
736520,0.094208
736716,0.1216
736742,0.369152
736772,1.656064
736810,7.2896
736811,9.289216
736813,10.504192
736860,0.983296
736862,0.907776
736908,2.011136
736910,2.022912
736915,1.541888
736927,2.6048
736958,0.595456
737017,0.00256
737019,2.152448
737221,2.272512
737291,0.059648
737422,0.019968
737449,0.018432
737507,0.119296
737606,0.020224
737784,0.045824
737974,0.96768
738014,5.160192
738108,0.111872
738153,5.36832
738158,1.811712
738179,0.842752
738181,1.2608
738186,0.795136
738198,3.058176
738210,2.045184
738226,1.764864
738272,2.765312
738273,1.952256
738275,0.714752
738277,1.444352
738280,7.977984
738684,0.030208
738720,0.468992
738928,1.548544
739103,0.593664
739498,0.019968
739603,2.21056
739610,0.200448
739611,1.983488
739614,1.859328
739615,0.42624
739682,1.616384
739699,1.153536
739702,3.604992
739882,0.002048
739909,0.218368
739910,0.297984
739921,1.066752
739922,0.518144
740067,0.045824
740137,0.007168
740190,0.007424
740223,0.1024
740273,0.204288
740289,104.914944
740333,0.378112
740628,99.38688
740706,3.951616
740732,2.233344
740940,4.122368
740950,1.428992
740962,3.565312
741050,10.13632
741108,11.512832
741173,0.5312
741281,11.022848
741288,1.723136
741323,0.668928
741501,0.505856
741512,0.024576
741513,0.770816
741514,4.930048
741595,0.63872
741598,0.420864
741602,3.839232
741604,0.148736
741609,0.779264
741655,2.159616
741662,9.74208
741667,2.564352
741669,3.09504
741682,1.1648
741708,11.604224
741852,1.55264
741879,0.50048
741897,0.143616
741937,0.012544
742003,0.015872
742009,3.0592
742012,0.109312
742017,13.33248
742034,3.114496
742036,1.090304
742043,1.426432
742058,0.240384
742066,1.056512
742122,0.119296
742129,3.012608
742137,1.984256
742212,2.66624
742271,4.399872
742273,9.061888
742275,2.934528
742287,1.905408
742301,14.450944
742302,0.169216
742306,2.578688
742316,9.278976
742354,17.20704
742355,1.31072
742360,1.965056
742364,1.490432
742411,2.048
742457,0.592128
742521,0.243712
742584,1.051392
742623,12.091904
742647,15.32416
742650,10.507264
742653,0.456448
742715,1.105664
742746,3.862016
742787,7.023616
742790,13.262848
742794,1.307136
742802,0.098048
742806,88.382976
742819,3.384064
742839,1.423616
742842,2.386944
742904,2.807296
742910,0.702464
742915,5.408512
742916,5.679104
742923,0.036864
742944,0.098048
742947,0.902144
742951,2.349824
742970,2.412288
742991,2.969088
743006,0.95872
743008,1.435392
743064,4.715776
743225,4.447744
743227,2.138112
743228,10.359552
743232,207.172352
743505,1.682944
743510,3.085312
743526,2.070272
743605,0.087808
743721,9.409536
743723,3.723776
743883,18.955776
743891,5.464832
743972,8.2176
744110,2.464
744243,0.017152
744285,0.004608
744403,1.493504
744405,4.43136
744406,4.878336
744441,0.460544
744567,0.060672
744623,0.008704
744708,2.414336
744721,1.787136
745023,1.20832
745102,16.134656
745147,7.282944
745148,2.049536
745151,0.809728
745154,9.483264
745161,100.92544
745167,77.626624
745205,8.01408
745322,0.829696
745335,1.763584
745375,0.403968
745423,0.307712
745483,17.090816
745486,3.685376
745525,1.203712
745633,0.11264
745679,0.0192
745756,4.383744
745793,0.08704
745846,18.236928
745849,9.263104
745885,4.7872
745886,11.763968
745893,101.01632
745897,90.02112
745984,1.766656
746039,1.083136
746083,16.06144
746084,0.559104
746175,0.032256
746241,2.725888
746272,0.018944
746285,1.931008
746294,2.529024
746401,3.663104
746404,1.5168
746405,3.747328
746471,4.698624
746477,1.637376
746482,0.077568
746518,10.756864
746519,7.148544
746525,7.049984
746575,14.6752
746586,1.0752
746662,3.963392
746664,1.294336
746668,3.649792
746698,9.215744
746735,6.493952
746815,0.27136
746855,0.023296
746873,3.840768
746890,1.016832
747016,0.051968
747024,0.422144
747036,0.066048
747055,3.665664
747062,3.518208
747064,0.718336
747065,7.127808
747072,1.545472
747104,0.169728
747121,0.264704
747133,6.409216
747242,4.452864
747267,0.038656
747285,1.325056
747286,1.739008
747289,1.740544
747290,1.889536
747351,1.998336
747373,4.781056
747449,2.42816
747454,5.66784
747477,0.017408
747514,0.01408
747573,0.172032
747576,0.484864
747578,1.812992
747580,5.294336
747584,0.264704
747623,2.424064
747665,10.858496
747667,2.506496
747673,10.301184
747772,0.608256
747773,0.27392
747776,0.20864
747786,10.402048
747826,10.217984
747831,3.865856
747930,0.335104
747932,0.851968
747949,38.465024
748008,2.472704
748081,1.311488
748167,0.41088
748253,5.304064
748312,3.148544
748316,1.858304
748386,0.0128
748409,0.35328
748423,1.068544
748484,2.325504
748552,1.70368
748599,0.012032
748625,0.049664
748685,0.98048
748772,0.06912
748833,0.027392
748852,0.105728
748861,0.18688
748897,0.077568
748924,3.500544
748973,2.449152
749023,9.324544
749024,5.348864
749026,9.94432
749028,0.025856
749030,5.520896
749102,7.00672
749190,0.580096
749223,6.349568
749235,3.112192
749238,0.030464
749325,0.408832
749421,0.044544
749441,0.135168
749456,0.018432
749473,0.908544
749508,0.324096
749510,1.922048
749520,0.104704
749615,0.012544
749646,5.808128
749679,0.050944
749719,0.021504
749781,2.46784
749787,4.9728
750017,0.137472
750068,0.039168
750110,2.445056
750112,0.957696
750207,0.48896
750223,0.203008
750237,0.54912
750273,0.447744
750296,0.752128
750346,2.035968
750388,0.821504
750389,0.154368
750393,13.25184
750423,0.577792
750430,1.468672
750432,0.646144
750451,0.70656
750488,4.691712
750546,0.081408
750556,0.233472
750572,0.56832
750575,99.45984
750678,0.167424
750702,0.034304
750705,1.950976
750763,99.5008
750765,80.230144
750873,0.07296
750875,3.055616
750913,0.02176
750914,5.095168
750934,7.923712
750937,5.718784
750938,10.11584
750977,11.592704
750978,5.989632
750983,11.53152
751037,0.279296
751065,0.04736
751078,1.462784
751089,2.381312
751110,6.292224
751154,3.69792
751156,8.276992
751202,0.069632
751206,1.82656
751220,19.130112
751222,5.470208
751253,3.534592
751260,96.6208
751321,0.406784
751327,0.878336
751435,2.514944
751458,13.288704
751460,1.787904
751486,0.931584
751489,2.37568
751492,5.901824
751512,1.02912
751527,1.154816
751541,3.864064
751543,0.075008
751562,2.312192
751572,1.118464
751587,1.998336
751589,0.242176
751592,0.831232
751598,12.94592
751658,3.229184
751697,0.227328
751733,1.701376
751758,13.14048
751772,9.629696
751774,5.040384
751779,6.165504
751781,86.3552
751852,1.900544
751883,3.397376
751895,1.639936
751914,0.395264
751920,2.837504
751922,0.980736
751982,0.636928
751983,2.604032
751987,98.345984
752201,8.144384
752225,1.413888
752269,0.142592
752348,0.046336
752400,0.022272
752403,0.406784
752442,0.644352
752581,1.481728
752590,0.06656
752591,6.298624
752645,1.277696
752648,0.408064
752658,37.32736
752766,0.10496
752818,0.099584
752824,1.211136
752827,2.18368
752842,15.501824
752936,9.108224
753017,0.015872
753029,0.178176
753031,98.892032
753143,0.416
753144,0.804352
753146,2.81728
753154,0.84352
753198,0.022016
753219,0.363264
753261,3.78624
753273,0.371456
753301,2.329088
753302,5.92384
753303,3.375104
753308,6.832896
753312,87.649792
753400,10.957056
753404,2.930432
753406,4.933888
753421,0.614912
753441,1.428992
753530,0.024576
753575,0.055808
753597,0.024576
753696,0.633088
753710,1.110528
753713,15.943424
753729,3.888896
753733,94.19392
753781,1.101056
753846,0.175616
753969,1.195264
754019,0.365056
754044,0.622592
754064,0.662528
754094,0.031232
754119,0.448768
754172,0.256
754313,2.955008
754329,2.550528
754617,0.02176
754765,0.074496
754806,0.22784
754822,8.550144
754940,0.000512
754953,0.25088
754997,0.010752
755006,0.237312
755017,0.040704
755078,0.167424
755112,0.000256
755136,0.057344
755176,0.109568
755205,1.828608
755274,2.020608
755322,0.003072
755329,0.252416
755426,0.012544
755435,0.07424
755547,0.854272
755714,3.000576
755718,0.5824
755734,0.009728
755744,4.621312
756019,0.134144
756099,0.161536
756110,0.273664
756112,2.903552
756120,0.285184
756121,0.322048
756126,0.8576
756197,0.397568
756230,0.006144
756238,1.162496
756279,1.356544
756306,0.007936
756366,0.017152
756443,0.049152
756512,0.076032
756532,0.0384
756595,14.544128
756601,0.76032
756602,2.619648
756679,0.28032
756684,0.10112
756705,0.050432
756753,0.141568
756880,0.026112
756909,0.029696
756951,6.091776
756954,4.192768
757020,0.077824
757061,0.26752
757104,0.35456
757106,2.143488
757110,8.408832
757186,3.5456
757209,0.013824
757321,1.617152
757339,99.42656
757436,0.072448
757452,0.06656
757535,9.352192
757558,3.16672
757605,4.210944
757630,0.033792
757631,1.860352
757714,0.22912
757716,3.617024
757741,0.291584
757797,0.035584
757822,3.499008
757882,0.193792
757901,8.420352
757908,1.831936
757944,0.29952
758033,0.47872
758045,0.060416
758140,1.115136
758147,3.359744
758177,1.597696
758308,1.2416
758313,2.46784
758330,0.121088
758386,1.174016
758409,0.361728
758412,11.124224
758414,3.793664
758416,94.272
758509,0.632576
758531,0.004608
758559,0.016384
758615,0.015872
758650,1.817088
758764,1.18272
758876,0.118016
758920,0.429824
758938,0.022272
758943,0.287488
758985,4.19328
759002,0.052224
759015,0.049152
759041,5.522944
759068,0.256256
759070,1.302272
759071,3.09632
759074,3.884544
759100,11.738368
759110,5.627392
759200,0.149248
759249,8.103168
759275,23.066624
759306,0.258816
759320,5.164032
759340,2.2912
759362,2.807808
759372,5.856
759425,0.190976
759436,0.516096
759496,0.232704
759527,0.108288
759535,0.24448
759536,15.385088
759710,4.014336
759721,0.916224
759824,0.205824
759835,5.159168
759836,2.142976
759865,0.026624
759868,4.224
759944,14.199296
760036,0.600832
760038,3.504384
760080,5.626112
760102,1.027584
760173,0.698112
760175,1.26592
760221,0.7552
760292,0.495104
760319,1.496832
760326,1.06496
760395,2.61888
760399,1.319424
760443,0.028928
760475,0.360448
760477,1.422336
760587,11.29856
760595,0.873472
760641,0.109568
760650,0.132352
760666,3.246848
760714,0.0128
760730,0.329216
760757,0.402688
760791,6.940672
760821,0.617216
760905,3.06944
760910,1.711872
760980,0.112128
760997,0.03968
761013,0.147968
761035,0.281344
761053,5.116928
761120,0.166144
761153,0.883968
761261,0.516864
761287,9.36192
761308,13.875968
761344,8.145664
761469,8.022016
761490,10.795008
761584,0.016128
761694,0.233984
761709,0.051712
761785,0.288256
761810,1.7024
761821,2.771712
761915,1.075712
761916,15.50336
761922,3.680768
761930,98.312448
761952,2.059008
762027,0.20864
762110,0.619776
762116,2.368
762124,1.137664
762217,3.389952
762289,0.522752
762327,0.308224
762358,3.238912
762360,2.155264
762388,0.22144
762393,4.709376
762403,2.29888
762478,11.404032
762529,0.037376
762546,0.4608
762554,0.233216
762557,0.412416
762567,0.582144
762603,8.13312
762613,0.886272
762614,0.445696
762684,0.816128
762710,0.604672
762716,0.850176
762728,15.193856
762782,0.010496
762818,0.055552
762882,0.169216
762947,3.036928
763003,0.711424
763034,0.356608
763070,0.01152
763102,0.108288
763111,1.144576
763320,0.241664
763347,5.527552
763354,10.9056
763385,0.374784
763390,3.628032
763476,99.68128
763565,0.005632
763590,0.179968
763623,0.013312
763666,0.173824
763747,16.95488
763749,0.340224
763754,7.469056
763854,0.079104
763864,6.1568
763922,2.259456
764004,10.10944
764005,2.658304
764007,9.93664
764013,5.337344
764096,4.193536
764168,0.118528
764230,0.937728
764305,0.108288
764339,0.10624
764344,0.227072
764369,0.003072
764414,0.86016
764444,0.580608
764507,1.74464
764510,1.172992
764526,1.156608
764541,0.810496
764567,0.48
764593,0.102144
764601,1.360384
764621,0.07936
764635,5.342464
764735,0.55552
764803,0.063232
764813,0.265216
764918,0.027904
765006,7.391232
765044,43.311104
765073,5.575424
765142,0.096512
765180,3.33568
765195,0.55424
765250,5.95456
765301,0.004864
765361,12.847872
765424,0.060416
765488,17.487872
765497,0.574464
765517,1.159424
765518,4.134144
765521,0.445696
765530,1.71264
765532,0.186368
765564,15.839744
765604,14.51776
765606,11.27424
765610,2.89408
765613,3.542016
765629,85.406976
765695,0.253184
765708,3.149312
765710,2.096896
765772,0.090112
765789,17.550848
765833,1.287424
765904,0.323328
765948,11.744256
766023,5.759488
766075,0.73216
766139,0.641536
766147,0.685312
766165,1.544192
766172,2.732032
766182,5.097216
766187,8.241664
766216,4.6912
766244,0.934656
766313,0.712704
766315,0.432896
766322,11.35872
766361,0.144384
766443,1.876736
766444,55.183616
766513,0.6912
766633,0.915968
766641,3.361024
766676,0.128768
766757,36.156928
766790,0.182016
766802,19.92576
766806,5.72672
766840,1.059328
766858,0.809472
766883,1.472768
766884,0.952064
766908,0.424192
766910,0.659456
766913,3.342848
766977,0.251136
767133,9.629952
767161,0.419328
767250,2.116352
767260,0.44032
767262,23.235328
767308,2.003968
767332,0.870656
767377,0.115968
767397,0.0192
767398,3.133184
767409,0.592384
767413,1.350912
767448,0.900096
767475,0.179456
767476,18.685184
767478,10.34496
767494,103.414272
767660,0.013824
767679,12.000768
767745,0.03712
767756,8.87808
767814,0.042752
767831,2.331136
767849,2.364928
767856,3.46496
767879,9.606144
767910,0.265984
767911,0.13184
767912,2.971904
767915,12.453376
767928,0.636672
767931,1.099008
767960,1.477632
767965,96.986368
767994,97.769728
768022,0.169728
768025,0.278016
768041,91.66464
768052,86.45504
768084,1.2096
768106,0.270336
768140,0.3712
768147,2.727936
768153,4.602112
768156,11.883264
768159,85.517824
768181,1.153024
768186,88.642304
768196,88.613376
768217,94.14016
768250,9.09824
768258,91.752704
768279,98.702848
768300,4.687616
768304,2.536704
768305,6.208768
768307,13.643264
768315,15.837184
768326,83.13984
768346,0.91392
768382,97.777408
768405,4.176128
768411,1.289472
768416,95.907328
768438,95.161856
768465,5.732608
768484,1.611264
768506,2.787328
768517,3.176448
768550,2.9056
768552,89.921536
768555,75.937536
768573,90.029312
768593,90.25152
768616,94.852096
768619,75.0656
768633,70.714624
768642,77.53216
768723,1.97504
768760,13.22496
768933,2.793216
768947,0.25216
768999,0.137728
769001,0.187904
769014,0.696064
769016,3.441408
769107,8.066304
769119,2.228736
769124,8.14208
769177,0.141056
769178,2.341632
769227,0.00768
769235,1.02528
769310,1.503488
769372,0.189696
769375,0.216832
769376,3.367936
769394,0.62208
769438,8.62336
769486,24.691712
769515,0.427008
769733,0.051968
769737,0.04864
769850,3.309056
769908,13.903616
769921,0.235776
769994,0.099584
770150,0.79872
770212,3.819264
770256,0.00384
770269,0.041728
770274,5.124352
770326,0.091904
770341,12.862464
770392,2.299904
770407,0.464896
770480,2.269696
770512,2.563584
770525,2.706944
770666,0.110848
770687,0.13696
770752,0.004096
770805,5.529856
770853,0.056064
770856,15.747072
770859,5.57696
770873,97.491712
770905,2.862336
770907,1.915392
770917,96.784128
770925,82.78912
770932,73.1776
770970,8.438016
771017,4.80768
771028,2.93248
771038,0.253952
771048,2.513664
771058,1.641728
771060,0.909312
771062,1.318144
771068,0.493312
771078,11.666432
771081,85.597696
771110,0.894976
771407,0.393984
771487,0.004864
771721,0.976384
771763,6.237696
771878,0.061952
771879,16.82304
771943,2.424832
771944,15.734272
771947,11.124736
771950,3.656704
772105,0.00512
772227,0.087296
772277,6.093056
772312,1.85984
772375,0.046848
772387,0.802048
772390,2.198016
772482,0.10112
772717,0.045568
772910,1.693184
772994,99.429632
773057,13.90336
773061,6.400256
773181,1.885184
773222,2.057472
773275,0.167424
773508,3.418112
773517,1.080832
773703,1.230848
773970,11.142912
774278,1.75488
774279,5.52064
774284,13.1584
774478,0.468992
774537,0.58624
774708,1.554432
774710,2.36032
774763,0.050688
774798,0.040192
774817,0.099072
774924,0.069888
774983,1.133568
775017,1.479168
775055,0.12416
775106,16.959232
775223,0.575232
775297,0.209408
775320,0.621056
775388,0.068096
775416,4.141568
775490,0.841472
775491,0.67072
775493,9.895424
775504,2.472704
775513,3.84128
775532,0.002304
775539,1.501696
775556,0.79872
775574,1.721344
775579,0.969472
775588,3.597568
775604,6.664448
775754,0.076544
775814,2.940672
775859,0.212736
775908,1.12768
775927,0.937216
775942,0.014848
775956,0.034816
776047,1.905152
776113,2.370816
776176,0.047616
776232,0.221184
776286,0.104192
776287,0.342016
776343,0.32768
776387,0.76928
776509,0.22784
776522,1.175808
776579,0.008192
776603,9.585664
776725,0.097024
776760,0.151552
776786,0.014848
776841,0.119808
777011,12.700928
777105,0.246016
777108,3.4944
777110,2.2016
777306,0.039936
777394,0.0896
777405,0.003328
777573,0.076032
777583,5.804288
777652,0.131584
777710,0.745728
777749,0.33408
777974,0.470272
778188,0.196608
778219,0.135424
778253,0.496896
778297,0.140032
778308,0.087552
778404,0.018944
778523,1.042432
778524,4.017664
778688,0.106496
778694,0.339968
778910,0.46336
778920,0.100096
779028,2.701824
779095,10.161408
779330,0.098048
779396,0.025088
779455,1.480448
779498,0.4224
779500,0.060672
779512,3.551232
779520,11.22688
779712,0.007168
779743,0.027904
779812,0.055552
779821,0.559104
779850,1.376512
780012,0.0128
780136,0.013568
780178,0.065024
780230,0.926976
780390,0.011264
780496,0.657152
780708,13.289472
780721,0.59392
780757,0.000256
780926,0.930304
780957,0.305408
781145,0.091392
781154,0.0768
781185,0.075008
781276,0.29696
781295,2.704896
781324,1.338112
781426,0.071168
781602,0.050176
781614,3.517696
781739,0.820224
781908,0.419328
781947,0.02304
781984,0.805376
782069,0.502272
782084,0.613632
782105,0.013824
782137,0.010496
782158,6.896128
782183,0.236288
782419,0.08704
782470,0.209152
782513,0.4928
782526,0.733184
782622,0.31744
782680,2.586368
782703,7.618816
782705,13.881856
782882,2.722304
782896,1.05856
782913,17.666816
782988,0.017408
783001,0.741888
783109,0.228864
783112,0.37376
783346,0.07296
783551,0.086272
783570,10.519296
783624,0.8
783705,0.145664
783710,1.312768
783712,2.106624
783927,0.01024
783944,0.036608
783965,0.022528
784257,6.979584
784312,3.002112
784447,0.07552
784597,0.027904
784679,2.120704
784748,21.934848
784784,1.593088
784992,2.31552
785090,0.023552
785165,5.649408
785355,0.015872
785384,2.382848
785660,0.051968
785728,1.870848
785755,0.564736
785810,0.584704
785912,0.242176
786049,0.81664
786089,9.915136
786093,4.381184
786098,194.73152
786113,0.646656
786155,3.731712
786157,3.101184
786289,8.006144
786348,0.3584
786365,2.141696
786422,0.002816
786571,0.028416
786617,1.740032
786668,1.398784
786686,0.148736
786711,3.067904
786721,1.224448
786727,1.145344
786742,1.202944
786818,0.013056
786924,0.701184
786967,2.878208
787032,0.019968
787046,1.987584
787085,0.022784
787183,0.234496
787188,0.049664
787310,3.438848
787397,99.718656
787492,0.184832
787605,0.063232
787692,0.024576
787743,0.044288
787766,3.294208
787779,7.808256
787894,0.49152
787910,1.46176
787920,0.752896
788144,0.494336
788157,2.200064
788453,0.027648
788510,1.01504
788513,7.334144
788606,0.99456
788635,0.206592
788723,0.10112
788734,0.0448
788752,0.004096
788866,0.041728
788979,0.0704
789088,0.600064
789108,3.453696
789120,0.662016
789186,0.114688
789234,0.050176
789432,0.0256
789448,2.223104
789536,2.477056
789541,0.050944
789592,0.015104
789636,0.0832
789663,0.025856
789710,2.036224
789712,1.127936
789720,0.111616
789747,0.142592
789836,0.115712
789876,0.71168
789907,0.586752
790030,0.091392
790046,0.876032
790213,0.253184
790216,99.268864
790310,4.219648
790312,0.001792
790321,0.478464
790598,0.035328
790640,0.01792
790826,0.332288
790828,0.347904
790908,0.64768
790909,0.149504
790912,2.683136
790961,0.26496
791024,0.03072
791101,0.036608
791144,0.012032
791156,0.35712
791170,0.041216
791203,2.12864
791494,0.041984
791510,1.92512
791522,1.766144
791527,1.10592
791619,0.215296
791687,18.95296
791717,11.855616
791804,0.429568
791897,0.150784
791901,0.111104
792079,0.243712
792110,2.510592
792120,0.700928
792134,0.777984
792159,3.223296
792285,7.970816
792300,1.953024
792404,3.826432
792517,0.039936
792724,0.16512
792741,0.149248
792783,0.075264
792983,0.051712
793046,0.001792
793052,0.160256
793078,0.08064
793118,0.62976
793124,0.28288
793214,0.050944
793216,4.772352
793308,0.048128
793310,2.482432
793312,0.017408
793528,0.581888
793592,0.102656
793596,1.033728
793709,0.003584
793746,0.391424
793786,5.267456
793921,1.438464
793976,0.065792
794052,0.022784
794116,3.420416
794141,3.299584
794261,0.48512
794308,1.871872
794503,0.049408
794757,0.093952
794847,0.129792
795016,0.237312
795059,2.756864
795110,2.433792
795112,2.13632
795120,0.95232
795126,1.387776
795154,3.756032
795368,0.01792
795378,0.021248
795475,0.04352
795710,2.61376
795712,2.153472
795935,0.004096
796010,0.055808
796172,1.94944
796202,0.233728
796267,1.792
796310,2.986496
796314,0.30592
796432,0.032256
796503,0.144896
796514,0.082176
796562,0.031232
796684,0.020736
796710,0.118528
796786,0.943872
796816,1.515008
796850,0.106752
796879,0.469248
796969,0.0832
797020,8.517376
797127,0.071424
797217,27.34336
797475,0.077568
797598,0.152064
797677,1.910784
797681,2.229248
797683,2.111232
797716,1.564416
797785,0.054272
797790,0.005888
797842,0.091392
797958,0.00512
798046,0.03072
798107,8.15616
798293,0.035328
798299,3.099392
798379,0.06656
798412,0.026112
798418,0.123136
798480,0.142336
798488,1.136128
798509,0.573696
798616,2.45504
798662,0.672512
798720,0.376576
798869,0.164096
799027,1.238528
799175,0.017664
799285,0.115968
799309,0.302336
799387,0.064256
799430,0.022784
799439,0.963072
799463,0.07936
799477,0.76288
799516,7.715328
799608,0.025088
799656,1.599744
799714,0.739584
799719,0.602624
799855,0.040704
799913,12.456192
800106,99.383552
800135,97.241856
800160,0.049152
800167,4.617728
800169,0.34048
800286,0.181248
800301,0.73728
800340,0.558592
800411,0.080384
800416,0.842496
800518,3.207424
800522,2.944256
800566,0.055552
800792,1.115904
800917,0.559616
801051,12.577792
801099,0.1088
801113,1.4784
801120,0.880896
801169,0.0896
801316,0.590848
801328,0.182784
801358,0.022528
801389,0.018432
801414,0.037376
801621,9.337856
801624,3.590912
801726,2.065152
801855,0.037632
801933,1.518336
802017,0.023296
802062,0.011264
802178,1.164544
802261,0.099072
802270,0.091136
802316,4.820736
802322,0.940288
802422,0.202496
802450,0.063488
802477,0.070144
802539,0.052736
802600,0.565248
802667,0.00128
802720,1.10592
802782,0.928
802858,0.033536
802884,20.069632
802998,0.087552
803032,0.010496
803116,7.07968
803165,0.153344
803227,0.770048
803379,0.498432
803411,0.421632
803464,1.128704
803842,0.015872
803949,0.968448
804000,0.159744
804039,0.126976
804110,3.6544
804232,0.02944
804256,0.014592
804402,0.000768
804449,2.384384
804485,0.665856
804548,0.05504
804923,0.016128
804935,1.405184
804936,0.979968
805119,0.235264
805162,0.080896
805194,0.034816
805195,0.241152
805221,5.51808
805242,3.462656
805321,1.605376
805422,0.093952
805530,0.139776
805594,0.100864
805737,1.747968
805882,0.280576
805904,0.016128
805922,0.89472
805930,1.464832
806064,0.08832
806215,0.023296
806382,1.869568
806510,1.923328
806630,0.131328
806675,0.140032
806684,0.138496
806693,6.294784
806852,0.03712
806977,0.00512
806978,0.323584
806980,1.694976
806984,0.457472
806989,2.881536
807000,0.8832
807006,2.128384
807030,1.398784
807031,2.516224
807058,1.787392
807059,3.675392
807060,8.744192
807110,2.423808
807112,0.221696
807121,0.97536
807191,0.106496
807210,1.585664
807403,0.571136
807452,0.098048
807486,1.124096
807539,4.784896
807595,0.06272
807655,0.076032
807682,0.000256
807704,0.009216
807726,0.058624
807766,0.33792
807802,0.848128
807864,9.860608
807873,0.35712
807930,0.371456
808019,0.103424
808048,4.031744
808056,0.750336
808065,1.40288
808185,0.05632
808237,0.877312
808309,1.10336
808319,0.078848
808323,0.954368
808425,0.580096
808468,0.028672
808660,0.068352
808724,0.272128
808813,2.746368
808822,4.947712
808908,3.65824
808912,6.420992
808930,1.718016
808984,0.097792
809041,0.068608
809117,0.040448
809159,32.072704
809232,0.895744
809245,0.8576
809305,0.014336
809509,0.101376
809597,0.024832
809603,0.00512
809760,0.053504
809796,0.224
809851,0.032
809857,0.039424
809891,0.008448
810013,0.104448
810020,0.146688
810110,3.158528
810112,1.630976
810290,3.582464
810324,1.11744
810325,3.39328
810336,0.116992
810356,0.07936
810482,0.16
810576,0.057856
810632,0.06528
810717,0.211456
810885,0.00512
810913,0.241664
810914,2.601728
811103,0.066304
811269,0.12928
811321,0.647936
811322,2.200576
811423,0.06656
811462,0.1536
811604,0.028416
811660,11.286528
811791,0.043264
811912,0.20224
811920,0.115712
811977,0.360192
812026,0.069632
812033,0.112896
812097,0.616704
812161,0.276736
812176,0.289792
812177,3.534848
812179,1.796096
812182,1.67808
812186,3.994624
812239,1.56928
812260,3.389184
812268,0.674304
812296,2.189568
812298,0.911616
812308,0.276736
812309,1.770496
812373,0.379136
812430,0.07552
812432,99.465984
812437,82.929664
812495,98.80192
812526,0.953344
812566,2.874624
812604,1.571328
812642,0.101888
812673,4.790784
812716,0.007168
812747,99.730688
812827,0.271616
812837,98.999808
812978,12.897792
812980,9.740288
812984,7.204864
813001,11.840512
813004,0.109568
813005,9.033984
813064,7.747584
813065,6.5664
813067,2.006272
813071,3.029504
813170,0.022528
813173,0.047104
813249,0.016896
813280,0.055808
813281,1.33376
813354,3.77856
813380,8.331776
813383,16.09472
813388,7.25632
813389,2.362112
813413,10.92224
813415,0.548864
813476,0.2816
813544,0.516864
813563,13.87008
813600,0.747008
813646,0.067328
813670,0.05632
813694,0.541952
813712,3.260416
813721,0.004096
813808,0.024832
813903,0.017152
813909,99.072768
813912,80.672256
813914,63.424
814029,0.10624
814039,0.256256
814061,0.537856
814121,0.856832
814178,0.071936
814313,3.138304
814319,0.017152
814346,0.38144
814354,11.74656
814357,9.722368
814358,5.78432
814362,0.724992
814464,0.14464
814486,0.005888
814534,12.780544
814579,0.0064
814601,6.922752
814661,0.509952
814750,2.492928
814774,0.054784
814827,5.218816
814855,0.788736
814881,0.894464
814886,0.073216
814890,1.776384
814912,2.622976
814985,0.02816
814999,0.118528
815099,2.409216
815142,0.022528
815176,0.762112
815290,0.071168
815333,0.798208
815368,0.138496
815418,8.562944
815454,0.773888
815482,0.215808
815521,4.010496
815527,3.885312
815635,2.136064
815713,0.039168
815752,0.0128
815774,0.033536
815807,0.525568
815933,0.745216
815968,0.081664
815970,2.137088
816061,0.068864
816086,0.460032
816096,99.1424
816098,79.889152
816169,0.29952
816178,2.119168
816184,0.756992
816187,0.507136
816200,2.497024
816203,2.879232
816210,0.118016
816214,0.598784
816237,0.163072
816285,0.065024
816304,0.029696
816307,0.754944
816309,12.315136
816365,0.041472
816402,0.088064
816404,1.371392
816456,0.000512
816470,0.345856
816485,0.571392
816499,1.572864
816547,0.033536
816584,4.057088
816636,0.19456
816686,0.088832
816690,0.423424
816708,0.177664
816770,0.031488
816773,99.546368
816876,0.042496
816899,0.536832
816907,6.383872
816998,0.019456
817010,0.005376
817065,0.355584
817069,0.154368
817119,0.091136
817202,0.041728
817223,0.775168
817320,18.387968
817323,11.045888
817327,3.891712
817329,0.431616
817338,103.543296
817440,3.141632
817458,0.60672
817459,3.330048
817497,0.35328
817567,0.792064
817576,0.352512
817583,1.490176
817614,22.140928
817618,7.546624
817622,6.233344
817677,1.36064
817692,0.405504
817729,1.074944
817797,0.005888
817866,0.033024
817919,0.801792
817962,0.415744
817984,0.492288
818007,3.34336
818010,0.740864
818084,0.504576
818246,0.244992
818298,0.393984
818465,2.818304
818468,99.337728
818478,87.39712
818510,0.295936
818512,0.43392
818633,0.06656
818657,0.09472
818734,0.025344
818750,0.52736
818766,1.003776
818814,99.839488
818841,96.38272
818919,0.31488
818924,0.098048
818941,0.220416
818969,0.151808
818995,1.517824
819001,0.557824
819006,1.119488
819019,0.227072
819033,1.67936
819064,99.918848
819093,96.94592
819155,0.072448
819160,0.134912
819180,99.360512
819197,92.272384
819347,0.909312
819373,0.41984
819400,0.448512
819432,0.132608
819450,0.114688
819512,2.117632
819522,0.103424
819536,0.13952
819552,0.717056
819565,13.268224
819642,0.555264
819647,0.235264
819677,0.92928
819710,3.433472
819721,0.344576
819737,0.734464
819829,0.33408
819850,0.272384
819870,0.51328
819873,0.008448
819880,0.2624
819961,1.016064
819995,0.287488
820006,1.422592
820008,5.719552
820011,6.05696
820051,0.516352
820064,0.016384
820074,11.728128
820115,99.545856
820141,0.477696
820223,2.396672
820275,0.15872
820289,0.005888
820307,5.376768
820311,0.337664
820374,6.590976
820392,2.49472
820394,1.549056
820398,96.745984
820400,81.741056
820447,1.129472
820486,0.174336
820517,0.297984
820568,0.130816
820607,0.229888
820694,2.293504
820781,0.365312
820782,0.384
820787,2.069248
820789,4.402688
820846,4.61312
820849,0.579072
820855,0.204032
820893,1.04448
820921,3.256576
820926,1.146624
820952,0.832256
820953,13.487104
821002,3.47392
821012,14.793728
821015,10.162944
821019,4.224
821054,11.373568
821097,0.040704
821104,1.011968
821136,0.13696
821232,0.391936
821285,0.53248
821306,0.077568
821318,0.072192
821387,19.162112
821435,0.986624
821480,4.33408
821492,0.674048
821510,0.417536
821517,0.674048
821527,1.208832
821552,0.907776
821601,0.322816
821606,99.894528
821640,98.153216
821656,91.127808
821661,77.10208
821753,0.652032
821796,0.103936
821798,7.984128
821831,1.020416
821840,8.224512
821856,1.730048
821860,0.37504
821887,1.212672
821907,0.01152
821927,0.095488
821938,0.307456
822020,0.0448
822054,0.305408
822068,0.345856
822081,0.261888
822094,0.192512
822114,1.078016
822119,7.548416
822168,0.559872
822245,0.362496
822265,1.26848
822275,0.15232
822277,97.715968
822309,5.583616
822331,0.428544
822357,1.831424
822433,0.353024
822441,0.126464
822454,0.105216
822470,0.036608
822474,1.139456
822478,1.736192
822479,0.828416
822487,2.2592
822496,3.731456
822498,92.169216
822601,12.945408
822675,0.463104
822683,99.688704
822714,1.34016
822758,0.298496
822778,8.627712
822781,96.361216
822794,9.685248
822796,4.614656
822802,8.826368
822859,0.375296
822885,2.688768
822893,2.079232
822899,97.676288
822910,2.25024
822912,72.302336
822954,0.054528
822956,0.76416
822957,2.268672
822961,98.183168
822996,0.73216
823027,0.034048
823039,99.769344
823098,0.153344
823108,0.404992
823158,0.675072
823185,0.109056
823206,0.116992
823236,0.094208
823285,0.515328
823310,1.288448
823359,0.128768
823370,2.589184
823376,0.000256
823452,0.14592
823481,0.471808
823482,3.284224
823484,1.031424
823499,3.670784
823567,0.863744
823600,0.374272
823620,0.185344
823702,0.211456
823717,14.967296
823722,2.64704
823723,7.84
823856,0.410624
823913,1.670144
823947,0.079872
823954,0.781824
824056,1.005312
824089,0.054528
824110,0.001024
824126,19.930368
824170,0.733696
824190,2.38976
824208,0.264704
824223,0.255744
824228,0.019968
824230,0.364032
824232,3.597312
824240,97.485824
824315,0.10112
824349,0.018944
824369,0.060416
824383,0.376064
824385,1.83424
824387,96.566528
824461,0.02304
824501,99.43424
824654,0.182784
824698,2.556416
824703,98.106112
824800,0.00512
824961,0.155136
825007,0.01408
825036,0.553472
825038,0.03072
825082,0.05632
825088,0.356608
825091,12.009984
825108,2.391808
825153,0.049152
825173,99.593984
825237,1.548544
825295,0.066304
825299,3.53536
825300,2.555136
825324,0.268544
825356,0.443136
825358,3.482624
825379,0.033024
825388,99.328256
825392,82.31552
825401,76.499968
825403,59.702272
825433,191.407872
825501,0.245248
825522,0.174336
825526,0.092672
825533,0.011008
825536,99.413504
825538,79.737856
825573,0.087808
825585,0.560128
825649,2.251264
825654,2.749952
825684,3.025408
825697,0.604672
825705,2.224384
825713,0.589568
825722,0.020224
825775,0.018176
825810,2.519808
825840,3.541504
825844,2.896896
825926,99.574528
825978,99.26912
826029,3.2256
826031,1.839616
826068,0.183808
826081,0.92544
826135,0.002304
826150,0.158464
826154,0.13696
826156,98.895104
826169,89.885952
826230,100.296192
826279,7.601152
826282,3.402752
826308,3.2064
826312,0.306944
826321,1.752832
826371,0.292352
826373,0.191232
826400,11.143936
826510,0.48768
826529,0.006912
826538,0.056064
826553,0.259328
826556,99.004928
826644,1.35424
826652,0.706048
826656,5.18016
826686,399.66976
826838,0.042496
826899,0.286464
826908,1.431552
826910,2.441472
826917,4.203264
826966,13.862144
827070,0.033792
827085,1.620992
827088,98.796032
827152,99.42528
827244,0.132096
827248,2.130432
827262,0.11392
827265,2.858496
827267,3.314432
827308,0.141568
827331,0.467712
827332,1.162752
827478,0.45696
827481,1.350656
827489,0.427008
827490,0.565248
827493,3.960832
827521,0.4992
827547,0.189184
827557,0.11136
827582,1.068288
827622,0.624896
827690,0.80384
827767,0.09856
827788,0.035584
827796,2.39488
827831,0.059904
827902,0.043008
828030,0.022272
828047,0.140288
828064,10.750208
828109,0.3584
828119,0.178688
828175,1.543936
828411,2.054656
828413,0.790272
828429,4.37504
828445,0.105216
828508,99.826944
828530,94.812928
828586,99.546624
828615,10.60864
828710,3.02464
828830,0.110336
828859,0.196864
828905,1.0688
828970,0.056064
829010,0.376064
829117,0.026624
829118,0.17152
829128,0.292608
829178,0.296704
829276,0.269568
829288,0.479744
829308,3.096064
829315,2.04416
829357,0.083968
829511,0.004352
829553,0.26368
829563,5.405184
829616,0.187392
829619,0.11904
829626,2.342144
829648,0.333568
829699,2.963968
829716,1.252608
829767,99.642368
829865,0.12032
829910,1.595648
829920,1.023744
829958,0.142336
829987,0.074752
830018,0.716032
830071,0.103936
830084,0.013824
830094,6.147584
830099,6.781184
830125,0.13824
830131,99.435776
830177,98.067712
830258,0.076544
830338,0.044032
830355,1.554944
830407,1.080832
830449,1.653504
830514,1.039616
830526,0.824576
830561,1.808896
830595,27.903488
830690,0.489216
830695,4.505344
830700,1.3824
830739,0.017664
830854,0.192768
830872,0.133632
830882,2.366464
830939,0.248064
830970,0.103168
831026,0.438528
831120,0.568064
831126,1.466368
831165,0.593408
831178,0.183552
831201,2.153984
831280,0.182016
831307,0.119808
831364,0.481792
831396,0.087552
831431,0.231424
831439,99.641856
831507,1.355008
831594,0.257792
831621,0.326144
831650,2.050816
831682,0.265472
831722,1.735168
831726,98.98752
831777,0.222464
831832,0.143104
831898,0.387328
831952,0.40576
831988,0.109568
832012,0.154624
832033,0.062464
832072,0.11264
832139,0.113664
832153,0.668416
832185,0.405504
832197,2.781696
832202,0.1472
832217,0.842496
832292,0.059904
832304,0.017152
832310,2.37568
832313,5.121792
832340,1.17504
832397,0.13184
832423,0.242944
832436,0.295424
832446,0.67456
832454,0.02048
832464,0.041472
832505,0.091648
832511,0.000512
832523,0.380928
832590,0.462592
832678,0.46976
832692,1.178624
832784,0.292608
832813,0.360704
832830,0.324352
832910,3.125248
832997,0.661248
833121,0.507392
833154,3.415552
833183,0.793344
833201,0.083712
833227,0.402432
833253,0.108544
833374,3.727872
833412,1.47456
833443,0.077056
833444,0.356352
833474,0.110336
833508,5.12768
833510,11.585792
833535,0.042496
833561,1.057536
833579,0.135936
833584,0.608
833622,7.023872
833671,0.505856
833676,7.743488
833682,6.41792
833684,2.651392
833686,4.062464
833688,3.80544
833720,2.498816
833744,0.356096
833858,0.510464
833886,0.163584
833888,0.661248
833968,0.886016
833985,0.451072
833988,1.001472
833993,4.549888
834030,0.076288
834110,1.61024
834144,0.560128
834160,1.284864
834174,0.103424
834192,0.027392
834199,1.448704
834208,0.210944
834219,0.627456
834227,0.461568
834260,0.060928
834273,0.015104
834281,0.283392
834283,25.073152
834290,6.660608
834367,0.13056
834387,4.994048
834390,97.800448
834439,1.20576
834477,0.288768
834496,0.001024
834505,4.479744
834547,0.328192
834551,0.808192
834624,0.927744
834709,0.3456
834795,0.034816
834832,0.04736
834863,0.267776
834896,0.427008
834902,0.22656
834931,0.135424
834962,0.300032
834964,0.131072
834968,0.092672
834972,99.653632
834996,195.24352
835009,77.960192
835017,73.557504
835050,2.422528
835121,0.057088
835135,3.606528
835218,0.495104
835268,0.657152
835313,2.744832
835369,0.014848
835382,0.56704
835396,0.71296
835405,0.054784
835481,1.416704
835531,1.929472
835547,1.541632
835549,1.203712
835596,0.21888
835600,0.04992
835604,0.000512
835622,0.839936
835685,0.567552
835700,0.162816
835702,0.290048
835721,0.253184
835728,99.399424
835821,0.103168
836166,0.973824
836185,14.229248
836344,0.65536
836353,1.083648
836384,0.025344
836395,0.353792
836400,99.010048
836487,8.49408
836599,0.135424
836614,5.752576
836633,0.200704
836667,0.150528
836713,0.393728
836736,0.133376
836768,0.252672
836808,0.052736
836815,0.287488
836828,19.097344
836882,8.158464
836885,95.043584
836889,3.655936
837030,1.791744
837092,1.384448
837112,22.97088
837194,0.170752
837223,0.071424
837225,0.250112
837273,1.023232
837279,3.664896
837315,6.26432
837317,4.639232
837385,0.222208
837434,2.317056
837448,0.485888
837540,0.263936
837567,8.533248
837618,0.47232
837621,4.396288
837693,0.809472
837699,2.59584
837708,1.798912
837752,1.361408
837765,6.373888
837841,0.397824
837888,0.14464
837897,10.28352
837945,0.887552
837967,0.450304
837968,0.562688
838040,0.088576
838044,6.832384
838075,2.635008
838085,0.035072
838090,0.531712
838095,5.009664
838128,0.007168
838193,3.561728
838217,4.111616
838308,3.575808
838310,2.241792
838329,1.289216
838357,0.92288
838361,0.1728
838372,0.054528
838397,7.54688
838400,1.2736
838412,0.631296
838465,0.992512
838482,99.19232
838492,87.054848
838551,0.998656
838553,1.765632
838571,0.324352
838607,0.092672
838712,0.109568
838741,8.258048
838761,8.146432
838789,2.46912
838922,1.138432
839040,0.007168
839102,2.322944
839117,0.35456
839203,0.059136
839248,0.14208
839284,1.307136
839359,0.2112
839362,0.40704
839372,0.478976
839376,1.92128
839480,0.050176
839485,1.44128
839520,1.927936
839524,4.292608
839557,1.195264
839578,3.628288
839654,0.381184
839679,0.03328
839751,3.046144
839793,0.31744
839794,3.996416
839901,0.006656
839928,0.737536
839931,0.09728
839972,1.075712
839984,1.598976
840010,2.651904
840074,1.696
840076,3.13344
840110,2.733312
840163,2.948352
840170,1.7024
840214,11.32928
840220,9.390336
840222,12.22528
840299,0.261632
840387,0.0576
840394,3.411712
840460,1.270272
840462,1.951744
840463,0.653056
840533,0.711168
840609,0.19968
840717,1.15072
840781,5.369856
840874,0.013568
840896,0.058112
840917,1.169408
841029,0.28928
841067,0.039168
841101,6.663424
841155,6.361856
841198,0.080128
841213,0.029184
841230,0.463616
841319,0.423424
841327,0.35968
841757,0.108288
841789,0.499712
841817,3.2512
841994,3.982336
842095,0.045312
842134,0.024064
842281,0.213248
842298,0.13184
842651,10.997504
842701,0.452352
842804,0.004096
842861,0.103424
843042,0.046592
843110,2.723328
843132,1.291264
843203,0.3136
843224,1.576448
843285,1.018368
843608,3.714048
843617,2.08896
843706,0.109056
843709,0.143616
843712,0.484352
843727,0.902912
843759,0.149248
843764,0.062976
843794,0.206592
843830,0.250368
843877,0.088576
843889,0.11264
843970,0.016896
844106,0.146688
844151,1.297664
844247,0.0192
844293,0.052736
844308,2.961152
844312,1.897472
844370,1.709824
844410,0.148224
844479,0.041728
844499,3.456256
844547,0.234752
844610,0.065024
844611,2.686208
844712,0.019968
844761,0.007168
844764,0.0192
844783,0.068864
844799,1.436416
844802,4.11648
844810,6.396672
844908,2.555904
844921,3.253248
844922,0.326144
845092,0.022016
845102,0.000768
845291,0.464896
845351,0.753408
845378,0.17408
845380,11.811584
845391,1.537536
845417,6.617344
845448,0.124928
845509,5.989376
845536,3.567104
845626,0.04992
845750,0.016128
845854,2.852864
845888,0.051456
846046,0.002816
846083,9.878272
846108,1.495808
846110,2.889472
846112,0.581376
846173,0.03328
846178,0.86016
846266,0.047872
846317,4.384
846369,0.078336
846409,0.18688
846456,0.79104
846470,0.73344
846629,35.295232
846709,0.132608
846710,3.220992
846722,2.710784
846784,1.762048
846788,4.498176
846925,0.467456
846928,0.12032
847080,0.109056
847094,0.05632
847141,0.09088
847223,0.138496
847291,0.035072
847308,2.219008
847322,3.793152
847334,0.190976
847373,0.042752
847433,0.062464
847474,0.05376
847716,0.111104
847745,0.05888
847794,0.055296
847800,6.442496
847906,0.057856
847919,1.0304
847967,0.105216
848186,0.001024
848247,0.050944
848359,0.05888
848495,0.255744
848514,1.818624
848640,0.046592
848776,0.117248
848888,0.607488
848898,0.066048
849017,1.458176
849056,0.00896
849078,0.95744
849109,0.579072
849111,0.16768
849295,2.09408
849382,0.040448
849447,1.804544
849448,0.964352
849478,0.009472
849504,0.090112
849515,0.013056
849528,9.118208
849615,0.139776
849721,0.507392
849802,0.19712
849849,0.137728
849917,1.679616
850069,1.114624
850121,0.22144
850160,0.004096
850308,13.898752
850337,0.069632
850378,0.01408
850471,0.091648
850539,0.2176
850601,0.032768
850672,1.206528
850750,3.041536
850809,0.63872
850817,11.569408
850909,3.768576
850921,2.185728
850981,2.795264
851037,0.966144
851134,1.2224
851160,0.13184
851190,0.07936
851245,1.35296
851259,2.81728
851309,0.007168
851439,0.008448
851509,1.08928
851514,6.456576
851632,0.02304
851651,3.38304
851717,7.176192
851823,0.012288
851830,0.00256
851888,0.359424
852121,2.143488
852189,0.071936
852212,0.007168
852248,0.084992
852614,0.096512
852688,0.017664
852745,2.8864
852765,1.265152
852784,99.433984
852881,0.066816
853275,52.188928
853314,0.2816
853327,16.402432
853330,11.299328
853334,1.404672
853336,4.925696
853496,0.836608
853712,0.006912
853910,3.712512
853912,0.756224
853919,0.851968
853926,6.464512
853984,0.808704
854040,0.013824
854084,0.9472
854116,0.343808
854210,0.040192
854508,0.015616
854510,3.417088
854520,0.537856
854526,0.237312
854570,0.002816
854661,0.026368
854973,0.134912
855097,0.081152
855126,1.092608
855466,0.883968
855542,0.009984
855670,9.888768
855672,2.284544
855938,0.0512
856066,0.834816
856290,0.014592
856309,0.307456
856321,0.44416
856322,2.11072
856488,0.231936
856642,0.016896
856658,0.004096
856676,0.166656
856846,0.052224
856913,3.073792
856921,0.087808
856922,0.609536
857118,0.013056
857162,0.043008
857171,0.103936
857303,47.058432
857468,0.022784
857504,0.110336
857508,1.602048
857520,0.0832
857521,3.396864
857603,0.01664
857759,0.076544
858036,0.046336
858109,0.025088
858110,0.4608
858271,0.285184
858279,0.010496
858510,0.091136
858529,0.022272
858558,0.052992
858573,0.090112
858582,0.013568
858678,0.952064
858709,0.494592
858713,15.330304
858784,0.03456
858908,0.215552
859053,0.097792
859068,0.03968
859243,0.034048
859310,0.877056
859313,2.770176
859459,3.817472
859465,2.682112
859468,0.978176
859570,0.256768
859719,0.037376
859775,0.741888
859908,2.424832
859982,0.023552
860103,1.070848
860133,0.078336
860268,0.021504
860294,0.929024
860407,0.028416
860510,3.448832
860746,0.063744
860785,0.041216
860829,0.951808
860848,1.505024
861016,0.005632
861058,0.010496
861096,0.002304
861108,4.36224
861112,0.941056
861114,0.183808
861187,0.024832
861287,0.055296
861381,0.081152
861466,0.073984
861647,0.122624
861672,0.090368
861713,2.184704
861826,0.034816
861833,0.027648
861854,0.051456
861884,0.015616
861933,0.070656
862056,0.022784
862161,3.96672
862310,1.53984
862320,2.705664
862381,0.657664
862451,0.585216
862468,0.121088
862749,0.022016
862782,0.005376
862820,1.164032
862910,3.31264
862921,2.231808
863265,0.009216
863316,0.151296
863387,0.024576
863508,2.244096
863635,0.06144
863687,0.018432
863806,0.07424
863851,0.017152
863966,12.856064
