sequence_number,time_taken_to_correct_ms
2,0.076544
4,0.031488
33,0.024832
80,0.000256
111,0.101888
201,0.094208
271,0.066304
321,0.01024
346,0.098816
361,0.00768
407,0.11904
459,0.029184
500,0.074752
508,0.037632
553,0.011008
570,0.058112
614,0.001536
646,0.11136
664,0.022272
715,0.020736
769,0.006656
825,0.006656
894,0.091904
960,0.085504
963,0.026368
1033,0.01792
1060,0.013312
1122,0.123648
1136,0.024064
1172,0.015872
1233,0.026624
1283,0.02304
1361,0.003584
1379,0.046336
1410,0.028416
1499,0.033536
1558,0.131072
1569,0.285696
1625,0.076544
1645,0.005632
1735,0.018944
1749,0.056064
1754,0.049664
1821,0.026112
1865,0.333056
1885,0.00896
1960,0.014336
1994,0.064
2083,0.030464
2085,0.080128
2128,0.002816
2235,0.019968
2255,0.106496
2371,0.05632
2399,0.032768
2438,0.013568
2498,0.002816
2523,0.086016
2573,0.015104
2587,0.035328
2606,0.00128
2612,0.000256
2635,0.007168
2653,0.006912
2657,0.019712
2660,0.414976
2696,0.000512
2724,0.043776
2756,0.080128
2762,0.140032
2815,0.03456
2893,0.000256
2895,0.004352
2926,0.064512
2979,0.11904
3033,0.121856
3054,0.037376
3133,0.042496
3332,0.021248
3357,0.0256
3455,0.036096
3502,0.016384
3523,0.044032
3563,0.045824
3638,0.070656
3646,0.048128
3714,0.03328
3783,0.015104
3841,0.05632
3855,0.48
3893,0.029696
3928,0.065536
3938,0.327168
3961,0.004864
3989,0.185344
3993,0.159744
4039,0.062464
4060,0.011008
4067,0.30976
4140,0.001024
4142,0.034816
4216,0.02688
4256,0.02688
4348,0.006912
4436,0.002816
4458,0.04864
4545,1.539328
4648,0.012032
4737,0.020992
4747,0.011264
4823,0.13312
4856,0.01536
4888,0.027136
4961,0.026112
4994,0.005632
5123,0.006912
5133,0.016384
5158,0.590592
5182,0.033024
5224,0.043264
5227,0.09984
5243,0.015616
5315,0.0064
5321,0.02816
5357,0.003328
5429,0.021248
5477,0.002816
5605,0.128256
5655,0.02048
5685,0.001792
5714,0.048896
5733,0.063488
5746,2.699776
5967,0.047104
5987,0.0448
6042,0.009728
6068,0.088064
6104,0.043264
6114,0.39168
6180,0.109312
6204,0.04096
6276,0.012288
6315,0.149248
6345,0.070656
6361,0.031232
6419,0.012032
6432,0.014336
6476,0.009984
6528,0.018944
6558,0.019456
6595,0.019712
6615,0.081152
6658,0.042752
6677,0.007936
6705,0.036096
6726,0.060928
6742,0.721664
6778,0.04096
6871,0.007168
6885,0.018432
6952,0.040704
6973,0.051968
7005,0.060416
7137,0.04736
7151,0.001792
7163,0.027904
7235,0.012032
7311,0.04736
7324,0.155904
7388,0.000256
7411,0.00768
7434,0.373248
7478,0.007936
7517,0.089344
7545,0.0832
7560,0.017664
7567,0.062208
7629,0.006656
7653,0.036096
7694,0.177664
7730,0.088576
7751,0.11776
7788,0.001536
7895,0.00384
7933,0.027392
7990,0.000768
8081,0.008448
8128,0.01152
8159,0.001024
8202,0.066048
8210,0.02432
8329,0.00896
8372,0.143872
8451,0.001024
8628,0.032256
8631,0.235264
8707,0.001536
8727,0.006912
8744,0.037632
8753,0.058112
8759,0.381696
8765,1.075456
8787,0.06528
8826,0.1088
8905,0.082176
8918,0.00256
8943,0.170752
9055,0.807936
9159,0.008448
9170,0.08192
9223,0.012032
9246,0.016896
9319,0.077824
9353,0.06272
9432,0.119296
9521,0.03584
9619,0.019968
9633,0.09216
9656,0.42624
9705,0.003072
9713,0.4736
9796,0.134144
9851,0.011264
9890,0.0
9921,0.012032
9957,1.346816
10048,0.004608
10087,0.012032
10131,0.025088
10133,0.16768
10160,0.091648
10197,0.016128
10289,0.031232
10329,0.016128
10375,0.003584
10427,0.001024
10448,0.0128
10489,0.002048
10498,0.036608
10558,0.000256
10568,6.25408
10642,0.083712
10763,0.032768
10790,0.071168
10808,0.031232
10848,0.021504
10880,0.034048
10984,0.061184
11058,0.08576
11111,0.067328
11157,0.0064
11216,0.003072
11229,0.040192
11285,0.06272
11343,0.726528
11387,0.015872
11482,0.052224
11493,0.01024
11516,0.009472
11661,0.020736
11721,0.01792
11736,0.026368
11759,0.41216
11763,0.139264
11809,0.045312
11898,0.027648
11925,0.00768
11978,0.07296
12011,0.114176
12019,0.007936
12105,0.024832
12293,0.090368
12327,0.006144
12346,0.093952
12370,0.011264
12397,0.022528
12490,0.00256
12562,0.003072
12645,0.018688
12647,0.019968
12698,0.06912
12707,0.092672
12755,0.063232
12796,0.103424
12807,0.018432
12828,0.131072
12868,0.036352
12906,0.05888
12965,0.101632
12974,0.020736
12995,0.01536
13019,0.003072
13049,0.0064
13142,0.071424
13170,0.022784
13209,0.007936
13279,0.089344
13335,0.111616
13388,0.003584
13395,0.014592
13415,0.017152
13456,0.071168
13560,0.070912
13566,0.115968
13738,0.03328
13749,0.06912
13779,0.0384
13803,0.087808
13881,0.006656
13891,0.004608
13915,0.002816
14128,0.059392
14151,0.041472
14160,0.002048
14200,0.053248
14348,0.214528
14547,0.001024
14615,0.10624
14745,0.142336
14793,0.037376
14827,0.02816
14846,0.005632
14911,0.0256
14987,0.00256
15001,0.030976
15020,0.012544
15053,0.105728
15081,0.012288
15101,0.039424
15119,0.028416
15123,0.071168
15139,0.034048
15173,0.046592
15198,0.022272
15213,0.47104
15228,0.2624
15261,0.23808
15291,0.00384
15312,0.005632
15345,1.325568
15449,0.000768
15464,0.845056
15581,0.078336
15610,0.001536
15663,0.011008
15709,0.050432
15732,0.051456
15784,0.030464
15907,0.06784
15946,0.082176
15952,0.056832
16005,0.018432
16012,0.059136
16052,0.050944
16077,0.030208
16106,0.059904
16107,0.13056
16124,0.017664
16137,0.034816
16213,0.013056
16225,0.112128
16269,0.062976
16317,0.022784
16355,0.00128
16375,0.066048
16392,0.03072
16444,0.050944
16485,0.007936
16488,0.074752
16516,0.035584
16527,0.0576
16559,0.162816
16622,0.030976
16687,0.003584
16716,0.0192
16720,0.01152
16764,0.07808
16798,0.014848
16800,0.012288
16881,0.011776
16935,0.004352
16954,0.031744
16995,0.09088
17025,0.035584
17037,0.006144
17051,0.02816
17068,0.037632
17102,0.036864
17125,0.030464
17133,0.054016
17191,0.023552
17230,0.026112
17240,0.0512
17248,0.000256
17326,0.028672
17335,0.026624
17403,0.056832
17455,0.034816
17486,0.095488
17532,0.012032
17627,0.085248
17679,0.015104
17726,0.035584
17768,0.496128
17777,0.347904
17837,0.040704
17881,0.003328
17911,0.011264
17923,0.020224
17933,0.631296
18030,0.009472
18060,0.024576
18096,0.014592
18136,0.65792
18293,0.04864
18334,0.113408
18367,0.730112
18395,1.303552
18439,0.029696
18468,0.031744
18478,0.011776
18526,0.052736
18554,0.042752
18613,0.035072
18653,0.007936
18685,0.013824
18698,0.017664
18749,0.036864
18769,0.132352
18817,0.000512
18856,0.057344
18871,0.021248
18948,0.031232
19029,0.013568
19161,0.033792
19175,0.035328
19208,0.036608
19231,0.17664
19284,0.003584
19294,0.000512
19396,0.010496
19412,0.020736
19426,0.323584
19458,0.041216
19482,0.252416
19530,0.005632
19546,0.060416
19559,0.001536
19568,0.713472
19672,0.059136
19730,0.013056
19766,0.024576
19789,0.03968
19809,0.018688
19817,0.015872
19852,0.075776
19924,0.0192
19961,0.00128
20014,0.03072
20080,0.041728
20228,0.084992
20262,0.012032
20324,0.008448
20348,0.000256
20455,0.016128
20503,0.068096
20517,0.044032
20579,0.012288
20641,0.054016
20661,0.012288
20680,0.047104
20747,0.043264
20765,1.029376
20805,0.012032
20873,0.047616
20883,0.19968
20902,0.00768
20942,0.046592
20958,0.054016
21016,0.004864
21075,0.001024
21085,0.025088
21093,0.0064
21140,0.013056
21164,0.046592
21209,0.027136
21270,0.054784
21309,0.066304
21329,0.024576
21345,0.052224
21359,0.161792
21370,0.127488
21372,0.125696
21448,0.04608
21564,0.176896
21656,0.10496
21672,0.012032
21715,0.14848
21760,0.014848
21811,0.039936
21872,0.039424
21889,0.004608
21919,0.012544
21945,0.111616
21957,0.014848
22014,0.018944
22114,0.052224
22131,0.035584
22207,0.093184
22253,0.011264
22368,0.0384
22487,0.05248
22510,0.000768
22514,0.018688
22558,1.367552
22609,0.029696
22648,0.140032
22690,0.002304
22729,0.041216
22757,0.0064
22775,0.034816
22825,0.168704
22861,0.033536
22918,0.01408
23005,0.072704
23024,0.038912
23088,0.040448
23162,0.007424
23163,0.270336
23250,0.059136
23282,0.015616
23313,0.033024
23428,0.04096
23455,0.003328
23529,0.063232
23599,0.013568
23648,0.04864
23655,0.015872
23678,0.004096
23746,0.055808
23760,0.027904
23806,0.0384
23830,0.029184
23886,0.014592
23919,0.003328
23955,0.567296
24024,0.003328
24062,0.02176
24101,0.008448
24224,0.049664
24232,0.015872
24266,0.136704
24280,0.032
24327,0.041472
24359,0.00256
24362,0.205568
24430,0.17536
24516,0.024832
24555,0.049664
24570,0.018944
24629,0.018432
24665,0.002304
24675,0.01024
24690,0.040448
24807,0.002048
24827,0.108544
24855,0.05888
24861,0.121088
24885,0.032768
24902,0.01408
24935,0.00256
24940,0.00256
24957,0.0576
24965,0.01152
24981,0.05248
25027,0.014848
25036,0.029696
25063,0.041984
25202,0.02432
25215,0.109056
25264,0.022528
25353,0.042752
25401,0.061952
25415,0.072192
25522,0.041216
25546,0.032256
25555,0.008704
25635,0.037888
25667,0.035072
25687,0.001024
25703,0.011264
25725,0.03584
25805,0.024064
25819,0.017408
25850,0.043008
26020,0.023552
26100,0.022528
26156,0.023552
26166,0.098816
26170,0.397056
26235,0.06656
26345,0.034048
26368,0.00384
26423,0.02688
26433,0.046336
26448,0.138496
26478,0.017664
26505,0.01536
26525,0.212992
26565,0.004864
26654,0.08448
26692,0.03584
26715,0.040448
26758,0.003328
26782,0.25088
26829,0.007936
26839,0.02176
26902,0.024832
26959,0.027392
26997,0.004608
27017,0.072448
27040,0.048896
27060,0.023296
27086,0.193792
27125,0.000768
27181,0.03584
27260,0.00256
27378,0.320768
27399,0.069888
27432,0.035584
27488,0.071424
27529,0.022272
27556,0.00512
27627,0.01408
27645,0.0064
27749,0.017152
27763,0.045312
27781,0.018688
27829,0.036096
27867,0.04224
27889,0.018944
27895,0.011008
27943,0.050176
27946,0.001024
27957,0.02176
27962,0.032256
27963,0.022272
28029,0.034304
28035,0.007424
28053,0.02816
28079,0.003072
28107,0.008192
28123,0.017408
28194,0.006912
28205,0.016384
28287,0.061184
28311,0.012032
28351,0.025344
28363,0.020992
28409,0.032512
28430,0.008448
28458,0.016384
28546,0.177664
28561,0.722432
28633,0.025344
28657,0.1344
28693,0.078848
28752,0.039168
28770,0.024832
28858,0.141312
28898,0.015872
28901,0.000512
28911,0.04608
28985,0.025856
29001,0.053504
29090,0.086272
29146,0.065536
29156,0.048384
29160,0.126976
29187,0.003072
29281,0.013568
29307,0.098304
29338,0.01408
29447,0.000256
29517,0.027392
29535,0.039168
29553,0.036608
29595,0.054784
29616,0.040704
29653,0.040448
29726,0.000512
29728,0.100864
29764,0.085504
29805,0.049664
29869,0.04352
29903,0.032
29947,0.088064
30028,0.050944
30178,0.097792
30219,0.02048
30260,0.000256
30284,0.045824
30295,0.051456
30357,0.000768
30358,0.752128
30535,0.018176
30565,0.035072
30598,0.092416
30651,0.065792
30668,0.062208
30695,0.078592
30701,0.060416
30748,0.054272
30802,0.337664
30855,0.00256
30916,0.009472
30967,0.11904
30985,0.008448
31137,0.015104
31203,0.026368
31292,0.013568
31325,0.016896
31500,0.103424
31544,0.032512
31551,0.005632
31557,0.016128
31650,0.020224
31660,0.375552
31707,0.126976
31800,0.021248
31816,0.023808
31847,0.001792
31905,0.016896
31982,0.067072
32124,0.00512
32158,0.102656
32164,0.934144
32227,0.067328
32288,0.064768
32357,0.037376
32414,0.006656
32500,0.070144
32528,0.013312
32604,0.014336
32628,0.005632
32684,0.067072
32745,0.185088
32759,0.193024
32885,0.145408
32948,0.014336
32956,0.004352
33025,0.009984
33037,0.000768
33096,0.029184
33165,0.005632
33207,0.006144
33209,0.00384
33219,0.012544
33233,0.019968
33302,0.027904
33322,0.086016
33360,0.02048
33369,3.969024
33413,0.547328
33430,0.137728
33512,0.021504
33583,0.036096
33717,0.001024
33784,0.091904
33896,0.043264
33910,0.015104
33950,0.052224
33958,0.000512
33961,0.333312
34034,0.081408
34117,0.04736
34147,0.014336
34212,0.050688
34214,0.024064
34257,0.017152
34282,0.082432
34328,0.011776
34366,0.004864
34399,0.007424
34506,0.00512
34557,0.294912
34564,0.052224
34571,0.100096
34597,0.019456
34617,0.005376
34648,0.078336
34709,0.007424
34717,0.028416
34764,0.011008
34803,0.028416
34894,0.009984
34980,0.033792
34988,0.070656
34999,0.113152
35132,0.108032
35142,0.214784
35183,0.361984
35213,0.004864
35215,0.0
35263,0.246784
35287,0.01664
35310,0.087808
35321,2.38976
35396,0.022528
35409,0.594944
35477,0.046848
35575,0.013312
35604,0.057088
35621,0.00768
35648,0.004608
35656,0.01152
35729,0.070144
35746,0.017408
35764,1.111552
35810,0.281088
35838,1.03296
35875,0.543232
35906,0.6464
35918,0.975872
35941,0.490496
35994,0.008704
36010,0.017664
36057,0.073728
36088,0.029696
36124,0.076544
36135,1.209088
36339,0.088576
36343,0.000256
36357,0.506368
36410,0.118784
36434,1.175808
36509,0.102656
36515,0.169728
36530,0.146944
36625,0.0
36636,0.052736
36654,0.066304
36675,0.008448
36695,0.014336
36743,0.013312
36805,0.149504
36887,0.023296
36921,0.055552
36938,1.09824
36964,0.511488
37002,0.906496
37072,0.068864
37079,0.052224
37139,0.318976
37146,0.65536
37172,1.632768
37221,0.000512
37225,0.046848
37303,0.004864
37314,0.317952
37346,0.002304
37404,0.015872
37462,0.193792
37490,0.06784
37546,0.076288
37557,0.698112
37615,0.040704
37624,0.013568
37647,0.00896
37659,0.797952
37673,2.234624
37745,0.044032
37751,0.04992
37809,0.096256
37832,0.014848
37858,0.069632
37881,0.03328
37897,0.014592
37913,0.635648
37940,2.164736
37964,0.978432
38048,0.037376
38094,0.0128
38105,0.01792
38133,1.45792
38157,0.394752
38195,0.03584
38223,1.174016
38293,0.050944
38315,0.00256
38385,0.532224
38448,0.050944
38559,0.031232
38580,0.197632
38619,0.002816
38629,0.034304
38731,2.383872
38761,4.45056
38809,0.016128
38825,0.000256
38894,0.004864
38905,0.066816
38918,0.075008
38923,2.528768
38978,0.036864
39015,0.096
39044,0.509184
39139,4.253184
39195,0.251392
39207,0.27008
39248,0.127488
39275,0.027904
39306,0.044544
39335,0.073728
39345,0.058368
39360,0.065792
39363,2.150144
39432,0.032512
39460,0.022784
39543,0.030464
39560,0.22016
39627,0.242176
39655,0.001536
39659,0.631552
39714,0.03456
39748,0.246016
39760,0.090624
39790,0.15104
39846,0.004608
39888,0.051456
39909,0.04992
39910,0.150784
39955,0.091648
39969,0.553984
40052,0.103936
40064,0.182528
40139,0.636416
40183,0.074752
40186,0.164352
40248,0.020736
40260,0.069376
40289,0.104704
40307,0.001536
40316,0.056064
40357,0.04608
40367,0.023552
40372,0.017664
40381,0.898048
40414,0.25344
40428,0.36224
40494,0.094464
40505,0.024832
40530,1.728
40615,0.00768
40673,0.022528
40676,0.005632
40681,0.039424
40707,0.10112
40725,1.403392
40735,0.300288
40815,0.02816
40876,0.022784
40909,1.107456
40935,2.229504
40942,0.8704
41011,0.072448
41020,0.092672
41093,0.063744
41150,0.071168
41156,0.217856
41161,1.12896
41212,0.056832
41248,0.00128
41252,1.075968
41271,0.504576
41358,0.003072
41395,0.060416
41407,0.638976
41439,0.052992
41456,0.110848
41466,0.206336
41595,0.018176
41613,0.0128
41642,0.017408
41643,0.006656
41651,1.417984
41718,0.091136
41746,0.132352
41758,0.005888
41800,1.896192
41845,0.0448
41890,0.032512
41897,0.20608
41907,0.151296
41970,0.05504
42011,0.036608
42067,0.045824
42101,0.064256
42170,0.012032
42172,0.295424
42218,0.050688
42231,0.037376
42263,0.021248
42264,0.288
42303,0.157184
42359,0.5568
42410,0.017664
42425,0.152576
42462,0.379904
42478,2.534656
42592,0.028672
42599,0.01792
42679,0.02944
42707,0.033536
42754,0.005632
42756,0.017408
42833,0.00896
42849,0.028928
42877,0.050944
42886,1.008896
42911,0.286976
42958,0.878848
42995,1.445888
43037,0.116736
43202,0.466432
43236,0.121344
43378,0.178944
43440,0.009984
43461,0.119808
43520,0.059392
43533,0.005376
43564,0.321536
43603,0.022784
43610,0.471552
43669,0.050944
43715,0.024064
43728,0.013568
43735,0.005632
43758,0.002048
43782,0.06144
43786,0.019712
43849,0.0768
43854,0.472832
43872,0.120832
43921,0.060928
43931,0.075776
43951,0.020736
43992,0.012544
44018,0.019968
44108,0.005632
44128,0.059136
44165,0.921344
44202,0.077824
44245,0.041472
44248,0.001024
44277,0.017152
44325,0.03584
44351,0.054272
44358,0.013312
44365,0.292608
44388,0.111872
44412,0.020736
44460,0.006144
44483,0.1728
44526,0.093184
44563,0.001792
44596,0.4736
44612,1.23264
44669,0.013568
44700,0.026624
44732,0.030464
44733,0.575232
44769,1.110528
44838,0.226048
44855,0.12544
44935,0.025088
44942,0.082944
44955,0.08704
44989,0.00384
45001,0.18304
45083,0.228096
45088,0.437504
45125,0.872704
45181,0.024832
45187,0.010496
45211,0.07424
45255,0.006656
45367,0.035328
45368,0.08448
45398,0.0128
45485,0.427264
45497,0.671232
45587,0.04736
45646,0.065024
45708,0.061952
45755,0.031232
45778,0.04608
45795,0.041472
45815,1.797888
45845,0.547584
45864,0.022528
45906,0.006144
45963,1.093888
46014,0.032256
46032,0.012032
46148,0.065792
46227,0.087296
46247,0.072448
46267,0.033536
46301,0.427008
46366,0.024576
46373,0.071168
46403,0.242944
46412,0.485888
46443,0.26624
46446,0.536576
46470,0.443136
46519,0.073472
46557,0.034048
46562,0.27648
46587,0.602368
46656,0.006656
46697,0.001536
46729,0.019712
46743,0.029696
46745,0.89344
46805,0.003328
46869,0.00768
46892,0.045056
46911,0.014336
46998,0.096256
47010,0.038656
47063,0.038144
47065,0.105984
47107,0.103424
47136,0.409088
47170,0.326144
47231,0.045824
47248,0.009472
47296,0.06016
47304,0.038144
47316,1.504
47407,0.0256
47429,0.03328
47437,0.049664
47500,0.0384
47551,0.005888
47578,1.354752
47602,0.168448
47610,0.342528
47637,0.022784
47652,0.047616
47669,0.081664
47694,0.0128
47698,0.058112
47714,0.137728
47728,0.019712
47750,0.068608
47763,0.382464
47815,0.47232
47826,1.798656
47894,0.010752
47908,0.177152
47968,0.041984
47972,0.103424
48003,0.034048
48028,0.076544
48050,0.054528
48087,0.053504
48108,0.0768
48141,0.0256
48153,0.171008
48238,0.01792
48248,0.085248
48274,0.024832
48308,0.074752
48348,0.66304
48351,1.104128
48379,0.615936
48444,0.014592
48480,0.064
48489,0.091136
48508,0.004608
48520,0.088576
48554,0.020736
48666,0.017152
48670,0.109568
48717,0.015104
48726,0.030208
48793,0.067072
48857,0.067328
48896,0.050432
48909,0.107008
48942,0.082944
48956,0.044544
48964,0.228096
49007,0.06784
49028,0.035584
49067,0.027648
49080,0.366848
49085,1.430272
49152,0.044032
49160,0.029696
49231,0.0832
49273,0.0192
49295,0.014848
49334,1.11488
49368,0.005376
49393,0.120064
49407,0.026624
49428,0.003072
49494,0.062464
49559,1.055488
49616,1.774336
49678,0.014336
49695,0.086016
49735,0.05888
49736,0.00384
49749,0.396288
49750,1.178368
49833,0.02432
49879,0.028672
49905,0.071168
49944,0.027392
49973,0.000256
49980,2.591232
50033,0.004352
50048,0.063488
50050,0.8192
50063,0.870656
50111,0.097024
50154,0.008704
50158,1.003008
50167,0.783872
50217,0.025344
50237,0.00512
50250,0.071424
50269,0.002816
50317,0.02176
50321,0.035328
50391,0.025856
50494,0.052736
50531,0.366336
50570,0.007936
50599,0.116736
50642,0.442368
50662,0.487168
50728,0.034304
50773,0.032512
50795,0.001024
50814,0.484352
50838,0.07424
50885,0.27264
50924,0.334848
50939,2.401536
50977,0.04352
51007,0.09472
51027,0.187904
51057,0.185856
51067,0.30336
51077,0.369664
51091,0.42496
51107,0.022016
51117,0.05376
51127,0.138752
51147,0.010496
51167,0.36992
51187,0.378112
51197,0.7232
51219,0.781312
51257,0.481024
51277,0.502528
51307,0.100608
51317,0.579328
51327,0.369408
51347,0.654336
51357,0.36352
51417,1.18144
51437,0.091904
51499,0.032
51504,0.896768
51587,0.040192
51604,0.074496
51616,0.021504
51645,0.0256
51658,0.011776
51696,0.007936
51731,0.693504
51867,0.059136
51888,0.104704
51946,0.024832
51961,0.002816
51964,0.796928
51987,0.009984
52033,0.03968
52055,0.176384
52060,0.637184
52164,0.126976
52179,0.00384
52203,0.701952
52233,0.004096
52260,0.273152
52340,0.338176
52402,0.041216
52445,0.001792
52453,0.523776
52458,0.082944
52498,1.065216
52546,0.013312
52560,0.1408
52576,0.29184
52627,0.190464
52682,0.029696
52692,0.014592
52716,0.004608
52744,0.054272
52798,0.046336
52818,0.050176
52822,1.031936
52865,0.111104
52896,1.06752
52937,0.02944
52952,0.062208
52995,0.024064
53087,0.000256
53127,0.036096
53145,2.3104
53177,0.651264
53213,0.285696
53240,0.155392
53319,0.000512
53348,0.015104
53365,1.396992
53445,0.008448
53458,0.042752
53473,0.045824
53511,0.008704
53548,0.052992
53599,0.01152
53605,0.033024
53641,0.033024
53649,0.256
53672,0.944896
53756,0.04992
53759,1.521152
53799,0.036352
53803,0.516608
53832,0.255488
53868,0.001024
53888,1.780992
53918,0.221952
54000,0.727296
54038,0.059136
54056,0.092416
54115,0.54144
54138,0.01152
54167,0.609024
54180,0.115456
54222,0.008192
54231,0.059136
54244,0.019456
54284,0.00896
54301,0.019968
54309,0.045568
54330,0.019712
54362,0.11904
54392,0.858368
54414,0.097024
54443,0.23168
54470,0.044288
54492,0.199936
54508,0.45824
54560,0.0192
54583,0.053248
54615,0.031232
54637,0.019456
54712,0.016896
54739,0.00256
54751,0.062464
54868,0.036608
54871,0.377856
54907,0.04992
54922,0.86016
54960,0.100352
54991,0.933888
55035,0.923136
55051,0.024064
55111,0.137216
55131,0.016128
55141,0.085248
55151,0.043776
55191,0.097792
55211,0.27648
55231,0.013568
55251,0.031488
55261,0.138752
55271,0.103168
55281,0.06016
55311,0.129024
55321,0.029696
55331,0.200448
55361,0.13312
55381,0.029184
55421,0.047872
55431,0.194816
55441,0.052992
55451,0.385536
55471,0.356096
55491,0.291072
55501,0.0512
55521,0.333824
55531,0.021504
55541,0.159488
55561,0.041472
55565,0.134912
55581,0.238848
55611,0.458752
55631,1.18144
55651,0.09216
55671,0.020992
55681,0.49536
55701,1.244928
55711,0.041984
55741,0.835072
55761,0.00896
55781,0.317184
55791,0.702976
55833,0.335872
55893,0.040448
55917,0.002816
55957,0.031232
55977,0.027904
56046,0.013312
56049,0.0384
56080,0.00768
56094,0.11776
56120,0.018176
56139,0.038912
56145,0.20864
56151,0.410368
56230,0.023808
56249,0.001792
56274,0.06784
56304,0.176896
56378,0.05376
56382,0.166912
56430,0.105728
56477,0.041472
56494,0.011776
56536,0.143104
56539,0.211968
56562,0.06528
56587,0.616704
56618,0.202496
56667,0.03712
56684,3.942656
56745,1.18144
56758,0.89472
56795,0.291584
56829,1.291008
56850,0.014848
56867,0.000512
56898,0.040192
56913,0.025344
56977,1.73824
56982,0.880896
57003,0.283392
57067,0.0384
57073,0.234752
57120,0.104448
57235,0.027904
57260,0.074496
57294,0.421888
57315,0.050688
57328,0.028672
57346,0.048128
57355,1.167104
57357,0.694528
57462,0.02176
57476,0.04992
57522,0.012288
57537,0.277504
57588,0.0512
57677,0.049664
57741,0.127744
57766,0.022016
57806,0.018944
57873,0.254464
57900,0.043264
57929,0.045312
57943,0.069888
58015,0.009728
58040,0.003584
58062,0.083712
58073,0.205312
58137,0.062464
58178,0.022272
58188,0.35328
58208,0.041728
58290,0.01408
58299,0.040448
58334,0.012544
58407,0.025344
58421,0.035584
58441,0.019456
58476,0.040448
58524,0.022528
58546,0.025344
58548,0.617984
58607,0.018688
58625,0.013568
58631,0.733696
58679,0.063744
58728,0.360704
58785,0.03584
58787,0.060672
58825,0.064256
58842,0.243456
58875,0.009216
58893,0.132608
58931,0.019712
58965,0.659968
58991,0.608
59021,0.246272
59079,0.049408
59087,0.135168
59097,0.178176
59128,0.02048
59142,0.051456
59165,0.118016
59175,0.044288
59194,1.675776
59248,0.034048
59319,0.011008
59358,0.023552
59378,0.026624
59389,0.008448
59450,0.216064
59511,0.023296
59522,0.021248
59631,0.059648
59641,0.011008
59668,0.03072
59685,0.15488
59711,0.251904
59756,0.292352
59758,0.63104
59769,0.494848
59838,0.040704
59919,0.026624
59931,0.03072
59967,0.065024
59994,0.018944
60005,0.03712
60010,0.003584
60056,0.04992
60108,0.531968
60128,0.001792
60173,0.018944
60188,0.0064
60195,0.00256
60211,0.032
60260,0.059136
60295,0.059136
60329,0.063232
60355,0.02688
60364,0.295168
60366,0.007936
60412,0.014848
60441,0.004352
60455,0.143616
60456,0.300544
60647,0.010496
60667,0.018176
60671,0.054016
60683,0.25728
60695,0.019456
60776,0.049408
60799,0.09216
60810,0.009216
60812,0.074496
60869,0.417792
60923,0.009728
60926,0.44928
60956,0.014592
60964,0.4544
61008,0.312832
61041,0.00256
61045,0.173568
61066,0.887552
61114,0.004608
61166,0.001024
61175,0.002816
61177,0.013312
61179,0.630272
61239,0.109312
61291,0.378624
61360,0.077056
61399,0.002816
61447,0.018432
61459,0.037376
61481,0.2048
61559,0.071424
61587,0.036352
61629,0.018176
61656,0.009728
61664,0.82048
61682,0.649728
61695,0.341248
61779,0.290816
61806,0.030464
61822,3.218176
61906,0.05632
61937,0.021504
61945,0.022784
61984,0.04608
62007,0.082688
62085,0.04864
62088,0.08704
62135,0.041984
62137,0.562176
62158,0.128256
62173,0.44928
62229,0.017408
62272,0.05888
62276,0.222976
62306,0.116992
62349,0.03456
62398,0.037888
62430,1.780224
62493,0.301824
62505,2.821888
62558,0.465664
62617,0.030464
62657,0.19328
62705,0.236544
62756,0.093696
62757,0.102144
62799,0.031488
62837,0.079872
62860,0.28416
62918,0.046592
62935,0.03712
62949,0.075776
62954,0.055296
63012,0.008448
63022,0.005632
63049,0.037376
63073,2.842624
63135,0.01536
63172,0.022016
63190,0.014336
63275,0.016384
63310,0.003072
63360,0.706816
63365,8.084224
63520,0.698112
63532,0.319744
63576,0.163072
63643,0.006144
63684,0.092928
63715,0.063232
63770,0.3264
63805,0.068608
63857,0.056064
63911,0.03712
63919,0.016896
63961,0.0576
63965,1.16864
64021,0.430336
64102,0.242176
64189,0.087552
64232,0.126464
64252,0.008704
64254,0.972544
64325,0.009472
64355,0.039168
64377,0.020736
64430,0.086784
64473,0.17024
64483,0.946944
64531,0.754176
64569,0.081408
64621,0.539904
64663,0.756736
64713,0.014848
64754,0.361728
64807,0.016384
64828,0.062464
64869,0.071424
64895,0.041728
64948,0.000768
64975,0.05248
64986,0.850944
65009,0.02304
65065,0.052224
65075,0.05248
65122,0.006144
65143,0.06912
65149,0.508672
65159,1.439232
65203,0.008448
65227,0.006144
65236,0.113664
65285,0.0256
65408,0.05504
65462,0.026112
65489,0.040704
65494,0.09728
65655,0.035584
65746,0.055552
65794,0.11392
65819,0.025088
65859,0.030464
65864,1.302528
65990,0.49024
65999,0.441856
66040,0.007424
66061,0.055296
66126,1.181952
66205,0.239616
66211,1.44384
66255,0.01152
66258,0.11008
66285,0.089856
66345,0.533504
66361,0.031488
66379,3.501056
66434,0.01152
66475,0.202496
66533,0.032256
66587,0.337408
66612,0.31104
66631,1.845504
66721,0.005632
66778,0.120832
66844,0.026624
66883,0.033792
66909,0.001792
66946,0.006656
66949,0.014592
66979,0.00384
67027,0.160768
67041,0.024576
67087,0.603392
67128,0.018176
67139,0.21888
67168,0.003328
67220,0.032256
67229,1.12384
67236,0.158464
67238,2.05696
67285,0.020992
67294,0.928768
67345,0.08448
67393,0.003584
67419,0.08832
67541,0.000256
67595,0.030464
67681,0.41088
67713,0.711424
67751,0.003072
67769,0.02816
67805,0.043264
67844,0.01536
67864,0.153088
67895,0.050688
67941,0.348416
67969,0.049152
68021,0.093952
68031,0.196608
68073,0.017664
68082,0.012032
68125,0.013056
68156,1.577216
68213,0.002304
68243,0.018432
68250,0.58368
68378,0.017664
68405,0.044032
68469,0.593664
68519,0.135168
68528,0.697856
68567,0.002816
68578,1.225216
68591,0.59648
68644,0.009984
68649,0.335616
68681,0.19072
68715,0.647424
68771,0.029952
68807,0.016896
68808,0.068352
68835,0.004864
68846,0.026112
68857,0.097536
68864,0.22144
68916,0.022272
69022,0.035584
69049,0.054784
69052,0.441856
69096,0.03328
69160,0.044288
69195,0.004864
69217,0.188416
69248,0.024832
69252,1.283072
69264,0.216576
69308,0.27008
69333,0.263168
69472,0.003328
69495,0.023296
69514,0.002048
69520,0.005888
69547,0.040704
69646,0.064
69657,0.03712
69678,0.450816
69722,0.667904
69783,0.031488
69822,0.271872
69843,0.018176
69845,0.006912
69848,0.306944
69958,0.02048
69959,0.386304
70030,0.025344
70067,0.003584
70074,0.1536
70097,0.0576
70150,0.041984
70177,0.023552
70230,0.1344
70334,0.082688
70340,0.078592
70352,0.071424
70452,0.024832
70455,0.017408
70532,0.028416
70557,0.205056
70564,0.491264
70645,0.012288
70707,0.139008
70750,0.003584
70764,0.019968
70784,0.075264
70810,0.105472
70857,0.071424
70893,0.65152
70963,0.27648
71074,0.002816
71100,0.080128
71146,1.013504
71191,0.097024
71223,0.010752
71337,0.13568
71390,0.018432
71431,0.008704
71461,0.025088
71493,0.029696
71540,0.028928
71546,0.068864
71633,0.045568
71677,0.08192
71762,0.011008
71766,0.103936
71825,0.093184
71885,0.096512
71960,0.066816
72009,0.04096
72085,0.481792
72167,0.042496
72338,0.051968
72358,0.018432
72359,0.030208
72368,0.014592
72385,0.034304
72407,0.020224
72495,0.09856
72545,0.414464
72572,0.063744
72594,0.028928
72611,0.028928
72636,0.007168
72691,0.00256
72759,0.016384
72846,0.02432
72859,0.024832
72902,0.087552
72906,0.04736
72959,0.037376
72963,0.049152
73078,0.018944
73082,0.016128
73109,0.128256
73187,0.012288
73251,0.04992
73286,0.029696
73320,0.056832
73369,0.003584
73386,0.012032
73456,0.170752
73502,0.027136
73515,0.132608
73561,0.072448
73619,0.02944
73648,0.013568
73678,0.012032
73715,0.056576
73757,0.070144
73807,0.059904
73879,0.036608
73887,0.007168
73904,0.023808
73947,0.025344
73996,0.052736
74005,0.041984
74117,0.0448
74164,0.01408
74253,0.009728
74359,0.000768
74399,0.242176
74447,0.00512
74605,0.020224
74641,0.004352
74673,0.060928
74695,0.049664
74745,0.050432
74791,0.097792
74822,0.018432
74907,0.045056
74999,0.051712
75025,0.025344
75057,0.019968
75142,0.00512
75185,0.237568
75251,0.047104
75271,0.03968
75291,0.009728
75310,0.008192
75356,0.237056
75429,0.003328
75500,0.036608
75517,0.10112
75572,0.00384
75613,0.023296
75640,0.052736
75698,0.065792
75701,0.012032
75774,0.014336
75821,0.044288
75871,0.70144
75895,0.048384
75921,0.061696
75961,0.030464
76024,0.032768
76060,0.01152
76083,0.724992
76114,0.015616
76237,0.028672
76288,0.01664
76298,0.041472
76375,0.013312
76455,0.008704
76500,0.0704
76545,0.004608
76546,0.091392
76566,0.12672
76570,0.054016
76667,0.008192
76679,0.02304
76690,0.011008
76836,0.047104
76891,0.066816
76923,0.048128
76999,0.01024
77022,0.030464
77098,0.105728
77155,0.261376
77173,0.003072
77182,0.207872
77305,0.218624
77329,0.045824
77398,0.078848
77408,0.122368
77467,0.01536
77557,0.001024
77581,0.019712
77621,0.030464
77709,0.030208
77758,0.004608
77791,0.029952
77861,0.001024
77892,0.012032
77945,0.017152
77980,0.064768
78002,0.104448
78029,0.024576
78132,0.003328
78157,0.062464
78201,0.013568
78236,0.045312
78267,0.224
78301,0.201984
78325,0.037632
78351,0.058112
78367,0.012288
78453,0.024576
78563,0.012032
78596,0.04864
78608,0.049408
78618,0.004352
78651,0.062976
78670,0.006912
78723,0.067328
78759,0.008192
78783,0.006656
78793,0.012288
78846,0.008704
78957,0.007936
78959,0.045056
78966,0.30208
79005,0.045824
79175,0.01664
79243,0.088064
79278,0.01408
79294,0.025344
79315,0.05504
79361,0.009728
79419,0.016384
79427,0.08832
79486,0.03072
79546,0.280064
79595,0.04992
79656,0.299264
79714,0.029184
79748,0.007424
79758,0.009728
79822,0.025344
79891,0.106752
79960,0.005888
80060,0.02944
80071,0.014592
80121,0.084736
80145,0.00256
80146,0.094976
80215,0.001792
80371,0.012288
80439,0.005376
80457,0.179456
80494,0.01152
80505,0.053504
80553,0.085504
80637,0.038656
80715,0.004864
80760,0.022528
80763,0.005632
80778,0.025344
80866,0.088832
80990,0.020992
81003,0.007936
81139,0.0576
81168,0.042752
81246,0.055552
81288,0.031744
81307,0.003584
81311,0.115712
81350,0.009472
81364,0.036608
81478,0.023296
81486,0.019712
81527,0.004864
81552,0.089088
81605,0.126208
81627,0.233472
81676,0.026368
81682,0.081408
81775,0.10496
81812,0.00128
81829,0.184832
81852,0.0768
81890,0.010752
81912,0.029952
81960,0.884224
82020,0.07808
82093,0.103936
82127,0.137984
82182,0.029184
82233,0.026368
82393,0.043264
82565,0.065536
82645,0.039168
82677,0.018432
82787,0.002048
82858,0.075264
82887,0.044288
82900,0.0448
82939,0.007424
83033,0.686592
83091,0.000768
83138,0.029184
83166,0.286976
83196,0.020224
83344,0.00896
83388,0.03072
83518,0.043776
83543,0.020224
83559,0.0128
83560,0.027136
83596,0.03712
83659,0.12416
83692,0.093184
83693,0.029952
83745,0.002048
83757,0.017152
83758,0.091392
83795,0.087808
83816,0.029696
83856,0.066048
83893,0.026624
83914,0.022784
83931,0.06528
83973,0.00512
84024,0.037888
84051,0.17152
84183,0.054784
84226,0.023296
84308,0.071424
84340,0.018944
84356,0.211712
84476,0.001792
84495,0.026624
84536,0.222464
84611,0.035328
84655,0.00384
84797,0.055296
84848,0.03456
84862,0.036096
84918,0.072448
84946,0.056576
84958,0.009984
84973,0.021248
85085,0.002048
85101,0.038656
85205,0.065792
85341,0.037888
85412,0.040704
85493,0.039424
85538,0.022272
85566,0.529664
85633,0.092416
85667,0.08832
85699,0.032768
85719,0.000512
85738,0.091136
85806,0.041728
85823,0.044032
85868,0.030976
85886,0.033024
85902,0.041984
85979,0.02176
86001,0.004352
86009,0.02304
86130,0.000512
86147,0.029952
86156,4.61824
86218,0.039168
86259,0.028416
86278,0.039936
86334,0.014336
86395,0.017664
86404,0.684032
86491,0.015872
86495,0.01664
86529,0.021504
86540,0.062976
86588,0.000768
86607,0.003072
86637,0.000512
86648,0.124416
86671,0.025088
86674,0.016384
86705,0.034816
86721,0.000256
86734,0.066048
86755,0.00256
86759,0.472576
86760,0.405248
86857,0.02688
86979,0.013056
86990,0.021504
87037,0.003072
87051,0.038912
87113,0.034048
87127,0.06912
87170,0.015616
87185,0.16768
87217,0.013312
87252,0.000512
87267,0.038144
87279,0.01152
87306,0.022784
87326,0.038656
87399,0.075264
87465,0.013568
87482,0.036352
87500,0.018944
87520,0.000768
87556,0.166656
87600,0.001024
87605,0.028928
87652,0.002816
87688,0.02176
87703,0.01792
87735,0.072448
87804,0.01792
87835,0.031488
87880,0.019968
87903,0.041472
87957,0.104704
88083,0.002048
88089,0.077056
88129,0.004608
88167,0.00512
88199,0.022528
88238,0.83968
88301,0.0576
88327,0.078592
88369,0.006144
88395,0.11136
88435,0.020224
88455,0.055808
88522,0.017408
88558,0.005888
88608,0.018944
88621,0.018688
88655,0.025856
88758,0.151296
88818,0.028416
88845,0.011776
88977,0.010496
89027,0.017152
89072,0.0704
89102,0.027904
89133,0.023552
89162,0.022528
89200,0.012032
89209,0.398592
89253,0.026368
89281,0.114176
89319,0.000256
89497,0.004864
89519,0.029184
89581,0.042496
89649,0.111616
89737,0.002816
89745,0.150016
89756,0.118272
89766,0.071424
89779,0.097024
89784,1.239552
89869,0.086272
90217,0.033792
90247,0.011264
90266,0.029184
90311,0.064256
90336,0.01408
90345,0.044032
90353,0.00512
90359,5.06368
90441,0.049664
90463,0.095488
90504,0.001536
90556,0.009472
90595,1.215488
90644,0.051712
90683,0.036864
90716,0.010496
90759,0.150784
90786,0.005376
90803,0.628224
90850,0.044288
90962,0.073728
90987,0.086016
91013,0.2176
91027,0.009472
91155,0.067584
91166,0.004864
91243,0.042496
91282,0.159232
91432,0.014592
91441,0.142592
91545,0.628224
91573,0.318208
91625,0.005632
91646,0.017664
91662,0.007424
91675,0.086528
91707,0.030208
91728,0.0
91795,0.006144
91813,0.036864
91892,0.011264
92013,0.009472
92023,0.134656
92087,0.001792
92125,0.015616
92146,1.46176
92162,0.1216
92248,0.025088
92261,0.816384
92336,0.068608
92357,0.005888
92407,0.0128
92423,0.164352
92469,0.160768
92503,0.011776
92516,0.06272
92667,0.060416
92674,0.332288
92701,0.170496
92746,0.006656
92755,0.637184
92810,0.030208
92860,0.009728
92886,0.189696
92921,0.023296
92996,0.03712
93019,0.225024
93039,0.011264
93056,0.010496
93073,0.012288
93087,0.065792
93143,0.004096
93207,0.002816
93222,0.054784
93250,0.091904
93269,0.094208
93288,0.240128
93332,0.031744
93359,2.193152
93365,9.012992
93400,0.092672
93405,0.068608
93441,0.177152
93453,0.697344
93469,0.388352
93478,0.358144
93486,0.23424
93624,0.02688
93648,0.04096
93655,0.000768
93707,0.055808
93742,0.014336
93752,0.024832
93871,0.027648
93880,0.007168
93946,2.13504
94062,0.006656
94068,0.009728
94069,0.221696
94110,0.060672
94140,0.037632
94155,0.015616
94156,0.019968
94293,0.077824
94327,0.20224
94395,0.034048
94406,0.025088
94420,0.032768
94489,0.036608
94507,0.035072
94550,0.000512
94552,0.04224
94610,0.00384
94631,0.194304
94681,0.004096
94718,0.066304
94729,0.811776
94763,0.00768
94803,0.014592
94914,0.006144
94929,0.177408
94976,0.001536
95013,0.013824
95093,0.035328
95136,0.01792
95196,0.01792
95307,0.025344
95375,0.037888
95435,0.004864
95499,0.128512
95600,0.126464
95641,0.177152
95687,0.07296
95694,0.02176
95707,0.062208
95745,0.03328
95759,6.685696
95947,0.055296
96005,0.00128
96006,0.11648
96031,0.023808
96045,0.018944
96065,0.034304
96085,0.015872
96131,0.163072
96165,0.029184
96215,0.041216
96235,0.032256
96272,0.010496
96287,0.173056
96320,0.006912
96345,0.04992
96358,0.09856
96360,0.13952
96421,0.292096
96465,0.061952
96498,0.058624
96532,0.009984
96585,0.0192
96607,0.009728
96642,0.000768
96660,0.015872
96755,0.044288
96788,0.010496
96855,0.000768
96908,0.029696
96946,0.010496
96962,0.023552
97008,0.022016
97163,0.017408
97179,0.02816
97235,0.046336
97294,0.052224
97453,0.032256
97488,0.039936
97502,0.018944
97521,0.396544
97546,0.23296
97558,1.472256
97750,0.013056
97773,0.020224
97818,0.103168
97893,0.076288
97909,0.012288
97973,0.05632
98005,0.04992
98025,0.025344
98046,0.009216
98050,0.127232
98135,0.092416
98163,0.029696
98197,0.013312
98242,0.011776
98274,0.032
98450,0.004608
98473,0.0384
98529,0.004352
98636,0.009472
98657,0.002304
98677,0.114944
98751,0.030208
98758,0.091904
98849,0.013312
98863,0.029952
98872,0.162816
98905,0.009216
98957,0.175872
99034,0.009472
99093,0.014592
99255,0.036096
99333,0.00896
99357,0.013568
99416,0.005632
99439,0.035072
99447,0.096256
99517,0.019712
99578,0.006656
99631,0.094976
99655,0.026368
99665,0.238848
99810,0.04224
99867,0.001024
99871,0.020224
99946,0.010496
99956,0.822016
100004,0.024576
100028,0.259584
100093,0.005376
100178,0.000768
100212,0.015616
100223,0.033792
100260,0.022016
100295,0.037888
100316,0.044288
100348,0.010496
100545,0.046336
100622,0.004352
100738,0.045824
100753,0.059904
100776,0.029184
100794,0.017664
100807,0.095488
100928,0.045824
100961,0.0448
100988,0.000256
100993,0.070656
101045,0.038144
101110,0.0512
101125,0.042496
101153,0.112384
101163,0.00768
101296,0.205312
101347,0.009984
101431,0.01792
101476,0.07808
101486,0.032256
101507,0.038144
101535,0.027136
101554,0.027392
101575,0.040192
101613,0.013312
101633,0.0256
101646,0.009472
101688,0.021504
101702,0.061184
101717,0.028416
101735,0.022016
101757,0.005376
101766,0.074496
101787,0.01664
101793,0.053248
101834,0.02176
101874,0.135936
101933,0.034048
101968,0.00512
101979,0.028672
102009,0.000512
102034,0.061696
102042,0.000256
102082,0.038656
102113,0.018688
102121,0.005632
102209,0.0128
102221,0.0896
102251,0.002304
102349,0.02432
102362,0.2176
102365,0.49664
102427,0.066816
102471,0.047104
102502,0.021504
102512,0.021248
102541,0.059392
102623,0.086784
102696,0.000256
102748,0.011008
102809,0.06144
102823,0.02304
102863,0.157184
102897,0.038144
102903,0.006656
102931,0.025088
102946,0.013568
102965,0.165632
103035,0.004608
103052,0.016384
103075,0.00256
103095,0.014848
103129,0.039424
103145,0.01536
103183,0.03072
103200,0.000512
103215,0.00384
103277,0.034816
103314,0.028672
103373,0.008704
103427,0.060416
103493,0.10752
103517,0.00512
103600,0.02688
103619,0.0128
103643,0.116736
103692,0.191488
103729,0.019968
103747,0.041984
103772,0.003584
103798,0.034816
103865,0.04864
103966,0.042496
103979,0.006912
104068,0.595456
104117,0.006656
104134,0.027648
104206,0.438272
104239,0.005376
104246,0.012032
104277,0.002816
104295,0.23808
104351,0.100352
104385,0.013056
104476,0.011776
104495,0.002304
104513,0.017408
104525,0.030208
104551,0.013056
104612,0.01024
104615,0.004096
104651,0.023808
104677,0.027136
104683,0.141056
104739,0.010752
104744,0.163584
104756,0.284928
104763,2.273536
104816,0.276736
104908,0.022272
104977,0.038144
105051,0.008704
105149,0.001792
105305,0.015104
105326,0.049152
105369,0.72576
105393,0.068096
105471,0.032768
105526,0.062976
105625,0.019968
105708,0.007168
105719,0.027648
105793,0.007936
105804,0.009984
105822,0.002816
105877,0.03072
105915,0.17152
105941,0.015872
106045,0.052224
106079,0.000768
106128,0.026112
106225,0.011264
106284,0.044032
106332,0.013824
106339,0.064512
106365,0.014592
106372,0.01664
106389,0.004096
106543,0.000256
106550,0.00384
106556,0.023808
106577,0.03328
106652,0.013568
106695,0.034816
106726,0.075264
106777,0.01408
106787,0.024064
106813,0.0448
106835,0.001536
106859,0.030464
106893,0.003328
106932,0.048128
106969,0.002304
107029,0.042496
107088,0.027392
107131,0.006144
107214,0.0128
107351,0.02176
107356,0.011008
107451,0.000256
107464,0.00128
107511,0.092672
107524,0.001792
107534,0.002304
107558,0.166144
107625,0.005376
107638,0.188416
107660,0.026368
107718,0.022272
107729,0.03072
107757,0.009728
107774,0.00128
107827,0.002304
107834,0.046336
107842,0.018432
107869,0.264192
107911,0.158976
107940,0.007936
107979,0.055808
108019,0.042496
108153,0.00896
108191,0.033792
108207,0.161536
108221,0.000768
108257,0.064
108295,0.095232
108318,0.14336
108339,0.014848
108366,0.00512
108370,0.013312
108395,0.08704
108400,2.072576
108467,0.071424
108528,0.030464
108566,0.030464
108665,0.018176
108671,0.047104
108712,0.028416
108724,0.070912
108782,0.004352
108920,0.002304
108931,0.03584
108958,0.030976
108960,0.07296
108996,0.046848
109085,0.410368
109185,0.068608
109220,0.057856
109247,0.049152
109261,0.577536
109339,0.091392
109426,0.038656
109487,0.003072
109519,0.036352
109539,0.026624
109545,0.032512
109558,0.1408
109560,0.627968
109687,0.05632
109699,0.026624
109781,0.004096
109907,0.10112
110016,0.01792
110038,0.131072
110076,0.02432
110161,0.053248
110163,0.39296
110192,1.704704
110227,0.009984
110251,0.053248
110351,0.025088
110359,0.142336
110394,0.0256
110444,0.039168
110524,0.122624
110557,0.008192
110600,0.009472
110613,0.06784
110688,0.002304
110691,0.224768
110746,0.135936
110756,0.06656
110761,5.509376
110792,0.156928
110868,0.060928
110959,0.032512
111000,0.040704
111045,0.088064
111085,0.012032
111156,0.002304
111162,0.005632
111207,0.017664
111231,0.029184
111236,0.055808
111260,0.10368
111265,0.07168
111301,0.01024
111364,0.135168
111375,0.02304
111444,0.014592
111459,0.050944
111509,0.036864
111525,0.009984
111643,0.004864
111649,0.012032
111653,0.010496
111660,0.106752
111734,0.044032
111745,0.148224
111785,0.07552
111804,0.03328
111827,0.146176
111836,0.039168
111869,0.02304
111952,0.00384
111969,0.02432
112206,0.011264
112221,0.064768
112239,0.049664
112328,0.016896
112337,0.003584
112375,0.013312
112395,0.007936
112468,0.033792
112509,0.032256
112528,0.029952
112543,0.013824
112558,0.15616
112588,0.009984
112608,0.045824
112658,0.141312
112698,0.075008
112718,0.126208
112728,0.492032
112738,0.155648
112758,0.311296
112768,0.090624
112788,0.029696
112808,0.257536
112828,0.301312
112868,0.102912
112878,0.743424
112898,0.178944
112918,0.414208
112938,0.686336
112968,0.018944
112988,0.544256
113008,0.361728
113018,0.090112
113048,1.308672
113068,0.718592
113108,0.0128
113135,0.098816
113161,0.052736
113216,0.016128
113218,0.012288
113272,0.007936
113328,0.075264
113349,0.037888
113393,0.094976
113438,0.041984
113494,0.000768
113522,0.01536
113541,0.285952
113655,0.000768
113671,0.014848
113759,0.382208
113801,0.0128
113808,0.077824
113845,0.092672
113861,0.008448
113909,0.061696
113967,0.035328
114007,0.039936
114038,0.025856
114063,0.007936
114130,0.007424
114174,0.025344
114356,0.13824
114359,0.0256
114419,0.017408
114485,0.023808
114595,0.045056
114694,0.110592
114758,0.264448
114865,0.029696
114950,0.099584
114961,0.162048
115044,0.099072
115075,0.125696
115095,0.038144
115117,0.053504
115119,0.172288
115178,0.001024
115253,0.020992
115310,0.004096
115334,0.010752
115353,0.290816
115387,0.004864
115411,0.326912
115497,0.001536
115559,0.179712
115587,0.084992
115639,0.026112
115678,0.026368
115713,0.051456
115757,0.00128
115855,0.036352
115865,0.056832
115908,0.046336
115991,0.01792
116114,0.152064
116220,0.003072
116262,0.0192
116336,0.057344
116367,0.030976
116394,0.088064
116427,0.049408
116526,0.022016
116535,0.168192
116576,0.014592
116651,0.001792
116653,0.310272
116695,0.010752
116718,0.005376
116745,0.049664
116746,0.093696
116764,0.085504
116795,0.0192
116815,0.102912
116832,0.031232
116867,0.069376
116971,0.039168
117020,0.04864
117087,0.003072
117130,0.034816
117175,0.01152
117202,0.002816
117239,0.015616
117316,0.02688
117361,0.02304
117362,0.009216
117365,1.499392
117411,0.04736
117456,0.523008
117583,0.018176
117601,0.028672
117652,0.012288
117685,0.022528
117729,0.031744
117833,0.143872
117870,0.0
117880,0.007424
117903,0.006656
117963,0.32256
117993,0.150272
118110,0.020736
118155,0.019968
118202,0.002816
118243,0.011008
118247,0.01536
118280,0.0256
118332,0.056064
118345,0.101376
118473,0.020736
118495,0.009472
118555,0.002048
118563,0.046592
118568,0.04608
118599,0.001792
118634,0.003584
118678,0.175104
118821,0.0064
118875,0.058624
118896,0.04736
118923,0.019968
119041,0.009216
119123,0.057856
119145,0.068608
119227,0.10496
119298,0.03072
119317,0.007424
119359,0.020992
119467,0.003072
119489,0.004608
119495,0.093184
119722,0.0832
119735,0.00128
119757,0.020736
119819,0.018944
119844,0.681984
119883,0.005632
119903,0.083712
119961,0.138496
119997,0.038912
120048,0.03712
120118,0.011776
120175,0.043264
120236,0.252416
120243,0.18816
120300,0.009984
120358,0.062208
120366,0.119296
120392,0.047616
120422,0.029696
120535,0.001536
120545,0.035584
120558,0.037888
120791,0.028672
120822,0.0064
120846,0.098816
120907,0.011776
120910,0.05504
120958,0.086784
120961,0.014848
120996,0.037888
121077,0.032512
121130,0.013568
121216,0.018688
121281,0.004608
121357,0.015616
121401,0.001792
121564,0.01664
121656,0.06784
121685,0.057088
121810,0.017408
121835,0.005632
121869,0.133632
121921,0.039936
121987,0.032256
122030,0.001536
122083,0.031232
122145,0.132096
122159,2.029568
122295,0.000512
122309,0.003072
122322,0.002816
122409,0.02688
122450,0.027136
122540,0.304896
122611,0.025088
122653,0.078336
122759,0.029952
122836,0.073472
122903,0.084992
122910,0.197376
123002,0.053504
123040,0.07168
123108,0.017664
123117,0.015104
123153,0.003328
123157,0.01152
123164,0.021504
123224,0.212992
123251,0.00896
123303,0.037632
123345,0.007168
123361,0.063744
123370,0.005888
123374,0.0064
123401,0.082944
123447,0.041984
123473,0.016384
123499,0.03584
123585,0.000256
123599,0.019456
123602,0.054016
123674,0.030208
123745,0.064768
123945,0.037888
123959,0.013568
124006,0.030976
124101,0.021504
124109,0.169728
124181,0.0832
124197,0.111616
124242,0.065536
124316,0.101632
124352,0.013056
124419,0.07936
124457,0.023808
124467,0.00768
124558,0.17792
124580,0.58752
124731,0.059392
124900,0.036352
124939,0.065536
124973,0.024064
125008,0.068096
125106,0.005888
125158,0.022016
125161,0.147968
125205,0.048896
125216,0.046848
125276,0.035584
125298,0.041472
125336,0.059392
125356,0.109824
125527,0.00896
125533,0.0768
125569,0.0448
125581,0.055808
125623,0.001024
125655,0.055552
125669,0.100608
125717,0.00256
125735,0.021504
125751,0.052224
125800,0.102144
125814,0.015104
125841,0.073472
125929,0.068608
125949,0.139776
125991,0.00384
126135,0.030976
126215,0.01152
126257,0.125184
126301,0.02304
126320,0.08576
126358,1.307392
126418,0.002816
126421,0.019456
126464,0.081152
126634,0.092672
126724,0.002304
126802,0.117248
126964,0.275712
127015,0.003328
127029,0.07296
127063,0.068352
127081,0.00512
127170,0.02304
127185,0.07936
127255,0.002304
127284,0.064768
127401,0.047104
127500,0.0576
127557,0.07936
127786,0.27648
127852,0.019968
127860,0.009472
127895,0.175616
127959,0.130304
128043,0.027136
128052,0.011008
128105,0.035584
128154,0.055808
128165,0.07424
128210,0.019456
128248,0.060672
128264,0.03328
128292,0.01152
128304,0.003072
128331,0.012544
128348,0.012544
128363,0.18816
128418,0.5568
128457,0.008448
128501,0.00128
128514,0.050176
128524,0.063488
128618,0.017152
128646,0.019456
128704,0.045312
128760,1.178368
128764,1.348864
128819,0.053504
128887,0.015616
128939,0.000512
128943,0.005376
128957,0.082432
128980,0.110848
129040,0.012544
129099,0.0256
129156,0.024832
129230,0.043264
129296,0.273152
129320,0.057856
129329,0.023296
129375,0.026368
129377,0.059136
129423,0.032
129448,0.02048
129457,0.148224
129535,0.064512
129600,0.015872
129653,0.002048
129695,0.003072
129707,0.013824
129709,0.748544
129809,0.041728
129811,0.118016
129875,0.01664
129925,0.005632
129930,0.179968
129962,2.123264
130061,0.004608
130073,0.012288
130295,0.003584
130362,0.00128
130428,0.078592
130446,0.069632
130729,0.012288
130797,0.555008
130899,0.03968
130951,0.021504
131156,3.097088
131228,0.00512
131278,0.002048
131312,0.043776
131350,0.02048
131385,0.09088
131444,0.000512
131473,0.072448
131488,0.110336
131673,0.100608
131733,0.040704
131756,0.333824
131769,0.077056
131777,0.291072
131870,0.146688
131907,0.015616
132033,0.003072
132126,0.3392
132165,0.008704
132181,0.011776
132196,0.002816
132287,0.002048
132352,0.016128
132360,0.00128
132370,0.018176
132439,0.001536
132554,0.018432
132608,0.031232
132673,0.00384
132774,0.01792
132882,0.080384
132913,0.077056
132956,0.110848
132996,0.01152
133011,0.009472
133048,0.010752
133109,0.047104
133122,0.058112
133229,0.009216
133292,0.008704
133348,0.070656
133437,0.0064
133469,0.004352
133501,0.694784
133520,0.04864
133559,0.017664
133561,0.007936
133619,0.03456
133645,0.101376
133653,0.186368
133694,0.020736
133726,0.000256
133804,0.021504
133862,0.031488
133879,0.013312
133983,0.022528
134062,0.000256
134078,0.095232
134104,0.02816
134162,0.279552
134200,0.356864
134298,0.052736
134502,0.006912
134633,0.002816
134681,0.006144
134687,0.001024
134745,0.019456
134754,0.004608
134763,0.101632
134765,3.331328
134810,0.205056
134917,0.012032
134979,0.009728
135105,0.187392
135217,0.01408
135245,0.079872
135295,0.000768
135302,0.076032
135312,0.034048
135363,0.000512
135497,0.038912
135507,0.020736
135573,0.0448
135605,0.027136
135640,0.048384
135703,0.019456
135752,0.076288
135780,0.024064
135872,0.039168
135921,0.02048
135956,0.014848
135957,0.04352
135968,0.010752
135993,0.02944
136050,0.042752
136076,0.082432
136095,0.018944
136215,0.009728
136251,0.002816
136265,0.031232
136285,0.041216
136307,0.0576
136376,0.045312
136393,0.020736
136424,0.560128
136493,0.080384
136557,0.063488
136617,0.05376
136690,0.2624
136779,0.015616
136817,0.116224
137051,0.032768
137160,2.676224
137237,0.006656
137282,0.003072
137303,0.057856
137360,0.04608
137387,0.180992
137462,0.630784
137505,0.003328
137597,0.002816
137624,0.08576
137645,0.050176
137757,0.038656
137766,0.031232
137787,0.001536
137804,0.017408
137957,0.004864
137995,0.033024
138066,0.070912
138153,0.013824
138222,0.025344
138232,0.068608
138345,0.047872
138346,3.027712
138476,0.028928
138505,0.078848
138545,0.109056
138614,0.010496
138677,0.042752
138690,0.16512
138757,0.031488
138788,0.070656
138819,0.014592
138851,0.04992
138924,0.044288
138955,0.04096
138963,0.025856
139041,0.043008
139079,0.056832
139139,0.000512
139154,0.035584
139233,0.08448
139299,0.018432
139358,0.005888
139394,0.033024
139464,0.01024
139544,0.011008
139578,0.037632
139743,0.055296
139807,0.03712
139883,0.053504
139989,0.003072
140097,0.02816
140122,0.062976
140163,0.341248
140257,0.073472
140301,0.011264
140335,0.042496
140339,0.0064
140368,0.055296
140420,0.083456
140517,0.004352
140651,0.007936
140660,0.010496
140698,0.02944
140742,0.07296
140756,0.043264
140925,0.003072
140955,0.069632
141047,0.000512
141062,0.0128
141124,0.049664
141211,0.127488
141295,0.593664
141348,0.005376
141360,0.25216
141363,1.956608
141447,0.10624
141460,0.002048
141488,0.102912
141604,0.005888
141696,0.020992
141793,0.085248
141827,0.038912
141911,0.002304
141935,0.019456
141996,0.111872
142046,0.000768
142055,0.034304
142241,0.052736
142252,0.0576
142340,0.005632
142419,0.019456
142479,0.010496
142506,0.043776
142566,0.100352
142642,0.018688
142657,0.043008
142774,0.009216
142785,0.02816
142850,0.066304
142902,0.06784
142911,0.150528
142982,0.269056
143002,0.028928
143032,0.192
143062,0.041216
143072,0.187648
143102,0.069632
143142,0.058112
143152,0.026368
143160,0.016128
143182,0.062976
143212,0.157696
143222,0.07168
143232,0.102912
143252,0.076544
143292,0.11776
143312,0.176896
143322,0.17408
143332,0.24832
143342,0.148992
143352,0.177408
143372,0.242432
143382,0.178944
143392,0.239104
143412,0.2496
143422,0.077056
143442,0.323328
143462,0.297472
143472,0.06656
143492,0.431104
143512,0.433152
143522,0.598016
143552,0.36736
143562,0.25216
143572,0.417792
143582,0.323328
143612,0.571648
143622,0.481536
143652,0.23936
143672,0.045056
143702,0.229632
143722,0.203008
143745,0.06912
143752,0.599808
143765,0.340224
143823,0.009728
143892,0.04864
143933,0.031488
143975,0.00384
144021,0.04224
144079,0.04096
144100,0.008448
144175,0.058624
144267,0.009728
144286,0.06528
144327,0.008704
144345,0.019968
144356,0.03456
144411,0.0128
144516,0.033024
144606,0.00768
144712,0.005888
144721,0.0256
144801,0.242944
144820,0.03328
144840,0.0064
144925,0.1088
144965,0.068352
145004,0.058624
145028,0.08832
145048,0.093184
145065,0.104704
145090,0.057344
145139,0.005376
145157,0.11776
145198,0.017408
145245,0.009728
145262,0.150528
145298,0.079104
145348,0.051456
145423,0.080384
145478,0.077056
145534,0.044288
145543,0.033536
145557,0.25216
145645,0.069376
145675,0.01024
145693,0.222976
145761,0.014848
145776,0.155392
145835,0.042752
145843,0.003584
145943,0.008448
145993,0.015872
146036,0.090368
146146,0.030464
146160,0.028928
146235,0.099072
146296,0.055552
146361,0.0128
146385,0.006656
146409,0.027904
146461,0.031232
146478,0.073216
146521,0.014592
146537,0.007168
146587,0.026368
146621,0.0064
146646,0.052992
146710,0.044288
146877,0.00128
147030,0.089344
147078,0.137472
147092,0.233984
147124,0.043008
147191,0.032512
147258,0.00384
147287,0.000256
147351,0.015616
147358,0.017152
147369,0.111872
147419,0.009472
147452,0.111104
147517,0.054272
147577,0.06656
147639,0.048128
147648,0.000256
147653,0.116736
147685,0.011776
147692,0.00384
147694,0.053504
147733,0.0512
147794,0.105216
147842,0.016896
147960,0.063232
148063,0.090368
148096,0.103424
148137,0.048384
148168,0.03456
148191,0.013056
148244,0.03328
148290,0.027904
148305,0.081152
148332,0.001024
148396,0.004096
148425,0.083456
148533,0.02048
148561,0.09344
148641,0.039424
148651,0.000256
148819,0.027392
148867,0.00384
148978,0.123136
149013,0.04352
149035,0.004608
149080,0.081408
149111,0.002304
149123,0.019456
149126,0.009216
149145,0.050688
149159,0.196352
149232,0.012544
149366,0.010752
149419,0.004096
149502,0.03072
149539,0.066304
149584,0.06272
149640,0.021504
149719,0.03456
149746,10.393088
149758,0.269568
149877,0.09472
149957,0.004352
149969,0.046848
150055,0.062208
150099,0.0128
150129,0.427264
150150,0.004864
150175,0.187648
150254,0.05888
150276,0.044288
150295,0.010496
150343,0.000512
150392,0.001024
150429,0.000256
150500,0.009728
150538,0.02432
150571,0.028416
150599,0.005888
150727,0.039424
150778,0.184064
150814,0.020992
150837,0.0192
150904,0.015104
150956,0.10112
150964,0.222208
151111,0.058624
151169,0.078848
151250,0.006656
151305,0.046336
151408,0.045824
151461,0.006144
151517,0.005376
151560,0.091648
151588,0.014592
151596,0.007936
151657,0.024576
151691,0.056576
151712,0.00128
151747,0.455424
151885,0.013312
151925,0.046592
152024,0.043008
152047,0.006912
152105,0.00512
152156,0.0768
152161,0.114688
152249,0.014336
152267,0.016896
152286,0.046848
152305,0.14976
152336,0.0256
152353,0.186368
152411,0.030464
152471,0.035584
152556,0.029952
152591,0.052992
152625,0.004864
152677,0.007936
152711,0.082944
152738,0.043008
152751,0.023296
152756,0.29568
152796,0.286464
152833,0.134656
152855,0.03072
152869,0.024064
152882,0.084992
152970,0.044032
152976,0.155904
152999,0.027648
153056,0.046592
153085,0.09728
153127,0.039168
153179,0.065024
153209,0.027136
153329,0.087552
153358,0.110336
153363,0.010752
153400,0.009216
153404,0.112128
153436,0.162048
153469,0.050432
153489,0.160256
153588,0.022784
153638,0.001024
153665,0.124416
153778,0.007168
153793,0.114176
153956,0.041472
154056,0.010752
154064,0.033792
154077,0.059136
154390,0.005632
154393,0.041216
154423,0.075776
154438,0.007424
154562,0.020224
154617,0.00384
154686,0.045568
154716,0.053248
154728,0.015872
154799,0.002304
154821,0.032256
154852,0.00768
154907,0.004864
154956,0.027136
154985,0.003328
154997,0.008448
155013,0.010752
155090,0.036352
155110,0.002048
155146,0.009472
155156,0.752896
155204,0.028928
155291,0.030208
155319,0.03072
155358,0.022528
155381,0.050688
155402,0.018176
155523,0.023296
155558,0.04224
155571,0.040192
155641,0.01152
155675,2.48448
155757,0.00256
155767,0.119296
155797,0.0896
155865,0.014848
155925,0.01408
155972,0.001024
156005,0.061184
156067,0.022272
156074,0.132096
156120,0.02048
156151,0.066304
156228,0.02304
156260,0.002048
156293,0.031232
156302,0.034816
156345,0.45824
156363,0.218624
156424,0.001024
156439,0.041728
156453,0.004608
156487,0.02688
156513,0.030208
156568,0.0064
156591,0.018944
156604,0.011008
156648,0.04096
156670,0.000768
156688,0.045824
156779,0.080128
156816,0.031232
156859,0.005888
156884,0.011008
156914,0.108288
156959,0.532224
157038,0.028416
157086,0.022528
157127,0.013824
157134,0.000768
157213,0.032
157228,0.050688
157248,0.016896
157279,0.043776
157398,0.02816
157441,0.020224
157454,0.124672
157456,0.203008
157492,0.02944
157553,0.005888
157563,0.153088
157564,0.75904
157615,0.047872
157712,0.00128
157753,0.050176
157799,0.003584
157818,0.017408
157874,0.027648
158024,0.195328
158159,0.036608
158170,0.41216
158224,0.007936
158231,0.244992
158313,0.00768
158330,0.06016
158346,0.004608
158409,0.029952
158507,0.071168
158510,0.019712
158575,0.04608
158607,0.090624
158639,0.22912
158695,0.144384
158737,0.01152
158757,0.02048
158759,0.010496
158788,0.02688
158827,0.046336
158902,0.025856
158956,0.004864
159053,0.009216
159092,0.001536
159110,0.10112
159163,0.011776
159224,0.004352
159271,0.00384
159371,0.24064
159495,0.017152
159558,0.539648
159639,0.148992
159706,0.017152
159748,0.670464
159959,0.09344
160032,0.001024
160076,0.015616
160093,0.44672
160133,0.009728
160247,0.067584
160298,0.072448
160313,0.03712
160347,0.014592
160352,0.023296
160371,0.034048
160399,0.03456
160419,0.069632
160433,0.08192
160477,0.036864
160529,0.009216
160557,0.295424
160604,0.0704
160666,0.689664
160697,0.518656
160775,0.209408
160844,0.026112
160854,0.024832
160890,0.074752
160927,0.01664
160972,0.066304
161090,0.00896
161127,0.005632
161160,0.374784
161231,0.011264
161267,0.006656
161324,0.097792
161385,0.012288
161425,0.022784
161431,0.075008
161530,0.004864
161580,0.273408
161621,0.008192
161684,0.02432
161709,0.111616
161755,0.51712
161763,0.253952
161805,0.034304
161808,0.04096
161905,0.066816
161962,0.8064
162006,0.034816
162030,0.036864
162078,0.046592
162135,0.183296
162167,0.011776
162292,0.032
162310,0.050176
162316,0.052736
162359,0.086272
162364,4.200192
162431,0.257792
162471,0.008704
162497,0.019712
162541,0.024576
162614,0.091648
162686,0.127488
162751,0.136448
162785,0.014848
162869,0.006656
162892,0.004608
162956,0.018176
163016,0.004352
163086,0.044288
163115,0.030976
163159,0.12928
163215,0.0384
163396,0.027392
163485,0.02304
163553,0.029184
163564,2.879488
163629,0.009472
163678,0.11136
163761,0.011008
163781,0.235776
163831,0.000512
163918,0.0448
163947,0.05248
163986,0.11904
164024,0.06656
164125,0.030208
164156,0.18048
164165,0.05888
164198,0.056064
164213,0.163328
164259,0.169728
164304,0.01664
164325,0.035072
164426,0.099328
164454,0.042752
164501,0.009472
164527,0.016896
164674,0.023552
164746,0.088832
164759,0.171264
164797,0.005632
164798,0.450816
164862,0.070912
164909,0.018944
164916,0.045568
164943,0.024064
164957,0.01152
164993,0.023552
165063,0.093184
165095,0.008192
165113,0.126976
165156,0.039936
165175,0.015104
165218,0.000512
165273,0.00256
165308,0.149504
165361,1.474304
165436,0.028928
165481,0.033536
165537,0.022784
165575,0.008448
165599,0.023296
165607,0.000512
165696,0.019712
165721,0.004096
165727,0.073728
165773,0.021248
165774,0.241408
165780,0.157696
165817,0.046336
165839,0.02944
165945,0.027648
165960,3.309312
166056,0.003584
166062,0.051968
166119,0.010752
166139,0.025344
166210,0.186112
166277,0.0
166430,0.025088
166444,0.055552
166470,0.76544
166503,0.00896
166575,0.043008
166627,0.02176
166690,0.059392
166717,0.005632
166799,0.090368
166836,0.017408
166880,0.035072
166928,0.3648
166935,0.449024
167052,0.017664
167124,0.085248
167155,0.011776
167163,0.042496
167199,0.05376
167215,0.044544
167256,0.194816
167299,0.009728
167402,0.002816
167421,0.009472
167447,0.031232
167471,0.022528
167498,0.081152
167524,0.014848
167554,0.019968
167589,0.0704
167651,0.035072
167705,0.017408
167710,0.02432
167743,0.01024
167756,0.017408
167764,2.84416
167822,0.011008
167889,0.021504
167907,0.029952
167995,0.022784
168012,0.038656
168119,0.017664
168148,0.045568
168283,0.005888
168295,0.01664
168311,0.195328
168478,0.471808
168587,0.006912
168658,0.046592
168691,0.093952
168724,0.016128
168740,0.020736
168766,0.031744
168841,0.059136
168851,0.009216
168877,0.061184
168943,0.023296
168967,0.050432
168997,0.058112
169135,0.00384
169307,0.016128
169320,0.219904
169348,0.005888
169389,0.017152
169435,0.011264
169468,0.032768
169507,0.041472
169536,0.004608
169557,2.19008
169598,0.662528
169635,0.099584
169665,0.018944
169694,0.044544
169776,0.025856
169855,0.03328
169873,0.017152
169991,0.001792
170028,0.007424
170063,0.027392
170145,0.076288
170157,0.054016
170161,0.570112
170205,0.079872
170250,0.005376
170270,0.007424
170308,0.029184
170346,0.028416
170394,0.108032
170438,0.014848
170487,0.013824
170511,0.008448
170552,0.039424
170715,0.004864
170755,0.070656
170765,0.581888
170772,0.82816
170835,0.195328
170868,0.091648
170892,0.018432
170941,0.025344
170961,0.001024
170970,0.15872
171084,0.005888
171141,0.021248
171167,0.008448
171201,0.020224
171334,0.026112
171395,0.000256
171434,0.122112
171464,0.040448
171483,0.03328
171579,0.098304
171669,0.000512
171709,0.000768
171717,0.014592
171730,0.010496
171765,0.007936
171881,0.007936
171931,0.043008
171937,0.015104
171960,0.34688
172008,0.005888
172068,0.02944
172095,0.01152
172109,0.018432
172117,0.04608
172148,0.023808
172201,0.072192
172240,0.040704
172281,0.076032
172284,0.011008
172307,0.006912
172390,0.00768
172556,0.018944
172575,0.076288
172620,0.01792
172647,0.017152
172681,0.020224
172753,0.006144
172802,0.064512
172819,0.017152
172858,0.005888
172935,0.002816
172957,0.006912
172993,0.060416
173082,0.006144
173141,0.018432
173156,0.017408
173161,0.624128
173214,0.058368
173391,0.008192
173395,0.002304
173418,0.05376
173447,0.029184
173518,0.017152
173553,0.369152
173624,0.00128
173625,0.093696
173682,0.03456
173696,0.035328
173727,0.01536
173761,0.003328
173763,0.153088
173847,0.0064
173902,0.014336
173991,0.01792
174053,0.589312
174113,0.02688
174130,0.111872
174254,0.080896
174302,0.054272
174320,0.03712
174357,0.060928
174364,0.395776
174382,0.102912
174441,0.048384
174502,0.001792
174529,0.002816
174550,0.094208
174569,0.073728
174589,0.43136
174606,0.550656
174669,0.10752
174689,0.00384
174699,0.034304
174709,0.007424
174739,0.083712
174749,0.124928
174759,0.4096
174779,0.19328
174799,0.604416
174819,0.384512
174829,0.343808
174859,0.643072
174869,0.120064
174879,0.280576
174889,0.022528
174899,0.498176
174929,0.09984
174949,0.450304
174999,0.542464
175019,0.00896
175049,0.013056
175073,0.006144
175096,0.065536
175167,0.00512
175203,0.002048
175224,0.16256
175250,0.147456
175360,0.036608
175394,0.032512
175410,0.032
175449,0.035072
175456,0.051712
175496,0.020992
175506,0.436736
175559,0.058112
175565,0.019968
175605,0.011776
175620,0.040448
175641,0.03456
175674,0.06144
175703,0.00768
175725,0.123648
175829,0.035072
175847,0.0384
175872,0.010496
175900,0.045056
175959,0.054272
175996,0.124416
176156,0.02048
176158,0.024832
176159,0.73344
176208,0.002816
176384,0.02048
176416,0.003328
176443,0.007168
176453,0.032
176513,0.059136
176534,0.005632
176539,0.664832
176554,0.026368
176579,0.016896
176721,0.067584
176757,0.107008
176800,0.043008
176857,0.018176
176929,0.05888
176969,0.045568
176998,0.009728
177021,0.03072
177048,0.00256
177057,0.03968
177104,0.018176
177143,0.024064
177223,0.03072
177325,0.016896
177339,0.047616
177364,0.15232
177372,0.037376
177454,0.007936
177512,0.07296
177538,0.09472
177589,0.010496
177620,0.186112
177651,0.029696
177685,0.006144
177739,0.010752
177761,0.02176
177767,0.003072
177815,0.041472
177821,0.003072
177885,0.013568
177907,0.02944
177923,0.031232
177945,0.064768
177958,0.005376
177967,0.075264
178132,0.003328
178141,0.01024
178178,0.157696
178219,0.024832
178323,0.078848
178421,0.031232
178454,0.000256
178462,0.093696
178482,0.0064
178523,0.00256
178547,0.029184
178564,0.086784
178569,0.107264
178595,0.003328
178723,0.031744
178752,0.007936
178781,0.001536
178787,0.013056
178814,0.011008
178851,0.017152
178900,0.000256
178981,0.010752
179035,0.005632
179069,0.016384
179145,0.01792
179155,0.162048
179163,0.510208
179189,0.064256
179260,0.05632
179367,0.034816
179412,0.027904
179434,0.003072
179454,0.030464
179568,0.07168
179602,0.084736
179627,0.012544
179699,0.040704
179745,0.022272
179767,0.000256
179801,0.004608
179861,0.008704
179899,0.045312
179935,0.015616
179979,0.033536
179995,0.01152
180079,0.07296
180115,0.001792
180156,0.009984
180233,0.051968
180263,0.080128
180318,0.049408
180359,0.032256
180405,0.005376
180491,0.056832
180515,0.190208
180587,0.026624
180627,0.970752
180704,0.028416
180746,0.024064
180771,0.584192
180861,0.017152
180871,0.023808
180908,0.022016
180947,0.205056
180963,0.403456
180988,0.016384
181003,0.013056
181098,0.013824
181100,0.022528
181130,0.004608
181140,0.334336
181213,0.009216
181215,0.006144
181251,0.01408
181278,0.067072
181321,0.010496
181333,0.00896
181450,0.017408
181501,0.018176
181527,0.09088
181556,0.091392
181561,0.070144
181655,0.480256
181696,0.037632
181715,0.022272
181726,0.02176
181787,0.045824
181824,0.011008
181833,0.002816
181876,0.00384
181929,0.00512
182012,0.028416
182081,0.003072
182163,0.018176
182169,0.36608
182295,0.080128
182360,0.065792
182397,0.01792
182433,0.124928
182476,0.052224
182527,0.020224
182613,0.015104
182669,0.029184
182729,0.03328
182874,0.025856
182893,0.09728
182933,0.027648
182983,0.035072
183010,0.288768
183035,0.007424
183055,0.012544
183068,0.349184
183097,0.002048
183122,0.003072
183132,0.005376
183173,0.041728
183201,0.005888
183250,0.035072
183284,0.002304
183288,0.123648
183318,1.756416
183361,1.612032
183415,0.000512
183425,0.044544
183493,0.0128
183500,0.0192
183650,0.02176
183692,0.046848
183707,0.108032
183820,0.000256
183863,0.0064
183888,0.00256
183908,0.01024
183946,0.126208
183963,7.963392
184049,0.487424
184051,0.00128
184121,0.015872
184156,0.040448
184385,0.1088
184429,0.010496
184432,0.0384
184450,0.00384
184457,0.061184
184503,0.003584
184562,0.097792
184588,0.051968
184600,0.160512
184665,0.01792
184686,0.01536
184837,0.011008
184885,0.107264
184939,0.285184
184980,0.094208
185036,0.07296
185091,0.030208
185137,0.037632
185165,0.019456
185203,0.011264
185291,0.056064
185460,0.01024
185489,0.054016
185565,0.087296
185584,0.144384
185624,0.00256
185697,0.001024
185712,0.1216
185761,0.023808
185762,0.518656
185809,0.222208
185933,0.042496
185948,0.08064
185988,0.039168
186020,0.02048
186048,0.064256
186145,0.025856
186168,0.002048
186183,0.017664
186235,0.253696
186281,0.18688
186321,0.000512
186344,0.118016
186359,0.010752
186361,0.454144
186402,0.046336
186490,0.031488
186629,0.105984
186650,0.014592
186692,0.00128
186735,0.102656
186777,0.053248
186856,0.010496
186858,0.003328
186945,0.144128
186956,0.083712
186979,0.40704
187015,0.009728
187101,0.022784
187204,0.02432
187276,0.0576
187307,0.021248
187361,0.024064
187381,0.014592
187390,0.665856
187527,0.077056
187557,0.872192
187568,2.068992
187635,0.004608
187693,0.033536
187744,0.003072
187748,0.033024
187805,0.257536
187828,0.066304
187882,0.092672
187930,0.003072
187933,0.05504
187949,0.137472
188053,0.030464
188093,0.02048
188117,0.000768
188132,0.028416
188158,0.009472
188166,0.517376
188208,0.044288
188235,0.429312
188285,0.168192
188331,0.00128
188345,0.04352
188398,0.054528
188399,0.521216
188451,0.029184
188588,0.004864
188624,0.33664
188665,0.008704
188695,0.0576
188727,0.016384
188755,0.009216
188760,0.034816
188852,0.010752
188897,0.03584
188969,0.02176
188985,0.007424
189015,0.002304
189045,0.034048
189060,0.007168
189128,0.068096
189145,0.004352
189255,0.091136
189304,0.004096
189326,0.01152
189339,0.062208
189357,0.016128
189365,0.041984
189369,0.048896
189484,0.020992
189532,0.025856
189582,0.000512
189654,0.088064
189682,0.064768
189813,0.002048
189844,0.072192
189884,0.030464
189893,0.058368
189973,0.088064
190045,0.007168
190057,0.01536
190108,0.091136
190144,0.029952
190183,0.012288
190228,0.041728
190305,0.068864
190402,0.036096
190451,0.533504
190487,0.10496
190533,0.024064
190545,0.057088
190557,0.647168
190748,0.003072
190793,0.011264
190802,0.050176
190962,0.008704
190986,0.12672
191037,0.019712
191057,0.488448
191105,0.028672
191162,1.805056
191201,0.000768
191216,0.01536
191261,0.035328
191278,0.04096
191336,0.005632
191400,0.007168
191435,0.136704
191462,0.010496
191482,0.018176
191543,0.013056
191580,0.01536
191596,0.007424
191653,0.025088
191666,0.0448
191696,0.029952
191719,0.030464
191740,0.118272
191822,0.020736
191873,0.113152
191933,0.075776
192023,0.050432
192088,0.03456
192117,0.03712
192130,0.041216
192139,0.003584
192156,0.01408
192175,0.00512
192181,0.053504
192215,0.006144
192345,0.022784
192359,0.141312
192419,0.114176
192449,0.589568
192502,0.09344
192535,0.009984
192541,0.001024
192621,0.019712
192735,0.002304
192740,0.004096
192793,0.023552
192814,0.047872
192951,0.010496
192956,0.04608
192966,0.104192
192968,0.00256
193008,0.116736
193065,0.045056
193109,0.019968
193130,0.08704
193154,0.079104
193160,0.040704
193175,0.057856
193223,0.549376
193274,0.026112
193318,0.044032
193393,0.039424
193454,0.07808
193546,0.013312
193566,0.067072
193731,0.29568
193768,0.02048
193809,0.062464
193825,0.004096
193840,0.104192
193910,0.07552
193933,0.060416
193968,0.055808
194025,0.050944
194047,0.005888
194060,0.006912
194104,0.048128
194125,0.029696
194156,0.036352
194250,0.019456
194277,0.002816
194311,0.070144
194401,0.003584
194462,0.075264
194485,0.128256
194545,0.047104
194656,0.004608
194716,0.007936
194745,0.00256
194759,0.03072
194818,0.027648
194856,0.013568
194873,0.004352
194883,0.000768
194965,0.122368
195016,0.09088
195042,0.05888
195179,0.00256
195244,0.060928
195297,0.058624
195314,0.029184
195358,0.159232
195516,0.003072
195625,0.040192
195767,0.084992
195863,0.03456
195886,0.064512
195906,0.041984
195966,0.17792
196008,0.051456
196041,0.116224
196145,0.000256
196173,0.454912
196221,0.024832
196287,0.77056
196325,0.06912
196427,0.001024
196433,0.05248
196474,0.029696
196481,0.016128
196562,0.0384
196564,0.215808
196599,0.018688
196601,0.022016
196631,0.169728
196654,0.007168
196716,0.036864
196762,0.002816
196763,0.070144
196789,0.00512
196907,0.079616
196944,0.009216
197062,0.24704
197102,0.000512
197117,0.000768
197137,0.055552
197156,0.021504
197158,0.179968
197189,0.03072
197230,0.01152
197250,0.761856
197332,0.025088
197374,0.013568
197376,0.192
197436,0.041728
197532,0.005632
197559,0.007936
197585,0.051712
197625,0.001024
197700,0.00128
197746,0.28416
197756,0.029184
197771,0.030976
197784,0.244736
197940,0.017664
198010,0.364544
198149,0.04352
198247,0.004864
198320,0.027904
198340,0.032
198360,0.1856
198363,0.082688
198440,0.016128
198451,0.210688
198458,0.045824
198541,0.000256
198549,0.0384
198587,0.082688
198732,0.046848
198775,0.055296
198885,0.233728
198944,0.086272
198946,0.111104
199047,0.140032
199122,0.0128
199170,0.006656
199173,0.06912
199187,0.041472
199203,0.030208
199287,0.022784
199413,0.037888
199437,0.059136
199463,0.063232
199555,0.016896
199561,0.068864
199658,0.157184
199662,0.087808
199715,0.005888
199800,0.003584
199815,0.01536
199911,0.019456
199956,0.04352
200002,0.033024
200008,0.026624
200032,0.058624
200075,0.077312
200105,0.034304
200143,0.046336
200156,0.012544
200164,0.13312
200201,0.050432
200246,0.003072
200267,0.0448
200276,0.173824
200318,0.489472
200369,0.001792
200448,0.063744
200495,0.007168
200506,0.025088
200523,0.000256
200556,0.05632
200607,0.027136
200640,0.038912
200665,0.02048
200698,0.11776
200719,0.072704
200768,0.052992
200794,0.008448
200825,0.023552
200844,0.055552
200896,0.003072
200915,0.094464
200923,0.099072
200995,0.03712
201016,0.152576
201050,0.023808
201071,0.022272
201085,0.035584
201105,0.12288
201118,0.01792
201185,0.000512
201192,0.156672
201234,0.004352
201291,0.01536
201293,0.010496
201311,0.00256
201358,0.003072
201360,0.502528
201428,0.02048
201466,0.0256
201478,0.028928
201503,0.001792
201522,0.028672
201558,0.025344
201637,0.004864
201715,0.0576
201767,0.088832
201789,0.135168
201879,0.012544
201946,0.044544
201963,0.018432
201971,0.041472
202027,0.040192
202187,0.008704
202247,0.019712
202287,0.050688
202317,0.010752
202381,0.064512
202389,0.024832
202413,0.026624
202473,0.03456
202496,0.01152
202540,0.015104
202551,0.014848
202635,0.052224
202703,0.032512
202758,0.01408
202827,0.13568
202846,0.036864
202870,0.018176
202879,0.016896
202970,0.616704
202997,0.052992
203025,0.019456
203047,0.6656
203081,0.004352
203136,0.041216
203159,1.263872
203196,0.00512
203216,0.143872
203282,0.049408
203361,0.103424
203408,0.084992
203475,0.0128
203495,0.092672
203521,2.256384
203580,0.030464
203591,0.036864
203639,0.041728
203667,0.029952
203693,0.013312
203766,0.06016
203769,0.724736
203825,0.010496
203849,0.093696
203943,0.022528
203960,0.003072
203964,0.033024
204033,0.064
204093,0.027136
204177,0.090624
204303,0.016128
204327,0.00384
204345,0.02816
204357,0.178944
204425,0.004352
204502,0.005376
204530,0.05248
204556,0.112128
204577,0.004096
204724,0.016384
204729,0.03712
204745,0.068096
204775,0.01152
204874,0.01536
204924,0.011776
204954,0.032256
204959,0.397824
205044,0.039424
205058,0.168448
205182,0.00896
205279,0.001536
205289,0.058624
205359,0.024064
205376,0.006656
205439,0.038144
205472,0.014592
205504,0.043008
205527,0.00896
205558,0.027392
205561,0.029184
205585,0.295168
205633,0.018176
205668,0.01664
205691,0.429056
205835,0.043264
205859,0.03456
205885,0.009216
205918,0.047616
205952,0.018432
206027,0.00512
206115,0.120064
206135,0.0512
206157,0.086528
206166,0.001792
206242,0.177664
206271,0.06144
206351,0.022016
206422,0.020736
206467,0.10112
206518,0.044288
206525,0.004352
206546,0.019456
206549,0.068864
206603,0.012032
206615,0.00384
206634,0.0576
206684,0.018688
206694,0.002048
206716,0.100352
206765,0.102144
206831,0.365568
206875,0.012288
206898,0.01664
206907,0.08704
206923,0.007424
206957,0.027392
206970,0.013312
206996,0.003584
207069,0.04736
207132,0.056832
207159,0.057088
207192,0.025088
207253,0.00256
207291,0.0192
207426,0.04992
207435,0.068352
207496,0.006144
207559,0.044032
207586,0.051712
207613,0.058112
207803,0.132352
207852,0.001024
207879,0.033792
207916,0.164608
207927,0.024576
207937,0.078848
207958,0.188928
207987,0.036864
207999,0.063488
208032,0.1344
208069,0.037888
208110,0.041472
208156,0.014336
208180,0.0064
208183,0.06784
208208,0.071168
208254,0.052224
208330,0.025344
208355,0.008448
208448,0.052736
208493,0.0256
208494,0.353536
208542,0.030976
208555,0.3136
208620,0.173312
208661,0.026368
208686,0.04224
208786,0.018432
208789,0.010752
208845,0.056064
208909,0.047616
208945,0.002048
208974,0.058112
209043,0.01536
209061,0.029696
209098,0.01024
209122,0.030976
209146,0.080896
209241,1.018112
209300,0.143104
209322,0.077056
209358,0.008448
209368,0.04096
209397,0.049664
209435,0.053248
209442,0.38912
209493,0.374784
209625,0.012288
209635,0.001024
209675,0.002816
209702,0.016384
209733,0.00384
209745,0.024064
209764,0.023296
209833,0.007936
209844,0.001792
209872,1.427456
209939,0.01024
209965,0.001536
209966,0.23552
210020,0.020736
210079,0.0128
210152,0.005888
210220,0.00512
210262,0.037376
210290,0.01408
210333,0.22016
210362,0.0384
210390,0.024576
210411,0.04864
210442,0.035584
210476,0.007424
210509,0.027648
210522,0.006144
210577,0.001024
210631,0.029696
210644,0.587264
210738,0.013824
210773,0.013056
210800,0.00128
210879,0.001024
210908,0.030976
210945,0.009216
211038,0.022016
211092,0.029952
211145,0.02816
211166,0.096
211199,0.02944
211215,0.036608
211255,0.0256
211333,0.013312
211354,0.073216
211410,0.043776
211424,0.0704
211480,0.012288
211555,0.027648
211559,0.235008
211565,1.975296
211637,0.046848
211738,0.043264
211782,0.01024
211790,0.041472
211820,0.045312
211861,0.022528
211895,0.016128
211925,0.018944
211975,0.011008
212060,0.030464
212139,0.088064
212167,0.064
212173,0.178688
212178,0.058368
212302,0.065024
212328,0.064
212353,0.023296
212425,0.031744
212483,0.11776
212515,0.009216
212624,0.102144
212638,0.035072
212654,0.030976
212675,0.034816
212732,0.065536
212756,0.669696
212760,1.516288
212852,0.075776
212903,0.025344
213012,0.0
213135,0.002304
213182,0.190976
213201,0.022272
213297,0.041984
213328,0.06016
213332,0.047616
213487,0.0128
213562,0.04608
213589,0.024064
213698,0.090368
213836,0.010752
213905,0.070656
213959,0.015104
213978,0.157184
214049,0.006912
214096,0.057344
214128,0.011008
214193,0.011264
214249,0.079616
214344,0.07808
214375,0.000512
214394,0.617728
214428,0.027136
214453,0.017664
214501,0.009728
214552,0.00128
214615,0.097536
214624,0.039936
214695,0.006656
214732,0.036864
214749,0.345088
214791,0.019968
214807,0.06528
214846,0.063744
214873,0.011776
214891,0.051712
215047,0.003328
215156,0.062208
215177,0.029696
215219,0.02432
215233,0.065024
215285,0.083712
215307,0.036096
215340,0.008192
215385,0.063744
215386,0.216832
215423,0.009216
215476,0.022272
215527,0.004352
215563,0.018944
215574,0.035072
215695,0.001536
215761,0.189696
215771,0.011264
215858,0.040192
215881,0.059904
215897,3.22048
215973,0.021248
216035,0.045312
216237,0.007168
216258,0.185088
216369,0.001792
216429,0.038912
216455,0.024576
216532,0.025344
216550,0.066816
216595,0.015104
216638,0.031744
216691,0.05376
216802,0.102144
216850,0.032768
216952,0.00256
216959,0.67328
217022,0.018432
217035,0.025856
217048,0.035584
217064,0.007168
217113,0.005888
217121,0.001024
217133,0.007424
217205,0.043008
217236,0.01152
217258,0.097024
217379,0.026112
217410,0.042496
217448,0.34304
217505,0.073728
217553,0.013056
217560,1.222656
217586,0.639744
217633,0.034048
217658,0.09216
217687,0.068096
217709,0.028416
217755,0.276224
217806,0.090368
217901,0.037888
217949,0.005888
218007,0.00768
218061,0.016128
218081,0.011264
218124,0.015616
218157,0.005376
218269,0.06144
218352,0.015104
218375,0.003072
218399,0.009728
218409,0.082176
218457,0.048128
218503,0.075008
218541,0.009472
218559,0.03584
218569,0.04608
218609,0.019456
218691,0.041472
218745,0.005632
218765,1.001216
218852,0.070144
218882,0.019968
218980,0.009216
219005,0.018176
219018,0.022528
219032,0.009472
219201,0.027392
219229,0.026368
219275,0.275968
219330,0.10112
219364,0.421888
219435,0.102656
219590,0.03456
219647,0.042496
219673,0.01664
219686,0.014336
219877,0.004864
219879,0.042496
219893,0.087296
219924,0.098816
219965,0.231936
220038,0.00128
220098,0.09472
220137,0.060672
220181,0.094208
220186,0.00128
220277,0.237056
220304,0.068864
220375,0.057088
220393,0.014336
220407,0.066304
220485,0.002304
220487,0.0832
220591,0.047872
220710,0.018688
220854,0.088576
220918,0.054272
221038,0.072448
221073,0.04992
221089,0.032256
221095,0.014592
221140,0.003328
221151,0.031744
221160,0.046336
221162,0.391936
221253,0.0128
221271,0.046848
221463,0.018688
221465,0.05632
221511,0.08704
221552,0.021504
221635,0.00256
221649,0.024064
221707,0.00896
221745,0.070656
221749,0.022784
221755,0.017664
221864,0.02048
221921,0.123136
221977,0.043776
222002,0.003072
222074,0.007424
222187,0.034048
222211,0.02816
222224,0.022528
222250,0.226304
222360,0.200448
222404,0.010752
222500,0.048128
222580,0.009472
222605,0.031232
222651,0.028672
222691,0.109824
222725,0.032512
222760,0.104192
222811,0.009216
222832,0.036096
222914,0.051456
222935,0.040704
222944,0.04736
222958,0.002304
222984,0.089856
223090,0.015616
223093,0.003328
223104,0.019456
223114,0.001792
223127,0.00768
223187,0.044032
223228,0.029696
223273,0.042752
223288,0.022016
223319,0.013824
223417,0.008192
223444,0.105472
223483,0.008448
223504,0.005632
223519,0.249344
223539,0.01536
223567,0.02176
223568,0.096768
223651,0.024832
223682,0.04608
223705,0.018176
223720,0.00896
223737,0.01024
223791,0.02816
223828,0.092416
223892,0.010496
223922,0.005376
223932,0.100864
223975,0.00896
224029,0.013824
224074,0.002816
224092,0.102912
224138,0.011776
224145,0.00384
224160,0.970496
224220,0.017408
224248,0.030208
224317,0.076032
224347,0.008448
224429,0.00128
224455,0.005632
224514,0.00896
224534,0.038656
224594,0.02432
224650,0.030976
224716,0.002048
224737,0.007424
224746,0.018688
224763,1.435392
224817,0.032
224865,0.18688
224882,0.027648
224910,0.063232
224931,0.05504
224947,0.060672
224958,0.005632
224986,0.014848
225046,0.006144
225070,0.0064
225136,0.03712
225143,0.048896
225186,0.00128
225206,0.078848
225265,0.083712
225292,0.02432
225335,0.035072
225358,0.262144
225431,0.06912
225491,0.006144
225510,0.00128
225525,0.116224
225558,0.006912
225591,0.018176
225686,0.109056
225745,0.03456
225789,0.052992
225833,0.066304
225841,0.035584
225876,0.031744
225945,0.004608
225960,0.04352
226092,0.03456
226101,0.240896
226175,0.040704
226187,0.064
226195,0.012544
226214,0.021248
226250,0.00256
226340,0.013056
226490,0.004096
226503,0.042496
226525,0.028672
226564,0.02816
226598,0.023296
226645,0.026368
226657,0.009472
226680,0.003584
226685,0.014592
226721,0.019968
226753,0.014848
226785,0.0384
226839,0.04736
226869,0.020224
226917,0.023552
226964,0.043264
227001,0.037888
227008,0.014336
227011,0.091904
227021,0.2048
227064,0.093696
227084,0.438528
227165,0.013312
227167,0.036096
227247,0.37376
227427,0.107008
227459,0.030464
227581,0.068608
227646,0.100864
227753,0.02304
227789,0.60032
227892,0.05376
227956,0.030464
227973,0.006912
228004,0.026368
228030,0.007168
228057,0.018432
228138,0.009472
228267,0.020992
228314,0.045824
228318,0.12416
228336,0.072192
228358,0.110848
228378,0.024064
228476,0.011008
228634,0.013312
228697,0.040448
228733,0.0192
228736,0.1536
228813,0.237568
228870,0.02304
228896,0.058368
228959,0.257536
228960,0.782592
229122,0.060416
229162,0.024576
229280,0.046336
229305,0.031744
229519,0.091136
229534,0.026624
229543,0.02432
229559,0.011776
229581,0.036096
229619,0.016128
229647,0.016384
229711,0.021248
229721,0.012288
229752,0.004864
229790,0.015872
229815,0.018688
229865,0.032512
229894,0.09856
229943,0.003328
229975,0.026112
230084,0.017152
230145,0.001536
230146,0.289792
230158,0.043008
230175,0.358144
230271,0.076032
230320,0.015616
230359,0.006656
230375,0.046336
230417,0.010752
230533,0.079104
230630,0.029184
230692,0.008704
230718,0.052992
230753,0.059648
230774,0.365056
230833,0.317696
230893,0.080896
230903,0.148224
230923,0.150016
230933,0.05504
230943,0.093184
230953,0.113408
230983,0.644864
231003,0.027136
231013,0.004352
231023,0.158464
231053,0.07296
231063,0.126976
231093,0.380928
231103,0.054272
231113,0.234752
231133,0.344064
231163,0.139008
231173,0.175104
231183,0.251136
231193,0.120576
231233,0.74624
231243,0.3264
231253,0.233472
231263,0.095232
231273,0.400896
231283,0.073728
231293,0.034816
231313,0.270336
231323,0.216064
231343,0.328448
231353,0.367616
231383,0.259072
231393,0.121344
231413,0.49408
231433,0.159744
231453,0.592896
231463,0.018432
231473,0.18944
231493,0.521984
231503,0.708608
231513,0.407552
231553,0.883968
231610,0.00256
231613,0.016128
231665,0.020992
231736,0.041472
231747,0.008192
231840,0.041472
231910,0.061184
231946,0.159488
232044,0.00384
232115,0.019712
232149,0.083712
232199,0.033792
232295,0.01152
232311,0.00384
232461,0.025088
232476,0.470528
232546,0.00128
232562,0.046592
232564,0.06656
232575,0.123904
232644,0.034304
232671,0.05632
232689,0.00384
232821,0.015616
232857,0.337408
232916,0.00384
232934,0.0064
232936,0.049408
233027,0.076544
233128,0.035072
233150,0.777728
233174,0.018432
233222,0.003584
233236,0.001792
233329,0.016384
233379,0.067072
233408,0.001792
233442,0.008448
233545,0.007424
233735,0.004096
233745,0.004096
233751,0.000256
233768,0.055296
233771,0.012288
233785,0.086528
233809,0.514816
233867,0.009472
233919,0.005376
233975,0.001792
234028,0.000256
234119,0.090624
234293,0.139264
234356,0.080896
234396,0.049152
234412,0.017408
234441,0.047104
234507,0.002304
234515,0.036864
234613,0.43264
234658,0.011264
234671,0.015104
234694,0.02816
234745,0.068608
234783,0.084992
234807,0.027648
234875,0.001536
234904,0.005376
234945,1.076992
234964,0.042752
235010,0.068864
235036,0.077824
235064,0.038144
235077,0.001024
235149,0.000768
235156,0.038144
235201,0.031744
235296,0.020736
235387,0.02688
235493,0.069888
235546,0.019712
235561,0.024576
235566,0.047872
235645,0.048896
235696,0.074496
235733,0.063488
235747,0.10624
235765,0.069632
235917,0.038144
236023,0.069376
236122,0.008448
236129,0.054528
236158,0.020224
236169,0.01792
236337,0.058368
236427,0.013568
236437,0.0
236480,0.007936
236500,1.507072
236600,0.054016
236630,0.096512
236667,0.019712
236720,0.058368
236734,0.032512
236740,0.028928
236757,0.088064
236810,0.075776
236830,0.224512
236850,0.387584
236870,0.201728
236890,0.151296
236900,0.128512
236910,0.218112
236930,0.76416
236950,0.1536
236960,0.511232
236990,0.376576
237020,0.736256
237040,0.043264
237050,0.763648
237060,0.39296
237070,0.083712
237080,0.474368
237130,0.056064
237219,0.039424
237268,0.034816
237325,0.04992
237345,1.149184
237363,0.782848
237410,0.012544
237440,0.177664
237528,0.005376
237610,0.041216
237627,0.031232
237631,0.013824
237683,0.019968
237739,0.0
237843,0.039168
237858,0.00384
237869,0.027904
237904,0.005376
237950,0.21376
238011,0.065024
238061,0.011776
238094,0.028416
238105,0.044544
238176,0.022272
238267,0.034816
238337,0.07424
238360,0.005888
238394,0.007424
238398,0.024064
238450,0.075776
238520,0.011776
238545,0.202496
238595,0.071168
238720,0.05632
238828,0.043008
238972,0.017408
238995,0.02304
239065,0.063488
239158,0.094464
239163,0.004608
239197,0.00512
239233,0.006912
239262,0.04992
239366,0.015616
239369,0.071936
239402,0.013056
239454,0.04736
239476,0.007168
239502,0.017408
239567,0.001792
239569,0.0192
239575,0.012032
239595,0.025856
239697,0.004608
239746,0.075264
239767,0.141312
239838,0.015616
239865,0.011008
239885,0.079104
239931,0.064256
239960,0.035072
240016,0.098304
240043,0.001024
240187,0.036096
240229,0.009216
240235,0.00128
240264,0.005632
240345,0.007936
240364,0.793856
240453,0.00896
240504,0.022272
240574,0.087552
240623,0.08192
240651,0.094976
240675,0.020736
240702,0.066816
240751,0.008704
240803,0.00384
240827,0.017152
240834,0.002304
240836,0.064768
240861,0.02816
240958,0.022528
240961,0.728832
240975,0.603904
241072,0.027136
241149,0.023552
241201,0.086272
241235,0.009472
241276,0.067328
241367,0.068864
241413,0.123648
241425,0.028672
241444,0.006912
241467,0.023296
241495,0.064
241546,0.007424
241554,0.005376
241559,0.071424
241562,0.40064
241624,0.032256
241672,0.030464
241685,1.888256
241718,0.014592
241770,0.011008
241805,0.009984
241852,0.029696
241947,0.058624
241979,0.04096
242088,0.033792
242124,0.060928
242163,0.003328
242249,0.008448
242314,0.007936
242328,0.003328
242372,0.180224
242408,0.003328
242449,0.032512
242488,0.025856
242665,0.047616
242751,0.056576
242769,0.017408
242825,0.030208
242885,0.052992
242909,0.039936
242928,0.005632
242932,0.017152
242956,0.034816
242960,0.008704
243008,0.046848
243041,0.009216
243060,0.005888
243076,0.024576
243116,0.018944
243158,0.82688
243253,0.061952
243284,0.010752
243298,0.036608
243320,0.040704
243327,0.013568
243348,0.01664
243453,0.019712
243533,0.0192
243554,0.045056
243560,0.016128
243585,0.188928
243652,0.007936
243703,0.017152
243718,0.005888
243751,0.03072
243788,0.079872
243827,0.02176
243877,0.085248
243901,0.013568
243929,0.001536
243958,0.087808
243963,0.14592
243988,0.029184
244052,0.009216
244096,0.088576
244158,0.008704
244205,0.02176
244347,0.01792
244401,0.006656
244455,0.048128
244496,0.00768
244537,0.04608
244549,0.279552
244565,0.303616
244656,0.028416
244667,0.054016
244694,0.04224
244737,0.009728
244745,0.015616
244747,0.045568
244748,0.761088
244818,0.01024
244892,0.02304
244904,0.059648
244953,1.362688
244984,0.228608
244992,0.58368
245055,0.534528
245137,0.058624
245218,0.243712
245219,0.782848
245256,0.623104
245314,0.029696
245350,0.032512
245386,0.01664
245410,0.005376
245423,0.015616
245436,0.02176
245472,0.192256
245524,0.015104
245572,0.005376
245575,0.1472
245605,0.05632
245709,0.047104
245723,0.03456
245766,0.055552
245812,0.02048
245833,0.015872
245856,0.088064
245857,0.29824
245892,0.040704
245905,0.048896
245938,0.114176
245946,2.21696
246011,0.010496
246025,0.68992
246093,0.041472
246203,0.002048
246205,0.020224
246223,0.022528
246265,0.033024
246323,0.036864
246339,0.004864
246361,0.424704
246401,1.361408
246404,0.49024
246508,0.041984
246523,0.007936
246564,4.446464
246582,0.1792
246633,1.060608
246644,0.393472
246676,0.2368
246706,0.036096
246716,0.438272
246807,0.0256
246829,0.060672
246833,0.79488
246873,0.006656
246921,1.78816
246997,0.09088
247138,0.02944
247205,0.04096
247255,0.09856
247307,0.008704
247365,0.530944
247405,0.01792
247463,0.025856
247482,0.07424
247508,0.025344
247533,0.653568
247559,0.206336
247577,1.888512
247671,0.159232
247697,0.195328
247717,0.05504
247770,0.043776
247779,0.033536
247851,0.479232
247918,0.255488
247927,0.036608
247955,0.609536
247989,1.237248
248040,0.013824
248112,1.9328
248145,0.233216
248166,0.51712
248213,0.014592
248221,0.09472
248330,0.062208
248332,0.45824
248358,0.038912
248361,12.465152
248437,0.12416
248576,0.003072
248597,0.642816
248631,0.014592
248680,0.498688
248728,0.020736
248783,0.103168
248821,0.0
248864,0.005376
248879,0.081664
248905,0.50304
248934,0.207616
248952,0.159744
248974,0.010752
248987,0.688128
249035,0.02048
249077,0.575488
249140,0.170752
249183,0.771072
249211,0.365056
249252,0.91264
249321,0.019456
249351,0.277504
249363,0.716288
249374,0.149248
249401,1.160448
249446,0.040704
249492,0.001024
249495,0.037632
249533,0.005376
249543,0.129792
249570,2.45248
249645,0.013568
249652,0.00128
249664,0.18816
249713,0.651008
249739,0.022016
249772,0.395776
249865,0.038656
249890,2.208256
249948,0.011776
249956,0.01408
249959,0.306944
250012,0.063488
250035,0.097792
250085,0.022016
250120,0.555264
250356,0.050176
250375,0.102144
250377,0.278528
250419,0.77696
250458,0.005888
250498,0.09856
250547,0.01152
250557,0.032
250600,0.106496
250625,0.070144
250650,0.049152
250697,0.149248
250727,0.078848
250756,1.454592
250808,0.062208
250900,0.03584
250920,0.038656
250932,0.003584
250956,0.080128
251063,0.001024
251085,0.047616
251120,0.013312
251156,0.0064
251205,0.005632
251206,0.6912
251232,0.93568
251287,0.004096
251307,0.00384
251339,0.085248
251382,0.18816
251410,0.025344
251450,0.009984
251470,0.00256
251478,0.047872
251491,0.006144
251509,0.129536
251542,0.013056
251587,0.04608
251593,0.13824
251643,0.060672
251699,0.038144
251752,0.909312
251809,1.0624
251854,0.109056
251869,0.98304
251967,0.028416
252039,0.031744
252058,0.004096
252065,0.455168
252176,0.013568
252210,0.059648
252233,0.31616
252340,0.08064
252352,0.018944
252359,0.010752
252434,0.075008
252457,0.01664
252477,0.04864
252510,0.023296
252542,0.0128
252610,0.103936
252667,0.045824
252795,0.040192
252816,0.254976
252885,0.037376
252889,0.007424
252923,0.010496
252945,0.029952
252956,0.040704
253027,0.007168
253033,0.002304
253042,0.024576
253068,0.00256
253084,0.119296
253106,0.0448
253117,0.10496
253119,0.478464
253156,1.225472
253167,0.51456
253186,1.148416
253223,0.029184
253250,0.05504
253287,0.14464
253349,0.030464
253373,1.810688
253427,0.054528
253458,0.013568
253490,0.018688
253517,0.00128
253556,0.063744
253565,1.215744
253649,0.02432
253656,0.036864
253731,0.369152
253732,1.1136
253808,0.066816
253858,0.152832
253866,0.0768
253889,0.542464
254039,0.035072
254056,0.040704
254142,1.534464
254168,0.051968
254169,0.027904
254181,0.292608
254276,0.022528
254300,0.731904
254369,0.012288
254401,0.141824
254454,0.171264
254491,0.032
254504,0.031232
254546,0.025088
254593,0.008448
254660,0.006144
254701,0.017664
254716,2.222592
254750,1.456128
254813,2.018048
254828,0.432128
254847,0.127488
254997,0.018688
255007,0.018944
255025,0.032256
255049,0.033024
255057,1.307648
255091,0.129536
255182,0.038144
255237,0.014848
255256,0.174848
255356,0.005632
255370,0.091392
255424,0.02304
255449,0.008192
255458,0.04352
255475,0.04864
255487,0.966144
255488,0.206592
255561,0.056064
255592,0.134144
255660,0.012544
255689,0.01024
255752,0.062464
255821,0.014592
255959,1.615104
255985,0.100096
256091,0.022016
256187,0.022016
256254,0.009984
256293,0.0128
256392,0.029696
256434,0.124672
256455,0.012544
256487,0.008448
256521,0.100096
256545,1.653504
256609,0.218368
256753,0.03584
256787,0.033792
256790,0.051456
256822,0.032768
256892,0.066048
256987,0.004608
256996,0.628736
257107,0.021504
257140,0.026368
257145,0.172032
257267,0.0128
257321,0.027648
257367,0.000256
257377,0.032768
257401,0.01152
257412,0.04096
257450,0.067584
257525,0.004864
257543,0.026112
257604,0.002048
257756,0.152064
257910,0.031744
257924,0.008704
257955,0.105728
257972,0.019712
257992,0.017408
258017,0.018688
258142,0.0128
258185,0.042496
258413,0.009984
258522,0.016896
258542,0.178176
258640,0.041472
258718,0.039424
258806,0.011776
258958,0.224512
258966,0.323072
259069,0.003328
259160,0.00512
259181,0.016128
259193,0.055552
259234,0.022016
259244,0.00128
259267,0.123392
259298,0.031232
259351,0.05632
259369,0.016896
259464,0.04864
259475,0.110592
259507,0.011264
259545,0.030464
259561,0.059904
259562,0.076544
259652,0.007168
259673,0.096256
259735,0.120576
259808,0.0896
259841,0.01152
259875,0.101632
259938,0.060416
259964,0.010752
260024,0.009472
260105,0.035328
260133,0.022528
260200,0.104448
260306,0.096
260347,0.022784
260432,0.121856
260479,0.043008
260500,0.011008
260525,0.00768
260536,0.015872
260649,0.167424
260757,0.037888
260768,0.01152
260838,0.013824
260852,0.028672
260925,0.03712
260987,0.14464
261034,0.002304
261087,0.039424
261097,0.6464
261262,0.324096
261281,0.026624
261335,0.004608
261343,1.132544
261356,0.328448
261364,4.23296
261425,3.041536
261479,0.05504
261508,0.003328
261554,0.09216
261604,0.025088
261651,0.1088
261676,0.048384
261698,0.000768
261891,0.315648
261958,0.000512
261962,0.022272
262031,0.029696
262067,0.01408
262215,0.017152
262272,0.296704
262354,0.159232
262385,0.076544
262453,0.100864
262485,0.118528
262546,0.077056
262557,0.181248
262559,0.120832
262655,0.022528
262691,0.0576
262753,0.011008
262778,0.012032
262809,0.035584
262830,0.01152
262879,0.068096
262893,0.090112
262908,0.028416
262962,0.00768
262999,0.00384
263112,0.03456
263304,0.053248
263445,0.072704
263489,0.054784
263527,0.092928
263596,0.013312
263646,0.034816
263681,0.00896
263702,0.015104
263727,0.001024
263764,0.007936
263767,0.113408
263768,0.184576
263881,0.044544
263953,0.046336
264034,0.08192
264076,0.310784
264100,0.0064
264204,0.0128
264258,0.025856
264347,0.020736
264450,0.005888
264481,0.01408
264567,0.003328
264587,0.077568
264664,0.09344
264685,0.043776
264694,0.03712
264727,0.000256
264765,0.069376
264844,0.008704
264867,0.030976
264883,0.05376
264945,0.005888
264993,0.02176
265002,1.942784
265047,0.004096
265093,0.010496
265162,0.0832
265236,0.201984
265303,0.009216
265324,0.045568
265353,0.069376
265473,2.826752
265556,0.0192
265584,0.198144
265695,0.018176
265747,0.005632
265797,0.01536
265866,0.002816
265953,0.065024
265970,0.01024
265997,0.000768
266090,0.054528
266139,0.009728
266145,0.03968
266169,0.008448
266213,0.076288
266295,0.008704
266403,0.052736
266463,0.04864
266478,0.017664
266572,0.002048
266592,0.168704
266641,0.03456
266757,0.007936
266769,0.435456
266827,0.000768
266836,0.083968
266878,0.006144
266915,0.030208
266935,0.018944
267015,0.036608
267067,0.032768
267104,0.157696
267207,0.052224
267307,0.01024
267362,0.06016
267371,0.512768
267385,0.055808
267484,0.036352
267528,0.009216
267675,0.04608
267734,0.01408
267773,0.155392
267816,0.068352
267830,0.045824
267842,0.01792
267881,0.00512
267948,0.013312
267955,0.013056
267968,0.439808
268047,0.0064
268107,0.04992
268163,0.073216
268190,0.081152
268244,0.004352
268276,0.010496
268287,0.00128
268338,0.004096
268520,0.011008
268532,0.046848
268560,0.197376
268562,0.09472
268618,0.037888
268672,0.006656
268687,0.07168
268802,0.04736
268812,0.004352
268907,0.001792
268935,0.011008
268965,0.0384
268980,0.001536
269095,0.068608
269130,0.069888
269207,0.153856
269320,0.01152
269344,0.059136
269356,0.041216
269393,0.008704
269447,0.05376
269568,0.025088
269667,0.013568
269712,0.049408
269724,0.030464
269759,0.036096
269760,0.489728
269815,0.048384
269824,0.037888
269898,0.03072
269923,0.006144
269959,0.00256
269971,0.002304
269981,0.105728
270051,0.024576
270118,0.03584
270142,0.02432
270233,0.091136
270244,0.061952
270272,0.632576
270357,0.50432
270393,0.086528
270460,0.049664
270535,0.009728
270575,0.01408
270608,0.048384
270754,0.022528
270802,0.043264
270876,0.054528
270883,0.014848
270945,0.000768
270957,0.1408
270985,0.007936
270997,0.309248
271037,0.03328
271049,0.032512
271058,0.024832
271102,0.023552
271147,0.01792
271155,0.016896
271223,0.1024
271256,0.09344
271275,0.127232
271285,0.832
271345,0.035328
271372,0.013312
271400,0.001024
271510,0.031744
271515,0.013056
271545,0.022272
271559,0.092416
271584,0.210688
271618,0.304384
271671,0.022784
271734,0.288512
271757,0.414208
271794,0.010752
271804,0.040704
271827,1.57952
271845,0.710912
271930,0.022272
271964,0.004352
272013,0.58112
272055,0.000512
272122,0.007168
272165,0.322048
272189,0.086016
272211,0.634624
272275,0.018688
272358,0.017408
272370,0.631808
272400,0.174592
272439,0.119552
272475,0.024832
272487,0.032768
272528,0.176128
272563,0.07168
272572,0.036608
272621,0.12032
272655,0.067328
272678,0.001536
272692,0.040704
272702,0.133888
272705,0.133376
272763,0.04352
272766,0.301824
272790,0.028928
272805,0.404224
272901,0.01792
272935,0.084736
272962,0.040192
273012,0.005632
273129,0.009728
273133,0.01152
273176,0.237056
273215,0.02432
273222,0.002048
273250,0.46592
273265,0.15744
273340,0.207104
273353,0.024832
273370,0.227328
273379,1.471744
273396,0.006656
273455,0.61952
273461,2.298624
273520,0.049664
273599,0.026368
273604,0.607232
273639,0.016384
273656,0.011776
273692,0.117248
273732,0.03328
273758,0.072704
273812,0.06528
273829,0.01792
273898,0.07168
273910,0.3392
273966,0.881152
274005,0.005632
274028,0.027904
274050,0.02304
274086,0.031488
274135,0.118016
274266,0.014336
274420,0.007936
274437,0.138752
274478,0.027392
274546,0.033792
274558,0.022784
274604,0.166656
274648,0.282112
274680,0.01536
274694,0.001024
274787,0.02816
274807,0.016384
274866,0.033024
274881,0.03072
274917,0.06144
274935,0.037888
274939,0.030208
275006,0.004864
275018,0.041728
275036,3.121408
275086,0.011264
275125,0.018176
275145,0.024064
275159,0.036608
275206,0.330752
275247,0.148736
275288,0.0128
275305,0.032256
275348,0.01792
275373,0.020992
275396,0.064256
275407,0.01152
275436,0.098816
275456,0.336896
275476,1.006592
275537,0.03072
275574,0.018176
275580,0.01664
275590,0.219904
275605,0.325888
275621,0.074496
275631,0.145664
275676,0.001536
275693,0.004096
275709,0.036864
275723,0.08832
275738,0.805632
275763,5.658112
275844,0.012288
275878,0.070144
275900,0.050688
275932,3.045632
276012,0.014848
276101,0.27392
276135,0.122624
276159,0.113152
276252,0.038656
276316,0.154112
276350,0.085248
276381,0.011776
276448,0.014336
276491,0.196608
276534,0.042496
276547,0.076288
276565,0.026368
276634,0.256
276658,0.03712
276701,0.062208
276716,0.007168
276747,0.017408
276788,0.00256
276807,0.02816
276823,0.041984
276893,0.003072
276898,0.032512
276928,0.011264
276946,0.28416
276959,0.883712
277011,0.0064
277071,2.609664
277144,0.008192
277150,0.016384
277183,0.014592
277198,0.065024
277316,0.104704
277377,0.004096
277396,0.016128
277406,0.00768
277440,0.024832
277447,0.06528
277462,0.122112
277540,0.056832
277553,0.088832
277568,0.393216
277652,0.02688
277695,0.03712
277739,0.012544
277750,0.077568
277892,0.090368
277959,0.396032
277999,0.056832
278046,0.071168
278048,0.620288
278070,0.444928
278145,0.181248
278164,0.494848
278185,0.09856
278233,0.044544
278249,0.001792
278277,0.006656
278308,0.041984
278310,0.01408
278394,0.007936
278401,0.009728
278498,0.017408
278506,0.182528
278524,0.420096
278588,0.01408
278592,0.014848
278652,0.028672
278699,0.042752
278730,0.052992
278761,0.011776
278775,0.02944
278780,0.137984
278784,0.040192
278818,0.00768
278823,0.070144
278850,0.021504
278952,0.01664
279051,0.009728
279078,1.476352
279142,0.031232
279174,0.00768
279187,0.19712
279252,0.276224
279279,0.090112
279326,0.013056
279337,0.079104
279374,0.015104
279401,0.062464
279410,0.058368
279440,0.075264
279547,0.058368
279554,0.192256
279598,0.054528
279604,0.400896
279654,0.088576
279686,0.034048
279767,0.092416
279802,0.118528
279907,0.101632
279963,0.10496
279993,0.08704
280049,0.03072
280080,0.427008
280143,0.001536
280160,0.246272
280223,0.060672
280245,0.033024
280302,0.0192
280310,0.019968
280349,0.019712
280367,0.154624
280445,0.014848
280452,0.623616
280545,0.004352
280556,0.942848
280617,0.00384
280627,0.26752
280684,0.007168
280713,0.012544
280748,0.568064
280786,0.132096
280855,0.462848
280967,0.037376
281007,0.000768
281043,0.109568
281064,0.103168
281103,0.058624
281122,1.928192
281152,0.406528
281164,0.117504
281278,0.015104
281331,0.084224
281346,0.024576
281378,0.012032
281429,0.077312
281489,0.013568
281680,0.072704
281702,0.244224
281785,0.141056
281848,0.063232
281872,0.16
281893,0.034048
281938,0.053504
281993,0.015616
282009,0.997376
282050,0.265984
282085,0.054528
282164,0.698624
282198,0.047104
282245,0.00256
282262,0.176384
282286,0.05632
282334,0.011776
282357,0.248064
282427,0.04352
282452,0.003072
282501,0.002816
282560,0.022272
282583,0.66816
282627,0.029184
282650,0.000768
282688,0.050176
282727,0.037632
282731,2.143488
282794,0.003328
282823,0.509696
282890,0.032
282904,0.616192
282939,0.070656
282965,0.973824
283012,0.000768
283029,0.048384
283082,0.015616
283136,0.013568
283145,0.014336
283212,0.001792
283227,0.043776
283258,0.003328
283287,0.028672
283312,0.046336
283329,0.042496
283405,0.016128
283420,0.084224
283457,0.018176
283476,0.02688
283524,0.5056
283555,0.423936
283653,0.027904
283714,0.758016
283748,0.023296
283805,0.002304
283824,0.005376
283850,0.112128
283982,0.122368
284043,0.01024
284065,0.002816
284106,0.023296
284135,0.042496
284142,0.0064
284167,0.155136
284202,0.033792
284234,0.192256
284295,0.007936
284331,0.220672
284425,0.63488
284469,0.020992
284507,0.018688
284530,0.034304
284564,0.16256
284576,0.247808
284682,0.022272
284721,0.00896
284757,0.284928
284769,0.037632
284814,0.009216
284839,0.008704
284879,0.033024
284938,0.000256
284977,0.150528
285096,0.024832
285140,0.027904
285174,0.049152
285236,0.054272
285316,0.002816
285331,1.517824
285360,0.013824
285431,0.010752
285442,0.0576
285485,0.065024
285516,0.00512
285531,0.000512
285557,0.039168
285591,0.021248
285608,0.0
285643,0.15872
285695,0.011008
285714,0.006656
285716,0.008448
285755,0.013056
285836,0.022528
285907,0.025088
285922,0.01152
285935,0.29824
285954,0.0128
285966,0.040448
285975,0.047872
285996,0.00256
286013,0.015104
286029,0.004864
286055,0.01792
286078,0.044544
286112,0.129024
286138,0.011264
286160,0.022016
286238,0.132864
286271,0.021504
286315,0.006912
286362,0.461568
286406,0.148224
286413,1.101824
286487,0.003072
286537,0.8896
286563,0.178176
286584,0.217856
286623,0.038912
286648,0.037888
286665,0.423936
286695,0.098048
286729,0.04096
286799,0.003328
286812,1.029888
286879,0.002816
286899,1.018624
286909,0.539904
286968,0.000256
287013,0.015872
287071,0.064
287128,0.007936
287159,0.297472
287180,0.009984
287247,0.019968
287255,1.630976
287333,0.344576
287371,0.072704
287410,0.00128
287425,0.034304
287469,0.007424
287472,0.007424
287496,0.084736
287527,0.023552
287562,0.253696
287628,0.11008
287670,0.011776
287678,0.226304
287711,0.9984
287768,0.712448
287811,0.00768
287821,0.041984
287840,0.035328
287882,0.01664
287899,0.007424
287968,0.108288
287999,0.305152
288048,0.000768
288077,0.052736
288104,0.004864
288108,0.013824
288176,0.030976
288257,0.044032
288347,0.09856
288395,0.027648
288497,0.04864
288518,0.27008
288615,0.0576
288621,0.388096
288655,0.044288
288700,0.080128
288718,0.064
288811,0.069888
288839,0.018176
288864,0.005888
288897,0.00768
288917,0.082688
288962,0.050432
289020,0.003584
289030,0.01792
289055,0.250112
289075,0.449024
289214,0.082688
289263,0.084736
289418,0.029696
289461,0.019712
289487,0.09472
289513,0.071936
289537,0.06144
289559,0.06784
289609,0.017152
289645,0.070656
289711,0.004096
289751,0.063488
289795,0.031744
289864,0.126208
289889,0.009216
289964,0.494336
289992,0.168192
290046,0.059904
290048,0.003328
290071,0.008704
290084,0.641792
290238,0.598016
290292,0.129536
290335,0.094464
290379,0.045824
290424,0.065024
290486,0.061696
290530,0.0064
290567,0.013312
290608,0.184576
290659,0.01664
290670,0.07168
290701,0.205056
290717,0.076032
290756,0.06272
290761,0.339712
290798,0.118528
290827,0.005888
290847,0.069888
290864,0.125952
290881,0.009984
290970,0.025344
291000,0.11008
291156,0.02688
291287,0.01024
291307,0.024064
291326,0.004352
291335,0.004864
291390,0.15872
291429,0.032
291463,0.096512
291488,0.006144
291505,0.03328
291534,0.086784
291651,0.02432
291748,0.050176
291754,0.1536
291785,0.026624
291845,0.01024
291895,0.016896
291915,0.005632
291933,0.00256
291934,0.041984
291959,0.003072
291968,0.289536
291994,0.568576
292040,0.003072
292053,0.229632
292137,0.042752
292250,0.08448
292369,0.006144
292414,0.007936
292435,0.021248
292442,0.008448
292495,0.04736
292514,0.057856
292565,0.118272
292642,0.016128
292655,0.060672
292659,0.453376
292684,0.098048
292796,0.029184
292855,0.435456
292868,0.037888
292948,0.050688
292954,0.619264
292977,0.048128
293121,0.0256
293153,0.01664
293166,0.906496
293218,0.0192
293258,0.004096
293295,0.006144
293304,0.287744
293359,0.017408
293399,0.086528
293443,0.014336
293571,0.095488
293614,0.018432
293641,0.027904
293667,0.01024
293687,0.0384
293703,0.379648
293705,0.615168
293743,0.029696
293784,0.049664
293799,0.150528
293837,0.011776
293854,0.016384
293872,0.039168
293899,0.015104
293946,1.257216
294019,0.076544
294032,0.183552
294063,0.045056
294076,0.013312
294140,0.016896
294193,0.025344
294231,0.215296
294253,0.255744
294255,0.684032
294282,0.007424
294296,0.678144
294316,0.214272
294358,0.003328
294362,1.073408
294392,0.199424
294427,0.025344
294432,0.17408
294471,0.039168
294562,0.33152
294666,0.001024
294700,0.062208
294735,1.047808
294906,0.004608
294958,0.002816
294965,0.848128
295009,0.049152
295048,0.03584
295120,0.028672
295142,0.00768
295160,0.07936
295165,0.035072
295200,0.151552
295255,0.023808
295315,0.024576
295333,1.380608
295445,0.016896
295465,0.219136
295499,0.01536
295559,0.639744
295584,0.343808
295640,0.002816
295699,0.055808
295717,0.000768
295751,0.024832
295760,0.771328
295767,0.298496
295848,0.015872
295882,0.02176
295947,0.050176
295966,0.014336
296011,0.004608
296062,0.022784
296086,0.060416
296101,0.11776
296140,0.066048
296145,1.170432
296165,0.67968
296198,1.511936
296267,0.005632
296274,0.054528
296296,0.014336
296311,0.00896
296350,0.046592
296395,0.064256
296403,0.058112
296424,0.065792
296449,0.126464
296499,0.018432
296600,0.0192
296620,0.008448
296638,0.062464
296695,0.13312
296743,0.008192
296758,1.422592
296855,0.048128
296879,0.045312
296909,0.070144
296936,0.015104
296960,0.019712
296972,0.040192
297000,0.032
297023,0.021248
297067,0.001792
297113,0.064256
297151,0.009728
297161,0.839168
297246,0.133376
297356,0.105216
297361,0.311296
297431,0.159744
297446,0.365312
297527,0.02432
297590,0.070912
297682,0.175872
297725,0.002816
297727,0.031232
297760,0.02176
297794,0.062464
297830,0.018688
297851,0.051712
297878,0.005376
297887,0.380928
297923,0.066816
297936,0.02816
297946,0.03584
298078,0.01408
298158,0.035328
298163,0.054528
298196,0.038912
298241,0.050688
298289,0.007168
298303,0.028672
298307,0.110848
298418,0.017408
298421,0.107008
298455,0.050432
298508,0.078848
298533,0.059136
298551,0.032256
298559,4.530176
298608,0.034304
298621,0.178944
298661,0.255488
298681,0.018688
298691,0.431872
298721,0.097536
298751,0.167424
298761,0.206592
298771,0.050176
298781,0.2944
298791,0.044544
298801,0.059392
298811,0.372224
298821,0.336128
298831,0.06144
298841,0.41344
298851,0.515584
298861,0.182016
298901,0.255744
298911,0.05376
298931,0.028672
298941,0.0064
298951,0.034304
298981,0.007168
299075,0.065024
299115,0.011264
299119,0.082432
299186,0.021504
299247,0.011264
299292,0.019456
299336,0.14848
299367,0.04352
299408,0.077056
299468,0.016896
299487,0.036608
299528,0.017152
299548,0.11904
299616,0.038144
299644,0.001536
299651,0.112896
299721,0.062976
299758,0.268544
299764,1.048832
299867,0.019456
299940,0.025344
299942,3.11424
300049,0.457984
300079,0.077056
300203,0.46464
300260,0.047104
300330,0.04608
300349,0.004864
300364,1.319168
300456,0.093184
300549,0.013312
300600,0.014336
300637,0.014848
300657,0.213504
300728,0.04608
300797,0.038656
300816,0.460544
300862,0.026368
300935,0.023552
300959,0.1088
300967,0.680448
301054,0.008192
301063,0.0256
301102,0.033536
301124,0.05888
301244,0.872192
301301,0.023808
301328,0.002304
301358,0.22912
301438,0.009728
301446,0.053504
301487,0.063232
301503,0.015104
301518,0.006144
301557,0.046848
301569,0.456448
301625,0.000768
301634,0.01152
301651,0.490496
301757,0.031744
301766,0.001536
301805,0.015104
301816,0.045824
301854,0.196864
301921,0.1792
301970,0.050688
302010,0.015104
302040,1.2992
302130,0.16256
302158,0.161024
302163,0.356096
302195,1.39008
302285,0.03968
302317,0.075008
302333,0.019712
302387,0.07168
302441,0.32384
302451,0.009472
302472,0.027648
302502,0.0832
302644,0.00128
302695,0.02176
302705,0.278272
302746,0.008704
302760,0.102144
302761,0.168192
302862,0.009472
302945,0.074496
302983,0.028672
303064,0.009728
303080,0.027136
303091,0.02048
303135,0.058624
303192,2.21312
303295,0.374528
303346,1.206528
303378,0.257792
303475,0.378624
303577,0.043776
303653,0.015872
303736,0.024576
303775,0.065792
303828,0.527104
303900,0.050688
303954,0.003584
303957,0.106752
303984,0.014848
303996,0.045312
304018,0.573952
304045,0.014848
304056,0.029696
304077,0.5184
304125,0.009472
304145,0.013056
304153,0.012032
304199,0.579584
304216,0.452096
304332,0.071424
304336,0.129024
304395,0.042496
304398,1.620992
304445,0.028672
304453,0.047616
304475,0.012032
304488,0.52608
304530,0.001792
304545,0.020992
304564,2.07232
304623,0.00256
304634,0.083968
304667,0.100608
304696,0.49536
304762,0.300544
304800,0.05376
304842,0.010752
304863,2.095104
304897,0.039936
304950,0.302592
304985,0.54912
305018,0.069376
305045,0.028416
305062,0.392192
305161,0.004096
305171,0.034304
305223,0.037632
305286,0.017664
305288,0.02816
305312,0.014336
305343,0.25472
305457,0.128
305524,0.027648
305563,0.005376
305601,0.090112
305626,0.32256
305649,0.02432
305693,0.008192
305707,0.01792
305709,2.32576
305749,0.019456
305774,0.171776
305841,0.266496
305969,0.029184
305993,0.052224
306025,0.001792
306081,0.013312
306089,0.062464
306103,0.066816
306132,0.046848
306160,0.177664
306185,0.05632
306218,0.018432
306262,0.076032
306337,0.003328
306346,3.49056
306369,0.545792
306422,0.374784
306471,0.676864
306516,0.00512
306531,1.018368
306568,0.030208
306601,0.043264
306617,0.000256
306634,0.006912
306650,0.064256
306674,0.053248
306704,0.033536
306734,0.001024
306765,0.00256
306778,0.014336
306797,0.049664
306865,0.086784
306893,0.00768
306930,0.01024
306939,0.009472
307039,0.094976
307054,0.103424
307092,0.217344
307122,2.059008
307172,0.342784
307175,0.045312
307255,0.152576
307302,0.032256
307390,0.632832
307421,0.186112
307473,0.002304
307523,0.047872
307546,0.15616
307558,0.066048
307564,2.183936
307689,0.032
307707,0.04736
307757,0.009984
307867,0.009728
307888,0.031232
308016,0.038912
308059,0.02048
308156,0.171264
308236,0.1088
308291,0.089344
308375,0.033024
308458,0.027392
308493,0.068096
308524,0.005376
308525,0.009728
308563,0.007168
308576,0.137472
308600,1.101312
308711,0.001024
308720,0.229632
308745,0.020224
308761,0.055808
308764,0.052736
308774,0.141056
308791,0.132608
308887,0.018176
308938,0.068096
308945,0.000768
308990,0.028416
309053,0.036608
309125,0.009728
309182,0.259584
309267,0.006656
309316,0.002816
309358,0.256256
309360,0.90496
309427,0.005888
309521,0.023808
309541,0.009984
309635,0.067584
309643,0.05504
309663,1.06624
309934,0.056064
309958,0.335616
309996,0.019456
310048,0.489728
310118,0.704256
310206,0.367104
310251,0.004352
310281,0.003584
310434,0.054784
310465,0.00896
310512,0.02944
310525,0.081664
310545,0.045312
310565,0.115968
310697,0.00128
310727,0.042752
310784,0.044288
310848,0.028672
310870,0.072704
310965,0.017664
311015,0.014336
311047,0.057856
311161,0.043264
311166,0.413696
311243,0.020992
311281,0.020224
311367,0.001792
311415,0.002048
311532,0.039424
311572,0.030976
311607,0.004864
311633,0.072192
311663,0.072192
311676,0.045056
311696,0.03712
311731,0.003328
311755,0.001536
311761,10.125568
311862,0.049664
311974,0.054528
312012,0.017152
312083,0.014592
312126,0.069888
312135,0.087552
312325,0.063744
312363,0.03712
312365,0.006656
312389,0.174336
312413,0.03712
312425,0.02304
312564,0.033792
312588,0.048384
312597,0.01664
312681,0.042496
312748,0.034304
312760,0.007168
312820,0.007424
312895,0.045312
312960,0.27776
313008,0.049408
313033,0.046848
313070,0.000512
313076,0.095744
313145,0.003328
313167,0.061696
313181,0.013568
313205,0.633088
313265,0.004096
313290,0.037888
313305,0.759552
313470,0.031488
313560,0.054528
313593,0.004864
313677,0.04096
313693,2.347264
313767,2.668288
313859,0.068096
313895,0.045568
313984,0.002304
314008,0.019712
314115,0.017664
314146,0.070144
314159,0.104192
314165,5.926144
314228,0.03968
314248,0.00896
314360,0.018432
314387,0.002304
314455,0.053504
314474,0.001024
314481,0.011008
314539,0.015616
314560,0.039168
314677,0.012032
314683,0.091904
314701,0.96256
314736,0.00128
314753,0.045312
314862,0.003584
314923,0.035328
315065,0.009472
315073,0.04992
315081,0.544768
315125,0.020736
315197,0.00384
315262,0.064768
315345,0.041216
315362,0.172032
315434,0.032512
315439,0.026368
315507,0.000768
315550,0.01024
315577,0.063232
315627,0.027904
315638,0.04608
315845,0.01152
315942,0.022272
315958,0.023296
315962,3.318784
316046,0.485888
316077,0.011008
316091,0.004608
316114,0.017664
316126,0.017664
316149,0.053504
316238,0.011776
316257,0.014848
316307,0.204544
316360,0.012544
316401,0.013568
316525,0.030464
316580,0.002304
316610,0.108032
316656,0.014848
316692,0.01536
316720,0.01536
316806,0.048896
316846,0.009216
316860,0.074496
316898,0.669696
316963,0.03968
316997,0.392192
317089,0.022784
317125,0.119808
317159,0.109824
317162,0.073472
317197,0.055808
317249,0.09344
317259,0.065792
317343,0.012288
317396,0.03328
317457,0.00256
317475,0.094208
317492,0.107776
317534,0.026112
317607,0.0896
317621,0.054272
317675,0.060928
317688,0.046848
317695,0.005632
317756,0.032256
317759,0.39936
317824,0.040704
317896,0.01664
318045,0.033536
318132,0.0896
318183,0.064256
318259,0.052224
318289,0.007424
318294,0.121856
318354,0.103936
318360,0.00768
318367,0.05632
318387,1.252096
318484,0.07808
318489,0.009984
318504,0.108032
318524,0.01792
318534,0.060416
318554,0.015104
318574,0.051968
318584,0.017664
318594,0.544
318614,0.153856
318654,0.268288
318664,0.095744
318674,0.31872
318694,0.028928
318714,0.176384
318724,0.074752
318734,0.115456
318744,0.07808
318754,0.187904
318764,0.087808
318784,0.226816
318804,0.102912
318824,0.250624
318834,0.068864
318854,0.1536
318864,0.249088
318874,0.199168
318894,0.37248
318904,0.205568
318914,0.243712
318924,0.052736
318934,0.28672
318944,0.096
318964,0.296704
318974,0.30336
318984,0.115456
319001,0.00128
319014,0.551424
319034,0.46336
319044,0.1344
319054,0.276224
319084,0.774656
319094,0.571904
319114,0.250368
319134,0.454656
319144,0.549632
319154,0.311808
319164,0.388864
319174,0.014592
319194,0.361984
319214,0.06784
319224,0.667136
319234,0.592896
319500,0.068864
319509,0.022528
319561,0.268288
319728,0.002816
319775,0.009984
319815,0.004096
319840,0.055296
319896,0.000768
319920,0.01152
319989,0.06912
320033,0.014592
320060,0.003584
320115,0.052224
320151,0.009984
320157,0.145152
320198,0.04992
320300,0.507648
320409,0.0128
320440,0.109056
320484,0.10752
320503,0.010752
320516,0.2688
320559,0.019456
320574,0.021248
320578,0.132352
320647,0.003328
320662,0.000512
320754,0.067328
320758,0.933376
320857,0.033536
320987,0.028416
321034,0.07936
321039,0.12672
321120,0.059136
321143,0.00256
321158,0.11392
321274,0.54784
321328,0.101888
321351,0.044544
321357,0.025344
321375,0.013056
321505,0.078336
321614,0.008192
321708,0.004864
321759,0.019456
321878,0.027136
321916,0.002048
321925,0.00512
321957,0.12032
321960,0.041728
322082,0.182528
322130,0.22144
322187,0.101632
322211,0.030464
322270,0.005376
322289,0.001792
322309,0.00896
322424,0.001792
322465,0.003072
322556,0.072704
322591,0.015872
322629,0.052736
322650,0.0256
322707,0.003328
322718,0.086528
322774,0.061952
322809,0.008448
322851,0.00896
322885,0.001792
322903,0.005376
322995,0.004352
323047,0.059648
323065,0.03456
323108,0.007424
323160,0.008448
323427,0.008704
323449,0.041728
323565,0.016896
323671,0.028416
323721,0.220416
323768,0.001536
323775,0.25344
323809,0.064
323847,0.02048
323911,0.0064
323951,0.016128
324125,0.06272
324155,0.06912
324181,0.001024
324301,0.121344
324361,2.307072
324427,0.03456
324446,0.099584
324584,0.055552
324714,0.071424
324765,0.04864
324796,0.035584
324893,0.132608
324959,0.034304
324965,0.218368
325044,0.009728
325069,0.022272
325093,0.139264
325230,0.418304
325316,0.018176
325353,0.020992
325385,0.02176
325390,0.462592
325417,0.052736
325545,0.196608
325556,0.041472
325567,0.495872
325613,0.033024
325719,0.008704
325728,0.244736
325767,0.0128
325822,0.04096
325904,0.078336
325959,0.023296
326008,0.002048
326106,0.485632
326147,0.036864
326294,0.032768
326357,0.0512
326669,0.04608
326690,0.109312
326711,0.009984
326721,0.060928
326851,0.022016
326947,0.03584
326980,0.096
327002,0.07936
327080,0.01152
327179,0.006912
327211,0.042496
327218,0.003328
327231,0.026368
327267,0.00768
327289,0.001024
327356,0.001024
327468,0.023808
327522,0.011264
327627,0.053248
327655,0.040192
327683,0.078848
327784,0.009472
327835,0.079616
327868,0.018944
327960,2.524416
328020,0.043264
328077,0.02176
328237,0.003072
328292,0.009728
328327,0.06272
328415,0.004864
328445,0.023808
328483,0.008704
328524,0.003328
328561,0.377344
328651,0.030976
328747,0.005632
328907,0.004352
329140,0.052736
329158,0.301312
329273,0.192
329410,0.070656
329495,0.0448
329511,0.040704
329540,0.017408
329745,0.072704
329757,0.123392
329834,0.077056
329838,0.00256
329877,0.115456
329997,0.084992
330116,0.097792
330167,0.018944
330174,0.25472
330286,0.00896
330358,0.060672
330407,0.045056
330454,0.01664
330491,0.125184
330614,0.041984
330618,0.033024
330644,0.013824
330772,0.1152
330785,0.31488
330876,0.015104
330907,0.04608
330960,0.245248
331036,0.019968
331074,0.065024
331173,0.02688
331293,0.01152
331331,0.43392
331364,0.052736
331393,0.025088
331428,0.089088
331509,0.009472
331525,0.04352
331555,0.075008
331562,0.075008
331637,0.081152
331729,0.008704
331740,0.012288
331746,0.22272
331794,0.104704
331833,0.011008
331850,0.065536
331975,0.015616
331976,0.024832
332026,0.010752
332098,0.002304
332129,0.003072
332145,0.022016
332156,0.186624
332167,0.072704
332345,0.058624
332372,0.018688
332393,0.035072
332505,0.32768
332588,0.007424
332615,0.001792
332658,0.058368
332682,0.00768
332761,0.552448
332902,0.030464
333003,0.068864
333020,0.03456
333047,0.0064
333134,0.03456
333207,0.082688
333293,0.104192
333324,0.045568
333343,0.008704
333368,0.014592
333451,0.040448
333462,0.026368
333591,0.017408
333637,0.028416
333664,0.03584
333739,0.045312
333766,0.110592
333788,0.00768
333920,0.027136
333946,0.112128
333965,0.947712
334036,0.023552
334151,0.008192
334157,0.002816
334315,0.058112
334342,0.030464
334355,0.000768
334402,0.033792
334463,0.001536
334541,0.007936
334556,0.673024
334668,0.036864
334839,0.014848
334885,0.040704
334912,0.02944
334952,0.043776
334993,0.054528
335111,0.01152
335159,0.098048
335200,0.04352
335249,0.014848
335305,0.147456
335332,0.000768
335353,0.0128
335396,0.020224
335436,0.023552
335457,0.031744
335531,0.088064
335568,0.034816
335586,0.033792
335607,0.005376
335671,0.170752
335756,0.317184
335759,0.201984
335842,0.022784
335879,0.025856
335898,0.005632
335954,0.032
336003,0.04736
336074,0.021504
336107,0.00128
336118,0.046848
336145,0.012032
336261,0.005376
336270,0.009984
336345,1.742336
336389,0.054784
336455,0.125952
336482,0.038912
336554,0.0256
336575,0.039168
336611,0.055296
336631,0.000768
336644,0.031744
336677,0.088576
336707,0.011776
336727,0.0
336739,0.020992
336786,0.008192
336796,0.004096
336820,0.000512
336952,0.01664
336969,0.203008
336999,0.036352
337045,0.01408
337174,0.072192
337230,0.016384
337276,0.079872
337310,0.00256
337342,0.160512
337364,0.007168
337374,0.062976
337411,0.0
337467,0.212736
337566,0.00384
337567,0.285696
337595,0.07424
337613,0.04352
337683,0.004864
337718,0.091136
337759,0.060416
337806,0.027648
337875,0.002816
337907,0.039424
337921,0.08832
337979,0.006144
337997,0.126976
338060,0.01024
338123,0.024576
338146,0.089856
338178,0.03712
338277,0.030208
338375,0.012032
338423,0.005888
338518,0.032256
338539,0.03072
338577,0.009728
338629,0.007168
338685,0.287232
338757,0.082944
338759,0.1216
338767,0.163072
338839,0.078592
338865,0.056576
338905,0.030464
338943,0.01536
339024,0.00512
339073,0.024064
339089,0.00256
339101,0.08576
339107,0.017152
339152,0.042496
339184,0.081152
339274,0.034304
339315,0.020224
339329,0.002048
339356,0.226816
339397,0.291584
339476,0.01792
339522,0.231168
339560,0.07808
339587,0.027904
339594,0.032
339672,0.08704
339692,0.001024
339738,0.06272
339757,0.017152
339794,0.010752
339795,0.043008
339815,0.023552
339899,0.05376
339933,0.141056
339959,0.009984
339962,0.174592
340016,0.051456
340050,0.0192
340139,0.045568
340143,0.004096
340192,0.056832
340218,0.047616
340254,0.01536
340279,0.01408
340331,0.064768
340363,0.027392
340375,0.04096
340413,0.002304
340445,0.020992
340455,0.097792
340511,0.03584
340595,0.045568
340607,0.041472
340685,0.032
340724,0.057856
340796,0.043008
340848,0.046592
340916,0.026368
340929,0.0384
340944,0.008704
340972,0.036608
340995,0.001024
341024,0.005632
341040,0.04096
341095,0.000256
341156,0.093952
341197,0.012544
341217,0.03072
341239,0.076544
341275,0.012288
341303,0.010752
341437,0.078336
341466,0.000512
341474,0.030976
341538,0.058368
341582,0.004608
341617,0.103168
341640,0.052224
341646,0.103424
341687,0.026112
341714,0.054528
341731,0.030464
341756,0.019968
341759,2.115584
341875,0.036352
341938,0.091648
342069,0.000768
342081,0.07296
342130,0.093696
342196,0.000256
342205,0.051456
342208,0.000768
342284,0.002048
342302,0.026112
342337,0.090368
342360,0.02432
342367,0.003584
342414,0.000768
342453,0.003072
342467,0.001536
342553,0.070144
342671,0.186112
342725,0.02688
342772,0.017664
342844,0.025088
342877,0.015104
342909,0.044544
342940,0.023552
342964,0.042752
342968,0.046336
343008,0.054016
343060,0.125184
343129,0.06784
343163,0.000512
343214,0.00896
343321,0.073216
343350,0.006144
343385,0.268032
343487,0.008704
343496,0.00384
343514,0.033792
343546,0.057344
343561,0.081152
343563,0.057344
343606,0.002048
343645,0.067584
343715,0.025344
343720,0.005888
343785,0.009728
343859,0.0064
343923,0.02688
343953,0.000768
343988,0.054272
344001,0.056064
344022,0.011008
344081,0.004352
344123,0.003072
344159,0.046848
344169,0.0256
344173,0.183552
344222,0.130816
344244,0.031232
344270,0.039424
344402,0.008448
344496,0.050176
344522,0.117504
344557,0.027904
344591,0.06912
344637,0.01536
344730,0.0064
344740,0.010752
344742,0.064
344757,0.077568
344787,0.000256
344825,0.01024
344874,0.027392
344889,0.06528
344897,0.247296
344916,0.079872
344933,0.16128
344967,0.00256
345068,0.008192
345118,0.019456
345166,0.022016
345168,0.489216
345217,0.001536
345241,0.041984
345265,0.04736
345269,0.156416
345302,0.023808
345368,0.002304
345408,0.018432
345424,0.026112
345477,0.044544
345555,0.055296
345568,0.037376
345582,0.037888
345620,0.020736
345650,0.021504
345715,0.045824
345757,0.010752
345786,0.024064
345802,0.071424
345863,0.019968
345877,0.015872
345958,0.140544
346004,0.0192
346025,0.01536
346043,0.007168
346049,0.055552
346151,0.068608
346185,0.00768
346192,0.062464
346213,0.0384
346292,0.044032
346364,0.0128
346412,0.026112
346431,0.030208
346461,0.001024
346492,0.032768
346527,0.015616
346558,0.033792
346665,0.003072
346700,0.031488
346749,0.009984
346784,0.0256
346816,0.036864
346838,0.055552
346983,0.055296
347045,0.000256
347048,0.017408
347074,0.013056
347092,0.014336
347155,0.037376
347339,0.04608
347439,0.014592
347469,0.026368
347495,0.00256
347581,0.022272
347640,0.009472
347703,0.000256
347757,0.116736
347763,1.246208
347823,0.104704
347970,0.027392
348023,0.012032
348103,0.004352
348153,0.06528
348190,0.015616
348356,0.053248
348363,0.061184
348487,0.001792
348543,0.022528
348753,0.085248
348784,0.023296
348812,0.03584
348905,0.026112
348965,0.121856
348997,0.006912
349057,0.017152
349154,0.029184
349175,0.020992
349191,0.014336
349328,0.02304
349558,0.007936
349574,1.080064
349595,0.153344
349735,0.000512
349762,0.11392
349836,0.390144
349902,0.016128
350017,0.018688
350033,0.011264
350081,0.03968
350120,1.019136
350163,0.008192
350165,0.051712
350167,0.49536
350268,0.002304
350320,0.011776
350498,0.010496
350553,0.142336
350608,0.03072
350617,0.137216
350676,0.052736
350772,0.043776
350799,0.072704
350825,0.00384
350837,0.044032
350906,0.05248
350938,0.022528
350958,0.009216
350991,0.011008
351056,0.008704
351073,0.04608
351083,0.0384
351131,0.002816
351258,0.011776
351276,0.03712
351293,0.020736
351356,0.011008
351385,0.007168
351416,0.005888
351436,0.152832
351463,0.098816
351724,0.004608
351755,0.01152
351905,0.013056
351946,0.086528
351960,0.026112
351964,0.044544
351987,0.041216
352170,0.00768
352194,0.002304
352212,0.110336
352220,0.000768
352304,0.114944
352358,0.0192
352399,0.091904
352432,0.07936
352484,0.003328
352535,0.00256
352556,0.455424
352560,0.345344
352769,0.023808
352808,0.103424
352824,0.052992
352843,0.077568
352862,0.102912
352928,0.16384
352985,0.169984
353083,0.036608
353107,0.013312
353129,0.23296
353161,0.16384
353230,0.034304
353281,0.013568
353305,0.086272
353536,0.002048
353599,0.046336
353652,0.011008
353690,0.099584
353757,0.134144
353762,0.045312
353763,0.112128
353844,0.01152
353866,0.01664
353877,0.041472
353933,0.036096
353997,0.02944
354012,0.129024
354176,0.039424
354198,0.086016
354213,0.386304
354317,0.0128
354340,0.076544
354358,0.097792
354371,0.206592
354448,0.048128
354520,0.002048
354551,0.040448
354569,0.040448
354680,0.059904
354727,0.000256
354743,0.01024
354797,0.009984
354890,0.036352
354944,0.048128
354946,0.1024
354964,0.096
355038,0.007424
355196,0.00896
355258,0.030976
355269,0.019712
355482,0.006144
355504,0.02432
355536,0.003584
355559,0.1664
355570,0.043264
355589,0.018944
355650,0.080128
355683,0.010752
355702,0.20736
355736,0.195328
355763,0.005632
355863,0.032
355879,0.148992
355913,0.016896
355933,0.007424
356007,0.249856
356067,0.114176
356078,0.045568
356107,0.005376
356125,0.066048
356146,0.132352
356158,0.264192
356160,4.240384
356214,0.007936
356224,0.011776
356271,0.012032
356353,0.063232
356364,0.02048
356453,0.031744
356485,0.039424
356650,0.009472
356705,0.056576
356761,0.21888
356817,0.031488
356838,0.003072
356926,0.045568
356963,0.000256
356968,0.035072
356984,0.034304
357015,0.157952
357081,0.119296
357125,0.035072
357210,0.0704
357281,0.02432
357381,0.03584
357459,0.720384
357567,0.013056
357602,0.000256
357623,0.216064
357651,0.049408
357676,0.086528
357706,0.09088
357728,0.228608
357792,0.057088
357859,0.05888
357886,0.12032
357919,0.019968
357991,0.00768
358095,0.018944
358199,0.03456
358233,0.107008
358246,0.027648
358345,0.003072
358371,0.445696
358420,0.017152
358461,0.016128
358469,0.110592
358496,0.01408
358556,0.129792
358615,0.008448
358616,0.003328
358667,0.00256
358717,0.022272
358737,0.015872
358761,0.067072
358801,0.099584
358871,0.010496
358885,0.088832
358996,0.161792
359093,0.001792
359156,0.041472
359209,0.020736
359219,0.085248
359246,0.06528
359298,0.002304
359327,0.039168
359388,0.0512
359414,0.019712
359519,0.032512
359670,0.00768
359722,0.021504
359757,0.144128
359761,0.214016
359770,0.288
359831,0.040704
359859,0.022528
359888,0.006656
359938,0.002304
359954,0.1984
360075,0.074496
360145,0.085248
360227,0.046592
360262,0.004864
360286,0.026112
360346,0.012544
360357,0.003328
360435,0.004096
360452,0.077824
360462,0.032512
360482,0.227584
360522,0.243712
360532,0.040448
360546,0.35584
360582,0.245248
360602,0.003584
360612,0.0384
360622,0.056832
360632,0.114944
360642,0.442368
360652,0.123904
360672,0.34176
360692,0.170752
360702,0.165632
360722,0.009472
360732,0.160512
360742,0.606464
360762,0.4096
360782,0.542208
360802,0.494848
360812,0.246016
360822,0.016128
360852,0.282624
360862,0.62592
360872,0.13312
360932,0.061184
360959,0.133888
360965,0.013824
361022,0.06784
361044,0.005376
361045,0.019712
361113,0.044032
361137,0.012544
361167,0.011776
361314,0.015616
361318,0.01408
361415,0.00256
361503,0.019968
361540,0.014592
361552,0.01664
361629,0.006912
361645,0.10752
361652,0.165632
361732,0.00768
361737,0.043776
361789,0.011008
361856,0.000256
362007,0.02304
362033,0.03712
362052,0.011264
362118,0.052992
362135,0.125696
362154,0.150272
362164,0.091392
362313,0.022272
362350,0.02688
362440,0.048896
362479,0.003584
362493,0.025088
362511,0.024576
362628,0.057088
362655,0.010496
362686,0.052992
362761,0.192
362765,0.443904
362820,0.032512
362832,0.104448
362861,0.029696
362915,0.0576
362995,0.027392
363040,0.033536
363126,0.094464
363140,0.118272
363278,0.004864
363305,0.043264
363356,0.043264
363374,0.221184
363405,0.080384
363513,0.029184
363570,0.076032
363577,0.025088
363650,0.003072
363664,0.076544
363751,0.041472
363765,0.007168
363795,0.086528
363829,0.025856
363881,0.006656
363946,0.001024
363967,0.050944
364030,0.01792
364142,0.097792
364271,0.04736
364292,0.014592
364354,0.001792
364451,0.02816
364529,0.04096
364560,0.292352
364568,0.096768
364623,0.002304
364663,0.008448
364694,0.077312
364719,0.002048
364721,0.038912
364769,0.016384
364785,0.043008
364823,0.103424
364849,0.016896
364868,0.063488
364904,0.044544
364954,0.029952
365053,0.038912
365073,0.082944
365146,0.027392
365159,0.157696
365165,0.5568
365227,0.035072
365298,0.065792
365322,0.069632
365406,0.126208
365458,0.032256
365495,0.004352
365528,0.008448
365551,0.04992
365650,0.001792
365687,0.001792
365720,0.67456
365761,3.390976
365885,0.057088
365920,0.020736
365954,0.016384
365998,0.347392
366033,0.164864
366105,0.031744
366108,0.051968
366211,0.032512
366465,0.013824
366535,0.0576
366669,0.027648
366709,0.11904
366785,0.057088
366855,0.00128
366891,0.037888
366925,0.010752
366941,0.094976
366959,0.7744
366981,0.078336
367038,0.032768
367127,0.041216
367137,0.018432
367183,0.123648
367250,0.427264
367280,0.090112
367301,0.039424
367416,0.039168
367441,0.020992
367519,0.006912
367560,0.662016
367597,0.035072
367675,0.031744
367830,0.021504
367855,0.005888
367890,0.00128
367970,0.008192
368117,0.002048
368119,0.008448
368162,0.027136
368164,0.04608
368172,0.041216
368257,0.014336
368335,0.016384
368412,0.003584
368426,0.010752
368517,0.062208
368615,0.012544
368707,0.000256
368746,0.096256
368807,0.091904
368872,0.022016
368970,0.00512
368996,0.018176
369024,0.005888
369088,0.019456
369177,0.009472
369217,0.023296
369287,0.002048
369292,0.002816
369325,0.078848
369358,0.03968
369364,0.265984
369465,0.094208
369476,0.015616
369546,0.086016
369576,0.02304
369577,0.002304
369623,0.001536
369731,0.004352
369762,0.060928
369835,0.002048
369840,0.008192
369854,0.106496
369915,0.015104
369945,0.000256
369992,0.002048
370013,0.065792
370136,0.040448
370241,0.0576
370253,0.053248
370271,0.0064
370276,0.024064
370304,0.008448
370337,0.012544
370375,0.002048
370389,0.005888
370433,0.009984
370484,0.020992
370567,0.049152
370606,0.054016
370637,0.09472
370679,0.010496
370747,0.060672
370846,0.003072
371006,0.0448
371038,0.07808
371070,0.029184
371146,0.138752
371165,2.105088
371212,0.06144
371288,0.000256
371306,0.0064
371382,0.0192
371480,0.018432
371486,0.065024
371509,0.030208
371525,0.022272
371598,0.016384
371624,0.048384
371705,0.020736
371726,0.040704
371746,0.02432
371822,0.0512
371837,0.0256
371936,0.012032
371953,0.555008
371995,0.001792
372063,0.023296
372065,0.178176
372112,0.032768
372158,0.01792
372191,0.035584
372197,0.06144
372214,0.044032
372218,0.070144
372250,0.001024
372278,0.177664
372350,0.003584
372403,0.024832
372448,0.03456
372489,0.09984
372565,0.059136
372643,0.064768
372677,0.061952
372683,0.008704
372695,0.008448
372733,0.010752
372879,0.069376
372929,0.045312
372935,0.146688
372958,0.201216
372967,0.00384
373004,0.031744
373028,0.092928
373105,0.027648
373284,0.030464
373335,0.018432
373377,0.229888
373501,0.012288
373525,0.00896
373545,0.193024
373611,0.096512
373732,0.092672
373753,0.018944
373795,0.035328
373832,0.012288
373842,0.02688
373919,0.062976
373992,0.082944
374105,0.002816
374122,0.051456
374145,0.06784
374161,4.007168
374211,0.03712
374287,0.059392
374362,0.021248
374368,0.036864
374513,0.039168
374690,0.056576
374737,0.0064
374759,0.174592
374772,0.36736
374795,0.223744
374876,0.002816
374947,0.020224
374977,0.03584
375116,0.084224
375154,0.087296
375307,0.047104
375359,0.036608
375360,1.520384
375375,0.501248
375453,0.0064
375489,0.080128
375586,0.438272
375622,0.005632
375643,0.009728
375659,0.018432
375680,0.011008
375743,0.057856
375808,0.078848
375817,0.005376
375863,0.031232
375899,0.019968
375956,0.015616
375960,0.09216
376071,0.014592
376109,0.1088
376157,0.024576
376196,0.024832
376227,0.042496
376295,0.004096
376302,0.008704
376410,0.018688
376439,0.01024
376445,2.335744
376482,0.017152
376511,0.039936
376561,0.292864
376596,0.029952
376667,0.01024
376758,0.039936
376798,0.025088
376816,0.009216
376820,0.001536
376852,0.005888
376972,0.012288
377011,0.086016
377041,0.015616
377068,0.006656
377079,0.004352
377173,1.082624
377257,0.064
377285,0.007936
377301,0.015872
377390,0.052992
377458,0.004608
377470,0.01792
377502,0.071168
377563,0.0064
377573,0.537344
377626,0.012032
377643,0.023808
377714,0.092416
377757,0.157696
377772,0.369408
377894,0.108288
377908,0.145664
378015,0.006656
378028,0.0832
378036,0.089344
378083,0.015872
378093,0.022528
378179,0.015104
378258,0.005888
378280,0.0512
378305,0.013568
378323,0.066304
378345,0.02304
378359,0.044544
378439,0.05504
378467,0.077824
378505,0.012032
378578,0.006144
378591,0.038912
378701,0.050432
378716,0.023552
378739,0.03328
378807,0.002304
378869,0.024832
378897,0.003328
378935,0.066304
378961,0.165376
379016,0.030976
379034,0.090368
379044,0.008704
379083,0.031488
379125,0.006144
379175,0.13184
379248,0.018176
379323,0.022272
379325,0.009728
379366,0.071168
379449,0.022272
379485,0.030208
379517,0.00512
379558,0.139008
379566,0.053504
379649,0.002304
379685,0.035584
379936,0.024576
379946,0.002304
380013,0.014848
380063,0.016384
380152,0.01792
380167,0.101632
380188,0.041984
380257,0.027136
380274,0.035328
380438,0.009728
380518,0.008704
380562,0.004608
380569,0.797184
380638,0.046592
380723,0.009984
380759,0.24192
380762,0.634112
380872,0.017664
380971,0.059136
381260,0.059392
381335,0.012544
381357,0.04608
381360,0.066816
381370,0.13824
381463,0.0384
381491,0.045824
381551,0.01792
381584,0.16512
381669,0.020736
381819,0.013824
381830,0.003072
381878,0.002048
381957,0.01408
381958,0.016896
381968,0.023808
382023,0.015616
382213,0.023552
382319,0.018176
382338,0.20864
382398,0.00128
382566,0.013824
382698,0.067584
382740,0.158976
382788,0.045312
382793,0.023808
382822,0.008448
382844,0.166912
382969,0.015104
382975,0.03072
383158,0.008192
383168,0.016896
383183,0.214528
383277,0.028928
383389,0.001536
383499,0.119808
383567,0.135936
383589,0.087552
383685,0.044032
383701,0.006144
383715,0.024576
383746,0.151808
383767,0.020992
383771,0.095488
383875,0.072448
383922,0.098816
383961,0.006912
384023,0.001024
384119,0.133376
384178,0.02304
384193,0.022528
384224,0.028416
384321,0.033024
384336,0.099072
384345,0.34816
384448,0.015872
384570,0.00128
384793,0.055552
384919,0.006912
384944,0.27776
384968,0.014592
385038,0.003072
385048,0.133888
385105,0.027136
385140,0.048896
385189,0.048384
385251,0.173824
385417,0.021504
385465,0.023552
385477,0.281856
385521,0.006144
385527,0.025856
385553,0.024832
385565,0.040448
385609,0.0768
385701,0.031232
385711,0.254464
385863,0.000512
385956,0.093952
386014,0.001536
386083,0.026624
386135,0.020992
386158,0.288256
386244,0.068608
386321,0.073984
386448,1.038592
386507,0.030976
386531,0.059904
386564,0.004608
386568,0.02176
386630,0.389632
386660,0.001024
386711,0.014848
386745,0.009472
386823,0.004864
386872,0.02048
387064,0.368128
387197,0.121856
387252,0.01536
387276,0.027136
387360,0.350976
387467,0.038144
387483,0.000512
387497,0.024064
387581,0.004608
387642,0.03968
387675,0.008448
387692,0.09856
387697,0.07552
387731,0.044288
387815,0.016384
387825,0.023552
387830,0.038144
387844,0.034048
387880,0.006656
387924,0.012544
387934,0.087808
387951,0.46976
388000,0.018432
388037,0.391168
388072,0.210688
388167,0.036096
388191,0.137472
388264,0.009216
388273,0.023296
388359,0.023808
388453,0.026368
388546,0.06144
388559,0.20608
388641,0.006656
388725,0.064768
388748,0.044032
388773,0.008448
388805,0.012544
388935,0.034816
388958,0.001024
388979,0.004608
388990,0.006912
388997,0.082944
389070,0.04736
389143,0.018944
389145,0.09088
389205,0.03456
389240,0.014592
389303,0.008192
389340,0.034048
389349,0.040448
389387,0.02432
389434,0.004352
389482,0.078592
389517,0.005632
389548,0.018432
389607,0.041984
389627,0.016384
389682,0.044288
389706,0.31488
389756,0.69248
389766,0.00512
389810,0.041216
389928,0.00256
389933,0.024832
389963,0.084992
390028,0.058112
390148,0.005888
390198,0.033024
390215,0.014848
390268,0.003584
390283,0.089088
390346,0.11776
390361,0.065792
390436,0.034048
390519,0.252928
390562,0.098816
390579,0.001536
390684,0.018688
390783,0.016128
390809,0.022016
390896,0.077568
390917,0.012032
390949,0.0128
391044,0.002816
391051,0.06016
391221,0.015872
391225,0.050432
391361,0.043264
391424,0.103936
391472,0.009216
391519,0.056064
391559,0.003328
391565,0.127744
391683,0.022528
391707,0.00896
391811,0.019712
391853,0.029696
391949,0.07168
392018,0.06912
392029,0.043008
392044,0.059392
392084,0.00896
392125,0.004096
392156,0.064
392163,0.806912
392327,0.025344
392359,0.006656
392410,0.05632
392606,0.077312
392651,0.027648
392745,0.001024
392757,0.054016
392760,2.65472
392820,0.004352
392841,0.08064
392933,0.012544
392967,0.008192
392973,0.041728
392982,0.055808
393092,0.000768
393107,0.017408
393111,0.039168
393147,0.005376
393195,0.03072
393209,0.041984
393301,0.07424
393360,0.05888
393375,0.016384
393398,0.006144
393423,0.003328
393435,0.015872
393451,0.025344
393536,0.057344
393573,0.015104
393629,0.002304
393636,0.068608
393683,0.04608
393717,0.004608
393881,0.135168
393947,0.049152
393962,0.120064
393999,0.017408
394128,0.070912
394185,0.006144
394216,0.076032
394251,0.011264
394256,0.039168
394261,0.694784
394324,0.003072
394336,0.036352
394363,0.099584
394413,0.004352
394417,0.076544
394552,0.019712
394557,2.382592
394606,0.002816
394663,0.011008
394668,0.026368
394714,0.03072
394830,0.054784
394851,0.021504
394887,0.019712
394933,0.007424
394936,0.335104
394967,0.001792
395019,0.113664
395078,0.004096
395135,0.12288
395161,0.021504
395199,0.014848
395223,0.049664
395308,0.08192
395324,0.046336
395431,0.008192
395496,0.100352
395518,0.18688
395603,0.098816
395642,0.504576
395703,0.103936
395723,0.014848
395740,0.02944
395755,0.000768
395774,0.068608
395812,0.02176
395893,0.06272
396019,0.046336
396094,0.00384
396137,0.01792
396155,0.199168
396216,0.116992
396247,0.087296
396284,0.135936
396295,0.1984
396345,0.04608
396367,0.279296
396450,0.0448
396487,0.06016
396563,0.164608
396590,0.129536
396640,0.006656
396710,0.029696
396764,0.015616
396945,0.024064
396956,0.355328
396972,0.052224
397013,0.04736
397082,0.003584
397115,0.011008
397162,0.10112
397197,0.293376
397285,0.019456
397319,0.005632
397359,0.049152
397429,0.003072
397473,0.009728
397505,0.029952
397559,0.358656
397598,0.173824
397617,0.378624
397706,0.194304
397735,0.023552
397783,0.03328
397839,0.032256
397939,0.002816
398080,0.025088
398157,0.064768
398159,0.763392
398280,0.02816
398435,0.014592
398592,0.005888
398630,0.00384
398654,0.007424
398677,0.000256
398725,0.009216
398728,0.037376
398746,0.148224
398774,1.17376
398839,0.06272
398847,0.143872
398860,0.008448
398887,0.020736
399049,0.017408
399093,0.08704
399106,0.00896
399126,0.037888
399152,0.118272
399187,0.019968
399192,0.039424
399234,0.021504
399447,0.00896
399501,0.069888
399629,0.028416
399657,0.023552
399675,0.002048
399707,0.031744
399804,0.000768
399916,0.013824
399923,0.001792
399962,0.162816
400053,0.013056
400107,0.00896
400111,0.006656
400129,0.060416
400257,0.134912
400309,0.016384
400360,0.028416
400388,0.02944
400417,0.060416
400453,0.005888
400480,0.001792
400556,0.342016
400672,0.008448
400703,0.06272
400727,0.000768
400819,0.01792
400855,0.03712
400888,0.012288
400935,0.033024
401030,0.019456
401065,0.000256
401110,0.231168
401129,0.015872
401145,0.004352
401163,0.031488
401173,0.421632
401280,0.025088
401345,0.005888
401352,0.001024
401382,0.001024
401412,0.006656
401451,0.059904
401502,0.032512
401518,0.104448
401580,0.005632
401625,0.070656
401694,0.022016
401722,0.096
401744,0.016384
401754,0.04992
401770,0.076544
401823,0.04864
401872,0.01792
402029,0.005632
402083,0.004352
402096,0.00512
402118,0.022016
402140,0.069376
402176,0.022016
402182,0.215296
402267,0.004608
402346,0.42624
402365,0.45184
402432,0.090368
402477,0.044288
402485,0.004608
402493,0.000256
402526,0.004608
402656,0.02176
402687,0.028672
402720,0.014848
402785,0.016384
402799,0.000256
402819,0.038144
402824,0.108288
402844,0.021504
402867,0.010496
402887,0.03072
402901,0.014848
402932,0.006912
402945,0.061952
402964,0.0704
402968,9.790976
403023,0.0512
403117,0.006912
403191,0.024576
403337,0.023296
403353,0.962816
403412,0.01152
403428,0.010496
403458,0.06656
403486,0.0256
403564,0.063232
403608,0.110848
403692,0.015104
403700,0.013824
403778,0.014592
403795,0.005632
403877,0.004096
403885,0.075008
403992,0.02048
404051,0.004096
404076,0.03712
404103,0.658176
404157,0.00128
404163,0.315136
404171,1.2608
404241,0.0
404254,0.017664
404274,0.031744
404303,0.073984
404523,0.043264
404554,0.004096
404746,0.125184
404761,0.781568
404890,0.115456
404965,0.019968
405009,0.000512
405096,0.081664
405153,0.001536
405198,0.173824
405269,0.001536
405340,0.068864
405493,0.0064
405516,0.016128
405607,0.007424
405619,0.049152
405658,0.035072
405673,0.036864
405701,0.040704
405744,0.046592
405801,0.009728
405816,0.046336
405938,0.167424
405963,1.16224
406046,0.016384
406108,0.017152
406129,0.008448
406169,0.06656
406210,0.049664
406234,0.004608
406256,0.001024
406280,0.006144
406307,0.034048
406356,0.02304
406472,0.005376
406485,0.051968
406542,0.010496
406555,0.313088
406563,1.217536
406615,0.017664
406797,0.027392
406870,0.008192
406896,0.021504
406932,0.095744
406963,0.001536
407025,0.007168
407071,0.109824
407094,0.217088
407122,0.031232
407145,0.037632
407161,0.204544
407195,0.409344
407285,0.001024
407345,0.15744
407422,0.040448
407441,0.046336
407465,0.000512
407485,0.000768
407505,0.139264
407539,0.079616
407575,0.011264
407585,0.008192
407625,0.258816
407635,0.004352
407665,0.031488
407695,0.120064
407705,0.061952
407725,0.002304
407735,0.283392
407755,0.143616
407775,0.150272
407795,0.04224
407815,0.26752
407835,0.353792
407845,0.07424
407855,0.24704
407875,0.182784
407895,0.2944
407915,0.196864
407925,0.215296
407935,0.24832
407955,0.052736
407965,0.002304
407975,0.191232
407985,0.296192
407995,0.082688
408025,0.487168
408045,0.65024
408055,0.095744
408065,0.077312
408075,0.11136
408085,0.214528
408105,0.583424
408115,0.416
408135,0.473088
408145,0.027904
408155,0.128512
408165,0.372224
408205,0.62848
408216,0.147456
408245,0.3712
408255,0.279808
408275,0.676096
408305,0.563712
408315,0.616192
408345,0.09088
408543,0.041472
408593,0.018688
408601,0.002304
408606,0.035328
408615,0.002048
408657,0.030976
408722,0.02176
408756,0.01408
408850,0.016384
408865,0.004608
408909,0.044288
408936,0.005376
408945,0.093952
408970,0.787456
409058,0.064768
409080,1.21472
409134,0.012288
409160,0.038144
409196,0.051456
409208,0.006656
409290,0.028416
409454,0.017664
409545,0.012544
409559,0.05632
409595,0.044032
409707,0.001536
409716,0.082688
409747,0.031488
409831,0.015872
409842,0.022528
409891,0.01152
409942,0.014848
409996,0.05376
410045,0.0256
410101,0.000768
410133,0.04992
410156,0.008704
410180,0.03456
410364,0.094208
410391,0.019712
410405,0.048384
410477,0.02432
410497,0.112384
410509,0.148736
410563,0.040192
410579,0.000512
410580,0.016896
410630,0.02176
410758,0.062464
410766,0.01792
410857,0.012544
410893,0.008192
410911,0.00256
410979,0.009984
411012,0.009984
411090,0.022016
411223,0.012032
411284,0.01536
411301,0.02304
411359,0.104192
411367,9.848832
411435,0.01536
411508,0.0
411732,0.007936
411789,0.026368
411840,0.003584
411908,0.042752
411922,0.323072
411959,0.674048
411994,0.1216
412090,0.05632
412147,0.011776
412225,0.071168
412247,0.013824
412291,0.127744
412336,0.002048
412350,0.008192
412365,0.02304
412430,0.099328
412467,0.051456
412494,0.013568
412507,0.020224
412544,0.000256
412558,0.130304
412564,0.00384
412596,0.000256
412667,0.014848
412686,0.013568
412730,0.013568
412732,0.194816
412777,0.169216
412821,0.000256
412900,0.653824
412977,0.021504
413015,0.074752
413048,0.098304
413102,0.002816
413108,0.003328
413159,0.001536
413165,0.073472
413195,0.025856
413265,0.013824
413266,0.177664
413340,0.003584
413365,0.024832
413492,0.027392
413515,0.003584
413549,0.01408
413736,0.019712
413745,0.06144
413764,0.135936
413779,0.234496
413815,0.105984
413853,0.035328
413869,0.09216
413969,0.016384
414008,0.068352
414107,0.021504
414250,0.005376
414285,0.0384
414355,0.036096
414358,1.065984
414442,0.00128
414473,0.014592
414486,0.016896
414524,0.070144
414544,0.02304
414567,0.009216
414587,0.000256
414634,0.094976
414657,0.03072
414675,0.011264
414745,0.001792
414763,0.004608
414860,0.041472
414891,0.064768
414945,0.026368
414963,0.091136
414965,0.692224
415064,0.006912
415127,0.057856
415146,0.269568
415210,0.000768
415335,0.020992
415374,0.307968
415404,0.031232
415417,0.026624
415492,0.003584
415557,0.115968
415558,0.136448
415599,0.085504
415632,0.04864
415645,0.003072
415700,0.009216
415710,0.01152
415816,0.091648
415836,0.12032
415892,0.029696
415915,0.013312
415921,0.02432
415938,0.040704
416093,0.00256
416139,0.004352
416159,0.025344
416205,0.541184
416236,0.041728
416312,0.05248
416337,0.032
416441,0.017664
416496,0.003584
416580,0.079872
416617,0.019968
416679,0.059136
416721,0.001536
416744,0.025344
416758,0.063232
416762,0.036608
416773,0.012544
416827,0.011264
416837,0.026368
416874,0.000256
416930,0.012032
416935,0.070144
417016,0.020992
417133,0.037376
417172,0.051968
417255,0.006656
417304,0.009984
417345,0.006912
417356,0.531456
417412,0.048384
417499,0.005376
417507,0.010496
417528,0.005632
417594,0.032768
417638,0.069632
417715,0.003328
417740,0.055296
417745,0.010496
417834,0.012032
417877,0.010496
417927,0.001024
417950,0.028672
417996,0.081408
418138,0.000512
418193,0.00384
418204,0.008448
418234,0.019968
418260,0.018176
418372,0.014336
418378,0.083456
418407,0.023808
418466,0.346624
418520,0.338176
418558,0.012544
418583,0.023296
418618,0.02432
418674,0.022784
418692,0.047616
418735,0.022784
418769,0.036096
418778,0.005888
418829,0.000768
418899,0.031744
418926,0.067328
418957,0.072448
418962,0.124672
418980,0.004864
419039,0.048128
419046,0.038144
419108,0.227584
419137,0.001792
419160,0.011264
419205,0.01024
419249,0.066048
419312,0.034304
419403,0.00768
419439,0.018432
419499,0.01536
419533,0.936448
419580,0.050944
419740,0.01664
419746,2.094592
419771,0.270592
419808,0.026112
419918,0.006912
420049,0.025856
420069,0.378368
420117,0.000256
420129,0.026624
420204,0.227584
420243,0.034304
420318,0.096
420327,0.025344
420400,0.018176
420405,0.000768
420444,0.086272
420489,0.03584
420525,0.040704
420599,0.01792
420723,0.001792
420766,0.31488
420800,0.000512
420851,0.081664
420862,0.00768
420896,0.002048
420917,0.033024
420964,1.102848
421006,0.070144
421071,0.024576
421092,0.003072
421124,0.000512
421144,0.02304
421197,0.006656
421218,0.021248
421303,0.060928
421328,0.0064
421399,0.066304
421420,0.03968
421424,0.01664
421522,0.16768
421561,0.058624
421576,0.16256
421618,0.066304
421662,0.00896
421889,0.032
422085,0.049408
422105,0.014592
422162,0.164864
422208,0.001024
422212,0.007424
422355,0.048896
422499,0.024576
422515,0.07552
422536,0.020736
422583,0.057344
422593,0.197888
422613,0.08448
422643,0.03712
422653,0.071424
422703,0.128
422723,0.082432
422733,0.0064
422743,0.558592
422783,0.098304
422803,0.056576
422823,0.377856
422843,0.137472
422853,0.314112
422873,0.224768
422883,0.312576
422913,0.006144
422923,0.493824
422953,0.020224
422973,0.05376
422993,0.007936
423003,0.017664
423013,0.030208
423060,0.225792
423176,0.024832
423248,0.0128
423268,0.00512
423290,0.411648
423363,0.024832
423431,0.027136
423471,0.067584
423539,0.154112
423596,0.00896
423735,0.01152
423798,0.001024
423880,0.034048
423913,0.04352
423918,0.03968
423956,0.147456
424024,0.013056
424104,0.010496
424165,0.103936
424190,0.027392
424330,0.03584
424331,0.066304
424362,0.00128
424492,0.032768
424507,0.0512
424545,0.017152
424558,0.025088
424560,0.146432
424599,0.01536
424621,0.025088
424667,0.01664
424758,0.06656
424800,0.00128
424843,0.019968
424868,0.011008
424933,0.031488
424953,0.015104
424997,0.036352
425000,0.028928
425073,0.000768
425099,0.028928
425131,0.064512
425153,0.039936
425158,0.014336
425298,0.016384
425301,0.002048
425370,0.045568
425452,0.005632
425462,0.011264
425595,0.011776
425610,0.001792
425659,0.072192
425687,0.02176
425708,0.102144
425784,0.192512
425846,0.001024
425864,0.22016
425934,0.044032
426097,0.099584
426135,0.04096
426172,0.032512
426230,0.049664
426287,0.095488
426327,0.001792
426361,0.032768
426387,0.028416
426411,0.007424
426430,0.101888
426497,0.012032
426517,0.009472
426527,0.014848
426545,0.07808
426568,0.063232
426640,0.10368
426673,0.025856
426682,0.009984
426731,0.019968
426819,0.190464
426846,0.025088
426901,0.23424
426945,0.01408
426969,0.028672
427013,0.034816
427037,0.024832
427072,0.004864
427076,0.048384
427154,0.07424
427168,0.042752
427222,0.006144
427254,0.008192
427318,0.001024
427355,0.193792
427413,0.030976
427452,0.01664
427485,0.04096
427525,0.294912
427559,0.503296
427681,0.053248
427745,0.02304
427765,0.016128
427822,0.022016
427923,0.237824
427958,0.006144
427981,0.02432
427997,0.01664
428132,0.006912
428163,2.657024
428285,0.01792
428305,0.012032
428359,0.034048
428507,0.012288
428514,0.053248
428623,0.003072
428712,0.00256
428728,0.029696
428758,0.085248
428763,1.466368
428765,3.423744
428787,0.080896
428871,0.001024
428889,0.018432
428979,0.005888
429007,0.073984
429031,0.014336
429094,0.01536
429120,0.018688
429191,0.0512
429234,0.238336
429283,0.037376
429308,0.018432
429314,0.000512
429359,0.089088
429363,0.109824
429447,0.021504
429455,0.026624
429465,0.058624
429537,0.103168
429556,0.0192
429565,0.013312
429602,0.028672
429626,0.046592
429651,0.064
429689,0.04096
429753,0.000768
429805,0.028416
429823,0.00384
429846,0.007936
429848,0.02816
429918,0.28544
429963,0.130816
429994,0.051968
430037,0.221184
430095,0.00256
430127,0.003584
430179,0.8704
430309,0.020224
430338,0.012544
430366,0.019712
430381,0.038144
430403,0.008704
430485,0.653056
430557,0.042496
430585,0.10112
430709,0.024576
430847,0.007936
430931,0.056832
430945,0.006656
431036,0.004864
431227,0.054272
431247,0.006144
431357,0.015872
431449,0.014592
431465,0.030208
431576,0.037632
431647,0.016896
431683,0.000512
431733,0.007168
431757,0.061696
431765,0.003072
431927,0.006144
431950,0.008192
431988,0.476416
432062,0.052736
432087,0.017152
432194,0.042752
432224,0.015616
432260,0.050432
432329,0.008704
432365,0.08704
432400,0.148224
432421,0.099584
432484,0.012032
432533,0.097536
432613,0.01024
432694,0.017664
432721,0.003072
432730,0.057856
432747,0.039424
432867,0.018688
432879,0.014592
432945,1.53472
433005,0.020224
433047,0.022784
433180,0.002816
433217,0.032256
433249,0.004608
433310,0.033024
433323,0.008704
433356,0.020992
433384,0.007168
433390,0.005376
433410,0.002816
433468,0.064256
433535,0.077824
433562,0.926464
433564,4.000768
433648,0.074496
433667,0.031232
433757,0.01408
433831,0.001024
433863,0.068096
433932,0.004864
434072,0.227328
434116,0.113152
434162,0.27392
434268,0.025088
434333,0.013056
434338,0.131328
434416,0.000512
434487,0.041472
434551,0.024576
434565,0.095488
434600,0.01024
434695,0.0
434757,0.072192
434765,0.82944
434797,0.110592
434853,0.022528
434944,0.000512
434956,0.018944
434974,0.000256
434995,0.025088
435005,0.010496
435100,0.169216
435124,0.44672
435225,0.028416
435255,0.002304
435344,0.029696
435360,0.211456
435401,0.0064
435502,0.00896
435512,0.007936
435564,0.02304
435590,0.072704
435653,0.160768
435767,0.018432
435794,0.023296
435813,0.023296
435824,0.014848
435899,0.038912
435960,0.078592
435970,0.033792
436055,0.007424
436059,0.024064
436094,0.068352
436106,0.301568
436170,0.025088
436193,0.012288
436281,0.073984
436296,0.056832
436339,0.059904
436401,0.02816
436420,0.014848
436467,0.048896
436479,0.016896
436545,0.024064
436548,0.021248
436567,0.069376
436615,0.005888
436637,0.04608
436655,0.039424
436710,0.02176
436771,0.007168
436776,0.044032
436833,0.00768
436845,0.182016
436904,0.034816
436934,0.0128
436954,0.010752
436958,0.035072
436986,0.472064
437007,0.02816
437035,0.0192
437058,0.046336
437101,0.080128
437146,0.558848
437163,0.082944
437165,0.101632
437283,0.007424
437313,0.045312
437357,0.002304
437378,0.104704
437485,0.01664
437674,0.1024
437721,0.000768
437746,0.394752
437813,0.005376
437829,0.200704
437913,0.014336
437949,0.002816
438059,0.073216
438089,0.088064
438354,0.020992
438481,0.162816
438574,0.002048
438607,0.025856
438916,0.01408
438930,0.02816
438964,4.31616
439051,0.028672
439105,0.214528
439247,0.006144
439320,0.064768
439360,0.128256
439415,0.009984
439423,0.072448
439448,0.041472
439507,0.114944
439571,0.028928
439617,0.163072
439679,0.014848
439720,0.013568
439880,0.02432
439953,0.00384
439987,0.000768
440018,0.007424
440051,0.00384
440063,0.03328
440136,0.310272
440155,0.568064
440267,0.000256
440277,0.00512
440332,0.13568
440420,0.062976
440529,0.01152
440566,0.037632
440568,0.156928
440604,0.009984
440694,0.019456
440745,0.007424
440758,0.017408
440765,0.187392
440794,0.022272
440813,0.008704
440853,0.041216
440920,0.019968
440944,0.036608
440957,0.019712
440968,0.005632
441018,0.012288
441082,0.000512
441201,0.029952
441216,0.017408
441279,0.014848
441332,0.015872
441346,0.761344
441407,0.016384
441427,0.036608
441457,0.047104
441604,0.043264
441612,0.015104
441632,0.032
441667,0.216832
441693,0.027136
441739,0.049152
441757,0.07168
441867,0.188672
441934,0.024064
441945,0.406272
441989,0.179968
442100,0.018176
442110,0.041472
442191,0.0064
442257,0.06656
442271,0.440832
442295,0.178688
442387,0.100096
442452,0.020992
442473,0.016896
442492,0.130304
442545,0.076288
442557,0.402432
442560,0.335104
442676,0.015616
442700,0.002048
442703,0.069632
442721,0.01408
442791,0.044032
442897,0.009984
442921,0.045312
442981,0.06912
443035,0.006144
443044,0.019968
443067,0.017408
443117,0.064512
443153,0.065536
443164,0.058112
443298,0.038656
443391,0.005376
443428,0.010496
443450,0.005632
443472,0.009472
443625,0.007168
443633,0.02432
443679,0.017664
443730,0.024832
443766,0.060672
443816,0.05248
443982,0.044032
443985,0.326144
444095,0.012032
444148,0.004352
444172,0.069632
444345,0.096512
444354,0.002048
444405,0.022784
444456,0.005376
444517,0.062976
444533,0.172288
444607,0.015616
444631,0.014336
444660,0.018176
444823,0.00128
444845,0.00128
444862,0.014848
444887,0.056064
444959,1.443328
444980,0.183552
445007,0.023296
445057,0.023808
445176,0.14592
445235,0.059136
445268,0.330496
445316,0.297728
445378,0.05248
445408,0.030208
445445,0.013824
445495,0.104448
445513,0.017408
445545,0.036096
445558,0.007424
445596,0.009216
445609,0.018944
445675,0.046336
445741,0.13312
445807,0.109824
445922,0.004608
446029,0.068352
446065,0.060672
446080,0.047104
446145,0.00512
446156,0.111616
446211,0.045312
446239,0.00768
446382,0.06656
446389,0.67584
446439,0.009472
446484,0.014848
446507,0.032512
446535,0.060416
446627,0.00256
446676,0.005632
446690,0.045824
446701,0.0512
446723,0.067328
446762,0.007424
446766,0.011264
446773,0.012544
446790,0.035328
446811,0.001024
446875,0.072192
446965,0.001792
447094,0.132608
447252,0.000256
447285,0.002048
447328,0.187648
447420,0.024832
447489,0.009216
447538,0.022016
447571,0.004864
447582,0.024064
447623,0.096
447653,0.045312
447667,0.040704
447771,0.037888
447889,0.036352
447956,0.31872
447961,0.291072
448023,0.010752
448107,0.002048
448132,0.074496
448211,0.047616
448241,0.006144
448276,0.00768
448304,0.116992
448337,0.015104
448379,0.015104
448399,0.005376
448441,0.018688
448449,0.014336
448534,0.004352
448541,0.009728
448545,0.032256
448556,0.0448
448589,0.01536
448637,0.015872
448725,0.07296
448753,0.045568
448804,0.019712
448812,0.005888
448840,0.058368
448845,0.01664
448856,0.012544
448903,0.11264
448923,0.689664
448995,0.339968
449083,0.080128
449112,0.018688
449193,0.008192
449233,0.002048
449300,0.17152
449348,0.004352
449367,0.002304
449409,0.20352
449434,0.007936
449476,0.04224
449509,0.008704
449519,0.004352
449579,0.013824
449668,0.113664
449741,0.016896
449756,0.688384
449848,0.007424
449917,0.005632
449966,0.011008
450024,0.017152
450069,0.052992
450087,0.023296
450099,0.014848
450134,0.078592
450177,0.054784
450191,0.000512
450220,0.042496
450284,0.25984
450323,0.010496
450346,0.003584
450356,0.29312
450361,0.32128
450368,0.263168
450502,0.05248
450547,0.0064
450623,0.030208
450687,0.004864
450739,0.006144
450747,0.31616
450812,0.017408
450828,0.011264
450833,0.027648
450870,0.128256
450928,0.034048
450950,0.005376
450989,0.739584
451068,0.015104
451124,0.005888
451220,0.004096
451249,0.015616
451279,0.055296
451357,0.002304
451389,0.001536
451409,0.003072
451457,0.01024
451492,0.009216
451500,0.017408
451561,0.16256
451564,0.166656
451575,1.886208
451660,0.090624
451715,0.005888
451741,0.025344
451769,0.035584
451821,0.011264
451849,0.10112
451871,0.099328
451903,0.049664
452029,0.00768
452031,0.072704
452041,0.07552
452088,0.03584
452107,0.0384
452152,0.05504
452167,0.00128
452174,0.054272
452208,0.035328
452436,0.134656
452569,0.002048
452613,0.020992
452637,0.056576
452659,0.153344
452675,0.008448
452717,0.005376
452752,0.044032
452766,0.165632
452861,0.023552
452867,0.025856
452885,0.045312
452988,0.035328
453016,0.087296
453047,0.089088
453059,0.00384
453064,0.045568
453107,0.03584
453118,0.064256
453139,0.024064
453180,0.110848
453221,0.08704
453303,0.007936
453321,0.000256
453351,0.003584
453392,0.027904
453411,0.028672
453463,0.049152
453470,0.006144
453483,0.588032
453578,0.003072
453603,0.244224
453639,0.004864
453681,0.009984
453706,0.03328
453765,0.008448
453881,0.020224
453901,0.016128
453910,0.000256
453929,0.018944
454027,0.0384
454069,0.018688
454079,0.07424
454132,0.063488
454137,0.013312
454212,0.049664
454278,0.005376
454300,0.012544
454363,0.00384
454415,0.014336
454513,0.154112
454610,0.018176
454764,0.015104
454812,0.012288
454883,0.004352
454929,0.007936
454946,0.004864
454996,0.003584
455024,0.102656
455146,0.02048
455160,0.109056
455258,0.014592
455388,0.021504
455410,0.059904
455480,0.107776
455513,0.029952
455518,0.050432
455569,0.135936
455734,0.010496
455758,0.016896
455766,0.013568
455828,0.152832
455845,0.053248
455860,0.02304
455918,0.02944
455988,0.03328
456125,0.015616
456149,0.048384
456183,0.16512
456240,0.017152
456295,0.00128
456356,0.029696
456376,0.012288
456423,0.006144
456428,0.00128
456507,0.069632
456546,0.076032
456557,0.035328
456612,0.014848
456679,0.014592
456734,0.23552
456777,0.02816
456855,0.000512
456860,0.001536
456878,0.016128
456932,0.018688
456946,0.091392
456961,0.121856
456983,0.004096
457073,0.004864
457155,0.011776
457222,0.020992
457235,0.008704
457304,0.020224
457329,0.017152
457387,0.01408
457453,0.005632
457476,0.029184
457513,0.23424
457532,0.20352
457558,0.172032
457560,0.254464
457562,0.502784
457624,0.035072
457689,0.020224
457734,0.010496
457769,0.027648
457842,0.026368
457855,0.021504
457887,0.012032
457912,0.01152
457938,0.026368
458043,0.011264
458079,0.002304
458089,0.006912
458108,0.030976
458158,0.055296
458159,1.133056
458165,0.646912
458284,0.032256
458313,0.005632
458322,0.035584
458444,0.015616
458496,0.004352
458530,0.037888
458537,0.067072
458572,0.009728
458585,0.097024
458660,0.056064
458673,0.007936
458707,0.040192
458762,0.970752
458770,1.315584
458826,0.88448
458860,0.02944
458900,0.004352
458915,0.01024
458945,0.042496
458983,0.011008
459059,0.023552
459172,0.059392
459205,0.062208
459244,0.098048
459363,0.027136
459553,0.014336
459573,0.00768
459587,0.059648
459623,0.106752
459655,0.0128
459680,0.035328
459731,0.041728
459760,0.275456
459793,0.02304
459864,0.028928
459870,0.017152
459943,0.05376
459957,0.0
460131,0.036864
460205,0.007168
460243,0.043264
460398,0.054272
460486,0.004864
460505,0.006656
460545,0.104704
460569,0.049664
460597,0.01792
460647,0.000512
460671,0.008448
460722,0.019456
460756,0.21376
460805,0.023552
460896,0.073216
460946,0.086784
461022,0.01152
461027,0.06528
461037,0.090368
461105,0.068096
461205,0.027392
461223,0.008704
461262,0.00512
461447,0.029952
461539,0.002048
461562,0.02432
461608,0.036864
461641,0.01152
461644,0.00512
461732,1.505536
461763,1.963264
461834,0.001792
461863,0.00256
461880,0.06144
461892,0.120064
461919,0.003584
461961,0.012544
461991,0.034304
462039,0.008704
462120,0.009472
462153,0.001024
462158,0.022272
462264,0.029952
462322,0.057344
462323,0.88192
462369,0.012288
462476,0.025088
462659,0.014592
462669,0.01152
462845,0.033024
462871,0.010496
462897,0.001024
462902,0.060672
462956,0.075776
463138,0.022016
463239,0.012544
463245,0.007168
463277,0.003328
463304,0.03328
463347,0.028672
463375,0.024832
463395,0.0128
463453,0.094976
463518,0.020224
463556,0.155648
463597,0.01792
463616,0.007936
463624,0.374528
463662,0.005632
463719,0.001792
463793,0.032256
463829,0.028928
463930,0.00896
463933,0.032
464119,0.020224
464135,0.001536
464146,0.007936
464204,0.05888
464260,0.039424
464279,0.02432
464302,0.018176
464434,0.001792
464446,0.009216
464534,0.054016
464573,0.096768
464577,0.004608
464595,0.12288
464668,0.008704
464688,0.058368
464732,0.076288
464754,0.024576
464757,2.94272
464838,0.050688
464897,0.009472
464945,0.052992
464967,0.02944
465008,0.012032
465071,0.013568
465117,0.001024
465267,0.000512
465293,0.008192
465309,0.01152
465400,0.093184
465457,0.024064
465461,0.032
465475,0.843008
465549,0.01152
465613,0.03968
465779,0.008448
465802,0.108544
465882,0.022784
465945,0.01664
465956,0.032256
466014,0.007424
466038,0.058624
466143,0.205824
466199,0.037376
466269,0.102656
466299,0.00896
466323,0.017664
466377,0.022272
466535,0.006912
466550,0.01024
466557,0.161536
466560,0.02048
466565,0.040448
466636,0.017664
466655,0.01536
466675,0.10624
466737,0.000256
466776,0.21376
466834,0.024832
466849,0.054784
466896,0.001792
466902,0.03712
466962,0.700416
467029,0.012288
467139,0.016128
467158,0.03968
467168,0.002304
467172,0.041728
467323,0.070912
467347,0.021248
467354,0.082944
467402,0.059648
467482,0.035072
467538,0.021504
467561,0.008192
467569,0.0
467606,0.073472
467746,0.49536
467760,0.389376
467877,0.23296
467956,0.128512
468005,0.055808
468039,0.020224
468139,0.000512
468190,0.00128
468229,0.033792
468268,0.009728
468313,0.037888
468345,0.004352
468417,0.045056
468433,0.011776
468455,0.004864
468530,0.001792
468553,0.06912
468571,0.03328
468604,0.131072
468610,0.081152
468663,0.058112
468695,0.015616
468806,0.015872
468837,0.00768
468899,0.063488
468919,0.004352
468945,0.082432
468960,0.645888
468965,0.747776
469033,0.006912
469043,0.008448
469115,0.0
469231,0.1152
469352,0.056576
469391,0.032768
469413,0.048896
469473,0.007424
469479,0.029696
469520,0.244736
469557,0.042752
469607,0.048384
469654,0.006144
469701,0.02176
469718,0.00384
469828,0.008704
469855,0.038656
469890,0.005632
469911,0.008192
469945,0.026112
470014,0.03328
470041,0.00768
470130,0.011776
470146,0.081664
470181,0.04352
470187,0.081664
470241,0.007424
470265,0.034816
470354,0.004608
470365,0.001024
470391,0.010752
470467,0.010752
470549,0.0256
470574,0.00512
470587,0.030976
470640,0.037376
470647,0.03328
470727,0.01536
470757,0.614912
470769,0.108288
470853,0.035584
470912,0.01024
471036,0.232704
471075,0.022784
471159,0.159488
471196,0.026368
471219,0.059136
471275,0.020736
471322,0.003072
471362,3.065088
471466,0.01152
471486,0.018432
471535,0.019456
471565,0.035072
471588,0.00384
471607,0.00768
471632,0.36352
471685,0.036096
471755,0.013568
471796,0.013568
471824,0.02688
471924,0.000256
471972,0.138496
472031,0.106752
472083,0.014592
472131,0.055808
472188,0.004352
472224,0.041472
472304,0.039424
472334,0.059648
472369,0.103936
472524,0.080896
472544,0.025344
472560,0.018432
472605,0.011264
472651,0.041984
472818,0.004864
472848,0.032512
472960,0.032256
472983,0.234496
473026,0.020736
473045,0.0064
473146,0.028928
473156,0.018944
473159,0.15488
473161,1.0368
473412,0.10496
473478,0.00128
473543,0.012032
473563,0.027136
473606,0.026112
473646,0.000512
473659,0.035072
473676,0.02688
473724,0.002816
473742,0.004352
473747,0.011264
473797,0.058624
473806,0.02048
473845,0.007936
473889,0.087296
473960,0.067328
473993,0.032256
474024,0.026112
474123,0.043008
474216,0.010496
474244,0.006656
474316,0.040704
474335,0.031488
474362,0.008704
474417,0.0128
474477,0.003072
474515,0.013056
474675,0.070144
474696,0.330496
474813,0.08064
474859,0.011264
474878,0.08192
474915,0.057344
474952,0.002048
474956,0.087552
474965,0.102656
474968,0.77696
475036,0.049152
475107,0.035584
475162,0.024064
475215,0.040448
475258,0.016896
475274,0.02304
475287,0.020736
475330,0.019968
475338,0.04864
475387,0.029184
475404,0.022528
475510,0.019712
475558,0.023552
475560,0.123648
475568,0.091136
475609,0.017664
475661,0.004864
475708,0.03456
475793,0.081408
475827,0.050944
475839,0.05632
475864,0.032
476023,0.012032
476057,0.00384
476203,0.010496
476273,0.001792
476308,0.017664
476358,0.02944
476435,0.001792
476475,0.044032
476512,0.007168
476586,0.03968
476742,0.009472
476756,0.003328
476757,0.075008
476760,0.127232
476767,0.287488
476827,0.011776
476892,0.012032
476932,0.007424
477012,0.017408
477090,0.145152
477197,0.01664
477260,0.127232
477295,0.07552
477363,0.273664
477389,0.04352
477543,0.044032
477568,0.00896
477679,0.023552
477717,0.026112
477827,0.030976
477869,0.012032
477878,0.02816
477891,0.00896
477965,0.004864
478060,0.06528
478087,0.003584
478131,0.013056
478133,0.014848
478183,0.03456
478226,0.013312
478273,0.0
478322,0.071424
478474,0.075776
478540,0.0192
478566,0.00384
478588,0.024576
478661,0.008704
478737,0.028928
478757,0.018944
478837,0.03328
478916,0.017408
478989,0.037376
479042,0.014336
479069,0.13056
479108,0.083712
479159,0.004864
479164,0.037632
479173,0.004864
479212,0.009984
479244,0.065024
479315,0.023808
479338,0.004352
479397,0.052992
479470,0.005632
479547,0.09472
479607,0.005376
479735,0.046336
479749,0.023296
479759,0.022272
479760,1.788928
479764,1.865984
479846,0.043264
479874,0.003072
479889,0.072448
479921,0.006912
479991,0.004096
480050,0.002048
480094,0.20864
480139,0.008448
480172,0.001536
480178,0.040448
480340,0.018688
480345,0.015872
480358,0.058624
480359,0.166144
480497,0.034816
480689,0.008448
480713,0.01024
480762,0.099584
480810,0.008448
480896,0.015104
480917,0.013824
480942,0.059648
480966,0.026624
480973,0.180224
481029,0.015104
481045,0.07424
481093,0.008192
481127,0.058368
481171,0.134656
481228,0.039168
481280,0.105216
481336,0.040192
481390,0.059904
481433,0.008704
481498,0.053504
481528,0.00256
481596,0.013056
481649,0.059904
481719,0.005376
481773,0.147712
481832,0.032256
481849,0.047616
481900,0.090112
481937,0.016384
481972,0.007168
482000,0.012544
482024,0.008448
482074,0.025088
482161,0.130304
482259,0.068608
482288,0.006656
482376,0.104704
482490,0.01152
482537,0.027392
482610,0.205568
482648,0.01536
482654,0.025856
482753,0.082688
482759,0.053248
482907,0.055552
482953,0.05248
482988,0.018688
483023,0.03328
483043,0.013312
483119,0.02688
483179,0.003328
483227,0.010752
483311,0.002304
483356,0.098048
483452,0.005632
483520,0.201984
483563,0.013824
483613,0.023296
483641,0.013312
483708,0.03072
483735,0.024576
483756,0.036096
483774,0.001024
483862,0.004352
483961,0.03456
484119,0.11264
484143,0.035328
484166,0.260608
484214,0.000512
484265,0.356864
484421,0.060928
484437,0.029184
484457,0.015872
484471,0.043776
484557,0.002816
484819,0.016128
484842,0.025344
484868,0.000512
484887,0.009728
485084,0.00128
485114,0.038656
485124,0.041984
485144,0.111616
485163,0.069376
485184,0.18816
485214,0.176128
485224,0.162816
485234,0.078592
485244,0.059392
485254,0.16896
485264,0.065536
485284,0.30464
485287,0.09856
485314,0.08192
485324,0.248064
485344,0.205056
485364,0.488448
485374,0.056832
485384,0.08832
485394,0.335872
485424,0.020992
485434,0.043264
485454,0.4352
485464,0.5056
485504,0.45824
485514,0.412928
485534,0.552448
485564,0.577024
485590,0.50432
485614,0.02304
485732,0.001792
485761,0.032768
485764,0.02304
485785,0.227072
485895,0.055552
485958,0.078592
485987,0.0704
486037,0.007936
486212,0.009728
486224,0.010752
486242,0.061184
486257,0.050688
486337,0.091136
486362,0.933376
486427,0.009472
486428,0.00896
486448,0.0128
486500,0.014336
486523,0.010496
486551,0.047872
486595,0.02304
486667,0.01024
486742,0.01792
486810,0.0
486852,0.407552
486962,0.119296
486966,1.007616
487043,0.01152
487063,0.015104
487093,0.023552
487155,0.030976
487173,0.011264
487244,0.096256
487307,0.013056
487353,0.100096
487367,0.057344
487390,0.01152
487438,0.146176
487545,0.0
487552,0.144128
487645,0.004864
487688,0.039168
487783,0.02816
487871,0.007168
488044,0.005376
488120,0.009984
488157,0.224512
488185,0.033024
488216,0.097536
488248,0.007168
488384,0.103168
488407,0.027648
488464,0.011008
488526,0.010496
488553,0.061184
488563,0.019712
488591,0.28544
488654,0.004608
488680,1.86496
488760,0.006656
488766,0.038656
488804,0.030976
488834,0.03712
488894,0.012544
488925,0.034816
488946,0.163328
489011,0.017408
489029,0.026112
489042,0.026624
489131,0.037632
489175,0.00512
489223,0.027904
489262,0.005888
489319,0.078336
489361,0.121856
489456,0.135424
489475,0.006912
489492,0.017408
489537,0.074752
489648,0.027392
489681,0.022016
489708,0.002048
489781,0.00512
489805,0.071424
489863,0.002816
489943,0.081408
489960,0.132096
489962,0.128
490030,0.13184
490057,0.02176
490096,0.018176
490138,0.0
490160,0.008448
490171,0.006656
490206,0.0064
490247,0.004608
490264,0.045056
490328,0.06144
490341,0.025088
490362,0.133888
490365,0.162048
490399,0.005888
490427,0.014592
490484,0.024832
490487,0.168192
490545,0.013056
490564,0.013824
490568,0.048384
490630,0.014592
490650,0.028416
490666,0.0192
490745,0.004608
491016,0.06016
491043,0.021248
491158,0.136448
491232,0.012032
491260,0.002304
491345,0.045568
491356,0.255232
491408,0.003328
491442,0.004096
491514,0.050432
491587,0.014336
491664,0.14208
491820,0.022016
491849,0.021504
491940,0.0192
491983,0.03968
492012,0.016384
492050,0.059648
492069,0.014848
492195,0.023552
492219,0.004096
492240,0.050944
492265,0.032768
492298,0.039168
492346,0.18304
492580,0.064
492589,0.102144
492634,0.068096
492687,0.035328
492691,0.104704
492726,0.055552
492757,0.216064
492807,0.020992
492878,0.017408
492945,0.053504
492956,0.008448
492968,0.220928
493008,0.058112
493038,0.09984
493097,0.018432
493175,0.073984
493205,0.017664
493243,0.022272
493265,0.114176
493299,0.011264
493367,0.050432
493415,0.002048
493436,0.101888
493486,0.00384
493498,0.15488
493557,0.05632
493571,0.033792
493644,0.041984
493743,0.034816
493787,0.01664
493811,0.0064
493833,0.060416
493863,0.030208
493912,0.019456
493942,0.009728
494010,0.019712
494114,0.013056
494138,0.0576
494156,0.127232
494215,0.000512
494231,0.003072
494285,0.82048
494368,0.012544
494439,0.009984
494576,0.327424
494612,0.006144
494666,0.06528
494737,0.02176
494745,0.034304
494757,1.004288
494881,0.001536
494943,0.03584
494977,0.035584
495056,0.201216
495124,0.000512
495156,0.134656
495200,0.00256
495271,0.025344
495357,0.299008
495363,0.42624
495466,0.362752
495506,0.076032
495536,0.029952
495546,0.402176
495576,0.163328
495616,0.15744
495626,0.363776
495656,0.013824
495666,0.100608
495676,0.058368
495686,0.046848
495696,0.32768
495706,0.473088
495726,0.1728
495736,0.196864
495746,0.092416
495756,0.113152
495766,0.3072
495786,0.113152
495796,0.239872
495806,0.139008
495816,0.132608
495826,0.436992
495836,0.04736
495846,0.073472
495856,0.204032
495876,0.397824
495886,0.647424
495896,0.052224
495916,0.212992
495926,0.462848
495946,0.533248
495966,0.181504
495976,0.522752
496016,0.475136
496026,0.612096
496036,0.141568
496056,0.29184
496076,0.663552
496086,0.423424
496106,0.090112
496116,0.50048
496126,0.40192
496146,0.391168
496166,0.429824
496176,0.707328
496246,0.099584
496267,0.185088
496271,0.118784
496302,0.193792
496357,0.0192
496382,1.25312
496483,0.052736
496513,0.009728
496554,0.011008
496622,0.91776
496640,0.091648
496697,0.007168
496729,0.610048
496760,0.017408
496806,0.019456
496828,0.006144
496854,0.051456
496876,0.005632
496928,0.04864
496949,0.640768
496981,0.002048
497016,0.02048
497141,0.002048
497145,0.521984
497229,0.056832
497244,0.494848
497424,0.03712
497464,0.036864
497495,0.07936
497518,0.031744
497607,0.040192
497625,0.014848
497665,0.000256
497720,0.003584
497749,0.01408
497758,0.017152
497835,0.022272
497856,0.825088
497892,0.027136
497955,0.039424
497977,0.033024
498046,0.265216
498069,0.018688
498097,0.035328
498156,0.027392
498203,0.001536
498253,0.037888
498358,0.013568
498403,0.05632
498505,0.022784
498520,0.031232
498588,0.02304
498603,0.104704
498644,0.085504
498692,0.035584
498720,0.030976
498807,0.06016
498855,0.076288
498908,0.155904
498934,0.021248
498959,0.889344
499006,0.004352
499084,0.000512
499133,0.004352
499156,0.093696
499216,0.007936
499255,0.112128
499267,0.07296
499332,0.104704
499361,0.037888
499419,0.009984
499490,0.041984
499559,0.006144
499847,0.013824
499860,0.005888
499939,0.053504
499940,0.425472
500038,0.123392
500073,0.006656
500122,0.024064
500146,0.070656
500156,0.061952
500159,0.038144
500170,5.106432
500354,0.011008
500445,0.04608
500501,0.004608
500530,0.029184
500558,0.206336
500601,0.001792
500680,0.022272
500732,0.106752
500745,0.029696
500759,0.209408
500764,0.068608
500890,0.31744
501015,0.00256
501019,0.002304
501122,0.000512
501147,0.0
501168,0.02048
501221,0.059136
501239,0.01536
501329,0.012032
501336,0.12288
501360,0.00384
501361,0.005888
501365,0.090368
501464,0.031744
501507,0.003072
501513,0.008192
501539,0.037376
501631,0.003584
501639,0.02048
501664,0.0128
501689,0.046592
501779,0.084992
501817,0.021248
501838,0.123648
501923,0.002304
501949,0.02304
501963,0.281088
501984,0.201216
502023,0.102912
502054,0.019712
502158,0.051968
502200,0.009728
502300,0.0
502375,0.024832
502386,0.012544
502417,0.051456
502453,0.148224
502507,0.047872
502557,0.019456
502563,0.444928
502569,0.086528
502570,4.829696
502657,0.019712
502752,0.013568
502798,0.009984
502855,0.029952
502910,0.003584
502939,0.05632
502947,0.018688
503015,0.006656
503056,0.02048
503145,0.022272
503168,0.00384
503265,0.050432
503349,0.008448
503374,0.025088
503400,0.019456
503530,0.014848
503646,0.003328
503678,0.366336
503727,0.025856
503739,0.064768
503758,0.070144
503835,0.060928
503850,0.318976
503958,0.150784
504017,0.013056
504078,0.028416
504109,0.05632
504227,0.013824
504234,0.0128
504279,0.005376
504292,0.048384
504331,0.022528
504359,0.023296
504411,0.063744
504588,0.0064
504601,0.157184
504610,0.00128
504665,0.00256
504720,0.002048
504766,0.011008
504768,0.04352
504804,0.031744
504877,0.013824
504900,0.012544
504909,0.001792
504946,0.039424
504987,0.014336
505039,0.004352
505067,0.023552
505221,0.017152
505248,0.162048
505267,0.004096
505309,0.023552
505352,0.027648
505453,0.027648
505472,0.02176
505563,0.139776
505631,0.020736
505679,0.028928
505730,0.001024
505760,0.006656
505856,0.012544
505931,0.035072
505981,0.000256
506085,0.02432
506168,0.070656
506285,0.020736
506378,0.000256
506433,0.004608
506435,0.00768
506499,0.022528
506556,0.041984
506569,0.025856
506603,0.03584
506696,0.018944
506716,0.02688
506738,0.10368
506746,0.000256
506748,1.518848
506803,0.155648
506828,0.048384
506913,0.082176
507032,0.022784
507053,0.03968
507092,0.037888
507295,0.083712
507323,0.017408
507346,0.01792
507357,0.078848
507415,0.027904
507462,0.0128
507546,0.020992
507583,0.041472
507619,0.046848
507736,0.009216
507773,0.02176
507787,0.034304
507800,0.041984
507848,0.019968
507907,0.030464
507917,0.043264
507956,0.004096
508066,0.011008
508078,0.00512
508165,0.000512
508212,0.008704
508216,0.389376
508318,0.009728
508327,0.020992
508416,0.000768
508517,0.017408
508545,0.130816
508570,0.051968
508605,0.16768
508848,0.037888
508948,0.057088
509067,0.003072
509095,0.009728
509178,0.112128
509207,0.03456
509235,0.000768
509249,0.031744
509275,0.018944
509307,0.004352
509324,0.141568
509344,0.040448
509365,0.040704
509387,0.001536
509458,0.045568
509489,0.00512
509515,0.013568
509545,0.030976
509621,0.028416
509646,0.013824
509693,0.31616
509746,0.010496
509765,0.987136
509849,0.036864
510025,0.034304
510189,0.011264
510195,0.008192
510295,0.02816
510314,0.006656
510360,0.065024
510407,0.018432
510425,0.015616
510465,0.016896
510629,0.00128
510658,0.113152
510730,0.042752
510787,0.031488
510800,0.664576
510832,0.102656
510929,0.006912
510936,0.01792
510945,0.368128
510967,0.513792
511128,0.0064
511148,0.045568
511230,0.032768
511252,0.006912
511287,0.0256
511307,0.04352
511328,0.033792
511338,0.144384
511372,0.005632
511405,0.072192
511438,0.010752
511515,0.065024
511546,0.131328
511564,0.070656
511632,0.008192
511688,0.001792
511768,0.00896
511779,0.003328
511881,0.004864
511908,0.009728
512010,0.026112
512067,0.05888
512108,0.008192
512145,0.105728
512166,0.13312
512248,0.093184
512271,0.035328
512295,0.026112
512321,0.004096
512362,0.013824
512511,0.02688
512627,0.015616
512638,0.065792
512652,0.0064
512683,0.002048
512747,0.051712
512762,0.04224
512829,0.158464
512877,0.173056
513064,0.090112
513221,0.034816
513232,0.225536
513294,0.032256
513331,0.045312
513407,0.009216
513468,0.102144
513548,0.032256
513558,0.15488
513644,0.026624
513653,0.00896
513664,0.01024
513707,0.005632
513737,0.01664
513778,0.056832
513821,0.109824
513909,0.01024
513946,0.011008
513957,0.040192
514081,0.03328
514120,0.041984
514227,0.009984
514247,0.004608
514267,0.006144
514269,0.048896
514290,0.064512
514312,0.055296
514367,0.021248
514397,0.033024
514457,0.009728
514481,0.052992
514524,0.00384
514558,0.759552
514691,0.023552
514702,0.002304
514708,0.056832
514737,0.05888
514800,0.04992
514817,0.009472
514912,0.004096
515041,0.012032
515063,0.005376
515100,1.574912
515159,0.011264
515227,0.04992
515335,0.0128
515350,0.044032
515408,0.016128
515487,0.057344
515507,0.01408
515570,0.308224
515639,0.052224
515665,0.027392
515699,0.025088
515759,0.070144
515789,0.039936
515799,0.132352
515908,0.030464
515932,1.86624
516085,0.002304
516093,0.009728
516126,0.13568
516238,0.304384
516300,0.031488
516318,0.012544
516339,0.019968
516345,0.130816
516361,0.26368
516455,0.004608
516468,0.026624
516518,0.023296
516555,0.012544
516673,0.00768
516757,0.011264
516804,0.07808
516945,0.003072
516959,0.071424
516965,0.525312
517161,0.04224
517191,0.029184
517307,0.087808
517320,0.008704
517503,0.004608
517527,0.022784
517557,0.042496
517564,0.005632
517568,0.03328
517642,0.007424
517646,0.024576
517777,0.0768
517829,0.019968
517865,0.006912
517879,0.000512
517920,0.027136
517933,0.065792
518007,0.003584
518045,0.001792
518100,0.011776
518105,0.02432
518135,0.02176
518156,0.067584
518166,19.99232
518261,0.00512
518309,0.138496
518505,0.045056
518624,0.025344
518646,0.00768
518745,0.004096
518762,0.033536
518770,0.009984
518820,0.15744
518942,0.035072
519047,0.000512
519050,0.078336
519085,0.005888
519110,0.085504
519164,0.116224
519220,0.01408
519260,0.011264
519299,0.030464
519345,0.072448
519366,0.051712
519394,0.041216
519429,0.053248
519494,0.005632
519503,0.009728
519653,0.078336
519701,0.002304
519707,0.02432
519721,0.096768
519788,0.06272
519827,0.019968
519892,0.058624
519945,0.023808
519949,0.008704
519979,0.025344
520040,0.001536
520062,0.012288
520147,0.016896
520212,0.034048
520284,0.009216
520311,0.025856
520350,0.022016
520436,0.022272
520517,0.01792
520564,0.051712
520648,0.12672
520712,0.030208
520727,0.008448
520780,0.02304
520822,0.087296
520933,0.043776
520957,0.104448
521007,0.002816
521021,0.054016
521047,0.031488
521112,0.000512
521156,0.0192
521165,0.24448
521229,0.10752
521269,0.015616
521345,0.010752
521390,0.034304
521571,0.004352
521617,0.018688
521746,0.04096
521765,0.758272
521766,21.19424
521879,0.022784
521923,0.019712
521946,0.034048
522017,0.082176
522060,0.11008
522090,0.017408
522126,0.00896
522158,0.000512
522181,0.0
522192,0.063488
522203,0.045824
522240,0.027648
522358,0.05248
522370,0.257024
522446,0.033792
522566,0.023552
522616,0.010496
522704,0.013568
522850,0.042752
522853,0.015872
522935,0.00384
522952,0.004352
523051,0.000512
523088,0.06784
523107,0.027648
523168,0.065024
523295,0.088064
523313,0.003584
523378,0.009984
523506,0.069632
523565,0.05248
523600,0.043264
523618,0.004608
523637,0.0
523676,0.071936
523813,0.02048
523907,0.000256
523919,0.120064
523965,0.0064
523970,0.059904
524048,0.035072
524058,0.022528
524165,0.035072
524288,0.020736
524319,0.006144
524321,0.034304
524402,0.149504
524569,0.003072
524719,0.011776
524745,0.141312
524759,0.481536
524829,0.04224
524848,0.00896
524881,0.03712
524912,0.009216
525052,0.013824
525131,0.057856
525152,0.018432
525210,0.122112
525276,0.209664
525312,0.032512
525342,0.370176
525359,0.605184
525447,0.005888
525505,0.0128
525517,0.158208
525576,0.009728
525645,0.03456
525713,0.030464
525749,0.00384
525808,0.107264
525895,0.007168
525940,0.032512
525960,0.020736
526015,0.124416
526114,0.040704
526155,0.016896
526175,0.025088
526225,0.080128
526348,0.119552
526417,0.744448
526494,0.006144
526568,0.02304
526587,0.008704
526596,0.020736
526647,0.006144
526667,0.00768
526712,0.016384
526750,0.016896
526787,0.054528
526827,0.009216
526874,0.175104
526916,0.0256
526977,0.036352
527039,0.00256
527058,0.023808
527120,0.02176
527187,0.04736
527222,0.054784
527265,0.049152
527297,0.02304
527499,0.022528
527547,0.047872
527568,0.016384
527667,0.00128
527767,0.04736
527836,0.025344
527860,0.024576
527898,0.044032
527949,0.036352
527991,0.007936
528029,0.027648
528153,0.14464
528244,0.007936
528254,0.005632
528275,0.020992
528345,1.831424
528482,0.013568
528564,0.018688
528584,0.019968
528625,0.00512
528642,0.076288
528684,0.055808
528814,0.009984
528843,0.02816
528903,0.026368
528946,0.00896
529044,0.000256
529047,0.044288
529071,0.108544
529100,0.038656
529180,0.017408
529200,0.093952
529222,0.022016
529392,0.003072
529427,0.004352
529445,0.016384
529556,0.0
529558,0.980736
529637,0.044288
529694,0.695808
529772,0.027392
529804,0.011008
529936,0.146944
530038,0.06784
530068,0.017152
530117,0.027904
530156,0.055552
530215,0.041984
530228,0.000768
530258,0.025344
530330,0.062464
530371,0.001024
530388,0.001792
530408,0.026624
530691,0.040192
530745,0.017152
530746,0.114688
530774,0.143104
530783,0.1792
530814,0.113664
530839,0.016128
530891,0.028672
530894,0.006912
530998,0.017152
531012,0.073728
531045,0.02688
531070,0.020224
531113,0.163328
531132,0.84992
531229,0.001792
531305,0.0128
531346,0.355072
531364,0.287232
531387,0.007168
531489,0.52096
531501,0.265984
531519,0.038912
531574,0.176384
531587,0.66688
531689,0.531968
531898,0.309248
531902,0.352512
531912,0.24832
531918,0.049664
531950,0.132608
531958,2.866176
531964,0.167424
531993,0.347648
531996,8.392192
532070,0.526848
532083,1.84832
532196,0.007168
532232,0.013312
532241,0.002816
532355,0.649472
532432,0.006144
532479,0.1344
532558,1.778944
532616,0.016128
532696,0.009728
532759,0.002304
532805,0.00256
532827,0.050688
532922,0.000512
533087,0.011264
533261,0.037632
533318,0.010496
533347,0.001024
533373,0.021504
533428,0.003072
533440,0.003328
533461,0.036352
533495,0.018688
533533,0.039936
533548,0.033792
533639,0.06528
533691,0.053504
533745,0.016128
533752,0.055296
533760,0.336896
533800,0.046848
533892,0.000512
533927,0.005376
533942,0.035328
534011,0.704768
534132,0.005632
534189,0.018432
534232,0.0576
534267,0.106752
534320,0.025088
534343,0.045824
534362,0.019968
534376,0.06656
534436,0.00256
534464,0.076032
534522,0.056576
534554,0.036864
534645,0.041728
534694,0.072704
534757,0.026368
534800,0.070144
534852,0.012544
534896,0.020224
534950,0.090112
534962,4.654336
535083,0.022784
535144,0.01152
535171,0.029696
535267,0.012032
535280,0.016896
535419,0.020224
535427,0.000768
535530,0.002816
535543,0.003072
535555,0.024832
535684,0.14592
535724,0.002048
535727,0.079104
535836,0.109568
535877,0.0256
535892,0.016128
535982,1.049344
536016,0.16896
536064,0.045568
536087,0.047616
536126,0.014336
536148,0.009216
536159,0.008704
536160,12.601088
536221,0.034304
536381,0.024064
536495,0.015616
536530,0.05248
536641,0.000512
536707,0.049152
536729,0.009728
536746,0.02816
536763,0.030976
536766,4.601088
536839,0.00384
536907,0.055296
536923,0.093696
536993,0.040192
537023,0.01792
537044,0.008192
537117,0.098304
537234,0.004096
537255,0.0064
537286,0.007168
537310,0.411136
537363,0.208384
537374,0.154368
537388,0.029184
537421,0.007424
537517,0.039424
537522,0.0064
537547,0.002048
537584,0.003072
537695,0.00896
537762,0.036608
537766,0.068608
537833,0.012032
537882,0.005376
537887,0.011008
537945,0.001536
537959,0.026624
537966,0.018944
538037,0.005376
538041,0.01408
538052,0.114688
538069,0.001536
538126,0.07424
538131,0.39936
538188,0.013312
538232,0.057088
538409,0.050944
538467,0.470272
538514,0.022016
538559,0.380672
538560,1.969408
538563,0.22912
538606,0.424448
538662,0.771072
538707,1.225472
538748,4.513536
538832,0.060416
538952,1.356032
538955,2.061824
538996,0.154368
539008,0.072192
539014,0.098048
539072,0.023552
539105,0.029696
539132,1.224192
539161,0.101888
539207,0.382208
539230,0.002048
539253,0.077568
539272,0.06272
539295,0.041472
539362,0.03328
539503,0.0448
539593,0.12288
539607,0.138752
539680,0.046336
539722,0.061696
539760,0.081408
539777,0.866048
539857,0.018432
539859,0.09728
539889,0.030976
539950,0.061696
539987,0.001024
540074,0.045824
540134,0.035328
540229,0.015616
540297,0.0128
540348,0.12928
540401,0.009216
540429,0.035328
540457,0.00256
540478,0.099072
540494,0.000512
540554,0.02304
540599,0.001536
540726,0.006144
540735,0.03712
540801,0.014592
540884,0.038912
540928,0.023552
540939,0.015616
540962,0.0128
541048,0.058112
541101,0.00128
541116,0.283904
541169,0.010752
541187,0.154624
541210,0.034048
541225,0.235264
541267,0.002048
541325,0.018176
541399,0.076032
541415,0.022784
541440,0.192512
541509,0.02432
541527,0.00256
541565,0.009984
541568,0.037888
541637,0.064768
541658,0.00384
541687,0.000768
541758,0.017664
541867,0.020736
541881,0.001792
541920,0.04224
541941,0.565504
541983,0.136704
542031,0.0512
542060,0.022528
542107,0.022016
542159,0.21376
542286,0.011264
542361,0.037376
542375,0.049152
542392,0.05376
542544,0.000768
542577,0.058112
542598,0.008704
542700,0.074752
542762,0.223232
542764,0.357888
542848,0.072448
542901,0.05504
543024,0.014336
543056,0.141056
543091,0.037376
543143,0.027136
543292,0.062976
543319,0.004864
543353,0.007936
543359,0.082688
543549,0.004352
543571,0.10112
543612,0.00256
543730,0.059392
543787,0.030464
543842,0.004352
543879,0.020224
543957,0.05376
543960,0.125184
543985,1.62816
544169,0.950528
544277,0.038912
544340,0.006144
544376,0.83328
544479,0.016384
544552,0.003584
544562,0.050688
544583,0.014848
544691,0.02688
544720,0.036096
544738,0.021248
544761,0.034048
544987,0.01024
545069,0.054528
545105,0.008704
545145,0.975104
545163,0.003584
545168,2.094336
545225,0.104448
545292,0.009728
545310,0.013568
545400,0.024832
545447,0.879872
545616,0.16512
545674,0.004096
545745,0.004864
545758,0.912896
545898,1.379072
545959,0.011776
545966,0.022272
546031,0.244224
546060,0.007168
546077,0.006912
546105,0.198144
546162,0.003328
546199,0.036864
546273,0.005376
546298,0.016896
546357,0.001536
546361,0.128512
546427,0.00512
546447,0.011264
546500,0.02816
546553,0.029952
546650,0.005888
546681,0.09728
546719,0.729856
546778,0.102144
546812,0.01536
546813,0.036352
546914,0.027648
546925,0.013056
546947,0.031488
546956,0.137728
547015,0.120832
547033,0.003584
547065,0.901632
547089,0.037632
547165,0.002816
547265,0.01792
547285,0.208384
547305,0.173056
547355,0.163328
547365,0.163584
547375,0.198656
547395,0.146688
547405,0.31104
547415,0.062976
547435,0.04608
547445,0.049152
547465,0.450048
547475,0.545536
547495,0.599808
547505,0.451328
547545,0.73984
547575,0.402944
547605,0.036864
547635,0.21248
547645,0.041984
547687,0.249856
547795,0.01152
547868,0.102912
547947,0.018944
547979,0.0448
548101,0.000512
548166,0.029696
548178,0.049664
548264,0.010496
548311,0.00896
548347,0.036864
548394,0.045312
548427,0.002304
548469,0.034816
548517,0.027904
548545,0.008448
548566,0.035072
548657,0.027904
548689,0.005376
548745,0.135168
548759,1.010432
548765,0.147456
548818,0.00896
548833,0.03456
548870,0.041216
548892,0.109312
548957,0.041728
548978,0.000256
549007,0.028672
549054,0.158208
549146,0.272128
549196,0.02816
549238,0.020992
549240,0.04864
549261,0.001024
549356,0.032256
549377,0.017664
549409,0.179968
549420,0.022784
549479,0.037888
549508,0.010752
549573,0.022016
549597,0.027136
549697,0.052736
549825,0.022528
549960,0.2304
550000,0.163072
550082,0.006144
550121,0.023808
550359,0.002048
550407,0.00512
550423,0.012032
550518,0.014592
550545,0.009728
550556,0.055296
550646,0.014592
550680,0.049408
550769,0.036352
550799,0.0704
550838,0.0256
550903,0.01792
550995,0.05376
551025,0.009216
551084,0.041984
551127,0.00128
551158,0.663552
551241,0.009984
551285,0.0256
551323,0.015872
551355,0.03456
551400,0.005376
551449,0.03456
551484,0.007936
551536,0.017152
551557,0.033792
551619,0.008448
551660,0.007424
551707,0.002816
551727,0.260096
551757,5.719296
551764,15.003136
551857,0.025344
551899,0.000768
551991,0.003328
552018,0.05888
552091,0.022784
552116,0.00128
552158,0.019968
552177,0.03072
552295,0.05888
552465,0.012544
552484,0.02432
552539,0.099584
552564,0.006912
552648,0.029184
552662,0.028416
552678,0.003328
552719,0.023552
552741,0.01536
552853,0.020224
552855,0.200448
552883,0.02048
552887,0.04096
552895,0.011008
552950,0.240128
552967,0.077056
552999,0.006144
553041,0.02944
553080,0.003072
553114,0.030208
553138,0.017408
553207,0.001792
553400,0.032256
553496,0.04864
553516,0.020224
553556,0.193536
553667,0.002048
553725,0.054272
553743,0.223232
553825,0.190208
553895,0.000512
553928,0.031488
553970,0.002816
553993,0.002048
554010,0.013056
554028,0.07808
554055,0.045056
554139,0.212224
554168,0.3072
554317,0.003328
554433,0.002816
554620,0.024832
554638,0.007424
554671,0.049408
554762,1.245184
554863,0.02304
554900,0.059136
554975,0.008704
554979,0.039168
554997,0.006656
555030,0.102912
555116,0.004864
555144,0.080384
555171,0.0128
555177,0.063744
555208,0.03968
555287,0.154112
555309,0.289024
555356,0.01536
555360,0.063744
555365,0.502784
555368,3.935488
555440,0.049664
555500,0.017152
555598,0.030976
555682,0.009728
555702,0.026112
555867,0.001024
555874,0.013824
555896,0.005632
555992,0.007424
556092,0.020224
556217,0.072704
556345,0.010496
556371,0.018944
556467,0.00768
556476,0.010496
556485,0.00768
556511,0.152832
556564,0.020736
556598,0.100608
556707,0.01024
556725,0.011264
556887,0.004608
556903,0.052992
556934,0.018176
556959,0.065024
557018,0.015616
557041,0.0256
557268,0.123648
557478,0.014336
557501,0.039424
557569,0.01152
557635,0.024064
557689,0.010752
557712,0.040192
557730,0.010752
557751,0.145664
557762,0.294656
557780,1.82144
557903,0.023552
557927,0.00384
557942,0.0128
557978,0.003072
558039,0.0576
558067,0.000768
558069,0.011008
558100,0.019968
558123,0.02304
558153,0.019968
558215,0.006912
558223,0.023552
558278,0.018688
558287,0.013312
558305,0.054016
558320,0.027648
558356,0.040704
558359,0.207616
558364,0.884736
558497,0.013824
558527,0.076032
558548,0.009216
558560,0.062208
558618,0.065792
558637,0.025088
558655,0.021504
558683,0.019712
558727,0.07168
558793,0.030976
558836,0.133632
558892,0.004608
558925,0.012288
558968,0.228608
559006,0.073984
559044,0.02944
559063,0.049664
559091,0.013312
559114,0.003072
559152,0.005376
559183,0.01536
559185,0.059136
559205,0.01152
559249,0.041472
559265,0.013568
559292,0.048384
559315,0.020224
559325,0.225024
559352,0.13184
559441,0.008704
559452,0.01792
559540,0.005632
559560,0.092416
559564,0.13568
559725,0.052992
559848,0.200192
559964,0.092928
560021,0.019968
560048,0.023296
560069,0.015104
560107,0.039168
560139,0.002304
560156,0.03968
560163,0.173568
560212,0.017664
560272,0.011776
560281,0.655872
560475,0.023296
560477,0.066304
560502,0.037376
560535,0.02176
560553,0.033536
560599,0.017408
560627,0.036352
560707,0.00128
560720,0.001024
560745,0.000768
560756,0.23168
560761,0.89088
560766,1.880832
560827,0.032
560909,0.01024
560935,0.014592
560953,0.030464
561034,0.014592
561062,0.031488
561107,0.048896
561157,0.00256
561189,0.384256
561241,0.008448
561275,0.037888
561346,0.070912
561354,0.072704
561361,0.556544
561362,0.16384
561411,0.013568
561567,0.0128
561595,0.0064
561612,0.102656
561664,0.00768
561723,0.048384
561731,0.065792
561788,0.025856
561805,0.005632
561808,0.046592
561846,0.1024
561887,0.00512
561901,0.016128
561957,0.013568
561984,0.356096
562027,0.000512
562094,0.146688
562225,0.055552
562253,0.03712
562293,0.151552
562369,0.036096
562388,0.024576
562448,0.045568
562501,0.02432
562539,0.029184
562564,0.02816
562601,0.006912
562627,0.012544
562654,0.064768
562689,0.024576
562701,0.013312
562730,0.034816
562785,0.153088
562900,0.02304
562901,0.189952
562932,0.029184
562947,0.04224
562976,0.014848
562996,0.002304
563060,0.034816
563092,0.000256
563159,0.058112
563166,0.251648
563245,0.047872
563295,0.041472
563384,0.002816
563478,0.027392
563480,0.074752
563521,0.037376
563637,0.027648
563696,0.101632
563857,0.022272
564001,0.019456
564015,0.0512
564104,0.01664
564152,0.017664
564176,0.024576
564354,0.022784
564358,0.1024
564401,0.003584
564474,0.055808
564536,0.013312
564631,0.002816
564645,0.020736
564681,0.036608
564768,0.018688
564770,0.02432
564810,0.014336
564911,0.071168
564916,0.04352
564946,0.687616
564993,0.206336
565016,0.081152
565067,0.024576
565107,0.027904
565125,1.04064
565162,0.045312
565233,0.031232
565268,0.010752
565276,0.022272
565322,0.081408
565393,0.012544
565415,0.064256
565427,0.044288
565441,0.03072
565475,0.018944
565519,0.004096
565560,0.117504
565572,0.120064
565640,0.012032
565676,0.630528
565758,0.051712
565827,0.09344
565847,0.06144
566052,0.004096
566101,0.092928
566146,0.13312
566196,0.003584
566212,0.036864
566244,0.008704
566334,0.076288
566366,0.03456
566433,0.055808
566498,0.018688
566503,0.142592
566572,0.00128
566720,0.019712
566739,0.001536
566750,0.105216
566758,0.096768
566765,0.069632
566814,0.054528
566833,0.043264
566887,0.017664
566908,0.010496
566952,0.029184
566977,0.001536
567058,0.024576
567066,0.36608
567098,0.152832
567183,0.0704
567213,0.011776
567239,0.036864
567329,0.014848
567407,0.009728
567438,0.041216
567460,0.032512
567513,0.020992
567570,0.014592
567610,0.084736
567735,0.005376
567739,0.026112
567766,0.00384
567800,0.050944
567945,0.312064
568033,0.00384
568120,0.083456
568194,0.038144
568335,0.040704
568418,0.02176
568455,0.092416
568545,0.03456
568559,0.060928
568564,0.20352
568685,0.001024
568719,0.046848
568720,0.035584
568766,0.006912
568791,0.053248
568868,0.035328
568884,0.053248
568950,0.009216
569005,0.004352
569033,0.058112
569056,0.060416
569129,0.007424
569153,0.001536
569162,1.624832
569194,0.424704
569276,0.030464
569278,0.144384
569295,0.031488
569387,0.035328
569450,0.006656
569491,0.077312
569629,0.035584
569651,0.004352
569668,0.097024
569768,0.03584
569820,0.161024
569867,0.02176
569900,0.022272
569916,0.017152
570025,0.043776
570050,0.101888
570107,0.02176
570227,0.102912
570247,0.036352
570262,0.024064
570314,0.000256
570345,0.035072
570357,1.333504
570388,0.03968
570533,0.008704
570591,0.02816
570619,0.0128
570643,0.001792
570685,0.014336
570762,0.051456
570770,0.007936
570796,0.007168
570875,0.007168
570893,0.04864
570945,0.067584
570964,0.205824
570987,0.032256
571051,0.023296
571075,0.087552
571123,0.025856
571330,0.030976
571366,0.08832
571462,0.054528
571466,0.054016
571485,0.027648
571520,0.02304
571528,0.000768
571562,0.078592
571625,0.104448
571707,0.030464
571738,0.210432
571807,0.045312
571829,0.001536
571851,0.072448
571909,0.03328
571939,0.068608
571969,0.003328
572011,0.000256
572055,0.101376
572076,0.172032
572145,0.034304
572153,0.012544
572160,0.150528
572165,0.080128
572285,0.002304
572303,0.014592
572335,0.01024
572370,0.097792
572419,0.012288
572455,0.04992
572479,0.031488
572520,0.033536
572538,0.038656
572550,0.000512
572607,0.000256
572643,0.053504
572679,0.124928
572682,0.016384
572756,0.081152
572888,0.018432
572953,0.013056
573008,0.072704
573070,0.01408
573089,0.033024
573125,0.04224
573191,0.001792
573198,0.000256
573203,0.306688
573315,0.034304
573337,0.151552
573361,0.076544
573381,0.011264
573382,0.17024
573416,0.056576
573449,0.066048
573539,0.005888
573553,0.006144
573587,0.013824
573612,0.07424
573718,0.034304
573761,0.041728
573785,0.006144
573824,0.021504
573941,0.007424
573964,0.011264
574060,0.001024
574063,0.013824
574228,0.01664
574304,0.01536
574364,0.007936
574423,0.100608
574469,0.021248
574489,0.035072
574554,0.103424
574558,0.670976
574634,0.025856
574715,0.002304
574728,0.00896
574793,0.013056
574802,0.10496
574870,0.000768
574939,0.18304
575080,0.02176
575139,0.019456
575227,0.020224
575313,0.013824
575358,0.031744
575401,0.003584
575448,0.068608
575478,0.046848
575492,0.002048
575504,0.01536
575557,0.016384
575588,0.502784
575651,0.017152
575664,0.036352
575692,0.019968
575720,0.01792
575747,0.009216
575759,0.059648
575760,0.155392
575853,0.019712
575898,0.022528
575951,0.025856
576025,0.01024
576055,0.005888
576098,0.123904
576121,0.196096
576161,0.01664
576184,0.380672
576244,0.022528
576257,0.108288
576337,0.00512
576389,0.008704
576421,0.04736
576479,0.1216
576563,0.009728
576579,0.045312
576604,0.018432
576651,0.058112
576814,0.031488
576898,0.026624
576925,0.01536
576949,0.18304
576958,0.154624
576995,0.013056
577015,0.037632
577064,0.0768
577103,0.058624
577167,0.040704
577177,0.778496
577232,0.002816
577250,0.005632
577276,0.004864
577545,0.018688
577555,0.019712
577570,0.278272
577684,0.006144
577721,0.03712
577727,0.10496
577755,0.093184
577794,0.01792
577897,0.0192
577992,0.005632
578003,0.007936
578043,0.00512
578087,0.027648
578105,0.000768
578132,0.01408
578154,0.007424
578161,0.05504
578261,0.011776
578287,0.0512
578324,0.035072
578372,0.004096
578410,0.10624
578413,0.169984
578542,0.011776
578561,0.027904
578614,0.009216
578682,0.014336
578722,0.004352
578756,0.023552
578762,0.115968
578840,0.068096
578892,0.011008
578904,0.07936
578927,0.004352
578985,0.022784
579047,0.055808
579091,0.006656
579184,0.004608
579204,0.011776
579251,0.015104
579260,0.06912
579290,0.022528
579304,0.02176
579322,0.029184
579357,0.045056
579366,0.027904
579374,0.02176
579407,0.009216
579424,0.02816
579448,0.060672
579580,0.07296
579626,0.0192
579664,0.053248
579708,0.087808
579743,0.028928
579767,0.018176
579797,0.141312
579812,0.029696
579881,0.027136
579897,0.001792
579966,0.084736
579973,0.002048
580022,0.028672
580040,0.018176
580078,0.01536
580148,0.021248
580168,0.006912
580215,0.011776
580293,0.00384
580302,0.106752
580422,0.005632
580452,0.01024
580523,0.080384
580568,0.010752
580599,0.003328
580642,0.016896
580647,0.004608
580656,0.024064
580707,0.003584
580708,0.4992
580804,0.022528
580959,0.032
581011,0.027136
581046,0.05632
581124,0.15104
581160,0.923904
581246,0.008192
581309,0.041984
581335,0.235264
581375,0.051456
581421,0.000256
581639,0.037888
581667,0.004864
581746,0.284672
581760,0.249344
581792,0.123392
581807,0.013568
581865,0.210944
581999,0.019456
582048,0.118528
582058,0.00512
582079,0.013056
582102,0.003584
582134,0.001536
582148,0.08704
582328,0.013312
582345,0.102912
582356,0.103168
582413,0.004608
582448,0.066048
582459,0.165888
582550,0.0576
582587,0.026624
582603,0.015872
582606,0.182016
582638,0.013312
582652,0.0256
582686,0.039936
582731,0.063488
582828,0.146432
582857,0.32512
582930,0.11776
582958,0.250624
582968,0.468224
583007,0.024832
583082,0.00896
583087,0.010752
583102,0.131584
583116,0.065536
583187,0.120064
583257,0.143104
583307,0.002048
583327,0.094464
583357,0.064256
583387,0.050432
583397,0.017152
583417,0.219648
583447,0.075264
583457,0.293376
583487,0.312576
583507,0.375808
583518,0.908032
583547,0.156928
583557,0.585984
583587,0.107264
583607,0.347904
583627,0.023296
583637,0.056064
583657,0.100352
583667,0.356096
583677,0.657152
583700,0.294912
583707,0.104192
583717,0.0832
583727,0.10496
583737,0.036096
583747,0.149248
583757,0.384
583787,0.428544
583797,0.26368
583817,0.177152
583837,0.31872
583857,0.040448
583867,0.502784
583877,0.465408
583897,0.201216
583907,0.325632
583927,0.837632
583937,0.216576
583947,0.567296
583957,0.449792
583977,0.400384
584007,0.8064
584057,0.1792
584077,1.083904
584142,0.00512
584153,0.61184
584192,0.014336
584225,0.033024
584268,0.001792
584371,0.062208
584385,0.03072
584476,0.003328
584499,0.014592
584522,0.031232
584585,0.130048
584643,0.956416
584748,0.044032
584855,0.052224
584896,0.047104
584940,0.025344
584981,0.401152
585065,0.02688
585119,0.033792
585219,0.004096
585240,0.07808
585250,0.144896
585329,0.238336
585362,0.057344
585422,0.000256
585429,0.145152
585522,0.266752
585593,0.051712
585645,0.003584
585682,0.067072
585691,0.00768
585733,0.045312
585757,0.000256
585848,0.003584
585867,0.133632
585943,0.012032
585960,5.315584
586059,0.021504
586073,0.030208
586083,0.038912
586190,0.558336
586258,0.00384
586285,0.006656
586315,0.013824
586378,0.012032
586453,0.008448
586462,0.007168
586497,0.008192
586529,0.011008
586550,0.00256
586564,0.34432
586568,2.413568
586703,0.022016
586800,0.018432
586912,0.015104
586978,0.0
587068,0.01536
587169,0.0512
587224,0.118272
587242,0.032256
587410,0.037632
587451,0.007168
587563,0.018688
587708,0.008704
587727,0.002048
587731,0.003328
587765,3.511296
587861,0.004608
587872,0.09088
587919,0.001024
587985,0.009216
588065,0.037632
588074,1.306112
588123,0.211712
588169,0.056064
588193,0.013568
588243,0.023296
588339,0.258048
588360,0.170496
588507,0.000768
588516,0.103168
588605,0.023296
588609,0.025088
588657,0.021504
588767,0.00896
588795,0.014336
588832,0.005376
588885,0.065024
588946,0.153856
588970,0.524032
589015,0.016384
589041,0.058624
589075,0.15616
589122,0.022272
589150,0.134656
589215,0.00128
589228,0.041984
589244,0.0064
589331,0.015616
589383,0.007168
589510,0.018176
589560,0.086784
589565,0.005632
589692,0.056832
589729,0.027904
589808,0.013824
589870,0.004352
589880,0.186368
589933,0.105216
589985,0.057088
590013,0.022784
590041,0.066304
590150,0.027648
590158,0.023808
590162,0.079104
590298,0.000256
590373,0.002048
590376,0.148736
590388,0.159488
590408,0.057856
590460,0.041728
590569,0.01152
590595,0.017152
590721,0.113152
590756,0.02944
590762,3.226624
590819,0.019712
590827,0.125184
590859,0.020992
590894,0.054016
590979,0.0384
591006,0.007424
591059,0.002048
591064,0.040192
591084,0.012544
591160,0.004864
591177,0.041984
591185,0.019712
591223,0.048896
591235,0.028928
591291,0.000512
591296,0.02048
591327,0.09856
591346,0.10496
591358,0.295936
591516,0.013824
591544,0.146688
591597,0.019968
591639,0.023552
591747,0.097792
591817,0.023808
591895,0.158208
591947,0.047616
591955,0.020736
591964,0.09728
592033,0.013568
592072,0.027392
592079,0.479232
592151,0.018688
592323,0.021248
592379,0.0064
592384,0.022016
592401,0.005376
592444,0.0256
592445,0.139008
592481,0.054272
592507,0.031232
592556,0.048384
592568,0.036608
592631,0.100864
592722,0.022784
592824,0.04992
592880,0.002048
592892,0.070912
592934,0.019712
593004,0.024832
593023,0.115968
593076,0.015104
593086,0.0448
593163,0.004352
593215,0.029952
593310,0.0
593350,0.145408
593428,0.014848
593451,0.001792
593455,0.040704
593561,0.031488
593741,0.0064
593748,0.075776
593766,0.440064
593811,0.189696
593942,0.025856
593967,0.004864
593972,0.01152
593986,0.15488
594021,0.002048
594033,0.014848
594071,0.075264
594077,0.278784
594128,0.112128
594143,0.146688
594187,0.094464
594217,0.0832
594248,0.023552
594297,0.294912
594344,0.030208
594356,0.355072
594416,0.004352
594417,0.0512
594488,0.187904
594536,0.043264
594552,0.012032
594583,0.001536
594586,0.058112
594605,0.027648
594640,0.018688
594705,0.193024
594747,0.043264
594767,0.020736
594848,0.024832
594877,0.02816
594934,0.251648
594989,0.032256
595041,0.01664
595133,0.20608
595167,0.030976
595189,0.176128
595224,0.088064
595236,0.041984
595267,0.08704
595278,0.189952
595316,0.004608
595384,0.065024
595394,0.005632
595438,0.031488
595470,0.152064
595481,0.01664
595543,0.070912
595561,0.015104
595569,0.455424
595608,0.086528
595659,0.030464
595666,0.74624
595708,0.608512
595755,0.00768
595760,0.016128
595806,0.02944
595872,0.11264
595888,0.267008
595912,0.220672
595968,0.06016
596001,0.032256
596084,0.34432
596160,0.090624
596172,0.155648
596205,0.439296
596298,0.164608
596345,0.133632
596373,0.047616
596427,0.024576
596439,0.032256
596461,0.004864
596520,0.004096
596574,0.013568
596609,0.425728
596650,0.020736
596751,0.37376
596759,1.357056
596775,1.426944
596817,0.010496
596864,0.025344
596951,0.041984
596986,0.241664
597013,0.024832
597138,0.146944
597182,0.03584
597251,0.085248
597336,0.006144
597361,0.201728
597378,0.17664
597418,0.00896
597465,0.056576
597467,0.195584
597522,0.024576
597531,0.076288
597548,0.257024
597604,0.071936
597695,0.527872
597745,0.002816
597755,0.121088
597769,0.000512
597832,0.249344
597870,0.007936
597885,0.04608
597909,0.0256
597931,0.007936
597944,0.036096
597945,0.267264
597966,0.136704
597987,0.028416
598012,0.048384
598062,0.01152
598082,0.062208
598094,0.084992
598164,0.051456
598187,0.112896
598244,0.288
598336,0.169728
598406,0.166912
598467,0.101632
598469,0.23552
598531,0.278528
598561,0.023296
598575,0.07424
598713,0.01536
598724,0.008448
598754,0.004608
598787,0.052736
598813,0.105216
598888,0.027648
598928,0.1344
598973,0.206848
599020,0.019456
599111,0.017152
599145,0.00768
599160,0.032768
599164,0.03584
599191,0.128
599204,0.176128
599259,0.0128
599261,0.063232
599300,0.00384
599306,0.112384
599343,0.02688
599372,0.05248
599421,0.000256
599435,0.038656
599467,0.065024
599493,0.063488
599567,0.039424
599587,0.046592
599649,0.040448
599678,0.030464
599765,0.150528
599767,0.109824
599854,0.012032
599897,0.000256
599902,0.074752
599924,0.134144
600035,0.066816
600091,0.033024
600118,0.008448
600150,0.045312
600175,0.10624
600198,0.016384
600221,0.002304
600260,0.012544
600300,0.051968
600344,0.063232
600356,0.022784
600364,0.02688
600383,0.0768
600425,0.240896
600481,0.076544
600549,0.524032
600628,0.014592
600676,0.018688
600704,0.013312
600820,0.032256
600907,0.098816
600957,0.01664
600960,0.160256
600968,0.06912
600970,0.006912
601013,0.008192
601078,0.04864
601092,0.024064
601111,0.009984
601120,0.027904
601178,0.016896
601189,0.004864
601231,0.005376
601320,0.113664
601365,0.111104
601381,0.060416
601401,0.08832
601434,0.011776
601487,0.002304
601507,0.02816
601510,0.065792
601556,0.092672
601559,0.111872
601567,0.045312
601614,0.014336
601751,0.194816
601808,0.030464
601865,0.006144
601895,0.02688
601906,0.133632
601944,0.068352
601980,0.165888
602004,0.014592
602008,0.425984
602041,0.000256
602144,0.013568
602159,0.560384
602218,0.003584
602236,0.022016
602250,0.011264
602283,0.009984
602340,0.011008
602500,0.018688
602564,0.013568
602620,0.091904
602632,0.060928
602667,0.115456
602687,0.01408
602728,0.020224
602739,0.027904
602770,1.177088
602801,0.114432
602843,0.01792
602856,0.101376
602941,0.03584
602970,0.00384
603045,0.13056
603113,0.024576
603133,0.019712
603191,0.037888
603305,0.007168
603395,0.026368
603495,0.003584
603547,0.011008
603614,0.18048
603648,0.01152
603675,0.027136
603759,0.0
603793,0.031232
603803,0.0704
603824,0.003584
603847,0.06016
603922,0.02688
603938,0.041984
603965,0.19072
603996,0.03072
604041,0.033792
604050,0.31488
604086,0.152064
604122,0.031744
604138,0.126976
604242,0.039424
604291,0.001536
604311,0.04992
604396,0.004864
604397,0.026112
604474,0.005888
604555,0.044032
604576,0.048384
604627,0.034304
604647,0.001792
604775,0.034816
604781,1.398016
604876,0.031232
605004,0.036608
605070,0.050688
605088,0.00768
605145,0.4416
605164,0.434688
605269,0.144384
605363,0.043008
605377,0.007424
605454,0.015616
605485,0.06016
605510,0.011776
605563,0.116736
605592,0.02816
605732,0.056832
605767,1.12512
605837,0.009984
605888,0.090368
605995,0.00128
606047,0.017408
606111,0.099584
606174,0.014336
606199,0.026624
606260,0.019712
606288,0.016384
606355,0.005376
606356,0.043008
606370,0.303872
606427,0.084736
606497,0.000768
606585,0.050688
606590,0.64256
606709,0.011776
606717,0.037632
606757,0.186624
606783,0.005888
606815,0.025856
606841,0.022528
606864,0.00896
606898,0.060416
607055,0.055552
607105,0.04608
607140,0.022272
607187,0.20736
607258,0.493824
607321,0.011264
607332,0.026112
607393,0.00256
607494,0.029184
607496,0.008448
607557,3.5648
607618,0.038144
607657,0.021248
607681,0.079104
607710,0.0384
607748,0.14208
607757,0.041216
607779,0.006912
607796,0.037376
607847,0.052992
607943,0.095744
607997,0.021248
608036,0.18688
608144,0.000512
608166,0.026624
608167,0.35968
608219,0.002048
608274,0.138752
608338,0.019456
608407,0.019968
608475,0.03072
608525,0.076288
608625,0.09472
608660,0.118272
608697,0.047616
608745,0.07808
608764,0.585472
608872,0.010496
608900,0.177408
608971,0.002304
609021,0.000512
609043,0.010752
609107,0.0192
609117,0.007424
609202,0.007424
609271,0.0064
609272,0.028928
609324,0.024832
609342,0.004096
609357,0.034048
609360,0.381696
609379,0.165376
609402,0.59648
609436,0.00256
609467,0.000512
609508,0.017664
609546,0.028416
609552,0.027392
609576,0.317696
609596,0.183552
609616,0.141824
609636,0.030976
609646,0.526848
609686,0.032
609706,0.245504
609716,0.451072
609726,0.323328
609756,0.979712
609786,0.098304
609796,0.46976
609816,0.123136
609846,0.663808
609866,0.729088
609916,0.033792
609926,0.071424
609945,0.215552
609961,0.173056
610033,0.005632
610035,0.083968
610065,0.000256
610090,0.003328
610099,0.06528
610202,0.035328
610258,0.006144
610302,0.009216
610399,0.009216
610439,0.005376
610485,0.098304
610563,0.254208
610613,0.002816
610655,0.176128
610673,0.005376
610847,0.013824
610867,0.034816
610933,0.045824
610977,0.01536
611001,0.169984
611002,0.331008
611100,1.827328
611153,0.137728
611158,0.071168
611163,0.170752
611326,0.005632
611424,0.090112
611449,0.009216
611477,0.053504
611499,0.098816
611529,0.022784
611600,0.02944
611627,0.011264
611661,0.11008
611722,0.024064
611726,0.088064
611746,0.048896
611758,0.29184
611759,0.093696
611764,1.377792
611839,0.31872
611851,0.056576
611991,0.030976
612098,0.048384
612131,0.044288
612215,0.01408
612228,0.007424
612248,0.067584
612280,0.056832
612355,0.022016
612448,0.016128
612476,0.082688
612589,0.01664
612608,0.02432
612652,0.003584
612655,0.802816
612690,0.03712
612752,0.141568
612792,0.07424
612880,0.015104
612957,0.018688
612960,0.468224
613064,0.022272
613067,0.017152
613075,0.099072
613111,0.012544
613118,0.034304
613155,0.033024
613171,0.0064
613223,0.0128
613261,0.015616
613282,0.09216
613317,0.014592
613322,0.009984
613345,0.24064
613419,0.00384
613433,0.000768
613468,0.080896
613502,0.01664
613545,0.393728
613566,0.073472
613576,0.094464
613618,0.140288
613813,0.001792
613867,0.00256
613925,0.005632
613932,0.00128
613962,0.058368
614080,0.041984
614129,0.010752
614142,0.015872
614159,0.093696
614196,0.03072
614204,0.104192
614227,0.029696
614337,0.006144
614388,0.046336
614427,0.036352
614535,0.039936
614543,0.029696
614554,0.060672
614615,0.026368
614648,0.028928
614757,0.033792
614762,0.049408
614885,0.01536
615107,0.009216
615270,0.011776
615324,0.011008
615325,0.27136
615359,0.12672
615364,0.70144
615424,0.008192
615443,0.01408
615464,0.005632
615498,0.001536
615507,0.04352
615595,0.064768
615723,0.261632
615918,0.06016
615923,0.004864
615961,0.649472
615980,0.205312
616064,0.039424
616112,0.012288
616130,0.02048
616165,0.071168
616195,0.078336
616276,0.096256
616346,0.049664
616420,0.017408
616484,0.006144
616514,0.00128
616557,0.002816
616560,0.035072
616563,0.009216
616621,0.05248
616667,0.057088
616714,0.008192
616716,0.024064
616752,0.024832
616832,0.086528
616930,0.018944
617035,0.004352
617040,0.052224
617118,0.116736
617159,0.161792
617170,0.074752
617172,0.533248
617248,0.035328
617267,0.0064
617351,0.121088
617372,0.004352
617388,0.032
617495,0.068352
617508,0.164864
617538,0.055808
617557,0.064
617602,0.057088
617642,0.098304
617687,0.019456
617733,0.0832
617762,0.275456
617837,0.005632
617851,0.09472
617880,0.00128
617929,0.044544
617956,0.27776
617983,0.250368
618005,0.0832
618021,0.102912
618060,0.019968
618181,0.064512
618189,0.001536
618247,0.004352
618257,0.023552
618290,0.045824
618338,0.019456
618358,0.06016
618361,0.611072
618364,5.216256
618462,0.0128
618516,0.017152
618534,0.001024
618665,0.035584
618767,0.003328
618863,0.022016
618873,0.070656
618902,0.127744
618911,0.016128
618957,0.539136
618993,0.004864
619014,0.038912
619050,0.057344
619180,0.00256
619243,0.006144
619270,0.074496
619406,0.006912
619447,0.05888
619502,0.01664
619509,0.099584
619542,0.065792
619560,0.101376
619564,3.12064
619703,0.0192
619730,0.013824
619746,0.035328
619779,0.023296
619827,0.004352
619860,0.007936
619890,0.002048
619941,0.060416
619971,0.014848
620009,0.06528
620027,0.00128
620061,0.015104
620095,0.067584
620140,0.013568
620161,0.029696
620189,0.01792
620237,0.024064
620293,0.049152
620325,0.00128
620380,0.042752
620443,0.004096
620463,0.01664
620487,0.016128
620516,0.042496
620560,0.06272
620602,0.076032
620672,0.453632
620745,0.49664
620757,0.046848
620759,0.793344
620760,2.010624
620874,0.000512
620947,0.326144
620972,0.0128
620984,0.00512
620992,0.019968
621034,0.08704
621104,0.03456
621173,0.08832
621207,0.004352
621208,0.26112
621267,0.100096
621289,0.018688
621314,0.024576
621330,0.001024
621345,0.005376
621357,0.07808
621360,0.0064
621427,0.007168
621437,0.009472
621444,0.000512
621520,0.114432
621587,0.011264
621610,0.007424
621653,0.102912
621677,0.047104
621784,0.023552
621883,0.029696
621957,0.133376
621975,0.212736
622036,0.019968
622177,0.019712
622215,0.010752
622219,0.057856
622243,0.003072
622385,0.024064
622431,0.068864
622464,0.004352
622516,0.016384
622545,0.290304
622591,0.004352
622665,0.003328
622677,0.016128
622689,0.064256
622708,0.018432
622718,0.003584
622725,0.000256
622902,0.010496
622926,0.013568
622961,0.02048
622976,0.109824
623047,0.064256
623121,0.031488
623145,0.503296
623204,0.098048
623207,0.033024
623290,0.128256
623392,0.124928
623440,0.003584
623473,0.078336
623515,0.028672
623572,0.03072
623624,0.020992
623625,0.0384
623659,0.047872
623695,0.011776
623745,0.016128
623763,0.171264
623895,0.010496
623921,0.032512
623973,0.010752
623982,0.006144
624016,0.022272
624039,0.027136
624127,0.233984
624236,0.240128
624348,0.034304
624364,0.412672
624439,0.029696
624474,0.050432
624536,0.027392
624564,0.007936
624587,0.047616
624775,0.000256
624780,0.017408
624857,0.036096
624862,0.006656
624917,0.000768
624956,0.19968
624958,0.133888
625019,0.009984
625048,0.020992
625088,0.033792
625106,0.3328
625131,0.4288
625181,0.124416
625188,0.005376
625220,0.083968
625244,0.01024
625270,0.001536
625281,0.094976
625348,0.02304
625368,0.082944
625460,0.00384
625522,0.021248
625545,0.114432
625560,0.173568
625636,0.006912
625692,0.188416
625796,0.082176
625863,0.043264
625928,0.004864
625938,0.047872
625972,0.079104
626024,0.236032
626073,0.051712
626113,0.013824
626133,0.021248
626159,0.171776
626187,0.037888
626247,0.0192
626273,0.022528
626305,0.017408
626327,0.00896
626346,0.008448
626407,0.006656
626417,0.046592
626532,0.014336
626539,0.023552
626542,0.02048
626588,0.020736
626617,0.037888
626664,0.045056
626690,0.016384
626762,0.050944
627050,0.04992
627051,0.135168
627086,0.057856
627149,0.002816
627155,0.566016
627247,0.13824
627301,0.001792
627324,0.070144
627357,0.059648
627365,0.972544
627458,0.041472
627470,0.009216
627489,0.06528
627506,0.000768
627549,0.041472
627602,0.046592
627631,0.047616
627643,0.026368
627660,0.105728
627701,0.124928
627768,0.051968
627861,0.04352
627893,0.006912
627947,0.013824
628023,0.026368
628218,0.059392
628267,0.009472
628273,0.036864
628370,0.026624
628415,0.016384
628491,0.008192
628548,0.020992
628556,0.058112
628663,0.06528
628711,0.002816
628730,0.046592
628840,0.000256
628925,0.03712
628953,0.022528
629059,0.0192
629069,0.04096
629085,0.012288
629098,0.018432
629161,0.073984
629207,0.00896
629220,0.011008
629344,0.010752
629371,0.000256
629406,0.023808
629460,0.017664
629480,0.047104
629564,0.005376
629604,0.281344
629665,0.004352
629692,0.00384
629722,0.010496
629743,0.015104
629746,4.063488
629790,3.103488
629925,0.026368
630076,0.057088
630139,0.023552
630187,0.014592
630295,0.024576
630324,0.031232
630336,0.038912
630345,0.004096
630361,0.043008
630474,0.00256
630476,0.062976
630562,0.02432
630578,0.023296
630603,0.002304
630620,0.004096
630740,0.000512
630770,0.005376
630794,0.05504
630843,0.051712
630895,0.055808
630932,0.061952
630983,0.003584
630987,0.019456
631008,0.000256
631036,0.02944
631068,0.048384
631087,0.027648
631104,0.043008
631155,0.049152
631316,0.06784
631385,0.007424
631518,0.143616
631562,0.002816
631565,4.105984
631627,0.003328
631648,0.016384
631681,0.04864
631837,0.06656
631893,0.01664
631933,0.054528
631982,0.01152
632071,0.011008
632094,0.0832
632125,0.013568
632146,0.00512
632163,0.049152
632215,0.007936
632239,0.057088
632260,0.007424
632288,0.031488
632298,0.146944
632333,0.005632
632369,0.007936
632398,0.012032
632425,0.178944
632455,0.065024
632466,0.12032
632539,0.02048
632557,0.104192
632581,0.010496
632606,0.096
632633,0.018176
632700,0.043264
632715,0.551936
632751,0.073472
632763,0.149248
632788,0.07168
632823,0.02688
632839,0.495872
632879,0.344832
632938,0.109312
633048,0.15232
633155,0.00896
633197,0.002816
633212,0.003072
633359,0.015872
633365,0.06784
633378,0.050432
633409,0.0768
633435,0.011008
633490,0.002048
633502,0.024064
633547,0.010496
633578,0.081408
633687,0.02176
633767,0.02176
633933,0.127232
633963,1.366528
634046,0.059136
634102,0.010496
634133,0.03456
634219,0.082688
634267,0.008192
634373,0.378624
634417,0.050944
634447,0.032
634535,0.033024
634549,0.0448
634559,0.179968
634612,0.066304
634616,0.00256
634720,0.035328
634796,0.367616
634935,0.020992
634959,0.064256
634984,0.047616
635016,0.055808
635146,0.040448
635166,0.027904
635207,0.005632
635216,0.301312
635307,0.034048
635315,0.066048
635367,0.00256
635368,0.113152
635408,0.071168
635476,0.00896
635493,0.037376
635599,0.334592
635633,0.128256
635663,0.004352
635708,0.005376
635737,0.027904
635746,10.958848
635827,0.07936
635837,0.01792
635947,0.001792
635989,0.047104
636015,0.03712
636034,0.036864
636163,0.041984
636205,0.01664
636253,0.01792
636256,0.0064
636267,0.000256
636280,0.015104
636317,0.086016
636364,0.08576
636519,0.070912
636555,0.004096
636596,0.130816
636609,0.000512
636702,0.031488
636955,0.009216
636960,0.237312
636964,0.44032
636982,0.208896
637047,0.016128
637077,0.091392
637122,0.025344
637153,0.329216
637213,0.006144
637235,0.041472
637267,0.000256
637318,0.045312
637346,0.000512
637374,0.04352
637415,0.01792
637427,0.017664
637436,0.060416
637446,0.34304
637519,0.027904
637649,0.030208
637673,0.1024
637692,0.034304
637784,0.009728
638067,0.090112
638111,0.007168
638138,0.029696
638155,0.013568
638167,0.153856
638187,0.285952
638239,0.024576
638324,0.673024
638417,0.032512
638556,0.13952
638596,0.055552
638633,0.040704
638718,0.017664
638759,0.020992
638761,0.193536
638769,0.702208
638797,0.191744
638822,0.000256
638849,0.017408
638901,0.017664
639001,0.03456
639111,0.033536
639130,0.059136
639140,0.000768
639212,0.041984
639255,0.03072
639259,0.071424
639286,0.00128
639365,0.006144
639463,0.013312
639508,0.024832
639560,0.057088
639617,0.01536
639697,0.015872
639752,0.058368
639831,0.031744
639836,0.157696
639871,0.039168
639919,0.01536
639958,0.00512
639961,0.083968
639968,0.171008
639984,0.0512
639997,0.039936
640047,0.011008
640082,0.262144
640148,0.161024
640264,0.01792
640287,0.004096
640361,0.01024
640380,0.032
640427,0.01536
640470,0.025088
640472,0.074496
640556,0.139008
640563,0.018176
640616,0.026624
640634,0.012032
640752,0.00256
640757,0.003328
640760,0.063744
640873,0.109568
640900,0.009472
640915,0.231424
641064,0.005632
641100,0.032
641145,0.035072
641157,0.128256
641166,0.04608
641185,0.028928
641209,0.007168
641316,0.012544
641318,0.134144
641451,0.019968
641486,0.00384
641507,0.001024
641565,0.065024
641579,0.020992
641588,0.043264
641624,0.018432
641630,0.038144
641649,0.000768
641756,0.048896
641760,0.041472
641765,0.095744
641795,0.121344
641889,0.071168
642052,0.033792
642082,0.034304
642150,0.112384
642201,0.096
642270,0.012032
642333,0.008704
642344,0.136448
642362,0.186368
642417,0.096256
642553,0.036608
642582,0.08704
642711,0.104192
642772,0.041472
642788,0.024576
642864,0.00896
642879,0.091392
642937,0.070656
642948,0.006144
642957,0.10624
642962,0.01024
643004,0.037376
643067,0.029696
643153,0.000256
643184,0.076288
643201,0.003072
643207,0.053248
643240,0.033792
643255,0.013312
643269,0.621824
643303,0.005632
643362,0.01664
643372,0.083968
643399,0.0256
643408,0.051712
643469,0.162048
643537,0.015104
643559,0.17664
643570,0.017408
643620,0.008704
643701,0.080128
643725,0.049152
643768,0.151808
643790,0.015872
643862,0.002816
643939,0.231168
643957,0.00896
644001,0.004096
644041,0.007168
644051,0.004608
644132,0.029696
644138,0.032512
644160,0.055296
644170,0.066304
644333,0.07296
644369,0.033536
644407,0.006144
644427,0.052992
644500,0.015872
644619,0.01024
644669,0.164608
644683,0.091904
644731,0.207872
644840,0.007168
644941,0.084224
644958,0.011264
644999,0.344832
645058,0.006144
645083,0.005376
645107,0.000256
645127,0.069376
645280,0.028928
645323,0.021504
645332,0.227584
645371,0.278528
645479,0.008448
645505,0.084224
645527,0.0512
645529,0.0064
645580,0.023296
645601,0.033024
645687,0.03328
645747,0.025856
645827,0.021504
645834,0.004864
645840,0.054272
645941,0.005632
645960,0.069632
645965,0.18048
646040,0.176384
646145,0.001024
646180,0.082688
646219,0.15872
646255,0.045824
646275,0.014592
646305,0.035328
646387,0.106496
646449,0.022784
646463,0.00128
646531,0.028672
646545,1.5872
646626,0.044544
646738,0.095488
646827,0.015872
646864,0.009216
646901,0.00768
646959,0.001536
646977,0.018176
646999,0.380416
647098,0.055552
647140,0.077824
647145,0.08576
647159,0.263168
647180,0.488192
647233,0.09856
647267,0.000768
647271,0.013312
647294,0.076544
647352,0.144128
647407,0.353792
647487,0.078848
647572,0.003072
647620,0.631552
647697,0.08064
647720,0.002048
647746,0.009472
647757,0.086528
647768,0.262912
647833,0.080128
647877,0.096
647907,0.033024
647929,0.050176
647977,0.049664
648027,0.140288
648060,0.028416
648133,0.01408
648211,0.063232
648245,0.118016
648326,0.008448
648341,0.061184
648359,0.073728
648420,0.109824
648487,0.135936
648536,0.36096
648591,0.019712
648605,0.001536
648629,0.057856
648671,0.037632
648807,0.028672
648811,0.36608
648816,1.887488
648848,0.04224
648904,0.005888
648949,0.2368
649065,0.009216
649143,0.02048
649220,0.046336
649279,0.042752
649335,0.123136
649415,0.012288
649452,0.000768
649463,0.293632
649498,0.029696
649534,0.004864
649555,0.077056
649564,0.06784
649601,0.07296
649695,0.238336
649735,0.008192
649762,0.012288
649778,0.115456
649806,0.072448
649867,0.007424
649927,0.01664
649960,0.019456
649999,0.054016
650080,0.019968
650107,0.002304
650136,0.004608
650206,0.013824
650296,0.006656
650336,0.169728
650439,0.013824
650477,0.001536
650482,0.006912
650549,0.010752
650587,0.071936
650610,0.035072
650640,0.014592
650707,0.013056
650750,0.005632
650758,0.05888
650784,0.062208
650800,0.109312
650840,0.09472
650853,0.032512
650907,0.068096
650952,0.000768
650989,0.024064
651022,0.033536
651027,0.213504
651072,0.013056
651091,0.020992
651159,0.010752
651220,0.00256
651255,0.026624
651279,0.004096
651316,0.022016
651345,0.0128
651356,0.155648
651363,1.023232
651364,2.677248
651552,0.007424
651581,0.01536
651659,0.041728
651701,0.0192
651728,0.841728
651821,0.003072
651848,0.129024
651895,0.037632
651963,0.027136
651968,0.160768
652013,0.05504
652048,0.041472
652120,0.024064
652158,0.000512
652190,0.1024
652254,0.0
652295,0.0
652340,0.000768
652359,0.158464
652376,0.134912
652395,0.020992
652436,0.007936
652545,0.016896
652608,0.000768
652635,0.003328
652683,0.032768
652698,0.022272
652782,0.012544
652789,0.039424
652800,0.047616
652861,0.050688
652877,0.01152
652928,0.023808
652940,0.05504
652951,0.075264
652978,0.03712
653069,0.009984
653092,0.016896
653107,0.052736
653155,0.02816
653159,0.083712
653164,0.4992
653223,0.031488
653235,0.452864
653258,0.14208
653347,0.0
653383,0.003328
653395,0.04992
653421,0.018688
653539,0.002816
653545,0.053504
653586,0.034048
653616,0.013312
653731,0.003328
653746,0.022784
653757,0.032256
653760,0.014848
653868,0.376064
653973,0.041728
654028,0.005888
654034,0.018432
654055,0.003328
654075,0.07552
654139,0.013568
654220,0.101376
654239,0.125696
654267,0.011776
654276,0.011776
654315,0.033536
654334,0.00512
654359,0.09216
654405,0.029952
654420,0.029184
654424,0.14464
654448,0.012288
654482,0.1472
654506,0.037888
654548,0.039424
654637,0.064512
654755,0.023808
654769,0.012032
654847,0.00128
654855,0.028672
654914,0.001024
654945,0.00896
654958,0.228096
655091,0.121344
655162,0.018176
655182,0.028928
655217,0.050176
655244,0.031488
655385,0.021504
655441,0.018688
655453,0.003584
655469,0.215552
655546,0.014848
655639,0.030464
655691,0.165888
655708,0.274432
655748,0.053248
655767,0.019968
655791,0.047872
655811,0.146688
655876,0.006912
655985,0.003072
656061,0.056064
656157,0.678656
656191,0.046848
656215,0.006144
656441,0.042752
656487,0.02688
656491,0.147712
656582,0.019968
656604,0.051968
656650,0.019968
656671,0.0192
656709,0.104448
656745,0.01152
656767,0.000768
656807,0.009216
656901,0.112384
656961,0.010496
657006,0.0448
657016,0.017664
657043,0.01152
657140,0.061696
657199,0.049408
657241,0.029696
657265,0.043008
657345,1.77536
657387,0.045056
657415,2.298368
657507,0.0064
657522,0.04352
657526,0.045824
657589,0.633344
657703,0.025344
657728,0.007168
657894,0.02048
657944,0.00256
657957,0.018944
657959,0.004352
658071,0.031744
658105,0.024576
658158,0.010752
658191,0.036608
658227,0.145664
658285,0.076032
658292,0.037376
658391,0.027648
658471,0.258048
658559,0.061184
658663,0.119552
658703,0.071936
658730,0.090112
658765,0.008448
658825,0.662016
659067,0.008704
659085,0.317184
659145,0.05376
659193,0.076032
659263,0.024064
659296,0.000512
659442,0.034048
659483,0.001792
659507,0.06144
659598,0.002048
659668,0.006656
659722,0.141312
659745,0.08064
659759,0.021504
659799,0.051456
659853,0.0
659956,0.261632
659995,0.007168
660043,0.050432
660063,0.017408
660094,1.192448
660203,0.005632
660291,0.004608
660315,0.084992
660341,0.139008
660361,0.038656
660409,0.02432
660430,0.016384
660461,0.024064
660503,0.044544
660530,0.068352
660554,0.008192
660593,0.006656
660665,0.083968
660688,0.0192
660745,0.023296
660775,0.00128
660777,0.05248
660832,0.06784
660838,0.021504
660864,0.012544
660893,0.02048
660904,0.189184
660937,1.27616
660970,0.04224
661019,0.042496
661023,0.190464
661079,0.004864
661117,0.033792
661152,0.28032
661247,0.002048
661281,0.01792
661336,0.266752
661382,0.000768
661397,0.194048
661450,0.057088
661538,0.05504
661575,0.126208
661623,0.003072
661648,0.082176
661664,0.038656
661687,0.035584
661701,0.00128
661745,0.085504
661793,0.009984
661844,0.016896
661910,0.036608
662037,0.111104
662059,0.001024
662075,0.001536
662103,0.020224
662145,0.062976
662156,0.521984
662161,0.22912
662293,0.043008
662382,0.048896
662397,0.020992
662409,0.02048
662480,0.001536
662499,0.057088
662641,0.041216
662719,0.012288
662757,0.62848
662767,0.060416
662880,0.03712
662915,0.015104
662987,0.003584
663106,0.0704
663246,0.013568
663327,0.010752
663330,0.005888
663358,0.088064
663365,0.498176
663423,0.116992
663457,0.014336
663476,0.01024
663527,0.020736
663624,0.357632
663677,0.002816
663748,0.012544
663844,0.050944
663902,0.098304
663919,0.021504
663922,0.063744
663945,0.029184
663959,0.110848
664030,0.017408
664048,0.019968
664059,0.456192
664072,0.009984
664114,0.002048
664115,0.508672
664269,0.044288
664313,0.004352
664322,0.07936
664343,0.013568
664396,0.388352
664440,0.150784
664517,0.023808
664545,0.01152
664559,0.10368
664567,0.024064
664598,0.298752
664693,0.0128
664783,0.2624
664824,0.00128
664887,0.027904
664936,0.059392
664980,0.146688
665041,0.016384
665107,0.002304
665132,0.010496
665162,0.116224
665222,0.037376
665268,0.00896
665282,0.00128
665320,0.074752
665344,0.118016
665405,0.021504
665417,0.090624
665499,0.030976
665553,0.188928
665607,0.003328
665657,0.007168
665720,0.031232
665728,0.004608
665757,0.249856
665790,0.098816
665803,0.178944
665822,0.251136
665926,0.01152
665972,0.092928
666001,0.008704
666031,0.097024
666064,0.018176
666151,0.061952
666169,0.08832
666234,0.110336
666257,0.014592
666342,0.0192
666357,0.22912
666390,0.16384
666467,0.005632
666487,0.044544
666499,0.106752
666547,0.02688
666615,0.038656
666645,0.123136
666693,0.003072
666702,0.508928
666730,0.719872
666783,0.02432
666793,0.008448
666828,0.022016
666894,0.0448
666929,0.001024
666961,0.05504
667088,0.11008
667092,0.001792
667169,0.006144
667214,0.007936
667275,0.053248
667284,0.053504
667306,0.011008
667430,0.08192
667465,0.015872
667487,0.011264
667540,0.000256
667556,0.038144
667560,2.258432
667699,0.03712
667749,0.006144
667773,0.011008
667865,0.076032
667955,0.06272
667995,0.01536
668024,0.076288
668049,0.00128
668059,0.020992
668080,0.012032
668136,0.079104
668257,0.069888
668325,0.019968
668360,0.0128
668399,0.034304
668444,0.02304
668463,0.006912
668498,0.147456
668510,0.023808
668617,0.026112
668670,0.001024
668759,0.014592
668762,0.0768
668798,0.026112
668834,0.006144
668837,0.029696
668848,0.021504
668925,0.000512
668959,0.12672
669063,0.038144
669078,0.210688
669128,0.237312
669175,0.08448
669198,0.18944
669208,0.06912
669218,0.07808
669268,0.13312
669298,0.026112
669308,0.17152
669318,0.011264
669328,0.025344
669338,0.04224
669360,0.491008
669368,0.301568
669388,0.109824
669398,0.055808
669418,0.277248
669448,0.184832
669458,0.132096
669478,0.18048
669488,0.067328
669498,0.36864
669508,0.327168
669538,0.64768
669558,0.488704
669568,0.045056
669578,0.228608
669598,0.296704
669608,0.138496
669618,0.261632
669628,0.132864
669638,0.405248
669648,0.260096
669658,0.514048
669668,0.084992
669678,0.039936
669688,0.559872
669698,0.13824
669708,0.005632
669718,0.589824
669738,0.103936
669748,0.641024
669768,0.436992
669778,0.107776
669788,0.320256
669808,0.50688
669828,1.301504
669848,0.815104
669878,0.90112
669930,0.048384
669941,0.009984
669963,0.068352
669977,0.149248
670019,0.110848
670073,0.352256
670183,0.042496
670205,0.0576
670271,0.014592
670282,0.063744
670298,0.047104
670363,0.026624
670423,0.020992
670545,0.009216
670605,0.719104
670631,0.283392
670669,0.165888
670711,0.058112
670763,0.010752
670802,0.3008
670867,0.05504
670965,0.0128
671027,0.03328
671141,0.038144
671165,0.391168
671184,0.067328
671264,0.030464
671355,0.004864
671357,0.839936
671441,0.02688
671547,0.063744
671577,0.01664
671653,0.016128
671696,0.019968
671697,0.02048
671717,0.047104
671727,0.329728
671770,0.207872
671777,0.076288
671827,0.045056
671847,0.133632
671867,0.222976
671877,0.11648
671887,0.429824
671907,0.004096
671927,0.066816
671947,0.410368
671967,0.222464
671977,0.097536
672017,0.527872
672037,0.222976
672057,0.708864
672077,0.122624
672087,0.547584
672097,0.525312
672117,0.549888
672197,0.02688
672225,0.041728
672295,0.261632
672338,0.02176
672345,0.027904
672534,0.009984
672556,0.01408
672650,0.017664
672669,0.235008
672751,0.004608
672810,0.002304
672848,0.003584
672882,0.041984
672970,0.065536
673039,0.062208
673201,0.033792
673255,0.11648
673283,0.002048
673330,0.069376
673344,0.025344
673425,0.030976
673549,0.123392
673561,0.005888
673565,1.578496
673635,0.350208
673703,0.08704
673823,0.036864
673876,0.106752
673908,0.044032
673928,0.023808
673966,0.018688
674015,0.00384
674042,0.065792
674097,0.035328
674112,0.010752
674161,0.016128
674164,0.056064
674183,0.000256
674277,0.009984
674307,0.003328
674334,0.030976
674388,0.088576
674430,0.094464
674447,0.004352
674456,0.07296
674509,0.033792
674543,0.000768
674552,0.160256
674671,0.04096
674749,0.003584
674751,0.072704
674765,0.067328
674769,0.072192
674771,5.348096
674932,0.000256
674968,0.12288
675104,0.010752
675148,0.014848
675220,0.668416
675290,0.040448
675337,0.0704
675360,0.01792
675362,0.694784
675365,0.14208
675408,0.032768
675437,0.624384
675479,0.022016
675485,0.0064
675537,0.021248
675546,0.845824
675670,0.022272
675690,0.007168
675765,0.03584
675792,0.051456
675824,0.23424
675893,0.009728
675942,0.05376
675956,0.195328
675963,0.279808
676000,0.08064
676020,0.042496
676036,0.038656
676068,0.043776
676200,0.028672
676226,0.004608
676270,0.007168
676327,0.062208
676419,1.560576
676545,0.034048
676565,0.598016
676661,0.01536
676696,0.116992
676786,0.02304
676831,0.033536
676845,0.083712
676892,0.003328
676912,0.005376
676991,0.017408
676999,0.017152
677019,0.031744
677063,0.116992
677099,0.04096
677137,0.0192
677143,0.024064
677161,0.00128
677163,0.007424
677203,0.004608
677232,0.221696
677248,0.072448
677339,0.088064
677361,0.007424
677407,0.02816
677457,0.001536
677467,0.115712
677517,0.013824
677572,0.001024
677642,0.01664
677722,0.068352
677755,0.124416
677772,0.1024
677811,0.909056
677899,0.009728
677901,0.004352
677940,0.100096
678057,0.252928
678104,0.009216
678207,0.294656
678239,0.000768
678256,0.01664
678274,0.048128
678314,0.051456
678322,0.020736
678358,0.160256
678384,0.242688
678440,0.000768
678457,0.108032
678511,0.023808
678544,0.00128
678641,0.0064
678652,0.01024
678689,0.004352
678700,0.046336
678705,0.02432
678853,0.157184
678880,0.087296
678952,0.000768
679022,0.002048
679105,0.07552
679136,0.022272
679150,0.11392
679176,0.01792
679220,0.0128
679236,0.006912
679313,0.005376
679336,0.003328
679448,0.027648
679462,0.017408
679519,0.089856
679561,3.140352
679614,0.019456
679627,0.029952
679652,0.072448
679692,0.004096
679787,0.119552
679819,0.00128
679945,0.023808
680010,0.068608
680048,0.204288
680099,0.0896
680163,0.06144
680170,0.016384
680227,0.062208
680259,0.141056
680321,0.025088
680332,0.110592
680388,0.002048
680491,0.036608
680533,0.045824
680555,0.018176
680602,0.01792
680630,0.015616
680665,0.0576
680704,0.02176
680768,0.018176
680878,0.086272
680926,0.08832
680945,0.02048
681003,0.066816
681058,0.498432
681140,0.006912
681156,0.09728
681212,0.635648
681357,0.03712
681364,0.106752
681515,0.025856
681551,0.09728
681557,0.07552
681591,0.007424
681623,0.031488
681651,0.306944
681678,0.012032
681731,0.022016
681751,0.001536
681814,0.04992
681851,0.008192
681959,0.017152
681977,0.11008
682005,0.001536
682032,0.064
682061,0.02304
682078,0.007424
682095,0.002816
682221,0.000256
682301,0.031232
682367,0.063744
682395,0.268032
682461,0.034816
682494,0.009984
682532,0.07424
682558,0.250112
682612,0.156928
682674,0.001024
682733,0.031488
682781,0.008448
682816,0.221696
682826,0.049152
682859,0.010496
682881,0.087552
682947,0.00512
682991,0.001536
683019,0.045568
683068,0.033792
683207,0.023808
683254,0.068864
683376,0.154368
683383,0.058368
683416,0.008192
683489,0.012032
683495,0.021504
683527,0.000256
683590,0.00896
683622,0.003584
683681,0.064768
683708,0.04096
683753,0.032256
683758,0.20992
683760,0.78208
683886,0.017152
683912,0.798208
683962,0.000768
683980,0.012032
683982,0.013312
684014,0.016128
684062,0.022272
684092,0.371712
684223,0.070144
684227,0.041728
684290,0.034816
684292,0.091904
684321,0.029952
684326,0.030464
684360,0.104192
684443,0.00768
684462,0.00128
684500,0.032
684558,0.072192
684579,0.09984
684593,0.026112
684695,0.000256
684707,0.022016
684757,0.046592
684767,0.053248
684840,0.02688
684876,0.057088
684932,0.031232
685082,0.055552
685201,0.031744
685249,0.004608
685260,0.115456
685316,0.063744
685345,0.004352
685350,0.04224
685552,0.032256
685562,0.054528
685620,0.004864
685627,0.008704
685657,0.029184
685731,0.009216
685746,0.012288
685749,0.0896
685825,0.335872
685920,0.01024
685921,0.000512
685960,0.15232
686042,0.04352
686110,0.021248
686120,0.002304
686130,0.012288
686160,0.236288
686165,0.939264
686167,0.315648
686214,0.003072
686254,0.015872
686320,0.003072
686333,0.004864
686390,0.091904
686432,0.007936
686457,0.00768
686489,0.097024
686577,0.059136
686611,0.006144
686623,0.023808
686641,0.020224
686679,0.049664
686763,0.178432
686766,0.024576
686874,0.545792
686926,0.000768
686954,0.134144
686978,0.038912
687041,0.007168
687063,0.001536
687162,0.032256
687227,0.059392
687260,0.071168
687288,0.019968
687326,0.019456
687346,0.213504
687368,0.01792
687391,0.081664
687457,0.0384
687495,0.01408
687578,0.006912
687600,0.049664
687685,0.15616
687719,0.034304
687740,0.06656
687763,0.051456
687854,0.008192
687891,0.061952
687945,0.13568
687985,0.056064
688087,0.001024
688090,0.019968
688105,0.051968
688195,0.067328
688309,0.071424
688354,0.00384
688448,0.009984
688492,0.060416
688503,0.88064
688539,0.568576
688602,0.261888
688663,0.022272
688722,0.031744
688772,0.075776
688787,0.028672
688848,0.000512
688891,0.002048
689092,0.017152
689124,0.051712
689157,0.176128
689214,0.022528
689255,0.027392
689455,0.052992
689482,0.028416
689585,0.019968
689647,0.066816
689656,0.007424
689692,0.03072
689732,0.001024
689757,0.018944
689767,1.124864
689855,0.027904
689954,0.393472
690014,0.14592
690071,0.02688
690132,0.063232
690182,0.056576
690227,0.022528
690259,0.009216
690283,0.070912
690345,0.004608
690347,0.101632
690423,0.008448
690448,0.038656
690530,0.030464
690567,0.039424
690637,0.08576
690649,0.000256
690669,0.000512
690700,0.277504
690729,0.177152
690799,0.022016
690805,0.30464
690851,0.013312
690905,0.010496
690920,0.007424
690932,0.091136
690985,0.086784
691072,0.015872
691123,0.030976
691139,0.065024
691205,0.025856
691241,0.004608
691304,0.044544
691348,0.024832
691416,0.036096
691535,0.001024
691561,0.009216
691600,0.51328
691643,0.01408
691676,0.026624
691717,0.040704
691762,0.001024
691770,0.027904
691801,0.1024
691895,0.061696
691909,0.04096
692068,0.00384
692079,0.01664
692149,0.092416
692160,0.074752
692171,0.976128
692231,0.019456
692241,0.044544
692261,0.021248
692299,0.027392
692334,0.005888
692362,0.010496
692402,0.006912
692470,0.010496
692504,0.079104
692549,0.0128
692578,0.036864
692634,0.001536
692661,0.023296
692673,0.001792
692677,0.00128
692689,0.043008
692715,0.030464
692758,0.022784
692767,0.007168
692771,0.093696
692853,0.009728
692857,0.254464
692908,0.027904
693055,0.02688
693196,0.122112
693216,0.03712
693249,0.041984
693301,0.071168
693308,0.022784
693362,0.260096
693410,0.035072
693417,0.078592
693474,0.031232
693535,0.008192
693565,0.021248
693597,0.131072
693612,0.071168
693657,0.035072
693691,0.01792
693699,0.041216
693713,0.002304
693750,0.005376
693793,0.032
693810,0.03584
693834,0.001792
693882,0.00384
693895,0.019456
693946,13.739264
694083,0.046336
694132,0.004352
694153,0.016384
694247,0.037888
694267,0.010752
694291,0.027136
694328,0.247808
694400,0.00128
694445,0.04608
694507,0.024576
694533,0.14848
694557,0.191744
694566,0.224256
694603,0.01536
694613,0.001536
694637,0.231424
694683,0.017152
694733,0.09344
694825,0.03712
694854,0.008192
694863,0.000512
694960,0.00896
694990,0.01024
695030,0.01664
695060,0.012032
695160,0.00128
695212,0.015616
695223,0.027648
695257,0.091392
695351,0.028672
695367,0.015616
695406,0.02816
695437,0.059904
695479,0.004864
695526,0.04992
695580,0.007424
695681,0.050944
695745,0.003584
695756,0.068096
695769,0.416
695852,0.006912
695861,0.008704
695896,0.328448
695925,0.112128
696035,0.223488
696076,0.352768
696116,0.04736
696237,0.114176
696261,0.006144
696265,0.0704
696303,0.00512
696358,0.118016
696516,0.000256
696536,0.007424
696613,0.01536
696657,0.022272
696723,0.013824
696737,0.00512
696840,0.108288
696841,0.280064
696887,0.018944
696906,0.022272
696920,0.024064
696932,0.002048
696945,0.437248
696959,0.366336
697010,0.054528
697017,0.024064
697029,0.045056
697069,0.09344
697200,0.043008
697226,0.07296
697263,0.058368
697326,0.037376
697343,0.270336
697375,0.112128
697394,0.187648
697534,0.080384
697561,0.051712
697565,0.002816
697625,0.029184
697691,0.517888
697768,0.04224
697807,0.01024
697826,0.05376
697853,0.0192
697877,0.371456
698034,0.050688
698083,0.254976
698156,0.107008
698207,0.004608
698233,0.090368
698279,0.039168
698292,0.008448
698306,0.0256
698324,0.039424
698337,0.0256
698353,0.136704
698488,0.026112
698510,0.0896
698597,0.002048
698648,0.026112
698714,0.007424
698745,0.004864
698756,0.224
698763,4.369664
698912,0.019968
699024,0.003328
699059,0.041984
699112,0.100096
699147,0.019712
699175,0.02432
699297,0.005888
699327,0.007168
699335,0.057344
699356,0.492032
699396,0.035584
699478,0.004608
699538,0.095744
699580,0.013312
699606,0.09984
699687,0.051712
699724,0.022016
699733,0.004864
699962,0.013312
700113,0.030464
700219,0.146688
700242,0.100352
700254,0.109824
700273,0.067328
700336,0.098304
700473,0.01792
700492,0.024576
700545,0.015872
700555,0.061952
700560,0.338432
700647,0.265472
700713,0.076032
700760,0.0704
700809,0.020224
700894,0.031488
701002,0.005888
701027,0.041984
701080,0.041728
701138,0.013824
701157,0.024832
701162,0.057344
701380,0.029696
701387,0.005888
701403,0.09984
701536,0.04992
701572,0.037888
701632,0.215552
701651,0.014592
701692,0.213504
701725,0.045056
701744,0.00512
701748,0.082688
701753,0.134912
701776,0.459776
701806,0.019456
701924,0.065792
701968,0.249344
701974,0.123648
702025,0.00256
702033,0.00512
702106,0.307968
702141,0.091648
702157,0.24448
702202,0.012288
702301,0.022784
702345,0.009216
702351,0.061184
702407,0.016896
702463,0.033024
702494,0.000256
702495,0.071936
702520,0.019968
702545,0.061952
702609,0.160512
702704,0.153856
702727,0.083712
702762,0.036608
702771,0.022016
702774,0.099584
702894,0.260608
702914,0.008192
702935,0.015104
702957,0.023296
702973,0.087296
702994,0.011008
703052,0.000512
703188,0.077824
703219,0.125696
703264,0.008704
703265,0.573952
703333,0.004864
703384,0.018432
703459,0.055552
703532,0.003328
703540,0.054784
703560,0.268288
703565,1.01888
703640,0.16896
703687,0.036864
703787,0.124416
703815,0.178944
703843,0.002816
703860,0.0192
703924,0.01152
704000,0.007168
704007,0.03712
704100,0.194816
704165,0.337152
704240,0.003072
704265,0.014336
704288,0.070656
704336,0.06784
704415,0.007936
704449,0.008448
704453,0.037376
704469,0.568064
704603,0.03712
704644,0.000512
704721,0.008192
704758,2.335488
704860,0.000256
704865,0.040192
704924,0.082176
705003,0.009216
705078,0.05504
705090,0.013568
705147,0.012544
705165,0.003072
705332,0.012288
705346,0.58496
705403,0.024064
705427,0.04992
705459,0.10624
705482,0.108288
705569,0.0192
705587,0.002048
705663,0.014848
705693,0.03072
705749,0.02816
705763,0.014848
705792,0.06016
705833,0.09856
705959,0.05248
705983,0.004352
706005,0.037376
706099,0.194816
706181,0.04608
706236,0.007424
706277,0.008192
706281,0.184064
706413,0.001792
706436,0.002048
706442,0.012544
706525,0.003328
706540,0.033536
706595,0.12928
706642,0.02304
706685,0.00768
706722,0.023552
706740,0.126464
706855,0.082944
706889,0.229376
706965,0.032256
706998,0.001792
707006,0.196608
707100,0.017408
707109,0.0
707155,0.112128
707162,0.007168
707191,0.04352
707228,0.016384
707295,0.001792
707309,0.016896
707394,0.011008
707406,0.002048
707451,0.022016
707495,0.096256
707502,0.068096
707587,0.030464
707607,0.021504
707707,0.01024
707735,0.039424
707746,0.034816
707767,0.085248
707769,0.019712
707801,0.012544
707816,0.019968
707841,0.584448
707888,0.036096
707895,0.030976
707937,0.005888
707962,0.003072
708028,0.030464
708115,0.006912
708160,0.025088
708295,0.029952
708327,0.027648
708345,0.1536
708415,0.032256
708456,0.009472
708549,0.009216
708563,0.0128
708616,0.004096
708667,0.03456
708715,0.15872
708756,0.592896
708788,0.09216
708820,0.014592
708890,0.11904
708922,0.035072
708945,0.113152
708964,0.033024
708976,0.189952
709097,0.008448
709135,0.047872
709166,0.011776
709218,0.018176
709250,0.031232
709272,0.0128
709371,0.051456
709408,0.019712
709526,0.340224
709545,1.184768
709619,0.034304
709754,0.036608
709775,0.036608
709798,0.02944
709855,0.075264
709880,0.028928
709920,0.013824
709927,0.035072
710059,0.009984
710149,0.023296
710160,0.1024
710252,0.083968
710274,0.075264
710292,0.032512
710317,0.135936
710323,0.113152
710399,0.014336
710456,0.000768
710466,0.006144
710572,0.098304
710631,0.00384
710745,1.319168
710773,0.381184
711085,0.000512
711147,0.021504
711160,0.054272
711193,0.007936
711262,0.006144
711271,0.090112
711332,0.000512
711345,0.001024
711357,0.062208
711358,0.9664
711451,0.000768
711480,0.065024
711497,0.036096
711579,0.033536
711619,0.009472
711652,0.051456
711687,0.126208
711717,0.032256
711758,0.037888
711798,0.061952
711816,0.026624
711940,0.140288
711964,0.08704
712026,0.122624
712038,0.052736
712070,0.081408
712102,0.012544
712136,0.012288
712157,0.019456
712164,0.044288
712245,0.007424
712251,0.0256
712258,0.015872
712332,0.024832
712351,0.094976
712420,0.044544
712440,0.010496
712464,0.003328
712467,0.061696
712493,0.007424
712510,0.027392
712562,0.16768
712591,0.00384
712689,0.073472
712816,0.037888
712864,0.047872
712998,0.031488
713060,0.279808
713113,0.01664
713267,0.001792
713324,0.039936
713351,0.055296
713382,0.015872
713420,0.004096
713464,0.069888
713575,0.023296
713650,0.052992
713655,0.41856
713720,0.087552
713746,0.047616
713763,0.3008
713822,0.00384
713830,0.21632
713901,0.339456
713933,0.01408
713947,0.004096
713992,0.008192
714014,0.033792
714042,0.059392
714078,0.037376
714136,0.620032
714203,0.031232
714221,0.052736
714311,0.004352
714353,0.019456
714370,0.279296
714447,0.004864
714487,0.024064
714516,0.000768
714524,0.014336
714529,0.133376
714543,0.219136
714582,0.012544
714590,0.036864
714661,0.192256
714727,0.054528
714762,0.018176
714844,0.006912
714858,0.009216
714867,0.054272
714976,0.233216
715013,0.01152
715023,0.008448
715065,0.00512
715079,0.026112
715127,0.00896
715130,0.12544
715147,0.06656
715172,0.056576
715204,0.019968
715237,0.020992
715256,0.02048
715283,0.013056
715327,0.02432
715468,0.091392
715499,0.001792
715539,0.068864
715559,0.215552
715560,4.163328
715614,0.033024
715665,0.118016
715780,0.266752
715805,0.010496
715869,0.050432
715939,0.031232
716073,0.00256
716163,3.740928
716255,0.220928
716340,0.017664
716374,0.006144
716427,0.0192
716458,0.004608
716536,0.01664
716623,0.033024
716630,0.035072
716762,0.124928
716764,1.029632
716778,0.002304
716836,0.04096
716865,0.013056
716951,0.012288
716956,0.090368
716996,0.261376
717067,0.133376
717095,0.088064
717118,0.021248
717130,0.042752
717164,0.05632
717194,0.006912
717211,0.02816
717237,0.034304
717253,0.027648
717328,0.005632
717331,1.8304
717361,0.292864
717460,0.322816
717467,1.037568
717502,0.025856
717558,0.134144
717579,0.025344
717632,0.077824
717752,0.029184
717810,0.00384
717916,0.013568
717945,0.0384
717946,0.183296
718181,0.02432
718184,0.03584
718244,0.003072
718253,0.037376
718324,0.024064
718326,2.591744
718372,0.034304
718416,0.004608
718461,0.006912
718483,0.002304
718545,0.036864
718560,0.052736
718642,0.016384
718687,0.045312
718708,0.030464
718780,0.498944
718912,0.045824
718951,0.008448
719008,0.04608
719064,0.017408
719105,0.009984
719145,0.030464
719187,0.028416
719349,0.018432
719391,0.00384
719447,0.000768
719457,0.002304
719463,0.079104
719464,0.00512
719466,0.013568
719552,0.005632
719580,0.053504
719650,0.184064
719699,0.025344
719730,0.005888
719744,0.068352
719745,0.025856
719756,0.049664
719766,0.091136
719867,0.018688
719902,0.113152
719926,0.082176
719937,0.018688
719956,0.465664
719994,0.068096
720002,0.011008
720068,0.01792
720089,0.00896
720102,0.153856
720207,0.00128
720234,0.037888
720337,0.085248
720362,0.042496
720470,0.007936
720484,0.040704
720521,0.04864
720540,0.035584
720612,0.074496
720624,0.06912
720692,0.044544
720724,0.025088
720774,0.203776
720810,0.01408
720878,0.008192
720948,0.0192
720960,0.034304
720987,0.027392
721007,0.00512
721058,0.13312
721139,0.00256
721175,0.0896
721207,0.00768
721260,0.316416
721301,0.00768
721374,0.046592
721471,0.025344
721519,0.017152
721558,0.277248
721622,0.026368
721635,0.062464
721681,0.039168
721719,0.213504
721785,0.016384
721797,0.06784
721820,0.014336
721839,0.2432
721869,0.126976
721897,0.0576
721949,0.001536
721966,0.147968
721976,0.063488
722000,0.047616
722019,0.187392
722068,0.027136
722133,0.032256
722161,0.276992
722213,0.002048
722248,0.102912
722292,0.15232
722375,0.014336
722401,0.00512
722421,0.009216
722425,0.087808
722524,0.040704
722600,0.018688
722669,0.243712
722722,0.0832
722745,0.035072
722756,0.02432
722779,0.109312
722848,0.663552
722905,0.001792
722919,0.118528
722944,0.011776
723056,0.021248
723102,0.075264
723135,0.322048
723181,0.210944
723231,0.009216
723234,0.0064
723345,0.000256
723352,0.025088
723360,0.232704
723381,0.038912
723415,0.06272
723425,0.025856
723436,0.000768
723457,0.001792
723541,0.010496
723597,0.009472
723682,0.00768
723727,0.014592
723728,0.039424
723757,0.04224
723804,0.06784
723820,0.018688
723855,0.125184
723895,0.060928
723933,0.068864
723969,0.049152
724034,0.030464
724047,0.019712
724179,0.002816
724324,0.190208
724351,0.071168
724493,0.066816
724534,0.041728
724557,0.039936
724614,0.0448
724659,0.1152
724685,0.001792
724699,0.015616
724734,0.010752
724759,0.022528
724795,0.061952
724822,0.0192
724887,0.04992
724995,0.013568
725043,0.020224
725083,0.158208
725104,0.024576
725146,0.014592
725161,0.868864
725162,0.545792
725247,0.194816
725281,0.013312
725313,0.01408
725367,0.005888
725397,0.196352
725418,0.005376
725514,0.080896
725546,0.174336
725644,0.003328
725743,0.044544
725757,0.139264
725759,1.07776
725792,0.063232
725862,5.739776
726027,0.047104
726141,0.658688
726197,0.169728
726220,0.005888
726265,0.09984
726294,0.019968
726323,0.57088
726357,0.219392
726383,0.003072
726587,0.017664
726597,0.033792
726608,0.037888
726662,0.01152
726681,0.570368
726728,0.010752
726735,0.114688
726795,0.003328
726820,0.179456
726879,0.010752
726920,0.000256
726924,0.120064
726946,0.09216
727255,0.11392
727287,0.042752
727328,0.0384
727347,0.009472
727379,0.03968
727415,0.020992
727561,0.002816
727566,0.02432
727600,0.10368
727651,0.006144
727655,0.010496
727681,0.054784
727716,0.012544
727763,0.031232
727772,0.032
727799,0.010496
727845,0.09088
727955,0.039424
727996,0.018688
728044,0.002304
728056,0.009984
728108,0.006912
728120,0.00256
728134,0.565504
728163,2.234112
728211,0.012544
728227,0.031744
728287,0.00256
728497,0.016896
728586,0.034048
728630,0.042752
728644,0.011264
728754,0.030464
728761,0.151808
728764,5.561088
728840,0.045568
728884,0.051968
728893,0.01664
728911,0.007936
728931,0.068352
728939,0.010496
729011,0.03456
729058,0.187136
729115,0.003072
729126,0.00128
729151,0.121088
729168,0.09088
729195,0.02304
729228,0.008192
729285,0.034048
729453,2.607872
729517,0.015104
729622,0.09344
729739,0.223744
729769,0.242688
729922,0.124672
729957,0.002816
729970,0.055552
729994,0.00512
730029,0.014848
730087,0.030464
730119,0.091648
730154,0.263936
730224,0.03456
730265,0.007936
730279,0.053248
730339,0.01536
730359,0.004352
730415,0.155904
730508,0.037376
730539,0.037888
730558,0.058112
730569,0.1024
730595,0.00128
730674,0.03968
730735,0.038912
730793,0.217344
730822,0.03712
730843,0.022784
730890,0.004864
730898,0.004608
730995,0.016384
731045,0.00128
731063,0.012544
731080,0.06144
731142,0.022784
731157,0.004608
731165,4.025088
731217,0.09856
731302,0.010496
731409,0.022272
731417,0.004352
731530,0.022784
731545,0.22912
731601,0.15616
731617,0.054784
731692,0.004352
731733,0.041216
731741,0.018688
731759,0.019968
731780,0.030208
731801,0.53888
731958,0.009216
732022,0.073728
732033,0.043776
732088,0.007168
732179,0.017152
732282,0.125952
732301,0.019968
732352,0.024064
732407,0.012544
732410,0.018688
732457,0.055552
732475,0.018432
732503,0.086784
732519,0.000256
732538,0.022016
732560,0.140032
732612,0.024832
732645,0.002048
732724,0.008704
732773,0.046336
732801,0.297472
732881,0.006144
732899,0.062976
732935,0.0064
732959,0.007936
732964,0.153344
733227,0.083712
733270,0.000256
733300,0.030208
733377,0.010496
733405,0.001792
733438,0.0256
733471,0.103168
733491,0.002304
733528,0.112384
733556,0.06912
733587,0.057856
733616,0.10112
733701,0.020992
733725,0.026368
733780,0.0448
733843,0.005376
733927,0.063232
733938,0.141568
733978,0.024576
733998,0.00384
734008,0.017408
734018,0.012544
734038,0.203008
734058,0.078848
734078,0.204544
734088,0.114688
734098,0.164096
734118,0.60544
734148,0.304896
734157,0.527616
734165,0.016896
734167,9.33632
734208,0.429824
734228,0.298752
734258,0.24192
734268,0.788224
734278,0.304896
734298,4.8128
734348,0.198144
734358,0.503296
734388,0.12288
734478,0.003072
734489,0.009728
734579,0.033792
734607,1.062656
734656,0.322048
734741,0.25984
734756,0.041728
734772,0.131072
734848,0.069888
734901,0.027648
734953,0.013568
734967,0.022784
734995,0.057344
735003,0.000256
735020,0.204288
735109,0.004096
735152,0.004864
735170,0.007424
735213,0.00768
735252,0.024576
735294,0.02176
735324,0.0256
735364,0.273664
735368,1.344768
735415,0.02432
735507,0.040448
735552,0.0832
735672,0.08704
735708,0.008192
735719,0.054784
735748,0.080384
735782,0.000512
735880,0.022528
735928,0.013312
735959,0.132608
736080,0.028928
736109,0.008192
736128,0.012544
736180,0.062976
736198,0.019456
736203,0.027392
736280,0.002048
736311,0.01024
736407,0.020992
736414,0.010752
736448,0.073216
736558,0.4928
736565,0.0064
736593,0.22144
736641,0.004352
736719,0.009472
736736,0.002304
736745,0.004352
736778,0.032
736789,0.035328
736839,0.03968
736891,0.05632
736933,0.00896
736966,0.005888
736967,0.026624
737011,0.009728
737035,0.009472
737049,0.009728
737081,0.003328
737098,0.055296
737125,0.226304
737165,0.049664
737201,0.003072
737207,0.011008
737324,0.090368
737390,0.002304
737427,0.055552
737484,0.009984
737637,0.007168
737657,0.001792
737705,0.040704
737756,0.020736
737768,0.012032
737775,0.009216
737782,0.065024
737816,0.038144
737840,0.253952
737919,0.046592
737951,0.02432
737969,0.045824
737974,0.058624
738016,0.035328
738050,0.006656
738183,0.00896
738229,0.195584
738247,0.057856
738275,0.135168
738292,0.004608
738329,0.09088
738346,0.251392
738363,0.403456
738407,0.01024
738639,0.032
738697,0.000256
738729,0.007168
738748,0.015616
738776,0.016896
738804,0.02176
738849,0.020992
738919,0.009728
738945,0.022784
738951,0.03584
738964,0.27008
739002,0.04992
739028,0.010752
739052,0.023296
739127,0.028672
739139,0.015616
739164,0.055808
739176,0.4288
739245,0.11648
739401,0.177664
739435,0.2368
739468,0.044288
739498,0.00256
739515,0.026624
739560,0.04608
739639,0.091904
739667,0.008192
739676,0.034304
739733,0.024576
739798,0.01536
739839,0.012544
739864,0.100352
739875,0.158208
739889,0.113664
739910,0.314368
739964,0.03328
739975,0.01536
740027,0.006656
740046,0.033536
740069,0.03584
740288,0.064
740371,0.03456
740400,0.052736
740408,0.018944
740443,0.00256
740468,0.02048
740640,0.00512
740672,0.060672
740750,0.010752
740764,0.020224
740771,0.015872
740856,0.01152
740896,0.074752
740971,0.054016
740997,0.004096
741036,0.03968
741131,0.0064
741171,0.018432
741177,0.027136
741229,0.019456
741237,0.034048
741306,0.056832
741315,0.045824
741364,0.034304
741430,0.325888
741504,0.098048
741552,0.000768
741561,0.008448
741618,0.018944
741650,0.034048
741652,0.145152
741721,0.009216
741754,0.011776
741757,0.197888
741777,0.00896
741800,0.001536
741858,0.006144
741907,0.000768
741961,0.03072
741973,0.173056
742032,0.113152
742142,0.004608
742184,0.112896
742219,0.096768
742358,0.036352
742380,0.023552
742416,0.031232
742481,0.007424
742561,0.010496
742580,0.126208
742638,0.009472
742684,0.049408
742726,0.044032
742777,0.042496
742846,0.043776
742956,0.061952
742962,0.011008
743033,0.023808
743077,0.076544
743112,0.259328
743163,0.095232
743168,0.689408
743276,0.295168
743325,0.042752
743332,0.100352
743422,0.02176
743571,0.00256
743586,0.00896
743624,0.191488
743669,0.060672
743728,0.016896
743768,0.192512
743874,0.148224
744018,0.00128
744047,0.019968
744103,0.079872
744164,0.046848
744293,0.22784
744351,0.086016
744403,0.005888
744410,0.015616
744425,0.306176
744477,0.03584
744481,0.009728
744513,0.075264
744528,0.009216
744542,0.073472
744562,0.10752
744587,0.143616
744600,0.242432
744625,0.0576
744635,0.23808
744649,0.257792
744686,0.677632
744721,0.02304
744770,0.03456
744800,0.0064
744825,0.105472
744867,0.012288
744902,0.013056
744951,0.29952
744961,0.05504
744967,0.112384
744989,0.233216
745003,0.128768
745029,0.509696
745034,0.280576
745055,0.2112
745060,0.006912
745077,0.06016
745114,0.1408
745159,0.01024
745179,0.0512
745255,0.031232
745265,0.405504
745301,0.442368
745306,0.02304
745403,0.228352
745480,0.06784
745536,0.027648
745539,0.006656
745564,0.068352
745565,0.998656
745602,0.0256
745656,0.034048
745680,0.171008
745788,0.074496
745804,0.310528
745822,0.0128
745849,0.186368
745871,0.055808
745900,0.009216
745944,0.002816
745965,0.078592
746021,0.002304
746022,0.502528
746081,0.348416
746148,0.02304
746189,0.500736
746251,0.20224
746263,0.13696
746320,0.011264
746350,0.173056
746359,0.599808
746440,0.28672
746530,0.02048
746553,0.169472
746687,0.0384
746756,3.290624
746821,0.001536
746824,0.089088
746867,0.632832
746898,0.43904
746990,0.060928
746999,0.46336
747050,0.281856
747093,0.036608
747095,0.0064
747124,0.029696
747158,0.043264
747160,0.220672
747194,0.08832
747217,0.022016
747237,0.135936
747283,0.03072
747312,0.067584
747345,0.03328
747348,0.084224
747363,0.101888
747366,0.06784
747380,0.055552
747444,0.020992
747454,0.023808
747512,0.03712
747547,0.072448
747595,0.044032
747655,0.006912
747677,0.011008
747743,0.033536
747756,0.9792
747893,0.145664
748061,0.01152
748103,0.137728
748183,0.023552
748213,0.017664
748242,0.016896
748258,0.031488
748273,0.01664
748308,0.002816
748314,0.004352
748349,0.1152
748397,0.018688
748435,0.009216
748441,0.001024
748455,0.01536
748509,0.014336
748557,0.16128
748654,0.036864
748663,0.03072
748675,0.017408
748731,0.037632
748756,0.217088
748830,0.030976
748897,0.021248
748908,0.000768
748976,0.045312
749024,0.006144
749044,0.03328
749064,0.059136
749157,0.058112
749168,0.024832
749204,0.097792
749221,0.052224
749275,0.017152
749304,0.024576
749327,0.036352
749338,0.040192
749450,0.088576
749497,0.00256
749526,0.290816
749632,0.01408
749667,0.075776
749745,0.045824
749756,0.173824
749760,1.135872
749827,0.000256
749828,0.037888
749841,0.003584
749860,0.054784
749975,0.021248
749988,0.102144
750047,0.043008
750075,0.00128
750106,0.023296
750108,0.075264
750140,0.065536
750240,0.037632
750264,0.02432
750268,0.015616
750274,0.046592
750388,0.018944
750464,0.013312
750524,0.10368
750554,0.057856
750627,0.009984
750676,0.009728
750708,0.008192
750754,0.128512
750773,0.018176
750808,0.072192
750820,0.044032
750886,0.039168
750903,0.026368
750936,0.002816
750963,0.004864
751048,0.024832
751096,0.039168
751112,0.016896
751187,0.014592
751200,0.013568
751280,0.11392
751340,0.022272
751394,0.011264
751422,0.23424
751469,0.141312
751557,0.717056
751587,0.100608
751647,0.063488
751727,0.133632
751734,0.199424
751794,0.001792
751798,0.044288
751838,0.022272
751891,0.032256
751977,0.837888
752014,0.09088
752044,0.020992
752104,0.014592
752160,0.499712
752173,0.029184
752239,0.022784
752258,0.01152
752298,0.110848
752417,0.014336
752423,0.018688
752428,0.033024
752480,0.037632
752487,0.009216
752517,0.026112
752567,0.00256
752698,0.001792
752760,0.658432
752885,0.024064
752967,0.022784
753032,0.001024
753101,0.063232
753153,0.336896
753202,0.00512
753210,0.040704
753356,0.03328
753359,0.10752
753365,2.244864
753457,0.024064
753513,0.1152
753567,0.038144
753634,0.003328
753667,0.018688
753685,0.04224
753768,0.036352
753781,0.029952
753799,0.060672
753860,0.029952
753875,0.032
753906,0.032512
753947,0.050944
753960,0.075264
753999,0.036096
754046,0.034304
754048,0.0
754145,0.004864
754168,0.108288
754187,0.001536
754206,0.116992
754295,0.03712
754354,0.102144
754443,0.010496
754473,0.044544
754545,0.002816
754552,0.00768
754566,0.068352
754648,0.027648
754685,0.087808
754728,0.013056
754854,0.059392
754861,0.008192
754977,0.044544
754987,0.836608
755091,0.018688
755159,0.061696
755167,0.172032
755305,0.004864
755317,0.0192
755376,0.073984
755420,0.00512
755447,0.004096
755457,0.004096
755485,0.018432
755525,0.117248
755642,0.031488
755665,0.045568
755746,0.001792
755761,4.060928
755832,0.069376
755860,0.066816
755947,0.007424
756051,0.046592
756099,0.107776
756148,0.334848
756181,0.17536
756208,0.020736
756263,0.04736
756327,0.011008
756345,0.009984
756360,0.014592
756362,0.115712
756396,0.054784
756421,0.0576
756439,0.00768
756460,0.008192
756475,0.05504
756549,0.082944
756607,0.123392
756679,0.109568
756720,0.005376
756734,0.123648
756920,0.0192
756954,0.018432
757035,0.056064
757121,0.006912
757172,0.031232
757220,0.070656
757309,0.029696
757317,0.009472
757359,0.029184
757387,0.03072
757389,0.003328
757479,0.01024
757489,0.010496
757529,0.080384
757549,0.000512
757557,0.010496
757589,0.278016
757609,0.143872
757619,0.051456
757649,0.140032
757679,0.122112
757729,0.032256
757739,0.14976
757749,0.443392
757779,0.007936
757789,0.403712
757799,0.186368
757809,0.11008
757829,0.091648
757839,0.77696
757859,0.086528
757869,0.053504
757879,0.084992
757889,0.2112
757909,0.536576
757919,0.337152
757929,0.343808
757939,0.257024
757949,0.176128
757959,0.19456
757969,0.285696
757989,0.462336
757999,0.352768
758019,0.276224
758029,0.660736
758039,0.095744
758059,0.233216
758069,0.363776
758089,0.373248
758099,0.657152
758109,0.617728
758129,0.2688
758139,0.38016
758149,0.253184
758169,0.34176
758179,0.316672
758189,0.634624
758209,0.407552
758229,0.961792
758259,0.3328
758269,0.677632
758329,0.603904
758407,0.004352
758431,0.045312
758438,0.024064
758476,0.027136
758518,0.000512
758552,0.098816
758634,0.009728
758657,0.013056
758758,0.32
758760,0.069888
758819,0.00512
758926,0.004864
758932,0.077056
758947,0.022272
758981,0.00128
759104,0.15744
759180,0.002304
759207,0.009472
759218,0.00384
759267,0.00896
759286,0.019712
759335,0.007168
759348,0.018432
759357,4.390912
759382,0.215296
759453,0.003584
759470,0.0384
759489,0.089856
759494,0.066048
759524,0.052224
759551,0.012288
759626,0.009216
759669,0.017408
759725,0.00384
759766,0.136704
759800,0.013568
759869,0.000768
759895,0.022528
759916,0.035072
759962,0.15744
759969,0.828928
760028,0.00896
760039,0.100352
760081,0.033024
760181,0.014848
760322,0.100352
760420,0.158208
760556,0.001024
760568,0.187136
760625,0.417024
760724,0.038656
760744,0.07552
760779,0.120064
760855,0.056576
760898,0.142336
760911,0.196096
761074,0.000256
761155,0.272128
761222,0.045568
761248,0.027136
761316,0.44416
761350,0.002304
761360,0.04352
761410,0.069888
761511,0.219136
761621,0.01792
761635,0.002304
761745,0.014336
761746,0.062208
761757,0.135936
761765,0.32384
761896,0.040192
761940,0.01152
762002,0.023552
762065,0.221184
762095,0.030208
762105,0.198656
762179,0.008448
762195,0.006144
762283,0.00512
762289,0.001792
762308,0.006656
762320,0.000256
762360,0.114432
762424,0.00128
762508,0.02432
762542,0.02816
762601,0.006144
762606,0.013568
762649,0.0
762670,0.007168
762736,0.004352
762771,0.005376
762785,0.066816
762881,0.001024
762920,0.057856
762943,0.009984
762958,0.064256
762981,0.48512
763000,0.064
763010,0.007424
763076,0.177664
763084,0.791296
763123,0.294144
763211,0.077824
763295,0.0
763298,0.020224
763362,0.025344
763387,0.145408
763402,0.046848
763432,0.3776
763523,0.019968
763561,0.012032
763563,0.13056
763591,0.088576
763635,0.10752
763838,0.039168
763900,0.053504
763963,0.018944
764125,0.008448
764143,0.058112
764163,0.005632
764169,0.205568
764195,0.075264
764210,0.02176
764324,0.016384
764359,0.029696
764366,0.076544
764431,0.013824
764450,0.006656
764537,0.00512
764544,0.055552
764598,0.036608
764680,0.004864
764757,0.242688
764769,0.020992
764917,0.0064
764922,0.043776
765039,0.000768
765080,0.709376
765117,0.270336
765242,0.010752
765263,0.1664
765446,0.059904
765458,0.047616
765505,0.037376
765539,0.219648
765575,0.049408
765590,0.04352
765651,0.009216
765729,0.015616
765815,0.021504
765945,0.1984
766013,0.059392
766116,0.300288
766142,0.075776
766181,0.362752
766307,0.042496
766336,0.03456
766379,0.010752
766381,0.000512
766461,0.003072
766470,0.002048
766539,0.0128
766548,0.011264
766665,0.008448
766723,0.049408
766801,0.0128
766818,0.025344
766876,0.010496
766919,0.006656
767047,0.00128
767125,0.045824
767173,0.03328
767209,0.085248
767260,0.074752
767291,0.015872
767384,0.030976
767484,0.007936
767593,0.043264
767636,0.017152
767665,0.013824
767702,0.045568
767745,0.0064
767759,2.015488
767808,0.164352
767815,0.027136
767845,0.109568
767875,0.721664
767917,0.003072
767972,0.037632
767979,0.021504
768027,0.01152
768039,0.029184
768092,0.056576
768119,0.026624
768173,0.0128
768189,0.018944
768288,0.010496
768372,0.00384
768376,0.057856
768418,0.03712
768468,0.03328
768515,0.008448
768605,0.052992
768677,0.015872
768719,0.084736
768764,0.126208
768794,0.047104
768877,0.00384
768928,0.006912
768945,0.071424
768960,0.020736
768967,0.14336
769008,0.090112
769023,0.20096
769061,0.003072
769090,0.010752
769139,0.006656
769226,0.017408
769271,0.008704
769304,0.007424
769403,0.051456
769419,0.012032
769507,0.0128
769545,0.44928
769561,0.214016
769572,0.08576
769609,0.00256
769629,0.005888
769693,0.051712
769697,0.172288
769739,0.01536
769750,0.004096
769783,0.00384
769799,0.013824
769838,0.012544
769917,0.021504
769964,0.020736
769990,0.006144
770023,0.005632
770140,0.000256
770160,0.050432
770207,0.005888
770287,0.057344
770314,0.052224
770398,0.002816
770447,0.032512
770501,0.025344
770527,0.00384
770555,0.116992
770599,0.014592
770602,0.002304
770618,0.009216
770727,0.015616
770757,0.000256
770773,0.828672
770929,0.006656
770965,0.074496
771058,0.001024
771076,0.014848
771080,0.077824
771123,0.013824
771132,0.01024
771165,0.00768
771178,0.113408
771185,0.005632
771276,0.048384
771304,0.235008
771335,0.012288
771357,0.12672
771441,0.058368
771456,0.01792
771480,0.221184
771544,0.035328
771547,0.057856
771612,0.010496
771663,0.022528
771744,0.02432
771778,0.045568
771798,0.078592
771815,0.056832
771907,0.004864
771916,0.032768
771938,0.007936
772044,0.036096
772069,0.075776
772164,0.016896
772266,0.017408
772282,0.017152
772339,0.011008
772366,0.09216
772495,0.01024
772545,0.041216
772560,0.184064
772723,0.086784
772909,0.071168
772932,0.030976
773082,0.015872
773108,0.018688
773115,0.675584
773159,0.028928
773165,0.006656
773176,0.104192
773440,0.016128
773539,0.270336
773557,0.05632
773635,0.024576
773683,0.020992
773717,0.020992
773744,0.0128
773760,0.059648
773808,0.489984
773816,0.361728
773868,0.052736
773885,0.007168
773889,0.31744
773975,0.007424
774045,0.0064
774121,0.01792
774173,0.0256
774253,0.107264
774281,0.034304
774345,0.04224
774364,0.166144
774407,0.062208
774480,0.079616
774510,0.004864
774553,0.02304
774730,1.924608
774964,0.082688
775009,0.020736
775024,0.023296
775054,0.005888
775127,0.024576
775170,0.00512
775218,0.006912
775232,0.01408
775299,0.02048
775369,0.048384
775440,0.00896
775443,0.024832
775545,0.066048
775565,1.431808
775664,0.054272
775716,0.17024
775811,0.002048
775855,0.006912
775869,0.050176
775895,0.003584
775924,0.252416
775974,0.006912
776043,0.002304
776073,0.01024
776158,0.019712
776163,0.109312
776181,0.034816
776303,0.002048
776330,0.015104
776411,0.000256
776434,0.009728
776468,0.012288
776549,0.008192
776596,0.064256
776655,0.025856
776693,0.073728
776705,0.013056
776761,0.059648
776783,0.027136
776821,0.000768
776859,0.105728
776973,0.016128
777101,0.032512
777118,0.009472
777223,0.013824
777319,0.005888
777367,0.034048
777427,0.005888
777436,0.055552
777447,0.187648
777507,0.019712
777553,0.029952
777570,0.043264
777735,0.039936
777785,0.058368
777814,0.050432
777846,0.092416
777886,0.03968
777895,0.030464
777898,1.24544
777948,0.035072
778007,0.039168
778020,0.074496
778111,0.043008
778126,0.015616
778143,0.150528
778215,0.032256
778284,0.083456
778305,0.064
778351,0.014848
778416,0.024832
778531,0.114176
778549,0.001024
778568,0.002816
778592,0.0384
778675,0.046848
778705,0.071936
778790,0.0832
778842,0.001792
778865,0.114432
778925,0.027392
778990,0.026112
779033,0.006144
779143,0.040192
779146,0.039424
779148,0.032256
779200,0.00768
779230,0.027904
779285,0.415232
779319,0.055296
779330,0.276992
779377,0.012032
779428,0.014336
779453,0.01024
779482,0.004096
779530,0.000768
779635,0.054784
779695,0.025088
779716,0.0064
779750,0.003584
779773,0.05248
779774,0.031488
779869,0.008192
779958,0.009728
780080,0.007168
780113,0.019968
780138,0.000256
780152,0.856576
780192,0.025856
780249,0.014848
780267,0.004096
780290,0.008448
780365,1.924096
780420,0.693504
780487,0.002048
780540,0.029952
780546,0.110592
780600,0.02304
780642,0.110592
780767,0.05632
780903,0.093952
780928,0.034816
780935,0.021248
780946,0.03328
780960,2.098176
781048,0.035072
781161,0.013568
781189,0.024064
781207,0.001792
781215,0.016384
781252,0.031232
781299,0.014592
781319,0.019712
781340,0.049152
781420,0.065536
781447,0.002304
781527,0.009216
781559,0.024576
781565,0.496896
781622,0.009728
781645,0.121088
781714,0.016896
781745,0.004096
781766,0.00896
781770,0.009984
781782,1.246208
781834,0.047616
781857,0.0192
781940,0.087808
781947,0.181504
781992,0.022528
782021,0.029952
782037,0.005632
782093,0.00256
782108,0.027136
782156,0.080896
782158,0.132864
782215,0.010496
782257,0.02688
782296,0.082432
782315,0.043776
782443,0.040192
782495,0.008448
782507,0.02816
782547,0.014592
782624,0.038912
782699,0.023296
782756,0.024064
782759,0.178944
782769,0.001536
782797,0.01408
782843,0.02304
782867,0.09984
782883,0.060672
782913,0.57088
782940,0.021504
782983,0.016384
782987,0.001792
783016,0.03328
783044,0.009728
783072,0.02688
783079,0.06656
783115,0.056576
783144,0.001536
783147,0.11008
783221,0.017664
783270,0.092416
783328,0.075264
783419,0.395776
783466,0.016896
783484,0.102656
783600,0.003328
783623,0.043008
783630,0.04992
783644,0.002048
783718,0.091136
783742,0.018432
783818,0.140544
783866,0.025088
783929,0.007168
783962,0.022016
784097,0.023552
784156,0.02816
784165,0.152576
784214,0.031488
784227,0.010752
784267,0.027904
784311,0.004864
784444,0.010752
784487,0.023808
784629,0.039168
784651,0.004352
784659,0.041728
784807,0.019968
784833,0.090112
784840,0.145408
784883,0.04352
784904,0.038656
784943,0.00768
785002,0.001024
785048,0.049664
785062,0.002048
785107,0.002048
785120,0.01408
785159,0.027136
785162,0.102656
785197,0.066048
785223,0.007936
785245,0.023552
785262,0.013312
785372,0.000256
785407,0.04608
785445,0.01536
785634,0.013312
785639,0.027904
785745,0.002816
785748,0.06528
785810,0.062208
785905,0.084992
785917,0.002816
785979,0.000768
786022,0.000512
786036,0.019968
786067,0.06784
786094,0.002048
786205,0.02944
786315,0.004352
786345,0.137984
786357,0.276736
786448,0.060416
786507,0.005632
786527,0.00128
786548,0.003584
786574,0.009728
786599,0.007168
786765,0.001024
786813,0.002048
786865,0.050176
786889,0.023552
786920,0.019456
786941,0.036096
786945,0.02176
786965,0.206848
787060,0.077056
787092,0.0
787131,0.031232
787276,0.001536
787297,0.090624
787356,0.064512
787406,0.016128
787467,0.015872
787486,0.018176
787545,0.073216
787565,1.723904
787606,0.246272
787662,0.06528
787716,0.022784
787760,0.059136
787839,0.01024
787861,0.341504
787905,0.11264
787921,0.050944
787953,0.013568
787969,0.131584
788069,0.02816
788145,1.700608
788201,0.031488
788235,0.06784
788388,0.033024
788400,0.011264
788435,0.393216
788520,0.016896
788553,0.00896
788759,0.09856
788773,0.024832
788801,0.000768
788893,0.007936
788982,0.013568
789067,0.076032
789120,0.004096
789219,0.107776
789262,0.010752
789294,0.036608
789357,0.09472
789374,0.009216
789383,0.121856
789478,0.013568
789575,0.097536
789656,0.013312
789731,0.452096
789769,0.02688
789897,0.005632
789906,0.018176
789969,0.0576
790053,0.030976
790160,0.059136
790167,0.0192
790209,0.00768
790227,0.031488
790324,0.004352
790353,0.013824
790368,0.038912
790425,0.00256
790427,0.027136
790471,0.154368
790515,0.02944
790528,0.001024
790545,0.01536
790563,0.070656
790613,0.002816
790639,0.020992
790695,0.013824
790816,0.007936
790884,0.027136
790977,0.109568
791085,0.004608
791157,0.011264
791158,0.144128
791199,0.034816
791239,0.013312
791253,0.013056
791330,0.060672
791381,0.040448
791432,0.02432
791460,0.005376
791558,0.026624
791670,0.001024
791676,0.063232
791747,0.0704
791758,0.154624
791776,0.000512
791787,0.000512
791928,0.00256
791947,0.066304
791986,0.031744
792011,0.05888
792065,0.045312
792135,0.030976
792179,0.012288
792216,0.091904
792316,0.036864
792365,0.074752
792420,0.001024
792566,0.029184
792681,0.00896
792699,0.012544
792818,0.023296
792867,0.014848
792871,0.013824
792945,0.173824
792958,0.022272
792963,0.844288
793011,0.430336
793073,0.02816
793173,0.03072
793280,0.054528
793324,0.021248
793441,0.024064
793480,0.018176
793484,0.055808
793489,0.201472
793534,0.040448
793563,0.121088
793642,0.002048
793685,0.043008
793724,0.113664
793823,0.019712
793896,0.03584
793915,0.008704
793919,0.075008
794088,0.03968
794126,0.008448
794127,0.0512
794156,0.0256
794221,0.004608
794239,0.037888
794330,0.046592
794398,0.01152
794419,0.015104
794461,0.024576
794512,0.008448
794565,0.060928
794601,0.0192
794630,0.022016
794638,0.04608
794688,0.035072
794755,0.079104
794762,0.015104
794825,0.017152
794887,0.007168
794920,0.005632
794930,0.072192
795054,0.095744
795092,0.084736
795129,0.026624
795192,0.566272
795232,0.005632
795295,0.013312
795331,0.017152
795335,0.019712
795361,0.14464
795412,0.032768
795446,0.932864
795492,0.000256
795511,0.035072
795598,0.180736
795664,0.034048
795697,0.000768
795703,0.836608
795743,0.088576
795864,0.017408
795879,0.001024
795909,0.023552
795939,0.015872
795949,0.016896
795989,0.089856
795999,0.058112
796019,0.04352
796039,0.160512
796049,0.0192
796057,0.186368
796069,0.00768
796079,0.056576
796099,0.068096
796119,0.494336
796149,0.146688
796159,0.092416
796179,0.090624
796199,0.212224
796219,0.232704
796229,0.276992
796239,0.050944
796269,0.277248
796279,0.32896
796299,0.341248
796309,0.482304
796329,0.078592
796359,0.356352
796369,0.050432
796389,0.430592
796439,0.032512
796449,0.04224
796545,0.250368
796581,0.041984
796708,0.03584
796800,0.015616
796959,0.292352
796970,0.033024
797000,0.097536
797114,0.457472
797168,0.08064
797169,0.103424
797255,0.017152
797266,0.002304
797358,0.050944
797380,0.0256
797458,0.042496
797543,0.009984
797693,0.029952
797709,0.026112
797757,0.022272
797855,0.032
797957,0.004352
798081,0.009216
798123,0.00384
798165,0.049408
798220,0.070144
798244,0.034048
798321,0.059392
798329,0.004352
798348,0.018432
798364,0.036864
798389,0.009728
798516,0.045312
798533,0.10368
798608,0.090368
798632,0.029952
798766,0.01792
798791,0.017152
798844,0.161792
798908,0.151808
798945,0.381696
798984,0.071936
799091,0.020736
799136,0.006144
799190,0.003584
799198,0.41856
799231,0.085504
799244,0.040448
799296,0.003328
799310,0.021504
799367,0.003072
799395,0.032256
799408,0.014592
799433,0.005888
799546,0.049408
799557,0.005888
799559,0.237568
799656,0.108288
799696,0.0448
799811,0.037632
799872,0.018944
799966,0.08448
800040,0.056832
800061,0.027136
800100,0.071424
800163,0.192256
800203,0.012544
800224,0.077056
800286,0.087808
800309,0.00512
800360,0.165632
800440,0.026112
800496,0.006912
800507,0.017664
800628,0.029696
800691,0.012288
800693,0.010496
800732,0.09856
800737,0.070656
800762,0.499968
800771,0.00512
800844,0.026112
800867,0.055808
800875,0.114688
800924,0.003584
801001,0.025088
801125,0.002816
801200,0.004352
801276,0.211968
801354,0.123392
801359,0.090368
801408,0.010752
801501,0.009216
801535,0.14592
801651,0.003584
801769,0.015616
801798,0.337152
801860,0.12544
801958,0.022016
801985,0.066816
802032,0.008704
802110,0.00768
802129,0.048128
802195,0.004352
802297,0.041984
802441,0.056832
802446,0.012032
802499,0.010496
802545,0.013056
802556,0.002816
802575,0.351232
802676,0.025856
802751,0.0064
802905,0.025344
803023,0.002816
803083,0.00512
803157,0.078592
803221,0.015616
803245,0.009728
803379,0.020736
803465,0.007936
803504,0.022272
803576,0.032
803618,0.002048
803674,0.038912
803708,0.000256
803757,0.02688
803789,0.05248
803879,0.029696
803947,0.000256
804027,0.027648
804071,0.040448
804092,0.000768
804093,0.005632
804154,0.814848
804238,0.029184
804301,0.00512
804330,0.044032
804344,0.00256
804365,0.101888
804371,0.972032
804484,0.00896
804499,0.001792
804524,0.412928
804576,0.016896
804631,0.107008
804662,0.004096
804670,0.006144
804873,0.140032
804908,0.028416
804930,0.1216
804958,0.06528
804963,0.00256
805014,0.0576
805093,0.024576
805144,0.00128
805204,0.0
805271,0.020224
805345,0.002048
805353,0.100352
805531,0.059392
805562,0.017152
805611,0.044032
805752,0.027648
805797,0.035072
805860,0.04608
805940,0.056064
805976,0.038656
806050,0.053248
806130,0.053248
806157,0.035584
806160,0.0128
806197,0.151808
806240,0.140032
806312,0.04864
806349,0.017152
806475,0.022272
806576,0.0
806618,0.00768
806741,0.007424
806759,0.409344
806764,0.705024
806806,0.08192
806987,0.00384
807099,0.01664
807143,0.0
807200,0.022528
807253,0.028672
807271,0.01792
807293,0.048896
807321,0.004352
807337,0.064256
807355,0.006144
807379,0.044032
807436,0.036608
807480,0.04352
807510,0.011008
807560,0.01024
807564,0.13184
807617,0.01664
807680,0.046592
807781,0.007936
807873,0.02688
807907,0.013824
807932,0.040448
807946,0.124416
807960,2.03392
808044,0.032
808059,0.070144
808068,0.135936
808119,0.083968
808182,0.038656
808244,0.003328
808361,0.001792
808368,0.016896
808437,0.021248
808484,0.041984
808546,0.018688
808561,1.927168
808611,0.041216
808640,0.055552
808830,0.143872
808887,0.031744
808901,0.010496
808906,0.251648
808928,0.046336
809036,0.093184
809127,0.002048
809157,0.044032
809163,1.568
809217,0.016896
809325,0.057344
809396,0.030208
809556,0.017152
809594,0.063488
809630,0.064
809687,0.00512
809752,0.1088
809762,0.768
809898,0.018176
809937,0.002304
810012,0.063488
810032,0.336896
810105,0.000768
810273,0.01408
810277,0.06144
810357,0.019968
810359,0.626176
810435,0.022784
810484,0.00384
810488,0.012544
810526,0.01536
810556,0.060416
810592,0.006656
810686,0.001792
810718,0.068352
810789,0.002816
810797,0.279552
810829,0.029952
810958,0.016384
811001,0.038656
811159,0.009728
811164,0.043776
811224,0.01408
811464,0.029184
811557,0.286976
811655,0.067584
811668,0.017152
811716,0.124672
811788,0.035072
811888,0.014336
811897,0.128512
811941,0.00512
811942,0.004352
812055,0.02304
812095,0.004864
812101,0.052224
812188,0.09728
812202,0.07424
812227,0.024832
812295,0.086272
812324,0.003328
812365,0.09216
812387,0.026368
812408,0.144384
812427,0.02816
812468,0.216832
812505,0.039168
812611,0.003072
812681,0.012544
812723,0.001536
812746,0.04864
812762,0.059648
812812,0.058624
812827,0.041728
812865,0.001024
812872,0.104192
812893,0.147456
812972,0.00768
812999,0.005888
813015,0.272128
813080,0.05888
813265,0.022016
813270,0.018432
813300,0.041728
813325,0.056576
813345,0.040448
813361,0.00128
813365,1.334016
813517,0.013824
813525,0.13952
813588,0.022784
813612,0.020224
813656,0.159488
813765,0.006144
813785,0.093184
813831,0.001024
813841,0.024576
813853,0.009728
813953,0.015104
813957,0.122112
814032,0.01024
814064,0.142848
814113,0.013568
814128,0.164096
814256,0.050176
814295,0.027648
814341,0.004352
814347,0.029696
814419,0.022528
814471,0.204032
814496,0.018944
814505,0.004096
814517,0.0128
814545,0.14336
814557,0.296448
814634,0.006656
814681,0.003328
814720,0.020224
814742,0.016896
814816,0.066048
814884,0.046336
814924,0.03456
814988,0.03584
815076,0.007936
815150,0.056064
815165,0.240896
815168,0.016896
815191,0.082432
815443,0.02944
815536,0.002048
815587,0.038912
815624,0.005632
815679,0.003072
815745,0.029696
815759,0.046336
815764,0.41472
815927,0.00128
816027,0.132352
816101,0.068096
816156,0.061696
816161,0.073472
816209,0.01536
816308,0.020736
816332,0.018432
816345,0.094208
816351,0.0064
816401,0.122368
816505,0.040448
816551,0.067328
816597,0.043264
816825,0.027136
816885,0.058368
816932,0.012288
816946,0.170496
816967,0.125184
816994,0.033536
817085,0.024576
817105,0.053248
817126,0.026112
817216,0.01152
817260,0.016896
817278,0.011008
817333,0.297216
817365,0.084992
817379,0.004864
817433,0.072192
817525,0.014592
817543,0.0064
817557,0.125952
817559,0.00256
817569,0.063488
817622,0.032512
817749,0.09856
817785,0.006912
817812,0.032
817817,0.004096
817827,0.018176
817859,0.029696
817965,0.0256
818031,0.022784
818078,0.012544
818112,0.01152
818141,0.003584
818155,0.044032
818170,0.018688
818202,0.018432
818216,0.01024
818230,0.001024
818255,0.01024
818290,0.058624
818372,0.025344
818449,0.004352
818474,0.0512
818494,0.055552
818563,0.154112
818634,0.034816
818760,0.113664
818773,0.084224
818814,0.007936
818820,0.514304
818900,0.0448
818969,0.012288
819001,0.019968
819047,0.272896
819088,0.003584
819114,0.10368
819307,0.157696
819362,0.030464
819376,0.84096
819435,0.114432
819471,0.036864
819490,0.272384
819541,0.00384
819649,0.012032
819712,0.011776
819776,0.00128
819889,0.091648
819942,0.010752
819945,0.513792
820046,0.01408
820152,0.017408
820176,0.022784
820224,0.001024
820273,0.008704
820302,0.008704
820323,0.008704
820420,0.02688
820448,0.087808
820504,0.01664
820546,0.018176
820572,0.163072
820648,0.071168
820716,0.0512
820735,0.00128
820800,0.03072
820835,0.038144
820865,0.017152
820967,0.088832
821015,0.020224
821047,0.01024
821056,0.013056
821127,0.027136
821156,0.0128
821157,1.13024
821202,0.128256
821239,0.00128
821347,0.018944
821353,0.168192
821416,0.006656
821438,0.023296
821491,0.013568
821652,0.00384
821682,0.009728
821697,0.081152
821704,0.002048
821715,0.066816
821745,0.164608
821802,0.00384
821865,0.010752
821894,0.04992
821948,0.08832
821988,0.001536
822115,0.007936
822160,0.002048
822345,0.852224
822440,0.032512
822482,0.002304
822507,0.007936
822580,0.044032
822674,0.022016
822747,0.010752
822777,0.075776
822861,0.004864
822945,0.076032
822968,0.276992
822998,0.070656
823057,0.03584
823093,0.014848
823100,0.037632
823131,0.034048
823156,0.012032
823169,0.014848
823217,0.04352
823261,0.13952
823280,0.002048
823317,0.00512
823396,0.040192
823454,0.007424
823553,0.025856
823607,0.00384
823616,0.12416
823655,0.00128
823745,0.013312
823749,0.033024
823785,0.0256
823825,0.012032
823834,0.007936
824053,0.04096
824080,0.025344
824104,0.018176
824145,0.01536
824176,0.38272
824322,0.056832
824368,0.0
824463,0.028416
824488,0.065792
824695,0.002816
824707,0.057088
824737,0.041472
824757,0.089344
824761,0.948992
824765,0.422912
824827,0.090368
824914,0.024576
825007,0.089856
825068,0.03968
825225,0.036608
825247,0.007168
825319,0.010752
825356,0.04608
825361,0.023552
825392,0.566784
825459,0.018944
825567,0.020736
825628,0.002304
825669,0.01024
825723,0.004352
825777,0.011008
825784,0.01664
825815,0.017664
825829,0.06272
825881,0.005888
825956,0.226304
825960,0.100096
826031,0.012544
826047,0.086016
826114,0.00256
826316,0.009984
826347,0.02048
826367,0.016128
826407,0.0128
826476,0.017408
826506,0.004864
826557,0.077824
826571,0.002048
826640,0.027648
826700,0.025856
826720,0.08064
826758,0.023296
826875,0.021504
826914,0.003584
826994,0.02304
827004,0.023808
827041,0.003584
827151,0.069888
827160,0.004864
827265,0.04608
827286,0.149504
827321,0.088576
827366,0.02432
827406,0.040192
827444,0.000768
827487,0.018176
827534,0.029952
827569,0.000768
827616,0.072704
827632,0.022016
827662,0.018176
827745,0.01408
827760,0.020224
827867,0.042752
827918,0.017664
827984,0.00896
828012,0.63488
828047,0.062464
828073,0.016896
828139,0.018944
828276,0.149248
828310,0.02432
828345,0.068096
828376,0.01024
828416,0.000512
828427,0.010752
828469,0.00768
828500,0.039936
828618,0.579584
828695,0.072192
828714,0.015872
828813,0.095488
828824,0.007936
828901,0.042496
828921,0.009728
828961,0.012544
828987,0.009984
829022,0.031744
829048,0.017408
829060,0.211712
829130,0.011264
829135,0.100864
829276,0.096256
829317,0.004608
829377,0.045568
829433,0.011776
829493,0.00384
829498,0.29312
829525,0.025856
829637,0.113664
829686,0.679424
829763,0.004864
829784,0.03712
829809,0.003584
829883,0.015872
829932,0.024576
829955,0.059136
830016,0.045056
830039,0.032256
830068,0.001792
830105,0.012544
830161,0.003328
830162,1.670144
830216,0.021504
830271,0.025088
830313,0.0128
830359,0.01536
830382,0.02688
830465,0.127488
830517,0.099072
830592,0.067328
830678,0.016384
830701,0.032768
830713,0.008448
830760,0.529408
830832,0.038656
830894,0.026112
830921,0.013056
830975,0.023552
831029,0.105728
831041,0.770048
831168,0.178944
831250,0.004352
831259,0.028672
831296,0.111616
831339,0.017664
831355,0.010752
831366,4.18944
831521,0.024064
831593,0.04096
831634,0.007424
831638,0.049152
831655,0.038656
831675,0.005888
831777,0.049408
831821,0.000512
831886,0.013056
831909,0.008704
831925,0.008704
831999,0.067584
832087,0.0064
832099,0.008704
832118,0.038656
832135,0.02176
832155,0.014592
832261,0.01152
832284,0.005888
832407,0.666624
832545,0.075776
832558,0.165888
832688,0.038912
832711,0.02048
832733,0.143616
832822,0.04096
832848,0.012032
832853,0.022016
832871,0.027392
832878,0.009216
832920,0.012544
832977,0.0512
832997,0.087552
833051,0.060416
833062,0.019712
833157,0.10752
833158,0.113408
833283,0.05376
833416,0.004864
833439,0.070912
833491,0.01664
833614,0.004608
833652,0.010752
833667,0.003328
833705,0.01152
833745,0.086784
833757,0.05248
833760,0.06912
833765,11.844864
833892,0.06144
833940,0.009216
833951,0.12288
834020,0.0768
834093,0.05504
834116,0.063744
834215,0.060416
834222,0.012544
834233,0.067584
834253,0.030976
834327,0.356608
834402,0.05376
834416,0.022528
834576,0.047616
834596,0.068352
834624,0.12032
834720,0.046336
834921,0.016128
834966,0.356864
834986,0.328192
835070,0.003584
835075,0.002816
835124,0.02432
835164,0.03328
835227,0.014848
835243,0.006912
835287,0.050688
835295,0.008704
835327,0.029184
835396,0.136448
835449,0.014336
835521,0.00128
835546,0.000512
835558,0.398336
835636,0.01536
835644,0.019712
835671,0.006144
835695,0.028672
835724,0.036096
835813,0.001536
835830,0.023552
835851,0.000256
835871,0.008704
835950,0.005888
835993,0.11008
836007,0.061184
836065,0.001792
836141,0.034048
836156,0.01792
836164,0.12544
836195,0.009472
836283,0.045824
836324,0.012288
836400,0.011008
836486,0.089088
836494,0.42752
836717,0.017152
836724,0.009728
836758,0.06272
836814,0.17152
836977,0.085504
836982,0.004096
837027,0.003328
837032,0.049152
837149,0.14336
837180,0.036608
837234,0.005888
837268,0.00256
837274,0.00896
837362,0.011776
837396,0.920064
837519,0.020224
837554,0.001024
837585,0.045056
837616,0.29568
837648,0.02432
837697,0.00384
837751,0.020736
837816,0.041472
837852,0.02688
837879,0.059904
837902,0.012032
837921,0.134912
837945,0.04864
837952,0.032
837985,0.003584
837992,0.018432
838102,0.006144
838146,0.045312
838164,0.3392
838254,0.005376
838287,0.01024
838339,0.01536
838362,0.011776
838387,0.032512
838488,0.004352
838530,0.0128
838542,0.175872
838607,0.026112
838653,0.009472
838734,0.007936
838750,0.019456
838767,0.066304
838808,0.082688
838912,0.041216
838940,0.067584
839021,0.128768
839054,0.105984
839115,0.00256
839135,0.01536
839150,0.515072
839172,0.874752
839309,0.093696
839353,0.002816
839412,0.013568
839422,0.015104
839486,0.019968
839610,0.010752
839681,0.026624
839750,0.068352
839758,8.564736
840073,0.032768
840140,0.03584
840160,0.032512
840225,0.091136
840248,0.00896
840277,0.015616
840329,0.0064
840357,0.019968
840365,0.082688
840453,0.062208
840465,0.001792
840485,0.00896
840499,0.038144
840510,0.009984
840555,0.071168
840596,0.020224
840630,0.046848
840763,0.041472
840867,0.02304
840887,0.012288
840893,0.002304
840946,0.09216
840955,0.03968
841207,0.007424
841222,0.007168
841244,0.032256
841252,0.059392
841289,0.52992
841332,0.009984
841413,0.03072
841456,0.000512
841487,0.015872
841546,0.020736
841561,1.945088
841592,0.027392
841613,0.007936
841658,0.008192
841695,0.031488
841859,0.074752
841868,0.029184
841922,0.004352
842036,0.002816
842124,0.030976
842160,4.583168
842172,0.48128
842330,0.029696
842375,0.08704
842468,0.08576
842535,0.013568
842553,0.01536
842570,0.07168
842583,0.010496
842655,0.023296
842750,0.027136
842758,0.04992
842762,1.438464
842835,0.001536
842885,0.152064
842900,0.03584
842952,0.001792
843018,0.032256
843030,0.027136
843059,0.036096
843169,0.059648
843224,0.011264
843369,0.300032
843447,0.01408
843529,0.009216
843580,0.060416
843611,0.015872
843648,0.626176
843707,0.014848
843747,0.080896
843754,0.00896
843772,0.04224
843808,0.018688
843993,0.061184
844007,0.019712
844036,0.04352
844084,0.037632
844124,0.018944
844158,0.049408
844191,0.0064
844216,0.006912
844239,0.007168
844356,0.000512
844477,0.030464
844492,0.014592
844535,0.032256
844561,1.12128
844653,0.072704
844724,0.00768
844769,0.142592
844849,0.033792
844850,0.730112
844902,0.010496
844936,0.025856
844971,0.006656
845016,0.025856
845064,0.005376
845120,0.013824
845157,0.152064
845165,0.295424
845202,0.04608
845212,0.35072
845301,0.004096
845311,0.02432
845318,0.182016
845336,0.490752
845403,0.067072
845514,0.066048
845555,0.043264
845588,0.007424
845600,0.049408
845605,0.097792
845685,0.002816
845713,0.070912
845758,0.350208
845781,0.056576
845800,0.611328
845833,0.07296
845868,0.0192
845870,0.238592
845880,0.002304
845930,0.136704
845950,0.068352
845960,0.134912
845980,0.314368
846010,0.36608
846030,0.115456
846040,0.137728
846050,0.608512
846060,0.173056
846090,0.047872
846100,0.080384
846110,0.250368
846120,0.070656
846130,0.147968
846140,0.119296
846150,0.052224
846170,0.136192
846180,0.081152
846190,0.0832
846200,0.147712
846210,1.00992
846230,0.283136
846260,0.205568
846270,0.131584
846280,0.362496
846290,0.184576
846300,0.405504
846310,0.054528
846320,0.294144
846330,0.911872
846340,0.25472
846360,0.035072
846390,0.310528
846410,0.067072
846420,0.403712
846430,0.361728
846460,0.240384
846470,0.020224
846480,0.4416
846490,0.310784
846500,0.358144
846510,0.219648
846530,0.562688
846540,0.857344
846550,0.14208
846570,0.989184
846600,0.891392
846610,0.192768
846695,0.02048
846720,0.003584
846733,0.220672
846856,0.322816
846909,0.019968
846963,0.004096
846965,0.685568
847097,0.002304
847355,0.13568
847467,0.003328
847552,0.00128
847556,0.167936
847591,0.05248
847613,0.03584
847679,0.23936
847723,0.027136
847953,0.321792
848033,0.230912
848067,0.030976
848091,0.000256
848104,0.006912
848114,0.033536
848145,0.002816
848224,0.000256
848251,0.020224
848322,0.011008
848363,0.021504
848436,0.040704
848538,0.013312
848597,0.044544
848647,0.016896
848667,0.029952
848715,0.017408
848759,0.009216
848764,0.007936
848805,0.021504
848832,0.88704
848883,0.0128
848906,0.095488
849000,0.023808
849063,0.018944
849112,0.004864
849211,0.00256
849257,0.052736
849277,0.015104
849345,0.006144
849355,0.20608
849427,0.000512
849439,0.070912
849479,0.046848
849505,0.063488
849553,0.011264
849649,0.02944
849660,0.044032
849698,0.018432
849767,0.111616
849783,0.0064
849811,0.05888
849837,0.297472
849863,0.026624
849919,0.0256
849962,0.0832
849968,0.018432
850011,0.138496
850031,0.053504
850096,0.04992
850188,0.015104
850255,0.040192
850333,0.048384
850408,0.032
850424,0.014592
850433,0.009216
850453,0.002304
850563,1.413376
850667,0.00384
850691,0.281088
850743,0.00896
850878,0.004096
850918,0.049664
851008,0.009216
851052,0.0064
851092,0.002304
851105,0.021248
851119,0.006144
851166,0.349184
851199,0.0128
851260,0.006656
851283,0.047616
851398,0.00384
851437,0.01536
851451,0.014848
851488,0.075008
851508,0.026112
851520,0.06528
851538,0.017152
851551,0.0128
851580,0.051456
851662,0.082432
851698,0.003328
851756,0.223488
851802,0.041216
851876,0.0064
851944,0.245504
852007,0.016896
852036,0.078592
852042,0.038656
852129,0.00512
852160,0.003072
852276,0.006912
852345,1.84064
852363,0.627712
852418,0.004864
852538,0.064768
852569,0.01408
852604,0.013824
852700,0.011776
852706,0.047616
852753,0.76928
852780,0.034048
852881,0.002048
852892,0.004608
852921,0.066304
852944,0.118272
852957,0.214528
852968,0.457472
853026,0.029184
853056,0.036352
853085,0.008192
853109,0.018176
853148,0.03456
853189,0.003584
853245,0.027136
853313,0.162816
853347,0.00128
853354,0.036864
853394,0.105216
853421,0.016896
853509,0.003584
853530,0.11648
853561,0.048896
853739,0.027648
853764,0.145152
853915,0.048128
853955,0.081408
854052,0.020992
854108,0.053504
854134,0.057344
854146,0.04992
854158,0.153856
854162,0.382976
854197,0.103168
854256,0.041984
854480,0.012032
854580,0.02304
854606,0.087552
854679,0.012544
854701,0.020992
854714,0.002048
854746,0.10752
854758,3.84512
854827,0.000512
854851,0.02816
854914,0.004352
854922,0.02432
854978,0.083456
855045,0.018176
855056,0.012288
855119,0.006144
855171,0.028928
855293,0.037376
855415,0.01536
855445,0.28288
855476,0.08704
855503,0.158976
855588,0.007424
855613,0.0
855620,0.200448
855708,0.04736
855735,0.060928
855798,0.041216
855877,0.039168
855895,0.02176
855928,0.018176
855957,0.081152
855964,0.72192
856026,0.030464
856043,0.0128
856140,0.067328
856227,0.058112
856256,0.019968
856339,0.002816
856362,0.05376
856421,0.071168
856461,0.1728
856490,0.029184
856526,0.008448
856536,0.047872
856561,0.29184
856567,0.14336
856677,0.002048
856701,0.003072
856745,0.153344
856791,0.032
856906,0.043008
856939,0.016128
857025,0.047616
857075,0.025856
857095,0.068864
857145,0.015616
857150,0.000768
857182,0.03712
857211,0.184576
857255,0.045312
857293,0.029184
857320,0.043264
857356,0.040448
857429,0.042496
857455,0.018688
857540,0.0512
857556,0.045824
857619,0.028672
857632,0.011776
857703,0.01664
857796,0.047616
857808,0.038656
857905,0.006912
857916,0.038144
857936,0.00128
857993,0.216832
858025,0.00896
858129,0.043008
858140,0.06656
858167,0.010496
858210,0.067328
858220,0.031744
858240,0.165376
858280,0.12672
858300,0.05376
858310,0.074496
858320,0.052224
858330,0.279296
858350,0.42112
858367,0.08832
858379,0.378624
858410,0.168448
858420,0.019968
858450,0.457984
858470,0.4352
858490,0.3648
858510,0.557824
858520,0.610816
858530,0.354304
858550,0.414464
858560,0.416768
858580,0.603392
858630,0.035328
858670,0.008448
858680,0.005632
858748,0.058368
858792,0.025344
858892,0.02304
858930,0.006656
858956,0.167424
858974,0.050432
859015,0.02432
859115,0.017152
859229,0.011264
859230,0.002816
859283,0.004608
859295,0.005888
859306,0.01536
859368,0.009472
859390,0.047872
859469,0.00896
859536,0.148736
859582,0.025344
859655,1.872896
859725,0.020224
859760,0.009984
859780,0.08448
859843,0.02048
859912,0.01536
860000,0.00384
860026,0.019456
860050,0.034304
860060,0.045056
860105,0.23808
860140,0.003328
860145,0.14336
860200,0.00512
860210,0.000256
860301,0.000768
860314,0.008448
860347,0.003584
860353,0.107776
860401,0.171264
860467,0.001024
860567,0.01664
860614,0.047104
860637,0.072192
860660,0.113152
860704,0.126976
860727,0.01024
860734,0.014848
860756,0.107008
860758,0.02944
860822,0.076032
860923,0.022016
861010,0.048384
861115,0.020224
861141,0.000768
861345,0.009472
861363,0.011776
861380,0.060928
861433,0.018176
861444,0.025856
861498,0.018432
861571,0.92416
861650,0.065536
861698,0.003328
861754,0.005632
861765,0.073728
861893,0.032512
861949,0.16768
861957,0.391424
862021,0.294912
862097,0.018944
862114,0.020224
862120,0.004352
862216,0.030976
862268,0.028416
862364,0.014848
862428,0.12416
862568,0.111104
862588,0.242176
862658,0.065536
862711,0.015616
862766,0.001792
862770,0.080128
862825,0.00768
862859,0.099072
862937,0.374272
863060,0.002048
863073,0.004352
863130,0.003584
863163,0.103168
863187,0.097792
863237,0.016128
863256,0.012032
863319,0.013568
863380,0.019456
863441,0.024576
863527,0.015104
863615,0.022016
863697,0.283648
863740,0.037888
863756,0.538368
863776,0.819968
863875,0.008704
863909,0.05248
863932,0.006144
