100026974
99929238
100003216
99983095
100007534
99992509
100000998
99973063
99969692
100112618
99931720
99963666
100009506
99999843
100008838
100014855
99976443
100006039
99987052
100025253
100077044
99910743
99985153
100012282
100001609
100014776
99997025
99966334
100018679
100003845
100006217
99987933
99987957
100052552
99958661
100032630
99992170
99988567
99994176
100014598
99992825
99992338
99990897
100015186
100028623
100768491
99201164
99992858
100025098
100115754
99867154
100017349
99969112
100004043
99992309
100003144
100007080
99992220
100026957
99987362
100006420
99999426
99995779
99983704
99994163
100028371
99974849
100001373
100094426
99929925
100077025
99896938
99994644
100022109
100336131
99664834
99974234
100048048
99960149
100029237
99974740
100014676
100009065
100010973
99991393
99981512
100021840
99979029
99995092
99995252
100045979
99974719
99964806
100049234
99991349
99960270
100032436
100015869
99972870
99992475
100034597
99982019
99964041
100042872
99984727
99996561
100018485
99988015
99989270
100013059
99988751
100005959
99999752
100019815
99970818
100008691
100030918
99988885
99983867
99996984
100028722
99957188
100026574
99980459
100006695
99998541
100014285
99998719
99974892
100006582
100016726
99986496
99998839
100006729
100012127
99995628
99985500
99997841
100006178
99997394
99990720
100008985
99997643
100007400
99983940
100012095
99982591
100000060
99996807
100007204
99987600
100051561
99956459
100037526
100003993
99973046
100008800
100006314
100400089
99603191
99978207
99974653
100010365
100041453
99962923
100007258
100003521
100037325
99991849
99959608
100013352
100000959
99998543
99987122
99994346
100027068
99986377
100007945
100022819
99945001
100025769
100007547
99992940
100059700
99948340
99988412
100032028
99969351
100031491
99949765
100027613
100007674
100031007
99944747
100008100
100026994
100004895
99963921
100001117
100014808
99988554
100347665
99642601
99996035
100040645
99961731
100025337
99986680
99990356
100005908
99988706
100016384
100012237
99969808
100007867
100007018
99985494
100012167
100024586
99973095
100011127
99975673
100008861
100031798
99973992
99996433
100035773
99967109
100022234
99970419
100026982
99985595
100025513
99986183
100012755
100075886
99921145
99977331
100017834
99980859
100040896
99956737
100033917
100010524
99950359
100003793
100040270
99962924
100019424
99975876
100015357
100034118
99987979
99996799
99986257
99972394
100010434
100009233
99980588
100047040
99943461
100021200
99996949
99994366
100018292
99982704
100004094
100015485
99988130
100014269
99983718
99995386
100034168
99968543
100011777
99996045
100040519
99962156
100022608
99970397
100009142
99996128
99987283
100049491
99995080
99966889
100056279
99971317
99968528
100000977
99995372
100002545
99986982
100448130
99590349
99975715
99984958
100050090
99961113
100010422
100011643
100011100
99969637
99994726
100045995
99985073
99960455
100076222
99969080
99963946
100008869
99998687
100042693
100007792
99952356
99982527
100006008
99996888
100047668
99968356
100017282
99988406
99985995
99994323
100004383
100032406
99988582
99980616
100030038
99964686
100031673
100641829
99347807
99983784
99989227
100005351
100004691
100012022
99982436
100963554
99040406
100016816
99973990
100043283
99962015
99994114
99998322
100030575
100012713
100022658
99946487
99996738
100034267
100021151
99976429
99989429
99987063
100068950
99936762
100007096
100015335
99962823
100129436
99861893
100019700
100022767
99993670
100019421
100010087
100005415
99985275
100014865
100141812
99825720
100018083
100369278
99595043
100517561
99492192
99991707
100357676
99693271
99941695
99986937
100168048
99880444
99957051
100068533
99926304
100034090
100025830
99993148
99951410
100110987
99912176
100019912
99996966
99966521
100033930
99965629
100025414
100093500
100006626
99912904
99971613
99989203
100036445
99995048
99969147
100033527
100045057
99919121
100005992
99992864
100011204
100013890
99983267
100040359
99950947
99995933
100044363
99953174
100043164
99970201
99995200
100038999
100003225
99980921
99993280
99977039
100121262
99908095
99987502
100031413
99958451
99999940
100035887
99971601
100003526
99988426
100015966
100013653
99989450
100012829
99982827
100097776
99926962
99973034
99973768
100018457
100027797
99971851
100049830
99948624
100003239
99980828
100035164
100006916
99962475
100033130
99990222
99980602
100121744
99907134
99971280
99996520
100014267
100050804
99937089
100012023
100032003
100020453
99990070
99948744
100005388
100029226
99960084
100028829
100006748
99991089
99970833
100003204
100026632
99963532
100023781
99992074
100034175
99991491
99977062
100046827
99980908
99993848
99960149
100016531
100042288
99958317
99997634
100017708
100009792
99970529
100021087
100019331
99965286
100108682
99892193
100000704
100001686
100000151
100028700
99983519
99991980
99980834
100056422
99993205
99962002
100002024
100033395
99949807
100017402
100030011
99973989
99980294
100007318
99988567
100013273
99987269
100046659
100000751
99964152
100035563
99974258
99977955
100051469
99982279
99999503
100023420
99957046
100028025
100005359
99991955
100055451
99912609
99993735
100025911
100001379
99991342
99984516
100005337
100036593
100000496
99969979
100005465
99991755
100027749
99989230
100020382
99952563
100023758
99981488
100001253
100005512
100036798
99943219
100142295
99867582
100006841
99992027
100001178
100010690
99980857
100020145
100002199
100011493
99977012
100018024
100013713
99976838
100018998
100009351
99990716
99968743
100042712
99956019
100029541
99974008
100014814
99998849
99986604
99995762
100024957
99987645
99985961
100009352
100119117
99911794
99970243
99996732
100037537
99977925
100034416
99980105
100005737
99989098
99975221
100032617
99970241
99984416
100043237
100005320
99965913
100002653
100031542
99959292
100058151
99960687
99985889
100014808
100511393
99465810
100023782
99993406
99979433
100010829
100001709
100001459
100046868
99988808
99998390
99961204
100001730
100000406
100014256
100002758
100035803
99961195
99989827
99994822
100000298
100009167
99994064
99991139
100039213
99972665
100002587
100014658
99984285
100034902
100003172
99954889
100003829
99994796
100000245
100001177
100039772
99978271
100043357
99938642
100005401
99991303
100014631
100016442
99969485
100000121
100036797
99931767
100060999
99970905
99994551
100012282
99998354
100000684
99998477
100021512
99991737
99997994
99990236
100004419
100039059
99982000
100000859
100052986
99942534
99978309
100038573
99945736
100025429
100009153
100013944
99979372
100001512
99983428
100007594
100036465
99959351
100038224
99985235
100011528
99987284
99960287
100020884
99994391
100017414
100013909
99994059
99969039
99997651
100042958
99973540
99986587
100004722
100014874
100020880
100084254
99959890
99932486
100016691
99967945
100004619
100026161
99969519
100007111
99998616
99996961
99996330
100060492
99995936
100350490
99600819
100050511
99979768
99964150
100002570
99996959
99984038
100182988
99853435
100015253
99991195
99964129
100003074
100049074
99964400
100030934
99954243
100010300
100004609
100555003
99452225
99986274
100026667
99980267
99978572
100100271
99972174
99955284
100025377
100015313
99978065
99976838
99990668
100027712
99970692
100002047
100003991
100039145
99952404
100040509
99967912
100026652
99956873
100056384
99956038
100021502
99966473
100010278
100004245
100013319
99952923
100083426
99970716
100007115
99987217
99997271
99993483
100018976
100006151
100006058
99976158
99993939
99993466
100041859
99961730
100025028
100037908
99947379
99987555
100002099
99996767
100008631
99979542
100037985
99964177
100021253
99999222
99988912
99994257
100012972
100034730
99995585
99953184
100687827
99353986
99983223
99979202
100016906
99989825
99995730
100010796
99988793
100006526
100012874
99986691
100029674
100005297
99949304
100061469
100032809
99937024
100040318
99927052
100016962
100006069
100003455
100022400
100373021
99606727
99996023
100008870
100090929
99883495
100016609
100013714
99969578
100020426
99990014
99995978
100022202
100000919
100004716
99963643
99993750
100050981
99952205
100037555
99962519
100006741
99995892
100014277
99985685
100003768
100004614
100004494
99987844
99999215
99996122
100009345
100044096
99980894
99973487
100037361
99988095
99975119
100012236
100018270
100018374
99955934
99985053
100058489
99939742
99999712
100193245
99804278
100065078
99982418
99975445
100007125
100006974
99991134
100023693
99966213
100034544
99969643
100014616
100004021
100002697
100000991
99981790
100003246
99982706
99996159
100058495
99949348
100018302
99992543
99976858
100008364
100042400
99967141
100022654
99975484
100151814
99861467
100022454
99991757
99997520
100023424
99964933
100037851
100027642
99910536
99993385
100054339
99974455
100010475
99987560
99995073
99994460
99988635
100032539
99971255
100012030
100015557
100002907
99963398
100048629
99951921
100007313
100017748
100059284
99920865
100054278
99998782
99940251
99989902
100014378
100001373
99999984
100007347
100011455
99978691
100011554
100019745
100018011
99954203
100001797
100028217
100003030
100178364
99801426
99986506
99997703
100058616
99987311
99989761
99987948
100030950
100026721
99971736
99988185
100008194
99995578
99978042
100011109
100007540
100164449
99846942
99987814
99962866
99995739
100008642
99986773
100069716
99935016
100044176
99991160
99961917
100011329
99962238
100067341
100000715
99982605
100008850
100003964
99974483
100029914
100013930
99950855
100389049
99615532
100013381
99979663
99995947
100013793
99988063
100030187
99999782
100000880
99984501
99989629
100034588
99994390
99980522
100001565
99992922
100454460
99541036
100029669
100010175
100001981
99969320
100048950
99957418
99990403
99988724
100011749
99988039
100033680
99974489
100000502
100020851
99996050
100018730
99988709
100005996
99972792
100011183
100005717
100186225
99798993
99990531
100009068
99997334
100037626
99970125
100021012
99968101
99985523
100034293
100011048
99973105
99999110
99998592
100022400
99979231
100021597
99968549
100040661
99972891
99999536
100045611
99975636
99983703
100017172
99969837
99989886
100012653
100034950
99973175
99995153
99996582
100004082
99984257
100052129
99985926
99985563
100021819
100126595
99844165
100032416
99994305
99979126
99988642
99996520
100019893
100024651
100086821
100295798
99575038
99987526
100025979
99990459
99996364
100007260
100024082
100004713
99993597
99970014
100000114
100025374
99971801
100001306
100039874
100013875
99900187
100087417
99986885
99967498
99994565
100000266
100008158
99991938
100006404
100046907
99999884
99943767
100021458
100037226
99944319
100024820
99978998
100014918
99990974
100024375
99987583
100009768
99989464
100018366
100005067
100012782
99981371
99988494
99988875
99997286
100012202
99980498
100050587
99949516
100062249
99949653
100002750
100003905
99989089
100020670
100021303
99987681
99979226
100019904
99996508
99962200
100045710
100584917
99418452
99962320
100013304
100063692
99913315
100017756
99975776
100042433
99977820
100000970
99994875
99999818
100028938
100017192
99955656
99988922
100007890
100039668
99960524
100001232
100026032
99985661
100001553
99982359
100012846
99997819
99995579
100001046
100022801
99976797
100030773
100124554
99856566
99999426
99983642
100036326
99979580
99986697
100002150
100004781
99995031
100049060
99952613
100018692
99962343
100027436
99997475
100023503
99965984
100010223
100029054
99982478
99980544
100117055
99889166
100041560
99954978
100019735
99976515
100001260
100026753
100015405
99961798
99995933
100019175
99984238
100027699
99982554
100002525
99976773
100034091
99974972
100018326
100014192
99960773
100042716
99971449
100019505
99988197
100013572
99983210
100045561
100053633
99921200
99966008
100011810
99991669
100022295
100044205
99961441
99981484
99993914
100040006
99972546
99980741
100012643
99988331
100070526
99954162
99979293
100028255
100006333
100000349
99981030
100012004
100000879
100000957
99990290
99993666
99999132
100011230
100019275
100120936
99836429
100005098
99999423
100020251
99990206
100030436
99955288
100027715
99995459
99982026
100005774
100001935
99982757
100018672
99997124
100009507
100419408
99584780
99975368
99996507
100016990
99980733
100012555
100451752
99549349
99997722
100024651
99993062
99989236
99998852
100031560
99987965
99969014
100009119
100004636
100013512
100029461
99957961
99996603
100006836
99993033
100038260
99968516
99991977
100021268
99973566
99996038
99998474
100044772
99970681
99991511
100048965
99967031
99975127
99999107
100073531
99946169
100472202
99527077
100001465
100013414
99965168
100031395
99970854
100010910
100022178
99997374
99994866
99982566
100038420
99956298
100028075
99977387
100004905
99986471
100028195
99985634
100015830
100031188
99971471
99977735
100013419
100346202
99627044
100039763
99954871
100173112
99853671
99992502
100008854
100005762
99985381
100033480
99953504
100022091
100022441
100254442
99919534
99799683
99998875
99991789
99992667
100028568
100042564
99963588
100003250
100002040
99975549
100007144
100006418
100014713
100001942
99978298
99997534
100021214
100073376
99930137
99982681
100003714
100047230
99955133
99983216
100000302
100011734
100017090
99943014
100033310
99978889
100012732
100005597
100042454
99940309
100032500
100009682
99981633
100012728
100070042
99958337
100084764
99959760
99899431
100022350
99974226
100022322
99964065
100017495
100007133
100000305
100000351
99984888
100025021
99987334
100010408
100000992
99968995
100019388
100014425
99994974
100003065
100009873
99965610
100019719
100006938
99984734
99994836
99999198
100009466
99977432
100036762
99970325
100034591
99973063
99994306
100025100
99979042
100016559
100013271
99984183
100002287
99998840
100007762
99991555
99997977
100020695
99984801
99970058
100000450
99992743
100032767
99962110
100035175
99994636
100018902
100015458
99955788
100019917
100022757
99972580
100023712
99976540
100006730
99980906
100041443
99968553
100021862
99969735
100006186
100030966
99983751
100006230
99972398
100025092
99999715
99995981
100003675
99982998
100344840
99679781
99973075
100000786
99995427
100017266
99977685
99997969
100114780
99899401
99998981
100020984
99980842
100004292
99973099
100003234
100032124
99960844
100019776
99979133
100037423
100391582
99595402
99972656
100063831
99958625
100020250
100001278
99996602
100003210
100021365
99985623
100009889
99958229
100056516
99981415
99987874
99997531
99978147
100041417
99988605
99984090
100015395
100000404
100008097
99969500
100012249
100138197
99849590
100006224
100010354
99982523
100024687
99990734
100019875
99992258
100005190
100007720
100014844
99985762
99958850
100019151
100005091
99987568
100042478
99965683
100003951
99982936
100021771
99965284
100012338
99991745
100036092
100029731
99974978
99989081
100064661
99967010
99954901
99998912
100015187
99996418
99976194
99990403
100031650
100020559
100109725
99905291
100384028
99602462
100109837
99892675
100049410
99925257
100010413
100003231
100125878
99867232
100504941
99493605
99972401
100020556
100003767
99990972
99997162
100009206
100010218
100069241
99905458
100038655
99943251
100030467
99971135
100042649
99975431
99988738
100033425
99986720
99995470
99986704
100005191
100011032
99978719
100041590
100148124
99829694
100005636
100007692
99983591
99993719
100003903
100089307
99996224
99932413
100033221
99935833
100004113
100036249
99995778
99965540
100038443
100000605
99989983
99982708
100027621
99977352
100011187
99993605
100023280
99992435
99984162
100006549
99989567
100085060
99910390
100032533
99971897
100036483
99960490
100007805
99990758
100006218
99996484
100030612
99975618
99989352
100039295
99970089
99999780
100010367
100016474
99974908
99983416
100010843
100030039
99945517
100014112
100017916
99990493
100009705
100004265
99973876
100033712
100000682
99989063
100010314
99972211
100004484
100004124
99983688
100015366
99988142
100040623
99981875
100000642
100025799
99973413
100001343
100017935
99969923
99997873
100037780
99969933
100011214
99981589
100140213
99861757
99999812
100027113
99973245
100636309
99391441
99991247
99995912
100017075
99962814
100000271
99997277
100019749
100025349
99970376
99984465
100008559
100078677
99910006
100001035
99986140
100022981
100005662
99983885
99997201
100012507
99995158
100026797
99997606
99962254
100009268
99998278
100115965
99900112
100076200
99921751
99999630
99975655
100043785
99982193
100018600
99994502
99987765
100000633
100011623
100029487
99949711
99989337
100006477
100024342
99994794
100004734
99992337
99984789
99998711
100004898
99988140
100029953
99972609
100025391
99991550
99993657
100004025
100023144
99979484
99986775
100035339
99966485
100030263
99967706
100005972
100004965
99991414
100008785
100335360
99661317
100010347
100007996
100064789
99905293
100726523
99277995
100008945
100083126
99910479
100000618
100105157
99920372
100007238
99984571
99975996
100008260
100084494
99922006
99989456
100022188
99978709
100014915
100015179
99975557
100076200
99924628
100087705
99900640
100018370
100002263
99991272
99981089
100032699
100019934
99967615
99986459
100014864
100003945
100000926
100002926
100024730
99950702
100015580
99986338
100013909
100007491
99989728
100000818
100018155
99975582
100008845
99999922
100020401
99958789
100103849
99885470
100010479
100030537
100018248
99972783
99995895
100011459
99992699
100014276
100062544
99919283
100002880
99998334
100010234
99996815
99997422
99990195
100025838
99979709
99982842
100026259
99981646
100033789
99993936
99965282
100015322
100987718
100030715
99955052
100012925
99976106
100025774
100004826
100000500
99999945
99991028
100003517
99994843
99997042
100012311
99985265
100026555
99986721
99963387
100025789
100006173
99990427
100017613
99992975
100012650
99964520
100014071
100000660
100008320
100008790
99993457
99996738
100040667
99936026
100005514
100117612
99898821
99979520
100024228
99978102
100017134
99990524
100011223
99984914
100067369
99935491
100010832
99981195
100011073
99998012
100003444
100157409
99841157
99996211
100007852
100011840
99992919
100008073
99995575
99997205
99977577
100029286
99988875
99997985
99983399
100037664
99972133
100011074
100013901
99988665
99993739
100001047
99984262
99990072
100039351
99980766
100014455
100010401
99975484
100000350
99995148
99999102
100108315
99918756
99987666
99991759
100006675
100016261
99984266
99992408
100340422
100004847
99654701
99990321
100010389
100252658
99739083
100013432
99986736
100033367
99966464
100011869
99987412
100029059
99978472
99998193
100010450
99998145
100033907
99996538
99994260
99964516
100008807
99992105
100006590
100005802
99993121
99985757
100014529
99987582
100004359
100006246
100000753
100007859
100008369
100000176
99989347
99995954
100018945
99976422
100008893
99991624
100026317
99976502
100001096
99995233
100010588
99989849
100007599
99992936
100005435
99986704
100010534
100159525
99833409
100010968
100016957
99990315
99991506
100002271
100000582
99984925
100016549
99997883
100013127
99982092
100054478
99945425
100068446
99937505
100014871
99988377
100008804
99983515
100003220
100003486
99997977
100016311
100006042
99995241
99973066
100025338
99978085
99996480
100000211
100019276
99994070
100004305
100026005
99955368
100011134
99986839
100004955
100011418
99994991
99988667
99995414
100019176
99999944
99987085
100032378
99974482
100006185
99986859
100006037
100065454
99922068
100011506
99996863
100000525
99997672
99994004
100024704
99985287
100012962
99992007
99990960
100001304
99996514
100012709
100015458
99968081
100013667
100000298
99997784
99999645
99999457
100016119
99979803
99998445
99977517
100013055
100005910
100002662
100013764
99988941
100000567
100055234
99939081
100599639
99400959
100027873
99987502
99997377
99983190
100002375
100113017
99893106
99993816
100010907
99996290
100006744
100000262
99977549
100032210
99978532
100031995
99973243
100010082
99996401
99988860
100608656
99394240
99984590
100010967
100030764
99969094
100024609
99975018
100027543
99984746
99987044
100005153
99993563
100014830
100005180
99985484
100024598
99982936
99992977
99992608
100006312
100018988
99969893
100011806
100006495
100007035
99990334
100005974
99994622
99997245
99995750
100012248
100000458
99988855
100008640
99999928
99975160
100052738
99969901
99989642
100016231
99998956
99977749
100040326
99970356
100002982
99989491
100001675
100013550
99990807
100002810
100023482
99991392
99973655
100005665
100021987
99986092
99996570
100011570
99976380
100032747
99998285
100021869
99983697
100007989
99968306
100006109
100012755
99984118
99987458
100010119
99995520
100010245
100018916
99981842
100040156
100187761
99883376
99911511
100267101
99827798
99907072
100012291
99977311
99984940
100012093
99983657
100016575
99990403
100018866
99973104
100008107
99995688
100013650
99977980
100267680
99751126
99983904
100020865
99990257
100111179
99882155
100027406
99990751
99992826
100005974
99990410
99997746
100006592
99996531
99988862
100036957
99983957
99990429
99980677
100020126
100056236
99957397
99980291
99988730
100010112
100012002
99978468
99998048
99992303
100011858
100011401
99976872
100036205
99991489
99992868
100006900
99980863
100012080
100006071
99993184
99984196
100200143
100020097
99798906
99972244
100012159
100014131
100005945
100016351
99982252
100040099
99981408
99964250
100003871
100013690
99985096
100019747
100001026
100084075
99898723
100009260
99982848
100012031
100007365
99998130
100004294
99996636
99990234
100032016
99958637
100108096
99875358
100025744
100002616
99998968
100013414
99984949
100001364
100000191
100011425
99982461
100006412
99991106
99990551
100032726
100003528
99996386
99978934
100014271
100009623
99984356
99992274
100009361
100514390
99485708
99994034
99974011
100028413
100002261
99976712
100012819
100047131
99973936
99982047
100004653
100004654
100001385
99988223
100007385
100012745
100005168
99994929
100019416
99966649
99985099
100027380
99996148
100002351
100014582
99972447
100013952
99976984
100024132
99983039
100011287
100168577
99844530
99979565
100022282
99985777
99995214
99996642
100001014
99994480
99995174
100002876
99986320
100021930
99993037
100040396
99956619
100016193
99998235
99991583
99986354
100020329
100097463
99906792
99967673
100051308
99985191
100247465
99746933
100004554
99986814
100108281
99894868
100014485
99978777
100014529
99997210
99972649
100059021
99970665
99997504
99990453
99984789
100035022
99987362
100005448
100007926
99981816
100454689
99556713
99984728
100006768
100020094
99988777
100011802
99983718
100009084
99992127
99996515
100032239
99981900
99995602
99992201
100008253
100017915
99976038
100013457
99975450
99989601
100040036
99990336
100004365
100003145
99990295
99982588
100010649
100004617
100017328
99982540
99993596
100000910
99993450
100037757
99975898
100025070
99993996
99986863
99998465
100019953
99986375
99991595
99997649
99986965
100022052
99979337
100004335
100006626
99984739
100005429
99995400
100008605
99991306
100000648
100018229
99985982
99993510
100013108
99991623
100099209
99877960
100015584
100011865
99990795
99999142
100009984
100006259
99997559
100087521
99946738
99971419
99994343
99997037
100012551
100043767
99946421
99984976
100012123
100012048
99988708
100059005
99924498
100031971
99982032
100002975
100009906
99979933
100113762
99939107
99963188
99982320
100093395
99929910
99990752
99991758
100002451
100027463
99969852
100000017
100011310
99998335
100003435
100004073
99973402
100031433
99983081
100051838
99954300
100004158
99984954
100006160
100007893
99996634
99993738
102064849
97934244
100002600
100009864
100004431
99989901
99999635
100007518
99981062
99993700
100007200
100002522
99992721
100021545
99964640
100042874
99973061
100016874
99999847
100012486
100913996
99086893
99982169
99992356
100016482
100015318
100071687
99960971
99945915
99991915
100015453
99993081
100016720
100005819
99982778
99963562
100029122
100021156
99976908
99994124
100011298
100002249
100008278
99979784
100004942
99988761
99980033
100024244
100011279
99967894
100001318
100001598
99995125
100020918
99988268
100043186
99959099
100026393
99972741
99991949
100119066
99910196
99968947
100030313
100003366
99994683
99984602
99982765
100021562
99963753
100021982
100014688
100006662
99981707
100003022
99995241
100019422
99996411
99987407
100029641
99993802
99994037
99980830
99996629
100006478
100013215
99990786
99991231
100004313
100019836
99999236
99995518
99974810
100627230
99372763
100018992
99998235
100009333
99968011
100013916
99998219
100006780
99996743
100037160
99949798
100011003
100002589
100026277
99983496
99999905
99994063
100146858
99921625
99934190
99959758
100028684
100010453
100004344
99982612
100011302
99989304
100022027
100000923
99985924
100004311
99997458
100010578
99984335
100045702
99961643
100002987
99991173
100001869
99989503
100015379
99971860
100032854
99983983
99990972
100026536
99983573
100017274
99998898
99997338
100012303
99956316
100030568
99986427
100004683
100067971
99956775
99987660
99994108
99996423
100006189
99978287
100009453
100018931
100002429
99985729
100004621
99988933
100033122
99974794
99992118
100000775
100008062
100003787
99990830
99992870
100021553
100041206
99936582
100005768
99996303
100000714
99998652
100029768
100080544
99887210
100001571
100021346
100014755
99948076
100038599
99994882
99977554
99998242
100016910
100034435
100642874
99308212
100027549
99992914
99999820
99999909
99995967
100007388
99979566
100115431
99923384
99978751
100017374
99971075
100041665
99974729
100004866
99982074
99989939
100014449
99999768
99993139
100005924
100108926
99963191
100000841
99927338
99991994
99995334
100018610
99981047
100064688
99953310
99996488
100010447
99982603
99984265
100028622
99968562
100028617
99984603
99989887
100006688
100018378
100029713
99960486
100107216
99890904
99995838
99993726
100012247
100006994
99997403
100004270
99987856
100012841
99975290
100008173
99995950
100045925
100004413
99972042
100002699
99983805
99996177
100006913
100077194
100026105
99967492
99937213
99999091
100005944
99987753
99988824
100022559
100043245
99958230
99996323
99974309
100022666
100068299
99906594
100025719
100047327
99966723
99968205
100004426
99989312
100036702
100032078
99972488
100078085
99912568
100010458
99986641
99997782
99978687
100080495
99952517
99997097
100020406
100032130
99971820
100514957
99494617
100079159
99896696
100001789
99984415
100111432
99886429
100003905
99989860
99983306
100013625
99990543
100002493
99991829
100001252
100022260
100010389
99979987
99991644
100622132
99385660
99989950
100073642
99935921
100000409
99987028
100007700
100005720
100017354
99964121
100012822
100025909
99989330
99989113
100004198
100002026
99992439
100022723
100010441
99987670
99995152
100027515
99951389
100010519
100006873
99979366
100022049
99992399
99987849
99996445
100009637
99995694
99992051
100021097
99998766
100015584
100002212
99964013
100010841
99991493
100017830
99983242
101194554
98815552
100046231
99965659
100007109
99981244
100014465
99985707
100028655
99988955
99987539
100012995
99986128
100015731
99973059
100016934
100062887
99920193
100015360
99992436
100009988
100404334
99584490
99989637
99998228
100018416
100005867
100010553
99982630
100005476
100059672
99939863
99981663
100018277
100009032
99985566
99986332
100000086
100010246
99994939
100004406
100014344
99979143
100007349
99988573
100008679
99998909
100017494
99988733
99998916
99997515
99991360
100016882
99979565
99999569
100012351
99986255
100018058
99999434
99991426
100021073
99988542
99988557
100014623
99989549
100004443
100043632
99965423
99974881
100004847
100045789
100072711
99904050
99988579
99991745
100014946
99992018
100006837
100004815
100012037
99963907
100035144
100043246
99784242
100020547
99995934
99986974
100004142
99992273
100016822
99979832
100012006
99994546
100104180
99918541
99984182
99993279
100068603
99954601
99983805
99976563
100010438
100004903
99992285
100004428
100001790
100051839
99959942
99995815
100009319
99981298
100004060
99998485
100010438
100002682
99985409
99999715
100001195
99999313
100017586
99969516
100024569
100005557
99981219
100001383
100016928
100072141
99913875
100407137
99647939
99967961
99997251
99993645
100002452
99997460
99997294
99998916
100026427
99963474
100021256
100136336
99862689
99995917
99962630
100032747
100014253
99996542
99993988
99985829
100246165
99776471
99988878
100007737
99993384
99999680
100002632
99989776
100008290
100006755
99986432
100003198
100000774
99988954
100020937
99981524
100089435
99938705
99998567
99969659
99988051
100031822
99992380
100008504
100036618
99956628
100101251
99907643
100000068
99980464
100009736
99989378
100012178
99990411
99981526
100025362
99986971
100020991
99988887
100009394
100002010
100004062
99979064
100014924
100001982
99995989
100010856
99989976
99992080
99992381
100007463
99995855
100051053
99971462
99988148
99980750
100015167
99985558
100005131
100002825
100001052
100017675
99989652
99981687
99998895
100008022
100019802
99979758
100017747
100001564
99995105
100096054
99898934
100327750
99685110
99984101
100016078
100002829
99988475
99999617
100003131
99992314
100079596
99932754
99974000
100025598
99991685
100014645
99997549
99989874
99986317
100020680
100005858
99993872
99991787
99999244
99998712
100028690
99957944
99992217
100035580
100044163
99926183
100006538
99989880
100015946
99979795
100068521
99954906
99978062
100003599
100029644
99983344
100017550
100023075
99974262
100003491
99986338
99989872
100067320
99957887
99988504
100009333
100008254
99975223
100031620
99971507
100044709
99956680
99980984
100023193
99988573
100004753
99995466
100004393
100057605
99949048
100013963
99974729
99993460
100015126
99990186
100001325
100010068
100000883
100003407
99998341
99976894
100014275
99985566
100020295
99993121
99998085
99981826
100042303
99978765
99991403
100026219
100008252
99982345
99997349
100000138
99992710
100011590
99989923
99996869
100023609
99983203
99996481
99994069
100004034
100002306
100008921
99995717
99989821
100067432
99937495
99992018
100029629
99985659
100007526
99994989
99988258
100043910
99958739
100372133
99642745
99996711
99983630
100010639
100014290
99980227
99996140
100008914
99999287
99981383
100027726
99994948
99995984
99990512
99998770
100022269
99980898
100025419
99985241
100053303
99935022
100012305
100006727
100004263
99999605
99983154
100019669
100096172
99878994
100030887
99986818
100000068
99999671
100001186
100007490
99973176
100001500
99995515
100028388
99980552
100030982
99975314
100001908
100295880
99719796
100705854
99406622
99863894
99990525
99996071
100016930
100013443
99983286
100002306
100005423
100017185
99993735
100007797
100003651
99999526
99998084
100017170
100004987
100009719
99986912
99982575
100045724
99965403
99982815
100005563
100013100
99992223
99968811
100034157
99983069
100012346
100002313
100003988
99994197
99994490
99997056
100012703
99991125
99991415
100019961
99997915
99990675
99996342
100008327
100014093
99989994
99983352
99996226
100004926
100019964
99991598
99989345
99992962
99997405
100040742
99968444
100027272
99990397
99980514
100002494
100016740
99954881
100029270
99995136
100008868
100001350
100000583
99991776
100013412
100049893
99916412
100023634
99982721
100006976
100004646
100002143
99995030
100018055
100002713
100019564
99988921
99974870
100084188
99929491
99998235
99939198
100051908
100021802
99985794
99989939
100011464
99993144
100012574
100004487
100022537
99968606
99990147
100021559
99969340
100004247
100022291
99990529
99984414
100002561
100001784
100996978
99009898
100009170
99995583
100039693
99949330
99996212
100024383
100190676
99798377
99996585
100022054
99997914
99982616
99984894
100023741
99992276
99991768
100015354
99985752
100002890
100014806
99955598
100015181
100015718
99991015
99993178
100013433
99996494
99994684
100039316
99972872
99990694
100007461
99997396
100004974
99988681
100031791
100013911
100061736
99932863
99968897
99996241
100020063
99983543
100005916
100012161
100358756
99719871
99937557
99998984
100306931
99769278
99925991
100006770
99995090
100058411
99954919
99985346
100035124
99961111
99969292
100005691
100007270
99992378
100017206
99973464
100006776
99999192
100009369
100003579
99976129
100032229
100046968
99919573
100015292
100023879
99957310
99998944
100023410
99997669
100015280
99976909
100001934
100002884
100027288
99970073
100317016
99680755
100005752
99991008
100019959
99995313
99983921
100010551
99972695
100035256
99985336
100074011
99932955
99995490
100033731
99959062
100001680
100018410
100022245
99953470
100023197
99993131
99992765
100027641
99967299
99978790
100043974
100005317
99970219
100027154
99971419
100017682
99978811
100030993
100014523
99985123
99988528
100004092
99987186
100006093
100006775
100012343
99975210
100084647
99909091
100023135
100049593
99938531
99999885
99999441
100008035
99969003
100033564
99983973
100005787
99999674
99994406
100005001
99990569
100019633
99980229
99992418
100008796
100024917
99976307
99988511
100059309
99974627
99978286
100012730
100011158
99978901
100027323
99990168
100004158
99977563
100010715
99956745
100023734
100017089
99998917
99997961
99985587
100012881
99995295
100036931
99983123
99975692
100012382
100002797
100009600
99998370
100149106
99834299
100008895
100019549
99965252
100033811
99990466
99973803
100089351
99931161
99991596
100014862
99991552
99983207
99986327
100026613
99988827
100029753
100213997
99776715
99984695
100004986
99996524
100001245
100014321
99994338
99996545
99998107
100014841
99995587
100007417
99976012
99985137
99995384
100009372
100017795
99987871
99979928
100021096
100014893
99988414
100004278
100001957
100006946
99982451
100008736
99976988
100244140
99758602
99993618
100012463
100008837
100003134
99996720
100005148
99995402
99992236
100029795
99986659
100015808
99970350
100001001
100007455
99985020
100019841
100023462
99969162
99997598
99997074
99998469
100014959
99988852
100006633
100007330
99999742
99991599
99997971
100025522
99984832
100009824
99968461
100022383
99989239
100011579
99979012
100226509
99767907
100047711
99977043
100004346
99986312
100010179
99983530
100013833
99999329
99993054
99997667
100001558
99988557
100010152
100000836
100016755
99967671
100003309
99992706
100024441
100013796
99943575
100468491
99558228
100016989
99986893
100012145
100010917
100002324
99979025
100003312
100011184
100128384
99854178
100161085
99864623
99982134
100040903
99947547
100010324
99996707
100080130
99915839
100019189
99999704
99992244
100000881
99979786
100314448
99712485
100233423
99777500
99979389
100011566
99987370
99982498
100022334
100001430
100000723
100012825
100918209
99057518
100006619
99991669
99988750
100024342
99997466
99999973
99991618
100012345
99992762
100007507
100002317
99985248
100002005
100017915
100002743
99988277
100004704
99986569
100027645
99963205
100000156
100003152
100003940
100003203
100007645
99993432
100003548
100000842
99983114
99996950
100014458
99990336
100018824
100026070
99978658
100015926
99964816
99989772
100005234
100006842
100007652
99996494
100013828
100000055
99977871
100032155
99982162
99987013
100011301
99998975
100018856
99989141
99983871
100025398
99971168
100015895
99973588
100041619
99963888
99999496
100017813
99989240
100006989
99983489
100037728
99975432
100024513
99968061
100010559
100140895
99843076
100042167
99975578
99995896
99993178
100015430
100000087
99993064
99983034
100010495
100027265
99996377
99973100
100009855
99995430
99996400
100021471
99997374
99991968
99993581
100007779
100648450
99372293
99991141
100001832
100039333
99956934
99969721
100031349
99990195
100010363
99972538
99996409
100010526
100062537
99929555
100018952
99989569
100005215
100003119
99999459
99990553
100015300
99995158
99990601
99976882
100070006
99962897
100000202
100043436
99962816
100040706
99970308
99971339
100024157
99980592
99995036
100010409
99999244
99982278
100003997
100009577
100006211
100053726
100024934
99929787
99989293
100020709
99971389
100013715
99987182
100001910
100056854
99987366
99964066
100047023
99976793
99985191
99990830
99992614
100006350
99993024
100015474
99999982
99995972
99983145
100020576
100015947
99973040
100000615
100009054
100041209
99972581
99976359
100008514
100016235
99982919
100009208
99997554
99992454
99984779
100014064
99997165
100042743
99956190
100003777
100000136
99992231
100034300
99979116
100002793
99985473
102819348
97201632
99978775
99986069
100008670
100026107
99980788
99995231
100008070
100012025
99970745
100026048
100002659
99994308
99978769
100018613
99998301
100006128
100116641
99888223
99990090
100019911
100001265
99994158
99977937
100008426
99995285
100026214
99974831
99993445
100012852
100014955
99984001
99988252
100022043
99992310
99984896
99993678
100026090
100023225
99996889
99960969
100004229
100006140
100011650
100301083
99690619
100009489
99990741
99970413
100013643
100038051
100018508
99966009
99990830
100011398
100039553
99958230
99982366
100007584
100037841
99947888
100062116
99957925
100010546
100002211
99992336
99992947
99990157
100014167
100001924
99983972
100023126
99974177
100070201
99988383
99953874
100006149
100011139
100000561
100001759
99980961
99987053
99996845
100003933
100039350
99948587
100019626
99991261
100001018
100021396
99980675
100021177
99980138
99982526
100016509
99996056
100022291
99975276
100015605
99978987
99993193
100030905
99985576
100000706
100005041
100005971
99998745
100012904
99994248
99986432
99994624
100465620
99536935
99995402
100004766
99985578
100029105
99995046
99971516
100009282
100001816
100012016
99980644
100023337
99992079
100032728
99952099
100099135
99934316
99997240
100007122
99993066
99995542
99976596
100041137
99994628
99960105
100059323
100049675
99934340
100037655
99971134
100054706
99943894
99980854
100396601
100102556
99512088
99970435
100063953
100036376
99904795
99994171
100016371
100109182
99867405
100024236
100082474
99974519
99934154
100007234
100015243
99982722
99986946
99999165
99994471
100029904
99969270
99980885
100037719
100012874
99975658
99991126
100007870
99988623
100015720
99986238
100134425
99885035
100018501
99987935
100012262
99968609
100024909
99973042
100003162
100001085
100006740
99992202
100010773
100002766
99984882
99994078
100018572
99992538
100046430
99964290
99990116
100090505
99913718
100002041
100013774
99987121
100001065
99991983
100019156
99989610
99994548
100005708
99998505
100020770
99978996
100003886
100006516
100006584
99984630
100008593
99990166
100010596
99985976
100007136
100000988
99997050
100006010
99980487
100016603
99955135
100055158
99973578
100004637
100080138
99925011
100045234
100021618
99934726
100014825
99975015
100006056
99994736
100018157
99999630
99981906
99992734
100067026
99929149
100016382
99994973
100017498
99971251
100031641
100023764
99959248
100032780
99987779
99982757
99988744
99988201
100020442
100049003
99956902
100022787
99987574
99982127
99996368
99998764
100000363
100015551
100054971
99917641
100023023
99998346
99994729
99987029
100070177
99930442
100024522
100026843
99971284
99980253
99999545
100012039
99985573
99999153
100009735
99998955
99999815
100006359
99979747
100062506
99964255
99988074
100012786
99997729
99989348
100019735
99980358
100010943
100006122
100000652
99974486
99993968
100009357
100010170
100010183
99988961
100007215
99999415
100010937
99975714
100008079
99996302
100009453
99997160
99998806
99993727
100005136
100008973
100000323
100005339
99987052
101045794
98966397
100010250
99977433
99990588
100003399
100030967
99964673
100006256
100004820
99992353
100008452
99994786
100012473
100114133
99889075
100030463
99964126
99995825
100042467
99955832
100012970
99968852
100024839
99993329
99996497
100011186
99979131
100026190
99990642
100008703
99977881
100223992
99788409
99992680
100001831
99989845
99999645
100012611
99996479
100017344
99972922
100033801
99986441
101121299
98871410
100011031
99996703
99990543
100005896
100016213
100012727
99980694
99978374
99991828
100063628
99951690
100140836
99868367
99995684
99993901
99996105
99972057
100053519
99980947
100027005
99968251
100010616
99989337
100004673
100004056
100005200
100001674
99984079
100002675
99984910
100010683
100056938
99934388
100017524
99989135
100017647
99982835
100000973
100000212
100071234
99988115
99936938
100034691
99961582
100012878
99997131
100016551
99987367
100033660
99972337
100053342
100031084
99916189
99973837
100037143
99973739
100012329
99986225
100022442
100048680
99946597
100068178
99922664
99981709
100005879
100030937
99984301
100079250
99909161
100019865
100013303
99967530
100007857
99994817
100017509
100001823
99983711
101225574
98785413
100008391
99990181
99982952
100003611
100028829
99960867
100019894
99983229
100021144
99986884
99992314
99991862
100026008
99997601
99986740
99991265
100011001
100036090
99978580
100024799
99955530
100035807
99974602
99993564
99996541
100026458
100001173
100009438
100004193
99965306
100004424
100060925
99941614
99976342
100022725
100010266
99988801
99981414
100029074
99982625
99996991
99993643
100025128
99996947
99991086
100018467
99988790
100008187
99973489
100015183
100016166
99989896
99999075
99985506
100014704
100013408
99967299
100016898
99989813
100000240
100017962
99989326
100008789
100005921
99976172
100010103
99990856
100004646
100004716
99996075
99999567
100022419
100017567
99966430
99965293
100038625
99992725
100008733
99980797
99985236
100036589
100041708
99948365
99978671
99999940
100078110
99952844
99978399
100019316
99994779
100011539
99991584
100004260
99990680
100009691
99970728
100034668
99980844
99992025
100008452
99993676
99991064
100017067
100743537
99272942
100056043
99927362
100003662
100012249
99986344
99989099
100006217
100019276
99991409
100010153
99987422
100003712
99996823
99998169
99990363
99994323
100012614
100031805
99967085
100010418
100005274
100038155
99963765
100040472
99962049
100001841
99985020
100090828
99926086
99983411
100011780
100084808
99936787
99966055
100020944
99973715
100033819
99994165
99971317
100082183
99911606
100018596
100001541
99992181
99995315
99992248
99991351
100020081
99997713
100007558
99994673
99984606
100004659
100002602
100126716
99875694
99984603
100012826
99992364
100007348
99998814
100006670
100009273
99984610
100003303
99996151
99979148
100018958
100005862
99993975
100003334
99988863
100024344
100123417
99879338
99980452
100015133
100000910
99984814
100003659
100003064
100025795
99984928
99974072
100013809
100000975
99983118
100027237
99990400
100018314
99988713
100008720
99968631
100050048
99968161
99985736
100011351
99994113
99991701
100003934
99992575
100020307
99988650
100001822
100015989
99975502
100076069
99959724
99966856
101074846
99012759
99927519
100000621
100081869
100223214
99701777
99979566
100011188
99983824
100017528
100066642
99949952
99986996
100000982
100033569
99962978
100008530
99994840
100026637
99953582
100025593
100014330
99972387
100006284
100880694
99169271
99954778
99997201
99985539
100003621
100020882
99970322
100013710
100002390
99977430
100013841
100073318
99952621
99990501
100073808
99911024
100024851
99978221
100000728
100006798
100001839
99993038
100010832
99984066
100359897
99664791
99986643
99970180
100028942
99982283
100010138
100002785
100004227
99982960
100023492
99998740
99993403
99992631
100016863
99997055
99986135
100018588
100296334
99691821
100021893
99969304
100096656
99911871
99978620
100569500
99461674
99983739
100009948
100006240
100006620
100062966
100034894
99939947
99969463
100119855
99899962
100237566
99718266
100008388
100029634
99982903
100001188
100071683
100362171
99554607
99972018
100022679
99998656
100004483
100120612
99894016
99971888
100003092
100031654
99978834
100006077
100014324
99961331
100021656
100077777
99937128
99984297
99994337
100215268
99888362
100046566
99856298
100054392
99963098
99986913
99993374
99986524
99982923
100033555
99988039
99993901
100020948
99981660
100009884
99991626
99993193
100124619
99927209
99969014
99991633
99996320
99996837
100033206
99967330
100021154
99992973
99976678
100002403
99988360
100021231
99988850
100022535
99989192
100015753
100016990
99961351
100003067
99990898
100000462
100076604
99922797
99999926
100022392
100247614
99965969
99776030
99995794
100021627
99978109
100021294
100004848
99971648
99987011
101470078
98555514
100023083
99949539
100010295
100043274
99961986
100015519
99987165
99993204
100016098
99985516
100026244
100030109
99946788
100003054
100016211
100062091
99932606
99974089
100012679
100118038
99897361
100013039
99973189
99996654
100002999
100019464
99940833
100050646
99994709
100007878
99991848
99974832
100035663
99975380
100009283
100034759
99969836
100003647
99956210
100035274
99993629
100007173
99983606
100002517
100007323
100008189
100013523
99972849
100005178
100247484
99807384
99982991
99967462
100011553
99991902
99985410
100008757
100039202
99966491
99995953
100001706
100094743
99900717
99987951
100004968
99993495
100022614
100018139
99965698
100695469
99335097
99978276
99991614
100008944
100092620
99921495
99985698
100064584
99998132
99922777
100033154
100081628
99886178
99999986
100022419
99992307
99997197
100013237
99978525
100018229
99987786
100039364
99978406
99988743
100016765
99994383
99976925
100032811
99981398
100009305
99989462
100080226
99912546
100073409
99920369
100054640
101751330
98230296
100376430
100171467
99423206
100001310
100032088
99977189
100467628
99523937
100000818
99992191
100078275
99950318
99975636
100052265
99966202
100017167
99977372
100012955
99985803
99996059
99987122
100126442
99908539
100018541
99954743
100021216
99978493
100014975
99985943
99996769
100016530
99975182
100017669
100004561
99977865
100014614
100000613
99996232
99988154
100015311
99991151
99994982
100020529
99994083
99984922
100005406
100010020
99993703
100012325
99982448
100005169
100025991
100045980
99929586
100019859
99989675
99986998
100014679
99988582
100030462
100369944
99593950
100172607
99938085
99901299
100002101
100002819
99994168
99980868
100060625
99998169
99979352
99991054
100001896
99991800
99985768
100002855
99992007
100003142
100048512
99969415
100007322
99975190
100031279
100087144
100186111
99690404
100001152
100027295
99994980
99982198
100009633
100003920
100001619
99989110
100020720
100015073
99977112
100728757
99263803
100029052
99959045
99997056
100014789
100075644
99951444
99969769
99978442
100044393
99967718
100006600
100030392
99980176
99988570
100166410
99953585
99880051
100022041
99988078
99998403
99988709
100011943
100012338
99979712
99986108
100009380
100006245
100086216
99907658
100009793
99973031
100035540
99992507
99995042
99982757
100005479
100001584
100005340
99999033
100000580
100007991
100011597
99988324
100004461
99987372
99992622
100017449
99995468
100019788
99989417
99968916
100023740
100029455
99975423
99986948
100003525
99996745
100074355
99928248
100003342
99993244
99995594
100038835
99980407
99995133
99995780
99999091
100013850
99992347
99991115
100000520
100008152
100002431
100022025
99961775
100020148
99980776
100009865
99982609
100017720
99985691
100009997
100017124
100000558
99988166
99994530
100007917
99999432
99996307
100008612
99991158
99994141
100004997
99996997
100002660
100006524
99994762
100006169
99991040
100004084
100005039
99998457
99983916
100014712
99990538
100009788
100005330
100112808
99864625
100019107
99978642
100032602
99965940
100036883
99976676
100011144
100012126
99986055
100073711
99920458
100003379
99999046
100046490
99942478
99993358
100027576
99975396
100020002
99988494
100283399
99721153
100001800
99999897
100102374
99930226
100211463
99763637
99994305
99970300
100027682
99981068
100066876
99955226
99979752
100009082
100027105
99982338
99989267
99999330
100002543
100003480
100001938
100003151
100016474
99963782
99993647
100020484
100004732
99999559
100000907
100003764
100005063
100009865
99981372
99977965
100032430
99977733
100005214
100211601
99814853
99991043
99986855
99999940
100015839
100031118
99946334
100044141
99968587
99986142
100010911
99997487
100126451
99967606
99921755
99992972
99982115
100000929
100005942
99981974
100030382
99978246
100021549
100001633
100065133
99894428
100022514
100000615
100017490
99971233
100019286
100096226
99894094
100010790
100009033
99991345
99990800
100007306
100011670
99990313
99991250
100021879
99983206
99984939
100029897
99987990
99978601
100031636
99987716
100058430
99948859
100007522
100003562
99976612
99987440
99997930
101672843
98385323
99980555
99964377
100015286
100009306
99988858
100020418
99988252
99984610
100040031
99955644
100016137
99993273
99996389
100013196
99999431
99995474
99987198
100005814
99988702
100000833
100003458
100009973
100004492
99986285
100016314
100216952
99793517
99967097
100013578
100003812
100033224
99944986
100037745
100049541
100014992
99919574
100012936
99996069
99997546
100006313
99982695
99979019
100058079
99968252
99999729
99988694
100000090
100012035
99995468
100000231
100000950
99985297
100027326
99960802
100022889
99983457
100022372
100005402
99977407
100305764
99712884
99990634
100009736
100020638
100005423
100063681
99917493
99997101
99989250
100014817
99993207
99965415
100084668
100191001
99784069
100399400
99597631
99997734
100451805
99788758
99853361
100043031
100063397
99881114
99908446
100003408
99990916
100001066
100014416
100226314
99762363
99988249
100003472
100029151
99968605
100004527
99998895
100062486
99973116
99968239
100000673
100039708
99941837
100017531
100009346
100040271
99958673
99987920
99992030
100018362
100028127
99957067
100043601
99974066
100000575
99995550
99987052
100028805
99972519
99987144
100021000
99983717
100004641
100065808
99949402
99991305
100007657
99987161
100014575
100048576
99927662
100230828
99804500
100053915
100270558
99664060
99994633
99983791
100070743
99932071
100034886
99968843
100007886
100019635
100037778
99950248
100073365
99982897
99964657
100109079
100016398
99812912
100039213
100022134
99984242
99990391
100005650
99988664
99998550
99996804
100003522
99987698
100021656
100042828
99940042
99990796
100025632
100026599
99969368
100001577
99995437
100003363
99981836
100027945
99984002
100022167
99976345
99987379
100081050
99931774
99990202
100022567
99985366
100005832
100014907
100009283
99980312
99994493
99996410
100001921
99983635
100026692
99991346
100054574
99950371
100000461
100004372
100005291
100123505
99858455
100008066
99993881
100017003
99987515
100008113
100002922
99995547
100003589
100007433
100133125
99823546
100029755
100005631
99982667
99993558
99993900
100005106
100133963
99888901
100021280
100070924
99918079
99975318
100073572
99941781
99986894
100005350
100003685
100022397
100010108
100060119
99917175
99990973
100610088
99395079
99997361
100070376
99909569
100024544
99995897
100032197
100016749
99943277
100003013
100028042
99976457
100071850
99913395
100005956
99987394
100003139
99997341
100005673
99986432
99991122
100028672
100016263
99984612
99994139
99985345
100015073
99982664
100025632
100005007
99991305
99979887
100052651
100039560
99940623
99987095
99989954
100032311
100006278
99962333
100211232
99796288
100014561
100004348
100022781
99987494
100056915
99928387
100012135
99961725
100014470
100010141
99997288
99996526
99990067
100011462
100011343
99992465
99995838
99992494
100013893
100263107
99714900
100019391
99986758
100030231
100099656
99855791
100003967
100030208
100048650
99928132
99988658
100028017
100045461
99989838
99950592
99991668
100013741
99977998
100004575
100013734
100003006
100053804
99944185
99977625
100031732
99980722
100010366
100004181
99998486
99995245
99993034
100027730
99979942
99972603
100026847
99985132
100011828
100005167
99980867
100003783
100020028
100001301
99987183
99991948
100021095
99981986
100035726
99971619
99992617
100003662
100022491
99989162
100000478
100007800
99988175
99981296
100024521
99989212
100018481
99971593
99997795
100042376
99974482
99990131
100012598
99989872
100025419
99971401
100000745
100001471
99997089
100022005
99988766
100026786
99972339
100014540
100041675
99927662
100022176
99999899
100011867
99968865
100003411
99996339
100013296
99988482
100001708
100035609
99956819
100033966
99978803
100018368
99993280
99992145
99984159
99998045
100026466
99981988
99996974
100014495
100000598
99971161
100017865
100012313
99979991
100020933
100026681
99989595
99990966
100015271
99971327
99989346
100003419
100018137
99973076
100025944
99987034
100045182
99970167
99975288
99998997
99984609
100034027
99984602
100004443
100029834
99974049
99990800
100014941
99990064
100012624
99996173
99997884
99995099
99992547
99994675
100012850
99983856
100014829
99982928
100052640
99974533
99998177
99994022
100232462
99751953
100004355
100018249
99969685
100063389
99947683
100126056
100032906
99839262
100016276
100013228
99969585
100027795
99987916
100017889
99983758
100002375
100016333
99977832
100050751
100066675
100010138
99884780
99986597
100793878
99210072
100010722
99995472
99998491
99983030
100006628
100030269
99958760
100030319
100250780
99730939
100017645
99983387
99998755
100008173
99974944
100033087
99989396
99990176
100012341
99986369
99990445
100017582
100004994
100014577
100007304
99975551
100010151
99977222
100012846
99996164
100030562
99974944
100007673
99980339
100008437
99982919
100027175
99987156
99994343
100010988
99992484
99995759
100007908
100010408
100012077
100014335
99966712
99992218
100002620
100006893
99990842
100010782
100012993
99981095
100105734
99894853
100001825
99999609
99997291
100005910
100005545
99997334
99998270
100138880
99843118
100010194
100014724
99989079
100012205
99976986
100087780
99920839
99995206
100007793
100009231
99994098
100007329
99993121
100013107
99999815
99988035
100001794
99993627
99999452
100021854
99985716
100001863
99986754
100063188
99931471
100007539
99996771
100006845
100041453
99955475
99984351
100016543
100000161
99999987
99996782
100006608
99988029
100003566
100001362
99984554
100020138
100034475
99949475
100044120
100020365
99967568
100012132
99977456
100017284
99984708
99999514
99994147
99995204
100074675
99927962
99988282
100013671
100025411
99976000
99998919
100017618
100175267
99851947
99982874
99960735
100004009
99992434
100005365
100015609
99997581
99979394
100012260
99999802
100004825
99981221
100019747
99991973
100027669
99966722
100010980
99994477
100003657
99991763
100008087
100007744
99987656
100003700
99979684
100016852
100023499
99980565
100010524
100000887
100014474
99985352
100010424
99989723
99999858
99991340
100020929
99968631
99998155
100016192
99996874
100068344
99926166
99997874
100018704
99987495
100001827
99990433
99978882
100035493
99948982
100038070
99998866
100018213
99990687
100027031
99974445
100007706
99986895
100022985
100027852
99945936
100018462
99979965
99991490
100026120
99990439
101062256
99076427
99931056
100276205
99662837
99986880
99987828
100041771
99981049
100009599
100013832
100085640
99905072
100250905
99781928
99966302
100300902
99772056
99975503
99951619
100128305
99864836
100026837
99987917
99998785
100000261
99961049
100023624
100008332
100000154
99972387
100018542
100010647
100080965
99911967
100028230
100026438
99933935
100059861
99977384
99969477
100015263
99995522
99970354
100020657
100090163
100432719
99993601
99495685
99957496
100079706
99947725
100001873
100006838
100013425
99968939
100003296
100012581
100012877
99981675
99985756
100014155
99993371
100000389
99988680
99995263
100026430
100006004
99982215
100026698
99969542
100079906
99911039
100020676
100053219
99921642
100021914
99994295
100100807
99904102
99993596
100085307
99912514
99997723
100019951
100011962
99985810
100044981
99998954
100080893
99932057
99961226
99996394
99969626
100002132
100006445
100006127
100110028
99883777
99988128
99996219
99990343
100017758
99996937
100013176
100009580
99965556
100036481
100001141
99963986
100012048
99996670
100015023
99980122
100054164
99959877
100237422
99784542
99978099
100035666
99957192
100000835
100003461
100009147
100014058
99985660
99977671
100009101
100017184
99980387
100040754
99954840
100012856
99979883
100004065
100008745
100006225
99991686
100012073
99990296
99988747
100006794
100000242
99998756
100027910
99982217
99987005
100028152
99969534
99998332
100118398
99899927
100030062
99965092
100041982
99954417
100021603
100114560
99859265
100001346
99988562
100027167
99996012
100017054
99997862
99990451
99991061
100019211
100011260
99977636
100012986
99963739
100005198
100006666
99993715
100015095
99979669
100055838
99957587
100435208
99568729
99982560
100025143
100001307
99984393
100015970
99974838
100006369
100139040
99837625
100029331
100011657
99993327
100047078
99977842
99996761
99964788
100016590
99981143
100012605
100034871
100010477
99949038
100015116
99981618
100042496
100134807
99839446
99983887
100000585
100002734
100007792
100004352
100005849
99981406
99994085
99997054
100035439
99992200
99977494
100003991
100015311
99995763
100064723
99933166
100004630
100075311
99925415
99981748
100018275
100002991
99996530
99989447
100030641
99990393
99981489
100022980
99973916
99996604
99992134
100020250
99990877
100005750
100026163
99970222
100002604
100059015
99926910
100018324
99999757
100030133
99983289
99972124
100006715
99990949
100018898
100010541
100012026
100250865
99720693
99994733
100021649
99997259
99997548
99994664
99996528
99998398
100006935
99992084
100001278
100013474
99970658
100032568
99967542
100023254
99967111
100035420
100012910
99988625
100000415
99976470
100007583
99991173
100006355
100004426
99996926
100020139
99995856
99993026
99995704
99991442
100008879
100017659
99983419
99986340
100056637
99947762
99988718
100023521
99982353
99996969
100014560
99974927
100125985
99916032
100019837
99969217
100014137
99994612
99968970
100033522
99993907
99993274
99988635
100025286
99957659
100051264
99976086
100001341
100004127
99997372
99983836
100006270
99999598
100009744
99977784
100019878
99999202
99993744
100018354
99976690
100026759
99993388
99982591
100010478
99992741
100003017
100016334
99992093
100016784
99980469
100002809
100001341
99993073
100004365
99984857
100020689
100003932
99983322
99995027
100010516
100011510
99973303
100014742
99989002
100014645
99994595
99994377
99996274
100023490
99965407
100030946
99984013
100004997
100016318
99978531
99994757
100015679
99989919
99970125
100029500
100009814
99991078
100022530
99981996
100022852
99980876
99986487
100009737
99991868
100014698
100003173
100001872
99976913
100017365
100032712
100377132
99571315
100005517
99998869
100008368
99984326
99984136
100021560
100111548
99910146
99971653
99985218
100024999
100054504
99988061
99966023
100001084
99980333
100014157
100003049
99995951
99991006
100009392
100013035
99976886
100025289
99987522
100006954
99988325
100013419
100063466
99928302
100023758
99956116
99992018
100018114
100011133
99994222
100007120
99992120
100019111
99977078
99998777
99995788
99985645
100016497
100038100
99960442
99993142
100023639
99989799
99992346
100009291
100019193
100088609
99885849
100003210
100003021
100029391
99959840
100099361
99917679
100038747
99935864
100058438
99976624
99993535
99979662
100029141
99964631
100017339
100009786
100001951
99963397
100045872
99977409
100006802
99989695
100012123
99999034
100012391
100003934
99970197
100019028
99993676
99997045
100085691
99932639
99982178
99987171
100008519
100315883
99762069
100038296
99899065
99983651
100093380
99871695
100051266
99990249
100001961
99985054
100008151
100005974
100000011
100017887
100006439
100011625
99956745
99988429
100016032
100017516
99979198
99987683
100011399
100002340
100012951
99964098
100027312
99997879
99997123
100005671
100000940
99994850
99984465
100058360
99958053
100003858
100000747
99999543
99996878
100013740
100007622
99997753
99982480
99992033
100119755
99931718
100028989
99914995
100016660
99990976
100002186
99995235
100011423
99990592
99999959
100004330
99981536
100072116
99947159
100085791
99894216
100021276
100072056
99913221
100001274
100011485
100007701
99978266
100054403
99992582
99950233
99998862
100088214
99932440
100001178
99985871
99998447
100013648
99997818
99983405
100037374
99974715
99990486
100000868
100008022
99993341
100022182
99999040
99999716
99993295
100012823
100003625
99965011
100001605
100001935
100007197
100010110
99982151
100021301
100027268
99971112
99984359
99988191
100008343
100260818
99810903
99923911
100014431
99990936
99974398
100042058
99973636
99999782
100003141
100017153
99979462
100026534
99982560
100015953
99993828
100061500
99937687
100017267
100019790
100061688
99921171
99998863
99987649
100002590
99994327
99990759
99965310
100080445
99994221
100075734
99907417
100212273
100102875
99681992
100006760
100957003
99067446
99986590
99974671
100014334
100002037
99996393
99990401
99973572
100022615
100004508
99979454
100002961
100055802
99952738
100071983
99978439
99943712
100012344
100028051
99947828
100009344
100007392
99998773
99976622
100026721
99996930
100007447
99967763
100035454
99980557
100007614
100012095
100028502
99982879
99993969
99991242
100001589
99992488
99994158
100015799
99985664
100003596
100006790
100006741
99981516
99995438
100012619
100030748
99979047
99997078
99995518
100011558
99988831
100010918
100015450
99958842
100006752
99988150
100031412
99988765
100027760
99971673
100000071
100014878
100597084
99404742
100111268
99885419
100087231
99895366
99984007
100005496
99998611
100010226
100012369
100020017
99986118
99979460
100045538
99985444
99968792
100031049
99968239
100013482
100266945
99774212
99960761
100004963
99967664
100011902
100011831
99996977
100003723
99994838
99983440
100112368
99893536
100000342
100016331
100019404
99974275
99992916
100001090
100029991
99972548
100019945
99998354
99972914
100018010
99969595
100018345
101197069
98820977
100000404
100023876
99965264
100081424
99927230
99990453
100029159
99980020
100058182
99905678
100024478
100017428
100004949
99968893
100033368
99978164
100013311
99972543
100018103
100042834
99957475
100013928
100000236
99999027
99987696
99993902
100001469
100022430
100012745
99941810
100041024
100016955
99969909
100003271
99996451
99977075
100007673
99982542
100019642
100010965
99975091
100039187
99975577
100014331
99971989
100035758
99994700
99976908
99995052
100024704
100012211
99964834
100041514
99975889
99982801
100015560
100051998
99970625
99983217
99984349
99992646
100016665
100017567
100002007
99961469
100026176
100002539
100023353
99958065
100004099
100021294
99976516
100006945
100221042
99764175
100017807
99991441
100007890
99992720
100007271
99993178
100017094
100017038
100063031
99925776
99978102
100054336
99955102
99982023
100016452
99992500
100019174
99985457
99993284
99997044
100065545
99958671
99981422
100001957
99995247
100006243
99997637
100013158
99962349
100007926
100066939
99935222
100025839
99991695
99997862
100006688
100287417
99695401
102097264
97916855
99985584
100100855
99930593
100049778
100054880
99885496
99980396
100040343
99960373
100013452
100011373
99986907
99987676
100055724
99934351
100019964
99995077
100011773
99968513
100016417
99990904
99996521
100009624
99991371
99993211
100028699
99965270
100016712
99989553
100106929
99913739
100008684
99995841
99999025
99996940
100006232
99997647
99990512
100022187
99959223
100035617
99969542
100024499
99992302
99995381
100042383
99961153
100009703
99998886
100000053
99991815
100009873
99972004
100026567
100080328
99916548
100006841
100001860
99982864
100006336
100010420
99986359
100008840
100007555
99993314
100043030
99944790
99998942
100010267
99985151
100002102
99992190
100003904
100027823
99994869
99983810
100011618
99998539
100004921
100039731
99925667
100020603
99966305
100033203
99985583
100012531
100020863
99991050
99992911
100057543
99951663
99987765
100011508
100011545
99982300
100001392
100016186
99985417
99983376
100002961
100025997
99971940
100044505
99974109
99994306
100010022
99998413
99985867
100047131
99993295
99967861
99999492
100025302
99973085
100033738
99951574
100032543
100009285
99999492
99974881
100004650
99988740
99992370
100009795
100002661
100014082
99999712
99967749
100020402
100019462
100004256
99980889
99997864
99988367
99999718
100027217
99992001
99979746
100026992
99972406
100022203
99993333
99981710
99994288
100026108
99977445
100011749
99997539
99991688
100005446
99999720
100002876
100002313
99997609
100018394
99976356
100012740
100018516
99982503
99971033
100007569
100002821
100000592
100009428
99991579
100037047
99987304
99974682
100003553
100003115
100011264
100012806
99986332
100016649
99968672
100016668
100006221
100002426
99993600
100002740
99979048
100020145
99996934
99977942
100006811
100001456
99999238
99998821
99988765
100122721
99897463
100008523
100019130
99986372
100005442
100012666
99962770
99989312
100025657
99979513
100018864
99998211
100006661
99995303
99979652
100011838
100011899
99991122
99975743
100026135
99976481
100038770
99975805
99995849
100015658
99996789
100027474
99975900
100013002
100043815
99970834
99963950
100022177
99975004
100005702
100006504
99978482
99998465
100008051
99994023
100017609
99982580
100008711
99988811
100007147
100008585
100009757
100005787
99986845
99979322
100012109
100014813
99984323
100004302
100006040
99993919
100023522
99985943
99981045
100019893
100013791
99948163
100097889
99928552
100012521
99989051
99992616
99991267
100020272
99998953
99993651
100150866
99837745
100007009
100001806
100067330
99924263
100014549
100013648
99974224
99997793
100016733
99991901
99999629
100005991
99997162
99990436
100012884
99985231
100010871
99997207
99996249
100020736
100003992
99989335
100002979
100004780
99998827
99980873
100018257
99992175
100019970
99976517
100700445
99304974
100073589
99949289
99966192
99992375
99984475
100031529
100003581
100002319
99977223
100038878
99963495
100006644
100068452
99968500
99965369
100018494
99976473
99978956
100030014
100000960
99999195
99995625
100281507
99721024
100033053
99990851
99973642
99993842
100030243
99971199
99995913
100039030
99971636
99982257
100077968
99938583
100080523
99936842
99992247
99986817
100073844
99935941
99989452
100055033
99947490
100015188
100001080
99988722
100005131
99996460
99978444
100065958
99949956
100002147
99998091
99993876
100015186
100015874
100004281
99994320
100060597
99949304
99986668
99982910
99993883
100007414
99997464
99984003
100032554
99996209
100062856
99955025
99983985
100002790
100022280
100017997
99992831
100005786
107961113
93556442
98481547
100113787
99871824
99979371
100010437
100032179
99960423
99988122
100000075
99989661
100047617
99949921
100011506
99983997
100014005
99987502
100018468
100013923
99992983
100000806
99969684
100022158
99988644
100015302
99994509
100007103
99994298
100046968
100023489
100063936
99870145
99991270
99992584
100016815
99987350
100072401
99940793
99997983
99985749
99988084
100094805
99898271
100058240
100046970
99985415
99933398
99991402
99997831
100001374
100011361
99998864
100002785
99988506
100004504
100058773
99936261
100004930
99999028
100007577
99982459
100014154
99978288
100015357
100017696
99968029
100023973
100003883
99989844
99989822
100010987
100005575
100055519
99934102
99984104
100039310
99984571
100015633
100247933
99726008
100011776
99976322
100011264
99991413
100085640
99927312
100022259
99976680
100005925
99977485
100019298
99990827
99997610
99992270
100026423
99993564
100008827
99997496
99998626
100009488
99962365
100048438
99971215
100059707
99963427
99978018
99987356
100009711
99977792
100010908
100013514
99986815
100013854
100062014
99944427
100008866
99999381
99980928
100017767
99959201
100052754
99969924
100047574
99968187
99953080
100048268
99982836
100006752
100012695
100002606
99977703
100014449
99995118
99969380
100008949
100017519
99986034
99998549
100124398
100032636
99871130
99993358
99989318
99992255
99987444
100025871
99978898
100001248
100005430
100008089
99994735
100006317
100004252
100004412
99982778
100025119
99987069
100113703
99876057
100028028
99988974
99992715
99992566
99987803
100020917
99968346
100027140
99981639
100017478
100032948
99983661
99988638
100014626
99961218
100002846
100084560
99946029
99989033
99992898
100010207
99990553
100012223
100006551
100005603
99972246
99997782
100017618
99990834
99988236
100024337
100009221
99971516
99998001
100025248
100006388
99988058
99988338
99989380
99991369
100028833
99984342
100002897
100002987
100012012
100000960
99991580
99995970
99991185
100080321
99925047
100021224
99977687
100024790
99986033
99996052
100002531
100004306
99996271
100015734
99972919
100011599
100010884
100014121
99980094
99991985
99987755
100019932
100076110
99920441
99987149
99996478
99989114
100018957
100004957
100000639
100013855
99969619
100000265
100012139
99991666
99999693
100006329
100012035
100014358
99970943
100020023
99986241
100011659
99985869
99987283
99984285
100024773
100024854
99979592
100067408
100104158
99995571
99835815
100005422
100221658
99781669
100011117
99998727
99983919
99998653
100012291
99998333
100006711
100033339
99948183
99988352
100051329
99959616
100005942
100021540
100044290
99922748
99992165
100026711
99974182
100015922
100006622
100022977
99987936
99974399
100043631
99955241
99992189
100012887
100005482
100085806
100159897
99747050
99996556
100028842
99998766
99965852
100001286
99997585
100036523
99994080
99992322
99974204
100026640
99983715
100020830
99971171
100004202
100009112
100023316
99971079
100002107
100001517
100015081
100004868
99989455
99994735
100070895
99962626
99961509
99995303
100006151
99994035
99998879
100013042
99984763
100017849
99989583
100015709
99991318
99995318
99991570
100062420
99954721
99981532
99999211
100554339
99446811
100054691
99955641
100000690
99997590
100011005
100018030
99975094
100022913
99961677
100005989
100005739
100001246
100000957
100089194
99938434
99980860
99982633
100016403
100017751
100117443
99851700
100020265
99982390
99983577
100009126
99989991
100023289
99977421
100036804
99968240
100027435
99989125
99986826
99999878
100032201
99986913
99975881
100058950
99959132
99979593
100017903
99998540
99996216
99997057
100082333
99905549
100066706
99937032
100013959
99998778
100004631
99994726
100032921
100016952
99944951
100167084
99870286
100006301
99973487
99983169
100006335
100036602
99961666
100006073
99982868
100022347
99991808
100013991
99976452
99990605
100007840
100014051
99999250
100015370
99984325
100001638
99999751
99993220
100008821
100055594
99947702
99982112
100013526
99991531
99987372
100031588
99980130
99980867
100033738
99985832
99988200
100057930
99968401
99998826
99992690
100213741
99776724
100014121
99973038
100012775
100005635
100002345
99997197
99991594
100004334
100004192
100002546
100011031
99974653
100001541
100012767
100038097
99959016
100021093
99986110
99969277
100023132
100001138
99991992
100028558
99948998
100060067
99987161
100004838
99980437
100000954
100014294
99991392
99975083
100063404
99957895
99995804
99992377
100017390
99992936
100000845
100088424
99901093
100010359
99980736
100014000
99999941
99998940
99996220
100004947
100005944
99982861
100038855
99975598
99994767
100577439
99419513
100015491
100018429
99967175
100001397
100011854
99986022
99991083
100003632
100004947
100012758
100286899
99703255
100009042
100014046
99985346
100000963
100008075
99990362
100008551
99976048
99994355
100010163
100001314
100021043
99992211
100000381
100006106
99975814
100008476
100003996
100037256
99961539
99998191
100005967
99973017
99999256
100014056
99990660
99999628
100001655
99998882
100012567
99996772
99989960
100004726
99984725
100029720
99980552
99990468
100008196
100012665
99986368
99995700
100000228
100011695
99992598
100018523
100022636
99957534
100001170
100383341
99655946
99980941
99983978
99995797
100032214
99990273
99977780
100234109
99783791
99982719
100007087
99993009
99996512
100000761
100003919
100008293
99985639
100027267
99995684
100058031
99928009
100000092
100000049
99998089
99999208
99990324
100002996
100043015
100082374
99907703
100051754
99942576
99982235
100031452
99958860
100018349
99983886
99983977
100037944
99996331
100008602
100114226
99898904
99978308
100266091
99723354
100067222
99963914
99996480
100062151
99925646
99989428
100019910
99970721
99990415
100072166
100420742
99515947
100012995
100060602
99918359
100080420
99947359
100011722
99969315
99994870
100001419
100025183
99969087
100012259
100002046
100018304
99978684
100000899
99992584
100007725
100016341
99977412
100018350
99980234
100029252
99978566
100027712
99967688
100000037
100004528
100008405
99995394
99994811
99986481
100028019
99999617
100021565
99967057
100006897
99997260
99994471
100002241
99996654
100003270
100011009
99989830
99983464
100071616
99946208
99990803
99994259
100005042
100012162
100019001
99974962
99990996
100025939
99993815
100018331
100024961
99956015
99996495
99991995
100014196
99985752
100018262
99981054
100002511
100006508
99978828
100005873
100031245
99974560
100001670
100001913
99988672
100012209
99998168
100180110
99829352
99980535
100009938
99992194
100011220
100006009
100010379
99967774
100014064
100001170
99997381
99981555
100009029
99996080
100001483
100064634
99942465
100010183
100004178
99996796
100011071
100003445
99962833
100000756
100005865
100000968
100024145
99996569
100000732
99980206
100010504
99988615
99990727
100032488
99995681
99990541
99992187
99995583
100008410
100003578
100454147
100057252
99490312
99993304
99989518
100004263
100058906
99963495
99989573
99992018
100001286
99997125
100001788
100028413
99966661
100193685
99815953
99994144
99993606
100008004
100015854
100001206
99974019
100005438
100016350
99989599
99992348
100003949
100019309
99987037
99999286
99991105
99988791
100006800
100004454
100003558
100011980
99992102
99975100
100026983
100001851
99999133
99982141
100014707
99990904
100081905
99917966
100012545
99994802
100008717
99985934
100010541
100002682
99999699
100002313
99984288
100019705
99991730
100000741
99988829
100010248
99995960
100035504
99975253
99994372
99987043
100007636
100010586
99995709
99989013
99989692
100026382
100084677
99918890
100007237
99968133
100010155
99995734
100004785
100011631
99980316
100106402
99896746
100378206
99610326
100042950
100001118
100015005
99965504
100003908
99977010
100016162
99999890
99999480
99997963
100005051
100038952
99953290
100003334
99987179
99999975
100330926
99685039
99999054
100044885
100010545
99934789
100002967
99996838
100000071
100027852
100001571
99981603
99987713
99999137
100003371
99993964
100007073
100013388
100013849
99981200
100017868
100006825
99974970
100012657
99984874
99988346
100026076
99999213
99987959
99994785
99998666
100090727
99915417
99997550
100002926
99981568
100019356
100027509
99976336
99988531
100110027
99878275
100019301
99993482
100009342
99989673
100006819
99996939
100001913
100025369
99968808
100021853
99974072
99995400
100039114
99969487
100003314
99993923
99993833
100037748
99971703
99990241
99996839
100011387
99994508
99993103
100017393
100072744
99928163
99980779
100022063
99990698
99985419
100280833
99734526
100010440
100044121
99949261
100001371
99983948
100009350
100011832
99987838
100024181
99968895
100049303
99970876
99977759
100035983
99979133
99990960
100016605
99994567
100002048
100000782
99995340
99999365
100123078
99866985
99994435
100014533
99997275
100004241
99987471
100024049
99995282
99975455
100009973
99996287
99997595
100001580
100003455
100012881
99981514
100174656
99822986
100003773
100001305
101245339
99070283
99699167
99995124
99993684
99992895
99995574
100035547
99993249
99986855
99995935
100007384
99980160
100014739
100008523
99988442
100042415
99957891
99983862
100019328
99989214
99986256
100023522
100017396
99980940
99988701
99994476
100017555
100001661
99998468
99997475
99976972
100024512
99994764
100032950
99976502
99992898
99999178
99997240
100009216
100012508
99992081
99993157
99999935
100001611
99994797
100007833
100019663
99966936
100035073
99971875
99996514
100017093
99983903
100009046
100012281
99977284
99998901
100005290
100018918
99977242
100010354
99995244
99985023
100018179
99998973
100001969
99997196
100231727
99792711
99968577
100008937
99999840
100000123
99992358
99994430
100009235
99998279
100022038
99969253
100428805
99589362
99988049
99999851
100005554
99979482
100007291
100018573
99987787
100021446
99981884
99990172
100021111
99992547
99995067
99997225
100015620
99985446
100020607
99997033
100018463
99956425
100001821
100013510
99986873
100024254
99994253
100021164
99963472
100008773
99998925
99996223
100003791
100348161
99651056
99995109
100045247
99956884
100002488
100017577
99973186
100026756
100128118
99857837
100007597
99991450
99993125
100013129
100006744
99976232
100020940
99978617
100116669
99895547
99986407
100013655
100007392
100000317
99991120
99987343
100008764
99998863
100015103
99974577
100002333
100014757
99984037
100027877
100008456
100001849
99968756
99993095
99998162
100015877
100006664
99992397
99992408
99994420
100018707
100128447
99854403
100012118
100051862
99941185
99997126
99988614
100019398
99999731
100015867
99990624
100007580
99984367
100017234
100001518
99973951
100023040
99992586
100007341
99999480
99981064
100018065
99977450
100022902
100020014
99982443
99990466
99995416
100061594
99950883
99985130
100019664
99986350
99999930
100010413
99990655
99995375
100071323
99929082
100008176
100003534
99976309
100008862
99998928
100041302
99944981
100099617
99917741
99989564
100006873
100014796
100006100
99969561
100005098
100060188
99932400
100014284
99995206
100135111
99866411
100020039
100001591
99983076
99993807
100002475
100008298
99979481
100017980
100006322
99985686
100011357
99984611
100022333
99982605
100000236
100029962
100104105
99895065
99993991
100010353
99980902
100004944
99983640
99985371
100017509
100020652
99996600
100026073
100042235
99922970
100028870
99978769
100008805
100098172
99926792
100000492
99952073
100014086
100005638
99993705
100002235
99990816
99999448
99980754
100033619
99973857
100005460
100014529
99983335
99998528
100001069
100016442
99999859
99983460
100009627
99982391
100018458
99993008
100006509
100009372
100004904
99974758
100015146
99977908
100008684
100012177
99991192
100003538
99994053
100012283
99982521
100002622
99993573
99997149
99979481
100021947
100022131
99976733
100023343
100059832
99941772
100006210
99984704
100007827
99990867
99988727
100032835
99971152
99995761
100168719
99843674
99995611
100024425
99972784
100001043
99990837
100017812
99986269
100005982
100000086
100041268
100119987
99857476
99987104
100026454
99967417
100002521
99984907
100015144
99998853
100142657
99866819
100003002
99994876
100004354
99994597
99981742
100006610
100011316
100027032
99957153
99998701
100077836
99933955
99993423
100004234
100006652
99990790
99991232
100012646
99996568
100002699
100013265
99983042
100028935
100064613
99903226
100006438
100009392
100026114
99962690
99999849
99990202
100015568
99993145
99994922
100015387
100005010
99980198
100002638
100050383
100004666
99965772
99986401
100101002
99914083
99983532
100020960
99966988
100015915
100011750
99973816
100078142
99933009
101278297
98731116
99986648
99995381
100240182
99752816
100036637
99975554
100012387
99978978
100002143
99999256
100016450
99971740
100003320
100031093
100000122
99965301
100020268
99999747
100010283
99989900
100011061
99979964
99989500
100021918
100004878
99991213
100013905
99980249
99991597
100028369
99965498
100024563
100003712
100007162
100049163
99930470
100007065
100037361
99944303
100035546
99970907
100026164
99971004
100009493
100038131
99979802
99996765
100019739
99961937
100006778
99985360
100011967
99999516
99999500
100013472
99983807
100004318
99986253
100016876
99997201
100022550
99975995
100140928
99859492
99984517
100058086
99960974
100035091
99967467
100000809
100002160
100009588
99987414
99994709
99999942
100006099
100027330
99982243
99985874
99996046
100134075
99871703
99993756
100012511
100005142
99975067
100030865
99969693
100025965
99980964
100017334
100002564
99998281
100006827
99979343
100020392
99994263
99988923
99998990
100003088
100008923
99979525
100003536
100005483
100015310
99982749
99994821
100008770
99992347
99990457
100020639
100009471
99995074
99974184
100018320
100002860
99981176
100019658
99987006
99999183
100058514
99962410
99991056
100007957
99979140
100004221
99992357
99992124
100023476
99980026
100024069
99998922
99998810
99985983
99999399
100007901
99997699
100006146
100002379
99976423
100008809
99997974
100004252
100014431
100010341
99983300
100027092
99967651
100004318
99998196
99993107
100002554
100001431
99993371
100029624
99973954
100013254
99986946
100009394
100032314
99984754
99992956
99998992
99992808
99990744
99996318
100030649
99986938
99973870
100017243
100018952
99998932
99994945
99991907
99996322
99997294
100005984
99993801
99973402
100043439
99983256
99995001
100023270
99997904
99982837
100004499
100000196
99995433
99999856
100015628
99994523
99992270
100004835
99992572
99992252
100016064
100010341
99989884
99997488
99999169
100000845
99987970
100003409
100006442
100000274
99996316
99989902
100022325
99990732
100018032
99977931
100023929
99994564
100004320
99986273
100087026
99910332
99998927
99998493
100004057
100008678
99977145
100006181
99982806
100017387
100007433
99993647
99994562
100004834
100002221
99996748
99988585
100038924
100032841
99948579
99985192
100025828
99973561
100017124
99996458
99988701
99996924
100007453
99999176
99988047
100012092
99987073
100013668
100007286
99981038
100039942
99961479
100016986
100050173
99947782
99997876
100015233
100002615
99978600
99997933
100020109
100005089
100089435
99890382
100012456
99993222
99996029
100002194
100071518
100066713
99854600
100001690
99986237
100018772
100009605
100002199
99991561
99997123
100006246
100003482
99981558
100007453
100114666
99944762
100241754
99696684
99994815
99999520
100030973
99983077
99989768
100001987
99995803
100007358
100012090
99975219
100030021
99997506
99966561
100024668
100010610
100008204
99969417
100003149
100174665
100314053
99495217
100013803
99996121
100003033
99990286
100007848
100006529
99989211
100009545
100019045
99985699
99993199
100007936
99999037
99985052
100017239
99992649
99996484
100015006
99976031
100017363
99971764
100012426
100033815
99985688
100001870
99989373
100027081
99972907
100066614
99954835
99984739
100481809
99514598
99987338
100012615
99996846
99995297
99996582
99998017
100028137
99977458
99988458
100000415
100022179
100009732
99986689
99999085
100001438
99983066
100011015
99992252
100020526
99980241
99995329
99996615
100010116
100000227
100049334
99929458
100020890
100014496
99958628
100021065
100015121
99996438
99993533
99994483
100031201
99991901
99988238
99981291
100002964
100032813
99979274
100038249
99956321
100004872
99991814
100000508
100013662
100013837
99985691
99991933
100000949
100001281
99988906
100012124
100003531
99971460
100022874
100008241
99997895
100004043
99990582
99992071
100024171
100039153
99949218
99997038
99977070
100013701
100013715
99995030
100003588
99990970
100007650
100004078
99996214
100023280
99990346
99983862
99994741
100030292
99956016
100016959
100013961
99974520
100016622
100003224
99995848
100015497
99954103
100009609
100010326
100015766
99983893
100006915
99998887
100010971
100000843
99980374
100005473
100023139
99973271
100028668
99977743
99997846
100017030
99987820
100012536
99968619
100021649
100011210
100018394
99983895
100021017
100021905
99961361
99991711
100240816
99757039
99992564
100084160
99926785
99995438
100376055
99669046
100067750
100134080
99793565
100132958
100065497
100134079
99723039
99954730
99982801
100496009
99515347
99973574
99992282
100002969
99979494
100004059
100013511
100006596
100023718
99952046
100030416
99983218
100008107
99986405
100022872
99983036
99997516
100004178
99992548
100029071
99968635
100006603
99997874
100009613
99975768
100019670
100018135
99965848
100010750
99990654
100019832
99999872
99974567
100011482
99987436
100026992
99965302
100027333
100010628
99989155
100000531
99995208
100002404
100039944
99954768
100090073
99925292
99988729
99988472
100020078
99967093
100011537
99983125
100031598
99984349
101380429
98643423
99977147
100000474
99999200
100032834
99981971
99989460
100003535
100006696
100002511
99990360
100006742
99976204
100012151
100045927
99952210
99985916
100013390
99992991
100001006
100009202
99993801
100017536
100001845
99997396
99982445
99992259
100026296
99992125
100026289
99966475
100009467
99991317
100007630
99999968
100002449
99992061
99971067
100019989
100010448
99993419
100015220
99980468
100029647
99988710
99988717
100080516
99922017
99991107
100018152
100009523
99992980
100009814
99997199
100020989
99954046
100028479
99971455
100007434
100028633
99949263
100014995
99989198
100013881
100010214
99997173
100093014
99910768
99980906
100027706
99970953
100022184
99992222
100042237
99964246
99982753
99997626
99989583
100027218
100000062
100019401
99981061
99986292
100011503
100073505
99944304
99979569
100016983
99966114
100247491
99782999
99991854
100140239
99899410
99951504
100003560
99986501
100011713
100083973
99896927
100011643
99990999
100023305
99995491
99992667
100016675
99991450
99990603
100035261
99984183
100105649
99874489
100002469
100011612
99983307
100039006
99972958
100000180
100011472
99984987
100000659
99991604
100025124
100003483
99982275
100001930
100006238
99980157
100003157
99992788
100006943
100007773
99990416
100003264
100018590
100098526
99875088
100016002
99975733
100079500
99944837
99996016
100028493
99990353
99991562
99973142
100016865
99992407
100017642
99966143
100033232
99988436
100081585
99930751
99988531
100004703
99991642
99993577
99998857
100012087
100011999
99994501
99988555
100002527
100004595
99979523
100023100
100006012
99989111
100016488
99972892
100027589
99970944
100037768
99969718
100000065
99988160
100032271
99965933
100006455
100000945
100022582
100006319
99977016
100008762
99993157
100016070
99988719
100005454
100004200
99974812
100023085
99984039
99998675
100011544
99987595
100019185
99978154
99999243
100005587
100012225
99991553
99995878
100012827
100075817
99934528
99983233
100005593
100062545
99954847
99960753
100006473
100002067
100007090
99999353
100006481
99999757
100061021
99928414
100003464
100036642
99983208
99994304
99974777
100017195
100005251
99998950
99982609
99979196
100025353
99996330
100017101
99970932
100027812
99994256
99998275
99994093
100009492
100012271
99985105
100017049
99965740
100000228
100004014
99991272
100009166
100001891
99999792
99979456
100414147
99610142
100030408
99951030
99994348
100791946
99253586
99971410
100015843
99987997
100033075
99980287
99986809
99982933
100019874
100004202
100008472
99994979
100001130
99994678
100002287
99983619
100016072
100015798
99995741
99985179
100020579
99973513
100005472
100009866
99996877
99983210
100010566
100003142
99992947
99984478
100024219
99975472
100009856
99989443
100025029
99994023
99989294
100013735
100010511
99984512
100013971
100003202
99987489
100006102
99988580
99996103
100020194
100016974
99976865
99991113
99994095
100014712
99992039
100131073
99879384
99982543
100001619
100007633
100000141
99992295
100006896
100040641
99970305
99976037
100001510
100007596
99998780
100017585
99985809
99991573
100027296
99993941
99989465
99980892
100001117
100017763
99995694
99981113
100023543
100005437
100005406
99980276
100015313
100008245
99974470
99996517
100007169
100017136
99996417
99979615
100003708
100004399
100023330
99989241
99986472
100005957
100026036
99967591
100084750
99924322
100004349
100000325
99997685
100003535
100003434
99994742
99980925
100009441
99997185
99994189
99992289
100021281
99986334
100009962
99993626
100001899
100001224
100009492
100001440
99996279
99999180
100001849
99986611
100008062
100014160
99984862
100008154
100001826
100030161
99954346
100011014
99999339
99996978
100018310
99967190
100017341
100000802
99991119
100014915
99978083
100011057
100004263
99987709
100082843
99910615
100032152
99989070
99996659
100054581
99952527
100006514
99993122
99998943
99977823
100015785
99994016
99999626
99991083
100011629
99996391
100002677
99987069
100019621
99983063
100051744
99952826
100012539
99991896
100015596
99986262
99996533
100005627
100002713
100169754
99827709
100007884
99995384
99996604
100005650
100012538
100007848
99975574
100000290
100000457
99993499
100004122
100007947
99976457
99997271
100007583
100013956
99993583
100010676
99976417
100030846
100011640
99984361
99975786
100012760
99982490
100016461
100028383
99985820
99988197
100007527
99971939
100057087
99944793
99994726
100130627
99894717
99996641
100011675
99972957
100018491
99994311
100004145
100014401
99972663
100005657
100006899
99994901
100001232
100000056
100003459
99997241
99995974
99993304
100022819
100033147
99957166
99999292
99997380
100005970
100003696
100001835
99983200
100013807
99988676
100001857
100006964
100010816
99987385
99987650
99994839
100037256
99986616
99999230
99987328
99992947
100005211
99997217
100007640
99999235
99994891
100003780
99991905
100004465
99993732
100009533
100011376
99994226
100006298
99998321
100094503
99906830
100005589
100006402
99993768
99979435
99995699
100010553
99999552
99985659
100045942
99988646
99982685
100004793
100043270
99983246
100669060
99324489
99994731
100016473
100136103
99897733
99956732
99981642
100001656
99998524
99988107
100012020
99990093
100009830
99985189
100002185
100029092
99985579
100015561
99970135
100007281
99989473
100001404
100020447
99990293
100006038
99993054
100020732
99995740
99973167
99988041
100011630
100013796
99995905
100069029
99953209
99998397
99978483
100020209
99996835
99981826
100020818
99967269
100011672
100006796
100019998
99976593
100000554
100005000
99982979
100013071
99983618
99997395
100028000
99997682
99970321
100007213
100006073
99993628
100002578
100029752
99977707
99992177
100019175
99975233
100016751
100000406
100019955
99965076
100020794
99991841
99988956
100027395
99985321
100016990
99993545
99994951
100004122
100003568
99998888
99995034
100004157
99987903
99987516
100012227
100000334
99997529
100010656
99983974
100015264
100023827
99967897
100023632
99969926
99985373
100007415
100016739
99995071
99995707
100090616
99913390
99999384
100006224
99977840
100012532
99995245
100010606
100031140
99955524
100016189
99984571
100012079
100015666
99968555
100005414
100017540
100121255
99883581
99975230
100013212
100001815
100003546
100013771
99984675
99981756
100021411
99991284
99981821
100024078
99985730
100013829
99983905
100007716
100008711
100034460
99995507
99970517
99991536
99991287
100012228
100009418
99984887
99978438
99994027
100034565
100026561
99978297
99992948
99986180
99997870
100008349
99993822
100019879
99979161
100044935
99961210
100011219
99986874
100030281
100002481
99963467
99992045
100007727
100017015
99964104
100017503
100027885
99972638
100013690
100000374
99993675
99994036
100020708
99999874
99965806
100030961
100013287
99985135
99994017
100000752
100028922
99978351
100006726
99967163
100012147
99986735
100090702
99925924
100014169
100041721
99948316
99984179
100015744
100263806
99731264
100007380
100256214
99730463
99996874
100009469
100022971
99992580
100023831
99985596
99970318
100079396
99930886
100000180
100010197
99992574
99992610
100009405
99987944
100020491
99989846
100001023
100001951
100100385
99904378
99987192
100009171
99981055
99998209
100080308
99921270
100034611
99973489
99995746
100002290
100003253
100025672
99973575
100008349
100046988
99952264
99996168
99996695
99991283
100002273
100987208
99033998
100455554
99523713
99998363
100031030
99968423
100001146
99989550
100045851
99968688
100013127
99985139
99994772
99990400
100026592
100002286
99979944
99996168
99994915
100000835
100015247
100003174
100032482
99941747
100030149
99993622
100014522
99991545
100006885
100014726
100074493
99954818
99931732
100027663
99990453
99980169
100011030
100006909
100020519
99975117
99984668
99997730
100016901
100007884
99991974
99994897
100015339
99997611
100004350
99992578
99998304
100017835
99980138
100043379
99949664
99986312
100007626
100016511
100019036
99964523
100019409
100020917
99976608
99997306
100048677
99965104
99989449
100066767
99923206
100003421
100023876
99967040
100033169
99971139
99995876
100029837
99975573
100004635
100007899
100114630
99874173
100012760
99995790
100065002
100096556
99821529
100083872
99932580
99999381
99983291
100037481
99981048
99996557
100110822
99881689
100008844
99991960
100016716
100002549
100005170
100238367
99726170
100013682
100007735
99988890
100296958
99707245
100008664
100035643
100052035
99905299
99987158
100033571
99967016
100026826
99967922
100020211
99991316
100008083
100068621
99939475
99996471
99991751
100057773
99921360
100077692
99933385
100009996
100010075
99985708
100004350
99985608
100007297
100012327
99994551
99992557
99990286
100014525
99987541
100006422
100123517
99877846
99996880
100044069
99987320
99972853
100018469
100004075
100001969
99984508
100002697
99999259
99996000
100004898
99991014
100005846
100008286
100001684
101282649
98703426
100011565
100140004
99842119
99978216
100038072
99980577
99989152
100019230
99986733
100002766
100008447
99997219
100009206
99993671
99998535
100030512
99968577
99989861
100013591
100001667
100009040
99986450
100021590
99975094
100012537
100015939
100076676
99900076
99999394
100009971
99996346
99993828
99994256
99998691
100009489
100011647
99994518
99998285
100013147
100001577
99984365
100005246
99978306
99996353
100036174
99978535
99991229
100013776
100008579
99990383
100003124
100007690
99992030
99988715
99993105
100003005
100021500
99996440
99990668
99976985
100050846
99977155
100258249
99718872
99972077
100083404
99940156
100044303
99969404
100048145
99976905
99989177
99987931
99988577
100044827
99958440
100023761
99998440
99981476
99988482
100065747
99974737
99971756
100014532
99995411
100008631
99987950
100008134
99983858
100013914
100019979
99973038
100006738
100013274
99977863
100010877
100015896
99977896
99997041
100021699
99997062
100036681
99953395
99994239
99987658
100036082
99976632
100005259
100002636
99986785
100003408
99975982
100013711
100012089
99984431
100021590
99989664
100006995
100023535
99989174
99976938
100023958
99979760
99998750
100068375
99914418
100013973
100015798
100003700
99972996
100027192
100004605
99980645
100006036
100074018
99923824
99995394
99999359
100033202
99984175
100026607
99960657
99991241
100019208
99977894
100018510
100146167
99840140
100055293
99959275
99997799
100001389
99999484
100005360
99981591
99997688
100022657
100140328
99857241
99974685
99983778
100025249
99999301
100019985
99989738
100010304
99973884
100001847
99995218
100021269
100033114
99967742
100004538
99974545
100502511
99516542
100001693
99977717
100021995
100030566
99948137
100026553
100009760
100031142
99959176
100040354
100020305
99953408
99975532
100025838
99975928
100015108
100005441
99977468
100017458
100035182
99978723
100083299
99916431
100017763
99953504
100175137
100039388
99844287
99959005
99981084
100034447
99986832
99997365
99998349
99986655
99998442
99995925
100000810
100003189
100004033
100019473
99990492
100078980
99898673
100016413
100004324
99967271
100007848
100047713
99957643
100007091
99992956
100024749
99976199
100006060
100008476
100019240
100014732
100119497
99848722
100004136
100072896
99941533
100049289
100019303
99946855
99976108
99983023
100005726
100016264
99983306
100016046
99980023
100011413
100003178
99994606
99987179
99999936
100020404
100005878
99990314
100002725
99983340
99993998
100024600
99977633
100025425
99988695
99992077
100008830
100040690
99947136
100001992
100007365
99992838
100016407
100006373
100007617
100020682
99962057
100021153
99976286
99978339
100017922
100009645
100060849
99962457
99981879
100012696
99955597
100021427
100013256
99949930
100032989
100099869
99899116
100019760
99965587
99997334
100043662
99971161
99996706
99998577
100006600
99999081
100009415
99978392
100274441
99727058
100047551
99993066
99976006
100001794
100039053
99972771
99984527
100010573
99982687
99999884
99990502
100023981
99977706
100007043
100017577
99988942
100001585
100124311
99890061
99994440
99994738
100004981
100016073
99985589
99999100
100019439
99986439
99987366
100001710
100002991
100029173
99969478
100006160
99997605
99988298
100024867
99996107
99991053
99989094
99998664
100001229
100024252
100005999
99971368
100015491
100051806
99954577
99979931
100032702
99974742
100002870
99994460
99998931
100040671
99956526
100011315
99989665
100040220
99958387
100020797
100078344
99935932
99955520
100027324
99999861
99994463
99995770
100006948
100015991
99980697
100000279
99999316
100004585
100010563
99980087
100011010
99993472
99975094
100038455
99999797
99964398
100066167
99971712
100008428
99982244
100007662
99986229
100006254
100010254
99994220
100014075
99991954
99980840
100004447
99997041
100031068
99997958
99967762
99996300
100020213
99989621
100109223
99913604
100048396
99927838
99992653
100017609
100019469
99963555
100047979
99978031
100032020
99963661
99990667
99970685
100033482
99993425
100007113
100001381
100000462
100011137
99968802
100037622
99989411
99995233
99999872
99981824
100016774
99984260
100007805
99995457
99990007
100003159
100021045
100006711
99988625
99989022
99999548
100079301
99963672
99963981
100015919
99997046
100001231
100003527
99989438
99991946
99990567
100023870
100007216
99982660
99993837
100017722
100007202
99976418
100003582
100018116
99969909
99993474
99993099
100116153
99912991
99994740
100040905
99953697
100037918
99951465
100060699
99973624
99981890
100010494
100016941
99970050
99993026
100010522
99994508
99996454
100003159
100109835
99889683
100037186
99978522
99984276
100008018
99968002
100035866
100011126
99975224
100002746
99998531
100032932
99965630
100016458
99993832
99979138
100034804
99999212
99965367
100033130
100113049
99868820
100020164
99972029
100027313
99975068
100009511
100012444
100039516
99955564
99971761
100029662
100604932
99400046
99984341
99982991
100025429
99987973
100004317
99973184
100025711
100000492
100022245
99988698
99990765
100007459
100003652
99981884
100066490
99946312
99983352
100010451
100215369
99783484
100001232
100811299
99219969
100047723
99898033
100041264
99976111
99998273
99989648
100008046
99988358
100017847
100013276
99981808
99986825
100022479
100025090
99987482
99974220
100105676
99914683
99974207
100032510
99950101
100035606
99975431
100001055
100010655
100006101
100083047
99906816
100002415
99998789
100013835
99984342
99991272
100022159
99976957
100010920
100009139
99992435
99988018
100024800
99981088
100010903
99993513
100079616
99937925
100222794
99788831
99983915
99989501
100074234
99950798
100001564
99951272
100046573
99979313
100028513
99977962
99993437
100000739
100261750
99749516
100001551
100076788
99902308
100089370
99911631
99985559
100034055
99977767
100010024
100003477
100005031
100002491
100022572
99972545
99990607
99988847
100017870
99983217
100022218
99990059
100001860
99993016
99999037
100012770
100001287
99975385
99994230
100014261
99989634
100024888
100002395
99984426
100002712
100019162
99998953
99991671
100001535
100000630
99990544
100002582
99990430
100009838
100046305
100048897
99908135
100000807
100007420
99974047
100047716
99948315
100091015
100105610
99818861
100080603
99913114
100015967
100005956
100010444
99959225
100006730
100007919
100001129
100003940
99997209
99992212
100011950
100015332
99979799
100001353
100012839
99980383
100021327
99999041
100102939
99898530
99978681
100004296
99988754
100022672
100048360
99941167
100004057
100031833
99962454
100001465
100022060
99981641
99987766
100002331
100018523
99992974
99987763
100007831
100017424
99989436
99994366
100010933
99996652
100005171
99998244
99990451
100001151
99987728
100021211
99995415
99993539
100024058
99974340
99999215
100019443
99967530
100016217
99990331
100010613
100004287
99980849
100027859
99988084
100121307
100007118
99900197
100035695
99944404
99981653
100011095
99994680
100053090
99938273
99997672
100019981
100043334
99956587
99972942
100015293
100008575
99984401
100064510
99953023
100003899
99984954
100005584
99996543
99992006
99983444
100042025
99990156
99993337
100007030
100008519
100176274
99823092
99983028
100024630
99975604
100030569
99968099
100027356
99976814
100056951
99927648
100023817
99998370
99978905
99995355
100073152
99954348
99974717
100001268
100023026
99967234
100026726
100074168
99929545
99992895
99996242
100004567
99997283
100004250
100015390
100037423
99946449
99994342
100025496
100009551
100024825
99966609
99988418
100005506
99983954
100001469
100010695
99995313
100006551
100080681
99986453
99967057
100001310
100047041
100090402
99826396
100021565
100017530
100002104
100069791
99913706
99973084
100023207
99964308
100018080
100081681
99908895
100000643
100021703
99961286
100051740
99954523
100042639
99970389
99994394
100027715
99967784
100089339
99909148
100012029
100052888
99946811
99981936
100017628
100004313
99997718
100003526
99994858
100009690
99968069
100017735
99993492
100004979
99991528
100019429
100004882
99988085
99976802
100037342
99988855
99997017
100001749
99996502
100007897
99983582
100002663
100004005
99979092
100015967
99997504
100030067
99967630
100017620
99972046
100015970
100015964
99984975
100162741
99842988
99987731
99987334
100026151
100016027
100068750
99924372
99984510
100017944
100078794
99959379
99947402
99998114
100013348
99976367
99998665
100034320
99955433
100032001
100443684
99569098
99973304
100014984
99970387
100021402
99981806
100006060
100099669
99911527
100018028
99966244
100018904
99990467
100316291
99686394
100000901
100031810
100093036
99880242
100017265
99996023
99975387
100428030
99584350
99998743
100002911
99981509
100038274
99997066
99980884
100003718
99983167
100015355
99966655
100019380
100023288
99978115
100000174
100022954
99993189
99991175
99995411
99996624
100007585
100007145
99989027
100005324
99992990
100010449
100002965
99978221
100025360
99986524
100039671
99965850
99985778
100012211
99999363
99993527
99997942
100021237
99972907
100010426
99986879
99993939
100042233
99989174
99988107
100010095
99988561
100034175
99966371
100006545
99989326
100061951
100041201
99887848
99979179
100072291
99959898
100281703
99722696
100009863
99988215
100016872
99989258
100018735
99989853
99978146
100014343
100017153
99982509
100005416
99981535
100020705
99978326
100011606
99999947
99996527
99994051
99997324
99995400
100011539
100026318
99981941
99997722
99999220
99978474
100041564
99982064
99982130
100009903
100003637
100060646
100242583
99736194
99974126
100005518
99998791
99992022
99993255
99981685
100016784
100011536
99988464
100001177
100068421
99989323
100094941
99839832
99998012
100010758
100009435
99978722
99994308
100020294
99997970
100050329
99930109
100012985
99976823
100038688
99996619
100001700
100005238
99978896
100014850
99979317
100019145
100075351
99901633
100013327
100006259
99987449
100014300
99985361
100024056
99983934
100005560
99983089
100009985
99995730
100020854
100018893
99988909
99985496
100049858
99941786
99996317
100012169
99985445
100236168
99765508
100090165
99955274
99944867
100045484
99970914
99996091
100010904
100007740
99989313
99997217
99994764
99991318
100001831
100014559
100076138
99912435
100028283
100006289
100045942
99930825
100000761
99990400
99983115
100002149
99997830
100016789
99998303
99998246
100026055
99977687
99979057
100007466
100001299
100007934
100000133
99989751
100018283
100015588
100012882
99975925
99992488
100023033
99974827
100072879
99968950
99965569
99987024
99998724
100000630
100022013
100033492
99972396
99975064
100023183
100033862
99951021
100017474
99966689
100290709
99768673
99964103
100000130
100004647
99977527
100008268
100025055
99980386
99994831
99992051
100091302
99918145
99978955
100015288
100005903
100001893
99981346
100001615
100007950
99996751
100029296
99969352
100009390
99991094
100013755
99988836
100006654
100012828
99988932
99991407
100016990
99981732
100017553
99989635
99982812
100013777
100063185
100010904
99921094
100021190
100002374
99971080
100020693
99983650
100039547
99973476
99995229
99993208
100025163
100038127
99941843
100035557
99975322
100010139
99989237
99983538
100003490
99997187
100023785
99997252
99965348
100034517
99981874
100011412
99993225
99992383
100019641
100033098
99963617
99992278
99998518
99995772
100013788
99997587
99985434
100028266
99990327
100018397
99972247
100009696
99984092
100016732
100004663
99991566
99981016
99996483
100013228
100019536
100021366
99963198
100016397
100910863
99063937
100008585
100029708
99996468
99987183
99984645
99988855
100020190
100001729
99969088
100011780
100038067
100098443
99869666
100002142
99994206
99999290
100034420
99977509
100000003
100019842
100041701
99936463
99989007
100039629
100080227
99871759
100011429
100014062
99992348
100004792
100024367
99992948
99989591
100272150
99739379
99987242
99993373
100000333
99971483
100017841
100002639
100053577
99929783
100025111
100004827
100009313
99973717
100007269
99980799
100009300
100016669
100002263
99991717
99990444
100001897
99995427
100006195
100065047
99968839
99964325
100010061
99999747
99994448
100002565
100021737
99967537
100010423
100016883
99986482
100102794
99913977
99977491
99988932
100017984
99989739
100013618
99978440
100013924
100008530
99986582
99992067
100009287
99993893
99998452
100020567
99993962
99982570
100002689
100012670
100013208
99973654
100006427
100009440
100147167
99839873
100096948
99916598
99990840
100005767
100063504
99931362
100022501
100004263
99992751
99994222
100040344
100126027
99838108
99997498
99990683
100002774
100005367
99975202
100018498
99999147
100022134
99969632
100015989
100017773
99964822
100026606
99982612
99991257
100027407
99988392
100001192
99980233
100014032
99996559
100020028
99965645
100031312
100031938
99952422
99969881
100021519
100019675
99969212
99999916
100020788
100000201
99996570
99986639
100010431
99985877
101011642
98992517
100021789
99994859
100089449
99924724
99987549
100013156
99967770
100011951
99998690
100009899
99982781
100018457
99995642
99982973
100031858
100064855
99984826
99911847
100022741
99999931
99981578
100034572
100055997
99915190
100183161
99826187
100011591
99983086
99995750
100031572
100009992
100005318
99997209
99970661
99998966
99993100
100001539
100013066
99976484
100021943
99998166
100010398
100208800
99809279
99984731
100049002
99954274
99982359
100005721
100017740
99984764
100054518
99954156
100005845
99995215
99980938
99991514
99995936
100015062
100005050
100007886
99995103
99985829
100002102
99976169
100023464
99996935
100434164
99555381
100023558
99988424
100029336
99980027
99975031
100029035
99976822
100010177
100009965
100011297
99973106
100007631
99989721
100009767
99991415
100021412
99971624
100070701
99931660
99996536
100010320
100002737
100012045
100000240
99995309
100041012
99948037
100010103
100022702
99965311
100005353
100005718
100006481
99980645
99986235
100022616
99969985
100041441
99975399
100001288
99989969
100011368
100010110
100010378
99999146
99990904
100019860
99985858
100170988
99847718
99962610
100011997
99997252
99989905
100007261
100022883
99993920
100024192
99973836
100014231
99957950
100022914
100010455
100001947
100042090
99956656
99974843
99996115
100028891
100221145
99774419
100036697
99936332
100035030
99987735
100177604
99860300
99945260
100017794
100014666
99967004
100016424
99979096
100023514
100079957
99912823
100066840
99963765
99967362
99993811
100009086
99980728
102500896
97569486
99944715
99997752
100013778
100028296
100032624
99928600
100062047
99945788
100122269
99888797
100055746
99959336
99989574
100001783
99971103
100016496
99978485
100104650
99902981
100012903
100027953
99955874
100002320
100005252
100005665
100010704
99966798
100013709
100002360
100010425
99978236
100021949
100008606
99996631
99978102
100045328
100074414
99868196
100021726
99999268
99997999
100005786
100053012
99951325
99964116
100071869
99951470
99999209
99985557
100045841
99995123
100006565
99960087
100020232
100087754
99909766
100023141
99965047
99999761
100016918
99971594
100014824
99996516
100011228
99992213
99997308
99983669
100031653
99997887
100008951
100002291
99984473
100014306
99986286
100001002
99993554
100015494
99986715
100010783
99986179
99998144
100013122
99964774
100033665
100010227
100020950
100178838
99779709
100004506
99995115
100003640
100017471
99959124
100020773
99998471
100011335
100023360
99988370
99975839
100009264
99995001
100028654
99958549
100009455
99998295
100007146
100002808
100291504
99742220
99956167
99998510
100004485
100069613
99933526
99982611
100008220
100006499
100003977
100081620
99906125
99999414
100020849
99987001
100924988
99080105
99982360
100021270
100016053
99982053
99995872
99990978
100001402
100455102
99549729
99989272
100002832
99996795
100003712
100021368
99992548
99989243
100006602
100005948
99992621
99985474
100086276
100045575
99878613
99993647
99997915
100010985
99991555
100030063
99991887
100012306
99983092
100041667
99959181
99974035
100024437
100010425
99994003
100046868
99948992
99998080
100003942
100030158
99945909
100016080
99993536
100015200
99977767
100024485
99995934
100002808
99987085
100112404
99890082
100003198
99991497
100004124
100007193
99990531
100014567
99997171
99995718
100048897
99927951
100091993
99923372
99994094
100014033
100041399
99967264
99993737
99993605
100016435
99986621
100037143
99950515
99992650
100011985
100010003
99996916
100047464
99947578
100007306
100051803
99963124
99986129
99968501
100024498
100013902
99998783
99981016
100017087
99996272
100001593
99982767
100072459
99933599
100007454
100004525
99977263
100017217
99992944
100053249
99971035
99996112
99988480
100006868
100015670
99971623
99999884
99997033
99996518
100019419
100008788
99999198
99981615
100000814
100012730
99955289
100027314
100004405
100031448
99984303
99997702
100003159
100007938
99975295
100012515
99984413
100002968
100008063
99992404
100005882
99977578
100024408
99992029
100002646
100006234
99972231
100032957
99978744
100006895
99990567
99995737
100032358
99991485
99983305
100004768
100018139
99982263
99998125
100001274
99997143
99996913
100009522
99999525
99990871
100015425
99971111
100032679
99996007
100014543
99992757
99997868
99992918
99984553
100037575
99995113
100058922
99904263
100369596
99628115
100013330
100004495
99996251
100017374
99980394
99998591
99998349
100042670
99935685
100047341
99996248
99998490
99989148
99999279
99994637
100012820
100218936
99795393
99977776
100002762
100019167
100002700
99986074
99997447
100026546
99972262
99971840
100035897
99987852
99999404
100032455
99975968
100013274
99982923
100003031
99990463
99988673
100005574
100005168
100011575
100031682
99951455
100032959
99981775
99985279
100013334
99955553
100057126
99986954
99991311
100002094
99997939
100019092
100009523
99985984
100002670
99979837
100015444
99985309
99999774
99992719
100017101
99999385
99990604
100002366
100007648
99992040
100002249
100082594
99912174
100013918
99998108
100006645
99972790
100019688
99983907
100006692
100001367
99988213
100018328
100001143
100008270
99978181
100022628
100001714
100006751
99951840
100048226
99976038
99999718
99995504
100009747
99994376
100020248
100001333
99987425
99968895
100032256
99987581
99993454
100015606
100005610
99993447
99988957
99999505
100006813
100069552
99936404
100014819
99979933
99990276
100025622
99981764
100016655
100002379
100000451
99977079
99987312
100035195
99994700
99999888
99992375
100016475
99985067
100016093
99968936
99969118
100026153
100005913
100002505
100017580
99990355
100014872
99986722
99992233
99985818
99996958
100027364
99982841
100006563
100013493
100006707
99982296
99995485
99994354
99999213
99971999
100059321
99976044
100013900
100004181
100059129
99933213
99988974
99986682
100011172
100027423
99998519
99951746
100025361
100280202
99725757
100011565
99996563
99997029
99992017
99977817
100022223
100002047
100020822
100411986
99615998
99986008
99976584
99987061
100007760
99978527
100021289
100010871
100054147
99934753
100021835
99992408
100025122
100000325
99990016
99963790
100028583
99989096
100017581
100035062
100050020
100024516
99951440
99921099
100021450
99963647
100001230
100046507
99961290
99992716
100030846
99984846
99988468
99991394
100045143
99921481
100040448
100012900
99978806
100002757
100019259
99978778
100020982
99992186
99992933
99967174
100032261
99996831
100006741
100028368
99963017
100008273
99986477
100026161
99967153
100043585
99963578
100021859
99998026
99994354
100007001
99991950
99996990
100002266
100019948
100001840
99947857
100024961
100007147
100014516
99972028
100011339
100057936
99953848
100039657
99951865
99986586
100020023
99986732
100005111
100044410
99988863
99981714
100107307
99881541
99987819
100004259
99995483
99999167
100000347
100043774
99939030
100080911
99949103
99986710
100008242
99992648
99986075
99995161
100017324
100008122
100091822
99888771
100000077
100015847
99975447
100024281
100016759
100009409
99950682
99997214
100056232
99956789
100127671
99891032
99985663
99988493
99991435
100500325
99487341
100024133
99985959
100061463
99971601
99967143
100001366
100013912
99962489
100029269
99999527
99999829
99997590
99993933
100004070
99991153
100004931
99998247
100017550
100035127
99980791
100132644
99830190
99994171
99986513
100024799
99974180
100030757
99990932
99996839
100124684
99881563
99980814
100013723
100029626
99954562
100014617
99998836
99993098
99997558
100043429
99973068
99977777
100038788
99967116
100015206
99982770
100047079
99951016
100023293
100009943
99987355
99995485
99996007
100003487
99975703
100036095
99982576
99989169
100046085
100030689
99933369
99986854
100021941
100012281
99983735
100007218
99984070
100011601
100071073
99920983
100047263
99954399
99991401
99999816
100051282
99981765
100115590
99861764
100008638
100015555
99991551
99971269
100006738
99991419
100017777
99990739
100005308
99994550
100012776
99996749
99994084
99995722
100000413
100006102
99997900
99991070
100065603
99941766
99993049
99998621
99997546
100030131
99971158
100001495
100033956
99989758
99984560
100025970
99993808
99988212
100003110
100025956
99955355
100012051
100007949
100000707
99985346
100018903
99985336
100008797
100000433
99992162
100029636
99971748
100003384
100002375
100008582
99977352
100105790
99902699
99988846
100007901
100007254
100026626
99990433
99971430
100007346
100022136
100001882
100046692
102016382
97915003
100012135
100003314
99993125
100015581
100047225
99934620
99989585
100000828
99998985
99993426
100005234
100025399
100006256
99980380
100000874
99996742
100008238
99981084
100010771
99997937
100030556
99978034
99999052
99993032
100021324
99970842
100031084
100033589
99959541
99996463
100049584
99936201
100009109
99983867
100019928
100016814
99977395
99978307
100036568
99965611
100030421
99979213
100006738
99984937
100033383
99973601
100016107
99988135
99989148
100033389
100441072
99542522
99994187
100008359
99993392
99986935
100023152
99992119
99979722
100018224
100142790
99843993
100024506
99999816
99989224
99988633
100001684
100024380
99990822
99989950
100088331
100048696
99891648
99949141
100018057
100040680
99958793
100013909
99989990
99989340
99998445
100012943
100011099
99985177
100034285
99973945
100001164
99973141
100029904
99985820
100004999
100014367
99970352
100002518
100035516
99971295
102045600
97972947
99997970
100001756
100005220
99990329
99993065
99996451
100000829
100019794
99975163
100015514
100000136
99985081
99995663
100027546
99982053
99994623
99996467
100025127
99965368
100011516
100009518
100014195
99991048
100007654
99980816
99992620
100045410
99967023
100016974
99991014
99962877
100021787
99990698
100035031
99972345
100023021
99982645
100008692
99981880
100022729
99996551
99998491
100007953
99996563
99995812
99989340
100035764
99974504
99999997
99998645
100007044
100007638
99979304
100025259
99976140
99997610
100024028
100001944
99978613
100001808
100011783
99999999
100000963
99987731
99999158
99997424
100017147
99977631
100022622
99979422
100023749
99967790
100025704
99974420
100021644
99967583
100031701
100019931
99977673
99994060
99991923
100015319
100022383
99971518
100001680
100004184
100003556
100005597
99989339
100012103
99988323
100093218
99914631
99984217
100004285
100003144
100014384
99993309
99994082
100003469
100002023
99978015
100065586
99967219
99999233
99968472
100002378
100025584
100004251
99978389
100002386
99993802
100165803
99827035
100015535
99982360
99997952
100014264
100012031
99980578
100095551
100159839
99763195
99980808
100082892
99923966
99998285
100003338
100008258
100002990
100009527
99965610
100024424
99999411
99998297
99994961
100012147
99984583
100017043
99976549
100027131
99990351
99999919
99990349
99978547
100015416
100048526
99949753
100012069
100004525
99995284
100003603
100021732
99964500
100071104
99930573
100014264
99989664
100004519
100011093
99987078
99990644
100010186
99991069
100029106
99981073
100006517
100000269
99993341
100027519
99969582
100108375
99896169
100121873
99882575
99994519
99976191
100503412
99516749
100009234
99982022
100004076
100003804
100013836
100010007
99979139
100044383
99948313
100008050
100070678
99944002
100001881
99978580
100004297
99996638
100005373
99985258
100022266
99983138
100026134
99990454
99984557
100013969
99994626
99999032
99963487
100032893
99991328
100018060
99997693
99986116
99969004
100035729
99999530
99989663
100006259
99998611
100023827
99996546
99984444
99988590
100054300
99943814
99991172
100012174
100020985
100007039
99990403
99988939
100023205
99994286
99977389
100047429
99965760
100001958
99987054
100805650
99204264
100046588
100036019
99952216
100750626
99218691
100004889
100001559
100062420
99930697
99988739
99998729
100025513
100116591
99907863
100002459
99979520
100090680
99955719
99959562
100001184
100004331
100009434
99973493
99980839
100013645
100013172
100001634
100219966
99751594
100010727
99995277
99997825
100204142
99800457
99997347
100005003
100000113
99983596
100000140
100043957
100032847
99923090
100024982
99988742
100043476
99947744
100020663
99976265
100010267
100071013
99957146
99982704
99993794
100032342
99949602
100066723
99987688
99954858
100000253
99992161
100019749
99990623
100010274
99993297
100010973
99991161
99996786
100087798
99911287
100029475
100031855
99912597
100034950
100006635
99986333
100006678
99982938
99967147
100030640
99998241
100008200
100038750
99953140
100017467
99988942
100003650
100020201
99944525
100007521
100006080
100011907
99998711
99998163
100047053
99959573
99992637
100001346
99998741
100020828
99989138
99996563
100016759
99977547
100009692
100000966
100117449
99889868
99962365
100034007
99982773
100000465
100018547
100001724
100019999
99995706
100470899
99528461
99942292
100043394
100230621
99792214
99962987
99988471
100023072
99999146
99977614
100013579
99964661
100040216
99988731
100002166
99999514
100000079
100007157
99977518
100028421
100019784
99994615
99986524
99989886
100008319
99980905
100024509
99988583
100011083
100001071
99992843
100052004
99957476
99988880
100020804
99981835
99991105
100012830
99976618
99991199
100033077
99994870
99991544
100001577
99999946
99984024
100022707
100009232
99998090
99989701
100008214
100008594
99987499
99998580
99987906
100008479
100017673
99984924
99988018
100018747
99992584
100004157
99996597
100011541
99979851
100018164
99980837
100001753
100027843
99966912
100015158
99995861
99996876
99994364
100043269
99963691
100005390
99962771
100020763
100030094
99977721
100038804
100001057
99954806
100022256
99997908
100003152
99997523
99989301
100021994
99969530
100005808
99990435
100009772
100006736
99989518
100015746
100511598
99490341
99990866
99988882
100021943
99997525
99990587
100003967
99997312
99996544
100009696
100009835
99970548
100017945
99960568
100016341
100012595
100000414
100025265
99965391
100012769
100002494
99993909
100009714
100007611
100068379
99919830
99993570
100009920
100014239
99974410
100006137
99991034
100021005
100005601
99991616
99985146
99994185
100004489
100008173
99987157
100036144
99962205
100018017
99989297
100018456
99976233
100015849
100014464
99990152
99983114
99991252
100090152
99942549
99960253
100033952
99992380
100012468
99999752
99974641
100018252
99999036
100033087
100066775
99898241
99984670
100005795
99995762
100019950
99996483
99996599
100007315
100159735
99825664
100019289
99979451
100003857
100004216
100011609
99998098
99995047
100012036
100013735
99993642
99973474
100019766
99993882
100000103
99986604
100117344
99885740
100010368
99992779
99982590
100021697
99990008
100064737
99932481
100008675
99978253
100002152
100003605
100016840
100077884
99936063
99974524
100000872
99988412
100025406
99965334
100035618
100011096
99967931
100012677
100001034
100029786
99948825
100004317
100042614
99970927
100008828
99996552
100000253
99998910
100007046
99998783
99999359
99986312
100009426
100009301
99996727
100013721
99994818
100076134
101785954
98117315
100001209
99996929
100015371
99989446
99995089
99987920
100004707
99993265
100039809
99956758
100020769
100029535
99965168
100189389
100200504
99624834
99987923
100001634
100020015
100007650
99978074
99984904
100004547
99988484
100000365
100022762
100054450
99918933
100012573
100008558
100009011
100058451
99954357
100000563
99959533
100406523
99617986
99983230
100052937
99968709
99977341
99988040
100013832
99983438
99997244
100011897
99988429
100012229
100032518
99993309
99996046
100016848
100001168
99984722
99992780
99999573
100089655
99919548
99996506
99982628
100000260
100049204
99967278
99992638
100053705
99949580
100030255
99988464
99981895
100013742
100036020
100356285
99587030
100002102
100011208
100000408
99995162
100268206
99735655
99998250
100014840
100218259
99768541
99996038
99989281
99997165
100013178
100009724
99992924
99996107
100003778
100144186
99951968
99970168
99938254
100008297
99979424
100003321
99991251
100012481
99998671
99992443
100032899
99960532
100031895
99982371
99998261
100007777
99979387
100020315
100070405
99923209
99997045
99999757
99991334
100094986
99940964
99990164
100022370
99973892
99990308
100015849
99992186
99987820
100001848
99997045
100186468
99824127
100025697
99949033
100046068
99973749
100014837
99984503
100080629
99952924
99971557
99999687
99974814
100052439
99960874
100003926
100007762
100000211
99989090
100023366
99976735
99997269
100019236
100048789
99978390
99980545
100000003
100025157
99978433
100141284
99978557
99943143
99911777
99993457
100042978
99981942
99997183
99998336
99990093
100015666
99991360
100073345
99924975
100006754
100006692
99980267
100239047
99762263
100004494
100007862
100000674
99985595
100001830
99998977
99997339
100002835
100005712
99998189
100007022
99976342
100005081
100019426
99980801
100148675
99875587
99980169
100069143
99947754
99974951
100018983
99984684
99995420
100061574
99945897
100000126
100287631
99753992
99947537
100934951
99068727
99998706
100019508
99988373
99993818
100005646
99985499
100001651
100003953
100026200
100061123
99932802
100010626
100034990
99948511
99980449
99998503
100024090
100004959
99984721
100003399
100060566
100001663
99963546
100220373
99869011
99889982
99994391
99986793
100016118
99990045
100110130
99920869
99979638
100001424
99974210
100029881
99971478
100049093
99953392
100020821
99990148
100019830
99979069
99994366
100005088
100060233
99972180
100088381
99899650
100269057
99855811
99860080
99996501
100000582
100008595
100015271
99986691
99987089
100026698
100005356
100007714
100071197
100043395
100217629
99976344
99764226
99950100
100027571
100011847
100413249
99522882
100206016
99806547
99950665
100005893
100017992
99973908
100034407
99980340
100003047
100003225
100237742
99745789
100012691
100056147
99931901
99990607
100060498
99982943
99980832
99996681
99987162
100003751
99993209
100001830
100021884
99996621
100004794
99992723
99974446
100007909
100086703
99932421
100028553
99958281
99992273
99979264
100034724
99996705
100014644
99980811
100002598
100025849
100725498
99267230
99966810
100039817
99976281
100005560
99997022
99980381
99999670
100010504
100018321
99986144
99991292
100016865
100007516
99994884
100005555
99971058
100016767
100013107
99975198
100020530
99997647
100023069
99980281
100004305
100556418
99419553
100019726
99984592
100024200
99978495
100003643
100011524
100010015
100002258
99970009
100076626
99933960
100006185
100027200
100031806
99945669
99987153
100008176
99977876
100040298
99965730
99998948
100028924
99976926
100047545
99938338
99997955
100015469
100018432
99971009
100007004
100019128
100082386
99920205
99981015
100010530
99980902
100013110
100011754
99993468
100010053
99972771
100018640
100007178
99978008
100000765
99997664
100005108
99998983
100015694
99975013
100001779
100006836
100022061
99973193
100004744
100011641
99996030
99994820
99994653
99995162
99994475
100021216
100013237
99972721
100003255
100002266
100044715
99938562
100028429
100043127
99950086
100001599
100014422
99976433
100008471
100100896
99898985
100031548
99974901
99999721
100043662
99952057
100004516
99994275
99988709
100011355
99988922
99982150
100036659
99987043
100010278
99985045
100019471
99979313
100004263
100000966
100014901
99972812
100004350
100020057
99983626
100059916
99963288
100075669
99924708
99989379
99982889
100035092
99969232
100016455
100534013
99471239
100003519
99956161
100020342
99993926
100018982
99994548
100006768
99976686
100219211
99770651
100075428
99931376
100014496
99989094
100003321
100007207
100027701
99978816
100013829
99985366
99993819
100008525
99993295
100005610
100008430
100010431
99994901
99977939
100172916
99829769
100003487
100008865
99968582
100024267
100001569
100006144
99994821
100002141
99993746
100001777
100013640
99968603
100019092
99982011
100030434
99995969
99981642
100009728
99992835
99995525
100027189
99985418
99999449
100006399
99997141
100019423
99969556
100014077
99983428
99994694
100008698
100018592
100619313
99371998
100000718
99986605
100011121
99993811
100012195
100005142
100001928
99976559
99987548
100017529
100020569
99997106
99975578
100028543
99980717
100016162
99990957
99988216
100003464
99995701
100006066
99990405
100013970
100024255
99971276
99974484
100024643
99991699
99992117
100015574
100000428
100008893
99985263
100016899
100029470
99994918
100017020
99942676
100255548
99739742
100006862
100027192
99978988
99992568
100001211
100060559
99926761
100025788
99983011
100009630
100016072
99999226
100009554
99990638
99985634
100003127
99982688
100011563
99977092
100040099
100014594
99982852
99983458
99992181
100022016
99984979
100030652
99974441
100028952
99967101
100192653
99805460
100016753
99998362
99978657
99993347
99992285
99997205
100043987
99952936
99993797
100006725
99999676
100004614
100015362
99995327
99987032
100019456
100007444
99969591
100023147
99983675
100142067
99871725
99982968
99996058
99985147
100034857
100002164
99986328
100032007
99973121
100002178
99987561
99998431
100031170
99999732
99969674
99987027
100010422
100042833
100668967
99299448
100007841
99990666
100003643
99993570
100005230
100000122
99990653
99993355
100016734
100013831
99981104
100004897
99998874
100011508
99979249
100279105
99721304
100013301
100065058
99933916
100025040
99964780
100560062
99461851
99979089
99997034
100009795
100004329
99987381
100012537
100047461
99965208
99993542
99984110
100083428
99942450
99959086
100030650
99966375
100008761
99996247
100035328
99977365
100028850
99955734
100003975
100036041
99984485
100379148
99632360
99996546
99983194
100011884
100025818
99971536
99996205
99985719
99985651
100042118
99988226
100020482
99977977
100009034
99985050
99999852
100015046
99970646
100028420
99996063
100005335
99986579
100017859
99992929
99997331
99988306
100007482
100004568
99993314
100013197
100004513
99975968
100018054
99978361
100022439
99981278
100001840
100022561
99985955
100053384
99950999
100073901
99946147
100008562
99967032
100022343
100433342
101550089
97989395
100008829
99987023
100022327
99992466
99986260
100012408
101073847
98927379
99994216
99985714
100003187
100001235
99988459
100016523
100002605
100006617
99995967
100007071
99988098
100007300
99994995
100016384
100072954
99918977
100013255
99983565
100019564
99968063
99998311
100020108
100006730
100020920
99955445
100011546
100000088
100003046
99985294
100032067
100003561
99968195
100360148
99669813
99963841
99996494
100033776
99987979
99982185
100012387
100066428
99915314
100011915
99998673
100001000
99997968
100022484
99993252
99987616
100034592
99965602
100018805
99974789
100025386
100022379
99957102
99995913
100001076
100050829
99959283
100003879
100047936
99967246
99959061
100017534
100011660
100011502
99988422
99991918
99992523
99997870
100008746
100023569
99990366
99988220
99983951
100019780
99990370
100021638
99972398
100007831
100009491
99982736
100009678
100007707
99993762
99982053
100026400
100016254
99984543
100001575
99997813
99995319
100001209
100024309
99969514
99995881
100014409
99996570
100012842
99972990
100027113
99978124
100005402
99975264
100018338
99993132
99987002
100027258
100034391
100352257
99656693
99962522
100096054
99876587
100023630
99984488
100144868
99863896
100076426
99933464
100061333
99979041
100059183
100046748
99885306
99971013
100043334
100086560
99904673
99959184
100018656
99987104
100042454
99969095
99998532
100091108
99935625
99972034
99992342
99991774
100002154
99994954
100010417
100012485
99960614
100033770
99994912
99994557
100029638
99980858
99989775
100011096
100013789
99949759
100035456
99999646
99986713
99996313
100024362
99962957
100023156
100043202
99946521
99999698
100007655
99979722
100011692
100010541
99967532
100032521
99991989
100061882
99962961
99978417
99990854
99989549
100023032
99984993
100007968
100007100
99996564
99985662
100022960
100002703
99970101
99998990
100070127
99956633
99977116
100016109
100009998
99993860
99999255
99993745
100012410
99998361
100007555
100104677
99892269
99971530
100124181
99902145
99972766
100010819
100003339
100012517
99978278
99999784
99990079
100022585
99999584
99992000
99990742
100028935
99992308
99986351
100028666
99961837
100024310
100022911
99957479
99989831
100023207
100009117
99987327
100001167
99984904
100012934
100017355
100011987
99958642
100008154
100020360
99980357
100005102
99997639
100011864
99980438
99999962
99985784
100054796
99957061
100075526
99932362
100012068
99981165
100004340
100010876
99987403
100007785
99994240
100013990
99989932
99993070
100015434
100005996
99986998
100099276
99908333
100000242
99995146
100018288
99983042
100001405
100010487
100095428
99922006
99997217
99996749
99978319
100006738
99973806
100023860
99988446
100048198
99971775
100000780
99977012
100025591
99985352
99996742
100006819
99978982
100007308
100015918
100012420
100001869
99984952
99984168
100014699
99970420
100166776
99850371
100012130
99987644
99987018
100034051
100007984
100000291
100016691
99970448
100389670
99626904
99972961
99998230
100065107
99968520
99991798
99979982
99995766
100040538
100041532
99957576
99987717
100002349
99984418
99997992
99994452
100005979
100006675
100001977
99998868
99996320
100019853
100244646
99774569
99972851
99990340
99993266
99998093
100002725
100122632
99876587
100018651
99987056
100010862
99994680
99986687
100012712
100000313
100038963
99954218
100009467
99994294
100012547
100008865
99992856
99998166
99987870
99981496
100034769
100006099
99988764
100008277
99968999
100018704
99994771
100028529
99968394
100003138
100003490
100095373
99908043
99983119
100024946
99978355
100032085
99967974
100001004
100058904
99958833
99987400
100235268
99772515
100075441
99933996
99980840
99990445
100009814
99993801
100007703
99995785
100708969
99415643
99883466
99991546
100016647
100004891
99985744
100025309
99974605
100005287
99999393
100004548
99988455
99981075
100090881
99940442
100005042
99986315
100001923
100030222
99982652
99979163
99981379
100021619
99996005
100005993
100015773
100026652
99979445
99991009
100032475
99987786
99972729
99993493
100015762
99982141
100005095
99996864
99997529
100003962
100224773
99781857
100002033
99987105
100035544
99985026
99975660
100013279
99983542
100017243
99988113
100014438
99979231
99998824
100048921
99972229
99993402
99985279
100010177
100011707
100024471
99959504
100018661
99998849
100003026
100076222
99915642
99995050
100002504
100008400
100013561
99997986
99973933
100006370
99997097
100396447
99605794
99992293
100183990
99881243
99963028
99978569
100058597
99952936
100000610
99999038
99993499
99997221
100043783
99956763
100000381
100004439
100012584
100015463
99979820
100036395
99945290
100003361
100016786
99987986
100013115
99993298
100023952
100023071
99951056
99992442
100007620
100003653
99993343
100011654
100006679
99972903
100036364
100115075
99855858
99991661
100001505
100026657
99946766
100002098
100096403
99936118
100005310
99984848
100176052
99819656
100241908
99764926
99991401
100034760
100101972
99875687
100009266
100000537
100002963
100039477
99959313
100009010
99979190
100000599
100005671
99991510
99999922
100021042
99996381
99988135
100012729
100015763
99971826
100001237
100001344
100000324
99982958
100020041
99992365
100017706
99976231
99995586
100009078
100001661
99993605
100006014
100226141
99773993
100016881
99987888
100024674
99960354
100002925
100006056
100008775
100015093
99982871
99981639
100009203
100014579
100000745
99996500
100003769
99975091
100018522
100005414
100007400
100015775
99987081
102269952
97797355
99919502
100000246
99984357
100018952
99999473
99992891
99990799
100012816
100717466
99381919
99900001
99984491
100016379
100007976
99974673
100000397
100023384
99996979
99986996
99993177
100013726
100036736
99950418
100023970
99971901
100048775
99984692
99991472
99998568
100008356
99978428
100071277
99959092
100030804
99920294
100018453
99996739
100030115
99984647
100001215
100018110
99966936
100000174
100014720
100002036
100005952
100000058
99977873
100003164
99992567
100027167
99969873
99997656
100041827
99973403
99998856
100005342
99981023
100003116
100016055
99986435
100020603
99982857
100007885
100001522
100001817
99987884
100034849
99969951
100012691
100006647
99980927
100006037
99992411
99973115
100023860
100017747
100002720
100001893
99992726
99982510
100003289
99992851
100026093
100002150
99984255
100015816
99994665
100014919
99973936
99993444
100029515
99950082
100014323
100022972
100005803
99986414
100017374
99983362
100000539
99995256
100006954
100017884
99972749
100003761
100001610
99988059
100028009
99984532
99986515
100008337
100011342
99973512
100026016
100014193
99998719
99998221
100021651
99999519
99976056
99987823
100030343
99984704
99983270
100004370
99987863
100003502
100180369
99831555
99994135
99989035
100004675
100007935
99988767
100012992
99984183
100000917
100015540
99990419
100009049
100340454
99669686
100002442
100007802
99963571
100012813
100010635
99990157
99987468
100022848
100061211
100182771
99797959
99996810
100061138
99958927
100147989
101255328
99573726
99182078
99820299
100250512
99820384
99949172
99948701
100014782
99968281
99991264
100013398
99993971
100004339
100032357
99945517
100017951
99997079
100032168
99963002
99999455
100034115
99984548
99986564
100012827
99985719
100001319
100077507
99921481
100003056
100007676
100011541
99971995
100034375
99988880
99963446
100035199
100010834
99979541
99995645
100016102
100006112
99973146
100090192
99931609
99988104
100001630
99989726
100020267
99995052
100007938
99979861
100038237
99945361
100006912
100095969
99906900
100066680
99953160
100140878
99855271
100005739
99991301
100004350
100006466
99993539
100008079
99988725
100000913
100012790
99996033
99994415
100315574
99735668
99959241
99980996
100012038
100018029
99970531
100033007
99983570
99985288
100017464
99972233
100023216
99983483
100007187
99980885
100013831
99989369
100025699
99978188
100274387
100652318
99086051
99959706
100079518
99965476
99994246
100014487
99995020
99987959
100018733
99989833
100000696
99983363
100079978
99933145
99981214
99994504
100035598
100014507
99962928
99998953
99999581
100003047
99983410
100012059
99993541
100016200
99988401
100010269
100015058
99966952
100025404
99979805
100000559
100025405
99994357
99988537
100089373
99933688
99987499
100024346
99965068
100013790
100018519
99954298
100013369
100149701
99846687
100032194
100027815
99931158
100024452
99987046
99996478
100018973
99992079
100014266
99971664
100007190
100016832
99979730
100001916
100012847
99999393
99982883
100007883
100058916
99975864
99979800
100571529
99414003
99993982
100008292
100008158
100012944
100021392
99969984
99988449
100002499
100005023
99981358
100009656
99993313
100012514
99971098
100024727
100011040
99986329
100011417
99981653
100089373
99921604
99985698
100010345
100001102
100000295
100058967
99962696
99976516
99991524
100004421
100007526
99977640
100028922
99988584
100011060
99986272
100004197
99995478
100016990
100011525
99972433
99997580
100011143
100000733
99987650
100098917
99915066
99996405
99986496
100008587
100577710
100351512
99478889
99588218
99999749
100002067
100000976
100263919
99748027
99996528
99999626
99998072
100001426
100010617
100309075
99894603
99795216
99997267
99980483
100007701
99999669
100005771
99997780
99986890
100026179
99972963
100024062
99992613
99980704
100018052
100016752
99973756
100012890
99967065
100027323
100005870
100011010
99980553
99982138
100010626
100014683
99977051
100013474
99983933
100014292
99985987
100022034
99974234
100080802
99953948
100014268
99964331
99993491
100054910
99980143
99972073
100011152
99993092
100010900
100000039
100002066
99999300
100053853
99971996
99965969
100012635
99988059
100026943
99997320
99974256
99993479
100004037
100014370
99991103
99998136
99993522
100006006
99986011
100137034
99887560
100933321
99075225
99983964
99984049
100013733
99998676
100002225
99983765
100007541
100005483
100001095
100014087
99993477
99976967
100008599
100029688
99967176
100027393
99974008
100004051
100056076
99955492
99999347
99976106
99989434
100035446
99988614
100013455
100000899
99972009
100025578
100014597
99984918
99986663
100015660
99977027
100027361
100067198
99919775
99995054
100334373
99662152
100000116
100068164
99934105
100000043
100025865
99999276
99968734
99996425
100022270
99996917
100009423
100012684
99967415
100011085
100001932
100002105
99985476
100026139
99987041
99984780
100013910
100001918
99981028
100008426
99998446
100014857
100003246
99965535
100006502
100005649
100024933
100009466
99998865
99988593
99993938
99997003
100026399
99986694
99956797
100021921
100000515
100024228
99985913
100002976
99998679
99989492
100017727
99994022
99987422
99994001
100012923
100040947
99942066
100031431
99986545
100006369
99993277
99984401
100023568
99993736
100068427
99947971
103016754
96974342
100001204
99999686
100016982
99957437
100026420
99993082
99987018
100013721
100005112
99983630
99999436
100009693
99993682
100578338
99472180
99952344
100006294
100001214
100007733
99966517
100032339
100004327
100138312
99856179
100011386
99976655
100005652
100360094
99681994
99950443
99979785
100033276
99990445
100006583
100092977
99895581
99983760
100025614
99998950
99976966
100013347
99988297
100009763
100003521
100018053
99967192
100001790
100051333
100951892
99016406
99994400
100003030
100027814
99963273
100017614
99993554
100075647
99927910
100008978
99961534
100017340
100005355
99992783
100001895
100004233
100017965
99983846
100014041
100019728
99976355
99985484
100017908
100013619
99981639
99989146
100021666
100013815
99960916
100020870
99982994
99994441
100024089
99978369
100122092
99876228
100014308
99993190
99995986
99988277
100040767
99985176
100254022
99722066
100013444
99995848
100012079
100033040
99962115
99987474
100025458
99978315
99996199
100001752
99997434
100017349
99985311
100010277
99983556
100018935
99999905
100021508
100103375
99862384
99995442
100009698
99991693
99993321
100022946
100003808
99980550
100001091
100005431
100007381
99985701
99983754
100015948
100035572
99975454
100014300
99977242
99999633
100013636
99994934
100083814
99879150
100016556
100025255
100000740
100016351
99974172
99997205
99968084
100036323
99982831
99997001
100004025
100053930
99968873
100010171
99996562
99992969
99995778
99995790
100020070
99958439
100279433
99745077
100001616
100019743
99981173
100000500
100009686
99980236
99999496
99990838
100009904
100003425
100014449
99990742
100025949
99991577
99973434
100001633
99993133
99971011
100023179
100017998
99988271
100024597
99996962
100131137
99853714
100019129
100018534
99988456
99990385
99990764
100017505
100066139
99966337
99942957
99984591
100020231
100085770
99969732
99974616
100042716
99965583
99999926
99987275
100201282
99783529
100030824
99967504
100014660
100015590
99989240
100314453
99674623
99979090
100013900
99986090
100020557
100053377
99928558
100007899
100009952
100063930
99931046
100013857
99969654
99993094
100006212
100000326
100424358
99582549
99984858
100021576
99989431
100007454
99991760
100003993
100002060
99977903
100010563
100038424
99971311
100013758
99998924
100048335
99941169
100001784
99987182
100001493
100008350
99982266
100020668
100018443
99994469
100033853
99935742
100016570
99993991
100003350
99991984
99997104
100010456
100009753
99999905
99991182
100000375
100007639
99988712
99973277
100024092
99994552
100014165
100017907
100000898
100024006
99968180
99998957
99987243
99990271
100019250
100006017
100001968
99975701
100027430
100036251
99934536
100030045
99965407
100001881
100004971
99986842
100021631
100017234
99986933
99979659
100023917
99987219
100006448
99993704
100000435
100008648
99977789
100007507
100296266
99741564
100012310
99953849
100006994
99991379
100008466
99996879
100012870
99972407
100017901
100008936
100007434
99972304
100012993
99985184
100006990
99992043
100009933
99970268
100026984
100012142
100006704
99970762
100004245
100011406
100011751
100000460
99975307
100002229
100018285
99987127
99985137
100014793
100005706
99991576
100005869
99990790
100007701
99990927
100023955
99996388
99992295
99994638
100006616
99984759
100012719
100009609
100009339
99980189
99982493
100010204
99996027
99989305
100027236
99999019
99997761
100012547
99987927
99982679
100007928
100009364
100007169
99986075
99997975
100010516
99988627
99996301
99995946
99999976
100017318
100040739
100047495
99925303
100000298
99991098
99996705
100012837
99986921
99990510
100012120
100025818
99970075
99994307
100009596
99995190
100006857
100048341
99946997
100008663
99979555
100014504
99986316
99994272
100013014
99992406
100035580
100080572
99913139
99988741
99998198
99994895
99988610
99994221
100019801
100011116
99979969
100013118
99989583
100029488
100100963
99867460
100025350
100055941
99902303
101724964
98320043
99966204
100018527
100027946
99954859
99997757
100022124
99986252
100001018
99991565
99993775
100026399
100003119
99977319
99994734
100013537
100001365
100034756
99967667
99997144
100001398
100000428
100012117
100001965
100041553
99946602
99985381
100038303
99973330
100270813
99708091
100012093
100010999
99988491
100002210
100017046
99986818
100015976
99983171
99987374
100012791
100031420
99971069
100003910
99991719
99993483
100019889
99984301
100061468
99954467
100004521
100089158
99906863
99990865
100015081
100098763
99907577
99978425
100010452
100087419
99965822
99939075
100001918
99993521
100015898
99987627
99993847
100001911
100003992
100024359
99984535
99978681
100002808
100002555
100002993
99987665
100037607
99969343
100018601
100001750
99984987
100019184
99984049
100025239
99968528
99990681
100022412
100017575
99982596
99989444
100003476
100003196
99997525
100007897
99984941
100023631
99987741
99967582
100014790
100015636
99984575
100635791
99364912
100001998
100007698
100006886
99979137
100012108
100001220
99990760
100028762
99978566
100000221
100017383
99989938
99998137
99999218
99976480
100037879
99985212
99991574
100143022
99864687
99988740
100016466
99981771
100020631
100007830
99983856
99990235
100011393
99993974
100007652
99997970
100013775
99997857
99985610
100015383
99999950
99994324
99987662
99994184
100032902
99965548
100007377
100011587
99999200
100003677
99998501
101554083
98449231
99989908
99993703
100013356
100006574
99965603
100031557
100218861
99762741
100003716
99976046
100002630
100030490
99988520
100003446
99997972
100014897
99987169
100034050
99964949
100004104
100002590
100006597
100013583
99980996
99990280
100026011
99965318
100013833
100016426
99979910
100007155
99993069
99994959
100069762
101646783
98514963
99778529
100005003
100020951
99961890
100010508
100234948
99762606
99984283
100005758
100001828
99991940
100033352
99993002
99993854
99992145
100001522
100007292
99994322
100008788
100011238
99989842
99986787
100000147
99992946
100012813
100005594
99979965
100023233
100009813
99986926
99986988
100009386
99994845
100006488
99996725
99997130
100022849
99982036
99994372
99994246
99996297
100009721
100003572
99999778
99994966
99989426
100013867
99997867
100023031
100031767
100001953
99932482
100018017
99976880
100009930
101697831
98307273
100008087
100014380
99987049
99973107
100027703
99999672
99974561
100035432
99999487
100003584
102486979
97495607
100048920
99969754
99973032
100031533
99985909
100373333
99621418
99981302
100043759
99944652
100038064
100047286
99953541
100012154
99969838
100020737
100404701
99575145
100011409
100003430
100001589
99975613
100021057
99989966
100002632
99997781
99992725
99996290
100041184
100023464
99942699
100005441
100062427
99925810
100065939
99932437
100016703
99990050
99997414
100006974
100001321
100010601
99976590
100019234
99983634
99993191
100040333
99965768
100024833
99990388
99976502
100021080
100002311
99988707
100022498
100048498
99950985
99987450
100011083
100022876
100207233
99771905
99983452
100044057
99977680
99969399
100012402
100004085
100012363
99984232
99987000
100008186
100033351
99967095
100011427
99964600
100016855
100007628
100015001
99979064
100017319
99983569
100015451
100007090
99986409
99986761
100006653
100025131
99993257
99992981
99990484
99999151
100008750
99987606
100109304
99876754
100019987
100044296
99964768
99989853
100011523
99993020
99993882
100010491
99990831
100007918
100092910
99898193
100016720
99982534
100016602
99988038
100008357
99992699
100023770
100069036
100156309
99768553
99983917
100000058
99999486
99993061
100001615
100022293
100063850
100021677
100124652
100165770
99726893
100097273
99913174
99971305
99931308
100246993
99905334
99853907
99977791
100008339
99967691
100006074
100004117
100005489
100001832
100003068
100003685
100002521
99998985
99974661
99993817
100012608
99995394
100004393
100020063
99989642
99986760
100018461
99994632
100118808
99891026
99982519
99997603
99984409
100018385
99985229
100004313
100001345
100035115
99994763
99977764
99998782
99984166
100016490
99987002
100057829
99948005
100000743
100030557
99973846
100038531
99958523
100042709
99943875
100030325
99975917
100022244
100004191
99987505
100006169
99990318
100274033
99714873
100013840
100035664
99975114
99989636
99989985
100038272
99993566
99974381
99997921
100201958
99807434
99993123
100017281
99973479
100003824
100028296
99954441
100038252
99983097
100028629
99964093
100016095
100047768
99958047
99970967
100034859
99980936
100019745
99992583
99990924
100009045
99989950
99984296
99991819
100036485
99997024
99999130
100047559
99946206
100008445
99987213
100014849
99995725
100013383
100052898
99937620
99976613
100025614
99973541
99998115
100020541
99973593
100010176
99995581
100012198
99978181
100141423
99884890
100029876
99971974
99974780
99992283
100018069
100003647
100008799
100002387
100064514
99944076
99982835
100006425
99986457
100021841
99991775
100375342
99611973
99988538
100013440
100010979
99969481
100063267
99999941
99969476
100005985
99977288
100006180
99996484
99992272
100016372
99993435
100009796
99989899
100014413
99974881
100014368
100016399
99979349
99988422
100003467
100025465
99975970
100023684
99980396
100029604
99981018
99978215
100014342
100053817
99967018
99998315
99983516
99996800
100004532
99952252
100025838
100013962
99992320
100010954
100021644
99970770
100012073
100004326
100014246
99963151
100009738
100040363
99957445
100024163
99980764
100013312
99982565
99988645
100007706
99993778
100015705
99982759
100011468
100012425
99999096
99992485
99989454
99997285
100025701
99983255
100018264
99984602
100015961
100310498
99715359
99968884
99998375
100001759
100048626
99926145
100011469
100005185
100000330
100025906
100005344
100017382
99971061
100041742
99933900
99993622
100016625
99992536
99994412
100026809
100437328
99572662
99973047
99991632
99998621
100014460
99991038
100025513
99994543
99979853
99985908
100007461
100040463
99951336
100034222
99996000
99994831
99993683
99995382
100013169
99984946
100115369
99925525
99959158
100000601
100008911
100015513
99976222
99994252
99996730
100087462
99929939
99992073
100219482
99795085
100001584
100004869
99993236
99999856
99982485
99992726
100021488
100009301
99976026
100052550
99946625
99998345
100016147
99989303
100018531
100017280
99984393
99983313
100004298
100045875
99969361
99996657
99997043
99980935
100039484
99969030
99995373
100006075
100014082
99976501
99994876
100015472
100002183
99987502
100002389
100039859
99959219
100084362
99911635
100006740
100006139
99983115
100019909
99986487
100012826
100010408
99984290
100013033
99973846
100013995
99989123
100013745
99995609
100009746
99967629
100026639
100011921
99981707
99982170
100027809
99979716
100018730
99986774
99999453
99992110
100010670
99989861
100121199
99901346
99994907
99998107
99990379
99987623
100031482
99968723
100014240
100000276
99998387
99993172
100006881
99999000
100014266
99992423
100092989
99925402
99995382
100001941
100066668
99928231
99971126
100010179
99998537
100008680
100004938
99975305
100015283
100003547
101661976
98322508
100007239
100004408
100008274
100026734
99978001
99988452
100010051
100006363
99977568
99998359
99999630
100000624
99999586
99981201
100082306
99942167
99992822
100019249
100012860
99986758
100055781
99942234
100026275
99970616
99987692
100016565
100011801
99993143
100085036
99904859
100014888
99985550
99983475
100579378
99421632
99999943
100026653
99980407
99996964
100021858
99961677
100017317
100002599
100043170
99951891
100000638
100026270
99983989
100016419
99974262
100004352
100003383
100003823
99993988
99990662
100026206
99982437
99997743
100164305
99839389
100004253
100013235
99964389
100011814
100017848
100037139
99989362
99948983
100008559
100013090
100014725
99973104
100020172
100000512
99985364
100000521
99999391
99981488
100012189
100004866
100022990
99972013
100007845
100012053
100018251
99987613
100389268
99586021
100007444
99995830
100021819
99997766
99997364
100027699
99960558
100122188
99917031
99960751
100575816
99427399
99984455
100028965
99991647
100009795
99973135
100009421
100013986
99989551
100004857
100014530
99995748
99993457
99994314
99974393
100003559
100030063
99986909
100014562
99994089
100018629
99977052
100002532
99986947
99977354
100045106
99990797
99992709
99996472
99988704
100012105
100018405
99987424
100007215
99981355
100036679
99977599
100011926
100006505
99970436
100017845
99993831
99981741
100011469
99991421
100012004
99992883
100019940
99986186
99993035
100009443
100027615
99972909
99994106
99998328
100003637
99997261
100020473
100090061
100037222
99853104
100012774
99988448
100006314
99986140
99997332
99999035
100025371
99988550
99986947
100013908
99988392
99998434
100016424
99982796
100013793
99985754
99997848
100035430
99996530
100105679
99878352
99978811
99999776
100027925
99980722
100014390
99995833
100012305
100012937
99969293
100005981
99979280
100019969
99984827
100000536
100027661
99979857
100004452
100675902
99304935
100031268
99978018
100014582
100007929
99990286
100031467
99950107
100013465
100002519
99991444
100031684
100341500
99652091
99977181
100009374
99984667
99993796
100076224
99987620
99967209
100025387
100004838
99964750
99995172
100021122
99985470
99981338
100001622
100025388
99997182
99996508
99991764
100025539
100099586
99941757
99962815
100008164
99997341
99988466
100007740
99992651
99992946
100018783
99964738
100016658
99968527
100009758
100033367
99970401
99996438
100033869
99978144
99986025
100019277
99998190
99983673
100007583
99998873
100001383
99994813
100004376
100001410
100020364
100008936
99951992
100387030
99653165
99976883
100005708
100010620
99962421
100016528
100002481
99996434
99998368
100006043
99998866
99992595
99994931
99987408
100043402
99989471
99988109
100017440
99976785
100001109
100032829
99980257
100011530
99989222
100003191
99990085
99995843
100230934
99785874
99993360
99968546
100044011
99986666
99988142
100003126
100053568
99946404
99997357
100007917
99995293
100000201
100008344
100396652
99592397
100003360
99988151
100024963
99979287
100069378
99929112
100031087
99963423
100052887
99981609
99981901
100021588
99972385
100028977
99975056
100066509
99942154
100007936
99999175
100025454
99948127
100163378
99857611
99977251
100012738
101281079
98702267
99990673
100013091
100012537
100047261
99943676
100007946
99999429
100004650
99998030
100011372
99995856
99989253
99987757
100026205
99979919
100005987
100003316
100013146
100192634
99852055
99951098
99999949
100006719
99972552
99996104
100012169
100012035
99991111
100013976
99977628
100018817
100026068
99963434
100012752
99981300
100003172
99996683
100001042
100006642
99991370
100024752
99971518
100012688
99992636
99992654
100002744
99992634
100047907
99967980
99977815
100087911
100189248
99753042
99988708
100034989
99975174
100012081
99973907
100009329
100002834
99978254
100003118
100005557
99996609
100005048
100013539
99990559
100019631
99974626
100023932
99996528
100015359
99970646
100016073
99981312
99991257
100028738
99978151
99990375
99991230
100006821
100014868
99994103
100009455
99984238
100002613
99994149
99993298
100006879
100010662
100026109
100035461
99941974
100099539
100017303
99887386
100004756
99996909
99986004
100043246
99975729
99996566
99969153
100014686
99995306
100004799
100006775
100049876
99960512
99990681
100015585
99992393
100002289
100018495
99989043
100014585
99970006
100019527
99969541
100016230
99985491
100122649
99904658
99973098
100006943
99989789
100037252
99965820
99997491
99986524
100018395
99979384
100016045
99990577
100012795
100003596
99990412
100020558
99981815
100015006
100212154
99774636
99988782
100029365
99979241
100029350
99985954
99985907
99967980
100027748
100004092
99989962
100007606
100028362
99972051
100060913
99947916
100003765
100001780
99987077
100013824
100050195
99931048
99994243
100024942
99985406
99956387
100053053
99984516
100014202
100020621
99974387
100704428
99282309
100010815
100019459
99992403
99987930
100002636
99980750
100012289
100036275
99982565
99967874
100017237
99996619
100142662
99864945
100214993
99775658
100357670
99662719
99970414
100003546
100017118
99986301
100008918
99996337
100003573
99979660
100035749
99965388
100009284
100009618
100005764
100058900
99941196
99976990
100005981
100031798
101297131
98675182
99994236
100015264
99990959
100013167
99989392
99987346
100005657
100008257
99992489
100424687
99584641
100048863
99964971
99984794
100035804
99959431
100010253
100011660
100002527
100004246
99976274
100069368
99923403
100030837
99981353
100046056
99966442
100000432
100015254
99980996
99988826
100863036
99122373
100027192
99968444
100019936
99983438
100026883
100080987
99895961
100015227
100000534
99986138
100026766
99967483
99993974
100007717
99998921
100106203
99947233
100067500
99874917
100008977
99978709
100030301
100020532
99959080
100004703
100005085
99994375
100017357
99988672
99997282
99981130
100019348
100148779
99935464
103941714
95990230
100012882
99967014
100451850
99550941
99999848
100008799
99984633
99998340
100012212
100021562
99983485
99986478
100013831
100016059
99993590
99993849
99994202
99993262
100031095
100495647
99480643
100060018
99995717
100015415
99924264
100005738
100009519
99997077
99992368
99987052
100019743
100057754
99931735
100221512
99783239
100016707
100000744
99964994
101251135
98783939
100123243
99855975
99985874
100079127
99946803
99988144
100008104
99988542
100002310
99999432
100000477
100015310
100002143
99980218
100012758
99990860
99988837
100009946
99984349
100000697
100026565
100031210
99951377
100022592
100050979
99971033
99987876
99961101
100005039
100051001
99970336
99972826
100020544
99985744
100004534
100000697
100002742
99957533
100057308
100030772
99953572
100009219
99972470
100012975
99990704
100051452
99949410
100014415
100060707
99965823
99975797
100015166
99982181
100553726
99456779
99975409
100142495
99868214
99995657
100024945
100015695
99960837
100027827
99978936
100134941
100028370
99835257
99999258
99988958
100007829
100018575
99976993
99994547
99997776
100015881
99996777
99990058
99996357
100030395
99999489
99999498
99992166
100000373
99988682
100005995
100132056
99862352
99987357
100026475
100049826
99955905
99977575
100007276
99998949
100013748
99981883
99995404
99989784
100033923
99995723
99987836
100046752
99987364
99985704
99995844
99990121
100021173
99951988
100038527
99984984
99983824
100033856
100058310
99940365
99963890
100012396
99999838
99995218
100018722
99982427
100014120
100019913
99975763
100053343
99957653
100004204
100013244
99975234
99972658
100027732
100007756
100021875
99960762
100036689
99969462
100012647
100080391
99911976
99981844
100009301
100020610
99971246
100015914
100000275
99990506
100016281
100010136
99994697
100214297
99764290
100011593
100005405
100016147
99957954
100022636
99988070
100008695
100021739
99977764
99993559
99983175
100017315
99993495
100027943
99993040
100075677
99910737
99978331
100003588
100003079
100032925
99977041
99993982
100020028
100188204
99879574
99999632
99921440
100098304
99916904
99998087
100015397
100168762
99851978
99972201
99981129
99997268
99997360
100101515
99912473
99961684
100064997
99940118
100012078
100007799
99973901
100008226
100013726
99991246
100005146
100008063
100022262
99949552
100038610
99982251
100009581
99979156
100057048
99959395
100001872
100069895
99911763
99995416
100017509
99982465
100083520
99926150
100009959
100014586
99979229
99989041
99999588
100957082
99070755
99984204
100001150
99991470
100007987
100151316
99844844
99994067
100008511
99992431
100011993
100009699
99988285
99995198
99988638
100013518
99978070
100015377
99997083
100005478
100717194
99282707
100025223
100011979
99946891
100162787
99853002
100019987
99976815
100000788
100000939
100004862
100016303
100080749
99906401
100004263
100091867
99885943
100004060
100014058
99977665
100015794
100095420
99922164
99980826
100010185
99991453
99996386
100004471
100003420
100030264
99965239
100026012
99964379
100070141
99928814
100002333
100013209
99975004
100037946
99963831
100013731
100008237
99999611
99997092
100004346
100002680
100005435
99971206
100008981
100001465
99999091
100006994
99997839
99982179
99993855
100029683
99987575
100110132
99865944
100025645
100004329
100005153
100005924
99984226
99996087
100001572
100012226
100008437
100006191
99979019
100002793
99995303
100034251
99973654
100003340
99989564
100002971
99998969
99986694
100002632
100008686
99993707
100023609
99987939
100027010
99971337
100005415
99988129
100282280
99781951
99949623
99995979
100039150
99950078
100012172
99988179
100005742
100000960
99990170
99999417
100029002
99975577
100019494
99964026
100002346
100004681
99996472
100022620
99988694
100002892
100002856
100008879
99985356
100007653
99997093
100011549
100084274
99918615
99977225
100011109
99999729
100039572
99943271
100007303
99991639
99992316
100038969
99997233
99976763
100006018
100012302
100024739
99977497
100016569
99985158
100031211
99965310
99997396
100006314
99993567
100009472
100002702
100008704
99990582
99992831
99983188
100017979
99988000
99995010
99995202
100023625
99979603
100037941
99952897
100033319
99987766
100008899
99979783
99999199
100017259
100010598
99992678
100000517
99989399
100031508
99959712
100560493
99447722
99986834
100001399
100101058
99917895
100011442
99996918
99998861
100136231
99872618
100127201
99935239
99924647
100025204
99965078
100014961
100000279
100174387
99808449
100002692
99983407
100013367
99998677
100084212
99929710
100156097
99833453
100007890
100088130
99899784
100029958
99974925
99980644
100024735
99981560
100009307
99998640
100015077
99979190
100032503
99987983
99998988
99985233
100000706
99996432
100009517
99989526
100009599
99994652
100007805
99966020
100036649
100003649
100006073
99980610
100005925
99997950
99993941
100025497
99997185
99975794
100322480
99685823
100013142
99976465
100058332
99950464
99991231
100026481
100175971
99795946
100004326
99993576
99998383
100013890
99999358
99996667
100102417
99968081
99909347
100005901
100030973
99971920
100006652
100012117
99984072
100018907
100003806
100005803
99997785
99987902
100003721
99991038
100010350
99998472
100012767
99983346
100247482
99752548
100003268
99980810
100007186
99997814
99984706
100086583
99943818
99990197
100010944
99997201
100009726
99983179
100013501
99974583
100027424
100058113
99924606
100007863
99992941
100012828
100008809
99973771
100008609
99999221
100007135
100015925
99960269
100024200
100055042
99920921
100012308
99987532
100010834
100033123
99964391
100011854
100008504
99978065
100030630
99973627
100018518
99979914
99998406
99998546
100005674
99997446
99999902
99991718
100015602
100015087
99997736
99970176
100017103
99994221
99986609
100030785
100003718
99973789
100016724
99999163
99995996
99996317
99978434
100010414
100011477
99994779
100002347
99990308
100011256
100001868
99974967
100027501
99994781
99995267
99999507
99984247
100036851
100722894
99239811
100005535
100016592
99988965
100017773
99993349
100015550
99981052
100017007
99971174
100023654
100640479
99342342
100030281
99983206
100009014
100004939
99986251
99995829
99991062
100002525
100004622
100019681
99975473
99996216
100016555
99985680
100037002
99967292
99983848
100025054
99979866
100018566
99996832
100022690
99962309
99998823
100005445
99985313
100010594
100076580
99909854
100029850
99991589
99993828
99999003
100017549
100007559
99985086
101402219
98587534
100005489
99991859
100018845
99976683
100033623
99996686
99995724
99991014
100100263
99906133
100260705
99756602
99990421
99985418
100012827
99983468
100005314
100015656
99988471
99989724
99997064
100016466
100009487
99994190
100038374
99962985
99990649
100021024
100317597
99659518
100018304
99981766
99991826
99997676
100023796
99985849
99989269
100015363
100007841
99984820
100045219
99961616
100001409
99981478
100001834
100022569
100015067
99967030
100001845
100004339
100004882
100015170
99974690
100019044
100006035
99976518
100011407
99988211
99992534
99998306
99998209
100010439
100010267
99996644
99985050
100743732
99276628
100020022
100053073
99938840
99965266
100019977
100011958
99993467
99975597
100004731
99992034
100029361
99982173
99992313
100005099
100014714
99994107
99974539
100039078
100005285
100000378
99976080
100016925
100010646
99998506
99978683
99991914
100003118
99974005
100023473
99990058
100012909
100007648
100103601
99900478
99994895
99997987
99994012
100102279
100528529
99377519
100100955
99888718
100000927
100025305
99992067
100006965
99999077
99987347
99992279
100380179
99721465
99906310
100100012
99886151
100022278
100010824
99993290
100005573
99993186
100081249
99904962
100000412
99990410
100018619
99991160
99987585
100011256
99984966
100035421
100976531
99020073
100035245
100030232
99947777
99991720
100143030
99866243
99981163
100026495
100018262
99959458
99981635
100025942
99977334
99996124
100012486
100006274
99982911
100020425
99976912
99986827
100015610
100016521
99987894
100011556
99977800
99990335
100011128
100006663
100010801
100017510
99987663
99993313
100002126
99994459
99995077
100018082
99988961
99974382
100001686
100022530
99962353
100028328
99992328
100020823
99984258
99991404
100017160
100027773
99977039
99995055
99993469
99998183
100016572
99991479
100020171
99973540
99988509
99998176
100012423
100010382
99983326
100053688
99951156
100010526
100016858
99965148
100016393
100020082
100531921
99483354
99975138
99988482
101205456
98813596
99958346
100004605
100016405
100006453
99975351
100086980
99927734
100072650
99920145
100079728
99951509
99974253
100028790
99971546
100061789
99972472
100037805
99952063
99972526
100007421
100019370
99974875
100038186
99988306
100241685
99741308
100004385
99987223
99994960
100006178
100008388
100009134
100076708
100250609
99679530
100002067
99989297
100031090
100693554
99248561
100021262
100010652
99973228
100006749
100024119
99982908
99999920
100049509
99916447
100043504
100195141
99787761
100005775
99984774
100011310
100009055
100000492
99989108
100057130
99986094
99952862
100014940
99994797
100016104
99996996
100007894
99993068
99984380
100018200
99976343
100188739
99816436
100001098
100402846
99595025
99987673
100880881
99140272
99992143
100017343
99980171
99998918
100024394
99984271
99997152
99982932
100041153
99982210
99993722
100007055
99990440
99985193
100029446
99976946
100016306
100011907
99992076
99997546
99972068
100020981
100004452
100016227
99971885
100032648
99980759
99975417
100035798
99971125
99993554
100005621
100020358
99986161
100109420
99875795
100020557
99999665
99989883
100013416
99999470
99989923
100007986
100002899
99988888
100001698
100021348
99997628
99952051
100028152
99970952
100062685
99990996
99989725
99984405
99998363
100003229
100024414
99985555
100025424
99977339
99985524
99996073
100004805
99985987
100021250
99996364
100010666
99997594
100035015
99983520
99966802
100019213
99991330
100010346
99996006
99989210
100011549
99989752
100081876
99998203
99925338
100002884
99995610
99990999
100017404
100045679
99943612
99986509
100029276
99981972
100007007
99967643
100014711
100028583
100008107
99983221
99981233
100059008
100012542
99930842
99999261
100001098
100037264
100024344
99944751
99999647
100017090
99977461
100140000
99880094
100204735
99787899
100004111
99983625
100007346
99955413
100052383
99991834
100020270
99988289
99991200
100012007
100001839
99978163
99997541
100015576
100006556
99991796
100022926
99973627
100019829
99985972
100300884
99734207
99957670
100015486
99992967
100014007
100030776
99971797
99971346
100022267
99983864
100004466
100008368
99976644
100020239
100010051
100141158
99947056
99905608
99988923
99998570
100015000
100368872
100532063
99080278
100007714
100064665
99930334
100012026
99987768
100000025
100001123
100085949
99919893
99987821
99982891
100054348
99962546
100002726
100008663
99995661
100004006
99989997
100013647
100002722
99982965
100031879
99987349
100007262
99983548
99984816
100020287
99982265
99997624
100029055
99984596
100000250
99972432
100032064
99996241
99983286
100011591
100030482
99954697
100026613
100011741
99991854
99965382
100044027
99992276
100007935
99996345
99987011
100012208
99987967
100000698
100001567
99991377
100020044
99977514
100011079
99992281
99995513
99997674
100014572
99977998
100016893
100002233
100038302
99962107
99983306
100008392
99992277
99999702
100027133
99973110
100027720
99986115
99989604
100025538
99961788
100007855
99996812
100001885
100027740
100002293
99974628
100000231
100002885
100033038
100030787
99946031
100011699
100129010
99869855
100011905
99957973
100011292
100033687
99939065
100036837
99991356
99995317
100021966
99973017
100020714
100002872
99986745
99970336
100048689
99976097
100003742
100059839
99923145
100020101
100001500
99991170
100009934
100016714
99990731
99956189
100033120
99982661
100044099
99970662
99998771
100052301
99969606
100046553
99934483
100002942
100397595
99610490
99985321
99998219
100483784
99519687
99992009
100027943
99968699
100002574
99998630
100015974
100010039
100067677
99944612
100033103
99939183
99989800
100013911
100013718
99972159
100012280
100005988
100024769
99973183
100023627
99963034
100028301
100332151
99658369
100015418
99982693
99978274
100012271
100012993
99991776
99994024
100614047
99451376
99945587
100071090
99931158
100264306
99748910
100020272
99950837
100021554
100059199
99965230
99957299
99993572
100010906
100037402
99967541
100149866
99853694
100001819
99985802
99980921
100009533
100011951
99991162
99999523
100003581
100003937
100117977
99907341
99970405
99984161
100005845
100180863
99822938
99994502
100032048
99990842
100018881
99989725
99988014
100002136
99988002
99997703
100012825
100009488
100419356
99579331
100001287
101340522
98632559
100004506
99999959
100000085
100008584
99985027
100041918
99962032
100008130
100013370
99987442
99986271
100023318
100000952
99993434
99999559
100030458
99955390
100013112
99993638
99988363
100003586
100051895
99972848
99997544
99978986
99996094
100013829
100000218
100007013
100008811
99980980
100004027
100010634
99982554
100009425
100008051
99957198
100036212
100013867
99983113
99983331
100038442
99969134
100008904
99986935
100015305
100015252
99977125
99975917
100024066
100037602
99952151
100040267
99963842
100011669
99981387
99996492
100000880
100026792
100002448
99983725
100002860
100036025
100009023
99975584
100027566
99983317
99998924
99997018
99972802
100015666
100000947
100029428
99974995
100013948
99976171
100073788
99934309
100022501
99976339
100013475
99988389
101393943
98597820
100381296
99834294
99866175
99968559
100074040
99890712
100019948
99990287
100043342
99949077
100173733
100280828
99591206
99955044
99976684
100147971
99923987
99924083
100019116
100364730
99790420
100100546
99766829
99968797
100031852
100001219
99971913
100005362
99990415
100008653
100068558
99940549
100015145
99961770
100213868
99805910
99976060
100035417
99978546
100009656
100256395
99802768
99961098
99973133
100270465
100011538
99734467
99970070
100015998
99998216
99980208
100089072
99963590
99966791
99995047
100004204
99961532
100592916
99422238
100012153
100025112
99959304
100023764
100018442
99962852
100027390
99989160
100031911
99974524
99976545
99997795
99993062
100027040
100021492
99961789
100035875
100011540
99977242
100006747
100403884
99579790
100264738
99719859
100114206
99913112
99987936
99992328
100134734
99865422
100053705
99948111
99992700
100013112
99988807
99984318
100014702
99994977
100004771
100045867
99985542
100002735
99956256
100002086
100012781
100015629
99980969
100027873
99975862
99965395
100021673
100021911
99972110
100017671
100012878
99975014
100022998
99994767
99987264
100020007
99998101
99977216
100030343
99993296
100055503
99952171
99987497
100002045
100040319
99966982
100067259
99932708
100002994
99968215
100011994
100086397
100600848
99312493
99999009
100000597
100014995
100009703
100029319
99938152
100009704
99987903
100010573
99998519
99985904
100009832
99995427
100015889
100022883
99959876
100014040
100001956
99993552
100007436
99994122
100012088
99994109
100000193
99994878
100002369
99999259
99992786
100003511
99999901
99989004
100009373
100011701
100007129
100046919
99940399
100043631
99940705
100016165
100006821
100002007
99963535
100018004
100109341
99886423
100028434
99989525
100065216
99935612
99988021
100062806
99935514
100010080
99997488
99998149
100012920
99988718
99979890
100032995
100015566
100029619
99939541
100005287
99996353
100008241
100003650
99980887
100005153
100022631
99987971
100012781
99989856
100359785
99613005
100023630
99974936
100010192
100455952
99564737
99995308
100052858
99937447
100004149
100010003
99985947
100010727
100074732
99936640
99977467
100015290
99988543
100024728
100042185
99930616
100028336
99989894
99969724
100017278
99980942
100021727
99993010
100009262
100003841
100013575
99970823
100010180
99999067
99991026
99975527
100011986
100026001
100007305
100007882
99973166
100021574
99972703
100131126
99864829
100021088
99989404
99990463
100013168
99999032
100001761
100016667
99974291
100020949
99997332
99999412
100458050
99792927
99729143
100008463
100005874
99996670
99996997
100005825
100006399
99984784
99998194
100245750
99757411
100014458
99995379
99991619
99994459
100012473
100002544
100054553
99934127
100016761
99993306
99997607
99986917
100002676
100027704
99989036
100005429
99987594
100003331
99999670
99991942
100289253
99726258
99988480
100000928
100008551
100002411
99989288
100106837
99888499
100003587
100004019
99983646
100013443
100006612
99990584
100006621
99999750
100000003
99998595
99980542
100024823
100137500
99857799
100005286
99991980
100359524
99659357
99990721
99977294
100014889
99990612
99994865
99999772
99996993
100019356
99978647
100015685
100018643
99994914
99983277
100008633
100017509
100672120
99326815
99976675
100010454
100005586
100034934
100114466
99852065
99985986
100002945
100012299
100034097
99963396
99983499
100008459
99983940
100007179
100042714
99954315
100000399
100034293
99979842
99989258
100002970
100087052
99932121
100001686
99974683
99984087
100035558
99985517
100000871
100036534
99966104
100034773
99950942
100050093
99958038
100001331
99998779
99997389
100014568
100001331
99983605
100010573
99998250
100005388
100003414
99972347
100016519
100023450
100132428
99845976
100009131
100011429
100009738
99996680
100009037
99973916
100008638
99991197
100018762
99977792
99999647
100005429
99978071
100002780
99985291
100046499
99955553
100008519
100084679
99945023
100034263
99976483
99982547
99980166
99993243
100000546
100024011
99986187
99997751
100007170
100016026
100003559
100007656
100005151
99972176
99998508
100004179
100010358
99963457
100037607
99994780
99999546
100014999
99997241
99992235
100010050
100006433
100001268
100003101
100002651
100000465
99986875
100032226
99972682
99995291
100005283
99985463
100003768
100016678
99985022
100010889
100010472
99994737
99982505
99993350
100005033
100828846
99200528
99984968
100005541
99980719
100022737
99992849
100077157
99890947
100027587
99980183
100031024
100218899
99767274
100015058
99976151
100003841
100015391
100017389
99972282
100029338
99977178
99991373
99994105
100051667
99956711
100004470
100060843
99912696
100013704
99984790
100007771
100004727
100074111
100003193
99923440
99992657
100049461
99967537
100019418
99987092
99998563
100002321
99988815
100074291
99928851
100050404
99957738
99989355
99996135
100054005
99960100
99998990
99991617
99989303
99998429
100004136
100009426
100014893
99994659
99992725
99994508
100027909
99976379
100010762
99980422
100035540
99969560
100013880
99991371
99989088
100096598
99900423
100018797
99984845
100015370
100438446
100112659
99484376
99948810
100040031
99976717
99985121
99996434
100019190
99986056
100031245
99980996
99977905
100031339
99981831
99994884
100009910
99983729
100001135
100027874
100002052
99989180
100000878
99983123
100001351
100012140
99979750
100022331
99984903
100004737
100007453
99990790
99994752
100010547
99984446
100003511
100010451
100012806
100004449
99961265
100009833
100019440
100248122
99766672
100016680
99988629
100021617
99965356
99981659
100002582
99987215
100018584
100137165
100110934
100370353
99404329
99972439
100056483
100012180
99971464
100003494
99992732
100016764
100028883
99944798
100056930
99935642
100018039
100139895
99835804
100013853
99991768
99980269
100007474
100007974
99980661
100013335
100021344
99967777
100007630
99991962
100004087
100026257
99971685
100009247
99987225
100010231
99992760
100089345
99924506
100013914
99974775
99985853
100016881
100012931
100018508
99970034
100017243
99972503
100020739
99997368
100011093
99988719
100075863
99906929
100033019
99968429
100001735
99996830
101124934
98863910
100025400
99973632
100029525
100106542
99900360
99981647
99992109
100017777
99973779
99996669
100331087
99693189
99975532
100030510
99994911
100005840
100016206
99975379
100015875
99991212
99993530
99997040
99980468
100039081
99961572
100004966
100026345
99984085
100005354
99983937
100012039
99994291
100002370
100074353
99934871
99972639
100028589
99986238
100014183
99997408
99990633
100015142
100003674
99993859
99961155
100032287
100077445
99927412
99993501
100061922
99917338
99997506
100033382
99994640
100014575
99955693
100031320
99973772
100012513
99995739
100033610
99956617
100027819
100013630
99984001
99976076
99991626
100032746
99997404
100006603
99985769
100016042
99969941
100006437
100009847
100014488
99994903
100002837
99976853
100009359
100010194
100036681
99968544
99976482
100021828
99999241
99981659
100016959
99991288
99995645
99982427
100038848
99986877
100006723
100021933
99957895
100009737
100008203
99999297
99976662
100023032
100008930
100005024
99972347
100012013
99994355
100124040
99883433
100000469
99985115
100035215
99970934
99999879
99995721
99987038
100018080
100004756
99986977
100001498
99999235
100018383
100208219
99785954
99991482
100041064
99966551
99996945
100014259
99981433
100005625
99977465
100015571
99989507
100034488
99968808
99990656
100006865
100000998
100146899
99863186
99977939
100017055
100016587
100002371
99979012
100010287
99997646
99996640
100019412
99987270
99997214
100013262
100020033
99961381
100004935
100046658
99948952
100024261
99979510
99997051
100001505
99979116
99998415
100026490
100000064
99995804
100001696
100036444
100053794
99894544
100048308
99966585
99996281
100001712
100005652
99999341
100116447
99879003
100022693
99969640
100007322
100028963
99978608
99999379
100419220
99579151
99995895
99980956
100013565
99973038
100021122
99996056
100068847
99951049
100019087
99967965
100062407
99921260
100026679
100001008
99989766
100013806
99987651
99993983
99996584
100029561
100026177
99923319
100026579
100004551
100007277
99998287
99989389
99998357
100007275
99993709
100007975
100001573
100019493
99984954
100002418
99993635
99976640
100024432
99989131
100020120
99978928
99994143
100000834
100000014
100015607
99990680
100026173
99994434
100012095
99996600
99991665
99986345
100001930
100049726
100017111
99921403
100001244
100010496
100003099
99957866
100038008
99992524
100022796
99994042
99982860
100003205
99989816
100035310
99972148
100015164
99985510
99991785
100028109
99959565
100085972
99952939
99996443
99991510
100008840
100003558
99990198
99981863
100002041
100016664
99995818
99985440
100010364
100015823
99994067
99988549
100002359
99990892
99993609
100012847
100173183
99837701
99977544
100019236
99999994
100015342
99991661
100031598
99955750
100004842
99996058
100005519
100003654
100011923
99995909
99986686
100001990
100014614
99993742
99968481
100027826
99991942
100054389
99958872
99992306
100000018
99987144
100079504
100676009
99265725
99974946
99984707
100022913
100011149
100023842
99986779
100012271
99964461
100088900
99959518
99961506
99996953
99977009
100034867
100244253
99778889
99965944
100029537
99991595
100301804
99690368
99983912
99999714
100175248
99866967
100032954
100097373
99834274
100010542
99983872
99995635
100000630
100003563
100006676
99989400
100582059
99433797
99937165
101210907
98829450
100034903
99998427
100005563
99975867
99990496
99998544
100021156
100066745
99927928
99973694
100029521
99981960
100014731
99982853
100044332
99960534
100002023
100187853
99818801
100010481
99978553
99981393
100031415
99989481
100014400
100003269
99988688
99992587
100036333
99973215
100026743
99990011
99998900
100000284
100076977
99901462
99984048
100015224
99993894
100002048
100010384
99978383
100035607
100001037
99988918
100010852
99982189
99997457
100020957
99974140
100017482
100019331
99992071
100004248
99983210
100010851
100001024
100081144
99887979
100087897
99928510
99997667
100120342
99882121
100006985
100233339
99760072
99993119
100018056
100116517
99878005
100019813
99964241
100019502
100022286
100017029
99943957
100017098
99985988
100032181
99989394
100046555
99932284
100015592
99987736
100000353
100135522
99990112
100047913
99955053
100022357
99986481
100001140
99990275
100003760
100077217
99942548
99995938
99980186
100015190
99971779
100022230
99982977
100004559
100013139
99992731
100008143
99996610
99985022
100017838
100012292
99983291
100152136
99871710
99974243
99986621
100034783
99957853
100046441
99971866
100010591
99989527
100011488
99985723
100087134
99940371
100001165
99986712
100006471
100021739
99959102
99991512
100017302
100015975
99992943
100006804
99980230
99996645
100014592
99991128
99990159
100004549
100007950
100028122
99985512
100055735
99917516
100007046
99988781
100004811
100012164
100015852
99976801
100153976
99852819
100016873
99990918
99995660
99998429
100017933
99988270
100006695
99993151
100021679
99968960
99993815
100000980
100001965
99994412
100013403
100008230
100001335
99985720
100009621
99997792
99992491
99996701
100004983
100002413
100017602
100059155
99957359
99981495
100136286
99924775
100261824
99651347
100004524
100090726
99984864
99938707
99999876
100014846
99990518
100746148
99306095
100096717
99922786
99952608
100306585
99727127
99937274
100027623
100038759
100402180
99558255
99985255
100002366
99986437
100008331
99983074
100008454
99997984
99999863
100015672
99960721
100020902
100004662
100012822
99985872
99989793
100015865
99981571
99992289
100005197
100013934
100003811
100066816
100005086
100051017
99882333
100061732
99927258
100006809
100059040
99927010
100069516
99932176
100148824
99856402
100067527
99957337
99999966
100037608
99934579
100017896
99984250
99992519
100003893
100014189
99999894
99995294
100009660
100300622
99686557
99990687
100035776
100043872
99936540
99998633
100067609
99943040
99966875
100042102
99986771
100007134
100002619
99990395
99995858
100180750
99837133
99995215
99964930
99996815
100007275
100036508
99981190
99984119
100023231
99982719
100000994
99990603
100012053
99998332
100019899
100051324
99941111
100004410
99994638
99999088
99986833
100012957
99994526
99998231
100007117
100006026
99984573
100002737
100000892
100025686
99971227
100003934
100016426
100008525
99998245
99993546
99974603
100007195
100005313
100014330
99988761
99994958
100002498
100013666
100053766
99945594
99969649
100072256
99944774
99991156
100150302
99863899
100004998
100095591
99895857
99976222
100025946
100012290
100034281
99953811
99999608
100000787
99993164
99992163
100011481
100010587
99988753
99991156
100006653
99992505
100192777
99836048
99978329
100012284
99990796
99976974
100031893
99987133
100006284
99988459
100025952
99989657
100014264
99995868
100208590
99753818
100166229
99844677
100020155
99962919
100011277
100011987
99993688
99997418
100005535
100003579
100006071
99985719
99999291
100004034
99996459
100011882
99994148
100060425
99952475
99991454
99999786
99993984
100003497
99982374
100003835
100019880
99995745
100006664
99980827
99990190
100004749
100019539
99978548
100003361
100024340
99994888
99978438
100009619
100004715
99993915
100006006
99994501
100002574
99980749
100015668
100002436
99992888
100016912
99992089
100002516
100006036
99995101
100014336
100059599
99929137
99998791
99987087
100037073
99977743
99994138
100010001
99994233
100052515
99963237
99998366
100287303
99748183
100004087
99938239
100195602
99830662
99955688
100019234
99985452
100335088
99670602
100002324
100004140
100002431
100003740
99987207
99983539
100012987
100006567
99985385
100023223
100011861
99984997
100015454
99968459
100011900
100253505
99831016
99932110
99973011
100004914
100083544
99905841
99999138
100020788
100017315
99991887
99988690
100004659
99979864
100011619
100007657
99974657
100027522
99998715
99980231
100013898
99989597
100002308
100013053
100008355
99993164
99984783
100012891
99981759
100013887
99996654
99988400
100023065
99999882
100029366
99962489
99997570
99987582
100107978
99916312
99979888
100009975
100011414
100005140
99975471
100094450
99907087
100121714
99868229
100016742
100000276
100004496
99998072
100062548
99930636
100012054
100017006
99959686
100014011
100000867
99964254
100028454
100015837
99986674
100067744
101094827
98849371
99976525
100005855
100003980
99996210
100029939
99979868
99991328
100078975
100114844
99799706
99989495
100000549
100023908
99991608
100031886
99961673
100027951
99961190
100102670
99885787
100026756
99984939
100030639
99988702
99988865
99999330
100023839
99988399
99980467
99997878
100104485
99912316
99982507
100025946
99980879
100020362
100005542
99994597
99976471
99993258
100032751
99994198
99982131
100002942
100092654
99910325
99991043
100017713
101078714
98911311
99993453
99995419
100039149
99947367
100035788
99989483
100013668
99986572
99976530
100029896
100085279
99905903
100030878
99964333
100008933
100011246
100077701
99907026
100000384
100004397
100003709
99980334
100004324
99985794
100020308
99980051
100002871
100030869
100071830
99924739
99977219
100006850
99985345
99995626
100006079
100024489
99979468
100010048
99997197
99977895
100038678
100077669
99894372
99999773
100027734
99974471
100003431
100003253
100007494
99994785
100002333
99994397
99990663
100006694
100004384
100003828
99998235
100000117
100009625
99997404
100081961
99913231
99989140
100023112
99989874
100008688
99988555
99993114
99991577
100042591
100002774
99973987
100006325
100094210
99905581
99988613
100016644
99976965
100023943
99985913
100741501
99254970
99995103
100015830
100041489
99956949
99973183
100018035
100029482
99988723
99977224
100023481
99967540
100008007
100029080
99964455
100010019
100005546
99988576
100042469
99965367
99986204
101047978
98962175
99999295
99987044
100018365
100008570
99972735
100013850
100012305
100009871
99960044
100008218
99993563
100015180
100002911
99986228
100015434
100000992
99990742
100001544
100010491
100022182
99977875
100003540
100116046
99885676
100002807
99998523
99988635
100004658
99990078
100016519
99991817
100001843
100007900
99993605
99986232
100041669
99961574
100002663
100022461
99996143
99996858
99996514
100004138
99989303
99986974
100007244
100012144
99987754
100012735
99988856
99996998
100010771
100003912
99999177
99982107
99998879
100102140
99898817
100024791
100019671
99994176
99975687
100015785
99993180
100135240
99880884
99978329
100017624
100015727
100047616
99917129
99987657
100017436
99978936
100002535
100028612
100024739
99954064
100013934
100002847
100152084
99838610
100005816
100015601
99973402
99994649
100010649
100012382
99994603
99985220
100012788
100037126
99964292
100085422
100325170
99581987
100004953
99997049
100000030
100001968
100186464
99792562
100026488
99968287
99989312
99996706
100021318
100003208
99994839
100016171
99977914
100021160
100093607
99951249
100052621
99902046
100049772
99921380
100037927
99989895
100003594
99998496
99983123
100007499
100018787
99986694
100035764
100349252
99598690
100166975
99871681
99986866
100087913
99961972
99953838
100194812
99845684
99935753
100006318
100016825
100004366
99956131
100038859
99992023
100027784
99984357
99989797
100013383
99969088
99995337
100001456
100062854
99949117
100012035
100007135
99969968
100004690
99991826
100006843
100401771
99604118
100001997
100017507
99991071
100214181
99803001
99975338
100000170
99989987
100017396
99999715
100003846
99980922
100037894
100077299
99889429
100031453
99962642
100004527
99997530
100007440
100014075
99981951
99987661
100379112
99609768
100012231
99993262
100139332
99881341
99988682
99991177
100031435
99981791
100008715
100000321
99985726
99999888
100027319
100009702
99967194
100013042
99977609
100021094
100011001
99982068
100368093
99608227
100036249
100000804
99996332
99977833
100007638
100025727
99996707
100028134
99971266
100011083
99987036
99989950
100006497
99992604
100004769
99993560
99996448
100010991
99988004
100012230
99987023
99995729
100014231
99992701
100010532
99984315
100010630
99997866
99992494
99991822
100017000
100123654
99873735
100018225
99973838
100020241
99981545
99988164
100008787
99992093
100038255
99950680
100022014
100012611
99976424
100019406
100013702
99989210
99997034
99973923
99992639
100043956
99965227
100017165
100007585
99988735
99983121
100011800
100004949
99988687
100024820
100006017
99993483
99976795
100010533
100004111
100003144
100006678
100001681
99986778
99998913
100021844
99987363
99967604
100024409
99987437
100029419
99989480
100005984
100028522
99980146
100037061
99934609
99987719
100010034
100035026
99974714
100013170
100114404
99877710
99998129
99985959
100007604
100023196
100966889
99011855
99990722
100012587
99993805
99988507
99994602
100003152
100015239
100002103
100000398
99990605
100015787
99971445
100014536
99988871
100005853
100004995
100006459
100008296
99971597
100033178
99985920
100013890
99985709
100013399
100015443
99972660
99999531
99990887
100010656
99999520
100007701
100004424
100093375
99879817
100020469
100013522
99988993
100023134
99963848
99997440
100024921
100054018
99939134
99975578
100020628
99999631
100009215
100010571
99973449
100015948
99987739
99997650
99993443
99992926
100007894
99997498
100020653
99965646
100015822
100006269
99986218
100031276
99984119
99969211
100031325
100006774
99982329
100020880
100006521
99997232
99985860
99981843
100028470
99979120
100009845
99970602
100051615
99999729
99975169
99999089
99992886
100409935
99586989
100016618
99967160
100001950
99999356
100024808
100001607
99988055
100022651
99999072
100014642
99992602
100002652
99966628
99993754
100031611
100001225
100296365
99696546
100004947
99996097
99995760
99997849
99983856
100006777
100017217
100313666
99700015
100754112
99335421
99899801
99995283
99997263
100003644
100300147
99696110
99983649
100078743
99923724
100111463
99917357
99962106
100049391
99960816
100003389
99991566
100002676
100000192
100008238
100009816
100003507
99984627
100009281
99995254
99980131
100018577
99983433
100017377
99991565
100002787
100019324
99975686
100006669
100019207
99978152
100002481
99998198
99986802
100057342
99965089
100001967
99992314
100005687
99969468
100025008
100004053
100064812
99929380
100005809
99990635
100013782
99977261
99994996
100007638
100005565
99990669
100032330
99992553
99989783
100012011
100018877
99976716
99978379
100080978
100044792
99905511
100047257
99914484
101966397
98073425
100033983
99948332
100041091
99949016
100004200
100023202
99984091
100001137
100002959
99979988
100060662
99949559
100007813
99971728
100012802
99995283
100012113
99997516
99977406
100027863
100127045
99860480
99990530
100019033
100007749
99985044
100011339
99982858
100000112
100004264
100017518
99992448
100005305
99993580
100007204
100009705
99984169
100000828
100317947
99669843
100028667
99976465
100082481
99927100
99980580
100005575
100124949
99913431
100183835
99905765
99891238
100007139
99986439
99988484
100003241
100002096
99995491
100129096
99987685
99902636
99982817
99992381
100001054
100001886
99996172
100006000
100011093
100010790
100015295
99971368
99971304
100028746
99998125
99992276
100025461
99992887
99990998
100040283
99954403
100022615
99962858
100018045
100005590
99997047
99994601
100002809
100073742
99959791
99973075
99966003
100089433
99932445
100065949
99937677
100014005
99984593
100006034
99987979
100013722
100008971
99983118
100063122
99950519
99973623
100012070
100161899
99814377
100016627
100024805
99988222
100039194
99971941
99969607
100010110
99999421
99996416
100009108
100003068
99992055
100000891
100026304
100275863
99697619
100015629
100024262
99951500
100022829
100000199
100487353
99490026
100046894
99969045
99997189
99993310
100052627
99960125
100051823
99944137
100017038
99989259
99989865
99964167
100053179
100020912
99938452
100011809
100009608
99997996
100009047
99996279
100025909
100385391
99578219
100009149
99977936
100019200
99993620
99994783
100015507
100009287
99994025
100276537
100723887
99001618
99995281
99987063
100013181
100064233
99912619
100024396
100004287
99991446
100117244
99994651
99899788
99972516
100021347
100008495
99983438
100015378
99986147
99999806
100001115
99989323
100037312
99971387
100274741
99875863
99852082
100526511
99817411
99656728
100040391
99940861
100010283
99999404
99992283
100015799
99989263
100009228
100691631
99305721
100023865
100002511
99954099
100018829
100027735
100010363
99956359
99996219
100009019
100000540
99991786
99998270
100235377
99754662
100012556
100014825
100040484
99965584
100357026
99618527
100027042
100034780
99917977
100082859
99963863
100099536
99904519
100065165
99939450
100044644
99951475
99981661
100017665
99969045
100149662
99874202
100021521
100001573
100039994
99922907
100041381
100271655
99747697
99978607
99977265
100061916
99936119
100225502
99889552
99911591
100013909
99943946
100009655
99991102
99998881
100008527
100013979
99959217
100280660
99737463
99996727
99989610
100027964
99968288
100018160
100001315
100062933
99935643
99995722
100002991
100012343
99988543
99999586
99992817
100011437
100019818
99993962
99956519
100031372
99978166
100028200
99976101
100005924
100002431
99995991
100009719
99995955
100001889
99996756
100022927
100101232
99961654
99939583
99983130
100012952
99959970
100015392
99998400
100011624
99992663
100011904
99991432
99997141
100002030
99991570
100017624
99978290
100011470
100008864
99995233
100014973
100102165
99868471
100023620
100003837
100019878
99987244
99984576
100002561
99990083
99988497
100009296
100018278
99974341
99997133
99999552
100025386
100004397
99986798
100006386
100005723
99992052
100002369
100004294
100000617
99988544
100056524
99939037
100129901
99855667
100015136
99981866
100009335
100015472
100001447
99964121
100031481
99988070
100019256
99985072
99989679
100030244
99978732
100056034
99938940
99993741
100012219
100201629
99781265
100038710
100000333
99981122
100006444
99982765
100012209
99995406
100050234
99950409
100000982
100001381
100002001
99990556
100016483
99977987
100019620
99989655
99991502
99991536
100016903
99990654
100022347
99985508
99983734
100022148
100002707
100079684
99934059
99981820
99983913
100021116
100025078
99974913
100006791
99979221
100010807
99987079
99987345
100030886
100000090
99980034
100018281
99972962
100014825
99996952
100004107
100009186
99980543
99991885
100019528
99993101
100004432
99988406
99992528
100000905
100018807
100060598
99980859
99956994
99983189
100008762
100020377
99982271
102882313
97115019
100007555
100424723
99934177
99726746
99913141
99991417
100004649
100084303
99977040
99950243
100125854
99905405
99982590
99976781
100064883
99976330
99993093
99987256
100565821
104036923
96803223
98941144
99638001
100229394
99754693
103865281
110129503
101727318
93686393
92517395
100728485
97363331
100056275
102966116
118694687
89854826
93101349
97537037
103947299
103417673
96645555
94511321
100717815
99497211
102708021
104140686
104210533
110359367
106353632
98589171
89596417
91412039
96654190
109532262
91888662
97053881
98480746
99041773
104486211
104275569
101651837
88607661
103456558
112965764
102195484
97644083
90754611
102571593
99679452
104515023
96433176
92791063
103947894
111566562
100010313
88950226
99567660
92984122
115946226
108817628
98975671
100175696
92102862
91373394
96719104
96055800
103554262
97397214
99357240
110043829
89541435
105735521
95044592
102558080
108528727
106843136
116224934
95775781
94758511
94611761
93973367
100396079
101503908
102014572
93828357
101472307
99077199
99408399
102734791
103758211
101286107
95427254
95598702
100020652
94408661
109316920
98991967
94197344
101700656
97158202
117814631
96958770
94920381
88847559
103500498
112227109
98372648
95443814
103611523
96011742
99023460
100324234
99781178
96765228
103545652
99330068
103125937
109085050
99639592
99183514
91943862
106057674
111943118
90877687
99935619
86810383
96814392
95479488
101975449
97750638
97771903
108618319
96599056
101362519
92315480
101486923
100358394
98164140
104301511
95862244
102108337
98248421
99246731
100043708
100785088
99622559
99548069
100011085
100401084
99593474
99981100
100357478
99858642
100625742
99159786
102051514
98024506
100348308
99586462
100034474
99990739
99973796
100068641
99923556
100002857
100371991
99644234
100208521
100927518
99001367
99854340
100135524
99841409
100028797
100045933
99930110
100017648
100015241
99996596
100001269
99984553
100032555
99988032
99967634
100022871
99994902
100010191
100015770
99969474
100010462
100036198
99956587
99999169
100030493
99967409
100004103
99992706
99998621
100001832
100010033
99987345
100023130
99976747
100020769
99980396
100056261
99954476
99997614
100002735
99999156
100000287
100426846
99565047
99996275
99993622
99991673
100014926
100017220
99992020
100013909
99997702
99984425
99995666
100009466
99978167
99999290
100029274
99993279
100093188
99898310
100006871
99986166
100001222
100006637
100093453
99919455
99992118
99992654
100347914
99667241
100007861
100072306
99892260
100065571
99950981
100001284
100001928
100007845
99997454
99990260
100009162
100014195
99962588
100156189
99875112
100427621
99561441
99968385
100040258
99979566
99996534
100024757
100083773
99898289
100019217
99988600
100002579
100008532
99987168
100004128
100009325
99988597
100007939
100016575
99977563
100002609
99988119
99994267
99992259
100008839
100009658
100023544
99968599
100017617
99986137
100004861
99994095
100008911
99998783
100033281
99977428
99992005
100005852
99966326
100016459
100074672
99925034
100009749
99993478
100022304
100068196
99915626
99993762
100001278
100017840
99985846
99992089
100011742
100004381
99989183
99992558
99987763
100034566
99989849
100002618
100013324
99989210
99979005
99994835
100007882
99996588
99997458
100023309
99984403
100003037
100015008
99989024
100030894
100005462
99942834
100016243
100006763
99997253
100013399
99993327
100019782
99972469
99997764
100051780
99955603
99989463
99990622
100027668
99978832
100012072
100000332
100004355
99983315
100006236
100008058
99971229
100013027
100012001
99991254
100022621
99987808
100070804
99908203
100041871
99969215
100018414
100032802
100102560
99864184
99983526
100008606
99999161
100010492
99995214
99984917
99998039
99995052
100037103
99963427
100014650
99998334
100005298
100019754
99949447
100031783
99971110
100065068
100042037
99931602
100002273
100022337
99970726
99993109
100015580
100048981
100017530
99941514
100024779
99966333
100012233
100007880
99996251
99962249
100034697
100062005
99933515
100566645
99589503
99835113
99988714
100003323
100075754
100062188
99867577
99988405
99981046
100094727
99936103
99992121
99985890
100010461
99999872
99992597
100092482
99919882
99947470
100099309
100013273
99933254
100068671
99938477
100020829
99999241
99978105
99993681
100000398
99998483
100009360
99990218
100065764
99917962
100022828
99989439
100007336
100145295
99854229
100051709
99974719
100016513
100811096
99144018
100002241
99981146
100022715
99985219
100009705
100020629
99995645
100010674
99967134
100068743
100179128
99773517
99980274
100006866
99978518
100010273
100017492
100021909
99962391
100010217
100038707
99962029
100023482
99955179
100162101
99853181
100068949
99923507
100045940
99980094
99983027
100034313
99975786
99995190
100011268
99967200
100001114
100010471
100022336
100206432
99792137
100039510
99952900
100034269
99951682
99995752
100052050
99945367
100023633
99988438
100052046
100158376
99829350
99969803
99969745
100034828
100041581
100055257
99902968
100063703
99926961
100137927
99934106
99987366
99955239
99976369
100068386
99948134
99985424
100018234
99962515
100090405
99943325
100142428
99909645
99945442
100055399
99948223
99991409
100087570
99922027
99965045
100085863
100160444
99872434
100047123
99878428
100606515
99382610
100039148
99947224
100105801
100152534
99982684
99781480
100039394
99989784
100142532
99879500
100012888
100063917
99849397
100208597
99793820
99994567
99999440
100169942
99935878
99988760
99976389
99938488
99991547
100033140
100023810
99963722
99982699
100148263
99852434
99987695
100786915
99291961
100943152
99043271
101508002
98437000
100576783
99428644
100139675
99850823
99993186
100205085
99829453
100060796
99902711
100006025
104275300
95872319
99973325
100412208
99772824
99753504
100005240
99938362
101819495
98205247
101222826
98829921
99989862
99953827
100035588
99958632
100793648
99271720
99955151
100458142
99589024
100307673
99622666
101047478
98944574
100059000
100345039
99576568
100120348
99909433
99993091
100132555
99931162
99936534
99991871
100085760
99910477
100001949
100025837
100384432
100757851
99661725
99197356
100343656
99632648
100641143
99371595
100142003
100174503
99751791
99899320
100681628
99337410
99995320
100029243
99974751
99997277
99995315
100488367
99525793
99998543
100008839
101873293
98122626
99979547
100003274
100004424
100034151
99987616
99974009
100000554
100007579
99994575
99983922
100013779
100021289
99970698
100020990
100004337
100000648
99980330
100178956
99829250
99996265
100004290
100090813
99914738
100047771
99952818
100007687
99981359
100011741
100031234
99961844
99999389
100015062
99980158
100013732
99997583
100004988
99995851
99995039
99991267
100000794
99999046
100001474
100038928
99961497
100015296
99978554
100021185
99979572
99991225
100019928
100004354
100017174
99995167
99973963
99990825
100001257
100008746
100111766
99893606
99997894
100006316
100426930
99589589
99972705
100005470
100004991
100012181
99986814
100151469
99878064
99975615
100002751
99967600
100061696
99962279
99988832
100000485
100025495
100361195
99626487
100015226
100033834
99950691
99997326
100005686
100005724
99988101
100021189
99991315
100844005
99135111
100024265
99979859
99982662
100012806
100038197
99963065
99998251
100153031
99860619
100217707
99787289
99979514
100098009
100071636
99820885
100001027
99998995
100014006
99984256
99996677
100012049
99999291
100007295
100010143
100177008
99799122
100025246
99992039
99993275
100006146
100021835
99980824
100001092
100001480
100007523
99993725
99997369
99987664
100018628
99982016
100020357
99980514
100221614
99766709
100011291
100028585
99973130
100019812
99973947
100005939
100009763
99975421
100012988
100015525
100028911
99983354
99989948
99990945
100022463
99963702
100032549
100000631
99988612
99974787
100003238
100036633
99990675
99980257
100032648
99989339
99979520
100150335
99866817
100000037
100001403
99975931
100001450
100099090
99909159
100031188
99953825
100010458
100009688
100003261
99992472
99989383
100018082
99993025
100011033
100003944
99995759
99997083
100004946
99985981
100010679
99989590
100004354
100006274
100061465
99919960
99999646
100014248
99990656
99984181
100008041
100014953
99997002
100004627
99991147
99996380
100037351
99977665
99981622
100024078
99984324
100024640
99969386
99991115
99996773
100017327
100023399
100012187
99980644
99984682
100006914
99975936
100028158
99980712
100002931
100013521
100024608
99983868
99991823
100045117
99975336
99964417
100001210
99991017
100022486
99992225
100011000
100002011
99972967
100002161
100017365
99968731
100024236
99995985
99991581
100002613
99998063
99994973
100011592
100259405
99740237
99977872
100033803
99988530
100009692
99978476
100023876
99986173
100000244
99999527
100025600
99984878
100001069
99993206
99991369
100049972
99956397
99994496
100003584
100015031
99993008
99989222
100011738
99985832
100011613
100019901
99954057
100064373
99971561
99986704
99989966
100088777
99913580
100017108
99996635
100003544
100014488
99984092
100007335
99971628
100013199
100045340
99960430
99985796
100017735
99999434
99983268
99997772
100006172
100077378
99933622
99991298
100009373
99991441
100026812
99977444
100000342
100001980
99993476
100012335
100003260
99980897
100011442
100004343
99991606
99987563
100010722
100013616
99983359
99996526
99996658
100004818
100008169
100011271
99976359
100021444
100003763
99998123
100004099
100003631
99969601
100037988
99989278
99976151
100014344
99991901
100005799
100010397
99979234
100043374
99969881
100072409
99969387
100149147
99840787
99973723
100001384
100001925
99967788
100016239
100029811
100035645
99973460
100354837
99616061
100052832
100017193
99948269
100000362
100076510
99966194
99973258
100021654
100005802
100398703
99561490
100005703
100007843
99968436
100019957
99982182
99988994
99995329
99983873
100015720
100003085
99995567
100012543
99981767
100036443
99965554
100015206
99982310
100003730
100012530
100021557
99974195
99987055
100007215
100006489
99994887
100018592
99977287
100019956
99998974
99977392
100016844
100033603
99950860
99995209
100010789
100002337
100009832
99983788
100006589
99999834
99984246
99998282
100018776
99995695
100003841
99995184
100015843
99990167
100004932
99984079
99997414
100013808
100026111
99961972
100007233
99991683
100004341
100022515
99999591
99998025
100007040
99990637
100002165
100017678
100051755
99910828
100029247
99990904
99981382
100017410
100019113
99967285
100020241
99968292
100015289
99995560
100266329
99732544
100000071
99988885
100100563
99932458
99998266
99982234
100010446
99985672
100014858
99983240
100016054
100009662
99986610
99981160
99983165
100031547
99995771
99997872
100026506
99976050
100008408
99993089
100003423
100047754
99956399
100006856
99965580
100040569
99991186
99998538
99971537
100025817
99994974
99995651
99994038
100009227
99998349
99992976
100066072
99921984
100009314
99998195
100026734
99993987
100026877
99961951
100002540
99995293
100001242
99999717
100001301
99991015
100003214
100054732
99955781
99972806
100073325
99938429
100041599
99960586
100039646
99973746
100032581
99957842
100018366
99981085
100004436
99983729
100025695
99994144
99992876
99998006
100090063
99892238
100011568
99994871
100016211
99990962
99995311
100037934
99966107
100000973
100010693
99981477
100002150
99994932
100027742
99973355
100004553
100019147
100079993
99905211
100008560
100011555
99985744
99992214
100016388
99999952
100001907
99996612
99983023
100022641
99992049
99999957
99993383
100005623
99989005
99980537
100024391
99990295
100007928
99995589
99998580
99994109
100011453
99993266
100000071
100113885
99889683
99994962
100009771
99984818
100013132
100015595
99989096
100000675
99993581
100007336
100030693
99960059
100020923
99995543
100002866
100008230
99977184
100006581
99991772
99993567
100001812
100002266
100010933
99986569
100044554
99967285
99980702
100027820
100001548
99987411
100044598
100018106
99948523
99994258
99985866
99992612
99992645
100012659
100008341
100002826
100043487
99973432
99991499
99997946
99997169
99967761
100015830
100022391
100000567
99978987
100003211
100002455
100009192
99995421
100020904
99985964
99975921
100011391
100026139
99970778
100013903
99998563
100013995
100035193
99952694
100013927
99978778
100041216
100038707
99936447
100020987
101927676
99800106
98303734
106126671
112641955
103875160
101786955
94170046
92239885
109454885
97955396
85530647
99886531
108418092
110284246
109754757
103876322
106891152
92655555
92057676
95872580
100941857
107394376
97598681
100678891
105292271
87092860
97879036
103486496
90696561
116648391
114632327
116920458
96152814
96710241
93982634
87909658
92974506
85807650
85502009
99279156
99499690
99390624
100077351
100619089
100988190
98324953
100270185
99780172
99988799
99949683
100002973
99988341
99970958
101305851
98715557
100014161
100770371
101404724
99099496
98753272
100739502
104251934
95486491
99493983
100857760
102529849
96859732
101155201
98774865
101181423
101130275
99114759
98811705
103732702
96214681
106640369
94727486
99523050
98831568
99902375
100183800
99821811
100088442
99926956
101255367
99768830
98949693
100027343
99990269
99985073
100056645
99968615
99969044
100019872
99985935
100048458
99972951
99991637
99952665
100043274
100020873
99971222
99984849
100033171
99968616
100003293
100084199
99923102
99989976
100075781
99921944
100019526
99990924
100004708
99991511
100010445
100007777
99987658
100005416
99994107
100095528
99893245
100041837
99973886
100002085
99988007
99996153
100011763
100012966
99981629
100005992
99981276
100023802
99988849
100005942
99979777
100014616
99997737
100028076
99992416
99976056
100015434
99989022
100011395
100007582
100012084
99970387
100014775
100092755
99895787
100010505
99978344
100004445
99999647
100017518
100009336
99983685
99998650
100007061
100002702
100001075
100006035
99987088
100024836
99996579
100075065
99922397
99973430
100068420
99944984
100005327
100037907
100158034
99799755
100006044
99988701
99994962
99988870
100000700
100004275
100012875
100005761
99994907
99976846
100054640
99959348
99994270
100014529
100011093
99982138
100007176
99998528
100000060
100025845
99976547
99997206
100015675
100009116
99989822
99989455
99994704
99985778
100044946
99967682
100009299
100051482
99975424
99978326
100037264
99945839
100006111
99994850
100009228
99982466
100015740
100041265
99985396
99986412
99994461
99981342
99998816
100007795
99987547
100017810
99998491
100039924
99931676
100022565
99998384
100006086
100007142
100030324
99970162
100016723
99963639
100020067
99978280
100020581
100004533
99991000
100003107
99965117
100036386
100110887
99897177
99981500
99986883
100021874
99989395
100000514
100003127
99993020
100003874
100007369
99980082
100012197
100010405
99991887
100003783
99984327
100000657
100017584
99980069
99994383
100009858
100003980
99976526
100020257
100007920
100018321
99993721
99990401
100008776
99984218
100001436
100002256
100002627
99997172
100393410
99601643
100022374
99993813
99999138
100048791
99924319
100037427
100038298
99936717
99998620
100009198
100006046
99996275
100008610
100548418
99430174
100015641
100009318
99998223
99997604
99985373
100045201
99966834
99997816
99985496
99990617
100021007
100004711
100001276
99994719
100003532
99989949
99996138
100013813
100140045
99834994
100015306
100009354
100005297
100005533
100009122
100008941
100005116
99970769
100092968
100111395
99811681
100022151
99968364
100003845
99992206
99994759
99992869
99994102
100006317
99998255
99983968
100016420
99986739
100008557
100010954
100071497
99954468
99963028
99983243
99996511
100138986
99898093
99985093
100015413
100057840
99955158
99977321
99998914
99994958
99996555
99990588
100002960
100022414
99990757
100009711
100002198
99975381
100004208
99980801
100022618
99997251
100005009
100007172
99996539
100032888
99974140
100335362
99648475
100013571
99998798
100010538
99995904
99995263
99983775
100029697
99971786
100012084
100005157
99992758
100012828
99991005
99988560
100043480
99962937
100001697
100007088
99980832
100014754
99997181
100027717
99968629
100015514
100039936
99951057
100229102
99775054
100001362
100013374
99976927
100017369
99987718
99980515
100017440
99987700
100014481
99988354
100027559
99991453
100000542
99980502
100106412
99907402
100009064
99999360
100002588
99989603
99984146
100016285
99996780
100005358
99980848
100016452
99975057
100014750
99996715
100019015
100000409
99982577
99998224
100007268
99980517
100030181
100003013
99997948
99988114
99992285
99995106
100003730
99996580
100033205
99985248
99986305
100006406
99996652
100006779
99982165
100017948
99989307
100022501
99979776
100005048
100006176
100011744
99998524
99992885
99998087
100003964
99993576
99992663
100001943
99980119
99986815
100046026
99998262
99996459
99999992
99988459
100755665
99263673
99991852
100008318
100000809
99995542
100008485
99991476
100020877
99979902
100010539
99973009
99995344
100091579
99921696
99992330
100003908
100004753
99994109
100019924
99987200
100008331
99975986
99993011
100021188
100037885
99958983
100015377
99992444
99991752
100001770
100004380
99987051
100014165
99989384
100012358
99991671
99999718
99989118
100009094
100050689
99964462
99975491
100015464
99987408
100015161
99992832
99954358
100063841
100017695
99961263
100003879
99995656
99994748
100023723
99970938
100020533
100140939
99858971
100004823
100045946
99941435
99984040
100482264
99544006
99994325
100009899
99991593
100009760
99994055
100023744
100887475
99095911
99988657
100011147
99991533
100036151
99958503
99997406
100014747
99991053
99992472
100031804
100010593
99968730
100006642
99989500
100012250
99984183
100018275
100841026
99149051
99982508
100022666
100009512
99986603
100031492
99987674
99997455
99998008
100009752
99978076
99990439
100021692
99989705
99999873
99993214
100042317
99966913
100008187
100018658
100054167
99933266
100005247
99987055
99995613
100019457
100004264
100008893
99984029
100001867
100017675
99977876
100004188
99987436
100012199
99993652
100009681
99993617
100011754
100004031
99996648
99989600
99993284
100029335
99996656
99990645
100117654
99887309
99997179
99987281
100008066
100018511
99977550
99998257
100004312
100030987
99956178
99999424
100001976
100009587
99983459
100019586
100002048
100003614
99980976
100004318
100005099
100009395
99975098
100011879
100013010
100003694
99986376
99981188
100022738
100002431
99972314
100027420
100033329
99960188
100030807
99974182
100004322
99997149
100013644
99984322
100012635
99992446
99965313
100032006
99981313
100001144
100010212
99999899
100004610
100015393
99991074
99977891
100019875
100003368
99993989
99995939
100006763
99996643
99989899
100002265
100002213
99987881
100023708
99995198
99990580
100040283
99965142
100121160
99872662
100011371
99992950
99996688
99992935
100010588
99981712
100018715
100014773
99963135
100129138
99942133
99932779
100022404
99984548
100010182
99990811
100004979
100011279
99996440
100006318
99984322
100020752
100000734
99982636
99996555
100032068
99973492
100065415
99937344
100047956
99937624
100014686
100013776
99985377
100053441
99954453
99978894
100033908
99984612
99977898
100014217
99994784
100029947
99980826
100009733
100005476
99986559
99973102
100043480
99975161
99986499
100084080
99940221
99995489
100005255
100004872
99983750
99991942
100012400
99989581
100005525
100016199
99997924
99986939
100015124
99994032
100014622
100009262
99996779
99964880
100013410
99998251
99982000
100022122
99983730
100043112
99980007
99996455
100064822
99944110
99992351
100008860
99980357
99973945
100020429
99998383
99995727
100024592
99976320
100015000
99988952
100014981
99974824
100029114
100005009
99971795
100019999
99993288
99997201
100012284
99979268
100013205
99999508
100014354
99985511
100016982
99984894
100023125
99975022
100029300
99990636
100011016
99973190
100004776
99988270
100011179
99994095
100025698
99998499
99983880
99999611
99990601
100015111
99978742
100002369
99989009
99984769
100033311
99982346
100012697
100012747
100013073
99982359
100004478
99991755
99997471
100064750
99924783
100010884
100009812
99986197
100099625
99923243
99974598
100043285
99959717
99993436
100027560
99994546
100853248
99143248
99990667
100001860
99999684
100001014
99994685
100010914
100002279
100000862
99999912
99988510
100012196
100006511
99993517
100003160
99994841
100000956
99984732
100011722
100028012
99960086
100020701
99993148
100009835
99991029
100008043
99991549
99989463
100001064
99998532
100023916
100027747
99967484
99984868
100004903
99987454
100003265
99998240
100026731
99965679
100053527
99949907
100009507
100010105
99992966
99998762
99996048
100000888
100111044
99876469
100009884
100015043
100099459
99894123
99998929
99976660
100012912
100024039
99990026
100004220
100005982
99992129
99978817
100011547
100056473
99939119
100016958
99999883
100000843
99985106
100011049
100106060
99877530
100000414
100009981
100001735
100010360
99978380
100029665
100081461
99934135
99996407
99988930
99994519
100170160
99836709
99970546
100014229
100133235
99858419
100168329
99953980
99973202
100037739
100086285
100035789
99790342
100003274
100078237
99901346
100100087
99920421
99999450
100052682
99929973
100012297
100063776
99892632
100042295
100069051
99985778
100059145
99888721
99994281
99994610
99985992
100028198
100609862
99393887
99988619
100008626
99984524
100127705
99932810
99924605
100008850
100038576
99970715
100008817
99981986
99983333
100028517
99970719
100027722
99989802
99992440
99998662
100023174
99964658
100032910
99989255
100001785
100001883
100006410
100057014
99929890
100025762
99991842
100007081
99995236
99978210
100000530
100006585
100000392
100002250
100007922
100001070
99990770
99979468
100006457
100003435
100018689
100000885
99987057
99994242
100128128
99886899
99990728
100025735
99969004
100274736
99732075
100186066
99811826
100008177
99969139
100031736
99994412
100007193
100011039
100079739
99906109
100007271
99984514
99998183
100010824
100004970
99988172
100001035
99996371
100002902
99994887
100007008
99974902
100039054
99967161
100023173
100059540
99954623
99978506
99989662
100034121
99999409
99959799
100038706
99953551
100039240
99969340
100016953
100007165
100006828
100022314
99971496
99998763
99981971
100032201
99961970
100010007
100003705
100016675
100014203
99972549
99988773
100017299
99985689
100672839
99328595
100007847
99985372
100019656
99985168
100022364
99971394
100020064
99998728
99990707
99991383
100006766
99986149
101044287
98978476
99983792
100008245
100016200
99976028
100008575
100028238
99974479
100105874
99966196
99919123
100012444
100002605
99978765
100017194
99982707
100005133
100013320
99960091
100045589
99987677
100079782
99947238
99984937
99998857
99987768
100014539
100068307
99927759
100001341
99999245
100012629
99980090
100009715
100004831
99979478
100023335
99997088
99998235
100068676
100005204
99932306
99979023
99996897
99994559
100004211
99991690
100010968
100264461
99745016
100020277
99974197
100007279
100000780
100006110
99980963
99999682
99982247
100040459
99989421
100000190
100008489
100061334
99917345
100003567
99982833
100006342
100015370
100000403
100000171
100017195
100002110
99988519
100079204
99940404
99975150
100010531
100014597
99971985
100005552
100015292
99965882
100028727
100012295
99961219
100036821
100051094
99940267
99985132
100004918
100006268
99987992
99996946
99986740
100011785
99992943
99994497
100017909
100119866
99867062
100074230
99953382
100007175
99977660
99985492
100010624
100090151
99975862
99961722
99983687
100012244
99994368
99993252
99991936
100008983
99993552
99993459
100077493
99921241
100010075
100001957
99990333
100022668
100086464
99912248
99982987
100000493
99977134
100027932
99997811
100006171
100016594
99965114
100006854
99999058
100028554
99966862
99987314
100003350
100085728
99938490
99984460
99998414
100020666
100070091
99912288
99991455
100019962
100004428
99986273
100009884
100000001
99999306
99991624
99994415
100013250
99987825
99994379
100002891
99989537
99990653
100016327
100024084
99986385
100032510
99957015
99999903
100021464
100012231
99979714
99998515
99996533
100022795
99974217
100008435
100276660
99723115
100004528
100000080
99998684
100014973
99970862
100019477
99970272
100015599
99995035
100012927
99992230
100018034
99979309
100077159
99939957
100058235
99937361
100001199
99990124
100000917
100000332
99981027
100033286
99991698
100019063
99993802
99991119
99982605
100041550
99971618
100005805
99978546
100022259
99985861
99997681
100025956
99952056
100023248
99984520
100012986
100001322
99988914
100020800
99980368
100006194
100015332
100063571
99948435
99982814
100004415
100002421
99997649
100008872
99974417
99992328
100000837
100031247
99996509
99998339
100002520
99990518
99993168
100076123
99926970
99988313
100020304
99993024
100013109
100006115
100044828
99950095
99983797
100005707
99995720
100075212
99932246
99976661
100091105
99939400
99980000
99996788
100028361
101949860
98034521
99997321
100075569
99946995
99978552
99999188
99999687
100010163
99995950
99982874
100003922
100011770
99988186
99987661
100015420
99997299
99993460
100081260
99937550
99994080
100003732
99980692
100022670
99998214
99990924
100008658
100016744
99975530
100004664
100011352
100003068
99987874
99997829
99990489
100001956
99994664
99991909
100013352
99990920
100574209
99437970
100006538
99970429
100010319
100000295
99998317
100011269
100026385
99989342
99963008
100017882
100003946
100184495
99809964
100005217
100012662
99974380
100031342
99971121
100038063
100000131
99973111
100024596
99980438
99999896
99998048
99987654
100015646
99999333
100011462
99986147
100003998
100008751
99965247
100025367
100053762
99960751
99979011
100001692
100005333
100002582
100004379
100013926
99986815
100000079
99977712
100016602
100016857
99970135
100013057
100019223
100091196
99882270
100008151
100013253
100112941
99872122
100002682
99978795
100038846
99973526
99996507
100008984
99980627
100011856
100025259
99965316
100009957
99991435
100005085
100023364
99988215
99982107
100118725
99898867
99987814
100026401
100045524
99998916
99939007
100000595
100010350
99981173
99997447
100034105
100047798
100002277
99984577
99924454
100013382
100005013
100021233
99980869
100015100
99973306
100006981
99988190
99990892
100001467
100016300
100020814
100076650
99915851
99996624
100063859
99932504
100007036
99991676
100061473
99946412
99982033
100014770
100008971
99972215
100076598
99936069
99998642
100004464
99991821
100011375
99999587
99975766
100008235
100030694
100244358
100522716
99197406
100019790
99987119
100042244
100094465
99877818
100066880
99902762
100012034
100006225
100142960
99961398
99903497
100019785
100011256
99999948
99997334
99953748
100076346
99968900
99957440
100017182
100013789
100065244
99922396
100060244
99957773
100070644
99975254
100307227
99725463
99928526
100275807
99767597
99943269
100016581
100001381
100160038
99815419
100211230
99773633
100016706
99989167
100015231
100006847
99958515
100109186
99908287
100006666
100000204
100078618
99905127
100003555
99997226
100018699
99980866
99997830
100027378
99977271
100004360
100018108
99999080
99983247
100117151
99896872
99984796
100019524
99992469
100009410
99983535
100017034
99966187
100006841
100003790
100214936
99807899
99989199
99984205
100032150
99972924
100080177
99937975
100051071
99952146
99970070
100081038
99929935
100029233
99970000
100077590
99927532
99995285
100012108
99979802
99999651
100007006
99993183
100015307
100006076
99981662
99997772
100042111
99978089
100013596
99972970
99996496
100098102
99895770
100020930
99989712
99979034
100011865
100003592
100000082
99988968
100044299
99974549
99983135
100030419
99999220
99991505
99973518
100017244
100010528
99976236
100004991
100024194
99997917
99990566
99983101
99989210
100019097
99994639
99987832
100020372
99988728
100014569
99970628
100021921
100074693
99910393
100025492
100002621
99978543
100003823
100019524
100001722
100003996
99978156
99992941
100007079
99998139
100014052
100016463
99977997
100003525
100002583
99995963
100007248
99998787
100009470
99978899
100017250
99966231
100023158
100002124
100029510
99950434
100033000
99975457
100004548
99990674
100003141
100035685
99972392
99983528
100019220
99999507
100073004
99932066
99967868
100018178
100024512
100144661
99849121
100017584
99980044
100015331
99964860
100011717
99977419
100019167
99996526
99996709
100005937
99994906
99996979
100006745
100008585
99999519
99978294
100022542
100019948
99961007
100014782
100001520
99994978
100072602
99939582
99985586
99966602
100105439
99919869
100004058
100015541
99987953
100004988
99996598
100030510
99981204
99982261
99983578
100028365
99997073
99995165
99999015
100020405
99988807
100009809
99973822
100013320
99986078
100007298
99983556
100009387
100022769
99982866
100020916
99982814
100002355
99986772
100028348
100010110
99982330
99988643
100008407
99990963
100022050
99995804
99992262
99982182
100021511
99995646
100008581
99976393
100012740
100006351
100000703
100004208
99972636
100010904
99997630
100006640
99995418
99995173
100017468
99987624
100032439
99970241
99996697
100002914
100003976
100084112
99909433
100005425
100011674
100051272
99944844
99980011
100012496
100004909
99993120
99993068
100022317
99975395
100074620
99928666
100029639
99962113
100005525
99995249
100000702
100004314
100009686
100034549
99937606
100018541
100262134
99803841
99951815
99989266
100010516
99995951
99980870
100004864
100013940
100014462
99967749
100030551
99986591
99993974
100009175
99986312
100009369
99999462
99996341
100007718
100002637
100091546
99907686
99976892
100023891
100020368
99979685
100000391
100010209
99966339
100013701
100009046
100141629
99844487
99997035
100012439
99994534
99988055
100021609
99981203
100084094
99953759
99979320
100014717
100309205
99661114
100017175
99983981
100090871
99923682
100093749
99899727
100025337
99959921
100012143
100003717
100002387
100023603
99973425
100007694
99993577
99996876
99996035
99980568
100041845
100010326
99976608
99988683
100001945
99998213
100018282
100000735
99981277
99986185
100002294
100015537
100013341
100066138
99937847
99986043
99992946
100038484
99984668
99953066
100029175
100004147
100019640
99975250
100017349
99992009
99980906
100024537
99994951
100065266
99932534
99993280
99986780
100760593
99262750
100348185
99635738
99998184
100087264
99941850
99989024
99989762
100006109
99981194
100017121
99998927
100001916
99991783
100070401
99901528
100021306
100016858
99986693
100009976
100008078
100379116
99710958
99984794
99913958
99984652
100019564
99996989
100145678
99868203
100086708
99980230
99953213
99957782
99993264
99992111
100022164
100001284
99996008
99991179
99999699
100005658
100007217
100027492
99969280
99969163
100396572
99632109
100007671
99993648
100011746
99996493
99992555
100019183
99983059
99963327
100048225
100006730
99984709
99983403
100028903
99985629
99986882
100015956
100000788
99961941
100027989
99985936
100021439
100005148
99981817
100020085
100020098
99981328
99995916
99973029
100017953
100022428
99980430
100000950
100010833
100001617
99986570
100490090
99503978
99968096
100030140
100015274
100012667
99992128
100013012
100086838
99885641
100012116
99974832
99991624
100023072
99988728
100007684
99991218
100011397
100021246
99979192
100007012
99983451
99946401
100145217
99902745
100325624
99694241
100011797
99990761
99992019
99992014
100002697
99960683
100072744
99956687
100017728
99987819
100001303
100002417
100033352
99991686
99996581
99930386
100070520
99985665
99998051
99993308
100005063
100011683
99989815
100027874
99966936
99961180
100053502
99988921
99982411
100024271
100004270
100000204
99993862
100004096
99978302
99944359
100070200
100070072
99945012
99975240
99995552
100021042
99989952
100007453
99994603
99935525
100061926
99996343
100006604
100011500
99979817
100078748
99917960
100004897
100007818
99970853
100041926
99986624
100005724
99987847
100082738
99942412
99958827
100017553
100099196
99930251
99985200
100009542
99977917
100011014
100006474
100009156
99967265
100021259
99999690
99993944
100015081
100103983
99881242
100009840
99979114
100012734
99999794
99993624
100000824
100088699
99926805
99999995
99961558
100042470
99990440
99995664
99999582
100002140
99995486
100020840
99974824
100015179
99993434
100004880
99996226
100002424
99991418
100014587
100002564
99993100
99995673
100014546
100065011
99920127
100010504
100090019
100009907
99948826
99952596
99986341
100004184
100025656
100279830
99860029
99885555
99942518
100020057
100058943
100359595
99594286
100100963
99930596
100012524
99987522
100031513
100048951
99843855
100025606
100052456
100113358
99907320
99922697
100074916
99940088
100001546
100115785
99889430
100246885
99751826
100212542
99789959
99984378
100001357
99997007
100098031
99889924
100011943
99998187
100066830
99917943
100023400
100040792
99962167
99981955
99988668
100026792
99972431
100126286
99883975
100007951
99995820
99986419
100005950
100212585
99800371
99989965
100008526
100000033
99998749
99993042
100001137
100001583
99994588
100011431
100007824
99994795
99999666
99986316
99961953
100036446
100013247
100148312
99865678
99980691
99991930
100008992
100108951
99975751
99934081
100029068
99945671
100012164
100012557
99977114
99995113
100009062
100009659
99989150
100095765
100076082
99843148
99996889
99995272
100007091
100006824
99988191
99987041
100000769
100065131
99961959
99978021
99974205
100023857
100027535
100031186
99950889
99998325
100058131
99939938
100011460
99982599
100013598
100076905
99924088
100041881
99948906
99967410
100033255
100004031
99986025
99989780
100025889
99966837
100033018
100081634
99910347
99981559
100028049
100083266
99882687
99997804
100022248
102071479
97942601
99987896
100014700
99977397
100024525
99999047
99968739
100033894
99979968
99997472
99996471
100278085
99714848
100004381
100015933
99975182
100022421
100066079
99910747
100018075
99980832
100031821
100067196
99918216
99994674
100001479
100072760
99926285
100066175
99935501
99996871
99993992
100006482
99994220
99993085
100004379
100008919
99995199
100019313
99958039
100030024
99994014
100192959
99812965
99983901
100027961
99975432
100029692
99988944
100009402
99973065
100079667
99936279
100022585
99978883
100007695
99976227
100104896
99885075
100029162
99985223
100004210
100092031
99937400
99980664
99985636
99998247
100012862
100012000
99988752
100001279
100023900
100034524
99939813
99980762
100022330
100009648
100003673
99988659
99983732
100090340
99921494
100008828
99991992
99985673
100017849
99988420
100013898
99978626
100005789
99994464
100276529
99723523
100027886
99978306
99995291
99983911
100033910
99961614
100011181
100012242
100009840
100004309
99976271
100214872
99804054
99994748
100006299
100007919
99988799
99998565
99995801
99996656
100003430
100005783
100001710
99996614
100009410
100013564
99969247
100020865
99988562
100017748
99983913
100004146
99966426
100025953
99996489
100010424
99963494
100013939
100007390
100003784
100016236
100002717
100050431
99955985
99987882
99988287
100013453
100009694
100053767
99941036
99985223
99997859
100027557
99985771
100094113
99909731
99998757
99989819
99995401
100005602
100069858
99984982
99934792
100008652
100011489
100012546
100029923
99962094
100077478
99901488
100028772
100038564
99954410
99987088
99998121
100314712
99678770
100028250
99986096
99991159
100002604
100000338
100000301
99988187
100010928
99984674
100006049
100059463
100003534
99968961
99956808
100020054
100011442
99998362
99986523
99989597
100015321
99991286
99985981
100095737
99910769
100033391
99962092
100042822
99990963
99973333
100008107
100017478
100045251
99959043
99975278
100011662
99989204
99999307
100005471
100009303
99994170
100008448
100014981
99975720
99988511
100009474
100058889
99956533
99987470
100000171
100112151
99887250
99982653
100004179
100001824
100066026
99930215
100073616
99944273
99995099
99978473
100037368
99971270
99994878
100035725
99980723
100060630
99918480
100143008
99889802
99986360
99988565
100000506
100033134
99989959
99989293
100057172
99942604
99975004
100035461
99975469
99992132
100010585
100013235
99983722
100022247
100064490
99953017
99972145
100125661
99880391
99967730
100026395
100025183
99962387
100000369
100003922
100073713
99922470
100001676
99986333
100088461
100004309
99908835
100006208
99996492
100027645
99995041
99984160
100021763
99986959
99998110
99980319
100012794
99996133
100040418
99962656
100024764
99966060
100019195
99989206
100001301
100035689
99974726
100032233
99988595
99978212
99991988
100075947
100076333
99928937
99900519
100007864
100045349
99967898
100018908
100010437
99963992
100001632
100018196
100001266
99972231
100049714
99962571
99997813
100032624
100005815
99965950
99988719
100001968
100030729
99974869
100013412
100021565
99976515
99999687
99985899
100018702
99991422
100024438
99991451
99984059
100004324
99998328
99997384
100016122
99983722
99991582
100020276
99975932
100039311
99961631
100076200
99998843
99943046
99986190
100075220
99954900
99980162
99999933
99999083
100010714
99991920
100011126
99970615
100005918
100012346
100000441
100003777
99984309
100014840
99989305
100105209
99919142
99965258
100025309
99999880
100127677
99864205
99993444
100007046
99998775
100001830
100002990
99992489
100012855
99983070
100019876
100047577
99939014
100070385
99953145
99986608
99993167
99999503
100009327
99983327
100057551
99966337
99965969
100007945
100016402
99985804
100003051
99990092
100012757
100001211
99987561
100015872
99990279
100005432
100008300
99976713
100021603
99985908
100032503
99960445
100009971
100015989
99994342
99993599
100027363
99981774
99980101
100005832
100012144
99995517
99992128
100079887
99912447
100010359
100005114
100008078
99983424
100010603
99993149
99989489
100007424
99997412
100013437
100144970
99847802
100000924
99994046
100255678
99741989
100008704
99984365
99972889
100028972
99999071
100013030
100002480
99995347
100108640
99891129
100009080
99990494
99990434
100012170
100018922
99980611
99994148
100001803
99993920
100005254
99994434
100011113
99991361
100025654
100050474
99923314
100025053
99978077
100069354
99945911
100002114
100065220
99917679
100076919
99949586
100007481
100047492
99987601
99950841
99995724
100071234
99938124
99973141
100145489
100024445
99855346
100055915
100098944
99829991
100099806
99963584
100001619
99959317
100075347
99910231
100013242
99974710
100011450
99979095
100029680
99965827
100025645
99986782
100012661
100018235
99960339
100035585
99971226
100004965
99986192
100332843
99672368
100010743
100016301
100005320
99968710
100022635
100003520
99996363
99996312
100068245
99928049
99995007
99989292
100032219
99988682
100047221
99960813
99996645
99999354
99979503
100068570
99939074
99984227
100025484
100050983
99947465
99978226
99994402
100012731
100012222
99989979
99997072
100018023
99987340
99983783
99999835
100070311
99962370
99997512
99984104
100001198
99989390
100011838
100004643
100001283
100003825
99992065
99989722
100116215
99895490
99982767
100028950
99967229
100012053
100000754
100006537
100066119
99989683
99955530
100066021
99924497
99994068
99996076
100133199
99894025
100034169
99939577
100013067
100003658
100013179
100028409
99957351
99997000
99980354
100026182
100044539
99936972
100852387
99153121
99996036
100006540
99998959
100013719
99965802
100010576
100071629
99930263
100021170
100001333
99965313
100019905
100012726
99997581
99978621
100006666
100005804
100001264
99992566
100026572
99966338
100024149
99975739
100028297
99960347
100032664
99989919
100018750
99974106
100013674
99988692
99996872
99999545
99982825
100028704
99986132
99997232
100016557
99984599
99992759
99995339
100048954
99972989
99985095
100029364
100007350
99967630
100021331
99982043
99993153
100009399
100000815
100006387
99989126
100004126
100031937
99985741
100016421
99955569
100031995
99954322
100021414
100071098
99955552
99964521
100017670
99999516
99977923
100010117
99997294
99999709
100127075
99882233
99996748
100003676
100005390
99999196
99968846
100020413
100000708
99996548
100009150
99991790
100068828
99943909
99980036
100031752
99998343
100013011
99990557
99982851
100061061
99927179
100021523
99995002
99990977
100009711
99992597
100094760
99909146
100009502
100010243
99985100
100009919
99986577
100008092
100016920
99985633
99979638
100014977
99989675
99981654
100014757
100016801
99977371
99992990
100085496
99995671
99918152
100006549
100014419
99998271
100006780
99984117
100018786
99973861
100016535
100001364
99992492
100556132
99503860
99932905
100012504
99991957
100013875
99971997
100033989
99993136
99996943
100019356
99985581
100060969
99959690
99982858
100004315
99977847
100032775
99978747
100022560
99989390
99988713
99988658
100002519
99998811
100002678
99980270
100028159
100014051
99976532
100073837
99941278
99997105
99968760
100028743
99975407
100047630
99960446
100017115
100020879
100040441
100678951
99336118
99913624
100016959
99983496
100000941
100065651
99940299
99998863
100084284
99921980
99976170
100009157
99990337
100008945
99996579
100021866
100000073
99996784
100003169
99982671
100013274
100005837
99976343
100005680
100016967
99991773
99988469
100007611
100012259
99999073
99993878
99999892
99979278
100018146
99977460
100001791
100010274
99988580
100016917
100003204
100003661
100008078
99973795
99985949
100001906
100008024
100017452
99996228
99992435
99989622
100012825
100011044
99998273
100002880
100012881
99982355
100010609
99975288
100013762
100013785
99992978
99959818
100032218
99973376
100024989
99999980
100005665
100000326
100000525
99994379
100010201
100052747
99928084
100000921
100004247
99987915
100011640
99987548
100013152
100008107
99987945
99993044
99992806
100033264
99979065
99990568
100006186
100027550
99980808
100002731
99994784
100010068
99992448
99991395
100019886
99981749
100004485
100019799
99979755
100009711
100013782
99980854
100005726
99987437
99977807
100040906
99991573
100012976
99993150
99977757
99989056
100020661
99994086
99999975
100001084
99984134
100358259
99672005
99994791
99990423
100092831
99921865
99996514
99992407
99992812
100006716
100002500
100003716
100011927
99999944
100004801
100083638
99884095
100074520
99940080
100017123
100043302
99931269
100121343
99883269
99992867
99996024
100011608
100087066
99906271
100006161
100001567
100003530
99996506
99979224
100033815
100006624
99969876
99996006
100043343
99983955
99981462
100498542
99584869
99938467
99990988
99999631
99993196
100030744
99978226
99979162
100177884
99915949
99936739
99974928
100010851
100008942
100051646
100019559
99910950
100027241
99976625
100068082
99942909
100003347
99982247
99994916
100006343
100083339
99954966
99972728
99986116
100041249
99968201
100020168
100074248
99930302
100006447
99947605
100019372
100023460
99986511
99967104
101283293
98729905
99995976
100008614
100065927
99940163
100012754
99990460
99985786
99997778
100007062
100033723
99965729
100009075
100001983
100004683
100024507
101201550
98765323
100027369
99993647
99990069
100001745
99957258
100002158
100017574
100003975
100091010
99911587
99972263
100039680
99977434
99981965
100104718
99938614
99980406
100016999
99989732
100001319
100012270
99990584
100068962
99920255
100034968
99980815
100000356
99980131
100028304
100114780
99894477
100726920
99274601
99959854
100043121
99970297
99973409
100014029
100008637
100007245
100072400
99922169
99979313
100034065
99986212
99987249
99981215
100046821
99989264
100070735
99923305
99997169
99998764
100015386
99978575
100006604
99994054
99996714
100038810
99977389
100000662
99996487
100013845
99985931
100105616
99976212
99913034
100010622
100003993
99978824
100009348
99999979
99998646
100319181
99685160
100039249
99963205
100005100
99977802
100012091
99999030
99984047
100037748
99986892
100000083
100014003
100014696
100089220
99913322
100055510
99910954
100011510
100059187
99934769
99990590
100024281
100010865
100048983
100153936
99841585
99944069
100087088
99927724
101276905
98776892
100070543
99855967
100105113
99914366
100053712
100016628
99921977
100048552
99912024
100030087
99984137
100007159
100058940
99945746
99989863
100016814
99970654
99993404
100018462
100027466
99978210
100011940
99982548
100004353
100023752
99959452
100014674
100071429
99912562
100016556
100174662
99849491
100042362
99934011
99992084
100000460
99992403
99983789
100026163
100021541
99988459
100000968
100002731
99983190
100016381
99990950
99981686
100006282
100097213
99906746
100010662
99980249
100029978
99958219
100038502
99980206
100021305
100238808
99749377
100072016
99923905
100029844
99992719
99986831
100056415
99937398
99997461
99991814
100087159
99931104
100010598
99996802
100059173
99999170
99939978
100060028
99991377
99998281
99998488
99929681
100092858
99922932
99987597
100013754
99991683
99998843
99993260
99997901
100027667
99991858
99985330
100008433
100010711
100016338
99968488
100019537
99992827
99973331
100024175
99964775
100019098
99982695
100029137
100008194
99979003
100018563
99977016
100043750
99979682
99976504
100008327
100255260
99742662
100029007
99973963
100073834
99927537
99988984
100000869
100037837
99959602
100015637
99993116
100022585
99990936
100121519
99932656
99918031
100031392
99987538
99998536
99999033
99999609
100028887
99989898
100051344
99924848
100020736
100043438
99943365
100008876
100003714
99986531
99996498
100008334
99982498
100081446
99932235
100030833
99951113
100016725
100108708
99890651
100077547
100291884
99618901
100026077
99970637
100014570
100004355
99995136
99993825
100089489
99915221
100002994
99998415
99996785
100019254
99978101
100001390
100020936
100003358
100051200
99930393
99997027
100000403
100019045
100011564
99991720
99994075
99994650
99996146
99991945
100010520
100006066
99991294
99998176
99978841
100026023
100078455
99914209
100122489
99953258
99909365
100031370
99986108
99988315
99989235
100049745
100161811
99796993
100037338
99963898
100038919
99960930
100072703
99935031
100017841
99996852
99993707
99998527
100120019
99880069
100354512
99623338
100084714
99928505
100032525
99990754
100010082
100220459
99745710
99996568
100016774
99973415
100012429
100000722
100000766
100018709
100002803
99994877
99980835
100015685
99987565
100355434
99663728
99977478
99990375
100032728
99965202
100264858
99820443
99945735
100070348
99899197
100042951
99991146
99994028
99982023
100079455
99997532
99921752
100011060
100033251
99971234
99997111
100014215
100050184
99956205
100271614
99719748
99980453
100003474
99996925
99986136
100020359
99991986
100013520
99976938
100018569
100120594
99876203
100005816
100000586
99993817
100023752
99975178
100013576
100060415
99939398
99984593
100291375
99735202
100055271
99921942
100028521
99994055
99982691
99992520
99992758
99992072
100029630
99963313
100038332
99986186
99974213
100031754
100006006
100068771
99905529
100010415
99994924
100012600
99996477
100123620
99873073
100126490
100089063
99792654
99983331
100000151
100013089
99983188
100008111
100107919
99900768
99995614
99992497
100020195
99972057
100004430
100019197
100002615
100063586
99918820
100013466
99988989
99994451
99996361
100026623
99989939
100062844
99960819
100006914
99990566
99967228
100078219
99918658
100044099
99960281
100038007
100036950
99945323
99993871
100025359
99975132
100056153
99912921
100020260
99994747
100032502
99970296
100079498
99928144
99984727
100006041
100019193
100069201
99912327
100010463
99979462
100015149
100164011
99833133
99999376
100005248
100066667
99963279
99974407
99976421
99999060
100010062
99986576
100021609
100010676
99980680
100046690
99972763
99985002
100011508
99971704
100030366
99975080
100032393
100002182
99985869
99991123
100000813
100010702
100068111
99912463
100009752
99996478
100031768
100011597
99952657
100000209
100133812
99944059
99941507
99972019
100009553
100016421
100009410
99991345
100057937
99936650
99986522
100078296
99946669
100008372
99957687
100023281
100026356
100006053
99953897
100014745
99967598
100030483
100011127
99997914
99973965
100015573
99990398
100016911
100005186
99985348
99991538
100009963
100002466
99995349
100011049
99997656
99990879
100003345
99992873
100012011
99994863
99988592
100016602
99983086
100012738
100068450
99945985
99993491
99973808
100022316
99997111
99996469
99994432
100011521
100004446
99984715
100025984
99968676
100014842
99993810
99985332
100081276
99924764
99999508
100007593
100035291
99961661
100005182
99986477
100010378
100019218
99987172
99980846
100016330
99983426
100004807
100080482
99958109
99976438
99995697
100006699
100001374
99990277
100013396
100010944
99980185
100080605
99897387
100045969
99963887
100007614
100008110
99981377
100000052
100000447
100015973
99993380
100016219
99968706
100008024
100030180
99981144
99981697
100017161
99987150
100032774
100044972
99941109
99996123
100031553
99959593
100001389
100003371
99993757
100008770
99970870
100013585
100011636
100024104
99983252
99979050
100019080
100105198
99885910
100006404
100020714
99970312
99982107
100008346
100009497
99881593
100006786
100007661
99951272
100017095
100048814
99991426
99956843
100015333
100017364
99975847
100001130
99998461
100023562
99979167
100005338
100009190
100007922
100007237
99974861
99987961
99990697
100004503
100168884
99853077
99994414
100038402
99955777
99993016
100027523
99992264
99976913
100037806
99974353
99972906
100016139
100012692
99980275
99993410
100025526
99997531
99999842
99990375
100012547
99973703
100016951
99982160
100020153
100013710
100001721
99979621
99994194
100010589
99998074
100042144
99972613
100161999
99838723
100131557
99846474
100024235
99975984
100008184
100016248
100005852
100016448
99988678
100460748
99547085
100123894
99945285
99979780
99947481
99972260
100041417
99967941
100035152
100007979
99987917
100277219
99694826
100086284
99916399
100032263
99945498
100023047
99993913
99985137
99997814
100037094
99982660
100038294
99971424
100048056
100336683
99620079
100028425
99954565
99983811
100294561
99711764
100016284
99992206
100065996
99950617
100004235
99985546
99992349
100008303
100002227
99956671
100021920
100002842
99994289
100045048
99965272
100094335
99905515
100021269
100013909
99981864
100239646
99770033
100052980
99913448
100025160
99968269
100003317
100013139
100002817
100082259
99934180
99967272
100016286
100019271
99964173
99989175
100019318
100010501
99988034
99981316
100034863
99988213
99989176
100000789
100025115
99964163
100056555
99999968
99954747
100020973
100011352
99994551
100013203
99957562
100005894
100032105
99979765
100064591
99928235
100001950
100013514
99993248
99997270
100006960
100000902
99982999
99994934
100050932
99947077
99975948
100012609
100004562
100128564
99973549
99921332
100015491
100056149
99919945
99985002
100004234
100021723
99961399
100011652
100005384
100001322
100130509
99881346
100002472
100008762
99970468
100010259
99993772
99991427
100020726
100065946
99919853
100022919
100004850
100001140
100058802
99926453
100004390
100006740
100008998
99986440
100086060
99889539
100012094
100004393
99995683
100014244
99995189
99988176
100015531
99999319
99988609
100029506
99961828
100001566
100058244
99993918
99958901
100016955
100075959
99908569
100002550
100016225
99995094
100004450
99989835
100061115
99930932
99999815
100098957
99910689
99956365
100010238
100099139
99907735
100008914
100011199
99982073
100014187
99996455
99977664
100002519
100003316
99996943
100003410
100017958
100168504
99826428
100607779
99391726
100014986
99975732
100160333
99839335
100001393
100384481
99635234
99997431
100012548
100060961
99913956
99991033
100005469
100024323
99978347
99990491
100026021
99996255
100003966
99982657
100003671
100025973
99993164
100084871
99909724
99982548
99988776
100007183
100000756
100025167
100002435
100014233
99972056
99975534
100027580
99988151
99995874
100008448
99999453
99995512
100032324
99971387
100013930
100207745
99787521
100509223
99484777
99995491
99997993
99988540
100017619
99996446
99985611
100015077
99993615
100011447
99980761
100019269
99989551
100001030
100080146
99926332
100100073
99878982
100042653
99969748
100004822
100407636
99594309
100018418
99988524
99991393
100015045
100073442
99928881
99997268
99987997
99993605
100003084
100003904
100005362
99992248
100004941
100009300
99993102
99993446
100017699
99984560
100311003
99695444
100016550
99993458
100045692
99922273
100064870
99956696
100018068
100282868
99710819
99993906
100004228
99988557
100013380
99980838
100023269
99996173
99989468
99997831
99989007
100029195
99975442
100026252
99939592
100042481
99994811
100138536
99892634
99961227
99986406
100025847
100074498
100166392
99758511
99983005
100018837
100002918
100065618
99933510
100279268
99707330
99996485
99987727
100087270
99947919
99980313
100061540
99932162
100032498
99973548
100028008
100112102
99899001
99943293
100248711
99762923
100000888
99997128
100005490
100018279
99994310
100004294
99994297
99994371
100314773
99666509
100004410
100025223
99984954
100001902
100016705
99989236
99985081
100096374
99929835
100055659
99919022
100014532
99992521
100017979
99975840
99999994
100017823
100015717
99990338
100068815
99894574
100012941
100083749
99920270
100013996
100049381
99949540
100014473
99956869
100028807
99974684
100009380
99996540
100037304
99976433
99973138
100054820
99965104
100056455
99932237
100006065
100009256
99995708
99994607
100054278
99942957
100007872
99986483
100003228
100086257
99904612
100026514
99961331
100016989
100019948
99984951
100025244
99980998
100023964
99963182
100029935
100024034
99965121
99996844
99997754
99996447
100014568
100039116
99970845
99984643
99999180
99987934
100021392
100003462
100095614
99874224
100002388
100010466
99980162
100021609
99996626
100018911
99992131
99980654
100008852
100304110
99669513
100025388
100034857
99969777
99994393
100045516
99955149
99996440
100010749
99998521
100035167
99962850
100088472
99926104
99969384
100116640
99934188
99945106
100006020
100014193
100003211
100039727
99965425
99992709
100022344
99958761
100031494
99993571
99996330
99977820
100025118
100010112
99970760
100030123
99966724
100007459
100005704
99989266
100029812
99991885
99991861
100020326
99971327
100022816
99981256
100007729
100002639
99990972
100020481
99960295
100032627
99982824
100120608
99883131
100068565
99951955
100016726
99956190
99989249
100102567
99940306
99980567
99981524
100026246
100150204
99863089
100030144
99965098
99996145
99986013
99994773
99975341
100054846
99993038
99975188
100025913
99990694
99971555
99995212
100014953
99988420
100060967
99990117
100647474
99309714
100015634
100148113
99857397
99989669
100006034
99997977
100019911
100004819
99988220
100019879
99976694
99988255
99998293
100044889
99966606
99983698
100006141
99991726
99995641
99996397
100022691
100006916
99974887
100020102
99973719
100096883
99928339
100013642
99973518
99994566
100006489
99990522
100006754
99991599
100158861
99856056
100000025
100018035
100148394
99860515
99949974
100005729
100013532
99987196
100015497
100003759
99984732
100008133
100034981
99978286
99987655
99980962
100000947
100024371
100010418
100021928
99960233
100011082
99970698
100004614
100018286
100005794
99993352
99991105
100000236
100024097
99964494
100019890
100012821
99985940
100005315
99987043
100029709
99996045
99998978
99970101
100023044
99989064
100003186
99979389
100057503
99946791
100096616
99975660
99956946
100085424
100014677
99888049
100226353
99783378
100460421
99562002
100090803
100208375
99697850
100052205
100047941
99944280
100067294
100473976
99438104
100001551
99953955
100128429
99870802
100002647
100024434
99975106
99988032
100055920
102313852
97712388
99903148
100012249
100000807
100012821
99965885
100041400
99953262
100016648
100006211
99992061
100029881
99951696
100019615
100085725
99909224
100019207
99997795
99982265
100006587
99985734
100017373
100035573
99986498
99985263
99990411
99982562
100003093
100046350
99979103
99942346
100085933
99955867
100002385
100017681
100013917
99965119
99996698
100032653
99991356
99998450
99978000
100026039
99988712
100012264
99983506
100005873
100002950
100011916
99988678
99997027
99998115
100055871
99939634
100014073
100057291
99946533
99990454
99999738
99990250
99995838
99996568
100072789
99988836
99967589
99985452
100000450
100000355
99996690
100017014
99964975
100009960
100014391
100005030
100003562
99998770
100079388
99940222
99967019
100120809
99881097
100016808
99983623
100003967
100057598
99925567
100050019
99956234
100001436
99978275
100019978
100364725
99636677
99995392
99983025
100040988
100003893
99985480
99976922
100009650
100002931
99998028
99991433
99994240
100030595
99972535
100012148
100003445
99996523
100001616
100011469
100002359
100008017
99966366
100020154
100063079
99910061
100075671
99956798
99980035
100011427
99997750
99998464
99991944
100118429
99948186
99954726
100029191
99981084
99989293
99985799
100025949
99996604
99981544
100027032
99974271
100088781
99901769
100015279
100054650
99938246
100042498
99951023
100027948
99969571
100030460
99980961
99998230
99994776
100069155
99939356
100000092
99992117
100005862
99991103
100011083
100000374
100005469
99993147
99985144
99991831
100015524
100002709
100044733
99997983
99945455
99987281
100014778
100009385
99988775
99992283
100040305
99977981
100057427
99952915
99991920
99992182
100066543
99944815
100014630
99985792
100053473
99946668
99978642
99990382
100038249
100008253
99995943
99979832
99986830
100091753
99923381
99992847
100015288
99997855
99993612
100000066
100004532
99998017
99973997
100033221
99985499
100131281
99872519
99998545
100014206
99965738
100204035
99849304
99957583
100024793
100306714
99683803
99994156
99993274
100017423
99987008
100019658
99977416
99988728
100005720
99997189
100011904
100009868
99981331
99984164
100045990
99997074
99988808
99974456
100013231
99995114
100047204
99950707
99987721
100007116
100005363
100019131
100001050
99986431
100006091
99988575
100023485
99995651
100024073
99981818
99974764
100027726
99969046
100006116
100011332
99993948
100034803
99949899
100018650
99998546
100015768
100007265
99968568
99999517
100022136
99992808
100008728
99986542
99984671
99998859
99999997
100036060
99962975
100039091
99964029
100015968
99993094
100011148
100118007
99878949
100009017
99977950
100012890
100001552
99979299
100004969
100011959
100006619
99988045
100000494
100009751
99986016
100017526
99978172
100037228
99962150
99991539
100039090
99996375
100004316
99967681
99997605
100010042
99998858
100027807
99968774
100004308
99992278
100013238
100006847
99987991
99999041
99989273
100010067
100018008
99975225
100035605
99960546
100030879
99991484
99988633
100015381
99982959
100009249
100003501
99979300
100010324
100018786
99994706
99990530
100014218
100028498
99952675
100027196
99952363
100037041
99969785
100008098
100001153
100004712
99988868
100010946
100014730
100022191
99959216
100078536
99907660
100022119
100008239
99976046
100005346
99989168
100015954
99999074
100009888
99991397
99989435
99984622
100016185
100016757
99982674
100012843
100025039
99973400
99996900
100002709
99989179
100020250
99997170
100000402
100007033
99998519
99995160
100040654
99941083
100013595
99988122
100018537
99969048
100068528
99941828
100022396
99979092
100135484
99862242
99993772
100015394
100037856
99967484
100081124
99917161
100007765
99987993
100000738
100000802
99985059
100026907
100008418
99980268
100031204
99971124
99998875
100046475
99965706
99996567
99991728
99979740
100027088
99995813
99982202
100006909
100019183
100000217
99989101
100018248
99980079
100006951
99999835
100006912
99965609
100026678
100099966
99894065
100248961
99762516
99960470
100074677
99986234
99972410
100068388
99919432
100006028
99970322
100041835
99981317
100016594
99981875
99994774
100025835
99978437
100001114
100003341
99998818
100036306
100034112
99929499
99997630
99997869
99995301
100014602
99989566
100024699
100016640
100130036
99843056
99980720
100025456
99982524
100082553
99905541
99993721
100008169
100022251
99987331
100000173
100003838
100007449
99981650
100005202
100005590
100069489
99922123
100013815
100019299
100007737
99975819
100018543
99968365
100007680
99994898
99993634
99987883
100045890
99988025
99977704
100021237
99982774
99990432
100005707
100032534
99977347
99989429
100009038
100012597
99984609
100006471
100007882
99999418
100003697
99996870
99973567
100068922
99958596
99998260
99978463
99979346
100030571
99993173
100029433
99977388
100002789
100006792
100008087
100036969
99939411
99996884
100000079
100003639
100031188
99968498
100025326
100285083
99686463
100000111
99999939
100038039
99980891
99980685
100022562
99995463
100016197
99987388
100016275
99994219
99989809
99978522
99997202
100007833
100017724
99981107
100031088
99980119
100015162
99965321
99992490
100015705
100125231
99895296
99977140
99996705
100020004
100011134
99985245
99984405
100005950
100004529
99992164
100002106
99982801
100018553
100016232
99993763
99980835
100019733
100088025
101312056
98611711
100031232
100472007
100247035
99255593
99981302
100032632
99977279
99995413
100033140
99983949
100014226
100211453
99739984
100059514
99975342
99991162
100006528
100002708
100087209
99923657
100001959
100042900
100087287
99851465
99998363
100045999
99941487
100260790
99758762
99978095
100009246
99977311
100016116
99990323
100063093
99945671
99987263
100001091
100012440
99988405
100065854
99938616
100001524
100002709
99991553
100012710
99990862
100017031
99991249
100030709
99969392
100008571
99988763
99990370
100094473
100000007
99896043
100024465
99975677
100024722
99993042
100013773
100033832
99937763
100017740
99979382
100022021
100003527
99977902
99976752
100028562
99973110
100016594
99975868
100050718
99998329
99996315
100007053
99980821
99976738
100038714
99978336
100065226
99934285
100001923
100024947
99989322
100002400
100003066
99971406
100005545
100010187
99991190
100002113
100020324
99991635
100006709
100041058
99949785
100001433
100011784
99987607
99978362
100024405
100003184
99973671
100004397
100004538
100007420
100126816
99860042
100019405
100012820
100076589
99886879
100014329
99998082
100006040
100059333
99924623
100005469
99985531
100066991
99946584
99993501
100011819
100009910
99958412
100027295
100006591
100005895
100015261
99990739
100042676
99934852
100035498
99959873
100026478
99986921
100008842
99965143
100021718
100010862
99986247
100096947
99907291
100015983
100012688
99976072
100028523
99955807
100004168
99996600
100004288
99996557
100008997
100011191
99998422
99995518
99984021
100027243
99981194
100029026
99964957
100027578
99970336
100023600
99991538
99985276
99992144
100133056
99875702
100048070
99963736
100002207
99994431
99989108
100014479
99998424
100001773
100002689
99981788
100010927
100018607
99970114
100000118
100018563
99999739
99980225
100028743
99975740
100013605
99998040
100042033
99960518
100011022
99947354
100043947
100004726
99997121
99989626
100031470
99996687
100004147
99988228
99997196
100050942
99937870
99992215
99998482
100073582
99974888
99943426
100014597
99991261
100001614
100005370
99993513
100016725
99984048
100008589
99988607
100038005
100037557
99920622
100009442
100026053
100321441
99796091
99854790
99999844
100004314
99994052
100008348
100019270
99979100
99993348
100010034
100002509
99995719
99997755
100003122
99993000
100019886
100004423
99978276
99992321
100111622
99924572
99975607
100026952
99976850
100017356
99957879
100012451
99994714
100020427
99996282
100015895
99982935
99988799
100006818
99998799
100003688
100049114
99929952
100004322
100012872
99999868
99988615
100006197
99999004
100005592
99993432
99991762
100049720
99956195
100055832
99946206
100008161
99993183
99997372
99992256
100032773
99973972
100000981
100024141
99988264
99988635
100036164
99969213
100038376
99981171
99970274
99998007
100063867
99941270
99995410
100011038
100007523
100079539
99905214
100006675
99996554
100004214
99994014
100003824
100022219
99995312
100020540
99953322
100019250
99990470
100001501
100010963
100003978
100012694
99957522
99997301
100015573
99991891
100014806
100010573
100115667
99876920
100018639
99984500
99992384
99993589
99987780
100002118
100043366
100180935
99760123
100033361
99989917
99976696
100017942
100003927
100020814
99983435
100028398
99985738
99971997
100011071
99996712
99995968
100022512
100049657
99934035
99997162
100006999
100017326
99967202
100034620
99982828
100004487
99981187
99983599
100038815
99986421
100026678
99994910
99981260
99997851
100001778
100023167
99984989
100012315
99997574
99982839
99980819
100015552
99994399
100002682
99994850
99986965
99997227
100027561
100002673
99978088
99997976
100022157
99994492
99997110
100008223
99985661
100012845
99987374
100022206
99987068
100004821
99995699
99993307
100004755
99993393
100016280
100004313
99994816
99984367
100021313
100008578
99976182
100002847
99985762
100021158
100003879
99982064
100016323
100027978
99960546
99983573
100026343
99984587
100021508
99972661
99991557
100018805
100011173
99980569
99991269
100029127
99991171
100007264
100010841
99991179
99980469
100018321
99983066
100149829
99871076
99999774
99990526
99996479
100002786
100048322
99982584
99969176
99998170
100016225
99974929
100018479
99984823
100008545
100006137
99984761
100013556
99985872
100029175
99994656
99997449
100007338
99977621
100112475
99873770
100008189
100019476
99973569
100276756
99795511
99950887
99974583
100006332
100016693
100018336
99987618
99991370
100009026
99983667
100026953
100002379
99990358
99986943
99996010
99989127
100027700
99968153
100035783
99976936
100014762
100005924
99980853
100015123
99992185
100006891
99975580
100025052
99981625
99996004
99993806
100004696
100036576
99963793
100037269
99967079
99994537
99999802
100017114
99994557
100055306
99951277
99983291
99996855
100011065
100001280
99984767
100023672
99996168
100003105
99999592
100011405
99997250
99973122
100006425
100009288
99997729
100005830
99974724
100011002
100015441
99980487
99997865
100019800
99974688
100005724
100005093
99999432
100011952
100009456
99987907
99995394
100091548
99973078
99931708
100000456
99995039
100017586
99985655
99986187
100005610
100009168
100001926
100001093
99989505
100024610
99974482
100014914
99999571
99995223
99999518
99997215
100025386
99979736
99986282
100011593
100021518
99961612
99990371
100012430
100010113
100021846
99995322
99994124
99998254
100016887
99980539
100000471
100031694
99964887
100006964
100014633
99968755
100014156
99997905
99999257
100016501
99981920
99992156
100006050
100032042
99976419
100019954
99969910
100013547
99984356
100029665
99978953
99990526
100010344
99991691
100007521
100004861
100024623
99962552
99996008
100002158
99982669
100007896
100024136
100035884
100005643
99960772
99984182
100047564
99939082
100002689
100012355
100002727
100026954
100304589
99852494
99857610
99990710
100251923
99786057
99953066
100007587
100064239
99961411
99990406
99960393
100008177
99993027
99995696
100021644
99996360
99976501
99987303
100023392
99996184
100017611
99974887
100009335
100003286
100014632
99984247
99981992
99990680
100021238
99997845
99999717
100018657
99987218
99993699
99988568
100016742
100008057
99982203
100041631
99983365
99986109
99995027
100010614
99977621
100050933
99975667
100021207
99970310
100007243
99970298
100602664
99407322
100026406
100000151
100012148
99990454
99994459
100019675
99981550
99973834
100026987
99980226
100003355
100005482
99999738
99998959
100001729
99996642
100001508
99976982
100339641
99672917
100005705
100000604
100157818
99847215
100017471
99987398
99996911
99984073
100003697
100034705
99957086
100019406
100115317
99877154
100045601
99964415
100007300
100011810
99966275
99997445
100025478
99977790
99983450
100064168
99949669
100927052
99080655
100019761
100093708
99898503
99973921
100001625
100019527
100011662
99995571
99993504
99975464
100012153
99987141
100429161
99579878
100019410
99995685
100003012
100038197
99952182
99974693
100017785
99996158
100021192
99980927
99999712
99999329
100011031
99997893
99973214
100051448
99966482
100009168
99980199
100013837
99990405
99989877
100038736
99999487
99983248
100049300
99937675
100027609
100013492
99985917
99977872
100013121
99994940
100020857
99980390
99989962
100002792
100001019
100000180
100002427
100013254
100013884
99972948
100000057
99987789
100010620
100009909
100018255
99971817
99997205
100012088
100007736
99999559
99995504
100059621
99949606
100176746
99800098
100003317
99988352
100005280
100013134
99981346
100034421
99995380
99984353
99999462
99983484
100016474
99993093
100000831
100040350
99961985
100008517
100006544
100000326
100001479
100000216
99991418
99996262
100008519
100112239
99849057
100005930
100340053
99682346
100005800
99986272
99993670
100059447
99960738
100000797
100006267
99989433
99980491
100018349
100043230
99938907
100019378
100007329
99977598
100056053
99952787
99989941
100015172
100005607
99995274
100002337
99999283
100002043
99993072
99995982
100224635
99764331
100015999
99982940
100004285
100006134
100024551
99992714
99978802
100002897
100019238
100008181
99988558
100020534
99977346
100005059
99981446
100023606
99976035
100011856
100005847
100025533
99977698
99986525
100017826
99985633
99988719
100015444
99984800
100025312
100006246
99967458
100157352
99873885
99976312
100075992
99950630
99973752
100066799
99939578
100004233
99985439
100001879
100001587
100031713
99984157
100007217
99997879
99981591
100006140
99993216
100007624
99997714
100014894
99991087
99976159
100004883
100018854
99991727
100002988
99980003
100025677
100040916
99950875
100007180
99987644
100012023
99973761
100028951
99991293
99970203
100022350
99997159
100015532
100130711
99890287
99962345
100006027
100014429
100002656
100072275
99894211
99996573
100002109
100041778
99990346
99965682
100011278
100006255
100013409
100003367
99988745
99997494
100017048
99983143
99999823
100012189
99996228
99984237
100012938
99982098
100011333
100000759
99997563
100015431
100000174
99983203
100003829
99970932
100018853
100004678
100019423
99990588
100303555
99714321
99980634
99988558
100086922
99908005
100011096
100047507
99936646
99990748
100038084
99977343
100014042
100001143
100084634
99888158
100027628
100024280
99984431
99994755
100008421
99972642
100018056
99988600
99991063
99988660
100041013
100029878
99974120
99975582
100009459
100001304
99992415
99987346
99992738
100025795
100012219
99969935
100025753
99980831
100017655
99998696
99981802
99988577
100029685
99989505
100011789
99994151
99996582
99996396
100026799
99965405
100022955
99996649
99990862
99971551
100011538
100012443
100012110
100006102
99978174
100005042
100021793
99988076
100008163
99987619
100009553
99988303
100003737
99984795
100015478
100013406
99963319
100013143
99997198
99995124
100028148
100006305
100003272
99976755
99991166
100016087
99989079
99974931
100021639
100003185
100039930
99970193
100030539
99960311
99995853
100039292
99957980
100024241
99975562
100016825
99977985
100022250
99986098
100029545
99980128
100022695
99995550
99986540
99994051
99985538
100025376
99987806
99979614
100051066
100207111
99760267
99993611
99972371
100046598
99980577
100066440
99939691
100007438
100006437
99989318
99996177
99998767
99991456
99987274
100021743
100018769
99986243
100006940
100062828
99923540
100078792
99919986
100097134
99913501
99980944
100005928
99992986
100036630
99989057
99991650
99993869
100007799
99995757
100012834
99970375
100093890
99914114
100017397
99985658
99998614
100022087
100030071
99939812
100014788
100018299
99963645
100023255
100044316
99954255
100009846
99987770
99997014
99982939
100012600
99977587
100027585
99994847
100007992
99979125
100015144
100006244
99990673
100005892
100004792
99988224
100002717
100013829
100008593
100058407
99906169
100015009
100007261
99973729
100032931
99978131
100000040
100005090
99980241
100090143
99926380
100019814
100003146
99988149
100002791
99991435
100017903
100031215
99944886
100004194
99987525
100006020
100049627
99938340
100015702
100010649
99997227
100007030
99979920
100018495
99977141
100001986
100011489
100112319
99916930
99976775
100012378
99971282
100014166
99975511
100028341
100012804
99973168
100014460
99991281
100001959
99998556
100023288
99967967
100006597
100008848
99987012
100013882
99993728
100011845
99964851
100020800
100007404
100092783
100032637
99878391
99990900
100015847
100001242
100000899
99959227
100020602
100009758
100005410
99992291
100022241
99974063
100011320
99996057
99972586
100008253
99991666
100025096
99969927
100019466
100012141
100004090
100007969
100080317
99939690
99996997
100015515
99984318
99977541
100052799
99961009
99998283
100041439
99943898
99995815
100014689
99988809
99993239
99999476
99976844
100027909
100020615
100003475
100347035
99645982
99970808
99995227
100011505
100010988
99971462
100019968
100007452
99968534
100038252
99986782
100025790
99971071
99991619
100015679
99990710
100004134
99999094
99975611
100019039
99998467
100041587
100177036
99791573
99993134
100005508
100592681
99418059
99973706
99994584
100019268
99992470
99987643
100029456
100010008
99957868
100015560
100006849
99988895
100000480
100013316
99997241
100029450
99953254
100020977
99996035
99988320
100029257
99987008
99981548
100514063
99493954
100000739
99981490
100025488
100011328
100652296
99323361
100022190
99978563
100010328
99996631
99992057
100006128
99995179
100037014
99974635
99977795
100006837
100006360
100020419
99997216
99973115
100009371
99985552
100024007
99976873
100010178
99991680
100019896
100015770
99977518
100046904
99940932
100022522
99971266
100013157
99984368
100019940
100004208
99987106
100025980
99968120
100003893
100042633
99974849
99967091
100014698
99994183
99990988
100026788
100008843
99979586
99987107
100019366
100014265
100012272
99972430
100018299
99982538
100006773
100018288
99985537
99995493
99970578
100020755
100010583
99990551
99982824
100048214
99989098
100013167
99975829
99999772
100017146
99972512
100014730
100010159
99992260
99981136
100017103
99979195
100016688
100015355
99969176
100105015
99922538
100004910
99984339
100050510
99933209
99983642
100638217
99406832
99968565
100000725
100017583
100007944
99964099
100034502
100002829
99991731
100009910
99973575
100010451
99999751
100016135
100009505
99980018
99993226
99992500
100009507
99997606
100002576
100009877
99984884
100003262
99986897
100012481
100013047
99967712
100011897
99992291
100028263
100017889
99995054
99979629
100015144
99999031
99974215
100013248
99998169
99992459
99980605
100022898
99994588
100014578
100017602
99988499
100012765
99959117
100047527
99983939
100027717
99935425
100016260
100006638
100009820
99986251
99988011
100039380
99981443
100007618
100075702
99932671
99991829
99984345
100013823
99999595
99965846
100028410
99983746
100023665
99996338
100016222
100053075
100406336
99521171
100016256
99984779
99988191
100044475
99984531
99971691
100019946
99985088
100004447
100018827
100002095
99986292
100009985
99971309
100039247
99992268
99991623
99994192
100027614
101287170
98952717
101103704
98820993
99814507
100000293
99992635
100000225
100007587
100003549
99980082
100016788
100050038
100012753
99939436
100049558
100406222
102417958
97869067
99348183
99884505
103678243
96324837
104298237
95713199
101152075
106700086
100561638
102762571
95595110
102608167
102267693
103118946
94814271
102653294
95806349
107030381
98243691
86677981
104856797
95737594
99579002
99881018
99952207
100092284
99916529
99996386
100045871
100028786
100031869
99905174
100002037
99990718
100006860
99991196
100035633
100001204
99961339
99979889
100015093
99988865
100015878
100018378
99976779
99978764
100013890
100019247
100073470
99909292
99994292
100009879
99994463
100012924
99995076
99990295
100003420
100001457
100003595
100000336
100007538
99978019
100006132
100955445
99070711
100022862
99965934
99998767
100022702
99982093
99994214
99990038
100057759
100009872
99966931
99999518
99985612
100006214
100246918
99721042
100037717
99981218
100004213
99975208
100028719
100311139
99677719
100028968
100111165
99863403
100000933
100018607
100007500
99980813
99982492
99996941
100022330
100032996
99944478
100012957
99998516
100000481
99986909
99990154
100018725
100005110
99981519
100003964
100015856
100007456
99969836
100012452
100323791
99709361
99983728
99991855
99995134
100009993
100011415
99981498
100005455
100007834
99973387
100019488
100007751
100000142
99990590
100001772
100002555
99978156
100010729
100021815
99986750
99989682
100010752
100007332
100006859
99994764
99988353
100025743
99964374
100040566
99961715
100013282
100011056
99975995
100000984
100004253
100012118
100007674
99993765
99974607
100021751
100074943
99917201
100034247
99967998
100043387
99967663
99990490
100006267
100407979
99600363
99995986
99995436
100014577
99988836
100035856
99964074
100006498
99969470
100014419
99998981
100001668
100008405
100026050
100041663
99916618
100127708
99894889
99995774
100000760
99993094
100000989
100008265
100029139
99958606
100310166
99692177
100019101
99975713
100020175
99979644
100009284
100019246
99976015
100007707
100077855
99910744
99984616
100029059
100007435
100067269
99903165
100002768
100017037
100013941
100332602
99646110
99997404
99987443
100029557
99989678
100005285
100026405
100047789
99914197
100003902
99985616
100008762
100063173
100052951
99885660
99996087
99983686
100019671
99998979
100027807
100002068
99987793
100023599
99977863
99992038
100005323
99992092
99984372
100018946
99997058
100011098
99977476
99998383
100001871
100038382
99953965
100012821
100020626
99984887
99980972
100026643
99975168
100052636
99926364
100015951
100006621
99999698
100002860
100004892
100022795
99977992
99994430
100011421
99997191
100012134
99970805
100019595
100001401
100017886
99980905
100061623
99933095
100033153
99949188
100008519
100052246
99947731
100013299
100017546
99989678
100012099
99985332
100012717
100002900
99981820
100000654
99998778
99998472
99988141
100020733
99987075
100013166
99993831
99987120
100017082
99991843
99986803
100014347
99988916
100013440
99994821
99995317
100011418
100006570
99977754
100015959
99988594
100021753
100191454
99785375
100016738
100000123
100017462
99963598
100168279
99912800
99932049
99995045
99992410
100018344
99998050
100106104
99900506
100005943
100420739
99593201
99975706
99978829
100044628
100007333
100009086
99994097
100084333
99998029
100124752
100191163
99841538
99756856
100040228
99992899
99956473
100180555
99807032
100001527
99998645
100004896
99968438
100009370
99999140
100025605
100018661
99972969
99980744
100014241
99995400
99991320
100037592
99974303
99994723
100010867
100116395
100709898
99171695
100051766
99959422
99978195
100009080
100004639
100081564
99921518
99999633
99996054
100008297
99961200
100036888
100008249
99969281
100100103
99894000
100005063
100025409
99983654
100017191
99977192
100003626
100003474
100045444
99962452
100025116
99975773
99993611
99974359
100024041
99988551
100000476
99992404
100024106
99988562
99991203
100048856
99976304
99985678
100088149
99926817
99993442
100018467
99963547
99980016
100102009
99945477
99990041
100003892
99976409
99989263
100022670
100104687
99944277
99961322
99995556
100007218
99997868
99982045
100008832
100002242
100001984
100018985
99963900
100030185
99997013
99988033
99979291
100018157
99998833
99994994
100018293
100001580
99995831
99981399
100020440
100084767
99906851
100000316
99981697
100042846
99961293
100015517
100118116
99894508
99972245
100008114
100004596
99987849
99999385
100007748
100042549
99975838
99993374
100000684
99974978
100007210
100006972
99989609
100037460
99959023
100017369
100018184
99998810
99974614
100004385
100077854
99899093
100020279
99994200
100005631
100006628
100012171
99988661
100082999
100154483
99759872
99998815
100011616
99994821
100007737
99969778
100007673
100012458
99999206
99997955
99988360
100015708
99987066
99993793
100007022
100010459
99991055
99996130
100013788
100052414
99953386
99983550
99996504
99999883
99994960
100038687
99946922
101227101
98792409
100010560
100001376
99975991
100028570
99957469
100027257
99995364
100013701
100047475
99944147
100059222
99955506
99984111
100081711
99926243
100012054
99977973
100005347
100053738
99955654
99998512
100003265
99994225
100015552
100012738
99982882
99990654
100001335
99991987
99996850
100010928
100004875
99977878
100032688
99970978
100012378
100002050
100021087
99988691
99985146
100001203
99986238
99988334
100057930
99946630
99993115
100017359
100009148
99995908
99984862
100009690
100001793
99998386
100042044
99969077
99985056
100008781
100024739
99974008
99997821
99981281
100003449
100040006
99959648
100008705
100021040
99997934
99982476
100029443
99998878
99989423
99972632
100053355
99959077
100040354
99984372
99985845
99982907
100022352
100051476
99950581
99999727
99980300
99992665
100009869
100016229
99984958
100020530
99992076
100001793
99991758
99995971
100031274
99980796
100004928
100052387
99917532
100025345
99972563
100023875
100007763
99979362
100008459
99993082
100033560
99979585
99997665
99988147
100046752
99969854
100012621
99996610
99993109
100039314
100196327
99773545
99989044
99974789
100031838
99975102
100112513
99900105
100078429
99913026
100019275
99981930
100014809
99975820
100005264
99995656
100130547
99961195
99936430
99987121
100012193
99999187
100005083
99992605
99973394
100014859
100027305
100080139
99890555
100026880
99983540
99978653
100027567
99983352
99993347
100015291
99986375
100019561
99996888
99986829
100013508
100007499
99976143
99986251
100040838
99965815
100136317
99860653
100034620
99986681
99996515
99988578
100006347
99993090
100022687
99972276
100003471
100005031
99997283
99995829
100015300
100043160
99935219
100023287
100001652
99994306
100010956
100005989
99975938
99999942
100011924
99980925
100001691
100016449
100005988
99996658
99998300
99987241
99990628
100044616
99969737
99988789
100020155
99996107
100031902
99990123
99983749
99998155
100004212
99999816
99999874
99988064
99987927
100084418
99925040
100050186
99938196
100001593
100031303
99992555
99966297
100049062
99939280
100041071
99982871
100077738
99947131
99962275
100034810
100011044
100013164
99958774
100017380
99981136
100013516
100000565
100006914
99987885
100006850
99990426
100014254
99991773
99979499
100032730
100093677
99961133
99926759
99995197
99998829
100018202
99985578
100135896
99870646
100071901
99934034
99990123
100051638
99938578
100006979
100020549
100051242
99942590
99990321
100048750
99928473
100016737
100013814
100101665
99902171
99984310
100000600
99995332
100031761
99981919
99999336
99992603
99988556
100039404
99974612
100108153
99904012
99979182
99993739
100053781
99949623
99994664
100020406
99984868
100039013
100125867
99848883
100005901
99998766
99982873
100020161
99995311
100001967
99977660
100018891
99977682
100024180
100014521
99975354
100010883
99991707
100009787
99983454
100004246
100024728
99979528
100009550
99972956
100008284
100001619
99993094
100024804
100142823
99854617
99996615
99992074
100005790
100008603
99985624
100004735
100017001
99978670
100143996
99861149
99984806
99988943
100002532
100005415
100015075
99995206
100007005
99988063
100017864
99989806
99977230
100023555
99984690
100087351
100835121
99109765
99984525
101667683
98327819
99996019
100004911
100010523
99988943
99999919
100004754
100007235
99969502
100038923
99982069
99989500
100025939
99992764
100063282
99930051
99986058
100011903
100003905
99984762
100065049
99982175
99973344
99989366
100003510
99974851
100057376
99949544
100033772
100297564
99703867
99986400
100007071
99993165
99986644
100044804
99967090
99993094
100000145
100091633
99911084
100019542
99997792
99996396
99981386
100010438
99997209
99972933
100009258
100022310
100101498
99881175
99992067
100034763
99983090
100006899
100014030
99974939
99980539
100026774
99997432
100014913
100104318
99880353
100046087
99968331
99991285
100009254
99989711
99992327
100019146
99990252
99989497
100030877
100218016
99821103
99971635
100014630
100054275
99927370
100016628
99983136
100077073
99936335
99980161
100003111
99992157
100032638
99977227
100297093
99710606
100055775
99926115
100075478
99941566
99967656
100200395
99806641
100012416
99985846
100016253
100003270
99981861
100007637
100009911
99989091
99986672
100008040
100010359
100004968
100031160
99942642
100027841
100000069
100114560
99879408
99979698
100014664
100011960
100009485
100046275
99914598
100010144
100164391
99830698
100014149
99998918
99985229
100032405
100046600
99923091
99983888
100045725
99976461
100016609
100004224
99982410
100024020
100018612
99956149
100006368
100005019
99993292
100049986
99955157
100007657
99991076
99990771
100027758
99988320
100096085
99911813
100006103
99984982
100006312
100009996
99978948
100002564
99997275
100004366
100012807
100004458
99974472
100039868
99991119
99947542
100005579
100007892
99994300
100008761
100012734
99983899
100018932
100001843
99973137
100101002
99924588
99982266
100011660
100953593
99041845
100006044
99978861
99997595
100000978
100003393
99997247
100034004
100056003
99925460
100011573
99987164
100065945
99943866
100000733
100012685
99978774
100078117
100068099
99946918
99897279
100016148
99988433
100007222
100236700
99872222
99873886
100017120
99983095
100002126
100007250
99985063
100014494
99987321
100002285
100050141
99966748
99992769
100021740
99981874
100006580
100000105
99989918
99982872
100033168
99978602
100018062
99996486
100004267
100006552
99990028
100015273
99971673
99990071
100016021
99988335
100014068
99980220
100006153
100180973
99839713
99994907
99983095
100028915
99988885
100015955
99980004
99999894
99992837
100024503
99968403
100000024
100006463
100035378
99985686
99990156
100017527
99967883
100004206
100021958
99973816
100017610
99993506
100015013
100009061
100006934
99943455
100065804
99969100
100137908
99853664
100009618
99977375
99984750
100033146
100006567
100005372
99982915
100034924
99977958
99996561
99972091
100018154
99997826
100026805
99997872
99982916
99999926
99990110
99995182
100020735
99996492
100011994
99982687
99982071
100031958
99986786
100018311
100055568
99927438
100006579
99979598
100023353
100153153
99903495
99947776
100010306
100007255
99983316
99970116
100002325
100016051
99974861
100010623
100049357
99950726
100006216
100029858
99991512
99975548
100030523
99979200
99999661
100017423
99971307
100005375
100862594
99140640
100018403
99974377
100030315
100005097
99972295
100004758
99993830
99995930
100012203
99981010
100012290
100008912
100003713
99976639
100013192
99989277
100002841
100002003
100016484
100002949
99981158
100031925
99968653
100000458
100016128
99972321
100025206
99987778
100015650
100012085
99966165
100016470
99988151
100012453
99984380
100002061
100001162
100006250
99991736
100041687
99975754
99990617
100029140
99965510
99980753
100058101
99953113
100019237
99996583
100003106
99985755
99999379
100024850
100277820
99700576
99987344
100012753
99983279
100016314
100116533
99872686
100028087
99992297
99975545
100030975
100000898
100004581
100015368
99965365
100107466
99912722
99986833
100001012
100013859
99980924
99999609
100079955
99926425
99997933
100026922
99958078
99996589
100015141
99996998
100006117
99998196
99992709
100009969
99994820
100006677
99996321
99993899
100007467
100024895
99985350
100035468
99965909
99975891
99998251
100026320
99966820
100031111
99978496
100035517
99975273
99982725
100020266
99979454
100004909
100001998
99991942
100012339
99980781
100017468
100008339
99988752
100015583
99973851
100009816
100005730
99987587
100059056
99968427
100001525
99986617
100004277
99975653
100019176
100038086
99953348
100022385
99985710
99999952
99987881
100021741
99991713
99985818
100018438
99993315
100020077
99969401
99992197
100028379
100009653
99986675
99981915
100013764
99999521
99994763
100001787
100005935
99989898
100083132
99917666
100024613
99976254
99997764
100010598
99997810
100002697
99999967
100032776
99980052
99971747
100000536
100014394
99990296
99997320
100005509
99993365
100014745
99991203
100013065
99989289
100000766
100005021
100012158
100004852
99969271
100032588
99984719
99982299
100051323
99944344
100031097
99979049
100001355
99999426
100005085
100005811
100011682
99981240
100012775
99988148
99986203
100016136
100006418
100009938
99988242
99992993
99984016
100035517
99970763
100014861
99996324
99996642
100024473
99970556
100002731
100055271
99932893
100029367
100008715
99962088
100014738
100014011
99996802
99974341
100010309
99983278
100063566
99976537
99987045
100013539
99976196
100045286
99969585
100004339
100127292
99862000
100006832
99983550
100004971
100013597
99985782
100006912
99998174
99998795
100000592
100023552
99978268
99993840
99987657
100027098
100004071
99987648
100000319
99991145
100021561
99994321
100017306
99973897
99993042
100013640
100030065
99966422
99989434
99993652
100024282
99991448
99992357
100031007
99992412
99997000
100010089
99979406
99990222
99994941
100026439
99992093
100003921
99978699
100107464
99910994
99988710
100009232
99994251
99989145
100007635
100019370
100124888
99863252
100014383
99996715
99990512
100000592
99994824
99987587
100004549
100067707
99940419
100003114
100017923
99987678
100016770
100000530
99964450
99998443
100000541
99997972
100001096
99995497
100015457
99997184
100011380
100020431
99973963
99987576
100017524
99996512
99992085
100003729
99994359
100021425
99981234
100011742
99982653
100028427
99978894
100015056
99977385
100014884
100034383
99948271
100011889
100006081
99991998
100005332
99996540
99995548
100060636
99957508
99976169
100133303
99905230
100718434
99310490
99993117
99969599
99996988
100067806
99998328
99910172
99988092
100058361
99962953
99995458
100078088
99951371
100005581
100054898
99957743
100022017
109697565
90264379
100009734
101193981
98803852
100019280
100189802
99826525
99963727
99988001
100041143
99958080
99991524
99985215
100096089
99904773
99987037
100023804
99996022
99985187
100007845
100011196
100148473
99851731
99996057
100010247
99983807
100013257
99977744
100007370
100057246
99936091
99997336
100025065
99993189
99978449
100034993
99970453
100059093
99963123
99986232
99986505
100022147
99984579
100015583
100007724
99983569
99978457
100009161
100016357
100053178
99940287
100010410
99998983
99991142
100218445
99789379
99975202
100189437
99834591
100023195
99977328
99995323
100010672
99976738
100524350
99491888
100033850
100533089
99421974
100077725
99922016
100015251
100014449
99957604
100036124
99983903
100003602
100006773
99982117
99996626
100019892
100002674
99986946
100002614
99997722
99995191
100091113
99921181
99999135
99988680
100023617
99997296
99960703
100033653
100592835
99416792
99957066
100013413
100084078
99929462
100007266
100132427
99857881
100001804
100004201
99991717
99997546
100030774
99963520
100027072
100046935
99934074
100000223
100025605
99981028
99979301
100005821
99993517
100096898
99922543
99979316
100054378
100016293
99958134
100748247
99217319
100003289
100036521
99988684
100012969
99991265
100006123
99986264
100001069
99988836
100000952
100128055
99863272
99993851
100021122
99996537
100014362
100005167
100248338
99719842
100017005
100015944
99975264
100004665
100008859
99994521
100022949
99954390
100080827
99952878
99996497
100016362
99970147
99998944
100009547
99984872
100023149
99981558
99996028
100033725
99975209
99988795
99996024
100005874
99990736
100013995
100012328
99982385
99996170
100003035
100003710
100069492
99903595
100015556
100024731
99990112
99997795
100018599
99965980
100036107
99997632
100198380
99781360
100001422
100018558
99988883
100008839
99989318
100026609
99979403
100016516
99992469
99966963
100022788
100007633
99988165
99990630
100004327
100021390
99989417
100028538
99957980
100591611
99439751
99986048
100009497
99986623
99989930
100019452
99994472
99997470
100022201
99975495
100008421
100014050
100002638
99998189
99973014
100038671
99979706
99990295
100014699
100184073
99854895
99964410
99978996
100003226
100017301
99997015
99983980
100018236
99999696
99999194
99984220
99993229
100002560
100034067
99978239
99987759
100000199
100003999
100087138
99930754
99978965
100029658
99986348
99989962
100005108
99994484
100022421
100001215
99995386
100003185
99988248
99984273
100028856
100042105
99955990
100007199
99995938
99996267
99993631
99991178
100002477
100027670
99961716
100007357
100001116
100007495
100070661
99934611
99981149
100034833
99968519
99988676
100008173
99972104
100041633
100000421
99991988
100003088
99984036
100016167
100009166
99997935
99981541
100001629
99996326
100839860
99236229
99919582
99986821
100005622
100023561
100000835
99980921
100000118
100171543
99837950
99993535
100009152
100005754
99996372
99990886
99997723
100002885
100008189
100041631
99968052
99992339
99990445
99996664
100001126
100012900
100204246
100080111
99728542
99980281
99997010
99993428
100007503
100002661
100011494
99967334
100014212
100016381
100042895
99951565
99974773
100004353
100017870
100015707
99987700
99989877
100019891
99991148
100079687
99928969
99982119
99991308
100021521
99993407
100007076
99975022
99997275
100004052
100109111
99899599
100006005
99994527
100000976
99994558
100006559
100013020
99988025
99985992
100013841
99976861
100021988
99981899
100004935
100002109
100032510
99967421
100002076
100015779
100019177
99982748
99984128
99985691
100014963
100018751
99963697
100061432
99964464
99995477
100117605
99883692
100009330
99986418
100043628
99963099
99995282
100004749
99991617
100009119
100003430
99988357
100001531
100002421
100020023
100021141
100026849
99955136
99975968
100775178
99305833
99940164
99988638
99992812
100002867
100068048
99965338
99985588
99965767
100008840
99998538
100041052
100501152
99489558
99982146
100070147
99951216
99975022
100023552
100007835
99973570
100022578
100005635
99957876
100003513
99986191
100011525
100001718
100012677
100009844
99977768
100114423
99903233
99972356
99995095
100041688
99968935
100009903
100012469
100136993
99867004
99977689
100056750
99951966
100560422
99437806
99984202
100097402
99909274
99993572
100016637
99987657
100000200
100003393
100047470
99957326
99997195
100001150
99995945
100018651
99985356
99990655
100026895
99986791
100012058
100054017
99917252
100028984
99971492
100020323
100009958
99983517
99989511
100475470
99543980
100081682
99946312
99955069
100005747
99986657
100012810
99994282
100013726
100015855
100069181
99909526
100014811
100005404
99950301
100029448
100002331
99993641
100008287
100022926
99981736
99988723
100020505
99975568
99981303
100024148
100012053
99982660
100005723
99996464
100009089
100006845
99983255
100021727
99978765
99998994
100600374
99382088
100021689
99983206
99998505
100004646
100007196
100005151
100080438
99922221
100058118
99930798
100007705
100006632
100524494
100685314
98787138
100015126
99964650
100176065
99860922
100015180
99993842
99980450
99994954
99999758
100138310
99884212
99987118
99985305
99989339
100021160
99973084
100070465
99970730
99977995
99995953
100006995
99989348
100012657
100003792
100009412
99982280
100007381
100013787
99993051
99972245
100009548
99995541
99996050
100004728
99986908
100030645
99995080
100037653
99938486
100010071
99991106
100345172
99676725
99988043
99995911
100032971
99982975
99964980
100018706
99988183
100004155
100089131
99931078
100038070
99966797
100018259
100054185
100021343
99911496
99990943
99995970
100013018
99975063
100026489
99972606
100031845
100540213
99660012
99865788
101517194
98510828
99903002
100359044
99632766
100338700
99674372
100035145
99957366
100019818
100087344
99895092
99987647
100087631
99903421
99994213
100005924
100043616
99949485
100009838
99982906
100020390
99990328
99987798
100022551
100016295
99991869
100071977
99934646
99981610
100004167
100013753
99995030
99987507
99991361
100060169
99969839
99987795
100030582
99962333
100003917
100047942
99934029
100095933
99919549
100005758
99979917
99988211
100015033
100017474
99981179
100016420
100015487
100001594
99975502
99990193
100011303
100015499
99984573
100064293
99936414
100057347
100079817
99881869
99982326
100008814
99995355
99991180
100009018
100090476
99955921
100015225
99933170
100001943
100009289
99991584
100000747
100071232
99954757
99997682
99962303
100043398
99981385
100001330
100202269
99796904
100190668
99784941
100022512
99977930
99989310
99994119
100069173
99965758
99993663
100001042
100016151
99979255
99991306
100001205
100003992
99996810
99994083
100008129
100023226
99965937
100072869
99935057
99987560
100017578
99991822
100010895
99997209
100009652
99996435
100004252
99976039
100001925
100025630
99979761
100009342
100016711
99984990
99985333
100017091
100014899
100090911
99890218
100016085
99967505
100022625
100045188
100084103
99894282
99989283
100196913
99771338
99976872
100039248
99977167
99984990
100013567
99994791
99999049
99999201
100029512
99982486
99996605
100020473
100026226
100026628
99928390
100045876
99940748
100003265
99987461
100022228
99989661
100012438
101148514
98864152
99962856
100022544
100000735
99979568
99991510
99993403
100023178
100011435
100000095
100006080
99980785
100003712
100002621
100021632
100041634
99934551
99990748
100043886
99956514
100020086
99991640
100006310
99987294
100017067
99988078
99994001
99995778
99997912
100010392
99986724
100017905
100077583
99896179
100030214
99978446
99999950
100009921
100006116
99984756
100037032
99972207
99993134
100014536
99989330
99999954
99998491
100073150
99930095
100013750
99979624
99995446
100023456
99988596
99989662
100032078
99988747
100037921
100097869
99849996
99984694
100030015
99984626
100007304
100003844
99987504
100003668
100028680
99964056
100026636
100101006
99896636
100010600
99996375
99975644
100008393
100002574
100004494
99985801
99988127
100034960
99982781
99984569
100123294
99963554
99937349
99995113
99996355
100005949
100410306
99594446
99988792
99999635
100000706
99989408
100005516
99990376
100020500
100002708
99990426
99988717
99995835
100020905
100000727
99989566
99992428
100045092
99983376
99979003
100009432
99996849
100017881
99994997
100001011
100005024
99993916
100001616
99991666
100011673
99981149
100087513
99918402
100006963
100008848
99975316
100012816
99994134
100003648
100036702
99956373
99991239
100002281
99995971
100004229
100004290
100003247
99995315
100012434
99968526
100020036
100057505
99932102
100015005
99996382
99976486
100044899
99971928
99997354
99985679
100067535
99969390
99982156
99999938
100006088
100006161
100089098
99929746
99979416
100002172
99987255
100065640
99917642
100017468
99998953
100011452
99976558
100023000
100014699
99980881
100026426
99960203
100017070
100013123
99984282
99993510
100035443
99970077
99993222
100012225
99976366
100011374
100002198
99985783
100022612
99984097
99995226
99999291
100036223
99996594
99986278
100000663
99982806
100003265
100020209
100000761
99997543
99993101
100054754
99945932
100004342
99983376
99999346
100001393
99999634
100006574
100015015
99978009
100045714
99986306
99959935
100015687
100004505
100130530
100052912
99818746
99982215
100018662
99986309
100007593
99998501
99997908
100003522
100003815
99990246
100013497
99978386
100002024
100055317
99947093
99996077
100014265
99994226
100000317
100011592
99995556
99981164
100056138
99956599
100011122
99992126
99980860
100013261
99991684
100016108
100007787
99999477
99989009
100003877
99999177
99992292
99999383
100015643
99980921
100087949
99920708
99994963
100001586
100008639
100006187
99985161
99996864
100000968
100000126
100024254
99984042
99993763
99999082
100008275
99991183
100129881
99875851
99990018
100048818
99972466
99993975
99997972
99988689
99995974
100032924
99985470
100012505
100019605
99970991
100016968
99983863
100006884
99977739
100021275
99990799
99991858
100000122
100006398
99988120
100006427
100009610
99995533
99981382
100058156
99979338
99977312
99997736
100007465
99989811
100008851
99995275
99994178
100004547
99992112
99986304
100016725
100033794
99971186
99997847
100009774
99988141
100023025
99993093
99988170
100066260
99952947
99987364
99995717
100016876
100011714
99984050
99992345
100012130
100026337
99978055
99986320
99999666
99994688
99987281
100009707
99991098
100054578
99938856
100019715
100010953
99981927
99994272
100018586
99987434
100006884
99983303
99994951
100022185
99994735
99988092
100005014
100115273
99878736
100002044
100023053
100004999
99977291
99992340
100002904
100005176
100025316
99966788
100022455
100000896
100086501
99911308
99992364
99999895
100001409
100022102
99977602
100000062
99997088
99994217
99999263
100012008
100010114
99985509
100004022
99999482
99999093
99995623
99979893
100018592
99985477
100002941
100033657
99978646
100016551
99991950
100000045
100005825
100007728
99979622
99997488
99990243
100002514
100000043
100033941
99971783
100035927
99982394
99998065
99986717
100001543
100000940
99980045
100016298
99997011
99987012
100018850
100005435
99984603
100004140
100003199
100075636
99913192
100023856
99977100
100006371
99990015
100007155
100022304
99973075
100030628
99958902
100032723
100018008
99990818
99986571
99996549
99994114
100012847
100048354
99952714
99977112
100044402
99994089
99988638
100043329
99964512
103431350
96586252
99981311
100004190
100360875
99622070
100139007
99944234
99973348
99964167
100088566
99900646
100001619
99983524
100004325
100020022
100066610
99922408
99982629
100021090
99972142
100126476
99919825
99943728
100031249
100051736
99930679
100044484
100006706
100066742
99887124
100057543
99949164
99988708
100012811
100006196
99983342
100017299
99986515
100001636
100010770
99992690
99993399
99989123
100023437
100035606
99964655
100001389
99982100
100022408
99988141
100017227
99968696
100015379
100005379
99991714
100004752
99997661
99993192
100023881
99972532
100010486
100006030
99994143
100004293
99975611
100017411
99996796
100002675
100009290
100000724
99987079
100006332
99988766
100020870
100141072
99846128
100085613
99909840
100001468
99991800
100011027
99997871
100007355
100011267
99980846
100050521
99937369
100015241
100012378
99988525
100022168
99991125
100006296
99978996
99998656
100069610
99919732
100005992
99999624
99994542
100032764
100000317
99974710
99993330
99999444
100013943
99991440
100009384
99987201
100007123
100005945
100027665
99950373
100041809
99958796
100016424
99999747
99989486
100031306
99969500
100003820
100010385
99993776
99990496
100019325
99990454
100019934
100004454
99957475
100017501
100020731
99981318
99988627
100012266
100008825
99996042
100007876
99986195
100030872
99971876
99991177
100017027
99988034
99999130
100015873
99994064
99995800
100006611
100034590
100076154
99869590
100020524
99992433
100000166
99995817
99996206
99992098
100049344
99962422
100004138
99991347
100006977
100002379
99995988
100003390
99994384
100001276
99993871
100013200
99988259
100002469
100003826
99994693
100011748
99992386
99977751
100016215
100022307
99973546
100004776
99994155
100011404
99996233
99996611
100002983
100069638
99942126
99994118
100008298
99996024
100072264
99968333
99954435
99985193
100037079
99986442
100004029
100135279
99835616
100006694
99995641
100014988
99996156
100004108
100012018
99985044
100008965
100018224
99982760
99988652
100007111
100019275
99984297
100011610
99998576
99986976
99980734
100014212
100008231
99989392
100001264
100012244
100009076
100029075
99955114
99987070
100012331
99993847
100036089
99969581
100015226
99987042
99992112
99994878
100008996
100000314
99990564
100002587
100009031
100004512
100004087
100008995
99977123
100017840
100005208
99945114
100045438
99997833
99974805
100015033
100008812
100006816
99979329
100018206
99999176
100022152
99978435
99997851
100023114
100543041
99427268
100000777
100009730
100016608
99974188
100009626
99980771
100010271
99998560
100014398
99988076
100017434
99990437
100008799
99983634
100033691
99965952
100012495
99989724
99975061
100008717
100079454
99937290
100002903
100006980
100006120
99985145
100014125
99982485
99996935
100007004
100003309
100000117
100035942
99957870
100007223
99993750
100006029
100016531
99970837
100017810
99994206
100015782
99981590
99991569
99996313
100025677
99989546
100089207
99885100
100018276
100007372
100010811
100005033
99963057
100007048
100013213
100611981
99437899
99958225
100057389
99957843
99985907
100036809
100011095
99960051
99982270
100012870
100062006
99921133
100013199
99971694
100003224
100002558
100012854
100011496
99990193
99996974
99986866
100004904
100010638
100040297
99971177
100024358
99954867
100001833
99988279
99995110
100042348
99986552
100021631
99968584
99997965
100005638
100013675
99964735
100020172
99999985
99988656
100012615
99984699
99997768
100035817
99984013
99992037
100006087
99991607
100004094
99984887
100014955
99996703
99999307
99994186
100006755
100005463
99987647
99997660
100115467
99960410
99932800
100005220
99975513
100015697
100000712
99996558
100014148
99995028
100016945
99987816
99986203
100019827
100016700
99973273
99992839
100010149
99993909
100046524
99996956
99966858
100015354
99978723
99999978
99998368
100000388
99988260
100011113
99988683
100057310
99952055
99999445
100014724
99985925
100013703
99999909
100000191
99984907
99984622
100015999
100071848
99929506
99999981
99985064
100022542
100007237
99981073
99996882
100010731
100012323
99972655
100011402
100000503
99991875
99988350
100071224
99940313
100668923
99362352
99987494
100070432
99960751
99968236
99985420
100007037
99989818
100003021
100062436
99954009
100010923
99973010
100014007
100022380
99958452
100032194
99970494
99983546
100045886
100007689
99972423
100011902
99974145
100006656
100003716
99991324
100015413
99996636
100005436
99982931
100032285
99991567
99975781
100013468
99998614
99994303
100006584
99983841
100022476
99998873
99981258
100028833
99982612
101764006
98232321
99993206
100029120
99996209
99974357
100015168
100019149
99975764
99993881
100029392
99996318
99980169
99993660
100052344
99968659
99993780
100002869
99992877
99992204
100070143
99928431
99999512
99981234
100016118
100023457
99985244
100002434
100211032
99790076
99990224
100025351
99973151
100010733
99981562
100019959
100064948
99929369
99998966
99995892
100018099
101156681
98814057
100025066
99983609
100129107
99880369
100001522
99995434
101467918
98525643
100013042
100003479
99989635
100010310
99969195
100012010
100001283
100011135
100007914
99973122
100018178
100006031
100002774
99990265
100005464
99998924
99997942
99989946
100012021
99993415
99996056
100005253
100015367
99969677
100017392
100004249
99994227
99986898
100012515
100007405
99979238
100005981
100005573
99996930
99998438
100089782
99931214
100246790
99847303
99896319
99991280
99989728
100012752
100006717
100047919
99941863
100023857
99985592
99989676
100004229
100091745
100469657
99468760
100559662
99486961
99945069
100307164
99705649
99988599
100018792
99960493
100006132
99984973
100038749
99981096
100024468
99999646
100115049
100079277
99804860
100415239
99555975
100000724
100016901
100026590
99980636
99970212
100010897
99995878
99998702
99986594
99992424
100011465
100098467
99897569
99999098
99999843
100006966
100000478
100013870
99976871
99995825
100004994
99996486
100008874
99991736
100018504
99997489
99993624
99985785
100018777
99997372
99987977
100023356
100000854
100001705
100033779
99938263
100015887
100000621
99996305
100008484
99987673
100024786
100103475
99907497
99986483
99993394
99982117
100009718
100022441
99988119
100029021
100013245
99936519
100001436
100062365
99935836
99999477
100009970
99989918
100010694
99988849
99999974
100046933
99952993
100055982
99965844
100006476
99967531
100026901
100107150
99872433
100009727
100028199
99963416
100002169
99991489
99999695
100024922
100027754
99961511
99996930
99991273
100012823
99987362
99998035
100005668
100026426
99998403
99993074
99974345
100012938
100000028
99996048
99997732
100003451
99979173
100241323
99777020
100007999
99995567
100005347
99999871
100000311
99986868
100011602
100163672
99853228
99973097
100018872
99976057
100007837
100031838
99977896
100001952
99989188
100003798
100008091
99997933
99985957
100001946
100009746
99996354
99986505
100021667
100018784
99963581
100049214
99965388
100001173
100004344
100151570
99828854
100015918
99990892
100014202
99974937
100026351
100059476
99929814
100013569
99977076
100436677
99567547
100015531
99958856
100036557
99966915
100022787
100054588
99945413
99981347
100014253
100043465
99984317
99975924
99996257
100017675
99976176
100021821
99980845
100007137
100128662
99869488
99999174
99997441
99994535
100002106
100022026
99993971
100014763
99947487
100028292
99992093
100001683
100022157
100000530
99976290
100001346
100017705
99981891
100000312
100332183
99690204
99989947
100003061
99998118
101045056
98957423
99981227
100070233
99902376
100044597
99993561
99991650
99990370
100034097
99975390
100017577
99986714
100002137
100003981
99991153
100024353
99988684
99980114
100015286
99990954
100008721
100000682
100007032
100000873
99980916
100026685
99987604
100000006
100003705
99985874
99993208
100017892
100027249
99975178
99983196
99999934
99991981
100025334
100024581
99967420
100007514
99994991
99995325
100027211
99971740
100000643
100000010
100006102
99995697
100053535
100323445
99635476
99972742
100013526
99992706
100005554
100016017
99989379
99996459
99990351
100016830
99983877
99998931
100023693
100085761
99904056
100055815
99952749
99980316
99999549
100012305
100004482
99987853
99999237
99996900
100013542
99982342
99993730
100023366
100005286
99990282
99991207
100052721
99962930
99990039
99991807
99988975
100017676
99992404
100012185
99992945
100001196
100000637
99992310
100004938
99996941
100004028
100010258
99998429
99993128
100021024
100037903
99942232
99993623
100004335
100001600
100007008
99986067
100004053
100029932
99968444
100024118
100025140
99961431
99992268
100015248
99981086
100005276
100004313
99994063
100010923
100002790
99997350
99975462
100361211
99667276
100022697
99975834
99985845
99998436
100008689
100028164
99958835
100011479
100006539
99979558
100014471
100004369
99995902
99968764
100031029
99997138
99995082
100095205
99919140
100010614
99982383
100019133
99972952
100019871
99994207
99986219
99998416
100006665
100014015
99983457
100179216
99823218
99986274
100004426
100005875
99999039
100002866
99998443
100009517
99988011
100001169
100053014
99941954
100011773
100102397
99899439
100010977
99992034
99993441
99986939
100034320
99961839
100027519
100007307
99980969
99994880
99990753
100032604
99973906
100010990
99990002
99993454
100015002
100014637
99998962
99970239
100015287
99994092
100000676
100000353
100009119
99989345
100001296
100000490
100005410
99995521
99994835
100007620
99993657
100230020
99762435
100011090
99993380
100014431
99989684
100044824
99956145
100010188
99996564
99999147
100011411
99967665
100029660
99993476
99995172
100006217
100005395
99992382
99999199
99994743
99988620
100003512
100012808
100011818
100001812
99988796
99999694
100007651
99975108
100020496
99987975
100001562
99998197
99982938
100025700
99987635
99992588
100024016
100003620
99986428
99992574
100003018
100020419
99987508
100001687
99994977
99996009
100011131
99990276
100004312
99993456
99986228
100018667
100011989
99988617
99989861
100010398
100002056
100012202
99982600
100107930
99908520
100008077
99952802
100071922
99955061
99988867
99995088
99999830
100018271
99995575
100000452
100012793
99984620
100003649
100005327
99997321
99989373
100025719
99975043
100009082
99985078
100020955
99981281
100018550
99992373
99990020
100020928
99978089
100000039
100016862
100012171
99969720
100006926
99987944
100030030
99981395
100032004
99989076
99984335
99988810
100006998
100007882
100005562
99989162
100007071
99988867
99999253
99994781
100021601
99986119
100023945
99990636
99985617
100010759
99978598
100009424
100000402
100029811
99965412
99993109
100112985
99903550
100008447
100003942
99979916
100060345
99961010
99986340
101195366
98801239
99978162
100033718
99987961
100024728
99970924
100006332
99998106
100018610
100003475
99987785
100013768
99970749
100012120
99983228
100019239
100044431
99939106
100022467
100045371
99973363
99968867
100011629
99993585
99993196
100012168
100054970
99938473
100010043
99986112
99998355
100075598
99941712
100003406
99999721
99984710
100028542
99965312
100012871
100027718
99983397
99995647
100004849
99987211
100002893
99978702
99989686
100057174
99967330
99998716
100050789
99950618
100067959
99910795
100024564
99976094
100024671
100015462
99979899
100123961
99885842
100011963
99986161
99973022
100019089
100007539
99989508
100006334
100012017
100147598
99940534
99999114
99957880
100028855
99928850
100162710
99850439
100012464
99984076
99998772
100145402
99934280
99915182
99999714
100011360
99996383
100043423
99953541
99984808
99994225
100078525
99910947
100018647
99982503
100021306
99982349
99993358
100021546
100005841
99974952
100088220
99901447
100062152
99981959
99972443
100023350
99951637
100009662
100030083
99986455
99980249
100004308
100029977
99986348
99978313
100022511
100005301
100022051
99964155
100005517
99990896
100009948
100017835
99978703
100047551
99961184
99998396
99980066
100010431
100002437
100006970
100039508
99962244
100007706
99978872
102227468
97784191
99999981
100006215
99983909
100005559
99985385
100010041
100035007
99979114
99983223
100007256
100004983
100024536
99980881
99994364
100017976
99963983
100022650
100015289
99987224
99974574
99996090
100017187
99976716
100038621
99991538
100012137
99974459
99987383
100024249
99997351
99989758
100005666
100002002
99992084
100020491
99983189
99997972
99999894
99988552
100027457
99988494
99996991
100017000
99979802
100008867
100000967
100018885
99981679
99988455
100004387
99984578
99997690
100010890
100001979
100004255
100021598
99965792
99996767
100009001
100017686
100007264
99982721
100001611
99995539
100007974
100115185
99902680
99978397
99987244
100006862
99997001
100019954
100002960
99986042
99988675
100001548
100016761
100008002
100013819
99955078
100008530
100021913
100006505
99970203
99994127
100026732
99983718
100037224
99955188
99999374
100017855
100001852
100005224
99974630
100038396
99970349
100010117
99992218
100015729
99985621
99988919
100001227
100006139
100009084
99980561
100028519
99982713
100005789
99989396
100012624
100032615
99980363
99980917
99983889
100023522
99985073
99991769
100013724
99992471
100010829
99987162
100010167
100013295
100008092
99978010
99994703
99997887
100012405
100011238
99973234
100012122
99986941
100014729
100066733
99920149
99997575
100057871
100051823
99894795
99993909
100031588
99979245
99998307
100001208
99999354
100030474
99976664
100010178
100016459
99970723
99988881
100012735
100004950
99994161
100018359
100141775
99843719
100017839
99985357
99997017
99997412
99990954
100007334
100006731
99995152
99991621
100013001
99985391
100134731
99882070
99972353
100015435
100021773
99976423
100024740
99980326
100043635
99973182
100004203
99978067
99990828
100021615
99989162
99997640
100080759
99917527
100202398
99802926
99994576
100001682
100007714
99981783
100010476
99989669
100101958
99909374
99997384
100013841
99995334
99992008
100001320
99999053
100000670
99994351
99983636
100007339
100071027
99939001
100014214
99988929
100004863
100077003
99929065
99990608
99985722
100004219
99991786
100027246
99985645
100007852
100006846
99996512
100002482
99997655
99995393
100001914
99976651
100046228
100035929
99941589
100000653
100004531
99997877
100005198
99987709
100144706
99847113
100028158
100000313
99984944
100032272
99963115
100005782
99998625
100000791
100027670
99950342
100020665
100008448
99978962
100027395
99974148
100005430
100061458
99940146
100001552
99982864
100014581
100002663
99995699
100020766
100000415
99982481
99999011
100001186
99997555
100006228
100001430
100005355
99989830
100010925
99989676
99987176
100016747
100002148
100006554
100017719
99962791
100015288
99983000
99993728
100020003
100003344
99986449
99999668
99995633
100014805
99976327
100030538
99998248
100057952
99932516
99987041
100028964
99968261
100035627
99960578
100028964
99990419
99986412
100008983
100007732
99998535
99991918
99984571
100018672
100001320
99986144
100024800
99973441
100018775
100013210
99986126
99986361
100004052
99995200
100008953
99985424
100004849
100001898
100012837
99988212
99995389
100079497
99922208
100015744
99994802
100002015
100009273
100067930
99927528
99985892
99997720
100032632
99966396
99991115
100103353
99911811
100011796
99978999
100013850
99976267
100024512
99993300
100013674
100002179
100014480
99998089
99979322
100063087
99936937
100027857
99982189
99986573
100013881
100002694
99980797
100014916
99985410
100046923
99966826
99986464
100002648
99998508
100014089
99988670
100026395
99973114
100094119
99982161
99934246
99996421
99978145
100020744
100016558
100044084
99943986
100000610
100023076
99978241
99994352
99988709
100011172
99997479
100018968
99989766
100034675
99948528
99998956
99998453
100001119
100010081
99987398
100018288
100007135
99998746
100277321
99721375
99979593
99992830
100035597
99979127
100016754
99977300
100046336
99955188
100018768
99993452
99994552
99982729
100017081
100008566
100004867
99985548
99996917
100117044
99879239
99998376
100001181
100001911
100001423
99989364
99991707
100098253
99998374
99928926
99996583
99993382
100038694
100141835
99826305
100013484
100066960
99908810
100013819
100000739
99993999
99988709
100020533
99988795
100010437
99990681
100008816
100002856
99994418
99999432
99996742
100006973
99988714
99997197
100020924
99990338
99991602
99999026
100011329
99986899
100006691
100004379
100000765
100005443
99981027
100006570
100011960
99983979
100006950
99998593
99991070
100022475
99981913
100007723
100000774
100098408
99858832
100042413
99993293
100006155
100012867
99974688
99998604
100006602
100050292
100283182
99677673
99998366
99988668
100001387
100013313
99981966
99999871
99980592
100039140
100000852
99991389
100006034
99981257
100020613
99987874
100006896
100006193
99967503
100018538
100005850
100004248
99992823
100014445
100074600
100017967
99895152
100086081
99909337
99997330
99988800
100013353
99998691
100000007
100023201
99990230
99986512
99971197
100024291
100001863
100020643
100022328
99975863
99999120
100005294
100000057
99983551
100001417
99999345
100029981
99991293
99989063
101450936
98626250
100145586
99780839
100023475
99991113
100030382
99953303
100005396
99987092
100013732
99994909
100008131
100004532
99980901
100033824
99987830
100033967
99966433
99971312
100017512
99987365
100066274
99942926
100014596
99969539
100021131
99988272
100018599
99967746
100004882
100002746
99991398
100040306
99966793
100000112
99996187
100000213
100878783
99157805
99978708
99997970
99998260
99978983
100003088
100001692
100004922
100009812
99998402
100012492
99995304
99999795
100713115
99303273
99976664
99988456
99998122
100015064
100003238
99980268
100019317
100006667
100006301
99966542
100124213
99887299
100074711
99923651
99976127
100042728
99978592
99997998
100007420
99996980
100001697
100100371
99993922
99924529
99988052
99988364
100012243
99987130
100718568
99285394
100043840
100039839
99918184
99978157
100029823
99977591
100007416
100000345
100001926
100006435
100019058
99989705
100004194
99998491
99973626
100021585
99979223
100002821
100015323
100093169
99904482
99988287
100009400
99996112
100010894
99985755
99998967
100010285
100013025
99997261
99990767
99985134
100016988
99994846
99985265
100002555
100030101
100001814
99979938
100785003
99218184
99986291
100005965
100005622
100004243
100011203
99975669
100018402
99991575
100000386
99994558
100006504
100008105
100004779
99985023
100012081
99989404
99998927
99986173
100017853
99982508
99994519
100013369
99978490
100016836
100043434
100045944
99919045
100001065
99999834
100009555
99976725
100005248
100013378
100177790
99805247
99996176
100012315
99998174
100022715
99979929
99999295
99990307
100064428
99940968
99994635
100000574
99994923
100075816
99935103
100004695
100003322
99980695
100009014
100010128
100055378
100005986
99937807
99988891
99997959
100088415
99907922
100002165
100014499
99989436
100026479
99967184
99991532
100010292
100027772
99980857
99993000
100005442
100007649
99996941
99981615
100007524
100013775
99982265
100005127
100027708
99993357
99964281
100014824
100004290
99988727
99997171
100040077
99979508
99973666
100035632
99992931
99980728
100099317
99914601
100004340
99987539
99999925
100017668
100004247
99982341
100020196
99994054
99972741
100009345
99999762
100023472
99979805
100070374
100050438
99891979
99998624
100003214
99980869
100004564
100024232
99991671
99994000
99990428
100007975
99992830
100004997
99991355
100023329
100004412
99970914
100062934
99910062
100035219
100017424
99992045
99987851
99998012
100015826
100363115
99614111
100011597
99989818
99999335
100005721
100006943
99987831
100022396
99992236
99975238
100008126
99999682
100017221
99994220
100027721
99965203
100003821
99995422
100031349
100002375
99975237
100016946
100036901
99928249
100025192
99995912
100161026
99824851
100011053
99989804
100002439
100011056
100005319
100015634
100004384
99968465
100006596
99996438
99981665
100026994
99991814
100001942
99980722
99996694
99999484
100026394
99984236
100032217
99971540
100006030
99991909
100036464
100214677
99738177
100023422
99995271
99991876
100014649
99999286
99998965
99981801
100004988
100002092
100004244
100033646
99977129
99991849
99994729
100007645
99981888
100018368
99987134
100020584
99981753
100016675
99994476
100058021
99927368
100009462
100003459
99997256
99991419
100007585
100001806
100002735
100005036
99980013
100022952
100023125
99948800
100059776
99970471
99983449
99988766
100012778
99998323
100040782
99954475
100002282
100009432
99983593
100025043
99979059
100013351
99996431
100022902
99983426
99986424
100004183
99985401
100005245
100035518
99978387
100001920
99983917
99997466
100004588
100008435
99993771
100011448
100074502
99913278
99993946
100000077
99995164
100004414
100009050
100005706
99975185
100076706
99935134
100005278
100011612
99980048
100000110
99999793
100031278
99978604
100000118
99993931
99995674
99999207
100007043
100008411
100010370
99987792
99991381
100024731
100007280
99961060
100005605
100020060
99986946
100081431
99923309
100000892
99992818
100000495
100003238
100000938
99994723
100004924
99995441
100011872
99997839
100136051
99851535
100017012
99996466
99989896
100047996
99945186
100013078
99993947
99997403
99995009
100004600
100004312
100004597
100007167
100007979
99992813
99990360
100010945
99983908
100002441
100007862
99992417
99994663
100028598
100000077
100003867
100000460
100033774
99961611
99994904
100002552
99959256
100041490
100003606
99965469
100060475
99954141
100019828
99976360
99988206
100003108
99990350
100013447
100370929
99661075
100003571
99976993
99981251
100000753
100017161
99983774
100020571
99994951
99996648
99992184
99998777
99996619
100004641
100020473
99978421
99991966
100026077
100011042
99966915
100005943
99999630
100004163
99996498
100007223
99997271
100060826
99932182
100006351
99999077
100009647
99985659
100030616
99974814
99989733
100014534
99996168
100001931
100014540
99967367
100020829
99981176
100006488
100022098
99999111
99981633
100053204
99946873
99999935
100081019
99911644
100014432
99999751
99996606
99990684
100003930
99993683
100034787
99982786
99994157
100002717
99980533
100038021
99989571
99987375
99992801
100016333
99997503
100009763
100030257
99961035
99991517
99999399
100000959
100000989
99995399
100003717
99999102
100001860
100019349
99988705
100000173
99992670
100036490
99976331
99989967
100189233
99799724
100020790
100121930
99873657
99998415
99985250
100019697
99970047
100010295
99994887
100008308
100012984
100005508
99986108
100002740
100027687
99966662
99988771
100003523
99995579
99993797
100008998
99981076
100017996
100014356
99994558
99994661
100011008
100002029
100018939
99983484
100004996
100036001
100422887
99551261
100012711
99965793
100007833
99989482
100004466
99994550
100022751
99979869
100012174
100009094
99999580
99991249
99997405
100034710
99972221
100021162
99992329
100002582
99995266
100005361
100021977
99984947
100001855
99986208
99970973
100003838
100023729
99960631
100022312
100005166
99994183
99999649
100025188
99988653
99985332
99987064
100016316
99983158
100004792
99999537
100008788
99989350
100016936
99985862
100006217
99999942
100004531
100009531
99986737
100005369
100007445
99993465
99996484
99997290
99998368
100006057
99994596
99994832
100006927
100022435
100031228
99939258
100024382
100006362
100001529
99982614
99976454
100025934
99982701
100013068
99994560
99990660
99986785
100006223
100003829
100022554
99989656
99984849
100039931
99977257
100004472
99992335
99995791
100120066
99891013
99983363
100028754
99990589
100001470
100009364
99964879
100021170
99992718
99993290
100018314
99990704
100012841
99983398
100008401
100070251
99990176
99941176
100044156
99963768
99985582
99987123
100025839
99973162
100036278
99976538
99966992
100034532
102263860
97728747
100029759
99974640
99987634
100028063
99985797
100017585
99972418
100029536
99992967
99983824
100000771
99991134
99999346
99999451
100107605
99911456
99989311
100035519
99969343
100015656
99968867
100004790
100010634
100009140
100001250
99991280
100010113
100277629
99714615
100012081
99970131
100007263
99989261
100032152
99976005
100004342
100007214
99987336
100006117
99997142
99996695
100000417
100009677
99998236
99994889
100012118
100040509
99939800
100003843
100010340
100019307
99994702
99984923
99995966
99991961
100013071
99986503
100068197
99943443
100021751
99971662
99989654
100001843
100030167
100005929
99974283
99996753
100019457
99988244
100062802
99936033
100002303
100002257
100017797
99973645
100021565
99971975
100013062
99998191
100000332
99992887
100016754
99969505
100026494
100084075
99904335
100026256
99991310
99992278
100064852
99929046
99988651
100017224
99993206
100007935
99993463
100000843
100001094
100020807
99977601
100008545
99991838
100008528
100031772
99958436
100011337
99994659
100069222
99924418
100000265
100001972
99994443
100019450
99982138
100009634
100015944
99999316
100000150
99967264
100027714
99983807
100001143
100006506
99981516
100017443
100001265
99983357
100084900
99921945
100012658
99995835
99990352
100256637
99739683
100004319
100012850
99991031
99976200
100334832
99704962
99999101
100303505
99698433
99983256
99994796
100014014
100003570
99995563
99999358
100053754
99949622
99992187
99992722
100001395
100012922
99988610
100017600
99996162
99978850
100031937
99984709
100057393
99933909
100111544
99904012
99987808
99992457
99999772
100015755
99997641
99980895
100010257
100007105
99997433
99996496
99995100
99992655
100003062
100023358
100017844
99980833
100011439
100043984
99928034
100026660
99984817
99994383
100000147
100125669
100011487
99866699
100051955
99942895
100005323
100004623
99967954
100031004
100015665
99974847
99999285
99997389
100011120
99994000
99983426
100610131
99414864
100007084
99995476
99993020
99998504
99993345
100001195
100404299
99610320
99976647
100048776
99967054
100004867
100008075
99977159
100001098
100018275
99986112
99984277
100016294
100012994
99994973
99985133
99992330
100082397
99942747
99973190
100039940
99985533
99991016
99988433
100018903
100006469
99980215
100010572
100000371
99986715
100013330
99978323
100014751
100012250
99985546
99993423
100007463
99996896
100008532
100005134
99984705
99990798
100017666
100015497
99991818
99991028
99998899
99990539
99999911
100011283
100012634
99981579
99982628
100019522
100002646
100013197
100037911
99952147
100095076
99914098
99982371
100081939
99893691
100024265
100018296
99985833
100001067
100032069
99969253
100015846
100028924
99950473
100022751
99972469
100102879
99920800
100006305
99982058
99985573
100049454
99960575
100069672
99917079
100020816
99977120
100018076
100000478
100064625
99931316
100015849
99976856
100018356
100114740
99870524
100005590
100004549
100001585
99994669
100010589
99995581
100014585
99980878
100051909
99944830
99988419
100017747
99981432
100014781
100004138
99992407
100009151
99987975
100013344
100007618
99980829
100115896
99889599
99989937
100010603
99994989
100043188
99968039
100009579
99991124
99994702
100003891
100008342
100001539
99971291
100030371
99975569
100000940
100089503
99926665
100005819
99990405
100095386
99911555
99993631
100025225
99979138
99987994
100020044
100000046
100000052
99980044
99996781
100001284
100000065
99980621
100026447
100012054
99978499
99999422
100024539
100004074
100001886
100413100
99567818
99991097
100026701
99975404
100002056
99996712
100021589
99981049
99994601
99992097
100019402
100001362
99987643
100000162
100034723
99968837
100052389
99955600
100033299
99972776
99977067
100003715
100007884
100008488
99995780
100017243
99986729
100013716
99996030
100006214
99992654
99993143
100009758
99965306
100028188
100000332
99980332
100004084
100000719
100014134
99988874
100021337
100006283
99978952
100010448
99988821
100120704
99942413
99943609
99996870
100010122
99993361
100001809
100002133
100012157
99996497
100006804
99993158
100022490
99963671
99987809
100019893
99991454
100010910
99980967
100034886
99978107
99983206
100014807
100008536
99989528
99984502
100014509
100016873
99974021
100009628
99998406
99994114
100010876
99989823
100001524
100013994
99981797
100027782
99982482
100027742
99969831
100005961
99990350
100010508
99975414
100001987
100006696
100023008
99988243
99990977
100003960
100004686
100015137
99973454
100010251
99993037
100007601
100007871
99996711
100009380
99985310
99997918
99988174
100033358
99968376
100014303
99982230
100013523
100024903
99994282
100046962
99940883
100026013
99972238
100019360
99973843
99996484
100023156
100008818
99984622
100387089
99982113
99884972
99761730
100501417
99483187
100267153
99735845
100016929
99988358
99996722
99988751
100019113
99993957
99975783
99990823
100035548
99988938
99996751
100461945
99516446
100038807
99986499
100010920
99985814
100004460
99993225
100001229
99994403
99996474
100011297
99999915
100037633
99968523
99970511
100018090
100009740
99998613
99980886
100030320
99992505
99979867
100007271
100007554
100002558
100038234
99954902
99986000
100015919
99988472
99997704
99994617
100007528
100007294
99982554
100016289
100009937
99983126
99996497
99992377
100016261
100002727
99990734
99996764
100009896
100016996
99983750
100004268
99983878
100094965
99926346
100001527
99983684
100004301
99997235
99995917
99997099
100027216
99989246
99993136
99993109
100001223
99988260
100013262
100002428
100007050
99989252
100007747
99987163
100009711
100004862
99990423
100008745
99985307
99999151
99998329
100021627
99988694
99997496
100014095
99999085
100003106
100296468
99700581
99998301
100039505
99945220
100006989
100008217
100019941
99972572
100015661
99981886
100012040
99982529
99988792
100012045
100100533
99902487
100161342
99829668
100033628
99966354
100002454
100009148
100052932
99963661
99972764
100004797
100007868
100006179
99990843
100003754
100011896
99992746
100003599
100010101
100006373
99968268
100009814
100012651
99968799
100021096
100016963
99972456
100017848
99986653
100066274
99950960
99995663
99991130
100001757
100008814
99969398
100093725
99927277
99992970
99993726
100002070
100020532
99996675
99994248
99998705
100008230
100226534
99827572
99961868
99966074
100014239
100045984
99953365
99995908
100012274
100042474
99941860
99994721
100075649
100008571
99928382
99989397
99996514
100008480
99985813
100010172
100004304
99988696
100017606
100012662
99988165
99980559
100033493
99972231
100010476
99988756
100028409
99972438
100011449
99995257
100004881
99991006
100155652
99843713
100016124
100008407
99990615
99983874
100012353
100140462
99844670
100019250
99976403
100012242
100004477
99991202
100006891
99994061
100056681
99959020
99991097
99996479
100011087
99990829
99999233
100599640
99387512
100038948
100005191
100086826
99881536
100019858
99967900
100007012
100012053
99991318
100028685
99955685
100008214
100016502
99990570
100000407
100000951
99987231
100018632
99991080
100022885
99983964
99996866
99990853
100009900
100002530
100084108
99911196
100014538
100016105
99983922
100003770
99979048
100016102
99990896
100044204
99974262
99967382
100002041
100011378
100005407
100000565
99988931
100005216
99998077
99996853
99999950
100003913
99997669
100002860
100003578
99994971
99997145
100007229
99993550
100037851
99977807
99979257
100005446
100020737
100148212
99826733
100002207
100016544
99993421
99996604
100008253
99994948
100025584
99973629
99984485
100009845
99998882
99992326
100001912
100013169
99996513
100008480
100021402
99984975
99980106
100005667
99994700
99986829
100002989
100008410
100093052
99994670
99911697
100014210
99976551
100022838
100165526
99836018
99981360
99997091
100011398
100003681
99991432
100016186
99976610
100021463
99989016
99995382
100008658
99996209
100009451
99976191
100016270
100016912
99975553
100070765
99931149
100131885
99871232
100004321
100000065
99996709
100000607
100008588
100000061
99994829
100027012
99967738
99990389
100024682
99982865
100011486
99993130
99996337
100006260
99994742
100006695
99980941
100264861
99766814
99986899
99979657
100016993
99999856
100008386
99985238
99989700
100020938
99991035
100020914
99990429
99998314
99998971
99971500
100021579
99980965
100001755
100016685
100049717
99945255
100008902
99992917
100009062
99995480
99996238
100004246
99992862
100001442
99995476
99998032
100005190
100118537
99898937
99972403
100029773
99988447
100026134
99965092
100133424
99875928
99982855
100025808
99992917
99980563
100007311
100009551
99981020
100019130
100001583
100018519
99985465
99985926
99999627
100073791
99986389
99949732
100036333
99955492
99992632
100004595
100001955
100003660
100006668
100003560
100037736
99968395
99989624
100002622
99990334
99996529
100010234
100002810
100053850
99929398
100012901
100008970
100209515
99784313
99991372
100008872
99996089
99988937
100105261
99921891
99990145
99982388
100004139
99998650
100002176
100069709
99932268
99996074
100008195
99997925
99987300
99998291
99997984
100020950
100007875
99987703
100025135
99980535
100001073
100009848
100007595
99968195
100005956
100012189
100110539
99879819
99989474
100006773
100014162
99979104
100016109
100097208
99889483
100001700
100012206
99985059
100012077
99997265
100059916
99934022
100016715
99975229
100010798
100067457
99937510
99994799
100003746
99985275
100020487
99987699
100006552
100087709
99921536
99975234
100020048
99993028
100007784
99996834
99988809
100070976
99934321
100004939
99983612
100017317
99993541
100001893
99995731
99993851
100120723
99903775
99980599
100022645
100023311
99950537
100000094
100007326
100012860
100003717
99990975
99993358
99989949
100020962
100003028
99982272
100007549
100096276
99925100
99968908
100004922
100084386
99916427
100004919
99991282
99999854
100017334
99973552
100015015
99982450
100009858
100030923
99985488
99992416
99991772
99998236
100013714
100014330
99977858
100000147
99998759
100092745
99907673
99982186
99999648
100008982
100007471
100017483
99989652
100005245
99988991
99995029
100010537
100002537
99998183
99996498
99985900
100004555
99995511
100176102
99843942
99980934
100009322
99984389
100021152
100003790
100000529
100007464
99980848
100002319
100024506
99981838
100008562
99977851
99999945
100015553
100018795
99974072
100214275
99802147
100037393
99973096
99976758
100007805
99987743
100005234
100078397
99944056
100001959
100097515
99889891
100007210
100020422
100097351
100213292
99684404
99978736
100011719
100019985
99959758
100016656
100007700
99985205
99970603
99989393
100041028
99976433
100007321
100077720
99925516
100004380
100017834
99981744
100005591
99989555
99998985
100004018
99993023
100005100
99983387
100003866
100001607
99995684
100002222
100006107
100241038
99759583
99985796
100003506
100029550
99978030
99998351
99996809
100004924
99987805
99999364
100019725
99993161
100015702
99986966
99991110
100015651
99987608
100001099
99996464
100013013
100004408
99985323
100010170
99983819
100002327
100020413
99993661
99993846
100002365
99999384
100011921
99993707
100010082
99992030
99997834
100047923
99949749
100008538
100005556
99988535
99985012
99995479
100007966
100005396
99999956
100001734
99995561
99987102
100009270
100022771
99989945
99984709
100008484
100025588
99996788
99970043
100190045
99818502
99981635
100015915
100011054
100005100
99977443
100102224
99919043
99980472
100018170
99976061
100013243
100008159
99985236
100021173
99976373
100008330
99994098
100003635
100033906
100001184
99942897
100030824
100003815
99992754
99996704
99999635
100024709
99977530
99993127
100002828
100005774
99998267
99988138
100009897
99996500
99993236
100005264
100019036
99989533
100001588
99995006
100003759
99982552
100016970
99997017
99998236
100007024
99992276
100012457
99985496
100019238
99984559
100004491
100000327
99992032
100015230
99985365
100017524
99993574
99986991
99995786
100013809
99983044
100013519
99989741
99979689
100479386
99547688
100008614
99974128
99987558
100031344
100005973
99982615
100017183
99991935
100003328
99995564
100003528
99999208
99988244
100012384
100005985
99982422
100023019
100013532
99975847
100014399
99974912
100022058
99956521
100021713
100012142
100004514
100012697
99963459
100019092
100007016
99981357
100014639
99977796
100012172
100014661
100032261
99965346
99998885
99980907
100019927
99994547
99999533
99970355
100017089
100018564
99995135
100005321
99988979
99989974
100003432
100002196
99994133
100018880
100004334
99995590
99973245
100021862
100009851
99988565
99999495
100084137
99915182
99984546
100015605
100006510
100006913
100001069
99980716
100000965
100015595
99981706
100013935
100016074
100012269
99996013
99967712
100248419
100443110
99320751
99987690
100025792
99986646
100021338
99966373
100034643
99988491
100016795
99990700
99981722
100002877
99984800
100020356
100197786
99772828
100064227
99937506
100006494
99997915
100005983
100011933
99999201
100558769
99456941
99966156
100009278
99998596
99991181
100021707
99995777
99981508
100012271
99985196
100010926
100007204
100004797
99971762
100020756
100000354
100004753
100006819
99983123
100001618
99990232
100018832
100118865
99890977
99989244
99997148
99993017
100002747
100011392
99989191
100056113
99944825
100008917
99977875
99997446
100012617
99998166
99991546
100008786
100048351
99958619
99982513
100016382
99985218
100009282
99986457
100016421
99991892
100022912
99975431
100008023
100037305
99953298
100023412
100016283
99971929
100032266
99955538
100115886
99893503
100005905
99971293
100014574
100011124
99984143
100045226
99994189
99973021
100000089
100001348
100005118
99998606
99998632
99996340
100003992
100002692
99998405
100012345
100073406
99914783
100119077
99879425
100004933
99989754
100011212
100006194
100010334
99969151
100010430
99992873
99983919
100150264
99854428
100018797
100026664
99965008
99998882
100007777
100004992
99988459
100044068
99940132
100010197
100003636
100036498
99983283
99984212
99989503
100001816
100021758
100056297
99929330
100012002
99999043
100006817
99985156
100010703
100024414
99953642
99999849
99996528
100028641
99985573
100015974
99980197
100000129
100164474
99856016
100008819
99996187
99976465
100007101
100139352
99880132
99984262
100001745
100017974
99979416
100007019
100001024
99971363
100023108
100645590
99347394
99985266
100246622
99762349
100035399
99972515
100012007
99971014
100015972
99999577
99990976
100062332
99943107
100009165
99992570
100078380
99928692
99991069
99991271
99999083
100004127
99998274
100016428
100008824
100001583
99992767
99990549
100008912
99983944
100006333
100013054
100000135
99986958
100013721
99984541
100006847
99982782
99998298
100002291
100000250
100013029
99998013
100222745
99783020
99997535
99994097
99990518
100005719
100013095
99980919
100027813
99984327
100136039
99864349
100024379
99970605
99983577
100012137
99995835
100011120
99999929
99999398
100042169
99951381
100003690
100009212
100004345
99996787
100008362
99969291
100017724
99998161
100003201
100006068
99994127
99986966
100031815
99980251
100009850
100003346
99974771
100024936
99985681
100012702
99991028
100022023
99965971
100003380
100014912
99981442
100022237
100000146
100000564
100004968
99983443
100013793
99979135
100003586
100032156
99976072
99985529
100006059
100009295
99985771
100006507
100002681
100013731
99983367
100015754
99979919
99991912
100094157
100022446
99888623
100021115
99983576
100004935
100012060
99971184
100010873
100010308
99986208
100022829
99997194
99998278
99994165
100004546
99986129
100001396
100001645
99999588
100022363
99980229
99999678
99993027
100020963
99991051
99983772
100014640
99990393
100018262
99998169
99993051
99990060
100027183
99968354
100030235
99979214
100007306
100000853
100028741
99955845
100033050
99979784
99998234
100006018
99993898
100017990
99975995
100019917
99982965
99994359
100009728
99997904
100000734
99984862
100007286
100020602
99995476
100002293
100018138
99963980
100020270
99983665
99990444
100016292
99997657
100004110
99999194
100075401
99913187
100017077
99991927
100001186
99986337
100031694
99968637
100011940
100013506
99993069
100003137
99993252
100005378
100023295
99978510
100016217
99983648
100047086
100081080
101046099
98829434
100010192
99977556
100114416
99887918
99991750
100003685
99985445
100054191
99972864
99988925
99986494
100022752
99988407
99997650
99997756
100020291
99981705
100006677
99990478
99996174
100007971
100001004
100218432
99820723
99945363
100008558
99997297
100187614
99839179
99982713
100030410
99965905
100002059
100624374
99368566
100015154
100004060
99981764
100047520
99971195
99956340
100030789
99989367
100052944
99965495
99991380
99996357
100009293
100010452
99986805
100017793
99975371
100000251
100001583
99988670
100009774
100020519
99990298
100058126
99943045
100002252
99984496
100135873
99881796
100008365
99979973
100026927
99989354
100002000
100000709
99986132
100036591
99976402
99978327
100011042
100269847
99714952
100004055
100029733
99973003
100018246
99990109
100010301
99985336
99993745
100081656
99918289
100021930
100009446
99973201
100005019
100002050
99982562
100018415
99997472
99991771
99991158
100026364
100009828
99985502
99996334
100008150
99986385
99991767
99998621
100017790
99982464
100000964
100041972
99985599
99965598
100032788
99981689
100016799
99998408
99974444
100015143
99995621
100001438
100001367
100009510
99988717
99994608
100170931
100331671
99505677
99999508
99988794
100013944
99998200
99995065
100079569
99920443
100012166
100003045
99981018
99996362
100000612
100011620
100063259
99942960
99997529
99987792
100826276
99229244
100118995
99819460
100018580
99979981
100012409
100028290
99966420
100062036
99978300
99942179
100012128
99994066
100004878
100003743
100017248
99980669
100019987
100106827
99879066
100014925
99985163
99997712
100012096
99983312
100013397
99992822
100008682
99993343
100073385
100000418
99913695
99996063
100021361
99995408
100009122
99983040
100041066
99961793
100004756
100014963
99979992
100000728
99999211
100024363
99967083
100061883
99954557
100015060
99969181
100034589
99973829
101643000
98349403
100010934
99992728
100007520
100012091
99977982
100015132
99998952
99995719
99994441
100006449
100004862
100001410
99991492
100132909
99870736
99992873
100008406
99992776
99992102
100001027
100028218
100055619
99924618
99983723
100014952
100003087
100010464
100090663
99878988
100190897
99827577
100001230
100049840
99946314
99985323
100004726
100011280
100000772
100009718
99988732
100014973
99992943
99997761
100059916
99927514
100017036
99990419
99995488
100007697
100007389
99991736
100006469
99993718
100004817
99992517
100015925
99994736
99986196
100010599
99987694
100018625
99996143
99985651
100011255
100009206
99985735
99999528
100173623
99840570
99995789
99995458
100000742
100019831
99971445
100017342
100009042
99978070
100001098
100007496
99987039
100001638
100015748
99983383
99990573
100014739
100008573
99985147
99999660
100027365
99979123
100019811
99978139
100025778
99993570
99989196
99993410
100010170
100014710
99992861
100010002
99970270
100023137
99968786
100010974
100000650
100008054
99993498
100004973
99982321
100074149
99938478
100006690
99996510
99988076
100017467
99994090
100000667
99997439
100064377
99927466
100009999
99999790
100011415
100068348
99948013
99987669
99992863
99994598
99986369
100011390
100014574
99985914
100017255
99980272
99993838
100002657
100005060
100000997
99974307
100017880
100005026
100017550
100161908
99833253
99978741
100004358
99998686
100002053
99975712
100049903
99975365
100016997
99971838
100000160
100045173
99989703
99956230
100007472
99994603
100009345
100003119
100005832
100096152
99987082
99920744
100001990
100015713
100007760
99944390
100030798
99991216
99986652
100004505
100022279
99991148
99992435
100004155
99990538
99990505
100009467
100035765
99974353
100002925
100010266
99996647
100001462
99992273
100006177
99968020
100023786
99990643
100013003
99996505
99999281
99995686
99995195
100012041
100019440
99986095
99984063
100017790
99979910
100012667
100006334
99997141
100004297
100013603
99991660
99999214
99977545
99992622
100008125
100001394
100026304
99976251
100007370
100021577
99961134
99999592
100000960
100035856
99965926
100019800
99986178
100011012
99998184
99988132
99999719
100002725
100007174
99997211
100036729
99972827
99984180
100009536
100002554
99987416
100011926
99984178
99996586
100030753
99975588
100014936
99992847
100030202
99969494
100008655
100003609
99986969
99990946
100018228
99998572
100019667
99980266
100002333
100059181
99940406
100000386
99984127
100004159
100000575
99989286
100011421
100107100
99902203
100004396
100059471
99938897
99990782
99996873
100000703
100230044
99777578
99979000
100023767
99990448
99992163
99998601
99991628
99999242
100022075
100011358
100009644
99964990
100080525
100168754
99809545
99997457
99932297
100095013
99947933
99991724
100552860
99430507
100005054
100025561
99988953
99977855
99998205
100096399
99895577
100024462
100033960
99961525
99999719
99994323
99992703
99994972
100014734
100006033
100000405
99984830
100023332
100035583
99957681
100010680
99965172
100010692
99997723
99998352
100009310
99996087
99988393
100014964
99990002
100015536
99999904
100006284
99973368
100025377
99990878
99985223
100020972
99983423
99994562
100018280
99998871
99992701
99988491
100020030
99997100
100019509
99980306
100011210
99980228
99996429
100015120
100049959
99930855
100036941
99978928
100003892
100012115
99981435
99993445
100001441
100013727
101250226
98746403
99983473
100019951
99990387
100005050
99992124
100011005
100008991
99985214
100006245
99980017
100015248
99990063
100010886
99972678
100015013
99999424
100022165
100005211
99985500
99986376
100011887
100038119
99986746
100013856
99972502
99987753
100015621
99992826
100016287
99962028
100020951
100027816
100033557
100027230
99920750
100013945
99988749
100003362
100007166
99985094
100058929
99957335
100131001
99890774
100104526
100388991
99490716
100149241
100104627
100152115
99587955
100006049
100104712
99903797
99958304
100473587
99519674
100001598
100007435
99984856
100019549
99996833
100002030
100005708
100010020
99986859
100013286
99980217
100009425
99954433
100048039
99970320
100079213
99987381
99945532
100012970
100012084
99976704
100016630
99987055
100001403
99993007
100015102
100003035
99998197
100033293
99973759
99974043
100026581
99958735
100027664
99969514
100054857
99984466
100388104
99594086
100008205
99987526
100014786
99956336
100044635
99985733
100034298
100105059
99873717
99993112
100040768
99974629
99974122
99998078
100026297
99980759
100010475
99996595
100022342
99991714
99988181
99999041
100021848
99968508
100001834
100027722
99988016
100034458
99956226
100002049
99998687
100027928
99980817
99965297
100015316
100038951
99973090
99984670
100015440
99996148
99991629
100030428
99966597
100004374
99997218
100015985
100003457
99970003
100023106
100020412
99974890
100017594
100003543
99952676
100042903
100317688
99672853
99983442
100015267
99990756
100008818
99995038
100005863
99967108
100022218
99987645
100027066
99986081
100008498
99998247
100021131
99999646
99965120
99982903
100039014
99998391
99988386
100004727
100000941
100010556
99990265
100010012
99976680
100035816
99964948
100020604
99991367
100010567
100009310
99979999
99999994
100012916
99996655
99988633
100005566
99997111
99996507
100017987
99980489
100000552
100002598
99982576
100010423
100007683
100002605
100000073
100017763
99971111
100010359
100004402
99994285
99985486
100023211
99985947
100025763
99968353
100006605
99997539
100007126
99989107
100013769
100002916
99995931
100006266
99998808
99984883
99999552
100012276
100001318
99999161
99998735
99995153
99997582
100004798
100002430
99989959
100012292
99989483
100082363
99915407
100003247
100021161
99983756
100013842
100052036
99956369
99976777
100003001
100036973
99945151
100019327
100011158
99999000
99990609
100012048
99996393
100014641
99978066
100047526
99968491
100001006
100015081
99974128
100007052
99974994
100022056
99988604
100005364
99985495
100008154
99999335
100021092
100007722
99981635
100031616
99972937
100026886
99972371
99972309
100017865
100002517
100009551
99985760
100006456
99994045
100027687
99977257
99992908
100086803
99913256
100041776
99994845
99979976
99997944
100019421
99968780
100012217
99992728
99977697
100029755
100296672
99713171
99987120
99995135
100020223
99980078
100007030
99981671
100014580
100029734
99960033
99997856
100019341
100020630
99971161
99988035
100010915
100004279
100082778
99957046
99951697
100011921
100006265
99983744
100027300
99975425
100009073
99988832
99989957
100013983
100315281
99695742
100045931
99944129
100025724
99972375
99988999
100017403
100008795
100007785
99982497
100036712
99954608
100027849
99966079
99998179
100009570
99999854
99984679
100056884
99954389
99993234
100024708
100029391
100368877
99617131
99998927
99991123
100052613
99939704
99981733
99999362
99997189
100011924
99995278
100005669
100026764
100001782
99964572
100050501
99958347
99993063
100023436
100021758
99972819
99994011
100147554
99882999
99959646
99994291
100005997
100001342
100007310
100000830
100025007
99967998
100004386
100007596
100005055
99982188
100011982
99997549
99997720
100009040
99988009
99984280
100033860
100191259
99789144
100005409
100003637
100005092
100120145
99942545
99953852
99966265
100006780
99964072
100187003
99845114
99996702
99988656
100009496
100017104
100001083
99985990
99979130
99991706
100007280
100009196
100009295
99999033
99991934
100003168
99990724
100014040
99989869
100009163
100006225
99989519
99991333
100006202
100064272
99920976
99998851
100009825
100005131
100066549
99926361
100005997
100001562
99989673
99983067
100025764
99990202
100018268
100009382
99975960
99995150
100010379
99998507
99983563
100005015
100017618
99993740
100005282
99997617
99976111
100027876
100002743
99989697
100040690
99931948
100029739
99986840
100017410
100015037
99966986
100018189
100007263
99996600
99986171
100013973
99995055
99992960
100006558
100021081
99965182
100010847
99990247
99990720
100003809
100006629
100000483
99989163
100031496
99974536
100015731
100369275
99630066
99991919
100023063
100054113
99931341
99996560
100033791
99974693
100010773
99986766
101152818
98831357
100001763
100000112
100018923
99975150
100011918
99993169
100000909
100033678
99974036
100006737
99965491
100011824
100004500
100062145
99936871
100013678
99993838
100031537
99965610
100023825
99980195
101805575
98198407
100010374
99980416
99987748
100029626
100009083
99970002
100013049
100010901
99978617
100004924
100093521
99924537
99995148
99980955
100021678
99994323
100007186
99998329
99983549
100058765
99949527
100040967
99968935
99981069
100004239
100003430
99998348
99990837
99992087
100012804
100003000
100010446
99990581
100048705
99947851
100011974
100239854
99838247
99909835
100002041
100010859
99978193
100036354
99972336
100000849
100025994
99964590
100075960
99924869
100013031
100012057
99973165
100049661
99960460
100002771
99988622
100015757
100011968
99967340
100022519
99978687
100006371
100017417
101684349
98293493
100035904
99976972
100000377
99977126
100052311
99978977
100078003
99999299
99905331
100018027
100014566
99983097
99995993
99995435
100001853
100008991
100008712
99978099
100001354
99999776
100006121
99999400
100018336
99961107
100015706
100001893
99973138
100015590
100010339
100053961
99948501
100016644
100032526
99950838
99997538
99994957
100008498
100014827
100004553
99974635
99996069
100072714
99935187
99982550
100019760
99996932
100009894
100023050
99996366
100077600
100136192
99783641
100047171
100031024
99900403
100104692
99914321
99987342
100000723
100001340
99988255
100010555
99986145
100003372
100018272
99970592
99997132
100095057
99929801
100010984
99982721
100010486
99986614
100065010
99951156
99984591
99998046
100008349
99987617
100007148
99980779
100016384
100368815
99628285
100002532
100020082
100100707
99890119
99986397
100023289
99988203
100034894
99947442
100007229
100011288
100001805
99990213
100038820
99946422
100036515
99970595
100007917
100013534
100014423
99965825
100009103
99998725
99999545
100001877
99993534
99994188
100001928
100001249
100011112
99992920
99996383
100005932
100007688
99993925
99991494
100018266
100011084
99986774
99987365
100003247
100027673
99950584
100016799
99997621
99994664
100012393
100009019
99981404
100007372
99992828
100107446
99886225
100010806
99992779
100014053
99963844
100017794
100023218
100026485
99968244
100006212
99993370
99999023
99987938
100002116
100017676
99991936
99999084
99983026
100102879
99914648
99957014
100052628
100007729
99989862
99991674
100024844
99997582
99959755
100025001
99988841
99994573
100002735
100018156
100003082
99995820
99980193
100012736
99992803
100012830
100000093
99995323
100004512
100013443
99993229
99993008
99988935
99967205
100240870
99791040
99980387
100018434
101937573
98044547
100033920
100034196
99958052
99976331
100003875
100005523
99986344
100030126
100002715
99979731
99995936
100022338
99988954
99992021
100014022
99968115
100037197
99976498
100028303
99991877
99993284
99998472
100232850
99765982
100018083
99976187
100018782
100001901
99958385
100022977
100000209
99994191
100019071
99992641
99990392
99998904
100023387
99984098
100018180
99996639
99994726
99978079
100031682
99981383
100002543
99979881
100005958
100014982
99987182
99997096
100013930
99992196
100000311
100010161
99994730
100017831
99966325
100002581
99995516
100048869
100051163
99968187
99957252
99975057
100238852
99785965
99994186
100011313
99986711
100079367
99915294
100002798
100026486
99997688
99977017
99992573
100011125
100005785
100001792
99989856
100002794
100010513
100022169
99990511
99984377
100093404
99916769
99996699
100009546
99986111
99999380
100000892
99989182
99997190
99994664
99997723
100004368
100001174
100004891
100003994
99998385
99989820
99987730
100031217
99979923
100006258
100029993
99965946
100094542
99936206
100067605
99914086
100069872
99912953
100017887
100059140
99952389
100033506
99933553
100027462
99988501
100048611
99995610
100037344
100022007
99926058
99988519
99974649
100088821
99916118
99989469
100068709
99949392
100454562
99537963
100005594
100001967
99992191
100016591
99984850
100012183
99975543
100038159
100019794
100046488
99899377
100017623
99980883
100011607
99997235
99997755
100039416
100181338
99797002
100009001
99976063
100004468
100013124
99973832
100012057
100003556
100012131
99982908
100024920
99980652
99990685
99988300
100018542
99997080
100007309
99994736
99981981
100019840
99994301
100020245
99992123
99993079
100043951
99958645
99995613
99985109
100013803
99994442
100080028
99921500
100030411
100049325
99938291
100000558
99979764
100015651
99971835
100026231
99991991
99995992
100078667
99917486
100013879
99976671
100008619
100000328
100014906
100016486
99982861
100003736
99986440
100004411
99982331
100003061
100010139
100006797
100210797
99778379
99991666
100184310
99826250
99991226
100012472
100006237
99986382
100012766
99994344
100780994
99237155
99999186
100121352
100080594
100165069
99759452
99861412
99994680
99999190
100007312
99973533
100015043
100021902
99975084
100046236
99961550
99997559
100074986
99920098
100018747
99987790
100005209
99998482
99983458
100029271
99987640
100001093
99988551
100002744
99992208
100014562
99989930
100018607
99982164
100012275
100012512
99984952
99968337
100028494
99988726
100004186
100000868
100000075
99995601
100022512
99991437
99981405
100002988
99997311
100032331
99982710
99989979
100034770
99994603
99999776
100037669
99940855
99993953
99992206
100029979
99970411
100017784
100016620
99981353
99991341
100030160
99966794
100009881
100004338
99983919
100007387
99996701
100016688
99977833
100020333
99992990
99999676
100104810
99878801
100004186
99995995
100050981
99942518
100030076
99995857
100006196
99979073
100019869
99996790
99998157
99985059
100011060
100005543
99981506
100016705
99991286
99988688
100204072
99814777
99997688
100005769
100215047
99825051
99944226
100022226
100016482
99957866
100006872
100069938
99942901
100010670
99983368
100008747
100025693
100026733
99952369
99993857
100006475
99973945
100007831
100009894
99998557
99983320
100009124
99997972
100001915
100013565
99980053
100003018
99991697
100094420
99914184
99990947
100311668
99718746
99975024
100012550
100003009
100002576
99983159
99997728
99992250
100018065
100090013
99900134
100091160
99913304
100000683
100009878
99991144
99989475
99996917
100039373
99982870
99990721
100012137
100011935
99980946
100008549
99997226
99990236
100005538
100013902
99979652
100010461
100010444
99978031
100002444
99987298
100005495
100009453
100003366
99978097
100024419
99973128
100118908
99907048
100001520
99985058
99999571
100019220
99973017
100008601
100012677
100000229
100004409
99998027
100005329
100003307
99976093
100009124
99993532
100012403
99989718
99996507
100100435
99895089
100005611
100020071
100054328
99934820
99994829
100001846
99985122
100026922
100019300
99957204
100000471
99993272
100002632
100023477
99981772
100040464
99987073
100247128
99741439
99983757
100004409
100023299
100012257
99971590
99990992
100012183
100001944
100175328
100059367
99780566
100083040
99907175
100021184
99982421
99967421
99994408
100031445
100005249
100011158
99988985
100050354
99978578
99996343
100215152
99877529
99915295
99971330
100010932
99980979
100118026
99878280
99977175
100009080
100022410
99994122
99997144
100003441
99996563
99984152
99993760
100021520
99985454
100021408
100091855
99907075
100001909
100135468
99856286
100010333
99997359
99990298
100004237
99978523
100076857
99943620
99990437
100029175
99991015
99994244
100015181
99975656
100010151
100001977
100031024
99948805
100025749
99993715
100002213
99979354
99993837
100116080
103460516
96455168
99964488
100020213
100147453
99836837
100020124
99976115
100022866
99983926
100011584
100014619
100133774
99882914
99965254
100001366
100007019
99980712
100011594
100303800
99687652
100020007
100007141
99978101
99990163
100034633
99989779
99974718
100020231
99982486
100011803
100000989
99985954
100012726
99986424
100007064
100022273
99977862
100014553
99977721
100035605
99982523
99996282
100005993
99994077
99998957
100000173
100006143
100213125
99787432
99979235
100019803
99982798
100004426
99991125
100015795
100126405
99865620
99987680
100018325
99993075
100084024
99920851
100022830
99972743
99995238
100006953
100012929
99997298
99987398
99997342
99999636
100000945
99995346
100005566
100002345
100020963
99990351
99991397
100008730
99996945
99989582
100004393
100002003
100010811
99987341
99998923
99985826
100009177
100023055
100002844
99992092
99981101
99999286
100009125
99993128
99997486
100017504
99987175
100008262
100018960
100004297
99980969
99994790
100000082
100008774
99959882
100015417
100018268
100016239
99978660
100013030
99987230
100014384
99980954
99998602
100013221
99980774
99996945
100036695
99975698
100010270
99978463
100039293
99983101
100001665
99999704
100021872
100000153
99956464
100037385
99969729
99996724
100018818
99983775
99994696
99994125
100022708
99989876
99997901
100022684
100052514
99924678
100000980
100006824
100009504
99989757
99998733
100004594
99993985
100012680
99978497
100005248
99991320
100012094
100001955
99999693
99986163
99989757
100041655
99966600
100050547
100070270
99906638
100010162
99969408
99987029
100038877
99982779
100004354
100001533
99993470
100015378
99986308
100020348
99986470
100004693
99979865
99993445
100009662
100065690
99946541
99976468
100007710
100022258
99992344
99990549
100013241
99984263
100016756
99976981
100015421
99995754
100011283
100068201
99946589
99984460
99979016
100026224
100012886
99973838
100006279
100007150
100078896
99899072
100010269
100019793
99987285
99995418
99984749
100014343
99988159
99999878
100003598
100017458
99985660
100102337
99909079
99988582
100087399
99896719
100007288
99992971
100025359
100008094
99984693
100013298
99981291
100009787
100025904
99963684
100019913
99987998
100004616
99993471
100001436
100027156
99990264
99992959
100064211
100055668
99861281
100018474
99992315
100078792
99922423
99994787
100013952
99983743
100026366
99965311
99997337
100156385
99859251
100039883
99971021
99991174
100001513
99996619
99979766
100007761
100028513
99982791
100011217
99969767
100020682
99984128
100024608
99966010
100018763
100034883
99971858
100079369
99906311
100043803
99983789
99984182
99987093
100014003
100008718
99994288
99974423
100039057
99973054
99990471
100025026
99994736
100009015
100009181
99968329
100011121
100050093
99934452
100014973
100038379
99944520
100017382
100004391
100015682
99987619
100082351
99914036
100012372
99993464
99985699
99998324
100013787
99997972
99974561
100023098
100011900
99967203
100023077
100050937
100176171
99814374
99949150
99985221
100035633
100029022
99953559
100001557
100001923
99991751
100017041
99992204
100028922
99965194
100009951
99989804
100013141
99974762
100039582
99978177
99992632
100011443
100002823
99989713
99993834
100010342
100006834
100038251
99945689
100001841
100046387
99956605
99983494
100012077
100001604
99998339
100022526
99981164
100114970
99899565
99979230
99987887
100014606
100005222
99986805
100006174
100009578
100063102
99922112
100017242
99988342
100014035
99989814
100007458
99975917
100017684
99992085
100019683
99991453
99997070
100002144
100018997
99981233
99995036
99999172
100010127
99993412
99994751
100005691
99992623
100003424
100003354
100010007
100000407
99971188
100018577
99999703
100062337
99922714
100028920
99988096
99956987
100030590
100012133
100026168
99984766
99992647
100004104
100007254
99963906
100012737
99983774
100011954
100015148
99996444
100005973
99986442
100004980
99990377
100004290
100020698
99977591
100081311
99907304
100012369
99995504
100311715
99951954
99753695
100018909
99965135
100026312
99967009
100014607
100004327
99995309
99992349
99999481
100002040
100031415
99973392
100022835
99997719
99993842
99997501
100076440
99914019
99988655
100010510
100161811
99840910
100003998
100002886
99991731
100009621
99998409
99986078
100016400
99994837
99984970
100002775
100008576
99993347
100195015
99812761
100005350
99972823
100078084
99919230
100022749
100022238
99991464
99975874
100029997
99975877
100009458
99980815
100036384
99984412
99984696
100226743
99771682
100003563
99991532
100016690
100002436
99979651
100002766
100014972
99996580
100019115
99999127
99990495
100003355
100012693
100005642
100055955
99941594
99956133
100018399
99995441
100000896
99986576
100027459
100084006
99918363
100000504
100053170
99921060
100006063
100086719
99972427
99936952
100070586
99935030
100062273
99918240
100034054
99974019
100110898
99899584
100045023
99966018
100102015
99888470
100027039
99965249
99997266
100017190
99974128
100000306
100078520
100576901
99390228
99970703
100005103
99996657
100007222
99978390
100141292
99855451
100161558
99994424
99940451
99947249
99995359
99976203
99990653
100075415
99950411
99991596
100036442
99982612
100351301
99639751
100000972
100028139
100074632
99915391
99975570
100033758
99988025
99985577
99996858
100007710
99993069
99999334
100007391
99983863
100000569
99991496
100006106
99986594
100033284
100016637
99958233
100013791
100011305
99971076
100088544
99904406
100012469
100048656
99952388
99997725
99994066
100061559
100019206
99935758
99986022
99987280
100030414
99984140
100083973
99909065
100026550
99970100
100024239
99976575
100025826
99975721
100019858
99985770
100004460
100012313
99989568
100007800
99994855
99995720
100001102
100008948
99991572
100021553
100201964
99784495
100024817
99959124
100088494
99905374
100024754
100097770
99886574
100029195
99993501
99983800
100033817
99963496
100028353
99956355
100016856
99989626
100024306
100005309
99985477
100006987
99978079
100007013
100013275
99987807
99993089
100057588
99999019
99954972
100008554
99993815
99993885
100019447
99997615
99976112
99998236
100006152
99999899
100010578
99999008
99992184
100001358
99985103
100016783
99997524
100035252
99960234
100009329
100011913
100033451
99938796
100059636
99943496
99991619
100033071
99973346
99999476
100001342
100019308
100004467
100017550
99979458
99982585
99993700
99994762
100023280
100007590
99994155
99971671
100027940
99980176
100031945
99976583
100002027
99988298
100010310
100005167
99994996
100018416
100002665
99995879
100046225
99932432
100000688
99988642
100075929
99927366
100017907
99975472
100018580
99982497
100047619
99989374
99988962
99996950
99980781
99998797
100039898
99981490
99989839
100021035
100012104
99950341
100024430
100062024
99940400
100008808
99984323
100005250
100018302
99983613
100000445
99971118
100029095
99990439
99987122
100017176
100016981
99995970
99975335
100002027
100009402
99965518
100037289
99995619
99992152
100007384
99996677
99995309
100001089
99988199
100017145
100002131
100001513
99991183
100022235
99996486
99998749
99983845
100017325
99987964
100007052
99986037
100003447
100000041
100009581
99983491
100008707
99999055
100003483
99998787
99995943
100012145
100006031
99976742
99997405
100009132
99985348
100037328
99987808
99991235
100000015
100010281
99984146
100095832
99907657
100005766
100009191
99985352
100002916
100015992
99976673
99998179
100033335
99969239
100015961
100022314
99964152
100019086
99976607
100000743
100109966
99901211
99985144
100033181
99986131
100007454
99971704
100024602
99987094
99987648
100011170
100007427
100042949
99945524
100017890
99971919
100029594
99991131
99982266
100021280
100014052
99986781
100001706
99974046
100103927
99904285
100034153
99994898
99983180
100025927
100022115
99958130
100015853
99953590
100018343
100014743
100015747
99970272
99975187
100017613
100017000
99993571
99988626
99992111
100000411
100273381
99730686
100025980
100138621
99866952
99987357
100003158
99992529
100063809
99925039
100017463
99989461
99990995
99994041
100015830
100308360
99693903
99991672
99974535
100025025
100007886
99983173
100017969
99985192
100057679
99954170
99989029
100003312
100000961
100021984
100000972
100000871
99987053
100003277
99991991
99980984
100015445
99990208
100005589
100014507
99974757
100039188
99993532
99996401
99981739
100021600
99970468
100001584
100012081
100010293
99998107
100002889
99985425
100017286
100082817
99905991
100007744
100010387
99991631
99987388
99992381
99981007
100015061
100017366
99996542
100008703
99988278
100001483
100020827
100055066
99924769
103061048
96936622
100003228
99993885
100008660
100003282
99981073
100052691
99939295
100013952
100020538
100006372
99959373
100246211
99770477
100004170
99990081
100021748
99984337
99999685
99997649
100019235
99980371
100002649
100005320
99994039
100010495
100007682
99970154
100008390
100122139
99880758
100006362
100001779
99986683
99998376
99994665
100022505
99986201
100021754
99975788
100022692
99982440
100008343
100084512
99899125
100018431
100002830
99991308
100031168
100028896
101207674
98695314
100046696
100009501
99984388
100068582
99925054
100005586
99989222
100006176
100008686
99994775
100045235
99957621
99997189
100028397
99965353
99995967
100002364
99995583
100012077
99982345
99997805
100018648
100040192
99956104
99989562
100031772
99984549
99991314
100005144
100001942
100032814
99966669
100012350
100007590
99990186
99996863
99985818
99990653
100020775
99988788
100004393
100015490
99987234
100015451
100070968
99907336
99992647
100019889
99986399
100018663
100256866
99742769
100008933
99967901
100009775
100013100
100276258
99708434
100001410
101326217
98684196
99986966
100136186
99874085
100009801
99991698
99987702
99997518
100023530
99989821
99994198
99987858
100028671
99969929
100015221
99999778
100005746
99994224
99992730
100011113
100014832
99962761
100004637
100010910
99989229
100066489
99962659
99988486
99999841
99996614
99993016
99996625
100011086
100014192
99984215
100032061
99973155
100008394
99970679
100009775
99987932
100063511
99953746
100004964
100008009
99992820
100001531
99975204
100021151
100002106
100005246
99999103
99995389
100032463
99962138
100010025
100007270
99984826
100005017
100006048
99987133
100010411
99991959
99990012
99995860
99996311
100013083
100016862
100004449
99980935
99998868
100062740
99939566
100009812
99979238
100015670
99988267
100001238
99995407
100003751
100005983
99992315
99995850
100034257
99987787
100015421
99986306
100004987
100211833
99791191
99977069
100008623
99999901
100016025
99978955
100011994
100008888
99997370
99991132
100011356
99999314
100002225
99973452
100023889
99972319
100001206
100063987
99949713
100003614
100000542
99985352
100022171
99996480
100016596
99992198
99993367
100004103
100060720
100061701
99913200
99987020
99991424
99985046
99995488
100024768
99980797
100011000
99992799
100014063
100318710
99701966
100023649
99962636
100213210
99785994
100014636
100096028
99877557
100002001
100046386
99945725
100014724
99989451
99982579
99991585
100007443
99997008
100030159
99991593
99990152
100037399
99946358
99998745
100028805
99985385
100077007
99997278
99936201
100006836
99988868
99995865
100011563
99971540
100111733
99909640
99993696
100002487
100003735
100005756
99977838
100028349
100044840
99965356
99967136
99985228
100022143
99995763
100022971
99990696
99986992
99979796
100033780
99978577
99994433
100022470
99984998
100021035
99971441
100004754
100016078
100010526
99986920
100009547
99964604
100024014
99992167
99999848
100001624
100095727
99918039
99997009
100058049
99925973
100009933
100019519
99975865
100030971
99970935
100033035
99975491
100060202
99956903
99968775
100019704
99984381
100029165
99963618
100016216
100112493
99894457
100018784
99962146
100024206
99991525
99999950
100001228
99975996
100014326
100059081
99946750
99976972
100019224
99980037
100013713
99988901
99998913
100031994
99993585
100078502
100057196
99831025
100017134
100029847
99988088
99989032
99989682
100063014
99952285
99976362
100007428
99996131
100050901
99956370
100002528
99998553
100018474
99999446
99990238
100012216
100000239
99975714
100017841
99978338
100014055
100006289
99977979
100020437
99986004
100036243
100448086
99523880
100011354
99968539
100025071
100014692
99970540
99997919
100008426
100024932
99988552
100007222
100136991
100537704
99313106
99982042
100006607
99997233
100007894
99979742
100029246
99989337
99997344
100004325
100002396
99988072
100002426
99975841
100021247
100064471
100052894
99899095
99978404
100008079
99987799
100004773
100023794
99994948
99989112
100030699
99975367
100004478
99984458
100008595
99998897
100015337
99982729
100011026
99990137
100001784
100026146
99964613
100089684
99932929
99995360
99995172
100015172
99983122
99989848
100027729
99981447
100008250
99976442
100015072
100023080
99988689
99992344
100003224
100165602
99811404
100052687
99956037
100010719
99972356
100019896
99994925
100004235
99995531
100013924
99974553
100029493
100006251
99975295
100138364
99861986
99991138
100037219
99988094
99976060
100024792
100117209
99869950
100001164
100084515
99915839
100010299
99986229
100015270
100008983
99966773
100031212
99983625
100050033
99949548
100004502
100000114
99986411
100019725
99969016
100005030
100035527
99970247
100015603
100051262
99941700
100085914
99941307
99977334
100010751
100010437
99978564
99983881
100006046
100451941
99573321
99998412
100002208
99980219
100064109
99927099
100012855
99986746
99999135
100011637
100296542
99708283
99994746
99988130
100007626
99998368
99994223
99992486
100023536
99992981
99991491
100042110
100549760
99427168
100281015
99719787
99996430
100004599
99994471
100033018
99956469
100014728
99994383
99986419
100058373
99966095
99990234
99994211
100004338
100175854
99902994
99941911
99972174
100023205
99980543
100012826
100004338
100009343
99978545
99994577
99991113
100026606
99991124
99973682
100030167
99992225
100007880
99981420
100008702
100038424
100002749
99987359
99974979
100002005
99993138
100009496
100004354
99986155
100004973
100055915
99937165
99992526
100011676
100006166
99993719
99988075
100027265
99990774
99997606
100023622
99974419
100004377
100000013
100011659
99975397
99982805
100023493
99987891
100021569
99989176
100014864
99991665
99996215
99974564
100041664
99965805
100030312
99986702
99992134
99996278
99996521
100036618
99985473
100006722
99984809
100024280
99969756
100007561
100002405
99984184
100029891
99998785
99976937
100011634
99992625
99991370
100000975
100037739
99988394
99985826
100009033
99999725
100000519
99975088
100000053
100017973
99999230
99996546
100005278
100015537
100010730
99996621
99971816
100004255
100034169
99953907
100009846
100023753
99982127
99996536
99999041
100107267
99886587
99999802
99987498
100017486
100010696
100047775
99952044
100347659
99643438
100082269
99914708
99981740
100020332
100010515
100009577
99991636
99974370
100009846
100000656
100022518
99983777
100006706
99972853
100017176
99991433
100025650
99983828
100009926
99986661
100053031
100004208
99980350
99975728
99980509
99997050
100015942
99982061
99998549
100033715
99968642
100031313
99986167
100009880
99985229
100009062
99977374
100022550
99989812
100005770
99997968
99995168
100001266
100094488
99907209
99997933
100104246
99890854
99991641
100027962
99977694
99980346
100035642
99995087
100028121
99962376
100027472
100281791
99734579
99960152
100154841
99830097
100013104
99999795
100005609
100000102
100020917
100028317
99958936
100002042
99997677
99972314
100051189
99945471
100017471
100010937
99984152
100035299
99985190
100012887
99988945
100013504
100193946
99782732
100014826
99973035
100034983
99981330
99988582
100006521
99998563
99994102
99986303
100001443
100021148
99990818
100000547
100008466
99999979
100007890
99998149
99992028
100005428
100002404
99973072
100060980
100087089
99928650
99937297
100028417
100016551
100035599
100145258
99835924
99934860
100023182
99973159
99993508
99978178
100033362
100019974
100018744
99948537
100022381
99995169
99996430
99985327
99992940
100028758
99978736
100017825
100041453
99941958
100012646
100022128
99981036
100006960
99994881
100013828
100003390
99995753
99976368
99997182
100024810
99973667
100015023
100000883
100006600
99971338
100104610
99892592
100014978
100005438
99990820
100007400
100018973
99970751
100036343
100099760
99873350
99996001
100019541
99970393
100009909
99991339
100004751
100011676
100000347
99983695
99986733
100037321
99999702
100002599
100024993
100031639
99944333
100015567
100004952
99959442
100009524
100025201
100007807
99980129
100017944
99974003
100031753
100013546
99978274
100343218
99612146
100031994
100002878
100071780
99931590
99976438
100292330
99745967
99971456
100059094
99958848
100003534
100008088
99988770
100097789
99873644
100024334
100032845
99949430
99964079
100038333
99996017
100631516
99367207
100220981
99769474
100002612
100001997
100022457
99976531
100018021
99978568
99992794
100035295
99986625
99984044
100011252
100000766
100015686
99970271
100026301
99998728
99975187
100018233
99985696
99989885
100022373
99986469
100027497
99990557
99979016
100012254
100028797
100139946
99836275
99981028
100024858
99993438
100118338
99865260
99997598
100046354
99966826
100034365
99985256
99992611
100008815
99980988
100004169
100006445
100009286
99969505
100034482
99978593
100001641
100004158
100016557
99963698
100002775
100026999
99966657
100038990
99957243
100008643
100024475
100135295
99840746
99990692
100023034
99991572
99997593
100003933
99987698
99993668
100035924
99982152
99994487
99998510
100019006
99986342
100001851
99989558
100000801
100026282
99981621
99999761
99988536
100009399
99996897
100010994
99982745
100018522
99991764
100004435
100002627
99980740
100025283
99985370
99984136
100045333
99972976
100006416
99987972
99984249
100002113
100049292
99961745
100006059
100009665
99994052
99990686
100016209
99987483
100055397
99933040
100006543
99999189
100016025
99991649
99998409
100008444
100015995
100004270
99982451
99981424
100036742
99974207
100000466
99977998
100038439
100002763
99997479
99985381
100008273
99981545
100057676
99965259
99993435
100005973
100008249
99973685
100057528
99973764
99972458
100007006
99993919
99989012
100130387
99900139
99974692
100024503
99991474
99988365
100170319
99822212
100013021
99998079
100008906
99980099
100030196
99981742
100001047
100008430
99989926
99977609
99999330
100023578
100037822
99955263
100015980
99981781
99991095
100045692
100047637
99933513
99985653
100024876
99973260
100012430
100013721
99986476
99980893
100007187
99981703
100006643
100026631
99980010
100004221
100018421
99977937
100051166
99984453
99972489
100003378
99997662
100064885
99946297
99976552
100013708
99988971
100031154
99971802
100072800
99975590
99973794
99986537
100029510
99964245
100014202
99985920
100003944
100009659
99978041
100012031
100019226
100002172
99972859
100002820
99983340
100024481
100006559
99980867
99988430
100004060
100019228
100019162
99968516
99991269
100013963
100007306
99992273
100044679
99944958
100020133
99979436
100009507
100003112
100055373
99935430
100027019
99970791
100010827
99997233
100027747
99954695
100041608
99969823
99994311
100014256
100013956
100000027
99989917
100005167
99975869
100006683
100007404
99994652
100029649
99980813
99979203
100018987
100013214
99987789
99970246
100024441
99992980
100024963
100072654
99904284
100022275
99996477
99994140
99995677
99994196
100029601
99969507
100011278
99996033
99990372
100023434
99998303
99986991
99984130
100007818
100020865
99982626
100001230
100010375
100065445
99928202
100037413
99976068
100065335
99919316
100011511
99993230
100007651
99981475
100006706
100000326
100003948
99988847
100015537
100014405
99980745
99992075
99995780
100012123
99996370
99985441
100041424
99966012
99999301
100019222
100005846
100055034
99916397
100018081
99977791
100005565
100004931
100009736
99994105
99990893
100023341
99989563
100018153
99963000
100000066
100009242
100009179
100010589
100000076
99973298
100012025
99998484
100003230
100011391
99996230
99982894
99999401
99993736
100002184
99996579
100028258
99980669
99995482
100028447
99967337
99994542
100051375
99947336
100034300
99989933
100007830
99980061
100007692
100099673
99883677
100002103
100021263
100001080
100003511
99980681
100035782
99955733
99997812
100005729
100004083
100026006
102225108
97750956
100028437
99999590
99984865
100008215
99994096
99974787
100008082
100034736
99975559
99991086
100011640
100003985
99985149
99991455
100024441
99972459
100009310
100014474
99989721
100011049
99994979
99988049
100011312
100010261
100019355
100150365
99820449
100000775
99996937
99991062
100019316
100042918
99960676
99964683
100014610
100001751
100009308
100028040
99963534
100001656
100044318
100129693
99832126
99975801
100020501
100019025
99965205
100017646
99994173
100008732
99992558
100005330
100008170
99997114
99999709
100063661
99919548
100005057
99993529
100022138
99986285
100036369
100064247
99919539
99985750
100013345
99976669
100027749
99977416
99987785
100114448
99902406
99994545
100000647
100001963
99986725
99990033
100140692
99950883
99919233
100096017
99913366
100012000
100004834
100066882
100155390
99784124
100009383
100038951
99921447
100066932
99962718
100015277
100576718
99847969
99548498
100026870
99969688
100006591
99974735
100029168
100020905
99987782
100012977
100038135
99937695
100001387
100000615
99980890
99997775
99999009
100018550
99974536
100019294
99988292
100007481
100008371
99984749
100025417
99967664
100035439
99973765
100035538
99968541
100019751
99984367
100004713
99983038
100002798
100009364
100001467
100018124
99964849
100017880
100002445
99981560
100003109
100001823
100028068
100016106
99973331
99983089
100019595
99989343
100008234
100012367
100014844
99940673
100113512
99907116
100018672
99992282
100000837
99987457
100007514
100003817
100002258
99990236
100026421
99963030
100001000
100033188
99980257
100017723
100004403
100222690
99789913
99988155
99969440
100019260
100004461
99965763
100016440
100101433
99886221
100031254
100034694
99937805
99997697
100006298
99994408
100023804
99997672
99987445
99999516
99979065
100035371
100014182
99966577
99996402
100018437
100006740
100004810
100413521
99586160
100014088
100087461
99876422
99983389
100015108
100000470
99984670
100033595
100018466
100056980
99937282
100000041
99967592
100056885
101181743
98802915
99973311
100050871
99985256
99978191
99982803
100006650
99995847
99979095
99991505
99995728
99997404
99994071
99993479
100019822
99992334
100004563
100014266
99990741
99990886
99999631
100025740
99982810
99988692
100012219
100008944
100135544
99852120
99992418
100014024
100051476
99924043
100050416
99964665
100000229
100002682
100050294
99933863
100011993
100003437
99997333
99989126
100151746
99843425
100005952
100017957
99982761
99997413
100011531
100012331
99987832
100000548
100072817
99933402
99998421
100010867
99988112
99978052
100019821
100003812
100002962
99992666
100016444
100013760
99972431
100012913
100006856
99965576
100009025
100016658
100072936
99918533
100007749
99985217
100022207
99985630
100017795
99957580
100026214
99982749
100212930
99809321
100007826
99988985
100000907
99983355
100020752
99995445
99980830
100006868
99997544
100010414
99970253
100029355
100003704
100027045
100020143
99935432
100010474
100000885
99997346
100006628
99983106
100042376
99977207
99988418
100009316
100020721
99982479
100003199
99994723
99983842
100001881
100013545
99980234
100027819
99974684
100003235
99990274
100014755
100004071
99997864
100002020
99990462
99997222
100003790
99997395
100011130
99987059
99991963
100011106
99996717
100010826
99990997
100007482
100014568
99974923
100012155
99990350
100018372
99994812
99997553
100026487
99974705
100001262
99994600
100012933
99986357
100005870
100004876
99987788
100009515
99992058
99998435
100005544
99994818
100006204
99993422
100000177
100021737
99972275
99997987
100016973
100009138
99976752
100002925
99984120
100021473
100004315
99988697
100015857
100008384
99981591
100013245
99975514
100004354
100015696
99971433
100033142
99969909
100007134
100015414
99990973
100015276
100224711
99764021
99988719
100017019
99989990
100005038
99994097
99995462
100011711
99986270
100032856
99981387
100015198
99969265
100034439
99982727
100006723
100004543
99985374
99999690
100006435
99982377
100015619
100040371
99955412
99997397
100009794
99977056
100022373
100003460
100005951
99985530
99991792
99992613
100005892
100018810
99963623
100029891
99987502
99997436
99999112
100008153
99998857
100019142
99973274
100030751
99976655
99989757
100036344
99990291
100052351
99932889
100025882
99970845
100020438
99962585
100026237
99998019
99989022
100009254
100048042
99949137
99996954
100013810
100036402
99995985
99973621
99981660
100010626
100020125
99968324
100004169
100004442
99999401
100000724
100169410
99825053
99995615
100002234
99998334
100096797
99900378
100011185
100006279
99998894
99987079
100050485
99970059
100058583
99925072
100024452
99976536
99992988
100009977
99977707
100031490
100099498
99885860
100001771
100006386
99988891
100000677
100010468
99990933
100010033
100009735
100005884
99981654
100111212
99894819
100007914
100052343
99922883
100012296
99999877
100261524
99727310
100004191
100021070
99986291
99989256
100005059
99998569
100013724
99989539
99996151
100008904
99990319
100006473
99992834
100002195
100013295
99990642
99988714
100009712
99994130
100043431
101718845
98256207
99987320
100822315
99194886
100173017
99807441
99999325
99998294
99990977
100012061
100020829
99969133
100007334
100011687
100001545
99981966
100003420
99987011
100014715
100003222
99995829
100003785
99989145
100013308
99988199
99999680
99989015
100042780
99985426
99988246
100006427
99991577
99983100
100013002
100021735
99980598
100008714
99987370
99999701
100074608
99927861
100019546
99994127
100009010
100103533
99880141
100005881
99992997
99990562
100003218
100016304
99994791
100070160
99909620
100005355
99987434
100013898
100012382
99994787
99995110
100025457
99966898
100017547
100090959
99912295
99980845
100024910
99988036
100005372
99994603
100014343
99984748
100003933
100090017
99906758
100012331
99996882
99950173
100049354
99989164
100029049
99962714
100013655
99987867
100069302
100073438
99867248
100000623
99996697
100004350
100081200
99922572
100029577
99962811
100010413
99993426
100024756
99978447
100053488
99948160
99993315
100009468
100000405
99996790
100009390
99982889
100016934
99989058
100003923
99968766
100032598
99996718
100008913
99962688
100013037
100016536
99997685
99987964
99991037
100005708
100013273
100002231
100003339
99995560
100013485
99981178
100031653
99988677
99992392
99985052
100010489
100036173
99958456
100019033
99987949
99993122
100010035
99991772
100005684
99987498
100014350
99991049
100033307
100037076
99949693
99987053
100018971
99972318
100008603
99994644
100014045
100073625
99933004
99998630
99968527
100017792
99991931
100020806
99971667
100021189
100000226
99992026
100003355
100020452
99976670
99996879
100019466
99978672
99987710
100036624
99975892
100015241
99990500
100681426
99302336
100005828
100019079
99981832
100004445
99982986
100019821
99984622
100043495
99961113
100013475
100027395
99956226
99987750
100033090
100071013
99932365
99989516
99986993
100133820
99893038
99983458
100045686
99956404
99997878
100006043
100057774
99950835
99997339
99996804
99999003
100229626
99786846
99977824
100020493
99972949
100093528
99907747
99983675
100006277
100001040
99991987
100012365
100005527
99992163
100007199
100019200
99975444
100017295
100003612
99996644
99978806
100024265
99970556
100008425
100007197
100014984
99980118
100011402
99987420
100026143
99976391
100002580
99999073
99995757
99996546
100098474
99921290
100003418
99985347
99992663
100020985
99984674
99999972
100000865
99982270
100031917
100020159
99985920
99975868
100036378
99963014
100019415
99978395
100015175
100000860
100004250
100012080
99986062
100043483
99969969
99972449
99998975
100023167
99981558
100003482
99997801
100091152
100032257
99883238
99988330
102687018
97338100
100072467
99936476
100003045
100115828
99872739
99986081
100007864
100084142
99902945
100051717
99944036
100018114
99966326
100001184
100010520
100024324
99984749
100025228
100003431
99971502
100018686
99958290
100034878
99973370
100012973
100073984
99990335
99950602
99985619
99989329
100008300
100000343
99995975
100030715
99987841
100019916
99979253
99986409
100006702
100004183
99981046
100019776
99980231
100017741
100051662
99944412
100005851
100291582
101171620
98519170
100009136
99999805
100010092
99980381
99999016
99999581
99994841
100015229
99983805
100008687
99988952
100025625
100002780
100010584
99971495
100072779
99935882
99993351
99991894
100031663
100005904
99984810
99988640
100018847
99978423
100021061
100324084
99715781
99939593
100001328
99997246
100017506
100071583
99913519
99996483
99995615
100002864
100016235
99997091
100141634
99853136
100025304
99962852
100017751
100038174
99975825
100022242
99957540
99991819
99993562
100001598
100020931
99972227
100394692
99626265
99994953
100022999
99998547
100020840
99945531
100015784
100003007
99992931
100007805
99985875
100013912
99987410
100012818
99992300
100012923
100006274
99982356
99986865
100000666
100009298
100002279
100006172
100381062
99601581
100024854
100000135
100016790
99950028
100031840
99987346
100020067
99977179
99984054
100082130
99940467
99971603
100019910
100033824
99985972
99968149
100027648
100324748
99665760
99996666
100016183
100003363
100070634
99918993
99993814
99998147
100013144
99991562
99990372
100010254
99983061
100016078
99995828
100019278
100004528
99981432
99992715
99995466
100005298
99999727
100009107
99973741
100014942
100002859
100008906
99997571
100024292
99981696
99970983
100019753
100002851
100001746
99994156
99998334
99980852
100014619
100009159
100056945
99936670
100003634
100007983
99976450
100005995
100001341
100006098
100005018
99992431
100192902
99803901
99992577
100004517
100043159
99964158
99993355
100016754
99989903
99997788
100031872
99984795
99984014
99988716
100028528
99984411
99991893
100016645
99992362
99991882
100004936
100014692
99980714
100026801
99964246
100008394
99994361
99992159
100026353
100062326
99926703
100039767
99975761
99990842
99989520
99996968
100003929
100628133
99390211
99986318
99987640
100008541
100003109
100009624
100000166
99991892
100014043
100009526
99985631
100007957
99991472
100005626
100009361
99996066
99982004
100058017
99949905
100005062
99990988
99993046
100012115
99983702
100032844
99972985
99999404
100004316
100101628
99884096
100033241
100021743
99971873
99989901
100004309
100025354
99960892
100029889
99964563
100036295
99975135
100005178
99992175
99993057
100012164
99998159
99990621
99999986
99998981
100036868
99990914
99982658
100004200
99982407
100012126
100004311
100080910
99912121
99994464
100015865
100003732
100003159
99993766
100012473
99989839
99993111
99990989
100014068
100006852
99979985
99984666
100273555
99748779
100005930
99985238
99997157
100004413
100043208
99958585
100011070
99994345
100011999
99975176
100023282
99978965
100016443
100032510
99974603
99993947
100009992
99984018
100015803
100053379
100009771
99917887
100091013
99909931
99992217
99974988
100030045
99997219
100015443
99993066
100011711
99981453
100001700
99988947
100016141
100011514
99981813
100006842
100017141
99976216
100002342
100000847
100020085
99982408
100010576
99999365
99989699
99984046
100023319
99985365
100364471
99644220
99997227
99981721
100002673
100025439
99990909
100158518
99822047
100014737
99995242
100008172
100001984
99990489
100016300
99990186
99996500
100006151
100010120
100009890
99970675
100001925
99998891
100045617
100020471
99949552
99976690
100010391
100012399
100004185
99987670
100002454
100032044
99966451
100003000
99984894
100014951
100171702
99870384
99959779
99998223
100009807
100105468
99870037
100016827
99995757
99985620
100042624
99965961
99996516
100021847
99989895
100011023
99984029
100004432
100006155
99991925
99993529
100014831
99984932
99991999
100004309
100002642
100015679
100011104
99978410
100018354
99976931
100027529
100003944
99981642
100101615
99905179
99989759
100015749
99966699
100015406
99994338
100022479
99995666
100022009
99958618
100022072
99970866
100009107
100074008
99955413
99978874
100000008
99980249
100042725
99971167
100013345
99987663
100022431
100017137
99970854
100118678
100033346
99890923
99967902
99983859
100004878
99988820
99985489
99999882
100002998
100129713
99895601
99989351
100006001
99999494
100006990
99979917
100312151
101798640
97897754
99992116
100015616
99973500
100041487
99987227
99984627
100021518
99977100
99998034
100012632
99995933
100007938
99989432
100028796
99979186
99998983
99996531
100001817
99998952
99984403
100035134
99997044
99982831
100012810
100067632
99920345
100021991
99975791
100008791
99976920
100021423
99986680
100013364
99999598
99982145
100003137
100009630
100006095
99982725
100025850
99993925
101811093
98182847
101097307
98921002
100002716
100090101
99870846
100012779
99988736
100077082
99936731
99980414
100023216
99995398
99999953
100051297
99947072
100033526
99980882
99965364
100076460
99931111
100006558
100012936
99990386
100035574
99960762
100000971
99995442
100032212
99977456
99994955
99998040
100012183
99988717
100028785
100007513
99972172
100047800
99946133
99998359
99998197
99999826
99986570
100012755
100014021
99992912
99997164
99999082
100013891
100002076
100175225
100001041
99806349
100003528
99998869
100067609
99932561
100021383
99979225
100016534
100005121
99983378
100000691
100003311
100009395
99981420
100024482
99987732
100181060
99832690
100109989
99846528
100022831
99998160
100019272
99972664
100006401
100007142
100044140
99977191
100004948
99994748
99992765
100001271
100136704
99884351
100845751
99233854
100069377
99866803
99986246
100097032
99867390
100070262
99952450
99974433
100020380
99980037
100000277
100005044
99981605
100010661
100012451
99992658
99984981
100001522
100005218
99996877
100008422
100007371
99997186
99977226
100060558
99943958
100012073
100016578
99978307
100018058
100014037
100234805
99723465
100016890
99975568
100008691
99997674
100001754
100013790
100271320
99721707
99988897
100009096
100014957
99992263
100010399
99993466
100000197
100019582
99976008
100007094
100003423
99991300
100009020
99976678
100012521
100123904
99856511
100019671
99991297
100003483
100017310
99973783
100012014
99993217
99993983
100005277
100167975
99837633
100016703
100236840
99746179
100067286
100187224
99737317
100032993
99979144
99992992
100002101
99996242
100017983
99989045
100015018
99995957
100041436
99942905
99995014
100019242
100049051
99953121
99972552
100016884
100136984
99851096
100021208
99995043
99978215
100026943
99987075
100005971
100000148
99979103
100016543
99994792
100010708
100015086
99973183
100010575
99999721
99985971
100010914
100005635
99989201
99998631
100001010
100002122
100021233
99978017
99997198
100003422
100004523
99985312
100014886
100005227
99981757
100042813
99971851
99994004
99992084
100008385
99996258
100012659
99994905
99997099
99991165
100009197
99996978
100019095
99981260
100012860
99979543
100021332
99979528
99995090
100007897
100023209
100053824
99928264
100027609
99969413
100011820
99988443
99991864
100006186
99999597
100003543
100007142
100020682
99962834
99999933
100002075
100106000
99904695
100001506
99990757
99995664
100012533
99983236
100019322
99994374
99990735
100002468
100011998
100004338
99986386
99991830
99995826
100017075
100007256
99977993
100001970
100056484
99952107
99986476
100024884
100003485
99979005
100034946
99978720
99999495
100005996
99976430
100005655
100011085
100019145
99970803
100256601
99734082
100022488
99994484
99998253
100012291
100011286
100041046
99956206
99987649
100005426
99988806
100006186
99995452
99984839
100027806
99993400
99994742
99993966
99987521
100006816
99998538
100057394
99970395
99983629
100032822
99979439
99982586
99994010
100023229
100102152
99876337
100025574
99997146
99983098
100019621
99999629
100012407
99979529
99997355
99991151
100007761
99985992
100003559
99996493
100003592
100029546
99993087
99972302
100010126
100013761
99968069
100105745
99921300
100029704
99964872
100007913
99978350
100120240
99896004
99992157
99993196
99994848
100025922
99985760
99993242
100034080
99986730
99981612
100016188
99979141
100009991
99996457
100007795
100003007
99996868
99986069
100028771
99987059
99987551
100010787
100001329
100005387
99988632
100024351
100004300
99979297
100010860
99979895
100032663
99975511
99985293
100024146
100029588
100261359
99702166
99987653
100001543
100052493
99969187
99961239
100003393
100000817
100006934
100013062
100003269
99987983
100001846
100020848
99981741
99990251
100019765
99997632
99985239
100017423
99994696
99984486
100009692
100006681
100000116
99999184
99994500
100006133
99980984
100003127
100011984
99999527
100003158
99997626
99992502
100010509
99983062
100063402
99954873
100013894
99978308
100013016
99985602
99999519
100013806
100020523
99968929
100132693
99865096
100008373
100007582
100007927
99986666
99988600
100003011
99969874
100026091
100014517
99985620
100014470
99975494
100006335
100022438
99986128
100026648
99969820
99987143
100004682
100009800
99982795
100012626
99994088
100007687
100137891
99858346
100005027
99982531
100062152
99981682
99977526
99995122
100008280
99992207
100015623
99988813
100005710
99985337
99993115
100017158
99984926
99989540
100018915
100007835
100015390
99964170
100010921
99999821
100769351
99230412
100018291
99983562
100111034
99904400
99981859
99997374
100003844
100024747
99949650
100081141
99946979
99987155
100016860
100004472
99986992
99998679
100009985
100000468
100012650
99988188
99992117
99989778
100010965
99983731
100024835
99997008
99990279
100022950
99996907
99974741
100002926
100003714
99989926
100022597
99984043
99992551
100017945
99992547
99991804
100026029
100136834
99846702
99984375
100016522
100007158
99993934
100093527
99921944
99981157
100001361
100003837
99987821
100001452
100016677
100081006
99973085
99945678
99988475
99988637
100021821
100011534
100031031
99970479
99976631
100015336
100009524
99971356
100022652
99988863
100020768
100000671
99987850
99985997
100002140
100007468
99987701
100013257
99990536
99983903
100029503
99977090
100020033
99993104
100042891
99949054
100007559
99986948
100026081
99993285
99982625
100014516
99988936
100000754
100007666
99991226
100021861
99977948
99992944
100002814
99987740
100031662
99984550
99991875
100013933
100015530
99988272
99989150
100018596
100008382
99998946
99973003
100012048
100041886
99961267
99994403
99988523
100009748
99998156
100010109
100005761
99995962
99990246
100015620
99979989
99997716
100015690
99985214
100000330
100023967
99966764
100022650
100012321
99974602
99996533
100021807
99988597
99997597
99987172
99998732
100026103
99982003
100021153
100006179
100029855
99961963
99980729
100000117
100025507
99981021
99992190
100018782
99999683
100001891
99990333
99998395
100015812
99996573
99996119
100001078
99989708
100006971
100040068
99960775
99972939
100043259
99992259
99980131
100005829
100004490
99996539
100009032
99977274
100022998
99994967
100001946
100001305
99998595
100007698
99996176
100054381
99928638
100014610
100408309
99629888
99992648
99970809
99995154
99980092
100006506
100076670
99980201
99980190
100001617
99967294
100064476
99951060
99993545
99992762
100002494
100042318
99976812
100005355
100054443
99940068
100163609
99907398
100002953
99937176
99970869
100090823
99925269
100075297
100001485
99915346
100096187
99958220
99954303
99990757
100015218
99983342
100008745
99992711
99985765
100039286
99974439
99990765
100019846
99975412
100009187
100008215
100001124
99978398
100036018
100087168
99891829
99989675
100004726
100090277
99888522
100027813
100509241
99478905
100007951
100004319
99994159
100000734
100010304
99990644
100005281
99996381
100035270
99962221
99988615
100084061
99915105
100014564
99986245
100011362
100001599
100020042
99991402
99985740
100000500
99979908
100021287
99995237
99981440
100016731
100045340
99971431
99981250
99998282
100162968
99846388
100013389
99979273
100015049
99992987
99994803
100010125
100001952
99989908
99991505
100014807
99985525
100008046
100046598
99969204
99996057
99992035
100016057
99986762
99994705
99998276
99990986
100011080
99987621
100019446
99997300
100019337
99983414
100008864
100092157
99876388
100019396
100000065
99995222
99995976
100005049
100000034
100004697
100075353
99912985
100017551
99985039
100030137
99972383
100002855
99986760
99997103
99980249
100028476
100000325
100009493
99985803
100016545
100155773
99826106
100007584
100014863
99983429
100120485
99873754
100010642
99985720
100046933
99967658
99994169
100009429
100003254
99994834
99997198
99984146
100022099
99994747
100051049
99940298
100006786
99993964
99999939
100024923
99979817
99999279
100011555
100009607
99988720
100302146
99703268
100001244
99996793
99974385
100008000
100005420
99991155
100009712
100003248
100011421
99973251
100008860
100003850
100001877
99984030
100016127
99968454
100007947
100024689
99980355
100000618
100231961
99777577
99999185
100009602
100246029
99742196
99989198
100023750
100002839
99988895
100007106
100007540
99986071
100166824
99820564
99988023
100023817
99994017
100003415
100000467
99997604
100019927
99975627
100025954
99991555
99988068
99994333
100013853
100013128
99966663
100028860
100005444
99979285
100016128
100001490
99980140
100006310
100003772
99986690
100019712
99987066
99986967
100137536
99877222
99999953
100001921
99990382
100025229
99976329
99997730
100013024
99997869
100032067
99961032
100002562
99996188
100001365
100010711
100014349
99985340
99994167
99997585
100005457
99988835
100002423
99999191
99986602
100021344
99992317
100009251
100001722
99998902
99998916
100051221
99952766
100000437
100066699
99934846
99984062
99997871
99991342
100018330
100006940
100014702
99975386
99986818
100004526
100018691
99980802
100088063
99910466
100019337
99980871
100012780
100000650
100003969
100004192
99990533
99972379
100033492
99982934
100065580
99946448
100012001
99993280
100064821
99926531
100005976
99997371
99998494
100001144
100009016
100004163
100011407
99975225
100082689
99923416
99988703
99996025
100001152
99997007
100003349
100012951
99997505
99991318
100025600
99983364
99985710
100060669
99973565
99972610
100015755
99989457
100082403
99946195
100024426
99960672
99999538
99991017
100004286
99980314
100009694
100017524
99985714
99992904
100010252
99998391
99973120
100037897
99964112
99999757
100024630
99982175
100016584
100005133
100000717
99990930
100005228
99996283
99990758
99997449
100005438
99995719
100010088
99986988
100016832
99996006
99999290
99994119
99984329
100016770
100073359
99992996
99953294
100029568
99959651
100009025
100004979
99987757
100001090
100104484
99882707
99994463
100026392
99988180
99989101
100009355
100012155
99978773
100001036
100002695
100004213
99993944
99995926
100005606
99998352
100012959
100003706
99988602
100012022
99991292
99997054
99987837
100009082
99993307
99994962
100065136
99952561
100001392
99993167
100016578
99993937
100018156
99965123
100022771
100018921
99976714
100002663
99994877
99996510
99996466
100001224
99996179
100020010
99995162
99972435
100023659
99995606
99992131
99990314
99996456
100012172
100008550
99981503
100008897
100015946
100004529
99992785
99992221
99996468
100003934
99994266
99997183
99997260
99985486
100017340
100021639
99968759
100011762
100005960
100011924
99984042
100011054
99996622
100018384
99970913
100006335
99997548
99996546
100001417
99988799
100011931
100008957
100005531
99994245
99987073
99998100
100123775
99873678
100102415
99905033
99999818
100004285
100019862
100034957
99959607
99990081
99986671
100019912
99975159
100032774
99970597
100001314
100011054
100008475
100015128
99979817
99989329
100024329
99983381
99992682
100008998
100004968
100003298
99996875
99988556
99998963
100013359
100002831
99979547
99996481
100015715
99992693
100010552
100016972
99985124
99975412
100100748
99912840
99999874
100004432
100029322
100775502
99184908
100014242
99993938
100002326
100163311
106483065
103171174
103179930
120824100
122332691
103955466
108235005
105210225
91210060
90500411
107703007
98084481
96049140
100882848
98152389
102764516
98303846
90738940
92592790
87642808
104496136
100533083
97558452
105105013
100528130
101366352
111486429
98328700
100310137
94642287
89375961
86426175
88349153
97629265
100384644
105228895
90610900
99765489
99681985
100005772
100402287
99665171
99929158
100004303
100171470
99836625
100013383
99981233
100015914
99979132
100000056
99992292
100017638
99992501
100069508
99926912
99996028
99993849
100023355
100007730
99981037
100044435
99973712
99976521
99999660
100045139
99948208
100018466
100054407
99927469
100014553
100010484
100258083
99750044
100000037
99993204
99996442
100007182
99977225
100039239
100032370
99930748
100002437
100028293
99970345
100022419
99988236
99984025
99987789
100015256
100027799
99974280
99989988
100142415
99911920
99975562
100010919
100098997
99876767
100005772
100002443
100495280
99509705
101484848
98513810
100079293
100650087
99294580
100074470
99900255
100030878
100270544
99732267
100034608
99958375
100059381
99937436
99993415
99969219
100028571
99992815
100009490
99979233
99995362
100008050
99999349
100008511
99986895
99999652
100016076
99980194
99987146
100031336
100050597
99948623
99975785
100018413
99974596
100026004
99991210
100001853
100011228
99976468
100012676
99988074
100017645
100057367
99934741
99989776
100016592
100012356
99999601
99993623
99985586
100000471
99990704
100014352
100014917
99981816
100007713
99979770
100005445
100005526
99992220
100017007
99991262
99998356
99991466
100020946
99984298
99996546
100014407
100000681
99992994
100002480
100003789
100031383
99979293
100113361
99863497
100003427
100038096
99977809
100021536
99969668
99990508
100010881
100005786
100022029
99979393
99997995
99983370
100008991
102823828
97177238
99997196
100009638
100054687
99923172
100019395
100040136
99945028
100026970
99992210
100014169
99971230
100024800
99977929
100031434
99991229
99977750
100074542
99999621
99936371
99988467
100008711
99995428
99998852
99998106
100005686
99982782
100003794
100012372
100022716
99969380
99987994
100005483
99999449
100024804
99976410
99999348
99998174
100008183
100011497
100004898
100239928
99734425
100029925
99976177
99991227
100019228
99983839
100122680
99878364
100016767
100005205
99981380
100022024
100163017
99835168
99990221
99982748
100003376
100009558
100007198
99985813
99998238
100013648
100001329
100027066
99975370
99981770
100003302
99987580
100028114
100005873
99987892
99981867
100050149
99976218
99976260
100005944
100009633
100031200
99966344
99997789
99981076
100024772
99994290
99998930
99992525
100006437
100007450
99992076
100042188
99959346
99995999
99998720
100004353
100001474
100023725
100001782
99978973
99993182
100025046
99982608
100012437
99965113
100027726
99994662
99994730
100009694
99996090
100002987
99994694
100009381
99990531
99984392
100072094
99954796
99996143
100008993
99971419
100005191
99994663
100077948
99930966
100002620
99988269
100017524
99991602
100003656
100015227
99990987
100017537
99959782
100005799
100000588
100006069
100005423
100046371
99936818
100003429
100003351
99992335
100019725
99980757
100008037
100002933
100084455
99931193
100237018
99746657
100004696
100006831
100006163
99971169
100032137
99984757
100002401
99986781
100010429
100002708
100178138
99807489
100010270
99993461
100012142
100027681
100007867
99935713
100013156
99998876
100021153
99986748
99986465
100027730
99977406
99989742
100025442
100004886
99968648
100016993
100009261
99988656
100021725
99976845
100005369
100018228
99987415
100006041
99988551
100005681
100069102
99941961
99986398
100189353
99812047
100002022
99986150
99987801
100023249
99993874
100082324
99933136
99973097
100026195
99990218
99992526
100055104
99947326
100000910
100000660
100007124
99985924
100021198
99977671
100000122
100013397
99939143
100053599
99986057
100002430
100008839
100004041
99991157
100009460
99993504
99995965
100024674
99964107
100009228
100011851
99987847
100012113
99985766
100018614
99988714
99989141
100001431
100003181
100008409
100019420
100002785
99989184
99996023
99990737
100002192
100003045
99993398
100018835
99988035
99999984
99994473
100007107
99988202
100027235
99969882
100005037
100019199
99991581
99996100
100000232
100000282
100013317
100001302
99969453
100021681
99995951
100058683
99952845
99991460
99989131
100040427
99958348
100005518
100032473
99971426
100136029
99857621
99994849
100012453
100030113
99979344
99988740
100001596
100006262
99991030
100000426
100005304
100004790
99975541
100028666
99985028
100042042
99951052
100004763
100009949
99993142
99997623
100024924
99994516
99987446
100034582
99969492
99996634
99991568
99997075
100164720
99851561
99988910
100005709
99999930
100013437
100017532
100041281
99962277
99999312
99963201
100015460
99992897
100004490
100042192
99937557
100617073
99395990
99988633
100023154
99978119
100009288
99983807
99997286
100026510
99986186
99988807
100030074
99978583
99994880
100004727
100009734
100003274
100005442
100050124
99918265
100016822
100013003
99968557
100028096
99984200
100019130
99982482
100020476
99990537
99986378
100005982
99997148
100001002
99987787
100035490
100063783
99884294
100018260
100004905
100005510
99990631
100018479
99982943
100019400
99992525
100008871
100026956
99979155
99983312
100011375
100020580
99966391
99997896
99994125
100004176
100012105
100012427
99985403
100061236
99941994
100013851
100357387
99637233
99995132
99992837
100006119
100019773
99980928
100025167
99980542
99980601
100023155
100009834
99985217
99978892
100076185
99910806
100008023
99991714
100030609
100002739
99991382
100007454
99982329
100002897
100016701
99990302
100002970
99997314
100006491
99995077
100017879
99975247
100006728
100006649
99981352
100013660
99980788
100008943
100007010
99984526
100023954
99992710
100003500
99976359
100014250
100002094
99982778
99995737
100019048
99981300
100008756
100000365
100218611
99782270
100004317
100007822
100001409
100000246
99998806
100015800
99983366
100002885
99993236
100003072
100004552
99987966
99997974
99983423
100013190
100024931
99984253
100018355
100014031
99947166
100025960
99989840
99983937
100016336
100020270
99981900
100010903
99991459
100008797
99981005
100278153
99741469
99979253
100016795
100007420
100043968
99933531
100038349
99967278
100012203
100013098
99976645
100000333
99997274
99978585
100046806
99967395
100014410
99996490
99993172
99998378
99985211
100042846
99987553
100000879
100002745
99984315
100023539
99991696
99978553
100019947
100001677
99985244
99998223
100040536
100079483
99925837
99982357
100034279
99944383
100071609
99939518
99994051
99985852
100007966
100016419
99991518
100089322
99937290
100002565
99999753
99996822
99992253
99993718
99997002
100000604
99989883
100011335
99984911
100008972
99995602
99994497
100004261
99988779
100017946
99982083
100025552
99983018
99998974
99982534
100002937
100018678
99994470
99997913
99988714
100012212
100006934
99990758
99978724
100022893
99992616
100000160
100067564
99922808
100028028
100008401
100125530
99862221
99983844
100002122
100007205
99980069
100011078
100001637
100003656
100001794
100005260
100003839
100001407
99989372
99982847
100008602
100125166
99879099
100056489
99949177
100001827
99992330
99997651
99998303
100021172
99994759
99987790
100008636
100029622
100063109
99913354
100013545
100135201
99845969
100003209
99989045
99991356
100522872
99498619
99992374
100011509
99996840
99980116
100015556
99984160
100014294
100001196
99994038
100024583
99988672
100005180
100037815
99947775
100000639
99989487
100003643
100082942
99910739
100007695
99993032
100014607
100067847
99925444
100008365
100027644
99974299
100017037
99993211
99986118
99999726
99999370
100007005
100008900
99975554
99995387
99999038
99998429
100011863
99988116
100004804
100019402
100000065
100006487
99979473
100005438
100003129
99998491
100014400
99999304
99982030
100008980
100250206
99875754
99881522
99998323
99973352
100007607
99992772
100022455
99988607
100040961
99971893
99980169
99990648
100005068
100021622
99994870
99986036
100006907
99996574
100007447
100015428
100012272
99973707
99994420
100012894
99986293
99995711
100016083
100005412
99986255
100012679
99981093
100065469
99941880
100038615
99949701
99994359
100003661
100013861
100049690
99944405
100015152
100054304
99972226
100030102
99922346
100024613
99987337
99980876
100022302
99993848
99992282
99996350
99993013
100028775
99986465
99990323
100099431
100269245
99636064
100005579
99992331
100014309
99988791
99999935
100002734
99995410
100023068
99987589
100003350
99990705
100021482
99967798
100013099
99989422
99998208
100001584
100020381
100090732
99898543
100002534
100002708
100005933
100001758
99987773
100005402
100012952
99974698
100000924
100013017
99994976
100014454
99981568
100018296
99997539
99986141
100006443
99986372
100068398
99940690
99997740
100216133
99796390
100002846
99974403
100001134
100028332
99971253
100015656
99974787
100047698
99970237
99999609
100100243
99896915
100012933
100004251
99986189
100012055
99992093
99984826
100009568
99994586
100105725
99904411
100010157
99985525
100011150
100009811
99981637
99995017
100017703
99988686
100007061
99989260
100019453
99998282
99981565
100018609
99994369
99978716
100017745
100024431
99967060
100022677
99985211
99998964
100018555
99983926
99988725
100016424
99995724
100058241
99928062
100023335
99983728
99986285
100007333
100005275
100023127
99972536
100004361
100007215
99986315
100022579
99975218
100003945
100030109
100019241
99954364
99990808
100014192
100002101
100135536
99858949
100008991
100008209
99970099
100083128
99915395
100015978
100006410
99991620
100021862
99964781
100030603
99992336
99979681
100007140
99990170
100014405
100026555
99963575
100003763
99994711
99997337
100026593
99987615
99997365
99999577
100006706
99998841
100060649
99926549
99995646
100008581
100004346
99997136
99987396
100013949
100037354
99960697
100018310
99979363
100006802
100006105
99990927
99992139
100008307
100000553
100004373
99990991
100007244
99991371
100001849
100009010
99999324
100007657
99983812
99995959
100004914
99998965
99983325
100009553
99997341
100019768
99991673
99985193
100016963
100001242
99991523
100028492
100201851
99797378
99975956
100006661
100010218
100000800
99992617
99991483
99996543
100013849
99989098
100024972
99991445
99993941
100002527
99982655
100017054
99980053
100061664
99967873
99980950
100007424
99982090
100006240
100012545
99996742
99992698
99996494
100013378
99970551
100010362
100012741
99999167
99991602
100019996
99985423
100035852
100001358
99961976
100068079
99951805
99976511
100234466
99771944
99988441
100014531
99999345
99993609
99999003
100001026
100015424
99988742
100031343
99982071
99989758
100005206
99977569
100017006
100004914
100020127
99971133
99991534
100005454
100002857
100001505
99996341
100008407
100011590
99980794
99984466
100011953
100015912
99990599
100006737
99997596
99999790
99993182
100012169
100007423
99986658
99990054
99999918
100001428
100000578
100029862
99985765
99988655
99997981
100024254
99986003
99994795
100002603
99997525
100001074
100016215
99988469
100002782
100007149
99990208
100016509
99985701
99993561
100021608
99971314
100027439
99990729
100056039
99984898
99945786
100007763
99983163
100014712
100059014
99929367
100017562
100005110
100014833
99982349
100016485
99973115
100005055
100002765
99987807
100001979
100001269
100012466
99975521
100008679
100016350
99988638
100004325
99977470
100009675
100004387
99999046
100000915
99992374
100097560
99919671
99993593
100006253
99996549
99997362
100117803
99872297
100002763
100006923
100002624
100042514
99940389
100004965
100041043
99955359
99993835
100023232
99985483
100011260
100023385
99953045
100722188
99290913
99999326
100052594
99943916
100011922
100045658
99954507
100013014
100006645
99956641
100015874
100016928
99992929
100046183
99934975
100017336
99993446
100005876
99991927
100008455
99993105
100012088
99994232
99989359
99995000
100026059
99977150
100021298
100001367
99996368
99976705
100025842
99991823
100001218
100002119
99988405
100010078
99996201
100012524
99986075
99994117
99990744
99993289
100026527
99992745
100005768
99984016
100016512
99988128
100001097
100013710
100010291
99997873
99993092
99984173
100024640
100014597
99973130
100022196
99995445
99981982
100002693
100002501
99977953
100003708
100020974
100004421
100016942
99990376
101758790
98419677
100102161
99724265
100110433
99903629
99993918
100123962
99871512
100073162
99987051
99955220
101121454
99055018
99776441
100015202
99996850
100117760
99892850
99977725
100025350
99979409
100056303
99964225
99993005
99977786
100016258
99990340
100000299
99996928
99998509
99991018
100035453
99996435
99976103
100001273
100110183
99894394
100009962
99995239
99997973
100028694
100020379
99954386
100037910
99950871
100006805
99986889
100015640
99994284
100001173
100023824
99966900
100007819
100003899
99993520
99993984
100022487
99996398
99983769
100015276
99995129
99991175
100018304
99978500
100003905
100004003
100014435
99994651
99986617
100006490
100002668
100009148
99981913
100002623
100077613
99943475
99979110
99995347
100002597
100020624
99982781
100017479
99980121
100018226
99959195
100064805
99954664
100011987
99985955
100006957
99994447
100021542
99987685
100004372
99987260
100004560
100003246
100005981
100011298
99973790
99991187
100034745
100015696
99965616
99993517
100004791
99988668
100018566
100004610
99984529
100023837
99986251
99995382
99992374
100001785
100005085
99998230
99993711
100176357
99825160
100012517
99980912
100021522
99987189
100024722
99970955
100000779
100054175
99957839
99980491
100001048
100011299
100000027
100000044
99993943
99998858
99989590
100020427
100003386
100012599
99984514
100008608
99999957
99979172
100012106
100009144
99998479
99998158
100014071
99975080
99997425
100011572
100001080
99981880
100009634
100019836
99974697
100013038
100027529
99954377
100017991
99983672
100015462
99992483
99994536
99995788
100000357
100023262
99990840
99989768
100011476
99996055
100004213
99988246
100109704
99909624
99990239
99981254
100019105
99992302
99993383
100027945
99977616
100015412
99988828
99987534
100008029
100010543
99971331
100012175
100051638
99958313
99993402
99998837
100011984
100008762
99982282
99998522
100009952
99994821
100007674
100017568
99958669
100014378
99988142
100014997
100000919
100013901
100024447
99966870
99981343
100021438
99998986
99989719
99994973
99995419
99999729
100003087
100020791
100001942
100056049
99945859
99981761
100007531
100000009
100000772
100011451
99988764
100001550
99976395
100007976
100021148
99995205
99983344
100010585
100010606
99996715
99977896
100011335
100003366
99974763
100031915
99987320
100011861
99997386
99986055
100001103
100007176
100000738
99991847
100001125
100359619
99664523
99976522
100012903
99988800
100009159
99999592
100003356
99984910
100009949
100002141
100257651
99721001
100016455
99990327
100023440
99988340
100005990
99995851
99991228
100021000
99986941
100003033
99993607
100012090
99985197
100004373
99991761
100023352
100031688
99954777
99997081
100027948
99963235
100012636
100053550
99992374
99967817
100009206
99979225
99995962
100073927
99924182
100024702
99996328
100017945
99952411
100003930
100005230
99988106
100028530
99981706
99984659
100019843
99984603
100021266
100012774
99970758
100082310
99905061
100021740
100102509
99894138
100019975
100031760
99927468
100033726
99982616
99996588
100006805
100002871
100006663
100011219
99993399
100002109
99987629
99986024
100012916
100003748
99979539
100026576
99981055
100009562
99991682
100027659
99992927
99980835
100006690
100003304
99985361
100012176
99996837
100076312
99997208
99927814
100001500
100007653
99974481
100024828
99974532
100020697
99995964
99994758
100010703
99988826
100012820
100010475
100000606
99972269
100002620
100003625
99994116
99998978
100008420
100008643
99988773
100017506
99981356
100005002
99997751
100011336
100012942
100044103
99947713
99985440
100032647
99968232
99994982
99999383
100128970
99877900
100008193
100004276
99995850
99995319
99990865
100018603
99972463
100036872
99984182
99994462
100005958
99990710
100000617
100000221
99997453
99994971
100019623
100032658
99963008
100005996
99993917
99981143
100004635
100014849
99986079
100024975
99976165
100008248
99997041
100014919
99973283
100014798
100006771
100013186
99994847
99993852
99991132
99994085
100006746
99993797
99993562
100002165
100015746
99980681
99997318
100013306
99992929
100005883
99993145
100020891
99986736
100011471
99975195
100059873
99942282
100019875
99997755
99978534
100004184
100027216
99982719
100008704
99991168
99999388
100029076
99984554
99976624
100013146
99990754
100000287
99999348
99998833
100025347
100004363
99995576
99981400
99999869
100015025
100003636
99973667
100017625
99982578
99997941
100004622
100015128
100005608
99976328
100018432
100001116
99989155
99998862
99980850
100081011
99952889
100001813
99999307
100010120
99980015
100050945
99944742
100004378
99990007
100006013
100040771
99975882
99996520
99976957
100002022
100025157
99982226
100006419
99999955
99995255
100023873
99978182
100003423
100007559
100003510
99962897
100030210
99985824
99997694
99989976
100002960
100015566
99990768
100020376
99998486
100001067
99993531
99998940
99994526
99997735
99988911
100006752
100024071
99981227
100009582
99995796
100006568
99996504
99997145
99985109
100018569
99993406
100009092
100040189
99968767
100081106
99902017
100009385
99998848
99991912
100006123
99980799
100021231
99995970
100148124
100031618
100075351
99754020
99982469
100006338
100003599
99984367
100008159
99997253
100134209
99880328
99984465
99984046
99995905
100024423
99996673
100696959
99342859
99949320
100075664
99937114
100015762
99985466
100000586
100002900
100011504
99986240
100016504
99988585
99999944
100047360
99940697
99996936
100006794
99991411
100012884
99995733
100003299
99974052
100024279
100009587
100001454
100002735
99991621
99993512
100007739
100030576
99980102
100006626
99975441
99994147
100009441
100032133
99951442
100010769
100015586
99998820
100090127
100058546
99869000
99984502
100011597
100042448
100576131
99392331
100479056
99509901
100277959
99839668
99881609
100049656
100003633
99940376
99993292
99993555
99999923
100050924
99957895
100000706
99992995
99981967
100026462
99990081
99988470
100018766
99989684
100008914
100007984
100003006
99970534
99998324
100036893
99982000
99986839
100003480
100001799
100062332
99943789
100009222
99978820
100002116
99994870
100006954
100000828
99988168
100025823
99975036
100011475
100011674
100076456
99903637
100012780
99991259
100003452
99987218
100023739
99991462
100013215
99986100
99985344
100023065
99997381
99989890
100012899
99979449
100009777
100008707
99969480
100038404
100007280
99975601
100011752
99971590
100013147
99992826
100025270
99973683
100002934
100008328
100023059
99986058
100003756
99976734
100002024
99993489
100030342
100050598
99946418
99992246
99983379
100028968
99972944
100020671
101308070
98672223
100009434
99997413
100006069
99995301
99995008
100005314
99993885
100066641
100006364
99934704
99980027
100007223
100000359
100026566
99963010
100020946
100021910
99966582
100007023
100027892
99965123
100017300
99999136
100053198
99933562
99987857
100037912
99976197
100029810
99969716
100008286
99999224
100000741
100044282
100001425
99952309
100019860
100012058
100006828
99957896
100170490
99873400
99959963
99999585
100006583
99993978
99997426
99994633
100013167
99978687
99999144
100077311
99930520
99994399
100001418
99993110
100022175
100001359
100000715
99985888
100070132
99952645
99989503
99992389
100001605
99994533
100013035
100013724
99983440
99976641
100029643
99990290
100006380
99999645
99985197
100007975
100010384
99992863
100000388
99994042
100012349
99995815
99986459
100014145
100015200
99975455
100003633
99986265
100014541
100000740
99992163
100000683
100018783
99978588
100022453
99993217
100002341
100004011
100004746
99984605
100013027
99986654
100006985
99999118
99992977
99989153
100013427
99986896
99999485
100005949
99997731
100004030
100004146
100005924
99985970
100029716
99972983
100139974
99849073
100015045
100003436
100023973
99975744
99983934
100012057
100006593
100004045
100014568
99978799
99994096
100088789
99917551
100004828
99987636
100005869
100002667
100012555
99994602
99987113
99988719
100018739
100002745
99998058
100013213
100172434
99809233
100017180
100004242
99970171
99998005
100003309
100019287
99970208
100020267
100024845
99965057
100092654
99908581
100011883
99986401
100030123
99973041
100005637
99996116
99995344
100007080
100024371
99978525
99994247
99975352
100034784
100000405
100012066
99969593
100019295
100176286
99814278
100000004
100001077
100010004
99992985
100017611
99967575
100011146
99989716
100012098
100010976
99989105
100006330
99972518
100029023
99978225
100000766
100037131
99974965
100009798
100011111
100021271
100001235
99989984
99980342
99980956
100000609
100009483
100013090
99968657
100012172
99994767
100011895
99999017
99992047
100003276
100001692
99992172
100011362
99988637
100017333
99981793
100026065
99984274
100002615
99982680
100025578
99981911
100027327
99972223
99999676
100008633
100010274
100021907
99956630
100013100
99999475
99988772
99992469
99996043
100023846
99996573
99974686
100011101
99994183
100004903
99997622
100011778
100007993
99985425
100006046
100031467
99972169
99997261
100002417
99997383
100003837
99991108
100019841
99972321
100015470
99982060
100023463
99987424
99998550
100004081
100003970
100019381
99993038
100034376
99962283
99979791
100004927
99996643
100008388
99990945
99998254
100007597
100000185
99997550
99996264
100037054
99971902
99979860
100021719
99987982
99997797
99999594
100015459
99983872
100025285
99991204
100004700
99988489
100016477
99972907
100023877
100022210
99970460
100000103
100019865
100000993
99957255
100004744
100033391
99975077
100196741
99805475
100304547
99709572
100007958
100005588
100005609
99977162
99995277
100006327
100001997
99974413
100002981
100001763
100013903
99986226
100030810
99978471
99998982
99998094
100006484
99999848
99989782
99991259
100092610
100066032
99866837
99980954
100015033
99974988
100021288
99995084
100012890
99995764
99999548
100009783
100000048
99987250
100050744
99926642
100024328
99990071
100003154
100010916
100029554
99969490
99979594
100020270
100025694
99958565
100043372
100009717
99967788
99991238
100010340
99977132
100006038
100024714
99977304
99992267
100012770
100012688
99988189
100016128
99972385
100006576
100011947
99992297
100010917
99999038
99995909
99994165
100000660
99991692
100019048
99984864
99994712
99981486
100015314
100021786
99994975
100100786
99899374
99992010
100009343
100015821
99974991
100058405
99941630
100003041
100015928
99961491
100021700
99987727
100005083
100007281
99998705
99997940
100003166
100015001
99987999
99995062
99998861
100499285
99499549
100000073
99990689
100003358
100000567
100004226
99995719
100234103
99766075
99996584
100028448
99972956
100024723
99980756
99994385
100005422
100006190
100074625
99914878
99993317
100012591
100007127
99995373
99983605
100033150
100100280
99889019
99993187
100004883
99987492
99997078
100006063
100007421
100043849
99966065
99979674
99987260
100017114
99998727
99987589
100001129
100013686
99995802
100004154
100004577
100008257
99995421
99992172
99988490
100032828
100003958
99956711
100012896
100003949
100002228
99993774
100008752
99981583
100020032
100076713
99928332
100000512
99995327
100009019
99993830
99998069
99967994
100042815
99976881
99995498
100105012
99920747
99987232
100007417
99991166
99994582
100054983
99940363
99997873
100005365
100019303
99998117
99992747
99994392
100018874
100026199
99990822
99983647
99988460
99987817
100010869
100009416
99979567
100016630
100009984
100085573
99932146
99978205
100022137
100022908
100004246
99968993
100039395
100022534
99943397
99999766
99978711
100002088
99999053
100191868
99876458
99913049
99987413
100014574
100059155
99953540
100026177
99966955
100016175
99985277
99990466
100119660
99884352
100035489
99941920
100027636
100010730
100114746
99866665
100103127
99904586
100095529
99902847
99985390
100007010
100016120
99993161
99981386
99998490
100010588
100008261
99982784
100007849
100000910
100131798
99885758
100036248
100201912
99742289
99998469
100051645
99946273
100012588
99984998
100004441
100021635
99984099
99997658
99984580
100021308
100047720
100005516
99934883
100013493
100021216
99965681
100002723
100010483
100008691
99996631
99978555
100072852
99979531
99970722
99989148
100014026
100005477
100055854
99925690
100006170
100011379
99982257
100014828
99991388
100015908
99961430
100066922
99951321
100001870
99981723
100012015
100009226
99998247
100031200
99966594
100005771
100004624
100013884
99976305
100016475
100005969
99972929
100011718
99989152
99990003
100018673
99982900
100038778
99972794
100010120
99980809
100006403
99996487
99999413
100006785
100001252
100003536
99994563
99981194
100004811
99988255
100027298
99989661
99986586
100019658
100002443
99995389
99996724
100005494
99974566
100039231
99984006
99993400
100018087
99991926
99983904
100013583
99998588
100005542
100003028
99980862
100025462
99985688
99998740
100008169
100007383
99996028
99988317
99997821
100011112
99997481
99982689
100016744
99996150
100001914
99999533
99998792
100096046
99895859
100029393
99973000
100011337
100000731
99985435
100000799
99973600
100050664
99992180
99999124
99994747
100012012
99996082
99994870
100129985
99882818
99967450
100020943
99989030
99994771
99988988
100032567
100003151
100057822
99920403
100004657
100003943
99987926
100022434
99982020
100020279
100007239
99985505
99987517
99981017
100020926
100010506
100010371
99988568
100071830
99917536
100002762
100012107
100005274
99982666
100957534
99624162
99451290
100169674
99797534
99993477
100022744
100037226
99934115
100116367
99896878
99990118
100032766
99967377
100009271
99995459
100016503
100008949
99965779
100020045
99991857
100005310
100000642
99986435
100023405
99991233
99995882
100027139
99981173
99993873
100004867
99977882
100027744
99996061
100000263
99991958
100003138
100003929
99996256
99997123
100023956
99975768
99994614
99990786
100032282
99971365
100020011
99987151
100004892
100005263
99991733
100001296
100006706
102567572
97418232
100206358
99790601
100023636
99978058
100006075
99988640
100098970
99961866
99963970
99964233
100043678
99974844
100001143
100011266
99976385
100021856
99986142
100001339
100006521
100110707
99893885
100006107
99998558
99991324
99993357
100465830
99564073
99975385
100016011
99994567
99990017
100003977
100012356
99973106
100015320
100001035
99996248
100014947
99982710
100018978
99977544
100005583
99989830
100012126
99989227
100012196
99991528
99993971
100014336
99999668
100004977
100081726
99924949
99979546
99992938
100023244
99988781
100111849
99882016
100005142
100176099
99844489
99973106
100021842
99985509
100013517
99999378
100015613
99971928
100006903
99983660
100074512
99943121
99984989
100023605
99989608
100004143
99979444
99998413
100024311
99971897
100013444
99990972
100051015
99962106
100000440
99997060
100180323
99830220
100001938
99979041
100016712
99983332
100018166
99975626
100020592
99982933
100009695
100011913
100008953
99983538
99988033
100016878
99988643
100004794
100002224
99992383
99993704
100424234
99588944
99988382
100016527
99983742
100033399
99962194
100010034
100002918
99987382
100007892
100001150
100018831
99986211
100109359
99881269
100014722
99988557
100011046
100006190
100126099
99863808
100048612
100018363
99910675
100013201
99997027
100009994
100009716
99988720
100002396
100003302
100002454
100050436
99922289
100025631
99973081
100012116
100000759
100021134
99978807
100007058
100012469
99985767
99991570
100019781
99990670
99991715
100015841
99995721
99983079
100008464
100003702
100006950
100013105
99968880
100009723
99995403
99994840
100024767
99993688
99996943
100001837
100001888
99989578
100015722
100045914
99952850
99988362
100012410
100059166
99937891
99992768
100144481
99851799
100010908
99972133
100022063
99997620
100002423
99995551
99994098
100009677
100006355
100011334
99981825
100023305
99989197
99984037
100061274
99946434
99996994
99995867
100004346
100053969
99942051
100724008
99267892
100040509
99961335
100009480
100001707
100022191
99979674
99995315
99997643
100008625
100012109
99983781
100007676
100004762
99984648
99987772
100009270
99995919
100041976
99958244
100010327
99983923
99986835
100030725
99978999
100001111
100012999
99991486
100025277
99987425
100018028
99969485
100017163
100004533
99988679
100054324
99943433
100021297
99973100
99998953
100032438
99980252
99975747
100024964
99993116
100022247
99987553
99979779
100039732
99976196
100020049
99971969
100002343
100018528
100000335
99985373
99992072
100011224
99983964
100021543
100059047
99929418
99994574
100012286
99997061
99979643
100015823
100002709
100018702
99978495
100006532
99999522
99991289
100011723
99996707
99989245
99994689
100009817
100028042
99977009
99988662
100013731
99991726
100022144
100011989
99969968
99998813
100027311
99960894
100016508
100009342
99988809
100034698
100095283
99861056
100015671
100005498
100142731
99858147
99972918
100031740
99969938
100003645
100011334
99999648
99985538
100029935
99962261
100024066
100025213
99974375
100019486
99982954
99994343
100001772
100005927
99985716
100029373
99986099
99992623
100080946
99951171
99997418
99999385
99993817
100005634
100263358
99728193
99979168
100309834
99730565
100002550
99998552
99985570
99989903
100030822
99973095
100331467
99668535
100020579
99984756
100100719
99903977
99999747
100190799
99813664
100119975
99883562
99995466
99989720
100078274
99895583
100045637
99988315
100249122
99722190
100033823
99969800
100008388
100013050
99977888
100005903
100074280
99954975
99969581
99993758
100012390
100015178
100008960
99968768
100042568
99952756
100051224
99951862
99997135
99995678
100012304
99977327
100008558
100018107
100016253
99989766
99979812
99999645
100022412
100005870
99973121
99992029
100013335
99992656
100047219
99965287
100117678
99887795
99977115
100015290
99983358
100015076
100004868
100007161
99985377
100082831
99922510
99990004
100106943
100381084
99620991
99904985
99998595
99999672
99988647
100009649
99992907
99998388
100007886
99999626
100007890
99997691
99982834
100006546
100119719
99887026
100005202
100000149
99995001
99986143
100051378
99960369
100079649
99928447
99955608
100082275
99938569
100020527
99995506
100005889
99995951
99983110
100027942
99988029
99991801
99993099
100014125
99994913
100012000
99978474
100007312
100047639
99953561
100009524
100006835
99987902
99993255
100015600
100394853
99593284
100002479
99976902
100051391
99965236
100007472
100006927
99997061
99993330
100022945
99963451
100008714
100021554
99992477
99996953
100071328
99931684
100022180
99983439
99986048
99990554
100030358
99987837
99992220
100000416
100014445
99991378
99981037
100014349
99986395
100017097
99986365
100031810
99959755
100013644
100017379
100011507
99983661
99973959
100024156
99988011
100005313
99991054
100001006
100004913
100037409
99958260
100013067
100011116
99973317
99988667
100013471
100003371
100607110
99405637
99984033
100011356
99994094
100006878
99992249
99979139
100039066
100005563
99982820
99993336
100001890
100002215
100046085
99959809
100022020
99968810
99995744
99996739
100020465
99987979
99995941
100000330
100013380
99986601
99997175
100025747
99989799
99981151
100032081
99964157
100006357
99996632
100014545
99978267
100090467
100109441
99823484
99994943
99998589
100003841
100012379
99977086
100081647
99922776
100006069
100013217
99973682
100014777
99985921
100020873
99975001
100034807
100007465
99981583
99993465
99978911
100011770
100035440
99954594
99998226
100026526
99994044
99986792
100002509
100006757
100033971
99958366
100015742
99985752
99998940
100001578
100013235
100085720
99898822
100003439
99989585
100015114
100012534
100006316
99971370
100022209
99993686
99999215
99999722
99995321
99991401
100023507
99985302
100015813
100000071
99977677
100349591
99670073
99985149
100011155
100001011
99989276
100002050
100002780
100007615
100006609
99984708
100018723
99989753
100000280
99999945
99980630
100052207
99951709
100020402
99975553
100015116
100013666
99979297
99986047
100004987
100014741
99974365
100010161
99993937
100019337
99999061
100003832
99981974
100008132
99999837
99994326
99999404
100000152
99988971
100008190
100027705
99994984
100056509
99928916
100007907
100009904
99973749
100013245
99990702
100003120
99998567
100036393
99975455
99994804
99990441
100017282
100006960
100004353
100031476
99957252
100005979
99995328
100011687
99977959
100013959
99999185
100046097
99949632
99974787
100012088
100004378
99996510
100051096
99977328
99961062
100010658
99996436
100033789
100083095
99893565
100001233
100001273
99991419
100000458
100046831
99955890
99999892
99997787
99998900
100023550
100003293
99999451
100083473
100058835
99919703
99950445
99983903
99999956
99955739
100045858
99981523
100041524
99966285
100003313
99988668
100009371
100072984
99924661
100026133
99990909
100014313
99968540
99999967
100009677
99994653
100009612
99996543
100066432
99934151
99984524
100016113
100009840
99989516
100232277
99765368
99990334
100014603
100019972
100023222
99949913
99998379
100004307
100026765
99976606
99997110
100047921
99950616
100037449
99976923
100014631
99990843
99993788
99979010
100029724
99934580
100078697
99935986
100072836
99947408
100017927
99946556
100055948
100000175
100003273
99993251
100059629
99902720
100042947
100019030
99935491
100043282
99975383
100100505
99927240
99953485
100016507
99979626
100009679
100014500
100074543
99903614
100011457
100008631
100005648
99977601
100015956
99977072
100008633
100014635
100004153
99975486
100017742
99995751
100039766
99958462
100002717
100003095
100181985
99830537
99995426
100000974
99993708
100021543
99971504
100007706
100008796
99981803
100015007
99978162
100009584
100002093
100001306
100013634
99976730
100012778
99995876
100003886
100015849
99982512
99992663
100005828
99995011
100005034
99996146
99988322
100011058
100001545
100000699
100065026
99929401
99997916
99993584
100007868
100004203
100014573
99991856
99987583
100008956
100013329
99991962
100004225
99999463
99995285
100012213
99992086
99978038
100008885
99999154
100002499
100006054
99989779
100004056
99985462
100014961
99986595
100015752
100003129
100021741
99961168
100009607
99989279
100002351
100011815
99995490
99985430
100038476
100004465
100059454
99914703
99998269
100016203
99986718
99995733
100005137
100023778
101378069
98703651
99899769
99997662
100110260
99887495
99987075
99996039
100037965
99983703
99982689
100010285
99995647
100177438
99805902
100023253
100018363
100031239
99951268
100008199
99987441
99988874
100026786
100107515
99874671
100005943
100012550
99986881
100002891
99993764
100022598
99981086
99989149
100077717
99933219
100004662
99999507
99983267
100004330
99984502
100048347
99969180
100036158
99968117
99999109
100031788
99965322
100000705
100000005
100009830
100003152
99990636
99987781
100001693
100054978
99976621
100011918
100105517
99858671
100023398
100047711
99935883
100032729
100021003
99954226
100006356
99988525
100031552
99997676
100010447
99952027
100046225
100101951
99861727
100040915
99954458
100052401
99984896
99963398
100007007
99998857
99977838
100012007
100019383
99958484
100009903
100033466
99994194
99990580
100009549
99987004
99999724
100018345
99977031
100132085
99878214
99997586
100030461
99979362
99986789
99992930
99993666
100011952
99994021
100025564
99983251
99998789
100002120
99986773
100001965
100027321
99974490
100099754
99897610
100008635
100005790
99996340
100035859
99963522
99988970
99999774
100117446
99927358
99971835
99997335
100095327
99919114
99976606
100018350
99983256
99999600
99996952
100004687
100015653
99981285
100007206
99988788
100145898
99883740
99969326
100090242
99953339
99960074
100013610
99998477
99968802
100043260
99982261
100007329
99991774
99999502
100009654
99983995
99986877
100012178
99992938
100022761
100014788
99989149
99984926
100005654
99979339
100028133
99981609
100008115
100005216
99993940
99994832
100037329
99965874
100001907
99995218
100003233
99994056
100041687
100008681
99974081
99997472
99982247
99992835
100000458
99999884
100004199
99999147
100019479
99988562
100007398
99984495
100021576
99977315
99999429
99994534
100004735
100030597
99990637
99997511
99999766
99990319
99991058
99997583
100065849
99949592
100004098
99993065
100000873
99991527
100015910
100034723
99959022
100004845
99979510
100020890
100001086
99980981
100015512
99986932
100017528
100000090
100009806
99980387
99988660
100004937
100027770
99974086
100008742
100000791
99984791
100014979
99976684
100085621
99969494
99957830
100138316
99847922
100020014
101059005
98930309
100003569
99998189
100008010
99997351
99999917
100015398
99976454
100094283
99915443
99993088
100003771
100004216
99976088
100013318
100012309
100016718
99971059
99999337
100015077
99996880
100021148
99974218
100010141
100007133
99988668
100001378
99982944
99999267
100007728
100008568
99981649
100020170
99998876
99989698
100012102
100003592
99992901
100001986
99998876
100027836
99971910
100022901
99950146
100014986
100016697
99975399
100015627
99982424
100632246
99381707
100079759
99972625
99949136
100006797
100011084
99997295
99992547
99990787
100010170
100004339
100011124
100000326
99969381
100017755
99986015
100024095
99997281
99963854
100019566
99997563
100009307
99992373
100002341
99997618
100023113
100016912
99947900
100053660
99957649
100030931
99990633
99995990
100027281
99971494
100022575
99959057
100009760
99991435
100008808
99982222
100029488
99973324
100030446
99989943
99980841
99989477
100069318
99924160
100013595
100002897
100010600
99987945
100015031
100042768
100056884
99903830
99998970
99978452
100046681
99980907
99978283
100007085
100129627
99866424
100010793
99988646
100011346
99993142
100035953
99982011
99970069
100030067
99976568
100015731
100004873
99996554
99979170
100005338
100015600
99974552
100018254
99983234
100018824
99993333
100003841
100004238
99980143
100010057
99991526
100019459
100000756
100033398
99949724
100039801
99963249
100003249
100000187
99982322
100005873
100004663
99999983
99989091
100021849
100014559
99975079
99994119
100030623
100004476
99977557
100012089
100000064
99991257
100017308
99973347
100014531
99995486
99994830
100000878
100005100
99983471
100027010
99974802
100000367
100000424
100009299
99998276
100004852
99983254
100031218
99971420
99993663
100043538
99995725
99984248
99987259
99990535
99986650
100022235
99995896
100016475
100085748
99907138
99995332
100012374
99985425
100012111
100011081
99979051
100002837
100006971
100003613
99983343
99994916
100036138
99982703
100014817
99965602
100014592
99994466
99992936
100011810
100012245
99999130
100005469
100015673
99954090
100008481
100001166
99986985
100008446
99977916
100042765
99982531
100006718
100001036
100007127
99996712
99986225
100005001
99999830
100006240
100004055
99984237
100007127
99995578
100001156
99977319
100006359
100022217
99980148
100028493
99987039
100028755
99977888
99994007
99984775
100071224
99926214
100044025
99968991
100018932
99979826
99991322
99994624
100020029
100011188
99994268
100004222
100002309
99991088
99991229
100022834
99993387
99985674
100017924
99981869
99992917
100025308
100001420
99989255
99998733
99996799
100000518
99996092
100005980
100003225
100005395
99984598
100021513
100007635
99978569
99987286
99998324
100003028
99997421
100021529
99993799
100024314
99968308
99998519
100054923
99978762
99986493
99990925
99976020
100010355
100010458
100026823
100017901
99947008
99991738
100038060
99974806
100011481
99993143
100006178
99996740
99996842
99994966
100007486
99984476
100003423
99991196
100020352
99979059
100016815
99998909
99993581
99992335
100000569
100019906
99988908
99989454
100018996
99994114
100018868
99981172
99999743
100000839
99993106
100011864
100027022
99966015
99995797
100021875
99982485
100053671
99955004
99999059
99992614
100006362
100011012
99968328
100009513
99997170
100009818
99998778
99996980
99995382
100022520
99979792
100273708
99715166
100021417
99986393
100012887
100006531
99990200
99987952
100013812
99993997
100008155
99968596
100033921
99989917
100000821
99993835
100001545
100009725
100267045
99733791
99986468
100003620
100105249
99911787
99984931
100013209
99977490
100066557
99968561
99980724
100000870
100008328
100008470
99987139
99986894
100026591
99983775
99990783
100505651
99562601
99942304
100047853
99948052
100014314
99973266
100018144
99997574
100018243
99978526
99998055
99989283
100019535
99980937
99997713
100024301
99978642
100009546
100010201
99987499
99995908
99991317
100009181
100003472
100003580
100005492
100807339
99180531
100437757
99590533
100009806
100010898
99950212
100005181
101800573
98210096
100122165
99867020
100003323
99996218
100016708
100036935
99965178
103690699
96315685
100004303
100019322
100029941
99949227
100013492
99968207
99998850
100022199
99980185
100067136
99941268
99985660
100004797
99989934
101368913
98665242
99959930
100006980
100008302
100008659
99990768
100007673
100019979
99978546
99988615
99992146
100020756
99993619
99997471
100005611
99994435
99993074
100021100
100006902
99973878
100089201
99930551
99997257
99974460
100011923
100002895
99991855
100005771
100002215
99999664
99980156
100022365
100011007
99998367
100026925
99962000
100003323
100059126
99939442
99989731
100010639
100019686
99965413
100014959
100013832
99991337
99981487
99988103
100009803
100002545
100025217
100018707
100019977
99937824
100015337
100002972
100034264
99982027
99975447
100002721
99994598
100144040
99862608
99993013
99986251
100014034
99984524
100069892
99942941
100001315
99993680
99999926
100016096
99992191
99999324
100037158
99963778
100001479
100010542
100018943
99979739
99991210
99987565
100030215
99991388
99986873
99992167
100011477
100002552
100015987
99999003
99994894
99987794
100002515
100000086
99985581
100038866
99955136
100011167
100000592
100010262
100073535
99931261
99979275
100018311
99996658
100013990
99968574
100009261
100000129
100001414
99995161
100027683
99980954
100247448
99767132
99977918
100815496
99189281
99992583
99998256
99999555
100021493
100015979
99956398
99999794
100049678
99966383
100045948
99944256
99993448
100026185
99988697
99994111
99999895
100011984
99984777
100016995
100032587
99958281
100000076
99996593
100006319
100070494
99923347
99992064
100001232
100036598
99966435
100006751
100189864
99814766
99978985
100022262
100003279
99988344
100006957
100001317
99989439
100009023
99998210
100001015
99983523
100011984
99998641
100004716
100001597
99996401
99980515
100223249
99799076
100007087
99986587
100012093
99995927
100009538
99975061
100008667
100006454
100003903
100020709
99990266
99978264
100014004
99962076
100088924
99948748
99996645
99986240
99998567
100019188
99985165
99991137
100029710
99990763
100000863
99977346
100023366
100004513
99988371
100001934
99987957
99991308
100024141
99987591
99992167
100007977
100016486
99996004
99993299
100004616
100503270
99582503
99976554
99920252
100012924
100003768
100021078
99989952
100454745
99547955
99986910
99983935
100007233
100007337
100009648
99985219
99991690
100023416
99984801
100003475
99988947
100028065
99991027
100083176
99911108
100300054
99710569
99977692
100032553
99982130
99982641
100002045
100023565
99977158
99989910
100014859
100003708
100022215
99965354
100001565
99996630
100003603
100001923
100015180
99981097
100017552
99984555
99995856
100008106
99983429
100020955
99980445
99996261
100012119
100008607
99988607
100002613
100012323
99997129
100013712
99992455
99998475
99993405
100019935
99995402
99982569
99994892
100006085
100004218
99995998
100004221
99986341
99998536
100005066
100020109
99976836
99999987
100006383
100022743
99976533
100030953
99974343
100006337
100042623
99969992
99986613
99996471
100001818
99998000
100089290
99903819
100013790
100000954
99989311
99993333
100009324
100009672
99996575
99995680
99994202
100119943
99883020
100006940
99982612
100018969
99972375
100020976
100018822
99975140
100008381
100023458
99974625
100110957
99882959
99997098
99997807
100019074
99986670
99999280
100001434
100020364
99958057
100115444
99906982
100023753
99980046
100073396
99926279
99989790
100010128
100013751
100050560
99950472
99979077
100041416
99967044
99979376
100058341
99948627
100003249
100014069
99980648
100011833
100011740
99992922
99992295
100018322
100095521
99962838
99935802
99978926
100003957
100012755
99989108
100000866
100038244
99954857
100012686
99996490
100006226
100018054
99967692
99995986
100017652
99996961
100012038
99977251
100026697
100239888
99744730
100001772
99998864
99989593
100086236
99951418
99983323
99982403
100005810
99983627
99995170
100015293
100010727
99983578
100001106
100007616
99990555
100006729
100020565
99974423
99992928
100019148
99994970
100013779
99995558
100000729
100008469
99992193
99991397
99994879
99987441
100006922
99991634
100018763
99991508
100012748
100011527
99990512
99995417
100014660
100000989
99980966
99989227
100016510
99979670
100023992
99986392
100003589
100001574
100019692
99986905
99994815
100003608
99989494
99997018
100020174
99986452
100023820
99981911
100076390
99915682
100093085
99923743
100095105
99893242
100003721
99977122
100010597
103574539
96456154
99973867
100028255
100003013
99995854
100066001
99909404
100018751
99991461
99997494
100013400
100004327
100026216
99967650
99987297
100015038
99974869
100021822
99994105
100000426
100001400
99994062
99991923
100032551
99971336
100016666
100007112
99990962
99995844
100004194
100037271
99968895
99992020
99981801
100094570
99916656
100043275
99949229
99997868
100003878
100065633
99948811
99994659
100004114
99990830
100029825
99980552
100010957
99969682
99978178
100087605
99935544
100028905
99975977
100004655
100015976
99998796
100001100
99999323
100074342
99952613
99967671
99996236
99971761
100040366
100027805
99949037
100006440
99995919
100010539
100001601
100046232
99983096
99966269
100003076
99996723
100005149
99991472
99995250
100005785
99997195
99999416
100016011
100003069
99999948
99974555
99984430
100022022
100011277
99977169
100052179
99969256
100008358
100190954
99855342
99930300
100165121
99835802
99989751
99993781
100022157
99978523
100057052
99963982
99992819
99985067
100011881
99997701
100014495
100012629
99982649
100006645
99991595
99999121
100002381
99980028
100006380
100004984
100000819
100028903
100228310
99755224
100003469
99986563
100009564
100013873
99968275
99998537
100012406
100034335
101869655
98122470
100222707
99792205
100034649
99937311
99999687
99987530
100126268
99928638
99963478
100227008
99863706
99910827
100001509
100246084
99776684
99966620
100010418
100001732
99983304
99990306
100007438
100012307
99988030
99989299
100014963
100067775
99910212
100016533
99999980
100016498
100098770
99876758
100253427
99797864
99957974
100002258
100004150
100013670
100141661
99840033
99982875
99999882
100008625
100009639
100017592
99977942
99998855
100003665
99994132
99997942
99990308
100016964
99989269
100014749
100025463
100034427
99943229
99978584
100036796
99988315
100034604
99968005
99994959
100016279
99978053
100007302
99981101
99999914
100018670
99974904
100133102
99891288
99986270
100010199
99975023
100032523
99976178
100012504
99995811
100013474
99985060
99992898
100014504
99976589
100005816
100005419
100019176
99979284
99997082
100004220
100013148
99996333
99995163
99996336
100005957
100003742
100005158
99978518
100052298
99949450
100125125
99862795
100042803
99979143
99997242
100023365
99977544
100002514
100009452
99992320
99980796
100017795
99994960
99994263
100001771
99990306
100095721
99929472
99988890
100010111
99997873
99998397
99997334
99999323
100006358
99972981
100015662
100041206
99946355
100105353
99921642
99991477
100000924
100044012
99965917
99972462
100009626
100003806
100005835
100000178
99976407
100172124
99844323
100003743
100002415
99968490
100018439
100014378
99984289
100025285
99988550
100184451
99814537
100031291
99958432
100006416
100007399
99980919
100007657
100000485
100010751
99976739
100007616
100007151
100010462
99988424
100008374
99980339
100007818
100002035
99989565
100069705
100035976
99905400
100008413
100001510
100002047
99992615
99986462
100018059
99988147
100012582
99990896
99960096
100063717
99989952
99987280
100008772
99986923
100006531
100011784
99981301
100017995
100002671
99993589
99985454
100013401
99991764
100000341
99996064
100006282
99996421
100002737
99991944
100016699
99999007
100012156
99957365
100025176
99975673
100025060
99996946
100011844
99962019
100017122
100005192
100012129
99998911
100022727
100038080
99942546
100039442
99943198
100029795
100150504
99851481
99966210
99997848
100006237
99994516
100005627
99998767
100020867
99990259
99994980
99995626
99997256
100003084
99997993
99997963
100022014
99979111
100009165
99980056
100018722
100002416
99998299
99998689
100042132
99956822
99996963
100002295
100051519
99935806
100012599
99989818
100012173
100021427
99987667
100001727
99996691
99998720
100007985
100008280
99984076
100009583
99996449
99978332
100021191
99992935
100002058
100013026
99995163
99987884
99980891
100034005
100007072
99970706
99999691
100004680
99997555
99988897
100003933
100025122
99976823
100002877
99990968
100026779
99996661
99983397
100011892
99980212
100434636
99590444
99997482
99971962
100018142
100015908
99987921
99985575
100011122
99987372
100012810
100016503
99973467
100010450
100004813
99984466
100001744
99991286
99998191
100019965
100003404
100002443
100182412
99806932
100004286
100003115
99983302
100013125
99988875
100003255
100003012
100282512
99765201
99955133
100005558
100035483
99976560
99985284
99996704
100002863
100031995
99974391
100328658
99654807
99996392
100029632
100009693
99958855
100038149
99969078
100017059
99975933
100010687
100005582
99993726
100017664
99996555
99992336
100010674
99974862
100036872
99969278
100010439
100003568
99989436
99999034
100222631
99845412
100092459
99828705
100011089
100001379
100001980
100006672
99965505
100046690
99995946
99980361
100002476
100001997
100004384
100004270
99979078
100011305
99998498
99991072
100013380
100006725
99969499
100018218
99993379
99998075
100014348
99976155
100017895
100002609
100012103
99990825
100009986
99999178
100079668
99902923
100010346
100047343
99947616
99993951
100005130
99988495
100008937
99976845
100028418
100033841
99954080
99999850
100016544
99985964
100026598
99969644
100016676
99989472
101527861
98465782
100015552
100005353
99999719
99996019
99996489
99989240
100010042
99992299
100008217
99989781
100010090
100584554
99405160
100180432
99833615
100018102
99974182
99989437
100017935
99990605
100010458
99985387
100021624
99973472
100027097
99981437
100004197
99994924
100017730
99998173
99992534
99983728
100006678
100037258
99998353
99970138
100017484
99987718
99988833
100006942
99989326
100004413
100003123
99994127
99996608
100018723
99994884
99999365
99986444
100009236
99988245
100008385
100000275
100011515
99987277
100014045
100000582
100008020
99996140
100048473
99954280
99987314
99983361
100041303
99975346
100012375
99980756
99996962
100001049
100013916
100026713
99965088
100003200
100008330
99993688
100006308
99985559
100020005
99982576
100006052
99985995
100012089
99981644
100036050
99983237
100024300
99968175
100268207
99749831
99978877
99985698
100042719
99972367
99994154
100044139
99987785
99995424
99988477
100005748
99971821
100020491
99997040
99995636
100014139
100000709
100012297
99983180
99989552
100013210
100006911
99979978
100002358
100060881
99953303
99991231
99989481
100017254
99995634
99996703
100009637
100006546
99965152
99998869
100009786
100017217
99992154
100000445
99987756
100016137
100013446
99971856
100001628
100007544
100006205
100030810
99965213
99997092
99992075
100036446
99959681
100007404
100020325
99989670
99993405
100000420
100000571
99989759
100005410
100375433
99670676
99959281
100006750
99990932
100007438
100008268
100000736
99968905
100013235
100025246
99983345
99995433
99998319
100002490
99997331
100006666
100013175
99989948
99987555
100031227
100004306
99977357
100006178
100020042
99999206
99984143
100006055
100084724
99926251
99980433
99977168
100011696
100001812
100005167
100016190
100350361
99726950
99941611
100061632
99943184
99996127
99998382
100039926
99943934
99986517
100004826
99981961
100012586
100031462
99957079
100012060
100006860
99988724
99978293
100031858
99986153
99978460
100054439
99980372
100026527
99967845
99972451
100349658
99942524
99711750
100038745
99978737
99989490
99994706
99999767
100048207
99960353
100012371
100025994
99987174
99984078
100002033
99988906
100003448
100002818
99980564
100001223
100014962
100040869
99979179
99967347
100011947
100017152
99986141
100027331
99967534
100002547
99997689
99994955
100002947
100007755
100006841
99980594
99998433
100011484
99978996
100019215
100017047
99968204
100026483
100051325
99960212
99988756
99975059
100036959
99981819
100008680
100019695
99977902
99996723
100004166
99991530
99986556
100009589
99991352
100005972
99971077
100037384
99985373
100013785
100003410
100002476
99985359
99993321
100044244
99972984
100005167
99998034
99986276
99996478
100012547
99999250
100000994
99987265
100016643
99992553
99999016
99993533
100006045
100007499
99986301
100027744
99993370
99983063
100005249
100019289
99989397
100086871
99899863
100083434
99914359
100011414
99988339
99999076
100007629
100000096
99991137
100007441
99991085
100025615
99982538
100514885
99471544
100022257
100012215
99964155
100039140
99989243
99983259
99993701
99993703
100016984
100332841
99652324
100007533
99991818
99999450
100026323
99968712
100011066
100006629
100000275
100010424
100071522
99923105
100011556
99969499
100019970
99985142
100011495
100021464
99982300
100001219
99988560
100019046
99980488
100000461
100014294
99991750
100020794
100004903
100317934
99648137
100012233
99983773
100408176
104140761
97543644
110562962
125614911
119305817
106906352
106459556
103627182
98721361
99540641
97246692
100188874
105396926
95921259
92332239
102231904
101485384
96202014
107131646
96642621
90693362
94809443
101849275
95484062
97203862
114803714
109860848
102627759
98913971
114138114
90936565
91619173
99708951
92004474
93210454
87099135
87098142
83597305
87748484
99011615
99979313
100019996
99953294
100672839
99607513
99755659
101122541
99353133
99525340
99994843
100067302
99926182
100007121
100004217
99999757
100055198
99936693
99992581
100022405
99980943
100009159
99990969
99996544
100006762
100007199
99991458
100006980
100042905
99964298
100007493
99986784
100000643
99976378
100017584
100084642
99977215
99948476
99985411
100002376
100006083
99999511
100009496
99985869
100035096
99968218
99995473
99995752
100027132
99980434
100003467
99993393
99999731
99974984
100012133
100022640
99995421
100024291
99976821
100012631
99991607
100025315
100167151
99793465
100005715
100016951
99983337
100007735
99987839
100013546
99974355
100019331
100014724
99987223
99988852
100002818
99998974
100008223
99977515
100012813
100011686
100000049
99988095
100016257
99987617
99995422
100020383
100022173
99982257
99992170
99983331
100006069
99994775
99998327
100038950
99956088
100224274
99824892
99957503
100004275
100008731
99990169
99996078
100011114
99998023
100001451
99989281
99998981
100160054
99856115
100243829
99786033
99958393
99992325
100008710
99989718
100017654
99980449
100024307
99994791
99983766
99998242
100012096
100014119
99992140
99981121
100020967
100006699
99992438
99976467
100022864
99996139
100046846
99943099
100005593
100011491
99985342
100000266
100050079
99956029
100006692
99995578
100018875
99950846
100022155
100007305
100016846
99967417
100003355
99994885
100032143
99973662
100000636
100008089
99994612
100009090
99990147
99996334
100022017
100001012
99989784
99969774
100043634
100002046
99986051
99986616
100011314
100013552
99995093
99997011
99971056
100030035
99985466
99980067
100016844
100031753
100002750
99998020
99976533
99995603
100002515
100008876
100052059
99928651
100017623
99997960
99995538
99984389
100016850
100024007
99975729
99985814
100027016
99971994
100021715
99991341
100003900
100011301
99988721
100017797
100012446
99989243
99994635
99966316
100016754
100011094
99998123
99981988
99999447
100018595
100009688
99975976
100942161
99075227
100406131
99577584
100021926
99982056
100017172
100001625
99983250
99994104
99992196
100024996
100002387
99993589
99982639
100014435
100007533
100011079
99967527
100000041
100003117
99977567
100027649
100084966
99910626
99996435
100007728
100014491
100014352
99993600
99989047
100005304
100232347
99752342
100000162
100002391
99985524
100008012
99989253
100015700
99994969
99995410
100023961
100032453
99946242
99996113
100136093
99942013
99939744
99999014
100003206
100033706
99962255
100373450
99632338
99990936
99986620
100025311
99995264
99989856
100014409
99973478
100067577
99946144
99993125
100018105
99985281
100001964
99981748
100025612
99992372
100100495
99903578
99993429
100103535
99905856
100016618
99996973
99999176
100306153
99659135
100004761
100025306
99996676
99997623
99995400
100000820
100004997
100795901
99206210
99988652
99977911
100024220
100020982
100298254
100644758
99128694
99935413
99980540
99991620
100061316
99890066
100026979
100018980
99990575
99995947
100019216
99985412
100027405
99979151
100765769
99223509
100011850
99996786
99991131
100019885
100182797
99804642
100009378
99990957
99991867
99991659
100026669
99995034
99998558
100009898
99984230
100025402
99953109
100019163
100009417
100003637
100002456
99995664
100004116
99995750
100048739
100063207
99877669
99992289
100023045
99970329
100013192
100029828
99977331
100030884
99974215
99995597
99993411
99998055
100009041
100554184
99435419
100021189
99988639
99990618
100018821
99980967
100013021
99990610
100031885
99961047
100176698
99869238
99992340
99989615
100015631
99993616
99975014
100019656
100009646
100162873
99827734
100048790
100076895
99874163
100004395
99990103
100303130
101307995
98418338
100026967
100072500
100000415
99891535
99970232
100295765
99720964
99988255
99994750
100022021
99960203
100052667
100071887
99904143
99996341
100022460
99970588
99993191
100012393
100030031
99936395
100033818
99996001
99989447
100019976
99998802
99977709
100000050
100034328
99975024
99988769
100024082
100004886
100003922
99983409
100007683
99989858
99985966
100009401
100008496
99941282
100049255
100007668
100028144
99958142
100037232
99959401
100032057
100018746
99952966
99958425
100056428
99995801
100007826
99987991
99999894
100012114
99999873
100004795
99998220
99977259
99995906
100006434
100026172
100002356
100031270
99958108
99972839
100008298
99990594
99995800
100017785
100010112
99989519
100016209
100034504
99961001
99995608
100001912
100062291
99949930
99992873
99991567
100003826
100019931
99993263
99988712
100007624
99993109
100074741
100009040
99924716
99987126
100001578
99994078
100001088
100045476
99947299
100019855
99973895
99998887
100103478
99912380
100012015
99979802
100041267
99966850
100003990
100003907
100020577
100006040
99976500
99991424
100000157
100000768
99988795
100001208
100015045
99993578
100064908
99936411
100006846
100009492
99998378
99981001
100044516
99964125
100000572
99985292
100002463
100024414
99972974
100011270
99997350
100031132
99992227
99968639
100049978
99941772
100001299
100006557
100152081
99864090
99979034
100009544
99997607
100007528
100004062
100008023
99985092
100021978
99976584
100002306
99995645
100012307
100032648
99962927
99984728
100008291
100008280
100028884
99975926
99986221
100014537
100013733
100065226
99917733
100012817
99973873
99991359
100000026
100018129
99983690
99996321
100113501
99929114
99965000
100004036
100001470
100022328
99965817
100004281
99993399
100034459
99979642
100126615
99877373
99997309
99999683
99977106
100027563
99987682
99999849
100038271
99977537
100203689
99803839
100081800
99907895
99991450
99990879
100025779
99982458
99992020
100014188
100179147
99812091
101116738
98888822
100007359
100009901
99993472
100249087
99734188
100005222
100491164
99506062
100008382
99980886
100011880
99994470
100003998
100029749
99974226
100007455
100239945
99744614
100007732
100000879
100006681
100021243
99989172
99990633
100041441
99953373
100086100
99912179
100010022
99989076
100175744
99820698
99976701
100029222
99987809
100086525
100174394
99764166
99975498
100008989
99996645
100005285
99990460
100005012
100001817
100003303
100155506
99892531
99933657
100028475
99987973
99997450
100011587
99976981
100013314
100012031
100076580
99992405
99920632
100083099
99956681
99949303
100010282
99991813
100013998
99988326
100342775
99672691
100010501
99983512
100001936
99984184
100007628
99987692
100014225
100007822
100208036
99735474
100050303
100079399
99937132
99975502
100010431
99984678
100014449
100015305
100115169
99931223
99949464
99979662
100042806
99949572
100013066
100022487
99976311
99989305
100147843
99857995
100034400
99970765
100003214
100011358
99985759
100084627
99936557
99975457
100087897
99901523
100006381
99999305
100006345
99993200
99996902
100016703
99984183
100005701
100421985
99600927
99976145
100032418
99985371
99999799
99988407
100012460
100048741
99934102
100194096
99796994
100028512
99964669
100006089
99999715
100005908
100006119
100005377
99994732
100107644
99892463
100014602
99988971
100002641
99977929
100008738
100014527
99993257
100002010
100311681
99703940
99978576
100000763
100016744
99987631
99987067
100035380
99965348
100015553
100202791
99788421
100001939
99978961
100001621
100025286
100003394
100038442
99960838
100156500
99992518
99837480
100001199
100001126
99994769
99988139
100023261
99998332
100011315
99977271
100479376
99544141
99998807
99974451
100002334
100053075
99959922
99998173
99986265
100012798
100222638
99759194
100012765
100001427
99988102
99999501
100010814
99997735
100001370
99973602
100541999
99487915
100008745
99981380
100024824
99976866
100024067
99968460
100008446
99996373
100164619
99847223
99994341
100024680
99967932
100005937
99994160
100008524
100054673
99976901
100037404
99939367
99968248
100030341
99995609
100020916
99983111
100181794
100068458
99767173
100454386
99513578
99995607
100011251
100013772
99990843
99989329
100014171
99989791
100003957
100409767
99584852
99999565
100001866
100006642
99989710
100022517
99996582
99986162
100018703
106756351
93288456
99936207
100007967
100028274
99953491
100020695
99987682
100033266
99972739
100264754
99738324
99989053
100023079
99997060
99976199
99997497
100015057
100016964
100013395
100439253
99548583
100068388
99910523
99999739
100034758
99967194
99995737
100008594
99989326
100262622
99745563
99999123
99990037
100006936
100020959
100024419
99969294
99989198
100028263
100725789
99260453
99986673
100017366
100004819
99961909
100004374
100003494
100009728
99994430
100152743
99865621
100008148
99975110
99996602
100108355
99900563
99997283
100000685
100042394
100146210
99824731
99985850
99995115
100134136
99872822
99983757
100002734
100008733
100008684
100139161
99843964
100023207
100236935
99740072
99987422
100045054
99969796
100006081
101221163
99145838
99632843
100023486
99987375
99980720
99997756
100055637
99949669
100014641
99992491
100087164
99937474
99975660
100025156
99980367
99991990
99984554
100012026
99987048
100028521
100045035
100019185
99921682
100003526
99987679
100043089
99950043
100013688
100015003
100005008
100341674
99636754
100015469
99998745
100017723
99954918
100020618
99984775
100020512
99979171
100187294
99815266
100005154
99990157
100018641
99988030
100025775
99989871
99989364
99989457
100053808
99952285
100015262
100000900
99998661
99999380
99999926
100044554
100311841
99687858
100077531
99886249
99984271
100074656
99947101
100319710
99669463
100056032
99968806
99969320
100311639
99692009
100004248
99993781
100009606
100006759
99994714
99985425
103097351
96934435
100374976
99599048
100101010
99902617
99995224
99998797
99998559
100005231
99988934
99993280
100354219
99653326
100056342
99949562
99989611
100023751
100025083
99949066
100021940
99994234
100387910
99604048
99993022
99999289
99997358
100007132
100008987
100000422
99991200
100004354
100320397
99681837
99981219
100015450
99998824
99993874
100014861
99983141
100007171
100033159
100589515
99362081
100008360
100004880
100001905
99988123
99994971
100008707
100008168
99994482
100200156
99814076
99982225
99999390
100029711
99979292
99987992
100000425
99993026
100012804
100575518
99431682
100003040
99996288
99987437
99999395
100017488
99998878
100004313
99966564
100652638
99365693
99976092
100053476
99954954
100019536
99992805
99995091
100010293
100013146
100497556
99494287
99980343
100093118
99912510
100022788
99996220
99983611
99998157
100005024
100147506
99858254
100038521
99968223
99981447
100007028
100014457
100045781
99972287
99960192
100230678
99790175
99987260
100010211
100005951
99975389
100003758
100004276
99989341
100013499
100054520
99958256
99988629
100009425
99973321
100022984
100004323
100003714
99995473
99981216
100378802
99624479
100057203
99988292
99950146
99989371
100026437
99998046
99993821
99993401
100230663
99747501
100011071
100022382
99994890
99992098
99999935
100011920
100066196
99926842
100673620
99337592
99983156
99991756
100027956
100256195
99744481
99983613
99999877
100000921
100611300
99402517
99983912
99995944
100028106
99987252
99986607
99989572
100014876
99990834
100518628
99490543
100025639
99967777
100027765
99984901
99999762
99997063
100011246
99983499
100651886
99361513
99985250
100000168
100010890
99989741
100003190
99996059
100017459
99989386
100879391
99120261
100014337
99971260
100011458
99985730
100012366
99998698
99994151
100021505
100352580
99621110
100024463
99985941
100019901
99971639
100037191
99976401
100003626
99996483
100832168
99159270
100003646
100003085
100013240
100005748
99981794
100001127
100048446
99932179
101035020
98974367
100014922
100015640
99979107
100014418
99987879
100000693
99990960
99992334
100885777
99149352
99990590
100011169
99995546
99991195
99994484
100047127
99956803
99987007
100305584
99704755
99985122
99993992
100087344
99920834
99994149
100018392
99991475
100000670
100428012
99598683
99974920
99996485
100012725
99985922
99986614
100022060
99995467
100022714
100351633
99634000
99984943
99995633
100002705
100034057
99972533
100000549
100008483
100051313
100258662
99684422
99986492
100020871
99987727
99993353
100013016
99993354
99983122
100015019
100337737
99718281
99963203
100001374
99996770
100001494
99985027
100000840
100002085
99995035
100447224
99566993
99977678
100004838
100006020
100003526
100022192
99987618
99998848
99989982
100419728
99648307
99948926
99976692
100032011
99986321
99986622
100008332
99998972
99994533
100142329
99847582
99999917
99996142
100049994
99961029
100016539
99995141
99999620
99988751
100665090
99356145
99993329
100002647
99989290
100009776
99997501
99985283
100008556
100040886
101330981
98629352
100003033
100004147
100085399
99882540
100029056
99997114
100004547
99978061
100427504
99573228
99989010
100029114
100004910
100009929
99978118
100012063
99983046
99971349
100665941
99373959
99974535
100007799
100069250
99923581
99994143
100005666
100016298
99990388
100758569
99430088
99817084
99991164
100019262
99992863
100000180
100010327
100006732
99977779
100184532
99837825
99959735
100024469
100013853
99981598
99995155
100024274
99997249
100002118
100613741
99370220
100001798
99990343
100014061
99993375
100013312
100008702
99968422
100014404
100415321
99601664
99979085
99996494
99983837
100026227
99995604
99987012
100021612
100000712
100261455
99737879
100012498
99967839
99998855
100013210
99995972
100002604
99992646
100028323
100589044
99387265
100004190
100000236
100005375
100013610
99971745
100000047
100007126
100006681
100793159
99214913
99980644
99997071
100016322
99995475
100005247
99993751
99993674
99995502
100296352
99695139
100029500
99980775
100011706
99991167
100004763
99991843
100040909
99966969
100040829
99958368
100008084
99999406
99975974
100014242
100041534
99952954
100005385
99990709
100128491
99895267
99971036
100019355
99993038
100017407
99991125
100000797
100014455
99971874
100094463
99913122
99993448
100005740
100022493
99981748
99996476
99993454
100014462
100004350
100132295
99862628
99982376
100028540
100085585
99894345
99985151
100016837
99994646
100020629
100255939
99725608
99998353
100000427
99996918
100010684
99999993
100015073
99984872
100015395
100061748
99914269
99994946
100003924
100003218
100004589
100002265
99987109
99987240
100019378
100129161
99866188
100003658
100053190
100130378
99828651
99999589
99980920
99995076
100016821
100117423
99879763
100019453
100000652
99988317
100002949
99974191
100012064
99999474
100005676
99987527
100019846
99984049
100000362
100009932
100018784
99989837
99974777
100015784
99980685
100343251
99683023
99992180
99991332
100019466
99974917
100007774
100014552
99978224
100085606
100005241
99934220
99999250
99986212
100017021
100004887
99993450
100000277
99972402
100028872
100335060
99668761
99960401
100025937
99999846
99999423
100001674
99996748
99986986
100014539
100087514
99904466
100007143
99991287
99991349
100026922
100051769
99973254
99962941
99983390
100186706
99837396
100005015
99987926
99999650
99976385
100087455
99941401
100002576
100097249
100018130
99885559
99994393
100057506
99933960
100154551
99863054
99997579
100187873
99819697
100117027
99909934
100215626
99756855
100008932
100017717
99978590
100009847
100394744
99572850
100086523
99937749
99992755
99974350
99997688
100046313
99989182
100040089
99926087
100110213
99903138
100021893
99964027
100019857
99999134
100008349
99975062
99993664
100028656
99974162
100017884
99983779
100020091
99988038
99997018
100022726
99986072
99978399
100082938
99940971
99987222
100000812
100025785
99967876
100005297
99982555
100016622
100014966
99995338
99998823
99994950
99999712
99988976
100006971
100016188
99990250
99989119
100007085
100005098
99988323
100004628
100013646
100000576
99983940
99995606
100015827
99976646
100020823
100016591
99982229
100013955
99986393
100073665
99931764
100005874
100090606
99914869
99980620
100000486
100007040
100004801
99978765
100009250
100009706
100001885
99994607
99977414
100014751
99985645
100020293
100001997
99984263
99997717
100015392
99988054
99992733
100016220
100010494
99995058
100002884
99972891
100011564
99989102
100013903
100006336
99990639
100019346
99998242
99974716
100027065
99993958
99999987
99984416
100016497
99994626
99996572
99999612
100005537
99983154
100014348
100008397
99997060
99991724
99995631
100014057
99999914
100113447
99870708
100004306
100000610
100025574
99991751
99973485
100004451
100006613
100014015
99990391
100004317
99985142
100000799
99994103
100040510
99968312
100003357
100005777
99990206
100016582
99968740
100070052
99950925
99999335
100004245
99993729
100006858
99986027
100015031
99981648
100020918
99995044
99996274
99994111
100057223
99941356
100008984
100023514
99969969
99996815
100003583
100000395
99983120
100027033
99980244
100019501
99995295
100077786
99907945
100037353
99971046
100013731
100030555
99937858
100024004
99985917
100029442
99975030
99998781
100006606
99994683
100039750
99980905
99988731
100008597
99990642
100022232
99970444
99996967
100024654
99986231
99994072
99993872
100005206
99993027
100014401
99993407
100007723
99981753
100026803
99981207
99993263
100056123
99955275
100007307
99995922
99991039
100006797
100005739
99989051
100008197
99993331
100000047
100001326
100006632
100038782
99933773
100016080
100001721
100030172
99980366
99997229
99982634
100010549
100005098
100004505
99992251
99997031
100015812
99992400
99982046
100008587
100016949
100011273
99973955
99995314
100010958
100014426
99964190
100069533
99949665
100002748
99994536
100016234
100007423
99996466
100026049
99970137
100003866
100006617
99964517
100020811
100095320
99882362
100018775
99987018
100007035
99996550
100014040
100007454
99980487
100012563
99994765
100006130
99986273
99977774
100028935
99999031
100000191
100010406
99989127
99998346
100005214
99990204
100025479
99996469
100004309
99988615
100007100
99977547
100006286
100008448
99998243
99999491
99983202
100000747
100032160
99978054
99999285
100020995
99993576
99982280
100013268
99980354
99997057
100069233
99947333
99997233
99997462
100148406
99856915
99992026
100023483
99980912
100011388
99988537
99999337
100041562
99976540
99993317
100042495
99972458
99990965
99994424
99993324
99997239
99996947
99992009
100009499
100055994
99978355
99986444
99988052
99984996
100000614
100026700
99988204
99996914
99982199
100015396
100018784
100019465
99967964
99980088
100010003
100001942
100000815
100080659
99936554
99979825
100007329
100012956
99977702
100008917
100006872
99984962
99992992
100015524
100027326
99962393
100007135
99990174
100002466
100021778
100030488
99950707
100012630
99995901
99980656
100019767
99999928
99991689
100000649
99980930
100328058
99692320
99988379
99996714
100033540
99958062
100140752
99875160
100015257
99986958
100009521
99993442
99991619
100007251
100029789
99981574
99992159
99992425
100026170
99957999
100023589
99985165
100011052
100060994
99950388
100005024
99988185
100016045
99990618
100009437
99990966
100008417
100555869
99432739
99990862
100016481
100000673
99972379
100053585
99949743
100028555
99991798
100007316
99981900
100001567
100005436
99998214
99992138
99998537
100018048
99991506
99998572
100008109
100000112
99994517
99993237
100008216
100049991
99944548
100000064
100000884
99990436
100029651
99964584
100072635
99945195
99998992
100000484
100020476
100074874
99913427
99989072
100000592
99991830
99998266
100006068
100015891
99996508
99999650
100001954
99980861
100002170
100020419
99979510
99992506
100021029
99979386
100013915
100010219
99996610
99978071
100027460
99969015
100011737
100010233
99989489
100014913
100002579
99978600
100004303
100011084
99993867
99991765
100010088
100006645
99996545
100007263
100115152
99984496
99892923
99987415
100010417
100004427
100011342
99975581
100004968
100009941
100002327
99998506
99994737
100006139
99996500
100004875
99998515
99999216
99999712
100009230
99989288
99995900
99998584
100018131
99986285
99977948
100037090
99988422
100306612
99683378
100013957
99996593
100007641
99979853
99991875
100002509
100013443
99996643
100011961
99985539
100004397
99990628
100078763
99943606
100026103
99951967
100007445
99997792
100016041
99986009
99998246
100017534
99984273
100009612
99967397
100026774
99984878
100020065
100002490
100007030
99992125
99980995
100012659
100013619
99988762
100014919
99972671
100008099
100017273
99992267
100009332
99957473
100019693
100006842
99981727
100027736
100006295
99987360
100000697
99994674
100008787
100067604
99963462
99965398
99993317
100021412
99979010
100000172
100019830
99990620
99995349
100007786
99973121
100009543
99976733
100031630
100016106
99994635
99986010
100015143
99989864
99985612
99999918
100022556
99988656
100000108
99999628
100028812
99995538
100028763
99963628
99994118
100000568
99993477
99997838
99991402
100004045
100071154
99969579
100067198
99923375
99965573
100017658
100013642
99997915
100049421
100014428
100079565
99846280
99983494
100033657
99977985
100085010
99907046
99998072
99997723
100004730
100019421
99997046
99990119
100016630
99973204
100005740
99992287
99995077
100028444
99991565
99992785
100004897
99999426
99996251
100007215
100010608
99968860
100003518
99999557
100008820
99999785
99998755
100065064
99941866
100002175
99991065
99983490
100009377
99999049
100013975
99982156
100020648
99997560
99992384
99993745
100017171
100010432
99968751
100008867
99990218
100001773
100018230
99987653
99984340
100037390
99970444
100011741
100083584
99916020
100002511
99997203
99991493
99993666
100025402
99974895
100016308
99988193
100013763
100766162
99252707
99989772
99998655
99983861
100020530
100001037
99983767
100003447
99977324
100052208
99946824
100002637
100015805
99994550
100230494
99788896
99982666
99997827
100017654
99988571
99995904
100014200
99991488
100003598
100027280
99974172
100000146
99990486
99999405
99997893
99994744
100012746
99989062
100011308
99985670
100010684
99997955
100011349
100000820
99972396
100027051
99998233
99994051
99988495
99998158
100018216
99996633
99996970
99999717
100001271
99997497
99993518
100014168
99980756
100018124
100020361
99970690
100038481
99959417
100020695
99994045
99993587
99994242
99995603
100012740
100007234
99982477
100002827
99994395
100017410
100000521
99992586
99998989
100001359
99990114
100068915
99932658
100000347
100010981
100008745
99986051
100010251
99992102
100003712
100013858
99986379
100008483
100003434
99993849
99988270
99993933
100009023
100000685
99997468
99983576
100056431
100005111
99970894
99985780
99995559
100010464
99994761
100008589
99976484
100021030
99990818
99997494
100005118
99992583
100004346
99995781
100010479
99986636
100016599
99976102
100015132
100010529
100011048
99959949
100013126
100002978
100009123
99989313
100003715
100000177
99985804
100100889
100017284
99884502
100000094
100028059
99967525
100010963
100008893
99999390
99996215
100000107
100009040
99992581
99990587
100006428
100006123
100000329
101101399
98898926
100015427
99983229
99986813
100000153
100007542
100006162
99982459
100027349
99984595
99981989
100006439
100012858
99996600
100009492
99975180
100004853
100012004
100001590
99987562
100019054
99993482
99998272
100145424
99853263
100001494
100001414
99980926
100010614
100006385
100010546
99979705
100005036
99999343
99999811
99993765
100003186
100006991
99998101
100013329
100042552
99960896
99990630
100011315
99984119
99999000
100010390
99991733
100009148
100002325
99986587
99998281
100567109
99473227
99974208
99987589
99995933
100024893
99962721
100002765
100007661
99998196
99996473
99998629
100004230
100013772
100025841
99964093
100047799
99950772
100023353
99985335
100007911
99993522
99994902
100182343
99813617
100021347
100021372
99968989
100017565
99966906
100020487
100050549
99940931
99996193
100021510
99981989
100016851
99979056
99997753
100002234
99996446
99999378
100017695
100023847
99959771
100042909
99961764
100016932
99983137
100034000
99953642
100004980
100023067
100061237
99934739
99988712
100011468
100003254
99981237
100013504
99994039
99992306
100020449
99992558
99995788
99986086
99998468
100021176
100004260
99989143
99999424
99989684
100007466
100054175
99955530
99983778
99990792
100676177
99332240
100217267
99799379
100004267
99978260
99999007
100015237
99990658
100001072
100022429
99994912
99992261
100007540
99988242
99998588
100006961
99987619
100039675
99967191
100026698
99965263
100005750
100012425
99994468
99980686
100019617
99998120
100005085
99973164
100226606
99805448
99991915
99997260
99990541
100020383
99980428
100004561
100005163
99992760
99991046
100014081
99991542
100035525
99995466
99977055
99999722
99998166
99982059
100019576
100007110
99994034
99990720
100009015
100025284
99970729
100005664
99992809
99986984
100021738
99980217
100010517
100003885
100011753
99996489
99979223
100019296
99999558
99979950
100009942
99998921
99996230
100004237
99988935
100006917
100005919
100004913
99988230
100047062
99962898
99981782
100016488
99996580
