sequence_number,time_taken_to_correct_ms
2,1.292544
3,0.710656
4,8.059648
19,2.04928
235,0.268544
269,0.835072
377,0.3456
430,0.150016
493,0.075008
499,6.427904
993,0.022016
1017,0.241664
1045,0.066816
1221,27.321856
1352,0.082176
1456,0.02944
1520,0.016128
1554,0.045568
1569,0.00512
1706,1.242112
1802,0.02816
1813,0.092928
1945,0.422144
2063,0.070144
2289,0.32768
2299,0.24704
2404,0.622592
2499,0.781824
2702,0.022016
2733,0.049408
2753,0.023296
2817,0.589824
2893,4.288256
2913,0.730112
3180,0.534016
3183,0.628736
3431,0.56704
3494,0.073216
3498,0.751616
3991,0.044544
4044,2.577152
4093,0.918528
4106,2.233344
4433,0.091392
4704,0.012544
4706,0.95872
5043,0.890368
5246,0.03712
5297,0.800256
5456,0.028928
5894,6.765824
5897,2.935296
6112,0.031488
6248,0.251648
6320,0.040192
6368,0.014336
6417,3.296512
6500,0.43008
6507,5.720832
6845,0.390656
6987,0.690944
7058,0.044288
7093,1.82784
7105,0.625152
7111,1.672704
7462,0.018432
7670,1.239808
7671,1.490432
7705,3.444992
7830,0.05632
7859,1.932032
8103,0.7424
8293,6.4448
8298,4.165888
8307,1.987584
8435,1.987328
8522,0.974848
8589,0.095744
8597,0.144896
8784,0.73344
8868,0.036352
8896,6.608896
9004,0.070912
9113,0.004096
9438,0.0512
9493,3.917312
9507,0.5568
9730,0.043008
10032,0.07936
10093,1.026816
10097,9.11872
10351,0.151808
10506,0.071936
10693,0.508416
10759,0.187904
10861,0.023296
11088,0.0832
11342,0.006656
11346,0.639488
11744,1.249024
11794,0.009728
11886,0.15104
11893,16.217856
12423,0.876288
12612,0.006144
12769,0.804608
12869,0.0384
12888,0.016384
13046,0.178432
13106,2.886144
13265,0.03968
13297,0.0448
13501,0.042752
13700,1.088
13865,11.92704
13975,0.037888
14148,0.776704
14300,0.540416
14325,0.02048
14477,4.03968
14538,19.572224
14685,0.033792
14723,0.419072
14890,0.67968
14906,1.69344
14962,6.91456
15493,2.636032
15494,1.36576
15512,1.937152
16094,0.866048
16111,0.659968
16204,0.018176
16706,2.0544
17306,6.322688
17556,0.008704
17893,0.491008
18026,0.109568
18494,0.192256
18533,0.22144
18560,0.070656
19097,9.719552
19140,24.917248
19694,1.392896
19706,0.313088
20174,0.12544
20307,1.241088
20402,0.073984
20883,0.070656
20898,0.146944
20906,2.579456
21184,0.57472
21401,0.107008
21885,0.54272
21933,2.144768
22848,0.720384
22929,0.094976
23039,0.046592
23174,0.111104
23292,0.041728
23294,2.490624
23536,0.13568
23759,0.042752
23897,9.875712
23911,0.262912
23992,0.050176
23995,0.064512
24126,2.738688
24493,23.259904
24565,0.384768
24566,1.18272
24608,0.269056
24712,0.016128
25096,6.617088
25184,0.021504
25348,0.868352
25582,0.069376
25869,0.700928
26158,0.041728
26240,1.417472
26293,0.861184
26297,17.339392
26543,0.68096
26596,2.12992
26820,0.029184
26894,1.036288
26905,1.783296
27035,0.166912
27080,3.5136
27359,0.000768
27493,0.3328
27494,1.871104
27506,0.213504
28137,0.005376
28143,0.278784
28358,0.029184
28693,0.69632
28694,1.29792
28697,4.279296
28871,0.086784
29191,0.128768
29294,0.461056
29832,4.409344
29893,8.331776
30224,0.13568
30422,2.391808
30496,5.840896
30566,36.872704
30663,16.232448
30775,7.153152
31096,6.373376
31098,11.288064
31386,0.028416
31452,0.026112
31693,1.63456
31709,5.662464
31741,5.69216
31781,0.469504
32161,0.003072
32180,0.002048
32295,0.193792
32385,0.008192
32504,0.495872
33153,18.30272
33397,0.099584
33405,0.027648
33493,0.190464
33497,0.318464
33498,4.354816
33575,0.047872
33669,0.058624
34189,0.00896
34204,8.259328
34239,0.6016
34505,0.072704
34858,1.249536
35074,0.461056
35078,0.111872
35164,0.030976
35184,0.059392
35255,1.433088
35293,0.25472
35305,0.021248
35424,0.599296
35598,16.694784
35893,0.637952
35906,0.438528
35993,0.018944
36388,0.017408
36497,9.759744
36507,2.806528
36529,2.593536
36630,7.04384
36640,0.322048
36726,1.448448
36781,2.49472
37042,0.004608
37106,1.435392
37308,0.010752
37859,16.499456
37930,0.052224
38183,0.207616
38607,0.193792
38697,16.60672
38754,0.017408
38907,0.375552
38910,0.696832
38989,0.018688
39396,0.0384
39446,0.075264
39497,2.171648
39875,0.042752
40093,0.622848
40624,3.829248
40705,0.739584
40823,0.026624
41084,0.039424
41194,18.499072
41293,0.71168
41894,2.63936
42323,0.009984
42350,0.31744
42493,8.388608
42750,0.032
43251,0.016896
43261,0.031744
43379,0.154368
43488,0.01024
43526,0.042752
43693,1.128192
43695,5.921024
43763,0.066048
43866,7.53152
44036,0.700672
44206,0.00128
44307,0.118272
44308,7.228928
44370,1.876992
44539,1.038592
44897,9.819904
45037,10.181376
45125,5.166848
45166,0.344576
45299,0.003584
45353,1.131264
45430,0.011008
45493,0.946688
45671,19.22432
45880,0.015104
46093,8.701952
46345,0.824576
46697,0.773888
47115,6.937856
47229,0.673536
47293,1.444096
47299,0.996608
47305,0.713472
47622,0.061696
47849,0.712704
47899,1.621248
47911,4.37376
48034,0.052224
48272,0.022272
48365,0.007424
48493,0.727808
48704,0.100352
48771,0.043264
48812,0.31488
49094,2.279936
49631,1.935872
49693,2.166272
49736,0.030208
49752,1.481728
49870,9.326336
49975,0.03968
50294,0.140032
50298,1.903616
50311,0.847872
50360,0.073472
50506,0.036352
50561,0.01408
50777,1.798912
50806,4.681728
50896,6.580736
50908,1.456128
51031,0.039936
51123,0.13568
51146,0.001792
51191,0.036096
51496,1.629184
51636,1.738496
51728,1.403392
51798,0.008448
52043,0.107008
52094,0.024576
52096,5.827584
52164,0.92928
52334,0.074496
52360,0.053248
52478,1.174016
52579,0.006656
52696,6.081536
52706,0.425728
52925,0.044032
52950,0.204544
53192,4.527616
53307,0.710912
53893,1.61536
54045,0.039424
54247,0.010496
54393,0.046848
54494,3.619328
54623,0.09472
55093,1.126144
55106,1.20064
55694,1.854976
55706,1.705472
55756,16.840192
55810,0.044544
55817,0.320256
55869,6.764544
55991,0.12032
56293,8.689664
56306,6.30656
56398,0.003584
56714,1.0624
56897,17.818112
57199,0.024576
57493,23.978496
57688,0.0448
58037,16.497408
58099,0.579072
58413,0.846592
58693,0.428544
58696,5.893888
58753,0.009984
58848,6.290688
59396,0.262656
59634,0.063232
59660,0.029952
59864,0.039424
59894,1.977856
60091,0.006656
60292,0.035072
60393,0.083968
61094,1.9584
61111,3.22176
61438,7.72352
61644,0.051712
61693,4.950784
61876,0.033024
62153,0.020992
62294,6.790912
62350,0.101888
62724,0.016384
62769,0.054016
62893,3.167488
63138,0.106752
63147,0.014848
63194,1.278464
63219,0.737792
63317,4.032
63330,1.03808
63338,11.630592
63380,26.864128
63496,6.272768
63543,0.01152
63624,0.039424
63730,0.109056
63784,0.050944
63906,0.022016
63998,0.100096
64093,8.46336
64697,3.499776
64894,0.000768
65220,0.004864
65293,22.984704
65893,0.135424
65905,0.932864
66088,0.068352
66120,0.01536
66332,0.077312
66453,0.17152
66497,7.897344
66581,0.00128
66687,0.027136
66858,0.142336
66859,2.671616
67065,2.023936
67097,7.232
67266,0.033536
67446,17.87776
67565,0.220416
67712,0.601856
67866,3.670016
68305,0.171776
68412,0.033536
68563,1.309184
68715,0.011264
68898,2.021632
68899,6.578176
69007,0.034304
69111,0.14848
69348,0.086016
69425,0.925952
69466,0.102912
69493,8.652544
69726,0.123648
69883,0.100864
69895,0.453376
70012,0.007936
70097,0.806912
70176,0.767744
70494,0.06528
70609,0.002304
70693,1.006592
70743,0.039936
70748,0.01536
70785,0.240128
70792,0.026624
70903,0.132864
71102,0.006144
71297,2.25536
71305,1.714432
71419,0.440064
71502,0.085504
71686,0.117248
71893,24.322304
72000,0.038912
72426,3.144704
72498,1.088256
72511,1.2224
72670,2.806528
73007,0.540416
73093,2.326528
73097,0.530176
73105,0.594176
73112,0.301056
73706,0.555264
73745,2.28992
73755,6.103296
73875,5.755648
74095,0.032
74293,3.328768
74299,4.516352
74512,0.124416
74612,0.128
74635,1.037056
74907,3.398912
75105,0.060416
75451,0.643584
75493,12.90368
76107,0.610048
76279,0.009728
76371,2.93376
76446,0.047872
76605,0.153856
76693,2.250496
76697,0.562432
76864,0.078592
76930,0.002304
76978,5.767168
77195,0.059136
77408,0.063744
77893,5.202688
77919,1.010176
78191,0.027392
78206,0.466944
78493,0.873472
78711,7.84768
78713,11.487744
79093,8.103168
79095,0.584704
79105,21.435904
79179,17.352448
79330,0.022784
79360,0.02432
79517,0.0064
79535,0.062464
79687,0.014592
79706,3.604992
79792,0.000256
79887,0.068864
80293,4.366592
80295,0.564992
80348,0.417792
80358,1.510656
80647,3.547648
80713,0.021248
80896,6.1312
80907,1.161216
81005,0.02304
81043,0.093696
81127,0.01664
81181,0.613376
81195,7.432448
81424,0.521728
81433,7.101696
81545,0.00256
81634,0.153088
81645,0.019968
81670,0.47104
81815,0.997632
81870,0.095744
81971,0.037888
82066,0.108032
82342,0.00512
82485,0.033792
82693,0.269312
82697,5.935872
83075,2.588928
83306,1.927168
83417,0.017152
83539,0.00256
83602,0.022528
83634,0.200448
83694,2.31936
83695,9.288192
83769,0.365056
83897,2.051072
84396,0.03712
84494,0.2048
84507,7.75168
84592,0.065792
84797,0.014336
84850,0.103168
85093,2.119168
85362,0.009984
85432,1.117952
85611,1.89056
85694,1.804032
85745,5.381888
86061,0.10368
86071,2.434048
86256,0.009472
86293,0.443648
86294,1.709568
86298,0.47872
86656,0.01024
86733,0.100864
86831,3.095552
86896,1.13664
86906,1.715712
86915,3.02208
87017,0.000256
87164,0.005888
87207,0.26368
87243,0.04736
87493,4.682496
87496,2.7008
88070,2.506496
88094,1.303808
88600,0.001536
88693,3.04384
88700,0.360192
88707,0.872192
88777,0.006656
88918,0.015872
89297,8.308736
89333,0.122368
89464,0.710144
89683,0.648448
89711,0.0128
89788,0.009216
89834,1.243136
89900,0.073728
89964,0.010752
90505,0.19328
90647,0.032256
90934,0.020736
91093,3.202816
91112,0.646656
91531,0.019968
91689,2.373888
91694,0.468736
91767,0.048384
92078,0.132096
92298,6.669568
92746,0.19968
92893,16.020992
93345,0.067584
93506,1.76896
93652,2.097152
94094,2.788352
94169,0.01024
94694,2.821632
94769,0.155648
94962,0.065024
95014,0.18816
95073,0.123392
95293,0.389888
95306,0.263936
95310,0.133632
95456,0.017408
95648,10.900736
95744,0.415488
95893,0.202752
95908,1.486848
96125,1.041408
96198,0.044032
96226,0.110848
96493,0.562688
96494,1.688576
96497,4.171776
97105,0.18432
97145,0.017664
97226,1.067264
97695,3.440128
97696,0.125184
97881,17.761024
97973,0.080896
97991,0.004608
98293,8.536064
98562,0.027392
98907,1.508096
99138,0.477696
99359,0.054016
99457,0.006144
99493,28.093184
99594,0.040704
99696,0.07552
100106,1.376256
100430,0.449024
100610,16.178944
100707,5.974016
101000,0.40832
101184,0.128256
101296,7.423488
101341,0.185856
101469,0.0064
101612,0.036864
101749,0.040704
101946,0.108544
102162,0.058624
102278,0.061952
102470,1.83296
102494,2.733312
102566,0.092416
102584,0.067072
102636,0.087552
103094,0.17536
103637,0.019712
103694,4.14464
103780,0.064
104063,0.004096
104450,0.037632
104746,0.10112
104893,7.814912
105222,0.02688
105669,0.228096
105707,0.153856
105801,0.134656
105975,0.003072
106094,2.647552
106201,0.130304
106596,0.117504
106642,0.051968
106670,0.050176
106693,2.140928
106697,8.27008
106817,0.052736
107046,0.94848
107053,2.53824
107217,0.013312
107306,0.986368
107332,0.032256
107536,0.021248
107654,0.00128
107839,3.7184
107893,0.10368
107894,1.452544
107905,2.62912
108364,0.106496
108429,0.034048
108512,0.2816
109093,15.849472
109621,0.033792
109705,1.232896
109979,1.274112
110188,0.114176
110293,2.121728
110623,0.061952
110779,25.987328
111316,0.003072
111339,0.07296
111466,0.021504
111493,1.895168
111920,0.061952
112056,1.298176
112156,0.08192
112242,5.804544
112312,0.53632
112466,0.126976
112679,0.008192
112706,2.813952
112871,3.51488
113144,0.071424
113279,0.069376
113296,5.71264
113539,0.181504
113716,0.005376
113880,0.094464
113894,1.903872
113905,0.53248
113948,0.228864
113969,0.064256
114106,0.034304
114472,0.006912
114493,2.24384
114639,0.022016
115093,0.050432
115097,9.46432
115112,7.141888
115557,3.195904
115693,2.016512
115736,2.720256
115887,0.428032
116027,0.08064
116293,0.013312
116579,0.03968
116838,0.052992
116885,0.300544
116893,2.081792
117111,0.054784
117429,0.023296
117441,1.47328
117493,0.781056
117506,5.19424
117742,0.192
117861,0.941056
117866,0.268544
118031,0.01408
118093,8.2368
118380,0.001792
118493,0.013824
118706,0.06144
118800,0.064512
119003,0.012544
119262,0.74368
119293,1.167104
119297,8.524544
119773,0.025088
119893,5.7536
119899,2.942208
120033,0.046336
120263,0.205824
120506,0.028416
120508,0.887296
120511,1.910528
120839,0.028416
121064,0.60416
121106,2.641664
121158,0.539904
121334,0.027648
121693,7.98464
121773,0.036864
121855,0.212736
121888,5.710592
121980,0.007168
122180,0.031488
122893,8.002048
122895,1.11872
122988,0.588032
123130,0.066048
123485,1.150208
123494,1.028608
123497,4.137472
123624,2.157568
123625,16.459264
123808,0.00384
123971,5.380608
124093,8.240128
124296,15.405568
124803,0.365824
124923,0.00384
125013,0.008704
125020,0.100096
125272,1.764864
125293,8.105472
125311,2.300672
125631,1.364736
125657,0.008704
125689,0.131328
126275,0.152576
126496,0.101632
126803,0.192512
126925,0.056832
127094,1.629184
127097,5.580544
127693,8.11392
127760,0.712192
127810,0.250624
127842,0.309504
127889,0.960512
127946,0.087808
128294,1.646848
128865,0.015616
128893,23.663104
129032,0.007168
129614,0.110592
129720,6.497536
130024,0.06656
130072,0.004864
130093,0.075008
130244,0.00768
130308,0.0128
130507,0.06784
130763,3.596032
130865,1.079552
131296,7.046144
131683,0.024064
131866,0.039168
132144,0.299776
132222,0.006144
132492,0.049152
132494,1.88928
132819,0.03968
132958,0.08192
133093,0.61824
133301,0.06272
133557,0.087552
133705,2.731264
133709,4.199424
133845,0.067328
133924,2.393088
134293,8.195072
134523,2.008576
134622,0.023296
134648,4.00512
134894,1.79328
134897,0.458752
134905,1.889536
135052,0.206848
135213,0.400384
135256,0.245248
135493,1.379072
135644,0.134144
135746,1.083392
135967,0.021504
136097,2.52416
136142,1.272064
136275,0.154112
136465,0.051712
136584,6.577664
136585,2.128896
136700,2.574592
136866,0.786176
137065,0.057856
137165,0.82176
137227,1.187072
137296,6.195456
137380,0.09472
137897,15.961088
138040,0.000512
138425,0.086016
138493,8.243712
138499,3.103744
138986,0.00256
139106,0.102912
139119,0.71296
139693,23.957504
139821,0.317952
139848,0.01152
139884,0.006912
140294,0.686848
140297,6.980864
140507,0.060416
140582,0.060928
140772,0.019968
140893,0.171008
140906,1.225216
141494,2.016768
141665,0.06912
141688,0.066816
141839,0.024576
142093,8.090368
142095,0.94848
142405,0.108544
142637,0.050432
142699,3.372288
143293,8.091904
143306,0.005632
143376,0.018944
143907,7.415808
144186,1.67296
144382,0.3392
144442,0.029696
144493,6.958592
144814,0.00512
144875,0.015104
144989,0.071168
145031,0.00256
145139,0.067584
145694,0.51584
146362,0.053248
146422,5.944064
146616,0.057088
146893,15.871232
146978,0.00896
147193,1.398528
147419,0.17536
147438,0.261376
147612,3.860736
147644,2.518528
147692,1.199872
147758,0.13184
147946,1.587968
147957,0.1536
148004,1.947648
148093,0.232448
148099,5.345024
148472,0.240384
148659,1.628416
148673,0.79232
148729,0.209152
148804,1.449472
148832,1.707776
149031,0.677376
149270,0.24448
149296,7.646976
149368,0.995328
149416,0.036096
149670,0.02048
149827,2.39616
149875,12.864
149923,1.504512
150022,0.089856
150038,0.036864
150058,0.6144
150234,0.460544
150293,0.20608
150295,2.072064
150297,0.86784
150392,0.192256
150431,0.158208
150443,0.052736
150493,1.544192
150498,4.951552
150536,0.92544
150924,0.011008
151002,0.011264
151106,0.879872
151244,0.573696
151303,0.036864
151705,0.93568
151984,0.006144
152197,0.038144
152293,0.033536
152294,0.7424
152299,1.731072
152306,0.166912
152311,0.978176
152893,1.16864
153160,0.008448
153185,0.003584
153493,0.318464
153813,0.029696
153843,0.03456
154013,0.055296
154095,0.001024
154097,5.991424
154107,5.21472
154168,0.001536
154211,0.007424
154694,0.585728
154706,0.178176
154714,1.008896
155132,14.915072
155287,0.214528
155294,3.01568
155306,1.522688
155315,0.214784
155556,0.013056
155645,0.045824
155676,0.640512
155899,9.128448
156131,0.32896
156182,0.062464
156493,1.018112
156505,0.979968
156511,0.441088
157097,4.63616
157170,0.033024
157529,0.022528
157643,0.011264
157693,0.918528
157701,2.427904
157797,0.10496
157864,0.103424
158117,0.023552
158566,0.001536
158894,1.786112
158905,2.324736
158979,0.019456
159493,1.359104
159586,0.17152
159749,0.084736
160094,0.445952
160121,0.028672
160430,1.028352
160470,0.164352
160493,0.572672
160701,0.366592
160721,1.005568
160946,0.960512
161060,0.01664
161183,0.234752
161227,7.3472
161228,8.090112
161859,7.293696
161860,10.495744
161893,1.189888
161978,0.014592
162217,0.064256
162432,0.037632
162471,1.28
162493,3.277312
162497,14.732032
162591,0.017664
162625,0.100096
163093,0.346368
163094,0.601088
163196,0.092672
163273,0.022784
163436,0.118016
163474,0.011264
163631,1.486336
163710,0.931328
163748,0.51968
163760,0.290048
163791,0.088576
163838,0.010752
163886,3.793152
163967,0.051712
164293,7.80672
164306,4.262912
164625,1.52832
164865,0.00128
164905,3.183104
165035,0.153344
165493,2.809088
165746,0.047872
165809,0.004096
165949,0.127744
166106,1.669888
166568,0.225536
166693,0.408064
166845,0.572928
166948,0.054272
167090,0.100096
167158,0.237312
167296,7.062784
167394,0.011776
167440,8.404992
167538,0.143616
167693,1.824768
167797,0.038656
167893,27.35872
168193,0.06144
168214,0.886272
168283,0.138496
168361,0.393472
168497,1.181184
168506,0.233472
168614,0.155648
168704,1.005568
168889,0.069376
169114,0.569344
169172,0.0192
169355,0.195072
169693,15.308032
169714,2.409216
169771,0.026112
169892,5.574912
170294,0.635392
170297,0.43264
170299,0.079616
170504,0.003328
170636,0.077568
170685,1.48736
170893,7.6992
170970,0.037376
171134,0.092672
171493,0.334336
171494,2.043904
172093,1.288704
172195,12.119296
172332,0.027392
172520,0.185856
172568,1.737472
172574,24.278528
172700,2.131968
172707,0.07808
172715,5.60896
172871,0.282112
172981,0.152832
173615,4.534272
173675,0.034304
173893,1.606656
173894,0.340736
173907,6.120704
174233,0.057088
174497,0.973568
174605,0.015872
174793,0.51712
174880,0.028672
174930,0.03328
174993,0.14848
175053,3.215616
175094,0.78592
175105,0.434688
175213,0.020992
175415,4.124672
175627,0.051712
175645,5.47712
175693,7.37024
175991,0.111104
176191,0.002816
176303,0.011008
176365,0.093696
176418,0.064
176463,0.603136
176894,1.816832
177012,0.035328
177192,0.011008
177205,0.152832
177493,7.36256
177607,0.034304
177823,0.001792
177877,0.013312
177887,0.1408
178050,2.716928
178094,2.828544
178190,0.038144
178469,0.0448
178697,16.480256
179092,0.012544
179125,0.047872
179210,0.003072
179252,0.114176
179293,24.905216
179471,0.022016
180246,0.027648
180248,0.1536
180346,0.021504
180465,0.00512
180494,0.627712
180556,0.025856
181084,0.548608
181093,26.00192
181246,0.534016
181623,0.007168
181696,5.949696
181790,7.835904
181896,0.155392
182234,0.960256
182297,0.730112
182377,0.00896
182839,1.586432
182893,1.246208
182897,1.44384
182905,0.241664
183492,1.458688
183497,0.161536
183499,0.055296
183650,0.01536
183669,1.69088
183895,0.032512
183941,0.034048
183974,0.015872
184093,0.378624
184106,1.19296
184534,3.021312
185087,0.004608
185293,2.670336
185408,1.790208
185410,16.524288
185543,0.06528
185568,1.993216
185664,0.018944
185691,0.002816
185694,0.00128
185707,5.21856
185733,55.3088
185857,0.00512
185878,8.473344
186022,35.243008
186097,0.122368
186127,54.688768
186493,1.510144
186496,5.453312
186546,4.588288
186965,0.051968
187097,4.161792
187243,0.053248
187693,0.616192
187699,1.494784
187711,0.23296
187756,5.978624
188020,5.994496
188098,0.02944
188154,0.03456
188293,0.78464
188295,3.608064
188311,0.5952
188333,22.504448
188595,0.058368
188717,0.055296
188893,0.125952
188897,5.142784
189341,0.015104
189493,0.33152
189498,3.82976
189510,2.994176
189840,0.086016
190012,0.04992
190093,6.777088
190697,15.847936
190782,0.046592
190860,0.012288
190910,0.029696
190934,3.095296
191044,0.05376
191290,0.045824
191294,1.711872
191496,0.095744
191597,0.121856
191677,0.205056
191873,0.002816
191893,0.370432
191896,3.304704
191972,1.173504
192170,2.138624
192361,25.730304
192369,1.73312
192371,6.310656
192496,4.278016
192643,0.047616
192841,0.055808
192936,0.023552
192980,0.448256
193010,0.105728
193093,14.699008
193705,3.53664
194060,2.166784
194293,25.858304
194481,0.348672
194605,0.082944
194893,0.518656
194961,1.95072
195052,0.008704
195130,0.029696
195311,2.441472
195416,3.493888
195497,0.431616
195505,0.487424
195670,15.815424
195952,0.003072
196032,0.015616
196097,3.186688
196583,0.009472
196617,0.08448
196627,0.064256
196693,4.406016
197034,0.122112
197114,1.769984
197134,0.127232
197293,0.056832
197296,6.109184
197337,0.126464
197702,0.17408
197708,1.13792
197728,4.521472
197906,2.72256
197959,0.053504
198013,1.152512
198178,0.09728
198197,0.374016
198204,98.832128
198343,0.09344
198406,0.155136
198465,0.009728
198476,0.00768
198512,0.39168
198656,0.389632
199093,26.493952
199526,0.132608
199560,0.325376
199795,0.039936
199911,0.05632
199994,0.035072
200187,8.271104
200295,4.795648
200695,0.031744
200894,2.409472
200995,0.004864
201029,0.044032
201067,0.109824
201122,0.068864
201461,0.018176
201493,14.46784
201514,0.746496
201560,0.003072
201724,0.015616
201824,0.138752
201838,0.046592
202053,0.035072
202078,0.088832
202094,2.794752
202095,1.185024
202154,0.012544
202332,0.121344
202490,0.014336
202584,0.728064
202693,25.848576
202914,0.016128
202990,0.08192
203227,0.025088
203303,0.349696
203377,0.073472
203399,0.103168
203403,1.636096
203896,6.212864
204111,0.056064
204261,0.388608
204401,4.314624
204511,4.536064
204574,0.06144
204643,1.069056
204705,3.44704
205052,0.109824
205093,4.136192
205097,3.303424
205222,15.207936
205224,0.821504
205399,0.152832
205439,103.580416
205693,0.054784
205694,0.273408
205705,1.801984
205844,0.196096
205905,0.082176
206171,0.331264
206294,0.46976
206454,0.072192
206479,0.015872
206560,0.272128
206674,0.037376
206701,4.113408
206705,0.05504
206804,0.027904
206906,2.032128
206927,0.782848
206966,0.139264
207298,0.017664
207681,0.131072
207816,1.135872
207954,1.94304
207974,10.253056
208012,2.586112
208019,98.889472
208180,0.66432
208181,0.8064
208195,0.048128
208359,0.812288
208617,100.374528
208693,25.888
208815,0.822528
208817,39.678464
209013,1.04704
209135,0.382464
209294,7.873792
209404,0.18432
209471,0.113152
209677,0.065536
209744,2.516736
209893,6.264832
209895,0.38912
210057,0.641792
210497,0.440832
210552,0.017152
210612,0.265728
210761,1.153792
210908,1.284096
211093,6.448896
211385,0.630528
211516,0.610816
211877,0.244736
212032,0.015872
212050,0.617984
212055,6.450944
212068,2.63296
212297,1.83808
212536,3.219968
212555,3.0208
212557,1.180416
212643,0.0768
212665,2.891008
212740,0.047872
212748,6.369024
212749,2.07232
212899,0.019968
213100,0.020736
213101,0.733952
213121,7.358976
213354,0.008448
213448,0.712448
213468,0.209664
213493,0.1984
213579,0.266752
213737,0.002048
213790,0.448
213875,0.008448
213960,0.067328
214055,0.15104
214057,19.975168
214093,3.898624
214183,0.025856
214378,0.047104
214586,2.73536
214706,2.715648
214768,3.665408
214927,0.065536
214939,0.261376
214942,0.84864
214967,2.082816
214991,3.52384
214994,3.052288
215142,3.11936
215195,0.053248
215257,0.282112
215288,0.914176
215293,24.737024
215362,0.254464
215363,0.884736
215365,1.89568
215834,0.549888
215897,7.793152
216193,0.098304
216207,1.144576
216245,5.780992
216305,2.672128
216350,0.255744
216493,6.312192
216685,0.454144
216749,1.78304
216968,0.049152
217076,0.066816
217094,1.680384
217106,1.938176
217162,0.289536
217268,0.016384
217332,0.020224
217462,0.054784
217514,0.918784
217533,0.214016
217535,1.272832
217628,0.109056
217693,3.796992
217742,35.013888
217863,0.392448
217982,0.007168
218003,0.258048
218138,0.051456
218307,1.42592
218375,0.774656
218519,0.019968
218538,3.065856
218540,7.426048
218657,0.196096
218700,0.320512
218896,5.1904
218961,0.071936
219075,3.474176
219094,1.174528
219096,2.376704
219123,2.29632
219275,10.230528
219424,0.63872
219432,2.557952
219493,6.037248
219505,1.284608
219599,5.206784
219677,0.051456
219691,1.503744
219704,0.923392
219762,0.386816
219767,1.023232
219833,0.03328
219888,0.004864
219916,1.648128
219973,1.602048
220021,0.121856
220115,1.117952
220118,1.651968
220206,0.017152
220253,0.278016
220315,1.07648
220333,0.148736
220405,0.171776
220604,0.050176
220674,0.077824
220694,0.537088
220760,0.360192
220823,1.00864
220824,1.526016
220903,0.090112
220911,0.205568
220996,6.564352
221228,0.135424
221294,1.455104
221316,0.350976
221406,0.4096
221472,0.062208
221610,0.192512
221755,0.494336
221893,4.243968
221898,2.371328
221920,2.9632
221947,0.025856
221995,0.034816
222037,0.001024
222054,0.238336
222122,12.013824
222242,2.443264
222285,0.013312
222351,0.88448
222367,2.716672
222448,0.08064
222546,10.190592
222571,1.21728
222631,0.084224
222706,0.70144
222788,0.101376
222990,0.298752
223008,0.079104
223093,22.78144
223114,6.9888
223151,3.788288
223270,0.537856
223330,0.00896
223343,4.806656
223404,0.099328
223441,0.960512
223517,0.013312
223553,1.133312
223616,0.23168
223629,0.302848
223674,0.333312
223700,0.69376
223737,0.092416
223746,2.405632
223765,1.833472
223769,3.050496
223771,2.63808
223865,0.016384
223893,0.06528
223900,0.114688
224039,0.021504
224061,1.05984
224097,0.092672
224205,0.030208
224220,0.523776
224256,99.719424
224293,22.047232
224361,5.597952
224432,0.132096
224435,2.510592
224455,0.385536
224517,3.359744
224533,0.771072
224534,1.3568
224610,2.820608
224682,0.12544
224711,0.105216
224837,0.0896
224868,0.115968
224906,2.347776
224940,0.042752
224957,0.967424
225031,0.058624
225042,0.032256
225207,0.320512
225210,1.953536
225296,0.804352
225325,0.283648
225339,0.05248
225377,1.75488
225388,8.11392
225493,2.669824
225496,2.950144
225816,0.16896
226013,5.119488
226131,0.044032
226354,0.106752
226467,0.014592
226497,3.567872
226578,0.552704
226583,1.25952
226693,6.3232
226755,3.724544
226901,0.338688
226939,0.69632
226994,2.800896
227288,0.220672
227297,2.78016
227307,1.32864
227395,2.962688
227488,0.06656
227523,3.305216
227525,1.247744
227599,0.571392
227644,0.014336
227647,0.121344
227737,0.026368
227762,0.259072
227822,1.615872
227990,1.011968
228005,10.18624
228088,0.0256
228107,3.392
228190,5.2352
228211,0.009984
228302,1.92
228308,7.264
228422,0.79232
228506,1.069824
228524,3.353344
228565,0.372736
228676,0.269568
228925,3.114752
228955,0.324608
229091,0.026112
229093,1.664768
229106,1.10336
229158,0.052736
229169,0.122112
229187,5.13152
229327,0.223744
229380,0.050944
229425,0.090624
229470,3.913216
229594,0.192
229678,4.379648
229792,3.4432
229878,0.228352
229918,2.569216
230127,3.421696
230230,0.073472
230261,0.020736
230293,25.763584
230314,1.220608
230450,0.02688
230460,0.080384
230474,0.111104
230527,1.55648
230530,0.092672
230671,15.853312
230899,1.51296
231493,4.6336
231507,4.21504
231532,0.196096
231595,1.51552
231635,2.295296
231695,3.20512
231715,2.40768
232093,0.045824
232097,5.151232
232126,1.408768
232288,0.065024
232331,0.420352
232377,1.603328
232464,0.2048
232539,0.937472
232699,0.716032
233057,0.256
233062,0.452096
233294,2.721536
233539,5.343744
233558,2.279168
233631,0.141312
233869,0.138752
233893,3.422208
233907,2.933504
233975,1.380096
234134,0.006912
234185,0.52992
234208,0.096512
234225,0.0192
234501,0.757504
234505,0.967168
234619,1.154816
234744,0.044032
234774,0.003072
234975,0.53632
235071,0.073472
235093,0.165376
235111,1.384448
235357,0.060672
235404,0.049664
235629,0.054272
235694,0.309248
235751,0.914688
235908,2.136064
235947,1.056512
235990,1.438464
236060,0.01536
236156,0.027904
236269,0.036352
236305,1.779712
236461,0.12416
236530,0.01152
236717,0.00768
236809,3.359488
236819,2.135808
236894,3.71584
236905,0.85376
237004,1.260288
237099,0.018944
237173,1.650176
237339,3.457792
237344,0.305664
237424,14.736128
237493,6.227712
237570,0.0192
237572,4.077824
237814,3.260416
237884,0.065792
238051,1.005824
238093,0.325888
238094,1.32736
238097,2.551296
238111,1.907712
238305,0.115968
238395,0.16384
238604,0.134912
238685,0.420608
238706,1.190656
238750,0.130048
238758,0.251904
238810,0.011776
238813,0.960768
238814,0.825088
238823,2.597632
238871,0.233984
238956,0.004864
239101,0.02176
239256,0.22016
239312,0.226816
239345,3.691008
239567,1.560576
239713,0.698624
239754,0.042496
239791,0.190208
239877,0.262656
239893,5.97888
240080,0.639232
240097,0.666624
240268,2.971392
240399,1.843456
240493,25.48352
240586,0.0448
240647,0.028672
240710,3.759104
240735,12.19968
240991,0.47616
241094,1.386752
241107,4.193792
241359,0.027136
241461,0.03328
241485,0.350208
241505,0.164096
241527,0.10112
241528,8.6016
241529,1.5616
241655,0.033024
241693,2.434048
241756,5.695232
241795,11.222528
241885,0.332032
241902,0.137472
241959,0.004352
242012,5.708288
242151,0.001024
242225,0.0256
242368,0.06912
242495,11.318784
242595,2.685696
242742,0.22528
242827,0.070656
242893,5.059328
242898,3.137792
243112,0.020992
243217,0.02048
243243,1.694208
243273,0.313344
243275,4.454144
243304,3.952896
243318,1.012224
243497,4.462848
243528,5.917952
243578,0.19456
243620,0.032768
243653,4.317696
243708,3.435264
243946,0.031744
243977,0.075264
244020,0.032
244059,0.100864
244094,0.91264
244099,0.498432
244286,0.717824
244305,0.727296
244495,0.519936
244584,2.661632
244683,4.262144
244693,4.147456
244742,0.011008
244749,1.42848
244934,0.51968
245044,2.510848
245128,0.932096
245131,1.330176
245205,0.35328
245206,1.07264
245207,0.961792
245294,0.315904
245306,3.365376
245459,1.05984
245513,0.1408
245587,1.417728
245682,1.350656
245705,0.214272
245725,0.292608
245778,2.1248
245780,2.785536
245893,3.090176
245899,2.548992
245915,1.353216
245995,0.272896
246158,0.056576
246216,0.022272
246428,1.475584
246488,0.11776
246506,0.272896
246507,3.349248
246660,2.533632
246662,0.444928
246726,3.301888
247093,0.494592
247114,2.221568
247117,0.015616
247193,0.017152
247223,0.1216
247234,0.079616
247282,0.735232
247335,0.04096
247361,32.955904
247476,0.023552
247486,0.115968
247674,0.006912
247693,0.020992
247777,0.03584
247916,0.05888
247937,0.323328
248241,0.179968
248293,4.342528
248314,2.642176
248348,0.26368
248405,0.527104
248463,0.099584
248487,0.175872
248517,0.593664
248592,0.174592
248771,0.012544
248781,0.493056
248869,0.258048
248893,0.01536
248906,2.004992
249361,0.131584
249493,1.541888
249506,4.8384
250155,0.026624
250165,0.408576
250272,0.02816
250303,0.064512
250360,0.820736
250454,0.874752
250470,0.835328
250572,0.801536
250587,1.030656
250651,1.157888
250694,1.550336
250704,1.069824
250707,1.757184
250735,0.280064
250997,0.584448
251142,0.101376
251296,5.602304
251330,0.580352
251331,3.8656
251367,10.049024
251390,1.898752
251436,0.227072
251546,2.187264
251640,1.070592
251647,0.837632
251793,0.122624
251897,15.809792
251953,0.05248
252054,0.062464
252160,0.046848
252162,1.813504
252294,16.236544
252493,25.813504
252618,0.552448
252706,0.191488
252938,0.111104
253094,0.647936
253105,0.600576
253288,0.03584
253367,0.010496
253396,0.068096
253554,2.205952
253672,0.018176
253693,6.352384
253749,5.874944
253990,0.286208
254186,0.13056
254353,0.095488
254506,4.04224
254606,3.066624
254750,0.11776
254858,18.208256
254893,5.784064
255109,0.010496
255320,0.069632
255471,0.336128
255493,0.178176
255541,0.165376
255580,0.066048
255669,0.869632
256074,1.178624
256093,0.175104
256183,0.962048
256308,0.012544
256406,0.010496
256714,0.054272
256768,0.297984
256769,1.18272
256976,1.543936
257130,0.024064
257296,4.978688
257357,1.007104
257360,0.841984
257363,0.075264
257401,5.033728
257652,0.16384
257665,0.542208
257828,0.63104
257893,2.805248
258006,2.774528
258130,0.01024
258217,2.71744
258367,6.585856
258493,14.01344
258514,2.445824
258572,0.15744
258608,0.903424
258833,0.000512
259097,3.755264
259381,7.630336
259429,3.610112
259573,0.100096
259694,0.795136
259704,14.185216
259976,0.006656
259982,0.057856
259986,0.3456
260086,0.16128
260105,4.27648
260164,0.091648
260293,3.6864
260415,2.720256
260421,0.790784
260466,1.235456
260641,2.72512
260655,2.489088
260893,25.644032
261196,0.00128
261212,0.039168
261493,3.63904
261494,0.434176
261792,0.025856
261920,11.290624
262097,1.54496
262106,0.40832
262587,0.036352
262616,4.434176
262696,4.333312
262806,0.003072
262999,12.635904
263293,1.821184
263297,1.00224
263339,0.021504
263841,0.22784
263844,0.064768
263893,0.080128
263905,1.15456
264235,1.349632
264362,0.01408
264493,3.12704
264685,4.13056
264773,1.779456
264863,0.207872
265055,1.66144
265093,2.82496
265096,0.0064
265105,1.610752
265231,0.466688
265259,0.570112
265312,0.06912
265457,3.88608
265481,2.767616
265541,0.100096
265693,6.313472
266065,3.115008
266299,0.844032
266355,0.034304
266480,0.332288
266490,0.909568
266511,1.92896
266584,1.943552
266659,0.250112
266714,0.11904
266791,0.020992
266906,2.454016
267200,0.027904
267222,0.444416
267325,0.017408
267377,0.276224
267435,0.267776
267493,0.568832
267496,3.913728
267566,0.16384
267802,0.168704
267852,0.009984
268033,2.51392
268093,14.616576
268296,0.90368
268693,0.551424
268697,5.24288
269128,0.042752
269205,2.76608
269293,6.15808
269295,0.364288
269340,0.104704
269661,0.017408
269893,0.699904
269894,6.241536
270058,0.337664
270494,3.705088
270497,2.528768
270789,0.045312
270969,0.042752
271093,0.329472
271214,0.08704
271382,0.02944
271574,0.245248
271694,2.845184
271745,0.018176
271747,0.849152
271915,2.006272
272002,0.030976
272052,0.205312
272285,0.065792
272293,0.089088
272311,1.631488
272479,0.425216
272589,0.238848
272704,0.310272
272893,4.04992
273105,0.013568
273453,0.2944
273553,30.47168
274027,0.015104
274042,0.038656
274075,1.39392
274093,14.121984
274632,0.167168
274668,0.035328
274693,1.453568
274996,0.030976
275172,0.051456
275244,0.122112
275292,12.228608
275307,1.649152
275504,0.248832
275536,99.079936
275544,59.121152
275551,29.53344
275558,11.899648
275568,16.881408
275583,6.956032
275608,72.195584
275616,43.958784
275690,0.12544
275778,0.04352
275891,0.21248
275893,2.758656
275925,1.728768
276023,0.0192
276217,0.038912
276404,99.704064
276493,25.752576
276749,0.1792
276806,0.470784
276836,0.593664
277094,1.95456
277197,0.08064
277216,0.048128
277463,0.035072
277507,5.283072
277693,0.251904
277694,0.03072
277715,0.333312
277741,5.463808
278103,0.329216
278299,4.716544
278444,0.143872
278816,1.238272
278831,1.209344
278893,1.902336
278899,0.563712
279117,0.285952
279158,0.043008
279185,0.43136
279208,0.13824
279266,0.041472
279440,0.008448
279500,0.498432
279527,2.548224
279717,2.552832
279908,0.366336
279966,0.099328
280007,0.031232
280094,0.022784
280099,2.12736
280209,0.1536
280237,0.018688
280256,0.009728
280279,0.080384
280693,22.35392
280856,4.525056
280933,0.238592
281167,0.154112
281203,0.037888
281293,1.101824
281620,0.065024
281677,3.211776
281687,0.378624
281724,5.580288
281837,0.93696
281852,0.571904
281897,15.816192
281992,0.043008
282000,0.081408
282185,0.081152
282308,0.027392
282379,0.020992
282388,0.050432
282423,0.047104
282449,17.272832
282506,0.579328
282592,0.036608
282703,0.04224
283032,6.08
283043,0.531712
283093,0.528896
283098,0.305152
283445,0.333824
283510,0.790272
283628,0.190208
283773,0.014848
283946,0.265472
284031,0.228608
284307,7.629568
284390,1.354752
284433,0.047872
284507,1.886464
284600,0.66176
284623,5.266944
284728,1.560576
284753,1.061632
284893,0.875776
284896,5.828352
284920,14.663168
285158,0.093184
285176,0.208896
285457,0.079872
285497,4.137984
285638,0.119296
285741,0.17152
285903,0.004096
285972,0.003072
286093,7.022592
286254,0.006656
286279,0.032768
286406,0.068608
286420,0.078592
286506,2.94784
286581,0.786432
286694,0.41728
286735,0.250624
286850,0.251904
287293,6.828032
287716,0.016384
287894,1.476352
287909,0.04992
288009,0.430336
288210,0.001024
288294,0.011776
288435,0.125184
288462,2.65472
288477,1.810944
288505,2.426112
288536,4.116992
288607,0.701184
288637,2.616064
288899,0.051456
289093,6.796032
289097,1.530112
289139,36.046848
289439,1.848832
289960,0.008448
290071,0.030464
290157,0.2944
290293,26.052864
290363,0.016896
290419,0.1344
290721,42.95424
290897,6.668544
291143,0.083456
291494,2.92736
291522,1.391616
291944,0.021248
292072,0.050688
292094,0.008192
292114,6.084608
292495,1.686528
292584,0.025344
292620,0.022272
292693,0.318208
292696,3.84128
292708,1.7728
293206,3.943168
293306,1.499136
293896,5.19168
294479,3.365632
294493,5.898752
294495,3.241216
294520,2.258944
294663,0.029696
295014,3.796224
295093,1.199616
295106,0.224256
295112,5.098752
295322,0.006912
295551,0.473344
295588,0.044288
295696,0.912384
295988,0.140288
296240,1.530112
296280,2.098944
296460,0.000768
296523,0.136704
296787,0.168704
296877,0.201216
296893,2.02624
297275,0.493312
297489,0.182784
297496,3.661312
297675,0.136448
297828,0.462848
297867,0.915456
298046,0.050944
298079,0.053504
298093,6.934784
298112,1.13024
298205,0.07424
298251,0.065536
298327,0.027648
298461,0.02816
298546,0.591616
298608,0.009984
298694,1.396736
298705,4.29312
298854,3.822592
298936,5.962496
299257,0.048384
299293,1.62176
299388,0.490752
299471,30.9888
299894,1.08928
299901,0.13312
300090,0.100864
300175,0.114688
300493,1.74464
300761,0.17024
300844,15.090944
301093,2.669824
301105,0.86144
301174,2.027776
301693,1.467648
301705,2.856704
301874,0.821504
301967,0.026112
302143,4.727296
302144,0.665856
302145,2.804224
302149,2.199808
302294,1.441536
302295,3.702784
302517,7.17568
302670,0.06656
302809,1.463808
302896,5.230592
302906,0.1344
303106,0.035584
303145,0.29952
303322,0.04096
303493,2.443008
303505,0.445696
303764,7.564032
303808,0.034304
303828,0.024832
303846,0.27392
304093,1.196288
304111,1.232896
304361,2.441472
304386,2.834176
304422,0.282624
304462,0.045312
304584,2.875136
304639,0.016384
304693,2.148352
304952,0.217088
305021,2.655744
305293,7.260416
305372,0.013056
305623,17.304832
305648,17.807872
305716,3.891968
305893,3.030784
305976,0.954368
306117,0.029952
306313,0.0384
306354,0.306688
306493,3.210496
306550,0.061696
306610,0.002816
306626,0.111104
306712,0.019456
306821,0.939008
306913,0.042496
306923,0.005376
307093,3.679744
307253,0.003328
307275,0.207104
307572,0.0192
307656,0.37248
307683,23.0016
307721,2.352896
307746,2.569472
307983,0.064
308293,0.708608
308307,0.478976
308310,4.227072
308528,1.961984
308530,2.529536
308734,0.386304
308902,0.4288
308967,0.40576
309026,0.061952
309314,0.015616
309424,0.033792
309483,1.2352
309497,2.983936
309709,0.25984
309780,0.063488
309889,6.303232
310071,4.077568
310094,1.528832
310174,0.026112
310355,0.007936
310421,0.011264
310531,0.141056
310693,2.080256
310697,4.250112
310795,27.65312
311183,0.072448
311294,9.073152
311456,0.916992
311485,0.036352
311897,6.346752
311976,0.153344
312031,0.004608
312206,0.391168
312494,1.737984
312497,13.889536
312553,0.389888
312860,0.007424
313083,0.027392
313093,23.235072
313233,0.060928
313301,99.53536
313479,0.080896
313560,0.003584
313694,3.957504
313773,0.040704
313938,6.37696
314137,2.799104
314210,0.062976
314293,0.417024
314294,7.039232
314630,0.170496
314762,0.012544
314834,1.252608
314902,0.762368
315048,0.002048
315090,0.00128
315497,1.107968
315507,5.080064
315606,5.381632
315669,0.019456
315921,0.005888
315983,0.008448
316028,1.898752
316093,11.254528
316105,0.915456
316230,0.00128
316419,3.0848
316520,0.021248
316697,1.211648
316734,0.0576
316789,0.029184
316804,0.052992
316845,4.594176
316982,0.062976
317293,24.844544
317356,0.040192
317897,6.679296
318032,0.044032
318493,7.0464
318497,3.760128
318588,0.04096
318735,0.00768
318784,0.018944
319093,0.195328
319176,0.106752
319405,5.984256
319603,0.004608
319691,0.048896
319697,0.841472
319706,2.196224
319975,0.005888
320037,0.028928
320074,1.096704
320293,10.60608
320604,1.26464
320893,2.830336
320896,2.311936
321129,0.01152
321226,1.627904
321294,14.29888
321377,0.591616
321486,3.62752
321729,0.178944
321736,2.739968
321754,4.605952
322088,17.68192
322111,3.652352
322407,0.075008
322447,9.209856
322582,0.048384
323085,0.012288
323132,0.023296
323293,27.189504
323893,1.96352
323903,0.44032
324121,0.328192
324167,0.600576
324180,0.018944
324200,0.066048
324270,2.33088
324493,7.513088
324495,0.207616
324927,0.030208
324952,0.09728
325007,1.282816
325093,0.177664
325127,1.62432
325226,6.754304
325694,0.217088
325701,2.990336
325805,1.02656
325922,6.624
326025,0.151552
326110,0.315904
326281,0.507648
326308,0.189184
326608,0.240128
326835,0.781312
326897,8.939008
327136,0.007936
327223,0.11392
327307,1.217536
327494,3.396096
328022,5.8304
328048,1.46944
328106,1.485568
328315,0.020224
328415,0.299776
328469,0.041472
328575,0.004096
329294,2.846976
329301,0.627968
329484,0.020224
329894,2.346752
329948,2.145536
330101,0.015104
330257,0.360704
330390,0.026112
330484,0.111104
330509,0.45568
330525,26.079488
330535,37.102848
330620,2.03648
330701,0.362752
330817,0.028928
330897,0.155648
330913,0.12032
331093,1.549568
331111,5.310464
331531,0.001536
331573,7.724288
331689,0.023296
331694,3.185408
331707,0.34176
331858,0.282112
332191,3.097856
332293,15.817984
332459,0.50304
332506,0.019968
332756,0.000512
333405,0.00896
333493,15.620608
333695,4.571136
333808,0.104704
334034,0.104448
334058,0.1536
334293,1.05728
334297,2.092544
334454,0.058368
334467,0.144128
334532,0.164096
334689,1.805568
334693,4.98432
334705,0.980736
334825,0.051968
334950,0.067328
335294,1.818368
335382,0.073728
335402,0.116736
335586,0.000256
335619,0.060928
335775,3.667712
335855,1.152256
335898,1.023744
336028,0.11904
336076,0.018176
336106,0.423168
336125,0.897536
336143,0.156416
336192,0.324864
336232,0.380928
336246,0.494848
336336,0.920832
336341,0.574464
336396,1.1968
336431,0.182528
336465,0.203776
336484,0.42624
336510,0.497408
336542,0.26624
336607,0.029184
336680,0.887552
336740,0.908288
336847,0.05888
336863,0.486144
336867,0.216064
336942,0.27648
337042,0.576512
337094,1.938944
337097,5.05344
337153,0.00256
337177,0.895744
337249,0.7936
337313,0.031232
337317,0.259072
337367,0.414976
337395,0.20992
337419,0.599552
337500,0.1792
337513,0.10368
337531,0.540416
337551,6.205696
337642,0.081408
337707,1.22624
337813,0.545024
337853,1.44128
337877,0.003584
337911,0.036864
337922,6.59968
337957,0.65792
337985,0.038656
338083,0.038912
338148,3.082496
338207,0.1664
338249,2.333184
338294,0.801792
338341,0.008448
338361,0.835328
338461,1.481984
338479,0.117504
338505,0.364544
338513,0.036352
338551,0.544768
338571,0.847872
338606,0.266752
338626,0.359168
338630,0.133888
338661,0.603648
338692,2.333696
338708,0.048384
338731,0.14976
338741,0.032
338784,1.204224
338788,0.312064
338826,0.370688
338894,2.607872
338992,5.727232
339015,1.7472
339088,0.369664
339133,0.049152
339138,0.41856
339162,0.270848
339181,0.456448
339193,0.378112
339250,0.035584
339290,0.308736
339400,0.17024
339477,0.407296
339498,5.666048
339528,0.293888
339601,0.165632
339605,0.071936
339612,0.99712
339641,0.20864
339671,4.721408
339734,1.00608
339741,0.469248
339788,1.34528
339840,0.385536
339885,0.2944
339900,1.666816
339935,1.420544
339960,0.314368
339961,14.853888
340014,0.123648
340029,1.454592
340055,2.329344
340077,0.16896
340157,0.723712
340264,0.13312
340328,0.152832
340368,0.565504
340373,0.043264
340438,0.228608
340517,0.02944
340538,2.596096
340548,1.462272
340577,1.303296
340693,0.415232
340706,0.186112
340726,0.031744
340799,1.954048
340859,0.019968
340908,0.10112
340943,0.05376
340952,7.04128
340953,3.868672
341022,0.349184
341043,0.067072
341164,0.274944
341214,7.418368
341255,0.116736
341329,0.042496
341352,1.856256
341383,3.442688
341426,5.083136
341497,0.028672
341545,1.223936
341621,0.371712
341645,0.140032
341857,0.5632
341888,1.162752
341893,0.109824
341905,1.714432
342025,0.819456
342042,0.058112
342081,1.853184
342112,0.290048
342140,0.107264
342178,0.222464
342223,0.00384
342263,0.600832
342283,0.610816
342304,0.566272
342489,0.096256
342493,1.392128
342506,0.999936
342584,0.766208
342599,15.63648
342716,0.51328
342735,4.365312
342752,0.176128
342803,0.064768
342865,0.059904
342966,0.03584
343041,0.622336
343070,1.457152
343103,0.45312
343191,0.588288
343406,0.000512
343438,0.063232
343482,3.020288
343537,2.206976
343574,0.081664
343588,0.122368
343622,0.400384
343653,0.332032
343656,8.072704
343670,1.906176
343693,2.25152
343735,0.200448
343766,3.056128
343776,0.464128
343780,5.249536
343849,0.471808
343939,2.42048
344048,2.523392
344064,0.238336
344113,0.155904
344135,0.110848
344175,0.03072
344193,0.10112
344213,0.134144
344236,0.01408
344261,0.206592
344268,0.98304
344297,2.590976
344305,2.431744
344385,0.941056
344496,0.047616
344524,0.151296
344612,0.904448
344627,0.02688
344646,0.81152
344738,0.013824
344789,0.04352
344816,0.519936
344865,4.77824
344905,0.000512
344906,0.830464
344964,0.063232
345100,1.170688
345159,0.562432
345201,1.031936
345220,0.01792
345232,0.196352
345319,0.386304
345382,0.502528
345391,0.435968
345430,0.003328
345442,0.165888
345496,6.638592
345524,2.442752
345558,1.104128
345571,0.78208
345638,0.251136
345672,0.03584
345690,1.544192
345756,0.256256
345765,0.04864
345772,0.261376
345795,2.209024
345908,0.194048
345964,0.397568
346004,0.146688
346064,0.212736
346082,0.18048
346186,0.426752
346248,0.735488
346375,0.004096
346384,0.061184
346386,0.662272
346466,0.055296
346524,0.285184
346553,0.163072
346590,0.094976
346599,1.302528
346677,0.238592
346693,23.207936
346753,0.10112
346829,3.185408
346850,0.723712
346852,0.080384
346865,0.265216
346926,0.25984
347012,0.006912
347114,0.294912
347130,0.029696
347151,0.19072
347176,0.69888
347184,0.781824
347297,1.420032
347350,0.814336
347377,1.336064
347469,0.323584
347470,0.6336
347501,0.160768
347530,0.549888
347564,0.332544
347575,0.9152
347656,2.952448
347658,2.705152
347706,0.114944
347717,0.402176
347757,0.195584
347769,0.635648
347789,1.901056
347851,0.05632
347894,0.90112
347899,0.583424
347988,0.063488
348129,0.52864
348141,0.153856
348166,0.778496
348185,1.024256
348262,0.195584
348296,0.041728
348338,1.744128
348435,0.302592
348476,0.10752
348505,0.964864
348585,1.017088
348607,0.570624
348644,0.86272
348744,0.063232
348792,3.417344
348843,0.211712
348871,0.427264
348887,0.1216
348897,1.000448
348913,0.306944
348930,0.345088
348958,0.116992
348977,1.669888
348981,0.443648
349024,0.111104
349042,0.375552
349069,0.36992
349073,0.023808
349109,0.5696
349146,1.307648
349168,0.019456
349253,0.242176
349287,2.348032
349329,0.066304
349361,0.502016
349383,0.077824
349464,0.01536
349516,0.603136
349542,1.079296
349654,0.050432
349677,0.015872
349693,7.227904
349741,37.284096
349762,5.05216
349815,0.249088
349870,0.716032
349917,0.124672
349926,0.238592
349948,0.106752
350005,0.007168
350057,0.214272
350153,3.268096
350208,1.056256
350273,0.232704
350343,0.261632
350384,0.655872
350507,0.823552
350605,0.28544
350618,0.13696
350649,0.132096
350680,0.559616
350696,0.7104
350744,0.159488
350792,0.699392
350812,0.037376
350822,0.613376
350897,9.214208
350973,0.120832
351002,7.575296
351005,4.69504
351112,0.157696
351151,1.418752
351200,0.650496
351221,2.90688
351296,0.215296
351298,0.741632
351500,0.88576
351513,3.821312
351712,100.018944
351817,2.379776
351854,1.131008
351875,2.892544
351923,0.076544
351958,1.418496
351997,0.153856
352003,0.94848
352040,0.227072
352057,0.436992
352093,0.509696
352094,0.029696
352095,3.219456
352163,0.204288
352290,0.328704
352422,0.995328
352435,0.230656
352596,0.185088
352625,0.215296
352685,0.448768
352689,0.274688
352712,0.805632
352768,0.268032
352807,0.025088
352842,0.292096
352883,0.466688
352906,0.991232
352930,0.192
352963,0.109568
352985,0.584448
353022,1.043456
353079,0.185856
353141,0.551936
353251,0.112896
353276,0.083456
353293,3.170304
353343,0.009472
353382,0.550656
353400,2.94528
353417,2.39616
353470,0.069376
353496,2.545152
353566,0.001024
353681,0.052736
353723,0.040192
353778,4.852992
353896,7.032832
353942,0.438528
354009,0.00512
354141,0.870144
354193,0.269312
354289,0.131072
354393,0.795904
354507,0.754944
354675,0.426496
354713,0.305408
354815,0.064
355029,0.004352
355056,0.027136
355096,7.612672
355290,0.109824
355352,0.477184
355369,0.209152
355395,0.112896
355402,0.916992
355430,17.24416
355473,0.382464
355547,12.514304
355615,0.161536
355630,1.46048
355689,0.142592
355703,7.842816
355745,0.098816
355775,0.156928
355944,16.978432
355996,0.608768
356029,1.029376
356114,0.017152
356130,0.018176
356214,0.335616
356236,2.068992
356305,2.102528
356362,1.190656
356411,2.670592
356462,0.095232
356527,0.374272
356543,0.073472
356577,0.58496
356594,1.789696
356628,1.167104
356649,3.628544
356671,2.07232
356714,0.10368
356807,0.461568
356848,0.259072
356882,0.712448
356897,17.154048
356972,0.823808
356994,0.92288
356999,1.446656
357014,18.950912
357019,84.46336
357213,0.10752
357408,0.108544
357494,2.972416
357497,13.584896
357671,0.274432
357725,0.004608
357920,0.064512
357958,0.02176
357988,1.652736
358041,0.036608
358086,0.285952
358099,0.077312
358106,5.618432
358268,0.006144
358372,0.006656
358394,0.09344
358398,0.287232
358542,19.518976
358544,3.815424
358629,0.018944
358670,0.017664
358693,8.17408
358820,0.091904
358885,0.034816
358914,2.536192
358932,0.667136
358998,1.168128
359029,0.18176
359067,0.25856
359100,1.030144
359152,0.00896
359154,0.03456
359305,1.154816
359352,2.67648
359396,0.332032
359451,0.3328
359482,1.443584
359501,4.241152
359620,0.098048
359726,1.407744
359739,0.5504
359782,3.324672
359810,0.260608
359814,0.144128
359840,99.275264
359894,5.294592
359984,0.097536
360000,0.499456
360060,0.795904
360099,1.1008
360130,0.356352
360294,0.561408
360313,0.330752
360361,0.48896
360377,1.097984
360427,0.05632
360493,0.17152
360496,7.268352
360544,0.066304
360577,0.120832
360594,0.077312
360652,0.428288
360709,0.012032
360710,0.269568
360789,0.261632
360827,0.315136
360840,0.65152
360890,0.155136
360935,1.150976
361098,7.20896
361100,1.312512
361143,0.125184
361189,0.607744
361200,0.512256
361371,0.028672
361556,0.375296
361618,1.225472
361722,0.17536
361735,0.088832
361797,0.753152
361875,1.808128
361893,0.20992
361964,0.84608
362088,1.574912
362202,0.024576
362266,0.141312
362307,3.415296
362317,8.12032
362484,0.14208
362551,1.096448
362588,0.174336
362637,0.001792
362738,0.866304
362782,0.5312
362839,0.901632
362896,7.495936
362994,4.531712
363045,0.851712
363106,0.284416
363272,0.01664
363280,0.33024
363321,0.731392
363373,0.06016
363429,0.267264
363454,0.082944
363493,4.878336
363496,2.839552
363532,0.044544
363615,4.359168
363722,0.016128
363729,0.018432
363905,0.3136
364048,0.334592
364106,2.500352
364154,0.10752
364218,0.307456
364455,0.744448
364549,0.401664
364586,0.075776
364663,0.485888
364671,0.122368
364693,7.78624
364712,0.086784
364788,0.41088
364824,0.171008
364881,0.59264
364930,0.586752
364944,0.705024
365021,0.50816
365076,0.014336
365211,0.03456
365298,0.863744
365322,0.122624
365381,0.515328
365465,0.616192
365532,0.761088
365624,0.000768
365651,0.143872
365686,0.054528
365705,0.194048
365718,0.633088
365744,1.077248
365813,0.111872
365893,1.797888
365913,1.395968
366169,0.014848
366176,0.011264
366196,0.017152
366207,0.099584
366258,0.325888
366285,0.685312
366316,0.210176
366326,0.011008
366345,0.022016
366365,0.030464
366371,3.072
366462,2.985216
366493,4.986624
366567,0.206336
366600,0.006656
366642,0.924928
366708,0.466944
366914,1.112576
366972,0.110592
366998,0.043776
367055,0.054784
367093,1.48352
367187,20.822016
367482,1.623296
367541,0.028928
367621,2.034944
367848,1.299456
368017,0.101376
368022,5.44512
368275,1.187584
368293,0.557568
368297,4.987136
368367,0.140544
368437,1.329152
368567,0.439808
368573,2.208256
368658,26.008832
368780,0.036096
368830,0.077056
368893,4.762624
368949,0.018944
369317,2.070784
369348,2.480896
369488,3.899648
369499,3.960576
369593,0.013568
369775,0.155392
369891,2.259456
369904,0.681984
370083,0.026624
370096,6.612736
370350,0.653056
370360,1.046528
370368,0.547072
370450,2.476032
370694,2.056192
370707,0.296192
370712,2.6176
370835,0.049664
370996,0.015872
371129,0.018432
371223,0.040448
371293,23.798528
371470,0.07168
371546,0.04096
371744,0.093952
371894,1.77664
372137,22498.902528
372416,0.141056
372493,28.055296
372677,0.299008
372722,1.469952
372796,0.00512
372798,4.290048
372883,0.003072
373094,0.98304
373098,0.062976
373105,0.583168
373259,99.789056
373348,17.063936
373437,0.574976
373546,12.167424
373693,7.377152
374121,0.007168
374135,0.617728
374207,0.948992
374306,1.028864
374370,0.013056
374406,0.012288
374450,0.001536
374466,0.349952
374488,2.25152
374618,0.028672
374653,5.87008
374866,0.32896
374893,15.67616
375068,0.294144
375096,0.366848
375222,2.3296
375242,0.142592
375506,2.377984
375545,7.52
375661,0.180992
375678,0.052992
375766,0.524288
375811,0.153088
375929,0.029952
375992,0.0192
376099,1.54368
376169,4.61184
376206,1.116672
376393,0.10112
376453,100.062208
376496,97.47968
376498,46.758912
376596,0.07168
376694,1.083392
376706,0.267776
376847,0.054528
376899,0.092928
377130,0.461824
377185,0.364544
377258,2.360064
377297,9.062656
377669,0.001024
377676,0.0064
377750,0.013568
377974,0.080384
378111,0.098048
378199,3.489536
378453,0.005888
378497,1.125888
378510,99.13984
378624,0.050688
378850,2.130944
378977,12.167936
378980,4.519168
378985,85.074432
379093,1.490176
379108,2.033152
379164,0.366848
379201,0.09728
379303,0.005632
379312,0.016128
379334,0.006912
379370,0.306176
379603,0.017408
379694,2.914816
379863,1.837824
379891,23.549952
380173,0.172032
380247,0.013312
380306,1.589248
380438,2.512896
380663,0.011264
380730,0.12672
380770,0.438784
380851,1.148928
380908,7.148544
381142,0.87552
381242,0.090368
381329,0.128768
381493,2.635776
381497,13.519872
381558,0.023296
381653,3.77216
381693,23.24864
382013,0.065792
382082,0.0064
382097,9.286144
382251,2.925312
382460,0.0768
382693,7.912704
382778,0.004608
382841,0.040448
382849,0.2432
382920,0.004352
382965,2.43712
383015,0.33152
383143,0.102656
383233,0.298752
383251,0.01792
383295,1.820672
383383,0.046336
383385,2.948608
383870,0.003584
383873,99.4048
384092,0.211712
384437,0.02944
384508,3.53408
384774,0.056064
384805,0.064256
384812,0.795648
384892,0.012032
384950,0.175616
385096,6.694912
385251,0.078592
385264,0.202752
385321,0.029696
385408,0.537088
385468,0.001536
385550,1.650176
385551,0.589568
385654,0.014336
385693,1.095168
385703,17.718016
386249,0.248576
386283,0.021504
386293,7.597568
386297,0.415744
386393,3.3792
386701,0.064512
386897,1.569792
387029,0.006912
387040,0.285696
387131,0.211712
387493,0.919552
387497,0.564224
387553,0.092672
387669,0.278528
387849,0.115456
387888,0.36992
388093,0.027904
388097,1.363712
388112,0.644608
388194,0.018944
388199,0.504064
388335,0.527872
388461,0.098048
388494,0.121856
388545,7.944448
388662,0.077568
388697,1.603072
388785,0.041216
388983,0.103168
389294,0.75136
389297,0.709888
389385,0.00768
389422,0.122368
389563,0.07808
389601,0.520448
389637,0.894208
389705,3.323904
389707,7.673856
389713,6.72128
389859,0.006912
389899,8.1344
389949,0.486912
389957,0.359168
390120,1.616128
390135,3.252736
390327,0.02176
390332,5.290752
390507,7.530752
390624,0.345344
390679,0.101376
390719,0.162304
390809,0.08704
390825,0.014848
390995,2.061568
391027,8.8896
391110,2.593024
391133,1.755136
391155,0.425216
391195,0.105216
391207,4.154112
391278,3.45728
391294,2.171904
391525,0.13184
391574,0.198144
391628,0.272128
391693,0.09088
391711,0.144384
391794,0.136192
391857,0.444416
391867,0.519936
391880,0.298752
391940,1.061376
392217,1.00864
392270,1.014016
392287,0.02048
392306,1.264384
392436,0.274176
392446,0.946688
392474,1.07392
392667,7.576064
392720,0.661504
392791,0.065536
392907,0.872704
393002,0.092928
393019,0.258304
393036,5.587456
393150,0.058112
393187,0.5376
393290,0.178688
393311,0.704
393363,0.24192
393367,0.0704
393449,0.982272
393453,0.629248
393492,0.673792
393497,6.740736
393555,0.806144
393563,98.83264
393612,2.973184
393634,2.487552
393796,1.531136
393797,0.471808
393816,1.244416
393826,2.779904
393898,0.03072
393900,0.871424
394042,0.396288
394065,0.116224
394105,1.136128
394126,0.666112
394183,0.265472
394260,0.367872
394278,0.693248
394302,0.57728
394316,0.005632
394422,0.008192
394432,0.161536
394470,0.189696
394492,0.235776
394532,0.102656
394553,0.233728
394568,0.319744
394582,0.88704
394620,0.695296
394697,1.190912
394817,0.038912
394856,0.08192
394909,0.96768
394966,0.9088
394979,3.651328
395109,0.172032
395122,0.775424
395235,0.2048
395255,0.457984
395292,0.37632
395294,3.1552
395297,0.327936
395306,0.192768
395416,0.397824
395441,0.179968
395487,0.677632
395689,0.213248
395757,0.027648
395797,2.923008
395849,0.954624
395894,3.306496
395970,3.255296
395996,1.801472
396033,0.53504
396049,0.391936
396069,0.180992
396208,0.054016
396247,0.1152
396375,0.047104
396446,0.152576
396525,0.744704
396546,0.930304
396550,1.92896
396607,0.5376
396627,0.059648
396651,0.145664
396762,3.078656
396841,1.423616
396865,0.08064
396971,0.567808
397042,0.254464
397075,0.782848
397097,8.956672
397136,2.94784
397190,0.096512
397228,0.221696
397310,2.503424
397320,2.621952
397363,6.258944
397483,0.50944
397541,0.373504
397585,0.048384
397596,0.001024
397694,2.833408
397705,0.822272
397744,100.884992
397752,58.348288
397895,0.095744
397903,0.569088
397936,0.27904
397973,0.231168
398018,0.2048
398091,0.111616
398147,0.163584
398148,0.280832
398186,2.169344
398293,4.129536
398330,0.835584
398391,1.200896
398406,0.108032
398561,0.134144
398581,0.438272
398714,0.086016
398744,0.635392
398819,0.2816
398875,0.8512
398891,0.059392
398906,2.236928
398948,1.045248
399155,1.3952
399278,0.11904
399360,0.046592
399493,3.710976
399498,0.517632
399670,3.808256
399803,0.026112
400010,0.217088
400105,1.273088
400138,0.337152
400150,0.041728
400579,0.01792
400602,0.29312
400628,0.142592
400697,9.318912
401001,0.71808
401082,1.275648
401083,0.780544
401196,0.10624
401199,0.644864
401249,0.248832
401294,3.70048
401297,3.400704
401579,0.07296
401820,0.585728
401870,2.443264
401893,8.625664
402203,5.695488
402446,0.020224
402495,7.23072
402894,0.036608
402899,0.032768
402907,0.012032
402942,99.1552
403001,1.172736
403197,0.414464
403199,4.099328
403304,0.118528
403324,0.022272
403703,15.50976
403757,1.050112
403871,0.069376
404293,1.383936
404307,1.4464
404839,0.009472
404899,0.670208
404913,2.024704
405042,6.242816
405496,0.341504
405890,0.04096
405962,0.06784
406084,0.140544
406097,1.604096
406102,4.027136
406320,0.04992
406406,0.237824
406626,0.022272
406694,1.048064
406943,23.727872
407206,0.010496
407280,0.04992
407300,0.218112
407305,0.16128
407310,0.304384
407365,0.159232
407478,0.060928
407479,6.030336
407541,0.264192
407660,0.16512
407897,16.695552
408247,0.021504
408310,0.007168
408503,1.63584
408699,0.038912
408835,0.007424
408950,0.008192
409062,5.711872
409093,3.308032
409107,2.99776
409173,0.12416
409300,0.018432
409345,0.008192
409781,1.91232
409853,2.091008
409870,0.594944
409938,0.024832
409970,0.011776
409980,0.311296
410138,0.257024
410139,5.211392
410184,0.07168
410230,0.052992
410270,0.077312
410294,3.352832
410561,0.04352
410871,0.038656
410893,7.755264
411009,0.429568
411011,15.995136
411349,0.393216
411407,1.848576
411438,0.241152
411496,5.976064
411545,0.396544
411590,17.071616
411643,0.023296
411653,0.682496
411801,0.216576
411834,0.391424
411896,0.083968
411985,0.192768
411990,0.465664
412014,0.427776
412113,2.25024
412202,0.38656
412407,0.013824
412591,0.089856
412693,1.436416
412744,0.011776
412786,0.026112
412797,0.055552
412844,0.648448
412889,0.058368
412907,1.182976
413074,0.400384
413115,0.086528
413179,0.027392
413196,0.08192
413239,0.139776
413270,1.67296
413296,1.700096
413326,0.030976
413486,0.053504
413871,1.82272
413888,1.882624
413895,2.658304
413915,3.020032
414035,0.07936
414059,0.082944
414131,0.22144
414179,0.159744
414222,1.640448
414338,0.038656
414364,0.050176
414441,0.27392
414445,4.672768
414497,5.982208
414598,0.002816
414607,0.487168
414694,4.413696
414711,2.788864
414804,0.10752
415088,0.0512
415093,8.022784
415095,1.57056
415111,0.35712
415290,0.053248
415372,0.132608
415494,1.728
415700,0.665344
415705,0.896
415741,18.784768
415809,0.06016
415909,0.337152
416099,0.009472
416205,0.03584
416285,0.708352
416305,0.092416
416683,0.085504
416811,0.069632
416893,2.087168
417091,0.117504
417121,0.683264
417161,1.78688
417251,0.448256
417493,0.444416
417496,6.476544
417550,0.02048
417670,11.599616
417767,0.228096
417951,0.336896
418003,0.160256
418034,0.010752
418093,3.286528
418124,1.6064
418272,0.00768
418469,0.048896
418706,1.417984
418781,0.922112
418901,0.009984
418972,100.094464
419112,0.237568
419183,0.223744
419293,4.851456
419298,1.846272
419364,0.199168
419600,0.607232
419617,0.564224
419897,1.36448
419907,1.0368
419948,0.019456
420002,0.035328
420045,0.030208
420135,0.476928
420166,0.09856
420234,0.092672
420311,0.148224
420351,0.079616
420462,0.338688
420483,0.520192
420493,14.947584
420497,3.720192
420569,0.028672
420632,0.132608
420653,0.064256
420765,0.023808
420806,3.027968
420846,14.906368
420879,1.185024
421002,0.329472
421081,0.118784
421097,7.301632
421258,2.121216
421345,0.018944
421547,17.41824
421676,0.067584
421762,1.395456
421879,0.129792
422145,0.163072
422207,0.004096
422305,0.790272
422353,0.070912
422395,0.986368
422449,0.265472
422548,0.021248
422612,0.066048
422894,0.165632
422906,0.470016
423191,0.072448
423281,0.008704
423396,0.015872
423423,0.364288
423493,7.798272
423500,94.409728
423510,61.787392
423659,0.017152
423800,0.2304
423958,0.050944
424032,0.713216
424180,0.03072
424214,0.21632
424269,0.345856
424296,1.466368
424527,0.206592
424564,2.463488
424653,0.075776
424693,2.130432
424839,0.300544
424862,0.225536
424888,0.121856
424970,0.033024
424983,4.385024
425051,0.00768
425299,0.575744
425306,0.452608
425436,0.246528
425623,0.063744
425641,0.257792
425654,0.561408
425698,0.044544
425736,0.24448
425894,1.857536
425905,0.630528
425997,0.12288
426063,0.704512
426098,0.001024
426124,0.003072
426222,0.127744
426239,0.019712
426270,1.595904
426366,0.062976
426468,0.17792
426508,4.49408
426632,0.237312
426753,0.13696
426857,1.031424
427335,1.279232
427421,0.15872
427489,0.04864
427575,0.073472
427578,3.821312
427694,2.997248
427741,26.486272
427856,0.029952
427940,0.006144
428119,0.780288
428215,0.031232
428297,24.62336
428893,7.924992
428898,5.56416
429088,0.358912
429255,0.184832
429470,8.547072
429501,0.945152
429561,0.165376
429600,1.487616
429752,0.221184
430157,0.153856
430266,0.208128
430275,0.16128
430349,0.103168
430387,1.326592
430491,0.080896
430494,1.407488
430538,0.860672
430605,0.489728
430694,1.033728
430717,0.071936
430877,0.073216
431033,0.44672
431070,0.154368
431100,0.080128
431210,0.095488
431293,0.558592
431294,0.041472
431295,5.124608
431600,0.225024
431626,0.1344
431755,0.055296
431805,0.343552
431907,1.075968
432054,1.165824
432289,0.038912
432370,0.330496
432417,0.072192
432488,0.231168
432493,2.692096
432497,1.226496
432568,0.262912
432628,0.164864
432672,0.49664
432768,0.68224
432881,0.390144
432947,0.281088
432964,0.026368
432977,0.229632
433082,0.992256
433096,4.248064
433099,1.398528
433189,0.0384
433217,0.009472
433257,0.853248
433261,1.097472
433518,0.222208
433542,0.021248
433579,0.004096
433729,0.00512
433770,0.32
433778,0.33152
433943,0.48512
433986,0.787968
434102,0.003584
434156,0.200448
434264,0.279808
434294,0.89088
434297,6.217472
434504,0.082944
434516,0.007424
434534,0.398592
434668,0.34944
434788,0.308992
434805,0.17664
434894,0.04352
434905,0.128768
434925,5.467648
435231,0.511232
435327,0.080384
435462,0.146944
435494,0.039936
435498,2.356224
435829,0.182272
436028,0.109056
436106,0.761088
436107,5.842944
436196,0.121344
436223,0.20608
436305,0.147456
436307,1.211392
436346,0.016128
436349,5.453056
436437,0.020224
436457,0.710144
436496,0.16384
436600,0.737792
436694,4.672768
436742,0.199424
436792,5.508096
436958,0.19712
437070,0.455424
437127,0.314112
437150,0.0384
437294,2.509056
437305,0.833536
437356,0.262656
437397,0.425984
437412,0.38016
437459,0.005376
437510,0.0576
437618,0.0064
437812,0.14336
437866,0.0576
437905,0.419072
437906,0.054016
437947,1.294848
438009,0.254976
438267,0.296192
438609,0.487168
438625,0.18048
438699,0.415232
438741,0.200448
438787,0.078592
438843,0.081152
438867,0.060928
438950,0.47104
439035,2.856448
439096,8.101632
439152,0.129536
439196,0.888064
439368,0.641792
439473,0.064
439648,0.045568
439659,0.027136
439814,0.215808
440263,0.787968
440307,1.645824
440361,0.221952
440378,0.614912
440446,0.240384
440490,6.0224
440583,1.27488
440617,0.07424
440630,0.372992
440678,0.065024
440894,2.248192
440927,0.287744
440964,0.02816
440980,0.142336
441034,0.479232
441268,0.031488
441278,0.12544
441381,0.077568
441507,0.917248
441586,2.852096
441702,0.154368
441750,0.06528
441823,0.020992
442028,0.073472
442093,27.622656
442174,0.063488
442326,0.06016
442459,3.12192
442553,0.3712
442693,1.176576
442699,0.603904
442817,0.112896
442912,0.175616
442958,0.025344
443003,0.116224
443009,0.76544
443042,1.100288
443112,0.31488
443213,0.394752
443232,2.774784
443273,0.076288
443456,0.01792
443506,0.727808
443599,0.53376
443686,0.084224
443826,0.143872
443893,0.890112
443894,1.053184
443895,2.213632
444109,0.539904
444121,0.01024
444236,0.057088
444248,0.175104
444347,0.164096
444370,0.011008
444493,3.905536
444535,0.274688
444604,0.370944
444845,0.934912
444999,20.025344
445636,0.032256
445749,5.702656
446002,0.074496
446108,0.023552
446165,0.529152
446293,2.857984
446297,15.263488
446458,0.419072
446584,0.24832
446777,0.00256
446789,1.723904
446812,0.00128
446893,0.025344
446915,4.384768
447375,0.160768
447507,2.3104
447767,0.00256
447978,0.011008
448392,0.425216
448705,0.958208
448923,0.02944
449012,0.080384
449233,0.020224
449294,2.220288
449352,0.046848
449448,0.020992
449623,0.08576
449830,1.26208
449893,1.343232
449909,2.039296
450494,1.467392
450511,2.465792
450576,1.956608
451040,0.090368
451058,0.002304
451093,1.191936
451199,0.022016
451308,0.100864
451361,0.005376
451684,0.029696
451693,0.392704
451697,0.269312
451706,0.872704
451860,0.341248
451919,0.2944
451932,5.733632
452212,0.104704
452293,23.552256
452385,0.003072
452593,0.114432
452663,7.881984
452899,2.4128
453226,0.159744
453240,1.223424
453255,3.44576
453377,0.00256
453488,0.07296
453493,7.510784
453675,1.107968
453803,0.034304
454106,0.104448
454112,1.420032
454542,6.386944
454608,0.07552
454768,0.04096
455137,0.097024
455386,0.329728
455553,0.025088
455893,8.010496
455897,11.3856
456493,0.356096
456540,0.15232
456588,0.002304
456637,0.083712
456797,0.070144
457093,0.290816
457094,3.748608
457098,0.96768
457112,0.373504
457175,1.61408
457448,0.045568
457471,20.038144
457650,23.15008
457760,2.936576
457832,0.032768
458075,12.459008
458178,0.211712
458179,4.380928
458237,0.04096
458253,0.873984
458293,0.138752
458296,5.902592
458307,1.351936
458356,0.451072
458441,0.0576
458656,0.139264
458683,0.08704
458753,0.05376
458893,0.468992
458907,0.402432
459004,0.553472
459073,0.013824
459123,0.102144
459150,0.028928
459453,0.027648
459511,1.164288
460020,0.054784
460100,2.141184
460155,0.218368
460245,0.022784
460301,0.023296
460569,21.641984
460666,0.014592
460694,1.74592
460706,0.39552
460822,0.04992
461012,2.091264
461071,0.021248
461152,0.02304
461503,0.01152
461843,0.001024
461868,0.105984
462153,0.088576
462498,1.543936
462507,0.219136
462620,0.259584
462771,1.577216
462964,0.063488
463064,2.570752
463093,28.005888
463305,0.01024
463697,7.36384
463744,17.266432
464078,9.674496
464293,7.771392
464307,2.67776
464676,0.179968
464893,0.030208
464894,0.685568
464906,1.47712
465386,0.428288
465431,0.009472
465698,0.091648
466559,0.02176
466705,3.065088
466796,0.016896
466938,0.017408
467075,0.007424
467225,4.621568
467294,2.218752
467297,5.324288
467512,0.033024
467562,0.174592
467777,0.014336
467897,8.046336
468003,0.030976
468422,0.027136
468505,2.855424
468850,14.558464
468932,0.012032
469094,2.948864
469105,0.713216
469471,0.002816
469503,0.052224
469694,1.307392
469701,0.160512
469743,0.059904
469744,0.062976
469857,0.0768
469904,0.063744
470106,0.03584
470184,0.121856
470210,0.035328
470306,1.784832
470728,0.004608
470766,0.003328
470796,0.096
470843,0.09856
470870,0.830464
470895,7.014656
471000,0.027136
471112,0.044288
471506,0.258816
471514,6.3936
471571,0.111616
471609,0.128768
472092,0.048896
472093,27.647232
472236,0.030208
472273,0.01536
472383,0.088064
472520,0.001792
472612,0.004608
472697,16.578048
472807,0.09216
472870,0.163328
473246,3.09632
473293,0.382208
473502,5.577472
473894,1.869056
474032,0.114688
474175,0.009216
474493,0.38144
474494,24.9408
474591,0.034816
474619,0.051456
474811,0.051456
474823,0.001536
475072,0.034304
475098,0.159744
475106,1.353472
475110,2.943744
475143,1.094912
475410,0.004096
475693,3.865344
476124,0.21376
476198,3.931136
476272,0.04096
476306,0.034304
476383,0.09984
476436,0.002816
476510,21.891584
476670,3.501568
476713,9.933824
476722,16.697856
476897,7.591168
477013,0.125184
477050,0.059136
477103,0.128256
477372,0.063744
477412,0.00384
477496,5.93792
477553,0.620544
477774,0.180224
478064,0.024576
478093,21.44512
478187,3.0912
478332,0.01024
478359,0.019712
478479,0.00256
478575,0.083968
478697,1.23008
478783,0.002304
479260,0.046592
479293,7.863296
479328,1.927424
479760,0.04096
479894,1.883904
479975,0.059392
480071,0.103936
480072,0.924928
480088,1.556992
480188,0.021248
480444,0.118528
480453,0.059392
480497,1.824256
480507,1.033984
480668,0.006912
480774,0.03712
480970,0.767744
481094,0.028928
481097,17.036032
481715,3.214848
481971,0.113664
482212,0.0128
482294,1.742848
482297,7.71968
482371,0.634368
482589,0.05888
482824,0.013824
482893,0.105472
482900,0.25344
482907,1.566208
482915,5.515264
483224,0.011264
483493,1.103616
483507,0.62464
483574,0.03456
483653,0.046592
484096,5.791232
484113,1.14304
484470,1.985024
484521,0.082432
484693,27.746048
485182,7.579648
485294,4.30592
485682,0.11136
485820,0.018176
485893,7.876608
485990,0.012032
486000,0.043008
486497,3.119104
486577,0.169216
486734,0.077056
486969,0.010496
487001,0.049408
487093,0.14976
487094,5.1008
487097,1.638144
487272,0.0896
487706,0.217344
488285,0.016384
488293,7.733248
488313,22.200064
488400,0.026624
488624,0.018688
488693,0.149248
488899,5.892608
489030,0.03072
489507,1.85088
489575,18.368512
489816,3.22688
490094,0.063232
490097,5.714944
490192,10.374144
490398,0.130048
490915,0.00384
490954,0.051968
491294,3.30368
491306,0.45184
491894,3.126272
492493,7.87072
492545,0.081152
492894,0.184832
493034,0.002304
493094,1.056768
493566,0.028928
493693,1.870592
493711,0.043008
493759,0.229888
494070,0.788736
494223,0.028672
494235,4.34432
494307,0.331264
494336,0.034816
494647,0.077568
494772,4.211456
494893,7.771136
494984,0.277504
495098,0.0192
495164,0.00768
495478,0.051968
495983,0.12544
496054,0.23296
496143,0.12416
496159,1.159424
496402,0.001024
496529,0.127744
496595,5.015808
496693,2.508288
496711,3.397888
496797,0.77568
496908,35.206656
497002,0.024832
497080,0.032768
497271,2.561792
497297,1.403648
497307,4.634624
497363,0.019968
497402,0.011008
497467,0.0128
497608,0.540928
497622,1.99552
497711,3.276032
497770,0.096512
497893,1.97248
498068,8.751616
498077,15.03104
498444,0.182528
498493,2.747392
498497,2.741248
498577,0.063744
498694,0.04352
498704,0.135936
498791,0.023296
498865,0.164096
498868,1.039872
498963,0.044544
499077,0.01664
499093,0.05376
499094,1.891584
499097,13.958656
499309,0.007936
499328,4.050432
499445,0.016128
499656,0.03072
499882,0.02304
500182,0.025344
500200,0.100352
500290,1.561856
500297,8.585216
500475,0.016128
500480,0.4416
500894,0.001536
500897,0.71168
501105,7.05024
501114,18.43712
501384,0.02176
501500,4.936704
501507,0.014336
501670,1.57312
501789,0.045824
501973,1.337088
501988,1.1072
502090,0.338176
502094,5.344
502447,0.069888
502542,0.048128
502693,5.422592
503005,1.456896
503110,6.199296
503185,0.000512
503230,0.07424
503244,0.877568
503266,6.236928
503344,0.002048
503356,0.192256
503362,2.303488
503515,0.011008
503612,0.08448
503657,0.0256
503893,1.672192
503895,96.635648
504099,0.004352
504434,15.04896
504497,0.032512
504505,0.754176
504649,0.083712
504807,0.055296
505097,3.28192
505098,1.844736
505164,0.014592
505538,0.109824
505668,0.033024
505696,3.559168
505821,6.080512
505987,0.153344
506019,0.626688
506250,0.02944
506263,0.000512
506293,7.81056
506297,10.719232
506339,2.307328
506728,0.022016
506893,5.498624
507226,0.073728
507345,0.011008
507505,0.355072
507506,1.580544
507840,1.789184
508096,1.649152
508112,1.744128
508316,0.911616
508483,0.038912
508631,9.268992
508693,0.360192
508712,3.387136
508767,11.130368
509281,0.004352
509306,2.73664
509458,19.364352
509897,17.263616
510121,0.046592
510291,0.283136
510365,0.051968
510417,0.628992
510493,15.492864
510624,0.0512
510688,0.089856
510697,0.053248
510722,1.907968
510835,0.103936
511093,0.873472
511094,0.277248
511097,4.552448
511108,3.660544
511126,18.188288
511240,0.040448
511245,0.38528
511325,0.048896
511446,2.85184
511460,1.91872
511705,0.854272
511742,0.174592
511755,1.462784
511831,0.526592
511870,0.016128
512020,4.87936
512051,1.735936
512196,0.276224
512248,0.054016
512298,4.187136
512306,1.51936
512307,0.769792
512520,0.681472
512905,0.687872
513126,3.099392
513493,8.101632
513620,1.771264
513765,0.027904
513771,0.041216
513857,0.208128
513911,3.643648
513975,0.683776
514063,1.345536
514093,0.42368
514099,0.021248
514177,0.071424
514303,0.079872
514481,0.044288
514693,0.249344
514694,1.027584
514793,0.031744
514809,0.057856
515205,0.748288
515278,0.029696
515294,1.05216
515522,0.379136
515533,0.294912
515715,0.748032
515894,1.963008
516315,0.012544
516348,4.250368
516468,0.030208
516505,0.537088
516534,0.238848
516862,1.341184
517005,0.744448
517099,1.371648
517105,0.86272
517325,1.638912
517409,2.558976
517426,3.63264
517481,2.228992
517484,1.717504
517524,2.295808
517527,2.581248
517693,7.731712
517741,17.023232
517843,0.041984
517864,0.048128
518056,0.020992
518206,0.066304
518260,10.790912
518294,0.319232
518348,0.007168
518349,0.132352
518351,0.008448
518437,5.828352
518502,0.677632
518688,0.009984
518894,1.185536
518940,1.027072
519027,1.780224
519047,2.880256
519432,0.035584
519499,0.782592
519589,0.316928
519681,1.956352
519772,0.12288
519815,0.466688
519816,1.71904
519840,0.7232
520072,0.050176
520093,5.232128
520211,0.061696
520595,0.1984
520678,0.1408
520706,2.598656
520733,0.019456
521074,0.043776
521092,0.040704
521293,1.971968
521316,0.956416
521358,0.715264
521483,0.021504
521638,0.083968
521715,0.0256
521894,1.304576
521897,5.579264
521935,3.074048
521968,0.146176
522045,1.194496
522061,1.801472
522125,0.544
522257,6.408448
522336,0.004864
522350,0.398848
522390,2.537472
522493,27.801344
522681,1.862912
522818,3.433472
522839,2.19648
522869,17.214208
523058,0.46208
523301,0.474368
523535,0.464384
523694,2.14784
523730,0.030208
523731,1.214464
523753,1.715968
523762,2.137088
523770,0.962816
523948,3.28832
524022,3.92704
524077,0.378112
524295,5.911552
524329,0.442624
524404,0.041216
524470,0.59776
524575,0.322304
524689,6.83392
524704,0.653312
524894,1.796096
524905,1.855744
524997,0.024064
525076,8.350464
525144,0.384768
525260,0.263168
525300,0.065536
525323,0.120576
525342,0.577024
525421,1.308416
525496,0.404736
525500,6.948096
525537,3.49824
525770,2.92736
526093,2.69696
526107,5.567488
526295,0.310528
526613,0.676864
526712,0.993024
526842,0.18176
526865,0.340224
526899,0.012032
527013,1.80224
527151,0.115456
527222,0.385024
527249,0.028416
527307,0.087296
527370,2.615552
527374,1.31072
527399,1.342976
527484,0.163072
527661,0.005376
527712,0.00128
527792,0.155392
527800,0.799744
527897,1.219584
528093,1.989888
528237,0.022272
528304,1.019648
528319,0.531968
528342,2.20672
528376,0.117504
528405,1.14176
528416,2.646016
528464,0.407296
528494,3.110656
528553,0.079872
528669,0.050432
528730,0.035072
528796,0.637184
528816,1.669376
528975,0.018432
529088,8.082688
529163,2.409472
529314,1.238528
529318,4.786688
529394,5.966848
529452,0.233216
529457,1.412864
529470,1.330688
529472,0.200448
529554,0.298496
529588,2.674944
529671,5.985024
529694,1.082112
529745,6.235648
529789,2.233344
529798,5.10848
529826,6.26176
529862,0.576
529903,0.087808
530006,1.068288
530008,97.288192
530058,8.265984
530119,6.373632
530218,0.001024
530230,0.210432
530265,98.08384
530359,2.356992
530445,0.217088
530457,0.340224
530459,0.691968
530508,0.312576
530541,0.015616
530596,0.014336
530603,3.03872
530730,0.74112
530744,2.4192
530896,7.897344
530974,0.088832
530982,10.57664
531037,0.227072
531398,0.01664
531493,27.309824
531671,0.57088
531710,0.571136
531773,0.024064
531901,0.339712
532038,0.021248
532097,1.592576
532185,0.012032
532213,0.049152
532292,0.09088
532315,0.55168
532320,0.779776
532327,0.442624
532329,96.867072
532478,0.037632
532480,1.681664
532932,36.552192
533305,0.224512
533411,18.902784
533520,0.041728
533534,4.535808
533673,0.03328
533894,0.651264
533933,6.821376
534059,0.005376
534350,0.157184
534438,0.456448
534479,5.46816
534493,6.371072
534781,0.064
534788,0.366336
534834,0.278272
534945,0.004096
534982,0.035072
535097,1.263104
535415,0.155648
535549,99.610368
535706,2.556672
535842,0.373248
535965,0.072192
536070,0.983808
536550,1.029632
536689,0.257536
536703,0.640768
536746,0.008448
536869,99.542016
537074,0.053504
537341,0.486912
537353,0.051968
537359,3.502848
537450,0.2304
537501,0.606464
537519,1.819904
537522,0.613888
537591,0.231936
537607,1.236224
537670,1.805824
537729,3.342336
537806,0.417792
537868,0.224512
537906,0.07296
537913,1.350144
537938,3.05024
538034,2.318848
538083,2.00576
538105,0.736768
538188,0.691456
538211,0.534272
538279,0.024064
538291,14.413056
538353,0.546048
538388,2.173696
538458,2.296832
538491,0.299776
538548,0.14976
538644,0.011264
538693,4.483328
538754,5.487104
538758,0.988928
538998,0.084736
539045,0.054784
539140,2.334976
539167,0.144384
539214,1.597184
539293,2.891008
539493,0.01408
539893,2.711296
539895,3.105024
539912,0.786432
539924,11.612416
539994,0.057856
540147,16.411904
540342,0.096512
540382,0.031232
540495,0.2624
540497,1.099776
540648,0.128768
540667,99.54048
540739,0.578816
541012,0.369664
541023,1.700864
541087,0.576768
541093,3.006464
541196,0.235008
541248,4.599552
541366,0.080128
541387,0.749056
541447,0.359424
541691,3.452928
541696,3.155712
541729,0.05888
541756,0.187392
541767,0.168704
541842,0.038912
542154,0.222208
542293,7.588352
542305,1.457408
542406,0.077568
542773,0.007936
542811,2.243584
542878,0.295424
542894,2.759424
542998,0.15104
543058,0.549888
543088,0.002304
543486,0.051712
543493,3.406848
543499,0.499712
543669,0.152064
543713,0.145408
543766,0.047616
544093,3.112704
544173,0.047616
544346,1.670912
544452,0.025088
544693,1.963008
544697,6.652416
544712,0.639488
544930,0.025856
545079,0.008192
545118,1.083136
545178,0.051712
545234,0.2048
545256,3.893504
545294,2.09536
545305,0.56064
545766,0.069888
545799,0.07296
545854,0.025088
545907,3.658752
546224,0.869376
546437,0.062208
546451,5.775616
546505,0.96896
546511,1.27616
546630,0.976384
546743,0.054272
547070,2.909184
547093,7.602688
547106,4.695296
547115,0.926208
547254,0.000768
547284,0.001792
547592,0.10496
547697,1.583616
547794,0.270336
548107,1.84192
548242,0.026624
548307,0.130048
548313,0.614912
549014,0.00512
549494,0.003328
549560,0.081664
549669,0.119552
549811,0.137216
549824,6.971904
550083,0.022528
550099,0.219904
550105,0.16512
550159,0.3392
550468,0.026368
550607,0.013056
550660,1.45536
550724,0.517888
550804,0.006912
550864,0.027136
550924,0.029184
550942,25.6704
551018,1.329152
551036,4.379136
551225,0.364544
551290,1.965824
551294,1.334784
551311,1.36448
551374,0.739584
551376,0.59648
551378,0.604416
551644,15.636224
551893,15.742464
552040,0.004096
552226,0.90368
552408,0.015616
552497,1.280768
552507,5.653504
552524,1.147136
552688,0.052224
552765,0.000256
552804,0.027648
553038,0.350464
553093,1.424384
553094,1.435136
553325,0.761088
553338,3.337216
553693,0.509184
553754,7.227904
554133,0.059392
554222,3.195392
554293,3.395584
554463,0.038912
554489,0.150016
554512,0.174592
554553,0.265472
554584,0.059392
554727,0.126976
554760,0.0256
554805,0.1472
554829,0.347648
554858,0.034048
554868,0.319232
554894,0.613632
554897,13.153536
554912,0.535296
554966,3.03616
555095,0.134656
555114,0.01536
555134,0.049408
555140,0.138496
555172,0.024064
555224,2.243584
555365,0.871936
555468,0.348416
555493,6.180864
555496,1.236224
555499,2.46016
555599,0.402176
555645,0.129792
556093,0.923392
556097,26.191872
556124,5.714432
556358,0.121088
556414,0.014592
556694,2.300416
556705,0.506112
556929,6.188032
556930,8.041216
557139,0.024576
557264,1.209856
557294,2.025728
557298,16.118528
557496,0.307456
557587,0.29824
557615,1.798656
557689,0.895744
557748,0.13568
557781,0.514048
557897,5.554688
557924,4.228352
557942,2.737664
558303,0.488704
558306,0.248832
558408,0.012288
558493,0.044544
558497,16.946176
558800,0.614656
558824,1.136128
558874,0.826624
558937,0.076288
559093,2.223104
559146,0.756736
559375,0.007424
559465,2.273024
559471,1.502208
559529,0.196096
559543,1.177344
559576,0.784384
559577,0.559104
559689,0.428032
559773,0.367616
560097,0.223488
560147,0.13952
560248,0.034304
560293,2.46272
560399,2.768384
560436,0.444928
560491,3.986432
560585,1.003008
560624,1.95328
560785,0.450816
560816,0.425984
560875,5.989376
560881,1.219584
560896,6.251264
561056,0.001792
561100,4.561408
561170,5.189376
561204,0.241152
561209,99.25888
561232,83.737344
561334,0.009984
561343,1.631232
561345,0.741632
561375,1.409024
561493,3.217664
561512,1.219328
561524,6.418944
561623,0.973568
561658,0.115712
561859,5.217536
562100,0.17152
562112,3.65824
562184,0.043264
562379,4.191488
562424,3.204864
562571,0.324096
562672,0.046848
562680,0.101888
562693,3.439616
562878,0.054016
562926,3.673344
562985,2.806272
563070,3.65568
563311,2.808576
563378,0.067328
563629,0.20096
563670,0.04352
563718,0.047104
563905,2.591488
564032,0.000512
564047,2.025728
564134,0.004864
564165,0.07552
564230,0.011008
564471,0.09984
564494,2.14656
565093,4.703744
565095,5.05984
565097,7.080192
565698,0.44544
565706,0.119808
565741,3.03488
566024,4.095488
566030,13.425408
566293,0.314624
566701,0.057344
566816,0.050176
566893,4.326144
567353,0.05376
567660,0.023296
567669,0.05248
567824,4.680704
567882,0.002304
568107,5.740544
568586,6.823936
568693,1.67936
568696,4.612864
568724,9.014272
568851,0.064256
568949,0.029184
569040,17.518336
569207,0.135936
569897,17.31584
570065,1.837568
570258,2.474752
570364,5.504256
570493,26.224896
570524,3.202048
570928,0.073728
571024,0.050432
571101,0.792064
571424,0.15872
571693,0.114176
571705,3.095552
572300,0.915968
572306,0.71168
572897,1.819904
573270,0.63744
573497,6.718464
573500,0.397056
573603,0.036352
573969,0.299008
574096,3.059968
574115,4.364544
574124,4.946688
574180,0.108288
574217,0.014848
574375,0.024832
574693,0.21632
575019,1.439488
575024,7.586048
575294,2.694912
575296,16.539392
575418,0.018688
575558,0.807936
575609,0.070144
575810,0.006144
575890,0.272384
575912,2.66624
575924,5.092864
575985,0.01664
576068,0.054016
576103,0.016128
576200,0.13184
576304,0.02816
576493,0.05888
576500,0.29952
576512,2.396416
576607,2.36288
576678,2.159872
576824,1.372416
577093,1.93152
577693,0.005632
577870,17.790464
578019,0.045824
578293,17.497344
578425,0.011264
578572,0.113152
578897,26.979328
579102,0.011776
579162,0.026112
579179,0.027904
579493,0.092672
579496,2.57792
579499,1.916416
580230,1.479424
580699,2.578688
580713,2.192384
580773,0.025856
581283,0.0192
581306,2.494464
581496,0.005632
581553,0.042496
581707,17.195264
581893,3.864832
582006,0.302848
582053,0.038144
582368,0.004352
582423,0.162048
582494,5.306112
582506,1.8624
582750,0.364288
583011,0.018432
583027,0.29056
583053,0.044032
583097,9.422848
583111,9.915904
583113,17.929472
583177,0.137472
583474,18.925824
583670,1.570048
583693,4.212736
583706,4.66688
583903,0.078336
584293,1.60768
584297,0.137728
584415,0.029184
584473,0.135168
584893,1.196288
585316,0.038656
585480,0.071168
585494,1.133824
585514,0.389376
585586,0.2048
585689,0.01536
585786,0.238336
585894,25.97504
586073,0.185344
586106,5.175808
586151,0.002048
586330,0.000256
586381,2.447104
586699,10.84928
587032,1.951744
587196,0.082432
587275,0.079872
587294,0.242432
587300,0.388352
587413,0.032256
587457,0.024576
587675,41.202688
587818,0.004352
587902,2.7584
587912,1.912832
588075,0.013312
588094,0.081664
588234,0.090112
588382,0.013056
588443,0.056832
588494,0.169984
588500,6.531072
588564,0.095232
588871,5.96352
589097,0.17664
589106,0.459264
589694,4.132352
589791,1.088512
590187,0.058112
590203,0.06912
590293,7.218688
590550,0.016896
590848,0.051968
591493,0.504064
591713,1.270016
591728,1.018368
592097,5.783296
592203,0.03584
592288,0.050944
592693,0.342272
592795,0.035584
592970,0.07168
593054,2.014208
593153,0.143872
593206,0.0576
593294,3.129856
593306,0.719616
593504,0.02944
593903,1.159424
593970,16.45696
594366,0.127232
594492,0.01408
594496,7.808
594648,0.391168
594670,0.280832
594783,0.000768
594825,14.029312
594904,0.007424
595093,0.297472
595107,0.198144
595334,0.38272
595417,0.04096
595537,0.411392
595725,2.88
595913,0.041984
596002,0.021248
596100,0.003072
596294,1.34272
596297,5.005312
596348,0.025856
596439,0.074752
596579,0.0128
596697,0.137472
596791,0.025344
596805,0.116736
596868,0.055296
596881,0.004096
596893,4.939008
596897,3.825408
597047,0.0256
597175,0.058624
597213,0.571648
597248,2.387456
597331,0.02432
597463,2.276864
597489,2.300672
597730,0.0448
597768,0.168704
597769,0.406784
597958,0.018432
598097,1.112832
598159,1.13024
598210,0.091648
598425,0.195072
598570,0.063488
598683,0.01408
598697,7.506432
598889,0.022784
598941,0.000512
599149,0.140544
599169,0.086272
599286,0.349184
599671,2.685184
599731,0.041472
599893,0.015616
600218,0.004864
600314,0.188928
600506,0.137728
600569,0.169984
600776,0.301312
600864,0.007424
600874,0.131328
600925,0.076544
600963,0.032256
601042,3.104768
601093,0.000768
601096,4.619008
601161,0.063744
601182,0.132096
601232,99.536384
601362,3.749376
601369,0.034304
601372,2.665984
601433,1.761536
601434,2.53312
601643,3.356928
601713,1.413376
601751,1.454848
601764,0.291072
601765,0.363264
601839,0.004096
601927,0.016896
602156,0.017408
602237,0.260608
602248,1.282816
602293,7.629056
602748,0.013824
602897,1.400576
603108,0.06144
603455,1.913088
603493,0.566528
603505,2.704384
604098,3.077888
604262,0.012032
604706,1.249792
604814,1.741056
605083,0.008192
605107,0.03712
605294,0.308224
605305,1.567232
605461,2.49728
605553,0.069888
605720,0.098816
605881,0.008704
605893,0.872704
605991,0.01536
606043,1.662208
606398,3.45856
606432,0.950016
606496,6.324736
606508,0.772864
606920,0.11264
606999,0.007168
607093,0.577792
607096,5.163008
607151,0.032
607556,0.009216
607577,3.206912
607691,0.018176
607693,1.111808
607881,0.04864
608293,3.25376
608874,0.0192
608894,0.8896
608941,0.054016
609237,0.15104
609493,0.17408
609495,5.623296
609999,0.02688
610099,2.824704
610694,7.117824
610954,0.08192
611294,0.726272
611297,6.046208
611424,2.62912
611720,0.253696
611773,0.00768
611893,1.91744
612191,0.052992
612270,3.50336
612507,5.664256
612654,0.021504
613023,0.09216
613305,0.05504
613520,0.155904
613526,0.540672
613693,0.813312
613696,4.208896
613712,1.074176
613758,5.223168
613844,0.047104
614150,0.304896
614287,0.048896
614306,3.915776
614740,0.001024
614893,5.293824
615393,0.06144
616093,27.565824
616224,0.000256
616305,0.304896
616474,0.129024
616694,0.01152
616697,1.938432
616706,0.852224
617306,2.846976
617350,0.013824
617897,0.950272
617936,0.767488
618375,0.079616
618493,23.528448
618767,0.050944
618788,0.04352
619097,24.537088
619235,0.059648
619371,2.285568
619474,0.25984
619693,1.274112
619706,1.187584
619707,0.57728
619708,1.250816
619810,0.06912
619961,2.410752
620297,2.42048
620470,0.069888
620585,0.021248
620899,0.348416
620905,0.616704
621493,1.848064
621497,4.064512
621642,0.119552
621912,0.01792
622090,0.077824
622097,5.758976
622244,0.311808
622693,2.102272
623179,0.005888
623294,1.235968
623307,3.71456
623502,0.023808
623828,0.008704
623833,15.684864
623897,0.532736
623905,1.1776
624145,4.1792
624161,0.65408
624251,1.144064
624312,0.077824
624496,6.957056
625099,0.156928
625106,2.085632
625252,1.16992
625535,1.820928
625703,2.130176
625931,0.02432
626118,3.151872
626248,0.015872
626422,0.224768
626696,0.086528
626846,0.725248
626879,5.647616
627142,0.513536
627253,0.141824
627299,0.135936
627455,0.092672
627493,2.130944
627822,0.8256
627873,0.04224
628003,2.77888
628193,0.026624
628287,3.350528
628448,1.596928
628694,2.16448
628784,3.758592
629200,0.045568
629294,0.604928
629298,0.511744
629345,0.21248
629572,0.023296
629713,1.562624
629835,0.60544
629897,16.018688
629943,0.041984
629946,1.494016
629953,5.40544
630277,1.480704
630304,1.449472
630497,5.156608
630505,1.25952
630616,0.015104
630671,0.15872
630736,0.018688
631001,0.132096
631093,1.6896
631094,0.038144
631147,0.136192
631242,0.376064
631298,0.038144
631433,0.14464
631475,0.0192
631670,2.061312
631694,2.31936
631707,5.5168
631797,3.749888
631823,1.970176
632043,0.075264
632206,0.842496
632262,21.267968
632293,0.744704
632294,3.35872
632314,1.423872
632749,0.065024
632924,0.1088
633376,0.01024
633506,0.75648
634465,0.08832
634703,0.02176
634722,0.225536
634756,0.10112
634974,0.040704
635161,0.356096
635293,2.066688
635297,5.984768
635563,0.224512
635636,0.054528
635906,2.110976
636042,1.825536
636070,2.117888
636199,0.386048
636209,6.927872
636512,1.105664
637105,1.98016
637174,0.053504
637269,0.028672
637287,0.537856
637388,3.144192
637397,6.096384
637457,0.335616
637534,0.008704
637593,3.156224
637671,0.360704
637693,1.0688
637715,4.262656
637768,0.32
637968,0.029184
637973,0.375808
638023,0.249856
638059,12.609536
638072,0.434688
638124,0.0256
638293,1.057536
638306,1.547776
638462,0.042752
638522,0.02304
638556,0.124416
638621,0.059648
638640,0.047872
638649,2.994176
638721,0.029184
638722,0.203776
638807,0.29824
638906,1.008896
639189,0.707072
639214,1.429504
639239,0.046336
639283,0.315648
639314,0.604672
639461,0.016896
639493,3.126528
639496,3.399936
639719,0.438784
639720,3.163136
639778,0.028416
639812,4.2816
639994,1.873408
640054,3.286016
640082,1.481472
640094,8.43136
640195,0.324608
640349,0.614912
640432,1.452288
640453,1.314304
640455,1.481984
640579,0.16512
640585,1.40032
640592,0.264192
640693,1.189632
640711,1.151488
640790,0.045312
640796,1.930496
640797,2.859008
640837,0.645888
640952,0.126976
641033,0.37504
641084,0.10624
641097,3.467776
641119,8.872704
641179,4.099328
641244,1.866752
641294,1.885952
641324,0.118016
641361,4.127488
641428,1.792768
641466,3.036928
641479,6.341376
641488,0.064512
641651,0.013056
641703,3.737088
641771,0.813312
641797,0.75264
641805,0.02048
641892,6.55872
641893,27.169536
641962,0.032512
642050,0.02304
642086,4.37248
642269,29.101824
642505,1.378304
642554,1.629184
643063,2.891776
643093,7.772928
643362,0.001024
643386,0.12416
643574,0.023296
643705,0.466944
643752,2.276608
644025,4.09344
644054,4.493824
644226,1.348608
644231,3.530496
644293,2.52544
644296,3.417088
644662,0.076288
644688,0.0128
644837,0.00384
644896,6.866176
645440,0.635392
645496,7.085568
646019,0.007424
646097,7.835648
646141,1.71392
646271,8.310784
646419,0.380928
646446,7.058944
646693,0.659712
646694,1.166848
646765,0.221952
646780,0.1088
646781,14.031872
646821,0.40448
646829,5.620736
646882,0.1472
646893,0.173824
646911,0.541696
647066,0.30592
647293,1.695488
647298,0.220928
647305,1.34784
647314,3.517696
647595,0.167936
647774,0.058624
647903,0.082432
648053,0.00128
648187,3.81056
648233,0.051456
648329,0.05632
648493,3.477248
648703,0.0256
649445,1.666816
649499,0.02688
649527,0.1792
649565,0.609792
649590,0.404736
649763,0.045568
649814,0.04736
649837,4.641536
649841,4.454912
649897,5.900544
650192,0.124928
650208,0.303616
650220,1.002496
650293,0.408832
650305,0.43648
650533,0.37888
650594,0.977664
650617,11.085312
650662,6.033152
650708,3.71072
650712,2.1824
650785,0.017152
650841,0.25088
650842,1.30176
650896,7.829248
650936,2.520832
650939,3.982848
651008,2.70208
651103,0.061184
651109,0.113664
651131,0.148224
651133,2.481408
651138,1.947136
651139,10.708992
651163,0.001024
651227,12.838912
651494,2.189312
651670,8.488448
651862,0.010752
651923,0.086528
652020,8.54912
652098,5.594368
652108,0.570112
652399,1.741312
652449,1.121024
652470,0.28288
652826,0.010752
653138,0.007424
653298,2.89408
653299,1.241856
653896,5.979392
654438,0.014592
654507,0.208128
654628,0.08832
654983,0.074496
655033,0.920832
655093,0.336384
655095,5.943808
655126,3.422464
655320,0.02176
655334,0.486656
655361,1.08544
655363,0.289792
655533,1.522432
655630,0.076288
655694,1.018624
655706,6.121728
655762,1.635584
655801,1.206528
655830,0.285952
655925,0.467712
655940,1.787904
655942,5.993728
656007,2.093056
656026,0.083712
656123,0.062976
656399,0.043776
656608,6.593024
656728,0.01664
656897,15.954176
656926,4.3456
657011,0.207104
657221,0.003072
657285,1.33376
657300,6.13632
657489,0.31232
657493,25.147648
657572,0.022784
657597,0.720896
657632,0.141312
657693,0.059904
657948,0.275456
658096,0.057088
658273,0.008704
658316,0.111872
658476,2.172672
658583,0.033024
658593,0.123904
658647,0.038912
658693,1.350656
658694,0.769024
658697,3.836928
658741,0.545536
658795,0.339456
658945,0.02944
659072,0.005888
659145,1.940224
659256,0.524288
659297,0.47744
659319,99.623168
659468,5.412864
659506,0.05376
659538,1.474816
659584,0.933376
659626,3.667456
659639,3.952384
659654,1.356288
659692,0.088576
659864,0.629504
659896,6.056704
659915,0.48
660080,0.31744
660148,0.109056
660242,0.680448
660356,0.10368
660494,0.960256
660506,1.511168
660526,4.28928
660564,0.077312
660566,0.87552
660767,0.033536
660770,4.900096
660969,0.04352
661006,0.479744
661097,5.680896
661321,0.223232
661449,0.013312
661539,0.083456
661670,0.140544
661752,4.243712
661760,2.955008
661801,1.039104
661843,0.107776
661857,0.8832
661869,0.953088
661871,1.368832
661939,0.448768
662036,0.063232
662072,0.309248
662146,4.345344
662294,0.936704
662299,0.072704
662326,0.168704
662440,0.043008
662468,0.161536
662483,0.091136
662623,0.155392
662663,0.006144
662824,2.124544
662901,0.033792
663054,1.935872
663199,1.174784
663213,3.771392
663226,0.066304
663324,0.264704
663466,0.008448
663493,0.595456
663505,2.066176
663553,100.370432
663744,1.0176
663829,0.11136
663892,0.948224
663967,0.062464
663988,2.422528
663993,4.519424
664091,0.307712
664094,1.268736
664206,2.41536
664261,6.41024
664284,0.280832
664705,3.899136
664781,4.020736
664814,5.198592
664887,99.563264
664951,1.084928
665026,1.992704
665056,0.662528
665057,2.464
665071,4.828416
665206,0.568576
665296,7.1808
665369,0.872192
665396,0.004608
665424,0.012032
665526,1.001728
665543,0.232704
665579,3.645696
665632,21.398528
665690,0.357376
665765,0.03968
665770,2.8736
665838,1.8112
665869,1.034496
665870,7.964928
665897,1.39008
665926,12.96256
666062,2.13376
666130,1.229056
666152,6.49216
666316,0.000512
666346,0.012032
666398,0.405248
666411,0.497408
666496,8.105728
666710,0.072448
666712,0.699648
666755,1.649152
666812,0.29824
666936,0.281856
667094,3.611136
667097,12.652544
667201,0.076544
667217,0.237056
667365,0.123904
667482,0.062208
667499,0.148992
667519,99.216128
667628,4.450816
667653,1.476352
667657,0.169216
667685,1.533184
667694,1.067776
667706,0.18688
667726,0.847616
667743,2.480128
667816,0.063232
667873,2.272768
667876,1.433088
667892,1.769984
667899,2.539776
667908,3.116288
668006,0.292096
668244,0.623872
668294,1.561344
668305,1.065728
668452,0.95232
668540,0.04096
668610,0.021248
668667,0.413952
668668,7.155968
668703,0.2432
668709,0.436992
668764,0.269056
668894,0.790528
668913,0.904704
668976,0.173568
669188,0.005888
669197,0.44544
669279,14.262272
669336,0.730624
669382,0.042752
669400,0.099584
669446,6.394624
669499,0.12416
669505,0.441344
669561,0.070144
669677,0.132352
669890,0.026112
669963,0.031232
670044,0.081152
670093,23.770112
670557,0.04864
670670,0.026624
670694,3.734784
670706,0.66688
670964,0.013056
671051,0.1856
671078,0.515328
671151,0.246528
671305,0.150784
671391,0.038912
671432,0.643072
671632,0.019968
671646,0.026624
671666,0.014848
671700,0.14336
671718,0.113152
671745,0.442368
671851,0.286208
671903,0.550656
671918,0.25088
672003,0.032768
672047,0.013568
672059,0.015872
672127,0.042752
672157,0.470016
672365,4.279808
672490,0.157952
672507,0.471296
672594,0.018944
672611,1.053696
672627,1.62048
672629,1.818368
672893,0.631552
672942,0.102912
673096,6.809344
673545,0.025088
673694,1.28384
673964,0.006656
674044,2.064384
674109,0.28544
674160,0.002816
674218,0.034816
674239,0.1024
674265,1.121536
674298,3.617024
674329,0.664576
674417,0.15616
674518,0.523008
674574,0.077312
674617,0.62592
674978,0.713728
675089,0.112128
675091,0.003328
675145,0.57856
675301,0.048384
675497,16.43136
675644,1.028352
676212,0.079104
676310,7.317248
676438,0.390912
676470,0.165632
676572,0.02944
676595,28.205312
676655,0.18432
676693,0.030208
676694,2.238464
676712,3.580416
676913,0.055552
677312,2.568192
677481,1.618944
677658,0.126464
677703,0.038912
677805,0.039936
677893,0.263168
677894,1.622784
677905,2.58176
677912,0.898304
678120,0.321792
678155,0.415488
678281,10.114304
678316,0.36864
678464,0.082944
678536,0.383232
679093,0.42624
679094,2.40384
679112,4.44032
679189,0.065536
679200,0.467968
679222,0.222208
679246,0.063232
679443,1.103616
679481,0.006144
679518,0.749568
679683,0.0448
679696,6.445568
679708,1.0112
680143,0.002048
680293,1.294848
680297,7.084032
680508,0.058368
680549,0.069632
680690,0.098048
680905,0.741632
681118,1.349632
681277,18.024192
681493,0.405248
681497,1.486336
681924,0.029952
682094,0.520448
682253,0.17152
682378,5.805824
682507,0.025088
682693,4.464128
682699,3.567616
682809,0.007936
682882,0.027392
683272,7.298304
683274,1.767936
683305,0.285184
683562,0.047872
683566,16.377344
683893,1.702912
683899,0.482304
684035,0.056832
684321,0.082944
684497,17.673728
684646,0.048896
684845,0.049408
685039,1.957888
685099,0.169216
685100,0.791808
685106,0.347648
685154,1.32352
685422,0.126976
685706,1.2928
685819,1.78304
686293,0.017408
686311,0.806144
686379,0.050944
686405,0.334336
686546,0.013056
686893,0.527616
686894,0.655872
687256,0.121856
687494,0.588032
687497,7.310336
687511,0.694272
687670,3.166208
687743,0.0192
687846,3.849984
687920,0.261632
688093,0.36096
688551,0.073984
688688,0.117504
688694,2.2208
688869,0.179712
688937,0.057856
689294,0.107008
689833,0.039936
689893,6.682624
690069,0.123648
690134,0.089088
690466,0.023552
690499,8.116992
690825,12.978688
690945,0.02304
691093,8.355072
691097,2.53184
691107,1.193472
691470,0.38912
691694,5.41696
691715,0.284416
691741,27.833088
691899,0.004608
692300,0.079104
692893,5.23264
693227,0.059648
693357,8.818176
693438,0.056576
693489,0.021248
693497,7.440128
693507,15.796736
693702,17.317632
693954,0.013824
694086,0.046336
694093,8.461568
694106,5.373184
694355,0.00128
694447,2.621696
694694,2.965248
694713,0.249856
695010,0.059136
695145,0.047872
695212,0.20608
695229,0.02304
695374,13.388032
695643,0.103424
695907,7.209984
696068,0.008704
696092,3.791616
696312,0.069888
696493,8.574464
696598,0.008704
696916,0.104192
697107,2.270976
697696,6.550528
697700,3.462912
698377,3.2064
698404,2.430464
698409,0.325376
698417,0.325376
698508,3.160064
698894,4.429568
698905,1.813248
699108,0.144384
699417,1.106688
699482,0.330752
699499,2.443776
699620,1.636864
700094,2.396416
700356,7.647744
700486,16.671744
700829,0.046336
700972,0.001536
701270,1.407488
701490,0.05248
701648,0.141312
701702,0.34432
701867,1.205248
701893,0.35584
701897,1.32864
702290,0.131072
702369,0.025344
702457,0.007168
702494,1.281024
702497,0.889088
702507,6.875904
702520,96.137984
702613,1.37472
702944,0.00384
702952,0.069632
703013,0.04864
703093,6.656256
703299,0.02688
703301,8.887296
703307,10.256896
703436,0.059904
703480,1.9584
703585,0.013312
703663,0.005376
703705,1.791488
703815,6.89792
703881,0.077824
704284,0.004352
704307,2.360064
704321,0.864256
704409,0.481024
704484,0.116736
704518,0.03072
704582,0.320768
704664,0.933888
704765,2.203392
705074,0.179968
705506,2.312192
705579,1.441024
705638,0.32256
705735,0.731392
705808,0.153088
705952,16.048128
705958,6.345216
705961,0.321536
706106,0.04352
706311,0.545024
706349,0.31104
706606,0.016384
706680,2.275072
706693,2.204928
706697,1.46176
706766,1.227264
706928,0.891904
707046,4.576
707233,1.276672
707293,0.318464
707294,0.096768
707311,0.78848
707527,0.920832
707535,0.507904
707820,0.021248
707893,3.076352
708131,0.29696
708174,98.125056
708277,1.101056
708424,18.191104
708497,18.772992
708558,0.01408
708836,0.059392
708980,0.046592
709247,2.21184
709358,0.126208
709693,1.531392
709702,0.217344
709821,0.039168
710045,0.02304
710260,0.006656
710278,0.025088
710306,0.532224
710392,0.025344
710480,0.00512
710625,0.034048
710674,0.016384
710894,0.12416
711260,0.07936
711356,0.102912
711494,3.08608
711495,1.888512
711511,2.191872
711606,0.00256
711999,0.023296
712093,2.806272
712106,5.337088
712630,17.644544
712805,0.030208
712928,0.5696
712940,0.0448
713145,1.626624
713220,0.005376
713234,0.312832
713340,0.004864
713352,0.01664
713515,0.001792
713736,2.720256
713893,8.61056
713902,3.144704
714208,0.171008
714340,0.030976
714470,1.55904
714496,2.430464
714506,2.046464
715094,5.676288
715580,0.000512
715645,0.02176
715693,28.239104
715876,0.031488
716247,0.230912
716306,0.754688
716630,0.163072
716893,29.418496
717002,0.000512
717208,0.099328
717244,0.584704
717355,0.022528
717390,0.086784
717497,2.659328
717714,0.006144
718093,8.768256
718247,0.082944
718311,0.054016
718328,0.059392
718493,0.03456
718667,0.538112
718693,0.51712
718698,4.836096
718844,0.023296
719018,0.014592
719145,1.713152
719307,3.121664
719509,0.094976
719893,0.047872
720253,0.002048
720330,0.324352
720456,0.02432
720497,2.778112
720507,0.37376
720511,0.091392
721000,0.003584
721097,2.495232
721166,0.012544
721204,0.35712
721443,0.173312
721471,4.040192
722048,0.009984
722155,2.238976
722254,0.14976
722293,0.73088
722298,2.31936
722406,0.063744
722894,3.949568
722906,0.0128
722909,4.317952
723041,0.759808
723368,1.736192
723494,0.744448
723507,3.14496
723738,0.102144
724147,0.032512
724694,1.885696
725014,2.246656
725297,16.84352
725610,0.019968
725681,0.446208
725735,0.18432
725906,1.650944
726496,0.034048
726540,0.101632
726633,0.176128
726696,0.042496
726812,0.115456
727071,8.257536
727114,7.2768
727333,17.914624
727425,0.001792
727625,0.028672
727680,1.921792
727706,1.774336
728297,6.639104
728862,33.125632
728893,7.2
728897,0.275456
729193,2.43712
729284,0.025344
729298,0.083968
729662,0.077312
729692,0.13184
729779,0.01664
729901,1.830912
730034,0.115456
730064,0.993536
730093,0.125952
730106,0.096
730305,0.00896
730697,2.061568
730706,0.449536
731043,0.042752
731071,0.016128
731086,0.05376
731137,0.009984
731782,0.13056
731827,0.004352
731893,0.392448
731990,0.036864
732019,0.049408
732072,0.013568
732439,0.002816
732493,3.08864
732511,2.60096
732760,2.825472
733107,1.196032
733502,0.046592
733694,2.65856
733712,0.1728
733810,6.734592
733932,0.055808
734293,7.647744
734297,2.863616
734313,0.321792
734478,0.023808
734511,0.014848
734879,0.130048
734889,0.009472
734894,0.365312
735174,0.000256
735365,2.491648
735408,1.291776
735493,2.786048
735496,0.297472
735507,4.68864
735621,1.1648
735982,0.263424
736099,2.571776
736299,0.234752
736317,0.23424
736342,7.724032
736676,1.012736
736715,3.751168
736739,33.992448
736852,0.215808
737160,0.051456
737293,0.05888
737294,3.872
737766,4.622848
737893,1.656064
737997,99.399168
738138,0.036352
738318,0.0064
738393,0.06656
738428,0.054528
738493,0.215808
738830,0.04224
738976,0.028416
739043,0.009728
739093,1.965312
739389,0.068096
739522,0.154624
739644,0.094208
739702,7.349248
740293,2.734336
740578,0.016128
740650,0.046848
740820,0.13696
740894,4.194304
740907,4.910848
741031,0.097792
741047,0.011008
741216,0.724224
741282,0.03328
741339,0.995584
741493,7.816192
741507,0.285696
741582,0.1728
741858,0.030464
741925,0.905216
741963,0.970752
742096,7.617792
742103,2.90304
742310,0.009472
742337,1.484544
742693,2.622976
742827,0.039936
742882,0.780032
743004,0.41344
743222,0.128256
743293,0.194304
743296,6.3168
743494,0.480256
743550,0.827136
743672,0.907008
743767,0.760832
743820,1.036288
743892,0.551424
743893,1.018368
743985,0.02304
744446,0.073728
744494,1.987072
744778,0.093696
745093,2.203392
745106,6.347008
745817,4.272128
746048,0.0064
746294,1.808896
746297,5.276416
746890,0.096768
746893,1.05984
746901,5.106688
746972,0.89472
747025,0.010752
747037,0.001536
747494,0.023296
747512,0.002304
747584,0.019456
747620,0.032512
747880,0.03072
748049,0.027136
748097,17.111808
748386,0.137984
748438,11.675136
748539,0.002816
748604,1.068032
748670,0.033024
748694,0.993024
748697,4.835328
749199,0.119808
749258,0.075264
749293,7.874816
749644,0.052992
749910,0.835072
750285,5.522432
750494,4.948224
750565,0.03072
750913,0.281344
751027,0.062208
751094,1.935872
751105,0.026624
751693,7.823616
751798,0.147456
752279,0.141568
752297,16.225792
752473,0.895232
752496,0.4032
752497,0.577024
752499,1.009152
752637,0.000256
752638,2.052352
752645,0.31104
752652,1.06624
752656,4.162048
752825,0.294912
752862,0.838656
752864,0.138496
752886,0.862464
752893,27.306496
752926,0.438784
753180,6.63936
753648,0.009728
753757,16.96128
754099,0.220928
754105,0.622336
754228,0.002304
754270,0.114432
754348,0.028416
754353,0.034048
754516,30.6624
754694,1.413376
754706,0.178944
754714,3.84896
755116,3.199232
755180,0.016384
755299,0.69888
755305,1.03936
755322,6.13888
755368,1.193216
755745,2.516736
755893,6.865152
756025,0.012544
756354,0.147968
756391,0.00256
756408,0.908544
756748,0.091392
756842,0.029696
757048,0.04352
757097,9.118976
757359,0.632832
757390,1.22752
757403,0.729344
757412,1.455104
757518,0.552192
757621,0.252672
757660,99.725568
757784,0.474368
757866,1.4464
758100,0.568576
758130,0.162304
758195,0.172544
758198,0.379136
758296,6.11328
758307,0.128
758308,1.914112
758359,0.261376
758585,0.0896
758640,0.004352
758772,5.773568
758893,0.935424
758909,5.64992
758946,3.723776
758960,4.25088
759134,0.59648
759136,0.79616
759208,0.130304
759350,0.012544
759493,0.852224
759494,3.638272
759567,1.287168
759585,99.355392
759836,1.727744
759856,2.165504
759890,2.668544
759912,3.060992
759935,2.202112
760093,0.533504
760094,0.452096
760116,7.750656
760270,0.052736
760356,0.049664
760366,0.506368
760381,3.891456
760596,1.236736
760632,2.957568
760664,99.507968
761028,1.349376
761101,0.0128
761103,99.529728
761244,0.02432
761294,2.250752
761305,1.253632
761307,2.183168
761380,0.481536
761428,0.960512
761477,0.070144
761490,2.166528
761497,1.91744
761513,1.175552
761529,1.144832
761560,1.630208
761563,3.890176
761615,1.836288
761617,5.938944
761737,0.16896
761739,0.016128
761758,99.234816
761797,0.541696
761853,0.189952
761872,4.409344
761893,4.145408
761909,0.235264
761939,9.458944
762002,0.64768
762005,1.011712
762049,7.634688
762083,2.480896
762101,0.060928
762177,1.332736
762301,0.098048
762369,0.364288
762402,0.873216
762403,1.408512
762531,0.280576
762665,0.009728
762766,0.070912
763005,0.942848
763093,0.626944
763098,1.031168
763203,0.193024
763233,1.26208
763286,0.359424
763350,0.054528
763394,2.097664
763582,0.01792
763586,0.301056
763620,0.306176
763680,2.084352
763701,27.229184
763839,0.582656
763964,0.069632
763984,3.840768
764073,0.3584
764109,0.044544
764128,0.4096
764152,5.67424
764201,0.140288
764214,0.24576
764283,0.20608
764293,7.552512
764327,0.260864
764413,0.314112
764489,0.109312
764494,0.105984
764512,0.343552
764559,0.048896
764749,1.659136
764788,0.207104
764931,0.863744
765011,0.466432
765132,1.447936
765146,2.277888
765219,0.112128
765236,6.237952
765259,2.191872
765260,1.128192
765365,0.0768
765381,0.06016
765494,0.206592
765495,5.160704
765497,2.051584
765542,0.060416
765603,0.0064
765801,0.576
765848,0.476416
765870,2.51008
765929,0.035584
766040,0.044032
766083,5.474048
766150,15.491584
766274,0.0128
766396,1.312256
766450,0.1856
766467,7.06176
766697,3.003648
766822,1.071616
766839,0.271616
767078,2.56
767132,0.007424
767152,5.061632
767185,0.146944
767189,0.163328
767197,0.806656
767227,0.199936
767277,0.074752
767322,0.355072
767382,0.604928
767718,1.230848
767796,2.904832
767848,0.274432
767894,1.258496
767909,5.107968
768008,0.139776
768133,1.925632
768195,5.3248
768511,0.136448
768717,5.419008
768751,2.611712
768814,0.658688
768893,0.9472
769052,0.032768
769064,0.044288
769117,0.20352
769427,0.29312
769543,1.966336
769658,0.13312
769694,1.036288
769698,0.687872
769784,0.813312
769814,0.106496
769834,0.052736
769878,3.521792
769892,0.04096
769915,0.445952
769917,0.754176
769952,12.966912
770132,0.040704
770244,0.053248
770353,4.416
770420,0.122112
770508,0.129024
770613,0.260864
770688,5.466112
770764,2.89664
770855,0.002816
770894,0.151808
770897,1.185024
771053,0.55424
771066,3.889152
771137,0.26368
771138,1.460992
771157,2.910464
771161,4.612864
771419,0.431872
771465,0.51456
771495,4.210176
771561,0.297728
771566,1.060352
771595,4.815104
771681,0.268288
771729,1.266944
771768,0.011264
771778,1.104384
772093,7.550464
772341,0.832256
772487,0.512512
772692,0.044032
772706,1.050112
772871,0.005376
773294,6.043136
773432,0.01664
773738,0.054016
773893,0.162048
774307,1.198336
774386,1.62048
774506,1.790464
774656,0.42496
774731,3.088896
774741,5.766656
774853,0.122368
775083,0.018688
775100,0.116224
775222,0.237824
775273,0.0512
775283,0.955904
775421,0.119808
775685,3.661568
775695,4.475648
775826,0.037632
775875,0.382976
776085,0.088576
776203,0.287744
776277,0.04608
776294,1.535744
776394,0.09088
776429,0.013312
776498,1.229312
776533,4.653568
776554,5.40288
776630,0.092416
776694,0.085504
776699,0.551424
776893,7.629056
776897,3.949056
776977,0.795648
776996,3.379712
777155,5.438208
777312,0.372224
777380,0.368384
777712,2.200832
777757,1.00352
777852,0.929792
778000,0.079104
778044,0.190464
778045,1.432832
778079,5.25312
778179,2.029824
778194,3.704064
778200,2.289664
778282,1.730048
778408,2.841088
778425,0.809728
778430,1.340928
778433,3.88736
778509,0.403968
778524,1.66784
778697,9.439744
778738,0.967936
778759,0.823552
778856,0.431872
778861,98.967552
778878,76.00896
779100,0.574208
779179,0.182272
779230,1.149184
779279,0.937216
779291,0.016384
779313,0.617984
779420,0.156928
779430,0.579072
779558,0.368384
779622,0.112896
779800,0.206848
779893,0.517376
779896,7.133184
779970,0.02304
779978,0.073984
779981,1.009408
779995,5.37344
780048,0.587776
780114,0.399872
780132,0.62464
780149,0.325376
780260,1.776896
780493,0.274432
780500,0.493312
780538,1.2096
780594,0.88704
780635,0.048384
780690,0.37888
780737,0.178944
780748,0.14464
780865,0.004352
780875,0.706304
780943,0.289792
781029,1.177856
781093,0.731648
781202,0.224256
781256,2.550528
781340,0.070144
781538,0.140288
781550,2.432512
781640,4.201728
781661,0.03968
781668,1.558016
781702,1.38368
781736,0.163584
781765,0.758272
781769,0.006144
781771,97.00096
781787,71.095296
781833,6.065408
781903,0.274176
781909,0.029184
781961,3.391744
782055,0.026624
782101,0.083712
782106,0.46592
782128,0.335616
782140,1.215232
782160,0.451584
782175,3.321856
782197,0.216576
782207,100.697856
782298,0.562944
782305,2.194944
782358,1.54496
782398,0.276736
782581,18.05952
782606,11.534848
782703,0.555264
782861,0.317696
782886,0.173568
782918,8.030976
782957,0.699648
782958,0.332544
782967,3.89632
783060,99.612928
783167,0.025088
783232,99.836928
783380,0.405504
783420,0.475392
783493,0.699648
783507,2.083072
783564,1.231104
783596,0.517632
783695,0.375808
783729,0.906496
783809,0.060928
783864,0.24448
783917,1.193984
783940,6.125824
783975,1.641728
783981,0.3904
783986,0.945152
784042,0.017664
784110,0.326656
784163,0.227584
784171,0.00896
784269,0.562688
784299,0.027392
784331,6.94528
784411,0.272896
784443,0.602368
784453,4.044288
784490,8.874752
784551,0.149248
784553,0.388096
784576,0.125696
784629,1.342464
784695,0.054784
784702,8.64896
784745,6.321152
784796,0.150528
784820,0.148224
784830,0.50176
784877,0.569344
785007,0.829696
785016,9.27744
785086,0.105728
785104,0.605952
785106,1.5168
785161,0.077056
785164,0.632576
785218,0.037632
785261,0.2112
785293,27.492864
785343,0.004608
785349,9.824768
785374,0.588032
785393,1.688832
785431,2.119424
785448,0.461824
785484,2.909184
785485,1.412864
785531,2.257152
785586,1.380864
785681,2.40896
785691,3.5776
785734,3.818752
785777,14.305536
785893,5.576192
785950,0.137472
786000,0.798976
786004,4.927488
786006,0.791296
786052,0.097792
786053,0.031744
786054,1.226496
786083,0.201984
786112,0.190464
786121,1.749504
786185,13.074432
786191,91.353856
786270,0.453888
786335,4.388608
786379,0.765696
786413,0.100096
786474,1.794304
786493,0.192768
786506,0.594176
786531,13.090304
786570,4.702208
786599,1.046528
786612,3.291648
786663,0.21248
786679,1.475072
786697,9.864448
786717,0.477184
786747,1.62432
786770,99.527168
786780,63.162112
786814,90.702592
786823,151.442688
786915,7.216128
786918,1.201408
786949,2.016256
786950,1.62304
787003,0.91648
787053,0.10624
787058,0.164096
787067,1.98272
787099,2.211328
787110,6.171648
787208,2.56128
787209,0.181248
787235,1.626624
787264,0.396544
787266,0.697856
787332,99.956992
787336,50.805248
787401,0.151808
787452,1.44128
787524,2.138368
787579,1.979904
787636,5.171712
787693,2.1248
787789,0.454656
787794,0.40448
787814,3.694848
787847,0.058624
787936,0.045056
787937,1.279744
787943,14.50496
787950,0.560896
787998,1.116928
788006,2.742784
788009,3.4368
788063,1.687296
788085,1.332736
788103,5.538816
788173,0.059392
788193,10.59072
788293,0.353792
788297,1.02784
788386,7.493888
788408,0.710912
788458,0.059136
788473,3.79136
788681,1.313792
788723,3.088128
788801,0.671232
788802,1.112576
788893,2.963712
788896,3.051008
789027,0.041984
789030,0.687104
789169,0.030464
789367,0.72192
789396,0.415232
789466,0.051712
789503,0.130816
789509,2.76864
789551,1.377536
789552,2.563072
789554,2.027264
789622,10.825216
789669,5.843712
789706,0.073472
789711,0.048384
789905,100.17408
789974,99.928576
790081,0.26368
790087,0.347904
790094,6.146048
790111,3.350784
790113,0.0128
790255,2.630912
790257,1.037056
790419,99.98592
790584,0.102656
790624,10.646016
790698,0.559104
790703,0.365568
790705,101.402368
790712,51.157248
790872,100.27648
790960,1.07648
790990,0.504576
791024,2.66368
791027,6.164224
791070,2.085632
791119,0.407808
791129,6.194176
791136,89.133824
791199,1.36192
791256,0.712192
791279,0.69888
791280,0.768256
791288,2.540288
791343,0.241664
791467,2.144768
791540,0.870912
791542,0.84224
791551,98.948864
791662,1.127424
791764,0.00768
791780,5.69856
791839,0.395008
791899,0.589312
792052,0.064768
792093,0.888832
792129,0.020992
792164,9.917952
792276,0.070656
792493,26.186752
792497,8.674048
792572,0.027648
792605,0.750592
792647,0.005376
792794,0.004608
792868,0.01792
792891,0.030464
792980,0.097024
793028,3.971584
793057,99.007488
793149,0.04096
793189,0.714752
793208,1.483776
793216,3.164672
793320,0.130048
793342,0.417792
793458,0.329728
793578,0.244992
793644,0.00256
793698,4.325632
793813,0.027136
793976,1.640192
794000,5.054976
794061,0.108544
794135,0.20608
794149,0.55424
794173,1.41824
794174,3.824384
794236,0.618496
794299,1.275648
794345,5.245696
794357,2.35392
794604,0.011008
794667,4.920576
794720,0.060928
794727,0.142592
794729,0.038912
794762,0.079104
794893,9.388544
795034,0.761344
795200,0.193536
795234,0.092928
795332,0.039424
795395,2.763264
795485,3.882752
795488,5.697024
795608,0.816896
795624,1.732096
795626,1.290752
795740,0.420096
795759,0.53248
795773,0.276224
795795,7.143168
795934,0.848384
795935,5.07008
795987,1.268736
795998,7.548416
796040,4.06528
796105,1.470464
796217,1.808896
796240,3.340288
796253,1.423104
796269,2.917888
796271,0.773888
796324,1.88032
796334,0.80128
796392,0.647936
796517,2.089728
796520,7.293696
796544,3.194368
796697,1.664256
796705,0.872448
796816,6.147328
796885,0.196864
796981,2.462208
797073,0.524032
797169,0.044544
797220,2.029312
797291,0.581376
797300,4.81024
797371,0.294656
797541,0.55552
797560,0.7168
797562,0.004608
797603,7.138304
797605,0.427264
797637,3.28704
797668,0.07168
797669,0.80896
797723,0.017408
797829,0.413952
797868,2.635008
797892,6.002944
797983,7.483136
798014,1.415424
798046,0.193792
798128,0.02944
798198,0.015616
798199,0.269568
798206,0.841984
798250,0.048896
798410,0.269056
798484,0.099328
798494,11.127296
798580,0.940288
798620,0.587264
798815,0.160512
798946,0.071168
798966,0.013056
799093,7.529472
799113,4.421632
799166,0.02944
799196,0.080896
799199,0.023296
799327,0.050432
799414,0.038912
799418,1.204992
799435,1.695488
799438,0.854784
799529,10.54208
799694,1.01632
799767,0.270592
799842,5.4784
800003,0.042496
800045,0.082944
800125,2.487296
800159,0.192768
800220,0.375808
800293,0.781056
800471,0.22784
800504,0.261376
800615,1.82784
800845,0.366336
800899,3.262976
801043,0.247296
801145,0.98432
801203,1.001984
801344,1.039616
801387,8.9408
801506,0.2048
801688,1.043456
801880,2.369792
801956,0.909824
802093,0.229376
802106,1.777152
802306,0.218624
802333,0.375296
802459,2.789888
802534,0.051712
802693,7.580416
802770,0.02944
802930,0.073728
803093,1.126656
803280,0.66304
803305,0.890624
803341,0.029696
803367,0.026368
803479,3.20256
803527,3.379456
803553,100.311808
803704,0.394496
803724,3.008512
803799,0.386048
803874,3.485696
803899,3.464448
803962,0.414208
804131,0.01408
804220,0.009472
804263,0.090624
804289,1.023744
804294,0.820992
804332,0.588288
804451,0.02048
804493,7.177472
804544,7.197696
804713,0.10368
804875,0.728832
805038,0.662016
805093,2.699264
805416,0.067328
805579,1.163264
805587,1.376768
805604,3.648
805688,0.140288
805693,2.4192
805694,2.316288
805736,0.078848
805766,1.432576
806023,0.00128
806294,3.670784
806307,0.071936
806312,1.796608
806522,0.12288
806814,4.515072
806894,3.955968
806897,2.41408
806978,0.050176
806990,12.840704
807093,0.023808
807103,0.295168
807351,0.754944
807494,3.18464
807558,0.052224
807598,0.003584
807703,0.015104
807895,0.048384
807919,0.08064
807953,0.096512
808050,0.089344
808070,0.833536
808374,6.343168
808412,0.82688
808631,0.000256
808693,3.133952
808697,3.460096
808823,0.422912
808905,1.586688
809000,0.052224
809026,0.008704
809299,0.728832
809480,0.079104
809894,3.903744
809950,40.41472
810265,2.274304
810493,3.841024
810498,3.423744
810668,26.65984
810866,6.780928
811004,0.095488
811093,3.405568
811450,0.279296
811468,0.071168
811470,1.937152
811645,0.011008
811693,7.548416
811840,0.53504
812279,0.009984
812297,5.587456
812473,0.01408
812630,0.16
812734,0.0384
812767,0.057856
812805,0.43648
812893,2.224128
812906,1.046784
812945,0.475904
813198,0.155648
813258,1.700352
813310,1.409792
813350,9.031168
813502,0.142336
813513,3.36256
813573,0.004608
813581,0.077568
813614,4.696832
813746,5.056768
813868,0.03072
814070,0.209408
814093,6.275072
814106,4.59904
814498,0.165376
814542,0.15872
814623,0.010752
814694,3.763712
814748,0.037888
814798,2.185984
814812,2.474496
814818,6.344192
814888,0.00768
814901,0.054016
814980,0.018688
815294,1.361408
815297,0.16128
815306,0.468736
815314,0.882688
815391,0.346624
815569,0.002304
815677,5.087488
815894,0.072192
815897,6.52544
816246,0.027136
816486,0.043264
816493,26.854144
816616,0.14592
816690,0.036096
816871,0.036096
816876,0.042496
817094,2.036224
817107,0.363776
817112,0.873984
817213,0.903936
817224,0.617984
817234,0.74112
817302,0.213248
817491,4.184832
817540,2.82112
817611,0.105984
817693,2.08768
817741,5.815808
817848,3.499264
818165,0.19968
818178,2.903808
818228,1.277696
818241,0.399104
818243,1.022976
818263,2.5856
818305,0.889088
818363,0.174336
818396,0.331264
818443,0.376576
818447,1.0112
818449,1.186048
818659,0.325888
818663,99.271936
818799,0.219904
818803,0.045312
818894,1.574656
818897,5.341696
818951,3.056128
818984,0.742144
819087,2.202624
819252,0.000768
819403,0.565248
819493,1.067264
819496,5.085184
819507,3.66336
819617,0.314112
819707,4.592384
819938,3.641856
819985,1.269504
820094,5.072128
820097,13.231104
820218,0.36096
820235,0.008704
820279,0.065024
820449,0.219648
820587,0.282624
820698,6.276352
820846,3.840256
820906,38.036736
820957,99.64416
821068,2.424832
821087,1.1392
821095,3.68384
821164,2.719488
821396,0.071168
821440,99.455488
821569,0.013568
821602,0.006144
821605,0.604416
821670,0.018432
821673,98.945792
821803,0.023552
821897,1.056512
821905,1.032192
821967,4.811776
822004,2.78016
822126,99.872512
822221,0.069888
822234,100.278528
822418,0.306688
822494,2.009856
822573,6.842112
822707,0.236032
822758,0.020992
822759,2.503424
822811,0.068352
822978,0.000512
823032,4.194048
823102,0.262144
823297,101.74464
823301,49.69088
823369,1.340928
823434,0.241664
823450,2.550528
823451,3.654656
823637,1.369856
823693,2.93888
823701,0.108544
823767,2.322944
823815,0.117248
823884,0.015104
823919,0.585984
823948,0.015872
824149,0.020992
824279,0.163072
824297,0.094208
824388,0.225792
824512,0.017152
824684,1.808384
824694,0.000768
824780,1.659136
824893,4.497152
824896,4.368896
824931,0.532992
824947,5.73952
825493,1.46432
825534,0.005632
825890,0.060672
826066,0.003584
826079,0.880384
826175,0.06016
826264,1.993728
826356,0.12672
826428,1.147648
826480,1.89312
826500,2.583552
826693,1.080576
826705,3.355648
826722,3.225344
826982,0.179968
827051,1.566976
827300,0.210688
827375,0.042496
827390,1.395968
827482,0.017408
827500,0.100096
827886,0.007936
827893,0.740608
828343,0.04992
828494,1.736704
828529,0.837888
828547,3.941632
828555,0.716544
828579,2.029568
829097,0.380416
829106,1.871616
829254,0.887552
829261,3.779584
829470,0.00512
829473,0.33792
829592,0.07168
829635,10.813952
829696,6.211328
829708,5.315328
829842,1.73824
830045,0.01408
830300,0.955648
830612,0.293888
830620,0.769792
830625,0.795136
830904,2.94272
830913,0.135424
831346,0.03328
831419,0.037632
831506,2.19264
831653,3.972864
831705,3.038208
831833,0.002048
832006,0.020992
832097,9.01376
832179,5.646592
832294,41.649152
832429,0.381952
832431,0.494848
832671,0.086784
832697,15.886848
832862,0.024064
832870,0.742912
832943,0.027136
833014,0.128256
833101,0.029952
833293,0.24064
833295,4.97408
833903,0.38144
834154,1.828096
834434,4.445952
834494,17.73568
834495,0.230656
834633,0.023808
834718,2.344192
834744,1.149696
834963,0.018432
835020,0.013056
835093,0.149504
835098,7.50464
835111,6.160384
835112,5.925888
835208,0.077056
835321,0.083456
835330,0.197376
835332,0.321024
835381,2.80448
835582,0.366848
835645,0.032
835667,0.360192
835693,0.39936
835849,0.17536
836138,0.033536
836211,2.320896
836279,0.553984
836296,5.307136
836693,0.220928
836695,0.097536
836720,1.049088
836721,0.900096
836893,7.528448
837061,2.970624
837145,0.181504
837228,0.019968
837359,3.249664
837414,0.028672
837422,4.361216
837500,0.544256
837512,1.265408
837520,1.547264
837524,0.516608
837792,0.040704
837858,0.095744
838094,1.943552
838095,5.824768
838217,0.315136
838381,1.4848
838433,6.2592
838443,5.3312
838658,0.106496
838675,1.1968
838677,2.021888
838697,0.516864
838705,0.533248
838930,0.200448
839293,1.062656
839297,3.848704
839503,0.381952
839547,0.003328
839866,16.031232
839945,0.16256
840040,9.489664
840133,0.020736
840499,2.03904
840619,0.114176
841097,6.411008
841234,0.016896
841292,7.818496
841561,0.078592
841644,3.815936
841706,1.252096
841846,7.11552
842070,2.897408
842307,0.107008
842470,0.494592
842637,0.052992
842893,1.685248
842906,0.775936
843006,0.036608
843106,0.143104
843674,0.083712
843873,0.027392
844093,0.059392
844099,0.478464
844202,0.147968
844287,0.704512
844643,0.009984
844693,1.314816
844697,16.21888
844734,2.883328
844797,0.139008
844939,0.03328
844974,0.182784
845126,0.003584
845224,0.129536
845293,0.307456
845386,0.064256
845465,0.16256
845550,4.979712
845609,0.606464
845788,1.451264
845825,2.760704
845838,0.89472
845893,0.309248
845906,0.59008
846010,2.734592
846419,0.128512
846456,0.06528
846497,0.356864
846753,0.547072
846925,3.086848
846927,93.602816
847105,1.896704
847163,0.026112
847190,4.615168
847696,2.937344
847707,0.35072
847856,0.583936
847936,0.942848
848090,3.908864
848223,0.082432
848271,3.453184
848293,7.497216
848464,0.021248
848555,0.367872
848752,0.024576
848990,0.577536
849102,0.705024
849194,3.042304
849211,2.729216
849222,3.450368
849542,28.743168
849810,0.051712
849842,0.06144
849890,0.456192
850006,0.0512
850066,0.048896
850106,0.698112
850388,0.141056
850415,0.239616
850563,0.03328
850706,1.60768
850835,0.15616
850848,0.484864
850883,1.342208
850986,2.326272
851026,3.028736
851029,97.139712
851293,2.23232
851625,0.150528
851652,0.038144
851678,0.569856
851707,0.320256
851897,0.164608
851905,1.714688
852002,0.694784
852015,2.857728
852064,2.15296
852210,0.111104
852382,0.164864
852494,1.155328
852507,2.101504
852595,0.051712
852713,99.986432
852928,0.414976
853094,1.965568
853148,0.024064
853280,0.091648
853436,0.217088
853523,0.160768
853668,0.16
853699,0.328448
853704,8.12672
853757,7.134208
853879,2.578176
854001,0.026624
854018,0.51968
854083,0.028416
854277,0.47488
854299,8.548608
854340,0.286208
854415,1.881088
854436,1.88544
854493,0.071936
854496,99.720192
854580,2.22208
854606,0.432384
854619,10.169088
854693,0.94976
854797,0.590336
854815,99.30752
854906,0.480512
855002,0.423168
855080,0.196096
855226,0.197632
855301,0.518656
855322,2.034432
855323,0.116736
855358,1.220096
855359,11.120896
855417,0.635392
855451,0.361216
855452,3.6032
855491,0.155136
855505,0.544512
855530,4.230144
855569,3.469824
855610,2.103808
855631,4.129792
855670,1.183488
855727,0.25984
855769,0.760832
855802,0.2432
855804,0.065024
855846,0.228608
855892,1.591552
855908,0.167168
855959,1.395712
855988,0.037888
856031,0.441088
856048,0.051712
856064,2.105088
856093,7.691008
856097,0.486912
856135,1.50912
856140,10.284288
856253,0.211712
856466,0.267008
856585,28.553216
856694,3.18592
856697,13.15968
856895,36.119296
857019,0.186368
857151,0.029952
857170,1.447168
857464,0.00256
857475,10.477568
857532,2.912
857612,1.391872
857813,0.09216
857881,0.035328
857897,15.449856
857912,0.538368
858066,5.26336
858159,0.090112
858163,17.398272
858193,14.964736
858266,0.199168
858493,7.543552
858531,0.54656
858774,16.882688
859094,0.4864
859097,7.042816
859336,0.498688
859414,0.0192
859705,1.795584
859739,29.682176
859824,1.927936
860130,0.175872
860261,0.813824
860326,0.03456
860424,0.003328
860575,0.16896
860772,0.064768
860898,2.61632
860899,3.751424
861028,0.04992
861226,0.007936
861259,0.008448
861265,0.062976
861595,0.02688
861627,16.9088
861660,0.53248
861724,0.005632
862099,1.359104
862295,0.015616
862346,0.177408
863059,0.003328
863191,0.274176
863240,0.00512
863246,5.891584
863298,0.983552
863306,2.104576
863402,0.00128
863742,0.139264
863776,0.857088
863822,0.118784
863907,3.49696
