sequence_number,time_taken_to_correct_s
2,0.001292544
3,0.000710656
4,0.008059648
19,0.003681536
69,7.1424e-05
75,5.632e-06
92,0.000142848
100,0.000160768
123,1.28e-06
125,7.7312e-05
145,4.7104e-05
159,3.0976e-05
179,7.936e-06
214,7.68e-07
217,2.1504e-05
235,0.00047232
269,0.00102528
295,5.504e-05
315,0.000147712
330,0.00012928
340,1.152e-05
342,3.2e-05
356,0.000101376
375,5.376e-06
377,0.00048896
405,0.000124928
424,3.2256e-05
430,0.000312576
444,6.912e-06
466,2.7904e-05
468,3.1488e-05
493,0.000220928
499,0.006676224
542,4.096e-05
568,8.6272e-05
571,3.072e-05
588,1.152e-05
621,1.8176e-05
630,6.7328e-05
648,2.4064e-05
649,5.9136e-05
652,4.1728e-05
682,1.1264e-05
686,6.1952e-05
712,8.0896e-05
716,2.6624e-05
753,3.3792e-05
763,5.4528e-05
769,1.024e-06
797,6.912e-05
822,2.304e-06
832,0.000132352
859,7.5264e-05
865,4.0448e-05
884,5.2224e-05
891,1.408e-05
904,4.9152e-05
911,1.4592e-05
922,0.000104448
931,3.0464e-05
933,6.7072e-05
940,3.9168e-05
942,2.816e-05
965,9.344e-05
971,8.0384e-05
981,1.8688e-05
993,0.000175872
1010,4.736e-05
1017,0.000483584
1025,0.000157952
1045,0.000413696
1079,2.56e-07
1085,5.0688e-05
1090,1.7408e-05
1094,1.8176e-05
1109,8.5248e-05
1113,8.832e-05
1120,1.7664e-05
1139,7.168e-06
1148,5.632e-06
1163,6.912e-06
1168,0.000109824
1170,8.192e-06
1177,8.2688e-05
1198,7.7056e-05
1201,0.0001216
1221,0.027645952
1305,8.0896e-05
1307,2.6624e-05
1329,8.2432e-05
1339,2.6112e-05
1341,5.12e-05
1352,0.000260352
1361,3.5072e-05
1371,5.76e-05
1381,0.000118528
1402,3.4048e-05
1409,2.4064e-05
1439,4.9408e-05
1441,1.4592e-05
1446,4.7616e-05
1452,1.9456e-05
1456,0.000237312
1494,1.5872e-05
1512,1.3568e-05
1516,6.4e-05
1520,0.00015872
1522,4.864e-06
1523,4.9152e-05
1546,2.2528e-05
1554,0.000188416
1569,0.000126464
1573,8.9856e-05
1590,2.432e-05
1605,3.2768e-05
1624,3.9424e-05
1633,1.152e-05
1644,7.3728e-05
1654,0.000105984
1662,1.7408e-05
1664,1.1264e-05
1681,1.28e-05
1706,0.001472512
1734,4.608e-06
1761,8.1152e-05
1767,1.5616e-05
1789,3.0976e-05
1802,0.000164608
1813,0.00026368
1822,5.8368e-05
1830,8.2176e-05
1831,3.3792e-05
1836,2.1504e-05
1844,8.9344e-05
1849,9.4976e-05
1856,6.9888e-05
1880,1.6384e-05
1906,0.000139264
1919,1.6128e-05
1930,1.2288e-05
1943,1.8176e-05
1945,0.000694528
1964,1.92e-05
1973,8.8832e-05
1979,1.1264e-05
1999,2.1504e-05
2007,0.000170752
2013,8.8064e-05
2015,2.1248e-05
2030,9.216e-06
2040,5.8112e-05
2046,4.608e-06
2063,0.000218112
2070,1.2288e-05
2074,8.064e-05
2088,3.968e-05
2117,3.9168e-05
2129,0.000128512
2146,7.68e-07
2149,7.424e-06
2169,3.1744e-05
2185,8.576e-05
2192,2.688e-05
2199,1.5104e-05
2217,5.632e-06
2236,6.4512e-05
2251,8.5248e-05
2259,1.2288e-05
2264,5.12e-05
2268,7.168e-06
2273,2.4576e-05
2277,3.584e-06
2289,0.000525312
2299,0.000544256
2323,0.000239616
2360,4.224e-05
2382,8.192e-06
2386,0.000105728
2404,0.000820992
2430,4.5824e-05
2438,2.5344e-05
2443,2.56e-07
2449,9.216e-06
2464,1.3056e-05
2468,1.536e-06
2485,2.816e-06
2492,1.792e-06
2499,0.00096
2524,6.0672e-05
2529,0.000126208
2550,2.56e-06
2563,3.968e-05
2565,1.024e-05
2576,2.816e-05
2578,2.9952e-05
2588,8.3712e-05
2590,2.56e-07
2591,5.0944e-05
2626,6.2464e-05
2666,6.6816e-05
2678,6.8608e-05
2692,3.7632e-05
2702,0.000147968
2706,1.7664e-05
2708,8.448e-06
2721,2.56e-05
2728,1.792e-06
2733,0.000161792
2738,3.584e-06
2753,0.000181248
2760,2.5344e-05
2785,1.8688e-05
2788,1.3056e-05
2790,2.56e-05
2795,3.8912e-05
2800,6.9888e-05
2817,0.000886272
2848,0.000146688
2874,0.000149248
2879,9.5744e-05
2886,2.0736e-05
2893,0.00464896
2913,0.001247488
2948,9.984e-06
2963,0.00010752
2976,0.000107264
3015,2.8416e-05
3023,0.00012672
3035,1.024e-06
3047,6.3488e-05
3054,2.5088e-05
3057,1.5616e-05
3084,3.1488e-05
3090,0.000179456
3106,1.6384e-05
3117,0.000193536
3123,0.000103168
3142,1.024e-06
3146,5.1968e-05
3151,0.00010368
3168,7.424e-05
3180,0.000720384
3183,0.00130944
3208,2.9696e-05
3222,2.2016e-05
3238,3.8656e-05
3247,3.6352e-05
3249,1.28e-05
3252,3.2256e-05
3257,0.000105728
3283,0.000165888
3288,1.2288e-05
3297,2.6624e-05
3309,0.0001088
3324,1.8432e-05
3328,7.5264e-05
3345,6.4e-06
3347,9.728e-06
3378,8.2688e-05
3381,9.1136e-05
3392,4.6848e-05
3399,2.6624e-05
3404,0.000111104
3407,1.7152e-05
3409,8.3456e-05
3431,0.000787712
3480,2.816e-06
3482,2.304e-05
3494,0.0002624
3498,0.001078016
3533,8.448e-06
3550,6.1952e-05
3555,3.2e-05
3567,6.144e-06
3577,7.9616e-05
3588,1.664e-05
3605,2.0992e-05
3615,0.000145408
3629,2.7136e-05
3642,6.0416e-05
3689,4.48e-05
3691,0.000110848
3700,7.168e-05
3722,2.4064e-05
3724,3.6864e-05
3734,3.1232e-05
3744,0.000206336
3768,5.6576e-05
3776,5.5552e-05
3791,2.5088e-05
3826,1.4592e-05
3853,2.56e-05
3858,6.656e-06
3861,7.936e-06
3873,7.168e-06
3884,2.8416e-05
3887,4.7872e-05
3891,5.6576e-05
3901,2.0736e-05
3911,6.4e-06
3919,0.000173568
3925,1.3056e-05
3932,6.2464e-05
3945,5.1456e-05
3954,4.864e-06
3977,5.888e-06
3991,0.000202496
4006,3.3536e-05
4013,6.4768e-05
4016,6.784e-05
4021,3.3024e-05
4027,9.7536e-05
4029,6.8864e-05
4032,1.4336e-05
4044,0.002797312
4064,2.816e-05
4084,0.000182528
4093,0.001424896
4098,0.000502272
4106,0.002870016
4161,9.1136e-05
4172,2.2272e-05
4195,1.3056e-05
4213,1.792e-06
4217,6.656e-05
4225,9.1648e-05
4234,9.5744e-05
4243,0.000162048
4256,2.8928e-05
4280,8.3712e-05
4292,0.000122368
4303,5.3504e-05
4309,3.4816e-05
4337,3.328e-05
4370,4.7104e-05
4380,6.2976e-05
4388,4.096e-05
4422,1.152e-05
4427,1.8688e-05
4428,2.7904e-05
4433,0.000274688
4466,1.9712e-05
4472,1.0496e-05
4480,6.8864e-05
4488,0.000146432
4493,4.48e-05
4496,4.7616e-05
4503,0.000104704
4510,4.096e-06
4523,2.6112e-05
4533,3.0976e-05
4536,2.5344e-05
4547,6.144e-06
4560,5.5296e-05
4572,5.0432e-05
4577,5.0176e-05
4587,3.328e-06
4599,0.000121344
4601,0.000185344
4634,1.4336e-05
4654,2.56e-05
4676,6.1184e-05
4678,2.176e-05
4683,2.5856e-05
4689,1.792e-06
4696,1.024e-05
4699,5.5296e-05
4704,0.000200704
4706,0.00135552
4729,3.4816e-05
4742,6.3232e-05
4746,5.888e-05
4778,2.3296e-05
4801,6.1696e-05
4806,0.000118272
4809,3.584e-06
4811,2.048e-06
4823,0.000169728
4854,2.6624e-05
4864,4.3776e-05
4866,5.0944e-05
4870,3.584e-05
4883,2.176e-05
4891,2.1248e-05
4903,2.6624e-05
4913,3.4304e-05
4920,1.4336e-05
4921,0.000132608
4942,8.192e-06
4944,8.9344e-05
4953,6.8352e-05
4972,0.000241408
4976,7.68e-05
4984,4.4032e-05
4997,2.0992e-05
5000,3.9936e-05
5012,0.000116992
5021,8.192e-05
5032,5.2992e-05
5043,0.001060864
5062,9.216e-06
5076,1.3056e-05
5086,1.5872e-05
5096,1.664e-05
5112,0.000158976
5131,4.0448e-05
5144,7.424e-06
5150,0.000107264
5159,1.9712e-05
5171,3.84e-05
5174,7.3216e-05
5184,1.536e-05
5191,5.7344e-05
5195,1.3568e-05
5216,3.0976e-05
5226,4.1472e-05
5232,9.2672e-05
5241,7.1936e-05
5246,0.000223488
5261,4.992e-05
5271,2.816e-06
5294,2.2528e-05
5296,6.528e-05
5297,0.001130496
5321,1.7152e-05
5366,8.96e-05
5386,0.000130304
5388,4.352e-05
5390,1.4592e-05
5392,2.3552e-05
5398,0.000130816
5426,8.704e-06
5435,3.072e-05
5446,2.2016e-05
5456,0.000175616
5472,4.3776e-05
5479,2.1248e-05
5484,6.1952e-05
5487,6.912e-06
5493,2.1248e-05
5499,9.9328e-05
5514,0.000137984
5532,5.7088e-05
5546,1.0752e-05
5551,5.7088e-05
5559,1.5616e-05
5571,6.3744e-05
5583,1.8688e-05
5586,0.000123648
5594,0.000164096
5610,2.048e-06
5633,5.1968e-05
5640,9.4464e-05
5659,7.68e-06
5666,0.000114688
5674,8.6784e-05
5694,5.4016e-05
5700,4.9152e-05
5702,1.8944e-05
5714,5.376e-06
5732,0.000144384
5761,9.216e-06
5766,3.072e-06
5776,1.9456e-05
5788,3.968e-05
5790,2.9696e-05
5794,4.1472e-05
5822,7.168e-06
5835,3.1232e-05
5855,7.3472e-05
5862,4.096e-05
5892,6.2464e-05
5894,0.006984192
5897,0.005717504
5964,5.76e-05
5970,2.5344e-05
5982,5.8112e-05
5996,4.8896e-05
6000,0.00010368
6017,7.3984e-05
6020,3.5072e-05
6045,3.4048e-05
6052,6.8096e-05
6072,3.7888e-05
6092,1.6896e-05
6096,1.5104e-05
6102,0.000109568
6112,0.000227584
6126,3.456e-05
6145,1.9456e-05
6148,8.96e-06
6164,3.2768e-05
6186,6.0928e-05
6191,8.3712e-05
6213,8.4736e-05
6221,4.3264e-05
6235,4.48e-05
6248,0.000438528
6270,3.8912e-05
6320,0.000165888
6329,2.3808e-05
6334,1.1264e-05
6336,1.1776e-05
6368,0.00013952
6373,6.5792e-05
6384,2.56e-07
6394,6.3232e-05
6396,6.7072e-05
6401,4.864e-05
6408,2.8928e-05
6417,0.003549184
6468,1.5616e-05
6487,8.5248e-05
6500,0.000662016
6507,0.006105088
6550,5.8112e-05
6558,3.6096e-05
6572,1.792e-06
6588,6.4512e-05
6595,7.424e-05
6597,1.4336e-05
6599,8.96e-06
6602,1.6896e-05
6636,0.000117504
6655,0.00010112
6664,4.5312e-05
6666,9.4464e-05
6673,2.2784e-05
6686,2.944e-05
6701,9.728e-06
6703,3.456e-05
6707,1.6384e-05
6718,1.4592e-05
6724,0.000129024
6744,1.024e-06
6752,5.0688e-05
6771,8.192e-06
6774,3.2768e-05
6783,0.000139264
6793,4.352e-06
6807,0.000146688
6811,9.856e-05
6824,4.4032e-05
6826,4.5056e-05
6845,0.000581376
6863,0.000144896
6878,5.376e-06
6883,4.608e-06
6904,4.352e-05
6912,0.000126976
6919,9.984e-06
6925,4.352e-06
6932,0.000107264
6939,2.0992e-05
6950,9.6512e-05
6955,5.0176e-05
6963,5.2736e-05
6976,3.1488e-05
6979,0.000124928
6987,0.000950016
7020,0.000100864
7033,2.2528e-05
7037,2.432e-05
7058,0.000406272
7074,3.6864e-05
7084,2.7392e-05
7091,3.1744e-05
7093,0.002180608
7094,0.000313856
7105,0.001445632
7111,0.002815232
7135,7.2704e-05
7153,4.608e-06
7189,0.00012288
7205,0.000105216
7214,0.000194048
7222,1.28e-06
7225,8.96e-06
7255,3.072e-06
7283,7.2704e-05
7292,0.000132864
7295,2.5344e-05
7300,6.9376e-05
7312,1.536e-06
7339,4.5568e-05
7342,6.1952e-05
7346,6.144e-05
7368,5.0432e-05
7374,2.9952e-05
7383,1.152e-05
7406,0.000109056
7408,6.5792e-05
7417,1.3312e-05
7435,2.0224e-05
7448,1.792e-05
7458,3.8656e-05
7462,0.000271104
7478,1.9712e-05
7483,8.704e-05
7485,2.2528e-05
7501,2.0736e-05
7518,1.0752e-05
7533,5.888e-05
7541,3.584e-06
7547,2.5856e-05
7558,1.3568e-05
7568,1.1776e-05
7570,9.472e-06
7584,8.448e-06
7585,5.6064e-05
7595,5.12e-07
7617,7.68e-07
7624,5.632e-06
7632,1.664e-05
7636,5.0432e-05
7651,1.0752e-05
7658,0.000171008
7670,0.001536256
7671,0.00224768
7705,0.00369152
7759,2.3552e-05
7761,0.00010112
7764,2.688e-05
7803,0.000137728
7815,1.7152e-05
7820,1.536e-05
7830,0.000177152
7839,4.6592e-05
7847,9.5744e-05
7854,0.000125696
7859,0.002152448
7892,4.6336e-05
7916,8.192e-05
7933,2.0992e-05
7943,2.432e-05
7949,6.8608e-05
7955,1.3312e-05
7963,0.000102912
7976,0.000146432
8012,0.000120576
8015,6.3744e-05
8026,1.024e-05
8036,4.224e-05
8038,3.328e-05
8053,0.000184064
8066,3.4048e-05
8088,8.5248e-05
8101,1.792e-06
8103,0.000946944
8126,0.000210688
8143,4.096e-06
8155,6.272e-05
8165,2.56e-06
8171,1.792e-05
8187,7.936e-05
8189,1.408e-05
8204,4.8896e-05
8213,1.7152e-05
8216,1.536e-05
8219,1.9456e-05
8227,0.000121856
8236,0.000215552
8256,8.2688e-05
8293,0.006669568
8298,0.006284544
8307,0.004598272
8379,2.816e-05
8402,5.888e-06
8406,1.92e-05
8407,7.8848e-05
8427,9.9328e-05
8429,3.8912e-05
8433,1.792e-05
8435,0.002271744
8469,3.072e-05
8493,4.864e-06
8499,9.8048e-05
8501,1.792e-05
8514,6.5536e-05
8516,1.792e-06
8522,0.00129664
8563,7.6288e-05
8567,2.0224e-05
8578,3.6096e-05
8589,0.000281856
8597,0.000502272
8622,5.12e-05
8626,5.1456e-05
8655,2.304e-05
8664,5.4784e-05
8672,9.6768e-05
8723,6.6304e-05
8728,1.3312e-05
8732,1.7408e-05
8750,5.632e-06
8774,5.5296e-05
8777,2.3552e-05
8784,0.00092032
8810,0.000122368
8819,4.096e-05
8829,2.9952e-05
8868,0.00019584
8884,1.4336e-05
8896,0.00684672
8906,0.000334336
8951,6.6048e-05
8953,8.0128e-05
8956,0.000250112
8981,9.984e-06
8985,3.328e-06
8992,1.0752e-05
9004,0.000225024
9024,5.12e-05
9026,0.000159744
9032,6.6816e-05
9042,9.6512e-05
9054,2.5344e-05
9071,6.0672e-05
9074,7.296e-05
9080,3.9936e-05
9084,9.984e-06
9095,0.000129024
9113,0.000167424
9114,0.000123904
9121,8.4224e-05
9124,2.7904e-05
9129,9.472e-06
9154,2.304e-06
9158,3.2256e-05
9161,3.328e-06
9166,4.6848e-05
9181,5.1456e-05
9185,5.2736e-05
9201,7.68e-05
9208,1.8944e-05
9213,1.28e-06
9225,0.000183552
9231,0.000139776
9235,3.4816e-05
9241,6.912e-06
9244,7.424e-06
9261,4.1216e-05
9263,3.584e-05
9279,0.000100352
9293,0.000202496
9312,2.2272e-05
9325,1.3056e-05
9328,8.5504e-05
9348,0.00023552
9431,7.6288e-05
9438,0.000273664
9443,0.000122112
9448,2.816e-06
9470,7.0912e-05
9478,7.424e-06
9493,0.0040448
9507,0.001193472
9553,3.5072e-05
9576,1.5872e-05
9582,4.5056e-05
9588,3.456e-05
9590,0.000102144
9593,4.608e-05
9603,1.792e-05
9608,2.2528e-05
9619,5.376e-06
9620,2.3808e-05
9625,7.4752e-05
9633,5.12e-07
9639,8.96e-06
9654,1.8688e-05
9656,4.096e-06
9659,1.6896e-05
9677,4.0448e-05
9688,6.656e-06
9718,6.8864e-05
9720,1.1264e-05
9730,0.00020352
9739,2.816e-06
9748,1.792e-05
9767,8.6272e-05
9770,3.968e-05
9785,2.688e-05
9794,7.168e-06
9798,2.6368e-05
9802,4.224e-05
9832,2.9184e-05
9844,2.56e-07
9854,7.4752e-05
9856,4.352e-05
9859,1.1264e-05
9887,0.000150016
9889,2.4832e-05
9892,1.5104e-05
9913,2.8672e-05
9927,4.6336e-05
9932,2.8928e-05
9942,3.6864e-05
9944,4.2496e-05
9969,3.1488e-05
9971,5.3248e-05
9974,2.56e-05
9993,4.1728e-05
10001,5.12e-07
10030,5.632e-06
10032,0.000307712
10044,0.000100096
10051,1.6128e-05
10072,3.0976e-05
10085,4.9664e-05
10093,0.001159424
10097,0.009963776
10106,0.001004032
10153,5.6064e-05
10162,3.3792e-05
10170,2.688e-05
10177,1.3568e-05
10181,1.0496e-05
10198,0.000172288
10216,0.000101888
10218,8.704e-05
10232,1.6128e-05
10238,1.28e-05
10241,0.000146688
10268,4.2496e-05
10275,3.328e-06
10281,9.472e-06
10283,2.3808e-05
10285,5.5808e-05
10304,2.0224e-05
10312,8.96e-06
10315,0.00015616
10335,0.000118784
10341,3.2512e-05
10351,0.000321536
10371,7.68e-06
10373,6.8352e-05
10379,0.000103424
10405,0.0001088
10412,0.000134912
10429,1.6896e-05
10449,0.000129536
10460,2.4064e-05
10483,5.8368e-05
10494,4.8128e-05
10499,4.5824e-05
10506,0.00021376
10510,7.68e-07
10530,1.6128e-05
10535,8.6272e-05
10544,8.32e-05
10550,2.432e-05
10593,2.304e-05
10604,0.000152576
10621,1.3056e-05
10622,2.048e-05
10625,1.5872e-05
10629,6.144e-05
10641,9.2672e-05
10646,6.0416e-05
10652,0.000108032
10659,1.2544e-05
10672,0.000119296
10693,0.000744704
10717,8.1152e-05
10724,7.7824e-05
10729,4.1472e-05
10746,4.6848e-05
10759,0.000396544
10773,3.4304e-05
10785,2.2016e-05
10800,0.000164608
10816,0.00019072
10847,8.192e-05
10850,2.2784e-05
10861,0.000179968
10875,2.56e-05
10877,0.000163072
10885,0.000119808
10905,1.8432e-05
10917,0.000162048
10920,5.376e-06
10935,0.000117248
10954,2.4064e-05
10960,1.6896e-05
10984,2.6112e-05
10989,2.5856e-05
10991,3.9168e-05
11024,2.8416e-05
11028,0.00010368
11047,3.8912e-05
11088,0.000222976
11092,7.936e-06
11108,7.3216e-05
11123,4.352e-06
11126,6.3488e-05
11127,2.816e-06
11146,4.736e-05
11148,4.1472e-05
11158,0.000119808
11182,9.1648e-05
11184,5.0176e-05
11186,3.4304e-05
11210,0.000165376
11229,5.6832e-05
11243,1.3568e-05
11250,5.0688e-05
11256,8.704e-06
11259,1.4592e-05
11275,0.00017024
11292,7.7312e-05
11295,8.064e-05
11303,7.9104e-05
11316,3.5072e-05
11322,0.000156928
11342,0.0001984
11346,0.001003776
11375,2.048e-05
11383,2.2528e-05
11394,7.3728e-05
11396,5.1456e-05
11400,7.8848e-05
11436,8.1664e-05
11455,4.48e-05
11458,0.000206592
11473,7.2448e-05
11476,1.5616e-05
11485,4.096e-05
11492,7.04e-05
11503,1.3568e-05
11522,7.0912e-05
11526,0.00011392
11538,5.6064e-05
11550,8.6528e-05
11558,2.8416e-05
11563,1.1008e-05
11573,9.0112e-05
11598,8.32e-05
11602,4.9408e-05
11609,5.376e-05
11651,7.3984e-05
11653,9.216e-05
11666,0.000153344
11683,2.7136e-05
11698,3.0464e-05
11704,1.7408e-05
11720,4.4032e-05
11744,0.00143232
11778,5.9648e-05
11794,0.000242176
11800,2.0992e-05
11810,1.6128e-05
11836,6.016e-05
11842,6.144e-05
11857,5.632e-06
11859,1.5872e-05
11862,0.000104704
11868,9.984e-06
11886,0.000283648
11893,0.016451072
11960,3.6608e-05
11981,3.712e-05
12007,3.4816e-05
12009,8.1408e-05
12021,0.000197632
12024,6.3232e-05
12040,4.7104e-05
12048,8.5504e-05
12082,5.1712e-05
12089,2.9184e-05
12106,9.3184e-05
12113,2.56e-07
12126,8.6528e-05
12148,1.152e-05
12154,0.000105472
12168,6.2976e-05
12174,0.00010496
12201,2.688e-05
12220,1.9968e-05
12233,0.000101376
12254,4.0448e-05
12291,9.5232e-05
12319,6.5536e-05
12325,7.936e-06
12333,3.712e-05
12335,0.000110592
12349,6.6048e-05
12373,2.048e-06
12377,8.448e-06
12385,9.6768e-05
12396,2.6624e-05
12401,2.2528e-05
12404,3.5584e-05
12409,0.000110336
12421,1.4848e-05
12423,0.001181952
12442,2.9952e-05
12461,3.0976e-05
12466,7.6032e-05
12488,1.2544e-05
12494,0.0001088
12504,5.6832e-05
12510,6.656e-06
12519,0.00011648
12525,4.0704e-05
12529,2.7136e-05
12541,3.072e-06
12560,6.1696e-05
12574,1.28e-06
12576,1.152e-05
12604,4.9408e-05
12612,0.000139008
12618,0.000110336
12620,9.216e-06
12631,2.2784e-05
12636,1.536e-06
12640,5.632e-06
12641,1.1008e-05
12650,4.7104e-05
12665,8.2688e-05
12674,0.000114944
12699,0.000230656
12753,9.0112e-05
12758,3.2512e-05
12769,0.00117632
12800,1.0752e-05
12834,4.9664e-05
12837,2.6624e-05
12869,0.00017408
12872,6.4e-06
12882,8.96e-06
12884,3.328e-05
12888,0.000230656
12896,0.000202496
12919,5.5808e-05
12931,0.000108032
12935,4.864e-06
12944,1.9456e-05
12954,2.56e-05
12962,8.7808e-05
12967,5.0944e-05
12972,2.0992e-05
12982,0.000104448
12988,4.0192e-05
13002,3.584e-06
13003,2.7392e-05
13005,3.456e-05
13031,9.0368e-05
13041,3.3536e-05
13046,0.000442624
13086,8.6272e-05
13090,9.1648e-05
13092,6.9632e-05
13093,0.00014592
13103,5.5808e-05
13106,0.003144448
13167,5.376e-06
13173,0.00011648
13177,2.56e-07
13182,1.8432e-05
13184,5.888e-06
13210,7.2192e-05
13226,4.096e-05
13235,1.792e-06
13246,4.48e-05
13264,3.072e-06
13265,0.000260352
13297,0.000273152
13332,8.6272e-05
13339,4.9408e-05
13345,1.92e-05
13349,5.888e-05
13352,1.4336e-05
13365,4.1216e-05
13376,2.56e-07
13382,8.704e-05
13405,2.0992e-05
13418,0.000169728
13422,0.000146176
13437,7.2704e-05
13454,1.2288e-05
13457,7.68e-06
13463,0.000174592
13468,5.6576e-05
13476,4.9664e-05
13483,1.0496e-05
13490,1.3056e-05
13501,0.000241408
13510,7.4752e-05
13519,3.4048e-05
13527,3.1488e-05
13563,0.000130048
13575,9.9328e-05
13582,4.8384e-05
13591,5.0944e-05
13601,5.888e-06
13602,0.0001152
13610,0.000175104
13613,2.8672e-05
13662,7.6544e-05
13668,5.376e-06
13678,8.2688e-05
13680,0.000196096
13690,2.7904e-05
13698,6.6048e-05
13700,0.00137344
13734,0.00011264
13755,0.000122112
13768,4.9408e-05
13781,3.1744e-05
13783,7.3728e-05
13793,9.344e-05
13802,2.3552e-05
13812,0.000131072
13825,5.376e-06
13849,4.6592e-05
13865,0.012111104
13909,0.000265984
13919,1.3824e-05
13940,0.000125952
13967,9.1392e-05
13975,0.00020736
13984,3.2256e-05
13986,9.0112e-05
13992,6.0416e-05
14002,5.12e-06
14004,6.2464e-05
14007,2.0992e-05
14023,0.000122624
14041,5.888e-06
14044,0.000119296
14049,1.536e-06
14065,5.4016e-05
14070,1.4592e-05
14074,6.8352e-05
14081,7.5008e-05
14088,5.5552e-05
14116,4.8896e-05
14148,0.000929024
14163,1.5104e-05
14182,2.56e-07
14188,3.84e-06
14218,6.7328e-05
14224,0.000165888
14235,0.000111104
14241,1.2288e-05
14280,1.7408e-05
14282,1.536e-06
14286,4.0448e-05
14296,6.0928e-05
14298,3.2256e-05
14300,0.000769792
14325,0.000167168
14329,0.00011392
14339,3.2768e-05
14341,2.0736e-05
14346,4.5056e-05
14361,0.000243712
14396,3.5584e-05
14411,9.728e-06
14416,5.2736e-05
14432,0.000119552
14457,0.000130816
14468,1.1264e-05
14477,0.004237056
14512,7.0656e-05
14519,9.6e-05
14532,2.9184e-05
14538,0.019877632
14593,1.6128e-05
14598,8.3456e-05
14600,6.8352e-05
14630,9.728e-06
14636,6.784e-05
14655,9.1648e-05
14673,1.2288e-05
14685,0.000171776
14691,9.856e-05
14715,2.3296e-05
14718,0.000129536
14723,0.000603136
14734,9.1904e-05
14750,1.28e-06
14751,4.7872e-05
14755,1.4336e-05
14762,6.656e-06
14767,0.000111872
14783,9.6512e-05
14824,4.352e-06
14849,2.816e-06
14867,4.3776e-05
14871,1.2032e-05
14873,0.000153088
14890,0.000918016
14906,0.001969664
14908,0.000790272
14938,2.6112e-05
14944,2.816e-06
14962,0.00740608
15033,4.6336e-05
15050,8.96e-06
15059,2.56e-05
15082,3.6096e-05
15085,3.2512e-05
15094,9.9584e-05
15108,8.6016e-05
15120,0.000243456
15168,4.864e-06
15173,3.5328e-05
15187,2.5088e-05
15199,4.3776e-05
15203,2.048e-05
15212,0.000115712
15228,2.4832e-05
15235,6.144e-05
15254,7.9872e-05
15260,1.536e-05
15266,0.000140032
15280,8.448e-06
15289,7.0144e-05
15305,8.96e-05
15313,3.9936e-05
15318,4.5312e-05
15330,0.000175616
15338,6.144e-06
15356,8.832e-05
15373,2.3552e-05
15389,4.608e-05
15394,4.992e-05
15424,0.000115968
15435,0.00010112
15449,0.00010624
15452,1.92e-05
15483,3.2512e-05
15492,0.000118528
15493,0.002951168
15494,0.0025664
15512,0.002560256
15555,0.00013824
15561,5.4016e-05
15579,0.00011008
15581,0.000158976
15611,2.304e-06
15622,9.1136e-05
15630,9.5232e-05
15656,2.9184e-05
15680,2.4832e-05
15688,3.072e-06
15690,4.864e-05
15716,3.0464e-05
15722,7.04e-05
15757,2.2784e-05
15769,1.6128e-05
15798,0.000116736
15805,1.3824e-05
15807,3.84e-06
15816,5.4784e-05
15820,1.152e-05
15833,0.000100096
15855,0.000146176
15857,3.2e-05
15864,1.536e-05
15881,4.736e-05
15882,3.8144e-05
15897,0.000184832
15905,0.00011392
15909,1.9456e-05
15933,1.536e-06
15948,0.00010624
15973,1.4336e-05
15997,3.328e-06
16004,9.1904e-05
16008,0.000109568
16041,1.6128e-05
16066,4.224e-05
16067,4.9664e-05
16072,0.000102912
16094,0.001013504
16106,0.000347136
16111,0.001120256
16140,4.9664e-05
16148,9.344e-05
16157,5.6832e-05
16163,5.0176e-05
16168,4.096e-05
16187,2.56e-06
16195,1.8688e-05
16204,0.000137216
16216,8.6528e-05
16224,8.7296e-05
16249,1.92e-05
16257,7.296e-05
16305,5.9904e-05
16318,0.000127744
16323,9.216e-06
16329,9.216e-06
16332,6.0672e-05
16336,9.7024e-05
16358,6.656e-05
16364,2.7136e-05
16366,7.8848e-05
16379,5.4272e-05
16384,0.000113408
16392,1.8432e-05
16409,9.6e-05
16417,1.0496e-05
16418,1.152e-05
16424,6.144e-05
16434,0.000133888
16448,0.000116224
16452,1.152e-05
16473,0.000136448
16511,3.7376e-05
16524,2.9184e-05
16526,5.376e-06
16535,2.2016e-05
16540,5.248e-05
16563,1.536e-06
16575,1.792e-06
16593,2.432e-05
16599,5.9904e-05
16603,7.7312e-05
16613,6.4e-06
16618,5.3504e-05
16633,6.7328e-05
16648,4.224e-05
16656,3.9424e-05
16669,5.8624e-05
16676,0.000108032
16689,1.8432e-05
16696,8.704e-05
16698,1.28e-06
16706,0.002332672
16739,7.7312e-05
16764,1.8176e-05
16776,6.2464e-05
16780,0.000139008
16799,0.000112384
16819,1.0752e-05
16826,2.5088e-05
16833,3.9936e-05
16839,9.728e-06
16845,7.3984e-05
16848,0.000137472
16878,6.9376e-05
16885,2.2784e-05
16900,6.1952e-05
16912,6.6048e-05
16924,5.888e-05
16940,4.5312e-05
16956,3.1744e-05
16960,2.944e-05
16962,1.7664e-05
16974,5.6832e-05
17008,8.448e-05
17032,8.448e-05
17043,5.6064e-05
17049,0.000105984
17067,8.704e-06
17070,0.000166144
17083,9.344e-05
17092,0.000113408
17096,9.2928e-05
17116,2.8672e-05
17119,3.0208e-05
17121,1.6128e-05
17150,1.0752e-05
17158,2.2784e-05
17166,0.00010112
17168,2.5344e-05
17190,4.736e-05
17208,4.6592e-05
17226,0.000119808
17258,0.000128768
17267,9.728e-06
17280,6.4512e-05
17290,6.7072e-05
17303,1.536e-06
17306,0.006543872
17399,1.6128e-05
17409,2.048e-06
17424,4.5568e-05
17427,0.000123392
17431,1.28e-05
17451,3.328e-06
17461,5.888e-06
17464,7.4496e-05
17478,2.3808e-05
17513,1.28e-05
17519,1.4848e-05
17537,4.864e-06
17540,1.1008e-05
17556,0.000243968
17562,2.0992e-05
17579,0.000165632
17613,7.68e-06
17626,7.296e-05
17628,9.2416e-05
17635,0.000166656
17652,3.0464e-05
17677,9.728e-06
17685,2.3296e-05
17690,6.7328e-05
17706,7.7824e-05
17716,0.000100608
17718,4.5056e-05
17734,4.096e-06
17742,4.5568e-05
17767,1.2032e-05
17778,3.9936e-05
17780,9.6512e-05
17800,8.7552e-05
17806,5.6064e-05
17817,3.0464e-05
17819,1.7664e-05
17829,0.000198144
17890,6.144e-06
17893,0.000721408
17894,6.912e-05
17906,2.3296e-05
17953,3.1232e-05
17972,9.4976e-05
17974,2.304e-05
17993,7.3472e-05
17996,2.1248e-05
18011,4.6592e-05
18021,9.7792e-05
18026,0.000273152
18054,9.6512e-05
18076,2.9184e-05
18078,6.784e-05
18096,3.1232e-05
18113,1.408e-05
18115,2.0736e-05
18121,3.8912e-05
18126,0.000180224
18144,6.8352e-05
18174,4.4032e-05
18180,1.28e-06
18186,3.9936e-05
18190,3.328e-06
18192,0.000225792
18194,2.5344e-05
18205,3.0464e-05
18221,4.7872e-05
18230,4.6848e-05
18244,7.936e-06
18247,6.8352e-05
18251,3.1744e-05
18260,3.4048e-05
18270,8.448e-06
18289,2.176e-05
18296,5.376e-05
18305,5.248e-05
18326,1.3568e-05
18334,1.9712e-05
18346,8.4736e-05
18350,0.000131328
18378,2.8672e-05
18385,8.448e-06
18393,0.00011264
18399,4.2496e-05
18403,3.072e-06
18413,6.2208e-05
18452,3.9936e-05
18459,0.000134912
18461,1.664e-05
18466,6.784e-05
18473,6.016e-05
18490,1.4592e-05
18494,0.000356096
18514,5.4272e-05
18526,3.84e-05
18533,0.000366592
18550,0.000138752
18560,0.000246272
18570,4.1984e-05
18580,3.584e-05
18598,7.5008e-05
18603,0.000150272
18625,2.688e-05
18627,3.6864e-05
18650,0.000139008
18659,4.1984e-05
18680,5.12e-06
18697,2.816e-06
18703,8.0128e-05
18704,0.000183296
18717,0.000178944
18733,6.5536e-05
18742,2.7392e-05
18746,6.0416e-05
18751,9.8304e-05
18763,0.00011392
18771,4.5056e-05
18773,4.7616e-05
18778,5.8624e-05
18791,0.000101376
18811,0.00010496
18832,1.8688e-05
18835,5.376e-06
18838,4.1728e-05
18847,3.8656e-05
18889,3.8656e-05
18898,0.000122112
18912,3.3536e-05
18927,9.1136e-05
18952,6.4256e-05
18965,1.3312e-05
18971,7.168e-05
18978,7.68e-07
18985,8.96e-06
19026,7.7824e-05
19032,1.28e-06
19059,4.7872e-05
19061,2.9952e-05
19063,3.072e-06
19075,7.68e-06
19082,3.072e-06
19090,1.024e-06
19094,0.000102656
19097,0.0101632
19140,0.025201408
19203,1.792e-06
19226,6.016e-05
19232,0.000100096
19246,0.00011136
19253,6.7584e-05
19260,2.048e-05
19265,1.8432e-05
19272,4.3264e-05
19279,4.1472e-05
19289,1.9968e-05
19294,0.000180992
19303,0.00014464
19306,2.8928e-05
19311,6.6304e-05
19331,0.000114944
19352,1.1264e-05
19358,1.792e-06
19359,8.1152e-05
19380,6.6304e-05
19396,2.9952e-05
19430,8.96e-06
19437,1.28e-05
19452,5.504e-05
19454,1.3568e-05
19456,7.8592e-05
19493,6.144e-06
19507,8.448e-06
19510,7.3728e-05
19520,2.176e-05
19526,7.7056e-05
19548,0.000204288
19550,0.000190976
19555,5.0432e-05
19578,3.5584e-05
19584,2.2016e-05
19591,5.4784e-05
19596,0.00012672
19612,7.9104e-05
19614,0.00010496
19617,0.000132864
19638,7.1424e-05
19656,1.28e-06
19660,0.000141056
19668,2.7648e-05
19685,9.472e-06
19694,0.001522176
19706,0.00075776
19757,8.448e-05
19772,5.376e-06
19775,7.2192e-05
19811,5.888e-05
19819,8.4992e-05
19823,5.376e-06
19830,8.6272e-05
19845,1.6384e-05
19852,4.736e-05
19866,8.9344e-05
19872,4.5824e-05
19878,1.5104e-05
19880,3.9936e-05
19890,6.5024e-05
19942,7.296e-05
19949,5.0432e-05
19957,8.1664e-05
19990,5.12e-07
19998,0.000132096
20002,4.2752e-05
20012,3.0976e-05
20016,3.8912e-05
20029,2.7648e-05
20039,6.144e-05
20066,1.536e-06
20073,9.216e-05
20080,9.216e-06
20098,0.0001024
20106,0.00011008
20112,1.0496e-05
20120,3.5328e-05
20135,1.7664e-05
20174,0.000278016
20205,3.584e-06
20207,5.1712e-05
20214,8.6016e-05
20234,4.992e-05
20240,5.248e-05
20254,9.4464e-05
20266,5.0176e-05
20276,2.8672e-05
20286,2.6368e-05
20307,0.001515264
20356,8.9856e-05
20359,3.6864e-05
20375,5.376e-06
20378,3.0464e-05
20388,0.000147712
20397,1.28e-05
20399,9.728e-06
20402,0.000361728
20419,2.7904e-05
20443,3.7376e-05
20472,3.072e-06
20502,4.0704e-05
20504,5.4016e-05
20517,1.792e-06
20539,1.664e-05
20559,1.6384e-05
20561,1.2288e-05
20582,1.408e-05
20594,8.4992e-05
20604,2.176e-05
20624,6.3488e-05
20649,1.792e-05
20651,4.8128e-05
20659,4.736e-05
20664,8.704e-05
20705,5.2736e-05
20727,0.00016384
20732,5.9392e-05
20737,0.000103424
20757,5.9392e-05
20768,5.888e-06
20772,0.0001216
20783,3.072e-06
20797,9.1648e-05
20803,2.0736e-05
20809,1.0752e-05
20812,4.2752e-05
20820,0.000176384
20840,5.6064e-05
20861,1.9456e-05
20869,6.6816e-05
20883,0.000261376
20898,0.000389632
20906,0.002877184
20979,4.1728e-05
20984,8.192e-06
20986,0.000118784
20993,2.304e-06
21006,0.000121344
21022,6.3488e-05
21033,9.984e-06
21044,2.816e-06
21049,3.072e-05
21052,5.376e-06
21061,2.0992e-05
21066,1.1264e-05
21076,0.000123648
21082,0.00014208
21095,1.6128e-05
21103,1.3824e-05
21104,1.1776e-05
21108,1.024e-06
21135,2.816e-06
21140,0.000220672
21163,3.1744e-05
21171,7.0656e-05
21184,0.0008384
21206,6.5792e-05
21208,7.0912e-05
21227,0.000100864
21234,4.8128e-05
21248,3.328e-05
21257,2.4832e-05
21271,1.0496e-05
21276,4.9408e-05
21299,6.912e-06
21302,6.6304e-05
21306,2.3296e-05
21314,4.2752e-05
21326,3.584e-06
21330,1.5616e-05
21332,0.000145664
21344,8.2176e-05
21361,3.1744e-05
21363,1.5104e-05
21374,7.68e-06
21383,4.608e-05
21395,1.024e-06
21401,0.000214272
21437,4.3776e-05
21440,9.216e-05
21448,1.28e-05
21453,8.064e-05
21461,0.00014592
21496,2.944e-05
21512,8.4224e-05
21527,1.9456e-05
21551,7.68e-05
21554,8.1408e-05
21558,2.3808e-05
21562,1.664e-05
21570,3.3792e-05
21579,3.9424e-05
21586,2.6368e-05
21593,0.000215808
21621,0.000124416
21625,5.2224e-05
21636,5.4528e-05
21643,6.912e-06
21662,2.6368e-05
21688,9.9328e-05
21716,1.0496e-05
21723,3.6864e-05
21732,0.000109824
21735,2.7392e-05
21745,7.808e-05
21758,5.9136e-05
21775,8.8832e-05
21794,3.6096e-05
21807,4.352e-06
21816,5.632e-06
21820,5.632e-06
21835,8.3456e-05
21839,8.192e-06
21851,0.000141568
21854,9.6e-05
21871,3.584e-05
21885,0.000921088
21920,3.5072e-05
21933,0.002328832
21987,2.9184e-05
21994,8.192e-06
22006,0.00017408
22008,4.1472e-05
22014,1.024e-05
22038,7.424e-05
22050,1.408e-05
22063,9.8816e-05
22065,1.5104e-05
22070,2.2016e-05
22072,7.9616e-05
22098,0.00016384
22103,2.3552e-05
22113,4.48e-05
22134,8.1664e-05
22141,2.048e-06
22169,2.56e-07
22173,4.352e-06
22176,2.4064e-05
22191,0.000114432
22203,5.8368e-05
22208,0.000126976
22218,3.8656e-05
22237,9.344e-05
22240,2.4576e-05
22268,1.024e-06
22273,2.304e-05
22291,1.1264e-05
22320,5.5296e-05
22333,3.2512e-05
22350,0.00012032
22361,7.2448e-05
22371,0.000122624
22404,6.9888e-05
22414,9.2928e-05
22448,3.2256e-05
22464,0.000105472
22486,4.5568e-05
22487,2.4064e-05
22498,3.584e-06
22504,2.0992e-05
22519,3.9424e-05
22521,4.8896e-05
22532,4.352e-06
22545,0.0001152
22562,3.5072e-05
22574,0.000194048
22587,2.0736e-05
22599,1.408e-05
22604,6.4e-05
22606,4.0448e-05
22617,1.3824e-05
22626,7.2192e-05
22636,0.000128512
22647,7.936e-05
22660,6.2208e-05
22691,6.4e-06
22697,0.000162816
22704,0.000176896
22706,2.1504e-05
22709,4.4032e-05
22744,6.656e-05
22754,4.352e-06
22769,3.5584e-05
22771,2.688e-05
22787,7.168e-05
22804,2.4832e-05
22832,6.1952e-05
22833,9.472e-06
22848,0.000931328
22882,1.28e-06
22887,5.4016e-05
22891,3.072e-05
22896,3.5584e-05
22899,3.2512e-05
22929,0.000354304
22936,5.5808e-05
22944,0.000144128
22969,4.096e-05
22980,5.3504e-05
22995,2.816e-05
23024,9.1648e-05
23028,1.92e-05
23039,0.000188416
23044,1.408e-05
23052,3.3536e-05
23056,0.000151808
23072,7.1936e-05
23074,3.328e-06
23084,9.8304e-05
23099,5.12e-06
23111,2.304e-06
23119,3.6096e-05
23157,6.656e-06
23168,9.1136e-05
23174,0.00026112
23177,9.216e-06
23185,4.9152e-05
23235,5.248e-05
23239,0.00017408
23249,3.5072e-05
23260,7.9616e-05
23268,1.5616e-05
23277,9.3696e-05
23292,0.000176128
23293,4.992e-05
23294,0.00278016
23305,4.5056e-05
23334,0.000125952
23347,2.7648e-05
23350,5.2224e-05
23353,0.00014592
23387,4.7104e-05
23394,1.2288e-05
23404,4.1728e-05
23413,6.6304e-05
23431,5.5808e-05
23435,1.8176e-05
23452,8.2944e-05
23487,2.1248e-05
23489,9.8816e-05
23514,4.4288e-05
23536,0.000310784
23541,1.8688e-05
23550,4.3264e-05
23571,0.000164864
23574,1.664e-05
23588,4.352e-06
23594,6.8096e-05
23600,1.9712e-05
23634,6.4e-06
23643,0.00016384
23658,0.000130816
23666,6.2464e-05
23676,5.5808e-05
23688,5.4016e-05
23703,2.304e-06
23721,3.6864e-05
23726,2.1248e-05
23732,3.2256e-05
23753,0.000103424
23759,0.000197376
23777,0.000114176
23801,8.2432e-05
23810,2.6112e-05
23814,1.3824e-05
23815,5.376e-06
23827,7.9872e-05
23829,5.3248e-05
23864,0.00012928
23870,8.448e-06
23893,2.2016e-05
23897,0.010109952
23911,0.002057728
23967,3.2512e-05
23981,2.7904e-05
23992,0.00016128
23995,0.000322816
24011,3.328e-06
24028,6.0928e-05
24031,1.92e-05
24038,2.7904e-05
24042,6.1184e-05
24048,3.5072e-05
24062,1.3312e-05
24068,3.328e-05
24089,3.1232e-05
24094,3.6608e-05
24096,2.304e-05
24126,0.003036928
24185,8.1664e-05
24191,5.888e-06
24194,2.5856e-05
24208,3.2256e-05
24232,9.856e-05
24252,1.8176e-05
24255,2.6368e-05
24278,0.000108032
24284,3.0976e-05
24293,0.000100864
24296,5.12e-07
24299,5.888e-06
24309,5.2224e-05
24327,5.12e-06
24357,3.8144e-05
24365,4.5312e-05
24380,6.8096e-05
24382,6.912e-06
24393,4.1728e-05
24406,2.56e-07
24412,2.1248e-05
24421,0.00015488
24431,1.92e-05
24437,0.000130304
24448,7.0144e-05
24454,3.328e-05
24458,3.2256e-05
24462,2.304e-06
24464,0.000116992
24468,5.3504e-05
24486,4.1984e-05
24493,0.023466752
24558,1.0752e-05
24565,0.000628992
24566,0.001615616
24608,0.000474112
24640,5.76e-05
24653,5.9136e-05
24664,6.4768e-05
24668,1.7664e-05
24672,1.92e-05
24688,5.12e-07
24694,2.2528e-05
24712,0.000167424
24715,0.000180736
24738,2.304e-06
24751,0.000269056
24757,0.000100096
24775,3.2e-05
24778,2.176e-05
24803,2.7904e-05
24806,0.000192256
24818,3.2256e-05
24820,0.000271104
24838,9.0368e-05
24855,5.4528e-05
24880,1.6896e-05
24900,4.608e-06
24917,2.048e-05
24921,8.064e-05
24935,3.0464e-05
24943,4.3008e-05
24954,4.3776e-05
24964,6.0928e-05
24975,3.4304e-05
24991,4.096e-06
24997,2.56e-07
25008,8.6272e-05
25020,1.5872e-05
25024,4.2752e-05
25033,2.8416e-05
25048,4.8896e-05
25076,0.000122368
25094,8.832e-05
25096,0.006828288
25141,2.0992e-05
25145,0.000141824
25163,2.6368e-05
25184,0.000220672
25208,1.792e-06
25212,7.2704e-05
25231,0.000132096
25236,5.1712e-05
25244,3.2256e-05
25248,0.00010624
25261,8.96e-06
25283,3.5072e-05
25300,1.4336e-05
25314,2.048e-05
25322,5.632e-06
25333,3.0464e-05
25337,9.6768e-05
25348,0.001181184
25385,5.0944e-05
25402,3.1232e-05
25422,5.12e-05
25430,6.912e-06
25432,7.2704e-05
25447,2.5088e-05
25450,1.7408e-05
25453,3.0976e-05
25456,6.3744e-05
25468,0.000162048
25486,1.7664e-05
25519,9.728e-06
25532,0.000151296
25534,4.352e-06
25550,2.304e-05
25569,1.1008e-05
25571,4.6336e-05
25575,1.28e-06
25582,0.000291584
25615,5.12e-06
25619,2.5088e-05
25632,1.9456e-05
25639,8.704e-05
25643,9.472e-06
25651,2.048e-05
25656,3.84e-05
25665,2.0736e-05
25667,0.000122112
25673,0.000141824
25681,3.5328e-05
25705,2.9184e-05
25714,4.7872e-05
25730,0.000119808
25732,4.096e-06
25736,7.9104e-05
25747,4.6336e-05
25774,0.000128768
25786,2.9184e-05
25788,1.792e-06
25790,0.000107008
25796,3.0976e-05
25811,1.3568e-05
25835,8.3456e-05
25848,4.608e-06
25854,7.9616e-05
25856,8.4736e-05
25869,0.001277952
25905,0.000125696
25927,4.8128e-05
25930,3.7376e-05
25952,1.3312e-05
25978,7.7312e-05
25990,2.048e-05
25993,8.192e-05
26016,6.144e-06
26024,7.6288e-05
26031,0.000118784
26036,8.192e-06
26039,5.4784e-05
26048,0.000103936
26057,0.000108032
26068,8.6784e-05
26080,8.6272e-05
26089,1.9968e-05
26104,1.3312e-05
26109,2.8416e-05
26110,1.9968e-05
26115,3.7632e-05
26117,2.688e-05
26123,2.4576e-05
26130,2.2272e-05
26138,4.608e-06
26158,0.000176128
26204,1.6128e-05
26206,4.096e-06
26207,1.024e-06
26214,7.168e-06
26222,3.584e-06
26229,5.5552e-05
26240,0.001598464
26279,1.5104e-05
26284,1.9456e-05
26293,0.000978688
26297,0.017975552
26342,5.9648e-05
26351,8.704e-06
26370,1.024e-05
26374,9.728e-06
26375,5.9136e-05
26389,9.7792e-05
26423,0.000113664
26433,7.808e-05
26455,2.2016e-05
26473,0.000106752
26483,0.00019328
26504,0.000158464
26543,0.000835584
26548,3.328e-05
26579,2.0224e-05
26586,3.328e-06
26596,0.002370048
26653,3.5584e-05
26655,1.3312e-05
26661,6.5024e-05
26666,6.144e-06
26670,8.704e-06
26677,5.3504e-05
26684,8.3968e-05
26694,0.000141312
26707,0.000226048
26712,0.000100864
26765,3.712e-05
26789,9.9328e-05
26814,2.56e-06
26820,0.000228096
26831,5.0688e-05
26844,1.7664e-05
26848,3.9936e-05
26878,5.9648e-05
26889,1.3568e-05
26894,0.001219328
26905,0.00213888
26907,0.001079552
26973,6.0672e-05
26977,2.56e-07
26988,3.6608e-05
26989,1.7408e-05
26991,7.424e-06
27005,5.7344e-05
27006,5.1712e-05
27010,0.00019584
27020,6.7328e-05
27035,0.000311552
27039,0.000111104
27055,4.736e-05
27057,8.7296e-05
27066,5.6064e-05
27070,6.0928e-05
27080,0.003759872
27129,2.8928e-05
27134,7.2192e-05
27136,8.32e-05
27151,9.8048e-05
27168,0.000120576
27176,7.7056e-05
27194,6.1184e-05
27196,4.352e-06
27226,5.1456e-05
27260,7.9104e-05
27271,6.3232e-05
27288,3.0464e-05
27291,4.8128e-05
27296,7.2704e-05
27307,5.5552e-05
27314,6.3232e-05
27325,1.7664e-05
27334,8.8832e-05
27343,0.000144896
27345,1.92e-05
27349,3.2256e-05
27359,0.000187648
27366,0.000221952
27379,1.5104e-05
27385,6.9888e-05
27397,0.000105728
27419,0.00011904
27434,1.1264e-05
27436,1.5616e-05
27438,2.0992e-05
27457,2.2272e-05
27462,3.3536e-05
27472,2.1248e-05
27488,6.144e-05
27493,0.000553984
27494,0.002402048
27506,0.000834816
27556,5.5552e-05
27591,7.936e-06
27603,8.3968e-05
27606,3.2768e-05
27616,2.1248e-05
27634,1.4592e-05
27638,9.0112e-05
27649,3.2e-05
27659,2.2016e-05
27662,2.5088e-05
27668,5.888e-06
27675,6.912e-06
27690,3.0976e-05
27698,2.5344e-05
27700,5.4016e-05
27712,3.9936e-05
27716,2.5856e-05
27730,0.000117504
27735,6.0928e-05
27737,9.0624e-05
27761,5.3248e-05
27765,6.6048e-05
27785,0.000106752
27805,3.4816e-05
27820,0.000168448
27835,1.536e-06
27849,4.1984e-05
27891,1.5616e-05
27900,4.0192e-05
27905,3.7888e-05
27909,2.9952e-05
27914,7.0144e-05
27924,2.6368e-05
27927,1.3056e-05
27936,3.9936e-05
27938,3.6096e-05
27956,5.888e-06
27978,3.2256e-05
27980,9.0112e-05
27992,8.4736e-05
28004,1.8688e-05
28007,4.8896e-05
28017,1.9712e-05
28038,3.6864e-05
28055,0.000124672
28058,1.7152e-05
28061,7.8592e-05
28073,5.12e-07
28076,1.4848e-05
28093,6.4512e-05
28099,2.2528e-05
28102,5.888e-06
28110,5.888e-06
28132,1.024e-05
28137,0.000156416
28143,0.000624896
28171,0.00013952
28190,4.864e-05
28198,1.024e-06
28209,5.3504e-05
28223,9.7792e-05
28226,2.7136e-05
28236,6.1184e-05
28266,4.3264e-05
28283,1.024e-06
28287,1.536e-05
28292,3.6864e-05
28296,0.000145152
28314,7.1424e-05
28328,2.2272e-05
28332,0.000128
28358,0.000113408
28361,7.7568e-05
28368,6.144e-06
28373,8.2432e-05
28427,7.68e-07
28429,9.7536e-05
28435,6.656e-06
28445,5.7344e-05
28461,4.5824e-05
28469,5.0176e-05
28483,0.000100352
28503,9.6e-05
28510,1.28e-06
28513,5.7856e-05
28518,1.5616e-05
28529,3.7888e-05
28536,2.8416e-05
28544,1.4336e-05
28552,7.168e-06
28568,8.0896e-05
28576,8.448e-06
28586,2.816e-05
28603,2.7392e-05
28618,2.8672e-05
28624,4.9152e-05
28637,7.936e-06
28650,4.0192e-05
28652,4.352e-06
28682,0.000160512
28690,2.3808e-05
28693,0.000923136
28694,0.001949184
28697,0.005590272
28765,4.2752e-05
28786,6.7584e-05
28807,1.024e-06
28812,3.4304e-05
28833,2.7136e-05
28841,2.7392e-05
28855,4.3008e-05
28871,0.000230912
28886,8.4992e-05
28893,1.4848e-05
28911,5.376e-05
28916,0.000167168
28950,4.096e-06
28960,1.536e-06
28970,3.072e-06
28978,5.3248e-05
28988,0.00013568
28990,5.1968e-05
28993,2.56e-06
29008,6.4e-05
29023,4.096e-05
29028,5.6832e-05
29036,6.4e-06
29053,5.1456e-05
29068,5.888e-05
29097,3.584e-05
29099,0.00016128
29126,0.000108544
29133,5.1968e-05
29156,4.8384e-05
29160,4.8384e-05
29161,0.000193792
29170,2.6624e-05
29181,1.792e-05
29191,0.000350208
29205,0.000124672
29217,2.8416e-05
29226,9.9584e-05
29242,5.0432e-05
29244,2.3296e-05
29258,1.536e-05
29262,1.792e-05
29266,7.552e-05
29272,0.000222208
29290,3.5072e-05
29294,0.000833024
29324,0.000199424
29337,4.48e-05
29342,2.7136e-05
29364,4.4032e-05
29369,4.352e-06
29376,1.28e-05
29381,0.000128512
29396,7.168e-06
29411,4.7872e-05
29423,3.5328e-05
29443,7.552e-05
29449,0.000108544
29494,4.9664e-05
29504,2.432e-05
29526,1.2288e-05
29531,4.5312e-05
29544,1.9456e-05
29550,0.00015232
29553,1.1008e-05
29587,1.4592e-05
29605,5.632e-06
29608,4.736e-05
29610,0.000122368
29614,2.3552e-05
29620,0.000129792
29623,1.2544e-05
29645,1.3568e-05
29666,7.424e-06
29686,0.000128768
29695,5.8624e-05
29697,4.9408e-05
29699,0.000170496
29721,7.2704e-05
29725,0.000100864
29734,2.944e-05
29754,3.072e-06
29760,2.4064e-05
29761,6.2976e-05
29763,4.4544e-05
29768,6.8096e-05
29779,4.9664e-05
29782,1.536e-05
29784,0.000146944
29806,0.00013824
29812,3.6096e-05
29832,0.004583168
29865,5.376e-06
29883,5.1456e-05
29889,4.5824e-05
29893,0.008620032
29951,6.8864e-05
29956,2.7648e-05
29959,0.000160256
29977,2.0992e-05
30011,6.656e-06
30017,8.192e-06
30024,1.5104e-05
30048,1.8944e-05
30055,3.584e-06
30074,5.5808e-05
30096,3.0464e-05
30098,5.12e-07
30111,8.192e-06
30119,1.0496e-05
30124,2.304e-06
30129,6.1952e-05
30133,1.28e-06
30142,4.7616e-05
30162,0.000108288
30167,4.864e-06
30174,3.0208e-05
30191,5.888e-06
30212,3.072e-06
30224,0.000408576
30240,1.152e-05
30250,0.000168448
30269,5.3504e-05
30287,4.5056e-05
30293,8.704e-06
30299,4.0448e-05
30315,2.5856e-05
30319,8.8064e-05
30329,2.688e-05
30337,8.0384e-05
30352,0.000141312
30357,6.4e-06
30379,3.5584e-05
30387,0.00022912
30391,0.0001024
30401,0.000192
30422,0.002599424
30456,0.000100608
30475,5.632e-05
30484,4.352e-05
30492,0.000238592
30496,0.006355712
30506,0.001069568
30547,5.5808e-05
30564,0.000150528
30566,0.037202432
30631,2.8672e-05
30647,2.816e-05
30663,0.016468736
30710,3.5072e-05
30735,8.7552e-05
30770,1.8688e-05
30775,0.00743936
30819,2.4064e-05
30829,6.4256e-05
30846,5.12e-07
30875,1.2544e-05
30880,8.192e-05
30885,1.0496e-05
30888,3.7376e-05
30900,0.000100608
30914,3.2e-05
30927,5.0944e-05
30929,1.1264e-05
30939,3.328e-05
30953,0.000112896
30967,5.248e-05
30976,2.048e-06
30986,4.2496e-05
30993,3.6608e-05
31009,6.1184e-05
31028,2.3808e-05
31030,4.7104e-05
31036,9.728e-05
31038,0.000140032
31051,0.0001984
31068,3.456e-05
31072,1.0752e-05
31079,8.96e-06
31081,7.7568e-05
31096,0.006627584
31098,0.014217472
31141,3.9168e-05
31158,9.728e-05
31163,0.000110848
31207,7.68e-06
31209,4.8384e-05
31211,0.000142848
31219,4.864e-06
31236,0.000148224
31247,2.6112e-05
31249,2.304e-06
31254,1.4592e-05
31265,8.192e-05
31276,4.5312e-05
31283,4.992e-05
31288,5.2736e-05
31290,0.000172544
31305,4.608e-06
31317,4.736e-05
31341,3.2512e-05
31359,0.00013568
31374,4.9152e-05
31386,0.000179968
31405,4.3264e-05
31409,4.5056e-05
31425,4.1984e-05
31429,5.12e-06
31432,1.3568e-05
31444,2.3808e-05
31452,0.000182528
31459,8.192e-06
31468,1.024e-06
31477,9.1904e-05
31494,2.816e-06
31516,4.8384e-05
31520,3.2256e-05
31523,5.6064e-05
31525,4.0192e-05
31534,5.76e-05
31537,0.000141568
31553,2.9696e-05
31554,4.736e-05
31569,5.0432e-05
31592,0.000101888
31619,2.304e-05
31625,0.000102144
31652,2.56e-07
31665,8.448e-06
31670,0.00018048
31688,6.5536e-05
31693,0.001950976
31709,0.006303232
31741,0.006158336
31781,0.000681984
31824,3.5584e-05
31831,2.5088e-05
31841,1.9456e-05
31866,1.024e-05
31873,8.4992e-05
31885,8.3456e-05
31887,7.1424e-05
31907,3.2768e-05
31921,1.2288e-05
31941,3.712e-05
31953,8.192e-06
31954,2.048e-06
31964,2.5088e-05
31982,4.2752e-05
31992,3.328e-06
31995,7.68e-06
32002,3.84e-06
32004,2.8672e-05
32006,3.328e-06
32015,6.8864e-05
32034,6.7584e-05
32059,2.6624e-05
32078,6.1184e-05
32081,5.632e-05
32097,3.2256e-05
32108,4.352e-05
32110,5.9904e-05
32120,3.9424e-05
32143,5.6064e-05
32161,0.000165632
32166,6.0416e-05
32180,0.000143616
32187,5.376e-05
32196,6.5536e-05
32198,1.6128e-05
32204,2.048e-05
32207,0.000182784
32214,7.6288e-05
32239,4.6848e-05
32270,0.000249344
32295,0.0003776
32318,1.6384e-05
32345,9.0368e-05
32358,8.6784e-05
32385,0.00015104
32388,5.888e-06
32391,9.728e-06
32395,2.6624e-05
32424,4.6848e-05
32432,6.5024e-05
32435,3.3536e-05
32453,8.704e-06
32457,5.8368e-05
32475,4.5312e-05
32482,1.7152e-05
32504,0.000710656
32545,3.8656e-05
32550,0.000131072
32552,6.0416e-05
32594,6.656e-05
32596,0.000213248
32629,0.000102656
32638,1.6896e-05
32651,3.328e-05
32675,1.1264e-05
32678,3.584e-06
32690,0.000140544
32709,3.8656e-05
32722,3.2768e-05
32725,0.000156416
32742,3.2768e-05
32756,5.8368e-05
32771,6.4256e-05
32791,3.712e-05
32796,5.9136e-05
32802,0.0001024
32824,7.68e-06
32830,4.4288e-05
32834,3.84e-06
32845,2.688e-05
32849,7.1424e-05
32862,4.352e-06
32867,5.6832e-05
32873,6.0672e-05
32897,7.3472e-05
32899,0.0001792
32912,7.7312e-05
32922,2.3296e-05
32927,8.5504e-05
32932,2.048e-06
32961,1.3568e-05
32965,2.176e-05
32990,5.9392e-05
32992,0.000189952
33023,7.7824e-05
33041,7.0912e-05
33068,1.024e-05
33079,4.2496e-05
33112,0.000131072
33130,5.8624e-05
33132,3.584e-06
33139,1.9456e-05
33153,0.018498048
33212,3.456e-05
33229,7.808e-05
33236,2.56e-05
33247,0.000126464
33250,8.704e-06
33259,0.000137728
33273,8.2688e-05
33287,1.1008e-05
33289,2.7648e-05
33292,4.1216e-05
33305,6.4e-06
33312,1.3056e-05
33326,1.28e-06
33334,0.000127744
33344,5.12e-05
33349,8.0896e-05
33371,4.4032e-05
33397,0.000227584
33405,0.000215296
33417,2.6112e-05
33436,4.5056e-05
33456,3.1488e-05
33480,1.5872e-05
33483,4.2496e-05
33491,1.3824e-05
33493,0.000430848
33497,0.000647936
33498,0.00509312
33512,0.0006208
33575,0.000201984
33578,0.00011776
33583,0.000182784
33605,9.9072e-05
33626,3.328e-05
33630,2.56e-05
33641,1.792e-05
33649,1.5872e-05
33657,5.376e-06
33669,0.00019456
33685,1.2288e-05
33688,5.1712e-05
33708,8.064e-05
33725,7.5264e-05
33731,3.328e-06
33759,2.816e-06
33767,2.1248e-05
33792,1.6384e-05
33796,0.000129536
33805,9.8048e-05
33806,0.000123392
33816,2.1504e-05
33850,0.000165376
33877,3.968e-05
33879,1.4848e-05
33899,0.00017024
33903,4.864e-06
33915,0.000102144
33918,7.424e-06
33928,2.5344e-05
33943,5.888e-05
33952,6.0416e-05
33970,7.7312e-05
33975,3.3024e-05
33997,6.8608e-05
34009,5.4016e-05
34025,1.1776e-05
34032,1.1776e-05
34046,8.1152e-05
34055,1.8688e-05
34082,3.3024e-05
34086,2.944e-05
34109,7.2448e-05
34113,4.9664e-05
34119,0.000168704
34129,2.9184e-05
34159,0.00015744
34163,2.2272e-05
34173,5.12e-07
34189,0.000120832
34192,0.000117248
34204,0.008454144
34239,0.000897024
34293,2.6624e-05
34303,0.00010368
34329,1.4592e-05
34338,5.12e-05
34366,2.7136e-05
34368,5.5552e-05
34378,2.176e-05
34393,5.1968e-05
34404,2.8416e-05
34410,3.5328e-05
34418,6.656e-06
34431,6.6304e-05
34467,7.9616e-05
34472,2.2016e-05
34475,3.4816e-05
34479,0.000116992
34488,8.1664e-05
34505,0.000260352
34511,1.5616e-05
34528,5.632e-06
34532,7.04e-05
34534,5.12e-07
34542,5.9136e-05
34567,2.3552e-05
34579,9.856e-05
34582,5.632e-06
34597,3.5584e-05
34607,2.304e-06
34614,6.528e-05
34632,0.000109312
34662,8.3456e-05
34666,0.00011904
34670,8.6016e-05
34692,6.656e-06
34706,0.00020096
34717,3.072e-06
34722,5.76e-05
34735,2.7136e-05
34745,5.8368e-05
34760,5.9136e-05
34762,1.9712e-05
34771,5.12e-06
34777,3.072e-05
34801,5.6064e-05
34803,8.7552e-05
34812,9.6512e-05
34828,4.2496e-05
34845,9.472e-06
34846,9.3184e-05
34852,3.3792e-05
34858,0.001555968
34890,6.912e-06
34892,3.6352e-05
34916,8.4224e-05
34922,2.5856e-05
34930,3.5584e-05
34932,4.7872e-05
34941,6.4768e-05
34948,8.0128e-05
34956,2.1504e-05
34984,3.7376e-05
34986,2.9952e-05
34992,1.2544e-05
34996,5.888e-06
34999,2.5088e-05
35004,3.328e-05
35005,3.7888e-05
35015,3.712e-05
35017,2.816e-06
35024,6.3744e-05
35032,0.000161536
35038,2.816e-05
35044,5.12e-06
35063,6.656e-06
35069,1.5104e-05
35074,0.000704
35078,0.000503552
35096,2.6368e-05
35104,1.8432e-05
35111,1.9712e-05
35125,1.8944e-05
35131,5.1968e-05
35161,8.1152e-05
35164,0.000190464
35172,4.8896e-05
35184,0.00025728
35212,0.000141824
35219,2.432e-05
35221,4.2496e-05
35224,6.016e-05
35227,2.4064e-05
35248,1.6128e-05
35255,0.001647872
35282,2.4832e-05
35293,0.000509184
35305,0.000259072
35311,2.7392e-05
35348,1.4336e-05
35384,0.000112128
35389,3.4816e-05
35403,6.4e-06
35409,4.6848e-05
35419,1.3824e-05
35421,1.3056e-05
35423,7.424e-06
35424,0.000863488
35444,8.5504e-05
35451,6.144e-06
35465,1.5616e-05
35486,1.5104e-05
35498,8.3968e-05
35502,1.9456e-05
35512,2.8672e-05
35523,7.2704e-05
35540,4.864e-06
35564,4.1472e-05
35578,1.9456e-05
35582,1.8944e-05
35593,0.000142336
35598,0.01696256
35649,5.6064e-05
35682,2.6624e-05
35695,1.2288e-05
35707,9.472e-06
35716,4.224e-05
35719,2.432e-05
35730,5.12e-07
35731,3.5072e-05
35734,4.1728e-05
35740,1.7408e-05
35754,2.0736e-05
35761,2.4576e-05
35765,2.7648e-05
35784,2.56e-06
35794,3.328e-06
35814,4.096e-06
35824,2.816e-05
35826,8.6784e-05
35828,8.8832e-05
35832,1.408e-05
35843,5.4784e-05
35872,5.12e-06
35884,4.864e-06
35893,0.000820736
35900,3.6864e-05
35906,0.000766976
35939,3.5072e-05
35946,1.1776e-05
35961,5.9392e-05
35971,2.2528e-05
35983,4.2496e-05
35993,0.000138496
35997,6.4e-06
36000,6.9888e-05
36008,4.096e-05
36024,4.6848e-05
36036,1.4336e-05
36040,2.048e-05
36044,0.000155648
36058,0.000130304
36075,1.8432e-05
36110,0.000118528
36145,2.9184e-05
36149,5.12e-07
36156,1.6128e-05
36170,4.1728e-05
36185,6.5792e-05
36212,5.1712e-05
36216,5.9648e-05
36226,1.1776e-05
36231,1.7664e-05
36238,9.472e-06
36246,5.632e-06
36264,4.1728e-05
36272,4.0448e-05
36276,2.5088e-05
36282,8.832e-05
36289,7.04e-05
36330,5.3248e-05
36341,4.352e-05
36349,2.2784e-05
36388,0.000144896
36402,5.0688e-05
36413,8.96e-06
36436,2.8416e-05
36444,5.7856e-05
36449,1.0752e-05
36456,7.9872e-05
36461,4.864e-06
36486,1.7408e-05
36489,0.000124672
36497,0.01008256
36507,0.00594944
36512,0.002134016
36529,0.003805184
36570,9.472e-06
36572,1.6896e-05
36588,2.2272e-05
36593,6.6816e-05
36620,0.000142848
36630,0.007382528
36640,0.00179328
36684,1.8688e-05
36696,0.000105728
36702,2.56e-07
36704,8.32e-05
36726,0.001576448
36757,1.6896e-05
36781,0.00268032
36813,6.4e-06
36823,7.5008e-05
36832,0.000113152
36838,3.3536e-05
36852,4.3776e-05
36869,5.4016e-05
36873,1.28e-05
36884,8.704e-06
36889,2.5088e-05
36891,0.000133888
36908,0.000117504
36915,5.376e-05
36919,5.632e-05
36927,9.728e-06
36933,9.3952e-05
36941,0.00010112
36944,3.2512e-05
36953,1.792e-06
36986,9.9328e-05
36991,4.4544e-05
36994,4.5568e-05
37007,7.5008e-05
37042,0.000127744
37048,6.784e-05
37056,5.2224e-05
37063,1.1776e-05
37065,7.2448e-05
37068,3.9168e-05
37076,0.000120832
37106,0.001613824
37136,5.3504e-05
37139,3.6608e-05
37183,1.6128e-05
37209,6.7584e-05
37216,4.8128e-05
37248,9.216e-06
37252,1.3056e-05
37267,0.000115456
37282,2.56e-07
37285,0.000129536
37294,1.5616e-05
37308,0.0002304
37336,2.2016e-05
37339,0.00012672
37341,1.3824e-05
37353,1.1008e-05
37358,9.728e-06
37364,8.6528e-05
37370,2.816e-05
37388,6.1952e-05
37402,2.816e-06
37403,6.0416e-05
37418,9.1136e-05
37423,3.3792e-05
37434,1.664e-05
37436,5.5552e-05
37445,7.552e-05
37456,0.000116992
37488,5.248e-05
37493,0.000112384
37517,0.000102656
37523,0.000150784
37537,2.3808e-05
37540,8.2688e-05
37551,0.000142592
37564,6.912e-06
37568,0.000111104
37572,1.7408e-05
37579,0.000139264
37593,0.000186368
37611,8.704e-06
37613,8.2432e-05
37635,1.0496e-05
37647,5.3504e-05
37661,7.0144e-05
37681,8.2688e-05
37684,1.792e-06
37686,4.9664e-05
37694,5.0176e-05
37698,2.9952e-05
37702,4.2496e-05
37706,4.1984e-05
37718,6.3488e-05
37727,0.000121344
37736,7.3472e-05
37765,2.9184e-05
37776,4.8384e-05
37788,3.6096e-05
37800,2.1248e-05
37805,8.1152e-05
37816,3.1488e-05
37836,1.7408e-05
37846,9.856e-05
37857,8.0384e-05
37859,0.016733184
37930,0.000176384
37938,0.00011136
37953,8.6784e-05
37959,6.2976e-05
37967,4.096e-06
37974,1.92e-05
37993,1.28e-05
37997,0.000184576
38004,9.4976e-05
38016,6.4512e-05
38024,4.3776e-05
38052,2.4576e-05
38055,1.8688e-05
38071,2.5856e-05
38095,5.3248e-05
38099,5.632e-06
38104,5.76e-05
38129,3.5328e-05
38138,0.000122368
38155,3.0976e-05
38158,9.0368e-05
38183,0.000355072
38185,2.56e-07
38195,1.6896e-05
38202,0.000107008
38209,2.176e-05
38215,7.424e-06
38222,3.6864e-05
38224,1.6128e-05
38236,5.2736e-05
38257,8.192e-06
38279,0.0001344
38290,7.168e-06
38293,0.000115968
38306,7.68e-06
38314,3.0208e-05
38318,6.4e-05
38326,8.0896e-05
38331,1.792e-05
38341,5.4272e-05
38374,3.3792e-05
38381,7.1424e-05
38388,3.7376e-05
38395,1.6128e-05
38398,2.9952e-05
38403,1.1264e-05
38429,2.176e-05
38445,8.3456e-05
38456,4.4288e-05
38458,4.096e-05
38463,1.536e-05
38474,9.088e-05
38478,6.912e-06
38502,2.9184e-05
38505,7.7056e-05
38520,2.304e-05
38531,4.4544e-05
38537,2.3808e-05
38539,5.4272e-05
38552,3.7632e-05
38567,1.5872e-05
38570,9.9584e-05
38580,4.224e-05
38600,2.0992e-05
38607,0.000389888
38611,6.4e-06
38636,4.0192e-05
38646,3.5072e-05
38650,7.552e-05
38659,1.8432e-05
38670,2.5344e-05
38672,3.1232e-05
38679,7.68e-06
38681,6.9376e-05
38696,8.6272e-05
38697,0.016918016
38754,0.000310528
38779,4.2752e-05
38787,9.984e-05
38796,3.84e-06
38802,2.56e-06
38807,3.3792e-05
38812,1.024e-06
38818,2.048e-05
38858,3.5328e-05
38864,4.5824e-05
38871,0.000136448
38875,9.728e-06
38888,7.168e-06
38890,6.6816e-05
38898,6.4512e-05
38907,0.000612096
38910,0.001167104
38948,1.7152e-05
38952,6.8864e-05
38972,5.7088e-05
38989,0.000173568
38994,8.8064e-05
39001,3.328e-06
39003,3.9936e-05
39011,8.0896e-05
39020,6.656e-05
39024,0.00018048
39044,5.3504e-05
39046,2.688e-05
39057,3.9936e-05
39064,0.000108288
39068,2.048e-06
39078,8.8576e-05
39089,3.9936e-05
39097,9.6768e-05
39102,0.000140032
39107,6.144e-06
39109,0.000138496
39124,9.7536e-05
39156,3.2256e-05
39162,5.4528e-05
39164,3.1744e-05
39167,1.2032e-05
39180,5.7856e-05
39187,3.6608e-05
39190,6.9376e-05
39208,0.00011264
39224,0.000122368
39243,2.3296e-05
39252,9.9072e-05
39257,1.28e-06
39261,6.4e-06
39285,6.9888e-05
39287,0.000121344
39291,0.000160768
39295,1.6384e-05
39310,9.1392e-05
39333,3.4816e-05
39338,8.32e-05
39341,6.4512e-05
39343,3.9936e-05
39347,3.328e-05
39350,2.0736e-05
39390,2.2272e-05
39396,0.000202496
39406,0.000105472
39410,9.472e-06
39424,8.8832e-05
39428,1.0496e-05
39434,4.8128e-05
39446,0.000232448
39468,3.84e-06
39473,7.5264e-05
39483,1.8944e-05
39490,2.9696e-05
39497,0.002529536
39500,0.000483584
39538,0.0001216
39556,0.000126464
39564,1.792e-05
39612,3.8912e-05
39616,2.0992e-05
39621,6.7072e-05
39634,5.3504e-05
39638,6.1184e-05
39648,1.9712e-05
39650,1.7664e-05
39663,2.9696e-05
39677,2.3808e-05
39679,0.000137472
39689,8.448e-06
39694,1.9456e-05
39706,1.792e-06
39732,2.56e-06
39739,6.0672e-05
39741,5.2224e-05
39748,5.5808e-05
39757,3.0976e-05
39758,4.1216e-05
39768,7.424e-06
39788,0.000121344
39790,4.8896e-05
39795,9.984e-06
39807,5.3504e-05
39814,5.6064e-05
39827,6.9632e-05
39832,7.68e-05
39836,3.4816e-05
39844,4.7104e-05
39848,3.712e-05
39850,2.56e-07
39875,0.000269312
39892,9.6768e-05
39901,4.7872e-05
39909,5.12e-05
39921,2.7904e-05
39923,4.352e-06
39925,3.4048e-05
39935,0.000150784
39946,2.6112e-05
39972,5.12e-06
39979,5.0176e-05
40007,1.28e-06
40016,4.608e-06
40028,1.2544e-05
40030,0.000146432
40037,0.00017536
40044,1.024e-06
40063,0.00020224
40080,5.0176e-05
40085,3.3024e-05
40086,4.7872e-05
40093,0.000989696
40101,0.000211968
40126,8.192e-06
40140,6.4512e-05
40190,4.4288e-05
40198,5.1968e-05
40200,2.304e-05
40202,2.816e-06
40217,7.6032e-05
40220,3.9424e-05
40243,6.4768e-05
40266,1.8176e-05
40272,4.4288e-05
40287,3.3792e-05
40289,1.8432e-05
40326,6.5024e-05
40333,2.176e-05
40340,5.12e-07
40342,1.4336e-05
40373,1.6896e-05
40375,6.3488e-05
40393,3.9424e-05
40403,3.3024e-05
40426,6.0672e-05
40431,0.000139008
40446,9.728e-06
40447,1.664e-05
40457,9.216e-06
40463,4.352e-06
40474,6.784e-05
40495,2.6112e-05
40503,8.9344e-05
40508,0.000129536
40532,7.68e-06
40534,0.000107776
40552,2.3808e-05
40559,7.68e-07
40570,5.6576e-05
40602,6.4512e-05
40613,1.152e-05
40619,2.0992e-05
40622,0.000112896
40624,0.004226304
40667,2.3808e-05
40674,0.000118272
40680,2.176e-05
40683,3.9168e-05
40696,0.00011008
40705,0.001025792
40724,1.28e-06
40728,0.00011392
40740,0.000123648
40764,9.3184e-05
40775,1.024e-05
40777,4.224e-05
40793,2.1248e-05
40796,2.304e-05
40805,3.84e-05
40823,0.000242688
40828,6.2208e-05
40847,2.944e-05
40852,0.000119552
40869,5.12e-05
40892,6.1184e-05
40903,1.1776e-05
40907,2.4832e-05
40912,4.9664e-05
40922,8.7808e-05
40926,1.6896e-05
40942,3.5072e-05
40950,5.632e-06
40966,7.7056e-05
40979,6.2464e-05
40982,1.9712e-05
40996,6.4e-06
41026,7.9616e-05
41042,8.832e-05
41058,4.2752e-05
41062,6.784e-05
41071,3.072e-05
41084,0.0002112
41088,3.5328e-05
41113,7.424e-06
41121,2.304e-06
41134,0.000109056
41137,2.5088e-05
41140,9.7024e-05
41151,6.912e-05
41174,6.6048e-05
41194,0.018863104
41280,3.6096e-05
41293,0.001111808
41334,1.024e-05
41350,2.6368e-05
41358,6.0672e-05
41364,1.152e-05
41373,0.000130816
41385,2.3808e-05
41405,4.4288e-05
41408,4.5824e-05
41414,5.12e-05
41424,2.3552e-05
41425,1.1008e-05
41433,0.000101376
41449,2.3808e-05
41458,7.0912e-05
41462,4.3776e-05
41479,0.00011904
41487,0.000150016
41505,5.76e-05
41525,1.792e-06
41528,6.5792e-05
41539,0.000161792
41545,2.0736e-05
41549,5.4272e-05
41553,4.1216e-05
41560,6.4768e-05
41566,6.2208e-05
41569,4.6848e-05
41580,6.5536e-05
41584,5.376e-05
41593,2.816e-06
41603,2.2016e-05
41612,1.792e-06
41630,9.3952e-05
41651,7.68e-06
41660,3.328e-06
41672,1.8944e-05
41680,9.984e-06
41682,0.000178432
41703,0.00010112
41719,6.016e-05
41736,5.6064e-05
41750,7.424e-05
41756,2.5856e-05
41760,0.000162048
41772,0.000167424
41784,3.2512e-05
41796,4.736e-05
41804,3.1232e-05
41811,4.6592e-05
41819,4.864e-05
41824,6.4e-06
41828,2.1504e-05
41829,3.3024e-05
41837,0.000114944
41856,6.4e-05
41865,7.68e-05
41872,4.1472e-05
41891,2.7648e-05
41894,0.002839808
41926,0.000104192
41946,1.792e-05
41953,7.3216e-05
41963,2.048e-05
41967,8.448e-06
41973,8.704e-06
41984,8.704e-06
41988,3.2512e-05
41992,6.144e-05
42010,1.7152e-05
42013,4.608e-06
42014,8.4224e-05
42032,5.2224e-05
42038,0.000124672
42048,1.3312e-05
42061,2.7392e-05
42082,3.7376e-05
42085,3.9424e-05
42104,0.000100352
42113,9.728e-05
42146,2.048e-05
42149,1.8432e-05
42158,2.3296e-05
42181,1.536e-06
42185,9.2416e-05
42193,5.888e-06
42199,2.4576e-05
42206,5.2224e-05
42229,5.5296e-05
42235,0.000130304
42248,2.1504e-05
42274,1.536e-06
42281,8.1152e-05
42286,9.8048e-05
42298,0.00010112
42319,2.6112e-05
42323,0.000170496
42336,3.584e-06
42350,0.0004416
42356,2.048e-06
42361,5.376e-05
42396,0.00011392
42399,7.3472e-05
42402,1.1264e-05
42419,6.6304e-05
42435,3.7376e-05
42437,0.00016384
42442,3.712e-05
42454,6.784e-05
42461,0.000102144
42478,7.296e-05
42493,0.008667904
42506,0.000571392
42553,7.168e-06
42563,2.2528e-05
42573,2.3808e-05
42579,3.712e-05
42581,5.2736e-05
42582,9.4464e-05
42586,4.4032e-05
42590,5.2224e-05
42607,2.0224e-05
42612,7.6288e-05
42614,6.4e-06
42620,2.3296e-05
42625,0.000175616
42627,4.2752e-05
42648,2.4832e-05
42660,2.2016e-05
42669,7.68e-07
42674,5.5808e-05
42692,1.9968e-05
42701,5.9648e-05
42706,1.1264e-05
42713,3.6096e-05
42721,0.0001216
42730,6.3488e-05
42750,0.000147712
42754,6.3488e-05
42770,6.016e-05
42773,3.8912e-05
42777,2.9952e-05
42791,5.6064e-05
42805,1.9712e-05
42808,5.376e-06
42810,3.1232e-05
42816,3.328e-05
42823,9.0624e-05
42848,0.000116992
42850,1.792e-05
42878,1.0496e-05
42886,6.3744e-05
42888,3.968e-05
42923,2.4832e-05
42933,0.000162816
42950,8.0384e-05
42952,9.472e-06
42980,2.1248e-05
42984,3.712e-05
42988,4.1728e-05
43008,4.0192e-05
43015,1.8688e-05
43027,4.992e-05
43042,3.2512e-05
43051,6.1184e-05
43058,9.1136e-05
43068,5.4016e-05
43079,4.3776e-05
43094,5.4784e-05
43097,5.9136e-05
43099,0.000212736
43105,7.424e-06
43111,3.6864e-05
43125,3.84e-06
43143,7.68e-06
43176,6.6304e-05
43188,7.424e-05
43195,7.8336e-05
43198,2.2272e-05
43204,3.584e-06
43232,5.0944e-05
43244,5.12e-05
43251,0.00018432
43261,0.000281344
43264,1.5104e-05
43279,6.656e-06
43283,3.072e-05
43316,7.9104e-05
43323,8.0384e-05
43332,7.296e-05
43349,3.7632e-05
43379,0.000311808
43390,4.0448e-05
43412,0.000127232
43424,2.4832e-05
43426,3.5328e-05
43439,2.7136e-05
43446,4.096e-05
43448,7.68e-07
43450,4.864e-05
43454,3.84e-06
43464,2.2016e-05
43470,2.7904e-05
43477,1.408e-05
43484,3.1488e-05
43488,0.0001792
43517,2.816e-06
43526,0.00018688
43551,2.9184e-05
43556,4.8896e-05
43563,4.096e-05
43565,7.9104e-05
43575,0.00015104
43582,3.7376e-05
43616,3.4816e-05
43617,1.3056e-05
43622,2.9952e-05
43629,1.024e-05
43634,3.0464e-05
43638,7.424e-06
43648,0.000101632
43665,0.000214784
43692,4.608e-05
43693,0.00141824
43695,0.00669568
43760,3.84e-06
43763,0.000211968
43767,0.000204288
43786,1.7152e-05
43788,4.096e-06
43806,0.000114944
43846,2.5088e-05
43855,0.000120064
43857,0.00021248
43866,0.007869184
43907,2.5344e-05
43926,8.704e-05
43940,0.000115456
43944,5.1712e-05
43967,5.0176e-05
43986,4.4288e-05
44027,0.000104192
44030,1.28e-06
44033,0.000193024
44036,0.001021696
44039,0.000582144
44089,3.1232e-05
44091,6.6304e-05
44097,9.984e-05
44111,6.0928e-05
44112,1.152e-05
44132,2.0992e-05
44136,0.000104704
44138,5.12e-05
44143,4.9664e-05
44149,0.000137728
44170,3.2e-05
44173,8.448e-06
44182,0.000133376
44190,4.352e-06
44192,0.000104448
44206,0.000162816
44211,2.4064e-05
44219,7.68e-05
44222,3.584e-06
44228,7.04e-05
44232,4.1728e-05
44236,3.84e-06
44250,4.4032e-05
44265,1.9712e-05
44271,2.1248e-05
44302,6.6048e-05
44307,0.000289536
44308,0.007598336
44366,4.9152e-05
44369,1.1776e-05
44370,0.002207488
44404,1.1776e-05
44424,1.024e-06
44429,0.000207616
44435,7.8336e-05
44448,0.000107264
44466,1.9712e-05
44469,0.000104704
44492,7.68e-06
44518,1.152e-05
44530,8.96e-06
44537,8.1152e-05
44538,6.1952e-05
44539,0.001285376
44584,6.9632e-05
44597,4.864e-06
44602,1.2032e-05
44611,6.144e-06
44621,9.4464e-05
44630,7.5008e-05
44635,8.448e-06
44637,7.1168e-05
44655,0.000256512
44658,0.00011392
44672,3.0464e-05
44681,9.8048e-05
44708,0.000166656
44726,0.000109056
44728,2.816e-06
44745,5.5552e-05
44752,4.864e-06
44773,6.4e-06
44808,3.456e-05
44819,7.8848e-05
44835,0.00011648
44853,0.000128
44858,8.192e-06
44866,2.688e-05
44885,7.2448e-05
44897,0.010262016
44970,4.0704e-05
44996,9.984e-06
44999,4.8128e-05
45011,5.1968e-05
45020,2.56e-06
45037,0.010340864
45102,6.4e-06
45107,5.9392e-05
45117,2.176e-05
45125,0.005343744
45166,0.000600832
45182,5.8368e-05
45208,3.6352e-05
45221,7.0144e-05
45227,8.704e-06
45237,3.072e-06
45247,2.6368e-05
45250,5.6064e-05
45268,2.4064e-05
45276,8.96e-05
45287,5.3248e-05
45293,0.000115712
45297,3.9168e-05
45299,0.00018176
45330,8.96e-06
45348,2.176e-05
45353,0.001384448
45386,1.536e-06
45395,4.6336e-05
45401,5.632e-06
45407,7.936e-05
45416,7.68e-07
45430,0.00013568
45435,0.000119296
45444,9.3696e-05
45462,6.016e-05
45476,1.792e-06
45489,7.808e-05
45493,0.00113664
45531,7.8848e-05
45560,1.3568e-05
45564,5.888e-06
45577,0.000115456
45597,5.8112e-05
45603,5.376e-06
45611,0.000138752
45621,2.8928e-05
45623,7.5264e-05
45648,7.1424e-05
45671,0.019636224
45721,3.072e-06
45731,5.2992e-05
45744,5.9392e-05
45761,5.2992e-05
45773,8.448e-06
45784,4.1984e-05
45788,6.784e-05
45802,4.3776e-05
45807,3.6352e-05
45810,8.704e-06
45816,2.7392e-05
45821,9.3696e-05
45832,1.9456e-05
45835,4.9664e-05
45839,2.0992e-05
45846,1.92e-05
45851,1.0752e-05
45857,0.00013696
45874,4.6336e-05
45880,0.00019456
45907,3.5584e-05
45914,0.000147456
45923,4.2752e-05
45966,5.632e-06
45978,6.144e-06
45993,5.376e-06
45994,1.152e-05
46004,7.424e-05
46022,4.7872e-05
46029,5.4016e-05
46038,1.0496e-05
46043,6.3744e-05
46063,8.704e-05
46068,1.3056e-05
46089,2.8672e-05
46093,0.008906752
46129,1.28e-06
46178,0.000108032
46186,7.7568e-05
46203,0.000105216
46218,7.9872e-05
46231,0.000100864
46271,4.8128e-05
46273,1.792e-05
46297,2.9696e-05
46303,1.4848e-05
46306,6.528e-05
46311,4.3008e-05
46319,0.00011392
46335,6.4e-05
46341,1.4592e-05
46345,0.001281536
46406,2.304e-05
46410,3.072e-05
46414,8.96e-05
46425,7.296e-05
46436,2.9696e-05
46437,3.7888e-05
46439,4.352e-05
46448,9.4464e-05
46469,0.000152064
46487,1.4336e-05
46489,4.3008e-05
46502,4.5824e-05
46514,7.0144e-05
46520,8.192e-06
46522,6.3232e-05
46542,9.7792e-05
46550,5.0432e-05
46584,0.000106752
46591,0.000130048
46597,8.448e-05
46608,4.9152e-05
46614,7.1168e-05
46618,1.0496e-05
46628,3.9168e-05
46629,7.3728e-05
46661,7.68e-07
46664,2.048e-05
46675,4.8896e-05
46697,0.001046272
46754,5.2992e-05
46757,3.7376e-05
46762,4.1728e-05
46777,1.8944e-05
46789,2.4832e-05
46807,3.7888e-05
46809,8.192e-06
46815,4.4288e-05
46827,1.792e-06
46833,4.736e-05
46838,6.9888e-05
46854,8.448e-06
46858,7.168e-06
46871,5.9136e-05
46877,5.376e-06
46879,1.7664e-05
46889,4.5568e-05
46902,0.000126464
46907,6.4512e-05
46944,5.0176e-05
46960,0.000127744
46964,0.000130304
46980,9.0624e-05
47000,6.016e-05
47017,0.000144128
47026,0.000124416
47028,2.304e-06
47034,2.3808e-05
47074,3.072e-05
47092,2.56e-07
47096,2.176e-05
47100,2.6624e-05
47115,0.007183616
47158,2.56e-07
47162,1.6128e-05
47173,7.9872e-05
47178,8.192e-06
47192,5.5552e-05
47198,5.376e-06
47202,1.4848e-05
47204,1.8432e-05
47214,5.632e-05
47229,0.000936704
47278,1.6384e-05
47284,0.000109824
47293,0.001771008
47299,0.001774336
47305,0.001879808
47340,5.4784e-05
47370,0.000129792
47374,2.3552e-05
47380,3.328e-05
47384,8.5248e-05
47397,5.632e-06
47411,2.5088e-05
47429,0.00013056
47443,1.3568e-05
47466,6.5792e-05
47472,5.2736e-05
47484,3.9936e-05
47489,5.76e-05
47494,7.3984e-05
47527,9.4976e-05
47543,3.6864e-05
47547,2.2528e-05
47568,6.4256e-05
47574,8.6016e-05
47587,4.9408e-05
47590,7.936e-06
47617,4.6592e-05
47622,0.000221952
47650,3.0464e-05
47655,2.5856e-05
47662,3.8656e-05
47685,9.7024e-05
47690,3.328e-06
47692,0.00016
47706,9.4976e-05
47746,4.4288e-05
47748,9.7024e-05
47751,3.84e-06
47763,3.5584e-05
47775,2.304e-06
47780,4.4288e-05
47802,0.000107264
47811,4.4544e-05
47826,0.000100352
47830,8.0384e-05
47834,3.84e-06
47845,3.584e-06
47849,0.000859904
47875,2.56e-07
47877,7.68e-06
47881,0.000104704
47895,6.656e-06
47899,0.001847552
47911,0.004846848
47949,1.3312e-05
47994,2.304e-06
48010,6.5024e-05
48018,3.584e-06
48023,1.5104e-05
48034,0.00023552
48055,7.936e-06
48064,2.5856e-05
48072,4.2496e-05
48075,5.12e-07
48122,2.5856e-05
48124,2.7136e-05
48133,5.0688e-05
48136,3.2e-05
48141,3.8656e-05
48178,6.2464e-05
48185,3.6352e-05
48193,0.000179968
48205,1.9968e-05
48213,2.2528e-05
48214,6.656e-05
48231,2.432e-05
48235,5.632e-06
48244,1.2288e-05
48249,7.68e-06
48272,0.000167168
48285,2.3296e-05
48299,2.048e-05
48310,5.4272e-05
48316,1.4592e-05
48331,7.1424e-05
48365,0.000201472
48376,6.912e-05
48378,0.000163584
48384,1.7664e-05
48419,4.9408e-05
48431,0.000124672
48446,0.000134656
48469,5.4528e-05
48486,7.936e-06
48493,0.000854272
48505,2.9696e-05
48532,2.048e-05
48537,2.0224e-05
48569,2.2016e-05
48573,7.68e-05
48575,7.7568e-05
48581,6.3232e-05
48596,5.888e-06
48641,6.8096e-05
48655,5.5296e-05
48663,4.096e-06
48671,3.072e-06
48674,2.0224e-05
48682,3.3024e-05
48704,0.0002368
48708,1.4848e-05
48714,4.0192e-05
48722,2.0992e-05
48724,9.728e-06
48736,1.792e-05
48744,3.8912e-05
48747,5.376e-05
48752,3.456e-05
48771,0.000231168
48792,7.5776e-05
48807,6.144e-06
48812,0.000632832
48847,4.3264e-05
48886,1.4336e-05
48898,0.000122112
48924,1.7408e-05
48929,0.00015872
48938,3.072e-06
48955,0.000150784
48965,6.656e-05
48983,0.000118784
48985,1.024e-05
48989,8.192e-05
49006,3.3792e-05
49018,1.9968e-05
49026,5.4784e-05
49035,3.6096e-05
49041,1.792e-05
49053,1.4848e-05
49061,5.2736e-05
49070,1.408e-05
49089,1.2288e-05
49094,0.002558976
49144,7.168e-06
49154,6.2464e-05
49160,2.688e-05
49167,5.248e-05
49179,5.632e-05
49181,4.3776e-05
49186,3.2e-05
49188,5.4272e-05
49198,5.1968e-05
49203,4.7104e-05
49244,6.912e-06
49246,8.8832e-05
49250,6.4e-06
49254,1.7152e-05
49256,2.6112e-05
49264,9.4208e-05
49291,1.8688e-05
49310,7.168e-05
49319,3.8912e-05
49326,4.0192e-05
49329,7.936e-05
49339,1.2544e-05
49351,4.9152e-05
49353,8.2176e-05
49356,9.5744e-05
49366,5.0944e-05
49368,2.4064e-05
49388,3.5584e-05
49398,9.5232e-05
49409,5.12e-06
49416,3.456e-05
49427,1.9456e-05
49437,0.000129536
49454,2.688e-05
49457,3.328e-05
49460,7.424e-06
49466,2.6368e-05
49492,4.352e-06
49499,2.7392e-05
49502,3.2512e-05
49506,2.0992e-05
49526,9.344e-05
49532,1.664e-05
49546,2.2016e-05
49550,5.376e-06
49568,3.712e-05
49576,9.216e-06
49593,6.144e-06
49612,1.9456e-05
49621,3.968e-05
49626,2.1248e-05
49631,0.002077184
49665,3.5072e-05
49676,9.1904e-05
49690,1.4592e-05
49693,0.002328832
49736,0.000202496
49748,3.8656e-05
49749,3.3792e-05
49752,0.00167808
49772,1.6384e-05
49775,1.7408e-05
49779,0.000114176
49810,6.9376e-05
49814,6.4e-06
49822,1.2544e-05
49868,1.3824e-05
49870,0.009538048
49903,2.2784e-05
49925,8.2688e-05
49940,3.1232e-05
49945,0.000101632
49975,0.000147712
49984,7.68e-07
49992,5.6064e-05
49994,3.1232e-05
50003,7.168e-06
50014,1.792e-06
50024,1.536e-06
50029,2.176e-05
50041,1.8688e-05
50049,1.3056e-05
50053,5.12e-05
50062,9.472e-06
50064,3.8656e-05
50066,6.3744e-05
50076,5.9136e-05
50093,4.4288e-05
50110,9.6256e-05
50125,6.1696e-05
50129,3.2e-05
50135,5.376e-06
50145,3.584e-05
50163,2.048e-06
50168,3.84e-05
50190,7.0912e-05
50198,7.8848e-05
50208,4.352e-06
50214,1.536e-06
50221,6.4768e-05
50225,7.424e-06
50245,5.7856e-05
50246,7.936e-06
50280,8.0128e-05
50285,1.7664e-05
50293,8.448e-06
50294,0.00038912
50298,0.002349312
50311,0.001352192
50341,3.6608e-05
50360,0.000218368
50366,4.3776e-05
50381,7.68e-06
50385,1.8688e-05
50401,4.0448e-05
50416,2.048e-05
50450,1.2288e-05
50454,4.864e-06
50456,0.000110336
50473,4.6336e-05
50486,1.7152e-05
50498,3.072e-05
50506,0.000162304
50515,4.8384e-05
50544,0.000118528
50552,1.8944e-05
50555,7.6288e-05
50561,0.00018432
50563,1.5872e-05
50569,1.5872e-05
50578,1.408e-05
50588,1.536e-05
50602,3.6864e-05
50612,1.8176e-05
50620,2.048e-06
50622,2.6624e-05
50636,0.000142592
50675,3.6608e-05
50685,2.176e-05
50693,2.944e-05
50720,5.9392e-05
50722,1.3312e-05
50729,8.4224e-05
50743,5.0944e-05
50775,4.0704e-05
50777,0.002011904
50806,0.004972032
50856,4.5056e-05
50862,6.5024e-05
50896,0.00672128
50908,0.002571776
50970,2.3552e-05
50981,3.0208e-05
50986,5.888e-06
50999,6.912e-06
51004,3.1232e-05
51006,7.424e-06
51012,0.000159744
51025,3.584e-06
51030,2.304e-06
51031,0.00025088
51048,6.9632e-05
51068,3.072e-06
51078,9.728e-06
51106,4.1728e-05
51110,0.000115968
51123,0.000352
51146,0.00012672
51158,1.2288e-05
51164,1.8176e-05
51170,4.0448e-05
51175,3.0464e-05
51187,4.2496e-05
51191,0.00020608
51195,5.8624e-05
51200,1.3824e-05
51210,9.728e-06
51223,7.8592e-05
51245,5.12e-05
51259,2.9184e-05
51264,4.3008e-05
51274,7.168e-05
51282,8.4224e-05
51286,4.224e-05
51316,4.1984e-05
51329,2.5856e-05
51340,9.984e-06
51343,7.424e-05
51368,1.0496e-05
51373,1.2032e-05
51374,8.96e-06
51377,2.56e-07
51388,6.0672e-05
51409,1.2288e-05
51416,2.5856e-05
51430,0.00012032
51448,5.1456e-05
51452,5.9648e-05
51467,1.5872e-05
51473,6.656e-06
51476,8.448e-06
51480,3.84e-05
51486,0.000133888
51496,0.00191744
51531,1.6128e-05
51534,1.2544e-05
51551,9.728e-06
51566,2.7136e-05
51568,5.376e-06
51572,5.9904e-05
51581,1.8432e-05
51599,2.432e-05
51602,2.944e-05
51611,3.1232e-05
51616,4.5568e-05
51627,4.608e-06
51636,0.001928448
51683,2.688e-05
51691,7.8336e-05
51698,3.4048e-05
51718,2.8928e-05
51728,0.001680896
51768,3.4816e-05
51778,6.0928e-05
51793,7.936e-05
51798,0.000210432
51815,6.5536e-05
51821,7.8592e-05
51838,6.656e-06
51843,0.000130304
51852,2.9184e-05
51870,7.168e-06
51873,3.1232e-05
51880,9.7024e-05
51898,3.84e-06
51909,0.000107776
51917,5.888e-05
51923,4.8896e-05
51958,2.048e-05
51961,3.5072e-05
51965,8.2944e-05
51974,2.176e-05
51983,1.024e-05
51984,0.000143104
52002,1.8432e-05
52020,0.000173824
52043,0.000241664
52051,4.6848e-05
52058,5.76e-05
52060,5.5296e-05
52064,1.8688e-05
52069,0.000178944
52084,7.3216e-05
52094,0.000230912
52096,0.00620288
52139,4.4288e-05
52160,0.000173824
52164,0.00127616
52192,0.000133376
52214,0.000174592
52235,7.0656e-05
52249,8.7552e-05
52259,2.304e-06
52264,0.000113152
52275,0.00018944
52288,5.2992e-05
52292,7.04e-05
52312,7.168e-06
52334,0.000203264
52337,7.424e-06
52349,4.4032e-05
52356,3.2512e-05
52359,1.1776e-05
52360,0.000335616
52366,1.408e-05
52379,5.248e-05
52391,6.144e-06
52393,2.816e-05
52394,2.7904e-05
52404,1.3056e-05
52442,6.9888e-05
52448,2.3808e-05
52473,3.328e-06
52476,5.6832e-05
52478,0.00144768
52516,6.784e-05
52533,6.5792e-05
52548,7.936e-05
52574,1.8688e-05
52579,0.00012416
52588,6.784e-05
52594,0.000134656
52600,3.0208e-05
52601,9.7024e-05
52616,2.0992e-05
52627,5.8112e-05
52633,0.000100096
52647,1.8432e-05
52684,3.1232e-05
52692,5.632e-06
52696,0.006277376
52706,0.00187136
52758,3.584e-06
52760,6.528e-05
52779,1.536e-05
52785,3.328e-06
52789,7.68e-05
52805,3.584e-06
52812,4.8896e-05
52816,2.816e-06
52820,1.1008e-05
52823,0.00012544
52842,8.32e-05
52861,0.000115712
52868,2.3296e-05
52878,4.7104e-05
52920,2.5344e-05
52923,5.1712e-05
52925,0.000223488
52942,0.000144128
52945,0.000130048
52950,0.00049792
52974,0.000109568
52979,0.000187904
52981,3.2e-05
52998,0.000124672
53006,1.4336e-05
53048,8.96e-06
53052,7.3984e-05
53071,2.5856e-05
53082,2.2272e-05
53089,0.000115968
53116,8.192e-06
53124,1.5104e-05
53127,2.304e-06
53148,1.92e-05
53158,4.0704e-05
53179,1.2032e-05
53182,3.8144e-05
53184,7.424e-06
53192,0.004673024
53244,3.8656e-05
53246,4.9152e-05
53263,3.1744e-05
53283,4.48e-05
53285,3.5328e-05
53297,4.864e-06
53303,5.632e-06
53307,0.000950784
53333,2.8672e-05
53348,0.000102144
53353,6.6048e-05
53374,0.00011008
53397,0.000107008
53427,4.6592e-05
53447,3.84e-06
53448,1.2544e-05
53454,6.2208e-05
53462,8.32e-05
53492,5.9136e-05
53496,2.56e-07
53504,8.96e-06
53516,7.6288e-05
53533,0.000109824
53589,0.000103424
53595,1.152e-05
53597,0.000142848
53602,6.4e-06
53614,0.000162816
53620,2.9952e-05
53634,7.5008e-05
53657,0.000137728
53664,0.000147712
53670,7.1936e-05
53675,8.2944e-05
53682,9.1648e-05
53746,2.8672e-05
53762,1.28e-06
53764,5.2992e-05
53778,2.048e-06
53796,0.000114688
53805,4.4032e-05
53826,6.144e-06
53832,3.4304e-05
53840,8.704e-06
53841,2.0224e-05
53847,1.5104e-05
53854,6.784e-05
53861,3.3024e-05
53886,8.064e-05
53893,0.00180736
53894,0.000775424
53928,6.656e-06
53946,1.5104e-05
53949,4.736e-05
53951,1.536e-06
53958,2.048e-06
53971,9.856e-05
53980,5.2736e-05
53990,9.1904e-05
54007,2.1504e-05
54034,1.792e-05
54045,0.000194304
54056,0.00013952
54085,6.4768e-05
54088,1.0496e-05
54117,4.6592e-05
54124,0.000163072
54173,1.664e-05
54182,2.3552e-05
54191,8.9856e-05
54194,0.00010624
54203,8.9344e-05
54216,4.0448e-05
54227,6.4e-06
54232,4.7616e-05
54237,1.8944e-05
54241,5.12e-06
54247,0.000230912
54268,3.9936e-05
54283,0.000179456
54297,5.3248e-05
54306,0.000119808
54327,3.4816e-05
54372,2.56e-06
54378,7.6032e-05
54390,7.1424e-05
54393,0.00025856
54407,1.8176e-05
54416,0.00010112
54427,8.1152e-05
54453,0.000164608
54476,1.664e-05
54485,3.1232e-05
54489,2.0224e-05
54494,0.003805696
54539,5.0432e-05
54559,9.5232e-05
54587,8.2176e-05
54612,1.1264e-05
54623,0.000264192
54636,6.4e-06
54639,0.000109056
54656,8.1664e-05
54658,2.4576e-05
54665,4.992e-05
54675,8.1408e-05
54693,1.0496e-05
54710,6.2208e-05
54715,2.56e-06
54718,5.0176e-05
54722,1.1264e-05
54724,1.4336e-05
54745,6.1184e-05
54747,1.9456e-05
54753,7.424e-06
54765,6.8864e-05
54768,3.5584e-05
54780,7.3984e-05
54783,5.9136e-05
54806,0.000186368
54811,6.656e-06
54826,5.5296e-05
54839,4.0448e-05
54846,2.4064e-05
54856,6.9888e-05
54860,3.1488e-05
54870,3.584e-05
54872,5.8368e-05
54890,6.656e-06
54895,7.0656e-05
54899,6.3488e-05
54919,5.376e-05
54933,2.2528e-05
54951,2.944e-05
54970,4.9408e-05
54977,4.608e-06
54983,6.3232e-05
54992,1.2544e-05
55013,1.024e-06
55023,3.1744e-05
55068,4.8896e-05
55082,7.5776e-05
55093,0.001434624
55106,0.001580032
55107,0.000945664
55151,9.984e-06
55160,1.6896e-05
55168,1.3824e-05
55189,4.3008e-05
55193,7.7056e-05
55197,1.8432e-05
55203,2.944e-05
55208,1.024e-06
55218,7.3216e-05
55220,6.1184e-05
55224,3.8912e-05
55244,4.1728e-05
55249,0.000130048
55271,5.632e-06
55286,3.0208e-05
55288,2.2272e-05
55295,7.7312e-05
55341,4.224e-05
55346,7.68e-06
55350,9.1136e-05
55359,3.9168e-05
55386,1.1008e-05
55392,3.328e-06
55395,7.424e-06
55403,2.3296e-05
55420,3.3024e-05
55429,4.608e-06
55437,2.6112e-05
55440,7.7312e-05
55447,4.1984e-05
55453,0.000108288
55460,7.7824e-05
55504,0.000108032
55516,5.4272e-05
55521,3.4304e-05
55534,0.000115968
55539,3.4048e-05
55545,0.000146432
55557,2.56e-07
55570,8.3968e-05
55572,6.4512e-05
55586,7.168e-06
55594,7.424e-06
55604,1.408e-05
55610,4.608e-06
55627,1.9968e-05
55647,6.912e-06
55651,2.56e-07
55654,3.5072e-05
55658,7.8336e-05
55668,6.144e-06
55670,6.144e-05
55694,0.002023424
55706,0.002141696
55756,0.017085952
55805,5.6064e-05
55810,0.000269312
55817,0.000562432
55825,6.4e-06
55864,5.1968e-05
55869,0.006982912
55916,2.5344e-05
55924,3.456e-05
55936,0.000120576
55966,9.0368e-05
55991,0.000427264
56022,4.096e-05
56028,2.1248e-05
56056,9.2416e-05
56064,3.6096e-05
56077,3.4304e-05
56082,2.7904e-05
56091,1.9456e-05
56123,5.632e-06
56125,8.704e-05
56132,9.216e-06
56142,6.8096e-05
56152,3.6352e-05
56157,9.728e-06
56159,9.088e-05
56184,2.4064e-05
56190,7.0912e-05
56203,6.2976e-05
56221,0.000155392
56225,4.6592e-05
56229,2.56e-07
56231,4.2752e-05
56243,4.7872e-05
56272,5.9904e-05
56274,2.0736e-05
56279,3.712e-05
56282,1.3056e-05
56287,1.792e-06
56293,0.008862464
56306,0.0076032
56351,1.0752e-05
56353,3.1232e-05
56390,3.584e-06
56398,0.000177664
56424,0.000130816
56434,9.3696e-05
56439,1.1008e-05
56454,9.344e-05
56467,1.5104e-05
56483,4.5056e-05
56507,4.6848e-05
56516,0.000155392
56533,1.3568e-05
56544,7.68e-06
56566,5.0688e-05
56582,2.0224e-05
56606,8.5504e-05
56627,2.7136e-05
56646,4.9664e-05
56647,2.4064e-05
56652,1.536e-05
56654,1.6384e-05
56682,7.4496e-05
56694,0.000157952
56714,0.001401088
56751,7.0144e-05
56759,7.936e-06
56765,1.0496e-05
56775,6.912e-05
56777,0.000160512
56784,1.9456e-05
56801,1.5872e-05
56820,2.048e-06
56821,1.792e-05
56838,1.408e-05
56845,0.000102656
56890,5.0176e-05
56894,0.000126976
56897,0.018061312
56959,3.3536e-05
56964,6.272e-05
56974,1.5872e-05
56987,9.6512e-05
56995,7.5008e-05
57013,5.0944e-05
57018,6.4e-06
57029,3.5072e-05
57036,0.000125696
57043,2.6624e-05
57046,5.248e-05
57056,4.2752e-05
57063,2.5856e-05
57068,0.000158976
57093,6.912e-05
57098,1.6384e-05
57103,2.0736e-05
57123,4.6592e-05
57128,4.7616e-05
57132,1.792e-05
57144,4.7616e-05
57157,7.9872e-05
57175,0.000151552
57199,0.000128768
57206,8.5504e-05
57232,3.584e-06
57256,0.000100352
57289,0.000150784
57299,2.816e-06
57306,1.6128e-05
57314,8.064e-05
57343,2.432e-05
57356,7.168e-06
57362,6.4512e-05
57379,5.7344e-05
57416,9.3184e-05
57419,8.6272e-05
57424,8.1664e-05
57428,0.000108032
57451,3.2e-05
57456,1.1776e-05
57458,0.000134912
57462,3.584e-06
57472,4.608e-05
57476,0.000141824
57484,2.0992e-05
57493,0.024297728
57552,2.4832e-05
57574,3.9168e-05
57582,0.000100864
57584,2.6624e-05
57600,6.4e-06
57607,7.68e-07
57641,6.656e-06
57646,0.00012544
57662,6.144e-06
57678,5.376e-06
57688,0.000241664
57708,9.5744e-05
57729,5.7344e-05
57736,3.3536e-05
57740,5.9136e-05
57758,1.1264e-05
57775,1.0752e-05
57790,5.0176e-05
57797,3.2512e-05
57806,3.328e-06
57823,2.6624e-05
57831,3.072e-06
57834,7.9872e-05
57839,2.1504e-05
57847,7.1424e-05
57856,6.7328e-05
57862,7.9104e-05
57867,9.4208e-05
57891,1.6896e-05
57901,5.2992e-05
57903,8.3712e-05
57909,5.2224e-05
57921,1.3824e-05
57925,4.224e-05
57927,8.96e-05
57960,1.2288e-05
57973,2.304e-06
57984,3.9936e-05
57995,2.4576e-05
58004,5.9648e-05
58010,0.0001152
58026,2.2784e-05
58030,2.5344e-05
58034,1.536e-05
58037,0.016718336
58089,1.024e-05
58090,0.000118272
58094,8.0896e-05
58099,0.000779776
58148,4.3776e-05
58168,3.3536e-05
58192,0.0001792
58199,9.6256e-05
58208,8.5248e-05
58211,3.8912e-05
58225,5.248e-05
58231,0.000146176
58241,0.000177152
58256,1.792e-06
58285,3.84e-05
58293,3.0976e-05
58310,2.7648e-05
58319,5.632e-06
58326,5.0176e-05
58329,7.68e-07
58344,4.5568e-05
58374,8.192e-05
58385,8.3712e-05
58398,4.6336e-05
58399,3.584e-06
58410,1.7152e-05
58413,0.001005056
58423,9.3952e-05
58442,5.12e-06
58456,2.0224e-05
58469,4.4544e-05
58479,3.2512e-05
58492,4.4288e-05
58511,6.7072e-05
58535,2.816e-06
58544,1.1776e-05
58553,9.344e-05
58580,5.9904e-05
58594,4.2496e-05
58602,3.3536e-05
58606,6.0672e-05
58619,2.432e-05
58636,0.000111616
58640,2.8672e-05
58643,1.3312e-05
58678,3.2768e-05
58689,4.5824e-05
58693,0.00064768
58696,0.006551808
58753,0.00015104
58770,1.8944e-05
58775,7.9104e-05
58779,2.304e-05
58794,5.12e-06
58806,4.864e-05
58826,0.000114688
58848,0.006564096
58879,4.2496e-05
58915,3.328e-06
58917,2.2528e-05
58927,0.000107264
58931,9.1648e-05
58934,4.864e-06
58938,1.1776e-05
58954,4.0448e-05
58965,6.1952e-05
58970,0.000146176
58973,4.864e-05
58984,2.5344e-05
59008,7.68e-06
59016,4.9152e-05
59020,3.5072e-05
59032,2.56e-06
59038,6.912e-06
59043,2.5344e-05
59053,1.2288e-05
59063,1.4592e-05
59070,8.32e-05
59093,2.8928e-05
59100,3.072e-06
59110,7.3984e-05
59118,2.048e-06
59130,1.0496e-05
59137,0.000118272
59151,2.56e-07
59156,1.28e-05
59158,5.1456e-05
59176,0.000126976
59191,1.1776e-05
59210,1.3312e-05
59227,3.4304e-05
59236,4.352e-06
59255,3.712e-05
59260,1.792e-06
59262,3.7888e-05
59269,4.224e-05
59275,5.1968e-05
59292,2.048e-06
59294,0.000112384
59298,3.2768e-05
59304,7.0656e-05
59329,4.8896e-05
59335,7.0656e-05
59338,1.5104e-05
59345,2.944e-05
59362,1.28e-06
59364,0.000107008
59370,4.2752e-05
59379,7.7568e-05
59396,0.000396032
59398,4.096e-06
59403,0.000225536
59422,9.3696e-05
59436,0.000134144
59441,9.7024e-05
59453,5.9904e-05
59463,6.5536e-05
59499,1.1776e-05
59506,6.5536e-05
59510,8.192e-06
59520,7.0144e-05
59530,0.000145152
59555,1.408e-05
59564,2.0224e-05
59575,3.5072e-05
59581,8.2176e-05
59596,4.864e-05
59605,6.3744e-05
59617,5.12e-06
59634,0.000178688
59660,0.000155136
59663,1.1008e-05
59666,0.000226048
59681,3.328e-05
59686,5.888e-06
59728,4.0448e-05
59732,7.3728e-05
59745,1.5872e-05
59761,4.3264e-05
59779,1.024e-06
59787,3.5328e-05
59794,0.00010368
59802,3.2768e-05
59807,0.000113664
59809,9.0112e-05
59825,0.000113664
59860,0.0001088
59864,0.000243456
59885,6.3744e-05
59893,0.000271616
59894,0.002534912
59905,0.000616448
59933,2.5344e-05
59938,6.8608e-05
59967,0.000124416
59974,6.2208e-05
59978,7.808e-05
59988,2.944e-05
59999,5.5552e-05
60005,4.352e-06
60013,8.064e-05
60032,2.0736e-05
60034,0.000137472
60042,2.176e-05
60080,1.3568e-05
60091,0.000115712
60094,0.000201216
60126,8.0384e-05
60129,9.2416e-05
60152,2.7648e-05
60162,3.6352e-05
60163,3.5072e-05
60167,4.7104e-05
60172,3.1488e-05
60180,8.4736e-05
60199,2.56e-07
60206,3.8912e-05
60208,4.1984e-05
60218,1.6896e-05
60232,1.408e-05
60247,0.000122112
60270,8.0128e-05
60292,0.000152064
60301,9.3696e-05
60313,6.656e-06
60317,7.6288e-05
60353,3.0976e-05
60366,8.576e-05
60374,7.1424e-05
60383,6.3232e-05
60393,0.000199424
60403,4.1216e-05
60413,5.0176e-05
60422,8.8832e-05
60433,8.8064e-05
60443,4.864e-05
60461,9.3696e-05
60464,9.6768e-05
60502,7.1936e-05
60512,1.152e-05
60516,3.6352e-05
60524,7.168e-05
60525,2.7648e-05
60543,4.5312e-05
60566,0.000109312
60577,6.3744e-05
60581,6.4e-06
60584,7.2192e-05
60594,6.3232e-05
60607,6.144e-06
60626,7.9104e-05
60628,6.144e-06
60630,4.096e-05
60638,6.2208e-05
60649,1.7664e-05
60654,1.2288e-05
60656,5.5296e-05
60668,0.0001088
60690,8.6272e-05
60727,9.6256e-05
60735,3.0976e-05
60760,7.7312e-05
60763,7.0912e-05
60788,4.4032e-05
60820,3.7376e-05
60821,8.704e-06
60828,1.4592e-05
60829,0.000174336
60855,5.376e-06
60860,8.576e-05
60864,4.1472e-05
60869,3.4304e-05
60873,7.1168e-05
60881,1.92e-05
60907,7.6032e-05
60920,1.4848e-05
60922,5.12e-05
60927,6.8352e-05
60940,3.712e-05
60947,2.9184e-05
60963,3.584e-06
60969,0.000100864
60973,7.168e-06
60990,0.000109056
60999,4.4032e-05
61008,1.664e-05
61011,7.68e-06
61019,6.4e-06
61025,4.0448e-05
61046,3.712e-05
61067,6.9632e-05
61070,3.7632e-05
61078,5.9904e-05
61081,5.632e-06
61086,2.944e-05
61093,8.832e-05
61094,0.002246656
61111,0.003640064
61144,1.024e-05
61146,3.84e-05
61148,3.3792e-05
61203,0.000142336
61214,2.3296e-05
61239,0.000112384
61257,2.3808e-05
61260,8.6784e-05
61268,3.3024e-05
61275,8.704e-06
61287,1.408e-05
61293,7.3728e-05
61299,1.5104e-05
61303,4.0448e-05
61311,2.1248e-05
61339,9.2416e-05
61347,7.424e-06
61353,1.792e-05
61361,5.7856e-05
61368,4.7872e-05
61388,3.4304e-05
61404,1.6128e-05
61405,1.3824e-05
61412,2.048e-06
61414,1.3056e-05
61430,7.1936e-05
61435,4.5568e-05
61437,6.9632e-05
61438,0.008084736
61496,4.1984e-05
61513,3.584e-06
61526,1.9968e-05
61528,1.6896e-05
61548,9.3952e-05
61556,2.1504e-05
61589,4.864e-06
61595,3.6096e-05
61606,3.584e-06
61633,6.656e-06
61644,0.000206592
61663,4.6336e-05
61685,2.2016e-05
61692,4.608e-06
61693,0.005142016
61706,0.000330752
61757,6.3488e-05
61773,6.144e-06
61776,7.0656e-05
61788,3.9936e-05
61793,7.0144e-05
61802,0.000138752
61846,8.1664e-05
61852,7.936e-05
61865,2.048e-06
61876,0.00017024
61880,4.608e-06
61884,3.584e-06
61885,1.2544e-05
61903,0.00012032
61910,7.6544e-05
61928,1.2032e-05
61930,4.0448e-05
61934,5.8624e-05
61940,1.664e-05
61953,6.2464e-05
61961,1.2288e-05
61972,2.816e-05
61977,7.04e-05
61988,8.6016e-05
62021,3.9424e-05
62028,0.000139008
62030,1.0752e-05
62032,7.3472e-05
62045,9.2672e-05
62048,8.4992e-05
62075,5.5808e-05
62087,2.5856e-05
62094,4.6336e-05
62103,7.424e-06
62110,4.4032e-05
62132,9.984e-05
62134,1.28e-05
62144,2.7904e-05
62153,0.000143104
62166,1.408e-05
62178,5.6064e-05
62186,1.5104e-05
62200,0.00011264
62219,6.2208e-05
62234,5.9648e-05
62243,6.0928e-05
62271,6.0672e-05
62274,4.096e-05
62284,2.688e-05
62294,0.006958592
62350,0.00025216
62377,9.7792e-05
62380,1.2544e-05
62384,8.6272e-05
62388,5.9648e-05
62399,6.6816e-05
62406,4.9152e-05
62416,2.048e-06
62418,2.304e-05
62431,8.5504e-05
62442,0.00011904
62461,6.4e-06
62466,9.472e-06
62478,3.072e-05
62482,2.4064e-05
62504,1.2032e-05
62508,5.376e-06
62513,1.7152e-05
62523,1.7664e-05
62530,3.3792e-05
62545,0.000116224
62550,2.3296e-05
62558,9.9072e-05
62562,1.6384e-05
62567,0.00029056
62576,0.000289792
62608,3.3024e-05
62612,4.1472e-05
62619,4.864e-06
62632,9.2416e-05
62642,1.6384e-05
62647,1.4336e-05
62653,2.5088e-05
62655,6.016e-05
62665,8.9344e-05
62680,2.2272e-05
62689,5.632e-06
62724,0.000118016
62734,8.5248e-05
62738,2.56e-06
62769,0.000176128
62775,0.000167168
62790,6.3488e-05
62807,0.0001472
62816,8.7552e-05
62830,7.936e-06
62834,1.6128e-05
62836,4.992e-05
62870,2.8416e-05
62885,4.0192e-05
62886,1.7152e-05
62893,0.003455488
62899,4.0704e-05
62943,1.28e-06
62953,6.5536e-05
62958,4.7872e-05
62966,5.2736e-05
62972,0.0001216
62985,1.1776e-05
62992,0.000216832
63017,2.304e-06
63029,9.7792e-05
63048,7.7568e-05
63054,3.84e-06
63080,0.000163328
63091,7.5776e-05
63113,2.1504e-05
63120,3.0464e-05
63138,0.000211712
63147,0.000123392
63149,1.6128e-05
63157,7.936e-06
63170,4.608e-05
63186,1.024e-05
63188,3.1232e-05
63193,4.608e-05
63194,0.0014912
63219,0.001134848
63250,1.6896e-05
63279,5.0432e-05
63280,8.0384e-05
63286,9.216e-06
63300,3.6096e-05
63303,4.2752e-05
63305,0.000228608
63317,0.004455168
63330,0.001827584
63338,0.012665088
63357,0.00018816
63380,0.027132928
63431,2.6112e-05
63434,8.192e-06
63442,2.048e-06
63460,9.2672e-05
63471,3.6352e-05
63482,2.816e-06
63496,0.006629888
63513,7.0912e-05
63543,0.000249856
63570,3.84e-06
63585,3.4048e-05
63606,3.2768e-05
63622,6.0416e-05
63624,0.000266752
63630,4.608e-06
63638,1.536e-05
63658,6.656e-06
63682,7.3472e-05
63696,7.1168e-05
63706,2.9696e-05
63712,1.3824e-05
63720,1.92e-05
63724,1.3056e-05
63730,0.000330752
63752,1.024e-06
63756,2.2528e-05
63771,4.736e-05
63784,0.0001856
63798,1.2032e-05
63803,9.6512e-05
63813,0.000170752
63831,7.4752e-05
63834,0.000111872
63843,9.6256e-05
63845,6.8352e-05
63856,1.2032e-05
63869,7.5008e-05
63875,0.000165376
63906,0.000140288
63910,6.3744e-05
63914,1.152e-05
63923,2.4576e-05
63937,1.3056e-05
63958,3.7376e-05
63972,5.9904e-05
63984,2.56e-06
63985,8.2176e-05
63988,1.7152e-05
63998,0.000244992
64011,4.6848e-05
64015,4.0448e-05
64020,2.1504e-05
64029,2.304e-06
64033,3.8144e-05
64045,2.9952e-05
64047,7.8336e-05
64056,0.000117248
64070,9.8048e-05
64074,7.296e-05
64091,0.000127232
64093,0.008655616
64140,9.1392e-05
64158,9.216e-06
64160,2.2528e-05
64171,2.048e-06
64179,7.5264e-05
64185,6.7328e-05
64199,0.000127744
64217,0.000153088
64219,3.6352e-05
64249,3.0464e-05
64251,1.8688e-05
64256,5.9648e-05
64270,3.1744e-05
64272,2.816e-05
64285,1.792e-06
64294,2.0736e-05
64299,4.1984e-05
64338,1.2032e-05
64340,6.912e-06
64346,5.76e-05
64358,1.6384e-05
64362,1.792e-05
64366,2.7136e-05
64371,1.024e-05
64382,4.4032e-05
64384,4.9152e-05
64402,1.152e-05
64409,7.168e-06
64416,2.304e-05
64418,2.048e-06
64444,7.1168e-05
64452,5.376e-06
64457,6.0672e-05
64473,1.7152e-05
64478,3.9936e-05
64505,0.000103936
64517,4.6592e-05
64520,1.0752e-05
64531,2.1248e-05
64540,3.328e-06
64558,5.0176e-05
64581,4.2496e-05
64582,0.000168704
64600,7.168e-05
64616,1.536e-05
64640,5.632e-06
64648,0.00014464
64670,7.808e-05
64683,0.000109824
64697,0.00384896
64707,0.00056832
64723,0.00039296
64778,2.1248e-05
64789,2.304e-05
64793,9.7024e-05
64803,8.6528e-05
64817,3.9936e-05
64825,8.96e-05
64826,7.424e-06
64854,5.1968e-05
64879,9.1392e-05
64894,0.000125952
64918,3.2768e-05
64931,8.2944e-05
64946,5.248e-05
64953,1.792e-06
64966,7.04e-05
64987,2.6112e-05
65000,6.9632e-05
65008,5.9136e-05
65010,3.84e-05
65020,1.5616e-05
65026,6.1184e-05
65034,0.000151808
65038,2.0224e-05
65063,1.2288e-05
65068,4.736e-05
65076,0.000109568
65088,7.9872e-05
65094,2.7648e-05
65123,3.9936e-05
65137,3.9424e-05
65139,0.000107008
65171,3.0208e-05
65176,3.7888e-05
65178,0.00011904
65184,1.4592e-05
65206,2.6368e-05
65220,0.000155904
65225,1.28e-05
65233,0.000100352
65258,0.000154112
65260,8.4992e-05
65290,6.4e-06
65293,0.02310784
65364,1.5872e-05
65373,6.272e-05
65382,2.56e-06
65405,3.328e-05
65417,1.3568e-05
65429,1.7664e-05
65432,2.56e-05
65435,8.0384e-05
65440,1.28e-05
65448,3.0208e-05
65452,8.8064e-05
65456,2.8672e-05
65475,2.048e-06
65484,0.00010496
65501,4.1984e-05
65503,3.328e-06
65540,0.000112384
65550,5.6576e-05
65562,2.0224e-05
65566,5.6064e-05
65583,8.2688e-05
65609,4.224e-05
65611,9.5488e-05
65618,4.352e-06
65631,1.1264e-05
65658,6.912e-06
65662,9.1392e-05
65666,3.2e-05
65679,0.000135424
65690,5.8112e-05
65726,2.6368e-05
65729,3.5584e-05
65734,6.3232e-05
65764,8.1152e-05
65767,0.000196096
65774,2.0992e-05
65816,8.448e-06
65835,1.152e-05
65841,2.1504e-05
65843,2.0736e-05
65864,8.0384e-05
65874,9.984e-06
65893,0.000289024
65900,4.5056e-05
65903,9.472e-06
65905,0.001218816
65949,1.792e-05
65951,3.1232e-05
65964,5.9136e-05
65973,5.3248e-05
65981,2.7648e-05
66003,1.5104e-05
66011,2.304e-05
66026,7.7824e-05
66029,0.000126464
66044,2.7904e-05
66053,7.1424e-05
66064,9.0112e-05
66088,0.000193792
66090,5.4784e-05
66116,0.000103168
66120,0.000164864
66138,0.000183808
66155,9.216e-05
66163,9.216e-05
66180,7.936e-06
66195,2.6368e-05
66196,0.000182272
66228,1.4592e-05
66236,4.096e-05
66238,8.5248e-05
66242,3.1232e-05
66276,8.576e-05
66295,2.5344e-05
66299,1.8944e-05
66306,4.352e-06
66312,2.6368e-05
66318,1.024e-06
66328,4.1984e-05
66332,0.00022784
66341,2.3808e-05
66353,8.96e-05
66356,6.144e-06
66364,0.000154112
66371,1.024e-05
66383,4.1728e-05
66385,0.00011392
66407,0.000128512
66440,8.4992e-05
66445,3.3024e-05
66453,0.000305408
66460,0.000105728
66466,1.0496e-05
66474,4.7872e-05
66478,4.864e-06
66497,0.008129536
66554,3.3536e-05
66562,9.984e-06
66581,0.000159232
66626,1.4336e-05
66638,2.8416e-05
66647,2.4576e-05
66658,5.6064e-05
66687,0.000179712
66706,2.304e-06
66715,2.7392e-05
66752,1.6128e-05
66754,6.4e-06
66756,7.04e-05
66787,0.000138496
66791,2.4064e-05
66794,0.000106752
66810,1.1264e-05
66821,2.4832e-05
66833,8.0384e-05
66857,3.3024e-05
66858,0.0003584
66859,0.0029952
66891,6.4e-05
66906,4.5824e-05
66923,9.216e-06
66934,7.8848e-05
66949,6.1952e-05
66965,1.024e-06
66974,5.4784e-05
66983,0.00010112
67008,1.3056e-05
67014,5.4272e-05
67016,9.4464e-05
67033,8.448e-06
67040,2.56e-06
67043,4.0704e-05
67052,6.656e-06
67065,0.002268672
67097,0.007637504
67155,3.2512e-05
67156,7.0912e-05
67182,1.28e-05
67189,0.000102144
67209,1.3056e-05
67211,9.2416e-05
67216,3.7376e-05
67226,6.4512e-05
67238,8.704e-06
67250,8.1664e-05
67259,4.0704e-05
67266,0.000179712
67277,5.12e-07
67287,2.2272e-05
67289,1.2544e-05
67292,7.68e-07
67294,2.816e-06
67306,2.304e-05
67310,0.000135936
67328,2.56e-06
67336,8.576e-05
67343,6.3232e-05
67363,0.00011136
67371,1.024e-06
67387,2.4576e-05
67391,0.000135168
67406,7.8592e-05
67418,2.9952e-05
67428,3.8144e-05
67433,5.3248e-05
67445,6.912e-06
67446,0.018256384
67503,7.0912e-05
67518,2.816e-05
67528,1.664e-05
67540,5.2736e-05
67563,8.2944e-05
67565,0.000415744
67590,4.3264e-05
67604,7.8336e-05
67632,5.5296e-05
67644,2.3808e-05
67656,4.224e-05
67663,6.5792e-05
67685,9.3952e-05
67693,0.000114176
67701,6.8864e-05
67711,3.7632e-05
67712,0.000960512
67747,3.5328e-05
67756,8.2176e-05
67761,3.1744e-05
67789,4.352e-06
67794,1.536e-05
67806,5.2736e-05
67810,6.1952e-05
67820,2.6624e-05
67826,6.5024e-05
67849,6.6816e-05
67854,1.5872e-05
67858,4.9408e-05
67866,0.003895808
67910,5.8368e-05
67920,5.1968e-05
67933,4.992e-05
67946,5.12e-06
67955,1.9712e-05
67975,9.8048e-05
67987,8.832e-05
68001,0.000121344
68032,0.000115968
68042,3.1744e-05
68046,7.3216e-05
68062,8.96e-06
68069,1.0752e-05
68074,2.2528e-05
68079,0.000151296
68093,6.3744e-05
68113,2.6624e-05
68125,8.96e-06
68128,3.0464e-05
68144,3.0976e-05
68152,8.704e-06
68164,5.12e-07
68208,3.328e-06
68211,7.168e-06
68214,8.8576e-05
68217,2.9696e-05
68219,0.000121344
68232,4.1472e-05
68250,6.144e-05
68262,7.1936e-05
68267,2.8416e-05
68278,5.3248e-05
68292,0.000126464
68305,0.000292096
68320,4.096e-06
68344,0.000115968
68360,5.0688e-05
68386,3.3024e-05
68396,1.9712e-05
68412,0.000156416
68414,1.7664e-05
68427,0.000115712
68435,5.8624e-05
68451,1.9712e-05
68453,3.8912e-05
68467,6.016e-05
68475,2.56e-06
68484,3.1488e-05
68497,4.7616e-05
68500,7.0656e-05
68516,5.1456e-05
68525,5.5296e-05
68545,0.000158976
68563,0.00148224
68603,1.0496e-05
68613,3.5072e-05
68618,8.96e-06
68629,6.5792e-05
68639,0.000158208
68656,2.3296e-05
68677,4.864e-05
68679,3.456e-05
68681,6.2208e-05
68695,7.7312e-05
68715,0.00016384
68732,5.7856e-05
68738,2.0992e-05
68746,1.408e-05
68747,1.3056e-05
68756,0.000102656
68763,1.2288e-05
68780,7.6544e-05
68802,2.9184e-05
68816,3.2768e-05
68820,6.4e-06
68822,0.000100608
68836,4.096e-05
68858,1.0496e-05
68861,2.4064e-05
68866,2.2528e-05
68880,7.0144e-05
68894,1.792e-06
68898,0.002310656
68899,0.007560192
68933,3.1488e-05
68949,3.072e-05
68966,3.2768e-05
68976,0.000128
68979,7.6544e-05
68990,7.0144e-05
69007,0.000199424
69011,1.6384e-05
69036,2.6624e-05
69048,5.7088e-05
69068,9.4208e-05
69072,6.4768e-05
69077,3.072e-06
69090,2.56e-05
69095,0.000148224
69106,2.3552e-05
69111,0.000395008
69140,1.7408e-05
69143,2.7648e-05
69153,2.9952e-05
69156,3.5072e-05
69159,1.9456e-05
69173,3.0464e-05
69178,0.000115712
69185,8.6528e-05
69197,1.3056e-05
69207,6.1696e-05
69212,0.000111616
69214,7.936e-06
69226,7.68e-07
69233,8.704e-06
69267,1.0752e-05
69273,0.000154624
69280,6.656e-05
69285,3.6352e-05
69303,1.7152e-05
69313,6.144e-06
69320,5.1968e-05
69326,0.000132608
69348,0.000196096
69359,1.2032e-05
69370,9.984e-06
69372,2.5856e-05
69384,7.9616e-05
69390,0.00012672
69396,4.608e-06
69400,4.9408e-05
69416,4.6336e-05
69425,0.001160192
69453,6.4768e-05
69466,0.000229632
69493,0.008844288
69497,0.001284608
69510,0.000447744
69540,1.8688e-05
69549,1.28e-05
69565,7.68e-07
69578,4.0704e-05
69604,6.4e-06
69614,3.0208e-05
69620,6.912e-05
69640,5.5552e-05
69655,5.9392e-05
69673,4.2496e-05
69686,4.352e-05
69726,0.00025728
69740,1.28e-06
69744,0.000101376
69756,3.84e-06
69775,3.328e-06
69779,6.4e-06
69812,0.000103424
69820,2.5088e-05
69826,1.28e-06
69828,3.0464e-05
69838,3.328e-05
69846,2.8672e-05
69863,5.376e-06
69867,4.224e-05
69871,2.7904e-05
69879,1.5872e-05
69883,0.00022016
69895,0.000621824
69906,3.4048e-05
69920,1.6128e-05
69934,3.0464e-05
69939,5.4784e-05
69942,2.048e-06
69944,0.000218112
69959,2.3296e-05
69971,1.7408e-05
69975,5.632e-06
69978,9.5488e-05
69992,1.9968e-05
69993,4.4032e-05
70001,5.1968e-05
70012,0.00015616
70020,2.56e-07
70036,0.000100608
70055,3.84e-05
70060,8.3456e-05
70075,0.000114944
70079,1.6384e-05
70094,3.328e-06
70097,0.001078528
70119,1.9712e-05
70143,3.5328e-05
70153,6.2976e-05
70156,3.6608e-05
70158,5.7088e-05
70172,9.5744e-05
70176,0.001025792
70212,1.8688e-05
70228,3.3536e-05
70232,7.7312e-05
70242,3.7376e-05
70265,5.6832e-05
70269,8.3712e-05
70278,3.0464e-05
70291,4.352e-06
70298,4.6592e-05
70326,1.7664e-05
70342,7.7312e-05
70348,4.2752e-05
70362,3.584e-06
70379,9.0112e-05
70381,1.3824e-05
70385,8.704e-06
70395,8.448e-05
70429,5.5552e-05
70432,4.5056e-05
70436,1.664e-05
70443,7.5008e-05
70479,0.000101632
70483,2.2528e-05
70494,0.0002304
70510,8.192e-06
70525,0.000212736
70545,4.6848e-05
70548,3.6096e-05
70559,6.7328e-05
70576,4.0704e-05
70609,0.000188416
70628,0.000163072
70646,0.000115968
70662,2.3552e-05
70666,7.296e-05
70678,7.4496e-05
70684,0.000103936
70689,3.2512e-05
70693,0.001284352
70743,0.000132096
70745,5.0432e-05
70748,0.000245248
70767,4.0704e-05
70785,0.000401664
70792,0.000259584
70848,2.1248e-05
70865,5.12e-07
70867,4.1216e-05
70871,1.3568e-05
70881,2.6112e-05
70891,7.9872e-05
70903,0.000392704
70932,2.8928e-05
70958,6.912e-06
70967,0.000114432
70972,4.9152e-05
70981,1.1776e-05
71015,3.968e-05
71033,7.1424e-05
71038,7.2192e-05
71039,2.9952e-05
71048,1.536e-06
71056,1.3824e-05
71087,8.832e-05
71102,0.000151552
71119,7.936e-06
71120,4.7104e-05
71123,7.6032e-05
71130,1.024e-06
71138,0.000135168
71143,1.6896e-05
71169,2.5088e-05
71172,4.3008e-05
71193,2.9184e-05
71199,7.0656e-05
71203,8.192e-06
71220,1.792e-05
71233,3.584e-06
71239,9.216e-06
71268,6.272e-05
71289,1.0496e-05
71297,0.002383872
71305,0.0024
71361,1.3824e-05
71370,8.5248e-05
71382,4.5312e-05
71392,1.28e-05
71393,5.632e-06
71404,4.736e-05
71416,2.7904e-05
71417,8.0128e-05
71419,0.000700672
71436,6.4e-06
71463,4.864e-06
71480,2.3552e-05
71488,3.2256e-05
71497,8.96e-05
71502,0.000374784
71520,1.9968e-05
71538,2.4576e-05
71540,2.56e-05
71553,2.048e-06
71562,9.9328e-05
71572,2.2016e-05
71583,4.8384e-05
71595,1.4592e-05
71605,7.3984e-05
71622,4.0704e-05
71669,6.9376e-05
71686,0.000285696
71696,1.024e-05
71703,4.1728e-05
71732,0.000109056
71738,4.9408e-05
71791,8.5504e-05
71796,2.2272e-05
71806,2.7392e-05
71837,7.8848e-05
71879,3.0976e-05
71890,3.2512e-05
71893,0.024493312
71895,0.0006848
71949,1.3568e-05
71974,0.00010624
71980,8.32e-05
72000,0.00018688
72008,9.9072e-05
72015,1.4336e-05
72021,7.7312e-05
72040,7.6288e-05
72044,8.3712e-05
72058,4.6848e-05
72072,1.4592e-05
72083,1.5872e-05
72101,2.176e-05
72109,5.12e-07
72111,0.0001024
72118,2.304e-05
72124,6.784e-05
72132,4.48e-05
72164,8.32e-05
72177,6.144e-06
72182,1.8944e-05
72200,2.4576e-05
72203,5.376e-06
72210,9.8048e-05
72240,6.656e-06
72261,9.344e-05
72293,8.8576e-05
72314,3.3536e-05
72321,2.816e-06
72328,5.7344e-05
72356,9.216e-06
72389,4.5824e-05
72394,2.0224e-05
72399,1.536e-06
72422,3.968e-05
72426,0.003320832
72492,5.632e-06
72498,0.001254912
72511,0.00177536
72563,8.704e-06
72571,3.0464e-05
72583,1.92e-05
72597,0.000130048
72607,1.792e-06
72621,3.2e-05
72625,4.352e-06
72640,0.00017152
72656,2.304e-06
72665,7.68e-07
72670,0.002930944
72718,5.504e-05
72729,2.7392e-05
72748,0.0001024
72763,0.000111872
72771,1.3056e-05
72777,8.96e-06
72788,6.912e-06
72793,1.6384e-05
72802,1.28e-05
72811,0.000114944
72814,0.000107776
72819,1.4336e-05
72840,2.7392e-05
72854,4.6592e-05
72856,6.4e-05
72884,1.7664e-05
72893,2.688e-05
72903,0.000136448
72921,1.6128e-05
72939,1.2032e-05
72952,7.68e-07
72972,5.12e-06
73003,5.0176e-05
73007,0.000769024
73030,8.4992e-05
73035,3.072e-05
73053,5.9648e-05
73055,1.92e-05
73070,4.4544e-05
73087,4.9408e-05
73093,0.002498816
73097,0.001538304
73105,0.001627648
73112,0.001496832
73156,2.816e-06
73161,6.144e-06
73164,0.0001216
73174,2.5344e-05
73205,3.328e-06
73207,2.816e-06
73213,9.8304e-05
73223,7.4752e-05
73253,4.9408e-05
73260,0.000122112
73262,2.2784e-05
73273,6.272e-05
73299,2.7648e-05
73301,6.1952e-05
73310,5.504e-05
73320,3.9424e-05
73345,2.8416e-05
73352,5.6576e-05
73361,4.608e-06
73368,9.728e-06
73383,1.1008e-05
73385,4.5824e-05
73387,5.376e-06
73394,1.28e-05
73403,1.1776e-05
73407,8.96e-06
73409,0.00013312
73423,4.9664e-05
73441,3.072e-06
73448,0.0001216
73456,5.9648e-05
73496,1.9712e-05
73498,3.2e-05
73506,3.072e-06
73508,1.2288e-05
73515,7.168e-06
73529,2.8416e-05
73537,4.1984e-05
73542,6.0416e-05
73568,3.968e-05
73584,0.000123648
73594,5.7856e-05
73610,2.5344e-05
73612,3.8912e-05
73642,5.4272e-05
73643,2.048e-05
73648,5.9904e-05
73651,8.064e-05
73658,0.000112384
73687,7.4752e-05
73706,0.000698112
73725,1.536e-06
73732,8.0896e-05
73745,0.002580224
73755,0.006720256
73805,1.8688e-05
73813,7.2704e-05
73824,4.608e-06
73828,6.5024e-05
73837,6.3744e-05
73844,3.712e-05
73874,6.9376e-05
73875,0.00604288
73885,0.000308992
73951,1.9712e-05
73958,2.5856e-05
73960,7.4752e-05
73972,6.7072e-05
73987,3.5072e-05
74023,8.96e-06
74026,2.2272e-05
74045,2.0736e-05
74053,4.608e-05
74071,0.000108288
74073,4.3008e-05
74095,0.00022272
74105,8.2944e-05
74153,3.9168e-05
74159,2.304e-05
74168,3.0208e-05
74169,4.5312e-05
74177,4.9152e-05
74192,3.8144e-05
74196,1.4848e-05
74207,3.2e-05
74216,6.8096e-05
74227,4.608e-06
74236,0.000109312
74241,3.3024e-05
74243,4.4032e-05
74257,7.7824e-05
74264,6.4256e-05
74293,0.003618048
74299,0.005592064
74360,6.8096e-05
74368,5.504e-05
74371,2.0224e-05
74381,0.000184576
74390,2.4832e-05
74392,3.328e-06
74405,5.0432e-05
74414,1.5872e-05
74430,8.96e-05
74448,7.68e-07
74457,7.68e-05
74459,1.7408e-05
74463,5.2224e-05
74481,3.0464e-05
74484,8.0896e-05
74509,5.76e-05
74512,0.000290304
74531,8.1152e-05
74539,6.4256e-05
74570,6.528e-05
74584,5.4784e-05
74591,2.56e-06
74612,0.00031616
74629,8.0896e-05
74635,0.001289728
74655,8.6272e-05
74681,2.0224e-05
74685,1.408e-05
74693,4.2752e-05
74694,1.664e-05
74699,6.4e-06
74704,9.9584e-05
74718,5.5552e-05
74742,1.9456e-05
74744,7.7056e-05
74762,4.096e-05
74768,3.712e-05
74786,2.2528e-05
74809,4.1472e-05
74826,9.4976e-05
74830,2.3296e-05
74841,0.000104704
74863,2.9696e-05
74873,3.712e-05
74879,8.2688e-05
74890,5.6064e-05
74894,2.7648e-05
74907,0.003670016
74954,3.0976e-05
74957,2.0736e-05
74966,2.816e-05
74971,1.1008e-05
74982,5.9648e-05
74986,2.7904e-05
74991,9.472e-06
74995,6.9632e-05
74997,1.024e-06
75003,2.3808e-05
75020,1.792e-06
75054,9.6256e-05
75066,2.9952e-05
75069,7.0144e-05
75077,7.424e-05
75081,2.944e-05
75105,0.000224
75111,4.608e-05
75117,1.7664e-05
75123,7.168e-06
75133,2.304e-06
75140,4.5824e-05
75147,7.68e-06
75157,1.3824e-05
75167,2.9696e-05
75184,1.536e-06
75189,1.5104e-05
75193,5.2224e-05
75201,3.9168e-05
75207,6.528e-05
75229,1.5616e-05
75235,4.8384e-05
75252,4.1728e-05
75261,0.000123904
75282,7.4752e-05
75287,3.6096e-05
75289,2.1504e-05
75294,6.912e-06
75305,8.4224e-05
75328,5.376e-05
75337,4.0704e-05
75340,7.936e-06
75361,6.2976e-05
75364,1.4336e-05
75374,4.2752e-05
75390,5.7088e-05
75405,0.000111872
75428,4.4544e-05
75436,0.000122368
75443,4.6336e-05
75451,0.00081152
75484,5.8112e-05
75486,6.0928e-05
75493,0.013104896
75543,2.56e-07
75549,6.0928e-05
75568,3.7632e-05
75590,0.000137216
75591,4.864e-05
75597,7.936e-06
75601,7.68e-05
75611,1.6128e-05
75626,1.4336e-05
75635,0.000164608
75639,6.3232e-05
75648,0.00011776
75650,2.688e-05
75670,8.704e-06
75695,2.4064e-05
75700,9.5744e-05
75738,0.000110336
75741,9.0112e-05
75758,1.536e-05
75762,0.000104448
75766,9.216e-05
75779,1.536e-05
75793,7.3472e-05
75798,2.304e-06
75813,0.000118272
75821,2.56e-06
75827,4.608e-06
75847,4.6336e-05
75850,7.3216e-05
75856,2.7136e-05
75885,0.0001152
75902,6.3744e-05
75912,2.0992e-05
75931,0.000120832
75950,3.84e-06
75957,6.5024e-05
75959,1.28e-06
75972,8.0128e-05
75983,2.3808e-05
75998,7.168e-05
75999,0.000198144
76033,0.000114688
76056,3.8656e-05
76058,1.1264e-05
76069,9.8816e-05
76091,7.936e-06
76094,0.000127488
76096,2.8672e-05
76099,0.000201728
76107,0.000856576
76131,4.3008e-05
76144,3.5328e-05
76152,4.7872e-05
76170,6.8864e-05
76194,0.000105472
76200,1.0496e-05
76206,8.448e-06
76210,2.8416e-05
76233,1.3824e-05
76235,5.4272e-05
76240,7.9104e-05
76245,0.000109312
76250,2.7904e-05
76270,7.68e-05
76279,0.000133888
76288,1.6384e-05
76293,2.3296e-05
76308,6.2464e-05
76318,1.3568e-05
76325,4.096e-06
76329,1.024e-05
76351,4.352e-06
76362,3.968e-05
76370,1.536e-06
76371,0.003165696
76414,2.5856e-05
76423,3.9168e-05
76437,4.224e-05
76441,2.56e-07
76446,0.000143616
76449,2.9952e-05
76460,3.7888e-05
76468,1.3056e-05
76469,5.12e-06
76480,1.3568e-05
76482,3.072e-05
76486,5.888e-06
76507,4.6336e-05
76512,3.8144e-05
76524,2.6368e-05
76535,3.456e-05
76542,2.9952e-05
76554,6.3488e-05
76562,3.8912e-05
76584,3.072e-06
76593,3.2512e-05
76604,8.0896e-05
76605,0.000470784
76643,0.000124416
76662,4.5824e-05
76666,0.00014976
76686,2.2528e-05
76693,0.002526464
76697,0.001550592
76738,9.9584e-05
76766,9.216e-06
76776,8.1664e-05
76780,5.248e-05
76794,1.9712e-05
76801,2.432e-05
76804,6.6048e-05
76831,8.448e-06
76856,0.000107008
76864,0.000255488
76878,1.024e-05
76882,4.6336e-05
76888,1.4848e-05
76891,1.6896e-05
76921,8.9344e-05
76930,0.00013952
76933,2.56e-07
76951,4.9408e-05
76963,2.2528e-05
76968,6.2976e-05
76975,8.448e-06
76978,0.005988608
77025,4.352e-06
77054,4.4544e-05
77076,0.000108288
77083,8.2944e-05
77088,7.2704e-05
77096,3.5328e-05
77099,1.6896e-05
77101,2.304e-06
77160,0.000195328
77179,1.5616e-05
77182,5.1712e-05
77192,2.5344e-05
77195,0.000248064
77214,0.000120064
77218,6.4512e-05
77235,4.0704e-05
77246,4.7616e-05
77252,4.5568e-05
77269,5.888e-06
77272,0.000109312
77273,4.8896e-05
77277,0.000139008
77307,1.2288e-05
77312,2.0736e-05
77314,1.2032e-05
77332,4.7616e-05
77335,2.2272e-05
77342,0.000116992
77350,0.000119808
77356,6.4512e-05
77379,9.6768e-05
77385,6.144e-06
77408,0.000196608
77418,1.9712e-05
77430,0.000132352
77452,2.6368e-05
77458,2.4832e-05
77463,1.4848e-05
77475,6.8608e-05
77499,9.984e-05
77516,8.5504e-05
77534,1.8432e-05
77538,4.864e-06
77543,0.000123904
77561,4.352e-06
77583,2.56e-06
77591,9.984e-05
77604,7.68e-06
77627,7.1424e-05
77635,1.3568e-05
77639,4.608e-06
77652,3.0208e-05
77657,1.1264e-05
77676,9.9584e-05
77696,2.7904e-05
77718,2.304e-06
77723,6.5536e-05
77745,5.888e-06
77752,0.000120576
77765,4.9152e-05
77768,0.000131328
77779,9.3184e-05
77790,9.856e-05
77812,1.28e-05
77819,3.2512e-05
77821,2.048e-05
77829,6.528e-05
77838,4.1216e-05
77846,9.472e-06
77850,1.024e-05
77862,5.6576e-05
77868,9.088e-05
77880,0.000140288
77890,4.3264e-05
77893,0.00551936
77898,0.000480768
77919,0.001537792
77920,0.00027136
77944,5.12e-07
77975,0.000116736
77988,0.000104192
78012,7.168e-06
78015,6.9888e-05
78021,6.144e-06
78023,1.5616e-05
78027,5.76e-05
78061,0.000128
78065,0.000156416
78121,1.28e-06
78134,5.4784e-05
78141,4.864e-06
78145,2.9952e-05
78150,0.000110592
78154,6.9632e-05
78171,2.5088e-05
78179,5.6832e-05
78191,0.000191232
78194,0.00015104
78206,0.000899072
78254,0.000108032
78264,1.408e-05
78269,4.6592e-05
78277,0.000118016
78282,2.56e-07
78314,1.3056e-05
78325,5.9648e-05
78328,4.5056e-05
78352,7.5008e-05
78364,7.936e-06
78367,3.6864e-05
78375,0.000103168
78382,6.7328e-05
78385,3.3792e-05
78407,4.736e-05
78427,5.504e-05
78428,6.0416e-05
78438,6.4e-05
78444,9.0368e-05
78449,7.7568e-05
78453,7.424e-06
78458,0.00017408
78483,5.632e-05
78493,0.001134848
78505,0.000125696
78522,4.8128e-05
78540,2.176e-05
78544,6.656e-06
78550,1.28e-06
78553,0.000175872
78558,4.3008e-05
78585,5.376e-05
78591,1.9712e-05
78607,3.7376e-05
78612,9.2928e-05
78618,2.5344e-05
78624,5.0176e-05
78658,4.0448e-05
78661,7.1168e-05
78664,0.00011392
78679,0.000144896
78697,5.632e-06
78711,0.008137216
78713,0.016000256
78716,0.00706304
78719,0.001423616
78802,5.3248e-05
78817,1.2032e-05
78821,0.000110592
78840,6.4512e-05
78861,1.8688e-05
78864,5.7344e-05
78917,5.1456e-05
78926,3.5584e-05
78932,2.4832e-05
78939,0.0001152
78948,1.6896e-05
78954,4.7872e-05
78968,1.6384e-05
78970,7.0144e-05
78977,3.328e-06
78994,6.912e-05
78995,8.6528e-05
79002,5.12e-05
79005,3.328e-06
79008,3.3024e-05
79011,1.0752e-05
79022,8.4736e-05
79033,4.3776e-05
79036,1.2544e-05
79053,7.936e-06
79066,3.6352e-05
79070,3.328e-06
79086,9.2928e-05
79089,1.3056e-05
79093,0.008484864
79095,0.004258304
79105,0.024194816
79155,0.000144384
79166,0.000216064
79179,0.017613312
79232,0.000173568
79245,5.9136e-05
79250,0.000140032
79253,0.000242944
79277,3.9424e-05
79280,2.048e-06
79284,0.000162304
79299,1.5616e-05
79309,1.6896e-05
79316,2.0992e-05
79330,0.000240896
79334,2.816e-05
79353,4.096e-06
79360,0.000200448
79380,7.0144e-05
79391,2.9952e-05
79418,2.2272e-05
79441,5.6576e-05
79450,3.0464e-05
79473,5.4016e-05
79477,1.664e-05
79510,2.1248e-05
79517,0.000105472
79535,0.000252416
79580,6.656e-06
79584,0.000150016
79599,5.888e-06
79601,1.792e-06
79614,0.000102912
79618,8.4736e-05
79626,2.3296e-05
79687,0.000173056
79692,6.912e-06
79693,1.408e-05
79706,0.003743488
79748,4.2752e-05
79764,7.68e-05
79790,4.5312e-05
79792,0.000215296
79796,7.3984e-05
79813,1.8944e-05
79816,3.456e-05
79828,4.224e-05
79832,8.7296e-05
79838,3.072e-06
79839,1.0496e-05
79847,1.8688e-05
79860,6.016e-05
79869,8.5248e-05
79885,3.5072e-05
79887,0.000381696
79908,4.3776e-05
79914,0.00017408
79930,0.000162048
79953,6.0416e-05
79964,0.0001408
79973,3.7888e-05
79983,2.816e-06
79998,7.5264e-05
80000,1.8688e-05
80011,3.6352e-05
80016,0.000196608
80034,1.92e-05
80068,5.6576e-05
80080,1.92e-05
80092,0.000179968
80113,5.7088e-05
80121,1.3824e-05
80124,0.000163328
80137,1.28e-05
80159,3.0208e-05
80162,0.000161024
80173,1.536e-05
80187,3.3024e-05
80194,0.000107008
80214,5.5296e-05
80216,9.2928e-05
80243,0.00018816
80249,1.6384e-05
80257,2.1248e-05
80268,1.536e-06
80274,1.536e-06
80278,0.000157952
80283,9.1648e-05
80293,0.004658432
80295,0.00267392
80348,0.00070528
80357,3.7888e-05
80358,0.001944064
80399,2.1248e-05
80403,1.6384e-05
80404,4.992e-05
80412,0.000169984
80442,1.3568e-05
80443,0.000104448
80486,4.224e-05
80504,5.4528e-05
80517,0.000191744
80523,4.48e-05
80533,0.000123648
80553,0.000132096
80559,9.8304e-05
80570,0.00012032
80614,0.000107776
80617,0.000107776
80636,2.0736e-05
80640,2.9184e-05
80647,0.003848192
80713,0.00014976
80719,2.5344e-05
80738,4.352e-05
80750,5.12e-06
80757,9.8816e-05
80760,1.8432e-05
80782,3.712e-05
80793,1.1776e-05
80834,4.352e-06
80837,6.3744e-05
80848,4.0192e-05
80862,6.1952e-05
80864,1.2544e-05
80886,6.1952e-05
80892,9.984e-06
80896,0.00645632
80907,0.00271616
80969,5.9648e-05
80980,2.1504e-05
80990,7.3728e-05
80994,6.3232e-05
81005,0.000169984
81021,8.32e-05
81025,7.936e-05
81043,0.000313856
81073,3.2e-05
81076,8.3456e-05
81090,3.0208e-05
81092,8.9344e-05
81127,0.000190976
81144,3.072e-05
81159,1.1008e-05
81166,2.7648e-05
81169,5.7856e-05
81181,0.000788736
81195,0.007744768
81245,0.00011392
81265,2.7392e-05
81270,3.5584e-05
81312,1.536e-05
81318,2.816e-06
81325,7.3984e-05
81333,8.9088e-05
81335,7.5264e-05
81342,1.5104e-05
81345,5.6576e-05
81374,3.2256e-05
81378,4.2752e-05
81389,9.3952e-05
81395,9.0368e-05
81402,5.632e-06
81408,3.2768e-05
81424,0.000721408
81433,0.007725056
81468,0.00014976
81472,7.4752e-05
81480,1.5872e-05
81496,0.000139776
81518,5.2992e-05
81525,0.000362752
81545,0.000362752
81558,2.432e-05
81576,5.4784e-05
81585,0.000219392
81596,5.0176e-05
81634,0.000375296
81645,0.000187904
81667,1.3568e-05
81670,0.000683776
81678,1.5616e-05
81698,4.608e-05
81703,7.68e-06
81705,1.792e-06
81724,7.936e-06
81735,6.912e-06
81738,0.000118272
81745,4.5824e-05
81753,2.5088e-05
81756,4.9664e-05
81769,2.432e-05
81775,4.864e-06
81793,1.3312e-05
81801,5.4272e-05
81815,0.001208576
81861,1.8176e-05
81864,4.7104e-05
81870,0.000335104
81897,1.2288e-05
81903,5.2224e-05
81914,2.4832e-05
81948,4.5312e-05
81958,3.456e-05
81962,0.000107264
81971,0.00028032
81990,7.68e-06
81992,3.072e-06
82000,6.4e-06
82008,2.048e-05
82013,3.9168e-05
82029,1.28e-06
82043,4.7104e-05
82047,9.7024e-05
82066,0.00027136
82080,0.000160768
82099,7.2192e-05
82110,4.608e-06
82116,7.6032e-05
82145,0.000185856
82154,0.000160768
82160,0.000121856
82179,0.000111616
82198,3.1232e-05
82199,0.000128768
82233,0.000143872
82243,0.000101888
82265,3.0976e-05
82267,2.176e-05
82288,7.3984e-05
82293,6.528e-05
82296,0.000108288
82320,7.168e-05
82323,6.5536e-05
82326,1.6896e-05
82342,0.00014976
82348,0.000137216
82354,1.1264e-05
82378,5.9136e-05
82387,3.2512e-05
82410,7.68e-06
82417,1.4848e-05
82422,5.4016e-05
82426,5.2736e-05
82430,6.8096e-05
82433,0.000105472
82441,7.7056e-05
82466,7.68e-06
82482,7.936e-06
82485,0.000217088
82495,7.936e-06
82496,3.84e-06
82500,6.2976e-05
82505,2.5344e-05
82516,3.84e-05
82519,9.472e-06
82534,5.248e-05
82556,5.376e-06
82560,0.000157696
82583,6.016e-05
82596,0.00020864
82602,7.7056e-05
82621,1.2544e-05
82632,2.944e-05
82643,5.7856e-05
82656,9.9328e-05
82658,8.8576e-05
82668,4.224e-05
82681,2.304e-05
82687,4.608e-06
82693,0.00053248
82697,0.0063168
82739,2.048e-06
82754,1.8176e-05
82775,5.4528e-05
82779,5.5552e-05
82783,5.0176e-05
82784,8.5504e-05
82791,0.000154368
82796,8.4992e-05
82807,2.048e-06
82833,0.000147456
82841,1.0752e-05
82842,3.4816e-05
82846,5.7344e-05
82853,4.5056e-05
82881,0.000139776
82911,7.7824e-05
82923,5.76e-05
82931,6.144e-06
82933,3.072e-05
82941,3.84e-05
82943,6.1184e-05
82960,2.6624e-05
82973,6.4e-05
82979,8.6272e-05
82986,4.9408e-05
82993,6.144e-06
82998,2.4576e-05
83005,2.5344e-05
83012,7.6288e-05
83023,2.7136e-05
83027,6.9376e-05
83048,0.000123392
83060,4.5312e-05
83075,0.002839552
83105,0.000142848
83114,4.864e-06
83146,6.0672e-05
83153,2.3552e-05
83155,1.8688e-05
83173,1.152e-05
83206,5.632e-05
83214,1.5616e-05
83223,0.000109312
83238,0.00012928
83244,5.3248e-05
83249,3.2768e-05
83269,0.000146688
83289,0.000182528
83306,0.002094336
83348,0.0001216
83369,4.864e-05
83383,1.8944e-05
83389,0.000113664
83410,6.912e-06
83414,1.3568e-05
83417,0.000153088
83441,0.000141056
83455,3.9936e-05
83457,9.472e-06
83481,7.168e-06
83489,1.6896e-05
83514,2.2528e-05
83522,0.000156416
83538,1.5872e-05
83539,0.00028928
83602,9.9328e-05
83604,0.000164352
83625,0.000145408
83627,2.5344e-05
83631,8.0128e-05
83634,0.000461568
83636,8.32e-05
83683,6.784e-05
83694,0.00260608
83695,0.01035648
83738,1.3568e-05
83741,0.000111616
83756,1.792e-05
83759,7.936e-06
83766,2.2784e-05
83769,0.000539392
83791,2.6624e-05
83806,4.8896e-05
83818,8.0384e-05
83820,3.968e-05
83836,0.000143104
83853,0.000112128
83861,4.7616e-05
83874,0.000107264
83882,7.68e-07
83896,6.9376e-05
83897,0.0022976
83939,1.792e-05
83957,2.5088e-05
83959,0.00024192
83979,0.000116224
83990,6.1696e-05
84017,0.000144896
84032,1.6384e-05
84036,7.936e-05
84061,5.12e-06
84069,4.1472e-05
84098,6.144e-06
84102,8.192e-05
84104,7.4496e-05
84135,7.1424e-05
84142,0.000212224
84172,7.424e-06
84180,4.9152e-05
84204,5.376e-05
84206,2.3552e-05
84208,7.3472e-05
84216,4.5056e-05
84224,3.5072e-05
84236,8.704e-06
84238,4.096e-06
84245,4.1728e-05
84247,3.0208e-05
84254,3.072e-05
84268,5.504e-05
84306,7.6544e-05
84320,4.1472e-05
84329,2.2528e-05
84331,8.448e-06
84348,3.6864e-05
84351,2.56e-07
84366,0.000151296
84381,6.4e-06
84396,0.000170752
84424,7.04e-05
84429,0.000199424
84456,1.6384e-05
84469,9.5744e-05
84474,3.712e-05
84477,0.000111104
84494,0.000654848
84507,0.008280064
84570,5.8624e-05
84578,1.7664e-05
84586,8.6016e-05
84587,0.000118528
84592,0.000226816
84613,1.28e-05
84627,2.2784e-05
84632,2.944e-05
84642,4.3008e-05
84660,0.000119808
84668,9.2416e-05
84696,0.000137984
84720,4.8384e-05
84738,5.5808e-05
84749,5.9904e-05
84757,1.4336e-05
84765,9.984e-06
84767,1.3824e-05
84792,3.2e-05
84796,1.792e-06
84797,0.000448256
84837,3.9168e-05
84847,2.56e-07
84849,1.792e-05
84850,0.000422912
84888,0.000104704
84904,6.1184e-05
84907,1.9968e-05
84913,6.3232e-05
84924,3.7888e-05
84939,7.1168e-05
84949,1.536e-06
84963,9.5232e-05
84975,2.8416e-05
84992,3.7376e-05
84995,3.4816e-05
85006,1.792e-05
85039,0.000104704
85064,2.9952e-05
85071,4.5312e-05
85076,6.912e-06
85079,1.8432e-05
85082,5.3248e-05
85093,0.002286592
85126,2.688e-05
85143,7.6288e-05
85154,8.192e-06
85184,5.4528e-05
85190,1.9968e-05
85204,8.448e-06
85208,4.1472e-05
85227,1.536e-06
85233,8.704e-06
85238,4.0448e-05
85255,8.96e-06
85264,4.1984e-05
85266,2.3808e-05
85284,1.3056e-05
85295,6.4e-06
85301,5.1968e-05
85313,4.7872e-05
85316,0.0001216
85346,5.9392e-05
85350,4.8128e-05
85362,0.000168192
85385,1.1776e-05
85393,2.2272e-05
85395,5.0688e-05
85399,2.4064e-05
85401,3.584e-05
85415,5.0176e-05
85432,0.001279232
85462,8.8576e-05
85479,4.9152e-05
85480,0.000125696
85482,8.96e-06
85504,2.9952e-05
85507,2.1504e-05
85519,4.864e-06
85539,4.736e-05
85542,3.2256e-05
85571,4.1984e-05
85591,4.608e-06
85596,5.1968e-05
85602,4.0448e-05
85611,0.002093312
85636,2.2272e-05
85666,4.096e-05
85681,0.000155904
85694,0.002023424
85705,0.00026496
85718,1.1008e-05
85740,5.76e-05
85745,0.005565696
85800,3.5584e-05
85805,0.000106496
85810,4.0704e-05
85819,7.1936e-05
85837,2.3552e-05
85843,0.000129792
85859,8.448e-06
85875,0.000128
85887,4.6848e-05
85895,6.5536e-05
85903,8.0896e-05
85910,3.072e-06
85928,3.3536e-05
85930,9.984e-06
85943,1.5872e-05
85953,8.4224e-05
85959,7.808e-05
85964,2.9952e-05
85974,9.728e-05
85979,6.1184e-05
86061,0.000215296
86064,2.56e-06
86069,4.4032e-05
86071,0.002722816
86127,2.4064e-05
86137,1.7408e-05
86146,6.912e-05
86152,5.5296e-05
86188,1.792e-06
86199,7.5776e-05
86203,0.000101376
86215,3.9168e-05
86218,3.3792e-05
86223,4.6848e-05
86224,5.7344e-05
86244,6.1952e-05
86256,0.000169472
86260,1.0496e-05
86266,7.68e-06
86279,8.0128e-05
86293,0.000666368
86294,0.002276864
86298,0.00168704
86354,0.000119296
86362,6.8352e-05
86379,9.216e-06
86388,3.0208e-05
86392,7.0656e-05
86394,6.3488e-05
86408,1.4336e-05
86414,3.5584e-05
86428,3.0208e-05
86444,0.00012544
86455,1.9968e-05
86464,2.0992e-05
86466,8.192e-06
86475,1.2032e-05
86497,2.6112e-05
86513,7.424e-06
86525,8.96e-06
86553,6.272e-05
86571,4.224e-05
86574,6.1184e-05
86582,8.6784e-05
86588,9.472e-06
86603,5.9904e-05
86607,3.5584e-05
86610,0.000101888
86616,1.2032e-05
86632,1.4592e-05
86642,3.584e-06
86645,4.864e-05
86656,0.000148736
86660,2.0736e-05
86674,8.448e-06
86676,0.000133376
86697,0.000109568
86713,8.4224e-05
86722,6.6304e-05
86726,5.1456e-05
86731,2.816e-05
86733,0.000387072
86744,4.4288e-05
86772,2.0736e-05
86776,1.1008e-05
86781,1.024e-05
86796,0.000125184
86797,2.6112e-05
86812,0.000110848
86820,5.2224e-05
86828,7.6032e-05
86830,2.3296e-05
86831,0.003523584
86872,4.3008e-05
86878,9.9584e-05
86887,2.4832e-05
86894,3.6608e-05
86896,0.001450752
86906,0.002130176
86915,0.003802624
87006,7.4496e-05
87010,2.048e-06
87017,0.000177664
87025,1.92e-05
87036,1.4336e-05
87042,7.6032e-05
87062,1.408e-05
87073,1.536e-05
87105,6.5536e-05
87128,1.5616e-05
87164,0.000111616
87165,4.6848e-05
87176,2.816e-05
87189,8.6784e-05
87207,0.000637184
87243,0.0002496
87256,3.5584e-05
87262,3.712e-05
87273,7.936e-06
87277,7.3984e-05
87282,0.000111872
87292,9.8816e-05
87294,7.168e-05
87302,8.704e-06
87317,7.8848e-05
87320,3.8656e-05
87338,1.664e-05
87359,4.864e-06
87364,0.000122368
87372,1.6128e-05
87380,2.56e-06
87409,5.376e-05
87416,3.328e-05
87422,3.6608e-05
87438,8.7808e-05
87441,9.472e-06
87453,7.5776e-05
87460,6.016e-05
87475,1.3568e-05
87493,0.004836352
87496,0.004633088
87548,1.664e-05
87557,1.4848e-05
87559,3.6352e-05
87580,5.8368e-05
87598,0.00013824
87611,8.704e-06
87630,1.024e-05
87633,0.000118272
87651,2.56e-06
87658,3.8912e-05
87674,3.8656e-05
87682,2.5856e-05
87704,2.7136e-05
87707,3.7376e-05
87710,0.000110592
87728,3.1488e-05
87729,3.584e-05
87733,3.4048e-05
87754,0.00013312
87772,9.8304e-05
87778,5.888e-06
87780,9.728e-06
87791,4.3776e-05
87798,3.0208e-05
87833,5.1968e-05
87836,2.816e-06
87855,1.5872e-05
87862,3.5584e-05
87875,8.704e-06
87895,5.76e-05
87906,0.000130304
87928,4.7872e-05
87953,4.1984e-05
87991,1.6896e-05
87996,2.6112e-05
88002,4.1472e-05
88004,0.000135424
88041,2.8928e-05
88045,3.072e-06
88050,0.000125952
88058,2.56e-06
88064,8.832e-05
88070,0.002738944
88094,0.00175616
88106,0.000426752
88123,1.9712e-05
88135,0.000146176
88152,2.7136e-05
88172,1.024e-05
88184,8.7808e-05
88213,6.528e-05
88231,0.00013312
88286,1.28e-06
88288,1.1264e-05
88292,1.536e-05
88296,5.0688e-05
88298,0.000131584
88335,6.1184e-05
88338,0.000120064
88347,2.0224e-05
88375,7.936e-06
88378,2.1248e-05
88404,2.816e-06
88405,3.1232e-05
88408,9.728e-06
88411,5.888e-05
88414,4.4032e-05
88429,8.7552e-05
88440,8.704e-06
88452,8.192e-06
88472,1.7152e-05
88483,9.4208e-05
88487,2.56e-06
88504,2.944e-05
88506,8.96e-06
88508,3.2768e-05
88516,1.9712e-05
88535,2.432e-05
88541,2.688e-05
88543,7.68e-06
88553,1.8944e-05
88568,9.2416e-05
88582,4.8896e-05
88600,0.000112896
88611,3.5584e-05
88624,0.000117248
88628,6.9376e-05
88640,5.888e-06
88649,2.56e-06
88668,6.912e-06
88685,8.448e-06
88691,0.000132352
88693,0.003322112
88700,0.001393664
88706,0.000611328
88707,0.0031104
88752,1.1008e-05
88762,4.0704e-05
88777,0.000117248
88784,9.5488e-05
88790,0.000125184
88796,2.1504e-05
88809,6.4512e-05
88820,2.5088e-05
88831,0.000130048
88842,1.28e-06
88849,3.2256e-05
88877,2.816e-06
88879,2.56e-06
88883,2.8928e-05
88889,0.0001088
88905,4.096e-06
88918,0.000135168
88930,1.6384e-05
88941,6.272e-05
88943,7.5776e-05
88950,8.448e-06
88964,4.864e-06
88996,3.0464e-05
89006,9.4208e-05
89015,4.608e-06
89025,5.1456e-05
89030,7.2704e-05
89056,0.000105216
89060,4.2496e-05
89068,8.448e-06
89071,4.1472e-05
89085,7.7056e-05
89116,2.688e-05
89119,6.7584e-05
89131,8.1664e-05
89153,6.2208e-05
89159,6.144e-06
89170,4.864e-06
89178,0.00013184
89193,2.2016e-05
89204,2.816e-06
89212,8.0384e-05
89219,7.68e-07
89234,2.56e-06
89238,5.888e-06
89249,5.9136e-05
89254,1.28e-06
89256,5.2992e-05
89258,0.000134912
89270,1.1264e-05
89294,5.1968e-05
89296,4.0192e-05
89297,0.008568832
89306,0.001021696
89333,0.000518912
89369,5.6064e-05
89385,7.424e-06
89395,7.2704e-05
89406,1.5616e-05
89408,7.424e-06
89430,4.096e-06
89442,9.7024e-05
89464,0.000958976
89499,1.024e-05
89504,1.7664e-05
89513,0.000107264
89516,0.000113152
89523,7.8336e-05
89558,8.96e-06
89566,5.7856e-05
89575,2.176e-05
89581,9.472e-05
89585,5.4016e-05
89594,2.4064e-05
89606,3.8912e-05
89609,2.2272e-05
89620,6.784e-05
89623,1.3056e-05
89637,0.000129792
89682,1.9456e-05
89683,0.000857344
89711,0.000180992
89722,7.936e-05
89728,0.000126208
89755,1.4592e-05
89758,0.000205056
89782,8.2432e-05
89788,0.000180224
89814,3.0464e-05
89815,3.6096e-05
89834,0.001417728
89873,6.5536e-05
89886,1.6128e-05
89896,4.1984e-05
89900,0.00028544
89933,6.8096e-05
89937,1.2544e-05
89946,1.6128e-05
89964,0.00013056
89969,4.0448e-05
89974,1.0752e-05
89984,2.56e-07
89988,8.192e-06
90016,5.8624e-05
90039,6.784e-05
90055,5.504e-05
90069,5.6576e-05
90073,0.000138752
90104,6.3744e-05
90106,4.1984e-05
90131,5.9648e-05
90135,1.7664e-05
90146,3.968e-05
90161,0.000115712
90169,2.9952e-05
90196,5.2224e-05
90208,6.912e-05
90210,5.6576e-05
90220,0.000161792
90222,5.0176e-05
90235,3.9936e-05
90271,7.5776e-05
90272,2.56e-07
90283,0.000136704
90321,6.144e-06
90325,6.4e-06
90343,5.3504e-05
90351,4.6336e-05
90363,3.3792e-05
90374,0.000104448
90387,8.192e-06
90397,4.1728e-05
90412,0.000185088
90424,4.352e-06
90448,7.0144e-05
90451,6.8608e-05
90462,1.28e-05
90465,1.6896e-05
90468,3.072e-05
90470,0.000193536
90473,5.7856e-05
90494,0.000192512
90502,8.704e-05
90505,0.000540928
90506,0.000275712
90529,4.6848e-05
90535,4.352e-06
90540,8.704e-06
90551,5.4016e-05
90594,3.1232e-05
90609,5.9904e-05
90617,4.864e-06
90629,5.888e-06
90632,6.8352e-05
90647,0.000188416
90660,4.352e-05
90674,1.7152e-05
90678,6.9632e-05
90688,0.000118784
90705,5.9904e-05
90710,0.000109568
90746,2.304e-05
90748,1.92e-05
90763,0.000128512
90790,2.8416e-05
90792,9.984e-05
90813,2.6624e-05
90830,7.68e-06
90832,8.192e-06
90838,4.5056e-05
90858,2.304e-06
90861,0.000118016
90864,0.00011008
90886,1.1776e-05
90898,8.832e-05
90912,2.8928e-05
90919,1.408e-05
90934,0.000162816
90944,3.3792e-05
90945,4.7616e-05
90952,7.3216e-05
90957,5.12e-07
90991,3.0464e-05
90994,0.000116736
90997,1.9968e-05
91010,0.000130816
91029,5.0688e-05
91056,4.2752e-05
91069,0.0001152
91073,9.3696e-05
91093,0.003405824
91112,0.001073152
91138,3.072e-06
91152,1.7408e-05
91161,1.8176e-05
91174,3.5072e-05
91176,3.7888e-05
91178,1.28e-06
91195,5.9648e-05
91210,1.4336e-05
91226,6.3232e-05
91236,4.7104e-05
91240,1.5872e-05
91248,0.00017408
91267,5.2224e-05
91280,4.864e-06
91281,5.376e-05
91288,0.000146688
91291,2.3552e-05
91304,0.000167168
91333,2.8928e-05
91360,7.168e-06
91374,2.2528e-05
91382,6.528e-05
91387,6.3744e-05
91398,2.816e-05
91400,2.304e-05
91415,7.168e-05
91451,9.1904e-05
91462,6.5792e-05
91477,5.9392e-05
91526,4.736e-05
91531,0.00023296
91551,6.3232e-05
91555,3.2e-05
91569,2.2784e-05
91582,6.144e-06
91591,1.024e-05
91595,2.816e-06
91605,1.3056e-05
91610,1.9712e-05
91633,5.7088e-05
91641,0.000124928
91668,5.6832e-05
91677,9.344e-05
91689,0.002587904
91694,0.001325824
91754,2.6624e-05
91757,3.1488e-05
91767,0.00026624
91795,0.0001152
91807,9.216e-06
91821,1.536e-06
91833,3.072e-05
91834,1.28e-05
91841,3.3024e-05
91844,3.3792e-05
91870,5.76e-05
91875,0.000155392
91884,1.2288e-05
91911,3.1232e-05
91916,5.5808e-05
91933,7.68e-07
91936,4.992e-05
91939,5.376e-05
91949,4.6848e-05
91956,5.12e-05
91974,6.912e-06
91980,1.1264e-05
92008,1.5104e-05
92029,9.856e-05
92040,3.9424e-05
92046,7.168e-06
92054,2.304e-06
92078,0.000217856
92093,4.736e-05
92095,0.000159744
92122,6.8096e-05
92142,0.00014336
92150,2.56e-07
92169,1.2544e-05
92185,1.536e-05
92206,0.000184064
92215,6.9632e-05
92232,3.584e-06
92234,2.3296e-05
92245,2.7136e-05
92249,1.3824e-05
92270,2.8672e-05
92272,2.3808e-05
92283,0.000113664
92295,2.432e-05
92298,0.006949888
92334,1.8176e-05
92356,1.792e-06
92374,8.4224e-05
92377,1.8944e-05
92385,4.864e-06
92404,0.000122624
92422,8.576e-05
92434,7.2704e-05
92449,3.4048e-05
92454,5.0176e-05
92455,0.000176896
92463,0.000175872
92479,9.1648e-05
92486,4.352e-05
92516,0.000142592
92522,2.2784e-05
92546,2.304e-06
92550,6.0416e-05
92558,6.7072e-05
92606,5.8368e-05
92614,2.816e-05
92616,2.304e-05
92635,8.7296e-05
92641,7.0656e-05
92650,4.224e-05
92676,4.096e-06
92695,3.6864e-05
92703,0.000138496
92722,4.3776e-05
92724,0.00016128
92746,0.00042624
92758,8.448e-06
92770,1.3312e-05
92777,5.632e-05
92792,2.304e-06
92809,1.2544e-05
92816,7.168e-06
92825,6.1696e-05
92829,1.0752e-05
92842,9.984e-06
92853,5.632e-06
92856,7.5776e-05
92864,4.7104e-05
92867,0.00010368
92872,0.00010624
92891,5.12e-05
92893,0.016298496
92960,6.1184e-05
92962,2.5088e-05
92966,5.632e-05
92972,3.4048e-05
92987,4.0704e-05
93011,2.2784e-05
93031,7.5264e-05
93042,0.0001088
93081,3.9168e-05
93083,7.5008e-05
93089,9.088e-05
93123,6.5792e-05
93133,0.000115968
93142,9.984e-06
93150,4.0704e-05
93163,3.0976e-05
93173,3.2e-05
93179,6.0416e-05
93184,2.9952e-05
93191,7.4496e-05
93202,0.000107776
93206,5.376e-05
93213,0.000120064
93244,4.224e-05
93257,1.7664e-05
93260,0.000104192
93272,3.8656e-05
93285,0.00018176
93290,0.00016256
93308,1.152e-05
93318,5.6064e-05
93328,0.000126976
93345,0.000289792
93386,2.048e-05
93388,0.000151808
93403,8.5504e-05
93416,6.2976e-05
93426,1.3056e-05
93435,8.6528e-05
93437,0.000161792
93456,2.944e-05
93459,0.000118784
93478,3.8656e-05
93481,7.168e-06
93496,3.8912e-05
93499,6.016e-05
93506,0.002041088
93533,0.000159744
93543,0.000140032
93557,0.000113408
93569,4.5056e-05
93586,2.2272e-05
93592,9.728e-05
93613,6.0928e-05
93629,2.6112e-05
93640,0.000115712
93646,5.7088e-05
93652,0.0022912
93674,8.192e-05
93683,8.3712e-05
93696,0.000103168
93704,4.8384e-05
93712,1.536e-06
93730,1.664e-05
93744,0.00013824
93753,7.68e-06
93756,8.7552e-05
93770,7.4496e-05
93774,3.1744e-05
93787,2.1504e-05
93797,4.0704e-05
93833,0.000144128
93854,2.816e-06
93864,5.12e-05
93874,0.00014208
93876,4.9408e-05
93891,0.000171776
93912,5.5808e-05
93946,4.1984e-05
93950,0.000114176
93956,9.1904e-05
93960,7.68e-06
93972,0.000229888
93990,1.408e-05
93996,1.5872e-05
93997,1.0752e-05
94000,0.000181504
94020,7.5776e-05
94030,3.328e-05
94032,8.704e-06
94036,7.936e-06
94038,7.936e-06
94049,9.088e-05
94074,2.0224e-05
94087,4.1984e-05
94088,2.3296e-05
94094,0.002975488
94145,4.096e-05
94153,0.000164096
94169,0.000213504
94185,0.000228864
94207,8.8064e-05
94218,7.4496e-05
94221,0.000116992
94241,1.4848e-05
94250,8.192e-05
94257,3.7632e-05
94260,5.1712e-05
94266,5.376e-06
94268,3.7888e-05
94290,0.000164864
94318,6.9376e-05
94328,8.5504e-05
94338,8.1408e-05
94365,1.4336e-05
94374,0.0001152
94378,6.656e-06
94389,4.2752e-05
94406,1.4592e-05
94417,4.3264e-05
94431,2.304e-06
94435,4.6592e-05
94439,1.7664e-05
94440,4.5056e-05
94446,0.000107776
94454,1.9456e-05
94463,0.000156928
94476,2.56e-07
94489,1.1776e-05
94494,6.4768e-05
94517,9.0368e-05
94538,8.96e-06
94548,3.584e-06
94556,3.7632e-05
94578,8.576e-05
94601,7.68e-06
94606,0.000123904
94616,0.000145664
94629,2.304e-05
94635,5.9904e-05
94650,4.352e-06
94663,5.9648e-05
94678,4.48e-05
94687,2.3296e-05
94691,7.4496e-05
94694,0.00306688
94697,0.00057088
94749,1.536e-05
94760,4.3008e-05
94769,0.000274688
94772,1.792e-05
94778,0.000154624
94794,2.6368e-05
94821,5.888e-06
94832,7.8592e-05
94851,1.4592e-05
94853,0.000124928
94878,8.2944e-05
94881,3.5328e-05
94888,2.944e-05
94900,2.9184e-05
94905,1.3568e-05
94909,7.0144e-05
94911,1.1264e-05
94921,5.5552e-05
94925,4.0192e-05
94942,7.68e-07
94947,2.3552e-05
94962,0.000220672
94979,7.808e-05
94989,6.5792e-05
94993,1.7408e-05
95014,0.00045824
95070,1.7408e-05
95073,0.000320256
95088,3.2e-05
95094,0.000103424
95134,1.6384e-05
95143,3.3536e-05
95148,3.5584e-05
95185,4.7872e-05
95193,5.4784e-05
95207,0.000120064
95209,0.000118528
95212,0.000122368
95236,9.9328e-05
95239,1.024e-06
95249,0.000136448
95274,2.304e-06
95282,4.1216e-05
95293,0.000576512
95306,0.000622592
95310,0.00061056
95360,6.6304e-05
95365,1.0496e-05
95367,0.000257536
95394,0.000238848
95431,7.68e-06
95440,2.816e-06
95442,1.2032e-05
95456,0.000221184
95472,6.4512e-05
95478,0.00014464
95489,8.2176e-05
95491,4.608e-05
95512,5.5296e-05
95541,8.704e-06
95544,9.2416e-05
95564,5.8368e-05
95575,4.8896e-05
95605,1.1776e-05
95616,1.0496e-05
95626,3.968e-05
95628,1.664e-05
95633,1.3056e-05
95635,3.584e-06
95642,2.816e-06
95647,8.192e-06
95648,0.011272448
95687,2.2784e-05
95702,6.8864e-05
95724,0.000111104
95727,1.7664e-05
95732,0.000108544
95740,6.0928e-05
95743,2.4576e-05
95744,0.000796672
95770,6.5536e-05
95774,0.000210688
95786,3.4304e-05
95790,0.000253696
95802,0.000156672
95820,3.1744e-05
95833,4.5056e-05
95837,0.000155136
95852,6.144e-05
95889,7.936e-05
95893,0.000508416
95901,0.000143104
95908,0.00175488
95928,0.00029952
95947,1.8688e-05
95961,0.000103424
95964,0.00014976
95987,2.944e-05
95988,6.2208e-05
95990,7.04e-05
96006,3.7376e-05
96045,2.3808e-05
96046,0.000106496
96048,2.56e-07
96087,0.000142336
96094,1.024e-05
96111,7.7568e-05
96113,9.8816e-05
96116,0.000103936
96125,0.00132224
96182,6.912e-06
96198,0.000154112
96209,3.6096e-05
96218,1.3568e-05
96226,0.000227584
96235,5.7088e-05
96252,6.4e-06
96263,1.3568e-05
96267,6.0416e-05
96269,6.4e-06
96282,4.608e-06
96308,2.0224e-05
96328,5.7344e-05
96333,2.2528e-05
96334,0.00011264
96344,8.6784e-05
96362,0.000118784
96388,3.328e-06
96389,1.6384e-05
96392,8.96e-06
96406,6.656e-06
96416,1.1008e-05
96433,6.4e-06
96442,5.632e-06
96491,1.4336e-05
96493,0.000788224
96494,0.002150656
96497,0.005397248
96533,2.0736e-05
96544,9.728e-06
96555,9.216e-06
96561,5.888e-06
96579,3.5584e-05
96583,3.5584e-05
96588,7.8336e-05
96597,5.7344e-05
96603,0.000161536
96621,6.0416e-05
96623,0.000122112
96657,0.000199168
96663,0.00010496
96675,1.7664e-05
96685,0.000112384
96691,2.944e-05
96697,6.0416e-05
96708,3.9936e-05
96710,2.3296e-05
96716,6.8352e-05
96721,5.6576e-05
96734,3.3792e-05
96746,0.000115712
96751,1.9456e-05
96758,2.56e-07
96759,2.816e-05
96770,9.7792e-05
96778,1.0752e-05
96787,6.4768e-05
96792,6.3744e-05
96834,0.00011264
96838,3.4816e-05
96864,1.0752e-05
96874,4.6336e-05
96878,7.68e-06
96888,4.7872e-05
96890,8.8576e-05
96907,0.000104448
96931,0.000147968
96938,7.2192e-05
96974,0.00011776
96981,7.7568e-05
96990,1.3568e-05
97003,3.1744e-05
97005,2.56e-05
97014,1.0496e-05
97019,0.000109568
97024,3.968e-05
97038,4.0448e-05
97041,9.9328e-05
97051,0.00011392
97082,4.8896e-05
97105,0.000343808
97113,2.2272e-05
97128,7.168e-06
97131,2.3552e-05
97135,6.1952e-05
97140,0.0001024
97145,0.000303104
97164,2.9184e-05
97167,1.0752e-05
97171,3.6864e-05
97189,6.3488e-05
97195,0.000104704
97208,6.016e-05
97215,5.888e-05
97220,1.7664e-05
97226,0.001280768
97255,4.8384e-05
97269,1.792e-06
97282,7.3216e-05
97290,0.0001024
97299,3.328e-06
97310,8.32e-05
97327,3.328e-06
97347,0.000116224
97356,5.4528e-05
97360,0.000127488
97368,2.7904e-05
97370,7.5776e-05
97380,5.8112e-05
97391,7.1424e-05
97399,1.792e-06
97408,6.912e-06
97422,4.0448e-05
97428,9.3952e-05
97432,7.424e-05
97447,9.6256e-05
97452,2.0992e-05
97470,4.7616e-05
97492,2.56e-06
97498,2.1504e-05
97510,4.8128e-05
97514,2.6112e-05
97520,0.0001216
97528,0.000194304
97532,8.96e-06
97551,1.5104e-05
97555,8.2432e-05
97561,4.3776e-05
97581,0.00018432
97606,8.0384e-05
97613,1.4336e-05
97619,3.6864e-05
97626,7.936e-06
97629,7.936e-06
97644,3.8656e-05
97647,3.9168e-05
97656,6.8352e-05
97657,3.8656e-05
97663,3.1232e-05
97681,3.5072e-05
97685,0.000157696
97695,0.003797248
97696,0.001621504
97706,0.000913408
97736,3.584e-05
97743,0.000113152
97784,0.000139008
97792,7.0144e-05
97794,6.528e-05
97808,1.4848e-05
97826,3.072e-06
97830,6.8864e-05
97832,0.000144896
97842,2.7392e-05
97848,2.944e-05
97858,0.000101376
97871,6.2464e-05
97877,5.9648e-05
97881,0.0179392
97934,4.9664e-05
97942,5.5552e-05
97959,5.6832e-05
97973,0.000219392
97981,4.7616e-05
97991,0.000195328
98001,0.00011648
98044,8.32e-05
98046,8.9344e-05
98052,9.0112e-05
98056,4.48e-05
98068,2.2784e-05
98088,8.1408e-05
98090,6.2464e-05
98101,8.6528e-05
98106,2.176e-05
98114,9.1392e-05
98126,0.000150016
98158,0.000100352
98172,0.000103424
98184,8.832e-05
98187,6.912e-06
98206,2.0992e-05
98213,2.5344e-05
98222,8.5504e-05
98231,9.7024e-05
98238,5.376e-05
98240,4.736e-05
98258,9.984e-06
98262,8.0384e-05
98271,2.8928e-05
98276,4.0192e-05
98278,2.4576e-05
98293,0.008805632
98300,0.00423552
98357,4.1984e-05
98367,5.9392e-05
98376,1.6896e-05
98406,2.4832e-05
98419,2.0224e-05
98425,0.000144384
98442,0.000114176
98455,8.448e-06
98472,4.3264e-05
98494,6.1184e-05
98498,1.5104e-05
98513,5.7088e-05
98542,3.072e-06
98544,4.096e-05
98548,1.6128e-05
98562,0.000142336
98564,0.000132096
98572,7.9872e-05
98600,5.0432e-05
98609,3.0976e-05
98611,7.9872e-05
98615,8.5504e-05
98637,3.072e-06
98641,1.3312e-05
98650,4.608e-05
98664,5.76e-05
98685,4.5056e-05
98693,0.000123136
98698,0.000114944
98706,7.296e-05
98711,4.2752e-05
98718,8.448e-06
98745,3.1744e-05
98750,3.5328e-05
98756,5.2224e-05
98758,8.448e-05
98773,1.1008e-05
98785,4.0192e-05
98791,7.936e-06
98793,7.9872e-05
98807,2.7648e-05
98824,3.1232e-05
98827,0.000101632
98843,4.3008e-05
98846,8.1152e-05
98858,6.2208e-05
98881,1.0752e-05
98891,4.8128e-05
98897,2.0224e-05
98903,3.0464e-05
98905,4.096e-06
98907,0.00193536
98937,4.8384e-05
98954,9.2672e-05
98959,5.888e-06
98969,7.5008e-05
98984,6.3232e-05
99018,3.6096e-05
99025,4.352e-05
99057,0.000118272
99063,2.56e-07
99066,4.4288e-05
99072,9.1392e-05
99075,7.8592e-05
99084,3.84e-06
99097,0.000162048
99116,7.68e-05
99122,3.328e-05
99124,1.664e-05
99131,0.000102144
99138,0.000761856
99163,1.3056e-05
99175,3.712e-05
99191,3.0208e-05
99197,7.9104e-05
99213,2.304e-06
99234,6.9376e-05
99242,5.5296e-05
99244,2.2016e-05
99249,0.00010624
99257,1.2544e-05
99295,1.024e-06
99299,1.1264e-05
99304,6.144e-06
99309,1.8432e-05
99312,8.9856e-05
99332,0.0001152
99337,3.072e-06
99342,3.1488e-05
99359,0.000239616
99370,1.8432e-05
99372,1.152e-05
99415,6.144e-06
99419,1.28e-06
99435,5.632e-05
99437,7.7312e-05
99443,8.192e-05
99457,0.000139264
99459,5.12e-05
99461,0.000136448
99466,4.9664e-05
99485,3.6352e-05
99493,0.028359424
99551,2.5088e-05
99563,3.7376e-05
99594,0.000224256
99626,2.1504e-05
99629,0.000120832
99631,2.5344e-05
99636,7.9872e-05
99654,2.3808e-05
99657,3.584e-06
99681,0.000185344
99692,7.424e-06
99693,4.608e-05
99696,0.000302592
99706,4.096e-06
99713,4.1472e-05
99718,7.8336e-05
99720,4.992e-05
99730,7.3728e-05
99735,0.00010368
99765,8.704e-06
99798,9.728e-06
99817,3.8144e-05
99820,1.3312e-05
99836,1.4592e-05
99843,2.6624e-05
99858,1.8432e-05
99869,3.7376e-05
99871,8.832e-05
99882,0.000130304
99905,1.664e-05
99910,4.3008e-05
99918,1.792e-05
99937,1.6896e-05
99952,1.6384e-05
99976,1.7664e-05
99993,0.00013952
100017,7.3472e-05
100029,4.8128e-05
100076,4.1984e-05
100080,0.000144384
100100,1.0752e-05
100101,2.9952e-05
100106,0.001545728
100129,9.5488e-05
100150,1.2288e-05
100153,0.000141824
100166,0.000100864
100168,2.688e-05
100176,1.8688e-05
100197,2.7136e-05
100203,5.12e-07
100217,5.9904e-05
100220,1.1008e-05
100223,3.584e-06
100235,1.024e-06
100239,1.7664e-05
100261,2.816e-05
100268,1.8688e-05
100280,0.000143616
100283,0.00013696
100306,5.4272e-05
100321,8.9088e-05
100335,2.9952e-05
100351,0.000135168
100359,4.096e-06
100370,1.024e-05
100382,5.2224e-05
100391,4.7104e-05
100418,2.3296e-05
100425,5.9904e-05
100430,0.00067968
100454,7.936e-06
100473,1.024e-06
100487,7.0656e-05
100509,0.00010368
100522,9.6768e-05
100541,2.9696e-05
100547,1.152e-05
100568,2.2272e-05
100579,2.4576e-05
100581,0.00012928
100591,2.4576e-05
100610,0.016606208
100688,4.8128e-05
100693,3.2512e-05
100707,0.006213888
100741,7.68e-06
100770,8.96e-06
100776,0.000131328
100788,2.3296e-05
100798,5.632e-06
100803,0.000128256
100821,3.2e-05
100823,0.00010368
100838,6.9888e-05
100851,3.7376e-05
100863,9.7536e-05
100869,0.000108288
100876,4.2752e-05
100886,6.9376e-05
100908,2.4576e-05
100917,4.3776e-05
100939,4.4544e-05
100946,4.3264e-05
100948,8.5504e-05
100953,0.00013696
100975,0.000117248
100991,3.5584e-05
100993,3.456e-05
100995,1.4848e-05
101000,0.00075136
101032,7.2192e-05
101048,1.8176e-05
101069,1.9712e-05
101080,0.000106752
101089,7.68e-06
101100,4.0704e-05
101105,6.8352e-05
101108,7.168e-06
101119,3.2512e-05
101147,4.8384e-05
101157,7.7056e-05
101174,6.3744e-05
101181,4.096e-05
101184,0.00045184
101190,0.0002112
101225,4.864e-06
101239,0.000143872
101251,5.5552e-05
101257,9.088e-05
101263,9.472e-06
101268,2.5088e-05
101277,4.608e-06
101280,6.3232e-05
101289,5.632e-05
101296,0.007611136
101341,0.000431104
101362,6.0672e-05
101390,1.1008e-05
101394,2.8928e-05
101424,0.00015488
101431,0.00018304
101438,2.5088e-05
101451,7.808e-05
101469,0.000165376
101485,1.1776e-05
101492,6.144e-05
101498,0.000170752
101507,6.784e-05
101528,3.84e-06
101545,0.00017024
101555,0.000132864
101594,1.6384e-05
101595,0.000150784
101612,0.000145152
101616,3.1744e-05
101622,3.4816e-05
101633,3.3792e-05
101652,6.656e-06
101656,9.472e-06
101657,2.048e-05
101662,0.000158208
101711,0.000147456
101726,2.7136e-05
101736,7.936e-05
101749,0.000205568
101756,1.5872e-05
101769,4.096e-06
101784,1.8688e-05
101792,1.1008e-05
101796,1.408e-05
101803,8.6016e-05
101829,5.8624e-05
101831,0.00012032
101834,1.5616e-05
101840,4.6336e-05
101862,1.2544e-05
101878,2.56e-07
101884,1.6384e-05
101894,3.8656e-05
101903,6.9888e-05
101909,6.8864e-05
101923,7.4496e-05
101925,6.656e-06
101946,0.000274432
101948,1.8176e-05
101959,4.6848e-05
101989,0.000116736
101995,3.5328e-05
101998,0.000110336
102037,4.7872e-05
102046,6.656e-06
102057,0.000118784
102066,6.144e-06
102088,0.000134144
102100,6.7072e-05
102112,0.000136448
102134,9.5232e-05
102151,3.456e-05
102160,3.712e-05
102162,0.000257792
102164,2.56e-07
102180,2.0736e-05
102182,1.0496e-05
102191,3.1488e-05
102194,5.2224e-05
102216,1.6384e-05
102223,0.000130304
102230,1.1776e-05
102247,2.9952e-05
102256,4.4544e-05
102259,0.000179456
102270,6.8352e-05
102278,0.000277504
102294,6.1952e-05
102306,1.0752e-05
102321,1.7664e-05
102326,2.3296e-05
102339,7.6544e-05
102342,2.9952e-05
102345,1.8944e-05
102367,2.2528e-05
102375,4.6592e-05
102387,0.000136192
102401,3.6096e-05
102411,0.000138752
102414,8.2688e-05
102419,6.7328e-05
102422,7.1168e-05
102425,0.000111104
102431,5.9648e-05
102436,8.6528e-05
102470,0.002174976
102494,0.003039232
102498,0.000815616
102566,0.000271616
102584,0.000258048
102604,4.9152e-05
102609,1.9456e-05
102622,0.000139776
102636,0.000257024
102640,3.8912e-05
102664,1.7664e-05
102676,8.5504e-05
102690,5.1712e-05
102692,3.456e-05
102703,7.0656e-05
102720,7.168e-05
102722,0.000165888
102735,3.328e-05
102765,3.4816e-05
102772,1.9456e-05
102795,3.6352e-05
102802,5.888e-05
102806,2.3296e-05
102825,4.096e-06
102829,3.8912e-05
102840,4.096e-05
102844,0.00011136
102865,1.8432e-05
102875,5.3248e-05
102891,4.224e-05
102893,1.3568e-05
102922,1.2288e-05
102924,3.2768e-05
102933,6.0672e-05
102944,1.664e-05
102946,9.088e-05
102957,0.000127488
102963,6.656e-06
102970,1.792e-05
102978,2.1248e-05
102993,3.8144e-05
103006,6.4e-05
103008,4.352e-05
103030,2.0224e-05
103035,5.1968e-05
103053,6.0672e-05
103057,7.9872e-05
103063,7.68e-07
103074,0.000171776
103083,4.6848e-05
103084,6.0928e-05
103089,2.5856e-05
103094,0.000540416
103130,6.0672e-05
103138,2.4576e-05
103184,1.5104e-05
103185,1.8432e-05
103194,1.9456e-05
103202,9.984e-06
103213,3.6352e-05
103232,4.9152e-05
103257,3.5072e-05
103265,0.00016384
103281,2.2016e-05
103284,1.792e-05
103288,3.584e-05
103307,9.4208e-05
103311,6.912e-05
103320,1.8944e-05
103328,6.4768e-05
103339,5.888e-06
103349,6.1696e-05
103351,7.424e-05
103373,6.1952e-05
103389,2.3552e-05
103411,4.864e-06
103423,3.1488e-05
103426,2.2528e-05
103429,2.3296e-05
103445,5.2224e-05
103447,2.56e-07
103455,0.000105216
103471,7.9872e-05
103473,4.6848e-05
103507,4.864e-06
103509,5.7088e-05
103512,2.5088e-05
103520,5.888e-05
103526,8.192e-05
103531,3.6864e-05
103548,3.5584e-05
103555,8.192e-05
103558,6.4e-05
103566,3.328e-05
103586,3.6864e-05
103592,7.9872e-05
103615,3.6096e-05
103637,0.000185344
103650,6.5792e-05
103694,0.004250624
103738,3.6864e-05
103747,3.7376e-05
103748,4.7104e-05
103756,3.0464e-05
103768,5.376e-06
103776,2.9184e-05
103780,0.000227328
103782,4.7872e-05
103789,3.3024e-05
103792,1.8944e-05
103827,5.5808e-05
103835,0.000118016
103847,1.7408e-05
103848,5.12e-06
103857,7.3984e-05
103896,3.7376e-05
103903,8.3712e-05
103913,2.2016e-05
103916,2.9184e-05
103923,3.2768e-05
103930,0.00014976
103932,1.024e-05
103942,5.632e-06
103953,1.6896e-05
103966,0.00015232
103982,1.7152e-05
104000,4.864e-05
104015,2.688e-05
104023,7.6288e-05
104047,0.000118784
104063,0.000172544
104068,7.68e-06
104072,6.9376e-05
104083,0.000102144
104087,3.8656e-05
104097,2.3552e-05
104105,5.1968e-05
104119,8.32e-05
104128,5.0688e-05
104137,3.9424e-05
104139,0.000124928
104151,5.632e-05
104162,5.5552e-05
104190,8.8064e-05
104196,2.7392e-05
104206,8.448e-06
104209,9.984e-05
104227,1.2288e-05
104230,1.8688e-05
104234,1.6896e-05
104238,4.1216e-05
104257,2.048e-05
104262,1.7152e-05
104266,4.1472e-05
104273,1.6384e-05
104279,1.3568e-05
104294,7.0912e-05
104303,6.0928e-05
104305,1.1008e-05
104316,7.68e-06
104326,8.6016e-05
104338,5.76e-05
104353,0.000122368
104360,1.8432e-05
104369,7.04e-05
104382,4.7104e-05
104390,0.000152576
104406,2.048e-06
104418,4.8384e-05
104433,8.704e-06
104434,6.272e-05
104439,1.4592e-05
104450,0.00029824
104471,4.7104e-05
104485,2.8416e-05
104491,1.92e-05
104501,9.984e-05
104506,3.84e-06
104511,5.12e-07
104518,5.0176e-05
104531,5.9392e-05
104548,0.000135168
104560,2.9952e-05
104562,2.3296e-05
104571,0.000103168
104588,5.376e-06
104598,3.5328e-05
104606,0.000130816
104626,1.792e-06
104645,1.8944e-05
104675,5.376e-06
104683,0.000109824
104719,3.9168e-05
104721,3.84e-06
104739,3.8912e-05
104746,0.000225024
104761,0.000111872
104799,1.3056e-05
104809,0.000128
104820,1.1776e-05
104827,3.328e-06
104830,7.04e-05
104836,7.168e-06
104854,3.6864e-05
104862,6.3232e-05
104880,4.7616e-05
104883,9.4208e-05
104892,2.048e-06
104893,0.008141824
104924,6.0416e-05
104943,0.000114432
104954,3.3536e-05
104960,3.6864e-05
104985,0.000157696
105015,4.9152e-05
105033,1.792e-05
105035,6.6048e-05
105038,2.56e-07
105040,1.3312e-05
105055,3.9168e-05
105057,4.48e-05
105059,0.000125952
105070,0.00011008
105104,1.2032e-05
105120,7.68e-07
105131,9.216e-06
105136,5.3248e-05
105147,1.9968e-05
105154,4.7104e-05
105167,3.072e-06
105171,4.096e-06
105192,2.6624e-05
105222,0.000147456
105240,8.2688e-05
105248,5.5296e-05
105259,1.4848e-05
105262,7.0144e-05
105270,1.664e-05
105273,0.000106496
105281,0.00010752
105298,7.1936e-05
105305,9.6512e-05
105306,6.656e-05
105313,5.0944e-05
105330,3.0208e-05
105340,3.2e-05
105353,7.3472e-05
105357,4.864e-05
105366,2.432e-05
105389,0.000101888
105394,2.304e-06
105402,3.3536e-05
105409,1.8176e-05
105417,2.5088e-05
105432,3.1488e-05
105434,1.6896e-05
105475,1.7408e-05
105479,4.224e-05
105485,1.28e-05
105487,3.328e-06
105494,0.000136704
105497,1.2544e-05
105500,1.1776e-05
105510,0.000121344
105533,0.000107776
105540,2.7392e-05
105552,0.000124928
105577,1.1008e-05
105587,5.12e-06
105592,5.9904e-05
105613,4.5056e-05
105621,5.8368e-05
105626,7.2704e-05
105643,1.6128e-05
105653,1.9456e-05
105662,4.9408e-05
105668,3.8144e-05
105669,0.000498688
105688,5.1968e-05
105707,0.000465152
105744,1.536e-06
105751,0.000121088
105764,0.000138752
105770,0.000101376
105786,3.1488e-05
105791,5.8624e-05
105793,5.3504e-05
105801,0.000448
105807,2.1248e-05
105825,1.4848e-05
105828,3.3536e-05
105835,5.2224e-05
105852,2.432e-05
105884,4.0192e-05
105903,1.8688e-05
105908,0.000111104
105926,2.7904e-05
105933,0.000144128
105935,3.328e-05
105952,6.4e-06
105975,0.000130304
105978,1.792e-06
105980,9.216e-06
105996,5.632e-06
106003,6.0928e-05
106006,4.7616e-05
106009,1.6384e-05
106016,5.632e-06
106019,3.584e-05
106027,0.000129536
106035,2.56e-07
106040,3.84e-06
106042,4.4288e-05
106063,3.2512e-05
106066,4.0704e-05
106078,8.96e-06
106082,2.9952e-05
106089,0.000121856
106094,0.002903808
106107,0.000130816
106149,0.000160256
106161,3.0464e-05
106177,3.84e-06
106182,0.000113664
106193,1.7664e-05
106201,0.000331264
106206,3.2e-05
106237,4.224e-05
106239,4.6336e-05
106244,2.6624e-05
106254,8.448e-06
106258,3.4048e-05
106285,1.536e-05
106288,6.7584e-05
106304,4.7616e-05
106309,3.5328e-05
106329,9.216e-06
106345,5.0944e-05
106356,9.8048e-05
106370,3.1232e-05
106378,1.3568e-05
106381,1.8944e-05
106400,1.92e-05
106411,0.000154112
106435,4.608e-05
106452,2.4576e-05
106457,2.4064e-05
106473,4.5312e-05
106482,1.408e-05
106485,3.2e-05
106489,7.936e-06
106494,5.3248e-05
106499,3.84e-06
106507,1.8944e-05
106523,2.56e-06
106532,3.9424e-05
106541,8.7808e-05
106553,9.088e-05
106563,7.3472e-05
106571,7.5264e-05
106596,0.00023936
106610,0.000155392
106639,3.1744e-05
106642,0.000195328
106655,1.4592e-05
106658,0.000164352
106670,0.000239616
106678,3.7888e-05
106693,0.002406656
106697,0.009337856
106746,3.84e-06
106756,6.2208e-05
106771,0.000156672
106805,7.0912e-05
106817,0.00034816
106833,6.8608e-05
106852,3.7632e-05
106861,0.000103424
106883,0.000144128
106887,1.2288e-05
106896,7.7824e-05
106912,9.2928e-05
106932,7.3472e-05
106933,0.00012544
106940,6.144e-06
106957,7.0144e-05
106959,8.9344e-05
106972,8.704e-06
106980,2.6624e-05
106990,1.7664e-05
107002,3.5584e-05
107012,0.000143872
107017,2.56e-07
107023,0.000207872
107046,0.001337856
107053,0.00340992
107106,3.072e-06
107110,5.6064e-05
107119,5.0944e-05
107126,2.7136e-05
107144,1.536e-06
107172,0.000113664
107182,9.472e-06
107192,5.3248e-05
107200,6.144e-06
107202,1.8944e-05
107212,4.096e-06
107217,0.000178432
107243,6.3232e-05
107254,2.8416e-05
107266,6.3488e-05
107272,0.000112128
107275,1.7664e-05
107288,5.2736e-05
107294,0.000123392
107306,0.001284608
107332,0.000208384
107334,0.000131584
107336,0.000224256
107362,6.6304e-05
107377,6.1696e-05
107394,3.072e-05
107398,0.000173568
107411,8.7552e-05
107413,1.6384e-05
107438,1.8944e-05
107445,5.632e-06
107455,7.424e-05
107459,3.2e-05
107470,3.7632e-05
107477,9.984e-06
107486,3.5584e-05
107489,5.7088e-05
107536,0.000150784
107545,2.5088e-05
107547,5.1456e-05
107558,3.8656e-05
107584,5.9392e-05
107589,5.8624e-05
107594,1.1264e-05
107599,5.12e-05
107607,0.000203264
107643,0.000100096
107654,0.000235776
107671,1.9968e-05
107688,3.328e-05
107702,7.424e-06
107716,4.736e-05
107743,0.000116992
107769,7.8848e-05
107779,8.6272e-05
107784,1.2288e-05
107799,6.6304e-05
107805,5.3248e-05
107826,2.944e-05
107834,1.792e-06
107839,0.003937792
107872,3.5072e-05
107879,4.7104e-05
107885,5.6832e-05
107887,0.000114688
107891,7.0912e-05
107893,0.000554752
107894,0.002070016
107899,2.0224e-05
107905,0.003603968
107906,0.001977856
107989,5.4784e-05
107997,0.000120064
107999,1.8176e-05
108013,3.072e-06
108023,3.328e-06
108028,1.536e-05
108042,4.608e-06
108055,2.176e-05
108063,0.00016896
108073,4.096e-05
108077,2.304e-06
108083,7.1936e-05
108104,0.000214528
108132,9.728e-06
108149,9.1648e-05
108157,1.3056e-05
108165,2.5088e-05
108168,5.1968e-05
108181,2.9184e-05
108183,4.0192e-05
108194,4.1472e-05
108201,4.5056e-05
108211,3.6096e-05
108213,7.68e-06
108216,1.2288e-05
108226,2.8928e-05
108228,4.096e-05
108272,8.448e-06
108275,7.8848e-05
108286,0.000114944
108288,2.688e-05
108324,5.76e-05
108328,3.584e-05
108354,1.0752e-05
108364,0.0002944
108376,1.1776e-05
108379,1.9968e-05
108390,0.000132096
108394,3.968e-05
108396,2.8672e-05
108418,6.7072e-05
108429,0.000197632
108442,8.704e-06
108454,3.8912e-05
108471,8.2688e-05
108473,7.2704e-05
108477,1.0752e-05
108493,4.2496e-05
108494,0.00038784
108496,3.712e-05
108512,0.000601088
108540,4.1984e-05
108543,2.688e-05
108567,0.000100864
108623,1.7408e-05
108629,5.3248e-05
108631,6.144e-06
108637,6.784e-05
108648,1.8432e-05
108654,4.8896e-05
108665,4.0704e-05
108667,0.00019712
108685,5.888e-05
108702,1.4336e-05
108707,0.000120064
108712,0.00013056
108726,9.7024e-05
108729,0.000223232
108735,7.9872e-05
108744,0.000158464
108769,0.00013952
108778,5.1456e-05
108793,1.9456e-05
108804,1.2544e-05
108812,0.00011008
108824,5.2992e-05
108827,0.000181248
108858,4.9664e-05
108868,3.968e-05
108872,1.28e-05
108896,3.9424e-05
108900,3.4304e-05
108935,0.000110336
108943,5.0432e-05
108946,3.8656e-05
108951,6.1184e-05
108969,3.6864e-05
108976,2.944e-05
108978,9.6512e-05
108997,1.3824e-05
109006,1.92e-05
109034,3.4304e-05
109037,6.1696e-05
109045,6.6304e-05
109058,0.000131072
109066,0.000105728
109087,1.7408e-05
109093,0.016129024
109137,1.8176e-05
109144,7.8848e-05
109168,2.9696e-05
109182,5.12e-07
109202,0.000100864
109205,2.5088e-05
109208,9.4976e-05
109236,4.1472e-05
109249,8.1408e-05
109255,2.816e-06
109266,0.000133376
109279,5.2992e-05
109283,1.5616e-05
109292,2.816e-06
109313,1.536e-06
109329,1.792e-06
109331,1.2544e-05
109335,4.7104e-05
109342,2.816e-05
109345,8.2432e-05
109354,1.2032e-05
109358,1.3568e-05
109376,1.8688e-05
109382,5.632e-05
109390,9.4976e-05
109400,0.00010368
109420,0.00015872
109431,2.048e-06
109450,8.8832e-05
109460,0.000169216
109493,6.272e-05
109496,8.448e-05
109507,3.1744e-05
109510,1.6128e-05
109516,0.000118784
109540,1.408e-05
109543,8.0384e-05
109548,6.5792e-05
109577,7.168e-06
109591,5.1456e-05
109613,5.888e-06
109621,0.000251904
109631,8.1408e-05
109643,2.688e-05
109670,6.912e-05
109678,2.3552e-05
109684,3.2512e-05
109686,5.7344e-05
109696,3.4816e-05
109705,0.001460992
109706,0.00052096
109750,6.272e-05
109758,3.6096e-05
109763,1.1776e-05
109778,3.0208e-05
109799,0.000116736
109827,2.304e-06
109838,6.4e-05
109840,0.000131072
109869,0.000102912
109879,5.0432e-05
109884,0.000255488
109938,3.5584e-05
109942,5.12e-06
109949,1.6384e-05
109951,5.2224e-05
109979,0.001585152
110012,1.4336e-05
110034,0.000141312
110047,9.728e-06
110054,2.0224e-05
110064,0.00013696
110070,1.9712e-05
110084,6.4512e-05
110086,5.12e-07
110089,6.4e-06
110113,3.584e-06
110136,2.2016e-05
110138,7.6032e-05
110166,7.7824e-05
110178,3.2e-05
110183,8.2688e-05
110188,0.000288512
110193,9.7792e-05
110196,5.632e-06
110205,3.6608e-05
110223,5.12e-06
110230,1.2032e-05
110240,2.432e-05
110246,3.584e-06
110248,0.000186624
110277,1.1264e-05
110292,1.3568e-05
110293,0.00247552
110320,0.000195584
110350,0.000214016
110380,0.000139776
110403,0.00018048
110407,1.2544e-05
110415,7.7824e-05
110440,4.7104e-05
110444,6.784e-05
110447,1.2544e-05
110454,6.7328e-05
110469,0.000114432
110475,2.304e-05
110479,0.000112128
110495,5.376e-05
110516,1.8944e-05
110517,6.7072e-05
110531,2.7392e-05
110567,1.5872e-05
110568,7.936e-06
110585,3.5328e-05
110611,0.000107264
110623,0.000225792
110628,4.224e-05
110632,2.7648e-05
110639,0.0001152
110666,1.9712e-05
110678,4.8128e-05
110703,0.000147968
110713,3.5072e-05
110723,4.9152e-05
110737,7.7312e-05
110740,5.12e-07
110744,3.9936e-05
110755,1.3312e-05
110768,0.000132864
110779,0.026430464
110810,9.2416e-05
110838,6.0672e-05
110853,6.8096e-05
110864,2.2784e-05
110874,4.224e-05
110881,3.84e-05
110885,3.7632e-05
110896,6.9632e-05
110906,6.6048e-05
110919,1.024e-05
110924,9.8048e-05
110928,0.000153088
110946,3.5328e-05
110947,2.432e-05
110953,0.00014208
110959,1.7152e-05
110966,1.92e-05
111002,4.1472e-05
111003,3.4304e-05
111005,4.9408e-05
111011,3.584e-06
111019,5.0944e-05
111028,2.1248e-05
111049,8.1152e-05
111051,1.792e-05
111071,3.9168e-05
111092,0.000128
111094,0.000115712
111128,0.00014208
111134,8.0128e-05
111135,2.56e-06
111153,1.6384e-05
111169,8.576e-05
111207,3.584e-06
111226,2.56e-07
111234,3.6864e-05
111242,7.168e-05
111258,5.9904e-05
111286,2.56e-07
111303,2.4576e-05
111316,0.000136704
111322,5.376e-06
111327,1.1008e-05
111333,4.608e-06
111339,0.00023168
111350,2.8928e-05
111365,2.176e-05
111371,2.304e-05
111382,0.000101376
111384,1.7408e-05
111397,6.1184e-05
111399,8.6784e-05
111423,1.28e-05
111434,1.3824e-05
111449,8.96e-06
111456,8.0896e-05
111461,0.00018432
111466,0.000220416
111470,5.6064e-05
111493,0.002064128
111494,0.00072192
111538,0.000100352
111551,2.816e-06
111614,7.7568e-05
111618,1.7408e-05
111643,3.3792e-05
111659,6.4e-06
111664,2.4832e-05
111667,9.2672e-05
111696,2.0992e-05
111698,8.704e-06
111700,1.9712e-05
111716,5.4784e-05
111724,7.5008e-05
111730,0.000101632
111749,7.808e-05
111775,2.3552e-05
111783,7.296e-05
111788,5.9904e-05
111794,3.84e-06
111813,1.792e-05
111821,7.9104e-05
111824,4.9152e-05
111840,7.68e-07
111888,0.00012544
111913,2.816e-06
111917,0.000138496
111920,0.000302336
111937,7.936e-06
111940,0.000202752
111956,6.8864e-05
111971,5.12e-05
111992,4.2752e-05
112004,4.608e-05
112007,1.6896e-05
112011,2.0992e-05
112014,8.448e-05
112031,8.5504e-05
112049,6.144e-05
112054,1.3312e-05
112056,0.001647104
112094,9.8048e-05
112113,3.456e-05
112116,0.000232704
112130,3.6864e-05
112146,2.9952e-05
112148,4.1472e-05
112156,0.0003968
112177,3.584e-06
112207,5.6832e-05
112214,1.92e-05
112229,3.4816e-05
112233,3.072e-05
112242,0.006001664
112276,7.04e-05
112287,5.4528e-05
112295,2.7904e-05
112299,1.7408e-05
112306,1.536e-05
112312,0.000913664
112336,6.8352e-05
112346,0.000271616
112355,8.448e-06
112371,3.5328e-05
112394,4.0448e-05
112404,6.656e-06
112410,4.096e-06
112417,0.000111872
112445,3.0976e-05
112466,0.00033408
112470,3.584e-06
112487,3.2256e-05
112489,3.712e-05
112490,5.8112e-05
112496,1.8944e-05
112506,4.5056e-05
112517,0.000115456
112529,1.7152e-05
112536,7.424e-06
112553,3.3024e-05
112567,2.6368e-05
112572,7.168e-05
112590,5.4528e-05
112592,5.632e-06
112600,5.7344e-05
112602,0.000103168
112622,5.888e-06
112624,9.216e-06
112628,8.192e-06
112638,2.944e-05
112641,5.248e-05
112644,2.1248e-05
112649,2.304e-05
112658,5.8368e-05
112662,4.8896e-05
112679,0.00016128
112682,7.3472e-05
112696,1.5616e-05
112706,0.002985216
112743,2.432e-05
112773,0.00011648
112793,5.376e-05
112799,3.968e-05
112803,2.2528e-05
112809,4.9152e-05
112824,8.6784e-05
112837,5.1712e-05
112843,6.2208e-05
112868,1.9968e-05
112871,0.003713024
112909,0.000186624
112922,2.9696e-05
112952,9.344e-05
112954,0.000179712
112964,0.000114688
112975,3.968e-05
113001,0.000107776
113010,9.216e-05
113031,3.328e-06
113036,7.936e-05
113044,6.0672e-05
113057,4.096e-05
113063,3.712e-05
113092,0.000220672
113097,8.192e-06
113105,2.2784e-05
113144,0.00017024
113154,3.328e-05
113159,8.448e-06
113161,7.7312e-05
113173,0.000109056
113208,1.024e-06
113210,2.4064e-05
113220,0.000117504
113222,1.3824e-05
113234,5.9648e-05
113243,2.048e-06
113255,5.1456e-05
113262,3.0464e-05
113279,0.0002816
113293,0.000295936
113296,0.006014208
113334,4.9408e-05
113353,5.376e-06
113364,2.1248e-05
113370,1.9712e-05
113371,0.000148736
113387,4.7616e-05
113412,9.472e-06
113416,0.000140544
113425,2.0736e-05
113451,4.992e-05
113466,4.352e-05
113519,0.000116992
113529,0.000150272
113539,0.000530432
113560,0.000107008
113569,6.7328e-05
113577,6.4512e-05
113613,6.9376e-05
113618,7.808e-05
113632,5.8624e-05
113658,3.6096e-05
113670,0.000106496
113690,6.1184e-05
113707,3.584e-06
113716,0.000183552
113741,0.000102912
113745,0.000232192
113753,0.000157952
113758,0.000165376
113780,2.688e-05
113792,0.000144384
113803,3.9936e-05
113826,1.024e-05
113840,2.816e-06
113860,7.936e-06
113864,5.1456e-05
113869,2.304e-06
113880,0.000226048
113888,2.5856e-05
113893,0.000205056
113894,0.002231296
113905,0.001539328
113948,0.00045952
113969,0.000254464
113978,9.3696e-05
113998,4.0192e-05
114010,8.2944e-05
114023,1.3568e-05
114028,8.96e-05
114053,7.2448e-05
114059,4.2752e-05
114072,0.000159744
114089,5.376e-06
114101,5.7088e-05
114106,0.000276736
114125,8.192e-05
114129,5.2736e-05
114149,8.2432e-05
114163,8.192e-05
114185,8.2176e-05
114189,8.4736e-05
114191,0.000127232
114205,9.5488e-05
114217,9.2672e-05
114221,2.56e-05
114235,8.3968e-05
114256,3.8656e-05
114259,1.664e-05
114268,4.0192e-05
114278,3.328e-05
114293,1.3824e-05
114314,2.7392e-05
114324,4.8896e-05
114337,0.000109312
114342,8.32e-05
114344,0.000112128
114368,0.000164608
114376,1.2288e-05
114382,1.2288e-05
114393,4.608e-05
114411,2.4576e-05
114439,2.7136e-05
114442,6.1952e-05
114462,7.2704e-05
114472,0.00019712
114482,1.3568e-05
114493,0.002396672
114494,0.000903424
114539,3.0976e-05
114553,8.6528e-05
114569,3.8912e-05
114573,0.000124928
114577,9.9328e-05
114594,8.0896e-05
114603,5.4016e-05
114616,0.000155904
114639,0.000189952
114650,0.000112128
114669,8.832e-05
114673,1.1264e-05
114686,1.1264e-05
114690,2.0992e-05
114713,9.6768e-05
114716,5.6576e-05
114722,0.000144128
114742,3.6352e-05
114745,1.2288e-05
114749,3.7632e-05
114751,6.1184e-05
114765,1.92e-05
114768,2.176e-05
114778,1.2544e-05
114780,0.00030592
114793,1.024e-06
114820,9.1648e-05
114828,5.1712e-05
114848,3.712e-05
114854,0.000115712
114868,9.472e-05
114883,0.000120576
114915,9.856e-05
114924,3.456e-05
114936,0.000111872
114948,1.0496e-05
114951,1.536e-06
114956,8.3712e-05
114963,2.0736e-05
114981,9.472e-06
114996,1.2288e-05
115008,9.472e-06
115010,8.1664e-05
115030,2.048e-06
115036,5.376e-05
115037,3.0976e-05
115051,4.1728e-05
115063,4.1472e-05
115087,2.9952e-05
115093,0.000313344
115097,0.009830656
115112,0.008710656
115159,1.536e-05
115168,4.9152e-05
115173,3.5072e-05
115189,0.00017024
115198,5.5552e-05
115204,6.2976e-05
115215,0.000118784
115247,9.216e-06
115270,9.216e-06
115285,0.000154624
115301,0.000133888
115305,2.944e-05
115330,4.0704e-05
115344,0.000125184
115348,0.00011392
115365,3.072e-06
115374,4.0704e-05
115401,4.1728e-05
115403,9.6256e-05
115410,2.1504e-05
115422,6.2208e-05
115424,4.1984e-05
115428,4.48e-05
115448,4.608e-06
115452,6.5536e-05
115475,1.5616e-05
115487,3.3536e-05
115503,3.584e-05
115507,0.000110336
115520,4.7872e-05
115523,4.608e-06
115528,6.8864e-05
115557,0.00340096
115590,0.000218624
115624,9.9328e-05
115645,4.352e-05
115656,9.088e-05
115688,0.000108544
115693,0.002243584
115733,1.0496e-05
115736,0.002993408
115785,2.6624e-05
115793,2.9952e-05
115797,3.2e-05
115828,5.376e-05
115830,8.3456e-05
115844,8.1152e-05
115856,9.344e-05
115873,1.3824e-05
115876,9.0624e-05
115884,4.3008e-05
115887,0.00079872
115911,3.2512e-05
115919,2.7136e-05
115925,3.1744e-05
115938,1.8688e-05
115944,8.9856e-05
115957,7.3728e-05
115982,0.000131584
115987,0.000121088
115990,2.8928e-05
115999,6.528e-05
116002,7.7824e-05
116008,7.552e-05
116023,3.072e-06
116027,0.000233216
116044,9.216e-05
116046,7.8848e-05
116062,0.000136704
116066,3.5328e-05
116072,1.6896e-05
116082,3.2256e-05
116093,6.656e-06
116101,8.448e-05
116104,3.6864e-05
116130,7.04e-05
116146,2.6368e-05
116150,9.9328e-05
116152,0.000161024
116163,7.6288e-05
116171,6.7328e-05
116205,9.7792e-05
116209,9.6512e-05
116220,1.9968e-05
116223,4.9664e-05
116230,0.000100608
116251,2.2272e-05
116262,5.8112e-05
116264,0.000133632
116269,6.7072e-05
116277,5.8368e-05
116280,2.304e-06
116291,3.328e-05
116293,0.0003136
116308,3.7888e-05
116339,5.8112e-05
116350,7.1936e-05
116354,4.7872e-05
116364,3.712e-05
116377,0.000177408
116395,1.792e-06
116411,2.8416e-05
116412,1.664e-05
116448,5.4528e-05
116464,1.9456e-05
116479,2.2272e-05
116492,3.6608e-05
116494,8.704e-06
116523,2.0224e-05
116540,3.328e-06
116543,0.00014592
116547,1.3568e-05
116553,5.5552e-05
116574,0.000130816
116579,0.000258048
116587,0.000128768
116632,7.1168e-05
116648,0.000155392
116665,2.56e-05
116674,0.000120064
116688,9.216e-06
116690,0.000151808
116702,2.2272e-05
116712,5.0176e-05
116714,0.0001024
116721,5.888e-06
116723,7.9616e-05
116740,5.1968e-05
116744,0.000117248
116748,9.472e-06
116760,7.8592e-05
116783,0.000103168
116788,3.6864e-05
116798,2.304e-05
116805,0.0001088
116809,8.0128e-05
116829,2.3296e-05
116838,0.000160512
116847,5.5808e-05
116857,7.1168e-05
116867,0.000108032
116885,0.000486144
116893,0.002450944
116931,2.9952e-05
116943,3.328e-05
116953,5.8112e-05
116964,7.4496e-05
116967,9.472e-06
116977,8.6016e-05
116989,3.1232e-05
116998,8.3712e-05
117000,4.9408e-05
117019,2.048e-05
117032,6.9632e-05
117036,0.000125696
117040,5.76e-05
117047,1.664e-05
117075,2.7648e-05
117098,4.608e-06
117100,7.168e-06
117111,0.000203776
117119,1.1776e-05
117136,2.2016e-05
117149,2.048e-06
117152,4.5824e-05
117171,1.152e-05
117173,4.8128e-05
117179,9.2928e-05
117194,4.8384e-05
117207,0.00015488
117213,6.9376e-05
117235,2.8672e-05
117236,5.2992e-05
117240,4.0448e-05
117245,2.9184e-05
117257,3.9424e-05
117263,4.3008e-05
117290,5.4272e-05
117304,7.8592e-05
117315,2.4064e-05
117319,6.1952e-05
117332,9.6512e-05
117341,3.712e-05
117348,2.7648e-05
117370,4.1984e-05
117383,0.000141312
117401,2.56e-05
117429,0.000192768
117431,0.000277248
117441,0.001776384
117478,8.192e-06
117480,0.000159232
117485,5.12e-06
117487,1.28e-05
117493,0.001035776
117505,6.6048e-05
117506,0.005810944
117567,2.9696e-05
117596,6.2208e-05
117606,0.0001536
117642,3.712e-05
117648,0.00011648
117651,1.1264e-05
117660,0.000133632
117679,2.432e-05
117718,4.1728e-05
117728,2.6368e-05
117742,0.000358656
117744,7.168e-05
117779,1.536e-06
117782,3.5328e-05
117785,8.448e-06
117800,9.5232e-05
117806,9.216e-05
117813,4.5312e-05
117829,5.12e-06
117833,1.6896e-05
117838,0.000102656
117840,1.5872e-05
117860,2.7392e-05
117861,0.001219072
117866,0.000837632
117894,0.00011392
117900,0.000221696
117924,8.192e-06
117927,1.024e-05
117966,1.9456e-05
117968,2.5856e-05
117988,1.0496e-05
118011,2.6368e-05
118029,6.5536e-05
118031,0.00018688
118047,4.096e-06
118051,2.816e-05
118060,0.000145152
118072,6.3744e-05
118087,1.4336e-05
118093,0.008388352
118106,0.000295168
118162,1.536e-06
118173,0.000146688
118179,8.576e-05
118186,1.28e-06
118188,4.864e-05
118196,8.96e-06
118209,4.9664e-05
118231,3.9424e-05
118235,4.0448e-05
118238,5.8368e-05
118244,1.1264e-05
118246,4.6592e-05
118249,1.2544e-05
118274,5.3248e-05
118280,4.352e-06
118281,0.00025472
118293,1.5104e-05
118312,4.864e-06
118333,0.000128512
118358,0.000118272
118378,1.3312e-05
118380,0.00020864
118396,8.8576e-05
118414,0.000183296
118431,5.2224e-05
118448,7.7056e-05
118450,5.9648e-05
118452,9.3184e-05
118470,4.8128e-05
118476,1.792e-06
118493,0.000223744
118502,0.000136704
118517,5.376e-06
118563,7.5008e-05
118575,1.8176e-05
118587,4.736e-05
118596,1.2288e-05
118602,2.304e-06
118603,0.000148224
118639,4.7616e-05
118663,3.584e-06
118669,3.1232e-05
118672,5.4528e-05
118679,3.0976e-05
118685,7.0144e-05
118698,8.96e-06
118706,0.000260096
118711,2.6624e-05
118725,0.000224256
118742,4.5312e-05
118753,6.5792e-05
118772,0.0001792
118787,3.584e-06
118800,0.000265728
118821,4.7616e-05
118822,1.3056e-05
118832,5.2992e-05
118835,0.000145152
118857,2.56e-07
118858,0.000104192
118869,1.024e-05
118881,5.9904e-05
118884,1.28e-05
118900,0.00010112
118902,4.7104e-05
118920,3.0464e-05
118926,6.5536e-05
118934,1.1008e-05
118938,3.9936e-05
118943,2.3552e-05
118958,3.328e-06
118987,8.96e-06
118994,7.168e-05
119003,0.000219904
119028,4.1472e-05
119034,2.56e-07
119038,7.168e-05
119045,1.28e-06
119058,2.8928e-05
119085,0.000139008
119103,9.2672e-05
119120,2.432e-05
119138,5.6832e-05
119169,3.6864e-05
119172,1.0752e-05
119181,5.632e-06
119183,7.168e-06
119193,0.000152576
119207,7.424e-05
119218,3.6096e-05
119220,3.456e-05
119236,3.072e-05
119241,3.072e-06
119262,0.000937728
119269,9.472e-06
119293,0.001486848
119294,0.00017024
119297,0.009390848
119358,3.6864e-05
119367,5.632e-06
119382,0.000153088
119392,9.728e-06
119393,4.9664e-05
119408,2.9184e-05
119413,3.8144e-05
119425,8.1152e-05
119429,8.5248e-05
119433,2.2016e-05
119459,4.4288e-05
119463,8.7808e-05
119474,5.5552e-05
119482,0.000144128
119494,5.9648e-05
119503,1.792e-05
119506,7.168e-06
119528,2.048e-05
119535,4.6592e-05
119549,1.9712e-05
119555,0.000113408
119560,9.6512e-05
119565,2.4832e-05
119575,7.4752e-05
119589,8.9344e-05
119601,2.048e-06
119608,2.0224e-05
119625,0.000125952
119637,4.608e-06
119655,0.000119808
119671,0.000102656
119677,8.7296e-05
119683,5.6064e-05
119687,9.472e-05
119691,4.9152e-05
119695,9.728e-06
119728,9.216e-06
119729,5.12e-07
119734,0.00011008
119749,1.28e-06
119750,1.8432e-05
119751,2.1248e-05
119759,0.00014976
119771,5.376e-06
119773,0.000200448
119794,3.328e-05
119798,5.12e-06
119803,1.792e-05
119807,1.024e-06
119814,1.792e-06
119819,0.000115968
119842,0.000141056
119851,0.000104192
119864,3.1488e-05
119870,5.12e-05
119883,0.000107264
119890,0.000155648
119893,0.006105088
119899,0.004802304
119940,6.912e-06
119971,2.7904e-05
119982,5.8368e-05
119991,0.000163584
120009,1.92e-05
120011,5.2224e-05
120033,0.000175616
120042,0.00014208
120044,5.12e-06
120052,5.12e-06
120075,4.3264e-05
120080,8.9856e-05
120090,7.68e-07
120106,1.0496e-05
120112,5.3248e-05
120116,3.2256e-05
120122,5.0432e-05
120144,2.816e-06
120160,6.528e-05
120169,6.5536e-05
120180,0.000101632
120201,4.6592e-05
120207,0.000143872
120211,2.6624e-05
120220,3.712e-05
120222,1.1776e-05
120229,2.944e-05
120235,0.00011008
120239,3.1744e-05
120252,9.728e-06
120263,0.000371712
120303,9.6512e-05
120312,1.5104e-05
120333,4.0192e-05
120341,5.2992e-05
120371,4.2752e-05
120378,0.000109056
120395,1.792e-06
120414,8.9856e-05
120421,6.4768e-05
120423,6.7584e-05
120437,1.7152e-05
120444,0.000101376
120451,7.424e-05
120455,3.8656e-05
120466,5.888e-05
120474,6.5536e-05
120497,1.664e-05
120499,1.9712e-05
120504,0.0001024
120506,0.000308992
120508,0.001517568
120511,0.00287488
120556,1.2544e-05
120564,0.000171264
120583,5.632e-05
120588,0.00010496
120590,2.56e-07
120615,3.328e-06
120620,7.424e-06
120624,1.536e-05
120628,7.424e-06
120643,6.4512e-05
120654,1.9968e-05
120666,9.216e-06
120679,5.2224e-05
120690,1.8944e-05
120692,0.000134656
120744,0.000112896
120746,6.912e-06
120789,5.0688e-05
120802,3.3536e-05
120833,3.072e-05
120836,7.3984e-05
120839,0.000263168
120861,4.3776e-05
120873,8.4992e-05
120882,0.00014336
120907,3.0208e-05
120928,6.3232e-05
120935,0.000109312
120978,6.912e-06
120985,8.704e-06
120991,3.072e-06
121003,2.816e-06
121005,2.9952e-05
121008,0.000104192
121014,1.152e-05
121021,6.9888e-05
121050,3.6096e-05
121051,1.28e-06
121064,0.000775936
121084,0.0001728
121106,0.003011328
121129,6.9632e-05
121158,0.000728064
121181,6.2976e-05
121199,0.000161536
121210,8.704e-05
121233,8.192e-05
121262,8.192e-06
121268,9.984e-06
121283,6.3232e-05
121291,2.56e-07
121292,6.5024e-05
121296,8.7808e-05
121300,7.68e-07
121314,1.4336e-05
121321,8.9088e-05
121334,0.000170752
121338,8.6528e-05
121354,8.3968e-05
121368,4.0192e-05
121381,0.000119552
121396,1.1264e-05
121407,0.00015616
121413,7.3728e-05
121428,6.144e-06
121431,7.3216e-05
121436,0.000135168
121443,2.2016e-05
121445,9.216e-06
121503,2.7136e-05
121507,3.2256e-05
121512,5.5296e-05
121522,1.024e-06
121527,7.04e-05
121532,8.8064e-05
121537,0.000108544
121543,3.2e-05
121550,9.1648e-05
121557,1.2544e-05
121562,7.68e-06
121569,2.6624e-05
121578,8.448e-06
121590,5.888e-06
121605,0.00010624
121616,1.3568e-05
121635,2.2016e-05
121637,1.1264e-05
121658,2.432e-05
121675,3.456e-05
121692,1.7664e-05
121693,0.008242432
121695,0.002781952
121730,4.6592e-05
121773,0.000210944
121796,0.000111616
121810,6.0672e-05
121817,1.0496e-05
121833,1.5616e-05
121839,4.992e-05
121846,7.8336e-05
121854,4.352e-06
121855,0.000571904
121873,5.0176e-05
121888,0.005901568
121921,6.912e-06
121944,0.000108032
121980,0.000162048
121985,5.8624e-05
121990,0.00013952
122012,1.4848e-05
122014,7.68e-06
122021,0.000107008
122089,8.192e-05
122104,1.4848e-05
122105,8.2432e-05
122109,4.352e-06
122128,0.00010624
122134,6.912e-06
122180,0.000121344
122187,1.2288e-05
122204,1.5872e-05
122214,2.1504e-05
122227,2.944e-05
122242,0.000110848
122250,7.2192e-05
122294,4.8896e-05
122295,0.000112896
122316,0.000161024
122330,1.408e-05
122335,0.000186624
122360,8.7296e-05
122368,2.048e-05
122394,3.84e-06
122409,2.816e-06
122432,2.3296e-05
122443,0.000105984
122463,1.4848e-05
122473,0.000210176
122481,3.072e-06
122511,3.1744e-05
122516,1.9968e-05
122522,1.7152e-05
122539,2.9696e-05
122552,4.9152e-05
122571,1.28e-06
122575,1.28e-06
122597,3.0976e-05
122599,0.000112896
122603,0.000100864
122620,9.6768e-05
122639,9.984e-06
122660,9.8048e-05
122665,6.1952e-05
122666,1.8944e-05
122671,6.4e-06
122682,0.000229632
122703,2.8416e-05
122710,7.68e-06
122718,5.5808e-05
122722,0.000100864
122726,4.0448e-05
122742,2.6368e-05
122748,1.7664e-05
122761,0.0002048
122791,1.408e-05
122814,6.0416e-05
122831,6.1184e-05
122833,7.1168e-05
122849,8.704e-06
122852,2.0992e-05
122858,2.56e-07
122866,3.2512e-05
122876,2.3296e-05
122886,7.1936e-05
122893,0.00836096
122895,0.0047232
122905,0.00196608
122948,1.792e-06
122951,1.28e-06
122963,1.3056e-05
122980,8.6272e-05
122988,0.000841216
123046,9.1904e-05
123059,7.936e-06
123066,9.9072e-05
123076,0.000112384
123102,6.4256e-05
123106,5.632e-05
123130,0.000196096
123137,4.3008e-05
123138,5.7088e-05
123153,3.1488e-05
123165,3.9424e-05
123177,6.8352e-05
123179,7.68e-07
123183,1.0752e-05
123187,6.4768e-05
123225,2.2528e-05
123232,6.7072e-05
123236,4.1984e-05
123245,1.408e-05
123247,1.5104e-05
123259,6.9888e-05
123263,2.304e-05
123266,0.000122368
123277,2.432e-05
123279,4.4288e-05
123292,6.2976e-05
123315,2.2528e-05
123323,4.352e-06
123340,2.56e-06
123353,0.000145664
123367,3.968e-05
123371,8.0896e-05
123383,0.000116224
123391,4.9152e-05
123397,1.3312e-05
123403,9.1904e-05
123415,1.4592e-05
123432,4.352e-05
123435,1.0752e-05
123443,9.472e-06
123452,1.1008e-05
123457,0.00012544
123460,3.072e-06
123464,7.424e-06
123469,3.6352e-05
123474,0.000101376
123480,1.2032e-05
123485,0.001367552
123494,0.00150528
123497,0.005190656
123551,3.84e-06
123554,1.4848e-05
123582,0.000139264
123583,5.3504e-05
123599,5.1712e-05
123604,1.3568e-05
123614,2.688e-05
123622,1.024e-05
123624,0.002445824
123625,0.017668608
123682,3.84e-05
123704,4.608e-06
123714,8.192e-05
123729,0.000146432
123731,2.816e-06
123742,9.472e-06
123746,5.2736e-05
123776,6.9632e-05
123791,1.1264e-05
123794,3.328e-06
123795,2.176e-05
123808,0.000135424
123820,2.3808e-05
123827,1.8688e-05
123831,8.5248e-05
123851,4.864e-05
123865,2.304e-06
123869,3.1744e-05
123871,2.8928e-05
123927,2.2016e-05
123930,0.000166144
123946,2.5856e-05
123955,8.96e-06
123957,1.3824e-05
123970,1.2544e-05
123971,0.005607424
124003,1.024e-06
124015,0.000104192
124030,3.072e-06
124036,8.9856e-05
124049,1.8176e-05
124055,1.7152e-05
124056,1.7152e-05
124075,3.8144e-05
124093,0.008370432
124147,6.7072e-05
124164,2.0992e-05
124168,7.7056e-05
124181,3.2512e-05
124188,3.5328e-05
124194,0.000114176
124208,4.9152e-05
124228,6.656e-06
124239,2.7136e-05
124260,0.000112128
124271,5.376e-06
124279,0.000120832
124289,7.168e-06
124292,5.7856e-05
124296,0.01561728
124345,3.84e-06
124350,2.56e-07
124365,4.8384e-05
124375,5.0688e-05
124378,2.56e-07
124388,1.2544e-05
124405,7.7312e-05
124428,2.048e-06
124433,3.6096e-05
124449,9.1648e-05
124454,3.9168e-05
124471,3.0976e-05
124480,4.7104e-05
124485,0.000108032
124511,8.96e-06
124517,7.296e-05
124525,8.1152e-05
124535,1.1264e-05
124539,7.1168e-05
124563,0.000104192
124571,5.1712e-05
124578,5.12e-05
124585,9.344e-05
124595,0.000131072
124599,2.2016e-05
124603,6.784e-05
124610,5.4784e-05
124651,2.6368e-05
124657,0.000212992
124670,4.992e-05
124674,0.000144896
124684,4.2752e-05
124687,3.3792e-05
124700,2.816e-06
124704,0.000144128
124711,2.048e-06
124728,4.608e-06
124747,4.6336e-05
124757,1.408e-05
124759,5.4784e-05
124767,2.8416e-05
124772,6.016e-05
124787,6.5024e-05
124797,3.9936e-05
124803,0.000763136
124828,0.000119808
124836,5.8624e-05
124857,7.68e-07
124878,7.04e-05
124898,5.12e-06
124908,7.1936e-05
124923,0.000187136
124935,5.376e-06
124955,3.072e-06
124972,2.8928e-05
124987,9.5488e-05
124993,0.00014208
125008,2.5856e-05
125013,0.000200704
125018,2.2784e-05
125020,0.000375808
125042,3.584e-06
125049,6.1696e-05
125062,4.3008e-05
125077,0.000173568
125097,0.00013696
125102,5.504e-05
125112,2.9184e-05
125119,4.096e-06
125123,0.000126208
125164,2.816e-05
125171,2.0224e-05
125179,2.816e-06
125185,6.8864e-05
125188,5.4784e-05
125196,5.12e-06
125204,0.000154368
125211,4.7104e-05
125220,8.1152e-05
125232,2.1248e-05
125248,2.9952e-05
125253,2.3808e-05
125257,1.6896e-05
125262,9.7792e-05
125272,0.002074112
125293,0.008329728
125311,0.0032704
125351,3.4816e-05
125356,3.2e-05
125366,5.632e-06
125390,8.576e-05
125393,4.0448e-05
125396,3.9936e-05
125408,2.9184e-05
125418,0.000119552
125433,6.4256e-05
125465,4.608e-05
125492,8.4736e-05
125508,5.376e-06
125509,3.3536e-05
125526,6.656e-06
125546,6.784e-05
125561,5.504e-05
125574,0.000132608
125595,2.4064e-05
125599,2.1248e-05
125612,0.000130304
125631,0.001550592
125657,0.000310528
125672,4.3264e-05
125681,3.9168e-05
125683,2.5856e-05
125689,0.000322048
125695,0.000109312
125712,3.9936e-05
125716,1.6128e-05
125719,2.56e-06
125732,0.000124416
125766,0.000109056
125780,7.68e-06
125796,0.000129792
125804,7.6544e-05
125806,2.2272e-05
125822,0.000114176
125846,8.32e-05
125857,2.9184e-05
125870,7.424e-06
125876,4.4288e-05
125887,1.152e-05
125889,0.000108544
125900,2.176e-05
125923,8.0896e-05
125938,8.2176e-05
125973,4.8896e-05
125981,5.9648e-05
125983,8.6528e-05
125987,3.9168e-05
125993,2.8928e-05
126032,0.000115968
126034,5.0688e-05
126038,3.8144e-05
126069,1.024e-06
126083,5.0688e-05
126088,3.456e-05
126094,1.408e-05
126103,6.4768e-05
126113,2.048e-05
126119,7.5264e-05
126130,2.2528e-05
126132,2.7648e-05
126143,7.68e-07
126147,0.000132352
126174,2.5088e-05
126179,0.000171776
126181,4.5824e-05
126188,0.00010112
126207,2.2016e-05
126216,4.608e-06
126229,8.064e-05
126248,0.000105216
126250,3.5328e-05
126261,3.328e-05
126263,2.3552e-05
126267,3.328e-06
126275,0.000365824
126307,1.024e-06
126312,0.000132352
126324,7.7056e-05
126337,5.1456e-05
126340,0.000105984
126343,0.000139776
126355,1.8432e-05
126359,6.144e-05
126369,7.936e-06
126371,2.048e-06
126379,7.3472e-05
126395,1.3312e-05
126406,5.3504e-05
126408,1.0752e-05
126412,5.6064e-05
126423,8.832e-05
126428,4.8896e-05
126444,6.272e-05
126457,0.00013696
126472,8.32e-05
126488,0.000195584
126496,0.000439808
126508,3.9936e-05
126536,9.3184e-05
126538,2.6368e-05
126558,3.328e-06
126562,6.6816e-05
126572,9.472e-06
126583,1.8944e-05
126585,1.8432e-05
126597,0.0001152
126600,0.000133376
126621,5.2736e-05
126643,1.408e-05
126656,3.328e-05
126661,6.784e-05
126668,1.7408e-05
126682,1.1776e-05
126683,7.68e-06
126693,0.00018944
126713,8.96e-06
126723,0.000106496
126744,3.84e-05
126750,9.0624e-05
126764,6.656e-05
126773,1.1008e-05
126779,0.000173056
126803,0.00041856
126854,6.4e-06
126880,3.0976e-05
126883,0.00010752
126891,2.3296e-05
126925,0.000200192
126939,0.000111104
126952,0.000134144
126967,0.0001088
127001,3.6096e-05
127016,1.3824e-05
127022,4.8896e-05
127032,4.1216e-05
127046,0.000116224
127074,7.936e-06
127091,2.6112e-05
127094,0.001824768
127097,0.006370048
127105,0.001751552
127163,4.5312e-05
127173,4.0448e-05
127201,0.000114176
127245,0.000101376
127274,3.8144e-05
127280,5.504e-05
127291,2.688e-05
127298,3.9936e-05
127299,1.8176e-05
127301,2.8416e-05
127323,2.9696e-05
127324,3.3536e-05
127334,0.000118016
127348,0.00010752
127355,1.8944e-05
127356,1.6128e-05
127366,5.1456e-05
127377,1.4848e-05
127400,3.1744e-05
127419,7.168e-06
127423,1.024e-05
127446,6.9888e-05
127449,6.7072e-05
127453,1.3568e-05
127468,7.04e-05
127470,1.7152e-05
127481,6.9888e-05
127487,2.816e-05
127495,8.064e-05
127532,9.728e-06
127535,0.000109824
127541,1.6384e-05
127557,4.608e-05
127560,1.4592e-05
127572,0.000150784
127582,6.144e-06
127585,2.5856e-05
127635,6.4256e-05
127640,4.1216e-05
127660,1.6896e-05
127662,1.4336e-05
127666,9.6e-05
127677,5.12e-06
127691,1.6128e-05
127693,0.008399104
127739,0.000116224
127760,0.000908032
127779,4.5056e-05
127805,3.3536e-05
127810,0.000423424
127842,0.000532224
127871,5.5808e-05
127884,0.0001216
127889,0.001272064
127917,7.68e-07
127923,1.2544e-05
127935,3.328e-05
127946,0.000275456
127957,1.024e-05
127959,0.000100608
127991,2.1504e-05
128012,6.144e-06
128017,3.4048e-05
128022,0.000132608
128033,6.0416e-05
128039,4.096e-06
128055,4.5568e-05
128063,5.3248e-05
128068,1.7408e-05
128089,8.1152e-05
128094,7.0144e-05
128097,6.272e-05
128113,4.5568e-05
128124,1.4592e-05
128125,2.0224e-05
128133,3.4304e-05
128145,2.048e-05
128149,8.4992e-05
128168,2.5856e-05
128200,2.304e-06
128210,5.6064e-05
128215,4.736e-05
128218,5.5296e-05
128240,1.4592e-05
128244,0.000128768
128246,0.000148736
128262,7.168e-06
128278,3.4048e-05
128282,3.0208e-05
128291,5.0944e-05
128294,0.001884416
128336,1.0496e-05
128342,6.2976e-05
128351,2.4832e-05
128368,9.472e-05
128384,9.216e-06
128389,6.7072e-05
128396,0.000196608
128417,2.816e-06
128421,3.8144e-05
128424,5.7088e-05
128449,0.000144896
128457,2.6368e-05
128483,8.7808e-05
128487,1.8176e-05
128502,2.2784e-05
128505,3.8656e-05
128513,9.216e-06
128519,6.2208e-05
128530,9.088e-05
128549,3.3792e-05
128551,0.000167168
128572,2.5088e-05
128590,1.5872e-05
128594,2.6624e-05
128599,8.192e-06
128610,1.7664e-05
128611,1.3824e-05
128624,0.000127232
128636,5.248e-05
128639,1.152e-05
128645,5.632e-06
128654,4.352e-05
128656,2.0992e-05
128684,6.1952e-05
128690,4.1984e-05
128701,4.1472e-05
128711,0.000129024
128716,0.000100864
128718,8.0384e-05
128720,3.7376e-05
128743,2.7904e-05
128750,3.6352e-05
128752,2.688e-05
128782,6.912e-05
128786,1.024e-05
128803,4.352e-06
128808,3.2e-05
128812,3.3792e-05
128827,2.8672e-05
128833,1.9712e-05
128855,3.3024e-05
128865,0.000318464
128877,6.0416e-05
128886,7.424e-06
128893,0.023962368
128956,8.192e-05
128963,3.6096e-05
128965,5.6576e-05
128976,1.28e-05
128978,1.4336e-05
128982,6.3232e-05
129008,4.608e-06
129032,0.000286208
129040,4.8896e-05
129067,5.6832e-05
129089,8.704e-06
129090,0.000142848
129108,1.1264e-05
129124,5.5296e-05
129127,5.6064e-05
129135,0.000103936
129151,3.4816e-05
129169,3.968e-05
129171,2.304e-05
129185,0.000106752
129213,1.0752e-05
129217,1.1776e-05
129223,8.704e-05
129225,4.1472e-05
129228,5.1712e-05
129238,3.6096e-05
129243,3.456e-05
129246,7.424e-06
129264,1.792e-06
129268,0.000118272
129282,0.000175616
129313,1.0752e-05
129316,3.328e-06
129330,2.0992e-05
129345,3.84e-05
129346,4.3776e-05
129350,3.84e-06
129356,9.216e-06
129366,3.3536e-05
129379,8.5504e-05
129383,7.0912e-05
129398,0.000208128
129403,1.6384e-05
129412,2.816e-06
129422,1.2288e-05
129429,7.2448e-05
129451,1.536e-05
129453,0.00011776
129497,4.6848e-05
129506,3.072e-06
129530,4.5824e-05
129537,3.712e-05
129539,4.0704e-05
129545,3.072e-06
129553,1.9456e-05
129590,8.832e-05
129604,7.6288e-05
129607,7.8336e-05
129614,0.000328704
129626,0.000103936
129651,3.7632e-05
129655,0.000141312
129659,9.472e-06
129665,0.000137472
129682,9.0624e-05
129697,1.1264e-05
129707,4.2496e-05
129720,0.006737664
129770,6.2208e-05
129779,5.9392e-05
129788,8.9856e-05
129811,0.00010368
129833,1.8688e-05
129839,0.000100352
129841,6.8352e-05
129843,6.9376e-05
129850,1.2288e-05
129857,9.4464e-05
129880,0.0001216
129908,7.3984e-05
129912,4.864e-05
129929,3.712e-05
129937,5.12e-06
129989,0.00012544
129993,2.4576e-05
130011,4.8128e-05
130024,0.000183552
130031,3.3536e-05
130047,2.4832e-05
130058,8.704e-06
130072,0.000132608
130076,2.3808e-05
130079,1.28e-06
130090,7.168e-06
130093,0.000261376
130118,9.2672e-05
130131,2.3808e-05
130158,6.9632e-05
130180,8.1152e-05
130184,2.4064e-05
130189,0.000114432
130199,1.2288e-05
130203,5.632e-06
130212,0.000139776
130226,3.8912e-05
130244,0.000137216
130251,9.472e-06
130253,2.2528e-05
130260,1.792e-06
130279,4.9152e-05
130298,6.656e-06
130305,3.456e-05
130308,0.0001344
130315,9.216e-06
130317,0.00017536
130320,1.1776e-05
130323,2.9696e-05
130330,0.0002496
130343,4.1728e-05
130351,2.048e-06
130355,8.2944e-05
130356,0.000110848
130381,3.9936e-05
130383,3.456e-05
130389,2.0992e-05
130390,0.000149504
130392,4.1472e-05
130393,1.2288e-05
130405,3.328e-06
130415,0.000148736
130418,7.5776e-05
130445,0.000126208
130455,1.6384e-05
130469,9.984e-06
130471,2.0992e-05
130485,3.5584e-05
130507,0.00022656
130509,0.000102656
130524,0.00018304
130541,1.8688e-05
130571,1.408e-05
130572,1.152e-05
130582,7.7056e-05
130599,0.000118528
130614,5.5296e-05
130620,0.000157952
130629,6.9632e-05
130657,0.000178432
130676,0.000133632
130685,2.2272e-05
130693,6.6816e-05
130696,6.2976e-05
130703,5.12e-06
130710,0.000180992
130735,2.816e-05
130747,7.7056e-05
130758,2.4064e-05
130763,0.00393216
130804,0.000110336
130806,6.784e-05
130815,2.304e-06
130823,4.1984e-05
130837,6.528e-05
130844,8.448e-06
130855,3.8656e-05
130860,7.3216e-05
130863,0.000173056
130865,0.001366272
130885,7.424e-06
130895,0.000160512
130906,0.000170496
130953,9.8816e-05
130955,3.3536e-05
130965,3.84e-05
130973,3.0976e-05
130991,0.00013696
130998,0.000164608
131010,5.12e-07
131012,0.000137984
131023,3.1744e-05
131032,6.1184e-05
131055,5.1456e-05
131059,3.9424e-05
131093,6.016e-05
131104,0.0001152
131118,3.7376e-05
131125,0.000188928
131134,6.0672e-05
131143,2.2528e-05
131149,0.000120064
131188,0.000117248
131195,8.0128e-05
131205,4.1984e-05
131239,1.024e-05
131248,5.0944e-05
131262,0.00012288
131273,5.376e-06
131279,5.5552e-05
131291,3.968e-05
131296,0.00731008
131361,7.0912e-05
131363,0.000156416
131374,1.2032e-05
131390,9.728e-06
131392,0.000144896
131394,0.000102144
131416,4.9152e-05
131424,3.8144e-05
131431,4.8384e-05
131457,2.6368e-05
131469,0.000138752
131473,0.000126976
131490,5.2992e-05
131499,3.6352e-05
131501,2.8416e-05
131513,0.000136448
131533,5.3248e-05
131535,0.00013696
131556,4.096e-06
131565,7.1168e-05
131579,0.000139008
131592,6.144e-06
131599,7.168e-05
131603,2.7392e-05
131605,3.328e-05
131631,3.9936e-05
131633,4.48e-05
131635,7.9872e-05
131650,2.048e-06
131672,3.4048e-05
131680,1.5104e-05
131683,0.000225792
131695,8.3712e-05
131703,2.7392e-05
131737,4.7104e-05
131743,3.4304e-05
131757,4.4288e-05
131771,4.7616e-05
131782,2.3552e-05
131788,1.3824e-05
131795,4.7872e-05
131812,9.728e-06
131813,0.000102912
131820,0.00020352
131848,4.3264e-05
131853,7.0144e-05
131860,2.5344e-05
131863,3.6864e-05
131866,0.000219136
131886,6.9376e-05
131895,2.5856e-05
131910,1.152e-05
131916,5.8368e-05
131927,2.5088e-05
131933,5.4528e-05
131940,0.000123648
131972,6.7328e-05
131983,1.2032e-05
131987,0.000107008
132008,7.5264e-05
132012,6.6048e-05
132015,0.000105984
132028,0.000152832
132064,1.1776e-05
132066,7.3984e-05
132070,5.0176e-05
132083,6.7584e-05
132090,5.4272e-05
132094,7.68e-06
132108,0.000188416
132114,5.7088e-05
132125,9.7792e-05
132138,0.000112128
132144,0.000575232
132203,3.328e-06
132204,1.28e-05
132211,1.7664e-05
132222,0.000207616
132236,1.3312e-05
132249,8.7296e-05
132256,0.000128
132266,4.096e-05
132292,2.816e-05
132299,1.9712e-05
132324,8.6016e-05
132328,0.000100096
132334,4.864e-06
132347,4.736e-05
132353,2.2272e-05
132358,3.072e-06
132363,0.00012544
132365,1.8432e-05
132390,2.7136e-05
132404,9.3696e-05
132419,8.4224e-05
132424,4.2496e-05
132431,4.0192e-05
132433,6.784e-05
132437,0.000144128
132442,3.2e-05
132448,0.000114176
132459,4.1728e-05
132461,3.0464e-05
132483,7.68e-06
132485,6.1184e-05
132492,0.000248832
132494,0.002198272
132505,0.000322816
132526,5.1456e-05
132560,8.4224e-05
132563,5.76e-05
132569,2.432e-05
132575,3.3792e-05
132583,9.4464e-05
132589,3.7376e-05
132597,5.7344e-05
132613,6.8864e-05
132618,2.816e-05
132631,5.0688e-05
132633,0.000158208
132642,0.000150016
132648,2.0736e-05
132659,1.7664e-05
132670,0.00011008
132687,7.7824e-05
132705,0.000105216
132713,0.00010752
132718,6.0416e-05
132724,0.000213248
132745,0.000109056
132757,9.1904e-05
132785,1.9456e-05
132787,2.5088e-05
132792,0.000100096
132800,9.2416e-05
132806,2.9696e-05
132819,0.000190976
132828,1.1008e-05
132836,8.704e-06
132862,2.304e-06
132866,0.000127744
132868,7.5008e-05
132885,3.072e-06
132894,2.3296e-05
132913,5.9648e-05
132926,9.984e-05
132947,6.1184e-05
132952,3.5072e-05
132958,0.00027776
132984,7.8592e-05
132996,5.0176e-05
133005,5.632e-05
133010,0.000100096
133015,0.000123904
133041,3.6352e-05
133045,2.2528e-05
133051,0.0001024
133061,8.9856e-05
133070,9.4976e-05
133081,0.000104448
133086,6.0928e-05
133093,0.000819712
133119,6.9632e-05
133121,5.4528e-05
133132,2.7648e-05
133143,1.8944e-05
133144,7.68e-06
133151,1.5616e-05
133177,4.2496e-05
133190,0.000151552
133195,7.7568e-05
133200,2.3808e-05
133206,0.000106752
133226,6.8608e-05
133238,3.9936e-05
133239,2.8672e-05
133263,3.712e-05
133271,6.0928e-05
133284,5.6832e-05
133285,3.1488e-05
133293,0.00013312
133301,0.000313088
133312,9.9328e-05
133318,0.000143872
133333,5.12e-06
133342,8.704e-06
133345,5.12e-06
133355,2.8672e-05
133369,5.5808e-05
133378,2.5344e-05
133405,1.024e-06
133407,2.0736e-05
133432,5.632e-06
133443,2.7392e-05
133451,2.432e-05
133456,0.000103424
133461,1.3056e-05
133465,8.3968e-05
133476,1.5872e-05
133477,5.5296e-05
133480,1.1008e-05
133506,1.92e-05
133528,4.4288e-05
133552,5.504e-05
133557,0.000211712
133578,6.5536e-05
133586,8.1408e-05
133592,0.000112384
133596,1.2544e-05
133600,2.8672e-05
133612,9.1904e-05
133614,3.072e-06
133627,1.664e-05
133633,2.8672e-05
133640,5.1968e-05
133664,3.2512e-05
133684,9.9328e-05
133689,4.608e-06
133696,4.7616e-05
133698,3.328e-05
133705,0.00306432
133709,0.005403136
133764,5.8368e-05
133770,6.272e-05
133775,6.8096e-05
133779,0.000124672
133793,4.6848e-05
133810,2.688e-05
133814,3.2e-05
133825,1.5616e-05
133828,5.3248e-05
133838,7.1168e-05
133845,0.00021632
133847,1.152e-05
133864,4.6592e-05
133874,7.936e-06
133877,6.144e-06
133892,7.3728e-05
133900,3.1744e-05
133914,2.56e-07
133915,6.0672e-05
133919,3.968e-05
133922,7.0656e-05
133924,0.002599168
133958,3.3792e-05
133961,1.152e-05
133964,2.1248e-05
134001,3.0464e-05
134008,3.328e-05
134010,2.0992e-05
134012,4.6592e-05
134043,9.472e-06
134053,6.9632e-05
134069,1.8432e-05
134072,1.2288e-05
134075,7.68e-06
134096,1.024e-06
134111,4.4288e-05
134118,0.000119808
134128,8.0128e-05
134143,6.1952e-05
134165,0.000110336
134182,6.4768e-05
134184,1.024e-06
134191,3.8912e-05
134209,3.072e-06
134220,2.432e-05
134223,1.2544e-05
134251,8.1664e-05
134254,4.352e-06
134258,1.792e-06
134268,1.152e-05
134272,5.1968e-05
134274,8.448e-05
134288,1.7664e-05
134293,0.008518656
134365,6.6816e-05
134373,3.9424e-05
134381,5.5296e-05
134399,0.000151552
134414,8.832e-05
134432,8.96e-06
134440,6.8864e-05
134457,0.000199936
134459,8.576e-05
134467,0.00011648
134503,1.1264e-05
134514,8.0128e-05
134517,9.6e-05
134523,0.002238464
134568,4.0192e-05
134577,9.1648e-05
134586,2.816e-06
134594,4.096e-06
134604,1.5616e-05
134611,0.000110848
134622,0.00016768
134638,2.304e-05
134643,7.9872e-05
134648,0.004433408
134706,5.1712e-05
134711,0.000114688
134719,9.0112e-05
134738,7.7568e-05
134744,5.4528e-05
134775,5.4528e-05
134780,1.024e-05
134788,7.0912e-05
134793,3.328e-06
134797,5.12e-05
134802,3.328e-06
134812,0.000108544
134816,9.6e-05
134843,4.2752e-05
134856,3.7888e-05
134869,2.1248e-05
134881,1.1776e-05
134883,5.5808e-05
134894,0.00206592
134897,0.001388544
134905,0.002820608
134943,1.792e-06
134950,8.8576e-05
134956,0.000122624
134984,1.1264e-05
134986,8.2176e-05
134988,0.000105984
134994,1.28e-05
135011,1.024e-05
135032,9.6e-05
135041,0.000129536
135044,0.000149248
135052,0.000505088
135068,3.6352e-05
135080,0.000100096
135102,0.00013184
135108,9.1648e-05
135128,3.5072e-05
135131,0.000118528
135135,0.000141824
135186,2.432e-05
135209,0.000108032
135213,0.000652288
135256,0.000406528
135265,1.792e-05
135271,8.3456e-05
135287,5.9392e-05
135291,6.656e-06
135293,5.0432e-05
135324,0.000113408
135328,5.4784e-05
135350,8.9088e-05
135355,4.0448e-05
135359,2.3296e-05
135370,0.000158976
135382,0.000118016
135387,4.352e-06
135390,1.28e-05
135404,5.7856e-05
135413,6.144e-06
135429,5.4528e-05
135444,3.9168e-05
135472,1.3312e-05
135475,0.000156928
135480,0.000117504
135493,0.001526272
135506,0.00054272
135525,9.728e-06
135527,8.6528e-05
135545,4.2752e-05
135565,9.6256e-05
135575,3.0976e-05
135584,4.5056e-05
135594,7.9104e-05
135607,3.6608e-05
135615,0.000122112
135626,4.2496e-05
135628,6.0928e-05
135630,3.9936e-05
135632,0.00010496
135635,7.168e-06
135644,0.000420096
135656,0.0001344
135669,4.3776e-05
135697,6.656e-05
135708,3.712e-05
135713,5.8112e-05
135738,2.944e-05
135745,2.4064e-05
135746,0.001328128
135779,2.6368e-05
135785,0.000115968
135787,1.6384e-05
135790,1.4336e-05
135792,0.000230656
135798,6.6304e-05
135815,6.6304e-05
135821,2.2528e-05
135839,8.7808e-05
135862,8.7552e-05
135871,7.4752e-05
135886,3.84e-06
135895,1.792e-05
135901,3.9936e-05
135903,9.6e-05
135909,0.000151808
135929,3.7376e-05
135931,5.4784e-05
135967,0.000227584
135981,7.04e-05
135984,0.000122112
136001,5.8112e-05
136006,4.8896e-05
136013,4.4288e-05
136020,6.5792e-05
136036,7.7056e-05
136040,1.92e-05
136046,9.9328e-05
136075,1.2288e-05
136080,0.000114432
136084,3.6352e-05
136088,3.4816e-05
136097,0.002790912
136137,2.4832e-05
136142,0.001514496
136174,1.2032e-05
136181,9.344e-05
136186,2.7904e-05
136193,3.0976e-05
136201,1.5104e-05
136206,7.5776e-05
136221,1.9456e-05
136236,0.000102912
136241,2.7136e-05
136251,2.048e-05
136257,1.3056e-05
136261,2.3296e-05
136275,0.000398592
136283,4.5056e-05
136313,1.1008e-05
136323,2.8416e-05
136325,3.0208e-05
136338,5.5808e-05
136344,3.3792e-05
136351,6.3744e-05
136376,9.8048e-05
136384,3.584e-06
136390,9.7536e-05
136405,5.632e-06
136419,7.2704e-05
136427,7.296e-05
136433,6.2464e-05
136438,1.024e-06
136457,1.408e-05
136465,0.00020224
136484,4.5056e-05
136496,1.0752e-05
136510,5.376e-06
136516,3.1488e-05
136524,3.1232e-05
136525,2.6368e-05
136529,7.3472e-05
136532,8.448e-05
136566,1.4848e-05
136576,4.4544e-05
136584,0.006974208
136585,0.004617728
136637,4.2752e-05
136667,3.5072e-05
136692,1.1008e-05
136694,6.4512e-05
136700,0.002776576
136746,2.816e-06
136783,1.1776e-05
136791,0.000107776
136793,1.8432e-05
136810,0.000134912
136820,1.8176e-05
136828,1.92e-05
136834,3.072e-06
136840,5.0176e-05
136852,1.5872e-05
136855,1.5104e-05
136860,0.000101632
136866,0.000990464
136898,4.8384e-05
136905,9.2672e-05
136910,8.4736e-05
136931,2.8928e-05
136938,0.000174592
136959,0.000103168
136985,3.7376e-05
136990,1.0496e-05
136993,4.4544e-05
137005,5.504e-05
137014,9.728e-06
137022,4.1472e-05
137050,1.5872e-05
137060,4.2752e-05
137065,0.000199424
137075,2.688e-05
137089,8.192e-06
137095,5.0176e-05
137108,8.704e-06
137124,1.5872e-05
137128,9.1648e-05
137136,0.000133376
137162,6.5024e-05
137165,0.000990976
137205,0.000226816
137207,2.7392e-05
137225,1.6384e-05
137227,0.001419264
137256,2.3552e-05
137270,8.6528e-05
137275,6.656e-06
137294,2.5856e-05
137296,0.006447104
137341,4.608e-05
137350,6.656e-06
137360,5.12e-07
137371,1.6384e-05
137377,3.584e-06
137380,0.000239104
137393,9.5488e-05
137420,9.4976e-05
137426,3.584e-05
137430,3.4304e-05
137442,5.376e-06
137448,1.9968e-05
137450,1.8176e-05
137455,0.00010112
137470,7.68e-06
137481,0.000152064
137512,1.1264e-05
137520,2.6112e-05
137532,2.56e-06
137552,1.6128e-05
137564,8.5504e-05
137593,5.7344e-05
137597,4.608e-06
137599,0.00011264
137617,0.0001024
137622,3.072e-06
137638,5.0432e-05
137648,0.000127488
137658,5.8112e-05
137669,5.376e-06
137689,0.000113152
137701,1.0496e-05
137707,5.8624e-05
137709,1.408e-05
137712,1.5616e-05
137716,1.8944e-05
137725,3.5072e-05
137750,9.8816e-05
137759,4.992e-05
137772,1.152e-05
137781,4.6336e-05
137787,8.1408e-05
137793,0.000198912
137796,7.5264e-05
137812,8.5504e-05
137836,0.000120576
137849,5.5296e-05
137856,7.6032e-05
137863,3.6352e-05
137864,0.00012544
137874,0.000158976
137893,8.448e-05
137897,0.016369408
137960,8.1664e-05
137983,0.000136448
137987,4.0704e-05
137994,8.2432e-05
138015,3.5328e-05
138025,2.56e-07
138026,3.3536e-05
138040,0.000145408
138053,7.4496e-05
138068,2.5856e-05
138079,7.168e-05
138085,0.000117248
138109,1.024e-05
138113,0.000169216
138140,5.4016e-05
138157,6.6304e-05
138162,8.2944e-05
138175,3.2768e-05
138181,5.8624e-05
138186,4.3264e-05
138213,0.000125696
138219,0.000121344
138234,2.4832e-05
138236,1.3568e-05
138241,9.5232e-05
138244,7.0656e-05
138265,0.000158976
138277,2.0992e-05
138280,9.1392e-05
138286,2.304e-06
138294,2.6368e-05
138298,2.9184e-05
138318,0.000157184
138325,1.792e-05
138352,2.5088e-05
138353,4.1216e-05
138363,2.3552e-05
138368,0.000120832
138399,3.0208e-05
138402,2.432e-05
138425,0.00022912
138433,4.2496e-05
138438,3.5584e-05
138468,4.1728e-05
138472,7.3472e-05
138481,4.096e-06
138493,0.008470272
138499,0.005570048
138505,0.000604928
138555,7.2704e-05
138560,1.536e-06
138574,5.5808e-05
138594,0.000148992
138630,4.5568e-05
138634,7.2448e-05
138642,0.000121088
138650,1.4848e-05
138655,5.4272e-05
138662,4.5568e-05
138675,7.68e-07
138692,2.1504e-05
138702,2.9952e-05
138707,5.76e-05
138718,3.584e-06
138747,4.1472e-05
138753,0.000132352
138779,3.3792e-05
138786,5.1968e-05
138805,5.3504e-05
138818,1.792e-05
138852,3.2e-05
138865,5.4016e-05
138871,2.1248e-05
138875,7.936e-05
138886,3.2e-05
138892,9.984e-06
138905,3.9936e-05
138914,2.9184e-05
138941,3.7632e-05
138944,7.5264e-05
138950,0.0001152
138956,5.0688e-05
138958,4.9152e-05
138977,3.328e-06
138986,0.000203264
138996,2.2272e-05
139003,7.6288e-05
139013,5.12e-06
139014,1.6128e-05
139041,3.0208e-05
139043,4.2752e-05
139048,5.9136e-05
139056,2.1248e-05
139063,3.84e-06
139069,7.7824e-05
139077,1.792e-06
139086,0.000116224
139092,6.2976e-05
139096,3.2e-05
139106,0.000400896
139119,0.001138944
139131,9.2672e-05
139134,0.0001472
139180,5.888e-06
139213,7.6288e-05
139218,9.1136e-05
139231,4.096e-06
139237,3.0208e-05
139248,5.5808e-05
139253,8.576e-05
139297,3.9424e-05
139310,3.6096e-05
139319,3.2256e-05
139332,0.000110336
139341,8.3968e-05
139345,2.688e-05
139372,7.9616e-05
139387,7.1168e-05
139390,1.5872e-05
139408,1.92e-05
139414,4.1472e-05
139436,4.1216e-05
139442,3.2e-05
139443,4.1216e-05
139457,3.072e-05
139461,3.1744e-05
139477,6.8608e-05
139483,9.472e-06
139488,8.704e-06
139494,1.6128e-05
139508,0.000167424
139535,3.584e-06
139540,0.00011008
139544,7.7824e-05
139568,0.000118272
139592,6.3744e-05
139600,3.6608e-05
139609,9.0624e-05
139622,7.0144e-05
139649,3.2256e-05
139665,3.0208e-05
139671,6.7072e-05
139677,2.048e-06
139688,3.9168e-05
139693,0.024204288
139755,2.048e-06
139778,5.1456e-05
139788,7.168e-06
139802,2.5088e-05
139808,7.2704e-05
139814,7.6544e-05
139821,0.000602112
139848,0.000160256
139865,1.7664e-05
139884,0.000121856
139890,3.4048e-05
139892,3.328e-05
139911,3.2512e-05
139912,6.1696e-05
139953,0.00015872
139973,2.0992e-05
139989,1.8432e-05
139990,3.968e-05
140003,1.4848e-05
140014,3.7376e-05
140026,8.96e-05
140043,2.9696e-05
140055,3.4816e-05
140057,1.7664e-05
140067,2.0736e-05
140069,6.5024e-05
140081,8.192e-06
140097,8.192e-06
140098,1.3312e-05
140104,1.3568e-05
140110,4.352e-06
140127,4.8896e-05
140130,4.48e-05
140133,5.632e-06
140143,4.352e-06
140145,7.68e-07
140160,2.048e-06
140175,4.8896e-05
140183,8.2432e-05
140212,2.7392e-05
140220,7.168e-06
140227,7.9104e-05
140238,5.632e-06
140244,2.6624e-05
140270,0.000107264
140292,0.000114176
140294,0.000967168
140297,0.007619584
140364,5.0432e-05
140372,6.8096e-05
140381,7.2192e-05
140423,9.0624e-05
140441,2.2784e-05
140454,5.12e-07
140470,5.8368e-05
140485,7.8592e-05
140493,1.4848e-05
140507,0.000250624
140525,0.000186368
140543,4.4032e-05
140554,5.12e-06
140564,7.1168e-05
140569,4.8384e-05
140582,0.000171008
140588,1.2032e-05
140600,7.3728e-05
140614,0.000111104
140622,4.5824e-05
140640,2.56e-07
140641,5.1968e-05
140664,4.5312e-05
140675,4.3264e-05
140679,1.9712e-05
140697,5.376e-06
140701,0.000119296
140723,9.5744e-05
140728,2.56e-06
140732,0.000131072
140744,2.816e-05
140755,6.3744e-05
140758,1.4592e-05
140762,3.8656e-05
140772,0.000323584
140801,8.8064e-05
140807,6.0928e-05
140820,1.792e-06
140839,0.000286976
140868,9.2416e-05
140873,9.9584e-05
140881,6.7328e-05
140893,0.000325632
140906,0.001536768
140958,2.56e-05
140970,1.536e-05
140979,4.864e-06
140993,3.072e-06
140996,2.048e-06
141021,4.8128e-05
141025,0.000102144
141034,5.2736e-05
141039,0.000115968
141054,2.7136e-05
141064,1.9456e-05
141080,4.1472e-05
141089,1.1776e-05
141114,5.9392e-05
141122,7.9104e-05
141128,7.168e-06
141130,2.0224e-05
141140,0.00011776
141154,9.0368e-05
141160,0.000157952
141175,4.4544e-05
141179,9.216e-06
141183,8.0896e-05
141189,8.6016e-05
141199,1.024e-05
141219,9.088e-05
141238,0.000142592
141240,2.7904e-05
141248,2.56e-07
141257,0.000128256
141270,9.6e-05
141289,8.2432e-05
141301,2.2528e-05
141305,2.6112e-05
141309,0.00013312
141321,4.1728e-05
141336,0.000115456
141344,2.6112e-05
141345,4.864e-06
141360,2.304e-05
141379,0.000142592
141391,2.6624e-05
141395,2.2784e-05
141399,5.12e-07
141403,5.6576e-05
141411,5.0176e-05
141413,8.6528e-05
141433,3.9936e-05
141442,4.096e-05
141451,0.000127488
141464,1.6384e-05
141473,6.656e-05
141492,1.3568e-05
141494,0.002333696
141513,0.000392704
141552,8.192e-06
141567,0.00017152
141569,7.5776e-05
141588,6.7072e-05
141597,1.28e-06
141618,1.2288e-05
141626,1.8944e-05
141631,1.4848e-05
141646,3.7888e-05
141661,3.6608e-05
141665,0.000198912
141670,3.4304e-05
141682,3.4304e-05
141688,0.000229888
141712,4.48e-05
141720,1.7152e-05
141742,1.3824e-05
141761,0.00011392
141786,5.248e-05
141793,8.0896e-05
141795,5.376e-06
141801,8.704e-06
141839,0.000164608
141848,2.0224e-05
141859,0.000104192
141863,2.048e-06
141871,5.248e-05
141876,0.000125696
141917,2.304e-06
141935,1.408e-05
141955,6.144e-06
141959,3.328e-05
141964,3.584e-06
141972,3.5072e-05
141975,2.6368e-05
141998,5.5808e-05
142003,6.9376e-05
142032,3.712e-05
142035,0.00012032
142065,0.000108288
142071,9.0112e-05
142091,9.216e-06
142092,4.2496e-05
142093,0.008319488
142095,0.004470272
142148,0.000111872
142166,0.000132864
142203,3.2256e-05
142217,9.984e-05
142222,1.9968e-05
142227,9.728e-06
142232,2.176e-05
142245,1.8688e-05
142285,5.0944e-05
142293,5.0176e-05
142303,3.6096e-05
142326,1.0752e-05
142330,3.072e-06
142338,1.0496e-05
142358,5.504e-05
142368,4.352e-05
142381,6.4e-06
142384,1.3824e-05
142400,1.2288e-05
142405,0.000242944
142409,0.000195584
142425,3.0464e-05
142432,4.3776e-05
142437,0.000111616
142442,8.7808e-05
142451,1.9712e-05
142462,3.6864e-05
142475,6.9376e-05
142490,1.7664e-05
142495,2.5344e-05
142499,3.7888e-05
142514,4.224e-05
142520,5.1456e-05
142521,8.192e-06
142531,6.2464e-05
142571,4.2496e-05
142582,1.6384e-05
142589,2.2016e-05
142594,5.7088e-05
142600,4.3776e-05
142624,3.328e-06
142625,2.1248e-05
142637,0.000187392
142642,0.000115712
142681,7.68e-06
142682,0.00010368
142688,3.3024e-05
142690,6.4768e-05
142699,0.003649536
142734,1.152e-05
142738,0.00016896
142760,5.3504e-05
142763,0.000133632
142770,2.6368e-05
142781,4.1216e-05
142800,1.0752e-05
142814,1.9456e-05
142823,4.736e-05
142831,0.0001536
142840,0.000147456
142856,7.168e-06
142866,1.1008e-05
142871,3.1488e-05
142875,0.00010112
142883,3.9936e-05
142904,4.4544e-05
142906,1.6896e-05
142917,2.5856e-05
142925,3.584e-05
142929,6.0416e-05
142933,3.6608e-05
142953,1.3056e-05
142959,9.5232e-05
142963,9.984e-05
142982,7.4496e-05
142991,7.6544e-05
142993,1.5872e-05
143002,1.6896e-05
143005,7.6288e-05
143014,1.5104e-05
143025,7.9616e-05
143032,5.4016e-05
143040,0.000104448
143042,1.0496e-05
143068,0.000161536
143090,0.000203008
143094,7.168e-06
143121,3.1488e-05
143123,3.84e-06
143143,3.3024e-05
143150,9.984e-06
143154,8.6016e-05
143158,4.864e-06
143183,4.48e-05
143185,2.9696e-05
143187,6.7584e-05
143192,5.376e-06
143200,6.016e-05
143203,2.6368e-05
143212,0.000109056
143219,6.0928e-05
143229,4.608e-05
143245,2.1504e-05
143254,3.9424e-05
143275,4.7616e-05
143292,5.2736e-05
143293,0.008419584
143306,0.001270272
143312,0.00117888
143352,1.536e-06
143376,0.000137984
143383,1.0752e-05
143388,1.5104e-05
143396,1.7408e-05
143403,4.864e-06
143410,1.3056e-05
143412,7.68e-07
143426,1.2544e-05
143431,3.9424e-05
143452,1.1776e-05
143455,1.4336e-05
143485,0.000112384
143496,2.2528e-05
143524,2.6368e-05
143530,1.024e-05
143550,2.7392e-05
143563,6.6048e-05
143593,4.7616e-05
143610,4.1984e-05
143625,3.328e-05
143630,2.5344e-05
143639,2.56e-05
143647,3.5328e-05
143657,2.56e-06
143668,5.12e-07
143674,0.000116736
143688,9.2416e-05
143691,6.656e-06
143694,2.3296e-05
143703,1.6128e-05
143716,2.4064e-05
143719,2.816e-06
143753,2.304e-06
143755,9.5232e-05
143759,7.6288e-05
143775,0.000113664
143782,4.5056e-05
143794,4.8128e-05
143797,2.8672e-05
143819,3.7376e-05
143824,4.1984e-05
143833,3.584e-05
143841,8.2176e-05
143844,5.6576e-05
143854,0.000119296
143867,2.176e-05
143873,1.1264e-05
143878,0.000116992
143881,3.84e-06
143887,4.0704e-05
143903,6.144e-06
143906,8.9856e-05
143907,0.007660288
143960,4.8384e-05
143972,4.352e-05
143975,4.864e-06
143987,1.3568e-05
143990,0.000155136
144019,7.2192e-05
144023,3.584e-06
144032,1.664e-05
144063,2.7392e-05
144071,3.9424e-05
144074,1.1264e-05
144083,0.000116992
144101,2.8672e-05
144108,3.712e-05
144139,3.072e-05
144146,2.304e-06
144152,3.3024e-05
144161,0.00015104
144186,0.001907712
144212,1.5104e-05
144231,1.664e-05
144238,2.048e-06
144241,5.4784e-05
144246,1.792e-06
144278,8.96e-06
144284,5.6832e-05
144288,3.7888e-05
144308,4.7616e-05
144325,2.4832e-05
144359,4.096e-05
144361,2.9952e-05
144373,5.376e-06
144376,0.000183808
144382,0.000708096
144424,3.8912e-05
144433,4.48e-05
144436,1.6896e-05
144442,0.000254976
144460,3.1744e-05
144470,1.5104e-05
144472,0.00016
144480,2.816e-05
144493,0.007246336
144505,0.001246464
144563,3.4816e-05
144569,1.1264e-05
144577,2.304e-05
144583,1.536e-06
144589,3.4048e-05
144605,8.96e-06
144608,3.84e-05
144617,0.000137216
144625,4.2752e-05
144655,3.2768e-05
144659,1.5104e-05
144672,7.0912e-05
144674,6.7584e-05
144677,7.68e-07
144690,3.584e-06
144694,6.912e-06
144706,1.28e-06
144721,9.9584e-05
144739,3.84e-06
144746,4.4288e-05
144759,3.7888e-05
144766,4.2496e-05
144768,9.728e-06
144775,0.000112896
144782,4.1728e-05
144784,3.8656e-05
144811,1.1264e-05
144814,0.000184832
144825,2.3552e-05
144846,4.6848e-05
144849,6.016e-05
144863,3.072e-05
144875,0.000140544
144878,5.2224e-05
144892,4.5824e-05
144901,9.728e-06
144915,5.376e-06
144945,8.0384e-05
144965,5.3504e-05
144969,5.8112e-05
144979,2.8416e-05
144983,2.56e-07
144989,0.000277504
145018,2.7392e-05
145031,0.000137728
145034,9.0624e-05
145069,0.000122112
145082,5.376e-06
145092,7.68e-05
145100,2.3552e-05
145103,1.2288e-05
145116,3.5328e-05
145139,0.000212224
145153,6.9376e-05
145162,4.3008e-05
145166,0.000176384
145180,6.3232e-05
145194,1.28e-06
145199,1.28e-05
145225,6.4768e-05
145233,0.000129536
145240,4.224e-05
145245,0.000215808
145255,9.9072e-05
145282,2.6624e-05
145301,8.9856e-05
145310,2.8928e-05
145312,5.376e-05
145321,2.7648e-05
145355,1.7152e-05
145372,4.7104e-05
145384,4.5824e-05
145389,0.000106752
145402,1.9712e-05
145412,8.8576e-05
145423,9.1392e-05
145435,9.7024e-05
145444,2.0224e-05
145464,7.4496e-05
145466,4.3776e-05
145470,2.8416e-05
145482,7.7056e-05
145500,2.3808e-05
145519,8.5248e-05
145529,8.6528e-05
145530,2.9952e-05
145532,8.7296e-05
145545,3.0208e-05
145549,5.1456e-05
145555,3.072e-05
145557,2.3552e-05
145567,4.1984e-05
145581,4.7104e-05
145584,6.7584e-05
145585,3.5328e-05
145600,1.152e-05
145604,5.5552e-05
145618,2.432e-05
145632,9.728e-06
145644,0.00012416
145694,0.00071424
145730,6.016e-05
145741,7.936e-06
145749,5.9904e-05
145756,6.5024e-05
145767,9.728e-05
145789,0.000102144
145795,2.8416e-05
145816,0.000156928
145824,7.424e-05
145826,5.6064e-05
145832,0.000113664
145852,5.6064e-05
145856,8.0896e-05
145860,3.4816e-05
145862,9.9072e-05
145882,2.9696e-05
145900,0.000100608
145907,0.000151808
145928,0.00011008
145935,0.000122624
145966,9.0368e-05
145982,5.9904e-05
145998,5.9136e-05
146025,7.168e-05
146035,6.4e-05
146053,1.8432e-05
146054,8.96e-06
146062,4.1472e-05
146065,2.7904e-05
146070,7.936e-05
146085,9.2416e-05
146089,5.1968e-05
146093,0.000162816
146107,7.68e-07
146118,1.792e-06
146120,2.3296e-05
146160,8.704e-06
146166,0.000122112
146174,4.4544e-05
146182,9.984e-05
146203,1.8432e-05
146209,4.6848e-05
146212,8.192e-06
146218,7.68e-06
146235,4.8384e-05
146251,2.304e-06
146268,5.8112e-05
146281,5.2224e-05
146294,0.00015744
146299,0.000100096
146305,1.4848e-05
146317,0.000114432
146328,4.7616e-05
146347,7.68e-06
146362,0.00018048
146364,4.5824e-05
146366,1.9968e-05
146386,5.0432e-05
146393,6.656e-06
146395,9.8048e-05
146422,0.006163968
146476,5.0176e-05
146493,2.8672e-05
146511,0.000126464
146521,7.9616e-05
146536,3.2512e-05
146545,5.504e-05
146553,2.5088e-05
146559,4.1984e-05
146564,4.6592e-05
146577,6.6816e-05
146579,2.8672e-05
146586,1.0752e-05
146599,3.328e-06
146607,2.2272e-05
146616,0.000185088
146631,0.000192768
146644,7.68e-05
146653,6.272e-05
146677,3.584e-05
146683,5.76e-05
146685,6.6048e-05
146707,0.000100864
146734,3.328e-06
146737,9.7536e-05
146749,4.0704e-05
146761,1.1008e-05
146780,3.328e-06
146786,8.704e-06
146790,0.000137216
146808,0.000162304
146822,9.984e-06
146826,2.2528e-05
146843,5.0944e-05
146858,7.1424e-05
146869,4.608e-05
146873,3.1488e-05
146875,3.3792e-05
146893,0.01624576
146935,4.1728e-05
146978,0.000148224
146983,4.0192e-05
146986,0.000156416
146989,1.792e-06
146995,2.048e-05
147025,9.344e-05
147034,6.1184e-05
147040,8.448e-06
147042,3.7376e-05
147061,2.688e-05
147071,3.8656e-05
147085,1.2544e-05
147097,1.536e-05
147108,5.7856e-05
147125,0.000237568
147165,7.0656e-05
147169,2.9696e-05
147172,2.56e-06
147189,9.6e-05
147193,0.001646336
147239,5.12e-06
147264,3.7376e-05
147273,3.6352e-05
147283,8.96e-06
147288,4.0192e-05
147296,7.0912e-05
147312,2.3552e-05
147318,8.192e-05
147321,0.000104448
147329,4.1472e-05
147334,6.1952e-05
147344,8.448e-06
147353,8.192e-06
147372,2.56e-06
147374,7.0656e-05
147412,0.00012544
147419,0.000389888
147434,4.5312e-05
147437,3.8144e-05
147438,0.000589824
147460,2.2784e-05
147465,3.2e-05
147480,2.4576e-05
147485,6.0672e-05
147491,2.6112e-05
147495,1.536e-06
147499,6.2976e-05
147510,0.000138752
147518,2.3552e-05
147532,7.5264e-05
147540,8.9344e-05
147545,2.048e-06
147547,1.7152e-05
147551,0.0001472
147581,1.9968e-05
147592,1.0752e-05
147610,1.5616e-05
147612,0.004064
147644,0.002815232
147692,0.001367296
147713,9.6768e-05
147741,4.864e-06
147758,0.0002496
147765,5.2736e-05
147769,6.4768e-05
147794,4.6592e-05
147804,3.4816e-05
147810,9.728e-06
147816,6.2976e-05
147827,9.984e-05
147832,8.8064e-05
147853,8.32e-05
147862,1.8944e-05
147866,3.8144e-05
147873,6.5536e-05
147878,2.8416e-05
147885,5.632e-05
147890,5.632e-05
147893,6.528e-05
147899,1.024e-06
147902,1.408e-05
147930,0.000129536
147932,2.56e-06
147937,8.7808e-05
147946,0.001901568
147957,0.000685312
147990,7.5008e-05
148004,0.00210304
148045,4.1728e-05
148060,3.584e-06
148067,4.736e-05
148092,3.456e-05
148093,0.00048384
148099,0.005807872
148107,0.000747264
148174,2.7136e-05
148187,6.3744e-05
148191,0.000135168
148193,9.472e-05
148222,0.000140288
148230,2.2528e-05
148232,1.4336e-05
148249,4.9664e-05
148255,7.936e-06
148261,7.4496e-05
148274,7.9872e-05
148285,2.6112e-05
148291,6.6048e-05
148300,4.6848e-05
148303,0.000128768
148309,9.7024e-05
148319,1.28e-05
148325,0.000123648
148328,6.9376e-05
148347,7.4752e-05
148360,0.00013696
148385,3.4304e-05
148387,3.3536e-05
148389,2.0224e-05
148402,0.000116736
148422,4.352e-05
148459,2.8672e-05
148472,0.000370944
148497,1.2032e-05
148500,1.0496e-05
148512,0.000156928
148529,2.9952e-05
148534,1.9712e-05
148544,3.5328e-05
148547,8.96e-05
148558,2.1248e-05
148571,4.5824e-05
148585,7.3216e-05
148596,0.00019456
148605,5.0944e-05
148611,5.7856e-05
148615,1.4848e-05
148625,1.3056e-05
148635,2.4064e-05
148640,1.6384e-05
148659,0.001769472
148673,0.001179136
148694,3.7888e-05
148729,0.0003904
148756,2.56e-06
148764,4.0192e-05
148776,1.4336e-05
148804,0.0017216
148832,0.001989376
148874,6.2976e-05
148876,9.216e-05
148878,8.704e-06
148882,1.2288e-05
148889,8.6528e-05
148904,6.4256e-05
148919,9.9072e-05
148923,5.2224e-05
148929,7.5008e-05
148941,5.0944e-05
148945,1.5872e-05
148960,6.7328e-05
148964,6.656e-05
148974,0.000189696
148978,8.96e-05
148984,0.000247808
148994,6.5536e-05
149005,4.992e-05
149029,3.6608e-05
149031,0.0010048
149047,1.3312e-05
149062,7.5264e-05
149085,4.1984e-05
149104,5.76e-05
149130,0.000169216
149144,0.000113664
149147,4.2496e-05
149158,2.9952e-05
149177,9.5488e-05
149183,0.000116224
149207,6.1696e-05
149233,3.328e-05
149237,9.0368e-05
149243,8.32e-05
149267,1.1008e-05
149270,0.00039552
149288,1.28e-06
149294,0.000123904
149295,7.3728e-05
149296,0.007935488
149299,0.003876608
149366,6.272e-05
149368,0.001184768
149388,5.888e-06
149406,2.9952e-05
149416,0.00022272
149430,2.2528e-05
149432,3.7376e-05
149449,3.4304e-05
149461,0.000112896
149476,8.2176e-05
149483,2.5344e-05
149508,3.8912e-05
149511,3.328e-06
149526,0.000110592
149552,0.000109824
149556,6.0672e-05
149567,1.2544e-05
149582,1.3056e-05
149594,9.984e-06
149598,0.00011904
149629,6.656e-06
149651,2.304e-05
149670,0.000224512
149702,1.792e-05
149714,2.6112e-05
149717,2.7136e-05
149728,4.096e-06
149732,6.4e-05
149745,5.376e-06
149748,2.7904e-05
149751,1.5104e-05
149759,5.6832e-05
149781,1.7152e-05
149797,7.168e-06
149810,1.2288e-05
149827,0.002530048
149853,0.0001664
149874,4.5312e-05
149875,0.013143296
149893,0.000133376
149920,9.8048e-05
149923,0.001953024
149934,5.6064e-05
149965,0.000153344
149974,1.536e-06
149979,7.3472e-05
150001,5.7856e-05
150008,0.000125184
150022,0.000289792
150038,0.000268544
150058,0.000755456
150062,0.000358144
150086,8.8576e-05
150093,9.6256e-05
150099,0.000155392
150121,0.000114688
150132,2.2784e-05
150134,0.000102912
150143,4.1472e-05
150151,0.00014848
150170,0.00028416
150194,6.4256e-05
150200,2.5344e-05
150214,5.5552e-05
150225,5.7088e-05
150230,6.5792e-05
150232,0.000279552
150234,0.00091776
150257,8.8576e-05
150260,8.704e-05
150279,8.2176e-05
150289,7.808e-05
150293,0.00042368
150295,0.002677504
150297,0.002366464
150299,0.001082624
150366,0.000108032
150380,1.152e-05
150382,2.3808e-05
150388,0.0001088
150392,0.000484864
150408,3.328e-05
150418,5.5296e-05
150425,0.000107776
150429,8.3968e-05
150431,0.00050176
150437,0.000372224
150443,0.00055552
150473,3.456e-05
150476,2.688e-05
150493,0.00198656
150498,0.005788928
150536,0.001279488
150582,7.68e-07
150585,2.4832e-05
150611,0.000112384
150620,2.3808e-05
150629,1.1008e-05
150633,2.56e-07
150634,1.792e-06
150641,7.552e-05
150649,0.000108544
150670,4.8128e-05
150678,7.0144e-05
150683,2.5856e-05
150688,7.2448e-05
150702,5.632e-06
150703,8.7808e-05
150708,3.456e-05
150716,2.304e-06
150735,8.6528e-05
150740,1.664e-05
150745,3.0976e-05
150755,1.3568e-05
150771,6.5024e-05
150782,3.4816e-05
150787,2.304e-05
150791,8.2688e-05
150796,2.304e-06
150803,0.000126464
150816,6.656e-05
150818,2.944e-05
150828,4.608e-06
150836,1.28e-06
150843,8.832e-05
150852,4.8384e-05
150858,0.000164864
150863,6.7072e-05
150888,6.4e-06
150903,9.4976e-05
150910,7.7312e-05
150924,0.000168448
150949,0.000126464
150953,9.3952e-05
150969,4.608e-06
150981,5.2992e-05
150991,6.4e-06
151002,0.000173056
151028,1.2544e-05
151040,2.4832e-05
151054,1.024e-05
151065,1.8432e-05
151082,5.2992e-05
151089,7.68e-07
151092,0.000113664
151099,0.000315648
151106,0.001226752
151132,1.3568e-05
151174,8.3968e-05
151177,1.28e-05
151182,3.5584e-05
151198,2.7904e-05
151200,3.5584e-05
151210,9.472e-06
151220,2.048e-06
151230,2.048e-06
151232,2.4832e-05
151244,0.000741632
151266,0.00015104
151296,3.8656e-05
151303,0.000146944
151305,5.6576e-05
151313,1.92e-05
151316,1.5616e-05
151328,8.3968e-05
151342,7.9104e-05
151378,0.000101376
151387,2.5344e-05
151408,1.4848e-05
151426,2.8672e-05
151432,1.3568e-05
151448,3.9936e-05
151451,0.00014208
151468,3.6608e-05
151471,0.000111616
151477,3.7632e-05
151516,7.168e-06
151524,5.7856e-05
151526,9.7536e-05
151546,5.3504e-05
151549,1.7152e-05
151561,0.000115456
151569,5.632e-05
151576,1.3824e-05
151596,3.9936e-05
151604,0.000140032
151606,1.1264e-05
151623,5.7344e-05
151634,0.000134144
151638,6.6304e-05
151640,4.4032e-05
151657,4.5824e-05
151673,1.4336e-05
151676,8.9344e-05
151690,0.000103168
151705,0.001067776
151735,9.216e-06
151757,9.2672e-05
151778,5.376e-05
151783,6.016e-05
151785,7.1424e-05
151803,2.432e-05
151807,5.12e-07
151813,4.608e-05
151818,4.8384e-05
151829,5.8368e-05
151840,6.2976e-05
151860,4.0448e-05
151885,4.5824e-05
151891,1.3824e-05
151900,2.816e-06
151903,1.024e-05
151913,6.7584e-05
151923,9.3952e-05
151934,4.864e-06
151940,0.000120064
151956,0.000107776
151974,4.6336e-05
151984,0.000196864
152014,7.552e-05
152017,8.9344e-05
152034,3.9424e-05
152056,2.1248e-05
152063,3.9168e-05
152080,7.5264e-05
152086,0.000193024
152089,2.432e-05
152108,0.000201728
152137,8.5248e-05
152164,3.2e-05
152167,0.000101632
152174,8.1408e-05
152180,5.0176e-05
152197,0.00022144
152220,7.424e-06
152222,0.000169984
152237,0.000146688
152253,0.000112128
152280,2.3552e-05
152293,0.000243968
152294,0.001026048
152299,0.002284032
152306,0.001200384
152311,0.002294272
152360,4.8128e-05
152365,0.000243456
152384,7.3216e-05
152390,1.7664e-05
152392,1.7152e-05
152399,3.328e-06
152401,6.4256e-05
152408,1.8688e-05
152420,1.152e-05
152436,4.608e-06
152444,4.3008e-05
152446,5.76e-05
152454,1.024e-05
152456,4.096e-06
152476,4.6848e-05
152503,0.000167424
152519,9.472e-06
152522,6.9376e-05
152542,0.00012288
152570,3.2768e-05
152585,7.4752e-05
152591,3.2256e-05
152605,6.6304e-05
152610,5.6576e-05
152635,0.000114176
152638,6.7584e-05
152642,3.9168e-05
152650,0.000181504
152675,2.5856e-05
152677,2.5344e-05
152696,5.5808e-05
152706,4.4288e-05
152715,9.088e-05
152721,1.2032e-05
152735,0.000130048
152753,4.352e-06
152770,3.5072e-05
152785,2.8672e-05
152794,3.2768e-05
152803,0.000126208
152805,5.632e-06
152807,4.864e-06
152811,7.68e-07
152813,5.632e-05
152815,2.1248e-05
152827,2.816e-06
152831,5.2736e-05
152855,8.448e-06
152862,1.2544e-05
152872,4.3264e-05
152892,0.000114432
152893,0.00144256
152905,0.00043392
152929,5.9136e-05
152953,6.8864e-05
152962,6.0672e-05
152964,3.6864e-05
152974,5.3504e-05
152982,0.00010496
153030,6.272e-05
153047,4.4032e-05
153049,3.6352e-05
153054,0.000137984
153080,0.000153088
153087,7.5008e-05
153090,0.000139008
153130,9.216e-05
153148,7.68e-06
153160,0.000191232
153177,2.304e-05
153185,0.000169472
153205,9.0368e-05
153235,7.5008e-05
153252,5.5296e-05
153261,7.936e-06
153264,2.6624e-05
153268,4.9152e-05
153275,4.6336e-05
153294,2.0992e-05
153296,1.2032e-05
153305,2.8416e-05
153319,1.1264e-05
153328,0.000161024
153339,7.7056e-05
153342,7.424e-06
153357,4.352e-05
153361,4.6592e-05
153369,5.888e-05
153378,1.4592e-05
153393,1.0752e-05
153396,9.2928e-05
153402,2.1504e-05
153415,7.7824e-05
153435,4.9664e-05
153438,7.9104e-05
153455,9.6512e-05
153459,1.9968e-05
153465,7.8848e-05
153469,3.9424e-05
153489,2.2528e-05
153493,0.000505088
153509,9.0624e-05
153526,8.448e-06
153530,6.656e-05
153533,1.5872e-05
153534,2.176e-05
153573,0.000106752
153575,4.352e-06
153593,1.024e-05
153594,2.5856e-05
153596,9.472e-06
153598,7.8336e-05
153605,1.408e-05
153635,4.6336e-05
153638,5.6576e-05
153653,1.024e-05
153663,0.000152576
153678,3.328e-06
153684,7.5776e-05
153696,1.5104e-05
153707,2.0224e-05
153712,5.12e-06
153719,8.704e-06
153734,9.1136e-05
153742,6.912e-06
153754,5.9136e-05
153772,1.664e-05
153801,4.0192e-05
153804,0.000144896
153808,9.8048e-05
153810,4.1472e-05
153813,0.000317952
153843,0.000190208
153875,0.000104192
153885,4.736e-05
153904,6.2976e-05
153907,1.536e-05
153925,0.000140032
153932,2.7648e-05
153936,1.28e-05
153940,1.536e-06
153945,2.2016e-05
153966,9.2928e-05
153979,7.424e-05
153981,2.7904e-05
153985,5.632e-05
153988,4.352e-06
153991,4.096e-06
154013,0.000186112
154018,0.000118528
154022,1.0496e-05
154042,2.816e-06
154066,6.656e-06
154075,2.5088e-05
154083,4.608e-06
154095,0.000282368
154097,0.00642304
154107,0.0065024
154168,0.000185856
154173,4.0448e-05
154184,0.000114176
154199,2.6112e-05
154211,0.000156672
154220,5.76e-05
154222,1.6896e-05
154266,7.3984e-05
154291,3.6096e-05
154299,0.000130048
154314,0.000107008
154320,3.4304e-05
154340,6.2464e-05
154353,1.2032e-05
154372,6.912e-06
154378,0.000115712
154391,0.000149248
154410,1.5616e-05
154421,0.000100608
154427,4.608e-06
154435,0.000107776
154446,4.48e-05
154462,9.2928e-05
154475,7.3216e-05
154504,2.5344e-05
154511,5.0176e-05
154522,8.192e-05
154528,2.176e-05
154530,7.168e-06
154553,7.7568e-05
154558,8.8576e-05
154578,8.8576e-05
154583,1.7664e-05
154590,4.864e-06
154613,0.000166912
154647,1.2032e-05
154662,2.7392e-05
154664,5.2992e-05
154683,3.84e-06
154688,0.000139008
154694,0.000958976
154699,0.000298752
154706,0.000660992
154714,0.001791744
154741,2.3808e-05
154766,7.1936e-05
154774,7.936e-05
154787,8.1152e-05
154799,3.7632e-05
154809,7.8336e-05
154822,6.4512e-05
154835,3.5584e-05
154838,2.0736e-05
154850,4.4032e-05
154853,5.4272e-05
154856,0.000121088
154869,6.016e-05
154883,2.8672e-05
154888,3.7888e-05
154890,0.000109824
154894,4.096e-05
154909,6.272e-05
154952,5.5296e-05
154953,0.000123648
154965,2.0224e-05
154970,4.0704e-05
154979,8.0896e-05
154990,1.8432e-05
155003,4.096e-06
155005,3.0208e-05
155012,1.28e-06
155044,0.000128
155072,8.2688e-05
155093,4.1728e-05
155101,7.5776e-05
155112,5.0688e-05
155130,3.5584e-05
155132,0.01512704
155173,3.6608e-05
155178,2.5856e-05
155193,1.664e-05
155196,7.296e-05
155208,8.5248e-05
155216,6.4768e-05
155223,7.2192e-05
155225,3.9936e-05
155244,2.4064e-05
155252,1.4336e-05
155263,4.0448e-05
155271,1.024e-05
155287,0.000435456
155289,0.000330752
155294,0.003571712
155306,0.002351616
155315,0.001181952
155366,2.1504e-05
155380,0.000108544
155388,2.0224e-05
155391,5.3248e-05
155412,2.176e-05
155418,9.0112e-05
155426,4.1984e-05
155434,4.8128e-05
155436,1.5104e-05
155472,1.536e-05
155480,5.7088e-05
155482,6.2976e-05
155491,5.4784e-05
155515,0.00011136
155517,7.936e-06
155521,1.9456e-05
155526,4.352e-05
155556,0.00013312
155573,5.5296e-05
155592,8.96e-06
155594,2.816e-06
155615,3.3792e-05
155635,5.76e-05
155640,5.888e-06
155645,0.00022272
155660,7.3216e-05
155662,2.944e-05
155676,0.000826112
155690,6.1184e-05
155714,1.3568e-05
155726,8.8064e-05
155730,2.048e-06
155768,1.3824e-05
155775,2.304e-05
155784,2.2016e-05
155788,2.7904e-05
155790,0.00015488
155825,3.6352e-05
155832,1.1264e-05
155835,8.704e-06
155837,2.176e-05
155839,8.32e-05
155841,4.1472e-05
155869,8.4224e-05
155884,4.7104e-05
155895,8.192e-06
155897,4.6336e-05
155899,0.0094272
155957,0.00015488
155991,3.5072e-05
155993,2.4064e-05
155999,5.6832e-05
156018,3.4048e-05
156046,7.2192e-05
156054,2.3808e-05
156065,6.7584e-05
156068,3.7376e-05
156071,1.2288e-05
156074,3.1488e-05
156091,5.0432e-05
156096,9.1648e-05
156110,0.00011392
156127,3.9936e-05
156131,0.000521216
156159,0.000105728
156172,4.096e-06
156176,4.608e-05
156182,0.000273408
156220,5.1712e-05
156226,2.816e-05
156234,0.000141568
156244,0.000120064
156257,2.7648e-05
156281,0.00012928
156283,8.6272e-05
156293,1.536e-06
156312,2.944e-05
156323,3.328e-05
156325,0.00011136
156332,3.2768e-05
156347,2.3808e-05
156353,1.3056e-05
156358,0.000116736
156378,5.76e-05
156406,6.6048e-05
156423,9.728e-05
156430,2.56e-06
156443,0.00010752
156450,4.608e-06
156464,6.4768e-05
156468,2.0992e-05
156475,3.0208e-05
156478,1.5872e-05
156488,1.792e-06
156493,0.00119296
156505,0.001343488
156511,0.001217536
156546,4.5568e-05
156569,6.4e-06
156573,6.6304e-05
156575,5.76e-05
156603,2.816e-06
156611,9.3952e-05
156639,5.632e-05
156643,6.912e-06
156669,2.0736e-05
156697,6.144e-05
156700,1.9968e-05
156707,3.712e-05
156714,2.4832e-05
156746,7.7312e-05
156748,0.000156928
156757,2.8416e-05
156776,6.8352e-05
156795,3.0208e-05
156814,6.1696e-05
156816,7.1168e-05
156818,8.6528e-05
156824,1.152e-05
156833,0.000172544
156844,4.4288e-05
156878,0.000166144
156900,1.8432e-05
156908,0.00018816
156918,3.84e-05
156921,1.024e-05
156928,6.6304e-05
156939,1.664e-05
156974,2.7648e-05
156995,2.56e-07
156997,0.00014976
157014,3.0976e-05
157016,8.2432e-05
157026,6.5536e-05
157032,9.0624e-05
157074,7.1168e-05
157076,2.3296e-05
157082,1.9712e-05
157089,1.8432e-05
157097,0.004794112
157140,7.936e-06
157142,7.6032e-05
157170,0.000208384
157189,4.48e-05
157196,0.000168448
157217,5.0688e-05
157222,1.024e-06
157236,5.7344e-05
157245,2.432e-05
157256,4.4288e-05
157261,1.6896e-05
157269,2.944e-05
157288,7.0144e-05
157295,5.888e-06
157298,0.000119552
157309,5.1456e-05
157335,0.000109312
157343,4.48e-05
157366,0.000142592
157395,2.7648e-05
157399,1.9456e-05
157422,2.6624e-05
157427,1.5872e-05
157440,6.144e-05
157450,8.448e-06
157453,6.7584e-05
157458,4.608e-06
157460,0.000195328
157477,2.944e-05
157490,5.1712e-05
157496,0.00010368
157529,0.000175616
157541,5.632e-06
157545,1.92e-05
157554,9.8304e-05
157556,3.7888e-05
157560,6.6304e-05
157563,3.6608e-05
157584,2.4064e-05
157599,1.1264e-05
157603,2.3552e-05
157610,4.224e-05
157625,1.6896e-05
157628,5.0688e-05
157631,1.5616e-05
157639,3.072e-06
157643,0.000144384
157650,1.408e-05
157693,0.001050624
157694,0.000446464
157701,0.002962176
157710,0.000395008
157745,5.0176e-05
157787,0.000167424
157797,0.000372224
157801,0.000262656
157823,1.024e-06
157824,2.8672e-05
157828,0.000123904
157833,5.6576e-05
157864,0.0002304
157891,1.2544e-05
157897,5.5808e-05
157908,8.2432e-05
157917,3.456e-05
157921,7.424e-05
157944,4.7872e-05
157948,3.328e-06
157966,1.7408e-05
157971,1.024e-06
157979,8.0128e-05
157983,0.000131584
157989,4.2496e-05
158003,7.7568e-05
158008,6.784e-05
158017,3.328e-05
158030,4.6848e-05
158034,1.4592e-05
158040,9.4976e-05
158047,6.7584e-05
158064,1.4848e-05
158085,5.504e-05
158086,0.000102144
158096,1.152e-05
158117,0.00020096
158134,7.68e-06
158157,5.7344e-05
158166,9.216e-05
158177,3.3536e-05
158181,8.96e-06
158192,6.1696e-05
158194,4.864e-06
158198,1.8688e-05
158232,1.6384e-05
158244,4.224e-05
158248,6.528e-05
158262,9.216e-06
158272,2.5856e-05
158275,5.12e-06
158277,1.2288e-05
158279,2.9184e-05
158286,9.728e-05
158294,0.000114176
158296,8.0384e-05
158298,3.8656e-05
158303,7.2192e-05
158322,4.096e-05
158339,4.9664e-05
158345,2.1504e-05
158364,6.9632e-05
158381,2.816e-06
158390,9.472e-06
158402,8.32e-05
158403,1.28e-05
158423,0.00011136
158439,2.1248e-05
158452,4.4032e-05
158458,6.4e-05
158462,6.144e-06
158470,6.144e-06
158488,0.000131584
158497,2.3552e-05
158505,2.56e-07
158546,3.072e-06
158553,3.1744e-05
158566,0.000142336
158569,4.096e-05
158582,4.6336e-05
158586,5.504e-05
158595,2.304e-06
158605,7.808e-05
158657,1.3312e-05
158661,1.8944e-05
158668,0.000173568
158689,3.2e-05
158695,5.9392e-05
158704,6.8352e-05
158728,1.2544e-05
158751,5.7344e-05
158753,3.6096e-05
158776,5.632e-05
158800,2.2528e-05
158807,2.2272e-05
158812,3.968e-05
158831,2.56e-07
158847,9.1392e-05
158864,5.0176e-05
158866,4.48e-05
158869,7.68e-06
158871,8.2432e-05
158875,1.8688e-05
158881,8.0896e-05
158883,5.4272e-05
158893,0.000164864
158894,0.00220288
158905,0.002943744
158944,0.000141568
158979,0.000129536
158986,2.1504e-05
158996,8.7296e-05
159000,7.68e-06
159007,1.3056e-05
159010,9.5744e-05
159025,1.9968e-05
159031,2.048e-06
159034,7.4752e-05
159040,3.7376e-05
159046,4.864e-06
159056,6.9376e-05
159088,0.000127488
159096,9.6256e-05
159109,9.3952e-05
159123,5.1968e-05
159128,9.8304e-05
159139,1.4848e-05
159145,3.456e-05
159155,3.9424e-05
159171,6.7072e-05
159193,2.5856e-05
159205,4.2496e-05
159210,6.144e-05
159218,4.736e-05
159232,9.088e-05
159256,2.4832e-05
159266,0.000105472
159274,1.1264e-05
159280,6.9888e-05
159296,0.000121344
159300,0.000164864
159307,5.632e-05
159311,2.9696e-05
159314,0.000123392
159337,5.8112e-05
159347,0.000166912
159365,2.56e-06
159377,1.7408e-05
159384,5.2736e-05
159386,0.000108032
159394,1.0752e-05
159402,8.96e-06
159418,4.736e-05
159426,7.68e-06
159437,5.504e-05
159440,2.2784e-05
159476,1.2288e-05
159480,0.000197632
159489,1.1008e-05
159493,0.001529856
159526,5.376e-05
159554,2.304e-06
159563,8.0128e-05
159568,1.024e-06
159574,4.8128e-05
159586,0.000385536
159609,9.344e-05
159617,0.000109312
159622,2.3808e-05
159656,1.9456e-05
159671,5.632e-05
159678,6.6048e-05
159686,2.8416e-05
159692,3.6096e-05
159694,0.000107008
159703,1.7408e-05
159719,2.56e-07
159725,2.0992e-05
159737,9.6e-05
159749,0.000263936
159770,7.5008e-05
159780,8.8064e-05
159811,6.272e-05
159819,5.888e-05
159821,7.168e-06
159835,5.376e-05
159853,2.432e-05
159856,5.632e-06
159880,2.816e-05
159882,2.816e-06
159910,0.000103936
159917,8.96e-06
159928,8.0128e-05
159944,5.0432e-05
159951,2.304e-06
159978,7.8336e-05
159981,3.0976e-05
159983,2.2272e-05
160005,2.3808e-05
160010,1.408e-05
160013,2.3808e-05
160031,2.0736e-05
160042,5.4784e-05
160074,0.000145152
160079,6.528e-05
160093,6.0416e-05
160094,0.00072192
160121,0.000205824
160128,2.8672e-05
160146,7.68e-06
160156,5.12e-06
160158,7.808e-05
160195,5.5552e-05
160198,0.000120832
160214,5.9648e-05
160217,6.0928e-05
160231,3.8144e-05
160243,5.888e-06
160244,0.000132608
160263,7.1424e-05
160270,2.176e-05
160275,2.0224e-05
160300,9.984e-05
160310,3.712e-05
160320,0.000178176
160322,5.8368e-05
160327,1.4848e-05
160357,2.6112e-05
160364,0.000112128
160367,7.3216e-05
160383,9.984e-05
160391,3.968e-05
160419,2.7392e-05
160430,0.001263872
160450,9.984e-06
160466,1.152e-05
160470,0.0004352
160487,1.9712e-05
160493,0.000777984
160534,1.6896e-05
160551,0.00011904
160561,7.424e-06
160573,9.728e-06
160598,0.000111616
160625,2.432e-05
160626,5.1712e-05
160641,4.7872e-05
160675,1.024e-06
160687,5.632e-06
160693,0.00010112
160701,0.000727296
160721,0.001315328
160791,1.2288e-05
160801,0.000134144
160806,1.2032e-05
160824,3.2e-05
160837,8.6528e-05
160849,3.712e-05
160855,6.7072e-05
160858,0.00016768
160871,2.5856e-05
160874,8.6016e-05
160885,1.92e-05
160894,5.7344e-05
160907,4.352e-06
160913,0.00021248
160931,1.0752e-05
160934,1.4336e-05
160942,4.7616e-05
160946,0.001138176
160976,1.9456e-05
160987,8.192e-06
160996,4.3008e-05
161003,8.96e-06
161009,2.176e-05
161012,7.9872e-05
161016,9.216e-05
161046,0.000105472
161060,0.000172288
161077,4.1472e-05
161084,8.576e-05
161112,7.1168e-05
161134,5.7344e-05
161139,6.5792e-05
161148,5.8112e-05
161167,0.000146432
161169,6.4e-06
161183,0.000509184
161207,8.96e-06
161208,0.000184576
161220,5.632e-05
161223,2.6624e-05
161227,0.007564032
161228,0.010717184
161277,5.5552e-05
161282,7.168e-05
161283,4.2752e-05
161294,7.168e-06
161297,2.8416e-05
161313,7.6288e-05
161324,2.1504e-05
161330,3.3024e-05
161339,3.584e-06
161367,3.0208e-05
161370,7.7824e-05
161384,0.000103424
161391,0.000103168
161402,2.7136e-05
161420,1.024e-06
161422,8.192e-06
161424,4.8384e-05
161431,3.456e-05
161432,5.3504e-05
161444,5.12e-07
161449,2.56e-06
161460,1.0752e-05
161465,8.7808e-05
161475,4.4032e-05
161481,7.68e-07
161496,6.144e-05
161502,2.1504e-05
161522,1.6896e-05
161531,0.000171008
161549,4.608e-06
161552,1.1776e-05
161560,7.68e-07
161567,5.888e-06
161569,1.3056e-05
161607,0.000108288
161635,0.000121856
161647,8.4736e-05
161653,2.1248e-05
161668,2.304e-06
161675,1.3568e-05
161677,1.4848e-05
161687,3.1744e-05
161689,2.9952e-05
161709,3.9424e-05
161713,7.7824e-05
161717,2.7136e-05
161719,6.528e-05
161724,4.1728e-05
161741,7.9104e-05
161753,4.4288e-05
161769,3.5072e-05
161775,3.712e-05
161783,8.192e-06
161788,3.3792e-05
161814,3.072e-06
161836,1.1776e-05
161844,2.9952e-05
161845,1.536e-06
161859,0.007630848
161860,0.013122048
161893,0.00198272
161916,1.0496e-05
161950,2.56e-06
161969,1.2288e-05
161978,0.00018048
161992,1.536e-06
162006,0.00013696
162020,5.4528e-05
162025,2.3296e-05
162043,3.072e-06
162053,0.000105728
162054,1.152e-05
162072,0.00011264
162078,0.000182784
162083,2.176e-05
162093,6.4512e-05
162095,2.9696e-05
162119,5.888e-06
162130,2.4832e-05
162135,1.4848e-05
162140,1.8688e-05
162146,5.5552e-05
162155,0.000130048
162158,1.3824e-05
162181,1.7152e-05
162190,5.0944e-05
162213,8.2176e-05
162217,0.000270848
162242,8.9088e-05
162250,0.000164608
162263,4.2752e-05
162268,9.4208e-05
162285,1.8176e-05
162308,5.9904e-05
162313,8.4992e-05
162332,4.8896e-05
162335,3.0464e-05
162355,3.0976e-05
162376,5.7344e-05
162385,5.888e-06
162399,5.376e-06
162414,4.096e-06
162432,0.000220928
162440,8.6016e-05
162443,0.00010624
162471,0.001499392
162493,0.003653632
162497,0.016140544
162544,1.3824e-05
162552,0.000146944
162572,6.5792e-05
162577,3.3024e-05
162591,0.00016128
162596,7.68e-07
162604,4.736e-05
162622,9.9328e-05
162625,0.00031488
162656,7.9104e-05
162688,2.3808e-05
162699,4.8384e-05
162713,1.8176e-05
162716,9.4976e-05
162722,9.5744e-05
162731,9.984e-06
162740,5.5296e-05
162742,0.000111104
162757,3.6096e-05
162764,0.000191232
162779,4.5312e-05
162788,8.448e-06
162803,2.5088e-05
162805,1.6128e-05
162812,3.3792e-05
162819,3.7888e-05
162826,2.048e-05
162827,0.000125952
162833,2.304e-05
162836,3.4048e-05
162848,6.2208e-05
162852,5.3504e-05
162860,3.0208e-05
162865,5.4528e-05
162874,7.168e-05
162886,8.2176e-05
162903,4.1984e-05
162906,1.9712e-05
162920,8.832e-05
162941,4.352e-05
162949,4.608e-06
162979,7.424e-06
162988,3.328e-06
162994,0.000157952
163011,6.1952e-05
163024,2.816e-06
163027,3.8144e-05
163039,6.784e-05
163047,1.408e-05
163053,9.8816e-05
163071,5.3504e-05
163079,1.7664e-05
163082,4.5056e-05
163090,0.000169728
163093,0.00060544
163094,0.001210112
163111,0.000244224
163153,3.8656e-05
163185,2.1248e-05
163196,0.0002176
163201,1.28e-06
163206,3.3792e-05
163226,0.00014208
163229,4.3776e-05
163237,0.000123648
163240,2.56e-06
163273,0.00017024
163282,3.9168e-05
163308,9.0112e-05
163318,5.6576e-05
163322,5.888e-06
163326,5.0688e-05
163333,8.576e-05
163352,4.1984e-05
163362,7.8592e-05
163385,5.888e-06
163390,3.2512e-05
163400,4.48e-05
163412,0.000103424
163436,0.000311552
163466,1.792e-06
163470,2.2784e-05
163474,0.000202496
163481,4.4544e-05
163482,1.536e-06
163500,2.5856e-05
163507,4.8128e-05
163514,1.6128e-05
163519,5.0944e-05
163526,7.7568e-05
163538,1.4848e-05
163546,3.5328e-05
163552,2.304e-06
163556,4.0448e-05
163579,0.000116736
163585,4.2752e-05
163600,1.792e-06
163608,4.1728e-05
163631,0.00182656
163658,1.792e-06
163682,6.8608e-05
163695,7.296e-05
163710,0.001245696
163731,9.472e-05
163747,6.016e-05
163748,0.000863232
163760,0.000609792
163787,7.68e-05
163791,0.000338432
163800,1.0496e-05
163817,0.000127232
163821,0.00012672
163826,8.1408e-05
163838,0.00024192
163853,0.000137728
163857,2.304e-05
163886,0.00394752
163929,1.28e-05
163934,7.2192e-05
163950,0.000140544
163967,0.000252416
163972,0.000108032
163976,7.8336e-05
163979,6.8352e-05
163981,8.3968e-05
163983,7.68e-07
164022,5.0944e-05
164059,1.28e-05
164065,7.936e-05
164078,4.9408e-05
164094,3.584e-06
164098,5.8368e-05
164112,3.4816e-05
164125,8.704e-06
164127,8.5504e-05
164160,2.1248e-05
164165,2.0992e-05
164175,7.0656e-05
164190,5.504e-05
164197,0.000117504
164202,9.1648e-05
164225,0.000116224
164231,0.000105984
164244,0.000163072
164265,0.000131072
164279,6.528e-05
164281,2.1248e-05
164290,4.5824e-05
164293,0.00819968
164306,0.005529856
164346,5.9648e-05
164383,6.272e-05
164389,4.5056e-05
164393,2.176e-05
164413,2.7648e-05
164423,2.1248e-05
164427,3.712e-05
164429,0.000100608
164432,4.7104e-05
164459,6.784e-05
164460,3.3536e-05
164465,1.6128e-05
164470,5.12e-07
164494,5.632e-06
164509,9.4464e-05
164518,4.0448e-05
164527,4.3776e-05
164533,9.1904e-05
164535,3.6096e-05
164542,3.1232e-05
164551,2.9952e-05
164576,6.4512e-05
164578,4.4032e-05
164584,7.4752e-05
164599,0.00011648
164610,6.6048e-05
164614,5.9904e-05
164625,0.001714944
164669,1.6896e-05
164670,0.000132096
164673,3.5584e-05
164677,7.424e-05
164705,3.9936e-05
164707,2.56e-06
164717,3.1488e-05
164721,4.096e-06
164728,7.68e-07
164781,5.8112e-05
164792,1.3312e-05
164802,4.6336e-05
164811,2.3552e-05
164820,4.5568e-05
164826,6.3488e-05
164847,1.024e-05
164849,5.12e-07
164857,0.000130048
164865,0.000184064
164881,1.0496e-05
164894,7.2192e-05
164905,0.003374848
164941,0.000172544
164952,2.9184e-05
164961,2.6112e-05
164966,4.352e-05
164978,0.000111872
165001,7.936e-06
165002,4.2496e-05
165012,0.000112128
165026,4.0704e-05
165035,0.000338432
165052,4.8384e-05
165066,4.352e-06
165074,3.0464e-05
165089,0.000104192
165100,5.5296e-05
165106,1.7152e-05
165125,1.024e-05
165128,7.2704e-05
165148,2.816e-06
165168,1.8944e-05
165170,0.000121344
165185,2.1504e-05
165221,5.12e-07
165226,4.6336e-05
165233,2.8416e-05
165256,9.984e-06
165257,4.096e-06
165261,0.000107264
165277,3.2256e-05
165286,2.2528e-05
165296,3.0208e-05
165307,6.5792e-05
165312,8.448e-06
165316,8.2944e-05
165326,0.000120576
165331,2.56e-05
165351,5.376e-05
165366,0.000119296
165369,0.000147968
165375,3.6864e-05
165382,2.0992e-05
165391,4.6592e-05
165407,0.000150016
165422,3.3024e-05
165425,7.2192e-05
165453,1.5616e-05
165458,3.072e-06
165461,4.0192e-05
165471,9.984e-06
165476,1.1776e-05
165487,6.7072e-05
165493,0.002915328
165517,0.000144896
165534,2.56e-07
165551,0.000206592
165566,0.000176384
165589,5.1712e-05
165600,3.0464e-05
165630,4.2752e-05
165632,7.424e-05
165654,3.3792e-05
165658,7.5008e-05
165677,2.048e-06
165691,9.984e-06
165707,5.12e-05
165732,6.144e-05
165742,2.5856e-05
165746,0.000214784
165778,0.000190208
165781,0.000187136
165787,3.3536e-05
165792,5.4272e-05
165809,0.000176128
165838,2.4832e-05
165866,1.4848e-05
165877,5.6064e-05
165888,3.0464e-05
165897,3.8144e-05
165911,2.1248e-05
165925,2.7136e-05
165949,0.000305152
165967,9.5488e-05
165975,4.352e-05
165993,0.000156416
166001,5.1456e-05
166003,2.8416e-05
166009,6.8096e-05
166026,0.00010496
166031,0.000139264
166044,1.3312e-05
166054,3.1744e-05
166055,1.8432e-05
166067,2.048e-06
166074,6.016e-05
166079,4.5312e-05
166085,8.448e-06
166095,6.912e-06
166106,0.001864448
166110,0.000486656
166148,5.3248e-05
166169,2.048e-06
166191,2.3552e-05
166196,2.4832e-05
166206,1.1008e-05
166216,5.248e-05
166227,5.9648e-05
166236,2.8416e-05
166251,1.3568e-05
166271,9.9072e-05
166285,5.6576e-05
166308,4.7104e-05
166311,5.7344e-05
166315,2.3296e-05
166328,2.9952e-05
166354,0.000123136
166361,0.000145408
166365,5.9648e-05
166372,8.704e-05
166374,7.0144e-05
166382,6.3744e-05
166414,2.7136e-05
166424,6.0672e-05
166439,3.6096e-05
166456,0.000118016
166472,5.1456e-05
166477,3.328e-06
166481,0.00014848
166503,1.664e-05
166507,5.12e-05
166519,0.000168448
166537,5.2992e-05
166542,3.6352e-05
166544,0.000156416
166555,2.688e-05
166560,2.816e-05
166568,0.000454912
166579,3.328e-05
166589,5.632e-06
166616,4.5568e-05
166628,5.9392e-05
166641,0.000173056
166653,7.04e-05
166671,2.9184e-05
166692,5.12e-06
166693,0.00063488
166708,1.6896e-05
166711,6.272e-05
166729,0.000157184
166750,6.912e-06
166751,2.048e-06
166765,0.000126208
166769,4.4288e-05
166782,0.000157696
166787,0.000112384
166807,2.56e-07
166817,2.56e-05
166830,0.000192512
166845,0.000737792
166856,0.000100352
166861,6.2976e-05
166869,4.352e-06
166894,9.984e-06
166911,5.7856e-05
166916,4.8384e-05
166918,1.92e-05
166936,5.9136e-05
166948,0.0002112
166953,6.0416e-05
166959,4.3008e-05
166978,4.0192e-05
166983,0.000170496
166990,6.144e-05
167020,5.7344e-05
167029,3.6608e-05
167049,2.688e-05
167053,0.000104448
167063,4.096e-06
167069,2.3808e-05
167071,1.0496e-05
167090,0.000289792
167113,1.28e-06
167115,7.2192e-05
167139,2.944e-05
167158,0.000528384
167176,7.68e-06
167186,5.12e-07
167216,3.84e-05
167229,1.0496e-05
167238,5.7344e-05
167240,2.56e-07
167246,6.6304e-05
167258,4.3264e-05
167283,2.2272e-05
167293,3.9168e-05
167296,0.007258624
167366,9.3952e-05
167370,5.12e-07
167378,4.1216e-05
167392,1.4848e-05
167394,0.000239104
167396,2.5088e-05
167420,6.7328e-05
167440,0.008694528
167538,0.000276224
167560,6.9888e-05
167568,6.912e-05
167583,1.5616e-05
167585,8.6528e-05
167590,5.632e-05
167592,5.76e-05
167616,2.1248e-05
167640,4.7872e-05
167646,3.2256e-05
167658,4.7616e-05
167661,0.000123136
167673,5.12e-05
167688,5.7344e-05
167693,0.002009856
167719,3.8912e-05
167733,8.2944e-05
167734,5.2224e-05
167738,0.000134912
167745,3.8912e-05
167759,3.8912e-05
167761,2.7136e-05
167762,6.1952e-05
167787,4.5312e-05
167792,3.456e-05
167797,0.000280576
167801,0.000164864
167813,0.00010496
167828,2.176e-05
167856,9.3952e-05
167859,3.5584e-05
167865,3.456e-05
167869,0.000118528
167875,2.56e-07
167877,7.3216e-05
167893,0.027545856
167970,0.000152064
167974,5.12e-07
167986,5.4784e-05
167991,2.0736e-05
167998,4.352e-05
168002,7.8336e-05
168043,5.0688e-05
168055,1.792e-06
168062,3.2768e-05
168077,0.000114944
168097,4.7872e-05
168107,6.5024e-05
168151,5.1968e-05
168153,0.000117248
168169,7.3728e-05
168177,4.864e-06
168193,0.00017024
168195,2.0736e-05
168196,7.68e-07
168214,0.001161216
168270,2.56e-07
168283,0.000290304
168306,0.000136192
168321,1.8688e-05
168336,3.9936e-05
168346,3.0464e-05
168361,0.000528896
168378,6.1184e-05
168396,5.6832e-05
168418,6.144e-05
168420,0.000208128
168435,6.6048e-05
168439,0.000126464
168450,1.1776e-05
168461,1.5104e-05
168473,5.9648e-05
168480,6.5024e-05
168496,8.3456e-05
168497,0.0014656
168506,0.000695552
168543,8.3456e-05
168553,2.2272e-05
168566,3.9424e-05
168574,6.9632e-05
168575,3.4048e-05
168587,4.5824e-05
168594,0.000101888
168614,0.000315904
168648,0.000105984
168658,2.176e-05
168662,0.000125184
168672,6.912e-06
168692,2.048e-05
168693,0.000159232
168704,0.001335808
168724,0.000300288
168734,0.0001088
168752,2.9952e-05
168756,5.12e-07
168780,5.8112e-05
168788,8.9088e-05
168805,5.888e-06
168830,6.272e-05
168851,1.536e-06
168854,1.2544e-05
168889,0.00018688
168898,0.000180992
168909,0.00014976
168911,1.5104e-05
168932,6.3232e-05
168933,9.7024e-05
168943,7.0912e-05
168983,5.3248e-05
168987,5.2224e-05
168997,0.0001344
169002,4.1728e-05
169010,0.000101888
169027,1.792e-05
169045,3.3792e-05
169048,3.2768e-05
169053,0.000100864
169070,4.608e-05
169095,2.3296e-05
169097,2.56e-07
169108,7.424e-06
169114,0.000741888
169138,9.8304e-05
169156,9.728e-06
169164,3.9168e-05
169172,0.0001536
169182,1.3568e-05
169185,0.000120576
169200,5.2992e-05
169205,9.728e-06
169216,4.3264e-05
169221,0.000106496
169238,3.0976e-05
169240,4.3776e-05
169249,6.016e-05
169260,1.024e-05
169289,3.3536e-05
169296,1.28e-05
169309,6.656e-06
169313,4.5824e-05
169321,3.9936e-05
169325,0.000122368
169355,0.0003456
169359,8.4736e-05
169388,3.584e-06
169392,7.9872e-05
169406,4.3008e-05
169414,4.1472e-05
169419,3.1488e-05
169429,1.92e-05
169436,0.0002176
169443,4.9152e-05
169461,1.536e-06
169470,4.8128e-05
169481,7.9104e-05
169497,5.888e-05
169500,0.00012928
169511,0.000148992
169524,8.832e-05
169526,4.1984e-05
169535,5.12e-06
169548,1.3056e-05
169557,3.7376e-05
169572,5.376e-06
169581,3.7632e-05
169593,4.1216e-05
169598,1.0752e-05
169610,0.000102144
169634,5.0432e-05
169639,1.5104e-05
169648,1.4592e-05
169660,0.000114176
169666,8.448e-06
169670,6.6048e-05
169680,8.96e-06
169693,0.015632128
169706,0.001113344
169714,0.004189696
169767,4.224e-05
169771,0.000196352
169792,0.000106496
169794,0.000103424
169818,0.000116224
169835,2.56e-06
169836,3.072e-06
169871,1.3312e-05
169875,0.000132608
169891,3.9424e-05
169892,0.0057536
169966,0.000205568
169988,6.272e-05
169998,0.000216576
170008,3.2512e-05
170033,4.0448e-05
170037,0.000102912
170040,5.7856e-05
170054,8.2688e-05
170059,9.8304e-05
170080,4.1472e-05
170087,0.000124416
170094,5.12e-07
170097,4.3264e-05
170104,7.5776e-05
170156,2.304e-06
170162,4.5824e-05
170163,9.1904e-05
170173,3.0208e-05
170181,5.1456e-05
170198,3.2256e-05
170210,1.2288e-05
170215,4.2752e-05
170247,4.3264e-05
170251,3.8656e-05
170267,5.6576e-05
170292,2.9952e-05
170294,0.000808704
170297,0.000922624
170299,0.001055488
170330,7.9616e-05
170341,2.944e-05
170351,0.000164352
170358,2.56e-07
170369,9.6256e-05
170388,2.048e-06
170394,8.0384e-05
170397,7.68e-06
170399,3.6608e-05
170400,3.3792e-05
170427,4.2496e-05
170432,4.7104e-05
170441,1.5872e-05
170462,1.1776e-05
170488,3.1744e-05
170490,0.00010496
170499,2.304e-06
170504,0.000117504
170507,2.9184e-05
170517,1.9712e-05
170535,0.000169728
170542,6.784e-05
170554,6.144e-06
170561,1.536e-06
170564,4.5568e-05
170588,8.96e-06
170609,1.0496e-05
170614,8.448e-06
170636,0.00022528
170652,2.048e-06
170663,9.8816e-05
170680,8.6272e-05
170685,0.00173056
170730,3.712e-05
170779,2.176e-05
170786,9.7536e-05
170801,1.3312e-05
170804,8.4736e-05
170814,1.1008e-05
170818,8.96e-06
170830,8.448e-06
170835,1.1264e-05
170840,2.56e-07
170849,1.8176e-05
170855,9.8816e-05
170868,0.000101376
170876,3.6096e-05
170893,0.007875072
170915,0.000278528
170947,2.2784e-05
170953,2.2784e-05
170970,0.000192512
170974,7.0144e-05
170987,4.864e-06
171003,9.856e-05
171045,0.000132352
171051,4.864e-05
171092,7.7568e-05
171102,6.3232e-05
171109,7.04e-05
171117,2.3552e-05
171130,6.9888e-05
171134,0.000372992
171153,3.8656e-05
171173,8.8576e-05
171177,7.168e-06
171179,3.3792e-05
171200,2.304e-05
171225,0.000151808
171236,4.3008e-05
171267,3.7888e-05
171269,0.000117248
171283,4.096e-06
171292,3.3792e-05
171294,0.000124928
171314,2.2272e-05
171324,3.1232e-05
171332,3.9936e-05
171341,3.968e-05
171345,0.000116224
171356,7.6032e-05
171375,2.048e-06
171381,0.000107008
171403,3.1744e-05
171421,9.728e-05
171429,2.944e-05
171445,1.7664e-05
171450,0.000144128
171460,1.408e-05
171468,2.8416e-05
171474,1.3568e-05
171493,0.000589568
171494,0.002475776
171506,0.000305664
171531,1.536e-06
171541,3.2e-05
171562,7.9616e-05
171572,8.5248e-05
171607,1.7152e-05
171631,3.4304e-05
171644,8.7552e-05
171654,5.12e-06
171678,2.1504e-05
171682,3.0464e-05
171708,4.4032e-05
171711,1.92e-05
171721,5.0432e-05
171742,3.3792e-05
171753,4.864e-05
171757,4.0448e-05
171761,8.1664e-05
171784,4.1216e-05
171801,0.000107008
171805,5.0432e-05
171808,1.8176e-05
171818,0.000133632
171851,6.8864e-05
171854,4.736e-05
171857,7.68e-07
171863,2.2784e-05
171881,1.8176e-05
171908,7.1168e-05
171920,6.7584e-05
171926,2.304e-06
171936,2.816e-05
171970,1.024e-06
171971,2.4832e-05
171981,2.304e-05
171982,3.4048e-05
172002,7.1936e-05
172007,7.3472e-05
172022,2.8928e-05
172028,4.608e-06
172041,0.000179456
172044,1.9712e-05
172053,2.7904e-05
172077,6.016e-05
172093,0.001475584
172110,0.000132352
172128,5.6064e-05
172132,8.2944e-05
172179,6.1184e-05
172190,4.096e-05
172195,0.012506112
172238,1.8944e-05
172256,8.192e-05
172266,7.424e-05
172275,8.448e-06
172278,8.5504e-05
172315,1.536e-06
172324,5.0688e-05
172332,0.000220416
172361,7.68e-07
172364,2.432e-05
172369,1.1776e-05
172373,4.9152e-05
172377,5.4016e-05
172384,0.000301056
172407,0.000100864
172433,3.8912e-05
172441,9.5744e-05
172449,1.664e-05
172460,5.0432e-05
172471,4.7616e-05
172486,4.864e-05
172500,3.0208e-05
172506,5.504e-05
172520,0.00051968
172556,6.3744e-05
172566,9.856e-05
172568,0.002035968
172574,0.02502144
172646,6.528e-05
172661,1.4336e-05
172673,2.8672e-05
172687,9.1392e-05
172689,3.2e-05
172700,0.002366208
172707,0.000786432
172715,0.006274816
172780,1.2032e-05
172791,2.3808e-05
172804,2.56e-07
172806,5.376e-05
172832,1.0752e-05
172835,1.152e-05
172851,7.68e-06
172857,1.5104e-05
172860,3.072e-06
172871,0.000461312
172908,1.3312e-05
172911,7.8592e-05
172935,1.7408e-05
172940,0.000108288
172954,6.2976e-05
172966,2.048e-06
172978,4.5056e-05
172981,0.000355328
173006,8.32e-05
173014,5.8112e-05
173017,5.8112e-05
173053,3.072e-06
173067,0.000125952
173071,0.000155392
173078,0.000196864
173103,1.8176e-05
173107,8.2432e-05
173134,4.3008e-05
173140,3.072e-05
173153,3.2512e-05
173157,1.2032e-05
173189,5.2736e-05
173203,0.000101888
173206,1.3568e-05
173227,3.328e-06
173234,2.2528e-05
173236,3.7888e-05
173243,6.5792e-05
173245,2.3552e-05
173268,3.84e-05
173272,1.28e-06
173283,9.984e-06
173289,5.376e-06
173299,1.3312e-05
173306,5.248e-05
173315,0.000198912
173324,0.000131328
173331,9.472e-06
173348,5.5552e-05
173354,4.864e-05
173368,0.000121856
173371,0.000214528
173395,4.096e-05
173397,1.2032e-05
173407,6.1952e-05
173427,1.6128e-05
173443,1.7664e-05
173449,3.1744e-05
173477,4.48e-05
173498,1.5104e-05
173503,0.000114176
173511,7.0656e-05
173517,3.2256e-05
173528,4.0704e-05
173542,4.2752e-05
173553,0.000163584
173573,8.96e-06
173577,2.432e-05
173601,5.8368e-05
173611,3.9168e-05
173615,0.004779008
173663,1.2288e-05
173668,3.9424e-05
173675,0.000251904
173686,1.1264e-05
173701,2.3808e-05
173709,9.3696e-05
173722,6.5536e-05
173727,9.344e-05
173755,7.04e-05
173768,2.2272e-05
173783,1.0752e-05
173786,7.168e-05
173789,0.000118016
173808,2.2528e-05
173822,2.56e-07
173825,6.912e-06
173830,6.4e-06
173840,1.792e-06
173844,0.000115456
173873,1.6384e-05
173875,8.576e-05
173877,1.5616e-05
173885,9.5232e-05
173892,0.000108544
173893,0.001966592
173894,0.001290496
173907,0.006743808
173939,7.168e-05
173959,1.8944e-05
173969,8.1152e-05
173977,1.8176e-05
173983,8.704e-05
173997,1.536e-06
174001,3.1488e-05
174003,8.7808e-05
174006,6.3488e-05
174027,0.000102656
174034,0.000114944
174043,6.9376e-05
174061,5.5808e-05
174065,0.000152576
174083,9.2416e-05
174098,1.2032e-05
174111,0.00010624
174116,1.9968e-05
174121,6.4e-06
174122,1.664e-05
174125,0.000100352
174131,7.5776e-05
174150,0.000105472
174170,1.9456e-05
174172,2.56e-06
174181,3.072e-05
174189,6.8864e-05
174212,2.6368e-05
174216,4.9152e-05
174221,2.4064e-05
174223,3.072e-06
174225,7.5264e-05
174233,0.00025984
174235,0.00014336
174245,3.7632e-05
174253,0.000180992
174271,4.096e-06
174276,3.8656e-05
174312,8.3712e-05
174335,9.472e-05
174362,8.448e-06
174389,4.6336e-05
174394,4.7616e-05
174408,0.000132096
174415,8.5504e-05
174417,7.68e-07
174445,3.3024e-05
174458,5.1456e-05
174459,1.1264e-05
174462,3.584e-06
174473,7.7824e-05
174479,0.00012672
174482,8.448e-05
174497,0.00122496
174538,5.6064e-05
174547,4.2496e-05
174549,4.8896e-05
174573,5.0688e-05
174605,0.000161792
174620,7.04e-05
174622,3.328e-06
174633,2.432e-05
174638,2.56e-07
174639,5.3248e-05
174647,6.3744e-05
174661,0.000140544
174667,1.8944e-05
174677,9.5744e-05
174680,1.92e-05
174697,0.000182016
174712,0.00010624
174731,1.6896e-05
174739,1.2032e-05
174754,9.1392e-05
174782,0.0001024
174793,0.000697856
174804,2.3808e-05
174816,2.176e-05
174821,0.000103936
174825,9.6256e-05
174827,0.000121088
174868,6.656e-06
174869,9.472e-06
174872,2.176e-05
174880,0.000146176
174885,0.000110592
174897,0.00015104
174904,0.000103168
174921,6.0672e-05
174930,0.000188672
174943,8.8064e-05
174947,3.2512e-05
174973,2.7392e-05
174980,6.4e-06
174993,0.000308736
174996,0.00016384
175016,2.816e-05
175019,3.84e-06
175035,0.000148224
175053,0.00337024
175094,0.0010816
175105,0.001046016
175129,6.912e-06
175143,0.000177408
175160,2.5856e-05
175175,3.4816e-05
175177,1.6128e-05
175201,6.0928e-05
175213,0.000163584
175218,2.2272e-05
175241,6.8096e-05
175258,3.3536e-05
175264,3.2e-05
175268,2.8928e-05
175283,0.00012544
175293,1.3568e-05
175301,6.144e-06
175305,8.4736e-05
175317,0.00012032
175334,0.000144896
175375,3.3024e-05
175389,0.00016768
175415,0.00451584
175453,9.216e-06
175459,2.7648e-05
175460,9.4976e-05
175470,2.304e-06
175484,8.96e-06
175501,4.0704e-05
175508,1.9456e-05
175513,4.3008e-05
175525,0.000102144
175527,2.2784e-05
175539,0.000190464
175553,2.2272e-05
175559,2.8928e-05
175576,5.8368e-05
175598,3.9168e-05
175606,3.456e-05
175627,0.000160512
175634,7.5008e-05
175643,1.6128e-05
175644,2.56e-06
175645,0.005637632
175686,2.688e-05
175689,7.68e-06
175693,0.007616768
175764,3.584e-06
175767,3.1232e-05
175781,8.192e-06
175794,3.584e-06
175804,4.8128e-05
175812,4.0192e-05
175814,2.0224e-05
175845,7.68e-07
175856,2.816e-05
175860,1.3824e-05
175862,2.6368e-05
175875,1.5104e-05
175911,8.7296e-05
175921,8.4736e-05
175942,8.96e-06
175949,1.5616e-05
175956,9.728e-06
175960,1.28e-05
175966,1.0496e-05
175991,0.000243712
176003,2.6624e-05
176021,3.2768e-05
176023,8.576e-05
176039,4.7872e-05
176041,9.472e-05
176070,0.000107008
176094,1.3824e-05
176102,2.176e-05
176104,5.8368e-05
176113,5.0176e-05
176122,7.1424e-05
176145,1.9712e-05
176148,0.000135168
176156,5.0176e-05
176181,8.448e-06
176182,6.144e-06
176191,0.000141056
176195,2.7648e-05
176200,4.0448e-05
176210,7.2448e-05
176215,4.224e-05
176218,8.576e-05
176230,9.0112e-05
176235,9.472e-06
176247,6.3744e-05
176249,1.0752e-05
176258,4.352e-06
176303,0.00015488
176331,1.8688e-05
176340,7.4496e-05
176365,0.000193024
176384,5.12e-05
176386,3.8656e-05
176395,1.4336e-05
176402,1.2288e-05
176412,8.5248e-05
176418,0.00021248
176433,0.000174848
176462,3.6096e-05
176463,0.000821504
176482,1.1008e-05
176485,5.632e-06
176488,0.000113664
176493,9.216e-06
176502,0.000113408
176510,9.216e-06
176520,4.6848e-05
176525,3.328e-06
176527,6.5536e-05
176564,2.2016e-05
176568,1.8688e-05
176572,0.00013824
176589,1.792e-06
176603,1.8944e-05
176619,5.376e-06
176625,2.56e-07
176631,5.0944e-05
176642,6.7584e-05
176668,0.000103936
176675,0.000109312
176685,5.3248e-05
176692,2.6112e-05
176712,0.000130816
176717,0.000189184
176732,6.8352e-05
176737,4.5312e-05
176744,1.0752e-05
176755,7.68e-07
176762,7.0912e-05
176766,8.704e-06
176770,6.3488e-05
176772,0.00014848
176785,1.408e-05
176794,1.3568e-05
176805,5.888e-05
176807,7.296e-05
176809,6.784e-05
176811,3.3536e-05
176819,6.7584e-05
176837,0.000101888
176868,6.6816e-05
176878,0.000105728
176892,6.9888e-05
176893,0.000282368
176894,0.00236672
176925,7.68e-06
176960,0.000113152
176962,1.2288e-05
176973,0.000107264
177012,0.000191232
177035,6.3744e-05
177054,5.888e-06
177056,5.2992e-05
177064,2.7392e-05
177073,9.7536e-05
177091,0.00011648
177094,4.8384e-05
177096,8.576e-05
177121,6.1696e-05
177148,8.7296e-05
177152,3.328e-05
177165,2.4576e-05
177173,0.000118784
177186,7.1424e-05
177192,0.0001728
177205,0.00033152
177242,4.1728e-05
177248,3.84e-06
177254,5.504e-05
177260,0.000107008
177262,6.784e-05
177271,3.7632e-05
177297,7.1424e-05
177305,0.000250112
177308,1.5104e-05
177321,0.000165888
177335,0.000102144
177348,0.000114944
177357,4.224e-05
177361,6.9376e-05
177367,2.5344e-05
177376,3.0976e-05
177382,6.912e-06
177389,2.8672e-05
177394,3.6096e-05
177402,5.4528e-05
177414,7.936e-06
177416,1.9712e-05
177429,7.5776e-05
177436,5.9648e-05
177438,4.096e-05
177452,9.216e-05
177461,3.6352e-05
177464,2.048e-05
177471,1.3312e-05
177478,9.0112e-05
177480,2.6112e-05
177493,0.007570944
177498,0.00100224
177535,2.432e-05
177572,7.68e-06
177577,0.000130048
177587,5.12e-07
177590,2.2784e-05
177597,8.0384e-05
177607,0.000229376
177622,1.408e-05
177661,6.3488e-05
177665,1.9712e-05
177671,2.048e-06
177680,9.8048e-05
177700,9.472e-05
177712,4.5312e-05
177743,5.3248e-05
177746,8.192e-06
177747,5.376e-05
177759,6.144e-05
177768,7.7568e-05
177779,0.000127488
177785,0.000108288
177795,3.9168e-05
177796,2.5344e-05
177816,8.576e-05
177823,0.000157696
177825,0.000113408
177868,3.8912e-05
177877,0.000147712
177881,3.2512e-05
177887,0.000321792
177889,1.5872e-05
177897,5.248e-05
177913,2.5344e-05
177925,5.0944e-05
177929,4.5312e-05
177946,8.2944e-05
177975,2.6624e-05
177982,8.3456e-05
178002,2.2272e-05
178006,4.7104e-05
178015,0.000100864
178021,3.0208e-05
178042,7.8592e-05
178046,1.28e-06
178050,0.002885632
178074,3.5328e-05
178084,8.6784e-05
178094,0.003081728
178110,0.000114944
178131,3.2768e-05
178133,1.1264e-05
178148,1.024e-06
178182,0.00011008
178189,8.0128e-05
178190,0.000270848
178208,3.84e-05
178220,3.84e-06
178234,0.000102144
178251,5.5808e-05
178264,1.4848e-05
178292,0.000130304
178303,5.7344e-05
178315,3.7888e-05
178322,2.048e-06
178332,2.816e-05
178346,8.9088e-05
178353,4.0448e-05
178376,0.00019712
178394,6.272e-05
178403,1.024e-05
178407,7.68e-06
178410,5.12e-06
178430,0.000119808
178437,8.704e-06
178446,7.1936e-05
178456,5.6064e-05
178469,0.000256256
178490,1.5104e-05
178492,0.000129024
178494,0.000125952
178507,3.2512e-05
178515,2.2784e-05
178518,0.00011904
178522,2.688e-05
178539,2.6112e-05
178553,4.096e-06
178561,4.9408e-05
178568,5.12e-07
178575,0.000114432
178577,2.432e-05
178581,3.072e-06
178588,1.024e-06
178601,2.688e-05
178603,5.248e-05
178617,8.192e-06
178634,2.048e-06
178639,5.4016e-05
178646,1.152e-05
178647,2.2272e-05
178659,1.536e-06
178670,0.000106752
178692,2.0736e-05
178694,9.8304e-05
178697,0.016768256
178712,0.000591872
178776,7.2448e-05
178780,1.28e-05
178782,2.6624e-05
178788,5.0688e-05
178799,0.000121344
178812,0.000105728
178842,1.92e-05
178845,3.328e-05
178851,3.3792e-05
178858,1.024e-05
178863,3.3536e-05
178877,0.000188928
178880,1.5104e-05
178908,9.1392e-05
178920,3.328e-06
178923,3.1744e-05
178944,4.9664e-05
178951,3.4048e-05
178959,5.1712e-05
178965,0.000111872
178976,4.3008e-05
178981,8.7808e-05
178994,1.3312e-05
178998,0.00015104
179001,4.096e-05
179007,1.2544e-05
179017,3.968e-05
179055,6.8096e-05
179058,0.000165632
179070,2.816e-05
179076,1.4848e-05
179092,0.00016768
179097,5.6576e-05
179099,0.000192512
179102,2.8672e-05
179119,3.1488e-05
179125,0.000235776
179162,2.7648e-05
179171,2.9952e-05
179175,3.712e-05
179177,5.0688e-05
179187,3.84e-06
179195,1.9456e-05
179210,0.000128256
179219,4.224e-05
179228,1.28e-06
179230,7.168e-06
179252,0.000224256
179259,6.1184e-05
179289,0.000137216
179292,3.0976e-05
179293,0.025206272
179347,7.3984e-05
179367,3.8144e-05
179375,1.664e-05
179390,0.000108288
179420,4.8384e-05
179428,3.6352e-05
179446,6.7072e-05
179448,2.0992e-05
179471,0.000256768
179492,9.472e-06
179495,0.000166144
179499,7.4496e-05
179510,0.00015232
179517,1.0496e-05
179530,0.00015616
179547,3.7888e-05
179573,2.688e-05
179575,0.00013696
179604,3.4816e-05
179630,0.00013184
179641,6.3744e-05
179644,0.000214272
179657,1.2288e-05
179676,4.6848e-05
179692,5.9904e-05
179703,3.5584e-05
179706,4.0448e-05
179717,0.000129536
179719,6.2464e-05
179731,0.000103936
179744,5.6064e-05
179757,4.992e-05
179774,8.192e-06
179785,8.1408e-05
179802,1.024e-06
179830,0.000119552
179857,3.0464e-05
179861,3.7376e-05
179866,1.152e-05
179877,0.000125952
179881,0.000119552
179895,8.2944e-05
179897,0.00010624
179906,2.8672e-05
179925,3.456e-05
179945,4.1216e-05
179947,7.68e-06
179953,3.4816e-05
179969,0.000106496
179974,1.28e-06
179981,7.936e-05
179994,1.3056e-05
180003,3.328e-06
180017,5.376e-05
180030,0.000171008
180033,2.048e-05
180068,2.0736e-05
180071,0.000307712
180084,0.000146944
180098,6.2208e-05
180101,4.352e-06
180110,1.0496e-05
180136,3.0464e-05
180143,4.1216e-05
180152,5.12e-07
180157,2.816e-05
180168,5.12e-05
180172,0.000141568
180193,0.000135168
180199,6.8352e-05
180232,1.7408e-05
180236,3.2256e-05
180246,0.000163328
180248,0.000410624
180260,1.1264e-05
180285,4.48e-05
180298,0.000167424
180301,4.8128e-05
180315,4.5056e-05
180318,0.000216064
180338,3.712e-05
180346,0.000240384
180359,4.8896e-05
180362,7.424e-05
180383,8.1152e-05
180414,6.144e-05
180418,5.9136e-05
180434,2.8928e-05
180438,3.9168e-05
180441,3.5584e-05
180459,2.7392e-05
180460,4.352e-05
180465,0.00022784
180479,1.7152e-05
180485,6.0672e-05
180490,1.4336e-05
180494,0.000970752
180516,6.4e-06
180537,3.1488e-05
180538,3.84e-06
180556,0.000159232
180578,1.1264e-05
180584,6.7584e-05
180609,4.864e-06
180611,1.9712e-05
180616,1.664e-05
180621,1.7408e-05
180623,5.2736e-05
180626,0.000106752
180647,9.6512e-05
180653,9.3696e-05
180675,9.984e-06
180681,9.728e-06
180694,5.12e-07
180704,2.6368e-05
180720,6.8352e-05
180724,5.5296e-05
180735,2.5088e-05
180742,0.000216064
180745,1.664e-05
180758,0.0001024
180776,2.9184e-05
180777,0.00021376
180784,2.56e-05
180806,4.096e-06
180808,0.000168192
180815,2.9184e-05
180822,0.000187904
180832,2.56e-07
180833,7.8848e-05
180874,0.000110848
180884,1.536e-06
180892,9.1904e-05
180894,3.9424e-05
180905,0.0001344
180918,6.656e-06
180924,5.504e-05
180932,9.728e-06
180935,0.000121088
180958,7.68e-07
180993,1.024e-05
180997,1.7152e-05
181000,0.000116224
181006,3.7888e-05
181021,1.7408e-05
181028,0.000132352
181034,2.432e-05
181061,6.9632e-05
181068,2.2016e-05
181076,5.632e-06
181084,0.000765184
181093,0.026430208
181145,3.328e-06
181159,8.0128e-05
181179,2.432e-05
181187,2.6624e-05
181189,0.000201728
181193,0.000123904
181202,1.7408e-05
181213,1.0752e-05
181217,3.584e-06
181246,0.000895488
181267,2.816e-05
181284,4.3264e-05
181295,0.000180992
181317,0.000173312
181351,3.2256e-05
181368,0.000162048
181379,0.000109056
181393,7.936e-06
181402,5.6064e-05
181413,2.0736e-05
181416,2.4576e-05
181430,3.8656e-05
181434,3.6608e-05
181445,1.2032e-05
181449,3.584e-05
181453,0.000132608
181455,2.56e-05
181457,8.704e-06
181461,0.000211456
181479,0.000114688
181496,5.888e-06
181498,1.2288e-05
181513,9.4208e-05
181520,1.8944e-05
181527,4.9664e-05
181534,1.408e-05
181537,4.608e-06
181552,1.1264e-05
181554,2.3296e-05
181572,0.000105984
181587,0.000165888
181603,5.248e-05
181623,0.000153856
181625,7.68e-07
181628,2.816e-06
181633,5.9904e-05
181638,4.7872e-05
181651,7.168e-06
181656,1.6128e-05
181688,6.144e-06
181696,0.006335744
181738,1.5104e-05
181752,4.608e-06
181754,1.3568e-05
181761,5.1712e-05
181775,1.8432e-05
181784,5.4016e-05
181785,1.536e-05
181790,0.007999232
181857,0.00013312
181859,0.00023808
181861,1.3056e-05
181880,0.000115456
181886,8.3456e-05
181896,0.000417792
181898,2.048e-05
181930,0.0001344
181938,9.4464e-05
181951,1.4848e-05
181959,6.8864e-05
181963,4.3264e-05
181969,5.632e-06
181993,5.376e-05
182001,1.3312e-05
182010,2.2528e-05
182029,7.2448e-05
182036,4.8128e-05
182047,6.144e-06
182051,6.6816e-05
182074,0.000146432
182099,0.000122624
182104,0.000126208
182106,0.000152832
182123,6.0928e-05
182153,5.632e-05
182155,1.3824e-05
182163,1.1776e-05
182200,0.00011264
182208,0.000116224
182210,4.608e-05
182223,3.7376e-05
182228,9.216e-05
182234,0.001280512
182274,5.248e-05
182280,0.000151808
182283,3.2256e-05
182297,0.000974336
182338,7.2448e-05
182346,2.688e-05
182353,7.68e-06
182377,0.000134912
182392,1.5104e-05
182396,7.7312e-05
182407,4.8896e-05
182453,6.0416e-05
182458,5.888e-05
182466,1.7664e-05
182481,7.4752e-05
182502,1.792e-05
182511,8.1664e-05
182519,0.000143616
182534,7.424e-05
182555,2.1248e-05
182565,5.8624e-05
182573,9.472e-06
182588,1.7152e-05
182624,3.6864e-05
182633,0.000114944
182639,3.5584e-05
182656,5.7088e-05
182667,2.2784e-05
182704,4.1984e-05
182714,4.5568e-05
182727,3.7376e-05
182735,3.072e-06
182742,7.9872e-05
182748,2.0736e-05
182773,3.9424e-05
182785,1.7664e-05
182803,0.000186112
182826,2.432e-05
182836,6.4512e-05
182839,0.00180736
182880,7.936e-05
182893,0.001455872
182897,0.002120448
182905,0.00123136
182951,8.704e-06
182967,1.3056e-05
182970,4.6592e-05
182974,1.3312e-05
182976,2.9696e-05
182987,1.9456e-05
182989,3.7632e-05
183015,8.448e-06
183017,6.8352e-05
183037,2.2784e-05
183044,4.2752e-05
183046,4.224e-05
183050,6.2976e-05
183060,2.9696e-05
183071,2.1248e-05
183087,0.000186624
183096,4.1472e-05
183104,3.9936e-05
183125,0.000172288
183134,3.6864e-05
183140,0.000129024
183170,5.12e-05
183174,9.7536e-05
183186,1.7152e-05
183199,0.00011136
183208,1.024e-05
183219,1.3056e-05
183237,0.000109568
183240,1.7664e-05
183243,0.000139776
183246,4.8128e-05
183249,1.792e-06
183266,2.8672e-05
183276,1.9456e-05
183281,8.5248e-05
183290,9.984e-06
183296,2.432e-05
183314,3.8656e-05
183329,0.000131584
183338,2.048e-06
183340,5.4528e-05
183345,0.00017536
183360,8.8832e-05
183368,5.8112e-05
183378,4.7616e-05
183417,2.56e-06
183421,2.4064e-05
183424,5.1456e-05
183438,4.2752e-05
183443,6.4e-06
183448,8.2944e-05
183457,5.2224e-05
183461,9.984e-06
183466,1.792e-05
183477,3.328e-05
183483,1.664e-05
183484,3.072e-06
183486,1.9712e-05
183488,6.1184e-05
183490,0.000118784
183492,0.001767424
183497,0.000977152
183499,0.0014336
183552,8.448e-06
183564,7.424e-06
183571,6.2976e-05
183580,5.3248e-05
183583,0.000103424
183597,3.7376e-05
183603,1.92e-05
183607,6.2976e-05
183620,9.4464e-05
183630,0.000107008
183635,8.2688e-05
183642,1.1776e-05
183650,0.00015872
183658,2.3296e-05
183668,5.8624e-05
183669,0.001932544
183702,4.352e-05
183705,0.000157696
183714,2.432e-05
183730,2.2528e-05
183732,0.000133376
183752,5.9648e-05
183760,1.5104e-05
183774,2.56e-05
183776,2.2016e-05
183778,1.5872e-05
183794,2.816e-05
183800,6.7072e-05
183803,5.76e-05
183824,9.984e-05
183830,3.2512e-05
183832,6.8352e-05
183834,9.6512e-05
183863,1.92e-05
183865,3.6352e-05
183883,4.352e-05
183889,5.76e-05
183895,0.000191488
183914,0.000171776
183926,1.0752e-05
183936,3.6864e-05
183941,0.000173056
183954,0.000155648
183974,0.000180224
183990,9.6768e-05
183995,4.096e-05
184004,6.9888e-05
184010,0.000116224
184019,4.992e-05
184033,8.576e-05
184036,1.2288e-05
184049,0.000105728
184053,9.3952e-05
184070,0.000140544
184074,2.0992e-05
184091,2.176e-05
184093,0.000607488
184098,0.00011136
184106,0.001464832
184149,0.00014336
184166,8.0384e-05
184170,4.736e-05
184174,1.664e-05
184180,5.888e-06
184183,0.000127744
184200,0.000101376
184217,8.704e-05
184228,0.000101376
184245,0.000157952
184259,9.728e-06
184265,4.1472e-05
184291,2.048e-05
184295,3.2e-05
184314,1.92e-05
184322,2.5088e-05
184324,9.3696e-05
184335,4.7616e-05
184346,9.728e-06
184351,1.6128e-05
184361,2.048e-06
184367,1.5616e-05
184371,3.5072e-05
184376,0.00016
184382,1.1776e-05
184386,0.000258816
184408,8.192e-06
184412,1.792e-05
184434,7.7312e-05
184438,2.2528e-05
184442,5.0432e-05
184448,6.784e-05
184450,4.864e-05
184490,4.1216e-05
184500,5.248e-05
184512,7.936e-06
184531,4.6336e-05
184534,0.003195904
184582,0.000106496
184590,1.7664e-05
184600,0.0001024
184606,2.6368e-05
184623,2.5088e-05
184624,0.000298752
184646,0.000110848
184657,0.000109312
184670,8.192e-06
184677,2.4576e-05
184694,3.2768e-05
184697,4.5312e-05
184701,5.4272e-05
184716,4.9408e-05
184719,6.528e-05
184744,1.2288e-05
184749,0.00019456
184756,0.00014208
184775,3.5072e-05
184788,3.3024e-05
184790,3.5072e-05
184803,0.000126976
184812,3.4048e-05
184840,0.000123904
184854,6.7584e-05
184868,1.024e-06
184883,3.968e-05
184888,8.064e-05
184903,3.072e-06
184934,0.000132352
184940,9.472e-06
184951,5.0176e-05
184964,4.608e-06
184970,0.00010112
184979,6.4512e-05
184981,6.7328e-05
185000,3.9424e-05
185006,0.000131328
185024,4.3008e-05
185026,6.784e-05
185060,7.3472e-05
185087,0.000134656
185107,8.0128e-05
185115,0.000136192
185119,0.000102144
185128,9.984e-05
185137,7.6288e-05
185149,6.5024e-05
185150,0.00017664
185183,0.000125952
185199,5.632e-06
185208,3.9424e-05
185216,0.00011008
185219,8.7552e-05
185225,0.000119552
185254,5.9904e-05
185265,6.3232e-05
185269,3.328e-05
185276,3.584e-06
185292,0.00013824
185293,0.002989568
185310,0.000235776
185328,6.8864e-05
185367,2.0224e-05
185375,0.000146432
185388,2.56e-05
185391,3.9168e-05
185399,3.0464e-05
185408,0.001996032
185410,0.01757312
185454,5.0176e-05
185458,9.3952e-05
185466,1.0496e-05
185504,3.0208e-05
185516,2.8928e-05
185523,2.0992e-05
185538,1.0752e-05
185543,0.000367104
185546,1.1008e-05
185568,0.002162432
185602,5.888e-06
185604,8.448e-06
185608,2.5344e-05
185617,0.000122112
185648,2.9184e-05
185657,3.328e-05
185662,5.2224e-05
185664,0.000189184
185670,3.8656e-05
185691,0.000124416
185694,0.000184832
185698,0.000156928
185707,0.005649408
185733,0.055944192
185790,3.1488e-05
185798,4.8384e-05
185817,2.0992e-05
185823,7.936e-05
185831,3.3024e-05
185841,2.2016e-05
185850,4.096e-06
185854,1.3824e-05
185857,0.00016
185866,4.352e-05
185868,2.8928e-05
185876,6.8864e-05
185878,0.0088512
185898,0.000867584
185899,0.001116416
185926,1.792e-05
185936,6.8864e-05
185950,4.4032e-05
185966,9.728e-06
185982,3.9168e-05
185986,0.000139008
185994,9.4208e-05
186007,2.7904e-05
186009,3.4048e-05
186011,6.0672e-05
186022,0.035523328
186064,0.000347904
186090,6.0928e-05
186097,0.000365056
186110,3.1744e-05
186119,5.7088e-05
186127,0.054919936
186198,0.000111616
186204,0.00011904
186214,0.000101632
186255,6.5536e-05
186261,0.000231168
186278,7.0912e-05
186283,0.000191232
186300,6.1184e-05
186333,8.1152e-05
186341,0.00015872
186348,0.000110848
186354,1.7664e-05
186356,2.0992e-05
186361,2.5344e-05
186372,0.000243968
186382,2.5856e-05
186396,6.5792e-05
186418,2.0992e-05
186432,6.784e-05
186433,4.3264e-05
186435,4.608e-06
186437,0.000120576
186449,2.304e-05
186461,0.000176128
186483,0.000135936
186493,0.001686528
186496,0.006264832
186530,6.7328e-05
186538,2.1504e-05
186546,0.004841472
186599,0.000131328
186622,2.3808e-05
186629,1.792e-05
186633,5.5296e-05
186637,7.5264e-05
186647,0.000100352
186652,9.5744e-05
186659,2.4576e-05
186673,0.000125696
186685,2.6368e-05
186702,5.0176e-05
186712,7.0144e-05
186747,0.000169728
186751,1.28e-05
186769,0.000147712
186783,3.4816e-05
186793,0.000114176
186798,0.00014208
186812,7.8592e-05
186823,8.4224e-05
186835,0.00023296
186837,1.0496e-05
186849,9.5232e-05
186860,0.000106496
186867,1.408e-05
186869,2.6368e-05
186877,3.84e-06
186894,5.888e-06
186902,1.4592e-05
186905,4.608e-05
186914,9.472e-06
186921,8.7296e-05
186934,3.4816e-05
186947,0.00010112
186965,0.000250368
186988,6.4512e-05
187012,6.5792e-05
187022,1.92e-05
187032,3.328e-05
187039,0.000108288
187054,3.0464e-05
187062,2.1504e-05
187065,8.192e-06
187071,4.736e-05
187084,1.7664e-05
187094,0.00015488
187097,0.004481024
187106,0.001630976
187144,2.0992e-05
187152,5.76e-05
187188,7.04e-05
187216,1.1264e-05
187230,0.000139776
187240,2.816e-05
187241,8.192e-06
187243,0.00038656
187263,0.000207104
187271,0.000153344
187285,6.016e-05
187293,2.4832e-05
187299,0.000112384
187315,1.4592e-05
187323,0.000212992
187340,4.608e-05
187347,0.000126976
187349,5.12e-05
187363,9.984e-05
187376,9.0624e-05
187395,0.000167936
187397,3.4304e-05
187423,0.000123648
187426,4.0704e-05
187428,0.00017536
187435,0.000197376
187445,2.3296e-05
187468,0.000146944
187473,9.1904e-05
187476,0.000153856
187480,4.6848e-05
187496,1.024e-05
187513,4.8384e-05
187527,0.000160256
187529,7.0144e-05
187536,7.7056e-05
187553,5.12e-06
187563,5.8368e-05
187578,3.8656e-05
187581,6.3232e-05
187585,4.7616e-05
187593,3.0208e-05
187600,5.3504e-05
187601,3.7376e-05
187603,4.5568e-05
187616,0.000135168
187627,0.00015232
187633,5.2736e-05
187663,9.2928e-05
187665,7.8848e-05
187677,3.3536e-05
187688,3.072e-06
187693,0.000922368
187699,0.001916672
187711,0.00082432
187750,6.4256e-05
187756,0.006194688
187810,4.2752e-05
187820,1.92e-05
187821,5.632e-06
187853,4.1472e-05
187858,1.024e-05
187873,6.912e-06
187875,8.5504e-05
187890,5.376e-06
187891,7.168e-06
187903,3.7376e-05
187918,8.0128e-05
187924,1.6128e-05
187931,7.5776e-05
187932,2.048e-05
187956,0.00014848
187960,3.4816e-05
187980,4.4032e-05
187983,9.728e-06
187990,5.632e-05
187999,5.1456e-05
188016,0.000136448
188020,0.006249984
188073,8.8576e-05
188074,3.9424e-05
188098,0.000179968
188111,0.000139776
188115,0.000102912
188144,7.168e-05
188154,0.000250368
188161,9.472e-06
188173,9.8304e-05
188178,0.0001024
188185,2.7904e-05
188204,1.28e-06
188211,2.7392e-05
188233,1.664e-05
188240,0.00015104
188246,1.408e-05
188253,0.00013056
188283,2.048e-06
188288,5.248e-05
188292,6.7584e-05
188293,0.001121536
188295,0.004393472
188311,0.001276672
188333,0.02287616
188399,1.8176e-05
188401,8.8576e-05
188414,2.688e-05
188415,6.6816e-05
188420,0.000140032
188426,7.68e-06
188432,7.5264e-05
188456,2.8928e-05
188469,5.6064e-05
188497,2.7136e-05
188498,5.8624e-05
188509,5.12e-07
188512,3.2512e-05
188520,2.2528e-05
188534,6.8608e-05
188551,6.3488e-05
188555,1.7664e-05
188574,1.3312e-05
188595,0.000199168
188599,1.2544e-05
188614,0.00018304
188628,3.072e-05
188645,6.528e-05
188647,9.0624e-05
188662,9.2672e-05
188664,7.424e-05
188701,1.536e-05
188711,2.8416e-05
188717,0.000182784
188721,6.8864e-05
188742,5.248e-05
188762,2.304e-05
188789,1.8944e-05
188792,7.936e-06
188794,4.2752e-05
188803,6.4768e-05
188814,2.4064e-05
188824,6.912e-05
188835,3.584e-05
188844,0.000130048
188859,2.4832e-05
188868,3.584e-06
188883,1.664e-05
188893,0.000273664
188897,0.0054464
188955,5.7088e-05
188973,4.864e-06
188978,2.816e-05
189001,1.2032e-05
189007,0.000105472
189027,1.3056e-05
189028,1.792e-06
189034,0.0001408
189036,1.8432e-05
189044,2.048e-05
189048,7.424e-05
189070,3.6864e-05
189075,3.6096e-05
189090,3.0976e-05
189103,6.784e-05
189121,5.376e-05
189123,3.84e-06
189129,9.3952e-05
189131,0.000153856
189171,1.2032e-05
189174,3.8144e-05
189183,5.888e-06
189187,0.000121856
189203,3.6096e-05
189205,4.0448e-05
189216,8.32e-05
189228,4.992e-05
189254,3.5584e-05
189266,6.6304e-05
189274,6.9888e-05
189283,0.000122112
189304,6.9632e-05
189306,3.7888e-05
189312,1.8688e-05
189336,1.3312e-05
189339,2.9184e-05
189341,0.000155392
189348,2.8928e-05
189357,6.4256e-05
189370,3.584e-06
189374,4.7616e-05
189379,6.9376e-05
189389,0.000183808
189410,5.1968e-05
189444,8.5248e-05
189447,3.8912e-05
189454,7.936e-06
189456,0.000123904
189466,5.376e-06
189473,1.7408e-05
189486,4.7104e-05
189493,0.00068736
189494,9.8816e-05
189498,0.004338688
189510,0.00395136
189568,6.7328e-05
189580,3.4816e-05
189588,0.000105472
189601,6.3232e-05
189608,0.000118016
189619,9.9584e-05
189633,6.5024e-05
189648,3.4304e-05
189663,8.704e-06
189669,9.3696e-05
189682,5.3504e-05
189687,1.7408e-05
189689,1.664e-05
189691,7.168e-06
189711,1.024e-06
189724,9.3696e-05
189745,9.216e-06
189752,2.7904e-05
189769,1.2032e-05
189772,4.5312e-05
189774,2.2784e-05
189784,2.56e-05
189786,6.784e-05
189792,1.9456e-05
189798,7.1936e-05
189829,1.8944e-05
189832,2.048e-06
189840,0.000256256
189869,1.3824e-05
189882,4.6592e-05
189892,3.3024e-05
189894,0.000105216
189900,0.000165888
189922,3.4816e-05
189942,9.472e-06
189946,1.4336e-05
189961,1.8944e-05
189962,7.936e-06
189964,0.0001344
189982,0.000128768
189990,7.5264e-05
189992,3.6864e-05
190004,2.816e-06
190012,0.000270592
190057,4.736e-05
190059,0.0001536
190093,0.006983424
190141,5.0432e-05
190153,1.28e-06
190174,0.000118016
190186,3.3024e-05
190202,1.536e-05
190217,5.0944e-05
190220,0.000173056
190253,6.3744e-05
190255,3.2e-05
190268,2.1248e-05
190280,5.0432e-05
190287,9.984e-05
190305,2.816e-05
190318,9.7536e-05
190330,3.84e-06
190336,1.024e-06
190339,3.2256e-05
190340,0.000105216
190359,1.792e-06
190364,6.1184e-05
190365,5.4528e-05
190378,3.6352e-05
190399,1.5104e-05
190428,2.304e-06
190436,0.000105216
190440,1.1008e-05
190447,5.12e-06
190449,4.1728e-05
190472,0.000132096
190492,0.000158208
190507,0.000100864
190537,3.0208e-05
190539,2.048e-05
190553,4.5568e-05
190560,1.3056e-05
190562,0.000171008
190577,6.4e-05
190594,5.248e-05
190598,4.864e-05
190622,9.8048e-05
190633,6.0416e-05
190638,9.728e-06
190648,0.00014592
190654,0.000145664
190656,1.28e-05
190675,3.6864e-05
190677,0.000131328
190680,3.072e-05
190697,0.016040704
190769,3.1232e-05
190772,9.728e-06
190774,4.1984e-05
190782,0.000274944
190814,7.936e-05
190816,0.000150784
190824,0.000100608
190842,2.1504e-05
190845,1.536e-06
190849,0.000125696
190860,0.000196608
190869,0.00013824
190880,3.8912e-05
190887,0.000195072
190897,0.000151552
190910,0.000408576
190934,0.0034048
190979,0.000217088
190996,3.4048e-05
191001,1.3056e-05
191002,1.792e-06
191006,0.000104448
191008,4.5824e-05
191021,3.584e-05
191044,0.000265728
191058,1.0496e-05
191062,0.000103424
191088,1.5872e-05
191093,1.024e-06
191095,7.936e-06
191104,6.9888e-05
191112,0.000110848
191134,1.0496e-05
191137,7.9872e-05
191147,5.12e-05
191150,4.096e-06
191156,2.5856e-05
191166,6.9888e-05
191180,2.9184e-05
191182,8.6016e-05
191187,8.0384e-05
191202,5.7088e-05
191204,7.936e-05
191213,4.1984e-05
191219,9.472e-06
191230,2.7392e-05
191243,7.2192e-05
191245,7.2704e-05
191277,5.7856e-05
191290,0.000180736
191294,0.00195456
191349,5.0176e-05
191361,2.5088e-05
191364,0.000132864
191377,6.4768e-05
191379,2.688e-05
191394,9.5232e-05
191397,8.2944e-05
191416,2.2784e-05
191438,3.584e-06
191440,3.0208e-05
191443,0.00016768
191449,8.96e-06
191462,0.000150016
191487,3.0208e-05
191496,0.000254464
191510,3.9936e-05
191546,2.3808e-05
191569,5.8112e-05
191587,3.2768e-05
191597,0.000245248
191599,7.4752e-05
191610,1.664e-05
191614,6.784e-05
191629,7.168e-06
191635,5.2736e-05
191637,0.000163584
191660,6.5792e-05
191675,9.984e-06
191677,0.00035072
191683,3.7632e-05
191696,1.7664e-05
191704,2.7648e-05
191721,3.8912e-05
191727,0.00018944
191783,7.68e-06
191787,0.000125184
191790,8.96e-05
191813,5.248e-05
191821,2.56e-07
191825,8.832e-05
191832,5.888e-06
191855,3.5584e-05
191859,5.9392e-05
191866,5.888e-06
191873,0.000281344
191893,0.000541184
191896,0.00383616
191934,6.7584e-05
191940,6.144e-06
191957,2.3296e-05
191964,0.000104192
191972,0.00141824
192001,5.2224e-05
192014,4.5312e-05
192028,5.76e-05
192047,1.7664e-05
192059,1.6128e-05
192063,2.7904e-05
192066,0.000110336
192077,0.000129792
192081,0.000195072
192108,9.1392e-05
192109,2.7648e-05
192127,4.992e-05
192133,0.000151808
192136,3.6096e-05
192150,8.1664e-05
192156,0.000175616
192170,0.00262528
192215,3.0464e-05
192248,3.712e-05
192250,4.864e-06
192258,3.7376e-05
192300,1.2288e-05
192327,5.632e-06
192337,0.000123648
192350,0.000118784
192361,0.025971456
192369,0.007583488
192371,0.016381184
192437,6.272e-05
192450,4.3264e-05
192457,4.352e-05
192476,2.4576e-05
192485,5.504e-05
192493,1.9968e-05
192495,4.1984e-05
192496,0.004567296
192553,6.3744e-05
192562,5.9392e-05
192574,6.2208e-05
192576,8.6784e-05
192582,3.6096e-05
192588,0.00012288
192598,8.704e-06
192637,1.92e-05
192643,0.000238336
192646,0.00012928
192663,1.536e-05
192668,3.5328e-05
192688,1.4848e-05
192694,2.2784e-05
192706,1.28e-05
192707,7.3728e-05
192717,3.968e-05
192730,0.000142848
192742,5.632e-06
192772,1.0496e-05
192788,4.7616e-05
192800,1.2544e-05
192806,7.6544e-05
192814,3.7632e-05
192823,1.3056e-05
192834,7.0912e-05
192841,0.000289536
192848,4.224e-05
192856,0.000154112
192858,1.664e-05
192860,0.000135168
192869,0.00021888
192889,4.736e-05
192896,8.9856e-05
192911,4.9664e-05
192919,4.224e-05
192932,9.3952e-05
192936,0.00025728
192954,6.0928e-05
192964,1.4592e-05
192980,0.00057856
193005,2.048e-05
193010,0.000277248
193040,0.00012032
193056,1.5104e-05
193067,5.888e-05
193088,8.0384e-05
193093,0.0149824
193097,0.000246784
193102,0.002397952
193156,2.7648e-05
193177,0.000115968
193181,2.0736e-05
193184,3.968e-05
193203,3.5584e-05
193204,0.000156928
193214,6.6048e-05
193216,7.168e-06
193219,0.000100864
193232,2.9952e-05
193254,0.000101888
193256,8.32e-05
193273,0.000114688
193279,3.2e-05
193285,9.5232e-05
193297,3.9168e-05
193312,0.000147968
193345,6.7072e-05
193348,8.064e-05
193351,5.632e-05
193370,2.9696e-05
193382,5.1456e-05
193390,6.912e-06
193400,6.912e-06
193404,7.68e-07
193408,0.000163328
193431,0.000135168
193444,4.864e-05
193456,0.000139776
193477,0.000124672
193480,7.6544e-05
193488,5.0944e-05
193493,0.00012288
193497,5.0176e-05
193527,5.632e-05
193529,0.000153856
193539,0.000174592
193557,0.000102656
193583,6.4e-05
193630,0.00011776
193659,8.9856e-05
193667,8.3968e-05
193677,7.9872e-05
193685,1.28e-06
193697,4.352e-05
193703,8.96e-06
193705,0.003799808
193728,0.0001088
193758,1.2288e-05
193760,6.0928e-05
193775,5.1712e-05
193797,2.048e-05
193800,2.816e-05
193805,0.00010752
193817,9.0368e-05
193845,4.0704e-05
193847,0.00025216
193866,0.000116224
193877,0.000123904
193900,8.6016e-05
193907,6.9376e-05
193935,6.3744e-05
193939,4.8128e-05
193956,0.000119552
193968,1.1776e-05
193976,8.064e-05
193978,2.5856e-05
193983,1.6128e-05
193986,1.7664e-05
193996,0.000113152
194007,7.0912e-05
194028,0.000110336
194043,6.7328e-05
194060,0.002320128
194070,5.1712e-05
194110,7.2704e-05
194134,1.1264e-05
194135,1.28e-06
194149,4.2752e-05
194156,2.0992e-05
194165,0.00010368
194178,0.000101632
194191,0.000114944
194197,9.0112e-05
194214,3.6352e-05
194228,3.072e-06
194231,6.4e-06
194266,2.0224e-05
194268,6.7584e-05
194272,6.144e-05
194274,7.3472e-05
194292,1.8688e-05
194293,0.02613376
194374,1.8176e-05
194386,1.7408e-05
194406,1.792e-05
194412,2.4064e-05
194420,2.9952e-05
194431,0.000154624
194448,4.992e-05
194456,0.000129536
194462,2.944e-05
194476,1.8688e-05
194481,0.000564992
194495,8.8832e-05
194509,3.6864e-05
194517,0.000123648
194528,2.56e-06
194545,4.224e-05
194549,0.000181504
194572,5.12e-07
194578,8.9344e-05
194590,1.28e-06
194599,6.912e-06
194605,0.00032768
194634,0.000130304
194636,0.000137728
194643,1.1264e-05
194686,0.000199936
194700,4.9408e-05
194723,7.424e-06
194726,1.8688e-05
194734,8.4736e-05
194743,8.6272e-05
194764,8.7296e-05
194771,5.4016e-05
194782,1.2544e-05
194792,3.5328e-05
194802,4.48e-05
194820,7.5776e-05
194827,2.6368e-05
194840,5.3504e-05
194873,9.5744e-05
194875,6.4e-05
194885,4.4032e-05
194892,2.2016e-05
194893,0.000782592
194919,3.072e-05
194941,5.0432e-05
194947,1.1776e-05
194954,8.2688e-05
194958,6.4e-05
194960,0.000102656
194961,0.002361088
195029,4.352e-06
195035,2.7392e-05
195038,4.0448e-05
195052,0.000178432
195056,3.584e-06
195106,1.4336e-05
195121,5.1712e-05
195130,0.000209152
195154,4.864e-06
195160,4.5824e-05
195171,1.8944e-05
195180,9.856e-05
195187,2.6624e-05
195197,3.584e-06
195199,5.8112e-05
195214,5.12e-06
195215,2.048e-06
195216,0.000118016
195220,2.5856e-05
195240,7.68e-06
195245,8.1152e-05
195260,9.1392e-05
195264,8.32e-05
195280,3.6096e-05
195294,3.7888e-05
195301,3.84e-05
195311,0.002664704
195361,2.688e-05
195380,3.328e-06
195391,8.1152e-05
195415,4.8128e-05
195416,0.003743744
195469,7.68e-07
195474,5.376e-05
195497,0.000576768
195505,0.000944896
195566,1.8688e-05
195568,2.7136e-05
195579,0.00014848
195583,1.7152e-05
195590,2.56e-06
195596,5.8112e-05
195600,4.352e-06
195604,8.448e-06
195617,0.000130304
195624,7.552e-05
195638,7.936e-06
195649,1.792e-06
195656,2.6624e-05
195666,0.000353024
195670,0.016174336
195766,2.0992e-05
195776,4.864e-06
195796,5.2992e-05
195803,0.000120576
195811,3.84e-06
195828,4.352e-06
195839,2.432e-05
195853,6.6048e-05
195858,8.5504e-05
195862,3.1744e-05
195875,3.3024e-05
195877,7.424e-05
195894,8.96e-05
195902,3.2512e-05
195905,6.0416e-05
195909,3.2256e-05
195935,8.96e-05
195952,0.000160768
195958,2.56e-07
195980,1.408e-05
195993,0.000107776
195997,2.8672e-05
196006,3.6096e-05
196018,2.816e-06
196019,3.072e-06
196032,0.00015232
196047,1.9456e-05
196052,2.6112e-05
196080,5.376e-06
196094,4.8384e-05
196097,0.00338816
196137,2.0736e-05
196153,5.5552e-05
196160,2.304e-05
196162,0.000115456
196197,7.04e-05
196207,3.6352e-05
196216,3.5072e-05
196219,4.608e-06
196240,4.6592e-05
196256,8.9088e-05
196264,5.7088e-05
196268,4.4032e-05
196272,7.552e-05
196288,5.12e-06
196297,8.5248e-05
196302,0.000124672
196316,1.3056e-05
196338,5.9648e-05
196344,1.3568e-05
196345,3.4048e-05
196353,8.4992e-05
196359,0.000105984
196370,1.3824e-05
196382,2.304e-06
196396,4.2496e-05
196406,1.0496e-05
196411,0.000157184
196419,5.4784e-05
196434,1.28e-05
196440,1.1264e-05
196457,1.7408e-05
196489,2.816e-05
196496,4.3008e-05
196499,3.328e-05
196509,8.8576e-05
196519,4.4032e-05
196524,0.000105472
196566,3.584e-06
196576,2.6112e-05
196581,4.608e-05
196583,0.000236288
196587,0.000144384
196602,4.4032e-05
196604,2.5344e-05
196617,0.000264448
196627,0.000258816
196645,0.000128512
196660,1.792e-06
196676,4.1984e-05
196679,5.2992e-05
196683,2.9184e-05
196693,0.004591872
196749,3.1232e-05
196760,7.0144e-05
196774,8.32e-05
196779,0.000143872
196799,6.0416e-05
196802,8.32e-05
196806,2.5344e-05
196836,4.864e-06
196858,5.632e-06
196862,7.2192e-05
196892,1.3312e-05
196912,9.216e-06
196914,9.3696e-05
196920,5.248e-05
196958,0.000182784
196972,1.92e-05
196976,2.176e-05
196980,5.5552e-05
196983,3.3792e-05
196987,9.9584e-05
197012,3.3792e-05
197015,3.6608e-05
197019,8.96e-06
197034,0.00023552
197044,5.12e-05
197064,7.68e-06
197068,0.000129792
197076,2.304e-05
197088,0.000116224
197098,3.9936e-05
197114,0.001965056
197134,0.000497152
197162,4.608e-06
197182,7.5776e-05
197203,9.5232e-05
197207,7.4496e-05
197213,5.4272e-05
197219,0.000151808
197238,0.000190208
197247,6.9376e-05
197256,4.992e-05
197260,6.4e-06
197268,3.5584e-05
197278,3.328e-06
197293,0.000408832
197296,0.006494208
197337,0.000392192
197370,3.0208e-05
197377,3.6864e-05
197384,3.968e-05
197406,4.096e-06
197439,1.792e-05
197446,3.0976e-05
197451,4.4544e-05
197462,2.56e-07
197470,1.792e-05
197477,1.536e-05
197487,1.8944e-05
197492,4.9152e-05
197518,3.072e-05
197535,2.9184e-05
197561,2.9696e-05
197573,5.1968e-05
197584,6.8608e-05
197588,2.816e-05
197595,1.536e-05
197604,6.6304e-05
197620,0.000179456
197628,6.2208e-05
197630,1.9968e-05
197643,7.936e-06
197646,8.8832e-05
197689,2.1504e-05
197702,0.000414976
197708,0.001512704
197728,0.004827904
197785,1.2544e-05
197787,1.536e-06
197790,1.0496e-05
197794,1.3824e-05
197797,1.536e-05
197802,6.656e-06
197814,4.352e-05
197816,5.9392e-05
197824,8.832e-05
197854,0.000276992
197856,2.0224e-05
197888,2.2016e-05
197893,0.000177664
197902,0.000140032
197906,0.0029376
197946,5.5808e-05
197959,0.000201728
197978,7.0656e-05
197984,2.432e-05
197994,0.000146432
198013,0.001342976
198042,1.4592e-05
198051,2.5856e-05
198058,7.68e-06
198069,1.7152e-05
198072,7.1936e-05
198083,5.0944e-05
198096,2.7136e-05
198107,1.28e-05
198113,6.5536e-05
198130,7.6032e-05
198140,2.9696e-05
198143,0.000104192
198147,0.000120832
198167,4.0704e-05
198174,3.072e-06
198178,0.000283648
198182,2.5088e-05
198197,0.000603648
198201,0.000113664
198204,0.099472384
198281,0.000137984
198306,5.7344e-05
198312,2.56e-05
198325,0.000174592
198343,0.000217088
198351,8.576e-05
198354,2.6112e-05
198373,0.000141568
198383,0.000280064
198406,0.000291072
198418,2.944e-05
198433,0.00013952
198449,1.152e-05
198461,3.584e-06
198465,0.000174848
198476,0.00019584
198485,0.00011392
198489,0.000124928
198512,0.000699648
198556,4.096e-06
198571,8.0384e-05
198583,7.5008e-05
198610,3.584e-05
198619,8.448e-06
198620,2.0736e-05
198628,1.2288e-05
198648,5.504e-05
198656,0.000626688
198686,0.000121088
198692,2.816e-05
198717,5.376e-06
198720,0.000182784
198727,8.6272e-05
198745,9.0368e-05
198768,0.0001216
198786,1.5104e-05
198803,3.328e-06
198812,2.8672e-05
198820,5.632e-06
198831,3.584e-05
198845,0.000174336
198873,7.424e-05
198893,7.936e-06
198896,5.1712e-05
198900,5.8368e-05
198910,1.1776e-05
198928,9.856e-05
198945,4.224e-05
198949,6.912e-05
198951,0.000108544
198968,4.608e-06
198974,1.2032e-05
198979,9.3696e-05
198989,6.3488e-05
198992,6.1184e-05
199000,6.4256e-05
199022,3.1232e-05
199023,5.4528e-05
199026,4.352e-06
199041,2.944e-05
199064,9.856e-05
199077,8.7808e-05
199093,0.026715648
199112,0.00184064
199167,8.5504e-05
199170,0.000306944
199207,5.2224e-05
199216,1.9968e-05
199219,8.448e-06
199231,3.2768e-05
199254,3.0976e-05
199256,5.5808e-05
199267,5.76e-05
199274,2.56e-05
199311,9.728e-06
199324,2.048e-06
199333,5.1456e-05
199343,4.6848e-05
199358,6.7584e-05
199382,0.000128768
199400,4.608e-06
199406,6.4512e-05
199419,1.792e-05
199424,1.152e-05
199438,0.000126208
199476,4.1472e-05
199482,8.5504e-05
199489,2.7904e-05
199495,1.8176e-05
199500,7.936e-06
199521,5.12e-05
199526,0.000270592
199538,4.864e-06
199556,2.5088e-05
199560,0.000495104
199568,6.0416e-05
199608,0.0001024
199619,0.000161792
199623,0.000122112
199628,9.6768e-05
199640,1.7152e-05
199677,8.4224e-05
199687,3.7632e-05
199690,0.00013952
199696,7.7824e-05
199701,0.000137728
199742,9.4464e-05
199747,3.712e-05
199753,4.7104e-05
199768,0.000112384
199769,0.000132864
199795,0.000206848
199812,4.8384e-05
199822,2.6112e-05
199825,2.816e-06
199829,2.7648e-05
199831,3.6608e-05
199843,2.9184e-05
199881,9.1392e-05
199896,5.8368e-05
199898,7.68e-07
199907,0.000128
199911,0.000280832
199916,9.0112e-05
199928,1.536e-06
199940,0.000139008
199943,4.352e-05
199945,1.4592e-05
199960,3.584e-06
199968,7.552e-05
199972,2.432e-05
199992,6.1696e-05
199994,0.000242944
200029,8.704e-06
200045,3.7376e-05
200051,5.12e-07
200056,0.000115712
200062,2.2528e-05
200063,2.3552e-05
200073,6.016e-05
200079,1.4336e-05
200114,2.56e-07
200119,3.2256e-05
200122,7.0912e-05
200127,3.84e-06
200135,1.5872e-05
200184,1.5616e-05
200186,5.7856e-05
200187,0.008454656
200228,3.5584e-05
200237,0.000149504
200265,2.0736e-05
200270,5.4016e-05
200271,9.472e-06
200276,5.632e-05
200287,7.8336e-05
200295,0.004948224
200341,6.5792e-05
200344,5.888e-06
200366,4.1984e-05
200385,8.8064e-05
200398,3.328e-05
200401,0.000180992
200432,1.5104e-05
200467,3.4048e-05
200477,0.000102912
200481,0.000113152
200494,1.8688e-05
200497,8.704e-05
200504,6.016e-05
200509,4.4544e-05
200517,5.2224e-05
200524,2.2016e-05
200530,4.6592e-05
200542,5.632e-06
200565,0.000153344
200567,8.064e-05
200586,2.8928e-05
200622,3.072e-06
200636,3.584e-06
200647,1.792e-06
200650,5.4528e-05
200685,3.4048e-05
200695,0.000182784
200721,8.704e-05
200728,1.4848e-05
200737,0.000191744
200768,1.536e-06
200773,8.96e-05
200796,4.5568e-05
200803,6.6816e-05
200814,9.2416e-05
200848,5.7088e-05
200862,3.1488e-05
200868,0.00010624
200873,4.9408e-05
200879,0.000114432
200894,0.002692352
200945,7.7568e-05
200955,6.656e-06
200965,5.888e-06
200970,0.00011904
200974,9.0368e-05
200995,0.000185088
201007,1.28e-06
201022,7.2704e-05
201029,0.000208128
201046,4.7616e-05
201051,3.84e-05
201067,0.000235008
201070,8.1408e-05
201073,1.9712e-05
201076,6.6048e-05
201087,7.808e-05
201122,0.000228864
201129,0.000111616
201135,4.5824e-05
201139,3.7888e-05
201142,5.9648e-05
201151,6.2464e-05
201154,2.56e-06
201164,6.3232e-05
201166,0.000103168
201184,7.168e-05
201188,6.4512e-05
201204,5.76e-05
201206,2.688e-05
201214,1.6128e-05
201238,2.56e-07
201239,7.936e-06
201278,3.7888e-05
201280,1.8176e-05
201283,1.3568e-05
201292,1.024e-06
201313,3.8912e-05
201314,4.864e-06
201345,1.3056e-05
201352,3.8144e-05
201354,7.68e-06
201356,3.7632e-05
201364,3.0208e-05
201388,9.9072e-05
201398,3.84e-06
201400,2.56e-06
201406,2.9696e-05
201439,1.3568e-05
201442,2.5088e-05
201461,0.000203264
201478,3.2768e-05
201489,8.5248e-05
201493,0.01471872
201497,0.0013824
201514,0.002838784
201550,4.096e-05
201560,0.000205824
201577,9.0624e-05
201589,1.28e-05
201601,3.4304e-05
201614,2.0992e-05
201626,2.8928e-05
201628,0.000172032
201640,4.3008e-05
201654,0.000185344
201658,2.048e-05
201666,2.4064e-05
201700,5.888e-06
201703,3.8912e-05
201706,2.9696e-05
201724,0.000221696
201732,0.00015104
201759,9.3184e-05
201778,2.0736e-05
201789,1.024e-06
201801,9.2672e-05
201805,2.7648e-05
201814,0.000147456
201817,9.216e-06
201824,0.00035968
201838,0.000258304
201868,8.32e-05
201875,2.4576e-05
201881,0.00021248
201897,4.352e-06
201912,0.000169984
201926,2.4832e-05
201930,3.584e-06
201936,2.56e-05
201941,0.000127232
201943,5.4016e-05
201964,2.0736e-05
201970,7.1168e-05
201974,3.4304e-05
201981,4.0448e-05
201989,0.000175872
202013,4.1472e-05
202017,4.9408e-05
202030,8.2688e-05
202037,5.4784e-05
202053,0.000182784
202078,0.000181504
202087,1.3824e-05
202089,5.1968e-05
202094,0.003057664
202095,0.002365184
202125,1.9456e-05
202154,0.000140288
202168,6.8864e-05
202176,1.4592e-05
202181,0.000189184
202204,0.000141312
202232,6.912e-06
202243,8.8064e-05
202249,0.000131328
202265,3.072e-06
202274,6.912e-06
202283,2.6368e-05
202289,4.3008e-05
202292,3.4304e-05
202293,3.5584e-05
202304,4.2752e-05
202309,2.9952e-05
202316,6.656e-06
202332,0.000290048
202360,1.408e-05
202365,1.024e-06
202377,6.5792e-05
202380,0.000143616
202402,3.2512e-05
202430,2.4064e-05
202456,3.8912e-05
202470,9.6256e-05
202490,0.000232192
202511,5.4016e-05
202520,1.28e-06
202533,3.1232e-05
202537,2.0736e-05
202538,1.28e-05
202552,1.9456e-05
202554,1.3568e-05
202556,1.3056e-05
202569,1.3824e-05
202575,5.9136e-05
202578,6.7328e-05
202584,0.000947712
202601,8.832e-05
202624,6.1184e-05
202637,7.6544e-05
202648,8.3456e-05
202654,2.2784e-05
202671,8.9344e-05
202693,0.026036224
202738,8.4224e-05
202769,7.04e-05
202771,2.7904e-05
202774,4.6848e-05
202798,5.3504e-05
202804,6.9632e-05
202837,1.2032e-05
202853,5.12e-07
202874,3.584e-06
202891,5.7344e-05
202894,8.8576e-05
202914,0.000115712
202919,0.000114176
202920,3.584e-05
202924,6.1184e-05
202925,6.2208e-05
202927,0.000159744
202950,8.9856e-05
202983,1.3568e-05
202990,0.000317952
202995,0.000135936
203025,7.2704e-05
203028,7.7312e-05
203057,1.9968e-05
203068,1.7408e-05
203072,0.000105984
203099,6.4768e-05
203108,9.6e-05
203121,1.024e-06
203126,2.2272e-05
203145,9.3184e-05
203165,4.608e-05
203175,0.00013184
203187,0.000123904
203202,7.0144e-05
203213,5.2736e-05
203222,5.632e-06
203227,0.000182016
203244,5.6832e-05
203249,1.9456e-05
203264,4.608e-06
203279,0.000107008
203292,2.2784e-05
203296,5.3248e-05
203303,0.000525568
203316,9.472e-06
203328,0.000129024
203338,0.00012928
203364,4.8384e-05
203377,0.000257024
203395,1.5872e-05
203399,0.000325376
203403,0.002002944
203426,0.00016
203450,2.8928e-05
203458,7.808e-05
203501,4.9664e-05
203524,7.9104e-05
203544,2.5088e-05
203551,2.048e-05
203553,4.7104e-05
203574,1.6896e-05
203575,6.4256e-05
203577,2.7904e-05
203603,0.000128512
203613,4.1472e-05
203638,2.432e-05
203654,0.000195584
203665,1.2544e-05
203676,0.0001664
203686,1.1776e-05
203706,2.4832e-05
203710,4.7104e-05
203716,1.8176e-05
203740,3.9424e-05
203759,6.3744e-05
203771,0.00011136
203809,6.0928e-05
203836,0.000213504
203848,1.0752e-05
203853,5.2736e-05
203870,9.984e-06
203883,7.5008e-05
203891,8.96e-05
203893,0.000225536
203896,0.006623744
203934,2.6624e-05
203989,9.8816e-05
203993,2.048e-05
204011,2.0992e-05
204016,3.712e-05
204020,4.864e-06
204054,0.000147712
204073,1.7152e-05
204098,1.2032e-05
204104,0.000106496
204106,0.00011392
204111,0.000305408
204114,0.000157184
204143,1.3056e-05
204155,2.5344e-05
204157,2.304e-06
204175,5.0432e-05
204201,1.8688e-05
204217,6.4768e-05
204230,8.6528e-05
204247,5.9648e-05
204260,8.3712e-05
204261,0.000699392
204294,0.000176128
204305,0.000109056
204314,0.000107008
204332,8.0896e-05
204340,1.6384e-05
204356,1.92e-05
204363,1.6384e-05
204369,5.632e-05
204390,7.68e-06
204401,0.004496384
204430,0.000104192
204454,8.704e-05
204469,0.00013696
204489,3.6096e-05
204494,0.000138752
204511,0.004669952
204565,2.944e-05
204569,1.92e-05
204574,0.000235264
204591,9.1648e-05
204612,0.000150016
204632,7.68e-07
204636,6.7328e-05
204642,9.5232e-05
204643,0.001373952
204685,3.84e-05
204687,3.2512e-05
204689,2.56e-07
204703,9.344e-05
204705,0.003755776
204765,1.1776e-05
204766,3.0976e-05
204778,0.000145408
204790,0.000181504
204795,3.6096e-05
204820,1.9712e-05
204826,2.7648e-05
204830,0.00020992
204861,2.048e-05
204899,3.328e-06
204904,1.1008e-05
204915,7.1936e-05
204917,4.4544e-05
204919,1.92e-05
204928,0.00013056
204980,4.7104e-05
204997,6.3488e-05
205000,3.2e-05
205034,0.000227328
205038,2.9952e-05
205042,3.328e-05
205043,8.3456e-05
205052,0.000399872
205066,0.000111616
205093,0.00436352
205097,0.004909824
205148,5.8112e-05
205155,0.000145408
205180,0.000122112
205199,3.9424e-05
205201,6.8352e-05
205203,1.4848e-05
205222,0.015465984
205224,0.005629184
205280,0.000175616
205284,4.352e-06
205301,2.2016e-05
205316,0.000118528
205329,1.4336e-05
205339,0.000136448
205344,7.7824e-05
205354,0.000249344
205399,0.000342016
205428,6.272e-05
205432,5.0432e-05
205439,0.103737856
205506,3.328e-06
205518,5.888e-06
205521,2.56e-07
205548,2.1248e-05
205554,8.576e-05
205589,6.9376e-05
205604,0.00019456
205645,0.00012928
205647,8.192e-06
205657,2.8672e-05
205671,1.2544e-05
205678,8.9088e-05
205693,0.000220672
205694,0.00061312
205705,0.002087936
205740,3.8912e-05
205742,2.2272e-05
205744,4.4288e-05
205758,8.704e-05
205762,2.9952e-05
205819,9.1392e-05
205838,5.248e-05
205844,0.000509184
205868,1.8176e-05
205894,2.3552e-05
205901,0.000169216
205905,0.000335872
205920,3.2512e-05
205922,0.000102656
205941,8.6528e-05
205946,9.088e-05
205958,1.2032e-05
205964,5.8112e-05
205990,0.000198144
206005,0.000145408
206017,0.000196864
206045,1.28e-05
206055,0.000136704
206059,0.00012544
206088,6.4e-05
206138,4.864e-05
206158,2.2528e-05
206171,0.0004928
206206,8.6528e-05
206209,9.9072e-05
206219,5.376e-06
206233,4.5312e-05
206242,7.5008e-05
206280,6.912e-06
206292,5.888e-05
206294,0.000749312
206343,2.304e-06
206345,3.072e-06
206380,0.000145664
206403,4.8896e-05
206408,4.7104e-05
206414,5.7344e-05
206435,0.000124416
206444,7.168e-05
206454,0.00032512
206473,1.536e-06
206479,0.000163328
206485,0.0001216
206487,1.4336e-05
206500,6.0672e-05
206521,2.5344e-05
206527,1.4592e-05
206544,7.3984e-05
206550,1.1008e-05
206553,7.936e-06
206554,1.152e-05
206560,0.000510208
206565,0.000283648
206568,0.0001536
206574,0.000164096
206580,0.0001984
206614,5.376e-05
206624,5.9392e-05
206634,0.00022528
206652,4.7872e-05
206674,0.000314624
206687,0.000108288
206701,0.004349184
206705,0.002664192
206770,1.792e-06
206783,3.072e-05
206787,3.5584e-05
206791,6.4256e-05
206804,0.000229632
206806,0.000148992
206816,6.272e-05
206823,3.5584e-05
206831,7.68e-07
206832,2.048e-06
206854,6.6048e-05
206868,5.4016e-05
206883,3.584e-05
206887,1.5872e-05
206906,0.002273792
206927,0.001123584
206961,4.352e-05
206966,0.000391424
206992,5.0176e-05
206995,9.216e-06
207007,2.2016e-05
207016,1.6384e-05
207038,4.352e-05
207055,8.7808e-05
207057,2.7392e-05
207060,9.9584e-05
207086,0.000104704
207103,2.8928e-05
207107,1.6384e-05
207129,0.00011008
207142,8.4224e-05
207154,0.000103424
207160,4.3264e-05
207184,3.84e-06
207208,4.0448e-05
207216,1.8176e-05
207225,2.8928e-05
207227,1.5872e-05
207248,2.2528e-05
207261,3.584e-06
207280,0.000114688
207288,4.0448e-05
207290,5.2992e-05
207298,0.000196608
207302,9.0368e-05
207310,0.000131072
207361,5.888e-05
207373,4.4032e-05
207378,4.5056e-05
207384,3.584e-05
207389,5.9392e-05
207393,5.6064e-05
207397,0.000133632
207399,2.0736e-05
207417,4.1472e-05
207448,7.3472e-05
207457,6.4512e-05
207474,5.7344e-05
207480,0.000133376
207504,2.2784e-05
207506,2.56e-06
207510,3.1232e-05
207512,4.2752e-05
207533,2.7392e-05
207535,6.9632e-05
207547,3.1232e-05
207594,5.888e-05
207604,0.00013952
207623,8.2432e-05
207657,7.936e-05
207664,4.8128e-05
207667,2.56e-07
207681,0.000325376
207686,0.000250112
207727,7.68e-06
207743,6.016e-05
207747,3.1488e-05
207750,5.4528e-05
207770,3.0464e-05
207795,0.000118272
207804,5.7344e-05
207812,4.608e-06
207816,0.001426688
207842,5.0688e-05
207868,6.144e-05
207879,1.6384e-05
207907,0.000129792
207919,3.8656e-05
207931,6.4512e-05
207954,0.002124288
207974,0.01052544
208012,0.003098112
208019,0.099992832
208092,1.152e-05
208094,7.68e-07
208110,8.6272e-05
208111,0.000178688
208125,5.888e-06
208135,9.2928e-05
208167,9.2672e-05
208180,0.000882944
208181,0.001431808
208192,0.000160256
208195,0.000792576
208197,0.000110848
208199,0.000513024
208200,0.000686848
208206,0.001175808
208264,7.2704e-05
208294,7.936e-06
208298,1.28e-06
208308,9.6768e-05
208314,6.656e-05
208321,0.00012288
208348,5.888e-05
208359,0.000992256
208402,0.000104192
208438,8.7552e-05
208439,2.304e-05
208457,3.6096e-05
208477,5.8368e-05
208485,5.6832e-05
208487,5.0944e-05
208496,5.8624e-05
208502,0.000118016
208511,6.784e-05
208521,0.0001024
208532,5.376e-06
208534,1.792e-06
208562,4.9664e-05
208568,7.168e-05
208571,0.000179456
208595,2.2528e-05
208604,1.792e-06
208617,0.100623104
208662,0.000789504
208693,0.026303232
208760,2.7136e-05
208773,0.000166144
208804,4.7872e-05
208813,0.000175104
208815,0.001130752
208817,0.040514816
208838,0.00202112
208881,5.0688e-05
208890,0.000190976
208901,8.96e-06
208907,4.352e-05
208962,3.9936e-05
208971,7.7056e-05
208986,6.3744e-05
209013,0.001195264
209043,7.68e-06
209054,0.000115712
209057,9.0112e-05
209069,3.328e-06
209076,1.5616e-05
209093,5.6576e-05
209096,9.8816e-05
209119,3.6864e-05
209128,2.816e-06
209135,0.000548864
209161,8.7808e-05
209186,2.816e-06
209192,7.68e-06
209210,4.608e-05
209212,2.176e-05
209216,4.0448e-05
209229,3.0464e-05
209242,5.2224e-05
209249,3.584e-06
209256,8.5248e-05
209282,1.1008e-05
209294,0.007993344
209312,0.000680448
209373,6.7072e-05
209375,2.7392e-05
209387,3.7632e-05
209401,8.2176e-05
209404,0.0004416
209444,4.6848e-05
209453,1.7408e-05
209471,0.00032384
209508,7.168e-06
209524,9.4976e-05
209582,4.5568e-05
209592,4.4032e-05
209608,2.944e-05
209617,9.344e-05
209635,1.1008e-05
209643,4.9152e-05
209664,0.000128256
209677,0.000208896
209681,0.000108032
209707,0.000124672
209722,2.56e-06
209744,0.002676224
209809,5.888e-06
209860,0.000169472
209870,7.04e-05
209893,0.006546944
209895,0.003379968
209955,2.816e-06
209969,4.48e-05
209984,0.000135424
209988,1.6128e-05
209992,4.8896e-05
209998,0.000169216
210007,5.4016e-05
210042,6.6816e-05
210052,0.000146944
210057,0.000835328
210090,2.9696e-05
210094,0.000184832
210110,1.5616e-05
210121,4.1472e-05
210142,1.1264e-05
210148,1.92e-05
210159,0.000100096
210172,3.7376e-05
210187,3.2768e-05
210198,1.024e-05
210202,6.4768e-05
210212,7.424e-06
210230,0.000216832
210273,2.4832e-05
210275,6.9888e-05
210278,6.272e-05
210282,0.00012288
210299,2.7648e-05
210307,2.048e-05
210324,1.0752e-05
210351,3.0208e-05
210357,2.0224e-05
210361,5.12e-06
210379,0.000142336
210394,7.8592e-05
210425,0.000109568
210432,1.0752e-05
210446,4.9408e-05
210467,0.00010624
210472,4.352e-06
210488,6.5024e-05
210497,0.000724224
210537,9.472e-06
210539,6.1952e-05
210547,2.176e-05
210552,0.000182272
210583,0.00014336
210612,0.000486144
210639,2.56e-06
210644,2.56e-05
210654,5.4016e-05
210705,1.5616e-05
210710,0.000132096
210757,1.3312e-05
210761,0.001273856
210791,3.8912e-05
210827,1.1008e-05
210857,6.9632e-05
210892,0.000128768
210905,0.000104192
210908,0.001742336
210942,4.4544e-05
210958,0.000146944
210969,7.1168e-05
210992,6.4e-06
211002,3.2e-05
211031,2.2528e-05
211038,1.5616e-05
211042,7.5008e-05
211053,6.144e-05
211079,4.3008e-05
211092,1.6128e-05
211093,0.006715136
211154,0.000142848
211166,3.0208e-05
211177,0.000132864
211203,8.704e-06
211214,9.1648e-05
211219,6.4e-06
211224,8.8064e-05
211257,4.0192e-05
211263,7.1936e-05
211266,2.048e-05
211277,3.5328e-05
211294,1.536e-05
211297,2.176e-05
211326,3.2768e-05
211333,6.3488e-05
211341,6.656e-06
211349,2.8672e-05
211369,6.8352e-05
211385,0.000888064
211414,0.000126464
211451,7.168e-06
211463,0.000126208
211473,6.0416e-05
211479,9.7792e-05
211495,1.28e-06
211516,0.000758784
211539,6.3232e-05
211561,3.712e-05
211572,6.656e-06
211601,7.168e-06
211603,2.7136e-05
211648,2.3808e-05
211659,0.000131072
211670,4.7104e-05
211683,2.7136e-05
211687,6.9376e-05
211697,0.000203264
211740,8.0384e-05
211764,6.144e-06
211768,2.816e-05
211772,0.000104192
211785,6.3232e-05
211792,3.328e-05
211817,1.1776e-05
211820,5.12e-06
211832,1.536e-05
211851,6.0416e-05
211863,7.68e-07
211865,5.376e-06
211873,3.7632e-05
211877,0.000410624
211925,6.7072e-05
211930,1.6384e-05
211953,4.3776e-05
211960,1.408e-05
211990,1.4592e-05
211992,5.632e-05
212006,0.000144128
212028,9.216e-06
212032,0.000173824
212044,5.888e-05
212048,1.6384e-05
212049,0.00020864
212050,0.00111744
212052,0.000349696
212055,0.007405824
212068,0.004030208
212117,1.6128e-05
212130,5.4528e-05
212150,0.000134912
212156,1.0752e-05
212181,5.376e-06
212189,5.8624e-05
212201,2.6368e-05
212208,2.3296e-05
212229,6.8864e-05
212246,7.68e-07
212256,5.248e-05
212284,2.56e-05
212287,9.0112e-05
212297,0.00205952
212340,3.4816e-05
212342,7.2192e-05
212357,4.48e-05
212359,3.9424e-05
212383,2.6624e-05
212385,4.6848e-05
212397,1.9712e-05
212408,2.304e-05
212412,6.656e-06
212440,1.1776e-05
212462,3.5072e-05
212465,8.0896e-05
212483,1.1776e-05
212505,6.3744e-05
212506,0.00011776
212524,7.3728e-05
212531,4.608e-06
212536,0.003409408
212555,0.00344704
212557,0.003038976
212640,7.8336e-05
212643,0.000381696
212648,0.000284928
212665,0.00317568
212704,9.1392e-05
212724,4.864e-06
212740,0.000188928
212748,0.006541568
212749,0.004319488
212750,0.001330176
212807,1.536e-06
212824,2.5088e-05
212832,5.12e-07
212838,6.0928e-05
212858,3.8912e-05
212860,8.6272e-05
212877,0.000156928
212888,0.000123392
212899,0.000186112
212902,1.536e-06
212925,4.1472e-05
212945,2.4832e-05
212970,0.000103424
212976,6.912e-06
212984,6.6816e-05
213016,0.000136704
213038,0.000128256
213050,1.3056e-05
213064,1.4336e-05
213072,1.1008e-05
213085,7.04e-05
213090,7.2448e-05
213100,0.00019712
213101,0.001083904
213121,0.007708416
213157,5.12e-07
213169,0.000102656
213190,1.8176e-05
213198,2.4064e-05
213210,0.000126976
213229,0.000137728
213237,9.8816e-05
213254,4.6592e-05
213265,2.56e-07
213278,0.000115456
213280,0.000248576
213285,0.000137216
213341,0.000112384
213354,0.000193024
213378,4.5056e-05
213388,7.8848e-05
213408,8.064e-05
213411,2.432e-05
213447,7.168e-06
213448,0.000880384
213468,0.000428288
213483,1.7664e-05
213491,3.328e-06
213493,0.000402944
213512,7.6032e-05
213540,2.56e-07
213550,9.0112e-05
213573,0.000125952
213579,0.000583168
213619,4.5312e-05
213628,3.328e-05
213639,0.000107008
213649,6.912e-06
213658,3.5584e-05
213677,2.6624e-05
213683,1.8432e-05
213709,6.1184e-05
213737,0.000188672
213749,7.936e-05
213762,8.8064e-05
213767,1.536e-06
213777,1.7408e-05
213790,0.000645632
213844,6.912e-06
213856,5.2736e-05
213860,3.3536e-05
213875,0.00018688
213880,5.504e-05
213888,9.728e-06
213895,2.2528e-05
213920,9.0624e-05
213931,0.00010752
213952,4.9664e-05
213960,0.000392192
213988,4.736e-05
214001,3.3536e-05
214005,9.216e-06
214023,8.832e-05
214028,4.0704e-05
214035,4.5312e-05
214040,0.000109824
214055,0.000541696
214057,0.020475904
214093,0.004366592
214130,8.2944e-05
214146,8.3456e-05
214166,2.6624e-05
214169,5.12e-06
214183,0.00019072
214190,0.000183552
214210,0.000122624
214217,0.000139008
214259,2.5856e-05
214264,2.816e-06
214287,8.8576e-05
214296,0.000119808
214302,5.5808e-05
214319,2.4576e-05
214331,1.536e-06
214344,4.608e-06
214349,3.5072e-05
214371,6.784e-05
214378,0.000325632
214401,0.000136704
214419,5.376e-05
214421,2.7136e-05
214444,0.000158976
214446,2.816e-06
214462,3.072e-05
214469,4.0192e-05
214480,8.3968e-05
214521,1.5616e-05
214526,3.8144e-05
214539,0.000133376
214545,4.5568e-05
214549,2.1248e-05
214571,2.816e-05
214575,9.856e-05
214586,0.00295424
214637,1.6128e-05
214652,7.3472e-05
214680,2.4064e-05
214690,1.2544e-05
214694,0.000168704
214706,0.002888704
214743,0.00016384
214745,4.608e-05
214768,0.003885056
214833,0.000105728
214835,1.5104e-05
214837,1.9712e-05
214842,1.4592e-05
214868,1.5104e-05
214875,6.2208e-05
214886,1.8944e-05
214892,1.9456e-05
214927,0.0002176
214939,0.000621312
214942,0.001336832
214967,0.002377216
214991,0.003817984
214994,0.004705024
214996,0.001747456
215039,7.1168e-05
215046,4.8128e-05
215059,3.072e-05
215082,5.12e-06
215101,7.0656e-05
215109,1.536e-05
215130,3.3792e-05
215137,8.7552e-05
215142,0.003252992
215186,7.68e-07
215195,0.000188928
215209,0.000163328
215219,2.5856e-05
215228,3.9424e-05
215237,2.4832e-05
215245,2.048e-05
215257,0.000432128
215288,0.001179648
215293,0.02553728
215347,7.3728e-05
215356,0.000129024
215362,0.000506624
215363,0.001452288
215365,0.003010304
215404,5.76e-05
215441,2.9952e-05
215451,3.7632e-05
215453,9.984e-06
215460,4.992e-05
215461,5.3504e-05
215484,1.3824e-05
215519,7.9872e-05
215528,8.6784e-05
215535,0.00016896
215570,3.6096e-05
215576,7.936e-06
215581,2.816e-05
215592,3.328e-06
215598,2.7904e-05
215609,2.176e-05
215622,6.2464e-05
215626,2.56e-05
215634,4.5568e-05
215642,6.5792e-05
215658,1.024e-05
215716,4.3264e-05
215741,1.5104e-05
215762,3.9424e-05
215767,1.7408e-05
215777,5.1456e-05
215788,0.00012544
215796,5.0176e-05
215825,0.00019328
215834,0.00092288
215853,2.0736e-05
215884,8.4992e-05
215893,5.0176e-05
215897,0.008022528
215937,1.3056e-05
215946,5.12e-06
215953,5.376e-06
215963,0.00011264
215982,8.6272e-05
215993,7.424e-06
216006,1.1008e-05
216016,3.584e-05
216031,4.0704e-05
216062,3.1488e-05
216067,0.000197888
216080,7.68e-07
216082,7.68e-05
216092,5.9904e-05
216118,2.7904e-05
216137,2.0736e-05
216139,0.000234752
216147,9.344e-05
216174,1.6384e-05
216181,8.8064e-05
216193,0.000328448
216207,0.001520384
216233,2.5856e-05
216240,0.000122368
216245,0.006077952
216299,5.888e-05
216300,0.000251648
216305,0.002963968
216350,0.000565248
216378,4.48e-05
216387,2.5344e-05
216390,9.728e-06
216396,6.656e-06
216413,1.3056e-05
216415,0.000182272
216488,0.000139264
216493,0.00652672
216495,0.00342784
216553,7.3472e-05
216572,4.6848e-05
216575,4.5568e-05
216588,5.1968e-05
216594,8.7552e-05
216620,0.000126464
216629,3.1744e-05
216650,3.456e-05
216656,2.3552e-05
216669,5.12e-06
216678,2.5088e-05
216682,0.000107008
216685,0.000713728
216710,8.4992e-05
216732,2.9696e-05
216745,4.5824e-05
216749,0.001985792
216784,1.3312e-05
216790,4.9408e-05
216792,0.00020864
216816,4.736e-05
216832,6.4e-06
216834,0.000141568
216835,0.000112128
216857,8.1408e-05
216875,4.2752e-05
216893,2.7648e-05
216900,3.6608e-05
216907,7.2192e-05
216910,2.048e-06
216924,8.32e-05
216931,4.5824e-05
216938,0.000129536
216968,0.000187136
216990,4.8384e-05
216998,2.0992e-05
217000,4.5312e-05
217010,1.3824e-05
217045,1.408e-05
217053,0.00014336
217070,1.792e-05
217076,0.000286976
217094,0.001851136
217106,0.002370048
217162,0.000448768
217165,0.000200192
217192,2.0736e-05
217214,2.3296e-05
217225,1.792e-06
217242,7.168e-05
217268,0.000205312
217273,0.000215296
217294,0.000120832
217308,4.0192e-05
217319,0.000103424
217332,0.000244992
217334,4.9152e-05
217344,8.32e-05
217384,6.656e-06
217389,5.0944e-05
217423,1.28e-06
217428,3.328e-06
217441,8.0896e-05
217443,7.5008e-05
217462,0.000300032
217494,9.1136e-05
217514,0.001079296
217533,0.00062464
217535,0.002041088
217537,0.001227008
217566,2.9696e-05
217614,0.000201984
217628,0.000308992
217643,5.8112e-05
217657,6.4e-06
217664,4.4544e-05
217669,2.816e-06
217679,6.8864e-05
217681,5.4528e-05
217693,0.004008448
217706,0.000329728
217742,0.035403008
217810,5.0176e-05
217822,4.4288e-05
217827,7.424e-05
217855,0.000165376
217863,0.000579328
217879,4.096e-06
217913,6.9888e-05
217930,1.28e-06
217933,3.8912e-05
217947,6.9376e-05
217957,0.000111616
217982,0.00012032
217984,7.9104e-05
217991,1.1008e-05
218003,0.000420352
218005,8.5504e-05
218032,0.000162304
218050,5.504e-05
218053,4.7616e-05
218073,0.00016256
218096,8.32e-05
218111,6.656e-06
218132,2.1248e-05
218138,0.000270848
218188,2.7648e-05
218191,0.000111616
218225,1.4848e-05
218251,1.1264e-05
218254,7.424e-05
218258,2.688e-05
218261,5.2992e-05
218270,4.9152e-05
218283,3.5584e-05
218307,0.001638656
218333,9.728e-06
218345,9.216e-06
218375,0.001171968
218406,2.944e-05
218412,3.6096e-05
218434,5.2992e-05
218477,4.7104e-05
218480,9.1648e-05
218519,0.000212736
218525,3.84e-06
218527,4.5056e-05
218538,0.003447296
218540,0.009254656
218602,4.608e-06
218606,3.9168e-05
218608,4.3008e-05
218624,2.304e-05
218633,5.9136e-05
218637,5.6064e-05
218646,1.6896e-05
218657,0.000463616
218694,4.4288e-05
218700,0.000765184
218763,8.5504e-05
218779,0.000111872
218782,0.00018688
218793,2.944e-05
218812,9.7024e-05
218816,2.4576e-05
218823,0.000181248
218842,1.4848e-05
218871,0.000116992
218893,9.728e-06
218896,0.005458944
218961,0.0003328
219005,3.072e-05
219006,2.7904e-05
219008,4.992e-05
219012,2.176e-05
219020,0.00014464
219044,3.2e-05
219061,0.00010368
219075,0.003689216
219094,0.001633792
219095,0.000179712
219096,0.00367872
219123,0.002761216
219166,2.3552e-05
219182,0.000148736
219187,1.28e-05
219189,1.792e-05
219199,2.816e-06
219212,0.000150528
219254,8.0384e-05
219258,6.016e-05
219275,0.010394624
219317,2.7392e-05
219324,0.000169472
219340,2.7136e-05
219344,1.28e-06
219373,8.7296e-05
219381,3.328e-06
219384,2.176e-05
219408,1.792e-05
219411,9.472e-05
219423,0.000110336
219424,0.000911616
219432,0.003227648
219463,3.84e-06
219481,5.632e-05
219493,0.006329856
219505,0.002424832
219509,0.001067776
219511,0.001529088
219554,1.9456e-05
219557,9.6768e-05
219563,0.000290048
219574,6.4768e-05
219599,0.005501952
219643,2.2784e-05
219645,0.00011392
219677,0.000265472
219682,3.584e-05
219691,0.001756416
219704,0.001728256
219747,6.528e-05
219754,8.0128e-05
219762,0.000629504
219766,9.344e-05
219767,0.001974784
219806,0.000112384
219829,3.3536e-05
219833,0.00023296
219848,0.000208896
219850,0.000235776
219883,1.2288e-05
219888,0.000285184
219908,9.728e-05
219916,0.00190976
219921,0.000273152
219955,2.2784e-05
219959,0.000144128
219969,0.000114688
219973,0.002006272
220015,1.0752e-05
220021,0.00030976
220049,0.000107008
220060,2.176e-05
220079,0.000215552
220103,2.7648e-05
220105,9.0368e-05
220115,0.001397248
220118,0.002455808
220182,1.2544e-05
220190,3.6864e-05
220194,0.00010624
220202,0.000114432
220206,0.000270592
220239,0.00011776
220243,0.000110336
220244,4.5824e-05
220253,0.000539392
220288,0.000122112
220300,0.000161792
220315,0.001501696
220333,0.000500992
220358,2.56e-07
220368,0.000102144
220372,0.0001088
220378,0.0001088
220393,4.736e-05
220398,3.2512e-05
220405,0.000351488
220444,0.000125184
220446,0.00027136
220481,6.6816e-05
220505,0.000103936
220514,7.1936e-05
220536,1.536e-06
220570,0.00011392
220581,4.9152e-05
220595,4.7616e-05
220604,0.000372224
220628,8.3712e-05
220654,6.5792e-05
220656,0.000140544
220670,0.000100352
220674,0.000382208
220692,0.000195328
220694,0.000914432
220726,9.2928e-05
220758,6.6816e-05
220760,0.000561664
220780,3.968e-05
220794,0.00017792
220822,8.3968e-05
220823,0.00133888
220824,0.00225792
220827,0.001208576
220828,0.000538624
220900,1.92e-05
220903,0.000300544
220911,0.000491776
220935,8.1408e-05
220942,0.00017664
220952,0.000184064
220996,0.006741504
221044,7.6544e-05
221047,0.000208128
221072,0.000141568
221098,0.000123648
221100,0.00021888
221109,5.248e-05
221136,6.9632e-05
221149,0.000177664
221169,9.4464e-05
221178,2.5088e-05
221195,6.4e-06
221209,0.000133632
221228,0.000293632
221232,3.968e-05
221249,7.2192e-05
221261,5.1712e-05
221285,1.9456e-05
221291,4.6592e-05
221294,0.001657344
221316,0.000600576
221320,0.000190464
221350,8.3968e-05
221370,5.1712e-05
221374,0.00013952
221387,8.32e-05
221397,9.2416e-05
221399,2.8672e-05
221406,0.000710144
221460,6.2208e-05
221472,0.00019968
221520,0.000199424
221528,2.4832e-05
221534,0.00011392
221545,1.6896e-05
221605,2.6368e-05
221610,0.000324352
221612,7.7312e-05
221614,4.7616e-05
221619,0.00024832
221639,5.8112e-05
221647,1.8176e-05
221669,7.3984e-05
221673,8.192e-06
221676,3.456e-05
221681,9.2416e-05
221686,1.9456e-05
221699,0.000109824
221726,4.096e-05
221734,3.072e-06
221747,6.2208e-05
221755,0.000716288
221761,0.000277504
221778,2.9952e-05
221779,8.1408e-05
221799,7.8336e-05
221817,0.000215552
221827,4.6848e-05
221886,4.8128e-05
221893,0.004448256
221898,0.003858944
221920,0.003764224
221947,0.000451328
221995,0.000217344
222002,0.000148736
222021,7.0144e-05
222037,0.000192768
222054,0.000476928
222067,7.5776e-05
222077,1.5616e-05
222088,1.8176e-05
222090,0.0001088
222100,0.00011776
222113,2.2784e-05
222122,0.012301056
222165,0.000202752
222168,0.000111616
222188,3.7632e-05
222198,2.944e-05
222210,7.2192e-05
222225,1.7408e-05
222231,3.84e-06
222241,8.96e-05
222242,0.002942976
222285,0.000220416
222287,3.584e-06
222304,4.7104e-05
222335,2.304e-06
222338,2.9696e-05
222340,5.504e-05
222343,5.248e-05
222345,1.664e-05
222347,5.8368e-05
222351,0.00126592
222367,0.003103744
222429,5.5552e-05
222434,2.2784e-05
222447,0.000149248
222448,0.00048384
222470,0.000102144
222486,5.6576e-05
222494,1.536e-06
222496,9.4464e-05
222546,0.01038464
222571,0.001786368
222608,9.6256e-05
222613,6.912e-06
222631,0.000387072
222689,6.144e-05
222706,0.000916992
222719,4.0704e-05
222750,9.728e-05
222757,7.3216e-05
222770,8.8064e-05
222784,3.7376e-05
222788,0.000459776
222822,1.536e-05
222831,0.00010496
222834,4.5568e-05
222837,4.6592e-05
222860,5.632e-05
222862,2.048e-05
222865,1.1776e-05
222874,2.7904e-05
222932,2.048e-06
222940,4.608e-05
222957,0.00015104
222985,1.9456e-05
222990,0.00053888
223008,0.00045184
223036,7.6032e-05
223061,0.000160768
223063,0.000260608
223067,3.8144e-05
223080,4.864e-05
223093,0.022934016
223114,0.008949248
223151,0.004143104
223154,0.000894208
223218,2.6368e-05
223233,0.000133888
223256,6.144e-05
223270,0.000782848
223292,2.56e-07
223317,7.2192e-05
223330,0.000211456
223343,0.00505344
223404,0.000281344
223438,7.68e-05
223441,0.001309696
223469,7.296e-05
223493,1.024e-06
223497,7.68e-06
223517,0.000158976
223543,4.096e-05
223553,0.00129536
223562,4.2496e-05
223616,0.000423424
223629,0.000567552
223656,1.6384e-05
223661,0.000162304
223674,0.000549376
223691,1.28e-06
223700,0.000877312
223715,8.9344e-05
223737,0.000384
223746,0.002724352
223765,0.00221952
223769,0.004151296
223771,0.0055872
223776,0.000410368
223780,0.000556032
223852,2.2272e-05
223861,5.2224e-05
223865,0.000237312
223873,1.2288e-05
223876,8.6016e-05
223888,5.4528e-05
223893,0.000456704
223900,0.000423168
223947,8.448e-05
223956,2.4832e-05
223973,1.408e-05
223974,1.1264e-05
223977,8.7552e-05
223980,4.864e-06
223993,6.1952e-05
224000,9.1136e-05
224010,3.8144e-05
224029,1.7408e-05
224039,0.00021504
224050,8.192e-05
224061,0.00130176
224090,0.00011136
224093,3.2512e-05
224094,8.704e-05
224097,0.00061824
224120,2.304e-05
224133,4.096e-05
224138,1.5616e-05
224140,5.2224e-05
224142,6.272e-05
224155,4.608e-06
224205,0.00028288
224220,0.001231616
224256,0.09994496
224293,0.025378816
224361,0.005910272
224370,0.000374016
224432,0.000370432
224435,0.002878976
224455,0.00086016
224517,0.003514624
224533,0.001236736
224534,0.002496
224580,6.5536e-05
224591,7.3728e-05
224600,0.000208128
224608,7.8848e-05
224610,0.003141376
224656,2.0992e-05
224670,7.168e-06
224682,0.000296704
224698,2.7136e-05
224706,0.000186112
224711,0.000383744
224727,0.000182016
224735,7.424e-06
224763,0.00014848
224780,0.000221696
224782,1.408e-05
224816,8.6016e-05
224837,0.000345344
224865,1.4592e-05
224868,0.000384512
224893,0.000214272
224903,5.0688e-05
224906,0.00259712
224940,0.0003136
224953,0.000205056
224957,0.001311488
225005,7.6032e-05
225024,5.12e-07
225031,0.00027136
225042,0.0002624
225047,0.000280832
225048,6.6048e-05
225076,0.000146432
225080,0.000189184
225106,3.9936e-05
225126,6.8864e-05
225129,5.376e-06
225136,0.000103936
225149,6.3744e-05
225153,9.472e-06
225163,1.2288e-05
225174,0.000196096
225179,2.4832e-05
225183,1.6896e-05
225207,0.000521216
225210,0.002375168
225250,1.8688e-05
225262,2.944e-05
225263,5.3504e-05
225274,3.84e-06
225290,3.4048e-05
225293,0.000183808
225296,0.0010624
225325,0.000505856
225339,0.000498688
225367,0.000105216
225377,0.001950464
225388,0.008582144
225435,1.792e-06
225454,0.000100352
225457,8.704e-06
225465,7.936e-06
225468,4.9664e-05
225471,2.0736e-05
225477,8.0896e-05
225485,6.2464e-05
225493,0.002839552
225496,0.00413056
225542,1.0752e-05
225564,9.2416e-05
225588,0.00014592
225618,8.192e-06
225623,7.9872e-05
225628,2.7648e-05
225642,3.3536e-05
225660,1.5872e-05
225675,3.2e-05
225676,2.4832e-05
225679,4.1728e-05
225692,3.9168e-05
225719,2.8672e-05
225725,0.000119296
225746,6.4e-05
225752,0.000138752
225814,0.000141056
225816,0.000365056
225857,7.6544e-05
225863,5.9136e-05
225906,5.9392e-05
225910,7.936e-05
225933,7.2704e-05
225938,7.7568e-05
225951,3.84e-06
225957,1.3568e-05
225986,0.000194304
226013,0.005314048
226055,2.8928e-05
226065,5.1712e-05
226087,4.992e-05
226093,7.6288e-05
226109,4.1472e-05
226122,8.1152e-05
226131,0.000250112
226146,6.4256e-05
226149,1.8176e-05
226177,7.6288e-05
226195,6.5536e-05
226205,6.784e-05
226225,2.1504e-05
226238,0.000151552
226241,0.000167424
226256,0.000101376
226303,5.7856e-05
226306,4.1728e-05
226324,9.4208e-05
226347,6.9376e-05
226354,0.000256768
226360,0.000128
226389,5.5808e-05
226394,1.0496e-05
226413,4.3008e-05
226417,3.3792e-05
226422,5.9904e-05
226438,2.5344e-05
226443,9.9584e-05
226450,2.304e-05
226467,0.000182272
226483,0.000207104
226497,0.003902208
226554,5.9904e-05
226555,0.000104448
226575,1.0752e-05
226578,0.000812032
226583,0.001768192
226638,0.000170752
226648,0.00010496
226658,1.1776e-05
226690,3.5328e-05
226693,0.006565376
226744,4.7616e-05
226750,0.000182016
226755,0.004019712
226804,8.704e-06
226811,5.9392e-05
226823,7.04e-05
226840,7.68e-05
226865,4.2752e-05
226878,0.000112896
226895,2.816e-06
226901,0.000520704
226939,0.000868096
226951,0.0001152
226973,4.8896e-05
226989,3.3536e-05
226994,0.003020032
227027,1.1008e-05
227037,1.6128e-05
227048,1.8688e-05
227064,9.856e-05
227083,2.816e-06
227098,7.4752e-05
227128,0.000118784
227140,2.8416e-05
227176,1.3568e-05
227180,5.0432e-05
227199,3.6352e-05
227218,5.9136e-05
227232,4.0448e-05
227234,2.7648e-05
227243,1.3824e-05
227252,1.4848e-05
227254,5.12e-05
227288,0.00039424
227293,2.8672e-05
227297,0.003079936
227307,0.0022336
227340,2.7136e-05
227373,0.000130304
227376,2.6624e-05
227390,2.4576e-05
227395,0.00316032
227447,1.0752e-05
227462,6.5536e-05
227467,3.6096e-05
227469,7.4752e-05
227488,0.00044928
227503,0.000178176
227523,0.003537408
227525,0.002949376
227561,7.68e-06
227590,5.3248e-05
227599,0.00080384
227644,0.000176128
227647,0.000348928
227665,0.000219904
227685,8.7808e-05
227704,5.1712e-05
227710,1.792e-06
227723,4.8896e-05
227737,0.000171776
227757,6.4512e-05
227762,0.000452352
227820,0.000100352
227822,0.00182016
227823,0.000828416
227870,9.8304e-05
227875,6.1696e-05
227886,2.56e-07
227897,4.6848e-05
227918,7.3984e-05
227948,9.2928e-05
227960,3.2256e-05
227990,0.00116992
228005,0.010478848
228088,0.000199936
228107,0.003598848
228157,7.424e-06
228186,1.5872e-05
228188,5.5296e-05
228190,0.005473536
228211,0.000496128
228243,8.32e-05
228265,6.8352e-05
228268,3.584e-05
228288,0.000113152
228289,6.3744e-05
228301,2.0992e-05
228302,0.002272
228308,0.008662784
228388,2.9184e-05
228399,6.272e-05
228403,4.5824e-05
228422,0.001028096
228448,2.56e-06
228457,1.6896e-05
228480,0.000104448
228497,0.000233472
228506,0.001245184
228524,0.003660032
228565,0.00059776
228576,2.4832e-05
228603,0.00012032
228632,6.784e-05
228635,2.2784e-05
228660,2.4064e-05
228667,3.0976e-05
228670,1.7408e-05
228676,0.000624384
228698,0.000162048
228708,2.9696e-05
228719,1.3824e-05
228732,0.00013568
228745,9.472e-06
228751,8.0896e-05
228780,5.5552e-05
228787,4.5824e-05
228795,2.304e-05
228809,7.1936e-05
228858,1.4848e-05
228896,1.024e-06
228897,0.000136448
228925,0.00323456
228955,0.000608
228988,4.6848e-05
229020,9.216e-06
229021,4.096e-05
229027,0.000103424
229038,5.12e-06
229045,9.472e-05
229047,1.3824e-05
229082,4.608e-05
229091,0.000175104
229093,0.001902336
229098,0.000132352
229106,0.00178688
229141,4.1472e-05
229158,0.000246784
229169,0.000373248
229187,0.005354496
229191,0.00064256
229233,3.456e-05
229246,9.7536e-05
229279,1.3312e-05
229286,2.0224e-05
229295,3.7376e-05
229307,1.408e-05
229308,5.4784e-05
229323,0.000100608
229326,3.7632e-05
229327,0.000661504
229380,0.00019456
229393,6.1952e-05
229419,2.5344e-05
229425,0.000230656
229454,6.8864e-05
229461,4.1216e-05
229470,0.004049408
229518,4.0448e-05
229538,1.024e-06
229545,8.96e-06
229557,9.728e-06
229559,1.5872e-05
229578,6.4e-06
229594,0.000444672
229603,3.6864e-05
229613,3.5584e-05
229615,0.00011648
229624,6.2464e-05
229633,0.000179456
229646,2.6624e-05
229660,5.76e-05
229665,5.12e-05
229672,8.6016e-05
229678,0.004653312
229694,0.000273152
229734,7.808e-05
229738,1.792e-06
229762,2.5856e-05
229770,7.8848e-05
229789,1.024e-05
229792,0.00360192
229850,2.0224e-05
229865,3.3024e-05
229878,0.000537856
229891,6.7328e-05
229892,6.784e-05
229894,0.000146688
229918,0.002780672
229950,3.84e-05
229971,4.608e-05
229995,3.328e-06
230024,3.456e-05
230028,0.000123648
230051,4.352e-06
230068,6.656e-06
230076,0.000101888
230078,5.248e-05
230100,0.000123904
230115,0.000101888
230127,0.0036224
230162,4.1984e-05
230174,0.00015872
230179,0.000166656
230203,6.0672e-05
230223,7.6288e-05
230230,0.000252928
230255,7.424e-06
230261,0.00017152
230263,1.28e-05
230288,0.000136704
230293,0.025991936
230314,0.002920448
230360,1.024e-06
230371,9.3184e-05
230393,7.6544e-05
230414,4.5824e-05
230441,2.56e-07
230450,0.000143616
230460,0.000215808
230474,0.00038272
230475,0.000115968
230519,1.6384e-05
230523,3.9936e-05
230527,0.001809152
230530,0.001283072
230532,7.68e-06
230535,0.000105728
230539,0.001096448
230544,0.001970176
230590,4.7616e-05
230614,1.3568e-05
230632,4.4288e-05
230642,0.000114176
230665,6.5024e-05
230671,0.016069888
230738,2.5088e-05
230740,5.0688e-05
230766,4.096e-06
230774,0.000172032
230793,4.5568e-05
230795,8.7808e-05
230821,1.3312e-05
230824,9.1648e-05
230832,7.936e-06
230854,6.8864e-05
230870,7.552e-05
230888,8.0128e-05
230894,5.5552e-05
230899,0.001838848
230905,0.000201728
230934,5.632e-05
230939,0.00016384
230945,9.472e-06
230965,1.152e-05
230997,5.7088e-05
231029,7.68e-07
231046,2.688e-05
231063,0.00010624
231080,3.0976e-05
231090,0.00010368
231108,1.2032e-05
231122,7.9104e-05
231129,0.000122112
231140,3.2256e-05
231142,4.4288e-05
231181,0.000146176
231206,7.552e-05
231209,6.656e-05
231210,9.344e-05
231268,2.56e-07
231303,7.7824e-05
231312,8.6016e-05
231334,9.7536e-05
231346,0.000111872
231348,7.2704e-05
231372,0.000173056
231405,0.000127488
231408,0.00011264
231446,3.3536e-05
231448,7.8848e-05
231464,0.000135168
231470,5.5552e-05
231490,1.152e-05
231493,0.004818944
231507,0.004943616
231532,0.000612608
231568,1.4848e-05
231595,0.001681152
231602,0.000273152
231630,1.8176e-05
231635,0.00248576
231695,0.003397632
231708,0.000592896
231715,0.003037184
231720,0.001146112
231724,0.000364544
231727,0.000734464
231750,2.3808e-05
231753,0.000320768
231784,8.704e-06
231803,0.000125696
231814,1.6896e-05
231829,7.296e-05
231832,1.9456e-05
231852,2.0992e-05
231857,5.3248e-05
231877,4.1216e-05
231882,5.12e-07
231889,3.072e-06
231898,7.68e-06
231905,1.1776e-05
231915,4.5824e-05
231918,7.6544e-05
231945,2.7392e-05
231956,6.8864e-05
231958,0.000208896
232003,3.9424e-05
232018,5.5808e-05
232022,1.3568e-05
232048,1.792e-05
232093,0.000275456
232097,0.005447424
232105,0.000760832
232126,0.001882368
232190,1.152e-05
232222,3.8912e-05
232227,1.5872e-05
232230,0.000164608
232264,5.12e-05
232288,0.000182784
232295,3.2256e-05
232305,2.1248e-05
232320,4.1728e-05
232331,0.00055424
232350,4.096e-06
232353,7.6544e-05
232360,3.6864e-05
232361,8.448e-05
232372,6.1184e-05
232377,0.001789952
232379,0.00023936
232381,0.000430336
232412,2.56e-06
232430,7.1168e-05
232455,7.936e-06
232464,0.00034048
232471,9.5232e-05
232489,9.3696e-05
232503,8.96e-06
232522,9.984e-06
232539,0.001081856
232560,9.472e-06
232563,2.048e-05
232571,3.5072e-05
232579,5.8112e-05
232606,2.1248e-05
232632,4.0192e-05
232637,3.072e-05
232657,2.7904e-05
232676,5.504e-05
232692,8.192e-06
232694,2.176e-05
232699,0.0009664
232714,9.472e-06
232748,1.8176e-05
232768,5.7088e-05
232784,1.6128e-05
232790,4.9408e-05
232833,1.1776e-05
232839,0.000121088
232849,8.5504e-05
232852,2.9952e-05
232878,4.1984e-05
232880,5.8624e-05
232897,8.6528e-05
232915,1.2544e-05
232928,9.344e-05
232937,1.792e-05
232952,3.7632e-05
232957,7.8592e-05
232959,2.0224e-05
232972,1.5872e-05
232989,0.000174336
233001,7.808e-05
233004,2.56e-07
233014,2.2784e-05
233024,5.376e-06
233039,1.792e-06
233057,0.00040576
233060,6.144e-05
233062,0.00081792
233116,1.408e-05
233117,6.8608e-05
233121,1.152e-05
233150,3.2512e-05
233160,3.584e-05
233173,6.912e-05
233193,9.6512e-05
233196,1.5872e-05
233219,3.328e-06
233242,1.4336e-05
233270,0.0001152
233274,7.1936e-05
233294,0.002929664
233335,3.1744e-05
233340,0.000153344
233351,5.3248e-05
233373,9.728e-06
233421,5.2992e-05
233447,5.248e-05
233481,7.936e-06
233495,4.5056e-05
233498,0.000179456
233512,1.28e-06
233530,3.328e-06
233532,3.456e-05
233537,3.8144e-05
233539,0.005633536
233558,0.00289792
233631,0.00034944
233657,5.12e-07
233666,1.024e-05
233669,3.2e-05
233688,1.4592e-05
233692,1.536e-06
233694,7.424e-05
233700,8.9088e-05
233710,0.000142336
233727,1.5616e-05
233735,5.3504e-05
233737,2.176e-05
233752,2.4064e-05
233772,8.96e-06
233773,4.096e-06
233779,0.000128512
233785,1.2032e-05
233816,0.000175104
233818,3.8144e-05
233839,0.000152064
233858,1.024e-05
233867,6.6304e-05
233869,0.000337408
233893,0.00375936
233907,0.003896576
233965,2.048e-06
233975,0.001647872
233994,2.176e-05
234019,2.3552e-05
234041,0.000103424
234081,0.000121088
234085,2.56e-05
234107,0.0001024
234115,0.000119296
234119,5.4016e-05
234134,0.000174336
234146,7.4496e-05
234185,0.000800512
234203,2.432e-05
234208,0.000321536
234225,0.000211712
234256,5.7856e-05
234279,3.5584e-05
234281,2.688e-05
234300,9.0624e-05
234313,1.1008e-05
234315,0.000198144
234344,0.000190208
234359,6.8864e-05
234376,7.424e-06
234387,2.048e-06
234390,7.168e-06
234412,0.00017792
234417,1.536e-05
234443,2.432e-05
234456,5.8368e-05
234461,0.000106752
234469,9.728e-06
234472,4.9152e-05
234494,1.408e-05
234498,3.6608e-05
234501,0.000924672
234505,0.001536768
234533,4.2752e-05
234566,7.7568e-05
234588,0.000126208
234591,4.48e-05
234601,1.3824e-05
234603,8.4224e-05
234619,0.0013888
234666,6.5792e-05
234687,6.4512e-05
234701,3.072e-06
234706,3.5584e-05
234731,1.6384e-05
234740,5.0688e-05
234744,0.000304896
234774,0.00013952
234781,6.3232e-05
234796,9.0112e-05
234827,0.000100352
234829,4.4032e-05
234840,2.3552e-05
234847,4.0192e-05
234874,8.3456e-05
234897,5.4016e-05
234907,3.7888e-05
234914,8.6528e-05
234932,3.328e-05
234955,9.472e-06
234970,0.000143616
234975,0.000742912
235011,9.472e-06
235031,7.8592e-05
235054,1.92e-05
235057,1.7152e-05
235071,0.00022784
235090,5.1456e-05
235093,0.000368128
235109,6.6048e-05
235111,0.001756928
235138,3.0976e-05
235164,5.0176e-05
235207,6.912e-05
235217,3.4304e-05
235242,7.936e-06
235258,0.00011392
235262,1.0496e-05
235285,4.5312e-05
235290,3.0208e-05
235298,7.6544e-05
235308,3.1232e-05
235314,5.8624e-05
235320,1.8688e-05
235324,2.9952e-05
235341,9.0368e-05
235357,0.000210944
235404,0.000244736
235433,1.6384e-05
235440,6.3232e-05
235471,0.00012288
235524,0.000107776
235536,6.656e-06
235549,1.28e-06
235575,3.6864e-05
235578,9.344e-05
235606,4.7872e-05
235614,2.6624e-05
235629,0.000213504
235644,8.8064e-05
235663,0.000105472
235685,2.56e-06
235690,0.000144128
235694,0.000588544
235714,7.68e-06
235717,3.6608e-05
235735,9.216e-05
235751,0.001124864
235770,1.8688e-05
235785,2.1248e-05
235792,1.792e-05
235798,2.816e-06
235817,0.000105728
235851,7.68e-05
235853,2.5088e-05
235869,2.2272e-05
235881,2.5088e-05
235892,5.4016e-05
235900,1.8432e-05
235908,0.002326272
235945,3.0976e-05
235947,0.001255168
235990,0.001659136
236027,2.4064e-05
236060,0.000168192
236073,0.000120576
236081,3.0976e-05
236089,2.6368e-05
236094,3.584e-06
236105,0.000171264
236114,1.3824e-05
236116,0.000105216
236123,5.6576e-05
236156,0.000169472
236171,2.048e-06
236177,6.3744e-05
236178,1.2032e-05
236205,2.2016e-05
236206,5.1968e-05
236209,0.000107264
236237,4.9664e-05
236246,3.584e-06
236261,3.072e-06
236269,0.000164864
236274,7.6544e-05
236283,5.9648e-05
236305,0.00194304
236331,3.0976e-05
236357,9.6e-05
236370,1.8944e-05
236376,3.4816e-05
236403,3.456e-05
236414,0.000109056
236423,5.0432e-05
236433,1.2288e-05
236461,0.000273664
236485,9.7024e-05
236495,1.1264e-05
236501,0.000102656
236517,5.632e-05
236530,0.0001792
236546,6.4768e-05
236563,0.00011136
236568,2.2272e-05
236595,1.9456e-05
236618,3.6864e-05
236640,5.9136e-05
236654,9.216e-06
236681,3.3536e-05
236703,5.376e-05
236717,0.000206848
236728,5.8112e-05
236747,6.1184e-05
236749,1.7664e-05
236768,1.3312e-05
236781,0.000186368
236809,0.00368
236819,0.003029248
236864,1.152e-05
236875,1.0496e-05
236883,5.376e-06
236894,0.00397696
236905,0.001729792
236932,6.8352e-05
236938,0.000198656
236971,9.984e-06
236977,9.9072e-05
236987,1.7408e-05
236989,2.56e-07
237004,0.001470208
237062,1.792e-06
237073,8.192e-05
237082,7.5776e-05
237084,3.4304e-05
237099,0.000166656
237126,1.2544e-05
237156,1.28e-05
237173,0.00187264
237205,7.3984e-05
237217,5.6832e-05
237235,0.000109056
237246,4.1216e-05
237256,0.000117504
237269,3.8144e-05
237270,7.3728e-05
237274,1.5104e-05
237276,9.5744e-05
237285,2.56e-06
237297,0.000161536
237305,0.000124416
237339,0.003742208
237344,0.001578496
237367,0.0002112
237395,2.3808e-05
237403,0.00012544
237414,2.3296e-05
237424,0.014922752
237483,4.4544e-05
237489,0.00012032
237493,0.006509056
237532,9.7792e-05
237540,8.5504e-05
237570,0.000158976
237572,0.004301568
237651,7.936e-06
237658,0.000150272
237665,0.000108032
237667,0.000204032
237670,0.000101376
237706,3.2256e-05
237717,5.9392e-05
237732,2.1248e-05
237750,0.000128768
237770,8.1408e-05
237783,0.000146176
237809,3.6352e-05
237811,0.000101888
237814,0.003571968
237849,3.456e-05
237884,0.000223232
237890,5.9648e-05
237915,0.00014848
237926,1.28e-05
237938,2.176e-05
237948,8.6016e-05
237953,6.5536e-05
237962,2.048e-05
237983,5.248e-05
238018,6.272e-05
238033,1.792e-06
238042,2.432e-05
238051,0.00118912
238093,0.00062208
238094,0.001810176
238097,0.00366592
238111,0.00292992
238150,0.000181248
238178,0.000108032
238188,7.168e-05
238224,8.0384e-05
238226,6.2208e-05
238240,3.8144e-05
238248,5.4016e-05
238249,5.9136e-05
238260,4.6592e-05
238284,2.432e-05
238297,0.000138752
238301,0.000228096
238305,0.000537344
238308,4.5568e-05
238343,0.000150016
238376,3.328e-06
238395,0.000267264
238408,1.536e-06
238411,4.736e-05
238420,2.2784e-05
238440,0.000160256
238459,7.2192e-05
238461,4.4544e-05
238486,7.8848e-05
238504,0.000209664
238521,5.7088e-05
238534,0.000154368
238542,8.0128e-05
238563,2.5088e-05
238572,0.000152576
238574,1.536e-06
238592,1.4848e-05
238604,0.00033536
238668,1.9968e-05
238677,4.224e-05
238680,1.4848e-05
238685,0.000586752
238692,7.5776e-05
238706,0.00151424
238718,6.6304e-05
238750,0.000497408
238758,0.000593408
238762,0.000322816
238791,6.3488e-05
238807,2.4064e-05
238810,0.00022144
238813,0.001209344
238814,0.001598208
238823,0.003428608
238871,0.00054272
238885,3.1488e-05
238938,2.8416e-05
238944,0.00011136
238956,0.00022528
238986,1.792e-06
238993,8.9344e-05
239002,1.408e-05
239028,5.7856e-05
239033,6.2976e-05
239045,4.6848e-05
239047,9.6512e-05
239052,3.8656e-05
239079,6.0928e-05
239083,0.00016512
239101,0.00025856
239118,4.096e-05
239127,7.0912e-05
239137,6.9888e-05
239158,2.8416e-05
239161,9.984e-06
239164,1.6128e-05
239196,2.6112e-05
239232,2.304e-05
239240,6.656e-06
239256,0.000459264
239279,8.832e-05
239312,0.000478464
239345,0.00396544
239398,1.792e-05
239409,0.000114944
239434,1.5872e-05
239450,4.6336e-05
239474,9.7536e-05
239492,3.2768e-05
239497,5.1712e-05
239504,5.1456e-05
239538,4.6336e-05
239543,9.5232e-05
239547,1.6896e-05
239551,2.7648e-05
239565,0.00022016
239567,0.001903104
239654,3.584e-05
239663,0.000113152
239701,9.6768e-05
239713,0.000864768
239737,9.4464e-05
239754,0.000210432
239764,9.8304e-05
239774,6.7328e-05
239786,2.6624e-05
239791,0.000446208
239816,5.4272e-05
239823,0.000109312
239828,0.000137216
239876,2.6112e-05
239877,0.00044416
239892,0.000125952
239893,0.006408192
239906,0.00055808
239907,4.608e-06
239911,0.000563456
239965,3.0976e-05
239972,0.000137984
239980,6.144e-06
239992,7.6288e-05
240013,9.728e-06
240021,7.4752e-05
240032,4.48e-05
240038,0.00018176
240039,0.000272384
240076,7.5264e-05
240080,0.000834048
240082,0.000274944
240097,0.001098496
240135,8.448e-05
240185,4.6592e-05
240201,0.000155136
240268,0.003163648
240323,9.4464e-05
240333,8.6784e-05
240342,0.000205312
240358,2.3296e-05
240369,9.9584e-05
240396,9.5488e-05
240399,0.00224384
240425,6.2464e-05
240435,0.000136704
240443,0.000121856
240455,2.3552e-05
240458,9.472e-06
240465,3.3536e-05
240480,0.00016768
240483,9.7536e-05
240486,3.8912e-05
240493,0.026022656
240540,4.1728e-05
240582,0.000117504
240586,0.000279808
240611,1.792e-06
240617,3.5072e-05
240647,0.000178176
240666,4.096e-06
240697,7.8848e-05
240710,0.003994624
240735,0.012642304
240783,1.0496e-05
240817,1.152e-05
240826,1.6384e-05
240847,5.4784e-05
240875,3.6352e-05
240878,4.5568e-05
240902,1.536e-05
240922,0.00012672
240925,0.000141824
240941,4.0704e-05
240947,6.7072e-05
240964,7.808e-05
240990,2.816e-05
240991,0.000897024
241004,1.664e-05
241016,9.728e-06
241021,0.000158464
241032,2.688e-05
241045,2.7392e-05
241059,7.808e-05
241068,2.816e-06
241072,8.192e-06
241080,0.000161536
241093,0.000113408
241094,0.001700096
241107,0.00457856
241158,1.8432e-05
241175,3.84e-06
241181,0.000170496
241189,7.68e-07
241212,4.1216e-05
241217,8.4224e-05
241227,3.2e-05
241249,0.0001152
241258,2.688e-05
241282,6.1696e-05
241283,5.376e-05
241290,1.92e-05
241296,1.28e-05
241313,7.2192e-05
241318,4.5056e-05
241338,3.1232e-05
241342,7.68e-05
241359,0.000237568
241366,3.7632e-05
241383,5.1712e-05
241388,8.2944e-05
241396,2.2016e-05
241405,2.2784e-05
241414,2.3296e-05
241428,2.176e-05
241443,1.92e-05
241448,2.048e-05
241459,2.816e-06
241461,0.000229376
241473,1.4336e-05
241485,0.000645888
241505,0.000487424
241527,0.000370176
241528,0.009156608
241529,0.004863744
241532,0.009699072
241597,0.000135936
241606,0.000125952
241650,6.784e-05
241655,0.000297728
241686,1.408e-05
241693,0.002671616
241694,0.00100352
241720,1.8176e-05
241733,2.2016e-05
241754,6.4e-05
241756,0.005905664
241775,3.9424e-05
241795,0.011469312
241855,9.5488e-05
241863,1.7664e-05
241872,6.6304e-05
241885,0.000655104
241902,0.000385792
241936,3.1232e-05
241940,0.00012032
241953,6.912e-06
241959,0.00018944
241997,1.8688e-05
242006,4.7872e-05
242012,0.005938688
242061,1.024e-06
242077,0.000170496
242090,0.000103424
242108,5.0176e-05
242119,6.4e-06
242151,0.000171264
242176,9.5744e-05
242183,5.376e-06
242210,5.6576e-05
242215,1.792e-05
242225,0.00019712
242232,0.00011648
242260,8.4224e-05
242287,9.5744e-05
242293,7.168e-05
242294,0.000460544
242304,5.632e-05
242317,0.000102656
242343,0.000102912
242350,1.4848e-05
242351,6.4e-06
242368,0.000313344
242381,0.000156928
242391,0.00019712
242430,5.12e-07
242439,7.424e-05
242459,5.5296e-05
242463,6.1184e-05
242491,0.000210688
242495,0.011749632
242497,0.003837184
242511,7.68e-06
242535,0.000918528
242582,1.536e-06
242595,0.002893056
242632,1.9712e-05
242645,7.4496e-05
242674,4.4544e-05
242689,0.000109056
242695,8.2688e-05
242713,6.9888e-05
242722,3.6864e-05
242730,3.9168e-05
242735,5.1456e-05
242742,0.000527616
242761,6.656e-06
242765,3.6352e-05
242793,1.9712e-05
242810,8.4736e-05
242817,3.7376e-05
242827,0.00034944
242862,3.1488e-05
242866,0.000140288
242874,1.8944e-05
242883,1.8432e-05
242892,4.4544e-05
242893,0.00532736
242898,0.004873984
242955,9.9072e-05
242972,2.048e-06
242985,8.9856e-05
242992,0.000122112
242996,2.6368e-05
243010,1.792e-06
243012,4.5056e-05
243038,2.3296e-05
243053,8.2176e-05
243068,3.6352e-05
243080,4.5312e-05
243092,2.176e-05
243108,6.912e-05
243112,0.000339968
243132,7.936e-06
243135,0.000206336
243161,1.0752e-05
243187,7.68e-07
243196,6.8608e-05
243202,4.48e-05
243210,7.68e-06
243217,0.000209664
243232,7.5008e-05
243236,3.3792e-05
243243,0.001932544
243273,0.00051072
243275,0.004888576
243304,0.004311296
243315,0.0007104
243318,0.002278912
243369,9.4464e-05
243391,3.7888e-05
243409,7.424e-05
243425,2.3808e-05
243428,0.000110592
243435,9.728e-06
243440,6.656e-06
243479,6.4e-05
243496,8.2432e-05
243497,0.004845824
243528,0.006184448
243570,0.00023552
243578,0.000456704
243599,4.224e-05
243620,0.000208128
243642,5.632e-06
243653,0.004571136
243655,0.000591104
243656,0.000279296
243670,0.000783104
243708,0.003756288
243763,2.2272e-05
243769,0.00013952
243780,3.2512e-05
243783,1.1776e-05
243800,0.00015616
243802,5.888e-06
243806,0.000184064
243814,0.000144128
243857,5.4016e-05
243889,5.3248e-05
243896,9.8304e-05
243900,2.3552e-05
243910,0.00016128
243933,5.632e-06
243934,1.8432e-05
243946,0.000155904
243949,4.4032e-05
243952,0.000145664
243961,2.0224e-05
243977,0.000285952
244020,0.000151296
244028,0.00011392
244054,1.4848e-05
244059,0.000424704
244094,0.001178112
244099,0.001505024
244166,3.0208e-05
244175,1.3312e-05
244177,7.5264e-05
244193,0.00012032
244223,5.7088e-05
244233,7.9616e-05
244260,6.912e-05
244277,3.84e-06
244286,0.000976128
244305,0.001079808
244319,0.00019328
244337,2.6112e-05
244367,8.0896e-05
244388,0.000133632
244393,0.000104448
244400,0.00010112
244453,4.0192e-05
244463,2.5856e-05
244471,4.9152e-05
244482,6.0928e-05
244495,0.000672
244502,5.504e-05
244531,2.0992e-05
244540,0.000120832
244549,4.096e-05
244579,0.000164352
244584,0.002895872
244627,4.4288e-05
244631,2.4576e-05
244636,3.8656e-05
244645,9.6768e-05
244655,7.8336e-05
244657,6.144e-05
244661,0.00027648
244683,0.004701952
244693,0.005420032
244705,0.000520704
244742,0.00023808
244749,0.00167168
244784,4.352e-06
244792,6.912e-05
244803,9.5488e-05
244808,1.7664e-05
244814,1.8176e-05
244852,9.2416e-05
244859,1.4848e-05
244870,1.4592e-05
244901,7.2448e-05
244914,0.00011392
244934,0.00073856
244962,7.936e-05
244969,2.3296e-05
244982,2.688e-05
244993,5.9904e-05
244995,9.216e-06
245006,0.0001152
245018,2.5344e-05
245022,4.3264e-05
245024,8.6784e-05
245044,0.002792192
245103,4.8896e-05
245112,5.5296e-05
245123,2.8416e-05
245128,0.00123008
245131,0.00211072
245185,5.12e-05
245187,1.6384e-05
245198,7.8592e-05
245205,0.000607744
245206,0.001674752
245207,0.002066176
245245,5.632e-06
245281,1.2544e-05
245293,3.0976e-05
245294,0.000739328
245297,0.000282624
245306,0.00415232
245350,7.2704e-05
245359,6.6048e-05
245372,7.936e-06
245396,0.000145408
245400,8.0128e-05
245457,3.6864e-05
245459,0.001231872
245490,6.4768e-05
245513,0.000360704
245517,6.4256e-05
245540,6.7328e-05
245549,5.376e-05
245558,1.7664e-05
245561,4.1472e-05
245584,0.000150528
245587,0.0016896
245607,0.000300032
245623,4.6848e-05
245636,4.5568e-05
245681,5.7856e-05
245682,0.001716992
245705,0.000555264
245725,0.000535296
245748,4.608e-06
245777,3.4816e-05
245778,0.002475776
245780,0.004464128
245793,0.000355072
245794,0.001902336
245830,3.328e-06
245848,5.3248e-05
245864,1.92e-05
245877,4.608e-06
245883,8.448e-06
245893,0.003311104
245899,0.00373248
245915,0.003164928
245984,4.4032e-05
245987,1.4336e-05
245995,0.00052352
246014,8.2176e-05
246024,1.0752e-05
246037,1.6896e-05
246054,8.96e-06
246061,0.000104192
246070,0.000148992
246100,4.352e-06
246119,8.704e-06
246131,3.0976e-05
246143,2.56e-07
246156,3.328e-06
246158,0.00024448
246172,9.984e-06
246174,7.2704e-05
246216,0.000313856
246234,0.00013824
246259,0.000105216
246268,0.000104192
246271,1.792e-05
246279,6.8864e-05
246287,0.000103936
246291,4.8384e-05
246298,5.2992e-05
246328,2.2528e-05
246348,9.3184e-05
246358,4.48e-05
246360,9.9584e-05
246365,6.8864e-05
246382,4.608e-05
246389,5.5552e-05
246397,9.4208e-05
246402,5.1968e-05
246414,1.152e-05
246428,0.00176384
246469,0.000177408
246488,0.0003264
246506,0.000497408
246507,0.003869184
246538,4.3008e-05
246548,4.1472e-05
246560,0.000157952
246575,0.000215552
246591,0.000178432
246607,2.3808e-05
246611,0.000120576
246613,0.000151552
246627,2.0992e-05
246630,4.5312e-05
246638,6.5536e-05
246649,0.000145152
246651,2.2016e-05
246660,0.00288512
246662,0.001972992
246667,0.00041344
246669,0.00081792
246671,0.000924672
246725,1.3824e-05
246726,0.003898624
246767,0.000169472
246771,8.448e-05
246784,2.56e-06
246800,0.000133632
246807,0.000263936
246840,5.632e-06
246848,1.28e-05
246861,0.0001088
246870,3.0208e-05
246884,0.000122112
246906,7.936e-06
246930,2.5088e-05
246951,9.088e-05
246974,1.7408e-05
246996,1.536e-06
247017,9.4464e-05
247039,4.992e-05
247051,2.048e-05
247059,1.28e-05
247065,5.9648e-05
247086,2.7648e-05
247093,0.00072448
247114,0.002473472
247117,0.001171456
247172,1.6128e-05
247178,1.28e-06
247182,6.912e-05
247193,0.000204544
247214,1.8432e-05
247223,0.000348672
247234,0.000461312
247248,0.000143104
247264,4.5568e-05
247267,2.2528e-05
247277,0.000107776
247282,0.001020416
247303,2.7648e-05
247323,0.000107264
247333,5.5808e-05
247335,0.000346368
247344,4.6848e-05
247355,5.9136e-05
247361,0.033234176
247437,1.536e-05
247443,0.000122368
247453,0.000145152
247476,0.000254464
247481,0.000101632
247486,0.000627456
247509,2.56e-05
247512,2.7392e-05
247536,9.9328e-05
247546,0.000152064
247556,1.536e-06
247567,0.000120576
247580,8.832e-05
247583,3.3536e-05
247619,0.000113408
247627,2.816e-06
247650,2.688e-05
247674,0.0001344
247684,1.92e-05
247693,0.000224
247695,1.1776e-05
247703,7.6032e-05
247736,0.00016
247747,7.9104e-05
247777,0.000206336
247784,0.000173824
247793,1.4592e-05
247812,5.5552e-05
247817,0.000154112
247829,5.12e-07
247831,5.376e-06
247833,0.000114688
247847,0.0001152
247852,5.1968e-05
247878,0.000114176
247886,3.328e-06
247894,2.0992e-05
247903,1.024e-05
247916,0.0002816
247937,0.000542464
247986,5.6576e-05
247994,5.632e-06
247998,8.4224e-05
248011,5.9136e-05
248014,0.000160768
248025,1.9712e-05
248036,2.56e-07
248045,5.0432e-05
248058,2.9184e-05
248071,5.0432e-05
248077,3.4048e-05
248099,8.448e-06
248104,8.2432e-05
248110,1.1776e-05
248129,2.048e-05
248130,1.2288e-05
248141,0.000163584
248151,0.000120832
248154,3.9424e-05
248161,2.8672e-05
248162,0.000220672
248203,6.4e-06
248229,3.6352e-05
248241,0.000341504
248255,5.0176e-05
248278,0.0001024
248293,0.004536064
248314,0.003131648
248348,0.000496128
248372,2.7136e-05
248378,1.2544e-05
248382,0.000107776
248396,7.0656e-05
248401,6.5536e-05
248405,0.000866304
248431,9.9584e-05
248463,0.000290816
248487,0.0003584
248503,2.304e-06
248506,5.1712e-05
248507,3.584e-05
248517,0.000752384
248547,1.8944e-05
248553,0.00011008
248592,0.000389376
248605,8.448e-06
248609,8.2944e-05
248617,4.7872e-05
248632,0.000115968
248662,7.424e-06
248680,1.024e-06
248685,4.224e-05
248687,2.4832e-05
248694,4.0192e-05
248721,6.912e-06
248735,7.168e-06
248738,3.84e-05
248744,7.04e-05
248761,1.536e-06
248771,0.000199936
248772,7.424e-06
248781,0.00075776
248792,2.2016e-05
248800,7.0656e-05
248842,3.328e-06
248851,2.5088e-05
248861,9.472e-05
248867,2.816e-06
248869,0.000692224
248893,0.000275456
248906,0.00226176
248938,8.9856e-05
248962,6.912e-05
248965,0.000278528
249006,0.000137216
249033,1.28e-05
249054,7.168e-06
249055,1.664e-05
249058,0.00016384
249076,3.1232e-05
249080,8.448e-05
249089,8.96e-06
249094,1.7408e-05
249102,0.000104192
249108,3.6096e-05
249112,0.000150528
249139,4.6848e-05
249157,7.168e-06
249163,1.1264e-05
249183,9.7024e-05
249194,9.728e-06
249200,0.000137984
249206,9.6256e-05
249232,0.000165376
249234,2.9696e-05
249250,3.9168e-05
249257,1.3312e-05
249272,3.8144e-05
249294,5.7088e-05
249327,3.5328e-05
249355,3.8912e-05
249357,2.304e-06
249361,0.000328704
249402,8.5248e-05
249419,4.4032e-05
249428,0.000155648
249437,2.56e-07
249446,2.304e-05
249458,2.7904e-05
249470,0.000109824
249485,8.2176e-05
249493,0.001853184
249506,0.005284608
249583,9.8304e-05
249590,6.8608e-05
249598,6.784e-05
249610,4.0704e-05
249617,6.912e-05
249633,4.0448e-05
249643,0.00011392
249653,0.000102912
249676,1.92e-05
249683,2.944e-05
249724,8.1408e-05
249734,4.0192e-05
249755,1.3056e-05
249756,0.000119808
249765,6.912e-06
249768,4.4288e-05
249777,0.000120832
249797,2.8416e-05
249806,3.4048e-05
249812,1.92e-05
249816,1.6896e-05
249830,2.2784e-05
249835,0.000157184
249844,3.6608e-05
249857,7.424e-05
249861,4.9152e-05
249903,0.000141824
249910,9.5232e-05
249912,2.0736e-05
249923,6.3232e-05
249990,1.8432e-05
250000,4.352e-06
250002,2.6624e-05
250012,3.4816e-05
250022,5.7856e-05
250049,2.0992e-05
250074,2.7904e-05
250086,0.000108288
250093,0.000202752
250100,4.6592e-05
250121,9.984e-06
250124,0.000123136
250129,8.8576e-05
250155,0.000220416
250165,0.000706304
250203,2.432e-05
250214,3.6096e-05
250250,0.000116736
250272,0.000194048
250297,1.7408e-05
250299,9.984e-06
250301,6.9376e-05
250303,0.000341248
250322,0.000151552
250335,0.000149248
250344,9.728e-06
250351,1.7152e-05
250360,0.00105856
250375,5.376e-05
250387,0.000175104
250394,1.8176e-05
250398,5.4528e-05
250417,5.7088e-05
250420,4.096e-06
250422,5.632e-06
250428,1.3056e-05
250453,1.4592e-05
250454,0.001190144
250470,0.001088512
250504,0.000151296
250537,3.5328e-05
250543,1.664e-05
250548,0.000102912
250549,1.6384e-05
250567,0.000145664
250572,0.001012224
250587,0.001385728
250617,3.1744e-05
250648,3.0976e-05
250651,0.0013952
250693,0.000109568
250694,0.001858816
250704,0.001685504
250707,0.003845376
250735,0.000685056
250777,2.1248e-05
250790,3.072e-06
250793,1.9712e-05
250796,5.76e-05
250804,0.000119808
250810,0.000132352
250824,7.552e-05
250848,4.352e-05
250851,2.8672e-05
250867,4.096e-06
250875,0.000102144
250885,6.4e-05
250916,0.000116224
250923,4.5312e-05
250940,3.584e-06
250961,9.9072e-05
250965,0.000166656
250989,9.984e-05
250997,0.000907776
251017,7.1424e-05
251031,1.92e-05
251046,3.6864e-05
251054,7.0912e-05
251066,8.96e-06
251075,4.352e-05
251083,8.1664e-05
251085,5.376e-05
251106,4.0704e-05
251116,4.4288e-05
251131,2.8928e-05
251142,0.000206848
251152,7.296e-05
251173,4.8896e-05
251189,1.8432e-05
251209,4.1984e-05
251219,2.3552e-05
251239,1.5872e-05
251266,0.000108032
251277,5.12e-05
251285,1.792e-06
251296,0.005754624
251330,0.000889856
251331,0.004643328
251367,0.010488576
251390,0.0027456
251424,0.000100864
251430,6.1184e-05
251436,0.00073984
251497,4.48e-05
251532,5.4272e-05
251546,0.002379008
251581,0.000174336
251588,0.000105728
251594,0.00016896
251632,5.5808e-05
251640,0.001220864
251647,0.0012864
251670,0.000132352
251693,2.6624e-05
251694,4.2752e-05
251719,0.0001216
251720,3.3024e-05
251745,4.608e-05
251760,2.4064e-05
251763,4.3264e-05
251770,2.56e-06
251775,2.7904e-05
251793,0.00025088
251803,5.12e-06
251807,2.2016e-05
251809,0.000162048
251818,2.7392e-05
251831,8.0384e-05
251856,2.0992e-05
251864,2.0992e-05
251868,7.3728e-05
251891,2.3552e-05
251897,0.01604992
251953,0.000239104
251973,8.3968e-05
251983,1.5616e-05
251998,7.0912e-05
252004,4.096e-06
252008,3.328e-05
252011,6.4512e-05
252018,2.8672e-05
252027,0.00018176
252054,0.000190464
252066,8.4736e-05
252072,7.0144e-05
252089,2.944e-05
252098,1.7664e-05
252125,9.4464e-05
252135,0.000117248
252146,0.00017664
252151,2.56e-07
252160,0.0002304
252162,0.002141952
252215,3.1232e-05
252216,0.000144896
252236,0.00016384
252244,0.000114432
252265,6.912e-06
252282,5.0688e-05
252285,0.000181248
252287,4.48e-05
252294,0.016651264
252346,2.6112e-05
252362,0.000130816
252365,9.216e-06
252369,0.000116224
252399,4.3264e-05
252406,0.000100864
252426,0.000149248
252428,2.048e-06
252450,0.000116224
252454,0.000172544
252471,7.8592e-05
252475,0.000132096
252485,1.2544e-05
252492,7.168e-06
252493,0.02636672
252534,2.56e-05
252554,3.6864e-05
252564,1.5616e-05
252577,8.6528e-05
252590,5.632e-05
252603,1.8688e-05
252607,0.000121856
252614,6.1696e-05
252618,0.000936448
252638,0.00018688
252657,0.000123648
252667,7.296e-05
252683,0.000164608
252706,0.000302336
252746,6.6304e-05
252756,8.3712e-05
252767,1.3568e-05
252769,2.3296e-05
252800,0.000468224
252831,9.984e-06
252837,2.816e-06
252848,2.432e-05
252861,3.7888e-05
252890,9.7536e-05
252894,9.3952e-05
252907,5.4528e-05
252916,6.3232e-05
252938,0.00026496
252945,0.000224768
252961,3.7888e-05
252977,2.2272e-05
252985,1.5872e-05
252994,9.1392e-05
253004,0.00013312
253017,3.1232e-05
253040,0.00014592
253061,8.6528e-05
253075,3.9168e-05
253094,0.000948992
253105,0.001030912
253161,0.000136448
253168,0.000152832
253191,4.736e-05
253203,0.000111104
253205,3.9168e-05
253207,0.000210944
253235,4.0704e-05
253256,3.3024e-05
253258,6.3488e-05
253262,0.000148992
253288,0.00034688
253329,0.000228096
253339,8.1664e-05
253349,0.000100864
253352,8.1152e-05
253367,0.000205312
253376,2.3296e-05
253396,0.000199424
253417,2.5088e-05
253429,2.2272e-05
253439,3.9936e-05
253447,1.3568e-05
253474,9.9072e-05
253480,6.656e-06
253503,5.12e-06
253516,5.6832e-05
253520,6.784e-05
253527,0.000212736
253545,3.968e-05
253549,5.248e-05
253554,0.002386176
253574,1.4592e-05
253593,4.8384e-05
253605,3.5584e-05
253617,9.856e-05
253621,8.3712e-05
253644,9.9584e-05
253647,3.0464e-05
253662,4.9152e-05
253672,0.000237312
253693,0.006576128
253737,7.936e-06
253749,0.006094336
253798,1.9712e-05
253810,3.5584e-05
253856,4.5312e-05
253880,2.1504e-05
253883,9.984e-06
253892,3.3024e-05
253908,6.0928e-05
253923,0.000174336
253928,0.000143872
253938,9.728e-06
253949,3.328e-06
253955,1.3312e-05
253971,0.00010112
253976,1.024e-05
253990,0.000434944
253994,0.000109056
253999,0.00014848
254030,3.84e-06
254035,0.000120576
254054,9.2416e-05
254067,8.9344e-05
254094,6.144e-05
254102,2.6624e-05
254127,6.912e-06
254133,7.7824e-05
254141,4.9664e-05
254148,1.4592e-05
254186,0.000363776
254205,2.3808e-05
254229,9.856e-05
254237,8.704e-06
254260,4.9664e-05
254263,1.3824e-05
254277,4.5824e-05
254280,0.000241408
254303,1.7408e-05
254325,3.072e-05
254343,3.5072e-05
254353,0.000223232
254356,7.7568e-05
254381,9.6256e-05
254386,4.1472e-05
254400,2.1504e-05
254402,4.352e-06
254423,4.9152e-05
254425,3.2768e-05
254441,3.7888e-05
254457,0.000201216
254474,4.3008e-05
254506,0.004235776
254546,3.3536e-05
254578,4.4288e-05
254590,6.9888e-05
254598,7.9104e-05
254600,1.0752e-05
254606,0.003333632
254633,1.5616e-05
254671,1.024e-05
254679,0.000146688
254690,7.936e-06
254695,1.5104e-05
254704,5.7088e-05
254722,5.8368e-05
254727,1.536e-05
254750,0.000340224
254755,4.4544e-05
254784,5.7344e-05
254824,2.3296e-05
254829,7.3216e-05
254834,0.000219392
254842,9.3696e-05
254858,0.018501376
254893,0.006243328
254929,4.3264e-05
254965,4.352e-05
254983,3.84e-06
254999,8.96e-06
255008,1.9712e-05
255029,0.000174592
255035,9.984e-06
255046,5.1456e-05
255062,1.9968e-05
255097,7.68e-06
255109,0.000200448
255136,1.0496e-05
255174,2.5344e-05
255175,2.9696e-05
255186,4.352e-06
255197,2.7904e-05
255203,0.000130816
255207,2.9184e-05
255225,0.000125184
255260,6.2208e-05
255265,6.0672e-05
255320,0.000192
255328,5.3504e-05
255343,4.3776e-05
255351,5.5552e-05
255359,0.00014848
255370,1.9968e-05
255387,1.28e-05
255404,1.4592e-05
255412,0.000176384
255444,7.3984e-05
255449,0.000162816
255465,2.4064e-05
255468,3.7888e-05
255471,0.000538624
255493,0.000379904
255497,0.000175872
255526,1.792e-05
255541,0.000307456
255565,5.632e-06
255580,0.00022528
255583,9.1136e-05
255610,4.0448e-05
255628,4.7872e-05
255637,0.000174336
255654,0.000145408
255668,4.5568e-05
255669,0.001090304
255723,3.712e-05
255728,6.3744e-05
255733,9.4464e-05
255747,3.072e-06
255754,3.5328e-05
255759,0.000116992
255798,6.8864e-05
255805,6.0928e-05
255812,3.84e-06
255817,6.6304e-05
255844,2.9696e-05
255872,0.000112128
255875,6.6048e-05
255901,8.9856e-05
255911,4.2752e-05
255914,2.7136e-05
255924,0.000130304
255934,0.000204032
255937,1.152e-05
255949,1.28e-06
255974,5.2992e-05
255992,0.000216832
256027,8.448e-06
256045,4.224e-05
256074,0.001510144
256093,0.000537088
256125,6.9888e-05
256143,5.9648e-05
256149,0.000102144
256154,0.0001408
256166,3.0464e-05
256175,9.3696e-05
256183,0.001213696
256214,4.9408e-05
256231,0.000128256
256249,3.8912e-05
256256,1.28e-05
256259,1.9968e-05
256261,4.8384e-05
256276,9.6e-05
256308,0.000200192
256312,5.4016e-05
256326,3.4304e-05
256351,4.1472e-05
256381,0.000114176
256390,6.2464e-05
256396,2.4064e-05
256406,0.000187392
256411,9.1392e-05
256414,1.408e-05
256426,2.944e-05
256455,9.472e-06
256477,0.000169984
256490,0.000152832
256507,6.4768e-05
256518,4.6336e-05
256534,0.000103168
256553,0.000105984
256573,3.968e-05
256584,2.56e-06
256612,7.1168e-05
256618,0.000109568
256632,8.96e-06
256643,8.2432e-05
256648,1.8432e-05
256669,1.6128e-05
256671,2.304e-06
256693,3.5072e-05
256710,5.0688e-05
256714,0.00022272
256722,3.9936e-05
256732,8.3456e-05
256761,0.000190464
256768,0.000599296
256769,0.00185984
256801,9.2928e-05
256811,2.0224e-05
256828,8.704e-06
256863,0.000129024
256880,3.6864e-05
256915,4.8128e-05
256917,5.1456e-05
256931,0.000182016
256943,2.4064e-05
256953,3.2768e-05
256965,2.1248e-05
256975,1.792e-05
256976,0.00178048
257017,1.92e-05
257035,4.096e-05
257051,8.3712e-05
257065,5.9904e-05
257071,0.00017024
257074,9.9328e-05
257084,0.000170752
257101,2.816e-05
257113,4.5824e-05
257130,0.00016256
257138,1.7408e-05
257150,1.28e-06
257153,0.000102912
257170,3.0976e-05
257186,3.2e-05
257208,8.1664e-05
257244,1.3312e-05
257254,3.8656e-05
257261,0.000107776
257275,0.000158464
257285,0.000105216
257290,2.2272e-05
257296,0.005322496
257304,0.000914432
257313,0.001074176
257351,0.000123136
257357,0.001285888
257360,0.001638912
257363,0.00155008
257401,0.005364736
257430,0.000113664
257457,8.3968e-05
257464,1.152e-05
257470,6.9888e-05
257509,2.7136e-05
257543,7.296e-05
257555,5.632e-05
257579,3.8144e-05
257591,2.6368e-05
257593,5.12e-05
257596,0.000113152
257639,3.84e-05
257647,3.712e-05
257652,0.000491776
257665,0.000929792
257697,0.000104704
257723,0.000107264
257733,9.2928e-05
257753,5.376e-06
257763,0.000172032
257782,3.7632e-05
257788,2.048e-06
257793,0.000163328
257814,9.5488e-05
257828,0.000873472
257837,3.328e-05
257860,1.536e-05
257867,5.0944e-05
257877,1.4336e-05
257893,0.003013632
257905,0.000695808
257968,3.9936e-05
257980,4.1728e-05
257983,4.4032e-05
258005,1.536e-06
258006,0.003104256
258042,7.5264e-05
258044,2.5856e-05
258059,4.096e-05
258064,1.28e-06
258075,0.000136448
258081,0.000131328
258091,9.984e-06
258105,0.000105216
258130,0.000201472
258134,6.2976e-05
258143,0.000244736
258179,2.048e-06
258181,3.8912e-05
258187,9.6256e-05
258188,0.000101888
258192,1.8176e-05
258193,0.000113664
258217,0.003017984
258260,2.9184e-05
258265,3.0976e-05
258275,8.2432e-05
258297,1.3824e-05
258306,8.704e-05
258315,0.000148224
258327,7.552e-05
258330,0.000100864
258359,2.7648e-05
258365,7.424e-05
258367,0.006807296
258378,0.000305152
258409,2.304e-06
258418,3.7632e-05
258430,2.2784e-05
258443,7.68e-06
258450,5.0944e-05
258475,2.4064e-05
258486,6.6304e-05
258493,0.014261504
258495,0.00079872
258514,0.004058368
258572,0.000336384
258587,1.7664e-05
258608,0.001090816
258628,1.3824e-05
258646,0.0001344
258683,1.2544e-05
258685,7.424e-06
258690,2.944e-05
258697,4.6336e-05
258703,1.28e-05
258709,0.00013184
258734,4.096e-05
258735,6.4e-06
258757,2.048e-05
258778,5.888e-06
258780,4.2496e-05
258787,0.0001088
258799,4.8128e-05
258827,4.1472e-05
258833,0.0001344
258850,7.5776e-05
258856,1.8944e-05
258898,1.2288e-05
258911,8.704e-06
258923,0.000167936
258941,8.4736e-05
258962,1.3312e-05
258968,7.168e-06
258977,4.8896e-05
259001,6.7328e-05
259003,5.7088e-05
259022,0.00015232
259043,7.168e-06
259054,1.536e-05
259067,1.6896e-05
259075,2.2016e-05
259097,0.004121344
259128,6.2976e-05
259138,2.3552e-05
259147,6.8352e-05
259166,3.2e-05
259209,0.000175104
259217,2.6624e-05
259234,3.456e-05
259268,0.000164352
259277,4.48e-05
259283,2.56e-07
259297,8.192e-05
259306,8.192e-06
259356,1.792e-05
259374,5.4272e-05
259381,0.007798272
259382,5.7344e-05
259419,8.9088e-05
259429,0.003850496
259490,5.8368e-05
259495,0.000162048
259517,1.3056e-05
259519,0.000163328
259552,7.168e-05
259557,0.000103424
259573,0.00033152
259599,5.2992e-05
259610,2.56e-05
259620,1.28e-05
259623,3.8912e-05
259633,2.4576e-05
259639,4.1728e-05
259642,2.5088e-05
259664,1.1776e-05
259668,0.000142592
259672,6.9888e-05
259694,0.001046784
259704,0.014593792
259760,1.7152e-05
259776,1.4336e-05
259799,0.00012928
259801,5.7088e-05
259806,0.000210432
259853,1.9456e-05
259864,1.1776e-05
259878,0.0001472
259880,5.0432e-05
259923,2.3808e-05
259929,0.000326656
259963,4.992e-05
259976,0.000158208
259982,0.00027392
259986,0.000708864
260002,5.376e-06
260029,0.000121344
260063,6.2208e-05
260068,2.8928e-05
260071,3.1232e-05
260086,0.000340224
260094,6.016e-05
260105,0.004577536
260164,0.000249088
260168,6.528e-05
260201,0.00011008
260208,9.2928e-05
260237,3.4304e-05
260253,8.448e-06
260262,6.5536e-05
260264,2.7392e-05
260266,4.864e-06
260284,3.4816e-05
260293,0.003966208
260337,4.352e-06
260347,0.00011776
260365,2.4832e-05
260374,2.5088e-05
260392,1.4848e-05
260397,3.84e-06
260412,8.2176e-05
260415,0.00297984
260421,0.00180608
260466,0.001455872
260502,5.8368e-05
260505,3.3024e-05
260542,3.968e-05
260565,1.2032e-05
260571,2.8672e-05
260591,0.000120576
260633,4.0704e-05
260640,8.0128e-05
260641,0.003185408
260655,0.003454208
260707,6.144e-06
260725,2.2784e-05
260741,3.4304e-05
260764,6.4e-06
260767,6.3488e-05
260785,1.024e-06
260796,2.2528e-05
260798,0.000128512
260800,2.2784e-05
260827,9.2416e-05
260832,0.000213504
260841,3.072e-06
260879,3.968e-05
260893,0.025922304
260979,9.3184e-05
260987,4.352e-06
260994,5.0688e-05
261010,2.6112e-05
261015,3.712e-05
261051,6.2208e-05
261086,0.000167168
261111,3.84e-06
261133,5.12e-07
261174,1.9456e-05
261187,0.000128768
261196,0.000223488
261212,0.000253952
261229,0.000170496
261263,0.000231168
261302,0.000141056
261305,5.4016e-05
261310,8.4224e-05
261325,8.2432e-05
261341,2.3552e-05
261361,6.2976e-05
261374,0.000134912
261393,0.0001536
261397,6.144e-06
261405,0.000118272
261417,2.944e-05
261439,9.984e-06
261457,1.792e-06
261461,2.6624e-05
261465,0.000191232
261493,0.00386304
261494,0.001962496
261551,4.608e-06
261559,7.4496e-05
261574,6.9888e-05
261610,4.1472e-05
261626,4.0448e-05
261633,1.536e-05
261671,8.7296e-05
261683,6.656e-05
261696,3.3024e-05
261714,3.328e-06
261722,1.536e-06
261724,6.4e-05
261726,3.6864e-05
261759,9.4976e-05
261792,0.00015104
261798,0.000114432
261808,0.000123904
261824,0.000191232
261842,9.344e-05
261847,2.56e-06
261885,4.9152e-05
261920,0.011508992
261922,0.000420352
261975,2.176e-05
262029,3.6864e-05
262032,1.9968e-05
262047,8.448e-06
262049,4.7616e-05
262065,0.000125952
262069,2.304e-06
262097,0.001731072
262105,1.3056e-05
262106,0.00140032
262148,2.5344e-05
262153,4.8128e-05
262182,5.1968e-05
262190,5.4784e-05
262194,7.3472e-05
262201,1.92e-05
262216,1.7664e-05
262219,2.5856e-05
262224,2.304e-06
262249,1.8944e-05
262268,1.28e-06
262283,1.536e-06
262303,1.9712e-05
262326,6.1184e-05
262333,3.1488e-05
262403,1.024e-06
262427,1.1776e-05
262454,8.1664e-05
262480,0.000134656
262506,4.608e-05
262538,2.7136e-05
262543,4.608e-05
262549,0.000224512
262565,6.144e-06
262587,0.000178432
262600,1.408e-05
262603,8.704e-06
262616,0.004638208
262689,1.792e-06
262696,0.004534272
262712,0.000624128
262747,3.072e-06
262775,0.000118528
262801,4.2496e-05
262806,0.000176384
262829,9.3184e-05
262848,3.328e-05
262865,2.9952e-05
262868,0.000165632
262876,2.8672e-05
262892,0.000118784
262901,2.2528e-05
262908,7.9872e-05
262914,4.0192e-05
262928,7.7056e-05
262932,4.608e-05
262952,7.68e-06
262981,6.4256e-05
262990,4.9152e-05
262999,0.012969472
263054,4.096e-05
263085,9.7024e-05
263087,6.0928e-05
263089,6.4768e-05
263096,5.376e-05
263099,2.2784e-05
263112,1.9456e-05
263131,1.8432e-05
263146,2.3296e-05
263153,9.3952e-05
263171,6.784e-05
263180,1.152e-05
263182,4.7616e-05
263203,1.9712e-05
263210,5.2224e-05
263224,7.68e-06
263246,9.1904e-05
263248,5.4016e-05
263255,8.96e-06
263263,1.9712e-05
263278,3.1232e-05
263281,2.0992e-05
263286,2.176e-05
263293,0.002107136
263297,0.001888
263339,0.000187136
263342,4.352e-05
263353,0.00010624
263366,1.9968e-05
263368,5.3248e-05
263371,0.000182784
263373,0.000370944
263410,4.608e-06
263416,3.0208e-05
263420,3.0208e-05
263449,8.3968e-05
263453,3.84e-06
263462,7.1168e-05
263489,3.1744e-05
263498,9.6e-05
263500,5.4784e-05
263524,3.0976e-05
263534,4.608e-06
263545,4.8896e-05
263549,0.000110592
263558,3.6864e-05
263568,0.000121344
263571,5.9392e-05
263620,1.7152e-05
263626,1.792e-06
263644,3.9168e-05
263650,3.7632e-05
263662,5.1968e-05
263681,4.5056e-05
263699,4.1984e-05
263739,4.096e-05
263745,2.3552e-05
263750,0.000111872
263760,9.728e-06
263762,8.4736e-05
263771,6.5024e-05
263777,9.216e-05
263793,1.1776e-05
263803,0.000161024
263818,0.000368128
263838,0.000224256
263840,3.1488e-05
263841,0.000877056
263844,0.00085248
263862,3.456e-05
263870,0.000122112
263891,1.664e-05
263893,0.00050176
263905,0.001547776
263945,1.3568e-05
263986,8.7296e-05
263994,9.6512e-05
263999,5.376e-06
264003,0.000150016
264054,0.00012032
264074,4.5056e-05
264076,5.632e-06
264093,5.1712e-05
264107,2.944e-05
264109,8.96e-06
264142,1.5104e-05
264148,9.6256e-05
264157,2.56e-05
264178,3.328e-06
264181,1.408e-05
264191,0.000135936
264206,8.96e-06
264215,1.28e-06
264219,8.6272e-05
264235,0.00151552
264269,3.712e-05
264272,2.944e-05
264291,1.92e-05
264308,4.1216e-05
264336,2.2784e-05
264338,9.5744e-05
264362,0.000150528
264400,0.000108544
264425,1.1264e-05
264428,0.00011904
264430,1.024e-06
264434,2.7392e-05
264460,3.712e-05
264470,0.000141056
264493,0.003353344
264536,4.8384e-05
264551,5.0688e-05
264553,1.8944e-05
264572,6.1184e-05
264582,5.9136e-05
264590,5.8624e-05
264622,9.216e-06
264627,4.352e-05
264645,9.984e-05
264654,4.5824e-05
264675,8.704e-05
264682,9.3952e-05
264685,0.004406272
264743,9.8304e-05
264754,6.2464e-05
264764,1.1008e-05
264773,0.001997568
264823,9.472e-06
264837,2.2016e-05
264845,0.00012032
264855,1.5104e-05
264863,0.000403968
264882,6.912e-06
264947,4.608e-05
264952,4.0704e-05
264982,0.000102912
265008,4.2752e-05
265020,2.816e-06
265028,0.000258048
265055,0.001871104
265093,0.003042048
265096,0.00152448
265099,6.3232e-05
265102,0.00123648
265105,0.004873472
265181,6.1184e-05
265202,2.2528e-05
265204,7.68e-05
265207,9.472e-06
265225,1.3824e-05
265231,0.000592128
265251,1.2288e-05
265257,0.000129024
265259,0.000815104
265282,5.7856e-05
265294,0.000141568
265312,0.000251904
265337,0.000123904
265341,7.68e-06
265357,2.2528e-05
265368,0.000342016
265374,0.000388864
265379,0.000259584
265435,4.0448e-05
265444,4.5824e-05
265457,0.004139264
265481,0.00313856
265541,0.000269568
265562,2.5088e-05
265570,7.6032e-05
265595,2.2528e-05
265608,4.9152e-05
265636,1.3824e-05
265645,6.2208e-05
265649,3.584e-06
265663,1.7152e-05
265693,0.006608896
265753,5.76e-05
265767,0.000191232
265784,1.5104e-05
265794,5.1456e-05
265809,0.000137472
265823,4.2496e-05
265842,5.8624e-05
265848,8.064e-05
265859,8.448e-05
265880,7.808e-05
265886,0.000106496
265904,6.5536e-05
265931,3.5072e-05
265934,2.56e-07
265937,3.1744e-05
265949,7.6288e-05
265960,9.984e-06
265993,1.152e-05
266004,4.8128e-05
266008,1.4592e-05
266064,5.5808e-05
266065,0.00351872
266100,1.1008e-05
266110,6.9888e-05
266137,0.000128256
266150,5.6576e-05
266185,4.992e-05
266192,0.000137728
266204,8.7296e-05
266210,6.3488e-05
266230,4.864e-06
266236,1.2032e-05
266242,5.1968e-05
266258,9.8816e-05
266261,0.000243456
266290,6.016e-05
266296,7.04e-05
266299,0.001136128
266328,1.3824e-05
266340,3.1232e-05
266355,0.000183296
266382,1.4336e-05
266408,5.9136e-05
266417,7.68e-07
266447,4.864e-05
266451,3.9168e-05
266474,2.3296e-05
266478,1.152e-05
266480,0.000540416
266489,1.9712e-05
266490,0.001401856
266511,0.002227712
266515,0.000828416
266518,0.000768256
266575,2.9952e-05
266584,0.00214656
266605,0.00014336
266617,1.8944e-05
266628,1.6128e-05
266635,5.5808e-05
266637,0.00019968
266659,0.000411648
266695,1.9456e-05
266702,4.6336e-05
266707,7.424e-06
266714,0.00033536
266740,3.5072e-05
266758,4.224e-05
266780,8.9856e-05
266782,3.328e-05
266791,0.0002368
266797,8.32e-05
266804,3.6352e-05
266812,0.000233984
266818,1.536e-06
266846,3.4304e-05
266862,3.4304e-05
266874,0.000111104
266890,3.6352e-05
266899,3.6608e-05
266903,0.000151552
266906,0.002684416
266943,0.000102656
266968,4.48e-05
266993,6.144e-05
267006,0.000168192
267026,4.48e-05
267027,6.0928e-05
267040,1.1008e-05
267057,2.0992e-05
267077,5.888e-06
267096,0.000140544
267109,6.6304e-05
267151,7.68e-07
267164,0.000113408
267175,0.000133888
267187,2.56e-06
267200,0.000146176
267222,0.0005824
267264,5.0688e-05
267271,6.4768e-05
267283,3.072e-05
267292,1.664e-05
267303,4.9152e-05
267313,4.1984e-05
267325,0.000265216
267349,1.5104e-05
267374,2.5856e-05
267377,0.00046208
267379,4.6336e-05
267424,1.6384e-05
267429,2.5088e-05
267432,9.3952e-05
267435,0.00050432
267490,1.8176e-05
267493,0.00078976
267496,0.004406528
267506,0.000333568
267538,5.4016e-05
267550,2.0224e-05
267558,5.5296e-05
267566,0.000320512
267569,0.000267264
267612,9.984e-05
267616,0.000118016
267649,2.0224e-05
267670,9.5488e-05
267675,7.68e-07
267724,6.8352e-05
267743,1.6384e-05
267759,0.000158208
267777,1.28e-06
267782,2.816e-06
267789,6.912e-06
267802,0.000345344
267815,5.12e-05
267819,3.328e-06
267830,1.792e-06
267852,0.000195072
267864,1.2032e-05
267874,7.6544e-05
267884,4.0192e-05
267894,2.432e-05
267914,2.7904e-05
267915,1.0752e-05
267932,5.5552e-05
267954,3.3024e-05
267981,9.5232e-05
268026,1.7152e-05
268033,0.002806784
268062,0.000124416
268084,1.28e-06
268088,1.3824e-05
268093,0.014776832
268154,1.9456e-05
268157,4.4288e-05
268183,2.4064e-05
268193,1.792e-05
268197,1.1264e-05
268202,8.2944e-05
268214,8.448e-06
268237,0.00011264
268242,2.4832e-05
268265,1.0496e-05
268275,1.2032e-05
268294,1.9456e-05
268296,0.001112576
268327,5.0432e-05
268328,0.000148992
268338,4.1216e-05
268350,2.3552e-05
268371,2.7392e-05
268385,3.8912e-05
268397,9.2928e-05
268400,2.3808e-05
268429,6.7072e-05
268432,1.9456e-05
268449,0.000128256
268461,6.016e-05
268497,2.3296e-05
268503,3.2768e-05
268506,0.000176128
268542,5.4272e-05
268552,7.1424e-05
268554,6.656e-06
268559,8.2944e-05
268574,5.5808e-05
268641,3.84e-06
268642,1.3056e-05
268649,2.816e-06
268652,2.9184e-05
268663,5.8112e-05
268670,5.1456e-05
268691,7.68e-07
268693,0.000780544
268697,0.00564352
268706,0.001108224
268757,0.000183296
268768,1.152e-05
268785,1.3568e-05
268796,0.000117248
268815,0.000176384
268843,2.304e-05
268853,0.000130304
268875,4.1984e-05
268882,0.000132864
268894,1.0752e-05
268906,7.7056e-05
268913,2.7904e-05
268962,0.00018688
268971,7.168e-06
269033,6.9376e-05
269037,3.6352e-05
269041,6.0672e-05
269043,4.3776e-05
269048,4.8384e-05
269063,0.000160768
269068,0.000154112
269080,0.000109824
269089,0.00011904
269097,0.000150272
269103,6.016e-05
269128,0.000396032
269150,0.00016384
269168,7.5776e-05
269175,2.688e-05
269183,3.2256e-05
269184,9.216e-05
269188,0.00013568
269193,7.1168e-05
269205,0.0030016
269234,6.1952e-05
269237,9.9584e-05
269241,6.272e-05
269275,1.7664e-05
269286,6.2976e-05
269293,0.006406144
269295,0.004254208
269297,0.000510464
269340,0.000429824
269380,0.00011776
269387,3.328e-05
269417,2.816e-06
269423,1.0752e-05
269438,4.6592e-05
269442,4.864e-05
269448,8.2688e-05
269475,2.0992e-05
269479,1.152e-05
269511,0.000154112
269540,7.8336e-05
269589,1.2544e-05
269623,6.912e-06
269661,0.000122112
269676,4.0448e-05
269689,5.376e-05
269695,3.3792e-05
269698,0.000155904
269762,5.1712e-05
269764,1.5616e-05
269768,6.2976e-05
269781,9.856e-05
269785,4.48e-05
269796,2.56e-07
269822,4.3008e-05
269838,1.4336e-05
269858,9.728e-06
269864,0.000156672
269880,7.2448e-05
269893,0.000819456
269894,0.006684928
269929,0.00010752
269969,2.5344e-05
269985,8.448e-06
269990,9.088e-05
270002,0.000170496
270054,3.712e-05
270058,0.000642816
270061,0.000126464
270065,0.00019456
270071,7.8592e-05
270114,1.7408e-05
270123,1.6896e-05
270138,1.3056e-05
270168,3.584e-06
270172,1.5616e-05
270176,6.7328e-05
270193,1.6896e-05
270196,8.448e-06
270231,8.0128e-05
270233,0.00015104
270262,6.1952e-05
270269,7.552e-05
270289,8.192e-06
270297,5.888e-05
270331,9.8816e-05
270339,6.8864e-05
270361,5.888e-06
270385,5.4272e-05
270401,2.816e-06
270402,0.000143616
270406,5.376e-06
270419,8.0896e-05
270430,0.000146432
270445,7.2704e-05
270452,2.816e-05
270474,9.2672e-05
270482,4.5312e-05
270489,2.7136e-05
270491,6.7328e-05
270494,0.003996672
270497,0.004255232
270545,2.3808e-05
270552,1.024e-05
270555,4.3008e-05
270566,4.1216e-05
270577,1.3824e-05
270582,3.5584e-05
270587,2.7904e-05
270592,2.944e-05
270611,4.1472e-05
270617,8.192e-06
270619,2.432e-05
270651,0.000156928
270659,6.0672e-05
270662,9.3184e-05
270670,2.816e-06
270677,1.8944e-05
270708,9.1904e-05
270723,7.168e-06
270734,6.5792e-05
270764,6.656e-06
270778,1.8688e-05
270782,1.7664e-05
270789,0.000205056
270813,0.000182016
270823,7.552e-05
270835,9.2672e-05
270852,3.712e-05
270870,8.704e-06
270878,2.688e-05
270894,8.96e-06
270903,8.96e-05
270912,0.000131328
270932,7.424e-06
270946,3.6608e-05
270969,0.000217088
270975,1.8432e-05
271005,9.088e-05
271022,0.000174848
271062,3.1488e-05
271067,5.0176e-05
271080,5.8624e-05
271093,0.0005696
271098,0.00016128
271150,6.272e-05
271176,1.024e-06
271180,8.4992e-05
271214,0.000309248
271257,3.1744e-05
271271,0.000127744
271295,1.6384e-05
271308,0.000111872
271310,0.000108288
271332,0.000173824
271358,1.024e-05
271382,0.000209408
271389,0.00017024
271424,2.6624e-05
271453,7.8336e-05
271461,7.9616e-05
271471,1.536e-06
271477,3.584e-06
271483,3.5072e-05
271528,2.56e-06
271532,3.9936e-05
271541,1.5104e-05
271545,1.9968e-05
271549,0.000143616
271562,0.000124928
271564,1.5104e-05
271574,0.000404224
271578,4.9152e-05
271602,4.3008e-05
271604,2.816e-06
271610,3.328e-06
271611,1.792e-06
271625,0.000101632
271682,0.000174592
271694,0.003349248
271697,0.000404736
271705,0.00023936
271740,0.000135168
271745,0.000328192
271747,0.001328384
271777,0.000165632
271794,0.000130048
271798,7.296e-05
271833,4.096e-05
271837,7.168e-05
271852,4.1216e-05
271867,4.4288e-05
271878,3.3792e-05
271883,2.0224e-05
271892,1.1008e-05
271898,0.000132864
271905,3.1744e-05
271913,1.536e-05
271915,0.002245888
271959,4.864e-06
271965,5.888e-06
271989,6.3488e-05
272002,0.00022272
272018,2.2528e-05
272035,6.1696e-05
272043,4.7616e-05
272052,0.000400896
272072,9.984e-05
272075,7.5008e-05
272092,6.3488e-05
272113,3.5072e-05
272122,0.000100864
272134,6.4768e-05
272162,9.984e-06
272173,2.816e-05
272190,3.2512e-05
272202,1.152e-05
272206,6.272e-05
272218,0.000133376
272244,5.5296e-05
272251,4.4288e-05
272263,9.472e-06
272271,7.424e-05
272285,0.000248576
272293,0.00062592
272311,0.002173952
272345,5.888e-06
272358,0.000150272
272372,1.28e-05
272414,0.0001344
272435,7.0656e-05
272448,7.5008e-05
272461,5.8368e-05
272473,2.6368e-05
272477,1.28e-05
272479,0.00065408
272517,2.4832e-05
272519,1.152e-05
272543,2.944e-05
272557,7.7056e-05
272559,1.536e-06
272563,0.000174336
272564,8.832e-05
272566,0.000252416
272589,0.000596736
272610,9.3696e-05
272614,9.2672e-05
272632,7.168e-05
272640,7.8592e-05
272673,7.808e-05
272677,2.9184e-05
272688,7.0656e-05
272690,1.4336e-05
272694,0.000105728
272704,0.000657664
272706,0.000208128
272730,0.0001088
272753,1.1264e-05
272755,2.816e-05
272759,7.3216e-05
272779,9.2416e-05
272783,0.000168192
272805,7.68e-05
272820,8.832e-05
272832,9.1648e-05
272846,0.00013184
272848,7.7312e-05
272872,2.8672e-05
272879,0.000101376
272889,4.4288e-05
272893,0.0046848
272899,0.000694528
272943,5.5552e-05
272965,1.0752e-05
272972,6.2208e-05
272991,0.000105216
272996,2.304e-06
273000,6.1952e-05
273012,0.000105472
273016,4.864e-06
273022,4.096e-06
273032,2.3296e-05
273040,4.7104e-05
273042,4.992e-05
273072,0.000187648
273074,0.000282112
273098,3.2256e-05
273102,1.7152e-05
273105,0.000270592
273116,2.2528e-05
273122,1.8176e-05
273132,0.000342528
273149,3.6608e-05
273161,2.0992e-05
273166,6.8096e-05
273187,5.632e-05
273210,6.1952e-05
273235,9.8048e-05
273237,9.344e-05
273241,0.000260864
273285,7.6032e-05
273297,9.3184e-05
273301,3.9424e-05
273309,0.000303104
273334,0.00012672
273362,9.9072e-05
273387,3.584e-06
273390,2.2784e-05
273401,1.3568e-05
273404,2.048e-05
273414,0.000230912
273453,0.000478208
273459,0.000127744
273488,4.7872e-05
273493,8.7552e-05
273495,4.1216e-05
273516,3.8912e-05
273534,2.3296e-05
273553,0.030659328
273616,1.3312e-05
273640,3.6352e-05
273641,1.8944e-05
273656,6.912e-06
273662,0.00011136
273666,2.2016e-05
273684,1.5616e-05
273691,8.2688e-05
273701,6.0928e-05
273715,6.6816e-05
273718,0.000103936
273779,6.8096e-05
273793,0.00016896
273811,7.2704e-05
273814,8.0384e-05
273837,9.344e-05
273846,8.704e-06
273870,8.7296e-05
273905,6.8864e-05
273923,0.0002048
273926,6.8608e-05
273966,4.1984e-05
273974,4.2752e-05
273978,4.7616e-05
274027,0.0001408
274040,1.0496e-05
274042,0.000205568
274051,1.2032e-05
274065,2.9184e-05
274075,0.001666304
274093,0.014446592
274141,4.352e-06
274155,6.9632e-05
274174,4.48e-05
274190,0.000154112
274200,9.472e-06
274221,8.4992e-05
274238,4.3264e-05
274246,7.4752e-05
274248,6.0672e-05
274271,2.3808e-05
274281,0.000164096
274317,6.912e-06
274334,5.7088e-05
274339,1.4336e-05
274349,0.0001408
274366,9.3696e-05
274371,0.000153856
274381,7.6032e-05
274393,9.4976e-05
274403,7.68e-05
274405,8.576e-05
274414,4.3776e-05
274430,0.00011136
274464,2.4576e-05
274466,6.656e-06
274477,9.2672e-05
274492,2.8928e-05
274494,4.864e-05
274517,4.6848e-05
274521,6.2464e-05
274531,0.000103424
274543,0.000144384
274575,6.9632e-05
274592,3.712e-05
274597,5.2736e-05
274599,3.072e-06
274632,0.000363264
274647,9.9584e-05
274652,4.4288e-05
274658,3.84e-06
274668,0.000257792
274676,4.8384e-05
274693,0.00167552
274694,0.000640768
274699,0.000319744
274742,2.5856e-05
274752,2.6624e-05
274760,3.6096e-05
274769,1.28e-05
274789,9.8304e-05
274797,8.9856e-05
274817,5.376e-06
274844,0.000185344
274854,9.1904e-05
274877,3.84e-06
274897,2.304e-06
274900,1.1008e-05
274910,6.9888e-05
274920,5.5808e-05
274956,6.2208e-05
274960,5.632e-05
274962,2.3808e-05
274979,7.2192e-05
274982,0.000121344
274996,0.000241152
275007,6.4e-05
275049,2.432e-05
275052,0.000122368
275063,8.96e-06
275064,4.7616e-05
275087,7.6544e-05
275100,1.8944e-05
275101,3.7632e-05
275106,7.7824e-05
275115,3.0464e-05
275121,3.1488e-05
275131,1.9968e-05
275143,8.8576e-05
275153,2.6368e-05
275172,0.000210432
275174,1.024e-05
275180,4.224e-05
275181,4.864e-06
275200,0.000134656
275205,1.0496e-05
275211,7.936e-06
275222,4.352e-06
275225,3.3024e-05
275229,6.528e-05
275232,2.2016e-05
275244,0.000343296
275260,6.5536e-05
275264,5.1456e-05
275265,7.1936e-05
275274,5.4528e-05
275286,3.9168e-05
275292,0.012468736
275307,0.003191296
275320,0.00107392
275347,0.000132096
275373,0.000127744
275380,6.6048e-05
275390,4.8896e-05
275404,0.000192512
275409,0.00020096
275437,0.00015744
275443,3.072e-06
275458,1.9968e-05
275461,1.7152e-05
275478,8.1664e-05
275486,5.0176e-05
275496,7.7824e-05
275504,0.000608
275507,0.000102912
275525,5.7088e-05
275529,0.000212736
275536,0.09967744
275544,0.08620416
275551,0.07544832
275558,0.069858304
275568,0.073276416
275573,0.063478784
275583,0.069903616
275608,0.092165632
275616,0.081348608
275690,0.00054016
275722,1.92e-05
275733,6.8608e-05
275753,8.4224e-05
275778,0.000217344
275787,5.8112e-05
275798,5.5808e-05
275818,5.8112e-05
275825,5.12e-06
275828,3.584e-05
275884,0.000116992
275891,0.000381696
275893,0.003137792
275923,2.7392e-05
275925,0.002046464
275963,1.024e-06
275966,0.00010496
275982,4.1984e-05
275994,8.96e-06
275998,3.328e-06
276023,0.000173824
276028,4.224e-05
276038,1.1264e-05
276047,1.6128e-05
276077,4.864e-05
276100,8.3712e-05
276102,0.000104448
276123,4.5824e-05
276130,0.00023168
276158,8.3456e-05
276167,3.072e-06
276197,1.408e-05
276217,0.000301312
276234,4.2752e-05
276268,1.3568e-05
276273,3.328e-05
276287,4.992e-05
276302,6.272e-05
276320,8.704e-06
276322,3.072e-06
276331,4.1984e-05
276343,3.8144e-05
276355,2.7392e-05
276360,6.016e-05
276390,5.632e-05
276404,0.099881216
276475,4.224e-05
276493,0.02604544
276543,6.4e-05
276559,2.4576e-05
276565,2.2016e-05
276604,6.016e-05
276606,3.6608e-05
276615,5.376e-06
276632,1.536e-06
276649,4.3776e-05
276659,9.9328e-05
276665,9.2928e-05
276678,6.8096e-05
276682,6.1184e-05
276686,2.176e-05
276694,1.5616e-05
276702,5.0176e-05
276731,4.48e-05
276749,0.000437504
276782,2.432e-05
276798,9.856e-05
276806,0.000651008
276836,0.000806656
276855,8.2688e-05
276877,0.000121344
276883,6.3488e-05
276906,8.6016e-05
276914,3.7376e-05
276976,1.9968e-05
277003,1.28e-05
277008,0.000116736
277020,1.2288e-05
277034,4.3264e-05
277043,1.2288e-05
277047,2.56e-06
277052,2.8928e-05
277065,0.000125696
277080,8.3712e-05
277087,1.5872e-05
277094,0.00210304
277138,9.5232e-05
277141,4.4544e-05
277175,0.000100608
277192,6.4512e-05
277197,0.000350976
277216,0.000300544
277244,1.3568e-05
277263,2.56e-07
277269,5.888e-05
277271,0.000244224
277293,0.000218112
277295,3.584e-05
277326,0.000113408
277361,0.00010112
277365,0.000152832
277379,3.0464e-05
277381,5.4784e-05
277430,0.000112896
277443,1.28e-05
277448,1.2544e-05
277460,5.0688e-05
277463,0.000256256
277465,0.000110592
277479,2.8416e-05
277497,7.296e-05
277507,0.005533696
277525,0.00055424
277572,3.328e-05
277583,0.000131072
277636,3.0464e-05
277654,1.9968e-05
277672,9.984e-06
277683,2.0992e-05
277685,0.000100096
277693,0.000532224
277694,0.000653056
277710,2.6112e-05
277715,0.000734464
277737,2.7904e-05
277741,0.005735424
277775,8.2432e-05
277802,4.9152e-05
277804,1.2032e-05
277811,9.216e-06
277827,2.4064e-05
277838,5.12e-06
277840,2.176e-05
277857,0.000142848
277861,3.0976e-05
277866,1.6128e-05
277891,9.728e-06
277915,4.7616e-05
277917,7.4496e-05
277926,4.9152e-05
277936,7.3472e-05
277956,0.000127488
277982,0.00013952
278010,0.000109824
278038,4.096e-06
278042,2.048e-05
278058,8.704e-06
278077,0.00018688
278103,0.000553728
278109,0.000245248
278117,7.5776e-05
278140,1.4592e-05
278169,6.9376e-05
278173,6.1696e-05
278197,2.0736e-05
278209,7.68e-07
278224,0.000108032
278258,1.4592e-05
278264,2.048e-05
278273,3.072e-06
278283,0.000153344
278291,4.0704e-05
278299,0.004957184
278334,4.4544e-05
278354,6.528e-05
278369,0.000159744
278377,4.4288e-05
278399,6.1952e-05
278424,4.3264e-05
278431,3.8144e-05
278444,0.000307712
278493,0.000120832
278506,5.248e-05
278525,7.7056e-05
278537,0.000214272
278544,3.072e-06
278553,0.000108032
278567,0.000136448
278602,7.2192e-05
278605,9.472e-05
278612,8.96e-05
278631,3.4048e-05
278638,2.1248e-05
278644,2.816e-05
278653,3.072e-05
278666,3.5328e-05
278687,3.584e-05
278693,4.992e-05
278703,4.6592e-05
278752,4.9152e-05
278766,1.408e-05
278769,1.1008e-05
278779,9.1392e-05
278786,8.6016e-05
278807,6.7072e-05
278810,0.000103168
278813,5.888e-06
278816,0.00169472
278831,0.0018432
278882,5.3504e-05
278893,0.002032128
278899,0.001287424
278960,2.0736e-05
278977,0.000108032
279025,9.2928e-05
279051,1.1264e-05
279070,4.096e-06
279087,2.9696e-05
279090,9.5232e-05
279096,6.656e-06
279117,0.000531968
279127,1.4848e-05
279143,6.4256e-05
279158,0.000216576
279165,7.68e-07
279171,0.000134144
279185,0.000686848
279201,0.000148224
279208,0.000517376
279256,5.504e-05
279266,0.000182784
279269,1.1264e-05
279303,2.3552e-05
279305,2.4576e-05
279307,1.6896e-05
279328,3.2e-05
279335,0.000105472
279344,0.000146944
279356,7.424e-06
279372,5.5296e-05
279393,3.7632e-05
279407,5.632e-06
279415,0.000152576
279440,0.000256256
279464,6.4e-06
279500,0.000716032
279527,0.002950656
279572,0.000144384
279585,2.7136e-05
279624,5.2736e-05
279642,4.608e-06
279687,7.3728e-05
279695,7.04e-05
279702,8.32e-05
279717,0.002737664
279743,3.0208e-05
279774,2.304e-06
279776,8.96e-06
279790,7.68e-06
279792,0.000110336
279827,3.6096e-05
279844,2.9952e-05
279863,5.8112e-05
279868,1.1264e-05
279875,0.000134912
279892,2.304e-05
279908,0.00057216
279966,0.000260608
279982,3.2256e-05
279990,4.3264e-05
280007,0.000146688
280030,7.9616e-05
280035,3.4816e-05
280043,8.448e-06
280094,0.000189696
280097,0.000200192
280099,0.002585344
280137,6.2208e-05
280140,5.4528e-05
280160,3.2256e-05
280169,7.2448e-05
280180,0.000161792
280197,6.144e-06
280209,0.000420352
280237,0.000187648
280246,3.584e-06
280256,0.00023808
280279,0.000263424
280304,6.784e-05
280315,4.7616e-05
280320,0.000150272
280335,0.000100608
280339,2.7648e-05
280362,0.000101376
280393,2.5856e-05
280399,5.8112e-05
280406,0.0001344
280410,4.0448e-05
280414,2.816e-05
280439,6.7584e-05
280453,1.664e-05
280456,4.224e-05
280488,2.8416e-05
280492,0.000101632
280539,0.000125696
280559,2.7392e-05
280577,9.6e-05
280582,0.00013824
280586,1.28e-06
280596,6.4256e-05
280602,1.1008e-05
280609,5.1712e-05
280629,8.96e-06
280631,5.9648e-05
280656,3.8144e-05
280660,4.096e-06
280693,0.02256
280745,0.000231168
280759,0.000157184
280780,7.552e-05
280790,2.5856e-05
280796,6.144e-06
280831,2.8416e-05
280837,5.5808e-05
280856,0.004714752
280905,0.0001152
280933,0.000397568
280976,0.000104704
280983,1.8176e-05
280996,0.000133632
281036,6.6816e-05
281043,5.4784e-05
281060,3.328e-05
281080,1.9456e-05
281096,1.664e-05
281110,3.584e-05
281129,0.000195072
281157,1.536e-06
281163,0.000114944
281167,0.000414464
281177,7.168e-06
281198,4.352e-05
281203,0.000400384
281221,3.9936e-05
281269,6.784e-05
281282,7.168e-05
281293,0.001290496
281323,7.4496e-05
281351,3.9168e-05
281360,5.888e-06
281372,1.92e-05
281381,5.376e-06
281390,0.000137984
281400,4.096e-05
281405,6.5536e-05
281417,0.000138496
281425,0.000136448
281440,2.3296e-05
281444,4.8128e-05
281482,1.1264e-05
281487,6.656e-06
281492,9.4976e-05
281520,5.12e-07
281524,7.5776e-05
281534,8.0384e-05
281559,1.7664e-05
281573,9.6256e-05
281580,1.1264e-05
281590,6.1952e-05
281594,9.1648e-05
281596,6.0928e-05
281611,7.68e-06
281615,7.68e-07
281617,4.9152e-05
281620,0.000355072
281654,0.000144896
281676,2.2016e-05
281677,0.003512064
281687,0.00128896
281713,7.68e-05
281724,0.005805568
281771,1.1264e-05
281805,2.1248e-05
281825,2.8416e-05
281837,0.001077504
281852,0.000896
281885,0.000100608
281891,1.2288e-05
281897,0.016044288
281967,7.2704e-05
281971,6.6048e-05
281992,0.000285184
282000,0.000372736
282021,1.4592e-05
282027,2.048e-06
282061,7.2192e-05
282064,9.984e-05
282067,0.000314368
282121,7.6544e-05
282134,2.816e-05
282141,2.3808e-05
282164,0.00010112
282167,7.936e-06
282185,0.000270336
282223,2.2784e-05
282238,1.664e-05
282241,6.8352e-05
282263,1.8176e-05
282278,1.28e-05
282302,1.1264e-05
282308,0.00028032
282338,5.248e-05
282351,0.000129536
282379,0.000176896
282388,0.00022016
282423,0.00027264
282435,0.000146688
282445,4.9408e-05
282449,0.017523968
282451,0.001596672
282454,0.009181696
282494,0.000321024
282506,0.000974336
282560,1.8432e-05
282592,0.000236544
282609,3.3024e-05
282632,3.9168e-05
282638,1.28e-06
282641,0.000107008
282692,3.0208e-05
282703,0.000160512
282706,0.000149248
282716,0.000171776
282727,4.6336e-05
282735,9.7536e-05
282761,0.000104704
282783,6.0928e-05
282853,2.688e-05
282865,1.7408e-05
282885,1.4848e-05
282888,6.3744e-05
282944,9.344e-05
282961,4.4544e-05
282964,2.9696e-05
282978,3.328e-05
283030,1.2544e-05
283032,0.006268928
283043,0.001723648
283083,2.0224e-05
283093,0.000809984
283098,0.000865536
283106,0.000276992
283144,2.6112e-05
283145,0.0001216
283168,0.000102656
283186,0.000138496
283214,6.4e-06
283215,3.9424e-05
283236,1.7408e-05
283255,5.6832e-05
283258,7.936e-06
283301,4.8384e-05
283321,4.5056e-05
283332,0.00020608
283343,8.2176e-05
283352,5.4272e-05
283363,2.688e-05
283370,8.6528e-05
283379,5.6576e-05
283382,1.0496e-05
283393,9.2928e-05
283399,4.8384e-05
283406,4.096e-06
283423,4.8896e-05
283445,0.00052608
283489,2.6112e-05
283510,0.000937984
283529,7.6288e-05
283534,1.408e-05
283564,9.7024e-05
283573,9.344e-05
283588,5.9136e-05
283598,0.000147968
283618,5.12e-07
283625,1.7152e-05
283628,0.000461312
283663,0.000122112
283696,4.4544e-05
283714,8.6016e-05
283733,2.9184e-05
283746,9.088e-05
283773,0.00010368
283776,2.816e-06
283809,5.0688e-05
283823,0.00017024
283830,1.6896e-05
283853,2.8416e-05
283886,9.472e-05
283889,6.784e-05
283903,2.3552e-05
283910,8.448e-05
283916,1.2032e-05
283922,0.000213248
283942,5.1712e-05
283946,0.000505088
283985,9.5232e-05
283987,0.00016512
284031,0.000381696
284078,8.2688e-05
284085,4.992e-05
284113,2.944e-05
284118,8.448e-06
284132,9.472e-06
284166,3.2e-05
284187,7.1168e-05
284190,2.8672e-05
284192,1.4848e-05
284211,6.4512e-05
284214,0.00011008
284225,7.8336e-05
284229,3.2512e-05
284240,2.8928e-05
284249,2.2272e-05
284252,1.3312e-05
284265,5.0432e-05
284266,5.12e-07
284283,0.000103168
284307,0.007803136
284354,8.7808e-05
284364,2.432e-05
284375,0.000100096
284377,0.000350464
284386,1.3312e-05
284390,0.001758976
284420,5.504e-05
284433,0.000277248
284453,4.1984e-05
284472,4.8384e-05
284493,3.7888e-05
284501,2.5856e-05
284507,0.002084864
284547,6.4e-05
284550,6.5024e-05
284559,0.000117504
284588,2.7136e-05
284600,0.000868608
284623,0.00549888
284675,5.248e-05
284691,6.656e-06
284703,0.000123392
284716,5.12e-05
284728,0.00174848
284753,0.001322752
284787,4.7872e-05
284795,3.6096e-05
284817,0.000103424
284859,6.2464e-05
284886,2.2784e-05
284893,0.001042432
284896,0.006336512
284920,0.015122944
284968,3.7632e-05
284984,4.1728e-05
285000,0.000142336
285005,4.8896e-05
285039,8.5504e-05
285050,1.1008e-05
285075,8.064e-05
285084,1.5104e-05
285098,5.5808e-05
285129,8.96e-05
285158,0.00028032
285174,8.5248e-05
285176,0.000560896
285198,5.504e-05
285220,2.944e-05
285230,1.8432e-05
285248,1.5104e-05
285258,2.4576e-05
285288,7.68e-05
285329,3.328e-06
285356,7.936e-06
285373,4.352e-05
285403,7.2448e-05
285407,1.2288e-05
285413,7.8848e-05
285457,0.000273152
285460,2.8928e-05
285472,3.1744e-05
285492,2.3296e-05
285494,0.000345856
285497,0.004630272
285531,0.000177664
285554,0.00013952
285565,7.68e-06
285601,1.9968e-05
285609,6.144e-05
285617,0.000100096
285638,0.000270848
285667,0.000131328
285676,2.304e-05
285693,3.8656e-05
285696,3.8912e-05
285705,3.968e-05
285710,5.248e-05
285719,7.8336e-05
285741,0.000330496
285757,4.9664e-05
285770,6.144e-06
285803,4.48e-05
285808,4.096e-06
285814,3.584e-05
285819,5.0944e-05
285845,9.728e-06
285848,8.448e-05
285864,9.216e-06
285873,2.7136e-05
285883,1.408e-05
285887,6.8608e-05
285897,5.9392e-05
285903,0.000235264
285932,0.000111616
285939,0.000168192
285944,3.0208e-05
285953,1.4592e-05
285972,0.000175872
285981,0.00010112
285992,3.5072e-05
286003,5.9648e-05
286010,1.664e-05
286022,5.1456e-05
286025,4.992e-05
286031,7.6288e-05
286039,8.4224e-05
286061,9.5232e-05
286071,4.096e-06
286089,6.784e-05
286093,0.007251712
286138,5.4016e-05
286151,3.3792e-05
286160,2.1248e-05
286175,7.04e-05
286182,1.6384e-05
286185,0.00012288
286201,1.4848e-05
286203,3.84e-06
286254,0.000145152
286273,7.7312e-05
286279,0.000176384
286282,2.5088e-05
286301,0.000193536
286311,0.000112384
286360,7.8848e-05
286362,0.00014464
286401,4.4288e-05
286406,0.000294144
286420,0.00043264
286448,0.000204544
286466,2.4064e-05
286476,3.6608e-05
286491,1.792e-06
286492,0.000125952
286506,0.003222528
286525,9.984e-05
286542,1.3312e-05
286581,0.001010944
286603,4.6848e-05
286614,1.3056e-05
286627,2.9696e-05
286649,7.936e-06
286651,2.2016e-05
286653,3.328e-05
286671,7.1424e-05
286676,1.0752e-05
286694,0.000635648
286697,8.9088e-05
286724,4.1216e-05
286735,0.000410112
286746,6.2976e-05
286755,0.000113408
286758,5.12e-07
286780,7.8848e-05
286803,5.7856e-05
286831,2.1248e-05
286845,5.9648e-05
286850,0.000395264
286878,0.000105216
286890,6.4768e-05
286917,4.352e-06
286921,4.7616e-05
286953,3.7888e-05
286980,2.2528e-05
287005,4.8128e-05
287033,2.0736e-05
287043,6.7072e-05
287062,2.2528e-05
287066,1.7664e-05
287070,1.6128e-05
287094,9.728e-05
287096,5.0432e-05
287102,4.5824e-05
287126,9.088e-05
287185,0.000155904
287217,6.9376e-05
287229,7.7056e-05
287242,4.9664e-05
287252,1.3056e-05
287262,0.00012288
287293,0.00699904
287307,0.000545536
287345,7.1168e-05
287366,0.000122112
287388,1.2288e-05
287402,2.8672e-05
287405,0.0001216
287408,3.328e-05
287420,8.7552e-05
287445,6.0928e-05
287452,1.9712e-05
287469,5.9392e-05
287473,6.2976e-05
287476,7.6544e-05
287482,5.4784e-05
287492,0.000138752
287504,1.6896e-05
287506,1.5616e-05
287512,4.864e-05
287522,0.000120064
287553,2.2272e-05
287564,1.1008e-05
287582,2.6624e-05
287632,3.4048e-05
287666,7.2448e-05
287685,7.6032e-05
287688,0.00012416
287716,0.000214784
287725,2.688e-05
287727,7.296e-05
287737,3.5328e-05
287742,0.000105984
287759,8.4224e-05
287780,4.0704e-05
287789,4.2496e-05
287814,4.1984e-05
287854,0.00012288
287859,1.408e-05
287891,1.5104e-05
287894,0.001702144
287909,0.00045952
287974,5.888e-06
288009,0.000556032
288048,0.000139264
288073,2.6368e-05
288084,0.000101376
288138,3.0976e-05
288149,8.704e-06
288183,1.024e-06
288185,4.6336e-05
288210,0.000114944
288226,3.5584e-05
288232,1.9712e-05
288240,9.728e-06
288283,2.6368e-05
288288,3.968e-05
288294,0.0002048
288335,3.84e-05
288346,0.000100352
288355,7.808e-05
288393,1.408e-05
288430,0.000101376
288435,0.000299776
288460,5.3504e-05
288462,0.0029504
288477,0.002400512
288505,0.002749184
288512,0.00014592
288536,0.00438784
288583,3.6352e-05
288607,0.000823296
288623,0.00014336
288633,4.352e-05
288637,0.00298112
288671,4.3008e-05
288676,5.0176e-05
288699,4.9664e-05
288724,5.12e-07
288735,2.4064e-05
288752,1.8944e-05
288759,0.000142592
288773,0.000133632
288791,6.912e-06
288808,8.576e-05
288832,4.096e-06
288843,1.9456e-05
288882,5.0944e-05
288899,0.000237568
288902,7.2448e-05
288928,4.8128e-05
288938,6.1952e-05
288948,0.00016512
288963,1.024e-06
288983,0.000145408
288999,5.376e-06
289015,2.3552e-05
289022,2.304e-06
289038,0.00011008
289062,7.424e-05
289064,0.000176384
289079,2.816e-05
289083,4.6848e-05
289093,0.00704768
289097,0.004131072
289130,0.000430336
289139,0.036530944
289203,1.28e-06
289220,1.7152e-05
289243,2.6624e-05
289264,3.072e-05
289293,3.0208e-05
289297,3.2768e-05
289344,1.8176e-05
289348,3.84e-05
289354,0.00011008
289392,6.2976e-05
289403,2.048e-06
289424,2.9696e-05
289428,6.144e-06
289430,7.8592e-05
289439,0.002128128
289483,9.8048e-05
289510,4.608e-06
289553,7.1936e-05
289562,2.7648e-05
289593,5.6576e-05
289597,1.664e-05
289612,3.3024e-05
289622,6.4e-06
289637,2.9952e-05
289642,9.984e-06
289648,4.224e-05
289650,1.8432e-05
289679,0.000132096
289693,0.000102656
289708,4.608e-05
289711,1.664e-05
289734,3.072e-05
289737,2.9184e-05
289755,3.7376e-05
289774,0.000109568
289780,6.656e-06
289800,0.000159232
289848,6.656e-06
289872,1.92e-05
289877,5.248e-05
289909,3.4304e-05
289921,4.864e-06
289923,6.5024e-05
289945,3.4816e-05
289960,0.000164608
289970,2.8672e-05
290000,5.2736e-05
290011,9.0112e-05
290030,1.4848e-05
290034,0.0001728
290049,4.2752e-05
290064,5.632e-05
290068,0.000102144
290071,0.000253184
290083,3.7888e-05
290108,5.7088e-05
290111,3.328e-05
290115,4.608e-06
290125,2.0736e-05
290130,1.4848e-05
290140,3.3024e-05
290150,5.2992e-05
290157,0.000550912
290170,5.1968e-05
290197,9.728e-06
290222,9.3952e-05
290243,5.248e-05
290246,2.2528e-05
290258,0.000100608
290260,2.2528e-05
290274,6.144e-06
290288,1.8432e-05
290292,1.152e-05
290293,0.026290688
290363,0.000151808
290371,1.792e-06
290397,4.0192e-05
290419,0.000334336
290435,0.0001088
290456,0.000130048
290460,2.304e-05
290476,3.2512e-05
290500,7.0656e-05
290557,2.0736e-05
290564,1.8688e-05
290589,5.888e-06
290609,6.1952e-05
290616,3.7632e-05
290621,5.9136e-05
290627,7.296e-05
290649,1.536e-05
290657,3.7888e-05
290659,1.664e-05
290670,0.000158208
290687,1.6896e-05
290701,4.352e-06
290711,4.096e-05
290721,0.043088896
290803,3.6352e-05
290806,0.00012288
290821,4.9408e-05
290846,4.6848e-05
290855,9.6e-05
290865,4.4544e-05
290887,4.0704e-05
290897,0.006901248
290966,9.1392e-05
290970,0.000166144
290988,9.984e-05
290999,8.192e-06
291013,5.504e-05
291017,2.176e-05
291024,4.3008e-05
291031,9.728e-06
291035,3.584e-06
291040,7.4496e-05
291052,7.8848e-05
291064,2.4576e-05
291077,1.0752e-05
291116,8.9088e-05
291136,3.5328e-05
291143,0.000297216
291160,1.2032e-05
291175,5.248e-05
291201,3.968e-05
291214,5.9136e-05
291224,9.5232e-05
291263,3.5072e-05
291266,5.632e-06
291273,4.4032e-05
291302,8.192e-06
291319,4.0448e-05
291333,0.000125952
291352,6.8864e-05
291355,4.864e-05
291370,8.704e-05
291375,0.000109056
291385,1.152e-05
291390,1.0752e-05
291416,7.7568e-05
291424,4.352e-05
291461,0.00012416
291474,5.888e-05
291487,6.1696e-05
291489,0.000100096
291494,0.003189248
291522,0.00187904
291564,0.000104448
291604,7.5264e-05
291617,2.432e-05
291631,9.3184e-05
291637,2.9696e-05
291654,2.56e-06
291694,6.3488e-05
291729,9.8304e-05
291734,2.9952e-05
291745,3.7632e-05
291782,4.608e-06
291814,7.8336e-05
291833,1.024e-05
291845,9.856e-05
291856,6.3744e-05
291862,3.3536e-05
291874,0.00014592
291905,3.5584e-05
291926,4.7104e-05
291944,0.000146944
291960,0.000117248
291964,8.576e-05
291975,2.048e-06
291981,9.216e-05
291992,7.7056e-05
291994,5.3248e-05
292028,6.0928e-05
292036,3.3024e-05
292051,9.0368e-05
292072,0.00022144
292092,0.000141824
292094,0.000290304
292114,0.006334976
292165,6.9632e-05
292201,2.688e-05
292223,3.456e-05
292227,0.000234496
292275,1.2288e-05
292283,0.000147712
292309,0.000133632
292323,0.0001728
292342,4.6336e-05
292365,4.2496e-05
292378,5.9904e-05
292393,2.56e-06
292403,0.000159744
292425,9.1904e-05
292427,1.6128e-05
292432,6.912e-06
292455,0.0001216
292485,1.536e-05
292487,2.9696e-05
292495,0.001859072
292527,5.9392e-05
292549,1.2032e-05
292551,2.0992e-05
292561,0.00010752
292584,0.000196352
292593,0.000113664
292597,4.4032e-05
292620,0.000212736
292693,0.000592384
292696,0.004355584
292708,0.003839232
292713,0.001058816
292764,8.192e-06
292777,6.0672e-05
292793,9.472e-06
292806,8.2944e-05
292825,9.4976e-05
292828,0.000147456
292833,9.6256e-05
292843,3.8144e-05
292871,0.000100608
292897,3.5328e-05
292928,0.000119296
292939,7.68e-07
292949,2.176e-05
292953,3.4048e-05
292966,6.016e-05
292979,2.9952e-05
292983,0.000137728
293038,1.024e-05
293043,8.1408e-05
293069,7.1168e-05
293082,2.6624e-05
293137,2.688e-05
293142,2.7904e-05
293145,1.92e-05
293157,0.0001216
293163,4.1216e-05
293202,6.4e-06
293206,0.004167424
293263,0.000105472
293290,9.1648e-05
293297,0.00036096
293306,0.001817088
293387,2.816e-05
293393,5.9392e-05
293401,4.096e-06
293404,1.664e-05
293427,3.328e-05
293448,9.6768e-05
293514,5.5808e-05
293516,1.1776e-05
293528,2.7648e-05
293538,1.792e-05
293551,7.3216e-05
293562,3.2256e-05
293568,6.8608e-05
293604,3.2e-05
293624,4.352e-05
293677,0.000131072
293694,2.6624e-05
293718,6.8864e-05
293726,2.56e-07
293732,0.000172544
293765,8.96e-06
293775,3.072e-05
293779,6.144e-06
293798,6.5536e-05
293823,1.8688e-05
293830,7.8848e-05
293834,1.4592e-05
293881,5.4016e-05
293890,2.3552e-05
293896,0.005435136
293908,0.000775168
293951,9.9072e-05
293960,4.9152e-05
293993,1.0496e-05
294016,4.7616e-05
294020,1.8688e-05
294026,2.8928e-05
294033,4.1472e-05
294045,1.1008e-05
294048,0.0001536
294086,2.7648e-05
294097,7.04e-05
294106,2.0992e-05
294113,5.12e-06
294135,0.000120064
294139,4.608e-06
294151,0.00012672
294158,1.2544e-05
294178,4.5312e-05
294188,8.5248e-05
294190,1.664e-05
294197,4.736e-05
294214,8.7296e-05
294224,6.528e-05
294257,2.1248e-05
294293,0.000142336
294301,2.304e-06
294335,5.376e-05
294338,7.936e-06
294348,1.92e-05
294350,4.096e-06
294354,6.2208e-05
294387,5.5808e-05
294398,5.888e-06
294403,4.224e-05
294406,8.2688e-05
294422,3.8912e-05
294426,4.608e-05
294440,3.1488e-05
294451,2.0224e-05
294470,3.4304e-05
294479,0.003505408
294493,0.006479104
294494,0.002345216
294495,0.006846208
294520,0.003179008
294581,0.000144384
294645,8.832e-05
294663,0.000188928
294706,9.2416e-05
294713,1.024e-05
294731,4.6592e-05
294737,3.4816e-05
294760,5.12e-06
294786,1.28e-05
294793,7.424e-06
294803,7.936e-05
294806,7.2448e-05
294820,3.0976e-05
294827,2.816e-06
294830,1.5104e-05
294844,5.1456e-05
294848,1.1008e-05
294861,6.656e-06
294873,5.12e-06
294878,2.7392e-05
294902,5.1456e-05
294904,1.7664e-05
294920,5.76e-05
294938,3.3792e-05
294945,2.3552e-05
294958,2.048e-06
294967,2.56e-06
294972,0.000106496
294982,1.024e-06
295002,3.4304e-05
295014,0.00392704
295066,6.8096e-05
295080,3.1744e-05
295093,0.001372416
295106,0.000561664
295112,0.0057152
295179,2.7904e-05
295182,2.944e-05
295190,2.56e-05
295197,4.992e-05
295237,2.816e-05
295248,8.1152e-05
295253,0.00015104
295275,2.8672e-05
295287,0.000119808
295293,2.0224e-05
295311,0.000108032
295313,7.6032e-05
295322,0.000184064
295330,6.4256e-05
295341,5.9904e-05
295381,2.944e-05
295382,2.304e-05
295396,3.3792e-05
295423,1.4592e-05
295430,3.3792e-05
295443,0.000262912
295519,9.7024e-05
295539,0.000125696
295551,0.000642816
295588,0.000222976
295602,2.8672e-05
295614,4.6848e-05
295622,4.096e-06
295628,2.5856e-05
295673,5.0176e-05
295679,8.6528e-05
295689,4.096e-06
295696,0.001133056
295741,1.3568e-05
295747,1.792e-06
295764,7.7568e-05
295776,2.0992e-05
295778,0.000103424
295790,0.00011136
295793,2.4832e-05
295796,1.8944e-05
295825,7.1424e-05
295834,1.3824e-05
295845,2.8416e-05
295853,6.1184e-05
295858,0.000117504
295878,7.424e-06
295910,3.1744e-05
295921,3.4816e-05
295923,5.12e-07
295946,2.7136e-05
295959,4.6336e-05
295988,0.000304384
296012,2.1504e-05
296019,7.9104e-05
296044,4.0704e-05
296057,0.000158208
296067,0.000217856
296082,7.2192e-05
296087,1.536e-06
296100,6.0416e-05
296109,0.000109824
296125,1.0752e-05
296149,6.6304e-05
296156,1.9968e-05
296174,7.3984e-05
296193,3.584e-05
296200,7.2704e-05
296220,1.92e-05
296240,0.001694976
296280,0.002285056
296322,8.7552e-05
296334,1.1008e-05
296354,0.000117248
296370,3.8656e-05
296373,0.00017024
296382,0.000104192
296412,1.1776e-05
296417,2.7904e-05
296424,1.792e-05
296437,2.2528e-05
296448,0.000131072
296460,0.000161792
296466,5.2992e-05
296470,3.072e-05
296475,0.000139776
296495,4.3264e-05
296507,5.3504e-05
296516,3.9168e-05
296523,0.000327936
296543,2.5088e-05
296557,9.984e-06
296567,4.0704e-05
296586,3.456e-05
296610,2.048e-06
296620,4.608e-06
296628,9.1904e-05
296632,6.4256e-05
296652,4.992e-05
296692,0.000114688
296703,5.5808e-05
296710,3.6096e-05
296753,4.5056e-05
296769,8.1664e-05
296785,2.56e-06
296787,0.000347392
296807,0.000121088
296809,1.28e-06
296823,6.2976e-05
296833,2.8416e-05
296855,5.4528e-05
296859,1.28e-06
296870,5.9136e-05
296877,0.000363776
296880,2.56e-07
296893,0.002304512
296934,1.8944e-05
296953,0.000304128
296979,1.024e-05
296991,2.8672e-05
297002,0.00013056
297032,2.7392e-05
297065,0.000104704
297080,4.1984e-05
297085,0.00012416
297094,0.000117248
297115,0.000170496
297147,2.56e-07
297153,3.584e-06
297163,6.3488e-05
297169,2.4832e-05
297178,9.3696e-05
297194,0.000187904
297205,3.6352e-05
297214,3.2512e-05
297231,0.000117248
297240,0.000103936
297247,1.9968e-05
297264,0.00016384
297275,0.000651008
297301,1.5872e-05
297312,7.3472e-05
297345,0.000157184
297352,3.072e-05
297356,0.000243968
297364,6.6304e-05
297373,2.4832e-05
297377,0.000256512
297417,2.6368e-05
297427,9.4976e-05
297432,0.000108032
297441,2.0992e-05
297452,1.2544e-05
297482,9.8048e-05
297489,0.000342016
297492,0.000297472
297493,0.000253952
297496,0.004215296
297536,6.656e-06
297587,7.8336e-05
297612,5.2224e-05
297615,7.9872e-05
297621,4.1984e-05
297623,4.5312e-05
297627,0.000315392
297669,1.8688e-05
297675,0.000352512
297683,4.9408e-05
297685,9.9328e-05
297706,1.8688e-05
297718,1.536e-06
297720,5.2736e-05
297748,3.1488e-05
297756,0.000124928
297765,2.8928e-05
297778,3.6096e-05
297783,4.608e-06
297789,7.68e-06
297791,4.0704e-05
297819,2.6112e-05
297824,4.8896e-05
297828,0.000652032
297865,1.6896e-05
297867,0.001133056
297923,5.632e-06
297929,0.000100864
297945,0.000120832
297962,9.984e-06
297968,1.1008e-05
297985,4.9152e-05
298013,0.000118272
298030,0.000103424
298046,0.00038784
298079,0.000253952
298093,0.007190528
298112,0.00209792
298152,9.1392e-05
298156,1.0752e-05
298189,9.3184e-05
298205,0.000197632
298210,0.000118272
298227,8.832e-05
298235,0.000238848
298251,0.00030848
298263,0.000254208
298285,1.4592e-05
298327,0.000175872
298337,0.000155392
298354,5.1712e-05
298360,4.6336e-05
298366,9.216e-06
298371,4.2752e-05
298400,2.816e-06
298407,5.12e-06
298415,2.0736e-05
298433,5.504e-05
298439,0.000205056
298450,7.296e-05
298461,0.00026752
298468,4.864e-05
298502,4.608e-06
298505,2.304e-06
298520,9.7536e-05
298546,0.000794368
298562,0.000164864
298608,0.000195072
298642,4.352e-06
298676,0.000108032
298691,1.9456e-05
298694,0.001620224
298705,0.004751616
298764,2.4064e-05
298783,5.12e-07
298785,0.000144384
298812,1.92e-05
298820,6.2976e-05
298825,4.224e-05
298834,0.000160768
298849,3.2768e-05
298854,0.004038912
298905,6.3488e-05
298936,0.006214656
298977,5.12e-07
298995,0.000110848
299024,1.8432e-05
299026,4.9408e-05
299037,0.00011648
299049,4.1472e-05
299063,1.5872e-05
299078,4.9664e-05
299108,8.32e-05
299110,2.6624e-05
299118,9.216e-06
299133,2.9696e-05
299139,0.000187136
299150,8.96e-06
299180,5.888e-06
299182,8.9344e-05
299210,7.1168e-05
299216,2.0224e-05
299231,3.072e-06
299257,0.000217088
299270,0.00022016
299281,5.4016e-05
299290,0.000189184
299293,0.001947392
299305,0.000385536
299325,8.192e-06
299331,7.1424e-05
299349,4.224e-05
299377,0.000109312
299388,0.000661248
299393,0.000120832
299408,9.1648e-05
299419,0.000115456
299435,7.2192e-05
299442,2.6624e-05
299459,1.4848e-05
299471,0.03124224
299552,5.12e-07
299570,1.1776e-05
299575,5.12e-06
299577,0.000102912
299584,5.7856e-05
299600,0.00014464
299608,6.7584e-05
299623,8.7296e-05
299626,0.000144896
299632,2.5856e-05
299639,2.304e-06
299649,6.8352e-05
299670,0.000109824
299687,1.92e-05
299717,4.096e-05
299728,6.2208e-05
299730,6.3488e-05
299753,1.024e-05
299760,3.584e-05
299782,0.000125696
299788,2.56e-06
299793,9.984e-05
299806,1.1264e-05
299821,0.000154112
299830,7.7056e-05
299861,2.0736e-05
299873,2.2784e-05
299888,0.000137472
299894,0.001239808
299901,0.000569088
299928,1.3824e-05
299934,3.5328e-05
299938,5.5808e-05
299959,5.0944e-05
299963,1.536e-06
299988,0.000132096
300003,0.000157184
300030,0.000199168
300054,1.5616e-05
300090,0.000241408
300100,9.7536e-05
300110,4.5568e-05
300125,0.000108032
300137,0.000144384
300148,2.7904e-05
300150,1.792e-06
300175,0.000288256
300193,2.4576e-05
300199,6.4e-06
300211,0.000127488
300253,1.5104e-05
300255,5.0176e-05
300265,0.000101632
300268,2.7136e-05
300274,0.000258816
300297,8.9344e-05
300319,3.9168e-05
300325,0.00010752
300329,0.000151552
300343,1.792e-05
300353,0.000207104
300363,0.000187904
300377,0.000108032
300425,5.12e-05
300440,1.0752e-05
300460,8.6784e-05
300461,0.000105984
300472,1.92e-05
300491,0.000134656
300493,0.001995008
300551,1.3568e-05
300580,1.9712e-05
300585,7.0144e-05
300606,0.000120832
300610,0.000149504
300642,5.4784e-05
300656,1.9712e-05
300668,4.1984e-05
300674,1.3568e-05
300684,0.000104448
300694,0.000164352
300700,6.0416e-05
300720,0.000147968
300724,6.5024e-05
300740,0.000107008
300753,4.4288e-05
300761,0.0003456
300766,3.0208e-05
300785,1.8176e-05
300803,9.5744e-05
300810,0.000155136
300844,0.015303424
300907,2.6112e-05
300920,5.6064e-05
300935,2.9184e-05
300939,9.1136e-05
300970,2.2784e-05
300975,6.656e-06
300993,3.1232e-05
300998,9.0112e-05
301015,0.00017792
301052,6.144e-06
301064,8.448e-05
301071,5.8112e-05
301093,0.002902272
301105,0.001490432
301174,0.002194688
301197,1.1264e-05
301207,1.792e-06
301212,1.28e-05
301236,3.1744e-05
301254,3.2768e-05
301263,7.7056e-05
301287,6.6304e-05
301292,1.3312e-05
301310,0.00017536
301321,7.2192e-05
301333,2.048e-05
301356,3.84e-05
301361,4.4032e-05
301372,7.9872e-05
301376,8.2944e-05
301383,2.6368e-05
301400,8.32e-05
301437,0.000119552
301457,8.0128e-05
301483,5.6832e-05
301502,6.272e-05
301525,3.8912e-05
301551,6.7072e-05
301556,9.0368e-05
301590,4.2752e-05
301598,1.2544e-05
301605,2.2528e-05
301610,1.8176e-05
301630,1.3056e-05
301643,0.00022272
301662,0.000109568
301666,7.8592e-05
301684,7.68e-05
301693,0.001756928
301705,0.00333056
301734,1.0496e-05
301747,0.000204544
301751,0.0001216
301775,8.7552e-05
301808,7.4752e-05
301817,1.1008e-05
301837,0.00012032
301850,9.7536e-05
301874,0.001051392
301904,0.000108032
301909,3.4048e-05
301949,2.6624e-05
301967,0.000242176
301982,0.00015744
302002,0.000127232
302017,3.4816e-05
302021,2.8928e-05
302023,4.0192e-05
302027,2.56e-07
302073,6.8864e-05
302083,3.5328e-05
302101,0.000140032
302121,1.5616e-05
302143,0.004912896
302144,0.002445824
302145,0.005317632
302147,0.004217088
302149,0.009889792
302154,0.001701376
302155,0.001563392
302157,0.003646976
302206,2.8672e-05
302237,2.5344e-05
302278,1.9712e-05
302280,5.5808e-05
302283,2.4064e-05
302294,0.001679104
302295,0.004598528
302305,0.001039872
302355,5.5808e-05
302372,0.0001024
302380,0.000110592
302391,9.1392e-05
302400,4.0448e-05
302402,8.96e-06
302412,5.0688e-05
302429,0.000116992
302434,8.2688e-05
302470,6.5792e-05
302483,1.1008e-05
302498,0.000140032
302517,0.00739968
302581,6.6816e-05
302586,7.168e-06
302607,8.448e-06
302639,1.9968e-05
302650,2.2272e-05
302670,0.000235264
302693,3.9936e-05
302700,2.9184e-05
302714,1.9456e-05
302720,7.1424e-05
302734,0.000119552
302739,0.000174336
302766,0.00013312
302803,8.9344e-05
302809,0.001753344
302844,2.048e-06
302858,2.9184e-05
302880,1.5616e-05
302884,6.144e-06
302890,7.3984e-05
302894,8.4224e-05
302896,0.005659392
302906,0.001390848
302969,0.000184576
302984,4.0704e-05
302995,0.000131328
303006,7.2448e-05
303039,4.096e-06
303049,2.1504e-05
303054,6.144e-05
303061,0.000102656
303068,5.376e-05
303087,1.8432e-05
303097,1.536e-05
303106,0.000274688
303120,7.936e-05
303131,3.328e-06
303138,4.608e-05
303145,0.000543744
303153,5.0432e-05
303174,2.6368e-05
303193,6.1184e-05
303204,9.6768e-05
303221,8.0128e-05
303236,1.2032e-05
303243,1.2032e-05
303262,7.1424e-05
303269,6.5792e-05
303276,6.656e-06
303280,7.9616e-05
303289,7.168e-06
303322,0.000197632
303334,3.6096e-05
303343,7.8848e-05
303360,0.000128256
303373,4.352e-05
303385,6.5536e-05
303390,0.000101632
303410,6.0416e-05
303417,8.8064e-05
303420,5.632e-05
303430,4.1472e-05
303432,0.00019968
303454,0.000106496
303491,7.9104e-05
303493,0.002635264
303505,0.00105472
303543,0.00014976
303590,1.7664e-05
303592,9.9072e-05
303600,3.2768e-05
303630,1.2544e-05
303637,3.84e-06
303650,3.5328e-05
303681,2.304e-05
303701,2.6112e-05
303717,6.4e-06
303732,4.608e-06
303738,0.000107264
303748,7.6032e-05
303760,1.5872e-05
303763,7.6544e-05
303764,0.00808192
303793,0.000130048
303808,0.000319232
303828,0.000246528
303846,0.000487168
303871,0.000166144
303889,3.5072e-05
303897,2.2272e-05
303903,1.1264e-05
303923,5.888e-05
303942,3.072e-05
303950,6.2208e-05
303967,5.7088e-05
303985,0.000150784
303991,0.00010752
304010,5.888e-06
304025,4.7616e-05
304043,2.176e-05
304066,1.92e-05
304069,5.1456e-05
304093,0.001375488
304111,0.001616128
304140,1.5872e-05
304143,9.984e-05
304161,1.536e-05
304176,1.7664e-05
304183,0.000111104
304187,2.5088e-05
304193,1.8432e-05
304243,7.9872e-05
304245,3.84e-05
304262,0.000132352
304285,5.12e-06
304303,7.0912e-05
304324,8.6016e-05
304361,0.002576384
304386,0.003060224
304422,0.000522752
304462,0.000223232
304509,1.1008e-05
304526,1.1264e-05
304584,0.003171328
304639,0.000210944
304661,7.7312e-05
304693,0.00237824
304694,0.000379392
304751,0.000151808
304770,3.0464e-05
304787,7.0912e-05
304796,4.1984e-05
304807,4.096e-05
304812,1.408e-05
304817,0.000123904
304848,4.3008e-05
304854,3.7632e-05
304885,0.00016896
304894,2.304e-05
304902,9.1392e-05
304928,4.2496e-05
304930,9.4208e-05
304952,0.00039552
304971,8.448e-06
304998,1.536e-06
305001,4.096e-06
305021,0.002882816
305058,4.224e-05
305060,0.000230912
305068,0.000139264
305080,6.6048e-05
305091,3.84e-05
305141,5.2224e-05
305172,8.6016e-05
305187,3.1744e-05
305249,8.4736e-05
305260,6.528e-05
305268,0.000101888
305290,2.56e-07
305293,0.007426816
305350,1.4336e-05
305365,4.0704e-05
305372,0.000242432
305390,3.84e-06
305402,5.6576e-05
305418,1.2544e-05
305432,6.272e-05
305437,0.000114432
305460,2.7392e-05
305485,0.000144896
305494,0.000153344
305503,2.304e-06
305524,8.1664e-05
305528,1.4336e-05
305554,5.376e-06
305573,4.1728e-05
305588,1.792e-05
305604,6.6304e-05
305614,6.3232e-05
305623,0.017607168
305648,0.018722304
305698,3.072e-06
305716,0.00409984
305763,5.4784e-05
305778,0.000101632
305793,7.1936e-05
305810,3.4816e-05
305814,5.376e-06
305816,1.7408e-05
305844,0.000136448
305861,4.5824e-05
305863,9.344e-05
305883,7.424e-06
305893,0.003250688
305921,0.00027264
305962,2.56e-05
305976,0.001252864
306016,9.728e-06
306034,2.1504e-05
306051,2.56e-07
306053,4.7872e-05
306059,3.6352e-05
306062,9.8304e-05
306093,9.728e-06
306098,6.144e-05
306100,6.4256e-05
306117,0.000261888
306149,2.6624e-05
306177,5.376e-06
306194,9.1392e-05
306196,2.4576e-05
306222,1.6128e-05
306230,3.0464e-05
306240,1.536e-06
306252,4.096e-06
306313,0.00020992
306316,2.8928e-05
306341,1.664e-05
306346,0.00011264
306354,0.000527872
306394,4.9664e-05
306409,0.000205312
306415,3.84e-05
306420,0.000102144
306450,9.7792e-05
306467,3.6096e-05
306471,6.656e-06
306488,2.5856e-05
306493,0.003460864
306534,8.4224e-05
306543,0.000113408
306550,0.000303616
306574,2.0224e-05
306590,3.4304e-05
306600,0.000101632
306610,0.00013312
306626,0.000247552
306631,9.6e-05
306648,8.832e-05
306664,1.2032e-05
306697,0.000109312
306712,0.000207104
306723,8.3712e-05
306725,1.7408e-05
306758,5.888e-06
306782,4.8896e-05
306790,2.048e-05
306795,0.000132352
306810,2.56e-05
306821,0.00117632
306836,9.6e-05
306877,4.1728e-05
306889,3.4304e-05
306913,0.000272384
306923,0.00019328
306932,9.7024e-05
306940,6.7584e-05
306955,0.000101632
306960,0.000116736
306992,2.9696e-05
306995,3.0208e-05
306997,1.28e-06
307007,0.000167936
307017,9.6768e-05
307073,8.2432e-05
307087,5.7088e-05
307089,0.000100352
307093,0.003915776
307128,1.6128e-05
307143,1.5616e-05
307149,9.216e-06
307176,3.328e-06
307195,6.4768e-05
307225,3.5584e-05
307242,1.7664e-05
307253,0.000155392
307260,7.168e-05
307264,0.000107264
307275,0.000454656
307291,7.68e-05
307303,3.968e-05
307339,8.3456e-05
307381,3.072e-06
307393,1.3056e-05
307398,1.6128e-05
307403,7.1168e-05
307406,1.28e-05
307414,2.8928e-05
307425,1.2032e-05
307437,0.000104448
307451,2.688e-05
307474,8.3712e-05
307500,1.024e-06
307540,5.8112e-05
307572,0.000146688
307575,9.5744e-05
307582,1.6896e-05
307606,2.0992e-05
307631,4.6848e-05
307640,9.9072e-05
307656,0.00057984
307678,9.1392e-05
307683,0.023280128
307696,0.002920448
307721,0.002996736
307746,0.002899456
307783,1.7664e-05
307791,2.176e-05
307793,2.0736e-05
307804,2.0992e-05
307814,0.000155392
307828,7.0912e-05
307840,0.000100864
307854,3.584e-06
307882,1.9712e-05
307889,9.1648e-05
307894,1.8432e-05
307918,3.6864e-05
307923,3.3024e-05
307943,0.000153856
307953,3.968e-05
307963,6.656e-06
307983,0.00018944
307987,6.912e-05
308010,0.000109824
308032,0.000105728
308039,3.2512e-05
308068,3.3024e-05
308076,7.936e-05
308086,2.5344e-05
308138,1.9968e-05
308148,0.000177152
308171,2.7904e-05
308180,4.6336e-05
308190,4.6848e-05
308198,1.024e-05
308209,3.3536e-05
308224,0.000114944
308228,2.0224e-05
308246,0.000123904
308252,2.3552e-05
308262,4.3008e-05
308278,9.0368e-05
308292,8.4736e-05
308293,0.00093056
308307,0.000797184
308310,0.004877568
308361,1.4592e-05
308374,0.000139776
308390,3.6608e-05
308399,3.584e-05
308421,6.016e-05
308436,6.6048e-05
308454,4.864e-06
308476,0.000126976
308505,1.024e-05
308508,2.6368e-05
308518,4.3008e-05
308528,0.002111232
308530,0.003569664
308585,1.6384e-05
308591,3.456e-05
308600,1.5104e-05
308609,8.704e-06
308634,6.6048e-05
308640,8.448e-05
308669,6.8864e-05
308672,1.3824e-05
308678,6.0672e-05
308711,0.000103168
308720,0.000104704
308734,0.000574208
308765,0.000115456
308795,1.1776e-05
308804,4.7104e-05
308818,6.1952e-05
308835,8.9088e-05
308848,0.000107776
308858,3.2512e-05
308872,5.888e-06
308875,4.1984e-05
308895,0.000124672
308902,0.00081536
308930,4.48e-05
308937,5.2992e-05
308967,0.000550144
308987,1.3824e-05
309003,7.0656e-05
309018,0.000136448
309026,0.000251136
309049,6.9888e-05
309057,2.2528e-05
309100,4.0448e-05
309109,8.448e-06
309116,1.3312e-05
309152,9.728e-06
309158,6.9632e-05
309160,0.00014464
309169,0.00010112
309193,0.000108032
309214,9.9328e-05
309220,7.68e-06
309237,0.000119808
309255,0.000157696
309257,2.048e-06
309268,1.0752e-05
309314,0.000186112
309339,3.6608e-05
309340,4.7104e-05
309352,1.0752e-05
309374,0.000143616
309424,0.000218624
309444,0.000109824
309448,2.6368e-05
309468,5.6064e-05
309483,0.00143744
309497,0.003421184
309512,0.000416512
309536,7.8592e-05
309576,0.000121856
309594,2.7136e-05
309604,1.152e-05
309614,0.000170752
309617,0.000142848
309636,4.864e-05
309643,8.9856e-05
309653,5.888e-06
309669,9.1904e-05
309683,0.000176896
309690,3.328e-05
309699,2.8672e-05
309709,0.000479232
309747,0.000160768
309776,4.5312e-05
309780,0.000207872
309813,5.376e-06
309832,6.1952e-05
309848,0.000123392
309862,3.328e-05
309875,9.984e-06
309889,0.006531072
309909,7.2448e-05
309935,5.76e-05
309943,0.000108032
309953,6.2976e-05
309977,3.3536e-05
309986,1.1264e-05
310005,7.68e-07
310018,1.152e-05
310032,7.0656e-05
310038,5.6832e-05
310051,0.00011264
310071,0.004363264
310094,0.001942272
310137,5.632e-06
310155,0.000121344
310174,0.000151808
310178,7.296e-05
310203,7.2704e-05
310214,3.9168e-05
310228,1.8176e-05
310230,0.000159744
310264,0.000163328
310310,0.000142592
310320,7.8592e-05
310329,0.000231424
310355,0.000177152
310370,6.0672e-05
310384,1.8176e-05
310392,2.0224e-05
310396,1.9456e-05
310403,0.000130816
310406,3.9936e-05
310421,0.000183808
310440,0.000143616
310455,9.1392e-05
310471,4.3008e-05
310494,5.6064e-05
310500,0.000108544
310511,3.8144e-05
310531,0.000296704
310546,8.832e-05
310566,5.9392e-05
310577,7.68e-07
310582,9.216e-06
310585,3.072e-06
310598,3.584e-05
310608,0.0001536
310621,2.7904e-05
310645,0.000132608
310662,1.6384e-05
310663,5.76e-05
310679,1.792e-05
310690,1.792e-05
310693,0.002324992
310697,0.005251328
310784,3.072e-05
310792,3.584e-05
310795,0.02795008
310853,3.9936e-05
310861,3.5328e-05
310905,3.584e-05
310915,8.4736e-05
310920,9.7024e-05
310925,3.584e-06
310933,1.024e-06
310990,2.6624e-05
311011,3.7888e-05
311028,4.9408e-05
311035,9.3696e-05
311053,5.7344e-05
311061,4.352e-05
311070,3.3792e-05
311082,0.00014848
311118,1.2032e-05
311123,2.3552e-05
311142,8.32e-05
311148,7.168e-06
311165,3.3024e-05
311170,6.784e-05
311183,0.000281856
311212,4.7104e-05
311239,6.656e-06
311243,4.7616e-05
311264,2.6624e-05
311284,6.2976e-05
311294,0.009260288
311353,0.000108032
311364,2.6112e-05
311375,5.12e-06
311400,2.816e-05
311440,5.12e-07
311456,0.00119808
311485,0.000291072
311540,0.00016128
311553,0.000194816
311594,3.8144e-05
311607,4.352e-06
311614,1.536e-06
311643,4.2496e-05
311652,4.48e-05
311691,3.968e-05
311696,4.608e-06
311703,2.176e-05
311708,6.8864e-05
311713,0.000127744
311735,0.000105728
311762,7.2704e-05
311771,4.6336e-05
311804,3.8144e-05
311832,2.8928e-05
311833,2.944e-05
311868,1.664e-05
311880,5.504e-05
311897,0.006528768
311934,4.0192e-05
311961,2.2784e-05
311976,0.000347136
311986,2.048e-06
312013,2.56e-07
312016,3.328e-05
312031,0.000130304
312037,0.00018048
312048,3.1488e-05
312069,1.536e-05
312071,5.504e-05
312081,0.000155136
312097,5.6064e-05
312110,3.8144e-05
312114,2.816e-06
312127,0.000121344
312131,2.7392e-05
312138,0.000121088
312151,4.2496e-05
312167,4.736e-05
312171,3.0464e-05
312176,2.6624e-05
312188,9.216e-05
312204,2.304e-05
312206,0.000627712
312229,5.1456e-05
312241,6.912e-06
312255,1.664e-05
312263,5.4784e-05
312285,0.000134912
312289,3.968e-05
312308,9.2928e-05
312310,1.4592e-05
312321,1.92e-05
312333,7.2448e-05
312353,4.9664e-05
312379,2.816e-05
312381,5.76e-05
312387,0.000169472
312396,0.000108288
312402,3.456e-05
312417,4.7872e-05
312434,5.8112e-05
312440,8.064e-05
312490,7.0144e-05
312493,4.352e-05
312494,0.002094848
312497,0.014873344
312553,0.000585728
312587,5.888e-05
312617,0.000124928
312654,9.5744e-05
312665,1.4592e-05
312673,3.072e-06
312681,2.9696e-05
312692,7.6544e-05
312703,3.4304e-05
312725,8.576e-05
312735,0.0001344
312752,0.000134656
312771,6.2208e-05
312775,5.8624e-05
312829,6.144e-05
312837,2.5088e-05
312856,2.176e-05
312860,0.000215808
312875,9.0368e-05
312944,6.656e-06
312956,7.936e-06
312988,0.000155648
313027,9.984e-06
313029,6.9888e-05
313047,2.048e-06
313051,6.0928e-05
313056,0.000115712
313063,4.7104e-05
313072,9.4208e-05
313083,0.000207104
313093,0.02349312
313164,9.5232e-05
313166,6.6304e-05
313195,5.632e-05
313214,2.9184e-05
313233,0.000268288
313238,0.000198144
313241,0.000367104
313279,9.216e-06
313296,2.816e-05
313301,0.099745792
313351,5.1712e-05
313358,5.376e-05
313372,2.56e-06
313381,6.144e-06
313386,0.000269568
313448,4.096e-05
313469,6.4256e-05
313477,0.000110336
313479,0.000402176
313495,4.864e-06
313513,1.3312e-05
313537,2.9184e-05
313554,7.808e-05
313560,0.000224768
313580,1.4336e-05
313596,1.7408e-05
313622,1.2032e-05
313650,6.4512e-05
313682,3.5072e-05
313694,0.004205312
313743,5.6576e-05
313756,9.3696e-05
313773,0.000197888
313780,1.7664e-05
313819,1.792e-06
313822,2.4064e-05
313832,0.000113152
313857,8.704e-06
313878,3.5072e-05
313883,0.000120832
313891,3.0464e-05
313894,2.048e-06
313932,6.4e-05
313938,0.006664192
313981,9.856e-05
313999,2.7136e-05
314006,1.0752e-05
314009,1.6896e-05
314011,7.6032e-05
314036,0.00011776
314051,2.048e-05
314066,2.5088e-05
314078,7.8592e-05
314104,3.7376e-05
314128,3.456e-05
314130,6.4256e-05
314137,0.003109888
314164,1.28e-06
314167,2.5344e-05
314180,1.2288e-05
314210,0.000201216
314262,3.328e-06
314293,0.000582656
314294,0.007487232
314296,0.003172096
314358,4.48e-05
314362,5.4016e-05
314365,0.000158976
314379,2.2272e-05
314391,0.000113664
314398,1.3824e-05
314426,0.000151808
314443,2.7392e-05
314464,2.6112e-05
314477,4.9408e-05
314486,4.1984e-05
314545,4.6336e-05
314563,4.992e-05
314578,8.9344e-05
314609,0.000113152
314613,6.9888e-05
314630,0.000359936
314637,0.000114688
314663,0.00017664
314673,4.4544e-05
314677,9.856e-05
314680,2.3808e-05
314690,4.3008e-05
314703,3.9424e-05
314705,3.8912e-05
314753,8.192e-05
314756,4.1728e-05
314762,0.000248576
314786,4.5056e-05
314826,5.9904e-05
314834,0.00147712
314890,0.000125184
314899,9.344e-05
314902,0.00112128
314950,8.3968e-05
314954,8.576e-05
314974,3.7632e-05
314986,3.4304e-05
315008,1.6896e-05
315012,2.944e-05
315041,3.1232e-05
315048,0.000178688
315063,1.536e-06
315071,3.456e-05
315090,0.000187136
315103,5.7344e-05
315105,7.6544e-05
315123,8.704e-06
315132,8.1664e-05
315169,6.5024e-05
315177,8.1152e-05
315214,0.000200448
315224,0.000104704
315244,3.4048e-05
315263,2.6368e-05
315278,0.000110336
315280,0.000134656
315297,7.296e-05
315305,7.68e-07
315328,0.000104448
315330,2.7136e-05
315338,8.32e-05
315342,7.5776e-05
315361,0.00010496
315371,1.024e-06
315381,7.8592e-05
315395,1.8688e-05
315420,3.5328e-05
315428,9.984e-06
315429,0.000157952
315436,1.5616e-05
315449,2.3808e-05
315464,8.2176e-05
315472,9.728e-06
315478,9.4464e-05
315494,1.024e-06
315497,0.001342464
315507,0.005490432
315548,5.0944e-05
315555,7.8848e-05
315581,4.4032e-05
315606,0.005523968
315668,4.48e-05
315669,0.000233728
315683,0.000131328
315693,0.000103936
315716,5.9136e-05
315728,1.8432e-05
315743,0.000109056
315753,3.328e-05
315756,2.1504e-05
315803,0.000161536
315812,3.4048e-05
315837,4.4032e-05
315845,3.328e-05
315863,2.2528e-05
315880,6.144e-05
315895,1.792e-05
315911,1.6896e-05
315918,7.8592e-05
315921,0.000199168
315934,0.000163584
315960,6.0416e-05
315983,0.000140544
315985,0.00010368
315993,3.6352e-05
315999,5.888e-06
316002,1.6384e-05
316028,0.0020352
316075,5.4272e-05
316078,3.072e-06
316088,1.3312e-05
316090,7.168e-06
316093,0.011528704
316105,0.002749184
316147,5.8368e-05
316157,1.3056e-05
316171,3.6864e-05
316186,2.048e-05
316221,3.6352e-05
316230,0.000167168
316245,3.7632e-05
316257,0.000131072
316264,6.6304e-05
316274,5.5552e-05
316287,5.504e-05
316290,2.5856e-05
316303,0.000109568
316306,2.304e-06
316322,0.000169216
316343,7.1936e-05
316390,0.00013952
316411,2.1248e-05
316414,0.00012544
316419,0.003330816
316455,3.7632e-05
316469,3.2768e-05
316479,4.608e-06
316506,7.68e-05
316512,0.000107264
316520,0.000193536
316522,0.000178432
316537,2.9696e-05
316548,8.5504e-05
316557,6.656e-05
316565,1.6896e-05
316582,0.000168448
316604,3.3024e-05
316642,3.6096e-05
316670,3.0976e-05
316697,0.001423616
316701,6.1696e-05
316734,0.00030208
316766,5.504e-05
316789,0.000136704
316803,2.944e-05
316804,0.000280832
316845,0.00481152
316894,7.04e-05
316916,5.8624e-05
316982,0.00018304
316987,5.0432e-05
317008,9.9584e-05
317021,7.168e-06
317032,0.000132352
317058,1.024e-05
317066,2.7904e-05
317068,0.000153856
317088,5.0688e-05
317100,5.2736e-05
317104,5.248e-05
317120,7.168e-05
317141,0.000175616
317181,9.4976e-05
317186,0.000108032
317209,0.000149504
317216,3.5328e-05
317236,0.000102144
317268,0.000109312
317293,0.0251712
317352,9.216e-05
317356,0.00028928
317368,5.4784e-05
317376,0.000137984
317385,2.304e-06
317408,3.2256e-05
317429,7.5264e-05
317448,1.152e-05
317484,4.096e-06
317491,1.1008e-05
317503,1.8432e-05
317510,5.1968e-05
317520,9.4464e-05
317523,5.1712e-05
317552,0.000115712
317558,2.1504e-05
317590,8.96e-06
317600,4.9152e-05
317616,8.5248e-05
317647,2.304e-05
317657,1.8176e-05
317680,7.296e-05
317693,2.048e-06
317713,5.9904e-05
317723,3.7888e-05
317740,1.792e-06
317753,2.304e-06
317766,2.3808e-05
317781,6.3744e-05
317798,4.5824e-05
317800,4.864e-05
317833,6.912e-05
317838,3.4304e-05
317845,2.048e-05
317856,3.072e-05
317858,1.3056e-05
317888,5.248e-05
317894,7.552e-05
317897,0.00685696
317905,0.001604864
317960,1.6384e-05
317983,7.2448e-05
317996,7.7312e-05
318017,4.1984e-05
318032,0.000192768
318057,8.96e-06
318069,3.7632e-05
318093,4.5824e-05
318110,1.5616e-05
318121,8.448e-06
318136,1.4848e-05
318138,1.28e-06
318153,0.000153088
318162,0.000161792
318175,0.000147968
318179,0.000114432
318194,2.1504e-05
318200,1.6896e-05
318226,3.8144e-05
318232,5.5552e-05
318239,5.376e-05
318252,6.656e-06
318264,2.3552e-05
318266,6.3488e-05
318270,2.2528e-05
318275,1.28e-05
318296,6.1184e-05
318305,6.6304e-05
318317,0.0001408
318337,5.0176e-05
318341,7.1168e-05
318360,1.3824e-05
318378,5.76e-05
318384,1.6384e-05
318386,2.56e-07
318426,5.888e-06
318439,0.0001152
318443,5.7344e-05
318460,1.3056e-05
318469,0.000147712
318488,1.2288e-05
318493,0.007589888
318497,0.00656768
318546,7.0912e-05
318569,4.9664e-05
318588,0.000231936
318626,9.8816e-05
318630,0.000104448
318640,9.5232e-05
318664,2.1504e-05
318676,4.352e-05
318681,0.000164096
318693,8.6784e-05
318709,1.9456e-05
318723,9.3952e-05
318725,4.3776e-05
318735,0.000209152
318742,0.00013952
318750,6.6048e-05
318757,0.000161792
318779,2.56e-07
318784,0.000187392
318803,2.2784e-05
318808,2.2528e-05
318817,5.0944e-05
318820,0.000132608
318828,2.048e-06
318844,3.5072e-05
318849,6.6816e-05
318862,1.8432e-05
318969,4.1216e-05
319000,5.888e-06
319011,2.3296e-05
319027,6.0928e-05
319056,2.9184e-05
319067,1.3568e-05
319091,2.2016e-05
319093,0.000349184
319115,1.1776e-05
319133,4.096e-06
319135,6.3744e-05
319148,8.192e-06
319153,1.92e-05
319159,4.9664e-05
319176,0.000232448
319215,0.000106496
319233,5.7344e-05
319246,1.28e-06
319257,3.9168e-05
319269,0.000180224
319288,0.000175616
319306,4.3776e-05
319316,1.408e-05
319340,4.7104e-05
319376,0.000108544
319381,4.7616e-05
319405,0.006343424
319436,7.1168e-05
319463,0.000116736
319474,9.8304e-05
319501,1.0496e-05
319509,2.2272e-05
319513,3.5328e-05
319520,3.84e-06
319539,5.12e-07
319543,1.664e-05
319568,1.92e-05
319572,0.00013568
319603,0.000203776
319617,3.0464e-05
319657,6.528e-05
319663,7.2704e-05
319691,0.00020992
319696,3.6096e-05
319697,0.001210368
319706,0.002735616
319755,0.000185856
319802,4.352e-06
319806,0.000151552
319830,2.0224e-05
319847,8.3456e-05
319867,3.6608e-05
319880,7.296e-05
319883,1.024e-05
319910,1.2544e-05
319935,1.024e-05
319940,9.8048e-05
319972,3.1232e-05
319975,0.000250112
319993,4.6592e-05
320000,3.2512e-05
320002,7.6032e-05
320024,3.456e-05
320037,0.00024704
320045,0.000180736
320064,0.000119552
320074,0.001320192
320109,0.00010368
320125,2.2016e-05
320128,3.84e-06
320132,0.000147456
320147,1.408e-05
320170,5.0944e-05
320186,2.8928e-05
320201,4.6848e-05
320207,3.6096e-05
320236,2.6112e-05
320262,7.936e-05
320273,2.4576e-05
320293,0.01076096
320371,5.632e-06
320373,6.8096e-05
320390,9.984e-06
320393,8.96e-06
320416,6.784e-05
320456,9.984e-06
320473,0.000167424
320483,8.0384e-05
320491,4.6336e-05
320506,7.7824e-05
320538,0.000147968
320563,6.1952e-05
320569,5.9904e-05
320576,3.8144e-05
320580,5.0432e-05
320586,9.216e-05
320603,9.1136e-05
320604,0.001716992
320643,3.4048e-05
320653,6.4e-05
320662,0.000176384
320668,5.76e-05
320718,7.3216e-05
320721,4.1472e-05
320765,0.000104192
320775,0.0001792
320787,2.4576e-05
320791,0.000173312
320811,0.000161024
320817,0.000106752
320829,0.000100352
320850,0.000162048
320872,1.6128e-05
320884,0.000162816
320893,0.003140864
320894,0.000403712
320896,0.004216064
320943,4.864e-06
320970,6.8352e-05
320989,9.1392e-05
321005,9.8304e-05
321030,0.00018432
321051,5.0176e-05
321068,3.584e-05
321079,2.2784e-05
321082,6.656e-05
321101,9.1136e-05
321109,4.4032e-05
321119,4.992e-05
321129,0.000216064
321142,0.000184576
321150,1.408e-05
321168,0.000114688
321176,7.936e-06
321195,5.0688e-05
321198,9.4976e-05
321214,0.000128
321226,0.001796096
321247,8.6784e-05
321257,2.7904e-05
321273,0.000123136
321294,0.0145088
321344,7.1936e-05
321359,7.4752e-05
321363,4.6592e-05
321371,4.608e-06
321377,0.000862208
321393,1.4336e-05
321431,7.2704e-05
321437,0.00011776
321439,4.3776e-05
321478,4.864e-05
321483,8.8576e-05
321486,0.00381312
321494,0.000757248
321534,4.608e-06
321547,0.00011904
321557,3.1232e-05
321574,5.6064e-05
321585,0.000112128
321586,3.3536e-05
321604,4.0704e-05
321625,0.000121344
321665,2.9184e-05
321680,4.0192e-05
321682,0.000125952
321691,7.2448e-05
321702,3.5328e-05
321709,0.0001088
321724,3.5072e-05
321729,0.0004096
321736,0.003053312
321754,0.005135104
321806,1.8432e-05
321809,5.2736e-05
321828,4.2496e-05
321832,0.000117248
321840,1.1264e-05
321841,0.00010112
321862,2.0224e-05
321864,0.0001088
321874,0.000120064
321895,3.5072e-05
321899,5.504e-05
321917,1.7152e-05
321919,7.2192e-05
321935,8.2944e-05
321938,3.9168e-05
321943,4.096e-06
321982,7.424e-06
321985,0.000207104
322003,3.2e-05
322018,5.0688e-05
322032,2.2272e-05
322061,2.0224e-05
322070,5.4784e-05
322088,0.01794176
322111,0.004772352
322156,1.2032e-05
322177,7.6544e-05
322180,3.328e-06
322214,6.2464e-05
322235,0.000108544
322241,0.000145664
322258,5.9904e-05
322278,7.5776e-05
322280,7.68e-07
322311,0.000137216
322316,9.728e-06
322323,0.000150528
322335,2.8928e-05
322339,2.048e-05
322344,5.7088e-05
322365,0.000130816
322374,3.9424e-05
322386,2.5344e-05
322403,2.8416e-05
322407,0.000242432
322420,8.6272e-05
322426,0.000110592
322436,1.8688e-05
322443,9.472e-05
322447,0.009474816
322482,6.8608e-05
322520,1.792e-06
322535,0.000173312
322559,7.6032e-05
322568,2.048e-06
322582,0.00023552
322610,0.000142336
322630,3.84e-05
322653,0.000100864
322667,4.7104e-05
322679,1.28e-05
322685,1.6128e-05
322690,6.4e-05
322693,0.000103936
322696,4.3776e-05
322710,5.7088e-05
322728,7.1424e-05
322753,1.8176e-05
322793,1.28e-05
322804,4.8384e-05
322822,0.00010368
322843,0.000140032
322851,2.9184e-05
322887,4.4032e-05
322926,4.6336e-05
322928,6.656e-06
322933,7.936e-05
322963,2.3552e-05
322988,1.9968e-05
323051,7.8336e-05
323056,6.4512e-05
323064,6.5536e-05
323085,0.00019072
323097,1.536e-06
323103,4.736e-05
323111,0.000197376
323132,0.000254208
323140,0.000246528
323161,5.9392e-05
323173,7.5264e-05
323175,9.6256e-05
323182,4.7616e-05
323184,7.168e-05
323205,8.704e-06
323220,3.84e-05
323240,0.000121344
323249,1.8688e-05
323260,8.448e-05
323267,6.912e-06
323273,2.5344e-05
323293,0.027407872
323353,0.000208128
323378,0.000118016
323391,5.8112e-05
323408,7.0912e-05
323410,4.864e-06
323419,3.584e-06
323423,4.9664e-05
323443,5.7856e-05
323453,4.7104e-05
323461,3.4304e-05
323480,2.1504e-05
323500,4.1728e-05
323506,2.8672e-05
323526,3.8912e-05
323534,0.000136192
323551,2.5856e-05
323592,6.656e-05
323599,7.552e-05
323604,8.3968e-05
323624,4.8896e-05
323627,2.3808e-05
323639,9.984e-06
323647,4.1728e-05
323663,0.000112384
323676,7.5008e-05
323684,9.2672e-05
323698,9.0624e-05
323704,5.888e-06
323710,3.9936e-05
323727,5.3504e-05
323761,0.000100096
323768,9.472e-06
323783,4.3008e-05
323786,8.9344e-05
323814,1.408e-05
323828,0.000107264
323837,1.8432e-05
323843,2.56e-07
323846,4.3776e-05
323860,0.0001088
323872,1.536e-05
323893,0.002095104
323903,0.001026048
323906,0.000329216
323932,1.536e-06
323947,1.152e-05
323955,9.5232e-05
323983,7.2704e-05
324018,4.6848e-05
324024,2.2528e-05
324028,4.096e-05
324045,2.1504e-05
324055,1.7664e-05
324099,5.4528e-05
324105,4.864e-06
324118,6.528e-05
324121,0.0005888
324167,0.0007296
324180,0.00034176
324200,0.000339712
324243,8.7296e-05
324256,0.000120576
324262,0.0001216
324270,0.002533888
324320,6.9632e-05
324350,4.1472e-05
324357,1.664e-05
324374,0.000107008
324378,3.072e-06
324387,5.888e-05
324407,3.072e-06
324410,4.1216e-05
324436,4.8128e-05
324438,1.1776e-05
324470,2.7392e-05
324475,0.000118272
324493,0.007781632
324495,0.00362112
324497,0.002664448
324573,5.0432e-05
324581,5.9648e-05
324585,3.072e-05
324593,8.064e-05
324636,1.0752e-05
324646,0.000124416
324667,0.000149504
324679,1.9968e-05
324699,0.000107264
324702,0.000104704
324716,0.000113408
324718,1.9968e-05
324763,0.000170752
324768,9.216e-06
324771,5.1968e-05
324775,1.1008e-05
324786,1.9456e-05
324788,7.9616e-05
324789,3.3024e-05
324846,9.9584e-05
324857,3.7888e-05
324874,3.2512e-05
324889,3.4304e-05
324903,4.5056e-05
324927,0.000222464
324933,0.000113664
324946,9.3952e-05
324952,0.000347392
324968,0.000111104
324993,6.016e-05
325007,0.00152448
325026,7.1936e-05
325041,5.3504e-05
325052,6.8352e-05
325076,9.0368e-05
325093,0.000349184
325105,3.1232e-05
325113,0.00013568
325127,0.001886208
325176,8.5248e-05
325204,6.912e-06
325209,6.7328e-05
325213,4.1728e-05
325226,0.006898432
325263,4.0192e-05
325270,3.072e-05
325275,1.536e-06
325291,1.6896e-05
325305,2.816e-06
325313,3.584e-06
325321,0.000129024
325336,8.4224e-05
325347,0.000105472
325351,0.000139008
325352,2.0992e-05
325356,5.9648e-05
325370,0.000117248
325385,0.000250112
325437,3.0976e-05
325446,4.8128e-05
325494,0.000156928
325517,0.000173824
325537,1.3056e-05
325546,9.472e-06
325549,8.32e-05
325573,2.56e-07
325588,6.7072e-05
325616,5.632e-05
325620,8.192e-06
325624,4.6336e-05
325646,3.328e-06
325668,7.168e-06
325678,5.1456e-05
325694,0.000485888
325701,0.003347968
325758,3.2512e-05
325765,5.5552e-05
325793,5.7856e-05
325797,1.024e-05
325801,0.000124416
325805,0.001278976
325829,5.376e-05
325851,8.7552e-05
325853,7.3728e-05
325876,0.00012416
325891,8.96e-06
325894,4.8896e-05
325917,3.1488e-05
325922,0.006862592
325963,1.4848e-05
325980,7.168e-06
326019,0.000161792
326025,0.000347648
326045,2.8928e-05
326057,3.2e-05
326070,1.5616e-05
326072,8.832e-05
326091,3.5072e-05
326100,0.000112128
326110,0.000513792
326172,1.6384e-05
326176,1.2288e-05
326181,1.9968e-05
326197,8.192e-05
326201,1.2032e-05
326208,8.8576e-05
326228,2.7904e-05
326234,0.00017408
326268,5.376e-06
326281,0.000737536
326308,0.00046848
326337,3.456e-05
326364,9.8304e-05
326366,8.7296e-05
326386,4.2752e-05
326397,7.0656e-05
326419,0.000136448
326451,0.00013696
326458,7.424e-06
326461,6.4e-05
326483,6.4e-06
326522,9.9584e-05
326553,3.3536e-05
326556,0.000145664
326558,0.000200448
326573,0.000145152
326583,7.1168e-05
326584,5.5552e-05
326596,8.96e-05
326601,9.9072e-05
326608,0.000499712
326657,4.096e-05
326696,4.6336e-05
326699,5.9136e-05
326703,2.3808e-05
326712,6.3488e-05
326716,1.28e-06
326736,7.2704e-05
326754,0.00016
326774,1.9456e-05
326780,1.9712e-05
326803,6.4768e-05
326834,5.8624e-05
326835,0.001107712
326861,2.6368e-05
326892,6.4512e-05
326893,0.000332288
326897,0.00928128
326938,0.000125952
326971,7.424e-06
326976,5.7856e-05
326988,3.584e-06
326998,3.9936e-05
327019,9.1392e-05
327025,4.4288e-05
327040,0.0001344
327087,1.92e-05
327094,2.7904e-05
327098,2.3552e-05
327136,0.00012672
327140,0.000110848
327143,2.3808e-05
327167,6.144e-06
327176,0.00012288
327202,0.000107264
327211,4.608e-06
327214,3.072e-05
327223,0.000378368
327280,4.8384e-05
327286,0.000103936
327292,3.5584e-05
327307,0.001510912
327308,0.000124672
327360,0.000158976
327424,8.0128e-05
327455,6.528e-05
327460,1.7664e-05
327473,2.304e-06
327494,0.0036032
327534,0.000124416
327552,7.808e-05
327558,4.7104e-05
327561,8.8832e-05
327574,6.8096e-05
327603,2.2784e-05
327605,8.4736e-05
327608,0.00013952
327627,5.12e-06
327628,4.096e-06
327633,0.000178176
327648,2.5088e-05
327680,4.096e-06
327732,5.6064e-05
327748,1.28e-05
327786,0.000198144
327840,2.5088e-05
327856,0.000174848
327889,0.000142336
327939,7.68e-07
327981,2.3296e-05
327985,7.936e-05
327997,6.4e-05
328022,0.00600192
328048,0.001893632
328049,5.7088e-05
328101,4.864e-05
328106,0.001669376
328142,0.00014976
328173,1.2288e-05
328207,4.7104e-05
328216,1.2288e-05
328230,4.7616e-05
328239,1.792e-05
328252,8.4736e-05
328273,4.2752e-05
328282,7.68e-06
328292,6.7072e-05
328297,2.304e-06
328305,0.000140032
328315,0.000193024
328320,1.2032e-05
328335,4.5312e-05
328382,5.4528e-05
328415,0.000397312
328458,3.4816e-05
328469,0.00016
328490,1.8944e-05
328525,3.6608e-05
328528,1.792e-06
328575,0.000129024
328580,4.864e-05
328590,2.9696e-05
328593,6.2976e-05
328639,0.000158464
328654,6.656e-05
328715,7.7568e-05
328720,7.424e-05
328738,7.8848e-05
328785,8.96e-05
328857,2.9184e-05
328863,4.7872e-05
328893,5.1712e-05
328918,2.176e-05
328921,7.424e-06
328935,6.1952e-05
328941,0.000173056
328959,0.00010624
328967,4.608e-06
328998,5.376e-06
329001,0.000104704
329025,1.024e-06
329068,0.00011264
329093,0.000119552
329098,4.1728e-05
329108,5.1712e-05
329150,1.28e-05
329165,3.9424e-05
329170,3.9168e-05
329177,1.536e-06
329198,0.000111104
329231,2.2016e-05
329233,1.5872e-05
329249,5.7088e-05
329254,1.152e-05
329276,8.9856e-05
329280,4.8128e-05
329294,0.00308864
329301,0.001554432
329366,9.2416e-05
329374,2.9696e-05
329396,7.68e-06
329423,9.5488e-05
329446,0.000123392
329480,4.992e-05
329484,0.000239872
329503,6.4e-06
329510,0.000124672
329512,7.7056e-05
329518,8.192e-06
329551,0.000164096
329577,2.0992e-05
329591,0.000164608
329612,2.0224e-05
329614,0.000124416
329619,1.792e-06
329659,5.5296e-05
329691,4.8896e-05
329693,2.56e-07
329743,9.7792e-05
329748,1.5872e-05
329757,8.7552e-05
329760,1.3056e-05
329774,6.2208e-05
329787,6.6816e-05
329792,9.3184e-05
329819,4.736e-05
329834,2.3808e-05
329847,2.5088e-05
329894,0.0025536
329906,0.000338688
329941,8.704e-06
329947,0.000119552
329948,0.002664704
329992,5.8368e-05
330005,0.00011904
330025,2.3296e-05
330030,6.144e-05
330067,3.7632e-05
330075,1.5872e-05
330101,0.0001664
330102,5.632e-05
330132,2.2784e-05
330156,7.6544e-05
330160,4.1216e-05
330164,0.00012288
330184,3.7376e-05
330186,4.352e-06
330193,0.000119808
330202,8.2944e-05
330216,5.5552e-05
330257,0.000502016
330277,1.28e-06
330279,1.1264e-05
330290,0.000114176
330294,4.1472e-05
330305,3.3792e-05
330308,0.000103424
330381,9.216e-05
330390,0.00024704
330406,0.000153856
330418,6.5536e-05
330425,8.5504e-05
330445,7.168e-06
330454,3.2e-05
330460,2.56e-05
330478,0.00011136
330484,0.000288512
330503,8.576e-05
330509,0.000709632
330525,0.026445568
330535,0.042106624
330620,0.002198272
330624,0.000510976
330663,6.656e-06
330672,3.6608e-05
330680,8.0128e-05
330684,1.5872e-05
330701,0.000647168
330746,0.000171264
330768,4.224e-05
330784,5.9904e-05
330787,2.1504e-05
330793,7.6288e-05
330811,0.000161024
330817,0.000262656
330869,6.0672e-05
330897,0.000292352
330913,0.000371968
330964,5.2736e-05
331025,2.56e-06
331031,1.28e-05
331036,0.000136704
331060,2.8928e-05
331074,5.12e-07
331088,1.5104e-05
331093,0.001746688
331111,0.005637632
331190,6.4e-05
331203,0.000140032
331214,5.4272e-05
331228,9.984e-06
331243,5.1968e-05
331254,9.7536e-05
331266,6.6048e-05
331268,2.3808e-05
331294,0.00020096
331299,8.704e-06
331314,0.000113664
331328,5.248e-05
331331,8.192e-06
331347,7.424e-06
331357,5.1712e-05
331363,0.000131072
331373,2.8672e-05
331410,1.0752e-05
331417,3.584e-06
331422,6.1696e-05
331476,1.536e-06
331483,0.00015104
331486,9.1904e-05
331493,2.6112e-05
331502,2.7904e-05
331531,0.000221952
331551,1.28e-06
331556,7.0656e-05
331573,0.007908608
331631,5.9904e-05
331634,7.8336e-05
331643,7.7312e-05
331653,6.2464e-05
331663,1.2288e-05
331670,3.072e-06
331681,1.0496e-05
331685,0.00010368
331689,0.000233984
331694,0.003510272
331707,0.000990208
331756,0.000105984
331757,9.728e-05
331776,0.000132608
331789,3.712e-05
331824,4.4288e-05
331838,7.168e-06
331840,7.68e-06
331854,6.656e-05
331858,0.000449024
331888,4.992e-05
331904,1.9712e-05
331924,4.4288e-05
331936,2.4064e-05
331947,7.5776e-05
331987,8.4992e-05
332022,5.6064e-05
332027,4.352e-05
332073,4.864e-06
332139,0.000115968
332143,7.68e-06
332157,0.000128
332163,4.5056e-05
332191,0.003340544
332232,1.3568e-05
332255,6.272e-05
332269,5.9904e-05
332293,0.015964416
332348,2.304e-05
332382,3.584e-06
332389,9.472e-05
332398,5.632e-06
332406,3.9936e-05
332425,7.168e-06
332430,9.8816e-05
332459,0.000651776
332496,7.68e-07
332506,0.000180992
332524,1.4336e-05
332581,2.4832e-05
332598,0.00014592
332606,1.2544e-05
332608,3.7632e-05
332639,0.000141824
332649,1.4336e-05
332661,5.12e-05
332678,1.4848e-05
332682,5.888e-06
332719,7.68e-06
332722,0.000137728
332756,0.000147712
332800,7.552e-05
332818,5.12e-05
332823,9.472e-05
332840,2.048e-05
332857,5.376e-05
332875,3.8912e-05
332911,2.9696e-05
332914,4.8384e-05
332922,2.56e-06
332937,9.7024e-05
332970,1.024e-05
332976,8.704e-06
333011,5.632e-06
333037,4.0448e-05
333060,3.5584e-05
333072,1.152e-05
333079,3.7888e-05
333103,1.92e-05
333120,5.632e-06
333131,5.7344e-05
333133,0.000106752
333140,6.784e-05
333157,1.7408e-05
333185,3.968e-05
333236,0.000119296
333238,3.6352e-05
333276,2.304e-05
333294,0.000124672
333347,5.9392e-05
333349,1.7664e-05
333374,0.000100096
333396,5.5296e-05
333405,0.000194048
333419,1.152e-05
333423,1.0496e-05
333428,4.352e-05
333435,4.608e-06
333457,1.7152e-05
333489,9.4208e-05
333493,0.015810816
333530,6.528e-05
333556,1.152e-05
333568,1.0496e-05
333596,6.4e-06
333602,4.4288e-05
333604,5.0944e-05
333629,4.4544e-05
333634,1.28e-06
333643,8.7296e-05
333654,4.4288e-05
333671,6.9632e-05
333684,3.7632e-05
333695,0.004742656
333748,4.4032e-05
333758,4.096e-06
333765,2.304e-05
333777,3.328e-06
333785,4.8896e-05
333805,7.168e-06
333808,0.00026624
333828,2.2528e-05
333831,3.2e-05
333834,7.0912e-05
333866,1.6896e-05
333881,0.000122112
333891,5.632e-06
333910,3.328e-05
333921,2.56e-05
333933,6.4e-05
333937,4.608e-06
333974,1.1008e-05
333982,1.024e-05
333988,3.6352e-05
333999,8.192e-06
334006,3.3024e-05
334009,0.000136192
334030,1.2032e-05
334034,0.000292608
334058,0.000307968
334078,4.48e-05
334094,3.7888e-05
334110,7.0912e-05
334112,6.6304e-05
334134,5.632e-06
334140,0.000119808
334161,5.376e-06
334171,6.1184e-05
334175,8.9344e-05
334192,9.472e-06
334197,4.0192e-05
334211,4.6848e-05
334214,1.2288e-05
334224,8.3712e-05
334242,7.1936e-05
334261,7.68e-05
334269,0.000131584
334273,0.00016384
334293,0.001364992
334297,0.002759424
334331,5.3248e-05
334381,3.584e-05
334393,0.0001024
334414,6.3744e-05
334417,2.3296e-05
334423,2.8672e-05
334430,2.0224e-05
334444,4.5056e-05
334454,0.000245504
334467,0.000385536
334479,0.000179968
334503,7.68e-07
334510,0.000148736
334532,0.000338176
334545,2.0224e-05
334563,0.000133888
334569,1.6384e-05
334572,2.304e-06
334589,1.1008e-05
334606,9.728e-06
334611,9.4976e-05
334621,3.8912e-05
334671,2.9184e-05
334677,6.4768e-05
334689,0.001949952
334693,0.00580608
334705,0.00229248
334758,2.2016e-05
334766,4.8384e-05
334796,6.144e-06
334817,2.2016e-05
334825,0.000248064
334832,9.0112e-05
334840,7.4496e-05
334845,0.000114944
334847,6.5536e-05
334867,4.864e-06
334874,2.0736e-05
334895,1.152e-05
334925,0.00017792
334950,0.000333056
334959,3.9424e-05
334967,1.152e-05
334983,1.4848e-05
335024,1.8944e-05
335034,9.2416e-05
335043,0.000140288
335050,6.3744e-05
335070,0.000132352
335088,0.00020864
335095,0.000188416
335111,1.5872e-05
335126,0.000102144
335149,0.000107008
335154,2.432e-05
335162,2.56e-05
335198,6.2464e-05
335205,8.832e-05
335230,3.584e-06
335237,3.5328e-05
335249,5.12e-06
335253,3.1488e-05
335267,0.00014848
335270,0.000190208
335294,0.001945088
335353,5.9904e-05
335357,0.00011776
335372,8.9344e-05
335382,0.000236032
335393,5.6832e-05
335399,7.808e-05
335402,0.000428544
335411,7.68e-06
335438,2.2272e-05
335483,4.2496e-05
335524,1.2544e-05
335558,0.000101632
335586,0.000104704
335614,9.0112e-05
335619,0.000185344
335622,2.56e-06
335643,7.936e-06
335660,6.6816e-05
335673,7.936e-06
335680,2.304e-06
335689,7.04e-05
335701,5.376e-06
335731,0.000136192
335741,1.8432e-05
335775,0.003857664
335835,2.0736e-05
335837,2.4064e-05
335843,8.704e-06
335855,0.001380096
335893,0.000203264
335898,0.001260544
335905,0.000132864
335925,6.528e-05
335973,2.432e-05
335995,3.6608e-05
336003,6.1184e-05
336014,2.7392e-05
336027,1.4592e-05
336028,0.000327424
336032,6.1952e-05
336037,6.144e-06
336076,0.000209152
336083,2.2784e-05
336087,0.000275968
336105,9.216e-06
336106,0.000656384
336125,0.001206528
336143,0.000444928
336166,8.0128e-05
336190,6.656e-06
336192,0.000550144
336219,0.000145152
336232,0.000621568
336246,0.000820992
336305,2.0992e-05
336312,2.688e-05
336321,7.1168e-05
336336,0.00121344
336341,0.001180928
336392,3.328e-05
336394,5.7088e-05
336396,0.001444096
336401,0.000260352
336431,0.000423936
336459,0.00010368
336465,0.00039552
336474,1.9456e-05
336483,6.1952e-05
336484,0.00062464
336510,0.000700928
336522,0.000294144
336542,0.000522496
336570,5.888e-05
336574,9.5744e-05
336590,8.4992e-05
336595,4.608e-06
336607,0.000270848
336610,2.0992e-05
336621,5.0176e-05
336625,9.1904e-05
336654,0.00014848
336664,3.9168e-05
336676,0.000176128
336680,0.001147648
336717,0.000201472
336737,2.56e-05
336740,0.001083904
336772,3.9424e-05
336806,4.4288e-05
336811,0.000213504
336816,3.1488e-05
336831,9.7792e-05
336847,0.000217088
336859,1.664e-05
336863,0.000676096
336867,0.00064
336912,4.7872e-05
336915,0.00033024
336942,0.000522752
336991,4.1216e-05
337008,1.7408e-05
337011,5.2992e-05
337042,0.000804608
337079,8.448e-06
337085,2.2016e-05
337090,2.2528e-05
337094,0.002127104
337097,0.006052352
337120,0.000113664
337153,0.00023552
337177,0.0010944
337198,1.1008e-05
337214,9.728e-05
337234,1.408e-05
337244,2.6112e-05
337249,0.000932608
337298,2.944e-05
337313,0.000238848
337317,0.000613888
337332,0.00025856
337339,6.4e-06
337359,2.3296e-05
337367,0.000616448
337375,0.000257792
337395,0.000489216
337406,1.3824e-05
337412,2.3296e-05
337419,0.000845824
337422,0.000602112
337447,0.00015872
337484,5.4016e-05
337500,0.000364032
337513,0.000346368
337515,0.000362752
337531,0.000846848
337551,0.00645888
337573,0.000557568
337593,8.0128e-05
337624,2.7904e-05
337642,0.000271104
337664,1.9456e-05
337691,2.944e-05
337693,0.00031872
337695,0.000173312
337707,0.001586176
337712,0.00045568
337769,8.064e-05
337772,0.0001024
337786,7.68e-07
337794,2.9952e-05
337813,0.000857088
337827,1.4592e-05
337845,0.000260608
337853,0.00182912
337877,0.000462336
337900,1.664e-05
337911,0.000246272
337917,0.000124416
337919,5.376e-05
337922,0.007030784
337925,0.00070144
337957,0.001041664
337985,0.000386816
338005,9.1136e-05
338008,0.00033408
338034,0.000112128
338063,4.352e-06
338079,8.448e-06
338083,0.00019584
338100,3.0208e-05
338119,4.5824e-05
338138,3.5584e-05
338148,0.003355648
338181,6.7072e-05
338191,5.5808e-05
338199,0.000277504
338207,0.000418304
338218,0.000123392
338228,0.00013568
338231,0.000153856
338249,0.002534144
338272,2.304e-06
338285,0.000243968
338294,0.00119552
338331,6.9888e-05
338341,0.00024832
338361,0.001144064
338379,0.000452096
338387,7.552e-05
338426,0.000292352
338443,0.00012032
338461,0.001698816
338479,0.000480512
338505,0.000610816
338513,0.00044544
338544,2.2784e-05
338551,0.000755712
338565,0.000185344
338571,0.00142208
338606,0.000484352
338609,3.5584e-05
338626,0.000642048
338630,0.000637184
338661,0.000862976
338676,0.00027392
338692,0.002656768
338708,0.000566784
338731,0.000511488
338741,0.000411904
338761,9.4464e-05
338774,2.8416e-05
338775,1.0496e-05
338784,0.00151296
338788,0.00113152
338817,0.000292608
338826,0.000772864
338855,2.4576e-05
338861,8.5248e-05
338892,9.5232e-05
338894,0.002835456
338897,0.000332288
338949,5.12e-07
338971,0.000132864
338976,7.6544e-05
338988,4.3776e-05
338992,0.005947648
339015,0.002599168
339034,8.7552e-05
339042,0.000415488
339071,5.0176e-05
339080,7.808e-05
339088,0.000733952
339133,0.000226304
339138,0.000667136
339162,0.000551424
339167,0.000186624
339181,0.000854016
339193,0.000763904
339225,3.1744e-05
339226,5.504e-05
339248,2.0224e-05
339250,0.000214784
339279,0.000113664
339286,1.8176e-05
339290,0.000614144
339313,2.4832e-05
339317,9.984e-06
339349,1.152e-05
339356,1.7664e-05
339371,0.000133376
339375,6.1696e-05
339393,1.024e-06
339400,0.000365824
339414,9.3952e-05
339425,0.000174592
339449,3.1744e-05
339462,5.5296e-05
339477,0.000588288
339498,0.005986048
339528,0.000625408
339554,4.7616e-05
339566,0.000105984
339601,0.000300032
339605,0.000338944
339612,0.001315584
339641,0.000521216
339671,0.004990208
339687,0.000530688
339712,3.584e-05
339732,1.792e-05
339733,0.000130816
339734,0.001383424
339741,0.001050624
339788,0.001526272
339817,1.1008e-05
339819,0.000116992
339834,8.448e-05
339840,0.000626176
339864,1.3568e-05
339885,0.00047744
339898,3.0208e-05
339900,0.001959168
339910,3.2e-05
339935,0.001772032
339960,0.000613632
339961,0.015531776
339963,0.00356736
340014,0.000470272
340029,0.00177024
340055,0.002618368
340077,0.000496384
340110,0.0001472
340120,8.4736e-05
340125,7.424e-05
340142,4.1984e-05
340148,0.000198912
340157,0.001188864
340187,5.376e-06
340193,0.00026496
340220,8.6528e-05
340232,0.00015744
340264,0.00027648
340287,7.68e-07
340304,9.984e-06
340328,0.000346368
340333,0.000261888
340341,5.9392e-05
340353,8.4224e-05
340357,3.6608e-05
340368,0.000732672
340373,0.000412416
340403,6.912e-05
340428,1.1776e-05
340438,0.0003456
340463,0.00010368
340485,5.2736e-05
340517,0.000221184
340538,0.002782976
340548,0.002151424
340577,0.001511936
340611,0.000112896
340617,3.8656e-05
340639,1.536e-05
340641,0.000112128
340654,4.0448e-05
340665,3.0976e-05
340682,0.0001664
340693,0.000615424
340703,1.4592e-05
340706,0.000470528
340726,0.000272896
340745,1.024e-06
340752,3.3536e-05
340760,3.2768e-05
340775,4.6336e-05
340799,0.002192128
340820,0.000109056
340842,0.000141056
340859,0.000246272
340868,0.000395264
340899,4.4544e-05
340900,0.0001024
340908,0.000350464
340943,0.000292864
340950,2.1248e-05
340952,0.007374848
340953,0.00663168
341022,0.000612864
341043,0.000400128
341054,3.3024e-05
341082,0.00019328
341094,2.7392e-05
341133,4.1216e-05
341147,0.000114432
341164,0.000520448
341181,3.3536e-05
341207,1.9968e-05
341214,0.007773952
341255,0.000442368
341283,1.1008e-05
341290,2.0992e-05
341294,9.4464e-05
341310,0.000149248
341321,7.2448e-05
341329,0.000288768
341334,0.000324352
341352,0.002120448
341383,0.003683328
341397,0.000397312
341426,0.005291776
341485,5.7088e-05
341489,0.000210432
341497,0.000275456
341508,0.000336384
341539,1.8432e-05
341545,0.001561344
341581,3.6096e-05
341582,0.0001536
341599,6.0672e-05
341607,6.144e-06
341610,1.1264e-05
341616,5.9136e-05
341621,0.000649728
341645,0.00040576
341670,7.4752e-05
341681,3.2e-05
341719,5.12e-05
341735,6.3744e-05
341748,3.328e-05
341780,3.328e-06
341797,5.7344e-05
341803,7.3728e-05
341829,6.272e-05
341831,3.7632e-05
341835,3.0976e-05
341854,2.048e-05
341856,1.152e-05
341857,0.00085632
341859,0.000574208
341888,0.00158592
341893,0.0010624
341905,0.00252544
341938,9.7024e-05
341948,0.00013312
341965,5.376e-05
341972,3.6864e-05
341998,4.3264e-05
342003,7.936e-06
342014,6.2976e-05
342025,0.001245696
342042,0.000335872
342078,0.000119296
342080,0.000188928
342081,0.002317056
342088,0.000133632
342112,0.00071296
342140,0.000301824
342148,3.8912e-05
342174,1.8176e-05
342178,0.000464384
342223,0.0001856
342263,0.000829696
342270,0.000309504
342283,0.000928256
342304,0.000902912
342322,5.0432e-05
342330,0.000116736
342336,0.000217088
342365,0.000124672
342383,4.8128e-05
342410,8.96e-05
342422,7.6544e-05
342434,5.12e-07
342455,9.216e-05
342478,3.7632e-05
342489,0.000327424
342493,0.00177152
342506,0.001526528
342525,0.000204032
342584,0.000976128
342599,0.015928832
342681,2.2784e-05
342685,9.728e-05
342690,0.00014592
342716,0.00067584
342735,0.004589056
342752,0.0009216
342803,0.000224
342813,4.352e-06
342816,3.072e-05
342833,0.00017792
342849,1.9456e-05
342853,3.328e-06
342863,3.072e-05
342865,0.000277504
342894,2.816e-06
342911,1.5104e-05
342937,9.5232e-05
342966,0.000224
342976,2.432e-05
343010,2.432e-05
343031,2.8672e-05
343034,3.7888e-05
343037,2.048e-06
343041,0.000810496
343069,1.8432e-05
343070,0.001722624
343086,1.792e-06
343103,0.000681216
343141,4.3008e-05
343157,0.000109312
343161,5.376e-06
343168,2.8672e-05
343171,0.000151552
343191,0.000797952
343217,4.9152e-05
343232,2.6624e-05
343249,2.048e-06
343268,0.0001024
343282,7.68e-05
343290,8.5248e-05
343306,5.7344e-05
343313,1.024e-06
343317,2.176e-05
343330,8.6528e-05
343356,2.176e-05
343368,7.7056e-05
343372,3.0208e-05
343383,4.736e-05
343401,4.5312e-05
343406,0.000211712
343416,6.1696e-05
343438,0.000268544
343457,3.968e-05
343461,5.3248e-05
343463,5.1456e-05
343473,7.808e-05
343482,0.003230976
343522,0.000112896
343537,0.00251008
343570,0.00018688
343574,0.000484352
343588,0.000473088
343611,0.000160768
343622,0.000703232
343653,0.000603392
343656,0.008548864
343670,0.003367424
343693,0.00278528
343706,0.000177664
343735,0.00050048
343753,1.792e-05
343759,0.000172032
343766,0.003409408
343776,0.001358336
343780,0.006628096
343821,0.000230912
343831,0.000105216
343849,0.000731136
343875,5.888e-05
343888,7.2192e-05
343901,7.0912e-05
343914,0.000123136
343939,0.002593536
343970,6.144e-05
344002,2.9184e-05
344008,0.000103168
344031,8.0896e-05
344042,5.376e-06
344048,0.002724096
344064,0.000653568
344113,0.000282368
344135,0.000236544
344153,2.2272e-05
344165,7.9104e-05
344168,0.000152832
344175,0.000392448
344193,0.000406784
344207,2.0736e-05
344213,0.000386816
344229,9.344e-05
344236,0.000297984
344261,0.000434688
344268,0.001391872
344277,1.9968e-05
344293,0.000172288
344297,0.003062272
344305,0.003723264
344366,0.000204544
344379,9.856e-05
344385,0.001348864
344440,7.4752e-05
344470,3.0208e-05
344478,0.000107776
344496,0.000265472
344501,0.000242432
344524,0.000402944
344543,6.272e-05
344550,0.000166656
344569,2.9952e-05
344588,3.3024e-05
344612,0.001102848
344627,0.000394496
344630,0.000202752
344637,7.0656e-05
344646,0.001244416
344671,1.792e-06
344680,1.0496e-05
344694,1.3568e-05
344706,1.1008e-05
344712,8.8832e-05
344724,3.5328e-05
344738,0.000248064
344751,7.7824e-05
344759,7.68e-06
344789,0.000229888
344816,0.000802816
344840,0.000126208
344865,0.005078016
344905,0.000292352
344906,0.001399552
344911,0.000505344
344924,0.000153088
344938,0.000400896
344940,8.7296e-05
344964,0.000282112
344971,3.2e-05
344975,7.9104e-05
344998,2.4576e-05
345002,1.92e-05
345004,7.9616e-05
345005,5.632e-05
345015,6.1952e-05
345030,1.9712e-05
345042,3.8656e-05
345053,0.000117248
345067,9.984e-05
345086,0.00020736
345100,0.001404928
345105,7.3728e-05
345156,6.912e-06
345159,0.00073856
345163,9.216e-05
345174,0.000195072
345176,0.000154112
345191,4.992e-05
345201,0.001305088
345220,0.000310528
345232,0.000557056
345269,6.2208e-05
345275,0.000100864
345285,0.000126976
345309,0.000147968
345318,1.8432e-05
345319,0.000853248
345330,7.4752e-05
345367,0.000153344
345382,0.000646912
345391,0.000704
345400,0.000315136
345430,0.000238848
345442,0.000397312
345463,7.68e-07
345469,5.12e-06
345482,2.176e-05
345483,0.000225792
345492,0.000222464
345496,0.006987776
345521,0.000183552
345524,0.003179776
345558,0.001346816
345571,0.001189888
345615,1.2544e-05
345638,0.00040704
345657,4.9408e-05
345672,0.000249856
345690,0.001711872
345730,0.000158464
345756,0.000443648
345765,0.000344576
345772,0.00063744
345795,0.002771968
345832,0.000104704
345855,0.000135936
345882,9.5488e-05
345887,0.000170752
345908,0.000484352
345919,1.3568e-05
345960,2.9184e-05
345964,0.000578304
345997,8.064e-05
346004,0.000353536
346029,1.408e-05
346033,2.7648e-05
346046,5.6064e-05
346048,6.4e-06
346056,0.000147968
346064,0.000439808
346082,0.000394752
346104,1.7664e-05
346113,5.5808e-05
346128,0.000168448
346134,2.7392e-05
346153,2.3296e-05
346186,0.000616448
346200,1.9456e-05
346209,7.7568e-05
346230,1.4848e-05
346248,0.000992768
346272,3.84e-05
346274,7.3216e-05
346289,0.000177152
346320,2.9696e-05
346331,1.3568e-05
346335,0.000155136
346336,7.1936e-05
346348,0.000200704
346350,9.6512e-05
346358,4.9408e-05
346375,0.00017536
346384,0.000211968
346386,0.000901376
346420,1.792e-05
346426,9.344e-05
346452,0.000222208
346466,0.000286208
346469,0.00027136
346474,9.6768e-05
346524,0.000429824
346534,2.9184e-05
346545,7.68e-06
346553,0.000397824
346574,7.5008e-05
346581,0.000131328
346584,6.8864e-05
346590,0.000420608
346599,0.00171136
346607,0.00012416
346611,0.000166656
346628,0.00021888
346630,4.9152e-05
346638,0.000142848
346663,0.000207616
346671,8.2432e-05
346677,0.000648192
346693,0.023508736
346706,0.003135232
346751,0.000118272
346753,0.000489216
346781,0.000118272
346793,6.0416e-05
346813,0.000165376
346817,7.936e-05
346829,0.003401216
346850,0.001055488
346852,0.000889856
346863,0.000345088
346865,0.001234176
346923,9.5232e-05
346926,0.000488192
346960,1.8176e-05
346966,5.8624e-05
346976,0.000190208
347010,3.0208e-05
347012,0.000169472
347036,2.56e-05
347046,5.632e-06
347052,8.192e-06
347070,9.3184e-05
347114,0.000445696
347130,0.000218112
347133,0.000179456
347151,0.000413184
347173,0.000213248
347176,0.000995584
347184,0.001259008
347190,4.4288e-05
347214,0.000119808
347237,3.4816e-05
347253,0.000109312
347258,2.2784e-05
347282,0.00012032
347284,0.000115456
347297,0.001690368
347304,3.1744e-05
347350,0.001000448
347367,1.3312e-05
347377,0.001599488
347393,9.728e-05
347395,0.000374016
347423,3.9936e-05
347428,0.000110592
347449,2.816e-06
347465,2.304e-06
347469,0.000454912
347470,0.000986624
347501,0.000310528
347514,0.000169984
347530,0.000713984
347533,3.0208e-05
347551,2.176e-05
347557,0.00020736
347564,0.000650752
347575,0.001702656
347595,0.00033152
347597,0.000571648
347601,5.1968e-05
347624,0.000170752
347656,0.003277824
347658,0.004354304
347706,0.000329728
347717,0.0006336
347735,7.68e-06
347745,6.1952e-05
347750,0.000123904
347757,0.000462336
347769,0.0010624
347773,7.1424e-05
347781,0.000445184
347789,0.002632704
347851,0.00028928
347863,9.728e-06
347867,8.8064e-05
347874,0.0002624
347877,0.000250112
347894,0.001340672
347899,0.001451776
347906,0.00019328
347949,3.1744e-05
347974,2.6624e-05
347983,1.7408e-05
347986,8.9856e-05
347988,0.000359936
347990,0.0003008
348009,6.528e-05
348023,3.712e-05
348054,4.5312e-05
348058,3.84e-06
348074,3.456e-05
348086,5.12e-05
348092,1.4592e-05
348121,4.1984e-05
348125,0.00022784
348129,0.000895744
348141,0.000498688
348158,9.6768e-05
348166,0.000999936
348185,0.001346816
348237,1.92e-05
348255,7.6032e-05
348262,0.000413952
348275,0.000236032
348296,0.000223232
348302,9.1648e-05
348316,4.3008e-05
348322,0.000122368
348329,2.048e-06
348338,0.001967104
348343,0.00047616
348372,0.000178176
348380,9.8048e-05
348409,0.000269568
348414,6.1696e-05
348435,0.000564992
348476,0.000306944
348499,3.8144e-05
348505,0.001265408
348514,0.000179968
348538,7.68e-05
348559,7.68e-07
348575,7.6288e-05
348585,0.00117888
348594,8.5248e-05
348607,0.000854272
348633,6.0928e-05
348644,0.001046528
348687,0.000110848
348702,5.6832e-05
348712,0.000109056
348733,8.2432e-05
348744,0.000291072
348761,4.5568e-05
348778,4.4032e-05
348792,0.003617792
348823,0.00030848
348843,0.000484096
348849,0.00021376
348871,0.000654848
348887,0.00044032
348897,0.001318912
348913,0.000719872
348930,0.000653824
348944,7.7312e-05
348958,0.000558848
348974,7.168e-06
348977,0.00200192
348981,0.001494784
349024,0.000331264
349042,0.00057984
349069,0.00050176
349073,0.000475648
349078,0.000153344
349094,0.000238848
349103,8.576e-05
349109,0.001009152
349146,0.001490688
349163,0.00020608
349168,0.000482048
349173,0.000228096
349207,2.304e-06
349233,7.0912e-05
349253,0.000465408
349281,8.5504e-05
349287,0.002605056
349329,0.00027392
349361,0.00072576
349367,0.00033792
349383,0.000464896
349425,5.8368e-05
349455,2.0736e-05
349464,0.000195584
349471,8.9344e-05
349502,2.9952e-05
349513,6.9888e-05
349516,0.000889856
349542,0.001366272
349575,5.376e-05
349602,3.3792e-05
349605,0.000201216
349632,9.1392e-05
349638,2.7136e-05
349654,0.000230144
349663,0.000250624
349677,0.000261376
349687,7.6288e-05
349688,2.6368e-05
349693,0.007691008
349723,3.2e-05
349741,0.037588992
349762,0.00738816
349804,0.000174848
349815,0.000529664
349822,0.00045312
349836,0.000277504
349870,0.000844288
349903,0.000297728
349917,0.000376064
349926,0.000617728
349935,0.000474624
349948,0.000530176
349973,9.1392e-05
349974,0.000111872
350005,0.000230144
350021,7.9616e-05
350040,7.68e-06
350057,0.00035968
350093,0.00015104
350102,9.6512e-05
350153,0.00343168
350175,0.000107008
350197,2.2016e-05
350206,1.92e-05
350208,0.001310976
350257,0.000148992
350269,9.216e-05
350273,0.000512
350289,0.000186368
350291,0.00036096
350319,2.8672e-05
350342,0.00011008
350343,0.00070144
350357,2.0992e-05
350374,1.4336e-05
350384,0.000882432
350416,9.2928e-05
350427,0.000182272
350434,6.912e-06
350464,0.000115968
350469,0.000198656
350473,5.632e-05
350478,9.856e-05
350489,9.5232e-05
350507,0.001074432
350553,1.8944e-05
350566,3.2e-05
350570,1.9456e-05
350581,9.9072e-05
350586,5.6832e-05
350589,0.000198144
350605,0.000507648
350618,0.000389376
350647,9.2672e-05
350649,0.000442368
350660,0.000280832
350677,1.8176e-05
350680,0.000868352
350688,0.000414208
350696,0.00129024
350723,7.3728e-05
350744,0.000368896
350760,1.1008e-05
350770,0.000108544
350792,0.000917248
350805,1.1264e-05
350812,0.000351232
350822,0.000969216
350840,3.2512e-05
350844,4.5568e-05
350850,0.000104704
350865,8.192e-05
350877,2.5856e-05
350889,7.8848e-05
350893,9.216e-06
350897,0.009507584
350899,0.002611968
350950,1.28e-06
350958,4.608e-06
350971,4.6848e-05
350973,0.00037376
351002,0.00782208
351005,0.007762944
351056,0.000208896
351078,0.000226304
351103,8.576e-05
351107,0.000206336
351112,0.0005888
351133,4.7616e-05
351151,0.0015936
351200,0.0009024
351221,0.003144192
351232,0.000311296
351264,0.000122624
351296,0.000487936
351298,0.001276416
351301,0.000686592
351340,6.2976e-05
351347,2.304e-05
351353,0.000103168
351355,3.584e-06
351357,7.9104e-05
351368,4.864e-05
351402,6.3232e-05
351405,0.0001216
351419,8.96e-05
351426,1.3056e-05
351494,1.8688e-05
351500,0.001146368
351513,0.004221696
351542,0.000160256
351564,4.5312e-05
351568,5.376e-05
351573,9.344e-05
351578,1.4592e-05
351596,1.5872e-05
351604,7.6288e-05
351622,9.4208e-05
351635,8.96e-05
351652,9.6e-05
351661,2.4064e-05
351666,3.0464e-05
351676,0.000246272
351692,5.6576e-05
351712,0.100401408
351789,2.5856e-05
351795,0.000100608
351803,6.3744e-05
351817,0.002628608
351854,0.001378816
351875,0.00316544
351877,0.001409792
351911,0.0002048
351923,0.000317696
351948,2.56e-07
351958,0.001595904
351970,6.8352e-05
351997,0.00034944
352003,0.00127232
352040,0.000499712
352055,9.6768e-05
352057,0.000792576
352065,3.072e-06
352077,0.000223744
352080,2.2528e-05
352093,0.000982528
352094,0.000796928
352095,0.004226048
352102,0.000646144
352157,5.9136e-05
352162,5.632e-06
352163,0.000573696
352183,0.000164864
352229,5.4528e-05
352236,4.0192e-05
352249,1.5616e-05
352251,0.000138752
352290,0.000555776
352300,0.000101632
352305,0.000296192
352323,2.304e-05
352326,0.00024448
352386,2.0224e-05
352392,3.6608e-05
352398,0.000209152
352409,0.00010624
352422,0.00119552
352435,0.000547328
352444,1.4592e-05
352469,5.6576e-05
352514,9.2928e-05
352536,2.56e-07
352539,4.5056e-05
352553,4.48e-05
352556,8.192e-05
352560,3.84e-06
352565,6.144e-06
352584,3.6352e-05
352596,0.000424704
352619,5.4528e-05
352625,0.000440064
352648,4.4544e-05
352685,0.000552192
352687,9.1904e-05
352689,0.000684032
352708,6.4256e-05
352712,0.001275904
352757,3.5584e-05
352764,8.32e-05
352768,0.000517376
352785,3.328e-05
352807,0.000241664
352842,0.000516096
352861,2.5856e-05
352874,6.528e-05
352883,0.000638208
352896,2.9184e-05
352906,0.001190656
352930,0.000380416
352944,3.4304e-05
352963,0.00030208
352985,0.000807424
352998,3.4304e-05
353010,1.0496e-05
353019,5.4784e-05
353022,0.001262592
353043,4.4032e-05
353079,0.000311808
353103,5.0432e-05
353113,1.5104e-05
353123,4.6592e-05
353124,1.8432e-05
353127,0.000157696
353141,0.0007744
353160,0.0003072
353175,6.7072e-05
353201,1.792e-06
353205,0.000113408
353221,0.000115456
353243,5.248e-05
353245,1.9712e-05
353251,0.000334336
353271,2.4832e-05
353275,2.5344e-05
353276,0.000320256
353293,0.003469056
353297,0.000489728
353314,4.8128e-05
353343,0.000352256
353348,0.000401664
353350,0.000284416
353357,1.024e-05
353369,4.9664e-05
353382,0.000846592
353400,0.003220224
353417,0.002862336
353449,0.000348672
353470,0.00037632
353472,0.000270336
353496,0.002773248
353541,6.0928e-05
353561,2.7392e-05
353566,0.000235008
353590,5.888e-06
353604,7.68e-07
353608,0.00010752
353610,2.9952e-05
353612,2.56e-05
353625,8.704e-06
353633,7.0656e-05
353653,6.4768e-05
353657,4.608e-05
353661,6.4512e-05
353671,3.2256e-05
353681,0.000289024
353696,2.9696e-05
353723,0.00023296
353765,5.7856e-05
353778,0.005056256
353797,4.3776e-05
353803,0.00019712
353816,0.000158464
353830,8.1408e-05
353868,6.656e-06
353892,2.816e-05
353896,0.007200256
353899,0.002218752
353939,2.944e-05
353942,0.000653824
353969,3.328e-06
353998,0.00010368
354009,0.0001792
354030,0.000114432
354053,2.688e-05
354065,4.9664e-05
354067,8.6272e-05
354085,2.5344e-05
354102,3.84e-05
354123,4.9152e-05
354141,0.001091072
354163,0.000145152
354193,0.000512768
354199,1.6128e-05
354216,0.000109056
354250,2.5088e-05
354259,1.7408e-05
354269,0.0001024
354286,7.68e-07
354289,0.000424448
354314,3.1232e-05
354316,9.4464e-05
354338,5.12e-05
354367,3.8912e-05
354369,0.000134656
354373,3.3792e-05
354388,7.3216e-05
354392,6.0416e-05
354393,0.001249536
354431,2.8416e-05
354443,8.8064e-05
354463,0.000131584
354472,0.000124928
354493,2.5856e-05
354503,8.96e-06
354507,0.000965376
354530,2.7136e-05
354553,3.072e-05
354576,1.1008e-05
354587,0.000137984
354610,2.2016e-05
354630,0.000174592
354659,3.6096e-05
354662,3.584e-05
354665,1.9968e-05
354673,9.472e-06
354675,0.000619264
354687,1.8432e-05
354713,0.000549632
354732,5.0944e-05
354782,1.9712e-05
354785,0.000105216
354811,5.12e-05
354815,0.000266496
354836,6.144e-05
354843,4.8896e-05
354848,5.9648e-05
354860,3.1232e-05
354875,8.4224e-05
354894,6.4768e-05
354909,0.000138496
354914,8.2688e-05
354930,2.304e-06
354933,7.3728e-05
354950,2.56e-07
354956,4.352e-05
355009,7.6288e-05
355029,0.0002112
355056,0.000172288
355069,2.1504e-05
355073,4.5312e-05
355081,5.12e-07
355089,9.216e-05
355096,0.007878656
355129,0.000170752
355159,0.000118784
355162,2.816e-05
355165,9.4976e-05
355168,0.000140544
355189,3.0464e-05
355214,0.000105216
355220,1.3568e-05
355233,2.5344e-05
355244,3.4048e-05
355245,3.8656e-05
355290,0.000245504
355293,3.1488e-05
355312,6.144e-05
355333,8.96e-06
355339,0.00010496
355352,0.000644864
355369,0.000452864
355395,0.000322048
355402,0.001291776
355413,5.888e-05
355430,0.017561088
355463,8.7552e-05
355473,0.000815104
355483,0.000210944
355506,0.000132864
355529,7.8848e-05
355537,0.000127744
355541,2.5344e-05
355547,0.012836864
355570,0.000275968
355584,9.088e-05
355588,0.000247808
355605,4.608e-06
355612,2.4576e-05
355615,0.000474624
355630,0.001781504
355662,4.0448e-05
355669,0.000139008
355687,2.816e-06
355689,0.000354816
355691,0.000133376
355703,0.008161536
355745,0.000342016
355758,0.00016768
355775,0.000412672
355789,4.8128e-05
355803,0.00018048
355817,4.9664e-05
355824,1.3824e-05
355845,0.000105472
355862,0.000164352
355878,0.000135424
355888,1.5872e-05
355891,0.00022656
355932,7.04e-05
355940,2.176e-05
355942,1.3568e-05
355943,0.000169728
355944,0.017282304
355996,0.000806144
356024,2.688e-05
356029,0.001257984
356061,3.2256e-05
356086,1.28e-05
356088,0.000194304
356099,4.0192e-05
356114,0.000193024
356130,0.000241664
356150,0.000121088
356211,0.000113664
356214,0.000580608
356232,4.3264e-05
356236,0.002368256
356268,0.000189184
356297,5.6576e-05
356305,0.002317824
356334,6.144e-06
356361,2.304e-06
356362,0.00147968
356393,4.6848e-05
356403,0.000179712
356411,0.00293376
356462,0.000255488
356485,0.00016768
356501,2.7392e-05
356507,1.4848e-05
356525,6.3744e-05
356527,0.00073216
356543,0.000403968
356548,0.0004928
356553,0.000329728
356577,0.000863488
356594,0.002233856
356608,0.000393472
356628,0.001417216
356642,7.2192e-05
356649,0.004072704
356671,0.002914048
356713,0.000199168
356714,0.0005632
356724,2.5344e-05
356733,0.000227328
356755,0.00015488
356762,3.3536e-05
356778,0.000178688
356807,0.000631296
356824,0.000148224
356843,2.3808e-05
356848,0.00041344
356853,2.7136e-05
356882,0.000854528
356897,0.017418752
356959,6.912e-06
356972,0.000975616
356994,0.001245184
356995,0.000448512
356999,0.002475776
357014,0.019871488
357019,0.093244928
357110,0.000135424
357144,2.816e-05
357166,1.024e-05
357170,8.3712e-05
357178,3.0208e-05
357189,2.0224e-05
357195,2.6368e-05
357213,0.000267264
357219,0.000175616
357228,2.1504e-05
357235,2.1504e-05
357246,7.7568e-05
357282,0.000178688
357290,5.12e-06
357303,8.448e-06
357317,0.00014336
357331,4.608e-06
357333,8.8064e-05
357346,1.28e-05
357382,0.000129536
357393,5.2736e-05
357408,0.000340736
357457,6.1952e-05
357464,0.000122368
357484,0.000156928
357494,0.00330496
357497,0.015121408
357509,0.002877696
357565,2.304e-05
357588,2.1248e-05
357598,4.8384e-05
357625,0.000112896
357633,2.7904e-05
357641,1.2544e-05
357654,6.4256e-05
357669,7.8848e-05
357671,0.000524032
357684,0.000176128
357719,1.024e-05
357725,0.00013696
357739,5.7856e-05
357754,8.6016e-05
357786,2.2272e-05
357799,2.2784e-05
357815,3.0464e-05
357822,7.9104e-05
357836,1.792e-05
357862,5.376e-06
357872,1.7152e-05
357876,2.56e-05
357890,5.1968e-05
357899,3.2256e-05
357917,3.584e-06
357920,0.000223744
357936,0.000126976
357957,7.8336e-05
357958,0.00031232
357967,6.8608e-05
357988,0.00185088
358022,0.000238848
358041,0.000306176
358086,0.000423424
358092,0.000126208
358099,0.000402176
358106,0.005985536
358152,8.704e-06
358157,4.864e-05
358168,8.1408e-05
358172,7.936e-06
358182,3.584e-06
358185,1.1776e-05
358205,3.3536e-05
358255,0.000155136
358257,0.000150528
358268,0.00024064
358289,8.3456e-05
358296,2.6368e-05
358329,0.000101376
358335,3.0208e-05
358344,8.96e-06
358349,2.8928e-05
358372,0.00022784
358394,0.0003008
358398,0.000571392
358443,6.912e-05
358445,6.5792e-05
358463,5.7088e-05
358468,6.0928e-05
358484,2.56e-07
358515,5.632e-06
358542,0.019671808
358544,0.015069696
358549,0.004136192
358605,5.3248e-05
358629,0.000191488
358633,3.072e-06
358639,4.6848e-05
358670,0.000155136
358693,0.008304896
358711,0.000499968
358747,4.0192e-05
358773,3.3792e-05
358784,9.3952e-05
358790,2.8928e-05
358810,6.144e-05
358820,0.000267264
358837,3.072e-05
358880,2.2528e-05
358885,0.000414208
358902,3.584e-06
358906,9.984e-06
358908,6.784e-05
358910,0.000218112
358914,0.002983424
358931,0.00039808
358932,0.00166144
358939,1.664e-05
358940,0.000865536
358954,0.000937984
358975,7.6544e-05
358983,0.000157696
358993,0.000152064
358998,0.001609984
359029,0.000387072
359067,0.000453888
359085,1.8176e-05
359100,0.001191168
359152,0.000182272
359154,0.00038272
359156,3.6864e-05
359171,0.000164864
359193,0.000164352
359220,8.448e-06
359243,4.224e-05
359254,5.888e-05
359266,1.536e-05
359269,5.7344e-05
359271,2.56e-06
359292,0.000105984
359299,5.632e-05
359305,0.00134016
359309,0.000114176
359341,5.632e-06
359352,0.002821888
359396,0.000476416
359404,0.000106752
359422,4.0192e-05
359443,1.1776e-05
359447,3.3792e-05
359451,0.000517376
359481,7.3472e-05
359482,0.001737728
359501,0.004580864
359543,1.152e-05
359557,6.4e-05
359573,0.000131072
359590,8.448e-06
359620,0.000252928
359626,9.1648e-05
359643,4.6592e-05
359667,5.7856e-05
359675,4.864e-06
359699,6.0672e-05
359726,0.001618176
359739,0.000969728
359746,0.000210944
359782,0.003569664
359810,0.000722944
359814,0.000867328
359840,0.099578624
359894,0.006223616
359924,1.5872e-05
359951,3.0208e-05
359981,3.2256e-05
359984,0.000326144
360000,0.000691712
360033,2.56e-06
360035,4.3776e-05
360045,2.5088e-05
360047,0.000100352
360060,0.001000192
360090,8.192e-06
360096,1.5616e-05
360099,0.00136704
360130,0.000571392
360137,0.000241408
360144,7.9872e-05
360152,1.28e-05
360161,6.1696e-05
360187,2.5856e-05
360199,5.1456e-05
360267,0.000119808
360275,0.000117248
360294,0.0007616
360307,5.1456e-05
360311,8.704e-06
360313,0.000705536
360361,0.000706816
360376,0.000131328
360377,0.001528832
360427,0.00025472
360444,0.000101888
360462,1.2032e-05
360470,0.000114688
360483,5.2736e-05
360491,7.9104e-05
360493,0.000438784
360496,0.007714816
360544,0.0003136
360571,4.3008e-05
360577,0.000324608
360584,1.5872e-05
360594,0.000323328
360598,2.4832e-05
360628,4.096e-05
360648,2.56e-07
360652,0.000678144
360679,6.2464e-05
360709,0.000172032
360710,0.000585472
360719,0.000126976
360735,5.1456e-05
360760,6.6304e-05
360789,0.000436224
360808,0.00019584
360820,2.2528e-05
360825,2.1504e-05
360827,0.000568832
360840,0.00096768
360872,1.408e-05
360889,5.888e-06
360890,0.000334592
360921,4.608e-06
360926,4.096e-05
360935,0.001416192
360945,0.000315904
360978,4.0448e-05
360993,5.4784e-05
360994,1.5872e-05
360999,6.3488e-05
361015,1.6384e-05
361050,4.608e-06
361054,7.0656e-05
361056,0.000103424
361058,0.000217088
361071,0.000115456
361093,9.472e-06
361098,0.007405312
361100,0.004486144
361143,0.000423168
361146,0.000264448
361173,4.9664e-05
361187,7.1168e-05
361189,0.000763392
361200,0.000827648
361228,3.4304e-05
361242,4.096e-05
361250,1.408e-05
361254,6.9632e-05
361258,0.000244224
361275,2.432e-05
361302,7.424e-06
361319,6.4e-05
361322,7.2192e-05
361338,6.144e-05
361354,0.000135936
361367,1.2032e-05
361371,0.000241664
361381,4.864e-06
361387,5.7856e-05
361415,0.0001152
361422,7.7568e-05
361452,4.096e-06
361466,6.4e-06
361518,1.3312e-05
361525,6.3232e-05
361543,4.096e-06
361552,0.000128768
361556,0.000654592
361613,2.7648e-05
361618,0.001449472
361644,1.2288e-05
361653,6.2976e-05
361670,8.4224e-05
361682,8.96e-05
361686,4.608e-05
361710,1.8176e-05
361717,4.1984e-05
361722,0.00042752
361735,0.000338688
361755,0.000120576
361759,0.00043008
361767,1.92e-05
361789,0.000333312
361797,0.001044736
361808,0.000269056
361830,0.000360704
361866,0.00013056
361875,0.00233344
361893,0.00056448
361901,6.3744e-05
361911,3.4816e-05
361913,1.792e-05
361916,0.000252928
361964,0.001183488
362017,7.0912e-05
362025,7.7568e-05
362038,4.5312e-05
362049,3.2256e-05
362067,8.064e-05
362088,0.001769216
362105,0.000215552
362140,0.000127232
362145,8.1152e-05
362163,6.0416e-05
362165,4.608e-06
362174,0.000118784
362178,3.968e-05
362184,2.944e-05
362202,0.000224768
362205,8.832e-05
362217,0.000186624
362234,1.6384e-05
362266,0.000320768
362294,2.304e-06
362307,0.003624704
362317,0.008962304
362392,9.344e-05
362421,0.000200192
362435,1.1264e-05
362460,2.7904e-05
362474,7.6288e-05
362484,0.000361728
362485,0.000150272
362526,5.9136e-05
362550,2.3552e-05
362551,0.001295104
362574,4.2496e-05
362588,0.00038784
362590,0.000256256
362627,6.656e-05
362637,0.000300544
362676,5.4528e-05
362683,6.656e-06
362691,4.4032e-05
362713,8.5504e-05
362723,7.936e-05
362726,1.7408e-05
362738,0.001139712
362746,0.000230656
362768,7.6288e-05
362782,0.000755456
362807,1.2032e-05
362826,1.4848e-05
362835,4.9152e-05
362839,0.001118208
362888,3.4304e-05
362894,2.816e-06
362896,0.007753472
362915,0.000371968
362955,6.8608e-05
362966,4.3776e-05
362976,2.6368e-05
362983,0.000227328
362994,0.00482432
363022,2.3808e-05
363045,0.001060608
363084,2.048e-05
363088,2.304e-06
363106,0.0005184
363181,4.608e-05
363187,0.000109056
363213,0.000190464
363239,4.5568e-05
363241,0.000100096
363252,9.856e-05
363263,9.4976e-05
363272,0.000222464
363280,0.00064768
363293,9.3696e-05
363304,0.00014336
363321,0.00120192
363343,2.9696e-05
363353,2.816e-06
363373,0.000243968
363377,3.328e-05
363388,0.000306688
363404,5.376e-06
363415,2.1504e-05
363429,0.000480256
363447,4.608e-05
363454,0.0003072
363480,3.9424e-05
363491,1.1776e-05
363493,0.005031936
363496,0.004818176
363532,0.00041344
363561,0.000225536
363577,6.8096e-05
363596,0.000205056
363615,0.004570368
363657,4.8896e-05
363661,0.000111872
363680,5.2992e-05
363683,0.000135168
363722,0.000179456
363729,0.000199936
363751,5.248e-05
363770,2.1248e-05
363798,8.064e-05
363813,5.12e-07
363833,3.7888e-05
363837,2.7136e-05
363843,0.000125696
363892,3.2512e-05
363896,1.792e-06
363905,0.000619776
363941,0.000153856
363979,2.6368e-05
363985,4.5312e-05
364024,0.000118016
364035,8.3712e-05
364046,9.1136e-05
364048,0.000553984
364086,3.4048e-05
364090,0.00017024
364104,5.8112e-05
364106,0.00292864
364134,4.9408e-05
364135,6.8096e-05
364154,0.000400384
364157,0.000290304
364188,4.096e-05
364218,0.000507904
364261,0.000105984
364271,7.5264e-05
364275,7.68e-06
364299,1.8688e-05
364307,1.6896e-05
364310,0.000102912
364355,0.00012928
364361,2.7904e-05
364373,0.000148224
364386,1.1008e-05
364425,7.2448e-05
364455,0.000934144
364485,3.3024e-05
364510,1.1264e-05
364524,0.000112896
364538,6.656e-06
364549,0.000582656
364575,2.56e-07
364586,0.000266752
364603,0.000102144
364613,5.4784e-05
364657,9.6e-05
364663,0.000687616
364671,0.000488448
364688,4.864e-06
364693,0.007986432
364712,0.001088512
364788,0.000582656
364805,1.4336e-05
364814,7.9616e-05
364824,0.000398592
364826,4.2496e-05
364881,0.000747264
364920,5.376e-06
364922,4.9408e-05
364930,0.000788992
364944,0.000962048
364966,3.2e-05
365008,3.3536e-05
365017,5.6576e-05
365021,0.0007232
365046,3.84e-05
365071,3.8144e-05
365076,0.000219136
365110,4.864e-05
365113,0.000105984
365138,7.04e-05
365143,8.9856e-05
365152,0.000165888
365153,0.000121088
365189,0.000116736
365199,2.048e-05
365211,0.000190208
365222,1.024e-06
365226,3.584e-06
365280,2.2784e-05
365283,9.216e-06
365287,4.992e-05
365298,0.001149184
365322,0.000370688
365340,5.2736e-05
365381,0.000772864
365423,7.0144e-05
365429,2.304e-06
365431,0.000130304
365465,0.000896768
365501,4.0192e-05
365527,0.000100096
365532,0.000980992
365558,0.000189184
365583,6.144e-06
365604,3.7376e-05
365624,0.000101376
365637,3.328e-05
365647,0.000105472
365651,0.000315392
365668,4.352e-06
365682,5.632e-05
365686,0.000376064
365698,0.000124416
365705,0.000555008
365718,0.0010304
365744,0.001338624
365801,1.8688e-05
365813,0.000320512
365822,0.000276224
365868,6.8608e-05
365871,2.1504e-05
365893,0.0020288
365905,0.000260096
365913,0.001912832
365950,7.7312e-05
365954,2.816e-06
365973,2.2528e-05
365974,1.536e-06
365980,2.6368e-05
365991,6.912e-06
365999,5.4272e-05
366024,3.2256e-05
366046,3.1744e-05
366047,6.2208e-05
366052,7.2704e-05
366070,7.1936e-05
366099,3.9424e-05
366135,5.9392e-05
366169,0.000159232
366176,0.000176896
366185,1.3568e-05
366196,0.000198656
366203,0.000134144
366207,0.000412416
366238,3.7632e-05
366258,0.000662528
366285,0.000938752
366290,5.6064e-05
366316,0.000480768
366326,0.000367616
366345,0.00037248
366365,0.000403456
366371,0.003451904
366403,1.8688e-05
366411,0.000121088
366414,0.000115712
366424,0.000207872
366462,0.003189504
366493,0.005380352
366535,0.000196352
366547,0.000295936
366560,0.000343808
366567,0.000590848
366586,0.00016384
366588,0.000289024
366600,0.000354816
366608,3.712e-05
366642,0.001124096
366666,6.1952e-05
366682,0.000126976
366689,3.584e-05
366708,0.000624384
366728,2.9952e-05
366731,4.6592e-05
366740,7.7056e-05
366750,0.000109056
366765,0.000150784
366769,6.912e-06
366777,3.5584e-05
366784,2.2016e-05
366790,1.1776e-05
366814,1.4336e-05
366819,9.984e-05
366835,1.3568e-05
366856,7.168e-06
366866,4.9408e-05
366884,1.024e-05
366904,0.0001344
366908,0.000158208
366914,0.001385216
366925,0.000109568
366972,0.000272128
366987,3.072e-06
366989,6.8096e-05
366998,0.000244224
367034,2.8928e-05
367055,0.00019584
367068,0.000103936
367072,9.7024e-05
367089,7.424e-06
367092,2.9952e-05
367093,0.001766912
367100,4.1984e-05
367106,9.6768e-05
367155,7.808e-05
367161,0.00014208
367170,1.3824e-05
367174,1.3312e-05
367187,0.021229056
367253,7.4752e-05
367270,2.3296e-05
367280,2.816e-05
367295,5.632e-05
367300,3.6096e-05
367309,5.76e-05
367324,4.48e-05
367329,3.2e-05
367335,4.9408e-05
367344,3.5584e-05
367364,2.0736e-05
367370,3.4304e-05
367404,7.936e-05
367419,5.888e-05
367432,2.304e-05
367448,0.00010624
367471,0.000119552
367477,4.736e-05
367482,0.001913344
367519,0.000143872
367541,0.000178176
367558,0.000115712
367572,3.072e-06
367606,3.0976e-05
367621,0.002223104
367635,0.000189696
367657,0.00014464
367682,7.0912e-05
367721,5.0944e-05
367724,7.68e-05
367754,1.5616e-05
367758,8.96e-06
367773,3.9424e-05
367784,0.000157184
367790,1.3312e-05
367795,5.5552e-05
367823,3.8656e-05
367848,0.001534464
367870,0.00019072
367874,7.6032e-05
367888,4.352e-05
367898,8.4992e-05
367922,8.192e-06
367925,9.3696e-05
367933,5.9904e-05
367942,7.2448e-05
367946,1.792e-06
367992,6.4e-05
367999,4.864e-06
368017,0.000270848
368022,0.005710592
368084,1.1008e-05
368092,3.072e-05
368094,1.28e-05
368096,4.352e-06
368131,5.2992e-05
368134,5.9648e-05
368145,1.0752e-05
368155,3.2512e-05
368162,5.7088e-05
368183,0.000112384
368196,4.736e-05
368215,0.00012288
368247,0.000111616
368258,8.448e-06
368269,6.656e-05
368275,0.001396736
368293,0.000860928
368294,0.000177664
368297,0.0057344
368305,0.001375744
368367,0.000264192
368424,1.28e-06
368434,3.072e-06
368437,0.001576448
368472,2.304e-05
368484,2.5088e-05
368492,3.584e-05
368494,1.792e-06
368529,6.6048e-05
368551,9.0368e-05
368559,5.632e-05
368563,2.3552e-05
368567,0.000687872
368573,0.002623488
368579,2.048e-05
368580,0.000891648
368582,0.000350976
368613,5.0944e-05
368645,1.152e-05
368648,2.9952e-05
368653,4.1984e-05
368658,0.026219264
368738,6.912e-06
368739,8.192e-06
368751,7.7056e-05
368753,7.4752e-05
368780,0.000205824
368785,0.000120832
368823,3.456e-05
368830,0.000221184
368859,5.7088e-05
368866,6.2208e-05
368877,8.96e-06
368889,3.8656e-05
368892,7.296e-05
368893,0.005126144
368900,0.000525312
368938,0.000156928
368949,0.000171264
368959,1.3824e-05
368990,0.000189184
368995,0.000181504
369019,1.9968e-05
369037,2.9696e-05
369079,3.9424e-05
369085,6.272e-05
369112,3.7632e-05
369117,0.000106752
369135,0.0001536
369173,3.7888e-05
369178,7.68e-06
369206,6.4e-05
369208,0.000192512
369228,4.1728e-05
369235,2.304e-05
369284,7.1168e-05
369292,6.4e-06
369310,4.5568e-05
369317,0.00227456
369348,0.002759424
369351,0.00040448
369403,0.000246528
369434,1.4592e-05
369439,6.144e-06
369457,1.9712e-05
369469,0.000127232
369483,0.000125952
369488,0.004205568
369499,0.00510976
369512,0.000373248
369557,0.000178176
369569,2.8416e-05
369593,0.000150272
369606,0.000125952
369634,3.4816e-05
369642,3.3792e-05
369647,5.888e-05
369657,2.944e-05
369681,1.6384e-05
369722,3.4048e-05
369726,1.2544e-05
369763,5.12e-06
369775,0.000332544
369784,2.7392e-05
369796,3.2512e-05
369823,3.2e-05
369841,4.4544e-05
369847,8.3968e-05
369849,1.7408e-05
369865,8.7296e-05
369877,0.000176384
369883,8.448e-05
369891,0.002539776
369904,0.00124928
369957,4.608e-06
369960,0.000156672
369973,2.9952e-05
370001,9.2928e-05
370003,7.4752e-05
370020,2.5344e-05
370046,2.6112e-05
370053,4.48e-05
370059,3.84e-05
370065,6.272e-05
370083,0.000258304
370091,9.0368e-05
370096,0.007012608
370148,8.7552e-05
370160,0.000106496
370169,0.000335104
370187,7.6032e-05
370199,7.6544e-05
370214,0.00016896
370236,0.000130816
370240,9.8816e-05
370250,9.7024e-05
370265,1.8688e-05
370269,0.000170752
370293,7.8848e-05
370313,0.00012928
370334,7.0656e-05
370350,0.000865792
370359,0.00030848
370360,0.001801984
370368,0.00136832
370371,0.000608
370373,0.000466432
370377,0.00121984
370417,5.888e-05
370450,0.002645504
370481,1.5104e-05
370513,0.000115456
370538,0.000160512
370575,3.8656e-05
370587,0.000128256
370597,1.7408e-05
370627,2.816e-06
370638,0.000105984
370662,0.000132096
370677,4.864e-05
370683,0.000111872
370692,0.000127488
370694,0.002343424
370707,0.000896768
370712,0.003451904
370754,3.072e-06
370807,4.0704e-05
370829,2.8416e-05
370835,0.000180992
370844,0.0001216
370865,7.424e-05
370870,5.6064e-05
370886,3.84e-05
370908,1.5872e-05
370940,5.9392e-05
370978,7.3216e-05
370996,0.00017792
371022,0.000137984
371033,1.28e-06
371045,4.4544e-05
371064,0.000127744
371076,8.4224e-05
371087,0.00011264
371103,7.168e-06
371129,0.000134912
371134,1.3312e-05
371176,1.536e-06
371180,5.4784e-05
371210,3.1488e-05
371223,0.000186624
371246,2.8928e-05
371252,5.632e-06
371268,3.584e-06
371284,1.2288e-05
371293,0.024008448
371374,9.216e-05
371380,2.304e-05
371409,6.3488e-05
371436,9.0368e-05
371450,3.328e-06
371462,0.000186624
371470,0.000374528
371511,8.6016e-05
371518,5.7088e-05
371530,2.9952e-05
371546,0.000251648
371569,8.96e-06
371582,0.00020608
371599,3.84e-06
371623,0.000136448
371639,2.5344e-05
371655,6.1952e-05
371658,7.4752e-05
371663,2.0224e-05
371665,3.5584e-05
371680,0.000119808
371692,4.4288e-05
371701,4.1216e-05
371724,8.2176e-05
371737,5.1456e-05
371744,0.000310784
371756,7.7312e-05
371770,9.2672e-05
371780,0.00010624
371791,4.096e-06
371806,7.68e-07
371819,1.3312e-05
371829,0.00010496
371846,4.864e-06
371861,3.1744e-05
371876,8.9856e-05
371881,7.04e-05
371893,6.5792e-05
371894,0.002091776
372137,22.4992832
372416,0.000141056
372493,0.028191232
372677,0.000299008
372722,0.001618688
372796,5.12e-06
372798,0.004290048
372883,3.072e-06
373094,0.00098304
373098,0.000853504
373099,0.000365568
373105,0.001936896
373259,0.099955712
373348,0.017063936
373437,0.000574976
373546,0.012296192
373693,0.007377152
373894,7.04e-05
374121,7.168e-06
374135,0.000775424
374141,0.000228608
374207,0.000948992
374306,0.001028864
374370,1.3056e-05
374406,1.2288e-05
374450,0.000129024
374466,0.000496896
374488,0.002388992
374492,0.000762112
374618,2.8672e-05
374653,0.00587008
374815,8.3968e-05
374818,3.328e-05
374866,0.00032896
374893,0.01567616
375068,0.000294144
375096,0.000366848
375222,0.0023296
375242,0.000405248
375243,0.000666368
375506,0.002377984
375545,0.00752
375661,0.000180992
375678,5.2992e-05
375766,0.00064896
375811,0.0002752
375929,2.9952e-05
375992,1.92e-05
376099,0.00154368
376169,0.00461184
376206,0.001116672
376393,0.00010112
376453,0.100062208
376496,0.098934784
376498,0.07884032
376596,7.168e-05
376694,0.001083392
376706,0.000427008
376847,5.4528e-05
376899,9.2928e-05
377130,0.000461824
377185,0.000364544
377258,0.002546944
377297,0.009220096
377669,1.024e-06
377676,6.4e-06
377750,1.3568e-05
377814,6.8096e-05
377974,8.0384e-05
378111,9.8048e-05
378199,0.003627008
378453,5.888e-06
378497,0.001271808
378510,0.099373312
378624,5.0688e-05
378850,0.002130944
378977,0.012294912
378980,0.009325824
378985,0.096598784
379093,0.001490176
379108,0.002263552
379164,0.0004992
379201,9.728e-05
379303,5.632e-06
379312,1.6128e-05
379334,6.912e-06
379370,0.000306176
379603,1.7408e-05
379694,0.002914816
379863,0.001837824
379874,9.5744e-05
379891,0.023738112
380173,0.000172032
380247,1.3312e-05
380306,0.001716736
380438,0.002639104
380663,1.1264e-05
380730,0.000275456
380770,0.000568576
380771,0.000331008
380851,0.001148928
380908,0.007282176
381049,0.000139008
381142,0.00087552
381242,9.0368e-05
381329,0.000128768
381493,0.002787072
381497,0.014852096
381558,2.3296e-05
381653,0.00377216
381693,0.023417856
381937,8.4992e-05
382013,6.5792e-05
382082,6.4e-06
382097,0.009286144
382107,0.00125056
382251,0.003075584
382460,7.68e-05
382693,0.007912704
382695,0.002642432
382778,4.608e-06
382841,4.0448e-05
382849,0.000373248
382920,4.352e-06
382965,0.00243712
383015,0.00033152
383035,3.2768e-05
383123,2.56e-07
383143,0.000102656
383233,0.000298752
383251,1.792e-05
383258,2.1504e-05
383295,0.001820672
383383,4.6336e-05
383385,0.003099136
383870,3.584e-06
383873,0.099552768
383896,0.0022272
383906,0.000468736
384092,0.000211712
384437,2.944e-05
384508,0.003696896
384774,5.6064e-05
384805,6.4256e-05
384812,0.000932096
384892,1.2032e-05
384950,0.000175616
385096,0.006694912
385251,7.8592e-05
385264,0.000202752
385321,2.9696e-05
385408,0.000537088
385468,1.536e-06
385550,0.001650176
385551,0.001139456
385654,1.4336e-05
385693,0.001095168
385703,0.017921536
386249,0.000248576
386283,2.1504e-05
386293,0.007716608
386297,0.003247616
386305,0.000595456
386393,0.003499008
386701,6.4512e-05
386897,0.001695744
387029,6.912e-06
387040,0.000428544
387131,0.000211712
387493,0.000919552
387497,0.00121088
387553,9.2672e-05
387669,0.000278528
387849,0.000115456
387888,0.00036992
388093,2.7904e-05
388097,0.001481472
388112,0.000836096
388194,1.8944e-05
388199,0.000504064
388335,0.000527872
388461,9.8048e-05
388494,0.000121856
388545,0.007944448
388662,7.7568e-05
388697,0.001603072
388785,4.1216e-05
388983,0.000103168
389004,5.6064e-05
389294,0.00075136
389297,0.00131328
389385,7.68e-06
389422,0.000122368
389563,7.808e-05
389601,0.000520448
389637,0.000894208
389705,0.003323904
389707,0.009260544
389713,0.01241472
389859,6.912e-06
389899,0.008279552
389949,0.000618752
389957,0.000549376
390120,0.001616128
390135,0.003456256
390221,5.9904e-05
390247,0.000100352
390327,2.176e-05
390332,0.005452032
390507,0.007530752
390624,0.000345344
390679,0.000101376
390719,0.000162304
390809,8.704e-05
390825,0.000141312
390834,1.6384e-05
390995,0.002061568
391027,0.009015296
391110,0.002709248
391133,0.001946368
391155,0.000634624
391195,0.000105216
391207,0.004267008
391278,0.00345728
391294,0.002742784
391298,0.001154048
391308,0.000426752
391314,0.001238528
391525,0.00013184
391574,0.000198144
391592,5.6576e-05
391628,0.000409088
391693,9.088e-05
391711,0.000321536
391794,0.000250112
391857,0.000444416
391867,0.00064896
391880,0.000462336
391940,0.001061376
392217,0.001131008
392270,0.001146112
392287,0.0001792
392306,0.001391104
392436,0.000274176
392446,0.001093376
392474,0.00107392
392667,0.007576064
392720,0.000661504
392791,6.5536e-05
392907,0.000872704
393002,9.2928e-05
393019,0.000391424
393036,0.005753088
393150,5.8112e-05
393187,0.0005376
393226,0.000103936
393290,0.000178688
393311,0.00084096
393363,0.00024192
393367,0.0002176
393399,0.000125184
393407,9.728e-06
393422,0.000101888
393449,0.000982272
393453,0.00130944
393492,0.00079488
393497,0.00727296
393555,0.000806144
393563,0.099414528
393612,0.004250112
393634,0.004133632
393796,0.001668096
393797,0.001134336
393809,0.000457728
393816,0.002369536
393820,0.000393216
393826,0.005143296
393854,0.00052224
393898,0.000153344
393900,0.0010624
393910,9.856e-05
394042,0.000396288
394065,0.000320768
394105,0.001338112
394126,0.000847872
394183,0.000406016
394260,0.000367872
394278,0.000832768
394279,0.000492288
394302,0.000748032
394316,0.000234752
394422,8.192e-06
394432,0.00028032
394470,0.000189696
394492,0.000235776
394532,0.000102656
394553,0.000233728
394568,0.00046336
394582,0.001040384
394620,0.000869632
394651,3.4816e-05
394697,0.001331968
394729,3.5072e-05
394817,3.8912e-05
394856,0.000205824
394909,0.00096768
394955,2.7136e-05
394966,0.001072128
394979,0.003881216
395109,0.000172032
395122,0.000890368
395235,0.0002048
395255,0.000457984
395292,0.00037632
395294,0.00336128
395297,0.002078208
395306,0.001753088
395314,0.000110336
395416,0.000397824
395434,6.9632e-05
395441,0.000352768
395446,3.2768e-05
395463,6.656e-06
395487,0.000677632
395689,0.00040832
395757,2.7648e-05
395797,0.002923008
395807,0.0001408
395849,0.000954624
395894,0.003306496
395970,0.003255296
395996,0.001977856
396033,0.000655616
396049,0.000612864
396069,0.000351488
396208,5.4016e-05
396247,0.0001152
396375,4.7104e-05
396446,0.000152576
396469,4.4032e-05
396525,0.000744704
396546,0.001104896
396548,8.6016e-05
396550,0.003086848
396594,1.6384e-05
396607,0.000696832
396627,0.000210944
396651,0.000145664
396703,6.8864e-05
396719,1.28e-06
396762,0.003078656
396841,0.001423616
396865,0.000255232
396933,5.1968e-05
396971,0.000722432
397042,0.000254464
397075,0.000925696
397097,0.009124864
397118,0.000265216
397136,0.003429632
397190,0.000208384
397228,0.000392448
397249,0.00012928
397310,0.002639104
397320,0.003400704
397363,0.006436352
397483,0.00050944
397541,0.000499712
397571,6.8608e-05
397580,3.712e-05
397585,0.000238592
397596,0.000506368
397691,5.248e-05
397694,0.003006976
397705,0.001705216
397744,0.101002496
397752,0.085612544
397842,8.6528e-05
397895,9.5744e-05
397903,0.000688896
397936,0.0004416
397973,0.000357632
398018,0.000378624
398055,3.1488e-05
398091,0.000111616
398147,0.000297984
398148,0.000663552
398186,0.002291968
398293,0.004129536
398301,8.5248e-05
398330,0.001041152
398391,0.001200896
398406,0.000311552
398561,0.00025216
398581,0.000563712
398644,3.6096e-05
398714,0.000206848
398744,0.000635392
398819,0.0002816
398875,0.00098304
398882,0.000146944
398891,0.00027008
398906,0.002444288
398918,0.000558848
398948,0.001212416
399155,0.0013952
399278,0.00011904
399360,4.6592e-05
399409,8.8064e-05
399493,0.003710976
399498,0.001906176
399670,0.003808256
399803,2.6112e-05
400010,0.000217088
400105,0.001419776
400138,0.000449024
400150,4.1728e-05
400579,1.792e-05
400602,0.000432384
400628,0.000258816
400697,0.009318912
401001,0.00071808
401082,0.001389568
401083,0.001331968
401196,0.00010624
401199,0.000794112
401214,0.000178432
401249,0.000248832
401294,0.00370048
401297,0.004919552
401579,7.296e-05
401820,0.00070912
401870,0.002443264
401893,0.008770816
401905,0.00012416
402203,0.00581248
402446,2.0224e-05
402495,0.00723072
402506,0.0006336
402512,0.001132032
402785,7.68e-06
402894,3.6608e-05
402899,0.000247808
402907,0.000479744
402929,0.000230912
402942,0.099679744
403001,0.001617152
403197,0.000414464
403199,0.0043264
403304,0.000118528
403324,0.000145408
403590,1.152e-05
403592,1.7664e-05
403703,0.015626752
403757,0.001050112
403871,6.9376e-05
404293,0.001383936
404307,0.001644544
404839,9.472e-06
404899,0.000670208
404913,0.002201088
405042,0.00638208
405364,6.528e-05
405496,0.000452864
405890,4.096e-05
405962,6.784e-05
406084,0.000140544
406097,0.001604096
406102,0.004773376
406320,4.992e-05
406406,0.000352256
406626,2.2272e-05
406694,0.001048064
406943,0.023877376
407206,1.0496e-05
407280,4.992e-05
407300,0.000343552
407305,0.000377088
407310,0.0008832
407365,0.000159232
407478,6.0928e-05
407479,0.006147072
407541,0.000415488
407660,0.00027648
407897,0.016902912
408007,5.4528e-05
408234,8.9088e-05
408247,2.1504e-05
408310,7.168e-06
408366,5.2224e-05
408503,0.00163584
408638,2.048e-06
408699,3.8912e-05
408835,7.424e-06
408950,8.192e-06
409062,0.00583552
409093,0.003460096
409107,0.00361984
409173,0.00012416
409176,5.4528e-05
409193,0.00012288
409300,1.8432e-05
409345,0.000147456
409640,0.000101632
409781,0.00191232
409851,9.344e-05
409853,0.002290944
409870,0.001089024
409938,0.000146176
409970,0.000148992
409980,0.00049536
410138,0.000257024
410139,0.005325312
410184,7.168e-05
410230,5.2992e-05
410270,7.7312e-05
410294,0.003352832
410561,4.352e-05
410871,3.8656e-05
410893,0.007922432
411009,0.000541184
411011,0.016515328
411169,1.3312e-05
411349,0.000512768
411407,0.001974016
411438,0.000425984
411463,0.000120576
411496,0.005976064
411506,0.0006208
411545,0.000396544
411590,0.017218304
411643,2.3296e-05
411653,0.000827136
411703,1.536e-06
411801,0.000216576
411809,1.92e-05
411834,0.000506368
411896,8.3968e-05
411985,0.000192768
411990,0.000633856
412012,5.12e-06
412014,0.000629248
412108,9.7024e-05
412113,0.00239104
412202,0.00038656
412407,1.3824e-05
412556,1.0496e-05
412591,8.9856e-05
412693,0.0015744
412744,1.1776e-05
412786,0.000148736
412797,0.000198656
412844,0.000648448
412889,5.8368e-05
412907,0.001182976
413074,0.000400384
413115,8.6528e-05
413179,2.7392e-05
413196,8.192e-05
413239,0.000139776
413270,0.001796096
413296,0.001828864
413326,0.000152064
413486,5.3504e-05
413490,9.088e-05
413620,2.3296e-05
413780,1.4848e-05
413871,0.001953024
413872,0.000192
413888,0.0023424
413889,0.001043712
413893,0.000367616
413895,0.004682752
413915,0.004075264
414030,8.2688e-05
414035,0.0002368
414059,0.000199424
414131,0.00022144
414179,0.0002944
414222,0.001735936
414234,6.1952e-05
414237,0.000175872
414338,3.8656e-05
414364,5.0176e-05
414441,0.00027392
414445,0.004829696
414497,0.005982208
414567,2.56e-07
414598,2.816e-06
414607,0.000626432
414694,0.004521472
414711,0.003425792
414749,7.68e-05
414804,0.000206592
415088,5.12e-05
415093,0.008130304
415095,0.005123584
415111,0.002124544
415290,5.3248e-05
415372,0.000132608
415446,6.8096e-05
415485,1.6128e-05
415494,0.001860864
415632,0.000100096
415700,0.000665344
415705,0.001401856
415729,1.0496e-05
415741,0.01890048
415782,1.3056e-05
415809,0.000196096
415909,0.000337152
416099,9.472e-06
416101,8.0384e-05
416205,0.000136448
416220,8.704e-05
416285,0.000708352
416305,0.000228864
416683,8.5504e-05
416808,5.12e-07
416811,0.000220928
416893,0.00219264
416917,4.6336e-05
416952,3.072e-05
417091,0.000117504
417121,0.00080128
417161,0.001889024
417251,0.000448256
417460,8.0896e-05
417493,0.000575488
417496,0.006976256
417550,0.000128
417670,0.011708416
417734,9.5232e-05
417767,0.000339456
417951,0.000487424
418003,0.000278784
418034,1.0752e-05
418093,0.003286528
418124,0.001716224
418198,8.6272e-05
418272,7.68e-06
418455,8.4736e-05
418469,0.000162048
418502,2.8928e-05
418511,0.000118272
418628,0.000139776
418638,0.000398848
418675,5.7088e-05
418706,0.001417984
418772,3.9424e-05
418781,0.001046272
418839,1.3568e-05
418901,0.000112896
418972,0.10020096
419112,0.000237568
419183,0.000322304
419293,0.004851456
419298,0.003481344
419364,0.000199168
419396,1.536e-06
419439,2.3808e-05
419600,0.000607232
419617,0.00070144
419802,4.608e-06
419820,8.0896e-05
419897,0.001468416
419907,0.001593856
419948,0.000178176
420002,3.5328e-05
420018,7.8592e-05
420045,3.0208e-05
420135,0.000476928
420166,0.000211456
420234,9.2672e-05
420250,4.48e-05
420311,0.000148224
420341,3.712e-05
420351,0.000189952
420384,7.7056e-05
420462,0.000338688
420483,0.000520192
420488,0.000121088
420491,4.992e-05
420493,0.01563648
420497,0.011072512
420569,2.8672e-05
420617,6.9376e-05
420632,0.000277504
420653,6.4256e-05
420765,2.3808e-05
420771,4.864e-05
420806,0.003027968
420846,0.015019264
420879,0.001658112
421002,0.000329472
421081,0.000238336
421097,0.007452672
421258,0.002121216
421345,0.000132096
421547,0.01741824
421676,6.7584e-05
421762,0.001522432
421879,0.000129792
422145,0.000163072
422207,0.000112128
422305,0.000902144
422353,0.000178944
422362,5.8368e-05
422395,0.001132544
422449,0.000397312
422458,3.9424e-05
422548,2.1248e-05
422612,6.6048e-05
422894,0.00031488
422906,0.000620544
422943,9.472e-06
423191,7.2448e-05
423231,3.584e-05
423281,0.000139264
423352,7.2192e-05
423396,0.000123392
423423,0.000364288
423434,4.352e-06
423493,0.007916032
423500,0.09698048
423510,0.087685376
423659,1.7152e-05
423800,0.000338688
423880,1.408e-05
423952,2.6112e-05
423958,0.000188416
424032,0.000713216
424180,0.000143872
424214,0.00021632
424269,0.000463616
424296,0.00161024
424305,0.000101376
424527,0.000206592
424564,0.002463488
424653,0.000179712
424693,0.002276608
424839,0.000300544
424862,0.000347392
424888,0.000265728
424894,0.000216576
424970,3.3024e-05
424983,0.0044992
425051,7.68e-06
425299,0.000575744
425306,0.000640512
425354,5.248e-05
425436,0.000246528
425623,6.3744e-05
425632,6.144e-05
425641,0.000368896
425654,0.000704256
425698,0.000164608
425736,0.000355584
425894,0.001857536
425905,0.001087744
425906,0.000375296
425921,4.352e-06
425997,0.00012288
426063,0.000806912
426098,1.024e-06
426124,0.000103168
426128,3.584e-06
426219,2.56e-05
426222,0.000284416
426239,0.000142848
426270,0.001595904
426366,6.2976e-05
426468,0.00017792
426489,2.944e-05
426493,2.048e-05
426508,0.004631296
426513,0.000366592
426632,0.000237312
426657,1.1264e-05
426753,0.00013696
426857,0.00113152
427003,0.000103424
427011,3.5072e-05
427245,4.864e-05
427277,4.608e-05
427335,0.0014336
427356,7.7056e-05
427421,0.000271104
427489,0.000160256
427575,7.3472e-05
427578,0.003958272
427661,5.0688e-05
427694,0.003115776
427741,0.026583808
427856,0.000149504
427940,6.144e-06
427945,8.96e-06
427956,3.9936e-05
428071,6.912e-05
428119,0.000780288
428215,3.1232e-05
428297,0.024755456
428381,2.048e-05
428408,9.2416e-05
428669,0.000107008
428772,7.1936e-05
428893,0.00803712
428898,0.008105728
429088,0.000491264
429229,4.5824e-05
429255,0.000295168
429304,7.168e-06
429330,9.3696e-05
429392,3.0976e-05
429470,0.008547072
429501,0.00148096
429505,0.000474624
429561,0.000165376
429600,0.001595136
429629,4.4288e-05
429672,4.608e-05
429752,0.00033152
429845,1.3568e-05
430157,0.000253952
430202,3.7376e-05
430266,0.000208128
430275,0.000314368
430349,0.000211968
430387,0.001326592
430438,3.0208e-05
430491,8.0896e-05
430494,0.001529856
430538,0.000980736
430605,0.000802304
430694,0.001142016
430717,0.000246784
430784,2.8416e-05
430877,0.000169984
431033,0.000585216
431070,0.000254464
431100,8.0128e-05
431210,0.000190976
431293,0.000654848
431294,0.000403712
431295,0.005603584
431298,8.704e-06
431432,2.5344e-05
431490,6.8608e-05
431503,1.7152e-05
431516,0.000120064
431596,1.28e-05
431600,0.000396032
431626,0.000570368
431755,0.000169472
431801,1.0752e-05
431805,0.000477952
431907,0.001172736
431954,0.000116736
431980,3.3536e-05
432054,0.00128
432161,1.792e-05
432185,0.000104448
432261,3.3536e-05
432289,3.8912e-05
432297,2.432e-05
432370,0.000437248
432417,0.000176384
432422,0.000124672
432488,0.000343808
432493,0.002871808
432497,0.002598912
432568,0.000366592
432628,0.000288768
432672,0.00049664
432768,0.00068224
432881,0.000390144
432947,0.000281088
432964,0.000125952
432977,0.000324096
433082,0.001122048
433096,0.00466304
433099,0.003553536
433189,0.000164352
433217,9.7024e-05
433257,0.000978432
433261,0.001797632
433308,3.4816e-05
433407,2.944e-05
433460,0.000116224
433518,0.00036608
433542,2.1248e-05
433579,0.000113152
433729,5.12e-06
433770,0.00032
433778,0.00049408
433876,5.7344e-05
433931,5.2736e-05
433943,0.000633344
433986,0.000913664
434102,3.584e-06
434125,2.048e-06
434156,0.000331008
434221,1.8944e-05
434264,0.000384
434267,7.296e-05
434294,0.00089088
434297,0.006807552
434347,9.472e-06
434504,0.000182528
434516,0.00018304
434534,0.000518144
434668,0.000459264
434788,0.000434432
434805,0.000305152
434894,0.00016512
434905,0.000313856
434906,0.000308736
434925,0.00558976
434935,6.8352e-05
435062,2.688e-05
435206,6.9888e-05
435231,0.000511232
435251,4.1216e-05
435327,0.000197888
435422,2.3808e-05
435462,0.000146944
435494,0.00013312
435498,0.002529792
435593,4.6592e-05
435757,3.0976e-05
435829,0.000326912
435832,7.424e-06
435951,9.0112e-05
436012,3.84e-06
436022,7.68e-07
436028,0.00048384
436106,0.000761088
436107,0.006216192
436112,0.001901568
436196,0.000216064
436210,7.424e-06
436212,5.0432e-05
436223,0.00034816
436290,2.4576e-05
436305,0.000147456
436307,0.00135808
436346,1.6128e-05
436348,6.0672e-05
436349,0.005792
436412,8.704e-05
436437,2.0224e-05
436457,0.000818176
436493,8.8064e-05
436496,0.000354304
436600,0.000872192
436603,0.000344576
436694,0.004800256
436742,0.000370944
436792,0.005598464
436842,1.1264e-05
436958,0.00019712
437070,0.000588032
437127,0.000314112
437150,3.84e-05
437250,0.000140544
437294,0.002509056
437305,0.001379584
437310,0.0001408
437316,7.9616e-05
437356,0.000402432
437397,0.000559616
437412,0.000501504
437459,5.376e-06
437510,0.000175616
437584,8.704e-06
437618,0.000142848
437742,3.9936e-05
437781,5.504e-05
437812,0.000247296
437866,5.76e-05
437888,2.816e-06
437905,0.000539648
437906,0.000451328
437947,0.001428736
438009,0.000369408
438054,2.56e-07
438084,4.096e-06
438160,4.5568e-05
438180,9.3184e-05
438267,0.000296192
438325,1.9968e-05
438371,0.000114688
438494,4.096e-06
438609,0.000487168
438625,0.00027648
438627,1.024e-06
438656,2.9184e-05
438699,0.000415232
438741,0.000299776
438787,7.8592e-05
438843,8.1152e-05
438867,6.0928e-05
438950,0.00047104
438953,6.4e-06
439035,0.002980096
439096,0.008192768
439152,0.000129536
439196,0.00100864
439313,5.6064e-05
439368,0.001004288
439395,4.4544e-05
439473,6.4e-05
439506,2.56e-06
439630,0.000113152
439648,0.000154112
439659,0.00014976
439814,0.000345856
439899,0.000112896
439975,2.3296e-05
440047,9.216e-06
440098,6.144e-06
440142,3.328e-06
440157,6.0672e-05
440209,5.4528e-05
440233,2.5856e-05
440263,0.000933376
440307,0.001741824
440310,0.000202752
440321,8.7296e-05
440361,0.000328704
440378,0.000745216
440446,0.000337152
440490,0.0061248
440583,0.001366272
440610,0.00011392
440617,0.00022912
440619,3.9936e-05
440630,0.000760064
440678,0.000177408
440683,2.9184e-05
440699,0.000160768
440716,4.0448e-05
440878,1.92e-05
440894,0.002634496
440927,0.000476672
440964,0.000127232
440975,1.536e-05
440980,0.000269568
441034,0.000568832
441268,3.1488e-05
441278,0.000255232
441381,7.7568e-05
441397,2.4064e-05
441401,4.9152e-05
441432,1.6896e-05
441507,0.001008896
441586,0.002943232
441702,0.000154368
441750,0.000171008
441823,2.0992e-05
441986,0.000120064
442001,6.4e-06
442028,7.3472e-05
442093,0.027727104
442174,6.3488e-05
442326,6.016e-05
442459,0.0032256
442553,0.000465664
442693,0.001278208
442699,0.001293824
442817,0.000214528
442912,0.000307968
442958,2.5344e-05
443003,0.000116224
443009,0.000853504
443011,0.000160768
443035,6.2208e-05
443042,0.001241088
443086,1.536e-05
443112,0.00043008
443213,0.00052224
443231,8.448e-05
443232,0.002903552
443258,0.000232448
443273,0.000230144
443303,6.5792e-05
443393,9.5232e-05
443456,1.792e-05
443506,0.000827648
443570,9.216e-05
443599,0.000630528
443630,4.608e-06
443670,4.608e-05
443686,0.000175872
443826,0.000250624
443893,0.000890112
443894,0.00136832
443895,0.003144192
444020,6.5792e-05
444053,3.3792e-05
444109,0.000539904
444121,0.000146432
444236,5.7088e-05
444248,0.0002816
444251,0.00019968
444286,7.6032e-05
444347,0.000265216
444370,0.000104704
444493,0.004027648
444535,0.000420608
444588,7.296e-05
444604,0.000508928
444615,0.000298752
444720,1.792e-06
444749,6.2976e-05
444770,5.632e-05
444806,7.6544e-05
444845,0.001083648
444999,0.020025344
445055,3.9424e-05
445222,7.5264e-05
445636,3.2256e-05
445712,7.808e-05
445749,0.005812224
446002,7.4496e-05
446033,7.68e-07
446108,2.3552e-05
446112,1.024e-05
446161,5.888e-06
446165,0.00065664
446210,5.0176e-05
446293,0.002964992
446297,0.016457728
446420,3.9424e-05
446458,0.000419072
446584,0.000348928
446585,0.000168704
446764,1.1776e-05
446777,2.56e-06
446789,0.001809152
446812,0.000148992
446891,3.584e-06
446893,0.000140288
446915,0.004465152
447017,9.984e-06
447240,7.296e-05
447268,6.656e-06
447332,1.408e-05
447375,0.000160768
447507,0.00243584
447703,1.408e-05
447767,9.472e-05
447978,0.000118016
448105,2.0992e-05
448392,0.000511232
448441,1.9456e-05
448699,7.0144e-05
448705,0.001374208
448923,2.944e-05
449012,8.0384e-05
449233,2.0224e-05
449294,0.002300928
449352,4.6848e-05
449370,8.704e-06
449448,2.0992e-05
449530,4.2752e-05
449623,0.000173568
449676,6.5536e-05
449715,6.912e-06
449821,6.4e-05
449830,0.001415168
449893,0.0016512
449906,0.000125184
449909,0.002621952
450190,6.4e-06
450452,3.4304e-05
450494,0.00160896
450511,0.002895872
450576,0.002044672
450592,5.12e-06
450861,3.8656e-05
451040,0.00018304
451058,9.9328e-05
451093,0.001278208
451199,2.2016e-05
451308,0.000100864
451361,9.6e-05
451526,7.9872e-05
451684,2.9696e-05
451693,0.000392704
451697,0.000597504
451706,0.001238016
451826,8.1664e-05
451860,0.000470272
451919,0.0002944
451932,0.005870336
451935,0.00228608
452030,3.0208e-05
452168,6.8608e-05
452212,0.000104704
452293,0.023649792
452306,0.003154176
452385,3.072e-06
452593,0.000114432
452663,0.008023552
452710,1.3824e-05
452818,9.0624e-05
452899,0.002530048
452934,2.4832e-05
453161,3.6352e-05
453226,0.000159744
453240,0.001223424
453254,6.912e-05
453255,0.003803136
453257,2.3552e-05
453328,1.792e-05
453377,2.56e-06
453413,1.4592e-05
453488,0.000170496
453493,0.00783744
453506,0.00139648
453512,0.000509696
453641,3.2768e-05
453664,4.6336e-05
453675,0.001225472
453690,1.0496e-05
453747,7.424e-05
453803,3.4304e-05
453843,9.1136e-05
454019,2.6368e-05
454106,0.000198912
454112,0.001573376
454153,2.9184e-05
454184,1.28e-05
454499,9.344e-05
454542,0.0064704
454608,7.552e-05
454627,5.4784e-05
454768,4.096e-05
454786,6.4e-06
454865,1.3568e-05
455137,9.7024e-05
455200,4.4288e-05
455309,5.12e-06
455386,0.000414208
455553,2.5088e-05
455684,8.8064e-05
455893,0.008010496
455897,0.014150144
455911,0.000304896
456404,5.376e-06
456493,0.000475136
456509,5.8112e-05
456540,0.000248576
456588,2.304e-06
456607,8.448e-05
456637,8.3712e-05
456797,7.0144e-05
456858,3.4304e-05
456953,2.176e-05
457093,0.000290816
457094,0.00400768
457098,0.002656768
457112,0.001422592
457175,0.001742848
457205,7.296e-05
457332,2.432e-05
457448,4.5568e-05
457471,0.020151552
457650,0.02315008
457727,2.9696e-05
457760,0.003045376
457809,3.2768e-05
457832,3.2768e-05
458075,0.012585984
458178,0.000316928
458179,0.004696832
458237,4.096e-05
458253,0.000873984
458293,0.00025344
458296,0.006285312
458307,0.002689024
458356,0.000575232
458409,6.3232e-05
458429,8.704e-06
458441,0.000152832
458656,0.000257024
458661,0.000246272
458683,0.000210176
458753,0.000137216
458825,6.2208e-05
458893,0.000563456
458907,0.00052864
459004,0.000644608
459073,1.3824e-05
459092,1.8688e-05
459123,0.000102144
459150,2.8928e-05
459250,4.3264e-05
459453,2.7648e-05
459511,0.001263104
459693,1.1264e-05
459766,1.664e-05
460020,5.4784e-05
460088,7.424e-06
460100,0.002490624
460155,0.000316928
460199,1.2288e-05
460245,2.2784e-05
460301,2.3296e-05
460494,2.2528e-05
460550,4.6592e-05
460569,0.021926144
460571,0.002553344
460666,1.4592e-05
460694,0.001854208
460706,0.000947968
460822,4.992e-05
460903,7.424e-06
461012,0.002174464
461071,0.000107008
461152,2.304e-05
461198,6.4512e-05
461503,8.96e-05
461517,7.5264e-05
461546,5.12e-06
461843,1.024e-06
461868,0.000203008
461910,2.2016e-05
462153,8.8576e-05
462325,3.4048e-05
462486,3.4304e-05
462498,0.00163456
462507,0.000702464
462593,7.3984e-05
462620,0.000344064
462644,6.144e-06
462753,5.12e-06
462771,0.001673472
462816,7.424e-06
462864,1.2032e-05
462939,2.1248e-05
462964,6.3488e-05
463064,0.002651904
463093,0.028125952
463305,1.024e-05
463697,0.00736384
463744,0.01737344
464078,0.009674496
464270,2.2272e-05
464293,0.007867392
464305,0.000159232
464307,0.004376832
464660,4.1728e-05
464676,0.000271872
464700,4.0704e-05
464893,0.000121088
464894,0.000927488
464906,0.001815552
465243,1.1008e-05
465386,0.000525312
465431,9.472e-06
465463,8.448e-06
465499,6.3488e-05
465631,4.7104e-05
465657,1.024e-05
465698,9.1648e-05
465766,5.376e-05
466043,8.4736e-05
466190,7.3984e-05
466559,0.000107008
466600,6.9632e-05
466627,1.7408e-05
466705,0.003162368
466796,9.8816e-05
466938,1.7408e-05
467075,7.424e-06
467225,0.004743168
467261,5.76e-05
467294,0.002331392
467297,0.006413056
467387,3.8912e-05
467404,8.704e-06
467483,7.2192e-05
467512,3.3024e-05
467521,5.9904e-05
467562,0.000268032
467777,1.4336e-05
467803,1.7152e-05
467819,3.0464e-05
467897,0.008046336
468003,3.0976e-05
468020,5.7856e-05
468056,3.8144e-05
468081,2.5856e-05
468128,4.0704e-05
468263,1.5872e-05
468363,5.2736e-05
468422,2.7136e-05
468463,1.4336e-05
468472,9.5744e-05
468505,0.002956288
468506,0.000616192
468596,1.7408e-05
468611,3.84e-06
468756,4.48e-05
468814,3.3536e-05
468850,0.014674432
468932,1.2032e-05
469094,0.003045376
469105,0.001405952
469223,4.224e-05
469258,1.4336e-05
469430,2.56e-06
469471,0.000100608
469483,4.48e-05
469503,0.000162048
469603,8.96e-05
469673,1.1264e-05
469694,0.001398272
469701,0.000743936
469705,0.000455168
469743,0.000193792
469744,0.000423168
469857,0.00017664
469904,0.000175616
469944,1.536e-06
469964,3.328e-06
470106,3.584e-05
470116,8.6016e-05
470135,1.1008e-05
470159,7.168e-06
470184,0.00020864
470210,0.000132608
470227,2.8416e-05
470303,9.6768e-05
470306,0.001932544
470464,6.1952e-05
470509,4.864e-05
470556,2.1248e-05
470674,8.6016e-05
470728,7.7056e-05
470766,9.344e-05
470796,0.000183552
470825,2.4064e-05
470843,9.856e-05
470870,0.000925696
470895,0.00712704
470897,0.002336768
470905,0.000889856
471000,2.7136e-05
471112,0.0001472
471161,1.9456e-05
471188,9.5744e-05
471223,1.8944e-05
471234,8.1664e-05
471245,4.5056e-05
471306,5.0432e-05
471493,1.6128e-05
471506,0.00034816
471514,0.006706432
471571,0.000111616
471606,2.56e-05
471609,0.000233728
471643,1.3056e-05
471689,1.0752e-05
471731,6.5024e-05
471812,1.28e-06
471964,1.3312e-05
471993,3.1488e-05
472036,6.016e-05
472046,1.1776e-05
472064,4.5312e-05
472092,0.000150784
472093,0.027922176
472105,0.001216
472236,3.0208e-05
472273,1.536e-05
472295,4.096e-05
472383,8.8064e-05
472472,2.8672e-05
472520,8.3456e-05
472612,4.608e-06
472643,1.536e-06
472697,0.016692736
472807,0.000186624
472835,1.0496e-05
472870,0.000263168
472896,3.072e-05
472932,2.048e-05
473034,7.9616e-05
473143,3.456e-05
473180,2.7648e-05
473237,6.144e-06
473246,0.003212288
473293,0.000382208
473306,3.712e-05
473502,0.0056768
473634,4.608e-05
473894,0.001974272
473934,2.5344e-05
474032,0.000218112
474083,8.6528e-05
474105,4.0448e-05
474175,0.000125696
474260,8.448e-06
474493,0.000485632
474494,0.02528768
474512,0.001199872
474548,0.000265728
474591,0.000122624
474619,5.1456e-05
474811,5.1456e-05
474823,7.5776e-05
474855,5.6832e-05
474965,4.352e-05
475072,3.4304e-05
475098,0.000275968
475099,0.000295936
475106,0.001806336
475110,0.003995136
475143,0.001410048
475269,1.6896e-05
475348,1.1264e-05
475410,8.6528e-05
475633,2.4832e-05
475693,0.00395136
475743,9.216e-06
475857,2.688e-05
476057,4.096e-06
476124,0.00032512
476198,0.004041216
476272,0.000165376
476306,0.00015104
476383,0.000217856
476436,9.7536e-05
476487,0.000171264
476495,2.56e-06
476510,0.0220352
476570,1.9456e-05
476576,4.1216e-05
476670,0.00360192
476713,0.01006208
476722,0.018885888
476897,0.007844352
477013,0.000201472
477050,0.000147968
477073,3.4048e-05
477103,0.000215296
477168,1.8944e-05
477206,2.2784e-05
477214,1.7408e-05
477238,1.7408e-05
477348,7.168e-06
477372,0.0001728
477397,8.5504e-05
477412,0.000111616
477496,0.00622464
477553,0.000694272
477739,5.1968e-05
477774,0.000276992
477848,2.7136e-05
477944,4.2496e-05
478064,0.000103936
478093,0.021596672
478187,0.003218688
478332,9.2928e-05
478359,1.9712e-05
478375,1.4336e-05
478479,2.56e-06
478550,1.7408e-05
478575,0.00018304
478610,9.3184e-05
478697,0.001480448
478783,9.0624e-05
478853,7.9104e-05
478862,7.4496e-05
479006,7.424e-06
479260,0.000131584
479288,5.8368e-05
479293,0.008001792
479328,0.002249984
479391,1.28e-05
479437,2.2272e-05
479478,7.0912e-05
479537,3.0976e-05
479737,4.4288e-05
479760,0.000133632
479894,0.001980928
479912,0.000148736
479975,0.000142592
480015,8.1664e-05
480071,0.000228864
480072,0.001270528
480088,0.002061312
480188,2.1248e-05
480259,3.7632e-05
480331,2.2272e-05
480444,0.00020736
480453,0.000179456
480462,3.072e-06
480497,0.001931008
480507,0.001588992
480668,0.000113408
480774,0.000116736
480810,3.6352e-05
480953,5.632e-06
480970,0.000868096
481094,0.000109056
481097,0.01713408
481153,1.5616e-05
481372,1.4848e-05
481382,1.28e-06
481471,7.9872e-05
481498,3.6352e-05
481637,1.4336e-05
481653,5.12e-05
481715,0.003326208
481927,3.584e-06
481943,8.192e-05
481971,0.000204288
482071,2.816e-06
482212,9.2672e-05
482294,0.001868544
482297,0.008682496
482371,0.000722432
482472,4.608e-06
482485,9.4208e-05
482589,0.00013952
482627,2.048e-06
482698,3.3024e-05
482824,1.3824e-05
482893,0.000183296
482900,0.00052096
482907,0.001994496
482915,0.006318848
482998,2.4576e-05
483128,8.448e-06
483146,3.4816e-05
483224,1.1264e-05
483446,3.6608e-05
483463,4.2752e-05
483493,0.001204992
483507,0.000968448
483574,0.000109824
483653,4.6592e-05
483732,2.56e-05
483860,7.1424e-05
484090,8.96e-06
484096,0.006075392
484113,0.002145024
484240,2.944e-05
484368,4.864e-06
484430,2.816e-06
484470,0.00207744
484521,0.000171264
484693,0.027857408
484758,6.1696e-05
484990,6.5024e-05
485011,4.608e-06
485033,8.32e-05
485078,6.144e-06
485082,7.7312e-05
485145,0.00010496
485174,3.712e-05
485182,0.007697408
485294,0.004437248
485378,5.376e-05
485476,8.8832e-05
485514,2.816e-05
485594,3.456e-05
485610,5.9392e-05
485682,0.000189696
485820,0.000112384
485893,0.007948032
485963,3.4816e-05
485990,8.4224e-05
486000,0.000126208
486065,3.9424e-05
486441,5.4528e-05
486497,0.003389952
486543,1.4848e-05
486577,0.000297216
486585,0.000199936
486687,7.04e-05
486734,7.7056e-05
486764,5.376e-06
486832,2.8928e-05
486874,1.8944e-05
486969,8.9344e-05
487001,0.000167936
487014,3.5584e-05
487054,2.816e-05
487093,0.00026496
487094,0.005430528
487097,0.004009984
487198,4.1216e-05
487272,8.96e-05
487285,7.424e-06
487412,2.7136e-05
487432,2.7136e-05
487560,6.144e-06
487634,5.4272e-05
487703,5.12e-06
487706,0.000322816
487855,0.000110336
487895,6.272e-05
487983,1.8176e-05
488106,2.56e-05
488128,9.3696e-05
488155,6.912e-06
488172,3.1488e-05
488185,2.5344e-05
488285,1.6384e-05
488293,0.007827712
488313,0.023069184
488400,0.00010624
488624,0.000105472
488652,5.12e-07
488693,0.000149248
488713,5.2224e-05
488861,1.3312e-05
488899,0.005987072
488972,2.4064e-05
489030,0.000142592
489079,0.000162048
489158,1.28e-05
489187,6.8352e-05
489234,4.608e-05
489245,0.00022144
489423,2.8928e-05
489507,0.001915904
489575,0.018450176
489654,3.584e-06
489684,1.408e-05
489689,8.1408e-05
489787,7.0912e-05
489816,0.003468032
489868,8.448e-05
489893,2.56e-07
489917,3.84e-06
490022,3.5328e-05
490034,5.632e-06
490040,5.7088e-05
490043,5.2736e-05
490050,6.656e-05
490060,8.8064e-05
490094,0.000144384
490097,0.005833728
490192,0.010472448
490261,1.8176e-05
490323,8.7552e-05
490398,0.000201728
490431,3.2512e-05
490433,3.2768e-05
490491,4.9152e-05
490514,1.5104e-05
490565,1.3312e-05
490632,1.0752e-05
490692,4.608e-06
490743,9.216e-05
490751,7.552e-05
490819,4.864e-06
490915,7.9872e-05
490937,3.072e-05
490954,0.000122112
491068,3.7376e-05
491110,0.000194816
491267,1.8944e-05
491294,0.003612672
491306,0.001177856
491543,5.6832e-05
491548,5.6576e-05
491553,7.168e-05
491582,2.304e-05
491630,4.5312e-05
491659,4.608e-06
491683,4.864e-06
491732,7.4752e-05
491738,5.0432e-05
491804,0.000258304
491894,0.003208704
491939,2.944e-05
491956,5.76e-05
492004,1.1008e-05
492063,9.8304e-05
492246,7.8336e-05
492359,6.6304e-05
492463,2.304e-06
492476,3.9168e-05
492479,2.2272e-05
492493,0.008002816
492545,0.000168448
492742,3.072e-06
492775,5.12e-07
492792,2.56e-05
492894,0.000302592
492932,1.92e-05
493019,5.9136e-05
493034,0.000103168
493091,3.1232e-05
493094,0.00118144
493271,2.1504e-05
493329,7.9872e-05
493374,2.048e-05
493566,0.000114432
493693,0.001953024
493701,0.000274432
493711,0.000579328
493759,0.000349696
493781,2.56e-07
493806,5.248e-05
493841,1.024e-05
493887,2.4064e-05
493967,8.704e-06
494003,7.424e-06
494070,0.000788736
494082,2.944e-05
494170,3.4816e-05
494223,0.000128
494235,0.004462336
494264,1.6896e-05
494303,0.000101376
494307,0.00060416
494336,0.000157184
494360,2.816e-06
494371,8.96e-06
494377,0.00015104
494432,2.432e-05
494647,0.000154624
494653,2.3552e-05
494661,8.6528e-05
494769,4.1728e-05
494772,0.004304896
494854,2.56e-06
494893,0.00802304
494937,3.2768e-05
494984,0.000367872
494986,0.000249088
495098,0.00010624
495101,5.0688e-05
495164,8.064e-05
495206,5.1456e-05
495249,1.792e-06
495254,1.2544e-05
495266,0.000103936
495343,1.9712e-05
495422,3.3024e-05
495437,8.2688e-05
495440,9.3952e-05
495478,0.000170752
495507,3.3024e-05
495549,3.328e-05
495614,5.8624e-05
495622,1.1776e-05
495657,3.456e-05
495780,8.2688e-05
495799,5.12e-07
495829,1.7664e-05
495983,0.0002112
496054,0.000320256
496074,1.664e-05
496090,1.6128e-05
496094,9.0368e-05
496143,0.00012416
496159,0.001257728
496254,6.1952e-05
496371,2.048e-06
496402,7.3984e-05
496529,0.000203776
496595,0.005015808
496666,8.96e-06
496693,0.002590464
496711,0.003817984
496753,1.1008e-05
496762,3.9424e-05
496772,5.7856e-05
496797,0.000852736
496851,3.6608e-05
496894,2.8416e-05
496908,0.035321344
496965,1.5872e-05
497002,0.0001088
497080,0.00010624
497129,2.3808e-05
497267,4.5824e-05
497271,0.002678784
497297,0.001659648
497307,0.005153024
497363,1.9968e-05
497402,0.000101376
497467,1.28e-05
497502,4.4288e-05
497583,1.8176e-05
497608,0.000653312
497620,0.000136192
497622,0.002369792
497711,0.00334848
497770,0.000173056
497775,6.4e-05
497778,0.000114688
497816,4.0448e-05
497893,0.002075648
497906,0.000540928
498068,0.008839168
498077,0.016984832
498226,6.656e-06
498266,3.584e-06
498298,2.7904e-05
498444,0.000289792
498454,4.5824e-05
498493,0.002995968
498496,0.001067264
498497,0.005289216
498548,3.2256e-05
498577,0.000137984
498627,6.1184e-05
498694,4.352e-05
498704,0.000232704
498724,8.1664e-05
498791,9.2928e-05
498799,1.0496e-05
498865,0.000164096
498868,0.00115584
498887,3.3536e-05
498948,6.2208e-05
498963,0.000141568
499005,1.024e-06
499077,1.664e-05
499093,0.000141312
499094,0.002129664
499097,0.015054848
499144,2.7392e-05
499224,2.048e-05
499251,1.28e-06
499309,8.1408e-05
499328,0.004170752
499445,9.3696e-05
499568,0.000224256
499609,6.7072e-05
499656,3.072e-05
499775,5.1456e-05
499781,2.2272e-05
499882,2.304e-05
500111,3.4048e-05
500182,0.000105472
500200,0.00019072
500268,8.96e-05
500290,0.001644288
500297,0.009202688
500340,3.0208e-05
500355,1.536e-06
500386,6.3232e-05
500475,9.4976e-05
500480,0.000719872
500580,1.6384e-05
500601,5.12e-07
500688,2.2272e-05
500894,9.0368e-05
500897,0.000961536
500958,2.9696e-05
501105,0.007150848
501114,0.0200704
501161,1.1264e-05
501168,2.5344e-05
501213,2.8928e-05
501286,1.4592e-05
501294,2.9696e-05
501323,2.4064e-05
501340,5.9648e-05
501384,0.000101888
501417,1.9712e-05
501420,1.4336e-05
501424,1.3568e-05
501500,0.00503936
501507,0.001487872
501670,0.001689088
501705,0.000306944
501730,3.328e-06
501734,2.7904e-05
501789,0.000127488
501905,0.00014976
501916,4.7872e-05
501973,0.001619456
501988,0.001568768
502047,6.3744e-05
502090,0.000418816
502094,0.00566144
502184,9.984e-06
502283,4.6848e-05
502334,9.216e-06
502416,2.2784e-05
502447,0.000140544
502475,4.864e-05
502542,0.000125952
502547,8.7296e-05
502580,4.5568e-05
502586,4.9664e-05
502693,0.005536256
502782,1.6896e-05
502975,6.5536e-05
503005,0.001561088
503087,2.048e-06
503106,3.9936e-05
503110,0.006304768
503185,0.000104704
503215,3.072e-05
503230,0.00013696
503243,8.6016e-05
503244,0.001142272
503266,0.006565376
503344,0.000102912
503356,0.000297216
503359,0.000224512
503362,0.002833152
503515,9.4208e-05
503528,3.4048e-05
503535,1.28e-05
503583,8.192e-05
503612,0.000158464
503627,2.6624e-05
503657,0.000105216
503687,5.1712e-05
503696,9.984e-06
503713,4.5824e-05
503735,1.024e-06
503767,1.6896e-05
503783,6.3744e-05
503838,0.000163584
503893,0.001769216
503895,0.097516032
503985,2.3296e-05
504099,0.000121088
504103,5.888e-06
504134,4.7104e-05
504214,3.328e-06
504327,6.6816e-05
504344,7.4752e-05
504395,1.408e-05
504411,5.8112e-05
504434,0.015425792
504497,0.000129024
504505,0.001071872
504572,1.9968e-05
504649,0.000155904
504677,5.4528e-05
504732,5.0688e-05
504745,9.728e-06
504773,2.944e-05
504807,0.000156416
504809,7.7568e-05
504815,6.144e-06
504873,2.4832e-05
504988,4.4544e-05
504995,4.3008e-05
505049,9.728e-06
505097,0.00339328
505098,0.00326272
505164,9.472e-05
505280,4.5056e-05
505305,2.6112e-05
505335,3.8912e-05
505357,8.0896e-05
505393,2.56e-06
505395,3.6864e-05
505455,6.7584e-05
505502,9.728e-06
505528,3.6608e-05
505538,0.000187648
505646,9.7536e-05
505668,0.000124928
505679,2.0736e-05
505681,0.000105728
505696,0.003854848
505750,1.536e-05
505821,0.006142208
505912,4.6336e-05
505939,4.352e-05
505955,1.0496e-05
505987,0.0002688
506019,0.000881664
506085,3.1488e-05
506192,3.072e-05
506250,0.000113152
506263,9.2416e-05
506270,8.1152e-05
506293,0.007887104
506297,0.013542656
506339,0.0027712
506400,3.8912e-05
506484,6.4256e-05
506498,2.56e-07
506507,7.2448e-05
506576,3.456e-05
506655,2.304e-06
506728,0.000120832
506734,6.3488e-05
506751,4.0192e-05
506758,6.144e-05
506858,4.5056e-05
506893,0.005750272
506905,0.0009344
506911,0.000474624
507129,1.9712e-05
507226,0.000145408
507260,0.000118016
507345,0.000113664
507385,1.1776e-05
507483,1.3824e-05
507495,4.4032e-05
507505,0.000641024
507506,0.002023424
507731,2.8416e-05
507799,3.7888e-05
507818,1.5104e-05
507840,0.002132224
507866,8.1408e-05
507977,2.304e-05
507995,8.0128e-05
508065,2.8672e-05
508096,0.001763584
508112,0.002200064
508167,2.4064e-05
508230,4.1472e-05
508241,8.0896e-05
508270,8.576e-05
508289,1.3056e-05
508316,0.001031936
508399,1.6896e-05
508483,0.000123648
508493,2.1504e-05
508507,1.536e-06
508579,8.96e-06
508631,0.009499904
508693,0.00059392
508712,0.003702272
508749,1.8944e-05
508767,0.011394816
508941,5.8624e-05
508965,5.888e-06
509007,1.7152e-05
509016,7.1168e-05
509091,1.9712e-05
509097,6.784e-05
509281,7.936e-05
509306,0.002827776
509377,3.0976e-05
509393,1.3056e-05
509456,8.8576e-05
509458,0.019709696
509526,4.8128e-05
509535,2.7136e-05
509538,3.9424e-05
509617,8.0896e-05
509622,1.9712e-05
509630,0.0001792
509638,0.000109824
509658,0.000122112
509740,5.8368e-05
509838,4.1984e-05
509884,1.8688e-05
509897,0.0173504
510001,1.536e-05
510005,5.7088e-05
510013,3.584e-06
510029,2.688e-05
510121,0.000134656
510126,3.328e-06
510291,0.00058624
510365,0.00016128
510417,0.00073728
510424,3.84e-06
510455,5.632e-05
510478,8.3712e-05
510493,0.015760896
510539,3.84e-05
510608,3.328e-06
510624,0.000416512
510626,5.12e-05
510688,0.000153344
510697,0.000141056
510722,0.001984256
510743,1.1776e-05
510810,1.6896e-05
510825,8.192e-06
510835,0.000189952
510882,9.984e-06
510961,7.0144e-05
510974,0.000165888
510982,4.8128e-05
511065,8.2688e-05
511093,0.001212928
511094,0.001201152
511097,0.005929984
511108,0.005488128
511126,0.019218944
511240,0.000140288
511245,0.000658432
511303,2.3552e-05
511312,2.56e-05
511325,0.000166656
511420,6.5792e-05
511441,3.7632e-05
511445,0.00010368
511446,0.003169536
511460,0.002537216
511615,3.328e-05
511630,2.816e-06
511644,2.7392e-05
511651,1.8176e-05
511672,3.2e-05
511693,0.00020736
511705,0.001146368
511723,9.3952e-05
511732,4.9664e-05
511742,0.000478464
511755,0.00176896
511816,7.6032e-05
511831,0.00062976
511843,8.6016e-05
511870,0.000108544
511886,0.000127488
511900,7.424e-06
511913,1.28e-06
511918,1.5616e-05
511943,6.4e-06
512020,0.004954368
512051,0.002063872
512081,7.68e-06
512196,0.000506112
512248,0.000148992
512277,7.68e-06
512294,0.000109824
512298,0.004437248
512306,0.002673152
512307,0.003475456
512369,5.376e-06
512420,7.2704e-05
512463,1.4592e-05
512503,3.2e-05
512520,0.000752896
512556,9.728e-06
512808,2.0736e-05
512829,1.1008e-05
512863,4.5312e-05
512880,6.8864e-05
512905,0.000980992
512959,2.3552e-05
512983,3.584e-06
513083,1.3312e-05
513126,0.003099392
513217,2.2784e-05
513276,4.864e-06
513352,3.5328e-05
513422,6.8096e-05
513463,1.6384e-05
513487,3.456e-05
513493,0.008190208
513557,9.216e-06
513563,7.424e-05
513617,4.3008e-05
513620,0.002081536
513690,3.328e-06
513734,3.9424e-05
513744,7.1424e-05
513765,0.000324352
513771,0.000407552
513788,9.8304e-05
513810,6.912e-05
513822,4.736e-05
513848,4.2496e-05
513852,6.1952e-05
513857,0.000524288
513911,0.00370944
513975,0.000756992
514004,8.6784e-05
514033,2.0736e-05
514063,0.00144
514093,0.000530944
514099,0.0005248
514107,0.000182784
514144,2.816e-06
514177,0.000139264
514206,5.3248e-05
514303,0.00015232
514320,7.936e-06
514387,5.12e-06
514409,7.936e-06
514414,0.000133888
514424,5.888e-06
514481,0.000137984
514650,4.2496e-05
514693,0.000493056
514694,0.001394432
514706,0.000357632
514793,3.1744e-05
514809,0.000142848
514817,1.792e-05
514839,1.6384e-05
514981,6.4e-06
515035,0.000121856
515046,8.704e-05
515113,8.96e-06
515161,2.176e-05
515175,0.00010496
515190,3.584e-06
515195,0.000122368
515205,0.001023744
515225,2.6112e-05
515278,0.000100096
515294,0.001159424
515313,4.0192e-05
515365,1.152e-05
515480,4.864e-06
515497,4.608e-05
515522,0.000493824
515533,0.00066304
515534,0.000370944
515535,0.000389632
515537,7.7312e-05
515540,0.00056448
515542,0.000696832
515545,0.00111872
515636,4.864e-06
515659,3.1744e-05
515700,7.68e-06
515710,4.4544e-05
515715,0.001016064
515860,8.704e-06
515880,8.8064e-05
515894,0.002061056
515936,1.1008e-05
515953,3.2768e-05
515960,2.2016e-05
515999,9.8816e-05
516120,4.4032e-05
516182,3.6352e-05
516184,0.000190208
516261,2.8416e-05
516278,5.888e-06
516315,9.9072e-05
516348,0.004359424
516468,0.000108032
516478,3.4816e-05
516505,0.000784384
516534,0.000338432
516555,2.6624e-05
516632,3.456e-05
516693,1.7408e-05
516807,8.2688e-05
516815,7.3472e-05
516862,0.001341184
516937,2.0736e-05
516966,4.6848e-05
517005,0.000812032
517032,6.0928e-05
517036,2.56e-07
517044,7.936e-06
517099,0.001445888
517105,0.001401088
517121,0.00041984
517206,3.8912e-05
517323,8.0384e-05
517325,0.001882112
517347,7.68e-07
517396,3.84e-05
517409,0.002777088
517426,0.004128768
517427,0.000746752
517472,0.000127744
517481,0.002586112
517484,0.003062272
517524,0.002568192
517527,0.003835648
517583,3.1232e-05
517612,2.816e-05
517620,3.1744e-05
517688,1.408e-05
517693,0.007973888
517695,0.002261248
517741,0.017288192
517813,2.5088e-05
517843,0.000113152
517864,0.000115968
517869,3.5584e-05
517873,1.4336e-05
517903,1.9712e-05
517948,8.7552e-05
517984,6.9632e-05
517995,7.168e-06
518056,0.000114432
518073,3.072e-05
518123,1.4848e-05
518132,1.4336e-05
518206,0.000148224
518260,0.010893312
518294,0.00069376
518348,9.1648e-05
518349,0.000353536
518351,0.000530688
518355,0.00062592
518367,0.000450048
518437,0.005916928
518483,9.472e-06
518502,0.00077824
518536,5.376e-06
518554,1.664e-05
518564,1.536e-06
518598,6.272e-05
518688,9.984e-05
518709,4.736e-05
518843,6.0672e-05
518848,2.8672e-05
518851,3.6096e-05
518881,1.792e-06
518894,0.00141952
518940,0.001112576
518942,0.000531968
519027,0.001860096
519046,0.0003008
519047,0.003317504
519317,3.6608e-05
519432,0.000132352
519448,5.0432e-05
519471,1.536e-06
519499,0.00087296
519589,0.000316928
519605,1.536e-06
519613,7.5776e-05
519681,0.002206976
519729,1.8688e-05
519765,5.376e-06
519772,0.000387584
519815,0.000561664
519816,0.002059264
519835,0.00030336
519836,0.000871424
519840,0.002033152
519847,0.001659648
519882,7.424e-06
519912,0.000125952
520021,3.0208e-05
520042,9.728e-06
520058,5.1456e-05
520072,0.000122368
520093,0.005465344
520096,0.001558272
520099,0.001549824
520183,1.3056e-05
520211,0.000153344
520276,2.7392e-05
520279,2.5088e-05
520374,1.6896e-05
520403,4.9664e-05
520423,6.3744e-05
520435,8.0896e-05
520471,8.2688e-05
520484,6.8864e-05
520595,0.000481792
520678,0.000217856
520706,0.002708992
520733,0.000362496
520825,5.632e-06
520833,5.8624e-05
520868,8.2176e-05
520963,2.6112e-05
520974,8.2176e-05
520998,4.9408e-05
521014,4.608e-05
521046,1.152e-05
521074,0.000146944
521080,0.00020352
521092,0.000327936
521136,2.9696e-05
521178,2.3296e-05
521200,1.3568e-05
521293,0.002045184
521316,0.00126336
521356,4.1472e-05
521358,0.000815616
521483,9.6768e-05
521600,2.4576e-05
521617,5.888e-06
521638,0.000155904
521715,0.000114176
521808,1.2288e-05
521849,3.84e-05
521894,0.001553664
521897,0.00656768
521931,0.000253952
521935,0.003462912
521968,0.000383232
522045,0.0012736
522061,0.002071552
522085,6.144e-06
522125,0.000623616
522213,0.000180224
522257,0.006489856
522336,6.016e-05
522350,0.00048512
522390,0.002651904
522493,0.028037888
522606,1.9968e-05
522631,1.1264e-05
522643,1.2544e-05
522645,1.792e-06
522681,0.001938688
522724,5.504e-05
522734,6.4e-06
522741,9.472e-06
522792,2.3552e-05
522818,0.003516928
522839,0.002563584
522844,0.000928256
522869,0.017556992
522936,2.9952e-05
522951,7.0912e-05
523058,0.000540928
523217,3.5584e-05
523232,4.1984e-05
523301,0.00053632
523369,3.2768e-05
523428,0.000135424
523447,2.944e-05
523452,5.4784e-05
523484,6.144e-06
523518,2.56e-07
523535,0.000700928
523635,7.3984e-05
523646,6.656e-06
523694,0.002368512
523729,1.664e-05
523730,0.000288512
523731,0.00155648
523753,0.00204544
523762,0.002889984
523770,0.002235392
523879,1.28e-06
523885,1.408e-05
523887,4.8384e-05
523925,3.6352e-05
523942,3.072e-06
523948,0.003397632
524021,4.4032e-05
524022,0.004120064
524077,0.000609792
524119,3.4816e-05
524151,1.3824e-05
524183,1.28e-06
524198,0.000175872
524242,7.3472e-05
524295,0.006006784
524329,0.000549632
524404,0.000126464
524470,0.000682496
524499,3.328e-05
524575,0.00040832
524610,1.28e-06
524612,2.2528e-05
524616,8.448e-06
524648,1.1008e-05
524678,6.9888e-05
524689,0.00690432
524704,0.001560832
524890,2.56e-06
524894,0.002054656
524905,0.002431488
524939,7.6032e-05
524983,1.0752e-05
524997,0.000118784
525041,1.7664e-05
525076,0.008436736
525144,0.00047744
525161,0.000142848
525203,2.56e-07
525260,0.000344832
525287,5.7856e-05
525300,0.00016512
525323,0.00019968
525342,0.000678144
525421,0.00139776
525496,0.000502272
525500,0.007407104
525537,0.003805696
525570,0.000191488
525590,0.000109824
525634,6.5536e-05
525672,2.0736e-05
525719,5.3504e-05
525768,0.000109568
525770,0.003300864
525868,2.8672e-05
525870,5.7088e-05
525896,2.9952e-05
525918,1.7408e-05
525938,6.656e-06
525957,1.3056e-05
526093,0.002784
526107,0.00615168
526114,0.00060032
526186,1.792e-06
526295,0.000381952
526366,3.84e-05
526437,5.376e-06
526439,0.000184576
526472,4.1216e-05
526504,2.8672e-05
526554,4.736e-05
526559,6.1184e-05
526613,0.000769024
526712,0.001224192
526733,0.00013952
526813,2.8928e-05
526838,2.9696e-05
526842,0.000284672
526865,0.000450048
526899,7.3472e-05
526960,4.1216e-05
526992,8.192e-06
527013,0.001899776
527071,3.2512e-05
527082,4.4544e-05
527151,0.000212992
527182,1.1264e-05
527198,1.6384e-05
527222,0.00045952
527243,2.3296e-05
527249,0.000136448
527307,0.000182784
527355,1.7408e-05
527370,0.00272512
527374,0.002491136
527377,0.001519104
527399,0.001945344
527419,1.2544e-05
527465,7.424e-05
527484,0.000240896
527504,3.6096e-05
527540,1.024e-05
527551,6.1184e-05
527589,3.6608e-05
527661,7.6288e-05
527668,9.984e-06
527679,1.536e-06
527712,7.7312e-05
527756,5.5552e-05
527774,4.864e-05
527792,0.000222976
527800,0.000894976
527893,9.1904e-05
527897,0.001513728
527949,6.656e-06
528010,3.6096e-05
528048,1.1776e-05
528093,0.002267136
528122,0.000209408
528237,2.2272e-05
528290,2.8928e-05
528304,0.001119232
528305,0.000636928
528319,0.000935424
528342,0.002525696
528376,0.000357376
528394,8.6784e-05
528405,0.001391104
528416,0.003099136
528464,0.000511744
528470,0.000343552
528494,0.00333312
528500,0.0001984
528553,0.000156928
528570,7.0912e-05
528630,3.3536e-05
528669,0.000145408
528679,9.472e-06
528730,0.000155136
528760,0.0001024
528796,0.000726528
528816,0.0019456
528852,0.00013952
528920,1.6896e-05
528975,9.8816e-05
529004,3.8144e-05
529088,0.008178176
529098,0.00033408
529163,0.002502912
529225,5.2224e-05
529283,2.304e-06
529297,0.00011648
529314,0.00132864
529318,0.005470208
529391,2.2784e-05
529394,0.00630912
529439,0.000228352
529452,0.000519168
529457,0.001900032
529470,0.00191872
529472,0.001414144
529474,8.8832e-05
529536,0.00018816
529554,0.000403968
529588,0.002952448
529671,0.006230016
529694,0.001566976
529745,0.006314496
529782,1.536e-05
529785,3.584e-06
529789,0.002473728
529798,0.005786624
529826,0.006759936
529862,0.000877568
529903,0.000155392
529912,7.808e-05
529940,9.216e-06
530006,0.001296896
530008,0.098054144
530045,3.8144e-05
530058,0.009197312
530060,0.000905216
530081,0.000808704
530119,0.006473216
530176,2.0992e-05
530199,1.3568e-05
530213,3.5584e-05
530218,0.00012416
530230,0.000476928
530232,0.00022784
530252,0.000234496
530262,0.000194304
530265,0.09879936
530336,0.000196352
530348,0.000107776
530358,1.9968e-05
530359,0.002648576
530445,0.00030336
530457,0.000592896
530458,0.000127488
530459,0.001384448
530481,3.4816e-05
530508,0.000419328
530541,8.1664e-05
530596,8.4224e-05
530603,0.00313088
530630,1.8176e-05
530642,3.968e-05
530673,2.6624e-05
530730,0.000853248
530742,2.304e-06
530744,0.002854656
530756,0.000639488
530765,0.00040576
530896,0.007986432
530934,0.000103936
530936,5.4784e-05
530974,8.8832e-05
530982,0.010690048
530990,0.000236288
531037,0.000475136
531049,0.000169472
531070,9.4464e-05
531072,3.6352e-05
531161,2.0992e-05
531313,6.528e-05
531398,0.000182784
531493,0.027383552
531583,1.5104e-05
531670,6.0928e-05
531671,0.000652544
531710,0.000657664
531739,2.3808e-05
531773,0.000113152
531795,6.016e-05
531844,4.3008e-05
531859,1.0752e-05
531870,5.1456e-05
531892,1.024e-05
531901,0.000414208
531945,3.456e-05
532038,0.00010752
532097,0.001694976
532185,8.3712e-05
532213,0.00011776
532228,3.8144e-05
532251,5.3248e-05
532264,5.1456e-05
532292,0.000181248
532313,7.68e-05
532315,0.000865536
532320,0.001400064
532324,0.0005696
532327,0.001872896
532329,0.0997888
532478,0.000128768
532480,0.001965568
532553,5.5552e-05
532610,3.072e-06
532780,4.5056e-05
532814,2.7648e-05
532932,0.03677312
532983,8.2432e-05
533044,0.000255744
533100,4.864e-05
533228,2.6368e-05
533238,7.7312e-05
533251,5.376e-06
533266,1.5104e-05
533305,0.00031104
533368,1.0496e-05
533397,0.0001216
533411,0.01900032
533469,2.304e-05
533520,9.7792e-05
533530,2.0992e-05
533534,0.004623616
533537,0.000367872
533539,0.000982272
533542,0.000948992
533550,0.000137728
533596,5.0688e-05
533613,0.000110592
533645,1.2544e-05
533673,0.000116224
533758,3.2768e-05
533838,1.9712e-05
533847,5.4272e-05
533867,2.3296e-05
533894,0.00088064
533933,0.007044608
534003,6.0416e-05
534059,5.376e-06
534149,3.7376e-05
534350,0.000379392
534438,0.000543744
534466,6.4768e-05
534479,0.00555264
534493,0.007207936
534569,5.4272e-05
534648,6.9376e-05
534662,0.00017536
534711,1.024e-06
534724,1.664e-05
534728,4.1472e-05
534752,7.9872e-05
534781,0.000161536
534788,0.00047872
534822,2.048e-05
534834,0.000345344
534863,6.5024e-05
534886,2.816e-06
534901,2.3296e-05
534903,5.76e-05
534945,7.8592e-05
534982,0.000107008
535027,4.2496e-05
535028,3.6608e-05
535056,4.5056e-05
535065,4.1728e-05
535097,0.00150528
535113,0.000101376
535150,1.7152e-05
535174,2.0992e-05
535236,1.5616e-05
535362,6.016e-05
535386,5.632e-06
535405,1.8176e-05
535415,0.000244992
535464,1.5872e-05
535513,2.8928e-05
535549,0.099704064
535693,1.536e-05
535706,0.002747136
535738,0.000174848
535779,5.2992e-05
535782,3.4048e-05
535797,6.912e-06
535800,6.7072e-05
535842,0.00047616
535860,0.000169728
535862,1.9712e-05
535965,0.0001472
536049,0.000135424
536070,0.001094144
536102,4.48e-05
536144,8.704e-06
536153,5.632e-06
536187,0.00015744
536230,4.7872e-05
536238,1.792e-06
536248,5.7088e-05
536255,2.3808e-05
536270,4.608e-06
536287,5.5808e-05
536294,5.504e-05
536348,1.152e-05
536441,5.9904e-05
536455,2.56e-05
536482,5.888e-05
536550,0.00112768
536610,3.8912e-05
536634,3.4048e-05
536689,0.000360448
536703,0.000748288
536746,7.2448e-05
536869,0.0996224
536894,0.002140416
536982,5.888e-06
536994,4.7616e-05
537001,2.944e-05
537026,5.7344e-05
537074,0.000120576
537076,8.6272e-05
537091,2.9184e-05
537108,4.48e-05
537137,2.8928e-05
537194,5.6064e-05
537226,1.3824e-05
537247,3.0976e-05
537274,0.000256
537279,1.024e-05
537341,0.000583168
537353,0.000319232
537357,0.000274688
537359,0.004050176
537437,1.7408e-05
537443,5.0688e-05
537450,0.00051968
537493,4.9408e-05
537501,0.000857088
537519,0.001921024
537522,0.00158336
537549,3.3792e-05
537580,5.7344e-05
537591,0.000318208
537607,0.00146816
537633,9.6e-05
537670,0.001895424
537713,1.4848e-05
537729,0.00344448
537731,0.001028864
537743,0.000420608
537793,5.8112e-05
537806,0.000668416
537834,3.072e-06
537868,0.000322048
537906,0.000133376
537913,0.00145792
537935,7.4496e-05
537938,0.003330304
537966,0.000163072
537993,6.3744e-05
538034,0.002564096
538083,0.002212864
538100,8.7808e-05
538105,0.001256192
538188,0.000781312
538203,7.68e-07
538211,0.000826368
538279,0.00011648
538287,1.5872e-05
538291,0.014709504
538353,0.000643072
538362,0.000163072
538388,0.00246016
538418,1.7408e-05
538429,1.792e-05
538439,6.016e-05
538450,2.432e-05
538457,2.9184e-05
538458,0.002542592
538491,0.000534784
538515,9.4208e-05
538548,0.00022912
538601,9.216e-06
538604,0.000123904
538606,0.0001664
538608,8.0384e-05
538628,7.04e-05
538636,0.000118784
538644,0.000360704
538673,4.9152e-05
538688,9.344e-05
538693,0.004711168
538754,0.005577728
538757,0.001044992
538758,0.004997632
538825,3.9936e-05
538891,0.00017408
538926,5.0432e-05
538934,3.4816e-05
538998,0.000142336
539002,5.12e-05
539008,5.7088e-05
539045,0.000126464
539057,8.1152e-05
539071,5.632e-05
539140,0.002555904
539167,0.000247808
539171,1.024e-05
539214,0.00183424
539238,8.8832e-05
539283,2.4576e-05
539293,0.003112192
539294,0.00033664
539299,0.000440064
539348,1.3568e-05
539351,6.912e-06
539384,3.1232e-05
539493,0.000101888
539542,2.8928e-05
539593,1.024e-05
539604,0.000121088
539716,5.9648e-05
539807,2.9952e-05
539854,3.0208e-05
539878,4.736e-05
539893,0.002979072
539895,0.004350208
539912,0.001694976
539924,0.01232512
539953,0.00043776
539994,0.0003456
540035,2.1504e-05
540068,2.7136e-05
540105,7.68e-05
540147,0.016489728
540216,0.000157696
540239,6.3744e-05
540263,3.4816e-05
540342,0.00016256
540382,0.000280832
540448,3.2e-05
540495,0.0003648
540497,0.00151424
540648,0.000218112
540667,0.099781376
540739,0.000848896
540781,4.352e-05
540792,9.0624e-05
540813,4.9408e-05
540891,4.4032e-05
540977,6.3488e-05
541012,0.000435968
541023,0.001930496
541087,0.000630528
541093,0.003314688
541098,0.002054912
541155,5.76e-05
541182,3.9168e-05
541196,0.000326912
541247,2.4576e-05
541248,0.004860672
541283,3.6352e-05
541301,1.3824e-05
541366,0.000171008
541387,0.001015808
541419,3.84e-05
541447,0.000434432
541455,5.5808e-05
541508,0.000161792
541547,6.9376e-05
541650,2.9184e-05
541655,0.000120064
541672,4.352e-05
541691,0.003727104
541696,0.004570112
541729,0.000397312
541756,0.000406016
541767,0.000437248
541842,0.000132352
541848,8.064e-05
541890,6.912e-05
541988,5.4016e-05
542003,1.024e-05
542072,4.5824e-05
542154,0.000306688
542176,2.432e-05
542255,1.2288e-05
542293,0.007836928
542305,0.002726912
542341,5.12e-05
542406,0.000163072
542451,4.4032e-05
542464,0.000191744
542555,1.28e-06
542607,1.3824e-05
542673,2.432e-05
542743,8.192e-05
542773,7.8336e-05
542811,0.0023104
542878,0.000383744
542894,0.00301184
542963,5.888e-06
542998,0.000398848
543058,0.000734464
543088,9.0368e-05
543103,2.5088e-05
543310,1.7152e-05
543338,2.0224e-05
543351,1.1776e-05
543385,7.424e-06
543440,3.5072e-05
543486,0.000137216
543493,0.003648768
543499,0.001644032
543562,1.3312e-05
543573,3.6608e-05
543669,0.000211712
543713,0.000145408
543756,1.8688e-05
543766,0.000306944
543869,1.0752e-05
543962,7.4752e-05
544050,1.5872e-05
544058,1.0496e-05
544075,0.000164864
544093,0.003375104
544135,5.12e-07
544173,0.00013952
544182,1.5104e-05
544203,6.0928e-05
544243,6.912e-06
544313,1.5616e-05
544346,0.001901312
544385,4.992e-05
544411,6.7584e-05
544452,0.000102912
544477,3.7376e-05
544500,6.144e-05
544569,7.6288e-05
544647,5.12e-05
544693,0.002051328
544697,0.007565056
544712,0.002383616
544746,9.4208e-05
544930,0.000119296
544956,1.28e-06
544959,0.000120064
544999,3.1744e-05
545010,1.3312e-05
545063,5.12e-06
545079,9.8048e-05
545097,6.4768e-05
545101,4.2496e-05
545118,0.00151808
545178,0.000130048
545182,9.984e-05
545198,5.0432e-05
545221,1.536e-05
545233,4.0192e-05
545234,0.000437504
545256,0.004208896
545294,0.002363136
545305,0.001241344
545429,6.4e-05
545503,1.536e-06
545596,3.84e-06
545599,3.584e-05
545672,2.304e-06
545696,9.728e-06
545766,0.000148992
545775,1.9712e-05
545799,0.000153856
545854,0.000108032
545907,0.003748096
545912,0.000157696
545962,8.3968e-05
545985,3.2e-05
546068,8.96e-05
546132,9.728e-06
546161,1.1776e-05
546174,4.0704e-05
546179,7.68e-07
546211,6.272e-05
546218,2.56e-07
546224,0.001158656
546319,1.1008e-05
546325,7.68e-05
546342,2.816e-06
546383,2.8672e-05
546400,6.144e-06
546437,0.000137216
546451,0.006010624
546505,0.001050368
546511,0.001773056
546566,9.984e-06
546630,0.001061632
546658,7.936e-05
546743,0.000146688
546807,4.6592e-05
546833,5.504e-05
546835,6.9888e-05
546969,2.56e-06
547001,2.7648e-05
547042,1.1776e-05
547070,0.00300928
547093,0.00793984
547106,0.006060288
547115,0.0029632
547238,1.8688e-05
547254,8.6272e-05
547284,9.472e-05
547306,0.00012288
547457,6.4768e-05
547479,2.0736e-05
547496,5.9136e-05
547498,3.328e-06
547508,4.1216e-05
547528,3.1232e-05
547592,0.000173568
547697,0.001785088
547706,0.000259072
547707,0.000602624
547794,0.000360448
547824,3.328e-06
547960,5.632e-06
548107,0.001926144
548242,0.000101888
548248,3.968e-05
548307,0.000217856
548313,0.000947712
548378,1.8688e-05
548467,3.1744e-05
548472,4.4032e-05
548543,3.8656e-05
548564,3.5584e-05
548668,4.096e-06
548685,5.9136e-05
548752,5.632e-05
548810,3.328e-05
548867,0.000109568
548896,7.5008e-05
548959,9.5744e-05
549014,7.7568e-05
549135,3.4304e-05
549320,5.888e-06
549432,5.0944e-05
549438,3.072e-05
549443,8.3712e-05
549458,3.3536e-05
549494,7.3728e-05
549560,0.000160256
549654,4.7872e-05
549669,0.000210944
549781,2.2528e-05
549793,2.304e-05
549801,2.6624e-05
549811,0.000342784
549824,0.007295488
549885,4.608e-06
549893,9.2672e-05
549942,1.792e-05
550058,4.096e-06
550083,8.8832e-05
550093,5.5552e-05
550099,0.000484352
550105,0.000596992
550159,0.00043392
550228,9.7792e-05
550349,1.5872e-05
550448,1.024e-05
550468,0.000107264
550493,4.4032e-05
550550,7.936e-06
550552,5.12e-05
550607,8.2944e-05
550627,3.84e-06
550630,2.7648e-05
550660,0.001523968
550692,7.168e-06
550710,2.048e-05
550724,0.000608768
550804,0.000119808
550864,9.5232e-05
550924,0.0001088
550942,0.025915392
551013,2.2016e-05
551018,0.001417472
551036,0.00460288
551125,6.7328e-05
551202,6.5024e-05
551225,0.00044928
551290,0.002062848
551294,0.00222464
551311,0.001876992
551346,5.2224e-05
551350,2.1248e-05
551374,0.000832512
551376,0.00120704
551378,0.0018112
551383,0.001221376
551388,0.000313856
551425,1.2544e-05
551486,7.6288e-05
551515,7.424e-06
551644,0.0157184
551756,1.28e-06
551827,2.176e-05
551838,6.5536e-05
551847,5.2736e-05
551893,0.01583744
551895,0.00154752
551973,4.736e-05
552040,9.3952e-05
552047,2.6368e-05
552113,5.9136e-05
552119,0.000224512
552121,9.472e-05
552122,7.808e-05
552147,7.168e-06
552226,0.00097792
552283,6.144e-06
552288,2.7392e-05
552408,8.3968e-05
552497,0.001483776
552507,0.006146048
552524,0.001920256
552562,9.728e-06
552688,5.2224e-05
552710,0.0001024
552765,7.1424e-05
552804,2.7648e-05
552827,1.5616e-05
552836,7.3216e-05
553038,0.000350464
553093,0.00161408
553094,0.00223232
553161,7.3984e-05
553296,2.3552e-05
553324,8.1152e-05
553325,0.000986368
553338,0.003685376
553342,0.00111872
553384,4.096e-05
553399,7.4752e-05
553406,5.2992e-05
553488,2.5344e-05
553520,5.12e-06
553527,0.000140032
553542,1.792e-05
553581,0.000116992
553599,4.992e-05
553693,0.000562176
553736,7.936e-06
553753,9.984e-06
553754,0.007461632
553800,3.9168e-05
553853,7.808e-05
553889,1.6384e-05
553904,1.024e-05
553980,0.000115712
553992,5.6832e-05
554057,1.6896e-05
554068,1.92e-05
554113,4.864e-06
554133,0.00014208
554169,2.048e-05
554184,2.4832e-05
554217,6.2464e-05
554222,0.003491072
554224,0.000205056
554225,0.000993792
554261,6.6816e-05
554269,1.1008e-05
554293,0.003503104
554343,6.912e-06
554359,7.9104e-05
554463,3.8912e-05
554489,0.000222464
554512,0.000273664
554553,0.00034176
554568,0.000145152
554584,0.00012928
554591,7.7312e-05
554619,5.0944e-05
554702,1.8944e-05
554724,6.6304e-05
554727,0.000348928
554760,0.000217856
554805,0.000247296
554829,0.000452352
554858,0.00010112
554868,0.000408832
554894,0.000858624
554897,0.013684224
554912,0.002236928
554966,0.00325376
554986,9.7024e-05
555036,3.84e-06
555050,1.664e-05
555095,0.000196608
555114,0.000101632
555121,8.7296e-05
555129,2.176e-05
555134,0.000259584
555138,0.000122112
555140,0.000536832
555172,0.00011648
555224,0.002330112
555260,9.216e-05
555339,4.2752e-05
555343,2.1248e-05
555352,1.3568e-05
555365,0.000955392
555388,2.2784e-05
555410,1.2288e-05
555436,3.9424e-05
555443,1.9456e-05
555468,0.00044032
555493,0.006266624
555496,0.003724544
555499,0.006484992
555507,0.002260992
555521,0.001456384
555599,0.000621312
555645,0.000185344
555656,5.8624e-05
555719,4.1472e-05
555723,7.168e-06
555729,0.000189952
555762,4.864e-06
555779,0.000109056
555781,6.4e-06
555896,1.7664e-05
555920,2.9696e-05
555922,9.984e-06
555965,2.0736e-05
556014,2.6624e-05
556028,1.28e-05
556046,8.8576e-05
556061,5.7856e-05
556093,0.001121792
556097,0.026853376
556124,0.006722304
556212,1.3568e-05
556308,6.4e-06
556358,0.000321024
556362,0.000291584
556414,8.704e-05
556443,1.024e-05
556516,3.9168e-05
556619,6.1696e-05
556680,9.4208e-05
556692,2.816e-05
556694,0.00258688
556705,0.001090816
556793,1.28e-05
556868,5.9136e-05
556874,6.912e-06
556893,2.56e-05
556929,0.006275584
556930,0.010238976
557014,1.0752e-05
557046,6.144e-06
557100,1.024e-06
557139,9.472e-05
557179,9.984e-06
557191,2.56e-07
557264,0.001286656
557293,6.6816e-05
557294,0.002244608
557298,0.01713152
557370,2.048e-06
557496,0.00036608
557518,2.304e-06
557587,0.000382208
557615,0.002015488
557658,3.2768e-05
557689,0.000968704
557694,0.00012032
557712,5.888e-06
557748,0.000309504
557781,0.000592384
557816,3.0976e-05
557822,6.8096e-05
557894,0.000109824
557897,0.005926144
557924,0.004714752
557942,0.003342848
558007,3.1488e-05
558031,4.096e-05
558050,0.00011776
558082,6.1952e-05
558095,7.3728e-05
558135,4.6592e-05
558208,9.216e-06
558213,9.472e-06
558268,3.584e-06
558303,0.000552704
558306,0.000628224
558383,2.304e-06
558408,7.1168e-05
558417,1.4336e-05
558467,2.8416e-05
558493,0.000135424
558497,0.017220352
558549,5.9904e-05
558553,5.888e-05
558558,5.1456e-05
558569,0.000119296
558585,9.984e-06
558626,8.96e-06
558661,5.888e-05
558696,7.6544e-05
558702,1.6128e-05
558710,2.9696e-05
558748,0.000189696
558800,0.000701696
558801,0.000256
558824,0.001375232
558874,0.000905728
558937,0.000177152
558945,9.984e-06
558965,9.856e-05
559017,1.28e-06
559025,6.144e-05
559038,6.784e-05
559069,3.5072e-05
559078,1.7152e-05
559093,0.00247936
559146,0.000831744
559245,0.00014336
559288,2.9696e-05
559305,3.1232e-05
559338,1.5616e-05
559343,8.6272e-05
559375,7.1424e-05
559404,8.9856e-05
559409,0.000113152
559427,1.7664e-05
559443,2.7392e-05
559465,0.002507264
559471,0.002428928
559512,2.9184e-05
559529,0.000440064
559543,0.001512448
559575,5.5296e-05
559576,0.001020928
559577,0.00125568
559658,3.328e-05
559689,0.000492288
559706,8.8576e-05
559718,2.7392e-05
559724,0.000241408
559736,7.8848e-05
559773,0.000543232
559797,1.792e-06
559807,0.00020864
559828,3.2512e-05
559841,9.1648e-05
559848,4.096e-06
559850,5.376e-06
559902,0.000150016
559906,2.56e-06
559936,7.68e-07
559956,6.9376e-05
560047,5.4016e-05
560052,0.000111104
560064,9.984e-05
560071,3.7632e-05
560095,2.6368e-05
560097,0.00047232
560147,0.000210432
560234,5.5808e-05
560248,0.000119808
560283,2.816e-06
560293,0.002712576
560343,1.1008e-05
560399,0.002828032
560423,7.68e-05
560436,0.000810752
560478,7.296e-05
560491,0.00406912
560553,3.2256e-05
560585,0.001068288
560624,0.002166784
560648,2.6624e-05
560716,1.1776e-05
560742,6.1696e-05
560782,6.5536e-05
560785,0.000728832
560809,3.4048e-05
560816,0.000641792
560843,1.8944e-05
560868,6.0672e-05
560874,0.000123904
560875,0.00625792
560881,0.003174656
560896,0.007373056
560956,0.000129792
561008,1.8432e-05
561020,3.3536e-05
561025,7.68e-07
561056,0.00010752
561062,6.8096e-05
561072,0.000213248
561100,0.004663296
561158,3.072e-05
561170,0.005392896
561199,0.0002048
561204,0.000594944
561209,0.099948544
561232,0.094728448
561309,9.2416e-05
561334,8.0896e-05
561343,0.001700864
561345,0.001455872
561375,0.001684224
561401,4.2496e-05
561415,0.000106496
561455,1.8688e-05
561480,1.4848e-05
561489,6.2208e-05
561493,0.003478784
561512,0.001668096
561524,0.007056384
561623,0.001056
561658,0.000210176
561669,4.864e-05
561672,1.2032e-05
561678,7.1936e-05
561713,7.552e-05
561753,1.8432e-05
561773,1.4848e-05
561787,4.9152e-05
561827,3.0208e-05
561832,6.2464e-05
561859,0.00530432
561958,2.304e-05
561973,3.84e-05
561997,4.3008e-05
562098,1.8176e-05
562100,0.00036352
562112,0.003917568
562150,4.6592e-05
562178,2.048e-06
562184,0.00012288
562188,2.944e-05
562252,3.5584e-05
562278,2.4832e-05
562308,1.3056e-05
562379,0.004417792
562424,0.003406848
562469,6.4512e-05
562532,2.4064e-05
562538,3.2768e-05
562540,1.6128e-05
562571,0.000411136
562601,0.000106496
562608,1.3056e-05
562672,0.000107008
562680,0.000178176
562693,0.003678976
562734,2.5088e-05
562874,4.352e-05
562878,0.000296192
562926,0.003746304
562985,0.002880512
563056,2.048e-05
563070,0.003742464
563285,8.2944e-05
563300,0.000170496
563311,0.003067136
563364,1.0496e-05
563378,0.000146176
563390,4.7616e-05
563431,0.000124928
563478,7.0144e-05
563494,1.536e-06
563503,5.7856e-05
563525,7.68e-06
563628,2.9696e-05
563629,0.000446208
563670,0.00026112
563692,2.9696e-05
563702,3.9424e-05
563718,0.000142336
563727,2.2016e-05
563795,1.024e-05
563830,4.8128e-05
563837,3.9168e-05
563855,2.688e-05
563893,3.2256e-05
563905,0.002804992
563947,2.2528e-05
563964,7.168e-06
563979,3.584e-06
564032,0.000266752
564046,8.4224e-05
564047,0.002336768
564085,6.2208e-05
564100,7.04e-05
564110,1.5616e-05
564134,7.3984e-05
564165,0.000142592
564208,0.000163328
564230,0.000218112
564336,9.8816e-05
564343,4.9408e-05
564351,1.5616e-05
564390,7.424e-06
564424,4.5056e-05
564435,4.3264e-05
564469,2.048e-06
564471,0.000331776
564482,0.000114176
564491,9.9328e-05
564494,0.002439168
564520,4.5312e-05
564556,2.1248e-05
564561,7.6544e-05
564565,4.3776e-05
564583,1.5104e-05
564648,5.4784e-05
564657,1.0496e-05
564687,5.632e-06
564710,0.000109056
564738,1.9968e-05
564739,7.424e-06
564746,0.000114688
564776,1.5104e-05
564800,1.2544e-05
564803,7.68e-07
564819,3.3536e-05
564830,1.28e-05
564871,2.5344e-05
564894,3.6096e-05
564899,2.5344e-05
564904,3.0464e-05
564911,5.4016e-05
565001,0.00014208
565068,3.328e-05
565093,0.004771584
565095,0.007113472
565097,0.012402944
565147,3.6864e-05
565234,5.1968e-05
565316,5.4016e-05
565320,7.1424e-05
565446,3.7376e-05
565490,2.688e-05
565493,7.424e-06
565535,6.144e-06
565624,8.448e-06
565642,8.6272e-05
565675,7.936e-06
565698,0.000709632
565706,0.000555264
565741,0.00321536
565789,8.1408e-05
565826,0.000151552
565830,5.4016e-05
565883,5.5808e-05
565885,3.0976e-05
565935,0.000141568
565956,3.84e-05
565978,0.000108544
565985,3.9168e-05
565998,3.84e-06
566011,6.8608e-05
566024,0.004306688
566030,0.014799872
566122,2.3808e-05
566143,8.9088e-05
566162,3.9936e-05
566188,1.3568e-05
566213,9.728e-06
566243,3.7632e-05
566258,9.472e-05
566268,1.8176e-05
566293,0.000527104
566313,8.3712e-05
566339,2.3808e-05
566386,8.3712e-05
566399,1.024e-05
566405,1.1264e-05
566423,8.448e-06
566446,3.456e-05
566448,9.9328e-05
566465,0.000116224
566491,6.6048e-05
566503,8.7808e-05
566536,4.1728e-05
566599,2.7392e-05
566672,5.2992e-05
566676,1.024e-05
566695,4.864e-05
566701,0.000150272
566738,4.3776e-05
566740,2.8416e-05
566778,5.12e-05
566791,2.304e-06
566796,7.68e-07
566805,9.8816e-05
566816,0.000158464
566830,1.4592e-05
566872,0.00016
566893,0.004585472
566897,9.472e-05
566942,0.000152576
566953,0.00010624
566973,0.000118272
566983,1.6384e-05
567005,4.6336e-05
567055,1.024e-06
567058,1.2288e-05
567103,7.0912e-05
567112,0.000142592
567115,1.5872e-05
567206,2.816e-05
567246,2.0992e-05
567307,1.4336e-05
567346,1.792e-06
567353,0.000124928
567357,2.8416e-05
567394,2.56e-07
567453,7.9872e-05
567483,2.688e-05
567508,4.7104e-05
567528,2.2272e-05
567531,6.784e-05
567582,1.2544e-05
567625,3.328e-06
567660,9.088e-05
567669,0.000245248
567717,2.8416e-05
567719,6.4256e-05
567732,7.0144e-05
567745,1.6128e-05
567784,6.6304e-05
567786,6.9376e-05
567816,8.1408e-05
567824,0.004933376
567862,1.536e-05
567882,6.5536e-05
567884,2.4576e-05
567906,2.3552e-05
567950,1.1264e-05
568002,7.8848e-05
568012,2.7136e-05
568039,6.0416e-05
568052,7.3728e-05
568087,5.3504e-05
568098,1.664e-05
568106,7.5008e-05
568107,0.006020608
568159,1.024e-06
568206,7.9872e-05
568218,3.968e-05
568238,2.3296e-05
568249,9.5232e-05
568265,6.912e-05
568278,1.5872e-05
568295,2.304e-06
568309,1.5616e-05
568349,4.5568e-05
568406,4.4544e-05
568459,2.2528e-05
568471,1.664e-05
568489,2.9184e-05
568492,1.408e-05
568558,0.000230656
568571,1.9968e-05
568586,0.007046912
568635,4.1984e-05
568693,0.001755904
568696,0.00545152
568724,0.009453824
568774,6.5024e-05
568851,0.000133888
568873,1.3312e-05
568949,0.000102144
568953,5.4528e-05
568970,7.68e-06
569013,3.584e-05
569023,2.5088e-05
569040,0.017718784
569100,1.152e-05
569116,8.7296e-05
569123,3.072e-05
569135,3.3536e-05
569141,0.000106496
569207,0.000220928
569281,0.000107264
569285,0.000120576
569293,8.96e-05
569341,4.7872e-05
569349,3.2256e-05
569389,5.0176e-05
569391,4.864e-06
569497,5.6832e-05
569579,0.000103424
569702,4.096e-06
569706,1.536e-06
569735,2.2528e-05
569748,2.8416e-05
569775,4.3264e-05
569791,5.2224e-05
569893,2.9696e-05
569897,0.017402624
569962,1.28e-06
569967,3.3024e-05
570036,9.984e-06
570063,6.1952e-05
570065,0.002149632
570098,2.048e-06
570114,4.608e-06
570134,4.8128e-05
570150,2.304e-05
570225,4.2752e-05
570229,2.176e-05
570258,0.00256896
570338,1.408e-05
570342,4.5312e-05
570364,0.00572416
570403,4.3008e-05
570410,0.000153856
570450,8.5504e-05
570465,4.1984e-05
570481,1.5616e-05
570493,0.0264576
570514,0.0002816
570524,0.004645888
570589,7.1424e-05
570591,4.2496e-05
570628,2.5856e-05
570659,4.0448e-05
570675,3.6864e-05
570689,1.0496e-05
570719,5.8624e-05
570731,5.1968e-05
570774,3.6096e-05
570803,5.5552e-05
570805,3.3536e-05
570808,4.224e-05
570853,1.7152e-05
570875,3.3792e-05
570907,1.408e-05
570928,0.000130304
570942,3.7376e-05
570993,1.7152e-05
570999,9.216e-06
571024,0.000133888
571080,7.936e-06
571084,5.8368e-05
571086,4.0448e-05
571101,0.001078016
571118,8.2688e-05
571180,0.000104192
571214,1.5616e-05
571232,3.712e-05
571254,5.6832e-05
571335,3.328e-06
571399,5.632e-06
571404,4.096e-06
571424,0.000228096
571491,2.1248e-05
571500,9.216e-06
571566,4.8896e-05
571607,4.608e-06
571688,4.096e-06
571693,0.000415232
571705,0.003402752
571742,7.2704e-05
571779,1.4336e-05
571786,3.328e-06
571816,5.9392e-05
571839,5.888e-05
571852,2.048e-06
571869,1.1776e-05
572035,7.424e-06
572085,5.1968e-05
572091,4.0448e-05
572168,8.0128e-05
572178,9.728e-06
572221,8.9088e-05
572224,4.8896e-05
572300,0.001108736
572306,0.00118272
572336,0.000147456
572410,3.9424e-05
572448,4.2752e-05
572510,3.584e-06
572522,1.6384e-05
572570,1.3056e-05
572584,2.7392e-05
572618,3.5584e-05
572641,0.000119808
572731,4.7104e-05
572761,2.4832e-05
572856,0.000121344
572897,0.00189696
572924,4.992e-05
572931,0.000195072
572943,8.8832e-05
572967,5.888e-05
573082,7.68e-07
573093,2.4064e-05
573096,2.3552e-05
573160,0.000133632
573178,3.712e-05
573221,2.048e-06
573253,4.352e-06
573270,0.000726016
573290,1.3312e-05
573304,3.5072e-05
573337,6.912e-06
573391,9.216e-06
573398,3.328e-05
573448,3.712e-05
573490,1.3568e-05
573497,0.006984448
573500,0.003251968
573539,2.304e-05
573603,0.000105216
573658,5.0432e-05
573673,0.000128768
573763,2.7136e-05
573840,4.0192e-05
573843,9.728e-06
573869,1.8688e-05
573921,7.296e-05
573923,3.2512e-05
573969,0.000381952
574096,0.003128576
574115,0.004765184
574124,0.00625024
574171,9.4208e-05
574180,0.00019968
574187,3.328e-06
574195,9.216e-06
574217,9.0624e-05
574230,2.8672e-05
574281,6.3488e-05
574296,8.6784e-05
574330,8.192e-06
574375,9.6768e-05
574405,5.6064e-05
574407,7.168e-06
574448,9.728e-06
574475,4.8128e-05
574503,0.000161792
574507,1.9968e-05
574534,4.9152e-05
574552,4.3008e-05
574652,3.6608e-05
574669,5.1968e-05
574681,3.1744e-05
574685,2.7392e-05
574692,2.1248e-05
574693,0.000452096
574724,0.000147968
574761,9.216e-06
574774,5.1968e-05
574797,1.4592e-05
574893,7.424e-06
574904,4.8128e-05
574917,3.4816e-05
574929,7.6544e-05
574953,5.5552e-05
575012,1.9968e-05
575019,0.001505792
575024,0.008219648
575068,1.8432e-05
575123,4.4032e-05
575126,0.000135936
575218,1.3824e-05
575232,1.0496e-05
575243,2.8416e-05
575279,3.0464e-05
575287,5.5296e-05
575294,0.002906624
575296,0.017948928
575418,8.2432e-05
575420,0.00010624
575465,1.28e-06
575558,0.000887808
575577,1.7152e-05
575582,7.68e-07
575589,7.8336e-05
575609,0.000296704
575624,8.2688e-05
575656,0.000106752
575670,2.1248e-05
575685,1.5104e-05
575774,4.736e-05
575810,9.2928e-05
575832,7.1424e-05
575872,0.000123392
575879,6.144e-06
575890,0.00049408
575912,0.002883072
575924,0.005664512
575985,9.9328e-05
576042,0.000107776
576068,0.000117248
576103,9.2928e-05
576126,9.472e-06
576149,8.3968e-05
576164,8.576e-05
576200,0.000192
576219,7.04e-05
576223,7.808e-05
576237,8.0896e-05
576240,3.4816e-05
576304,9.5744e-05
576356,3.456e-05
576406,0.000151808
576452,6.272e-05
576493,0.000132864
576500,0.000506112
576512,0.0027328
576546,3.3536e-05
576607,0.002440448
576678,0.002338816
576723,2.56e-06
576730,1.1264e-05
576762,9.472e-06
576766,1.6128e-05
576787,2.7648e-05
576824,0.001564928
576926,7.936e-06
576934,1.5104e-05
576990,9.216e-06
576992,4.3008e-05
577015,5.632e-06
577027,3.712e-05
577034,5.6832e-05
577046,2.9952e-05
577093,0.002204672
577110,0.000324352
577153,3.328e-06
577160,1.8432e-05
577175,3.2512e-05
577185,0.00011904
577197,6.2464e-05
577234,2.7136e-05
577237,6.1184e-05
577243,4.1728e-05
577282,1.152e-05
577286,0.000182016
577290,1.2544e-05
577325,6.4512e-05
577348,3.3536e-05
577388,6.0672e-05
577446,6.9888e-05
577484,0.000104192
577493,0.000127232
577531,2.048e-05
577550,0.000150272
577569,5.632e-05
577585,2.5856e-05
577610,9.984e-06
577612,3.8912e-05
577641,3.9424e-05
577659,0.000174336
577668,5.12e-06
577672,4.8896e-05
577693,0.000225024
577704,0.00011008
577711,0.000217344
577732,1.0496e-05
577741,3.0464e-05
577832,0.000121088
577845,1.1264e-05
577870,0.01787264
577969,2.2528e-05
577981,8.6272e-05
577994,6.3232e-05
578007,2.56e-06
578011,3.6096e-05
578019,0.000142336
578043,8.064e-05
578056,1.5616e-05
578066,1.5872e-05
578104,4.224e-05
578149,7.4496e-05
578160,3.968e-05
578169,7.424e-06
578179,1.8688e-05
578192,6.6816e-05
578199,0.000105216
578222,3.2512e-05
578231,4.7872e-05
578237,5.7344e-05
578268,2.048e-06
578293,0.017673472
578425,8.192e-05
578464,4.8384e-05
578492,9.3696e-05
578548,8.6016e-05
578572,0.000187648
578604,2.7392e-05
578640,5.376e-05
578655,1.024e-05
578668,7.8336e-05
578712,5.3504e-05
578739,8.192e-06
578741,7.68e-07
578783,2.6112e-05
578790,2.9952e-05
578817,6.6816e-05
578845,4.7872e-05
578847,4.352e-06
578886,6.144e-06
578894,0.000123392
578897,0.027318784
578963,4.3008e-05
578992,8.7552e-05
578996,0.000165376
579061,6.4e-06
579063,2.176e-05
579097,3.328e-06
579102,0.000197632
579139,4.1216e-05
579162,0.000101376
579179,9.472e-05
579184,4.0192e-05
579261,3.3792e-05
579280,9.984e-06
579292,7.8336e-05
579337,6.6304e-05
579342,5.5296e-05
579365,1.024e-05
579376,2.1248e-05
579403,5.888e-05
579414,3.7632e-05
579440,2.6368e-05
579493,0.000144128
579496,0.00279552
579499,0.003180032
579565,4.8128e-05
579573,3.5072e-05
579620,8.0896e-05
579629,7.168e-05
579653,2.944e-05
579670,7.0912e-05
579685,0.000144384
579716,6.144e-05
579720,1.2032e-05
579749,5.5296e-05
579799,2.304e-06
579873,5.12e-06
579881,3.712e-05
579914,1.0496e-05
579933,4.6336e-05
579939,1.7664e-05
579971,5.0432e-05
580037,8.704e-06
580093,2.1248e-05
580110,1.6384e-05
580112,2.432e-05
580136,6.1952e-05
580143,9.984e-05
580161,4.0192e-05
580189,0.000108288
580230,0.001549312
580273,5.8112e-05
580309,4.7104e-05
580349,1.6896e-05
580357,0.00014592
580369,1.4848e-05
580406,4.608e-06
580408,0.000124928
580415,0.00012928
580416,6.656e-05
580458,2.688e-05
580485,7.424e-06
580521,1.1264e-05
580532,5.248e-05
580553,1.536e-06
580563,1.6384e-05
580586,0.000148992
580607,1.4848e-05
580612,2.048e-05
580630,3.0464e-05
580671,2.6624e-05
580675,2.4832e-05
580679,6.3232e-05
580699,0.00274176
580713,0.002801664
580744,0.00012032
580773,8.9344e-05
580787,5.3504e-05
580820,3.84e-06
580843,6.7328e-05
580853,0.000136704
580861,5.888e-06
580888,6.8096e-05
580916,9.728e-06
580939,2.4576e-05
580962,6.1184e-05
581016,6.4e-06
581026,1.6384e-05
581087,3.9936e-05
581101,0.00011776
581114,9.088e-05
581143,4.7104e-05
581152,2.432e-05
581154,5.5552e-05
581161,8.1664e-05
581195,3.456e-05
581210,3.2768e-05
581217,7.6288e-05
581234,6.144e-06
581250,1.5104e-05
581283,0.000111872
581306,0.002704384
581451,1.408e-05
581477,2.048e-06
581496,0.000104448
581513,1.1776e-05
581527,4.2752e-05
581553,0.00013824
581592,2.5088e-05
581600,3.584e-06
581663,1.9456e-05
581681,7.0912e-05
581692,6.5024e-05
581696,3.968e-05
581707,0.017425664
581781,2.432e-05
581783,6.2208e-05
581803,2.1504e-05
581886,5.3248e-05
581893,0.004080896
581897,0.000300544
581906,4.1472e-05
581950,8.0896e-05
581973,2.048e-05
582006,0.000491776
582014,6.3232e-05
582021,2.0224e-05
582053,0.000208128
582075,9.2928e-05
582125,2.1248e-05
582143,7.5264e-05
582199,2.9696e-05
582299,4.5312e-05
582319,5.4016e-05
582339,8.9856e-05
582352,1.4592e-05
582368,9.5744e-05
582377,1.536e-06
582413,1.536e-06
582423,0.000233472
582438,3.328e-06
582472,3.5584e-05
582488,3.6864e-05
582494,0.005555968
582506,0.002845184
582548,8.32e-05
582601,7.1424e-05
582604,9.728e-05
582623,9.472e-06
582628,3.1232e-05
582654,0.00010624
582656,1.1008e-05
582658,5.8624e-05
582669,2.304e-05
582677,0.000142336
582737,4.224e-05
582750,0.000443136
582753,4.4544e-05
582780,2.4064e-05
582788,2.048e-05
582803,8.9856e-05
582853,1.8176e-05
582895,2.6368e-05
582939,7.424e-06
582974,8.448e-06
582982,2.0224e-05
582989,5.4528e-05
583011,8.832e-05
583027,0.000505088
583053,0.0001216
583097,0.009476352
583111,0.011226368
583113,0.02295936
583177,0.00021376
583196,4.7872e-05
583218,2.2784e-05
583249,8.064e-05
583296,6.656e-05
583474,0.019113728
583551,3.328e-06
583558,8.2688e-05
583609,2.9952e-05
583617,2.9696e-05
583624,4.864e-06
583649,3.3536e-05
583651,3.2512e-05
583669,7.1424e-05
583670,0.00177152
583693,0.004535808
583706,0.005592064
583752,0.000108032
583769,1.2544e-05
583772,0.000128512
583817,1.7408e-05
583819,3.7888e-05
583882,6.784e-05
583903,0.000146944
583914,3.8144e-05
583971,2.7904e-05
583990,5.1456e-05
584018,5.632e-06
584021,7.7312e-05
584078,0.000195584
584089,1.152e-05
584116,2.1504e-05
584128,2.6624e-05
584164,3.4816e-05
584206,0.000119296
584223,1.8688e-05
584257,8.192e-06
584263,6.016e-05
584268,2.048e-06
584281,1.4336e-05
584293,0.001816064
584297,0.000992512
584344,7.68e-05
584352,5.888e-06
584358,4.864e-05
584373,6.0928e-05
584398,2.048e-05
584415,0.000226304
584438,8.704e-05
584465,2.4832e-05
584473,0.00033792
584504,0.000186112
584555,0.00017792
584589,1.408e-05
584601,2.304e-05
584605,6.144e-06
584609,9.1136e-05
584611,1.28e-06
584628,3.072e-05
584738,6.5024e-05
584752,5.888e-05
584817,4.352e-06
584848,4.352e-06
584893,0.001261312
584970,5.2992e-05
584983,3.584e-05
584991,2.56e-07
585001,5.9392e-05
585023,1.92e-05
585045,0.000173568
585053,6.656e-05
585059,2.7648e-05
585103,3.84e-06
585138,3.3536e-05
585144,2.8928e-05
585170,1.2032e-05
585176,3.4816e-05
585185,3.1488e-05
585192,5.376e-06
585201,7.6288e-05
585228,9.0112e-05
585230,6.144e-05
585253,5.2992e-05
585283,5.9648e-05
585286,0.00012288
585306,1.8944e-05
585316,0.000128768
585325,0.000127232
585331,0.000224256
585338,4.096e-06
585349,0.000123648
585366,6.6816e-05
585428,8.448e-06
585431,1.92e-05
585447,0.000132352
585480,0.000127488
585494,0.001219072
585514,0.000741888
585586,0.000383232
585628,1.5872e-05
585689,9.5488e-05
585691,2.56e-06
585736,2.8672e-05
585752,6.016e-05
585786,0.00042752
585818,7.68e-06
585846,2.6624e-05
585869,3.712e-05
585894,0.026229504
585998,2.9184e-05
586014,2.9696e-05
586029,1.792e-06
586073,0.000270336
586106,0.005249792
586151,0.00027392
586163,4.0704e-05
586178,7.7568e-05
586189,7.8336e-05
586198,7.1168e-05
586218,2.8672e-05
586268,4.0192e-05
586275,4.4288e-05
586312,9.2672e-05
586330,8.064e-05
586338,5.76e-05
586365,5.0176e-05
586380,0.00022784
586381,0.002805504
586453,6.3488e-05
586486,1.2032e-05
586488,5.9648e-05
586531,9.472e-06
586550,7.3216e-05
586554,3.3536e-05
586673,1.408e-05
586699,0.011030784
586769,2.8672e-05
586831,7.1168e-05
586841,0.000158208
586850,0.000105472
586897,4.2496e-05
586932,0.000165888
586960,5.9904e-05
586963,3.456e-05
586968,5.504e-05
587007,1.1008e-05
587015,6.3232e-05
587032,0.002045952
587071,5.7856e-05
587109,6.9376e-05
587113,1.4848e-05
587120,7.8592e-05
587196,0.000162304
587222,5.4528e-05
587224,1.024e-06
587247,1.4848e-05
587275,0.000150272
587285,8.704e-06
587294,0.000424704
587300,0.0007424
587349,4.864e-06
587352,9.984e-06
587413,0.000112384
587421,4.224e-05
587425,2.6624e-05
587443,1.4592e-05
587457,0.000121088
587477,0.000192
587500,3.2768e-05
587512,8.704e-06
587521,7.68e-07
587528,0.000164096
587533,1.792e-05
587543,5.8624e-05
587563,1.7152e-05
587588,5.376e-06
587595,2.6368e-05
587605,3.328e-05
587632,2.4832e-05
587648,4.5312e-05
587659,3.1488e-05
587675,0.041396736
587769,1.024e-05
587784,0.00013696
587786,5.6832e-05
587818,9.7792e-05
587833,2.304e-06
587902,0.002852608
587912,0.002622976
587944,4.7104e-05
587971,0.00012544
587976,1.3056e-05
587999,1.8176e-05
588010,9.2672e-05
588024,1.9968e-05
588060,2.304e-05
588075,0.000197888
588094,0.000165632
588106,0.0001216
588135,6.784e-05
588173,9.8816e-05
588221,6.5536e-05
588234,0.000247808
588307,2.8672e-05
588352,3.2e-05
588382,0.000100096
588387,1.9712e-05
588400,0.000219392
588433,4.5312e-05
588443,0.000272896
588494,0.000244992
588500,0.006749952
588539,4.9664e-05
588564,0.000167424
588578,1.7152e-05
588606,0.0001088
588638,0.000116736
588642,6.4e-05
588668,4.352e-05
588682,2.432e-05
588687,5.2992e-05
588695,4.3776e-05
588705,0.000122624
588723,0.000101632
588752,6.2976e-05
588792,1.536e-05
588796,4.6848e-05
588824,8.832e-05
588871,0.006117632
588903,1.792e-06
588916,0.0001216
588988,5.888e-06
588996,3.3024e-05
589024,1.536e-06
589044,4.352e-05
589054,0.000112128
589082,5.2224e-05
589092,4.7616e-05
589097,0.000403456
589106,0.000810496
589110,0.000435712
589133,3.2512e-05
589148,3.7376e-05
589184,7.168e-06
589205,4.3008e-05
589213,6.9632e-05
589248,1.8432e-05
589251,7.68e-05
589269,1.0496e-05
589276,4.352e-05
589310,2.8672e-05
589323,0.00015744
589336,3.584e-06
589440,6.3232e-05
589442,2.6368e-05
589452,9.4208e-05
589457,6.3744e-05
589466,3.8144e-05
589526,7.68e-06
589599,6.9632e-05
589613,0.000112384
589617,3.712e-05
589630,4.6336e-05
589662,3.3024e-05
589672,0.000132352
589678,4.0704e-05
589693,0.000206592
589694,0.004411904
589756,2.7136e-05
589777,4.1216e-05
589791,0.001243904
589842,7.2192e-05
589854,6.784e-05
589871,2.304e-05
589879,5.12e-07
589918,1.3568e-05
589932,6.5792e-05
589947,5.0432e-05
590005,8.192e-06
590029,3.8144e-05
590040,8.448e-06
590050,1.3824e-05
590110,1.536e-05
590125,0.000118528
590187,0.00010624
590203,0.000131584
590212,0.000164096
590229,7.424e-06
590240,0.000175616
590293,0.0073984
590306,0.000168704
590348,5.12e-07
590369,6.3744e-05
590370,4.8896e-05
590404,2.3552e-05
590413,3.712e-05
590417,2.6368e-05
590513,6.016e-05
590550,0.00022016
590568,8.6272e-05
590574,8.3456e-05
590577,8.2176e-05
590615,7.3472e-05
590624,0.000150272
590630,2.9184e-05
590643,7.0912e-05
590737,6.656e-06
590748,9.7792e-05
590763,2.2272e-05
590764,0.000113408
590774,5.12e-06
590797,1.1008e-05
590848,0.000148224
590852,6.656e-05
590873,0.000217088
590875,2.5856e-05
590893,2.0224e-05
590915,7.3984e-05
590918,2.304e-05
590926,0.000158464
590941,8.7808e-05
590946,3.2256e-05
590953,8.96e-06
590978,1.2288e-05
590984,4.5568e-05
590992,0.000151808
591016,6.5536e-05
591039,2.4064e-05
591041,2.56e-06
591049,2.56e-05
591063,0.00010368
591082,0.000150528
591108,1.0752e-05
591110,4.6336e-05
591138,8.3968e-05
591140,1.7664e-05
591159,7.936e-06
591182,1.792e-05
591189,8.9088e-05
591210,2.3296e-05
591221,1.9968e-05
591228,0.00017152
591336,7.808e-05
591341,1.3312e-05
591383,8.96e-06
591396,3.712e-05
591466,4.8128e-05
591481,2.432e-05
591493,0.000705792
591505,1.8944e-05
591513,4.992e-05
591634,4.864e-06
591688,1.792e-06
591713,0.001349376
591728,0.001355776
591730,0.000379904
591779,0.000113408
591837,2.816e-05
591841,1.792e-05
591893,2.56e-07
591935,1.28e-05
591964,0.000147456
591980,2.9184e-05
591991,6.144e-06
592007,2.7392e-05
592053,7.936e-05
592088,1.2544e-05
592097,0.006093824
592162,0.000115456
592176,0.000140032
592203,0.00011136
592217,1.6896e-05
592248,1.3568e-05
592288,0.000121856
592292,0.000183808
592334,2.432e-05
592357,3.328e-05
592368,5.6064e-05
592371,1.2544e-05
592374,8.4992e-05
592388,0.000236032
592411,7.936e-06
592428,4.8128e-05
592456,4.3008e-05
592490,4.1728e-05
592519,2.8928e-05
592522,3.072e-05
592545,6.0416e-05
592560,2.304e-06
592571,0.000154368
592575,3.8144e-05
592605,4.736e-05
592619,7.8848e-05
592624,9.216e-06
592632,8.064e-05
592669,0.0001344
592693,0.000577536
592790,2.56e-05
592795,0.000190976
592861,0.0001152
592880,4.864e-05
592891,7.5008e-05
592941,1.8176e-05
592970,0.00016
592982,6.1696e-05
592986,2.4576e-05
592993,2.8416e-05
593054,0.00219264
593086,7.936e-06
593089,1.28e-06
593099,9.5744e-05
593110,8.192e-06
593118,3.1488e-05
593121,2.4064e-05
593131,2.56e-05
593153,0.000220672
593172,4.1472e-05
593206,0.000105728
593213,3.0976e-05
593230,6.656e-06
593264,3.9168e-05
593294,0.003388416
593306,0.001424384
593363,2.9952e-05
593372,2.816e-06
593388,1.664e-05
593440,3.4304e-05
593469,4.2496e-05
593470,0.000114688
593481,2.5344e-05
593494,0.000107776
593504,0.000109056
593510,0.0001216
593543,2.816e-06
593562,6.6304e-05
593598,9.216e-06
593601,8.5248e-05
593622,3.2256e-05
593629,1.4592e-05
593639,8.96e-06
593646,9.1648e-05
593653,7.936e-06
593793,1.1776e-05
593810,0.000196608
593876,6.016e-05
593902,4.992e-05
593903,0.001375488
593943,3.584e-06
593970,0.01652352
594016,1.28e-05
594023,8.064e-05
594034,2.2272e-05
594062,1.6384e-05
594068,1.5872e-05
594072,1.8432e-05
594093,2.688e-05
594122,3.84e-06
594124,7.68e-06
594149,0.000120064
594192,5.8112e-05
594220,5.632e-06
594262,5.632e-06
594278,5.12e-07
594288,8.96e-06
594296,1.1008e-05
594307,4.8896e-05
594366,0.000195328
594376,1.3824e-05
594377,8.9856e-05
594384,5.2992e-05
594388,0.00012672
594411,1.28e-05
594437,3.3024e-05
594446,1.024e-06
594450,0.0001856
594471,0.000210688
594492,9.1904e-05
594496,0.00803328
594507,0.00126464
594590,2.5344e-05
594593,3.584e-06
594599,3.5328e-05
594610,2.944e-05
594648,0.000557056
594670,0.000563968
594691,3.84e-06
594727,6.144e-06
594731,0.00018176
594735,0.000100864
594763,4.1728e-05
594773,6.9632e-05
594783,8.192e-05
594797,7.04e-05
594825,0.014304256
594904,0.0002112
594931,5.9392e-05
594958,5.3504e-05
594961,7.3216e-05
594985,0.00015744
594989,3.456e-05
595019,0.000128256
595029,5.2224e-05
595041,0.000154112
595050,6.3744e-05
595093,0.000515584
595107,0.000517632
595141,4.5056e-05
595147,8.448e-06
595173,2.1504e-05
595177,6.7328e-05
595198,6.144e-06
595222,8.3968e-05
595231,1.6128e-05
595311,1.2288e-05
595333,0.000188672
595334,0.000668672
595368,2.3808e-05
595400,4.7872e-05
595417,0.000129536
595425,0.000134912
595467,8.8064e-05
595474,1.9456e-05
595483,0.000133376
595500,2.176e-05
595510,6.0672e-05
595537,0.000602368
595582,2.304e-06
595629,7.6544e-05
595644,1.024e-05
595648,0.000236288
595670,5.76e-05
595725,0.003128832
595793,0.00010368
595803,0.000128512
595822,1.792e-05
595857,7.8592e-05
595891,8.192e-06
595913,0.000105216
595919,9.0368e-05
595934,8.6016e-05
595947,6.0672e-05
595966,0.000135424
596002,0.000116736
596007,0.000100864
596030,1.28e-06
596035,5.632e-05
596051,4.1472e-05
596056,8.0896e-05
596100,8.3456e-05
596106,1.8176e-05
596113,9.472e-06
596117,2.2016e-05
596124,5.6576e-05
596162,4.4544e-05
596164,2.2272e-05
596174,0.00017024
596197,6.272e-05
596243,6.4e-06
596291,2.4832e-05
596294,0.001594368
596297,0.005876224
596337,0.000104448
596348,0.000251648
596355,7.8848e-05
596361,0.000147712
596385,2.688e-05
596392,6.144e-05
596399,1.8944e-05
596439,0.000133632
596452,2.8416e-05
596474,7.2192e-05
596480,0.000163072
596536,6.016e-05
596559,0.000143872
596568,0.000136448
596579,0.00022656
596586,6.6816e-05
596614,0.0001472
596620,1.408e-05
596625,0.000155904
596644,9.6512e-05
596691,4.864e-05
596697,0.000319488
596734,5.6832e-05
596749,0.000155136
596759,3.1744e-05
596770,2.2272e-05
596775,2.0224e-05
596791,0.0001152
596805,0.000189696
596841,2.9952e-05
596850,4.8896e-05
596868,0.000114176
596881,0.000184064
596887,5.76e-05
596893,0.005154048
596897,0.005680896
596942,7.8848e-05
596949,7.936e-06
596960,5.888e-06
596992,5.376e-06
597017,7.168e-06
597023,5.888e-05
597047,0.000198656
597053,1.3312e-05
597062,2.56e-06
597073,0.000108288
597146,0.000107264
597159,4.352e-05
597175,0.000134144
597178,5.632e-06
597190,3.1488e-05
597205,2.0224e-05
597213,0.0006464
597226,4.8384e-05
597248,0.002650368
597288,3.328e-05
597299,3.6608e-05
597331,8.7808e-05
597334,0.000114176
597348,2.8928e-05
597353,4.8896e-05
597372,6.912e-05
597378,0.000107264
597402,9.5488e-05
597429,2.048e-05
597463,0.002450176
597487,1.28e-05
597489,0.002707968
597532,2.0992e-05
597557,6.4e-05
597567,7.296e-05
597608,8.8832e-05
597625,4.8384e-05
597638,6.6048e-05
597644,5.376e-06
597651,7.3216e-05
597692,1.0752e-05
597730,9.856e-05
597737,3.9168e-05
597768,0.000336384
597769,0.000658688
597804,7.9104e-05
597843,7.936e-06
597868,3.328e-06
597887,1.2032e-05
597894,8.2432e-05
597901,3.84e-05
597910,3.1744e-05
597920,5.3248e-05
597927,3.6352e-05
597932,3.7632e-05
597958,8.704e-05
597987,5.1712e-05
598013,4.7872e-05
598065,2.304e-06
598071,4.352e-05
598090,8.6528e-05
598097,0.00132736
598101,0.00062848
598135,0.000107776
598159,0.001282816
598185,2.6112e-05
598210,0.000299264
598251,7.7312e-05
598280,4.3008e-05
598291,3.0976e-05
598295,2.816e-05
598304,1.664e-05
598312,5.0944e-05
598326,2.2528e-05
598329,4.1728e-05
598331,5.3504e-05
598348,7.296e-05
598365,2.2016e-05
598382,2.56e-07
598404,2.0736e-05
598420,0.000117504
598424,5.8624e-05
598425,0.000470784
598441,1.3824e-05
598446,2.5856e-05
598456,6.4e-06
598474,6.528e-05
598486,0.000189952
598500,7.168e-05
598527,5.632e-06
598550,4.096e-06
598570,0.00025216
598589,3.328e-06
598603,7.5008e-05
598647,1.8432e-05
598683,0.000168192
598697,0.00768128
598780,2.2272e-05
598796,3.8912e-05
598820,7.1168e-05
598848,1.8432e-05
598854,1.9456e-05
598889,9.344e-05
598892,2.6368e-05
598918,1.2032e-05
598941,5.0688e-05
598990,7.5264e-05
599018,7.68e-07
599035,3.2768e-05
599051,4.6336e-05
599071,1.1776e-05
599115,7.68e-07
599149,0.000196352
599169,0.000135424
599177,5.5296e-05
599182,1.536e-06
599193,2.1504e-05
599201,0.000169728
599207,2.7136e-05
599248,0.000119552
599286,0.000429824
599300,0.000104448
599323,0.000126208
599328,1.024e-05
599333,0.000108032
599364,7.4496e-05
599369,9.728e-06
599384,8.5248e-05
599421,2.9696e-05
599441,0.000156416
599484,9.2672e-05
599506,7.8336e-05
599555,7.936e-06
599580,1.3056e-05
599588,8.192e-06
599594,3.7376e-05
599606,8.1664e-05
599608,3.2256e-05
599610,2.304e-06
599640,3.9936e-05
599671,0.00294016
599709,2.1248e-05
599713,0.000123904
599731,0.000234496
599756,9.0368e-05
599774,8.3456e-05
599836,4.5824e-05
599846,2.176e-05
599858,5.1456e-05
599871,1.5872e-05
599875,2.4832e-05
599890,3.0464e-05
599892,4.8128e-05
599893,0.000293376
599894,0.000412928
599924,0.000278528
600007,1.8432e-05
600015,0.000145408
600053,9.4464e-05
600108,5.2224e-05
600123,6.144e-05
600140,7.1936e-05
600149,5.5808e-05
600157,0.000158464
600161,2.4832e-05
600173,4.608e-06
600195,4.9664e-05
600210,8.704e-06
600218,9.2416e-05
600241,2.1504e-05
600248,1.664e-05
600250,3.5584e-05
600259,2.304e-06
600271,2.8416e-05
600293,3.4816e-05
600299,4.6592e-05
600306,7.3472e-05
600314,0.000472576
600352,2.56e-06
600359,4.608e-05
600414,3.072e-06
600448,1.7152e-05
600465,3.072e-06
600490,4.0448e-05
600505,7.6032e-05
600506,0.000321024
600529,7.6288e-05
600535,3.6096e-05
600569,0.000236544
600571,5.5808e-05
600595,8.704e-05
600599,1.8688e-05
600644,4.1216e-05
600652,8.5248e-05
600670,0.000100096
600690,2.7136e-05
600705,0.000193792
600724,1.2288e-05
600741,3.7376e-05
600761,5.4272e-05
600776,0.000560896
600864,9.1392e-05
600874,0.00039168
600925,0.000235776
600963,0.000102144
600967,6.4512e-05
600975,1.8176e-05
600997,8.3712e-05
601016,5.376e-06
601037,4.352e-06
601042,0.003315968
601093,0.000206592
601096,0.004896768
601137,8.8064e-05
601144,7.0912e-05
601161,0.000232192
601182,0.000363008
601199,4.3264e-05
601208,2.048e-06
601227,5.0176e-05
601232,0.099807232
601321,5.4016e-05
601339,0.000105984
601362,0.003830528
601369,0.001203456
601372,0.004388608
601414,9.3696e-05
601433,0.001940736
601434,0.003410688
601457,0.0001792
601477,1.3056e-05
601506,5.888e-05
601519,9.5744e-05
601528,2.9952e-05
601537,5.3504e-05
601544,0.00016768
601567,2.9696e-05
601592,2.6368e-05
601598,0.000109824
601606,0.000263936
601640,3.7376e-05
601643,0.003592704
601666,3.3792e-05
601682,4.1472e-05
601713,0.00160128
601751,0.001699328
601764,0.000802048
601765,0.001447168
601814,5.4016e-05
601816,9.3696e-05
601834,3.9936e-05
601839,0.000173568
601861,5.0688e-05
601927,8.3968e-05
601936,4.4544e-05
601961,1.024e-06
601976,6.144e-06
601986,0.0001088
601989,5.4272e-05
602008,1.4848e-05
602039,3.456e-05
602057,6.912e-06
602059,0.000131072
602068,6.1696e-05
602110,2.1248e-05
602117,4.0192e-05
602156,8.8576e-05
602220,8.448e-06
602237,0.00047104
602248,0.001595136
602293,0.007698688
602437,4.7616e-05
602471,4.4288e-05
602479,4.9408e-05
602541,5.2736e-05
602547,9.728e-06
602582,1.9968e-05
602596,2.048e-05
602607,4.608e-06
602620,3.0464e-05
602635,2.2272e-05
602641,5.12e-05
602669,6.144e-05
602677,5.9648e-05
602748,7.3216e-05
602755,2.7136e-05
602777,0.000140544
602807,1.2032e-05
602840,3.968e-05
602846,0.000161792
602894,5.9904e-05
602897,0.00157568
602955,4.0192e-05
602992,4.864e-05
602998,6.3232e-05
603006,0.000140544
603012,0.000135168
603038,1.4336e-05
603046,7.2192e-05
603087,6.9632e-05
603108,0.000237056
603138,7.8336e-05
603235,1.0752e-05
603246,4.48e-05
603277,1.7152e-05
603306,0.00011392
603336,4.096e-06
603348,0.000130048
603364,8.192e-05
603383,3.072e-06
603411,5.9648e-05
603422,6.3232e-05
603427,6.0416e-05
603441,4.224e-05
603455,0.002159616
603493,0.000749056
603505,0.003014912
603574,1.2544e-05
603586,9.984e-06
603646,0.000170496
603667,1.3568e-05
603688,8.5248e-05
603757,1.5616e-05
603762,6.2464e-05
603769,2.5344e-05
603778,0.00018176
603793,3.584e-06
603806,5.8368e-05
603820,2.56e-06
603835,3.4816e-05
603849,5.4016e-05
603856,9.728e-06
603863,2.7648e-05
603891,1.152e-05
603895,6.912e-05
603899,3.3536e-05
603925,4.6592e-05
603933,3.84e-05
603943,9.728e-06
603964,9.1904e-05
603971,5.9904e-05
603978,5.5552e-05
603993,1.1264e-05
603999,6.144e-05
604029,2.9952e-05
604040,4.864e-06
604093,4.6592e-05
604094,7.0912e-05
604098,0.003356416
604190,9.216e-06
604194,1.8688e-05
604204,4.352e-05
604206,4.096e-06
604208,5.8112e-05
604223,5.5808e-05
604262,8.1664e-05
604277,2.0736e-05
604296,1.0496e-05
604302,1.4848e-05
604313,5.0432e-05
604319,7.808e-05
604324,1.664e-05
604329,3.4048e-05
604362,5.504e-05
604370,1.6896e-05
604374,4.3008e-05
604403,2.8416e-05
604419,5.4528e-05
604470,1.3824e-05
604491,4.096e-05
604520,1.6896e-05
604528,3.584e-05
604543,3.0976e-05
604548,2.7904e-05
604553,0.000172544
604593,5.9392e-05
604636,2.6112e-05
604706,0.00145792
604729,4.1216e-05
604746,0.00013696
604757,0.000140288
604764,0.000110592
604790,1.024e-06
604799,0.000133888
604813,3.8912e-05
604814,0.002054144
604856,4.096e-05
604888,4.6592e-05
604919,3.328e-06
604948,1.0496e-05
604952,8.5504e-05
604970,0.000146944
604976,7.7824e-05
604986,5.3504e-05
605019,1.792e-05
605033,5.0688e-05
605040,0.000135168
605046,0.000158464
605064,7.68e-05
605072,3.5072e-05
605083,8.704e-05
605107,0.000101888
605128,0.000128
605136,8.0384e-05
605142,0.000130048
605153,5.12e-06
605178,2.5856e-05
605183,6.9632e-05
605194,2.816e-05
605213,5.0688e-05
605226,6.4768e-05
605229,8.704e-06
605288,1.5616e-05
605294,0.00048
605305,0.001788928
605358,1.4592e-05
605371,1.3312e-05
605379,7.424e-05
605382,4.5568e-05
605401,3.584e-05
605406,1.152e-05
605411,2.9184e-05
605439,2.56e-07
605461,0.002700032
605509,2.8928e-05
605553,0.000164608
605568,3.328e-06
605583,5.4784e-05
605618,1.5616e-05
605626,7.68e-07
605632,0.000102144
605649,0.000109056
605657,3.2e-05
605660,3.9168e-05
605686,1.536e-06
605700,8.2688e-05
605720,0.000155904
605724,1.8176e-05
605726,6.1952e-05
605736,7.68e-06
605763,4.1984e-05
605787,5.3504e-05
605794,0.000214784
605804,4.352e-06
605823,2.8672e-05
605835,4.1984e-05
605846,6.1184e-05
605848,7.0656e-05
605871,0.000112128
605881,0.000229888
605886,0.000113152
605893,0.001177088
605938,4.0704e-05
605956,0.000157184
605967,6.6048e-05
605991,0.000262144
606034,7.0144e-05
606043,0.001872896
606116,4.096e-06
606121,7.7056e-05
606133,9.5744e-05
606153,5.6576e-05
606162,0.000115712
606177,9.2928e-05
606201,0.000144384
606214,6.1696e-05
606220,9.216e-05
606232,5.888e-06
606241,9.472e-06
606244,3.4816e-05
606265,0.000125696
606276,2.6368e-05
606279,3.4816e-05
606298,7.7056e-05
606319,0.00010624
606341,1.536e-06
606348,3.1488e-05
606398,0.00366976
606432,0.001157888
606487,8.4992e-05
606496,0.006510592
606508,0.002421248
606551,3.712e-05
606566,7.3728e-05
606570,9.0624e-05
606603,2.56e-05
606606,0.000115712
606618,6.016e-05
606666,1.024e-05
606672,0.00010496
606710,9.6256e-05
606727,4.096e-05
606754,6.8608e-05
606766,1.5872e-05
606774,0.000155136
606784,6.5792e-05
606792,3.072e-06
606809,2.7392e-05
606813,1.8944e-05
606872,2.816e-05
606876,2.6624e-05
606910,0.000196608
606920,0.000327424
606927,0.000222464
606952,2.304e-06
606980,0.000183808
606999,0.000224
607005,0.000175104
607017,7.6288e-05
607031,0.000186112
607051,0.000136448
607056,0.000112384
607072,0.00010112
607086,4.6848e-05
607093,0.000822528
607096,0.00572928
607151,0.000251904
607187,9.472e-06
607192,2.3296e-05
607217,5.9392e-05
607224,1.5616e-05
607239,4.1472e-05
607242,5.7088e-05
607283,1.024e-06
607295,2.7136e-05
607308,5.12e-05
607312,3.328e-05
607338,6.3488e-05
607370,7.3984e-05
607397,3.328e-05
607404,5.0944e-05
607414,1.8944e-05
607418,4.6592e-05
607425,4.4544e-05
607436,1.1776e-05
607446,5.7344e-05
607464,7.5776e-05
607501,3.7632e-05
607513,1.1008e-05
607549,1.2032e-05
607556,0.000245248
607571,9.472e-06
607577,0.00337664
607614,4.736e-05
607631,7.6544e-05
607664,2.56e-05
607691,0.000159232
607693,0.001353472
607700,1.28e-05
607725,7.424e-06
607736,3.5072e-05
607757,1.5104e-05
607761,3.1744e-05
607786,3.5584e-05
607790,0.000295168
607811,9.3184e-05
607861,1.024e-05
607881,0.00011392
607913,2.2016e-05
607933,7.936e-06
607947,4.0704e-05
607954,4.3264e-05
607986,5.248e-05
608058,2.56e-06
608062,1.4336e-05
608064,1.9456e-05
608121,0.00018944
608132,6.1184e-05
608152,0.000122112
608166,1.3568e-05
608169,7.936e-06
608190,6.7328e-05
608199,0.000151296
608222,4.7872e-05
608268,5.2992e-05
608283,3.4048e-05
608293,0.003417344
608373,4.7104e-05
608408,5.888e-05
608433,6.8608e-05
608458,7.936e-05
608526,9.5232e-05
608540,0.000125952
608549,2.9696e-05
608552,1.28e-05
608599,9.4464e-05
608610,0.00016256
608674,6.656e-06
608691,1.28e-05
608695,9.1648e-05
608697,5.376e-06
608703,2.3808e-05
608787,7.168e-05
608789,9.3696e-05
608804,3.1232e-05
608847,1.4592e-05
608854,4.608e-06
608874,9.6256e-05
608876,6.6816e-05
608884,2.944e-05
608894,0.001061376
608921,2.9952e-05
608941,0.000114432
608983,2.5856e-05
608987,4.4032e-05
608991,3.5328e-05
609055,5.3248e-05
609096,2.0992e-05
609148,4.3776e-05
609209,6.8352e-05
609214,5.888e-05
609237,0.000356864
609300,5.632e-05
609346,7.808e-05
609349,7.6032e-05
609357,6.3488e-05
609381,4.2496e-05
609438,1.7152e-05
609444,2.048e-06
609460,2.9952e-05
609471,2.048e-05
609488,9.984e-06
609493,0.00037376
609495,0.005958144
609505,0.001463552
609574,1.7408e-05
609588,4.1216e-05
609617,6.7584e-05
609625,5.7344e-05
609636,4.4544e-05
609667,2.304e-06
609696,3.7376e-05
609702,5.9136e-05
609806,0.000117504
609821,1.3056e-05
609888,3.968e-05
609906,2.048e-06
609917,8.192e-05
609936,2.176e-05
609954,3.3024e-05
609964,5.0176e-05
609966,2.56e-06
609983,2.9952e-05
609999,0.000105472
610006,4.3264e-05
610017,2.4064e-05
610038,9.344e-05
610052,4.2496e-05
610075,6.8608e-05
610082,4.0192e-05
610093,1.4592e-05
610099,0.003046912
610186,3.1232e-05
610230,4.7872e-05
610261,0.000118016
610277,2.8672e-05
610299,5.4784e-05
610348,2.7136e-05
610352,1.4592e-05
610369,2.432e-05
610384,1.6896e-05
610436,0.00013184
610482,1.9968e-05
610484,7.68e-07
610517,5.2992e-05
610529,4.5568e-05
610537,7.1424e-05
610542,3.3024e-05
610559,5.12e-07
610561,5.5552e-05
610601,2.7648e-05
610608,3.4304e-05
610611,6.3488e-05
610641,4.352e-05
610662,5.632e-06
610675,7.6544e-05
610693,3.584e-05
610694,0.007404544
610706,0.000130048
610746,5.632e-06
610764,1.6896e-05
610769,6.144e-05
610790,2.3296e-05
610816,5.4272e-05
610843,5.632e-06
610862,4.1728e-05
610875,4.3008e-05
610911,2.6112e-05
610920,9.4976e-05
610944,4.0704e-05
610954,0.000150016
610963,0.000178688
611004,4.352e-06
611020,5.2224e-05
611031,8.448e-06
611043,4.352e-06
611046,3.0464e-05
611092,3.072e-06
611141,2.0992e-05
611203,2.4064e-05
611242,3.0464e-05
611257,7.6544e-05
611278,0.000110848
611294,0.000889088
611297,0.006585088
611335,4.2496e-05
611358,0.00014976
611373,3.8912e-05
611375,4.5056e-05
611393,2.6368e-05
611416,0.000226048
611424,0.00293504
611502,1.024e-06
611513,3.0464e-05
611562,0.000110592
611574,1.2032e-05
611597,5.6064e-05
611647,1.3056e-05
611666,0.000173056
611673,3.968e-05
611720,0.000325632
611759,3.2512e-05
611773,0.00018816
611801,6.144e-05
611807,6.1952e-05
611814,6.9376e-05
611856,4.608e-05
611890,5.3504e-05
611893,0.002128896
611909,0.000195584
611961,1.2544e-05
612007,3.072e-06
612011,1.408e-05
612014,3.84e-06
612038,2.6368e-05
612041,2.4576e-05
612059,3.6864e-05
612085,5.12e-06
612158,7.168e-06
612161,8.448e-06
612185,0.000123904
612191,0.000283648
612210,5.6064e-05
612230,0.000187648
612256,1.3824e-05
612270,0.003668224
612313,3.5328e-05
612340,6.912e-05
612393,4.8384e-05
612426,2.048e-05
612430,4.352e-05
612440,1.2032e-05
612460,0.000140544
612507,0.005850368
612573,2.2784e-05
612584,6.656e-06
612606,2.944e-05
612609,2.5856e-05
612624,4.7616e-05
612627,0.000134656
612648,1.0752e-05
612654,0.000217088
612702,2.5344e-05
612710,3.4816e-05
612720,2.0736e-05
612733,7.5264e-05
612748,5.0688e-05
612759,5.7856e-05
612766,3.3536e-05
612785,4.096e-05
612825,4.608e-06
612869,8.9088e-05
612912,0.000182272
612922,4.9408e-05
612968,6.144e-06
612976,3.4816e-05
613004,5.6576e-05
613023,0.000283392
613047,3.2e-05
613057,2.5856e-05
613059,2.1504e-05
613061,0.0001088
613078,8.0384e-05
613103,6.4e-06
613114,3.4048e-05
613123,0.000105216
613129,0.000107008
613166,1.0752e-05
613175,4.4288e-05
613212,0.000147456
613219,1.7152e-05
613245,0.000109312
613267,0.00010496
613305,0.000116736
613318,6.144e-05
613333,2.7648e-05
613340,5.376e-06
613359,4.3264e-05
613374,9.6768e-05
613406,4.3008e-05
613416,3.9168e-05
613426,5.12e-07
613431,0.000131072
613503,9.728e-06
613520,0.000320512
613526,0.000886528
613588,4.5568e-05
613592,0.00012544
613598,3.4304e-05
613610,2.3296e-05
613634,1.7664e-05
613681,3.1488e-05
613691,6.6304e-05
613693,0.001118976
613696,0.004948224
613712,0.001949184
613751,9.4464e-05
613758,0.005446656
613844,0.000113152
613877,1.3568e-05
613883,5.8112e-05
613900,1.5872e-05
613904,1.3312e-05
613959,0.00011264
613996,2.9952e-05
614001,8.2944e-05
614013,5.376e-06
614028,2.3808e-05
614050,0.000115968
614121,6.5024e-05
614144,8.6016e-05
614150,0.000493824
614162,8.448e-06
614179,6.3744e-05
614211,5.8368e-05
614214,1.6896e-05
614232,5.376e-06
614234,3.7376e-05
614247,1.28e-05
614275,0.000142848
614287,0.00021376
614293,0.0002048
614306,0.00414336
614343,9.728e-06
614354,1.2544e-05
614357,1.9712e-05
614364,2.048e-06
614402,0.000105472
614423,7.424e-05
614428,7.68e-07
614494,9.3952e-05
614503,6.3488e-05
614508,8.0384e-05
614526,0.00011264
614550,2.56e-07
614555,9.984e-06
614557,9.3952e-05
614573,7.8336e-05
614598,2.56e-06
614602,6.144e-06
614605,6.1696e-05
614609,1.3312e-05
614628,4.3008e-05
614657,6.144e-06
614701,0.000154624
614705,0.000104448
614716,6.3488e-05
614740,0.000163584
614757,1.28e-06
614765,4.3264e-05
614773,6.7584e-05
614842,7.9104e-05
614872,3.328e-05
614892,1.2544e-05
614893,0.005503488
614941,8.448e-06
614957,3.072e-06
614970,7.1936e-05
614974,6.0416e-05
614983,4.1472e-05
615008,1.152e-05
615010,5.9904e-05
615024,4.736e-05
615035,2.8416e-05
615064,1.792e-05
615081,1.2288e-05
615086,4.48e-05
615095,0.000107264
615124,1.9968e-05
615149,4.864e-06
615156,1.536e-06
615177,6.9888e-05
615186,7.168e-06
615196,3.2768e-05
615224,7.0656e-05
615268,3.584e-05
615303,6.2464e-05
615324,4.864e-06
615328,3.456e-05
615342,1.6384e-05
615393,0.000218368
615397,3.1232e-05
615420,7.5008e-05
615471,3.9936e-05
615484,2.1504e-05
615494,2.6624e-05
615505,0.000179712
615532,4.5056e-05
615580,1.8432e-05
615608,5.9904e-05
615614,0.000135424
615630,0.000110592
615636,3.7888e-05
615638,1.9456e-05
615643,7.6288e-05
615651,0.00016512
615670,0.000102144
615825,3.328e-06
615841,6.2464e-05
615845,3.3792e-05
615868,0.000120576
615883,0.000142592
615898,6.5536e-05
615925,6.7584e-05
615932,2.304e-06
615940,0.000138752
615969,3.4816e-05
615974,7.68e-07
615980,2.7904e-05
616012,4.224e-05
616055,4.7104e-05
616093,0.02772224
616171,0.000171264
616220,5.4528e-05
616224,0.000212992
616239,2.9952e-05
616255,7.7312e-05
616266,7.3984e-05
616285,0.000114688
616305,0.00050688
616378,1.1264e-05
616383,3.7632e-05
616414,1.8688e-05
616435,3.7632e-05
616448,0.000118272
616453,6.144e-06
616464,4.4032e-05
616474,0.000391936
616506,5.4784e-05
616514,6.4e-06
616517,1.1776e-05
616523,5.632e-05
616564,2.9184e-05
616570,1.8944e-05
616595,1.5616e-05
616610,2.6112e-05
616625,4.096e-06
616628,0.000114432
616656,1.3056e-05
616694,7.7312e-05
616696,0.000126208
616697,0.002148096
616706,0.001529856
616737,5.12e-06
616745,3.2e-05
616817,8.704e-05
616830,4.8384e-05
616836,8.448e-06
616843,0.000128
616869,4.7872e-05
616881,1.1264e-05
616885,7.7568e-05
616928,5.6576e-05
616931,0.000163072
616943,1.7152e-05
617000,0.000101888
617004,4.1984e-05
617031,8.96e-05
617049,2.944e-05
617096,2.304e-05
617099,2.1248e-05
617133,7.936e-06
617152,2.1248e-05
617154,5.4272e-05
617159,1.408e-05
617183,4.1216e-05
617204,7.424e-06
617208,3.2512e-05
617276,7.296e-05
617298,5.9648e-05
617302,1.536e-06
617306,0.003074304
617350,0.00020352
617367,3.4816e-05
617381,4.4032e-05
617410,5.2224e-05
617416,3.328e-05
617419,0.00018816
617431,0.000177664
617443,0.000125952
617447,2.048e-06
617460,7.168e-06
617485,3.84e-06
617495,1.3312e-05
617499,4.4032e-05
617521,3.5328e-05
617556,2.9184e-05
617568,1.7408e-05
617572,0.000152576
617614,2.2016e-05
617619,0.000113664
617624,6.8608e-05
617642,6.144e-05
617656,0.000173056
617668,0.000121856
617689,6.4e-05
617749,5.2736e-05
617758,1.3568e-05
617761,0.000157696
617787,1.536e-05
617824,1.7664e-05
617856,2.688e-05
617892,2.8672e-05
617897,0.00114944
617934,5.9648e-05
617936,0.001086464
617990,1.408e-05
618048,3.4304e-05
618137,1.536e-05
618182,6.3232e-05
618191,3.0464e-05
618195,5.2224e-05
618201,4.3008e-05
618246,4.224e-05
618309,3.584e-05
618320,6.3744e-05
618338,1.024e-05
618375,0.000138752
618404,2.4064e-05
618425,1.8432e-05
618429,1.5104e-05
618456,2.0224e-05
618476,1.024e-05
618485,1.4592e-05
618493,0.023705344
618580,2.5088e-05
618619,5.888e-05
618668,4.5056e-05
618681,5.1712e-05
618706,5.8368e-05
618729,1.3056e-05
618732,8.1152e-05
618736,7.168e-06
618743,8.064e-05
618762,2.7392e-05
618767,0.000230912
618788,0.000134144
618793,7.4752e-05
618823,3.8656e-05
618828,5.2736e-05
618843,2.1504e-05
618849,4.6336e-05
618877,9.6512e-05
618887,6.9632e-05
618945,5.7344e-05
618962,5.6064e-05
618982,1.9456e-05
618986,4.3008e-05
618992,4.5568e-05
619026,2.816e-06
619030,5.4528e-05
619038,4.8384e-05
619042,1.7408e-05
619047,3.3792e-05
619067,1.5616e-05
619088,1.8688e-05
619094,3.1232e-05
619097,0.024774912
619181,2.9184e-05
619214,9.984e-06
619235,0.000258816
619318,5.2224e-05
619326,3.9424e-05
619371,0.002445824
619402,1.9712e-05
619408,0.000154368
619416,9.1392e-05
619420,0.000136448
619457,2.304e-05
619474,0.000548864
619498,6.0672e-05
619510,3.3536e-05
619518,5.504e-05
619534,7.296e-05
619583,2.7392e-05
619589,6.0416e-05
619617,8.1152e-05
619619,1.8688e-05
619635,1.792e-06
619643,5.888e-05
619653,2.4576e-05
619687,7.1424e-05
619693,0.001502208
619706,0.001549312
619707,0.001638656
619708,0.002803968
619760,9.6256e-05
619810,0.00012928
619830,3.072e-06
619838,6.2464e-05
619855,7.6544e-05
619874,3.5072e-05
619903,1.7664e-05
619937,1.664e-05
619961,0.0025664
619988,1.3312e-05
620001,1.8688e-05
620005,4.3776e-05
620022,1.0752e-05
620030,8.4736e-05
620047,0.000139776
620054,1.024e-05
620061,9.9328e-05
620121,3.968e-05
620129,0.000103168
620145,8.9856e-05
620157,2.4576e-05
620168,1.024e-05
620180,4.352e-06
620184,4.1728e-05
620204,2.9184e-05
620245,7.936e-06
620279,6.4e-05
620289,2.3808e-05
620297,0.002671872
620335,3.9424e-05
620354,3.072e-06
620399,6.6048e-05
620438,7.6032e-05
620454,1.024e-05
620470,0.0002688
620496,2.8672e-05
620501,5.7856e-05
620509,7.1168e-05
620519,1.024e-06
620526,4.608e-05
620549,4.8128e-05
620572,8.6272e-05
620585,0.000204544
620620,1.28e-05
620651,2.1504e-05
620655,8.96e-06
620671,3.072e-05
620698,0.000126464
620711,0.00011904
620719,5.2992e-05
620726,0.00012416
620732,0.000123648
620818,4.992e-05
620846,5.1712e-05
620850,6.3744e-05
620854,4.096e-06
620878,9.984e-06
620896,3.5584e-05
620899,0.000514304
620905,0.000947712
620938,2.3808e-05
620974,4.352e-06
620988,5.6832e-05
620999,8.5248e-05
621010,6.6048e-05
621046,5.632e-06
621050,1.6896e-05
621055,3.4816e-05
621121,4.6592e-05
621157,2.1248e-05
621166,1.3568e-05
621217,1.7664e-05
621224,1.792e-06
621235,0.00012928
621291,1.4848e-05
621332,5.4528e-05
621349,1.0496e-05
621374,6.4768e-05
621401,5.12e-07
621442,8.704e-06
621446,4.8128e-05
621485,2.0736e-05
621493,0.002023168
621497,0.004915456
621498,0.00054016
621586,3.1488e-05
621590,4.3008e-05
621622,2.7136e-05
621626,6.4768e-05
621642,0.000292096
621670,7.8592e-05
621710,1.9968e-05
621737,0.00011136
621762,4.096e-05
621773,6.3232e-05
621777,2.048e-05
621810,3.584e-05
621815,6.912e-06
621821,3.584e-06
621840,2.048e-06
621867,4.352e-06
621894,2.304e-05
621912,0.0002112
621952,1.0752e-05
621961,3.4304e-05
621967,5.6576e-05
621971,2.2016e-05
621997,3.0976e-05
622022,7.296e-05
622042,2.2528e-05
622057,2.4576e-05
622074,6.5536e-05
622076,1.3824e-05
622090,0.000293376
622097,0.006018048
622151,9.984e-06
622162,1.9968e-05
622170,0.000124672
622198,9.8304e-05
622240,8.576e-05
622244,0.000546048
622279,2.816e-06
622326,0.000112384
622332,3.6608e-05
622341,2.176e-05
622344,1.6896e-05
622350,5.2992e-05
622375,5.5552e-05
622387,8.192e-06
622436,0.000117248
622441,8.2432e-05
622458,2.5344e-05
622472,0.00017792
622496,0.000174592
622526,0.00020608
622576,1.664e-05
622583,2.5344e-05
622618,6.8352e-05
622646,4.2752e-05
622685,2.5088e-05
622693,0.00232704
622725,6.2976e-05
622734,7.2192e-05
622772,3.9168e-05
622796,1.1264e-05
622810,1.6128e-05
622840,0.000109824
622917,4.3776e-05
622949,2.1248e-05
622971,2.5856e-05
622977,0.000186624
623030,5.2992e-05
623040,2.7392e-05
623069,2.56e-06
623089,1.792e-05
623133,0.000155392
623140,2.56e-06
623179,0.000204032
623220,4.096e-06
623224,2.4576e-05
623249,1.8176e-05
623258,7.6544e-05
623269,2.816e-05
623293,9.1392e-05
623294,0.0014336
623307,0.00410368
623353,3.2e-05
623361,5.9648e-05
623365,2.3808e-05
623382,6.912e-05
623391,2.1248e-05
623413,3.9936e-05
623429,1.8944e-05
623448,3.968e-05
623454,5.7088e-05
623480,1.792e-06
623497,4.0704e-05
623502,0.000184064
623557,1.3568e-05
623569,7.168e-06
623573,5.2224e-05
623591,4.6592e-05
623595,9.5488e-05
623599,0.000183552
623608,4.5312e-05
623637,3.072e-06
623653,3.968e-05
623777,9.984e-06
623781,2.304e-06
623828,7.296e-05
623833,0.015835648
623877,2.9696e-05
623889,1.3056e-05
623897,0.000791808
623905,0.001616896
623930,0.000134144
623939,1.28e-06
623960,0.00012672
623975,6.784e-05
624038,3.1744e-05
624050,8.2944e-05
624054,7.9872e-05
624060,0.000114688
624075,3.3536e-05
624088,5.632e-06
624096,7.808e-05
624145,0.004338944
624161,0.001220864
624220,3.8912e-05
624239,7.936e-06
624251,0.001201664
624280,1.7152e-05
624312,0.000147712
624323,1.8944e-05
624330,0.000133376
624340,1.8688e-05
624382,9.1392e-05
624414,2.048e-06
624416,1.7408e-05
624444,5.4016e-05
624448,4.9664e-05
624470,8.8576e-05
624496,0.007135744
624498,0.00151296
624555,1.9456e-05
624619,6.3488e-05
624623,1.024e-06
624657,0.000127232
624674,6.3488e-05
624677,4.096e-05
624686,3.584e-06
624702,2.1504e-05
624712,1.4848e-05
624730,7.5264e-05
624781,2.56e-06
624784,1.6128e-05
624814,2.56e-07
624822,1.8176e-05
624862,1.4592e-05
624887,6.784e-05
624890,1.9968e-05
624894,1.4336e-05
624901,7.6544e-05
624904,8.448e-06
624921,0.00011136
624936,4.2496e-05
624952,3.2512e-05
624989,2.5856e-05
625014,0.000155648
625016,2.8672e-05
625040,4.7872e-05
625060,4.0448e-05
625072,3.1744e-05
625099,0.00033792
625106,0.002318592
625160,3.6608e-05
625182,2.944e-05
625186,3.4816e-05
625197,3.0208e-05
625209,1.408e-05
625215,4.9408e-05
625217,3.0976e-05
625225,5.376e-05
625252,0.001345792
625291,3.584e-06
625297,6.8096e-05
625309,6.4e-06
625320,0.000114944
625353,1.792e-06
625361,7.424e-06
625388,6.9888e-05
625404,1.408e-05
625450,6.016e-05
625461,2.7392e-05
625468,5.0688e-05
625501,4.608e-05
625526,2.432e-05
625532,2.7904e-05
625535,0.00201088
625606,1.1008e-05
625615,6.1184e-05
625685,1.536e-06
625703,0.002307072
625707,7.936e-06
625738,6.2464e-05
625780,5.4528e-05
625811,8.9344e-05
625832,9.728e-06
625840,0.0001472
625908,1.2288e-05
625919,8.2176e-05
625924,6.9632e-05
625928,4.352e-06
625931,0.000246016
625933,7.7824e-05
625949,4.7872e-05
625968,0.00015744
625985,1.3056e-05
626003,3.5328e-05
626024,3.1232e-05
626030,2.7648e-05
626035,0.000143616
626050,1.2544e-05
626056,1.92e-05
626063,4.0448e-05
626068,3.328e-06
626081,0.000169472
626103,1.664e-05
626118,0.003312128
626179,0.000120064
626195,1.3568e-05
626225,6.4512e-05
626236,2.304e-05
626238,3.5072e-05
626243,2.0224e-05
626248,0.000273408
626293,9.8048e-05
626309,4.1216e-05
626350,7.6032e-05
626383,4.0704e-05
626399,4.3264e-05
626403,6.8608e-05
626412,7.3984e-05
626422,0.000393984
626435,3.0208e-05
626441,9.216e-06
626446,0.00011776
626462,1.8688e-05
626478,0.000114688
626493,1.2544e-05
626504,3.0976e-05
626547,2.4832e-05
626551,0.000107008
626558,0.000115968
626584,0.000151296
626605,2.2784e-05
626636,1.5872e-05
626653,3.2512e-05
626682,1.024e-06
626689,7.424e-05
626696,0.000288
626722,1.3568e-05
626726,2.4064e-05
626744,5.4784e-05
626762,4.3264e-05
626775,6.8352e-05
626828,3.584e-05
626844,6.144e-06
626846,0.000902656
626879,0.005873152
626923,0.000108288
626969,1.2032e-05
626975,9.4208e-05
627050,0.000117248
627078,2.8416e-05
627080,4.1472e-05
627112,5.632e-06
627119,0.000110848
627126,8.1664e-05
627142,0.000707584
627182,5.376e-06
627194,1.536e-06
627244,2.0736e-05
627253,0.000214016
627265,8.2944e-05
627270,5.2992e-05
627286,2.3552e-05
627299,0.000294144
627351,4.224e-05
627379,0.000146176
627397,1.3312e-05
627406,0.00010752
627412,0.000134656
627443,0.00010112
627455,0.000258048
627493,0.002267136
627535,3.2256e-05
627563,3.1232e-05
627572,1.28e-05
627607,1.4848e-05
627631,1.2032e-05
627648,5.8112e-05
627660,5.9648e-05
627672,4.6592e-05
627681,3.1488e-05
627694,4.6592e-05
627703,1.6384e-05
627754,2.5088e-05
627780,5.0176e-05
627795,3.0976e-05
627811,7.68e-07
627822,0.00089344
627854,3.5072e-05
627873,0.000209152
627927,0.00011648
627969,1.536e-05
628003,0.002838528
628051,5.2224e-05
628063,5.888e-06
628080,1.4336e-05
628103,0.000104704
628113,0.000122624
628139,1.2544e-05
628163,4.4032e-05
628168,1.8688e-05
628193,0.000245504
628206,6.0672e-05
628216,3.7376e-05
628245,6.144e-06
628287,0.003416576
628341,1.792e-06
628388,0.000110592
628426,1.3568e-05
628432,7.424e-06
628439,3.1744e-05
628448,0.001736448
628468,0.000191744
628498,5.1968e-05
628509,1.536e-05
628523,5.1456e-05
628527,1.536e-06
628541,9.0368e-05
628564,1.024e-06
628581,3.328e-06
628585,0.000140288
628588,3.968e-05
628603,0.000141056
628622,1.7408e-05
628626,5.376e-06
628641,5.12e-05
628646,3.712e-05
628649,4.8896e-05
628670,4.992e-05
628694,0.002402816
628729,6.9376e-05
628752,9.2672e-05
628757,2.3808e-05
628784,0.00397696
628873,4.8128e-05
628889,7.2704e-05
628893,8.2432e-05
628908,5.632e-05
628916,1.4848e-05
628929,8.704e-06
628946,3.968e-05
628951,3.3792e-05
628992,4.3776e-05
629002,7.3984e-05
629011,4.3008e-05
629021,9.0368e-05
629064,0.000104448
629070,4.0192e-05
629074,0.000114176
629094,2.1504e-05
629096,1.2032e-05
629124,3.3024e-05
629134,2.8928e-05
629168,7.5264e-05
629196,4.2752e-05
629200,0.000204544
629207,7.7568e-05
629228,0.00011648
629250,9.216e-06
629265,4.352e-05
629294,0.000662016
629298,0.000855296
629322,5.7088e-05
629325,6.9888e-05
629345,0.000441088
629371,1.024e-06
629373,1.536e-06
629410,7.6544e-05
629413,5.888e-05
629417,0.000118784
629433,4.352e-06
629449,1.8432e-05
629484,6.7072e-05
629503,5.632e-06
629505,2.048e-05
629526,4.8384e-05
629531,8.9856e-05
629538,1.7152e-05
629550,6.8096e-05
629558,4.1984e-05
629572,9.4976e-05
629591,4.096e-06
629593,1.1008e-05
629613,6.656e-06
629633,3.1232e-05
629641,3.2e-05
629644,3.6864e-05
629653,5.4528e-05
629670,8.3456e-05
629700,7.0656e-05
629713,0.001714176
629781,6.5024e-05
629807,3.6096e-05
629835,0.000813824
629870,0.0001024
629888,3.584e-05
629897,0.016164608
629926,0.000388096
629943,0.000386304
629946,0.002013952
629953,0.006341632
629956,0.000265984
630025,5.504e-05
630028,0.00013568
630066,4.6336e-05
630076,3.6352e-05
630079,1.2544e-05
630107,1.8176e-05
630128,9.4208e-05
630130,9.2416e-05
630170,3.5328e-05
630212,1.2032e-05
630259,9.1392e-05
630274,0.000107008
630277,0.001655296
630304,0.001658368
630353,0.0001792
630364,7.6544e-05
630395,2.7136e-05
630404,7.2448e-05
630426,7.808e-05
630452,1.8432e-05
630460,9.088e-05
630489,6.6816e-05
630497,0.00530944
630505,0.002615296
630548,5.376e-06
630616,6.528e-05
630623,5.248e-05
630650,7.4496e-05
630662,1.2544e-05
630671,0.00036352
630705,2.7392e-05
630717,7.0144e-05
630736,0.000208128
630750,1.8176e-05
630762,1.3824e-05
630855,0.000112896
630873,9.9584e-05
630885,7.168e-06
630919,5.4272e-05
630921,7.424e-06
630970,5.376e-06
631001,0.000180224
631015,4.352e-05
631027,3.84e-05
631032,1.28e-06
631043,1.536e-05
631070,2.304e-06
631073,0.000165888
631088,1.5104e-05
631093,0.001881344
631094,0.000918784
631147,0.000313344
631165,2.304e-06
631171,3.8912e-05
631179,4.9408e-05
631188,5.0432e-05
631238,2.56e-06
631242,0.000593408
631276,1.4848e-05
631286,1.4848e-05
631298,0.000208128
631303,3.3024e-05
631314,9.5744e-05
631343,0.000153856
631353,8.0384e-05
631360,6.9888e-05
631383,7.936e-06
631387,0.000104704
631418,4.3776e-05
631433,0.00020096
631475,8.3712e-05
631500,4.1728e-05
631510,7.424e-06
631521,2.1248e-05
631531,3.7888e-05
631561,2.048e-06
631582,7.168e-06
631586,2.1248e-05
631623,3.584e-05
631634,5.4016e-05
631650,1.4848e-05
631666,7.4752e-05
631670,0.002238208
631694,0.002598144
631707,0.006015488
631797,0.003900672
631814,0.000338688
631823,0.002767616
631938,3.712e-05
631943,8.96e-06
631950,3.84e-06
631971,0.000123648
632000,1.024e-06
632002,0.000138752
632036,1.4592e-05
632043,0.000239616
632072,4.096e-05
632078,0.0001472
632093,1.4592e-05
632095,2.5856e-05
632122,9.856e-05
632149,1.4336e-05
632153,0.000159232
632171,4.7104e-05
632181,7.5008e-05
632206,0.000908544
632237,3.6608e-05
632262,0.021436672
632293,0.001430016
632294,0.004918528
632314,0.002209536
632366,2.7392e-05
632374,8.6272e-05
632380,4.2496e-05
632384,2.56e-05
632405,2.6368e-05
632425,4.992e-05
632442,0.000145408
632469,8.8576e-05
632491,7.168e-06
632510,1.8176e-05
632513,1.408e-05
632520,5.7856e-05
632532,1.1008e-05
632544,7.552e-05
632563,5.6064e-05
632570,0.000116736
632589,8.7808e-05
632618,5.5552e-05
632626,4.096e-06
632638,2.6112e-05
632644,4.4288e-05
632652,7.5008e-05
632670,5.3504e-05
632678,0.000109312
632696,5.8112e-05
632704,2.7904e-05
632714,1.024e-06
632718,5.376e-06
632732,4.608e-06
632749,0.000119552
632782,2.048e-05
632788,0.000100608
632812,1.7152e-05
632841,0.000114944
632845,6.144e-06
632850,0.000125696
632892,2.5088e-05
632898,2.048e-05
632900,1.5616e-05
632910,3.584e-06
632924,0.000283904
632956,2.304e-05
633000,1.024e-06
633013,2.3296e-05
633022,7.936e-05
633032,4.5568e-05
633063,3.3792e-05
633073,6.144e-06
633078,3.968e-05
633108,6.3232e-05
633112,2.5856e-05
633125,6.3232e-05
633135,9.728e-06
633178,6.8352e-05
633196,9.728e-06
633210,2.2784e-05
633212,2.5856e-05
633214,5.5296e-05
633222,4.352e-05
633257,7.3984e-05
633316,4.864e-06
633327,5.5808e-05
633340,0.000137472
633376,7.8336e-05
633392,1.2288e-05
633414,9.472e-06
633442,6.8096e-05
633480,5.9136e-05
633482,8.832e-05
633498,7.424e-06
633505,4.4288e-05
633506,0.000989696
633553,0.000162304
633569,1.6384e-05
633603,6.144e-06
633643,3.84e-06
633658,3.584e-06
633688,0.000137472
633739,1.792e-06
633745,5.2992e-05
633766,9.4976e-05
633788,3.328e-06
633795,0.00016896
633798,3.3792e-05
633856,1.1264e-05
633879,4.608e-05
633914,2.56e-06
633928,7.7312e-05
633935,1.28e-05
633941,9.216e-06
633970,4.3776e-05
633988,6.1184e-05
634013,2.4064e-05
634028,1.8432e-05
634037,3.6096e-05
634053,3.3536e-05
634073,6.4e-06
634082,1.7408e-05
634106,8.2176e-05
634165,4.864e-05
634178,1.8176e-05
634180,2.3296e-05
634190,0.000100352
634227,5.2224e-05
634228,1.6384e-05
634234,0.000115456
634244,1.7408e-05
634279,5.376e-06
634284,0.0001408
634302,8.4992e-05
634315,4.1472e-05
634389,6.016e-05
634414,6.3744e-05
634425,2.688e-05
634428,2.3808e-05
634465,0.000152576
634483,1.4592e-05
634487,2.56e-06
634489,1.024e-05
634493,4.864e-05
634531,5.632e-06
634542,6.3744e-05
634574,9.4208e-05
634624,1.536e-06
634652,1.536e-06
634662,3.7376e-05
634673,0.000115456
634683,0.000105216
634703,0.000176896
634722,0.000393472
634741,4.608e-06
634756,0.000279808
634770,2.4576e-05
634788,0.000167168
634809,7.6032e-05
634840,2.56e-05
634847,0.00012288
634860,6.7584e-05
634890,1.8944e-05
634894,0.000172288
634908,6.6816e-05
634911,1.5616e-05
634925,7.6032e-05
634946,3.072e-05
634974,0.000110336
634992,6.912e-06
635008,1.024e-06
635030,7.68e-05
635035,0.000132096
635080,6.656e-06
635085,1.3824e-05
635119,5.3248e-05
635140,2.56e-07
635161,0.000512256
635178,6.656e-06
635190,6.6816e-05
635210,2.048e-05
635213,2.6624e-05
635227,1.3824e-05
635257,4.2496e-05
635269,4.224e-05
635276,4.2496e-05
635293,0.00225152
635297,0.006883328
635346,5.76e-05
635377,2.7392e-05
635385,5.12e-05
635394,5.888e-06
635400,2.9184e-05
635416,0.000117248
635419,8.3456e-05
635432,2.56e-06
635441,8.96e-06
635449,0.000146176
635454,5.2736e-05
635473,0.000100352
635478,3.0976e-05
635481,9.1136e-05
635491,4.8384e-05
635493,1.2288e-05
635509,9.9328e-05
635531,1.2032e-05
635538,3.8656e-05
635563,0.000298752
635636,0.000123392
635638,7.68e-07
635642,2.304e-05
635680,4.352e-06
635688,2.4064e-05
635715,1.7408e-05
635731,5.2224e-05
635765,2.4064e-05
635793,3.7632e-05
635807,4.6848e-05
635816,5.376e-05
635822,6.4256e-05
635859,9.4976e-05
635876,2.9184e-05
635891,8.2432e-05
635893,0.000128512
635906,0.002367744
635995,2.56e-05
636004,1.6384e-05
636009,0.00014208
636016,8.6272e-05
636023,7.5264e-05
636042,0.001887488
636070,0.002343936
636147,0.000168448
636155,1.024e-05
636166,1.2032e-05
636190,5.4784e-05
636199,0.000538368
636209,0.007241472
636280,5.5552e-05
636298,9.472e-05
636307,7.68e-07
636309,6.8864e-05
636328,5.4528e-05
636338,0.00010112
636364,1.792e-06
636383,7.808e-05
636388,2.9696e-05
636395,1.9456e-05
636417,3.072e-06
636422,7.936e-06
636432,4.3008e-05
636440,5.12e-07
636448,2.816e-06
636461,0.000121856
636492,3.2e-05
636496,5.0688e-05
636512,0.001272576
636570,1.1008e-05
636601,3.0976e-05
636613,7.68e-06
636626,5.7344e-05
636641,3.1232e-05
636654,8.8064e-05
636663,4.2496e-05
636680,0.000131328
636710,1.7152e-05
636718,4.1216e-05
636738,5.6576e-05
636757,6.912e-05
636780,2.816e-06
636786,4.736e-05
636811,1.9968e-05
636816,0.000167424
636840,1.5872e-05
636857,4.8896e-05
636869,0.000148736
636871,6.4e-05
636905,5.6832e-05
636941,2.9952e-05
636949,8.9344e-05
636966,8.6528e-05
636993,4.7872e-05
636999,1.4848e-05
637016,5.0944e-05
637026,5.888e-05
637034,4.0704e-05
637040,9.7536e-05
637052,7.936e-05
637084,1.1264e-05
637105,0.002186752
637158,6.2976e-05
637174,0.000274176
637183,6.6048e-05
637194,2.6368e-05
637233,3.1488e-05
637239,2.8928e-05
637247,4.48e-05
637269,0.000229888
637287,0.000721408
637300,6.5792e-05
637311,3.2512e-05
637321,2.7392e-05
637332,2.3808e-05
637349,5.0432e-05
637363,8.96e-06
637368,1.7664e-05
637378,1.6128e-05
637384,4.0704e-05
637388,0.003422976
637397,0.006985216
637399,0.002826496
637448,4.736e-05
637457,0.000516096
637487,7.3216e-05
637522,2.2016e-05
637534,7.424e-05
637558,7.0144e-05
637581,5.1712e-05
637593,0.003329792
637639,1.8432e-05
637659,1.3568e-05
637671,0.000530944
637693,0.001244416
637715,0.004498688
637754,1.5616e-05
637768,0.000581888
637787,2.5856e-05
637804,7.1936e-05
637822,6.656e-05
637833,6.3232e-05
637846,4.096e-06
637854,1.3568e-05
637858,0.000142848
637879,8.9088e-05
637885,4.4288e-05
637915,6.272e-05
637919,2.8672e-05
637940,2.816e-06
637961,3.1488e-05
637968,0.000101376
637973,0.000617472
638002,3.0976e-05
638012,7.296e-05
638023,0.000421632
638042,2.5344e-05
638045,2.048e-06
638050,1.8176e-05
638059,0.01280384
638070,0.001505024
638072,0.003881472
638096,0.000311296
638124,0.000321792
638143,0.0001472
638152,0.000178688
638182,5.0944e-05
638208,4.5312e-05
638216,6.6816e-05
638261,5.2992e-05
638267,2.048e-05
638282,0.000155648
638290,2.4832e-05
638292,0.000104448
638293,0.001316352
638306,0.001916416
638360,6.656e-06
638370,3.2256e-05
638377,6.1184e-05
638380,3.84e-06
638397,5.2224e-05
638401,2.56e-07
638406,6.8864e-05
638422,1.3056e-05
638429,4.8896e-05
638441,0.000107008
638462,0.000211456
638482,2.304e-06
638512,0.000103168
638522,0.000192
638536,3.2768e-05
638544,9.0112e-05
638556,0.000416512
638589,1.3568e-05
638595,3.8912e-05
638621,0.000214784
638640,0.000209664
638647,0.000122624
638649,0.003304448
638697,3.328e-06
638721,9.5488e-05
638722,0.000381952
638742,3.2256e-05
638753,2.5856e-05
638757,0.00014848
638796,4.4544e-05
638807,0.00051072
638820,0.000100096
638839,1.7408e-05
638845,2.3296e-05
638860,9.0368e-05
638885,2.5344e-05
638906,0.001243392
638932,0.000118528
638969,0.000124416
638973,0.000173568
639020,2.7648e-05
639090,9.6e-05
639114,8.7552e-05
639123,2.8416e-05
639171,3.0464e-05
639189,0.000847104
639214,0.00164992
639239,0.000312832
639283,0.000487936
639314,0.000841216
639359,4.736e-05
639373,5.9904e-05
639402,3.712e-05
639461,0.000216064
639483,0.000104192
639493,0.00338688
639496,0.004913664
639507,0.001152
639593,3.4048e-05
639622,7.9872e-05
639627,6.912e-05
639642,3.328e-05
639653,3.5072e-05
639667,3.584e-06
639677,0.000109568
639683,9.728e-06
639696,9.2672e-05
639702,5.888e-05
639706,5.4016e-05
639719,0.000715776
639720,0.00383488
639767,5.888e-06
639778,0.000201984
639788,2.688e-05
639812,0.004335616
639882,1.9456e-05
639892,0.000129792
639913,9.984e-06
639922,9.3952e-05
639924,6.144e-05
639975,2.176e-05
639979,4.4288e-05
639994,0.002102528
640031,6.8352e-05
640040,4.1728e-05
640054,0.003534848
640082,0.001825792
640083,7.6544e-05
640094,0.009036288
640105,3.5328e-05
640170,8.5504e-05
640178,7.68e-07
640186,7.552e-05
640195,0.000500736
640210,3.6352e-05
640229,0.000103936
640249,0.0001152
640267,4.8384e-05
640271,0.000113408
640281,2.56e-05
640283,6.1184e-05
640336,7.6544e-05
640340,4.8384e-05
640349,0.000869376
640387,0.000139264
640432,0.001628416
640433,0.000576512
640453,0.001725696
640455,0.002604288
640458,0.001534208
640527,6.016e-05
640534,1.1264e-05
640545,0.00011264
640574,4.8384e-05
640576,2.0992e-05
640579,0.00037376
640585,0.001709312
640587,0.000812544
640592,0.001485056
640664,1.3568e-05
640668,5.632e-05
640679,7.1424e-05
640687,1.5104e-05
640693,0.001485824
640694,0.000291328
640711,0.001569024
640769,6.1952e-05
640790,0.000213248
640792,0.000116736
640796,0.002248704
640797,0.004058368
640837,0.000913152
640854,1.92e-05
640875,3.1744e-05
640885,7.424e-06
640911,8.4992e-05
640931,3.9168e-05
640936,8.448e-06
640950,9.9072e-05
640952,0.00040448
640981,2.048e-05
640989,8.96e-06
640993,0.000148736
641005,1.1264e-05
641018,3.1744e-05
641020,1.9968e-05
641027,7.68e-05
641033,0.00066432
641069,4.992e-05
641084,0.000278784
641097,0.003703552
641119,0.00936576
641179,0.004312576
641241,1.536e-06
641244,0.002048512
641294,0.00209024
641324,0.000365824
641345,3.1744e-05
641353,1.1008e-05
641361,0.004314368
641405,2.816e-06
641428,0.00203008
641453,8.1152e-05
641466,0.003382016
641476,0.000567296
641477,0.000136448
641479,0.00764928
641488,0.002755072
641491,0.002683904
641553,0.000135424
641572,9.472e-06
641596,3.4048e-05
641624,5.1712e-05
641629,1.5616e-05
641635,6.5536e-05
641639,5.3504e-05
641651,0.000178432
641654,4.352e-06
641664,7.68e-07
641679,1.7408e-05
641703,0.003903232
641750,5.4016e-05
641771,0.000996352
641795,9.216e-06
641797,0.001004544
641805,0.000545536
641832,0.000121088
641841,5.376e-06
641858,4.7104e-05
641892,0.00684544
641893,0.029696256
641953,2.7136e-05
641962,0.000290816
641982,6.3232e-05
641994,5.0176e-05
642050,7.9616e-05
642084,8.832e-05
642086,0.0045824
642125,0.000105216
642139,1.8944e-05
642144,1.5104e-05
642163,0.000106752
642174,5.1712e-05
642191,3.2512e-05
642229,4.8128e-05
642237,2.176e-05
642242,2.8672e-05
642269,0.029264128
642328,5.0432e-05
642360,3.2768e-05
642370,8.96e-06
642398,8.3712e-05
642462,2.0224e-05
642470,6.656e-06
642494,9.984e-06
642502,5.4528e-05
642505,0.001592576
642535,2.1248e-05
642554,0.00182016
642590,5.8624e-05
642617,4.8384e-05
642639,6.144e-06
642662,0.000177664
642673,4.8384e-05
642680,0.000173568
642735,4.5056e-05
642743,6.4256e-05
642758,7.68e-07
642798,4.1728e-05
642803,9.728e-06
642835,0.000139776
642837,5.1456e-05
642847,5.5808e-05
642859,3.4304e-05
642875,1.8944e-05
642888,9.728e-06
642902,1.8944e-05
642927,1.6896e-05
642939,4.1728e-05
642966,0.000109056
643007,2.56e-06
643040,0.000141568
643063,0.003096064
643093,0.008048896
643171,2.7648e-05
643214,1.92e-05
643246,8.192e-06
643261,2.2528e-05
643283,4.0704e-05
643316,5.4528e-05
643324,2.7648e-05
643337,5.2736e-05
643362,8.192e-05
643386,0.000307712
643413,9.216e-06
643418,5.0176e-05
643420,7.936e-06
643437,2.56e-07
643448,9.728e-06
643481,9.728e-06
643488,7.68e-06
643495,5.1968e-05
643510,1.024e-06
643513,1.4848e-05
643523,7.8336e-05
643527,8.704e-06
643535,7.808e-05
643543,0.00011136
643555,3.6864e-05
643562,9.728e-06
643574,8.9856e-05
643611,9.5488e-05
643640,8.1408e-05
643657,3.2256e-05
643668,7.1168e-05
643690,5.5808e-05
643705,0.000634368
643752,0.002419712
643800,0.000100096
643808,4.6848e-05
643845,1.5872e-05
643851,2.0224e-05
643874,1.9456e-05
643881,0.0001408
643888,8.5248e-05
643892,2.304e-06
643899,2.9184e-05
643901,0.000180736
643914,6.2464e-05
643947,5.0432e-05
643951,0.000106752
643970,5.632e-06
643981,0.000114688
643996,5.248e-05
644008,2.6368e-05
644025,0.004283648
644054,0.004864256
644104,2.8928e-05
644128,7.936e-05
644143,7.936e-06
644169,2.56e-07
644170,7.808e-05
644175,1.5872e-05
644188,2.6112e-05
644214,1.8432e-05
644224,8.0384e-05
644226,0.00155136
644231,0.00423552
644263,7.424e-05
644293,0.002755328
644296,0.004732416
644326,0.000393216
644376,1.7664e-05
644383,0.000121344
644396,5.2736e-05
644419,3.0976e-05
644423,7.4496e-05
644431,3.2768e-05
644435,2.688e-05
644450,7.808e-05
644461,7.168e-06
644480,4.7616e-05
644487,7.68e-06
644489,4.48e-05
644497,1.28e-05
644522,7.0144e-05
644539,2.9952e-05
644544,6.5536e-05
644548,3.2768e-05
644561,6.0672e-05
644563,1.0752e-05
644584,2.688e-05
644591,4.224e-05
644603,5.9136e-05
644616,1.6896e-05
644631,6.528e-05
644662,0.00014976
644681,3.072e-05
644688,0.000151552
644693,1.3824e-05
644706,5.2736e-05
644715,2.2272e-05
644741,3.3024e-05
644765,0.000138752
644782,5.6064e-05
644794,7.3216e-05
644837,0.000181504
644851,0.000144128
644888,5.4272e-05
644896,0.007046656
644960,7.9616e-05
644963,2.2528e-05
644969,6.784e-05
644982,2.048e-06
644998,0.000131072
645030,7.9104e-05
645054,3.4048e-05
645074,0.000102912
645091,5.0688e-05
645099,1.5872e-05
645110,3.1232e-05
645135,6.9632e-05
645158,2.304e-06
645167,5.8368e-05
645179,1.7152e-05
645202,0.000105728
645230,1.5872e-05
645242,1.4336e-05
645251,8.0896e-05
645253,7.3216e-05
645298,2.4064e-05
645313,3.2e-05
645323,2.56e-07
645352,5.888e-05
645387,4.6336e-05
645392,4.8896e-05
645411,8.8064e-05
645434,3.4816e-05
645440,0.00083968
645491,4.352e-06
645496,0.007217408
645541,0.000119552
645563,2.304e-06
645572,9.216e-06
645575,0.000213504
645606,0.000106496
645647,0.000204288
645667,7.7056e-05
645679,4.7872e-05
645682,0.000135936
645701,1.3824e-05
645703,5.888e-06
645718,5.376e-05
645720,2.7392e-05
645727,5.8112e-05
645737,3.5584e-05
645740,2.4832e-05
645742,5.376e-06
645748,8.2688e-05
645770,1.6128e-05
645785,4.0192e-05
645804,1.024e-06
645808,1.536e-06
645824,1.152e-05
645844,3.84e-06
645859,1.3312e-05
645872,6.0416e-05
645876,6.7584e-05
645896,2.8928e-05
645903,1.3568e-05
645915,6.912e-05
645930,6.1696e-05
645935,4.48e-05
645962,2.2272e-05
645984,2.4576e-05
645989,0.000105984
645991,5.0688e-05
646019,0.000208896
646026,4.4032e-05
646039,1.4592e-05
646053,0.000134144
646072,1.5616e-05
646077,1.3312e-05
646080,2.816e-05
646097,0.008075264
646141,0.001918976
646173,4.6336e-05
646179,1.792e-06
646209,2.56e-05
646217,6.656e-05
646223,4.736e-05
646232,7.8592e-05
646247,0.000128512
646261,4.4032e-05
646270,2.56e-06
646271,0.008502272
646341,1.0496e-05
646343,0.000154368
646388,7.424e-06
646390,5.12e-06
646419,0.000563712
646446,0.007209728
646497,7.6288e-05
646512,4.9152e-05
646516,4.6848e-05
646531,0.000124416
646535,0.000166656
646564,2.5344e-05
646567,0.000116736
646579,3.328e-06
646587,3.328e-06
646633,4.608e-06
646641,6.7328e-05
646678,7.68e-06
646693,0.00080512
646694,0.001648384
646697,0.000491776
646706,0.000277248
646734,7.424e-06
646754,1.6384e-05
646765,0.000444416
646779,0.000130304
646780,0.000433152
646781,0.014697216
646821,0.000730112
646829,0.00608512
646882,0.000329216
646888,7.8336e-05
646893,0.000435712
646911,0.000758016
646991,6.656e-06
646993,4.608e-05
647026,4.992e-05
647053,8.1152e-05
647066,0.0004928
647087,8.4224e-05
647109,7.1424e-05
647124,5.632e-06
647165,3.8656e-05
647170,2.4832e-05
647190,6.4e-06
647193,2.176e-05
647196,7.3472e-05
647207,2.7136e-05
647230,0.000131584
647247,5.376e-05
647253,5.0688e-05
647279,4.352e-06
647293,0.001846272
647298,0.000970752
647305,0.002281216
647314,0.00459904
647379,0.000104704
647400,4.864e-05
647410,2.6624e-05
647441,0.000165376
647443,2.304e-06
647454,4.352e-06
647471,3.6608e-05
647486,3.4816e-05
647515,5.8624e-05
647539,1.8176e-05
647567,1.0752e-05
647570,3.4304e-05
647587,3.328e-06
647595,0.00052096
647626,2.4064e-05
647642,4.2752e-05
647672,3.9424e-05
647698,7.9872e-05
647709,1.92e-05
647713,4.5056e-05
647723,5.5552e-05
647774,0.000214784
647780,6.7072e-05
647810,5.9392e-05
647817,1.8432e-05
647870,1.8176e-05
647892,0.00014592
647903,0.00030976
647920,0.00013312
647934,0.000180736
647973,1.0752e-05
647994,2.0224e-05
648017,0.000125952
648044,5.632e-06
648048,1.3568e-05
648053,0.000162304
648062,6.0928e-05
648066,8.2688e-05
648076,3.6864e-05
648089,0.0001152
648111,3.3536e-05
648113,7.68e-06
648123,0.000137472
648135,0.000145664
648181,4.864e-06
648187,0.003954176
648233,0.000245248
648276,0.000133376
648286,1.7152e-05
648295,5.4016e-05
648329,0.000218112
648333,0.000222464
648364,9.728e-06
648380,1.5104e-05
648382,1.8432e-05
648384,0.000165376
648431,0.000113664
648437,1.664e-05
648442,3.1744e-05
648478,1.8688e-05
648486,9.216e-06
648493,0.003691264
648497,0.000716032
648531,2.944e-05
648548,8.3712e-05
648567,5.0688e-05
648582,4.352e-06
648590,8.448e-06
648604,0.000107776
648622,3.5072e-05
648633,0.000146944
648650,1.7408e-05
648658,2.3808e-05
648666,0.000125952
648676,9.6e-05
648703,0.000175872
648719,3.9424e-05
648752,3.072e-06
648774,3.5584e-05
648780,5.8112e-05
648784,7.4496e-05
648808,4.5824e-05
648811,3.1488e-05
648831,6.0416e-05
648836,0.000112384
648838,4.6336e-05
648863,2.816e-05
648880,4.1472e-05
648887,9.2672e-05
648913,0.000105472
648917,6.7072e-05
648937,5.1968e-05
648945,1.8944e-05
648968,4.864e-06
648982,2.1248e-05
648990,2.8672e-05
649020,5.0944e-05
649025,4.3264e-05
649053,2.048e-06
649059,8.8576e-05
649119,0.000110848
649164,3.7632e-05
649190,2.2272e-05
649192,1.5616e-05
649210,6.272e-05
649216,1.28e-06
649222,6.656e-06
649241,0.000101888
649262,1.5616e-05
649264,1.8688e-05
649275,1.1776e-05
649300,2.3296e-05
649313,4.1216e-05
649329,2.2272e-05
649353,4.864e-05
649387,2.0736e-05
649406,0.000142592
649430,8.2944e-05
649445,0.001729024
649478,1.6384e-05
649499,0.000104192
649527,0.000329216
649546,4.736e-05
649565,0.000779264
649590,0.000602112
649612,0.000145664
649655,1.024e-05
649670,2.56e-06
649698,0.000199424
649736,2.7136e-05
649763,0.000307968
649783,9.344e-05
649814,0.000103424
649837,0.004791808
649841,0.006301184
649844,0.0004928
649897,0.006161152
649956,2.9184e-05
649969,2.7136e-05
649977,4.7104e-05
649992,7.808e-05
649996,1.2032e-05
649998,5.6832e-05
650031,1.8432e-05
650037,1.0496e-05
650043,2.2784e-05
650051,1.9456e-05
650068,1.2288e-05
650083,9.728e-05
650122,0.000130304
650123,0.000212736
650153,7.168e-06
650165,0.000104704
650173,0.00011392
650192,0.000289536
650208,0.000456704
650220,0.001261824
650273,5.9136e-05
650293,0.000632576
650305,0.000737536
650332,7.1168e-05
650378,8.7808e-05
650398,1.6384e-05
650406,1.8688e-05
650414,5.632e-06
650428,9.6e-05
650445,5.5552e-05
650467,0.000100864
650476,3.2256e-05
650486,1.3824e-05
650515,1.6896e-05
650528,3.2e-05
650533,0.000573952
650554,0.000118016
650579,3.1488e-05
650587,2.7648e-05
650591,2.6624e-05
650594,0.001194752
650617,0.011337472
650624,0.000253696
650662,0.006359552
650708,0.003904
650712,0.003655424
650753,7.5264e-05
650762,6.4e-06
650772,7.6288e-05
650785,0.00019712
650792,1.792e-06
650800,4.3264e-05
650815,1.2544e-05
650834,5.6064e-05
650841,0.000458752
650842,0.001782528
650877,5.5808e-05
650888,3.4048e-05
650896,0.008034304
650907,0.000492032
650936,0.002905088
650939,0.005457408
650979,2.0992e-05
651008,0.002931712
651053,9.216e-06
651068,4.1216e-05
651081,7.2192e-05
651096,0.000100864
651099,1.3056e-05
651103,0.000252672
651109,0.00040448
651131,0.000403712
651133,0.002969088
651138,0.004056064
651139,0.015405568
651163,0.00281216
651225,9.344e-05
651227,0.013083136
651279,1.9456e-05
651295,8.5248e-05
651307,8.1152e-05
651336,8.1408e-05
651353,1.1008e-05
651363,2.432e-05
651395,0.000118272
651413,9.6256e-05
651425,0.000119296
651432,0.00019328
651453,4.8384e-05
651472,0.000114432
651489,1.9712e-05
651494,0.002424064
651538,4.352e-06
651567,0.000187648
651573,0.000101376
651593,8.4224e-05
651619,9.216e-06
651634,6.8096e-05
651643,3.3536e-05
651660,2.5856e-05
651667,3.0464e-05
651670,0.008721408
651703,7.3984e-05
651722,4.9408e-05
651732,8.32e-05
651740,3.7376e-05
651746,0.000144384
651764,1.6384e-05
651779,1.664e-05
651801,2.688e-05
651818,2.6368e-05
651847,6.2464e-05
651862,7.0912e-05
651868,1.2032e-05
651877,1.7664e-05
651892,5.1968e-05
651894,0.00013952
651917,3.1232e-05
651923,0.000283392
651941,0.00016512
651965,8.32e-05
651977,6.144e-06
651990,0.000119808
651999,4.096e-06
652003,9.216e-06
652020,0.008773888
652071,0.000116992
652074,2.56e-06
652090,6.4e-05
652098,0.00582144
652108,0.001850624
652150,2.1248e-05
652180,2.5344e-05
652186,2.5088e-05
652220,5.9392e-05
652236,1.3312e-05
652259,3.584e-06
652274,4.8128e-05
652286,7.68e-06
652290,1.28e-05
652300,8.448e-06
652303,5.76e-05
652311,1.536e-06
652315,3.6096e-05
652323,4.7872e-05
652325,2.1504e-05
652352,2.4064e-05
652373,7.6288e-05
652379,0.000151296
652393,1.5616e-05
652399,0.00192128
652449,0.001288192
652470,0.000484096
652501,2.7136e-05
652536,6.3232e-05
652551,0.000109824
652568,1.8688e-05
652577,2.7648e-05
652588,4.4544e-05
652627,6.272e-05
652653,1.1776e-05
652711,0.000121088
652720,7.936e-06
652733,3.1744e-05
652753,1.5872e-05
652756,6.2976e-05
652766,2.3808e-05
652777,4.352e-06
652785,2.5344e-05
652789,2.0224e-05
652800,4.096e-06
652816,1.7664e-05
652826,0.000190464
652856,5.0432e-05
652883,3.7888e-05
652910,4.096e-06
652914,2.6112e-05
652927,8.1152e-05
652960,7.7568e-05
652962,2.688e-05
653012,4.5312e-05
653020,0.000156672
653036,4.0704e-05
653046,0.000100608
653056,2.2272e-05
653074,1.3056e-05
653088,1.0752e-05
653089,6.4256e-05
653106,1.0752e-05
653138,0.000139008
653144,9.1392e-05
653166,4.608e-06
653187,2.4832e-05
653190,5.7856e-05
653210,2.3552e-05
653225,1.3056e-05
653231,0.000144896
653246,1.5616e-05
653261,2.56e-07
653278,7.04e-05
653298,0.003067136
653299,0.002447616
653312,0.001124608
653350,5.4016e-05
653353,3.5072e-05
653382,0.000122368
653391,2.8928e-05
653415,8.192e-06
653425,6.6304e-05
653436,8.6528e-05
653441,1.408e-05
653451,0.000121344
653484,1.3568e-05
653490,6.0672e-05
653505,1.1776e-05
653515,3.456e-05
653521,4.1728e-05
653532,0.000126976
653537,1.4592e-05
653594,8.6528e-05
653637,3.584e-05
653653,3.1488e-05
653677,5.5552e-05
653692,9.5744e-05
653701,4.0704e-05
653738,7.68e-06
653743,2.6624e-05
653758,8.5504e-05
653768,5.9392e-05
653783,7.0656e-05
653786,2.5856e-05
653798,1.7408e-05
653814,3.1744e-05
653837,3.2256e-05
653842,5.76e-05
653858,8.1152e-05
653888,8.7808e-05
653894,0.000151296
653896,0.0062912
653943,9.0368e-05
653945,2.9952e-05
653985,0.000105216
653991,2.4832e-05
653994,4.6592e-05
653998,5.1456e-05
654016,2.5088e-05
654054,8.704e-06
654064,7.936e-06
654067,4.7104e-05
654090,0.000120576
654092,5.632e-05
654097,3.072e-05
654105,3.8912e-05
654140,8.3456e-05
654145,6.1184e-05
654167,2.0224e-05
654204,4.7616e-05
654214,3.456e-05
654241,7.7568e-05
654253,0.00010624
654257,0.000169472
654272,0.000138752
654292,0.000140288
654294,9.9072e-05
654327,5.8368e-05
654340,2.7648e-05
654346,1.2032e-05
654353,5.632e-06
654371,2.8928e-05
654387,5.6576e-05
654422,4.992e-05
654438,0.000144896
654445,1.6384e-05
654465,2.0736e-05
654476,6.3232e-05
654493,0.00011264
654507,0.000366336
654529,6.912e-06
654547,9.5744e-05
654559,4.3776e-05
654606,3.6352e-05
654628,0.0001536
654639,3.0464e-05
654647,6.2976e-05
654666,7.5008e-05
654676,3.84e-06
654678,1.9456e-05
654683,3.584e-06
654687,5.8624e-05
654734,4.3264e-05
654756,0.000119296
654763,3.3792e-05
654772,0.00013056
654801,3.3536e-05
654804,5.12e-07
654814,0.0001088
654828,2.304e-06
654860,6.6816e-05
654883,0.000155392
654894,5.1456e-05
654898,3.84e-05
654916,6.4e-06
654958,5.12e-05
654975,1.6384e-05
654983,0.00023168
654989,8.3456e-05
655023,3.84e-06
655033,0.00110848
655063,2.2784e-05
655075,2.176e-05
655093,0.000488704
655095,0.006303232
655098,0.001985024
655112,0.000273152
655126,0.004248832
655175,1.9968e-05
655203,2.176e-05
655226,7.936e-06
655232,0.000123648
655245,0.000100352
655283,1.3312e-05
655285,7.1936e-05
655312,4.3264e-05
655320,0.000215296
655334,0.00074752
655361,0.001301248
655363,0.00108288
655414,1.9968e-05
655430,3.3024e-05
655433,0.000112128
655446,2.56e-07
655458,1.8176e-05
655463,7.6288e-05
655475,6.8352e-05
655484,4.1984e-05
655508,0.000124416
655516,0.000192512
655533,0.001777408
655580,6.144e-05
655606,1.4848e-05
655608,2.816e-05
655620,6.5536e-05
655630,0.000235776
655638,5.8624e-05
655644,2.688e-05
655659,6.144e-06
655680,1.024e-05
655693,1.792e-06
655694,0.001247232
655706,0.00647168
655762,0.001837568
655793,3.3024e-05
655801,0.001389056
655830,0.000525312
655844,3.6096e-05
655883,1.4592e-05
655886,2.816e-06
655894,4.6848e-05
655898,4.992e-05
655917,8.1408e-05
655924,8.8832e-05
655925,0.000660992
655940,0.002020864
655942,0.007095808
655944,0.001670144
655992,2.4832e-05
656007,0.002281216
656026,0.000456448
656059,6.784e-05
656072,3.9424e-05
656089,5.0176e-05
656098,6.784e-05
656104,3.84e-05
656113,1.2032e-05
656123,0.000206592
656153,3.2256e-05
656162,1.8432e-05
656170,2.816e-06
656173,1.024e-06
656179,7.424e-06
656183,6.272e-05
656199,6.656e-06
656253,6.3744e-05
656273,1.1008e-05
656280,4.096e-06
656286,0.000197632
656309,1.2288e-05
656320,4.6592e-05
656336,2.6368e-05
656377,1.8688e-05
656383,1.024e-05
656399,0.000116736
656409,6.8096e-05
656440,5.3504e-05
656462,4.0192e-05
656466,1.6896e-05
656481,1.7152e-05
656489,3.6352e-05
656515,7.3216e-05
656568,3.4048e-05
656590,4.352e-05
656598,1.536e-05
656603,2.3808e-05
656608,0.006832896
656668,2.816e-06
656677,0.00011904
656691,4.7872e-05
656705,4.8384e-05
656725,1.28e-05
656728,0.00022912
656760,3.3024e-05
656774,6.5024e-05
656794,3.072e-06
656796,2.56e-06
656818,0.000124928
656826,4.096e-06
656840,5.376e-05
656854,4.4544e-05
656860,4.6336e-05
656869,2.2784e-05
656873,7.7312e-05
656878,4.1216e-05
656891,3.456e-05
656897,0.016149504
656926,0.005010432
656992,9.728e-06
657001,2.1504e-05
657011,0.00026368
657016,2.56e-06
657028,8.704e-06
657042,6.528e-05
657048,3.2768e-05
657053,4.864e-06
657084,2.2528e-05
657095,4.6592e-05
657099,4.1216e-05
657137,2.2784e-05
657140,0.000129792
657152,3.2768e-05
657173,9.984e-06
657217,4.9408e-05
657221,0.000157184
657225,7.8848e-05
657245,9.984e-06
657275,4.3264e-05
657283,0.000173824
657285,0.00164736
657300,0.006537216
657302,0.000840192
657303,0.002857216
657353,0.000115712
657414,6.1184e-05
657443,2.56e-06
657452,6.144e-06
657458,2.6112e-05
657470,1.3568e-05
657485,5.0176e-05
657489,0.000481536
657493,0.025504512
657543,1.6384e-05
657566,5.2224e-05
657572,0.000213248
657574,5.6832e-05
657580,1.792e-05
657597,0.00092416
657609,0.000238592
657632,0.000325632
657653,4.096e-05
657675,3.8656e-05
657693,0.000212736
657701,0.000137216
657709,3.5072e-05
657711,6.4e-06
657731,3.6608e-05
657734,2.9696e-05
657740,2.9952e-05
657758,2.176e-05
657766,7.168e-06
657782,1.5616e-05
657807,2.2016e-05
657830,5.12e-05
657853,2.816e-06
657863,6.3488e-05
657866,4.1216e-05
657891,1.0496e-05
657903,6.7328e-05
657922,0.000128512
657927,2.7392e-05
657937,5.5808e-05
657948,0.000460544
657980,7.7312e-05
657993,2.3552e-05
658013,0.000133632
658058,6.3488e-05
658094,2.1504e-05
658096,0.000157696
658117,3.712e-05
658123,6.4512e-05
658139,6.7328e-05
658153,7.3472e-05
658181,6.7072e-05
658223,4.9408e-05
658236,1.536e-06
658251,2.9696e-05
658253,0.000205312
658273,0.000265728
658305,3.072e-05
658309,2.304e-06
658316,0.000288
658346,2.6368e-05
658352,0.000155648
658365,0.0001024
658375,1.1008e-05
658379,3.1232e-05
658392,9.0624e-05
658410,5.7088e-05
658433,4.5568e-05
658449,2.6368e-05
658453,5.3504e-05
658476,0.002309632
658496,1.4848e-05
658517,2.5088e-05
658557,8.832e-05
658583,9.2928e-05
658593,0.000269824
658615,6.784e-05
658637,5.7088e-05
658641,7.6032e-05
658647,0.00023168
658665,5.4528e-05
658693,0.0014784
658694,0.001423104
658697,0.005078528
658741,0.000731904
658765,3.6352e-05
658769,3.6352e-05
658795,0.000499712
658807,4.9408e-05
658827,3.2512e-05
658877,9.5744e-05
658893,1.3568e-05
658906,3.3536e-05
658911,0.000164352
658945,0.00018048
658949,0.000160512
658985,2.816e-05
659006,7.7056e-05
659016,4.352e-05
659023,2.688e-05
659031,1.792e-06
659035,3.2e-05
659039,0.000146176
659068,7.0144e-05
659072,0.000220928
659106,3.3792e-05
659122,1.2288e-05
659137,2.3296e-05
659145,0.002175488
659204,4.864e-06
659213,1.6128e-05
659223,1.664e-05
659256,0.000735744
659293,1.0496e-05
659296,2.9952e-05
659297,0.000712192
659319,0.099894016
659371,0.000598016
659413,6.5536e-05
659447,1.408e-05
659448,3.8144e-05
659453,4.9152e-05
659468,0.005594368
659506,0.000329472
659538,0.001651456
659539,0.000187648
659584,0.001134592
659612,9.472e-06
659626,0.00389376
659639,0.004760832
659654,0.002265088
659692,0.00029056
659704,5.4272e-05
659720,8.448e-06
659730,4.224e-05
659737,3.5328e-05
659786,0.000105728
659790,4.0448e-05
659795,1.9968e-05
659821,5.1712e-05
659826,4.608e-06
659840,3.072e-06
659854,3.4816e-05
659858,0.00013696
659864,0.000828928
659877,4.2496e-05
659882,1.7664e-05
659887,2.0992e-05
659892,8.3456e-05
659896,0.0063872
659915,0.001135872
659941,1.5616e-05
659973,1.8944e-05
660008,4.0192e-05
660043,1.8944e-05
660048,6.9376e-05
660055,4.8128e-05
660080,0.000526592
660104,0.000112128
660110,1.7408e-05
660148,0.000247296
660193,1.6128e-05
660209,6.2464e-05
660218,8.8576e-05
660242,0.000853504
660282,5.5296e-05
660316,2.688e-05
660318,6.1952e-05
660324,0.0001216
660356,0.000293632
660405,7.3984e-05
660447,3.84e-06
660458,1.7152e-05
660465,5.4016e-05
660494,0.001103616
660506,0.001905664
660526,0.004652032
660564,0.00031872
660566,0.001325568
660593,3.6608e-05
660614,4.3776e-05
660622,2.7904e-05
660648,3.84e-06
660694,5.4784e-05
660698,1.664e-05
660718,2.816e-06
660749,3.328e-06
660756,6.272e-05
660767,0.000155392
660770,0.005063936
660789,0.00038912
660814,0.000123136
660873,3.9936e-05
660916,1.4848e-05
660928,2.5088e-05
660931,3.1488e-05
660933,0.000174336
660942,3.7888e-05
660959,8.96e-06
660969,0.000175616
660985,9.1904e-05
660993,4.1728e-05
661006,0.000701696
661040,1.536e-05
661054,4.2752e-05
661071,0.000109312
661085,0.000115456
661091,4.1472e-05
661097,0.00591104
661148,2.0992e-05
661153,1.152e-05
661177,8.9856e-05
661191,9.728e-06
661193,3.3024e-05
661209,6.4768e-05
661212,9.1648e-05
661228,1.4336e-05
661232,3.3536e-05
661234,7.8848e-05
661268,0.000121344
661277,1.5872e-05
661296,6.2976e-05
661300,0.0001344
661321,0.000443648
661363,6.144e-06
661374,0.00011264
661400,4.2752e-05
661411,0.000131328
661428,0.000137472
661449,0.000172032
661462,3.7888e-05
661466,2.304e-05
661471,2.176e-05
661514,1.9968e-05
661517,5.0688e-05
661530,0.000125952
661537,0.000103168
661539,0.000372992
661555,0.000118272
661564,2.3808e-05
661578,0.000169984
661592,7.0656e-05
661647,6.4e-06
661657,4.9408e-05
661660,1.1008e-05
661670,0.000329984
661684,2.6368e-05
661698,1.4592e-05
661703,6.0672e-05
661709,5.888e-06
661742,0.000133632
661748,8.3968e-05
661752,0.004624896
661760,0.004302336
661801,0.00125312
661829,4.4288e-05
661843,0.0002624
661850,1.4592e-05
661856,0.000208128
661857,0.00121216
661869,0.001446656
661871,0.002418944
661876,0.001417216
661939,0.000663808
661958,1.792e-06
661978,1.9456e-05
661983,8.6016e-05
662019,6.7584e-05
662036,0.000209152
662061,4.0448e-05
662072,0.000457984
662134,1.3568e-05
662146,0.004593408
662188,2.3808e-05
662211,8.448e-06
662215,4.7616e-05
662253,1.792e-05
662256,7.936e-06
662274,6.656e-06
662294,0.001091328
662299,0.000617984
662305,0.000487424
662326,0.000571392
662358,0.000160256
662377,0.000156672
662382,2.56e-05
662403,4.864e-05
662440,0.000203264
662452,8.192e-05
662468,0.000333312
662477,6.9376e-05
662483,0.000416256
662514,0.000272896
662528,8.8576e-05
662557,1.2544e-05
662564,5.7344e-05
662567,0.000130304
662574,0.000141312
662605,2.56e-07
662615,1.536e-06
662623,0.000372992
662657,6.784e-05
662663,0.000248064
662694,3.8912e-05
662709,8.8576e-05
662740,4.7104e-05
662768,0.000137984
662782,4.3776e-05
662792,3.2256e-05
662794,0.000125696
662796,0.000324864
662824,0.002364928
662901,0.000194304
662917,1.7408e-05
662940,3.1232e-05
662961,2.432e-05
662976,0.00014976
662993,6.2208e-05
663050,3.072e-05
663054,0.002081024
663112,0.000102656
663116,2.304e-06
663127,2.2016e-05
663135,2.4576e-05
663161,4.864e-06
663176,2.56e-07
663192,0.000199424
663199,0.001429504
663213,0.004254976
663226,0.000892928
663270,6.2464e-05
663278,5.12e-06
663305,1.1008e-05
663324,0.000550912
663368,6.1184e-05
663374,5.2992e-05
663382,1.536e-06
663383,0.000225024
663394,4.0192e-05
663403,0.000137472
663415,4.8128e-05
663422,4.1728e-05
663442,8.448e-06
663447,9.1904e-05
663466,6.7584e-05
663471,3.2e-05
663479,3.0208e-05
663489,7.5264e-05
663493,0.000798976
663497,5.0176e-05
663505,0.002529792
663553,0.100576
663594,0.001506816
663633,9.5488e-05
663652,3.0464e-05
663688,2.0736e-05
663702,4.352e-05
663725,3.7632e-05
663727,5.4272e-05
663744,0.00135296
663783,3.3536e-05
663815,2.176e-05
663829,0.000320768
663859,5.1712e-05
663863,3.8144e-05
663870,1.7408e-05
663879,3.072e-06
663882,4.608e-06
663891,5.7856e-05
663892,0.001195008
663933,5.4528e-05
663947,2.56e-07
663967,0.00022528
663988,0.002662656
663993,0.005647872
664041,6.656e-06
664064,9.4976e-05
664088,0.000110592
664091,0.000630784
664094,0.001855744
664099,0.000124672
664164,4.0448e-05
664169,5.9392e-05
664188,2.0224e-05
664206,0.002637056
664256,1.9968e-05
664261,0.00659328
664284,0.000836608
664333,1.408e-05
664340,3.9168e-05
664386,0.000102656
664393,8.1664e-05
664418,3.9168e-05
664447,4.9408e-05
664456,5.632e-06
664461,2.9696e-05
664466,5.376e-06
664469,3.6096e-05
664476,8.9088e-05
664492,2.8416e-05
664508,5.5808e-05
664539,0.000127232
664543,0.000136448
664586,4.864e-05
664609,3.584e-05
664612,2.4832e-05
664635,3.4304e-05
664650,4.3776e-05
664655,0.000212736
664675,7.1168e-05
664694,1.4848e-05
664696,3.4304e-05
664702,0.000324608
664705,0.004476672
664745,1.5616e-05
664752,4.0448e-05
664763,2.2784e-05
664781,0.004206848
664810,5.504e-05
664814,0.005539584
664850,0.000108288
664861,3.0464e-05
664887,0.099740416
664951,0.001540096
664983,0.00014464
665001,3.712e-05
665024,0.000105984
665026,0.002200832
665056,0.00088064
665057,0.003087872
665071,0.005496064
665080,0.000512256
665132,0.00013824
665138,0.000156416
665204,7.0656e-05
665206,0.000721664
665216,8.448e-06
665243,4.4288e-05
665251,6.6816e-05
665272,5.376e-06
665285,1.5104e-05
665296,0.00739712
665350,2.8416e-05
665369,0.001015296
665386,2.5856e-05
665396,0.000248832
665424,0.000239872
665452,6.8608e-05
665453,0.000223232
665475,1.024e-06
665497,7.1168e-05
665503,1.3056e-05
665510,4.7872e-05
665518,0.000109568
665526,0.001276928
665543,0.000597248
665577,2.816e-05
665579,0.003869184
665613,1.9456e-05
665624,2.56e-07
665632,0.02159232
665690,0.000608512
665725,6.2208e-05
665757,9.472e-06
665765,0.000232192
665770,0.003157248
665805,0.000147712
665838,0.001986048
665844,0.000660736
665869,0.001307392
665870,0.008807424
665897,0.002040576
665926,0.013240064
665963,0.000279808
665981,0.000148736
666006,4.096e-06
666009,9.472e-06
666049,3.3024e-05
666057,5.888e-05
666062,0.002343424
666114,3.7888e-05
666120,2.304e-05
666122,0.00011008
666130,0.00140032
666152,0.006774016
666222,8.448e-05
666232,6.656e-06
666264,9.216e-05
666277,7.168e-05
666283,5.6832e-05
666292,7.5008e-05
666316,0.000164096
666328,3.84e-05
666346,0.000195072
666363,4.864e-06
666393,0.000104192
666398,0.000568832
666411,0.00075264
666432,7.68e-06
666442,6.7328e-05
666456,3.3024e-05
666474,2.9184e-05
666496,0.008247808
666506,0.001044992
666552,8.32e-05
666570,2.816e-05
666585,0.000130048
666597,4.9408e-05
666603,0.000152576
666612,0.000168704
666630,5.888e-05
666702,2.9952e-05
666710,0.000139776
666712,0.000929792
666755,0.001848576
666782,1.9968e-05
666799,1.28e-05
666812,0.000476416
666826,0.00011648
666842,4.3008e-05
666866,0.00010624
666871,5.0176e-05
666887,1.0752e-05
666908,1.1008e-05
666926,0.000114432
666933,0.00011904
666936,0.000521984
666965,9.2672e-05
666973,4.224e-05
667000,8.192e-06
667017,9.4464e-05
667025,1.8432e-05
667050,2.6624e-05
667055,1.9712e-05
667064,1.792e-06
667079,5.4272e-05
667094,0.003789312
667097,0.014201344
667166,1.792e-06
667169,1.792e-06
667185,7.8848e-05
667195,5.3504e-05
667201,0.000319744
667217,0.000518912
667268,6.3232e-05
667292,3.7376e-05
667318,5.248e-05
667365,0.000410368
667383,0.000111872
667418,6.4e-05
667420,2.1248e-05
667429,8.6784e-05
667435,4.5568e-05
667456,3.584e-06
667478,2.56e-07
667482,0.000270592
667499,0.000383232
667506,0.000116992
667508,9.6256e-05
667519,0.099870208
667623,7.7056e-05
667628,0.004686592
667653,0.001879552
667657,0.00118272
667685,0.0017792
667694,0.001628672
667706,0.000758528
667726,0.0011968
667743,0.002836224
667787,2.3552e-05
667809,3.2e-05
667816,0.000201472
667817,0.000102912
667838,1.1776e-05
667872,0.000222464
667873,0.002619904
667876,0.002834688
667892,0.002582784
667899,0.004004608
667900,0.00226816
667903,0.002299904
667908,0.00922752
667911,0.004391424
667970,6.7584e-05
667974,2.4832e-05
667995,3.8912e-05
668006,0.00053504
668043,5.632e-05
668063,6.0416e-05
668083,2.5088e-05
668085,5.1968e-05
668096,1.1776e-05
668102,4.608e-06
668115,5.248e-05
668122,4.1984e-05
668156,8.1408e-05
668166,5.7344e-05
668171,1.9968e-05
668190,8.96e-06
668218,5.248e-05
668233,3.5584e-05
668240,0.000155904
668244,0.000852992
668268,6.0672e-05
668288,9.9328e-05
668294,0.001827584
668305,0.00162944
668325,0.000230656
668360,9.2928e-05
668376,1.7664e-05
668382,1.536e-06
668383,0.000101888
668393,3.456e-05
668412,3.1488e-05
668422,5.1968e-05
668431,7.8592e-05
668452,0.001136896
668492,1.4848e-05
668502,2.6368e-05
668506,3.4048e-05
668537,1.3824e-05
668540,0.000229888
668549,3.7376e-05
668563,0.000102912
668574,7.6288e-05
668610,0.00022912
668623,1.792e-06
668627,0.00010112
668652,1.7408e-05
668660,1.024e-06
668667,0.000641792
668668,0.007724288
668703,0.000580096
668709,0.000913408
668712,0.00061824
668764,0.0004224
668766,9.4208e-05
668769,2.5088e-05
668810,9.728e-06
668818,7.68e-07
668829,7.04e-05
668842,2.0736e-05
668862,4.5312e-05
668894,0.001002496
668913,0.001211648
668932,9.7024e-05
668951,8.576e-05
668976,0.000422144
669005,0.000131584
669007,1.5104e-05
669013,0.000100608
669019,7.1168e-05
669034,0.000166144
669043,4.4032e-05
669054,9.088e-05
669072,0.000114688
669092,4.352e-06
669096,4.0448e-05
669103,4.9408e-05
669116,5.4016e-05
669125,1.0752e-05
669141,2.7136e-05
669162,0.00013184
669188,0.000173056
669197,0.000644864
669212,1.28e-05
669238,6.528e-05
669256,1.3312e-05
669275,6.656e-06
669279,0.014475264
669336,0.000888576
669382,0.000114944
669387,9.472e-06
669400,0.000321792
669407,8.2688e-05
669419,9.4208e-05
669446,0.006553856
669493,0.00014976
669499,0.000347136
669505,0.000752384
669534,2.6368e-05
669543,1.4336e-05
669553,5.4016e-05
669561,0.000241152
669568,0.000102656
669592,2.048e-06
669604,0.000203776
669661,6.6816e-05
669664,2.5088e-05
669677,0.000304128
669699,2.4832e-05
669727,2.0992e-05
669730,7.808e-05
669735,0.000105984
669779,2.56e-07
669792,0.000134656
669822,5.888e-06
669837,3.3536e-05
669853,7.68e-05
669877,1.28e-05
669890,8.8064e-05
669908,1.792e-06
669910,0.000143616
669963,8.6528e-05
669970,4.4032e-05
669979,1.6384e-05
670032,1.5872e-05
670044,0.000324864
670064,5.248e-05
670069,6.3232e-05
670093,0.023966464
670151,5.632e-05
670157,5.4784e-05
670184,4.096e-06
670192,1.152e-05
670204,4.5568e-05
670208,0.0001408
670253,2.2528e-05
670257,5.0688e-05
670282,7.5776e-05
670305,3.9424e-05
670318,1.536e-05
670333,5.12e-06
670380,7.936e-06
670388,1.6128e-05
670403,4.9152e-05
670410,1.8432e-05
670420,3.5584e-05
670436,4.7104e-05
670441,1.92e-05
670453,0.000119552
670468,3.2768e-05
670473,1.3312e-05
670475,3.1744e-05
670490,0.000171008
670515,4.8128e-05
670557,0.000197888
670565,0.000187648
670568,5.632e-06
670603,1.3312e-05
670612,2.5856e-05
670622,2.5856e-05
670624,2.7904e-05
670670,0.000194816
670680,3.5584e-05
670694,0.003928832
670703,0.000187392
670706,0.001784832
670770,1.4848e-05
670780,2.8672e-05
670810,1.3312e-05
670815,5.7088e-05
670817,4.096e-05
670826,9.2416e-05
670838,1.024e-06
670867,4.7616e-05
670877,0.000135936
670906,0.000134656
670917,4.096e-06
670935,3.712e-05
670949,5.6832e-05
670964,0.000156928
670975,1.3056e-05
670983,8.192e-06
670986,5.5296e-05
671003,5.248e-05
671020,3.2256e-05
671051,0.000352512
671078,0.000655104
671104,5.888e-06
671111,1.8688e-05
671151,0.000387328
671165,3.4816e-05
671179,5.76e-05
671187,1.7152e-05
671198,3.3536e-05
671229,4.1984e-05
671238,1.2032e-05
671260,5.7856e-05
671268,5.8112e-05
671274,0.000122368
671281,6.0928e-05
671305,0.000302336
671334,6.7328e-05
671351,5.8112e-05
671388,0.0001216
671391,0.000306432
671428,4.224e-05
671432,0.000807936
671455,2.5856e-05
671481,8.4224e-05
671496,1.6384e-05
671498,2.7648e-05
671526,3.9936e-05
671565,1.6384e-05
671567,1.792e-06
671587,4.1984e-05
671632,0.000199168
671642,0.000148736
671646,0.000292608
671666,0.000231936
671700,0.00036864
671718,0.00033664
671745,0.000598528
671784,0.00011648
671800,0.000110848
671830,8.5504e-05
671838,0.000121856
671851,0.000511744
671893,4.2752e-05
671903,0.000768768
671918,0.000575744
671938,6.6304e-05
671974,5.2992e-05
671976,2.5088e-05
671995,9.216e-05
672003,0.00023552
672014,4.1216e-05
672024,8.704e-06
672034,9.856e-05
672047,6.5024e-05
672049,3.1488e-05
672059,0.000169984
672083,0.000138752
672099,2.5344e-05
672118,3.584e-06
672126,2.7392e-05
672127,0.000261632
672146,1.9968e-05
672151,1.1008e-05
672157,0.000678144
672205,2.816e-05
672209,2.7904e-05
672216,3.072e-06
672233,1.0752e-05
672247,3.328e-05
672266,5.12e-06
672279,2.7648e-05
672285,1.3824e-05
672290,5.8624e-05
672303,8.4224e-05
672314,5.4272e-05
672358,7.296e-05
672365,0.004480768
672405,6.8608e-05
672424,0.000164352
672437,2.4064e-05
672468,5.6832e-05
672480,5.12e-06
672486,0.000161536
672490,0.00041856
672503,4.352e-05
672507,0.000781312
672522,3.584e-06
672544,6.7072e-05
672560,2.5088e-05
672567,1.1264e-05
672577,4.096e-06
672594,0.000173056
672603,6.7328e-05
672607,1.0752e-05
672611,0.001326848
672627,0.002029568
672629,0.003084032
672660,4.6848e-05
672669,0.000147456
672675,0.000110336
672685,2.5856e-05
672687,7.68e-06
672698,1.1776e-05
672728,2.944e-05
672746,2.0736e-05
672755,1.7408e-05
672762,3.3536e-05
672781,1.024e-05
672793,1.5616e-05
672801,3.3792e-05
672811,6.7072e-05
672879,3.584e-05
672885,1.7664e-05
672886,9.4464e-05
672893,0.000885248
672942,0.000256512
672950,3.968e-05
672965,0.00015488
672983,6.9632e-05
673026,5.4528e-05
673028,5.76e-05
673039,0.00017792
673043,8.96e-05
673086,3.584e-06
673088,4.4288e-05
673096,0.006991616
673107,0.00037376
673146,6.144e-06
673156,3.072e-06
673172,9.4976e-05
673187,8.9088e-05
673194,5.632e-06
673221,9.0112e-05
673237,1.7664e-05
673257,6.3488e-05
673264,0.000152064
673305,2.9184e-05
673312,7.68e-05
673327,9.6768e-05
673340,6.912e-05
673350,2.5088e-05
673359,5.9648e-05
673376,6.6304e-05
673419,8.96e-06
673427,0.000177664
673437,7.424e-06
673468,7.04e-05
673486,0.000104704
673534,7.3728e-05
673545,0.000202496
673572,1.28e-06
673584,7.808e-05
673627,2.6112e-05
673636,8.6528e-05
673646,8.2688e-05
673662,7.7312e-05
673672,4.2752e-05
673694,0.001487872
673731,3.2e-05
673741,2.8672e-05
673766,7.2192e-05
673780,7.424e-05
673807,4.5568e-05
673864,3.0976e-05
673908,6.0928e-05
673917,6.6304e-05
673964,0.000168704
673980,3.3024e-05
673993,1.792e-05
674010,1.6896e-05
674025,0.000117504
674041,6.5792e-05
674044,0.002288384
674061,4.1984e-05
674094,2.944e-05
674109,0.000486656
674133,2.9184e-05
674160,0.000152064
674184,1.0752e-05
674189,3.9168e-05
674207,7.04e-05
674218,0.000242944
674223,0.000115456
674239,0.00029824
674265,0.001250048
674298,0.003836928
674305,0.000252416
674329,0.000995328
674368,4.1984e-05
674386,2.816e-05
674394,3.3024e-05
674407,1.9712e-05
674417,0.000336384
674474,5.248e-05
674477,2.816e-06
674502,5.0432e-05
674518,0.000848896
674538,6.528e-05
674574,0.000243712
674579,0.000197632
674608,2.8928e-05
674617,0.000817408
674666,2.9696e-05
674671,0.00014208
674698,7.8592e-05
674735,6.0416e-05
674765,7.936e-06
674769,4.3264e-05
674778,2.8928e-05
674790,3.072e-06
674797,5.9392e-05
674800,0.00016768
674824,1.024e-05
674832,7.936e-06
674844,4.352e-05
674856,2.56e-06
674885,1.1008e-05
674900,2.816e-05
674902,2.2784e-05
674908,0.000164608
674932,0.000111872
674934,3.9936e-05
674959,7.5008e-05
674969,1.8432e-05
674977,4.9408e-05
674978,0.000864256
674983,0.000168448
675025,2.5344e-05
675029,0.00011392
675033,7.168e-05
675043,6.5536e-05
675072,5.888e-05
675089,0.0002496
675091,0.000278272
675104,3.584e-05
675138,0.000116992
675145,0.000768
675174,4.5568e-05
675180,7.424e-05
675200,3.8912e-05
675208,0.000150784
675232,3.2768e-05
675253,4.864e-05
675272,7.5264e-05
675273,2.8928e-05
675283,0.000200448
675301,0.000239872
675327,0.000139776
675335,1.2032e-05
675378,7.4752e-05
675392,2.7648e-05
675398,1.024e-06
675412,6.1184e-05
675414,8.1152e-05
675431,7.1936e-05
675449,4.7872e-05
675465,5.12e-06
675470,5.12e-06
675484,8.8064e-05
675494,5.3504e-05
675497,0.016665344
675557,0.000212224
675603,3.712e-05
675624,9.0368e-05
675642,1.536e-05
675644,0.001223936
675689,0.000108288
675705,2.048e-05
675716,8.3968e-05
675769,0.00010112
675774,1.1008e-05
675787,1.7664e-05
675804,9.6512e-05
675824,2.8928e-05
675842,4.5056e-05
675850,2.9184e-05
675873,3.2256e-05
675881,5.376e-05
675991,0.000147456
675996,1.8176e-05
676031,6.4e-06
676053,0.000101632
676068,6.1184e-05
676092,8.4736e-05
676108,5.0176e-05
676124,7.552e-05
676139,9.216e-06
676142,5.1712e-05
676154,9.1136e-05
676164,1.8688e-05
676198,1.4336e-05
676212,0.000262656
676216,1.7152e-05
676230,3.84e-06
676237,1.6896e-05
676247,3.1488e-05
676277,0.00010112
676294,9.3184e-05
676310,0.007620096
676354,1.408e-05
676383,6.912e-06
676399,2.7392e-05
676424,3.456e-05
676438,0.000535296
676440,0.000237824
676445,0.000175872
676451,0.000474368
676470,0.0005632
676532,0.00015616
676545,2.7904e-05
676547,8.8064e-05
676572,0.000189952
676592,0.000103168
676595,0.028417536
676655,0.000354816
676689,4.224e-05
676693,0.000307456
676694,0.002788352
676712,0.004140032
676764,0.000133376
676774,3.0976e-05
676785,6.6048e-05
676817,0.000153856
676848,4.6592e-05
676865,7.5264e-05
676882,5.376e-05
676888,7.0656e-05
676895,5.76e-05
676904,1.3312e-05
676913,0.000204544
676933,3.4048e-05
676947,0.000142592
676977,9.7024e-05
677020,2.048e-05
677045,9.3184e-05
677050,9.1392e-05
677067,2.0736e-05
677114,4.864e-05
677130,1.152e-05
677141,9.984e-06
677143,5.1456e-05
677148,0.00014464
677154,9.088e-05
677194,1.408e-05
677200,3.4816e-05
677204,4.1984e-05
677255,4.608e-06
677264,1.3824e-05
677271,4.1984e-05
677294,2.3296e-05
677312,0.002744576
677357,8.192e-05
677372,1.1776e-05
677387,1.3056e-05
677397,6.6816e-05
677449,3.584e-06
677451,4.5568e-05
677464,0.000106752
677481,0.001850368
677498,0.00020992
677530,3.712e-05
677536,0.000124672
677539,4.352e-05
677559,9.472e-05
677567,5.0176e-05
677599,4.9152e-05
677607,4.9664e-05
677635,8.3456e-05
677650,4.864e-06
677658,0.000245504
677680,4.608e-05
677703,8.6784e-05
677707,1.92e-05
677716,9.216e-06
677735,9.8304e-05
677750,1.0752e-05
677763,0.000102144
677797,1.664e-05
677805,0.000209152
677806,2.304e-05
677843,0.000162304
677856,9.6768e-05
677892,1.9968e-05
677893,0.000429312
677894,0.002025728
677905,0.003180288
677912,0.00213376
677966,1.024e-05
677978,8.576e-05
677980,1.5872e-05
677988,1.6128e-05
677995,1.664e-05
678036,1.9968e-05
678044,1.3824e-05
678078,3.072e-05
678097,7.68e-06
678115,2.944e-05
678120,0.000485632
678138,4.3264e-05
678151,3.328e-05
678155,0.00069376
678163,6.8608e-05
678164,4.9408e-05
678205,2.2016e-05
678214,2.1504e-05
678223,7.7824e-05
678235,5.4784e-05
678247,5.12e-05
678253,9.5232e-05
678268,3.2256e-05
678281,0.01026176
678316,0.000737024
678372,1.0752e-05
678383,3.3024e-05
678393,1.2544e-05
678406,6.6048e-05
678409,1.4592e-05
678452,1.8176e-05
678464,0.000214016
678479,8.3456e-05
678487,1.9456e-05
678499,0.000159744
678524,9.216e-06
678534,1.9968e-05
678536,0.000552192
678564,1.1008e-05
678583,5.632e-05
678591,0.000103168
678609,5.9136e-05
678634,9.8048e-05
678660,4.4032e-05
678664,8.0384e-05
678682,9.1648e-05
678723,5.12e-05
678745,4.5312e-05
678750,1.8432e-05
678762,3.4048e-05
678768,0.000144128
678798,3.2e-05
678802,2.304e-06
678809,8.7808e-05
678827,7.68e-06
678902,2.56e-06
678904,4.1472e-05
678905,3.7376e-05
678908,8.2688e-05
678927,1.2288e-05
678934,4.3264e-05
678947,9.6e-05
678955,7.6288e-05
678958,1.7664e-05
678965,3.8656e-05
678982,8.96e-06
679000,2.56e-06
679033,7.3984e-05
679088,8.576e-05
679093,0.00061952
679094,0.002908672
679112,0.005070592
679153,1.5104e-05
679169,3.3024e-05
679173,5.12e-07
679182,0.000156416
679189,0.000264192
679200,0.000713984
679222,0.000446976
679246,0.000251648
679276,0.000106752
679300,9.6768e-05
679319,7.296e-05
679322,4.2752e-05
679331,1.024e-05
679334,3.9424e-05
679344,9.728e-06
679366,5.9136e-05
679368,1.7408e-05
679373,2.0736e-05
679392,6.1952e-05
679401,8.704e-06
679418,0.000130304
679431,2.4832e-05
679433,1.9456e-05
679443,0.00130816
679481,7.424e-05
679486,1.4336e-05
679497,3.584e-05
679506,5.12e-06
679518,0.00087168
679583,1.2288e-05
679587,1.792e-06
679590,7.2192e-05
679598,6.8608e-05
679633,2.5344e-05
679637,6.5024e-05
679673,1.792e-06
679683,0.000157184
679696,0.006625792
679708,0.00216704
679747,4.1472e-05
679757,5.2736e-05
679764,8.5504e-05
679791,6.1184e-05
679816,8.96e-06
679851,2.56e-06
679862,0.000117248
679877,9.7792e-05
679890,8.7296e-05
679935,1.92e-05
679945,6.4256e-05
679947,8.704e-06
679950,1.9712e-05
679955,5.4272e-05
679979,6.0928e-05
679996,2.432e-05
680022,1.9712e-05
680049,2.2784e-05
680060,2.432e-05
680087,1.408e-05
680104,1.2032e-05
680109,5.4784e-05
680121,0.000116736
680129,5.12e-07
680134,0.000128768
680143,0.000198656
680153,3.4304e-05
680196,0.00015488
680232,3.8912e-05
680244,1.6896e-05
680252,5.4272e-05
680293,0.001502464
680297,0.007838976
680341,3.7632e-05
680367,0.000140288
680371,3.9936e-05
680406,0.000105216
680420,5.2224e-05
680453,8.704e-05
680467,6.3232e-05
680478,7.5776e-05
680484,1.4848e-05
680508,0.000122624
680513,7.68e-06
680539,1.5872e-05
680549,0.000198656
680563,8.2176e-05
680573,4.7104e-05
680604,1.3568e-05
680625,9.216e-05
680633,7.2192e-05
680652,7.1424e-05
680674,1.1264e-05
680682,3.6608e-05
680690,0.000274176
680732,1.28e-06
680741,9.2928e-05
680745,1.536e-06
680752,0.000140032
680790,3.84e-06
680792,3.1232e-05
680804,2.688e-05
680832,6.8352e-05
680838,2.56e-05
680873,0.00010752
680879,7.6032e-05
680892,4.352e-05
680905,0.000891136
680958,5.1712e-05
680975,0.000123904
680982,5.376e-06
681010,9.216e-06
681012,6.4e-05
681036,2.56e-07
681061,5.7856e-05
681083,2.0736e-05
681098,3.3536e-05
681100,2.6368e-05
681118,0.001581568
681152,1.792e-06
681164,9.984e-06
681169,5.632e-06
681173,1.2032e-05
681192,6.5792e-05
681202,1.3568e-05
681217,3.6352e-05
681230,1.792e-06
681244,0.000150016
681259,1.8944e-05
681277,0.018218752
681340,9.856e-05
681353,7.7056e-05
681376,1.3824e-05
681378,3.3792e-05
681396,0.00016512
681454,3.7632e-05
681477,4.864e-06
681481,4.9152e-05
681493,0.000585216
681497,0.00183936
681550,3.0208e-05
681552,2.56e-06
681563,0.000102912
681574,4.6336e-05
681621,2.56e-06
681628,1.2288e-05
681636,6.6048e-05
681670,9.728e-06
681680,5.0688e-05
681688,6.4512e-05
681710,1.792e-06
681716,5.9904e-05
681735,2.4576e-05
681743,9.856e-05
681780,0.000141312
681786,5.888e-05
681804,8.448e-06
681847,2.5856e-05
681869,9.0368e-05
681876,1.8432e-05
681889,6.3232e-05
681898,2.304e-05
681924,0.000159488
681934,9.0112e-05
681938,8.6016e-05
681973,2.56e-06
681983,1.4336e-05
681985,0.000142336
682008,9.728e-06
682024,7.3472e-05
682034,3.1488e-05
682044,6.912e-06
682048,1.2544e-05
682064,5.12e-05
682074,2.048e-06
682091,7.936e-06
682093,0.000174848
682094,0.000846336
682125,8.832e-05
682140,8.2688e-05
682142,3.328e-06
682148,0.000136448
682165,6.4e-06
682178,1.5872e-05
682187,5.12e-07
682199,7.68e-06
682223,1.3312e-05
682229,0.000105984
682244,2.4832e-05
682246,0.000105984
682253,0.000469248
682305,5.7088e-05
682336,5.504e-05
682343,6.4256e-05
682348,3.7888e-05
682362,1.152e-05
682378,0.005972224
682425,3.4304e-05
682457,1.8688e-05
682468,3.9168e-05
682470,5.1456e-05
682483,6.144e-06
682497,1.3056e-05
682507,7.3216e-05
682514,4.6592e-05
682524,7.3728e-05
682530,0.000171264
682565,6.0928e-05
682578,1.536e-05
682593,9.3184e-05
682596,3.072e-05
682607,5.0944e-05
682614,8.0384e-05
682639,5.376e-06
682644,8.448e-06
682647,2.304e-06
682652,9.3696e-05
682658,3.0464e-05
682666,0.000107008
682681,5.12e-07
682688,3.5072e-05
682693,0.004642048
682699,0.0049536
682745,7.68e-07
682763,6.1696e-05
682793,1.1776e-05
682798,5.12e-05
682809,0.000168448
682848,2.0736e-05
682856,1.792e-05
682869,4.1728e-05
682882,0.000164352
682891,3.8912e-05
682927,8.704e-05
682946,7.68e-07
682949,1.3824e-05
682958,9.216e-05
682971,2.816e-05
682980,6.1952e-05
682998,1.5616e-05
683003,5.76e-05
683031,6.1696e-05
683036,1.9968e-05
683042,0.000164096
683074,1.8432e-05
683082,0.000114176
683103,0.000180736
683110,8.32e-05
683113,1.7152e-05
683140,4.864e-06
683168,0.00012672
683176,7.4496e-05
683195,9.728e-06
683201,6.8096e-05
683208,8.4224e-05
683219,0.000116736
683240,0.000159232
683246,6.7328e-05
683254,7.168e-06
683272,0.007518464
683274,0.005048832
683305,0.000692992
683403,3.072e-05
683423,0.000123904
683425,1.4336e-05
683438,1.2288e-05
683460,1.2288e-05
683468,2.8928e-05
683498,8.064e-05
683501,3.584e-06
683512,1.3824e-05
683526,9.0368e-05
683562,0.000217088
683566,0.016603904
683625,1.1264e-05
683662,4.9664e-05
683664,0.000111104
683684,0.000130048
683728,2.3552e-05
683734,1.1776e-05
683749,0.00012672
683755,4.864e-06
683773,5.4272e-05
683788,0.000104448
683799,3.6864e-05
683816,4.1216e-05
683829,0.000100608
683861,2.3552e-05
683874,4.352e-05
683878,2.1504e-05
683884,2.1504e-05
683893,0.001894912
683899,0.00133632
683927,1.0496e-05
683942,3.6096e-05
683945,6.3488e-05
683972,1.3312e-05
683991,4.3776e-05
684004,1.4592e-05
684008,8.192e-06
684025,1.8176e-05
684035,0.000196864
684055,0.000103936
684063,0.000155136
684111,2.7136e-05
684122,5.1968e-05
684136,0.000121344
684146,4.7104e-05
684156,7.68e-07
684183,1.7408e-05
684186,5.632e-06
684199,0.00010624
684229,6.784e-05
684260,0.000133632
684262,8.2432e-05
684284,1.6128e-05
684306,5.76e-05
684321,0.000215296
684339,9.472e-06
684355,5.12e-07
684375,8.704e-05
684377,0.000159232
684393,5.632e-06
684409,1.2032e-05
684434,1.3312e-05
684445,5.9392e-05
684454,8.704e-06
684468,5.248e-05
684478,3.7888e-05
684497,0.017853696
684580,1.536e-05
684592,3.3792e-05
684603,4.4544e-05
684612,2.3808e-05
684624,7.1168e-05
684646,0.00018048
684664,6.4e-06
684675,8.8064e-05
684678,4.7104e-05
684705,2.8416e-05
684716,4.8128e-05
684718,0.000133376
684741,0.000122112
684767,1.2544e-05
684794,0.00010368
684796,4.1728e-05
684833,2.304e-06
684845,0.000211712
684854,2.048e-05
684861,3.9936e-05
684863,2.0992e-05
684871,3.6864e-05
684895,1.8432e-05
684908,1.8944e-05
684964,1.1776e-05
685004,1.9968e-05
685017,2.2784e-05
685025,4.608e-05
685039,0.002131712
685069,4.3776e-05
685082,7.808e-05
685099,0.000357632
685100,0.001209856
685106,0.001071872
685151,4.7872e-05
685154,0.001554176
685179,4.0704e-05
685185,0.000112896
685210,0.000140544
685245,2.6368e-05
685253,0.000109824
685275,1.6128e-05
685283,0.00012672
685292,4.864e-06
685294,7.1936e-05
685311,4.6336e-05
685328,3.584e-05
685353,6.5536e-05
685359,2.048e-06
685365,1.5616e-05
685400,0.000115968
685415,9.472e-06
685422,0.000390912
685462,9.472e-05
685471,0.000143104
685494,2.5856e-05
685518,8.192e-06
685523,4.736e-05
685529,4.2496e-05
685565,2.2272e-05
685578,4.864e-06
685597,3.6096e-05
685618,1.28e-06
685624,3.2768e-05
685637,4.608e-05
685650,4.1984e-05
685653,1.9456e-05
685663,0.000117248
685678,8.2432e-05
685690,9.5488e-05
685706,0.001508352
685750,2.4064e-05
685768,0.000144384
685791,2.56e-07
685819,0.001980416
685853,3.6864e-05
685865,4.5824e-05
685872,4.096e-05
685898,5.2736e-05
685914,0.00015872
685931,0.000154368
685940,1.1264e-05
685964,9.5232e-05
685980,1.3824e-05
686008,0.00010496
686032,5.7344e-05
686037,8.1664e-05
686064,4.4032e-05
686096,0.000124416
686101,8.448e-05
686143,2.4064e-05
686149,8.0384e-05
686194,0.000104448
686222,4.352e-06
686233,6.0928e-05
686243,0.0001024
686253,2.8672e-05
686293,0.000121344
686311,0.000973056
686332,4.9664e-05
686356,1.024e-05
686360,2.6624e-05
686372,3.584e-05
686379,0.000173312
686386,1.1264e-05
686393,2.0224e-05
686405,0.000562688
686440,9.9072e-05
686443,0.000124416
686462,6.2208e-05
686470,7.808e-05
686511,5.888e-06
686538,1.0496e-05
686546,0.000197888
686560,4.4288e-05
686578,8.6016e-05
686582,3.0464e-05
686588,1.1264e-05
686610,6.9376e-05
686629,0.000126464
686639,1.8176e-05
686646,2.2016e-05
686675,7.424e-06
686688,4.4032e-05
686703,8.0896e-05
686722,1.92e-05
686724,5.1456e-05
686769,2.3296e-05
686771,3.2256e-05
686782,1.2544e-05
686785,4.0704e-05
686803,1.8176e-05
686867,8.704e-06
686878,4.1472e-05
686893,0.000736512
686894,0.001221376
686934,0.0001152
686959,0.00011264
686979,3.456e-05
686991,2.5344e-05
687014,8.3456e-05
687038,1.152e-05
687040,1.792e-05
687062,6.0416e-05
687069,1.6384e-05
687094,7.9616e-05
687106,5.0176e-05
687129,2.5088e-05
687169,2.944e-05
687172,3.4304e-05
687189,0.000122112
687197,6.9376e-05
687221,3.584e-06
687256,0.00028928
687271,2.304e-06
687279,7.5008e-05
687295,7.936e-06
687303,3.584e-05
687327,2.4064e-05
687335,6.1184e-05
687349,6.1184e-05
687383,5.9648e-05
687425,2.816e-05
687432,0.000158464
687441,1.3568e-05
687462,6.8608e-05
687468,8.448e-06
687475,2.304e-05
687484,4.6848e-05
687494,0.000743936
687497,0.007734784
687511,0.002285568
687564,7.7056e-05
687583,0.000166656
687605,1.28e-06
687630,4.5312e-05
687632,2.3552e-05
687652,1.7408e-05
687657,1.4848e-05
687667,5.1456e-05
687670,0.003405312
687730,1.7152e-05
687743,0.000134144
687769,4.5824e-05
687779,5.2992e-05
687788,2.048e-06
687803,2.9952e-05
687822,0.000112384
687835,8.3968e-05
687846,0.004062464
687905,8.704e-06
687908,1.9712e-05
687914,6.7328e-05
687920,0.000573696
687942,5.3248e-05
687974,0.000134656
687999,7.552e-05
688011,4.2496e-05
688025,8.1408e-05
688040,2.4832e-05
688061,5.5296e-05
688068,6.2976e-05
688093,0.0005376
688098,9.8048e-05
688105,0.000140288
688123,3.0976e-05
688134,1.536e-06
688151,2.688e-05
688166,1.024e-05
688172,9.0624e-05
688183,3.6096e-05
688194,5.376e-06
688198,6.6304e-05
688215,6.0672e-05
688217,1.7152e-05
688228,9.216e-06
688238,5.0688e-05
688245,4.1216e-05
688260,7.68e-05
688289,8.576e-05
688294,1.6384e-05
688313,0.000141568
688315,0.000150272
688336,4.608e-06
688342,1.5104e-05
688350,0.000153856
688373,8.9088e-05
688390,8.32e-05
688409,3.6352e-05
688429,7.1424e-05
688453,4.1728e-05
688473,6.7584e-05
688496,8.192e-06
688542,3.9168e-05
688551,0.000300288
688570,6.2976e-05
688601,7.936e-05
688606,1.408e-05
688618,9.2416e-05
688630,0.000131328
688682,2.0736e-05
688688,0.00017408
688694,0.002394368
688728,2.2016e-05
688745,3.456e-05
688772,2.8928e-05
688776,1.4592e-05
688796,0.000128
688807,7.6544e-05
688813,0.000105216
688833,1.92e-05
688848,6.8864e-05
688853,2.0992e-05
688863,7.68e-07
688869,0.0004224
688937,0.000199168
688970,1.408e-05
688974,2.5344e-05
689029,2.5088e-05
689037,4.7104e-05
689049,0.000135424
689059,3.6864e-05
689071,1.7152e-05
689086,2.0992e-05
689110,6.5792e-05
689144,3.0976e-05
689165,9.2672e-05
689188,8.7296e-05
689191,4.1984e-05
689209,1.024e-05
689216,2.5088e-05
689221,1.664e-05
689232,4.352e-06
689245,1.7664e-05
689258,0.000126208
689262,2.56e-06
689288,3.3024e-05
689294,0.00035456
689341,5.5296e-05
689364,4.608e-06
689369,3.328e-06
689381,6.8352e-05
689400,0.000109824
689412,4.5312e-05
689443,5.248e-05
689448,3.5328e-05
689456,1.0496e-05
689465,5.8624e-05
689518,3.84e-06
689535,5.7344e-05
689541,0.000119808
689548,2.5344e-05
689553,0.000128768
689578,7.3984e-05
689592,0.000126208
689613,2.56e-06
689616,9.984e-06
689625,2.5344e-05
689641,9.3696e-05
689650,4.1472e-05
689688,2.2016e-05
689709,7.424e-06
689743,1.7152e-05
689746,0.000178432
689759,7.68e-06
689767,1.664e-05
689802,4.4288e-05
689804,1.0496e-05
689812,6.656e-06
689833,0.00017792
689837,0.000128
689853,5.12e-06
689856,4.0448e-05
689893,0.006867712
689939,2.56e-06
689959,3.84e-05
689965,9.7024e-05
689978,0.000154368
690023,0.00012288
690038,5.632e-06
690053,6.3488e-05
690060,0.000145408
690069,0.000332544
690076,2.6112e-05
690078,7.68e-07
690090,0.000122368
690117,9.984e-06
690119,8.32e-05
690134,0.000241664
690153,0.000131072
690166,5.8112e-05
690170,6.9632e-05
690187,1.536e-05
690216,2.1504e-05
690222,8.3968e-05
690245,2.688e-05
690248,4.864e-05
690272,4.864e-06
690296,1.5616e-05
690306,4.608e-05
690315,0.00013568
690322,1.3056e-05
690359,7.68e-07
690366,3.4304e-05
690369,4.9664e-05
690381,0.000133376
690411,2.0992e-05
690419,6.144e-05
690431,1.024e-05
690439,6.0928e-05
690457,8.6784e-05
690466,0.000203776
690473,0.000122112
690477,7.68e-06
690496,2.2016e-05
690499,0.00838016
690545,2.048e-06
690565,7.0656e-05
690595,0.000143104
690606,7.1424e-05
690631,8.576e-05
690647,8.704e-06
690650,2.5088e-05
690657,3.8656e-05
690678,0.000194304
690693,5.6832e-05
690714,5.888e-06
690726,7.0656e-05
690746,0.000164608
690755,5.6832e-05
690776,1.7408e-05
690792,3.9936e-05
690819,3.4304e-05
690825,0.013186048
690892,5.0176e-05
690906,1.152e-05
690912,1.6896e-05
690916,2.2784e-05
690919,6.4768e-05
690933,1.3312e-05
690945,0.000144128
690969,2.4064e-05
690972,2.7904e-05
690976,1.792e-05
690986,4.096e-05
690993,9.856e-05
690998,1.792e-06
691005,2.3552e-05
691020,0.000123392
691030,9.3696e-05
691055,4.8896e-05
691059,6.4e-06
691078,8.2944e-05
691093,0.008589056
691097,0.005632256
691107,0.004154368
691154,5.12e-07
691173,4.48e-05
691193,0.000105984
691214,3.4816e-05
691255,2.9184e-05
691268,5.4784e-05
691272,7.0656e-05
691282,3.0976e-05
691292,9.216e-05
691333,5.0432e-05
691348,5.3248e-05
691359,3.6352e-05
691368,3.84e-06
691392,0.000112384
691399,6.8096e-05
691413,7.424e-05
691429,2.6112e-05
691439,7.0144e-05
691470,0.0004544
691508,7.8848e-05
691540,1.5616e-05
691566,4.608e-06
691581,2.5856e-05
691592,5.5808e-05
691604,6.6048e-05
691628,1.0496e-05
691636,7.424e-06
691645,0.000111616
691657,1.8176e-05
691669,1.3568e-05
691688,1.2544e-05
691691,4.864e-06
691694,0.005660672
691715,0.000828672
691741,0.02804352
691806,3.1232e-05
691813,0.00010368
691843,1.792e-06
691854,2.56e-07
691864,7.68e-07
691890,9.5232e-05
691899,0.000205824
691915,4.352e-06
691926,2.8672e-05
691932,5.8368e-05
691938,1.28e-05
691953,2.944e-05
692006,2.176e-05
692023,0.000153088
692053,0.000110592
692069,0.000101632
692088,1.1776e-05
692093,2.2272e-05
692098,7.936e-06
692106,2.2784e-05
692109,4.7104e-05
692124,9.984e-06
692130,4.864e-06
692158,6.4512e-05
692160,2.432e-05
692177,1.024e-06
692196,0.000148224
692201,5.888e-05
692211,1.0496e-05
692216,5.632e-06
692220,1.1008e-05
692223,0.000182528
692247,2.5088e-05
692254,0.000145664
692273,5.632e-06
692280,5.7088e-05
692300,0.000311808
692322,3.0976e-05
692333,6.912e-05
692343,0.000142336
692348,0.0001024
692370,1.4848e-05
692373,9.7024e-05
692388,0.000105984
692393,7.68e-07
692403,1.408e-05
692416,8.192e-06
692438,8.192e-05
692467,2.6624e-05
692480,3.0976e-05
692495,0.000168704
692506,8.6784e-05
692520,4.864e-05
692527,2.176e-05
692560,0.000161536
692567,3.1488e-05
692569,0.000222976
692593,1.3056e-05
692597,5.9648e-05
692599,6.5536e-05
692644,2.0736e-05
692702,4.5824e-05
692779,0.000127488
692788,5.12e-05
692810,3.4048e-05
692821,2.5088e-05
692838,0.000120832
692868,8.448e-05
692893,0.005396224
692907,0.000710656
692956,4.3264e-05
692993,6.5024e-05
693001,9.4464e-05
693028,6.5792e-05
693042,2.9184e-05
693066,8.7808e-05
693084,0.000118272
693103,6.7072e-05
693111,1.6896e-05
693123,6.528e-05
693137,6.4512e-05
693150,5.4784e-05
693174,4.9408e-05
693180,0.000161024
693185,3.0208e-05
693192,2.3296e-05
693197,3.2256e-05
693203,1.2288e-05
693205,4.4288e-05
693218,4.992e-05
693227,0.00026624
693256,0.000109824
693272,3.2768e-05
693288,3.3024e-05
693314,5.888e-06
693324,7.9872e-05
693356,4.1984e-05
693357,0.009005568
693404,5.4272e-05
693423,7.0912e-05
693430,4.3264e-05
693438,0.000212992
693469,4.9152e-05
693489,0.000138752
693497,0.00763264
693507,0.017361664
693543,0.000141312
693564,3.5328e-05
693584,3.072e-06
693597,2.5344e-05
693600,9.1648e-05
693615,5.248e-05
693620,2.6624e-05
693640,0.000105216
693668,4.4544e-05
693699,0.000149504
693702,0.017584896
693760,4.5568e-05
693770,3.8912e-05
693783,5.0432e-05
693809,6.784e-05
693815,1.28e-06
693824,1.3568e-05
693843,0.00012288
693853,6.6048e-05
693881,0.000164096
693916,2.56e-06
693924,0.000124416
693930,2.1248e-05
693954,0.000146176
693957,6.8608e-05
693973,0.000100864
693978,0.000114176
694005,0.000126464
694015,2.5344e-05
694024,8.32e-05
694050,6.3744e-05
694062,2.9184e-05
694086,0.000180736
694093,0.008627712
694106,0.006681344
694166,7.4752e-05
694174,5.7088e-05
694178,3.3536e-05
694199,0.000153344
694231,6.4768e-05
694280,4.1216e-05
694313,1.1776e-05
694315,0.000101376
694318,3.2768e-05
694320,4.096e-06
694355,0.000148992
694368,5.9904e-05
694393,5.9904e-05
694395,9.728e-06
694412,2.2272e-05
694437,5.4528e-05
694447,0.0028416
694493,8.96e-06
694525,1.4336e-05
694528,1.2288e-05
694535,3.1232e-05
694538,1.408e-05
694542,9.472e-06
694560,7.936e-06
694590,3.4304e-05
694596,4.5824e-05
694626,3.712e-05
694629,1.28e-06
694646,3.1744e-05
694653,0.00011264
694694,0.003149824
694713,0.000689408
694748,0.00011136
694753,5.888e-06
694785,5.7856e-05
694792,4.6592e-05
694804,1.2032e-05
694835,1.1776e-05
694850,4.7872e-05
694859,2.4576e-05
694864,0.000153856
694901,8.8576e-05
694906,5.12e-07
694928,1.024e-05
694932,0.000119552
694946,6.7072e-05
694974,3.7632e-05
695010,0.000186368
695025,3.84e-05
695045,0.000150016
695048,2.3296e-05
695066,3.3024e-05
695068,1.9456e-05
695074,2.944e-05
695082,0.000156928
695099,6.1952e-05
695121,9.4208e-05
695128,5.4272e-05
695137,7.8336e-05
695145,0.000228608
695178,0.000107264
695212,0.000349184
695229,0.000209664
695277,0.000111616
695286,2.816e-05
695293,6.9632e-05
695342,3.9936e-05
695358,2.2528e-05
695362,1.28e-06
695371,1.0752e-05
695372,2.7648e-05
695374,0.013661184
695423,7.424e-06
695429,1.2032e-05
695438,6.3744e-05
695453,6.656e-05
695457,2.9952e-05
695461,7.3984e-05
695484,5.6576e-05
695496,6.656e-06
695509,5.12e-05
695514,0.000117248
695531,0.000102656
695537,0.000100352
695546,2.6112e-05
695570,5.632e-06
695590,2.8416e-05
695597,3.0208e-05
695598,1.0496e-05
695625,9.6e-05
695643,0.000247296
695653,1.4336e-05
695674,2.6368e-05
695677,2.5856e-05
695707,6.9376e-05
695742,2.2016e-05
695753,0.000204544
695777,1.9968e-05
695794,2.816e-05
695806,1.9968e-05
695826,7.7056e-05
695828,7.8592e-05
695839,3.6352e-05
695862,5.8624e-05
695865,2.4576e-05
695887,8.9344e-05
695894,6.9376e-05
695906,2.304e-05
695907,0.007354112
695952,0.000100096
695975,4.0448e-05
695985,3.8912e-05
696002,9.2928e-05
696038,0.000109056
696068,0.000124928
696078,2.6624e-05
696091,1.5616e-05
696092,0.004008192
696145,0.000132608
696159,4.48e-05
696173,6.0416e-05
696192,0.0001024
696195,1.024e-05
696200,9.728e-06
696221,4.4288e-05
696247,2.8416e-05
696249,1.2544e-05
696262,7.68e-07
696273,2.0992e-05
696286,1.6128e-05
696290,8.2944e-05
696312,0.000210176
696316,1.5872e-05
696339,6.0416e-05
696343,1.2032e-05
696350,4.2752e-05
696370,4.6848e-05
696382,0.0001088
696403,1.28e-05
696418,1.6128e-05
696465,3.6096e-05
696493,0.008691968
696572,1.0496e-05
696579,5.376e-05
696583,5.0688e-05
696596,1.1776e-05
696598,0.000215552
696630,2.3296e-05
696669,2.944e-05
696671,3.4816e-05
696674,2.9952e-05
696706,7.3984e-05
696708,3.9936e-05
696722,6.4e-06
696744,5.248e-05
696777,4.1216e-05
696785,0.000125952
696814,1.0752e-05
696820,1.664e-05
696833,2.2272e-05
696845,3.8144e-05
696869,6.4e-06
696888,7.7568e-05
696916,0.000233216
696950,3.5584e-05
696953,8.5248e-05
696963,5.12e-05
696968,3.3024e-05
696971,3.2256e-05
697006,0.000100864
697009,2.56e-06
697015,0.000196352
697072,4.5568e-05
697080,5.4016e-05
697083,3.6096e-05
697097,4.608e-06
697105,4.48e-05
697107,0.002464768
697170,5.1712e-05
697183,4.5312e-05
697208,3.6864e-05
697225,9.8304e-05
697260,2.3296e-05
697263,7.8848e-05
697282,1.6128e-05
697314,2.304e-05
697323,2.2784e-05
697326,3.0208e-05
697340,4.224e-05
697352,2.8672e-05
697370,7.0656e-05
697385,2.2528e-05
697400,8.3968e-05
697414,3.84e-06
697424,1.408e-05
697459,6.272e-05
697465,1.664e-05
697492,9.472e-06
697500,3.9168e-05
697554,6.3232e-05
697560,4.352e-05
697580,5.9648e-05
697596,7.7568e-05
697603,8.192e-05
697635,7.5008e-05
697640,0.000104448
697653,8.064e-05
697677,6.6304e-05
697680,2.2784e-05
697687,3.6608e-05
697695,1.3312e-05
697696,0.006729472
697700,0.005846784
697742,5.376e-06
697785,7.424e-06
697797,8.064e-05
697803,5.632e-06
697839,8.6528e-05
697852,3.7376e-05
697876,3.584e-05
697879,3.328e-05
697889,0.000126464
697896,1.0496e-05
697903,0.000194048
697912,3.328e-05
697952,0.000203776
697994,2.56e-05
697999,3.584e-06
698006,0.000109568
698024,2.8416e-05
698034,7.0912e-05
698042,3.2e-05
698057,0.000159744
698108,3.0208e-05
698115,0.000126208
698128,3.2e-05
698140,5.8624e-05
698154,4.6592e-05
698156,0.00013056
698172,2.4064e-05
698189,5.888e-05
698245,0.000108032
698256,3.3792e-05
698264,2.0992e-05
698270,4.352e-05
698288,0.000103424
698293,8.2176e-05
698295,4.5568e-05
698305,6.9888e-05
698319,0.00013312
698350,9.472e-06
698355,3.0208e-05
698361,8.704e-06
698377,0.00338304
698404,0.002775552
698409,0.001565952
698413,0.000162048
698415,0.00061184
698417,0.0032832
698456,7.424e-06
698503,6.0672e-05
698508,0.003429632
698526,0.00043008
698564,6.2464e-05
698570,6.7328e-05
698595,5.6832e-05
698611,8.4992e-05
698618,5.0432e-05
698654,2.5088e-05
698664,2.4064e-05
698700,0.000122624
698704,2.4064e-05
698708,2.2528e-05
698720,8.4736e-05
698737,4.6848e-05
698741,4.864e-05
698751,2.7648e-05
698764,4.224e-05
698778,9.1136e-05
698781,0.000126976
698823,6.144e-06
698858,6.656e-06
698872,1.6384e-05
698889,3.6608e-05
698894,0.004688128
698905,0.002751744
698935,6.6304e-05
698950,6.9632e-05
698962,3.2768e-05
698966,4.6336e-05
698970,7.68e-07
698976,3.2256e-05
698985,4.9152e-05
699032,6.7072e-05
699035,6.0416e-05
699061,9.472e-05
699072,0.00013056
699108,0.000287744
699111,6.144e-06
699142,2.4064e-05
699153,6.0928e-05
699185,3.6352e-05
699200,3.5328e-05
699215,0.000100352
699225,3.8912e-05
699231,6.7328e-05
699243,5.12e-06
699248,0.000179968
699254,0.000250112
699258,0.000157696
699297,3.6352e-05
699305,0.000104704
699309,6.7328e-05
699342,3.584e-06
699347,6.5024e-05
699353,0.000120832
699400,1.7664e-05
699417,0.00126592
699455,2.5344e-05
699468,0.000110336
699482,0.000571392
699499,0.002735104
699531,6.144e-06
699545,2.5344e-05
699560,6.2208e-05
699572,5.0176e-05
699575,2.4832e-05
699586,1.792e-06
699599,4.352e-05
699611,1.4848e-05
699616,1.536e-05
699620,0.00179456
699657,6.8096e-05
699686,0.000163584
699699,0.000143104
699737,9.728e-06
699756,3.584e-05
699791,0.000107776
699804,5.4016e-05
699819,7.8592e-05
699823,3.712e-05
699834,1.792e-06
699843,9.2928e-05
699854,2.9952e-05
699861,7.0656e-05
699871,7.1168e-05
699893,1.9968e-05
699932,1.0752e-05
699938,8.6784e-05
699950,0.000141824
699955,4.9664e-05
699975,3.328e-06
699978,6.272e-05
699992,9.856e-05
700002,7.0656e-05
700025,4.1472e-05
700048,0.000178688
700071,5.2224e-05
700079,1.8432e-05
700092,0.000128768
700094,0.002627328
700100,0.000535552
700105,0.000527104
700136,9.2416e-05
700166,9.728e-06
700180,5.9904e-05
700191,1.28e-05
700196,9.1648e-05
700200,9.4208e-05
700225,2.4064e-05
700245,1.5616e-05
700249,9.0112e-05
700260,2.2272e-05
700268,3.072e-06
700315,1.2288e-05
700352,3.2512e-05
700356,0.00780032
700395,4.7104e-05
700420,2.5856e-05
700441,0.000102144
700445,7.1168e-05
700476,6.3488e-05
700482,9.216e-06
700485,6.3488e-05
700486,0.016843008
700548,4.7872e-05
700553,7.6288e-05
700564,1.7664e-05
700594,3.4816e-05
700605,6.912e-06
700615,6.016e-05
700625,7.168e-05
700632,7.0912e-05
700641,5.5552e-05
700643,4.608e-06
700670,9.9584e-05
700672,4.0192e-05
700694,0.000127488
700712,8.96e-06
700736,6.4256e-05
700743,3.6096e-05
700750,7.552e-05
700753,5.4528e-05
700795,7.168e-06
700800,4.1216e-05
700808,9.8304e-05
700829,0.00021376
700908,6.1952e-05
700928,0.000100096
700972,0.000146688
700980,8.5248e-05
700992,1.5616e-05
701006,9.728e-06
701014,9.216e-06
701020,3.4816e-05
701056,1.7408e-05
701058,8.4224e-05
701096,2.048e-06
701106,7.6544e-05
701112,5.888e-05
701120,0.00015744
701145,2.3296e-05
701153,6.8352e-05
701166,6.528e-05
701169,9.472e-06
701180,3.4304e-05
701188,6.528e-05
701208,9.7024e-05
701219,0.000154368
701232,8.8832e-05
701237,6.144e-06
701241,3.0976e-05
701247,1.9968e-05
701255,9.1392e-05
701270,0.001588224
701314,5.3248e-05
701316,3.7376e-05
701363,2.1248e-05
701393,3.0464e-05
701428,2.4064e-05
701441,1.4848e-05
701476,4.096e-06
701482,5.8624e-05
701490,0.000211968
701516,3.584e-06
701518,1.6128e-05
701533,1.7664e-05
701588,6.656e-06
701593,2.5344e-05
701602,0.000115456
701619,7.2448e-05
701632,3.1232e-05
701648,0.000305408
701681,2.048e-06
701686,8.2688e-05
701688,0.000160512
701702,0.00064
701716,5.12e-05
701726,7.2192e-05
701746,2.816e-05
701766,9.344e-05
701786,5.12e-06
701794,0.000177664
701803,6.784e-05
701810,0.000142848
701855,2.8928e-05
701861,0.000129536
701867,0.001504512
701893,0.000630272
701897,0.0017856
701902,0.00034688
701951,2.4576e-05
701957,9.216e-06
701972,2.5344e-05
702042,9.1648e-05
702086,1.7408e-05
702123,1.4592e-05
702128,9.728e-06
702135,0.000131328
702153,8.704e-06
702168,2.304e-06
702202,6.1696e-05
702206,0.00011648
702232,9.728e-06
702238,4.5056e-05
702270,5.0944e-05
702277,2.816e-06
702290,0.000290304
702307,5.376e-06
702313,6.7584e-05
702330,1.408e-05
702332,3.9168e-05
702362,3.584e-06
702369,0.000183296
702376,6.144e-06
702384,2.7136e-05
702397,4.5568e-05
702400,5.6064e-05
702408,1.5872e-05
702426,5.12e-06
702445,5.0944e-05
702457,0.00016128
702462,2.9184e-05
702482,1.5104e-05
702484,0.000102912
702494,0.00151296
702497,0.001662976
702507,0.007697664
702520,0.097896448
702606,3.4048e-05
702613,0.0017152
702644,0.000124672
702661,3.6608e-05
702679,9.5744e-05
702689,9.984e-06
702695,0.000143104
702704,2.5088e-05
702731,1.6896e-05
702744,1.3056e-05
702746,9.216e-06
702760,8.2432e-05
702767,7.3984e-05
702795,7.0144e-05
702800,6.8608e-05
702812,0.000169216
702846,8.832e-05
702851,2.688e-05
702868,2.6368e-05
702870,4.992e-05
702876,0.000100096
702887,1.536e-05
702894,6.4e-06
702902,9.3184e-05
702912,9.4208e-05
702926,8.32e-05
702944,5.7088e-05
702950,3.2e-05
702952,0.00026496
702960,0.000196608
702994,8.3968e-05
703009,2.7904e-05
703013,0.000229376
703024,2.0736e-05
703043,2.1248e-05
703057,8.3456e-05
703061,5.888e-06
703073,5.4272e-05
703093,0.006823168
703106,0.000754176
703156,0.00012672
703201,3.5072e-05
703205,8.0896e-05
703227,4.864e-06
703230,5.632e-06
703240,4.3776e-05
703250,0.000110848
703256,4.352e-05
703291,3.8144e-05
703299,0.000230656
703301,0.009179392
703307,0.012932608
703405,8.448e-06
703436,0.000264448
703468,7.168e-05
703471,4.6592e-05
703480,0.002137856
703508,6.656e-06
703558,4.1472e-05
703570,4.4544e-05
703575,0.000125184
703578,3.84e-06
703585,0.000204544
703603,1.2544e-05
703609,9.2672e-05
703629,2.1504e-05
703661,5.0176e-05
703663,0.000244224
703666,4.5312e-05
703668,4.9664e-05
703675,0.000376832
703705,0.002027008
703766,1.792e-06
703768,0.000154624
703770,1.8432e-05
703807,1.8432e-05
703815,0.007047168
703844,0.000100096
703881,0.000233472
703898,8.6784e-05
703911,3.456e-05
703926,3.1744e-05
703928,1.8688e-05
703948,8.832e-05
703955,7.68e-07
703960,0.00018688
704004,5.248e-05
704008,5.12e-07
704012,4.4288e-05
704024,5.8368e-05
704048,4.096e-06
704051,0.000124416
704060,9.216e-06
704087,6.8096e-05
704093,9.984e-06
704095,0.000132352
704113,0.000110336
704135,3.1232e-05
704137,2.304e-06
704142,5.6576e-05
704148,1.28e-06
704153,5.888e-05
704182,1.1008e-05
704192,2.8928e-05
704210,2.6368e-05
704215,6.912e-06
704233,6.016e-05
704243,8.3968e-05
704250,6.2208e-05
704261,5.4272e-05
704284,0.000236032
704302,7.2704e-05
704307,0.002624256
704321,0.00145152
704378,2.9184e-05
704384,4.5056e-05
704388,0.000219392
704409,0.000651776
704470,2.1248e-05
704484,0.000248576
704491,6.0416e-05
704509,4.5824e-05
704518,0.000195328
704552,8.704e-06
704572,4.3008e-05
704582,0.000458752
704604,2.048e-06
704606,2.5856e-05
704620,1.664e-05
704631,1.8176e-05
704644,1.6896e-05
704664,0.001077248
704697,0.000122368
704735,4.1216e-05
704765,0.002318848
704782,3.072e-05
704812,0.000150528
704852,4.1216e-05
704879,0.00017024
704894,1.5872e-05
704909,0.000182272
704943,7.0144e-05
704962,0.000168704
704986,3.072e-05
704988,3.3792e-05
704992,0.000103936
705026,0.000100352
705032,7.424e-06
705035,2.1248e-05
705054,8.576e-05
705074,0.00030976
705093,4.9152e-05
705120,2.4576e-05
705125,4.8128e-05
705135,7.936e-06
705158,1.024e-06
705160,3.2768e-05
705162,6.0672e-05
705182,9.856e-05
705184,9.4208e-05
705188,0.000108032
705228,5.376e-05
705235,3.072e-06
705249,2.5344e-05
705250,5.0176e-05
705327,7.168e-06
705351,4.5056e-05
705357,1.0752e-05
705366,0.000124672
705371,0.000120832
705396,2.688e-05
705409,0.000145152
705416,0.00014976
705451,8.5504e-05
705469,1.28e-06
705477,6.7584e-05
705503,4.096e-05
705505,2.2784e-05
705506,0.002587136
705538,7.7312e-05
705551,0.000112128
705566,0.00013056
705579,0.001648384
705602,3.3024e-05
705606,1.024e-06
705610,5.9904e-05
705631,5.2992e-05
705634,5.4784e-05
705638,0.000572416
705666,6.144e-06
705688,7.5264e-05
705694,1.1264e-05
705704,2.5856e-05
705735,0.000882688
705760,0.000110336
705779,8.8064e-05
705783,3.3536e-05
705792,2.1504e-05
705797,0.00013568
705806,7.68e-07
705808,0.000465408
705839,2.816e-05
705843,5.376e-06
705853,1.3568e-05
705871,7.4496e-05
705880,4.8384e-05
705886,0.00015744
705900,5.5296e-05
705907,0.00010624
705931,1.3824e-05
705949,6.0416e-05
705952,0.016254464
705958,0.010851328
705961,0.009256192
706024,1.6384e-05
706037,6.7072e-05
706057,2.2016e-05
706065,1.792e-06
706076,1.8688e-05
706080,4.5056e-05
706103,3.7888e-05
706106,0.000315648
706138,4.608e-05
706154,1.4848e-05
706161,8.32e-05
706183,3.072e-06
706193,2.2016e-05
706202,9.6512e-05
706212,0.000150272
706231,1.7152e-05
706241,0.000110336
706263,7.168e-06
706287,0.000144128
706300,5.8368e-05
706310,6.0672e-05
706311,0.00071296
706335,4.736e-05
706349,0.000514048
706398,4.0704e-05
706402,8.96e-05
706406,0.000137216
706414,3.6352e-05
706423,0.000124928
706430,0.000105472
706463,3.84e-06
706489,3.584e-05
706506,2.7392e-05
706509,1.4336e-05
706525,6.2464e-05
706544,4.352e-06
706553,4.6848e-05
706571,0.0001472
706576,9.9584e-05
706579,2.1248e-05
706600,1.6896e-05
706606,0.000163072
706622,8.704e-06
706641,2.0736e-05
706653,0.000107776
706667,9.1648e-05
706679,3.2768e-05
706680,0.002440448
706693,0.00276224
706697,0.002929408
706706,0.000124928
706766,0.001374976
706820,0.000107776
706836,2.2016e-05
706847,1.6128e-05
706854,2.1248e-05
706883,6.0416e-05
706886,9.0368e-05
706888,0.00012672
706928,0.001088768
706997,0.000121088
707009,2.2528e-05
707016,2.0992e-05
707026,1.4592e-05
707046,0.004807424
707095,7.936e-05
707124,2.4832e-05
707140,4.6336e-05
707163,2.048e-05
707183,0.000106752
707185,3.4304e-05
707200,4.7616e-05
707211,5.4272e-05
707222,6.7328e-05
707233,0.001478144
707276,4.1984e-05
707285,2.2784e-05
707293,0.000494336
707294,0.000535296
707305,2.9184e-05
707311,0.00118272
707364,3.1232e-05
707372,6.7072e-05
707382,2.3296e-05
707400,6.3232e-05
707415,3.072e-06
707417,7.04e-05
707432,2.4576e-05
707452,4.1216e-05
707456,5.6832e-05
707471,8.064e-05
707479,1.2288e-05
707483,2.5344e-05
707490,1.7664e-05
707496,5.0176e-05
707501,2.5088e-05
707527,0.0011456
707535,0.001137152
707592,0.00011008
707624,6.016e-05
707656,5.3504e-05
707677,7.5264e-05
707692,8.9344e-05
707720,3.8656e-05
707726,7.424e-06
707744,7.1936e-05
707820,0.000154112
707835,2.0736e-05
707846,5.8112e-05
707863,1.8688e-05
707869,2.2016e-05
707878,4.0704e-05
707890,0.000105984
707893,0.003249152
707899,0.000269312
707932,3.6608e-05
707940,9.728e-06
707993,5.7856e-05
708002,7.2448e-05
708040,4.1728e-05
708042,7.3984e-05
708054,0.000137472
708059,4.096e-06
708093,3.6864e-05
708112,1.7664e-05
708131,0.000442624
708136,0.000256256
708140,0.000122624
708151,0.000222464
708155,0.00033664
708161,0.000196608
708174,0.098940928
708238,1.8688e-05
708259,3.0976e-05
708271,3.072e-06
708277,0.001242368
708283,0.000480256
708330,5.4016e-05
708340,0.000188928
708368,0.0001344
708378,6.4e-06
708383,6.656e-06
708389,1.024e-05
708409,2.56e-06
708415,0.00011904
708424,0.018387968
708486,4.5568e-05
708497,0.01896448
708558,0.000189952
708580,3.328e-05
708599,5.248e-05
708612,1.3312e-05
708614,1.1776e-05
708632,1.6128e-05
708657,4.5056e-05
708668,2.3808e-05
708697,3.0208e-05
708699,2.048e-05
708714,4.1216e-05
708723,2.2272e-05
708735,4.3264e-05
708748,2.688e-05
708768,3.6352e-05
708791,2.8416e-05
708813,0.000135424
708819,0.000236032
708836,0.000215552
708846,6.0672e-05
708913,0.000129536
708934,1.4848e-05
708941,9.344e-05
708958,1.3568e-05
708975,0.000116224
708980,0.00025984
708990,1.024e-05
709000,4.352e-06
709017,1.1776e-05
709058,1.0752e-05
709068,8.8576e-05
709079,4.4288e-05
709081,7.8848e-05
709090,4.096e-06
709100,0.00010112
709106,7.936e-06
709126,3.584e-06
709128,9.472e-06
709132,6.4e-06
709146,6.9888e-05
709175,9.216e-05
709223,8.9088e-05
709246,2.9184e-05
709247,0.002403584
709285,3.4816e-05
709292,0.00018048
709313,1.5872e-05
709358,0.000289024
709376,2.2016e-05
709408,1.2288e-05
709428,8.6528e-05
709448,0.000188416
709472,5.8112e-05
709484,0.000121856
709499,2.2528e-05
709512,2.2784e-05
709521,0.000216832
709546,4.6592e-05
709548,0.000122624
709573,7.3984e-05
709608,5.6832e-05
709615,0.000125952
709666,1.8432e-05
709670,2.048e-06
709693,0.001704704
709702,0.000764672
709716,9.6e-05
709733,6.912e-06
709746,6.9376e-05
709764,9.216e-06
709796,3.7376e-05
709821,0.000181248
709831,1.28e-05
709849,8.5248e-05
709859,9.3696e-05
709868,1.792e-06
709889,3.456e-05
709896,4.992e-05
709912,2.304e-06
709936,2.0224e-05
709949,0.000139264
709959,3.2256e-05
709998,4.2496e-05
710005,1.792e-05
710007,3.712e-05
710017,9.7024e-05
710032,3.5072e-05
710045,0.00020736
710071,1.2544e-05
710112,1.5616e-05
710116,1.6896e-05
710148,4.3008e-05
710174,1.4592e-05
710232,1.1776e-05
710237,6.9888e-05
710252,3.6096e-05
710260,0.000158976
710278,0.000157184
710294,1.6384e-05
710295,6.3744e-05
710306,0.00082048
710339,1.664e-05
710345,0.00013568
710375,4.864e-05
710385,1.4848e-05
710392,0.000165632
710407,2.6368e-05
710440,6.0672e-05
710480,0.00015232
710482,1.4592e-05
710499,8.1152e-05
710512,3.3792e-05
710516,9.728e-06
710524,1.024e-06
710539,6.656e-06
710547,5.9904e-05
710551,8.1664e-05
710573,2.9696e-05
710579,4.5824e-05
710586,3.84e-05
710600,6.0672e-05
710604,3.2768e-05
710611,2.2272e-05
710625,0.00023424
710649,1.5104e-05
710674,0.000167936
710684,0.000102144
710702,5.0944e-05
710706,4.7616e-05
710721,2.304e-05
710742,9.6256e-05
710760,3.456e-05
710764,4.608e-06
710766,3.5328e-05
710778,3.2e-05
710796,3.0464e-05
710802,5.888e-05
710812,6.9888e-05
710844,2.56e-06
710854,6.6048e-05
710855,5.376e-06
710878,1.664e-05
710894,0.000301568
710916,8.576e-05
710921,3.6864e-05
710952,4.8128e-05
710964,1.6128e-05
710968,4.5824e-05
710988,4.4032e-05
710990,1.9712e-05
711002,7.5776e-05
711017,2.816e-05
711032,1.0752e-05
711043,3.4816e-05
711065,1.92e-05
711075,4.8128e-05
711090,5.12e-07
711123,0.000111872
711138,4.3776e-05
711153,2.2016e-05
711167,1.7408e-05
711170,4.096e-05
711172,8.192e-05
711204,3.5328e-05
711208,3.584e-06
711226,1.3824e-05
711235,5.2736e-05
711241,2.2528e-05
711260,0.000238336
711287,4.096e-05
711290,2.5344e-05
711312,6.3744e-05
711321,3.9424e-05
711340,6.0672e-05
711356,0.000234496
711368,2.9184e-05
711380,6.912e-06
711390,9.1904e-05
711410,2.5856e-05
711444,0.000135168
711483,7.168e-06
711485,8.1664e-05
711493,4.1216e-05
711494,0.003351552
711495,0.00333184
711511,0.003058432
711585,8.3712e-05
711606,0.000150528
711655,0.00010112
711669,0.000104192
711683,1.8688e-05
711688,1.3056e-05
711692,2.5856e-05
711716,6.656e-06
711742,7.2192e-05
711752,4.864e-06
711768,3.7888e-05
711781,7.936e-05
711792,2.5088e-05
711813,0.000130816
711862,2.4064e-05
711871,4.352e-06
711883,1.6896e-05
711892,6.4768e-05
711937,9.2416e-05
711944,1.024e-06
711968,7.68e-07
711982,5.3504e-05
711984,2.6624e-05
711999,0.000162048
712014,0.000135424
712022,0.000103936
712026,6.2208e-05
712041,3.456e-05
712067,0.000133376
712073,4.6592e-05
712082,4.992e-05
712086,4.2496e-05
712093,0.003055616
712106,0.005953024
712153,1.536e-05
712171,1.1776e-05
712208,5.3504e-05
712218,0.000147968
712232,0.00010112
712247,0.000164608
712273,0.000112384
712289,2.176e-05
712310,5.6832e-05
712338,3.9168e-05
712362,3.6608e-05
712398,4.3776e-05
712408,4.736e-05
712412,9.216e-06
712416,2.2784e-05
712438,1.2288e-05
712446,5.9904e-05
712471,0.000101376
712495,1.792e-06
712508,0.000106752
712531,7.0144e-05
712555,2.816e-05
712595,5.12e-05
712602,1.1008e-05
712630,0.017794304
712679,0.000126208
712691,1.536e-05
712713,9.7024e-05
712758,2.4576e-05
712767,0.000126464
712775,6.016e-05
712800,6.0416e-05
712805,0.000185088
712811,0.000255232
712822,0.000182528
712830,1.792e-06
712844,8.6784e-05
712864,0.00013184
712867,4.4544e-05
712886,3.2768e-05
712895,5.2224e-05
712919,0.000146432
712928,0.000724224
712940,0.000608
712971,3.2e-05
713005,1.5872e-05
713021,4.1216e-05
713034,7.04e-05
713047,0.000197888
713071,8.6784e-05
713082,8.704e-06
713105,8.8064e-05
713128,2.9952e-05
713145,0.001751552
713169,6.784e-05
713173,5.9392e-05
713202,3.5072e-05
713220,0.000187904
713234,0.000581632
713252,0.000171008
713281,2.1248e-05
713285,8.4736e-05
713330,4.6848e-05
713332,1.3824e-05
713340,0.000127232
713352,0.000142592
713358,0.000101376
713364,2.048e-06
713380,4.0704e-05
713400,9.728e-06
713406,0.000118784
713455,3.8656e-05
713468,3.6864e-05
713508,1.9456e-05
713513,2.1248e-05
713515,0.000137984
713534,9.2928e-05
713540,1.1008e-05
713548,5.504e-05
713572,8.0896e-05
713576,9.0368e-05
713580,4.096e-06
713610,3.072e-05
713626,5.0432e-05
713638,2.304e-06
713667,0.000109568
713685,0.000204032
713736,0.002816512
713816,9.728e-06
713828,8.9088e-05
713852,5.632e-05
713869,1.5616e-05
713875,1.1008e-05
713893,0.008786432
713902,0.00503424
713954,8.0384e-05
713995,4.5056e-05
714005,3.072e-06
714029,3.072e-06
714040,3.84e-06
714044,0.00011776
714070,6.4256e-05
714100,2.5856e-05
714104,9.216e-05
714110,1.792e-06
714118,0.000124672
714123,5.7856e-05
714131,4.4544e-05
714133,0.000127232
714138,8.192e-06
714148,7.2448e-05
714158,1.3312e-05
714185,3.2768e-05
714195,0.000103168
714208,0.000365312
714223,4.3008e-05
714230,3.0976e-05
714240,7.6544e-05
714285,6.3488e-05
714306,5.632e-06
714308,2.304e-06
714315,4.864e-06
714324,7.936e-06
714340,0.000187392
714349,3.5072e-05
714396,8.4224e-05
714403,1.2032e-05
714426,6.4512e-05
714433,4.608e-06
714458,1.28e-05
714470,0.001724672
714496,0.00276992
714506,0.002811648
714573,2.048e-06
714581,3.8144e-05
714588,5.2736e-05
714596,6.912e-06
714609,6.9376e-05
714629,6.016e-05
714650,1.024e-05
714683,8.1152e-05
714688,1.8176e-05
714695,8.7552e-05
714731,1.7664e-05
714735,5.2224e-05
714753,2.0992e-05
714759,3.0464e-05
714762,0.00011008
714778,0.00012032
714801,3.968e-05
714804,3.2e-05
714809,6.6048e-05
714845,0.000113664
714860,8.192e-06
714861,5.3248e-05
714864,1.9456e-05
714868,3.3792e-05
714878,2.56e-05
714880,0.00013568
714889,4.736e-05
714907,7.7568e-05
714913,3.3792e-05
714923,2.6624e-05
714929,0.000233728
714933,9.8304e-05
714956,9.0112e-05
714972,3.3792e-05
714991,5.376e-06
715002,9.088e-05
715021,7.168e-05
715049,0.000100352
715056,2.56e-06
715069,2.176e-05
715082,4.48e-05
715094,0.005852928
715097,0.00023552
715188,1.4336e-05
715198,2.0736e-05
715204,0.000128768
715215,4.3776e-05
715224,3.9936e-05
715239,2.5344e-05
715257,2.304e-06
715275,0.000127232
715287,8.6528e-05
715301,0.000127488
715310,3.9168e-05
715337,9.4208e-05
715339,6.9376e-05
715351,3.9168e-05
715389,0.000156416
715406,4.3776e-05
715421,5.5296e-05
715432,2.8928e-05
715458,2.56e-05
715479,3.4048e-05
715481,2.5344e-05
715498,7.936e-06
715513,7.168e-06
715524,6.7584e-05
715529,2.56e-06
715545,6.6048e-05
715578,1.536e-05
715580,0.000124928
715586,0.00014464
715592,2.56e-06
715603,4.4544e-05
715625,1.7408e-05
715645,7.0656e-05
715679,3.072e-05
715693,0.028461056
715798,0.0001664
715803,1.7664e-05
715840,1.2032e-05
715846,8.6016e-05
715872,5.4784e-05
715876,0.00016768
715889,2.5088e-05
715920,2.56e-06
715935,4.224e-05
715953,0.000166144
715984,2.9952e-05
715986,3.1744e-05
715992,8.32e-05
716002,3.2768e-05
716014,5.0944e-05
716045,8.192e-06
716053,9.3184e-05
716070,4.096e-06
716076,3.712e-05
716108,0.000173056
716113,1.4336e-05
716147,5.7856e-05
716170,1.024e-05
716183,4.352e-06
716188,4.1472e-05
716196,6.0416e-05
716221,1.024e-06
716247,0.000377088
716270,4.864e-05
716302,6.7328e-05
716306,0.000950784
716334,4.9152e-05
716383,5.376e-06
716388,6.5536e-05
716394,8.5504e-05
716406,0.000101376
716408,1.536e-06
716422,5.7856e-05
716463,7.68e-07
716471,0.000137984
716485,0.00014464
716512,6.3232e-05
716535,4.6336e-05
716596,3.2768e-05
716601,0.000138752
716606,1.28e-05
716630,0.000280576
716637,3.84e-06
716643,4.2496e-05
716661,4.352e-05
716695,4.8896e-05
716708,3.2768e-05
716714,1.28e-06
716718,7.5008e-05
716739,5.3248e-05
716764,9.984e-06
716782,0.0001088
716793,5.6832e-05
716800,3.6352e-05
716810,0.0002304
716866,5.632e-06
716886,3.712e-05
716893,0.029554944
716959,4.3008e-05
716971,1.28e-05
716994,2.304e-06
717002,0.00013824
717005,6.8864e-05
717022,1.9456e-05
717044,6.656e-06
717053,3.072e-05
717061,5.0176e-05
717066,0.000121344
717094,6.4e-05
717103,7.68e-06
717124,0.000125952
717153,2.6112e-05
717184,4.7104e-05
717200,0.000115712
717205,3.84e-06
717208,0.000260864
717213,3.328e-06
717244,0.0007872
717278,5.3248e-05
717293,4.096e-05
717314,3.3792e-05
717333,3.072e-06
717355,0.000156416
717365,4.4032e-05
717377,3.584e-05
717390,0.00020224
717397,1.536e-05
717402,0.000112896
717412,8.4736e-05
717445,4.5056e-05
717465,5.504e-05
717480,7.424e-06
717483,8.6016e-05
717494,2.2528e-05
717497,0.002862336
717533,7.7312e-05
717548,4.7616e-05
717550,4.1728e-05
717583,1.024e-05
717588,1.8688e-05
717623,9.6e-05
717636,6.7584e-05
717656,3.2512e-05
717660,1.5872e-05
717680,3.4304e-05
717699,5.12e-06
717714,0.000175872
717723,5.8112e-05
717729,6.5024e-05
717756,2.8672e-05
717782,5.12e-06
717788,9.8048e-05
717812,2.8416e-05
717829,2.6624e-05
717841,8.5248e-05
717855,4.7104e-05
717864,2.56e-07
717891,7.68e-07
717911,4.096e-06
717917,7.04e-05
717942,5.632e-06
717953,3.1744e-05
717972,5.248e-05
717996,6.7072e-05
718016,0.00016384
718028,2.048e-05
718032,5.4784e-05
718053,0.0001984
718066,3.84e-05
718093,0.008957184
718134,6.1184e-05
718168,6.7584e-05
718181,2.5856e-05
718209,4.4032e-05
718214,2.9184e-05
718223,3.584e-05
718226,1.8944e-05
718247,0.000210688
718261,0.0001344
718268,1.1008e-05
718284,3.1744e-05
718306,1.9968e-05
718311,0.000168448
718315,1.792e-06
718328,0.000238336
718352,8.5248e-05
718357,9.6768e-05
718380,1.7408e-05
718386,3.6608e-05
718425,7.424e-06
718432,2.048e-06
718456,1.3056e-05
718460,1.5104e-05
718478,2.2016e-05
718482,4.864e-06
718493,0.000146432
718497,0.000102144
718513,3.1488e-05
718523,4.2752e-05
718535,2.8416e-05
718570,4.352e-06
718576,0.000104704
718581,1.9456e-05
718592,5.76e-05
718603,0.000138496
718622,1.1008e-05
718634,2.2528e-05
718637,2.688e-05
718640,1.1008e-05
718646,0.000101632
718652,0.000105728
718666,2.4576e-05
718667,0.000773376
718693,0.000759808
718694,7.168e-05
718698,0.005415424
718733,3.968e-05
718779,1.3312e-05
718795,1.3824e-05
718799,3.584e-05
718812,7.808e-05
718815,5.4272e-05
718838,6.4e-06
718844,0.00015232
718875,1.92e-05
718880,3.3792e-05
718892,5.12e-05
718899,4.0448e-05
718908,1.2032e-05
718926,8.3712e-05
718958,2.688e-05
718964,3.5072e-05
718968,4.4032e-05
718995,8.704e-06
719005,1.5872e-05
719018,0.000161024
719027,8.6016e-05
719034,3.2768e-05
719045,2.8672e-05
719068,7.808e-05
719080,6.5792e-05
719099,0.000148992
719132,2.3552e-05
719139,0.000101632
719145,0.0019008
719196,6.6304e-05
719220,5.632e-06
719250,2.2016e-05
719271,1.6128e-05
719294,1.792e-06
719306,9.4976e-05
719307,0.003318784
719341,1.3568e-05
719378,6.2464e-05
719380,1.3056e-05
719387,1.3056e-05
719406,2.0992e-05
719408,0.000204544
719433,1.4336e-05
719438,2.56e-05
719441,2.8672e-05
719450,9.4976e-05
719470,2.9696e-05
719472,8.96e-06
719489,1.6896e-05
719498,3.072e-05
719509,0.000257024
719538,7.3472e-05
719556,0.000144128
719566,5.1712e-05
719583,8.7296e-05
719639,4.7616e-05
719648,2.2784e-05
719661,2.816e-06
719666,2.1248e-05
719678,2.5856e-05
719690,7.552e-05
719698,4.7104e-05
719717,0.000129024
719721,2.4064e-05
719742,3.968e-05
719744,5.2992e-05
719762,4.352e-05
719792,4.864e-05
719811,4.4032e-05
719821,1.6896e-05
719848,2.3296e-05
719853,6.3744e-05
719863,6.2208e-05
719878,3.5584e-05
719893,0.000192512
719901,6.9376e-05
719928,0.000127744
719946,5.6064e-05
719956,7.424e-06
719959,1.9968e-05
719982,3.84e-05
720001,7.2192e-05
720004,4.4032e-05
720046,4.2752e-05
720073,0.000138752
720086,1.8432e-05
720101,4.3264e-05
720144,7.296e-05
720168,1.6128e-05
720189,5.9904e-05
720200,7.2448e-05
720212,3.712e-05
720214,0.000124928
720226,9.472e-06
720229,1.9968e-05
720241,5.376e-05
720245,1.9968e-05
720253,0.000166912
720264,1.536e-06
720286,6.7072e-05
720299,3.9168e-05
720330,0.000531712
720349,2.4064e-05
720388,0.000114944
720395,0.000150016
720442,3.0208e-05
720456,0.00018432
720474,2.8672e-05
720497,0.002994688
720507,0.001086208
720508,0.00072448
720511,0.001731072
720564,5.8624e-05
720578,1.9456e-05
720585,9.472e-05
720603,1.3824e-05
720650,3.072e-06
720671,6.6048e-05
720673,9.8048e-05
720680,3.712e-05
720692,0.000105728
720718,0.0001024
720724,1.152e-05
720775,4.7872e-05
720782,1.7664e-05
720784,4.8128e-05
720790,5.1968e-05
720811,4.9408e-05
720821,3.6352e-05
720843,5.9904e-05
720845,0.000144128
720872,7.936e-06
720877,5.1712e-05
720884,1.0752e-05
720900,0.000152064
720928,5.12e-06
720951,8.9856e-05
721000,0.00014592
721024,1.024e-06
721037,3.6864e-05
721064,3.5328e-05
721082,1.4592e-05
721097,0.002662912
721141,0.000124416
721142,3.072e-05
721158,5.2224e-05
721166,0.000199424
721189,3.1232e-05
721197,7.0144e-05
721204,0.000523776
721236,1.2032e-05
721238,2.1248e-05
721268,0.000115456
721273,4.352e-06
721300,8.32e-05
721302,1.2288e-05
721328,7.6032e-05
721332,6.2976e-05
721345,4.0448e-05
721385,1.8432e-05
721390,6.5792e-05
721396,1.7152e-05
721398,1.28e-05
721422,7.7568e-05
721443,0.000331264
721448,0.000107776
721471,0.004298752
721491,9.1904e-05
721541,6.912e-05
721572,1.4592e-05
721580,0.000108544
721598,0.00011136
721605,3.8144e-05
721622,7.424e-06
721640,0.000115456
721650,1.3568e-05
721660,4.608e-06
721678,0.000185088
721710,3.8912e-05
721720,7.7312e-05
721725,7.0144e-05
721735,2.1504e-05
721742,1.024e-06
721767,4.6336e-05
721774,5.888e-06
721788,9.1136e-05
721814,3.968e-05
721816,6.5024e-05
721829,2.048e-06
721839,5.888e-06
721843,1.1776e-05
721846,5.4016e-05
721886,1.536e-05
721888,6.656e-06
721938,4.1216e-05
721957,3.84e-05
721979,2.6368e-05
721990,2.6368e-05
722028,7.168e-06
722048,0.000132608
722072,0.00011648
722079,4.0192e-05
722106,1.4848e-05
722111,7.3472e-05
722116,1.3568e-05
722133,8.96e-06
722151,4.0448e-05
722155,0.0024896
722202,5.5808e-05
722217,7.68e-06
722222,0.000150784
722238,5.12e-07
722254,0.000347904
722282,6.656e-05
722293,0.000930048
722298,0.002785536
722332,9.4976e-05
722352,2.8672e-05
722360,0.000171264
722377,7.5008e-05
722386,1.0496e-05
722400,7.1424e-05
722406,0.000250112
722432,6.4512e-05
722445,5.376e-05
722450,1.3312e-05
722456,1.3312e-05
722467,3.968e-05
722488,5.632e-06
722495,0.00012928
722501,1.0496e-05
722503,9.728e-06
722523,5.8368e-05
722536,1.3312e-05
722544,1.92e-05
722553,8.576e-05
722581,2.816e-05
722600,3.84e-06
722603,2.304e-05
722608,5.1456e-05
722632,9.0368e-05
722634,2.0736e-05
722642,8.448e-05
722679,9.472e-06
722693,3.1744e-05
722724,3.6352e-05
722728,7.8336e-05
722736,3.9424e-05
722745,0.000115712
722753,6.2976e-05
722761,3.2512e-05
722783,3.2256e-05
722790,2.5344e-05
722838,0.000106496
722870,6.3232e-05
722894,0.004167936
722906,0.000900096
722909,0.005611776
722952,8.4992e-05
722957,3.84e-05
722982,9.3184e-05
722985,0.000157696
723010,4.4032e-05
723036,5.4272e-05
723041,0.000954112
723063,2.5344e-05
723076,1.152e-05
723089,4.6848e-05
723101,1.5872e-05
723112,7.168e-06
723124,3.2256e-05
723151,0.000129536
723212,6.4e-06
723247,5.2992e-05
723256,6.912e-06
723273,1.7664e-05
723277,1.28e-06
723293,8.704e-05
723320,8.3968e-05
723326,1.9968e-05
723365,4.352e-06
723367,2.176e-05
723368,0.001993216
723391,7.1936e-05
723420,1.2288e-05
723430,7.424e-06
723440,3.84e-05
723444,6.4e-05
723450,8.704e-06
723458,3.5072e-05
723477,9.1648e-05
723481,2.7648e-05
723489,2.7392e-05
723494,0.00096128
723507,0.003522048
723550,2.4576e-05
723580,3.9168e-05
723583,0.000113152
723599,2.56e-05
723627,3.6096e-05
723631,7.936e-06
723644,1.7664e-05
723654,0.00015104
723678,2.304e-05
723684,6.2976e-05
723705,7.3984e-05
723708,1.9456e-05
723738,0.000238848
723768,4.1472e-05
723809,2.8928e-05
723814,3.072e-05
723818,0.000101632
723838,3.6864e-05
723843,8.0896e-05
723874,3.3536e-05
723894,6.4768e-05
723911,7.9872e-05
723921,6.4e-05
723949,0.000111616
723960,2.4064e-05
723971,1.664e-05
723974,1.792e-06
723979,4.608e-06
723983,1.3056e-05
724020,5.3248e-05
724028,3.84e-06
724064,6.0928e-05
724094,0.000197888
724136,2.816e-06
724147,0.000149504
724162,2.4064e-05
724168,2.56e-07
724170,7.296e-05
724209,2.7136e-05
724223,0.000122112
724244,8.0128e-05
724246,7.2704e-05
724282,8.5504e-05
724338,0.000186112
724352,0.000208128
724364,3.4048e-05
724373,4.6848e-05
724392,9.3184e-05
724398,4.2496e-05
724415,2.688e-05
724419,4.5824e-05
724436,2.2016e-05
724442,0.000127744
724484,0.000169216
724519,6.1696e-05
724531,2.9184e-05
724545,4.2752e-05
724550,7.6288e-05
724572,6.912e-06
724623,3.1232e-05
724651,6.7072e-05
724663,9.984e-06
724674,0.000124928
724694,0.002096896
724728,4.5568e-05
724734,3.2512e-05
724752,1.0496e-05
724758,1.152e-05
724764,0.000105472
724787,3.8912e-05
724792,0.000127744
724799,0.000114688
724817,0.000178176
724835,4.096e-05
724838,1.2032e-05
724851,4.2496e-05
724860,3.584e-06
724868,4.3008e-05
724881,0.000124416
724894,7.2704e-05
724915,2.944e-05
724923,5.7344e-05
724925,0.00015616
724948,3.84e-06
724976,2.8928e-05
725009,2.048e-06
725014,0.00243328
725062,1.1264e-05
725069,8.96e-06
725082,7.68e-05
725094,1.3568e-05
725111,4.2496e-05
725116,6.656e-06
725152,4.5568e-05
725161,7.936e-06
725186,2.4576e-05
725203,3.4048e-05
725227,2.56e-07
725232,7.7312e-05
725235,3.1744e-05
725262,2.1248e-05
725267,1.792e-05
725278,3.4048e-05
725294,9.7536e-05
725297,0.017043456
725344,8.8064e-05
725397,2.1248e-05
725399,8.96e-05
725419,2.0992e-05
725444,6.4e-05
725476,0.000107776
725492,0.00015104
725495,0.000102656
725509,3.6096e-05
725536,8.6528e-05
725553,5.0944e-05
725563,2.9952e-05
725566,4.5312e-05
725569,5.3248e-05
725576,6.016e-05
725579,5.4016e-05
725590,7.4752e-05
725595,5.6064e-05
725610,0.000210944
725623,5.7344e-05
725668,2.6368e-05
725681,0.000656384
725735,0.000351744
725746,0.000172032
725764,4.5312e-05
725776,3.584e-05
725786,6.272e-05
725809,6.7072e-05
725819,0.000118784
725857,5.888e-06
725898,0.000123904
725906,0.001833728
725946,9.728e-06
725964,2.6112e-05
726003,6.7584e-05
726026,9.4208e-05
726030,3.6608e-05
726053,5.76e-05
726057,1.2032e-05
726069,2.2272e-05
726086,0.000107776
726094,4.6848e-05
726102,0.000126976
726104,0.000211456
726109,8.32e-05
726141,0.000159744
726153,0.000103424
726171,7.2704e-05
726176,7.8336e-05
726202,7.6288e-05
726206,2.5856e-05
726216,1.6128e-05
726233,9.1392e-05
726242,2.304e-05
726247,9.0112e-05
726253,2.048e-06
726257,1.6896e-05
726267,6.3744e-05
726272,3.1232e-05
726282,6.272e-05
726293,0.000184832
726299,7.8848e-05
726306,1.536e-06
726333,5.632e-05
726344,6.4512e-05
726346,2.56e-05
726357,1.664e-05
726380,1.024e-06
726390,2.4064e-05
726403,9.7536e-05
726429,6.4256e-05
726455,1.1008e-05
726465,1.2032e-05
726472,1.1008e-05
726494,1.1776e-05
726496,0.000178432
726513,4.3776e-05
726516,0.000121344
726540,0.000208128
726554,0.000155648
726567,6.4e-05
726584,4.8128e-05
726615,5.632e-05
726630,2.2272e-05
726633,0.000364032
726696,0.000145152
726698,3.84e-05
726703,1.9712e-05
726766,2.8928e-05
726777,0.000162816
726779,5.632e-06
726792,0.00012288
726812,0.000235776
726818,5.12e-07
726836,7.936e-06
726841,1.3568e-05
726869,5.5296e-05
726879,1.4848e-05
726885,2.944e-05
726923,1.8176e-05
726927,0.000100352
726955,2.304e-06
726984,7.5776e-05
727005,7.68e-06
727053,6.3488e-05
727071,0.008442624
727101,8.9344e-05
727114,0.00778112
727175,4.8896e-05
727176,8.0128e-05
727188,4.9408e-05
727232,0.000121344
727250,2.0224e-05
727273,5.6064e-05
727278,1.6128e-05
727291,3.456e-05
727310,7.68e-07
727333,0.018106112
727425,0.000108032
727433,4.736e-05
727439,3.84e-06
727443,6.912e-05
727451,1.8432e-05
727458,8.6784e-05
727485,5.376e-05
727500,3.9936e-05
727503,7.5264e-05
727521,5.6064e-05
727526,7.7056e-05
727536,5.632e-06
727544,2.7136e-05
727568,1.8176e-05
727589,5.4272e-05
727610,1.664e-05
727625,0.000219392
727656,8.96e-05
727664,2.3552e-05
727670,2.304e-05
727679,6.5536e-05
727680,0.002172928
727706,0.002072064
727762,2.9952e-05
727801,7.296e-05
727804,0.000114688
727832,3.3792e-05
727836,1.3312e-05
727841,4.9152e-05
727856,0.00012544
727897,3.3024e-05
727901,6.784e-05
727932,5.12e-05
727945,2.4064e-05
727964,0.000141312
727973,1.5104e-05
727975,3.1744e-05
727992,8.0128e-05
728002,5.504e-05
728023,2.3808e-05
728028,9.5488e-05
728071,8.3456e-05
728089,4.1472e-05
728093,8.7808e-05
728127,7.68e-06
728129,5.1456e-05
728137,3.7632e-05
728146,5.0432e-05
728166,4.8128e-05
728183,9.3184e-05
728191,0.000112384
728221,8.2944e-05
728234,2.4832e-05
728268,9.7024e-05
728274,0.000120576
728281,8.0896e-05
728297,0.006779648
728332,3.84e-05
728364,2.0992e-05
728372,5.6576e-05
728417,1.7408e-05
728421,2.6624e-05
728432,3.8656e-05
728436,9.472e-06
728450,1.6128e-05
728473,4.8384e-05
728502,7.552e-05
728506,2.8672e-05
728524,8.5248e-05
728540,1.92e-05
728558,7.68e-06
728577,1.3312e-05
728605,5.3504e-05
728607,1.7152e-05
728610,9.8048e-05
728624,5.1456e-05
728626,5.2224e-05
728635,1.792e-06
728670,4.8128e-05
728673,1.536e-06
728679,5.632e-06
728702,3.9424e-05
728708,1.9968e-05
728712,2.8416e-05
728740,2.56e-06
728745,5.0432e-05
728772,6.016e-05
728778,2.56e-06
728781,3.4048e-05
728795,4.1472e-05
728815,2.9952e-05
728838,1.792e-06
728862,0.033278464
728893,0.00801536
728897,0.003789824
728961,3.6352e-05
728972,2.56e-06
728978,7.0656e-05
728983,0.000160512
729014,2.048e-06
729019,3.584e-06
729021,1.024e-06
729024,1.2032e-05
729038,1.7664e-05
729072,6.784e-05
729076,0.000103168
729080,2.8928e-05
729103,1.024e-06
729105,5.6832e-05
729142,6.656e-06
729159,1.8688e-05
729178,6.0416e-05
729181,0.000112896
729193,0.002639104
729232,2.6624e-05
729251,5.9648e-05
729262,8.4736e-05
729284,0.000135424
729287,0.000118784
729298,0.000249856
729304,5.12e-06
729329,2.3808e-05
729332,0.000150272
729364,2.0736e-05
729382,4.5824e-05
729397,2.944e-05
729400,1.1264e-05
729418,2.7904e-05
729435,1.4592e-05
729441,4.864e-06
729468,6.2976e-05
729494,3.6096e-05
729496,0.000154112
729506,0.000162304
729517,4.352e-06
729538,2.56e-07
729541,4.4288e-05
729553,7.424e-06
729560,1.0752e-05
729573,5.8112e-05
729583,3.328e-05
729593,2.56e-05
729603,8.448e-06
729617,2.304e-06
729637,2.3296e-05
729652,5.12e-05
729662,0.000259072
729692,0.00029824
729724,7.4752e-05
729738,0.000169472
729772,5.8368e-05
729779,0.000209408
729808,3.584e-06
729833,0.0001344
729845,0.00018432
729882,6.8864e-05
729891,6.9376e-05
729901,0.001948416
729923,3.84e-06
729929,5.888e-06
729944,3.7376e-05
729974,1.5104e-05
729995,5.9392e-05
730008,2.6112e-05
730012,4.5824e-05
730027,3.8912e-05
730034,0.000255744
730057,0.000161024
730062,9.9328e-05
730064,0.00149376
730093,0.00038528
730101,2.56e-06
730106,0.000419328
730130,1.152e-05
730170,3.584e-06
730187,0.000105472
730211,6.656e-06
730248,5.12e-06
730256,5.7856e-05
730258,5.0176e-05
730274,6.5792e-05
730278,4.864e-06
730293,1.92e-05
730305,0.000163072
730313,6.8608e-05
730330,6.0416e-05
730337,1.1264e-05
730352,1.2544e-05
730367,6.4e-06
730382,7.6544e-05
730386,2.7392e-05
730398,0.000122368
730414,9.984e-06
730453,4.352e-06
730459,7.68e-06
730474,5.8112e-05
730484,5.2224e-05
730510,2.0736e-05
730513,3.712e-05
730517,2.6624e-05
730559,1.7152e-05
730578,9.1648e-05
730595,2.9952e-05
730634,2.3296e-05
730641,4.608e-05
730684,7.168e-06
730690,2.432e-05
730697,0.002350592
730706,0.001142528
730749,8.192e-06
730774,2.048e-05
730778,5.376e-06
730811,6.656e-05
730838,4.7616e-05
730880,8.4992e-05
730904,0.000164352
730919,1.6896e-05
730925,0.000114944
730951,8.7296e-05
730972,8.6528e-05
730977,4.8896e-05
730998,4.3264e-05
731017,6.9376e-05
731023,1.28e-06
731027,7.68e-07
731043,0.000242432
731071,0.000151552
731086,0.00026496
731104,2.4576e-05
731137,0.000184064
731160,7.3472e-05
731196,5.0688e-05
731202,3.584e-05
731232,3.7376e-05
731234,0.000125952
731251,0.000126464
731273,4.5056e-05
731278,2.6624e-05
731289,6.5024e-05
731293,9.9584e-05
731337,8.704e-05
731364,1.28e-06
731369,7.3728e-05
731381,1.3568e-05
731392,1.5872e-05
731402,3.5328e-05
731413,0.000132864
731418,2.4064e-05
731441,6.2976e-05
731445,1.7152e-05
731482,5.4272e-05
731496,0.00011648
731510,9.6256e-05
731536,2.2016e-05
731552,5.2736e-05
731559,3.9936e-05
731565,1.9712e-05
731572,1.1264e-05
731578,2.1504e-05
731582,2.816e-06
731596,0.000118528
731613,0.000145152
731620,3.8912e-05
731628,5.7088e-05
731648,2.304e-06
731659,2.56e-05
731694,0.000119552
731697,1.4336e-05
731704,1.4592e-05
731713,6.1184e-05
731724,5.12e-07
731737,2.5856e-05
731753,1.1776e-05
731757,0.000160512
731761,7.5008e-05
731766,4.48e-05
731782,0.000294912
731804,9.0112e-05
731825,1.7664e-05
731827,0.0002112
731842,6.912e-05
731861,8.192e-06
731882,1.8176e-05
731893,0.000598528
731919,3.328e-06
731922,7.936e-05
731990,0.000166912
732019,0.000229888
732028,5.4016e-05
732057,1.3312e-05
732072,0.000157952
732083,1.6128e-05
732109,5.5552e-05
732128,0.000122624
732178,5.3504e-05
732188,1.3568e-05
732211,1.1008e-05
732220,2.944e-05
732256,3.3536e-05
732261,8.8576e-05
732263,5.8368e-05
732301,3.4816e-05
732303,7.1424e-05
732309,0.00018816
732320,7.68e-06
732337,7.68e-07
732341,8.448e-06
732356,4.8896e-05
732371,2.3808e-05
732375,0.000101632
732378,3.0976e-05
732382,8.96e-05
732406,6.5792e-05
732424,4.992e-05
732439,0.00013824
732461,9.984e-05
732475,2.432e-05
732484,0.000161536
732493,0.003353856
732511,0.003067392
732553,2.2016e-05
732580,1.024e-05
732594,5.7344e-05
732614,3.6352e-05
732647,5.6064e-05
732653,5.12e-06
732669,1.8176e-05
732688,2.0992e-05
732695,6.656e-06
732703,5.888e-05
732717,9.3184e-05
732721,1.1776e-05
732732,5.6576e-05
732734,0.000223744
732760,0.003082496
732793,3.0208e-05
732853,5.6064e-05
732857,4.5824e-05
732862,1.3568e-05
732894,1.664e-05
732896,7.6288e-05
732911,3.6096e-05
732913,0.000124416
732943,7.936e-05
732953,6.5792e-05
732992,5.0176e-05
733006,2.304e-06
733009,2.688e-05
733043,0.000146176
733047,0.000127744
733083,0.000103168
733107,0.00140928
733141,2.3808e-05
733154,0.000148224
733172,3.9168e-05
733176,0.000134912
733192,0.000151808
733213,0.000126976
733246,3.5584e-05
733269,2.432e-05
733290,2.176e-05
733296,1.92e-05
733310,3.712e-05
733338,0.000197376
733346,0.00011904
733363,5.9904e-05
733383,5.4528e-05
733387,4.1472e-05
733395,0.000126464
733426,3.2e-05
733434,0.00010624
733469,1.3312e-05
733502,0.000157696
733512,8.0896e-05
733520,2.9952e-05
733554,2.2272e-05
733581,6.4e-05
733606,4.096e-05
733608,0.000112128
733662,6.272e-05
733670,1.5104e-05
733689,5.7088e-05
733694,0.002845696
733712,0.000537344
733746,8.4224e-05
733778,0.000115968
733802,2.6368e-05
733810,0.006834176
733891,8.7552e-05
733903,6.4e-05
733905,6.4768e-05
733921,0.000123904
733932,0.00027136
733947,8.96e-06
733956,5.0944e-05
733975,3.328e-05
733978,3.4048e-05
733988,6.912e-06
733992,3.6864e-05
734022,7.04e-05
734052,0.000142592
734058,1.8944e-05
734072,2.2016e-05
734077,8.192e-05
734088,1.4848e-05
734116,3.3536e-05
734122,1.024e-06
734171,7.0144e-05
734178,8.4224e-05
734204,2.9184e-05
734246,1.1008e-05
734254,0.00016256
734293,0.00781184
734297,0.005647616
734313,0.001803264
734354,1.5872e-05
734374,1.3824e-05
734385,4.8128e-05
734431,0.000119296
734440,0.000124416
734464,8.5248e-05
734478,0.00018048
734511,0.000158976
734517,2.8928e-05
734540,5.376e-06
734545,0.000117504
734548,2.56e-05
734574,4.9664e-05
734583,2.0992e-05
734593,5.8112e-05
734612,4.8896e-05
734620,7.3984e-05
734633,3.0208e-05
734658,0.000113152
734662,4.864e-05
734699,0.000131328
734711,4.1216e-05
734721,0.000114944
734743,8.192e-06
734781,2.9184e-05
734784,1.5104e-05
734814,4.3776e-05
734825,2.8416e-05
734830,1.2544e-05
734837,8.96e-06
734854,5.0944e-05
734856,3.456e-05
734879,0.00025984
734889,0.000163072
734892,1.2544e-05
734893,6.656e-05
734894,0.000813568
734911,6.656e-06
734933,6.912e-06
734942,6.3488e-05
734972,5.0688e-05
734980,3.4304e-05
734991,5.8368e-05
734994,8.7296e-05
735004,3.2256e-05
735017,5.9904e-05
735042,4.5824e-05
735068,7.1936e-05
735076,0.000140032
735115,2.048e-06
735117,1.1008e-05
735125,2.304e-06
735127,0.000155904
735140,4.224e-05
735174,0.0001152
735176,0.000140032
735193,5.12e-05
735206,6.1696e-05
735229,8.4736e-05
735242,8.448e-06
735268,4.5568e-05
735272,7.0912e-05
735274,0.000142336
735289,7.7824e-05
735294,0.000145152
735297,2.8672e-05
735323,1.7408e-05
735331,0.00013056
735334,8.576e-05
735346,2.8928e-05
735365,0.002752768
735408,0.001509632
735427,8.448e-06
735437,2.1248e-05
735458,7.936e-06
735489,3.3024e-05
735493,0.00297216
735496,0.001541376
735507,0.005675264
735587,4.3264e-05
735592,6.4e-06
735621,0.001359872
735640,3.456e-05
735670,6.7072e-05
735681,4.1728e-05
735682,1.6384e-05
735719,5.6064e-05
735738,1.4592e-05
735754,3.4304e-05
735763,1.7152e-05
735775,5.888e-06
735803,4.9664e-05
735825,1.5104e-05
735847,2.7648e-05
735855,3.0464e-05
735860,4.4544e-05
735880,6.7328e-05
735890,1.8176e-05
735911,0.00014336
735919,5.5296e-05
735937,3.3792e-05
735952,8.4992e-05
735957,3.584e-05
735982,0.000416
735996,4.4288e-05
736040,0.000157184
736047,9.728e-06
736053,0.000136448
736070,0.000137472
736072,3.2512e-05
736082,2.9952e-05
736099,0.002717696
736147,0.00016512
736158,8.96e-06
736159,0.00012416
736182,4.7104e-05
736198,0.000133376
736200,0.000126464
736229,2.9952e-05
736238,8.0384e-05
736256,9.3696e-05
736265,8.9344e-05
736270,6.272e-05
736288,4.608e-06
736294,4.608e-06
736299,0.000438016
736312,2.9184e-05
736317,0.00045824
736325,8.704e-06
736342,0.007931904
736425,0.000112384
736443,4.6336e-05
736451,7.9872e-05
736455,0.000173312
736467,0.000180224
736475,9.7536e-05
736515,7.3984e-05
736531,0.00012928
736557,3.84e-06
736572,8.8064e-05
736576,0.000109824
736609,9.7536e-05
736622,0.000123904
736625,0.00017024
736629,1.792e-06
736663,7.2704e-05
736671,4.352e-06
736676,0.001263872
736693,0.000231936
736699,0.000220928
736708,2.6624e-05
736715,0.004157696
736739,0.034510336
736801,8.448e-06
736804,6.4256e-05
736812,3.072e-06
736846,8.704e-06
736852,0.0003648
736861,9.8048e-05
736868,8.6784e-05
736889,9.728e-06
736896,3.584e-05
736939,0.000108288
736990,1.5104e-05
736992,0.000116736
737001,1.8688e-05
737014,0.0001088
737024,5.1456e-05
737037,5.1712e-05
737050,4.8128e-05
737067,1.8432e-05
737074,1.024e-05
737079,3.1744e-05
737084,0.000173568
737092,6.6048e-05
737114,1.92e-05
737122,2.6112e-05
737125,2.5856e-05
737128,0.000136192
737160,0.000201472
737163,1.2032e-05
737170,2.0736e-05
737199,1.6128e-05
737210,4.0704e-05
737229,8.8832e-05
737240,0.000222976
737272,5.12e-06
737275,7.68e-05
737293,0.000187904
737294,0.004051712
737330,1.024e-06
737331,2.048e-06
737343,3.5328e-05
737368,3.84e-05
737390,0.000157696
737405,2.432e-05
737410,7.0656e-05
737415,6.3744e-05
737417,9.984e-05
737422,3.3536e-05
737428,2.7648e-05
737438,1.9712e-05
737465,6.9376e-05
737482,0.000116224
737490,0.000104448
737494,2.5088e-05
737506,2.1504e-05
737509,9.984e-05
737531,4.5824e-05
737544,4.2496e-05
737560,9.2672e-05
737569,5.9392e-05
737586,5.9392e-05
737588,7.5264e-05
737614,7.9872e-05
737626,1.2288e-05
737631,6.5536e-05
737635,3.456e-05
737647,6.3488e-05
737702,2.304e-05
737704,4.352e-06
737730,7.5776e-05
737731,4.4288e-05
737761,2.7392e-05
737766,0.004888576
737824,1.6384e-05
737828,8.0384e-05
737851,1.2032e-05
737879,9.5744e-05
737891,3.7376e-05
737893,0.001813504
737930,3.328e-05
737961,4.096e-06
737971,8.4736e-05
737977,8.0896e-05
737988,0.000122368
737997,0.099625216
738087,0.000153856
738096,1.536e-06
738130,2.816e-06
738134,4.6336e-05
738138,0.000219136
738153,0.000104704
738158,1.024e-05
738179,8.1408e-05
738183,1.8688e-05
738193,9.0368e-05
738196,0.000210688
738205,3.6864e-05
738211,0.000151808
738221,0.000149248
738245,9.3696e-05
738271,5.1456e-05
738296,2.304e-06
738302,1.536e-06
738318,0.000171776
738327,3.1232e-05
738341,6.656e-06
738358,2.56e-06
738362,9.088e-05
738377,3.2768e-05
738393,0.000210176
738428,0.000205312
738431,4.096e-06
738453,2.944e-05
738481,2.56e-07
738493,0.000355072
738505,3.584e-06
738511,7.1424e-05
738522,5.632e-06
738538,2.56e-07
738542,0.000164352
738544,6.144e-05
738553,6.528e-05
738568,3.1488e-05
738593,8.192e-06
738596,8.3456e-05
738600,8.448e-06
738607,2.048e-06
738626,0.000114944
738657,9.1648e-05
738661,7.296e-05
738676,2.0224e-05
738696,5.1456e-05
738703,6.8864e-05
738707,0.000114432
738715,3.84e-05
738720,6.2208e-05
738734,6.9632e-05
738754,0.000122624
738777,0.000170752
738785,4.8384e-05
738811,7.8336e-05
738830,0.000228864
738846,5.76e-05
738854,0.000111616
738887,8.0896e-05
738901,1.792e-05
738911,4.48e-05
738926,0.000132352
738938,4.1472e-05
738960,0.000199168
738976,0.000161536
738983,0.000131584
739003,5.5296e-05
739013,6.4256e-05
739021,9.472e-05
739030,2.3808e-05
739043,0.000159488
739056,7.552e-05
739058,0.000211456
739093,0.002116608
739130,8.3456e-05
739146,0.000146688
739152,0.00012544
739160,6.528e-05
739170,2.0224e-05
739187,0.000127488
739228,8.6528e-05
739242,9.8304e-05
739261,3.9936e-05
739266,5.2992e-05
739293,5.7856e-05
739310,6.912e-06
739315,3.6352e-05
739322,6.656e-06
739372,3.8144e-05
739381,1.28e-06
739389,0.000241408
739406,8.448e-06
739430,0.000101376
739448,3.584e-05
739450,2.2016e-05
739465,8.064e-05
739480,8.3712e-05
739490,4.5824e-05
739511,1.9712e-05
739522,0.000354048
739544,1.5872e-05
739552,2.4576e-05
739558,9.0368e-05
739611,0.000159744
739613,4.5312e-05
739644,0.000254208
739648,5.376e-06
739669,6.5024e-05
739678,1.5872e-05
739688,4.6848e-05
739702,0.007582208
739732,1.792e-05
739753,3.7632e-05
739779,0.000136448
739792,4.5824e-05
739803,1.7152e-05
739815,8.704e-06
739820,8.9344e-05
739825,9.5744e-05
739847,3.968e-05
739891,5.8368e-05
739905,2.5088e-05
739917,7.1936e-05
739919,2.1248e-05
739928,3.072e-05
739941,0.000131584
739974,7.0656e-05
739986,6.5024e-05
739988,8.6528e-05
740029,4.9664e-05
740059,7.2192e-05
740068,0.000211968
740093,3.0464e-05
740128,7.424e-06
740132,2.3296e-05
740135,8.5504e-05
740147,5.12e-06
740165,6.1184e-05
740176,0.000133888
740201,4.9664e-05
740209,7.168e-05
740248,3.0464e-05
740261,0.000117504
740293,0.002916864
740338,2.1504e-05
740352,7.6032e-05
740360,4.0192e-05
740386,2.816e-05
740393,9.344e-05
740398,0.000116992
740416,2.6112e-05
740440,0.000124672
740466,5.12e-06
740478,3.84e-05
740488,2.304e-05
740509,6.0416e-05
740518,3.2e-05
740530,1.5872e-05
740533,1.408e-05
740550,1.536e-05
740568,2.56e-06
740578,0.000155392
740583,1.7152e-05
740593,0.000112128
740596,0.000122112
740650,0.000196608
740662,4.608e-05
740708,5.888e-06
740723,3.0208e-05
740750,4.0448e-05
740760,4.2496e-05
740772,1.8944e-05
740784,2.6368e-05
740791,3.5584e-05
740820,0.000265216
740832,1.4848e-05
740851,1.664e-05
740860,4.736e-05
740894,0.004491264
740907,0.005742336
740960,0.000146432
740963,1.8944e-05
740978,9.728e-06
740982,3.9424e-05
740988,7.8848e-05
741003,2.0736e-05
741010,0.000164352
741031,0.000278272
741047,0.0001536
741050,0.000172288
741082,1.536e-06
741095,2.816e-06
741098,3.456e-05
741105,9.1648e-05
741114,2.1504e-05
741125,0.00019328
741135,0.000193792
741213,7.3984e-05
741216,0.000872704
741280,2.56e-06
741282,0.000195072
741339,0.001214464
741367,7.168e-05
741392,5.1712e-05
741418,7.6544e-05
741421,0.000203264
741428,9.9072e-05
741445,1.28e-06
741451,4.352e-06
741461,3.3536e-05
741468,3.0464e-05
741483,3.1232e-05
741493,0.008038144
741507,0.001429504
741548,8.3968e-05
741556,6.0672e-05
741564,1.4848e-05
741582,0.000434432
741606,3.9424e-05
741618,1.1008e-05
741621,1.5616e-05
741634,5.4784e-05
741672,2.3552e-05
741702,0.0001408
741725,8.0896e-05
741769,2.816e-06
741780,0.000132864
741790,0.000100864
741794,6.656e-06
741858,0.000141312
741890,6.5792e-05
741905,9.5232e-05
741920,9.3952e-05
741925,0.001080064
741963,0.0011648
741992,2.7648e-05
742035,1.9456e-05
742043,0.000106496
742080,2.5856e-05
742085,8.6528e-05
742096,0.007880192
742103,0.005025536
742163,9.344e-05
742206,0.000153344
742231,0.0001536
742253,9.2416e-05
742267,3.4304e-05
742281,3.328e-06
742310,0.000132096
742312,0.000154368
742337,0.001658624
742374,4.9664e-05
742396,0.000100096
742420,9.856e-05
742423,1.408e-05
742433,2.7904e-05
742450,1.1264e-05
742477,7.9104e-05
742499,9.2928e-05
742508,5.7344e-05
742514,0.000119552
742522,2.0736e-05
742558,5.9136e-05
742573,6.4512e-05
742592,3.2512e-05
742597,0.000155136
742606,0.000144384
742610,3.0208e-05
742629,4.5312e-05
742654,1.0496e-05
742666,6.7584e-05
742671,7.3728e-05
742676,3.5328e-05
742693,0.002803456
742697,0.000342016
742707,0.000227584
742736,6.4512e-05
742748,2.1504e-05
742759,0.000100864
742782,5.6576e-05
742787,3.8656e-05
742810,1.792e-05
742813,7.4496e-05
742827,0.000238848
742833,3.6352e-05
742861,4.608e-06
742882,0.000932352
742918,1.6896e-05
742936,1.5104e-05
742990,6.7584e-05
742992,3.7376e-05
743004,0.000679936
743014,5.0432e-05
743034,7.424e-06
743068,3.9424e-05
743090,6.016e-05
743096,0.0001088
743171,4.9664e-05
743175,5.1456e-05
743179,5.376e-05
743200,2.176e-05
743206,0.000101888
743222,0.000258304
743229,1.2544e-05
743234,3.3536e-05
743256,0.00013952
743274,3.0464e-05
743293,0.00038272
743296,0.006652928
743374,1.1264e-05
743379,6.6048e-05
743381,7.1424e-05
743403,4.7616e-05
743428,0.00015104
743465,6.272e-05
743492,5.632e-05
743494,0.000664064
743525,2.304e-05
743537,8.192e-06
743543,5.376e-06
743550,0.00101888
743625,1.8432e-05
743636,1.8944e-05
743671,0.000110848
743672,0.001188608
743712,4.9152e-05
743721,1.5616e-05
743728,2.816e-06
743740,6.8352e-05
743745,3.2256e-05
743763,4.1984e-05
743767,0.001016064
743803,7.68e-07
743820,0.001254656
743866,3.5328e-05
743870,8.6016e-05
743892,0.000715008
743893,0.001502208
743937,9.2928e-05
743965,5.3248e-05
743968,0.000153344
743979,6.656e-06
743985,0.000201728
743998,8.6272e-05
744002,4.608e-06
744017,0.00014976
744022,6.3744e-05
744028,3.9424e-05
744032,3.0464e-05
744043,4.864e-05
744048,8.6016e-05
744102,4.7104e-05
744114,0.000110336
744145,1.024e-05
744148,0.000125952
744161,2.9184e-05
744170,5.12e-07
744178,1.8432e-05
744181,8.704e-05
744208,4.864e-05
744238,3.1232e-05
744242,0.000119552
744247,6.6304e-05
744262,1.3056e-05
744280,0.000143872
744305,2.8672e-05
744321,1.6896e-05
744327,1.4336e-05
744338,3.4304e-05
744341,4.6592e-05
744365,0.0002112
744376,0.000137728
744388,0.0001344
744399,6.0928e-05
744401,8.3712e-05
744407,1.3312e-05
744441,1.152e-05
744446,0.000230144
744458,4.864e-05
744485,6.1696e-05
744492,9.3952e-05
744494,0.002259712
744531,5.632e-06
744533,3.072e-06
744558,0.000174336
744560,3.456e-05
744593,0.000147968
744607,0.000122368
744620,4.0448e-05
744634,1.7152e-05
744645,0.000108032
744654,3.072e-06
744662,6.6304e-05
744676,2.2528e-05
744682,0.000203776
744703,8.064e-05
744734,0.00010496
744744,3.072e-06
744748,0.000151296
744778,0.000261376
744791,7.9616e-05
744829,0.000102144
744846,6.0416e-05
744865,9.216e-05
744888,5.12e-05
744927,3.8656e-05
744931,6.5792e-05
744937,3.2512e-05
744940,0.000107776
744994,9.8048e-05
745011,2.4064e-05
745023,4.5056e-05
745035,2.7392e-05
745041,4.8896e-05
745054,1.792e-06
745092,9.9072e-05
745093,0.002370304
745106,0.006872064
745160,7.1936e-05
745181,0.000100864
745203,3.1744e-05
745208,7.424e-06
745214,5.12e-07
745235,9.4976e-05
745241,4.864e-06
745252,0.000100096
745262,8.448e-05
745329,9.6768e-05
745344,2.1248e-05
745360,5.4272e-05
745368,2.56e-07
745392,5.1456e-05
745394,7.936e-06
745413,1.5104e-05
745438,0.000108544
745451,7.936e-05
745463,3.584e-06
745468,9.9072e-05
745485,6.8352e-05
745490,1.28e-06
745498,4.4032e-05
745518,1.3568e-05
745532,4.6848e-05
745539,7.7824e-05
745544,0.000175616
745568,2.176e-05
745583,1.4848e-05
745593,0.000110848
745611,9.216e-05
745625,1.8944e-05
745648,6.0928e-05
745662,0.000118016
745665,3.5072e-05
745680,7.3472e-05
745721,7.808e-05
745729,4.5568e-05
745756,0.000148992
745760,4.608e-05
745817,0.004558336
745874,3.0976e-05
745890,0.000158976
745894,0.000132096
745906,1.6128e-05
745972,2.56e-05
745980,6.1184e-05
745988,2.3808e-05
745992,2.6112e-05
746006,6.0672e-05
746013,0.00010496
746048,0.000140544
746052,6.912e-06
746063,3.7376e-05
746082,7.9104e-05
746102,4.0704e-05
746110,1.408e-05
746125,5.6064e-05
746132,2.1504e-05
746137,1.7664e-05
746155,8.8832e-05
746162,7.2448e-05
746168,0.000106496
746192,6.6304e-05
746203,2.9184e-05
746217,1.8432e-05
746227,0.000113408
746247,3.6352e-05
746250,3.9936e-05
746264,5.0432e-05
746286,7.9872e-05
746294,0.002136832
746297,0.006488064
746365,3.84e-06
746384,3.9168e-05
746387,1.5872e-05
746399,0.0001088
746406,3.3536e-05
746415,6.144e-06
746423,7.7056e-05
746434,0.000118528
746441,1.152e-05
746459,2.56e-06
746461,4.5568e-05
746495,3.8144e-05
746499,8.96e-05
746524,7.168e-06
746528,4.096e-05
746533,6.8864e-05
746574,4.096e-05
746577,7.6544e-05
746601,1.6128e-05
746606,7.936e-05
746621,4.096e-06
746637,6.1952e-05
746674,8.96e-06
746683,4.0448e-05
746685,8.1408e-05
746717,0.000110336
746723,1.1008e-05
746752,9.088e-05
746775,2.7904e-05
746781,8.6272e-05
746788,5.0944e-05
746830,6.2208e-05
746854,0.000104192
746890,0.000218624
746893,0.001262848
746901,0.00555264
746951,2.432e-05
746972,0.00116352
747025,0.00015488
747037,0.000169472
747079,7.5008e-05
747100,9.5488e-05
747112,2.944e-05
747128,3.0976e-05
747140,3.584e-05
747145,7.7568e-05
747168,4.0448e-05
747198,3.328e-05
747202,8.448e-05
747222,4.352e-06
747230,8.192e-06
747259,4.352e-06
747268,3.6864e-05
747273,2.9952e-05
747291,0.000146688
747304,4.096e-05
747306,4.9408e-05
747319,2.7392e-05
747321,3.456e-05
747337,1.024e-05
747364,1.7152e-05
747381,6.656e-05
747393,5.7856e-05
747396,3.072e-05
747454,2.176e-05
747459,1.664e-05
747475,7.936e-06
747492,3.84e-05
747494,0.000185088
747507,0.000175104
747512,0.00028032
747538,3.9936e-05
747543,5.12e-06
747546,3.328e-06
747584,0.0001728
747611,5.7088e-05
747620,0.000209408
747635,0.000104704
747642,1.7152e-05
747668,4.3008e-05
747676,6.5536e-05
747686,4.0192e-05
747688,0.000155648
747696,4.0192e-05
747710,2.7136e-05
747744,3.328e-06
747756,6.8352e-05
747771,9.216e-06
747811,2.944e-05
747826,0.000141312
747843,9.2672e-05
747857,8.704e-06
747880,0.000171776
747912,4.6592e-05
747942,7.6032e-05
747959,5.8112e-05
747961,0.00014208
748001,0.000103168
748002,4.224e-05
748025,5.1712e-05
748031,3.712e-05
748049,0.000175616
748088,2.1504e-05
748093,8.2176e-05
748097,0.017341952
748162,0.000144896
748178,6.5024e-05
748190,4.4288e-05
748196,3.4048e-05
748247,1.7152e-05
748254,7.0912e-05
748273,6.3488e-05
748288,1.7664e-05
748300,0.000113408
748324,7.0912e-05
748328,4.0448e-05
748338,1.8176e-05
748342,4.1984e-05
748379,3.0976e-05
748386,0.000341248
748424,9.2928e-05
748426,4.2496e-05
748438,0.011901952
748487,3.6864e-05
748514,1.6896e-05
748539,0.0001984
748547,1.792e-06
748574,8.1408e-05
748588,4.9664e-05
748601,3.456e-05
748604,0.001288704
748634,2.048e-06
748642,5.4784e-05
748667,4.1984e-05
748670,0.000191744
748693,0.000137216
748694,0.00127104
748697,0.005659392
748743,2.0736e-05
748769,4.2752e-05
748771,3.5328e-05
748775,2.6112e-05
748794,6.5792e-05
748804,3.84e-05
748807,8.4736e-05
748810,1.3568e-05
748825,6.144e-05
748828,2.048e-06
748838,1.1264e-05
748852,3.584e-06
748876,4.224e-05
748888,3.584e-06
748891,3.2768e-05
748910,8.9856e-05
748912,1.0752e-05
748925,2.8928e-05
748930,1.2544e-05
748940,0.000113152
748962,2.816e-05
748969,2.0224e-05
749001,4.096e-05
749003,1.6896e-05
749012,7.3984e-05
749028,5.6832e-05
749042,8.32e-05
749058,0.0001024
749063,8.0128e-05
749093,4.6592e-05
749106,5.4528e-05
749116,2.4064e-05
749146,2.2016e-05
749158,1.8688e-05
749168,8.448e-06
749178,0.00011776
749195,2.816e-06
749199,0.000306688
749213,0.000137472
749248,6.6048e-05
749258,0.00018688
749282,1.5872e-05
749293,0.0080832
749379,5.0176e-05
749392,2.1248e-05
749418,1.5616e-05
749446,2.4064e-05
749486,8.064e-05
749489,1.792e-05
749503,4.1216e-05
749507,0.000105216
749522,0.0001152
749530,3.1488e-05
749549,4.1216e-05
749558,5.3248e-05
749567,8.8064e-05
749592,1.3056e-05
749603,3.1744e-05
749631,6.0672e-05
749634,8.9344e-05
749644,0.000228864
749669,5.504e-05
749683,4.5312e-05
749697,0.00014336
749705,9.0624e-05
749729,5.12e-05
749736,6.2976e-05
749751,2.8416e-05
749761,4.5312e-05
749776,9.472e-06
749780,4.1728e-05
749792,4.5824e-05
749794,2.56e-07
749803,0.00015616
749825,1.5872e-05
749837,8.704e-06
749841,0.000103424
749883,9.472e-06
749898,3.0208e-05
749905,5.0688e-05
749910,0.000983296
749935,7.0656e-05
749938,6.3232e-05
749957,5.3504e-05
749965,5.888e-06
749974,4.1728e-05
750002,2.304e-05
750017,6.6816e-05
750028,7.0144e-05
750032,6.4e-06
750039,2.56e-06
750051,0.000116736
750071,2.4832e-05
750080,1.4336e-05
750091,7.4496e-05
750098,0.000108544
750103,1.2032e-05
750110,3.072e-06
750118,3.6608e-05
750126,2.9184e-05
750142,2.8672e-05
750188,3.0976e-05
750202,1.1776e-05
750207,3.3792e-05
750226,2.944e-05
750238,0.000154112
750248,2.56e-06
750269,8.064e-05
750277,4.736e-05
750279,2.2016e-05
750285,0.005742848
750334,1.536e-06
750348,6.6816e-05
750353,1.792e-06
750384,2.3296e-05
750391,7.9104e-05
750413,0.0001344
750440,2.688e-05
750458,1.792e-06
750489,9.472e-06
750494,0.005144064
750505,0.000583424
750539,1.3056e-05
750565,0.000197888
750616,2.56e-07
750617,1.6896e-05
750619,2.7136e-05
750637,1.28e-06
750640,5.888e-06
750646,4.4288e-05
750652,0.000108544
750684,3.1232e-05
750715,1.3312e-05
750721,5.2992e-05
750726,3.328e-05
750762,8.6528e-05
750782,1.6128e-05
750825,0.000113664
750831,2.8672e-05
750855,0.000118272
750864,1.0496e-05
750897,6.144e-05
750907,0.000104448
750913,0.00046208
750945,2.3808e-05
750948,2.6112e-05
750970,0.000132864
750984,3.584e-05
751027,0.000184576
751051,3.6864e-05
751057,7.68e-06
751065,0.000108288
751067,0.000198144
751079,0.000183296
751082,4.1984e-05
751094,0.002141696
751099,0.000442368
751105,0.000868096
751153,4.2496e-05
751160,7.68e-06
751184,5.4016e-05
751193,3.584e-06
751223,5.376e-06
751254,3.0208e-05
751259,1.5616e-05
751264,8.704e-06
751288,8.192e-06
751290,5.888e-06
751292,2.6624e-05
751294,3.584e-06
751325,5.4784e-05
751333,1.664e-05
751342,5.7344e-05
751358,1.2544e-05
751367,0.00012416
751374,1.9712e-05
751384,0.00017024
751402,4.864e-05
751412,2.944e-05
751437,9.2928e-05
751449,1.8944e-05
751459,1.792e-06
751480,4.352e-06
751482,0.000100352
751494,0.000177152
751513,5.504e-05
751515,2.0736e-05
751543,6.7328e-05
751553,0.000174848
751607,4.0448e-05
751671,5.2992e-05
751693,0.008018944
751747,8.6272e-05
751770,9.4208e-05
751798,0.000294144
751807,0.00019072
751829,2.9696e-05
751843,0.000105216
751874,4.1984e-05
751894,9.2928e-05
751900,1.7152e-05
751908,3.3536e-05
751937,0.000108288
751939,0.00011776
751942,4.5824e-05
751992,0.000100096
751998,1.792e-05
752021,6.656e-05
752023,1.8176e-05
752037,4.224e-05
752060,3.5328e-05
752065,6.1952e-05
752069,5.3504e-05
752081,2.2784e-05
752100,7.9872e-05
752123,0.000157696
752141,0.000112384
752156,3.2768e-05
752232,8.192e-06
752235,2.4576e-05
752237,6.7584e-05
752245,5.6064e-05
752276,1.3568e-05
752279,0.000285952
752297,0.01643776
752305,0.003382784
752353,1.92e-05
752355,1.536e-06
752396,3.968e-05
752408,9.8048e-05
752420,1.3056e-05
752453,5.5552e-05
752469,5.0688e-05
752473,0.001045248
752480,5.5552e-05
752496,0.000651264
752497,0.00118144
752499,0.002095104
752503,0.00028544
752553,8.704e-06
752568,7.7824e-05
752582,8.704e-06
752627,1.4336e-05
752637,0.00016
752638,0.002259968
752645,0.001082112
752652,0.002124032
752656,0.00590336
752704,5.0944e-05
752717,4.3008e-05
752749,1.3056e-05
752765,2.5088e-05
752776,3.2e-05
752795,1.5104e-05
752808,8.7552e-05
752825,0.00052352
752862,0.001010176
752863,0.000214528
752864,0.000788992
752886,0.00122624
752893,0.027965952
752926,0.001268736
752971,7.2704e-05
752990,2.4064e-05
753012,7.6544e-05
753023,9.088e-05
753092,1.152e-05
753106,1.024e-06
753124,4.8384e-05
753143,1.9712e-05
753161,1.5104e-05
753173,2.2016e-05
753180,0.006859008
753239,7.9872e-05
753245,1.536e-05
753253,8.0128e-05
753277,1.7408e-05
753279,2.0224e-05
753281,4.9664e-05
753301,2.5088e-05
753330,2.2528e-05
753348,1.1264e-05
753353,8.0896e-05
753359,5.6064e-05
753372,6.8352e-05
753399,8.6272e-05
753414,0.000131584
753424,3.072e-06
753453,3.3792e-05
753459,5.12e-06
753468,2.4576e-05
753470,7.68e-07
753484,3.328e-06
753488,8.8832e-05
753494,4.0704e-05
753548,8.4224e-05
753553,1.3568e-05
753583,7.2448e-05
753590,0.000167424
753605,0.000139776
753623,6.8096e-05
753644,5.632e-05
753648,0.000146176
753658,2.432e-05
753667,2.048e-05
753680,3.7632e-05
753683,0.000132864
753693,7.168e-06
753703,8.192e-06
753707,2.304e-05
753712,3.1488e-05
753730,5.4528e-05
753757,0.017176064
753838,1.8688e-05
753846,4.2752e-05
753874,2.56e-07
753881,6.7584e-05
753895,0.00010368
753923,1.152e-05
753931,5.9648e-05
753940,3.2512e-05
753957,7.424e-06
753978,1.792e-06
753989,3.5072e-05
753991,7.9104e-05
754014,6.1696e-05
754021,1.2544e-05
754032,4.3264e-05
754075,1.3056e-05
754099,0.000419584
754105,0.00094848
754140,6.3488e-05
754163,0.000127232
754189,0.000134144
754202,1.3824e-05
754219,5.0944e-05
754225,5.5296e-05
754228,0.000139008
754234,3.84e-05
754247,2.6624e-05
754251,2.9184e-05
754258,8.9344e-05
754264,8.6272e-05
754270,0.000385792
754287,1.2544e-05
754317,4.5056e-05
754330,2.7392e-05
754348,0.000128256
754353,0.000164352
754362,0.000125952
754387,4.1216e-05
754399,1.7664e-05
754403,0.00011264
754413,9.216e-05
754422,9.8048e-05
754425,0.000187904
754452,7.68e-06
754456,3.072e-06
754466,5.0432e-05
754471,6.4e-05
754491,3.9424e-05
754499,0.000114432
754501,1.536e-05
754516,0.030880256
754578,0.000117504
754601,8.704e-05
754609,9.7792e-05
754632,2.7904e-05
754644,3.1488e-05
754660,2.816e-06
754690,4.096e-06
754693,0.000199936
754694,0.001826048
754706,0.000738304
754714,0.004539648
754789,6.0416e-05
754801,8.832e-05
754822,4.8896e-05
754832,8.448e-05
754842,8.96e-06
754848,0.000107776
754865,5.7344e-05
754882,8.1664e-05
754885,0.00010624
754914,4.7872e-05
754940,1.2288e-05
754942,9.0112e-05
754955,6.656e-06
754965,4.1728e-05
754993,9.216e-06
754998,1.8944e-05
755002,4.352e-06
755008,1.4336e-05
755014,6.3232e-05
755025,1.024e-06
755038,7.1424e-05
755050,2.6368e-05
755060,7.4752e-05
755068,8.192e-06
755070,8.6528e-05
755098,2.8672e-05
755108,2.6624e-05
755112,3.456e-05
755116,0.003442688
755140,1.0752e-05
755171,8.96e-06
755180,0.000181504
755201,7.808e-05
755209,1.792e-05
755219,2.944e-05
755235,7.424e-06
755251,5.4784e-05
755256,1.024e-06
755260,7.3728e-05
755285,7.9616e-05
755293,6.0672e-05
755299,0.000938496
755305,0.001571328
755322,0.006605824
755368,0.00136832
755380,9.9072e-05
755399,1.8944e-05
755435,2.3552e-05
755441,0.000115712
755458,0.00013184
755467,2.5088e-05
755471,1.9968e-05
755475,6.6048e-05
755499,7.168e-06
755503,4.4288e-05
755510,4.8384e-05
755563,9.472e-06
755568,3.3792e-05
755574,0.00015104
755590,4.0704e-05
755602,0.000137728
755614,4.224e-05
755619,1.6896e-05
755646,7.424e-06
755664,5.5296e-05
755672,6.1184e-05
755678,3.9936e-05
755705,1.2288e-05
755726,4.992e-05
755745,0.00269184
755787,6.8864e-05
755825,1.6128e-05
755840,0.000109568
755848,0.000175616
755872,3.5584e-05
755893,0.007087872
755941,5.0688e-05
755946,1.2288e-05
755968,0.000155392
755973,1.6896e-05
755993,0.000134656
756025,0.000155904
756038,3.8912e-05
756052,8.96e-06
756057,3.456e-05
756072,5.6064e-05
756079,3.712e-05
756096,2.6368e-05
756125,6.8608e-05
756151,4.8384e-05
756156,0.000131328
756193,6.1696e-05
756202,3.5328e-05
756227,2.4832e-05
756242,6.5024e-05
756273,2.0992e-05
756284,7.68e-07
756310,0.000166656
756313,1.5616e-05
756349,3.4048e-05
756354,0.000315904
756368,0.000200192
756378,0.00019712
756391,0.000224512
756403,4.224e-05
756408,0.00118784
756429,3.2256e-05
756473,3.7632e-05
756476,1.92e-05
756520,0.0001024
756528,7.3728e-05
756536,3.0208e-05
756553,5.2736e-05
756569,2.2272e-05
756581,0.000135936
756606,5.5552e-05
756608,1.9712e-05
756621,2.2272e-05
756640,7.296e-05
756648,0.000142336
756661,0.00014464
756682,7.7056e-05
756686,1.536e-06
756712,4.352e-05
756720,4.1472e-05
756732,1.152e-05
756748,0.000258048
756752,0.000130304
756756,2.4832e-05
756780,2.56e-05
756793,4.1216e-05
756803,1.0752e-05
756813,1.2288e-05
756824,7.68e-06
756830,1.1776e-05
756833,5.0944e-05
756838,2.56e-07
756842,0.000221184
756848,2.3552e-05
756869,5.1456e-05
756886,1.4592e-05
756896,7.7568e-05
756898,5.1712e-05
756909,0.0001472
756929,3.584e-05
756932,0.00011008
756944,2.0224e-05
756951,3.3024e-05
756993,2.6112e-05
757002,2.048e-06
757011,5.504e-05
757048,0.000193792
757053,5.5552e-05
757063,0.00016
757094,2.4064e-05
757097,0.009460224
757149,6.656e-06
757167,4.864e-06
757187,9.472e-06
757219,1.6384e-05
757221,1.3568e-05
757253,4.6592e-05
757257,1.664e-05
757262,0.00010368
757268,8.5248e-05
757345,0.000127488
757351,2.048e-05
757359,0.000809216
757380,0.000120832
757388,0.000124416
757390,0.001525248
757403,0.001144064
757412,0.002004736
757468,9.7024e-05
757478,1.6896e-05
757518,0.000685568
757559,1.92e-05
757564,6.4e-06
757597,4.096e-06
757602,2.3808e-05
757621,0.000425984
757637,0.000127744
757643,2.56e-07
757654,4.1984e-05
757660,0.100019968
757694,0.000937728
757701,0.000261888
757705,0.000643584
757728,0.000150272
757746,0.000150016
757752,2.4064e-05
757768,0.000128768
757784,0.00069504
757810,3.328e-06
757812,7.936e-06
757838,1.8176e-05
757856,9.5744e-05
757863,4.2752e-05
757866,0.001668864
757898,7.3984e-05
757918,6.6816e-05
757953,2.8416e-05
757956,6.144e-06
757962,7.2448e-05
757984,5.9136e-05
757990,1.8432e-05
758000,2.3296e-05
758052,1.4336e-05
758059,2.56e-05
758084,6.9632e-05
758100,0.000720128
758120,3.2512e-05
758130,0.000353024
758155,3.2256e-05
758195,0.000303872
758198,0.000642048
758227,0.00011648
758243,9.984e-06
758250,4.1472e-05
758265,0.000126208
758294,1.1008e-05
758296,0.006284288
758307,0.001348096
758308,0.004331776
758359,0.000446208
758390,1.7664e-05
758403,8.704e-06
758462,8.2944e-05
758486,0.000275456
758488,0.000157184
758556,2.048e-06
758559,0.000119552
758570,7.7312e-05
758585,0.00027776
758599,4.4032e-05
758635,4.7872e-05
758640,0.000166912
758660,8.832e-05
758671,2.4576e-05
758676,3.0208e-05
758685,1.408e-05
758692,1.1776e-05
758739,0.000150528
758745,1.9968e-05
758750,4.608e-06
758772,0.005947904
758822,0.000101632
758843,1.0496e-05
758847,7.0144e-05
758860,3.4048e-05
758863,6.144e-06
758873,0.000122368
758876,7.2448e-05
758887,1.3568e-05
758890,0.000145408
758893,0.00120576
758908,7.424e-06
758909,0.006005248
758946,0.003956224
758960,0.004860928
759000,9.6512e-05
759041,0.000128256
759044,5.4528e-05
759089,1.9712e-05
759101,4.608e-06
759110,8.1152e-05
759115,5.0944e-05
759121,6.2208e-05
759134,0.000771584
759136,0.001340672
759189,3.7376e-05
759206,0.000111616
759208,0.000272896
759228,3.9424e-05
759242,2.304e-06
759245,3.1232e-05
759249,7.68e-06
759255,4.1472e-05
759276,3.3536e-05
759283,8.8576e-05
759299,6.0672e-05
759325,1.3824e-05
759328,2.7136e-05
759340,9.4464e-05
759350,0.000176384
759379,3.6096e-05
759385,7.296e-05
759399,3.84e-05
759454,3.3536e-05
759457,4.736e-05
759471,2.3296e-05
759483,3.84e-06
759493,0.001075968
759494,0.00433024
759541,8.7808e-05
759563,3.8656e-05
759566,0.000129792
759567,0.001524224
759585,0.099721984
759673,0.000111872
759681,2.5088e-05
759701,0.000100352
759703,1.1008e-05
759724,0.000135168
759755,3.072e-06
759779,6.8608e-05
759802,9.216e-06
759822,7.2448e-05
759824,2.5088e-05
759836,0.001954816
759856,0.002593024
759890,0.002843648
759912,0.003394816
759933,5.6832e-05
759935,0.002745088
759986,2.3296e-05
759999,2.2272e-05
760017,1.2032e-05
760038,9.1136e-05
760050,1.3824e-05
760056,0.00010496
760083,1.2544e-05
760086,3.4304e-05
760089,5.12e-06
760093,0.000805376
760094,0.001142016
760097,0.000833536
760116,0.008180224
760177,4.5312e-05
760187,7.68e-07
760207,9.6e-05
760210,5.12e-07
760228,4.096e-06
760245,0.000129536
760270,0.000291584
760280,6.4e-06
760299,7.7056e-05
760322,7.424e-06
760335,4.6336e-05
760356,0.000205824
760358,8.5504e-05
760366,0.000796672
760381,0.004187904
760432,3.3536e-05
760436,1.92e-05
760451,1.2032e-05
760456,0.000105216
760470,3.6352e-05
760490,5.0688e-05
760495,6.4e-06
760505,0.000124928
760508,2.816e-06
760521,3.8912e-05
760534,4.9152e-05
760540,4.6848e-05
760561,2.304e-05
760571,2.304e-05
760582,0.000117248
760596,0.001371392
760624,4.0192e-05
760630,1.4848e-05
760632,0.003166976
760664,0.099780864
760698,0.00038784
760778,3.7632e-05
760799,6.9376e-05
760806,1.3824e-05
760811,9.3952e-05
760828,4.864e-05
760861,7.5008e-05
760896,6.9632e-05
760903,2.0736e-05
760931,6.7072e-05
760938,9.088e-05
760960,3.2e-05
760974,4.1984e-05
760988,1.4848e-05
760994,2.2016e-05
761023,4.3008e-05
761025,6.1184e-05
761027,0.000167424
761028,0.001701888
761063,0.000151808
761074,9.3696e-05
761089,7.8592e-05
761092,9.856e-05
761101,0.000241664
761103,0.099980288
761203,0.000128
761237,5.3504e-05
761244,0.0001664
761249,6.4e-06
761265,1.408e-05
761278,4.6848e-05
761294,0.002400256
761299,0.000176896
761305,0.00210176
761307,0.004050432
761324,0.000630016
761362,1.9456e-05
761377,5.0944e-05
761380,0.000663296
761428,0.001165824
761477,0.00022528
761486,5.7344e-05
761490,0.002407424
761497,0.002707968
761513,0.001786624
761529,0.001605376
761560,0.001820672
761563,0.004707072
761611,5.632e-06
761615,0.002047744
761617,0.007007232
761652,0.00012544
761682,8.448e-06
761694,0.000122624
761699,4.096e-06
761737,0.0003456
761739,0.000361472
761758,0.09971712
761797,0.003426048
761853,0.000388864
761868,1.3568e-05
761872,0.004684544
761874,0.000189952
761893,0.005001216
761909,0.001209344
761939,0.00976256
761969,0.00038912
761974,0.000166656
762002,0.000909312
762005,0.001611776
762042,1.5616e-05
762049,0.007863808
762083,0.002796544
762101,0.0004416
762118,0.00020608
762146,1.2288e-05
762157,3.6352e-05
762177,0.001483264
762219,2.56e-07
762223,2.6368e-05
762226,2.8672e-05
762230,7.424e-06
762253,1.0496e-05
762277,8.0896e-05
762301,0.000232704
762305,0.000239616
762323,4.736e-05
762345,0.000132352
762369,0.00053248
762402,0.001046784
762403,0.002008832
762447,7.6544e-05
762454,0.00012288
762471,7.808e-05
762475,3.072e-05
762483,0.000254976
762488,9.6768e-05
762513,0.000168448
762531,0.000468224
762539,0.000227584
762584,5.8624e-05
762592,1.3568e-05
762597,4.9664e-05
762604,7.5264e-05
762640,2.8416e-05
762651,7.68e-05
762665,0.000143616
762674,0.000108288
762688,1.536e-05
762713,1.92e-05
762720,4.0704e-05
762739,4.9152e-05
762766,0.000231168
762789,2.0992e-05
762824,0.000113152
762826,0.000108288
762863,7.3728e-05
762885,1.28e-05
762911,2.6112e-05
762926,5.0688e-05
762946,1.2032e-05
762951,0.000112128
762959,0.000101888
762963,5.5808e-05
762978,8.6528e-05
762996,4.9152e-05
763005,0.00114432
763036,3.0208e-05
763061,0.000166144
763065,0.000126464
763093,0.000885248
763098,0.00155776
763143,0.000107264
763153,5.12e-07
763170,1.6896e-05
763198,4.1984e-05
763203,0.000310272
763233,0.001451008
763286,0.000559872
763305,5.248e-05
763318,2.0992e-05
763331,6.4e-05
763341,2.9696e-05
763348,2.7392e-05
763350,0.000270336
763365,9.2928e-05
763394,0.002353408
763425,6.912e-06
763465,1.0496e-05
763474,5.632e-05
763492,0.000100608
763500,1.0752e-05
763519,4.1984e-05
763527,4.5568e-05
763548,1.8944e-05
763557,1.5616e-05
763571,2.7392e-05
763582,0.00016384
763586,0.000521216
763620,0.0005696
763644,6.4512e-05
763656,2.2528e-05
763680,0.002223104
763701,0.027517184
763749,0.000162816
763773,7.04e-05
763820,8.704e-06
763822,6.3232e-05
763826,6.912e-05
763832,0.000319232
763839,0.001017344
763860,0.000226304
763889,6.912e-06
763893,0.000215808
763915,4.608e-06
763956,8.32e-05
763963,8.704e-06
763964,0.000239872
763974,2.56e-07
763984,0.004056064
764021,4.1984e-05
764053,8.704e-05
764066,6.4768e-05
764068,1.9968e-05
764073,0.000568576
764091,0.000169984
764107,3.1232e-05
764109,0.000295936
764128,0.000632064
764140,0.000100352
764152,0.005961728
764201,0.000292864
764214,0.000416512
764236,8.704e-06
764243,0.00016768
764271,2.9184e-05
764283,0.000374016
764293,0.007798016
764327,0.000642048
764332,0.000164608
764359,0.000201984
764403,3.0464e-05
764413,0.00048384
764456,2.304e-06
764459,5.632e-05
764489,0.000140544
764494,0.0002368
764512,0.00049152
764519,0.000155392
764538,2.3296e-05
764543,5.9392e-05
764559,0.000204544
764568,0.000131328
764585,3.9936e-05
764601,6.144e-06
764604,1.9968e-05
764621,1.4592e-05
764644,7.6032e-05
764663,3.8656e-05
764681,2.5088e-05
764688,6.912e-06
764734,9.4208e-05
764749,0.001902336
764770,0.000211968
764788,0.000451328
764793,3.6096e-05
764828,5.248e-05
764843,5.12e-05
764853,4.096e-06
764874,2.304e-06
764878,1.4592e-05
764892,9.9072e-05
764905,0.000235008
764931,0.001013504
764967,2.944e-05
765005,1.4336e-05
765011,0.000643328
765042,4.864e-06
765059,7.3984e-05
765068,8.4736e-05
765084,2.8416e-05
765108,1.4336e-05
765132,0.001574656
765146,0.002624
765193,0.000131072
765196,5.9392e-05
765203,7.0912e-05
765219,0.000311552
765236,0.006462464
765259,0.002777088
765260,0.002926848
765310,0.000188672
765328,2.3552e-05
765345,3.328e-06
765351,0.000151296
765362,5.8368e-05
765365,0.000253184
765381,0.000269312
765409,4.3264e-05
765418,8.0896e-05
765433,7.68e-07
765460,4.6592e-05
765473,6.0928e-05
765476,8.32e-05
765494,0.000436992
765495,0.005672192
765497,0.004797184
765542,0.000381184
765560,0.000122624
765603,0.000154368
765618,2.56e-05
765622,3.4048e-05
765633,6.016e-05
765646,4.1216e-05
765650,8.4992e-05
765668,2.56e-07
765699,5.2736e-05
765713,2.5856e-05
765724,3.6352e-05
765774,2.0224e-05
765788,5.1968e-05
765798,8.6272e-05
765801,0.00078336
765835,2.5856e-05
765848,0.000681984
765868,6.4512e-05
765870,0.002755328
765929,0.000193792
765942,7.168e-06
765986,6.4256e-05
765993,0.000170752
766010,0.000141312
766019,6.1952e-05
766040,0.000244992
766054,1.3056e-05
766059,4.608e-06
766083,0.005696768
766084,0.001231616
766086,0.001419776
766094,0.001346048
766106,0.001029888
766142,0.0001792
766150,0.015761408
766202,3.968e-05
766215,7.68e-06
766228,4.1472e-05
766239,5.12e-07
766243,6.016e-05
766246,8.3456e-05
766258,6.9376e-05
766262,7.168e-06
766274,0.000201728
766296,0.000132608
766309,8.0128e-05
766313,5.888e-06
766334,2.4064e-05
766343,2.3808e-05
766347,5.3248e-05
766364,8.3968e-05
766378,4.8896e-05
766396,0.001489664
766450,0.000358144
766462,0.00034944
766467,0.00750848
766532,5.2736e-05
766537,2.5856e-05
766558,3.4304e-05
766575,5.504e-05
766576,1.8688e-05
766631,2.3808e-05
766644,7.1936e-05
766663,0.00010624
766681,0.000111104
766697,0.003233536
766732,3.0208e-05
766760,6.3744e-05
766767,6.9632e-05
766770,4.096e-06
766813,2.9952e-05
766822,0.0012288
766839,0.00052096
766870,1.0752e-05
766873,3.3792e-05
766880,0.000112384
766903,2.5856e-05
766909,0.000140544
766931,6.656e-06
766947,6.7072e-05
766957,8.704e-06
766982,3.7632e-05
766992,0.000131328
766995,1.3824e-05
766999,5.6576e-05
767004,5.0432e-05
767017,0.000252672
767049,5.4272e-05
767053,4.7872e-05
767078,0.002792704
767132,0.000150016
767137,3.8656e-05
767152,0.005194752
767185,0.000417792
767189,0.000581888
767197,0.001275904
767203,0.000124416
767227,0.00044288
767245,1.3824e-05
767263,6.6304e-05
767277,0.00018304
767280,6.6048e-05
767284,4.4032e-05
767292,6.4768e-05
767322,0.000526592
767335,8.4992e-05
767380,0.000127232
767382,0.000831488
767435,0.000156672
767446,1.8688e-05
767456,6.8352e-05
767480,3.4816e-05
767488,3.8656e-05
767497,7.7568e-05
767514,3.7376e-05
767523,2.7904e-05
767540,0.000103424
767574,3.7888e-05
767602,6.4256e-05
767604,5.9136e-05
767623,0.00010368
767629,0.000152832
767660,8.0384e-05
767667,0.000136192
767682,8.832e-05
767689,1.3824e-05
767691,0.000127744
767706,1.6384e-05
767716,2.816e-06
767718,0.001508352
767796,0.003077376
767835,3.1488e-05
767848,0.000506624
767871,4.0192e-05
767874,6.2464e-05
767894,0.001412864
767905,0.000285184
767909,0.00579072
767977,2.9952e-05
767983,9.6e-05
768000,0.000148224
768008,0.000329472
768037,0.000185088
768062,5.4272e-05
768067,8.5504e-05
768081,0.000100864
768092,3.0208e-05
768096,2.6368e-05
768110,1.7664e-05
768113,1.4592e-05
768124,0.000135424
768133,0.002164736
768153,4.0704e-05
768176,2.1248e-05
768188,8.4224e-05
768195,0.00552192
768261,6.6048e-05
768290,6.4e-05
768293,3.3536e-05
768302,3.0976e-05
768326,4.864e-06
768351,6.8096e-05
768378,5.12e-07
768392,4.0192e-05
768406,7.424e-06
768428,3.3536e-05
768431,6.016e-05
768446,7.168e-06
768450,6.528e-05
768469,8.448e-05
768473,9.984e-05
768494,5.9392e-05
768497,5.4784e-05
768509,3.5584e-05
768511,0.00036224
768563,0.000174336
768585,7.4752e-05
768596,0.000108288
768612,1.3824e-05
768614,0.000151808
768623,0.0001152
768643,5.12e-06
768665,2.4832e-05
768679,5.248e-05
768683,9.472e-05
768717,0.005677312
768751,0.002888704
768806,6.4e-05
768814,0.000879104
768873,2.048e-05
768880,9.472e-06
768893,0.001176576
768911,9.4208e-05
768918,0.0001536
768957,3.84e-06
768959,0.000205568
768972,7.68e-06
768986,4.1728e-05
768998,1.1264e-05
769005,2.0736e-05
769011,2.6624e-05
769047,3.3536e-05
769052,0.000187392
769064,0.000228096
769082,7.1168e-05
769094,0.000163584
769108,3.9168e-05
769113,0.000118272
769117,0.000485888
769152,4.1984e-05
769160,3.712e-05
769175,9.7536e-05
769185,1.024e-06
769197,9.728e-05
769233,5.376e-05
769259,2.304e-05
769267,2.2784e-05
769277,2.8928e-05
769312,9.344e-05
769318,7.3984e-05
769337,4.4032e-05
769346,1.792e-05
769377,4.9664e-05
769410,5.2736e-05
769427,0.00047872
769457,5.6832e-05
769485,6.8352e-05
769490,5.888e-06
769492,2.176e-05
769505,0.000155392
769536,9.216e-06
769543,0.002114816
769572,1.8176e-05
769574,4.3776e-05
769592,7.7312e-05
769601,8.7296e-05
769603,0.000133888
769612,7.3216e-05
769645,3.84e-06
769658,0.000257536
769672,0.000115712
769683,4.1984e-05
769694,0.0012416
769698,0.001289472
769728,1.024e-06
769766,7.2704e-05
769776,8.448e-06
769784,0.001048064
769814,0.000292864
769834,0.00022272
769853,9.9328e-05
769867,3.456e-05
769878,0.00372224
769889,0.000438016
769892,0.001046528
769912,0.000260096
769915,0.000965376
769917,0.001752832
769923,0.000459264
769926,0.001213696
769952,0.013354752
770021,0.000107776
770039,1.9712e-05
770080,7.424e-06
770087,3.7632e-05
770132,0.0002112
770154,0.000145408
770156,1.4848e-05
770182,6.8352e-05
770197,0.000125696
770199,4.5824e-05
770230,4.1216e-05
770234,0.00013312
770244,0.000239872
770267,1.8688e-05
770299,3.584e-06
770353,0.004565248
770406,9.984e-06
770407,3.84e-05
770410,6.0672e-05
770420,0.000248064
770423,6.0416e-05
770426,7.1168e-05
770468,0.000104192
770489,6.1952e-05
770508,0.000273408
770546,8.448e-06
770580,5.0688e-05
770612,4.3008e-05
770613,0.000426752
770658,7.7568e-05
770664,6.0928e-05
770688,0.005654528
770758,2.304e-05
770764,0.003149056
770813,6.8608e-05
770847,3.2768e-05
770855,0.000155648
770858,5.12e-06
770862,1.3056e-05
770883,1.4336e-05
770894,0.000280576
770897,0.001395712
770922,5.9392e-05
770947,2.0992e-05
770952,1.8944e-05
770960,3.072e-06
770971,6.0672e-05
771003,4.7872e-05
771006,0.000116224
771037,5.4016e-05
771053,0.000707584
771062,0.000191232
771066,0.004260608
771112,7.7824e-05
771116,6.4e-06
771122,0.00012032
771137,0.000492544
771138,0.001986304
771157,0.003297792
771161,0.006145792
771222,4.3264e-05
771224,1.2288e-05
771231,5.6064e-05
771244,3.584e-06
771260,2.7392e-05
771285,3.9168e-05
771321,4.7616e-05
771340,5.2736e-05
771370,3.3024e-05
771372,9.1904e-05
771388,5.5296e-05
771409,0.00013696
771419,0.000703744
771441,2.1504e-05
771446,2.816e-05
771453,7.6544e-05
771465,0.000715776
771494,2.2272e-05
771495,0.004481536
771524,0.000316416
771553,1.7664e-05
771561,0.000545024
771566,0.001478912
771595,0.005037312
771639,2.6112e-05
771662,0.000108288
771674,6.016e-05
771681,0.00041984
771699,6.528e-05
771712,1.9968e-05
771714,0.00017664
771720,0.000180736
771729,0.001584128
771768,0.000224768
771778,0.001415936
771828,9.472e-06
771833,3.5072e-05
771859,2.2784e-05
771869,0.000134144
771880,2.4832e-05
771892,0.000194816
771925,1.2032e-05
771946,2.1248e-05
771950,1.2032e-05
771962,4.608e-06
771998,9.728e-06
772001,9.1648e-05
772031,0.000129536
772053,4.48e-05
772057,1.8688e-05
772063,3.8912e-05
772071,7.936e-06
772074,9.472e-05
772082,6.8352e-05
772093,0.007752192
772095,0.00354176
772097,0.002369024
772176,8.0128e-05
772199,3.0976e-05
772214,6.9376e-05
772222,1.2288e-05
772229,0.000112128
772253,3.7376e-05
772301,8.448e-05
772323,0.000169984
772331,8.0384e-05
772341,0.00102528
772402,8.5248e-05
772431,9.216e-06
772433,0.000127232
772455,0.000101376
772470,0.000136704
772487,0.000695296
772509,0.000107776
772568,2.816e-05
772572,1.8688e-05
772582,5.7856e-05
772596,0.00013568
772613,2.56e-05
772630,9.728e-05
772643,6.656e-06
772656,9.0112e-05
772662,5.9904e-05
772692,0.000185856
772694,4.864e-05
772706,0.00126208
772764,2.048e-05
772769,5.12e-05
772790,5.2992e-05
772847,6.656e-06
772849,3.8912e-05
772871,0.000126976
772890,2.048e-06
772908,1.92e-05
772924,4.4544e-05
772946,8.5248e-05
772970,1.536e-06
772980,5.1456e-05
772999,0.00012928
773014,4.096e-06
773022,4.0704e-05
773043,1.152e-05
773061,1.3312e-05
773072,0.00015872
773100,0.000100096
773110,4.1728e-05
773142,4.864e-06
773159,3.84e-05
773167,6.5536e-05
773174,8.0896e-05
773195,1.6384e-05
773202,1.28e-05
773221,6.8352e-05
773227,2.2016e-05
773259,0.000125184
773281,3.84e-06
773294,0.006240512
773299,3.3024e-05
773346,7.5264e-05
773360,2.9184e-05
773374,2.6624e-05
773398,5.0944e-05
773401,1.3312e-05
773417,6.4e-06
773432,0.000155392
773460,3.328e-06
773463,0.000100864
773478,2.304e-05
773499,4.6336e-05
773545,7.68e-07
773549,2.1504e-05
773571,4.4288e-05
773574,3.0464e-05
773582,5.5808e-05
773605,0.00011136
773612,6.8096e-05
773616,1.2544e-05
773621,1.1008e-05
773669,2.1504e-05
773671,6.3232e-05
773686,0.00011776
773706,5.2224e-05
773712,1.7664e-05
773720,4.2496e-05
773737,1.9712e-05
773738,0.000180224
773751,8.832e-05
773774,4.2496e-05
773783,1.9712e-05
773812,0.000139776
773820,1.7152e-05
773845,4.096e-06
773858,0.000102912
773862,2.5088e-05
773884,2.0992e-05
773893,0.000370688
773903,0.000164864
773946,2.176e-05
774014,3.328e-05
774029,7.6032e-05
774053,2.432e-05
774060,7.5008e-05
774079,6.784e-05
774087,1.408e-05
774106,5.1968e-05
774116,5.0176e-05
774130,4.1728e-05
774146,7.68e-06
774153,4.608e-06
774165,7.168e-06
774182,7.68e-07
774192,0.000106752
774194,0.000105472
774204,0.000178432
774220,1.3312e-05
774236,1.9712e-05
774253,0.000107008
774268,5.1456e-05
774306,5.632e-06
774307,0.001400832
774333,1.3312e-05
774370,2.9696e-05
774381,5.248e-05
774383,9.856e-05
774386,0.001882624
774412,8.9344e-05
774428,3.84e-05
774448,1.28e-05
774463,0.0001152
774470,8.2432e-05
774488,1.8176e-05
774492,6.528e-05
774498,9.1136e-05
774506,0.002018304
774537,7.552e-05
774567,5.0944e-05
774571,2.944e-05
774577,5.9136e-05
774592,7.1936e-05
774638,7.5008e-05
774644,0.000175104
774656,0.000632576
774673,2.7136e-05
774693,5.9648e-05
774731,0.003265536
774741,0.006521088
774742,0.000211456
774747,0.000773632
774818,0.000139264
774820,7.9616e-05
774853,0.000344832
774882,0.000138752
774897,0.0001024
774924,6.528e-05
774934,8.704e-06
774963,2.56e-06
774983,0.000123648
775007,5.1712e-05
775026,1.9712e-05
775029,0.0001216
775043,1.024e-05
775053,7.936e-05
775066,1.3568e-05
775083,0.00015616
775085,0.000166144
775091,8.1408e-05
775100,0.000346112
775123,0.000109056
775128,9.216e-06
775154,3.6608e-05
775171,7.9104e-05
775202,9.728e-06
775217,6.0928e-05
775222,0.000455424
775238,9.216e-06
775247,0.000133376
775256,2.2016e-05
775273,0.000255488
775283,0.00120832
775327,6.0928e-05
775339,1.4848e-05
775343,6.144e-06
775355,4.5568e-05
775361,9.7024e-05
775367,1.2544e-05
775377,2.944e-05
775402,4.0448e-05
775410,1.1776e-05
775413,1.4336e-05
775421,0.00026624
775431,1.4592e-05
775445,3.712e-05
775452,3.4048e-05
775462,0.000107264
775488,0.00012544
775498,0.000140544
775501,3.584e-06
775542,1.792e-05
775552,6.4256e-05
775559,7.68e-05
775571,0.000103168
775589,0.000136704
775603,6.6048e-05
775614,9.1648e-05
775656,0.00010496
775666,2.1248e-05
775674,0.00012928
775685,0.00391168
775695,0.005411072
775761,0.000131584
775778,0.000116736
775791,2.0992e-05
775812,7.8592e-05
775814,0.000163328
775826,0.000183552
775849,9.728e-05
775870,0.000121856
775875,0.000560384
775900,0.00016
775922,4.864e-05
775927,7.3984e-05
775940,6.528e-05
775974,6.7072e-05
775993,2.56e-07
775997,8.0384e-05
776003,9.472e-06
776032,5.7856e-05
776051,3.8144e-05
776077,0.000125696
776085,0.000298752
776109,7.9872e-05
776149,4.864e-05
776160,2.8672e-05
776166,4.48e-05
776167,1.0752e-05
776173,2.9952e-05
776178,6.144e-06
776196,4.5568e-05
776198,1.5616e-05
776203,0.000497152
776228,4.4288e-05
776247,7.168e-06
776266,0.000144128
776275,0.000133888
776277,0.000316672
776294,0.001801984
776321,6.144e-05
776335,2.2528e-05
776338,4.6848e-05
776352,4.6336e-05
776373,6.8096e-05
776388,5.0176e-05
776394,0.000289792
776429,0.000128512
776433,0.00010496
776435,1.8432e-05
776449,3.5584e-05
776452,4.7872e-05
776465,5.2736e-05
776470,4.1472e-05
776490,0.000258304
776498,0.0015616
776528,8.9344e-05
776533,0.004946176
776541,4.224e-05
776542,0.000444416
776546,0.00020096
776552,0.00131072
776554,0.008485888
776556,0.005047808
776630,0.00023936
776635,8.4224e-05
776646,8.8832e-05
776664,2.5344e-05
776671,6.144e-06
776683,0.000143872
776694,0.000306176
776699,0.000913664
776751,7.1168e-05
776765,5.2992e-05
776768,7.9872e-05
776788,0.000107008
776809,5.12e-05
776814,1.6128e-05
776825,5.5552e-05
776835,7.6544e-05
776879,1.0752e-05
776882,1.6128e-05
776893,0.00782592
776897,0.006701568
776955,0.00013056
776974,3.584e-05
776976,5.6064e-05
776977,0.001054208
776996,0.003642624
777046,4.4288e-05
777051,8.576e-05
777055,2.3808e-05
777058,3.2256e-05
777068,8.192e-06
777070,3.4048e-05
777094,0.000146688
777125,0.000108288
777155,0.0055808
777158,0.000262656
777206,3.0976e-05
777225,2.688e-05
777242,6.9376e-05
777256,3.0464e-05
777259,0.000118272
777282,9.7792e-05
777289,5.888e-06
777312,0.000513792
777353,9.728e-06
777380,0.000473344
777424,3.328e-05
777435,2.6624e-05
777439,6.8096e-05
777444,1.3568e-05
777457,2.304e-06
777465,3.3792e-05
777478,3.4304e-05
777482,3.6608e-05
777506,0.000106752
777510,3.072e-05
777531,7.7824e-05
777541,2.0992e-05
777570,2.176e-05
777585,1.7408e-05
777616,3.8144e-05
777635,6.0928e-05
777666,1.4336e-05
777670,5.1968e-05
777686,1.536e-05
777698,2.5344e-05
777712,0.002412032
777757,0.001234432
777788,0.000131328
777852,0.001105664
777911,4.2752e-05
777914,9.9072e-05
777943,0.000110592
777951,2.816e-05
777964,7.04e-05
777985,6.6816e-05
777998,7.9872e-05
778000,0.000290048
778033,1.8176e-05
778044,0.000390144
778045,0.001879296
778079,0.005419264
778084,0.001508352
778089,0.000615936
778096,0.000842752
778153,8.832e-05
778158,3.2512e-05
778165,2.816e-05
778179,0.002226944
778194,0.00409728
778200,0.003961856
778282,0.001873408
778337,8.0384e-05
778381,2.1248e-05
778383,6.9632e-05
778389,3.9424e-05
778404,2.2528e-05
778408,0.003049472
778425,0.001197568
778430,0.002072576
778433,0.005454592
778489,1.28e-06
778495,5.0432e-05
778509,0.00065408
778524,0.001944832
778572,4.224e-05
778576,4.5312e-05
778599,6.144e-06
778602,3.0464e-05
778616,1.5616e-05
778650,6.7584e-05
778661,0.00014848
778697,0.009614592
778738,0.00126592
778742,3.9168e-05
778759,0.001144064
778782,0.000101632
778820,8.96e-05
778828,7.6032e-05
778842,1.28e-06
778856,0.000590336
778861,0.099319552
778878,0.092615168
778975,0.000105472
778993,0.00011136
779005,2.4576e-05
779032,0.00011008
779038,9.8304e-05
779062,4.0448e-05
779098,1.152e-05
779100,0.000726016
779120,6.912e-06
779145,0.000175872
779163,2.3552e-05
779179,0.000426752
779201,6.2208e-05
779214,9.984e-06
779220,1.2288e-05
779230,0.001347584
779256,5.9392e-05
779268,2.3552e-05
779279,0.001143808
779291,0.000411392
779298,1.664e-05
779313,0.000908288
779352,6.4768e-05
779357,4.9152e-05
779377,5.0432e-05
779388,3.8912e-05
779420,0.0002752
779428,2.0992e-05
779430,0.000882944
779499,3.072e-05
779511,2.304e-06
779529,0.000108544
779546,1.0752e-05
779558,0.000598272
779606,4.608e-06
779608,5.7856e-05
779622,0.0003008
779640,9.5232e-05
779645,1.7664e-05
779667,3.9424e-05
779687,8.576e-05
779693,7.6032e-05
779717,5.632e-06
779730,6.5792e-05
779761,9.856e-05
779777,3.2768e-05
779779,0.000157184
779783,1.6896e-05
779788,2.688e-05
779800,0.000421632
779852,0.000114688
779858,2.2016e-05
779861,0.00014208
779893,0.000673024
779896,0.007554048
779944,9.7024e-05
779947,1.1008e-05
779970,0.0001536
779978,0.000251136
779981,0.001288448
779995,0.00580736
780046,4.7104e-05
780048,0.000807936
780065,2.4064e-05
780100,7.936e-06
780107,8.96e-06
780114,0.000575232
780132,0.000901888
780149,0.000611328
780199,3.0464e-05
780232,3.9424e-05
780250,5.5552e-05
780260,0.002000384
780322,1.8176e-05
780343,3.0464e-05
780353,3.6352e-05
780370,2.3552e-05
780378,5.888e-05
780395,0.000102656
780401,0.000122624
780415,1.4592e-05
780423,0.000128512
780443,3.9936e-05
780484,4.1472e-05
780493,0.000424704
780500,0.000814336
780531,6.912e-06
780532,7.0656e-05
780538,0.001467648
780569,9.5744e-05
780594,0.001045504
780623,8.704e-05
780630,6.1952e-05
780635,0.000238592
780661,3.6864e-05
780682,8.9344e-05
780690,0.00057728
780710,0.000133888
780737,0.000313856
780748,0.000306432
780758,0.000172288
780763,3.5328e-05
780789,0.000163072
780791,0.000123392
780808,8.1152e-05
780826,1.5872e-05
780833,9.0624e-05
780865,0.000128256
780875,0.000926464
780892,0.000162048
780926,7.7312e-05
780943,0.000491008
780958,0.000369408
781018,3.0208e-05
781029,0.001384192
781056,0.000179456
781059,4.9152e-05
781090,0.000171008
781093,0.001059584
781111,0.000173824
781116,4.1984e-05
781142,5.7344e-05
781159,2.56e-05
781164,0.000156928
781186,3.4304e-05
781189,3.7376e-05
781202,0.000430592
781234,5.6576e-05
781246,3.6864e-05
781252,1.3824e-05
781256,0.002758144
781270,0.00047232
781340,0.000275712
781393,7.68e-06
781395,0.000162048
781427,3.968e-05
781429,6.0928e-05
781464,0.000114688
781484,0.000101376
781504,0.000123904
781509,1.4336e-05
781515,6.144e-06
781523,4.224e-05
781538,0.000364288
781550,0.002714368
781587,4.352e-05
781609,5.6832e-05
781613,2.5856e-05
781619,0.000122112
781636,9.088e-05
781640,0.004408064
781661,0.000512768
781668,0.002182144
781702,0.001611264
781705,0.000130048
781706,0.000691712
781736,0.000484096
781765,0.001030912
781769,0.00062592
781771,0.098211328
781787,0.090992384
781833,0.00807168
781903,0.000475904
781904,2.5344e-05
781909,0.000423424
781913,0.0002368
781952,6.4e-05
781961,0.00360832
782014,6.8864e-05
782016,0.000159744
782035,3.3024e-05
782055,0.000291584
782069,1.3824e-05
782074,0.000134912
782101,0.000275712
782106,0.000736
782127,0.000175104
782128,0.000610304
782140,0.001553152
782160,0.000789504
782175,0.003679488
782197,0.000582656
782207,0.101240576
782258,0.000153088
782298,0.000765696
782303,0.000108288
782305,0.002764032
782319,0.000335872
782344,5.7856e-05
782356,3.4304e-05
782358,0.001804032
782398,0.000425984
782411,2.048e-06
782431,1.024e-06
782449,2.8928e-05
782468,3.8656e-05
782476,5.12e-05
782485,2.7648e-05
782500,5.632e-05
782515,6.8608e-05
782547,6.8352e-05
782564,3.6352e-05
782581,0.018281984
782606,0.012450304
782644,5.8368e-05
782652,0.0001664
782656,0.000143616
782688,9.216e-06
782692,4.4032e-05
782696,0.000198656
782703,0.000830464
782735,2.4832e-05
782756,4.352e-06
782763,8.192e-06
782779,2.304e-05
782788,2.56e-05
782794,3.328e-06
782799,5.9136e-05
782801,6.1184e-05
782831,0.000125696
782833,4.48e-05
782845,7.9616e-05
782852,7.68e-07
782861,0.000479488
782866,0.000154624
782886,0.000439552
782900,1.7408e-05
782918,0.008327424
782957,0.000974592
782958,0.001078784
782967,0.004584448
783000,6.8608e-05
783005,8.96e-06
783018,9.9072e-05
783030,4.9408e-05
783060,0.099774464
783133,4.224e-05
783145,3.8144e-05
783161,0.000146688
783167,0.000289536
783188,1.152e-05
783190,1.2032e-05
783226,5.76e-05
783232,0.099979008
783306,2.816e-06
783347,7.3216e-05
783374,3.456e-05
783378,5.12e-06
783380,0.000617472
783410,4.224e-05
783420,0.000639232
783470,5.76e-05
783483,1.1776e-05
783489,8.7296e-05
783493,0.001024
783507,0.00251392
783529,0.000141312
783531,0.000198656
783541,0.000241664
783562,1.6128e-05
783564,0.001455104
783596,0.000746496
783600,1.28e-06
783635,2.8672e-05
783682,4.0448e-05
783690,7.0912e-05
783694,2.048e-06
783695,0.000569856
783697,0.000233984
783729,0.001199104
783746,6.7328e-05
783786,4.1216e-05
783788,8.448e-05
783809,0.000342784
783854,1.8432e-05
783863,7.6032e-05
783864,0.000424192
783917,0.001452032
783940,0.006514176
783975,0.001953536
783981,0.001220096
783986,0.002087168
783997,0.000241152
784042,0.000229632
784052,5.4528e-05
784073,9.0624e-05
784080,7.808e-05
784086,5.4784e-05
784092,7.6544e-05
784105,1.4592e-05
784108,2.5088e-05
784110,0.00062336
784131,7.168e-06
784162,7.0144e-05
784163,0.000443904
784171,0.000381696
784175,0.000241408
784201,4.8384e-05
784232,2.8416e-05
784243,9.1648e-05
784249,3.712e-05
784258,0.000158464
784260,0.000137984
784269,0.0008768
784299,0.000320512
784300,4.5824e-05
784304,1.8432e-05
784331,0.007238144
784373,1.3824e-05
784375,4.6592e-05
784383,9.4208e-05
784411,0.000473856
784437,1.2288e-05
784443,0.0008
784453,0.004487424
784490,0.009096704
784500,0.000280576
784516,0.000187392
784543,0.000106496
784551,0.000383488
784553,0.000832
784576,0.000478208
784620,6.016e-05
784629,0.001635328
784634,0.000515328
784635,0.00111744
784638,0.000275456
784647,0.000341248
784651,0.0006592
784695,0.000211968
784702,0.008875776
784731,0.000434944
784745,0.006642432
784783,3.7632e-05
784796,0.000406528
784816,3.328e-06
784820,0.000359424
784830,0.00073216
784877,0.000743424
784880,0.000142592
784903,0.000114432
784917,1.0752e-05
784930,8.9856e-05
784965,7.7056e-05
784993,3.9424e-05
785007,0.000962048
785016,0.009713664
785059,3.4304e-05
785086,0.000302336
785104,0.000809472
785106,0.002076416
785153,2.3808e-05
785161,0.000212736
785164,0.000845568
785196,0.00014976
785218,0.000208896
785238,2.56e-06
785261,0.000354048
785264,2.3296e-05
785285,5.5552e-05
785287,8.0896e-05
785293,0.027835392
785343,0.000249344
785349,0.010091776
785352,0.003301632
785374,0.001598208
785393,0.002157312
785431,0.002435584
785448,0.000887552
785450,0.000355584
785484,0.003083008
785485,0.002624512
785531,0.002470912
785546,2.1504e-05
785577,5.0432e-05
785585,9.6256e-05
785586,0.001567232
785613,0.000150784
785618,5.12e-05
785663,3.072e-05
785676,0.000103168
785681,0.002549504
785683,0.00021248
785691,0.004760832
785734,0.0041408
785762,7.9616e-05
785769,0.000117248
785777,0.014573824
785805,0.000237056
785818,0.000224512
785862,8.5504e-05
785870,3.7376e-05
785893,0.005689088
785937,5.248e-05
785950,0.000374528
785985,2.4832e-05
785991,3.2256e-05
786000,0.000994304
786004,0.005477888
786006,0.00395776
786042,9.4976e-05
786052,0.000340736
786053,0.000534784
786054,0.001889792
786083,0.000515072
786112,0.000391936
786121,0.002029056
786146,2.304e-05
786166,3.6096e-05
786185,0.013244416
786191,0.095729664
786270,0.000676352
786303,5.4784e-05
786313,7.68e-06
786317,7.2704e-05
786335,0.00453632
786353,0.000183552
786379,0.00100224
786413,0.000329984
786446,0.00014976
786474,0.002055936
786479,0.000713216
786493,0.000746496
786494,0.000920576
786506,0.00134656
786520,2.048e-05
786531,0.013574144
786557,0.000310784
786570,0.005161472
786599,0.00137856
786612,0.003785984
786618,0.001321728
786625,0.000431616
786663,0.000688128
786674,9.1392e-05
786679,0.00210048
786697,0.01028992
786717,0.001356032
786747,0.001899776
786770,0.099899904
786780,0.087940352
786814,0.097522176
786823,0.183933696
786908,5.12e-05
786915,0.00741632
786918,0.005746688
786935,0.000167168
786949,0.002678528
786950,0.003519488
787001,4.992e-05
787003,0.001206016
787005,0.000420096
787038,1.4336e-05
787053,0.000289792
787058,0.000449792
787067,0.002461952
787069,5.12e-06
787094,9.8048e-05
787099,0.002601472
787110,0.006929152
787164,3.84e-06
787176,1.024e-05
787178,2.0224e-05
787183,2.048e-05
787198,4.9408e-05
787208,0.002867712
787209,0.001547264
787234,4.0192e-05
787235,0.002407936
787264,0.000691456
787266,0.00126976
787294,7.68e-07
787314,3.8144e-05
787332,0.100178688
787336,0.080647936
787369,0.000729088
787401,0.000630784
787452,0.001622784
787465,0.00031104
787501,7.2192e-05
787510,1.792e-05
787524,0.002306816
787566,1.28e-05
787579,0.002211584
787613,0.00013824
787628,5.2992e-05
787636,0.00544896
787638,0.00041216
787639,0.000444416
787641,0.000330752
787642,0.002499072
787690,1.664e-05
787693,0.002457856
787699,0.00055808
787710,0.000283136
787717,7.168e-05
787789,0.000623616
787794,0.00085888
787814,0.004023808
787845,1.7152e-05
787847,0.000282368
787868,4.992e-05
787878,9.8816e-05
787885,1.3568e-05
787911,0.000118016
787936,0.00019584
787937,0.001485056
787941,0.000195584
787943,0.015511808
787950,0.00534528
787997,7.6032e-05
787998,0.00148096
788006,0.00350976
788009,0.00582272
788055,4.608e-06
788063,0.001878272
788085,0.001574144
788086,0.000823296
788103,0.006089984
788135,5.888e-06
788145,3.968e-05
788162,4.2752e-05
788168,8.2176e-05
788173,0.000345344
788193,0.01082496
788293,0.000489984
788297,0.001372416
788341,8.192e-06
788351,6.1952e-05
788355,4.096e-06
788366,0.00011776
788370,9.728e-06
788375,1.4336e-05
788381,1.4592e-05
788386,0.007748608
788408,0.001368832
788451,6.3488e-05
788458,0.000284928
788471,1.8944e-05
788473,0.00407296
788518,5.3248e-05
788536,2.9184e-05
788562,4.608e-06
788584,2.0224e-05
788601,7.4496e-05
788610,3.1744e-05
788612,2.816e-06
788623,3.6864e-05
788632,5.2992e-05
788640,0.00017536
788661,7.8848e-05
788665,2.7392e-05
788681,0.001478656
788723,0.003268096
788749,0.00014848
788799,0.0001024
788801,0.000890624
788802,0.001741568
788838,8.704e-06
788860,3.5584e-05
788863,0.000177664
788885,7.4752e-05
788893,0.0031488
788896,0.004335616
788949,2.432e-05
788953,9.4208e-05
788976,1.6384e-05
788980,1.6896e-05
789011,1.8688e-05
789026,1.024e-06
789027,0.00022144
789030,0.000983296
789062,3.0464e-05
789070,6.5792e-05
789094,3.456e-05
789096,5.2224e-05
789103,0.000137984
789112,0.000156672
789137,0.000137216
789169,0.000148992
789184,4.3776e-05
789188,2.432e-05
789198,1.28e-06
789203,7.3472e-05
789213,3.5072e-05
789231,2.7392e-05
789241,7.4496e-05
789250,3.5072e-05
789288,9.8048e-05
789310,6.272e-05
789322,0.000130304
789349,4.6848e-05
789363,6.912e-05
789367,0.000936448
789396,0.000594176
789402,0.000329216
789409,0.00020608
789413,2.8416e-05
789437,0.000464896
789458,0.000100352
789466,0.000391168
789494,3.9936e-05
789503,0.000432128
789509,0.00321664
789551,0.001530112
789552,0.003273728
789554,0.00487168
789609,2.3552e-05
789618,1.024e-06
789622,0.011039744
789669,0.006171648
789706,0.00043264
789711,0.000564736
789733,1.0752e-05
789749,5.6576e-05
789755,3.3536e-05
789777,2.048e-06
789815,2.3808e-05
789821,1.5616e-05
789833,1.8432e-05
789849,0.000106496
789860,2.3296e-05
789879,4.7616e-05
789893,1.3824e-05
789905,0.100340992
789974,0.100278784
790071,0.000107264
790077,3.328e-05
790081,0.000502272
790087,0.000741632
790094,0.006646784
790106,0.000345088
790111,0.00459648
790113,0.003123456
790122,0.00198016
790197,6.7584e-05
790210,3.7632e-05
790233,3.6352e-05
790255,0.00279296
790257,0.00235776
790316,4.352e-06
790323,3.84e-06
790346,9.0368e-05
790352,7.424e-06
790354,3.84e-05
790371,8.448e-05
790397,0.000108288
790417,3.5072e-05
790419,0.100202496
790506,7.9104e-05
790536,5.4016e-05
790578,0.000166144
790584,0.00032768
790615,2.2784e-05
790624,0.010791424
790671,0.000127232
790679,8.6528e-05
790698,0.00074112
790701,0.000444672
790703,0.001089792
790705,0.102924544
790712,0.080212992
790769,0.000238336
790795,1.28e-06
790820,5.76e-05
790834,0.000105216
790872,0.100401408
790895,0.000328192
790960,0.001243392
790986,4.0448e-05
790990,0.000732416
791024,0.00287744
791027,0.007468544
791045,0.000933632
791070,0.002473728
791103,4.0448e-05
791119,0.000546816
791129,0.006453248
791134,0.002206208
791136,0.093610752
791181,0.000552448
791199,0.00189056
791203,0.000648448
791256,0.0008512
791279,0.000931072
791280,0.001430784
791288,0.00332416
791299,0.00075008
791343,0.000461056
791385,0.000121088
791395,0.000129792
791444,2.56e-06
791461,1.6896e-05
791467,0.002356224
791508,0.000120064
791536,0.000113152
791540,0.001193728
791542,0.001730048
791551,0.099941888
791592,0.001183232
791644,3.2e-05
791662,0.001285888
791691,2.3296e-05
791717,0.000105984
791726,4.1984e-05
791764,0.000140288
791774,7.0912e-05
791777,8.4736e-05
791780,0.005927168
791839,0.000553472
791898,9.8304e-05
791899,0.000779008
791911,1.92e-05
791943,3.584e-06
791965,7.68e-06
791979,1.1264e-05
792015,1.152e-05
792031,3.84e-06
792035,3.84e-05
792052,0.000248064
792071,7.3472e-05
792081,2.8416e-05
792088,7.8592e-05
792093,0.001101824
792129,0.000151808
792132,0.000104448
792137,6.1696e-05
792164,0.010121728
792265,8.2688e-05
792276,0.000230656
792282,6.0416e-05
792301,7.5264e-05
792302,0.000166656
792314,2.56e-06
792357,3.1488e-05
792360,2.8672e-05
792372,0.000109056
792403,1.28e-05
792406,3.1232e-05
792412,2.5856e-05
792423,7.1936e-05
792433,5.12e-07
792453,7.9872e-05
792461,1.4592e-05
792485,2.944e-05
792493,0.026372864
792497,0.017512704
792553,0.000111616
792572,0.000194048
792581,5.12e-05
792605,0.000914688
792647,0.000130048
792650,1.4848e-05
792658,6.7328e-05
792679,6.5536e-05
792681,0.000114944
792699,0.000110848
792745,1.024e-05
792759,0.000171264
792794,0.000139264
792798,0.000158976
792822,6.656e-06
792857,5.12e-07
792859,3.0976e-05
792868,0.000206848
792881,0.000101888
792883,1.3568e-05
792891,0.0002176
792898,3.3024e-05
792917,7.3984e-05
792946,4.352e-05
792964,1.5872e-05
792968,8.832e-05
792980,0.000257024
792994,0.00015232
792999,2.8672e-05
793003,5.1712e-05
793028,0.004139776
793054,4.7104e-05
793057,0.099572224
793131,7.6544e-05
793140,4.4032e-05
793149,0.000248832
793157,0.00024832
793159,0.000396544
793189,0.00085888
793203,2.3552e-05
793208,0.001764352
793216,0.003802368
793243,1.024e-05
793255,4.8896e-05
793298,3.7376e-05
793303,3.7376e-05
793315,8.96e-06
793320,0.00031488
793342,0.00060288
793385,8.4736e-05
793392,8.2432e-05
793394,1.5616e-05
793401,0.000128
793406,0.000175616
793448,3.7376e-05
793458,0.000531456
793472,6.1184e-05
793492,2.048e-05
793504,2.2784e-05
793517,0.000197632
793522,3.5328e-05
793538,0.000207872
793554,4.8128e-05
793557,9.344e-05
793578,0.000473088
793609,0.000101888
793618,2.5088e-05
793644,0.000213248
793650,0.000240128
793660,9.9072e-05
793664,0.0003776
793678,0.000363776
793680,8.0128e-05
793696,0.000190976
793698,0.005165568
793766,1.536e-05
793775,2.6112e-05
793796,2.7136e-05
793799,0.000100352
793813,0.00018432
793817,5.0688e-05
793825,0.00010112
793867,0.000133376
793905,3.072e-05
793928,8.5248e-05
793933,0.000106496
793976,0.001837568
794000,0.005390848
794051,7.296e-05
794061,0.0003008
794070,6.6304e-05
794073,2.816e-05
794099,1.9456e-05
794113,9.6e-05
794135,0.00035072
794144,0.00012672
794149,0.000831232
794173,0.001711104
794174,0.004820992
794200,0.000207104
794236,0.000807424
794261,7.6032e-05
794278,0.000117248
794299,0.001468672
794304,5.9136e-05
794307,0.001071872
794345,0.005538816
794357,0.003346176
794398,5.888e-05
794410,2.4832e-05
794430,1.9456e-05
794431,7.7824e-05
794443,1.7152e-05
794460,1.5872e-05
794464,0.000127232
794473,2.6112e-05
794474,5.376e-05
794496,4.5056e-05
794502,3.1488e-05
794547,1.92e-05
794561,2.8672e-05
794566,6.528e-05
794570,4.48e-05
794577,6.8352e-05
794588,5.3504e-05
794604,0.000218368
794613,0.000214528
794622,1.536e-05
794641,2.432e-05
794653,7.68e-05
794667,0.005154304
794713,2.7648e-05
794720,0.000264192
794727,0.000385024
794729,0.000509696
794762,0.000322304
794765,3.072e-05
794776,0.000268288
794782,0.000118784
794827,1.024e-06
794833,9.216e-06
794857,7.808e-05
794879,1.536e-06
794893,0.00962176
794941,0.000104704
794950,5.6832e-05
794962,4.9664e-05
794977,1.92e-05
794981,2.048e-06
795000,2.6368e-05
795034,0.000974336
795061,0.000247296
795065,0.000397568
795114,3.4048e-05
795127,0.000115968
795142,8.96e-06
795178,3.1744e-05
795183,1.5104e-05
795189,8.4736e-05
795200,0.00034688
795219,6.4512e-05
795230,9.6e-05
795234,0.000288256
795263,2.5344e-05
795281,1.3056e-05
795285,7.7056e-05
795290,5.9392e-05
795296,7.1424e-05
795299,4.4288e-05
795310,0.000173568
795332,0.000186368
795345,1.024e-05
795353,2.7904e-05
795363,1.2544e-05
795369,4.3264e-05
795371,2.304e-06
795379,3.072e-06
795383,5.12e-07
795395,0.003005952
795429,2.304e-05
795442,1.92e-05
795445,4.1728e-05
795458,0.000151552
795476,1.7408e-05
795485,0.00405248
795488,0.007499264
795492,0.003393536
795534,5.9392e-05
795575,7.68e-06
795604,4.48e-05
795608,0.001039872
795618,0.000402176
795624,0.002239488
795626,0.002790656
795686,0.000147712
795689,2.0224e-05
795704,6.4e-06
795712,7.168e-05
795730,3.84e-06
795731,1.3824e-05
795735,3.6608e-05
795740,0.000619008
795759,0.0008
795773,0.00055552
795795,0.00739072
795856,4.608e-06
795879,1.8176e-05
795897,9.216e-06
795903,3.5072e-05
795928,1.8176e-05
795934,0.001034496
795935,0.005687808
795987,0.001467136
795998,0.00797568
796034,1.792e-06
796040,0.004339968
796074,1.5104e-05
796081,4.5312e-05
796087,1.536e-05
796103,0.000108288
796105,0.001797376
796123,0.000325888
796132,1.7664e-05
796139,8.7808e-05
796170,5.8112e-05
796198,1.28e-06
796200,2.048e-05
796217,0.001964032
796235,2.0736e-05
796240,0.0037504
796251,0.000214272
796253,0.002624512
796269,0.004108032
796271,0.003943424
796317,0.000146176
796324,0.002215168
796334,0.001417216
796383,3.328e-05
796385,4.096e-05
796392,0.000971776
796458,4.7616e-05
796490,6.912e-05
796492,9.472e-06
796503,5.12e-05
796505,2.8672e-05
796515,9.472e-06
796517,0.002353664
796520,0.00844416
796544,0.003992832
796590,5.1968e-05
796609,0.00012032
796641,8.7808e-05
796643,3.6096e-05
796647,1.152e-05
796660,6.0416e-05
796682,0.000165376
796697,0.001814784
796705,0.001446656
796742,1.6896e-05
796747,3.584e-06
796753,6.7072e-05
796766,8.448e-05
796795,6.3232e-05
796805,1.792e-05
796810,0.000144384
796814,4.096e-05
796816,0.00636544
796850,5.5296e-05
796851,0.000121856
796870,7.4752e-05
796885,0.000461312
796913,0.000154624
796916,2.816e-05
796921,1.28e-06
796935,9.4208e-05
796957,3.7632e-05
796966,7.6288e-05
796975,6.4e-06
796981,0.002632704
797019,4.352e-05
797028,7.5008e-05
797030,4.608e-06
797042,2.0992e-05
797050,0.000104448
797051,1.1264e-05
797070,0.000111616
797073,0.000865792
797123,2.688e-05
797125,7.936e-06
797152,1.152e-05
797157,0.00022784
797169,0.000250112
797183,3.968e-05
797220,0.00226688
797230,0.000400128
797253,3.968e-05
797259,7.2192e-05
797272,3.584e-06
797280,8.0384e-05
797291,0.000798208
797294,0.000386304
797300,0.005460736
797371,0.000534784
797414,1.9968e-05
797430,2.5088e-05
797456,3.3792e-05
797483,2.7392e-05
797486,6.144e-06
797501,6.144e-06
797513,2.304e-06
797514,1.4336e-05
797535,8.0128e-05
797541,0.000711168
797560,0.001007104
797562,0.00071936
797603,0.007354368
797605,0.003599616
797629,9.1648e-05
797637,0.003854592
797638,0.001249024
797668,0.000517376
797669,0.001699328
797707,5.1456e-05
797723,0.000230912
797753,5.2224e-05
797756,0.000184064
797787,0.000226304
797815,1.7408e-05
797829,0.000582912
797844,3.0208e-05
797862,5.0688e-05
797868,0.00287104
797892,0.006345984
797897,0.000941056
797950,3.3792e-05
797958,2.0992e-05
797963,1.6896e-05
797983,0.007734272
798014,0.00179456
798046,0.000568576
798079,9.2672e-05
798085,7.4752e-05
798092,0.000188928
798104,5.5552e-05
798128,0.000247552
798138,0.000174848
798188,9.728e-06
798198,0.000193792
798199,0.000504576
798206,0.001217024
798235,6.7328e-05
798241,7.3472e-05
798250,0.000345344
798271,2.0736e-05
798275,2.9184e-05
798303,1.8688e-05
798316,5.9392e-05
798351,3.6864e-05
798388,3.9936e-05
798394,2.0224e-05
798410,0.000444672
798441,2.1504e-05
798445,1.4848e-05
798456,2.816e-06
798460,0.00016512
798484,0.000251136
798494,0.011368192
798541,2.7904e-05
798548,7.04e-05
798561,8.2432e-05
798580,0.001078528
798595,1.5872e-05
798603,2.5088e-05
798609,8.192e-06
798620,0.000803328
798645,3.5072e-05
798655,3.328e-05
798690,6.8608e-05
798696,1.408e-05
798704,4.6336e-05
798727,2.56e-07
798743,1.5104e-05
798763,0.000136704
798784,0.000141568
798795,7.68e-06
798798,2.6624e-05
798812,6.4e-05
798815,0.000337664
798829,0.000319232
798870,8.96e-05
798890,0.000146688
798930,4.9152e-05
798935,5.2224e-05
798943,1.2288e-05
798946,0.00020608
798956,1.0752e-05
798966,0.00020608
798969,1.5104e-05
798971,0.000110848
799005,1.9456e-05
799014,0.000104448
799024,0.00012032
799032,4.352e-06
799051,0.00010496
799060,8.96e-06
799071,5.8624e-05
799073,4.096e-06
799093,0.0077632
799107,0.000195328
799111,0.001424128
799113,0.007037952
799166,0.000211456
799169,2.944e-05
799196,0.000310272
799199,0.00038784
799231,0.000159744
799249,4.7872e-05
799261,4.4544e-05
799263,0.00014336
799277,7.168e-06
799298,6.7328e-05
799310,1.4848e-05
799313,1.5104e-05
799324,4.7616e-05
799327,0.000242432
799353,0.000138752
799373,0.0001024
799402,3.5328e-05
799414,0.000206592
799418,0.001420288
799435,0.002042112
799438,0.001999104
799447,0.000370944
799449,0.000669184
799451,0.00274432
799520,6.9376e-05
799529,0.010829312
799561,1.3312e-05
799579,1.9712e-05
799581,7.68e-07
799587,5.1712e-05
799602,0.000106496
799612,5.2224e-05
799630,2.4064e-05
799639,0.000115712
799661,5.888e-05
799665,0.000172288
799689,7.1424e-05
799694,0.001167616
799728,1.0752e-05
799745,0.000128512
799761,1.5872e-05
799767,0.000516352
799785,7.6032e-05
799811,7.6032e-05
799816,2.9952e-05
799832,2.3808e-05
799835,2.5344e-05
799842,0.005723392
799860,0.000530688
799892,7.04e-05
799911,0.000135168
799918,2.3552e-05
799951,7.7056e-05
799971,4.352e-06
799977,3.0208e-05
799987,1.7152e-05
800003,0.0002048
800018,5.9648e-05
800026,1.8688e-05
800028,5.12e-06
800045,0.00026368
800073,8.2688e-05
800106,8.96e-06
800108,3.84e-06
800125,0.002674432
800159,0.000433408
800171,0.000176128
800209,3.072e-06
800220,0.00050176
800293,0.00101504
800314,7.7312e-05
800328,5.6064e-05
800330,3.1744e-05
800379,0.000187392
800389,0.000129024
800417,6.8608e-05
800442,2.7392e-05
800446,2.0224e-05
800450,2.048e-06
800471,0.00035584
800479,4.5568e-05
800504,0.000515072
800571,1.7408e-05
800581,3.2768e-05
800590,2.432e-05
800596,4.8128e-05
800607,2.816e-05
800615,0.001983744
800640,5.1712e-05
800652,8.2432e-05
800663,0.000149248
800679,6.6816e-05
800683,3.4816e-05
800695,1.1008e-05
800714,1.5104e-05
800721,2.816e-06
800736,6.5792e-05
800788,6.7328e-05
800790,0.00013312
800799,3.8656e-05
800840,0.000109824
800841,8.3968e-05
800845,0.000587008
800891,3.2256e-05
800894,0.000107264
800899,0.003486976
800904,6.144e-06
800907,0.000496896
800936,2.304e-05
800974,0.000114944
800982,5.9904e-05
800995,3.2e-05
801002,2.6624e-05
801014,2.944e-05
801020,4.9408e-05
801030,6.6816e-05
801042,2.816e-06
801043,0.000443648
801071,6.912e-06
801090,0.000101632
801113,3.8144e-05
801130,0.000124672
801145,0.001147392
801189,2.3552e-05
801203,0.001204224
801226,3.6352e-05
801241,7.552e-05
801250,8.0896e-05
801285,5.5296e-05
801321,0.000140544
801330,3.7632e-05
801344,0.001197568
801380,4.7616e-05
801387,0.009162496
801435,3.8912e-05
801463,6.4768e-05
801480,9.1904e-05
801488,2.7904e-05
801494,0.000100352
801506,0.000400128
801510,0.00012288
801568,1.2288e-05
801591,1.6896e-05
801607,4.1216e-05
801610,2.944e-05
801621,1.1264e-05
801624,9.216e-06
801657,9.3184e-05
801670,6.8352e-05
801688,0.001252608
801748,3.584e-06
801758,5.1968e-05
801763,3.2e-05
801771,3.5072e-05
801776,3.3024e-05
801798,9.8304e-05
801834,0.000154624
801856,2.048e-05
801858,3.5072e-05
801864,0.000143616
801880,0.002644224
801934,3.072e-05
801939,8.9344e-05
801948,0.00016128
801956,0.001083648
801990,8.704e-06
802010,2.6112e-05
802045,7.1424e-05
802051,6.144e-06
802063,3.4816e-05
802081,2.56e-05
802093,0.000439552
802106,0.002043392
802136,7.6544e-05
802145,0.00013568
802166,5.4272e-05
802187,2.56e-07
802190,8.704e-06
802201,5.4016e-05
802215,4.096e-06
802217,7.04e-05
802221,1.2288e-05
802228,2.9184e-05
802281,4.6336e-05
802286,5.2992e-05
802292,5.632e-06
802299,1.024e-06
802306,0.00048128
802333,0.000560128
802372,4.864e-06
802375,7.168e-06
802409,0.000128
802431,5.9648e-05
802439,0.000114944
802459,0.00298112
802483,0.000150272
802505,5.632e-06
802510,9.1904e-05
802534,0.000247296
802575,0.000145664
802587,1.536e-05
802594,9.728e-06
802610,4.096e-06
802614,5.12e-06
802641,6.8608e-05
802660,1.6384e-05
802681,6.528e-05
802692,5.3248e-05
802693,0.007748864
802750,5.5808e-05
802770,0.000161024
802784,3.072e-06
802799,1.1776e-05
802817,5.4528e-05
802844,2.6112e-05
802851,3.1488e-05
802864,4.9408e-05
802870,4.5312e-05
802878,2.2272e-05
802892,0.000115712
802898,0.000101376
802909,2.6624e-05
802930,0.000214272
802941,5.7344e-05
802968,1.4848e-05
802992,2.432e-05
803031,2.7904e-05
803071,0.000158208
803092,6.656e-05
803093,0.0013184
803115,3.8144e-05
803127,1.0752e-05
803152,1.152e-05
803161,9.4208e-05
803182,9.7792e-05
803194,2.1504e-05
803196,2.0736e-05
803237,0.000144896
803243,0.000108032
803271,5.0176e-05
803275,6.1952e-05
803280,0.000872192
803305,0.00108928
803341,0.000155136
803347,7.936e-06
803367,0.000184832
803391,0.000117248
803397,2.816e-06
803410,8.0384e-05
803421,5.12e-06
803451,5.1456e-05
803470,3.072e-05
803479,0.003329792
803527,0.003686912
803553,0.100700672
803631,4.0704e-05
803637,3.4816e-05
803658,4.736e-05
803667,2.432e-05
803687,1.0496e-05
803704,0.000567552
803724,0.00320128
803746,1.4336e-05
803782,1.3568e-05
803799,0.000518144
803811,1.2032e-05
803814,0.000174592
803821,5.7344e-05
803849,2.4832e-05
803851,8.3712e-05
803866,4.864e-06
803868,0.000197376
803874,0.003774464
803894,0.000159232
803899,0.003986176
803962,0.000566272
803983,7.2704e-05
803989,5.12e-07
803992,9.9584e-05
804017,1.8432e-05
804037,1.536e-05
804064,1.1264e-05
804067,2.56e-07
804085,6.7072e-05
804094,0.000113408
804120,3.3024e-05
804131,0.000207104
804169,1.536e-06
804176,8.704e-06
804184,0.000139264
804186,1.152e-05
804220,0.000159488
804231,2.1248e-05
804248,3.6608e-05
804254,2.2272e-05
804263,0.000233728
804278,8.8832e-05
804289,0.001203712
804294,0.001387776
804332,0.000791296
804364,0.000115456
804393,5.248e-05
804401,3.3536e-05
804423,1.3312e-05
804440,2.7392e-05
804451,0.000169984
804476,5.376e-05
804490,1.792e-06
804492,0.000103168
804493,0.007384064
804544,0.00744704
804617,1.8944e-05
804647,4.864e-05
804653,9.984e-06
804659,6.8352e-05
804679,0.000127744
804683,8.96e-05
804698,5.1968e-05
804713,0.000249856
804727,0.000187648
804753,7.7312e-05
804799,3.3792e-05
804832,0.000200448
804834,0.00031104
804844,0.000109056
804875,0.000909312
804948,1.024e-06
804954,9.216e-06
804994,2.9184e-05
805014,6.2976e-05
805026,1.9456e-05
805038,0.000841216
805072,3.1232e-05
805083,5.376e-06
805093,0.002978304
805134,1.1776e-05
805174,5.0176e-05
805193,4.4288e-05
805197,7.7824e-05
805215,0.00010624
805223,3.2e-05
805246,0.000130304
805250,5.2224e-05
805284,1.9712e-05
805289,8.4736e-05
805309,3.9424e-05
805313,9.4976e-05
805321,0.000120832
805356,5.0176e-05
805414,3.7888e-05
805416,0.00022656
805429,1.1008e-05
805450,5.8368e-05
805457,6.1696e-05
805474,6.1696e-05
805481,0.000135168
805491,6.1184e-05
805512,1.664e-05
805534,7.5008e-05
805566,1.3312e-05
805572,6.4256e-05
805579,0.001349888
805587,0.001894656
805592,0.000466944
805604,0.004304128
805656,0.000133376
805676,6.656e-06
805688,0.000358144
805693,0.002731008
805694,0.003650048
805720,0.000366336
805736,0.000386816
805766,0.001652736
805815,2.1504e-05
805828,0.000173312
805845,3.8144e-05
805862,1.792e-05
805878,6.5792e-05
805885,8.0128e-05
805890,2.688e-05
805901,6.6304e-05
805932,1.024e-06
805956,3.584e-05
805984,1.792e-06
806023,0.000163072
806040,8.3456e-05
806051,4.608e-06
806066,4.096e-05
806083,1.2288e-05
806100,5.5808e-05
806103,0.000154624
806128,6.4e-06
806145,9.1136e-05
806147,4.352e-05
806158,3.0464e-05
806166,5.4784e-05
806195,1.1776e-05
806214,3.1744e-05
806236,4.1472e-05
806250,9.5744e-05
806264,4.0704e-05
806266,1.792e-06
806286,4.224e-05
806294,0.003859456
806307,0.000722944
806312,0.002627584
806358,4.1472e-05
806375,5.6576e-05
806391,7.9104e-05
806394,3.8144e-05
806417,0.000119808
806428,0.000133888
806439,2.944e-05
806456,0.000161792
806503,9.1392e-05
806515,0.000124416
806522,0.000317952
806548,0.000123648
806590,0.00010112
806644,0.000108032
806658,8.7552e-05
806664,0.000158208
806668,7.9104e-05
806682,3.84e-05
806698,7.68e-07
806748,1.024e-06
806771,3.584e-05
806786,0.000167424
806793,4.1728e-05
806813,0.00018944
806814,0.004802816
806876,6.1696e-05
806894,0.004133632
806897,0.00418176
806952,1.7664e-05
806959,0.0001216
806978,0.000198656
806990,0.01302144
807030,5.632e-06
807048,1.92e-05
807061,0.000160256
807083,7.936e-06
807093,0.00018048
807103,0.000483072
807142,2.688e-05
807144,6.6304e-05
807148,3.5072e-05
807168,2.2528e-05
807174,0.000124672
807198,6.7584e-05
807209,1.28e-06
807222,8.9344e-05
807276,6.528e-05
807309,6.0416e-05
807313,2.56e-06
807334,0.000119296
807344,2.816e-05
807351,0.000909056
807388,5.632e-06
807392,5.632e-06
807396,0.000126464
807423,6.4256e-05
807436,4.1984e-05
807451,3.9168e-05
807456,2.304e-06
807467,3.584e-05
807473,2.6112e-05
807494,0.003378432
807507,0.0002496
807537,3.0464e-05
807558,0.000186624
807571,5.12e-06
807578,1.4336e-05
807598,0.000116992
807603,5.6064e-05
807639,9.1136e-05
807679,2.8672e-05
807703,0.000211968
807736,0.000102912
807744,2.2784e-05
807759,7.936e-05
807787,5.888e-06
807793,2.3296e-05
807802,4.1472e-05
807814,3.8656e-05
807819,8.4992e-05
807825,2.432e-05
807838,1.9968e-05
807854,0.000113408
807882,5.12e-05
807885,4.864e-06
807895,0.00019968
807919,0.000228096
807942,2.2016e-05
807953,0.0002624
807976,3.4048e-05
807991,0.00012544
807999,2.8928e-05
808012,0.000103168
808019,1.3056e-05
808046,1.1264e-05
808050,0.00030208
808070,0.001134848
808092,5.7856e-05
808093,0.00032768
808139,5.76e-05
808158,8.1152e-05
808162,9.3696e-05
808172,2.8416e-05
808217,1.3824e-05
808220,2.56e-05
808223,0.000180736
808228,8.192e-06
808234,0.00022528
808241,8.064e-05
808265,3.6608e-05
808308,4.9664e-05
808315,1.6896e-05
808320,2.048e-06
808331,8.704e-06
808369,1.7408e-05
808374,0.006549248
808412,0.001078272
808469,7.2448e-05
808473,5.248e-05
808482,3.584e-05
808483,2.56e-06
808500,0.000108288
808531,6.8096e-05
808550,1.664e-05
808565,3.9936e-05
808586,4.7104e-05
808593,2.8928e-05
808602,4.992e-05
808626,2.048e-06
808631,0.000174848
808678,0.000168448
808692,0.000105472
808693,0.003387392
808697,0.004931584
808700,0.000281344
808771,1.4592e-05
808778,5.9392e-05
808792,8.7552e-05
808800,3.2768e-05
808821,4.9664e-05
808823,0.000668672
808859,0.000130304
808863,3.3792e-05
808873,2.432e-05
808891,2.816e-05
808905,0.001810176
808943,4.7616e-05
808970,6.1952e-05
809000,0.000175616
809010,0.00012288
809013,7.8592e-05
809026,0.000183552
809040,0.000111616
809051,2.4064e-05
809077,6.5024e-05
809092,1.2288e-05
809103,9.0112e-05
809126,2.5856e-05
809147,2.5344e-05
809212,5.4272e-05
809239,1.2032e-05
809271,2.5088e-05
809285,3.2256e-05
809290,4.1984e-05
809299,0.000938752
809328,4.3008e-05
809353,5.6832e-05
809384,9.984e-06
809393,8.6784e-05
809401,0.000118784
809461,6.2208e-05
809465,4.7104e-05
809467,6.6048e-05
809480,0.00031104
809512,4.864e-06
809520,1.4848e-05
809542,8.832e-05
809557,8.7296e-05
809559,7.3472e-05
809597,5.376e-05
809599,7.4496e-05
809606,5.2736e-05
809614,1.2032e-05
809635,2.6368e-05
809642,6.784e-05
809645,6.4768e-05
809657,8.6016e-05
809687,2.816e-05
809694,4.9152e-05
809719,9.9072e-05
809723,8.7296e-05
809738,2.816e-06
809768,2.816e-06
809776,4.6336e-05
809791,9.9072e-05
809806,8.9856e-05
809811,0.000121344
809838,6.7328e-05
809843,3.3536e-05
809860,7.1168e-05
809870,4.7104e-05
809876,8.96e-06
809894,0.004084736
809899,6.8864e-05
809950,0.04057344
810000,8.9856e-05
810017,1.4336e-05
810032,1.7408e-05
810050,6.912e-06
810053,7.0912e-05
810064,3.1488e-05
810066,2.816e-05
810111,7.168e-05
810116,6.1184e-05
810138,6.2208e-05
810145,4.48e-05
810149,6.0416e-05
810220,3.6096e-05
810242,6.5536e-05
810244,2.048e-05
810249,7.936e-06
810265,0.00252288
810312,0.0001152
810324,5.376e-05
810358,0.000135936
810370,3.1744e-05
810390,9.9584e-05
810405,4.608e-05
810412,1.3056e-05
810416,2.0224e-05
810428,2.5856e-05
810451,3.4304e-05
810455,5.12e-07
810472,7.936e-06
810482,2.6112e-05
810493,0.0040192
810498,0.004748544
810549,6.7072e-05
810553,1.92e-05
810579,5.2736e-05
810588,6.9376e-05
810599,2.8672e-05
810630,0.000139776
810640,5.5552e-05
810650,0.000148224
810668,0.02680064
810749,3.5328e-05
810761,1.28e-06
810766,0.000150016
810776,3.2256e-05
810783,1.6384e-05
810805,2.176e-05
810811,4.8896e-05
810822,2.1248e-05
810853,6.912e-06
810866,0.007013888
810914,9.1136e-05
810931,2.816e-05
810948,1.3568e-05
810968,9.728e-06
810976,0.000128768
810997,9.8048e-05
811004,0.000250112
811014,0.000122368
811039,4.7104e-05
811044,7.68e-07
811059,2.3552e-05
811076,0.000171776
811093,0.00365184
811094,0.000871168
811154,5.5552e-05
811172,7.2704e-05
811182,3.1488e-05
811199,8.8064e-05
811223,1.5104e-05
811230,1.7152e-05
811233,0.000171776
811253,6.656e-05
811264,9.5488e-05
811303,4.6848e-05
811309,0.000119552
811318,0.000100096
811337,1.8688e-05
811354,1.9456e-05
811360,7.68e-06
811376,9.5232e-05
811383,3.4048e-05
811388,7.0144e-05
811426,6.0928e-05
811450,0.000470784
811462,9.7536e-05
811468,0.000316672
811470,0.002349568
811514,0.00013696
811535,1.4848e-05
811554,1.024e-06
811568,2.4576e-05
811585,2.7392e-05
811588,7.9104e-05
811600,9.7792e-05
811604,0.000150784
811643,1.8176e-05
811645,0.00016256
811670,0.000134912
811685,1.408e-05
811693,0.007768576
811706,4.9408e-05
811732,4.48e-05
811761,3.0464e-05
811788,3.6352e-05
811800,5.0176e-05
811805,6.1696e-05
811840,0.000753152
811854,9.088e-05
811878,3.9424e-05
811879,0.000114688
811948,4.1984e-05
811963,4.6592e-05
811976,6.4512e-05
811996,6.3488e-05
812020,3.1744e-05
812034,8.576e-05
812069,1.6128e-05
812071,1.5104e-05
812088,0.000105984
812093,4.096e-05
812113,1.6384e-05
812143,9.7792e-05
812151,2.8416e-05
812179,1.152e-05
812183,4.9664e-05
812217,4.864e-05
812238,4.4032e-05
812255,4.736e-05
812279,0.000146944
812297,0.005777152
812340,0.000155136
812383,5.5808e-05
812387,7.1424e-05
812413,3.8144e-05
812437,8.96e-06
812456,5.9648e-05
812473,0.000150272
812477,2.3808e-05
812500,2.3296e-05
812516,0.000100608
812518,0.000150016
812560,5.5552e-05
812569,2.4576e-05
812572,7.6544e-05
812596,2.688e-05
812610,9.984e-06
812630,0.000209152
812637,1.152e-05
812648,6.8864e-05
812669,4.3776e-05
812679,2.9184e-05
812692,0.000133632
812713,3.9424e-05
812734,0.000218368
812767,0.000286976
812787,3.328e-05
812795,1.1008e-05
812805,0.000570112
812829,8.576e-05
812843,1.28e-06
812859,4.4288e-05
812865,1.152e-05
812870,1.92e-05
812888,5.7344e-05
812891,1.2288e-05
812893,0.002464256
812906,0.001526528
812912,0.000690432
812945,0.000675072
812961,5.6576e-05
813000,3.7376e-05
813010,2.1504e-05
813015,3.8656e-05
813028,4.736e-05
813036,1.664e-05
813038,5.3504e-05
813078,0.000104192
813088,7.5264e-05
813094,1.2288e-05
813096,7.7056e-05
813113,0.000115456
813127,1.28e-06
813156,4.1216e-05
813168,7.296e-05
813177,2.2528e-05
813186,1.1008e-05
813194,1.8688e-05
813198,0.000275968
813203,5.12e-05
813206,3.6608e-05
813248,0.000161024
813258,0.001895168
813310,0.00158208
813330,2.304e-06
813343,2.7392e-05
813350,0.009217024
813418,0.00011648
813463,4.5824e-05
813469,8.3968e-05
813494,1.7408e-05
813499,5.12e-05
813502,0.000354816
813513,0.00361984
813553,0.000126208
813573,0.000167936
813581,0.000306432
813585,0.00025856
813590,0.000319488
813614,0.004973824
813661,1.1776e-05
813676,1.2544e-05
813700,2.944e-05
813708,5.9136e-05
813724,2.2272e-05
813736,9.5488e-05
813738,2.0224e-05
813746,0.00525568
813747,0.00102656
813789,9.5232e-05
813804,4.6848e-05
813819,5.888e-05
813836,1.0496e-05
813850,1.1008e-05
813860,0.000103424
813868,0.000179456
813877,2.3552e-05
813889,2.6624e-05
813912,2.304e-06
813921,2.7904e-05
813932,6.5024e-05
813940,4.3008e-05
813953,2.9184e-05
813970,2.816e-05
813978,9.7536e-05
813984,1.28e-05
813996,7.1936e-05
814015,1.3824e-05
814029,5.2224e-05
814036,4.8896e-05
814070,0.000263424
814073,4.864e-06
814077,2.4064e-05
814093,0.006427136
814106,0.005828864
814158,0.000138496
814175,3.6864e-05
814190,4.3776e-05
814213,2.7136e-05
814217,0.00010624
814239,4.6336e-05
814259,7.8848e-05
814278,6.0672e-05
814282,2.304e-05
814305,8.1664e-05
814339,4.5824e-05
814353,3.2512e-05
814358,7.8336e-05
814374,5.2224e-05
814378,3.3024e-05
814382,3.4304e-05
814425,7.1424e-05
814434,2.7392e-05
814442,2.816e-05
814472,3.6608e-05
814491,8.5248e-05
814494,4.1216e-05
814498,0.000494592
814514,3.072e-06
814542,0.000292608
814548,2.048e-06
814552,5.2992e-05
814560,2.1504e-05
814572,0.000167936
814583,0.000162304
814603,0.000104704
814623,0.00014976
814627,6.1952e-05
814643,5.9136e-05
814645,3.3024e-05
814651,7.9104e-05
814666,3.84e-06
814690,5.5808e-05
814694,0.003968
814712,0.000322048
814748,0.000246784
814765,1.792e-06
814793,3.4816e-05
814798,0.002369536
814812,0.002948096
814818,0.007527936
814888,0.00013952
814901,0.000269312
814934,1.5616e-05
814937,7.1424e-05
814941,4.224e-05
814953,0.000174848
814980,0.000155648
814986,1.7664e-05
814995,3.328e-06
815033,7.5264e-05
815088,6.912e-05
815090,1.6128e-05
815134,5.1456e-05
815144,4.0704e-05
815159,0.000132608
815175,3.968e-05
815178,4.3008e-05
815195,5.7088e-05
815221,7.808e-05
815239,3.8656e-05
815245,6.144e-06
815253,4.9664e-05
815256,0.000151296
815271,5.8368e-05
815289,4.864e-06
815294,0.001523968
815297,0.000930048
815306,0.001165312
815314,0.001665024
815387,5.7088e-05
815391,0.000518656
815413,5.9392e-05
815414,1.536e-06
815422,1.408e-05
815439,1.1008e-05
815442,8.2432e-05
815448,4.4288e-05
815468,6.3744e-05
815481,0.000184576
815498,8.5504e-05
815501,3.0976e-05
815551,7.6544e-05
815562,6.9888e-05
815569,0.00016768
815594,0.0001152
815607,4.1728e-05
815616,7.552e-05
815642,0.000100608
815661,7.9104e-05
815672,4.1216e-05
815676,1.5872e-05
815677,0.005248512
815679,0.00051968
815739,3.4048e-05
815742,8.704e-06
815752,6.3744e-05
815785,1.536e-06
815795,3.5584e-05
815799,5.6832e-05
815801,2.2016e-05
815807,2.4832e-05
815810,8.1152e-05
815821,1.8432e-05
815828,4.0448e-05
815852,0.000228096
815871,6.2976e-05
815882,0.00010368
815894,0.000280576
815897,0.006827264
815942,4.608e-06
815945,2.0736e-05
815982,3.968e-05
816020,2.1504e-05
816035,1.408e-05
816042,0.000114944
816065,1.024e-06
816067,8.448e-06
816097,0.000148224
816111,9.5744e-05
816121,5.12e-07
816140,9.984e-06
816157,2.7904e-05
816160,7.3472e-05
816185,5.12e-05
816187,4.0192e-05
816197,2.1504e-05
816200,5.9136e-05
816232,4.096e-06
816240,0.000118528
816246,0.000199936
816271,5.12e-05
816275,9.5232e-05
816285,1.7664e-05
816302,4.5056e-05
816305,2.9696e-05
816321,1.0752e-05
816324,5.632e-06
816334,3.3536e-05
816345,0.00014464
816395,8.8064e-05
816401,4.7616e-05
816405,2.2784e-05
816411,1.7664e-05
816423,9.8304e-05
816452,5.248e-05
816458,0.000114688
816460,3.584e-06
816479,2.048e-06
816486,0.000259584
816489,0.000258304
816493,0.027355648
816565,1.2544e-05
816572,2.7136e-05
816616,0.000260608
816641,1.3568e-05
816648,1.7408e-05
816673,5.1712e-05
816690,0.00018304
816736,8.8576e-05
816740,4.7616e-05
816752,4.096e-05
816790,6.4e-06
816795,3.0208e-05
816807,8.8576e-05
816826,0.000128768
816840,3.328e-05
816848,9.472e-06
816852,0.000134912
816871,0.000205568
816876,0.000256
816889,0.000116736
816920,0.000129536
816964,3.8656e-05
816999,2.688e-05
817018,5.6064e-05
817025,0.000111104
817036,9.472e-06
817064,8.192e-06
817068,6.3232e-05
817094,0.002272
817107,0.000902656
817112,0.001723392
817173,1.792e-05
817176,4.6336e-05
817183,0.000127744
817189,1.7152e-05
817200,0.00015872
817212,2.1504e-05
817213,0.001105408
817224,0.001007616
817226,0.000871424
817230,0.00031616
817234,0.0019328
817236,0.000414208
817239,0.000202752
817302,0.000399616
817342,3.4304e-05
817351,0.000114944
817391,9.9072e-05
817398,0.000168448
817437,4.7872e-05
817458,6.4512e-05
817477,4.352e-05
817491,0.004336896
817533,3.584e-05
817540,0.002977024
817586,8.9344e-05
817611,0.000293632
817644,7.68e-07
817647,8.96e-06
817668,0.000121344
817674,4.6848e-05
817678,3.072e-06
817682,6.784e-05
817693,0.002336768
817699,6.7584e-05
817705,0.000690176
817739,6.4e-06
817741,0.006030592
817805,6.4512e-05
817814,0.000148736
817837,3.0976e-05
817842,1.536e-06
817848,0.003652352
817878,1.2544e-05
817895,3.6864e-05
817934,1.1264e-05
817937,0.000108288
817946,1.4336e-05
817953,9.984e-06
817962,8.448e-06
817970,6.656e-06
817995,2.048e-06
817998,3.5072e-05
818036,0.000100608
818059,0.000113152
818069,9.1904e-05
818109,0.000105216
818119,1.7152e-05
818161,0.00013952
818165,0.000465152
818178,0.003190016
818210,4.864e-06
818228,0.001417984
818238,2.304e-06
818241,0.000848896
818242,8.8576e-05
818243,0.002046464
818263,0.003029504
818305,0.001151232
818329,4.0192e-05
818359,4.8896e-05
818361,0.000146944
818363,0.000429824
818365,2.4064e-05
818367,0.00011776
818373,0.00011776
818396,0.000572416
818429,1.024e-06
818432,6.4e-06
818443,0.000569344
818447,0.001410816
818449,0.002208512
818498,0.000112896
818516,3.7888e-05
818548,3.328e-06
818556,3.6864e-05
818576,1.536e-06
818582,1.3056e-05
818588,8.6784e-05
818592,1.2032e-05
818600,3.3024e-05
818620,4.4032e-05
818631,2.3808e-05
818648,8.3968e-05
818659,0.000495872
818663,0.099653376
818799,0.000392448
818803,0.00036224
818828,3.0464e-05
818830,4.2752e-05
818852,3.584e-05
818863,0.000136704
818878,0.000159744
818890,1.8688e-05
818894,0.001831168
818897,0.006280448
818951,0.003311616
818984,0.00099584
819014,1.8176e-05
819026,3.84e-06
819040,4.608e-05
819064,2.7648e-05
819070,2.3552e-05
819082,0.000104448
819087,0.002346496
819153,1.7664e-05
819163,4.9664e-05
819172,4.1728e-05
819175,0.000154368
819250,1.3568e-05
819252,0.0001408
819268,3.2256e-05
819300,2.6368e-05
819308,7.424e-05
819330,7.04e-05
819339,0.000123136
819369,4.5056e-05
819372,1.3056e-05
819389,0.000112128
819392,1.1008e-05
819403,0.0007808
819406,0.000354816
819423,1.0496e-05
819444,3.2256e-05
819468,4.1216e-05
819487,9.728e-06
819493,0.001252608
819496,0.005744128
819507,0.005012736
819582,2.9184e-05
819616,3.7632e-05
819617,0.000514816
819680,8.0384e-05
819688,3.1488e-05
819706,5.5808e-05
819707,0.004854016
819725,2.816e-06
819767,1.1264e-05
819785,4.5824e-05
819791,9.5488e-05
819812,2.2528e-05
819854,2.3296e-05
819900,2.7904e-05
819918,1.2032e-05
819929,9.1392e-05
819938,0.00376832
819985,0.001424128
820022,4.608e-06
820030,1.024e-05
820039,5.12e-06
820041,1.8688e-05
820049,1.5616e-05
820066,8.704e-06
820094,0.00518528
820097,0.01520896
820112,0.00146816
820171,0.000147712
820179,2.9184e-05
820187,2.0992e-05
820200,5.9392e-05
820218,0.000521728
820235,0.0002944
820256,5.12e-07
820279,0.000215296
820288,0.000126464
820309,9.216e-05
820313,0.000103168
820339,9.8048e-05
820350,6.3232e-05
820369,1.664e-05
820383,0.000123904
820407,1.3824e-05
820429,1.024e-05
820445,2.0992e-05
820449,0.00045056
820466,7.0912e-05
820504,3.328e-05
820525,0.000155904
820546,5.9136e-05
820556,4.9664e-05
820576,1.6384e-05
820587,0.000576768
820610,5.6064e-05
820618,4.224e-05
820633,0.00012288
820662,6.5792e-05
820672,3.712e-05
820678,5.9392e-05
820687,0.000182272
820689,7.68e-07
820698,0.006585088
820737,7.6544e-05
820746,1.1008e-05
820780,0.000151296
820788,0.000235776
820817,2.8928e-05
820827,1.5616e-05
820846,0.004043008
820858,3.072e-05
820893,5.1968e-05
820906,0.038260736
820957,0.09994752
821030,0.000139008
821055,0.000150528
821066,4.864e-06
821068,0.002614528
821087,0.00152192
821095,0.004335616
821097,0.001053696
821131,7.1424e-05
821159,4.1472e-05
821164,0.002940928
821211,2.816e-06
821222,9.2928e-05
821227,2.6368e-05
821237,9.6512e-05
821250,4.2496e-05
821264,0.000181504
821281,0.000110848
821309,0.00011392
821315,6.272e-05
821331,3.0208e-05
821343,2.304e-05
821375,6.3232e-05
821384,1.8176e-05
821390,3.3536e-05
821393,9.5232e-05
821396,0.000374528
821430,6.912e-06
821432,1.152e-05
821440,0.099671296
821474,0.001609728
821543,1.9968e-05
821547,8.3968e-05
821560,1.408e-05
821569,0.000194048
821602,0.000158976
821605,0.000817152
821638,4.0192e-05
821662,3.072e-06
821670,0.000190464
821671,0.000103424
821673,0.099351808
821740,1.7664e-05
821744,4.0448e-05
821768,2.3808e-05
821803,0.000176128
821817,0.000155136
821858,6.4e-06
821894,6.3488e-05
821897,0.001217536
821905,0.001542656
821947,1.1008e-05
821954,7.3984e-05
821967,0.005091328
821987,0.000358656
822004,0.003127296
822006,0.001442048
822057,2.5856e-05
822065,2.7392e-05
822085,5.632e-06
822116,9.0368e-05
822126,0.100104704
822209,0.000214272
822221,0.000250368
822234,0.100512768
822342,4.8896e-05
822352,6.1952e-05
822356,8.1408e-05
822364,4.608e-06
822399,6.2208e-05
822405,5.9392e-05
822410,0.00010752
822418,0.000529152
822440,0.000137984
822449,7.6288e-05
822458,2.6624e-05
822469,4.096e-05
822494,0.002203136
822504,0.000425728
822539,1.664e-05
822546,7.9616e-05
822573,0.00698624
822620,4.352e-06
822622,1.9968e-05
822647,0.000104448
822650,0.000127232
822676,0.000121088
822682,4.3008e-05
822693,3.2768e-05
822698,0.000146944
822707,0.000514304
822730,3.8912e-05
822745,4.096e-06
822758,0.00032384
822759,0.003100416
822799,2.6112e-05
822802,6.2208e-05
822811,0.000229888
822829,5.888e-06
822868,4.1984e-05
822880,5.5296e-05
822884,3.7376e-05
822904,1.3568e-05
822912,9.1648e-05
822916,8.448e-05
822924,4.4032e-05
822950,1.2288e-05
822956,0.000118016
822978,0.000170496
822980,1.28e-06
823006,2.56e-06
823017,6.1952e-05
823023,2.8928e-05
823032,0.004325632
823082,3.072e-06
823102,0.000412416
823103,8.832e-05
823110,7.936e-06
823115,6.272e-05
823137,0.000225024
823141,0.000356608
823145,0.000320256
823176,2.5856e-05
823181,0.000146432
823208,8.8064e-05
823254,2.0224e-05
823281,6.8864e-05
823284,3.8144e-05
823288,0.000174592
823291,4.9152e-05
823297,0.102143232
823301,0.08117632
823367,0.000182784
823369,0.001902848
823386,4.6592e-05
823407,4.608e-05
823428,3.9936e-05
823434,0.00045056
823450,0.002755328
823451,0.0048192
823485,0.00013312
823520,7.1168e-05
823530,1.1776e-05
823552,4.864e-06
823558,9.1136e-05
823562,4.224e-05
823583,0.000128768
823637,0.001536512
823663,7.424e-06
823671,2.816e-06
823676,2.6368e-05
823691,4.6336e-05
823693,0.003145216
823701,0.00125056
823763,0.000169216
823767,0.002683648
823815,0.0004032
823856,0.000102144
823868,4.2752e-05
823884,0.000218624
823889,0.00020096
823912,3.7376e-05
823919,0.000801536
823943,9.5744e-05
823948,0.000248064
823971,5.7856e-05
823977,0.00025216
824021,5.504e-05
824026,0.000194304
824041,8.704e-05
824043,3.0464e-05
824061,6.2208e-05
824064,1.92e-05
824089,6.8608e-05
824149,0.000175872
824170,3.1744e-05
824185,9.1904e-05
824198,3.8144e-05
824228,3.584e-06
824249,3.1232e-05
824279,0.00028544
824295,8.8576e-05
824297,0.000314624
824349,5.1712e-05
824372,0.00011008
824382,4.608e-06
824388,0.00043008
824407,3.8144e-05
824418,7.7568e-05
824449,9.728e-05
824474,7.2704e-05
824480,6.2976e-05
824500,6.4e-05
824512,0.000162816
824528,1.1776e-05
824531,0.0001024
824567,1.3056e-05
824593,5.9648e-05
824617,2.3552e-05
824621,3.584e-06
824625,6.7584e-05
824628,4.8128e-05
824646,4.8384e-05
824651,7.168e-06
824670,8.704e-06
824684,0.001979904
824694,0.000519936
824726,0.0002304
824761,1.28e-05
824770,6.656e-06
824780,0.001910528
824817,2.9952e-05
824825,4.4544e-05
824856,2.6624e-05
824866,0.000118016
824873,0.000100096
824882,4.7104e-05
824889,2.816e-05
824893,0.004690432
824896,0.00628864
824931,0.000838912
824938,0.000161536
824947,0.006099456
824988,3.328e-06
825003,5.76e-05
825006,9.728e-06
825030,4.2752e-05
825045,8.7552e-05
825063,5.7344e-05
825105,5.7088e-05
825130,8.2688e-05
825136,1.1264e-05
825145,0.000126976
825158,6.7072e-05
825186,9.3952e-05
825196,5.5808e-05
825214,3.7376e-05
825236,4.7872e-05
825239,1.536e-05
825249,2.8928e-05
825272,4.608e-05
825303,9.2928e-05
825315,1.28e-05
825318,1.4592e-05
825321,9.8816e-05
825350,5.888e-06
825356,3.4304e-05
825369,7.6288e-05
825395,4.352e-05
825408,5.12e-07
825429,4.3264e-05
825441,2.1504e-05
825450,5.2224e-05
825452,3.4304e-05
825455,2.4064e-05
825463,0.000228096
825493,0.001665024
825500,0.000580352
825534,0.000182272
825572,8.064e-05
825632,1.5872e-05
825640,3.7376e-05
825663,0.000140544
825683,4.8896e-05
825690,2.816e-05
825740,9.984e-06
825744,4.0704e-05
825752,6.1184e-05
825755,0.000109056
825794,6.656e-06
825802,2.6112e-05
825806,7.0912e-05
825815,9.1136e-05
825832,6.8096e-05
825852,6.656e-06
825880,4.8128e-05
825886,2.8928e-05
825890,0.00020864
825900,4.608e-06
825902,2.56e-07
825922,3.5584e-05
825928,7.808e-05
825932,0.000128768
825945,3.7376e-05
825967,1.8688e-05
825990,8.704e-06
825998,4.9664e-05
826015,4.3264e-05
826036,2.56e-06
826052,4.2752e-05
826066,0.000126976
826071,9.984e-06
826079,0.001090048
826103,0.000102656
826113,2.688e-05
826142,5.2736e-05
826165,4.7616e-05
826169,2.56e-07
826175,0.000291072
826191,1.152e-05
826202,9.728e-05
826231,2.7392e-05
826238,2.2016e-05
826254,5.6064e-05
826259,1.2288e-05
826264,0.002290176
826293,1.5872e-05
826299,1.9712e-05
826323,4.5824e-05
826356,0.000339968
826373,7.424e-05
826382,3.8656e-05
826385,5.7088e-05
826392,4.1728e-05
826421,1.7408e-05
826428,0.001321472
826465,4.608e-06
826468,4.3008e-05
826480,0.00202496
826500,0.00301568
826535,3.84e-05
826538,5.12e-06
826550,2.6368e-05
826552,1.4592e-05
826577,3.7376e-05
826587,3.584e-06
826598,1.28e-05
826651,4.864e-06
826663,0.000142336
826690,6.656e-06
826693,0.001263616
826694,0.000252928
826705,0.003896832
826708,0.001942016
826722,0.004181248
826723,0.000676096
826778,9.1904e-05
826801,1.8176e-05
826826,2.3808e-05
826836,5.632e-06
826840,1.1008e-05
826845,2.8928e-05
826884,6.8608e-05
826886,9.984e-06
826898,4.5824e-05
826909,7.6544e-05
826922,3.6352e-05
826927,2.4064e-05
826947,1.6128e-05
826956,5.1712e-05
826973,7.7568e-05
826975,8.6784e-05
826982,0.000396544
826996,7.296e-05
827031,2.4576e-05
827037,9.9584e-05
827046,2.9696e-05
827051,0.001810944
827082,5.888e-05
827083,0.000122624
827101,3.84e-05
827113,2.0736e-05
827129,8.0128e-05
827133,7.168e-06
827175,2.7392e-05
827182,5.9648e-05
827201,9.1648e-05
827221,4.9152e-05
827244,8.0128e-05
827254,3.5072e-05
827259,1.152e-05
827262,0.000142336
827300,0.00044928
827311,2.9696e-05
827318,6.656e-06
827351,4.096e-06
827375,0.000164096
827390,0.001569792
827420,2.048e-06
827432,0.000158464
827482,0.000164352
827498,7.424e-06
827500,0.00033536
827511,2.6368e-05
827520,8.9344e-05
827532,1.2032e-05
827559,7.424e-06
827567,7.168e-05
827574,5.376e-06
827615,0.000187904
827657,2.7392e-05
827666,7.168e-05
827707,2.56e-07
827718,3.8144e-05
827728,7.8848e-05
827746,3.2512e-05
827752,7.3984e-05
827759,9.1392e-05
827773,7.7312e-05
827781,1.28e-05
827790,5.7344e-05
827792,2.2784e-05
827802,2.9696e-05
827815,9.3696e-05
827822,2.3808e-05
827830,1.7408e-05
827843,0.000136704
827877,5.12e-06
827886,0.00012416
827891,8.6528e-05
827893,0.000895488
827925,0.000111104
827941,7.296e-05
827946,0.000104192
827973,7.936e-05
827980,0.000128768
827984,5.5552e-05
828002,5.2224e-05
828008,7.0912e-05
828016,5.888e-06
828020,0.000100608
828044,2.688e-05
828047,3.7888e-05
828051,8.9344e-05
828078,0.000118272
828104,3.5328e-05
828113,2.304e-06
828116,9.2928e-05
828129,1.6128e-05
828138,0.000120576
828180,6.0416e-05
828228,7.3984e-05
828256,4.864e-05
828267,3.9168e-05
828273,5.376e-05
828282,4.352e-06
828291,4.3776e-05
828310,6.5792e-05
828324,1.1776e-05
828337,1.024e-05
828343,0.000154368
828346,2.3296e-05
828366,1.3056e-05
828368,5.1456e-05
828387,9.6e-05
828405,1.28e-05
828415,3.7376e-05
828419,0.000101376
828430,2.4064e-05
828447,2.304e-05
828467,9.344e-05
828487,1.4336e-05
828494,0.002050304
828529,0.0010752
828547,0.004278528
828555,0.002721024
828558,0.00031232
828560,0.000326912
828579,0.002723328
828667,1.1264e-05
828674,7.6544e-05
828678,2.56e-06
828691,1.024e-05
828703,2.0736e-05
828706,1.6384e-05
828709,7.7568e-05
828712,0.000111616
828728,0.000121856
828735,3.0208e-05
828762,3.456e-05
828777,6.2976e-05
828782,4.608e-06
828794,0.000118272
828806,4.1472e-05
828816,7.168e-06
828821,2.9184e-05
828829,7.168e-05
828903,8.7296e-05
828916,5.248e-05
828939,4.0704e-05
828978,2.4576e-05
828984,6.528e-05
828992,5.2736e-05
829008,3.84e-06
829020,7.168e-06
829036,3.456e-05
829057,6.656e-06
829068,5.7344e-05
829075,3.584e-06
829077,9.4464e-05
829087,8.064e-05
829097,0.000626944
829106,0.002209536
829152,1.5616e-05
829158,9.472e-06
829165,0.0001664
829181,0.000117248
829195,2.6368e-05
829205,0.000114176
829213,2.304e-05
829217,7.7824e-05
829254,0.00102016
829261,0.004227072
829358,1.408e-05
829362,8.9088e-05
829364,3.9936e-05
829369,4.5568e-05
829372,2.2784e-05
829398,6.5024e-05
829470,5.504e-05
829473,0.000516352
829495,9.984e-06
829497,0.000108032
829525,4.352e-06
829529,5.504e-05
829536,0.00012928
829543,3.1744e-05
829592,0.000238848
829596,3.9424e-05
829608,3.5328e-05
829630,2.048e-06
829635,0.010991616
829675,0.000118016
829692,1.9456e-05
829694,4.1472e-05
829696,0.0064704
829708,0.006546432
829767,1.9456e-05
829775,5.9136e-05
829778,2.4832e-05
829782,2.2272e-05
829803,1.7664e-05
829818,2.1248e-05
829842,0.001901824
829878,5.9392e-05
829882,5.4016e-05
829886,3.8656e-05
829912,0.000141568
829935,1.5872e-05
829946,1.8688e-05
829968,1.28e-06
829977,4.48e-05
829980,0.0001216
830008,6.8096e-05
830025,5.248e-05
830038,9.4976e-05
830045,0.0001664
830060,5.4272e-05
830065,5.632e-05
830079,0.000132864
830082,4.9664e-05
830086,3.9424e-05
830104,9.472e-06
830108,7.7312e-05
830132,5.9904e-05
830142,3.5328e-05
830163,1.8176e-05
830171,3.2256e-05
830182,6.4256e-05
830198,5.632e-05
830210,9.2928e-05
830214,2.4576e-05
830231,8.0128e-05
830300,0.001191168
830340,1.024e-06
830363,1.5616e-05
830370,9.1392e-05
830376,5.504e-05
830381,7.8336e-05
830408,3.584e-06
830420,7.7568e-05
830435,3.072e-06
830439,8.6272e-05
830461,4.608e-05
830463,7.3728e-05
830470,7.5264e-05
830475,0.000173824
830496,6.528e-05
830537,3.9424e-05
830561,4.2496e-05
830573,4.3264e-05
830583,0.00016128
830591,9.2416e-05
830609,1.4592e-05
830612,0.00054272
830615,0.000125184
830620,0.001334528
830623,0.000219904
830625,0.002171648
830673,6.4256e-05
830675,1.5872e-05
830696,1.6896e-05
830700,4.2752e-05
830703,8.192e-05
830724,3.8656e-05
830737,1.4848e-05
830749,9.472e-06
830755,4.8896e-05
830770,0.00016384
830795,1.3568e-05
830806,4.4544e-05
830809,2.1248e-05
830816,8.1408e-05
830831,2.5856e-05
830879,9.472e-06
830883,1.2288e-05
830885,4.6592e-05
830904,0.003117312
830907,0.000430336
830913,0.001933824
830954,3.6608e-05
830957,4.2752e-05
830978,6.4256e-05
830983,4.4032e-05
830994,5.0944e-05
831016,7.1424e-05
831032,5.6576e-05
831034,1.9968e-05
831042,0.000100096
831050,3.072e-05
831065,3.0464e-05
831087,1.2544e-05
831105,4.4032e-05
831108,0.00013952
831125,9.6768e-05
831152,8.4736e-05
831157,3.712e-05
831163,2.0992e-05
831166,0.000115456
831187,7.5008e-05
831198,7.8336e-05
831226,9.472e-05
831233,1.0496e-05
831236,9.984e-06
831246,4.736e-05
831271,0.000139776
831281,0.000151552
831315,1.2288e-05
831331,4.096e-05
831346,0.000175104
831349,0.000125952
831374,8.448e-06
831390,5.2736e-05
831419,0.000217344
831433,6.272e-05
831456,0.000199424
831476,0.000197888
831495,0.000151808
831506,0.002468608
831545,0.00012032
831560,4.864e-06
831573,1.8688e-05
831593,0.000119552
831619,1.408e-05
831635,4.352e-05
831653,0.004171776
831678,0.000202752
831697,1.1776e-05
831701,5.9648e-05
831705,0.003454464
831767,7.8848e-05
831786,2.8416e-05
831807,3.584e-06
831819,5.376e-06
831823,8.6016e-05
831829,3.8144e-05
831833,0.0001856
831850,2.4576e-05
831860,0.000141312
831883,3.2768e-05
831890,0.000107008
831895,0.000143616
831930,9.0624e-05
831953,1.3312e-05
831965,1.4592e-05
831975,0.000118528
832006,0.000152576
832032,7.168e-06
832048,2.7136e-05
832060,2.0736e-05
832081,2.6624e-05
832095,6.8352e-05
832097,0.009205248
832154,8.96e-06
832162,9.4208e-05
832165,3.0208e-05
832179,0.005901312
832230,0.000105216
832234,0.000153344
832250,2.816e-06
832262,2.4064e-05
832294,0.041825536
832362,5.12e-05
832403,0.00010752
832414,3.9936e-05
832424,1.7408e-05
832429,0.000557824
832431,0.000904704
832468,2.56e-07
832479,6.7584e-05
832496,8.832e-05
832525,7.3216e-05
832531,0.000100608
832545,8.448e-05
832556,4.224e-05
832560,6.7072e-05
832571,2.4064e-05
832582,0.00010752
832588,2.7904e-05
832601,6.1952e-05
832609,0.000130048
832622,3.5328e-05
832626,4.1728e-05
832650,4.4288e-05
832664,6.3232e-05
832671,0.000249088
832694,9.3696e-05
832697,0.01609472
832743,5.504e-05
832776,1.7408e-05
832790,1.6896e-05
832803,9.216e-06
832812,8.7296e-05
832832,1.7408e-05
832856,1.024e-05
832860,4.2496e-05
832862,0.000261376
832870,0.000986624
832916,2.2272e-05
832943,8.2688e-05
832949,0.000122368
833009,4.608e-06
833014,0.000250112
833031,1.7152e-05
833040,1.536e-05
833063,1.4592e-05
833073,9.4208e-05
833080,7.3728e-05
833095,9.472e-06
833101,7.7056e-05
833106,1.2288e-05
833121,6.6048e-05
833126,4.2496e-05
833141,2.432e-05
833148,5.0432e-05
833172,4.4032e-05
833185,5.9392e-05
833193,3.5584e-05
833216,1.28e-06
833247,3.8912e-05
833248,3.5072e-05
833280,3.7888e-05
833293,0.00045056
833295,0.005371648
833306,4.2752e-05
833367,3.584e-06
833388,0.000165632
833397,4.7872e-05
833409,0.00014464
833438,6.656e-06
833445,5.12e-07
833450,6.784e-05
833464,7.5264e-05
833503,4.608e-06
833568,1.6384e-05
833615,7.5264e-05
833632,6.2208e-05
833652,6.2464e-05
833662,3.6608e-05
833685,6.8096e-05
833716,3.968e-05
833752,9.472e-06
833757,3.84e-06
833769,8.9088e-05
833790,0.000120064
833796,6.8608e-05
833810,2.2272e-05
833813,1.4336e-05
833817,6.1696e-05
833837,4.352e-05
833851,0.000191744
833858,9.216e-06
833881,5.632e-06
833886,3.2256e-05
833888,6.5536e-05
833892,1.3568e-05
833903,0.000560384
833909,6.0928e-05
833931,6.912e-06
833950,8.192e-06
833961,4.1472e-05
833972,0.000101632
833986,2.3296e-05
834006,1.28e-06
834035,3.3792e-05
834060,9.216e-06
834067,9.216e-06
834109,0.000145408
834141,3.0976e-05
834151,6.5536e-05
834154,0.002057728
834206,9.5232e-05
834215,2.2272e-05
834261,9.472e-05
834282,4.352e-06
834309,4.992e-05
834325,4.096e-05
834347,3.072e-05
834364,6.144e-05
834424,1.152e-05
834429,0.000172032
834434,0.004780544
834461,0.0001024
834491,4.4032e-05
834494,0.017941248
834495,0.005952256
834505,7.9616e-05
834556,1.8176e-05
834565,5.1456e-05
834573,2.9952e-05
834631,7.6032e-05
834633,0.00018304
834647,6.6048e-05
834670,9.5488e-05
834675,5.2992e-05
834702,0.000157696
834713,1.536e-05
834718,0.002646272
834744,0.001497856
834812,4.7872e-05
834828,3.072e-06
834836,8.3712e-05
834839,0.00011648
834860,6.144e-06
834868,8.8832e-05
834885,2.3552e-05
834907,6.0928e-05
834909,0.000167936
834912,7.3472e-05
834963,0.000166912
834967,6.5792e-05
834978,4.4288e-05
834986,3.7888e-05
834992,0.00012288
835020,0.000159232
835033,1.536e-05
835050,8.9088e-05
835056,8.3712e-05
835063,5.9648e-05
835078,4.096e-06
835083,4.9152e-05
835088,2.816e-05
835093,0.000410112
835098,0.007889664
835111,0.007426304
835112,0.010242048
835161,1.024e-06
835168,0.000130304
835177,4.3264e-05
835194,4.864e-06
835198,1.6896e-05
835208,0.00024704
835223,0.00011648
835242,6.9888e-05
835246,3.3536e-05
835249,0.000157696
835284,6.5536e-05
835308,8.448e-06
835314,1.5104e-05
835321,0.000215296
835325,6.1696e-05
835330,0.000433408
835332,0.000817408
835381,0.002983936
835460,1.6896e-05
835471,2.5088e-05
835488,2.1504e-05
835490,1.4336e-05
835506,1.8176e-05
835512,5.632e-06
835523,4.1216e-05
835526,3.0464e-05
835541,1.28e-05
835546,3.6864e-05
835556,2.6112e-05
835582,0.000548608
835599,0.000121088
835629,0.000184064
835645,0.000277504
835667,0.000579328
835693,0.000602112
835723,5.2736e-05
835730,6.272e-05
835781,0.000125184
835817,6.4512e-05
835830,4.5056e-05
835844,7.6544e-05
835849,0.00046848
835863,0.000136448
835916,0.000131072
835961,4.1728e-05
835967,0.00011648
835999,0.000104192
836012,0.000108544
836038,0.000274176
836079,7.3216e-05
836081,7.68e-06
836118,3.4048e-05
836138,0.000192
836146,0.000127744
836188,3.072e-05
836211,0.002508544
836249,3.7376e-05
836272,6.4512e-05
836279,0.000714752
836295,1.2288e-05
836296,0.005589248
836373,7.68e-06
836385,9.1136e-05
836401,2.432e-05
836409,2.304e-05
836430,4.864e-05
836438,6.0928e-05
836456,0.000141056
836475,3.7888e-05
836495,9.984e-05
836514,4.9152e-05
836524,7.3728e-05
836575,0.00010112
836583,2.6624e-05
836592,4.1728e-05
836616,0.000109312
836624,4.8896e-05
836646,0.000118272
836672,2.816e-05
836693,0.000344576
836695,0.000373504
836720,0.001260288
836721,0.001626624
836767,6.1696e-05
836795,1.1776e-05
836809,6.0416e-05
836829,1.7408e-05
836844,5.5296e-05
836850,0.000150784
836854,1.9712e-05
836867,0.000154368
836877,0.00010368
836891,4.6336e-05
836893,0.007739392
836896,0.00278528
836976,1.408e-05
836980,4.0704e-05
836996,0.000145408
837005,1.408e-05
837016,8.96e-06
837018,2.0224e-05
837023,0.000248576
837061,0.003320576
837135,3.4816e-05
837145,0.0003584
837176,5.5808e-05
837178,1.1264e-05
837194,9.1136e-05
837228,0.000141568
837253,7.1936e-05
837285,8.96e-06
837294,1.7152e-05
837298,2.3296e-05
837303,3.0208e-05
837335,0.000101632
837359,0.00340608
837381,0.000226048
837383,0.000236032
837414,0.000327424
837416,3.6096e-05
837422,0.004984832
837469,2.432e-05
837473,5.4272e-05
837489,1.3056e-05
837491,6.9376e-05
837500,0.000732672
837505,4.1216e-05
837509,0.000378624
837512,0.001935104
837520,0.002443776
837521,0.000201472
837524,0.002629376
837573,9.7792e-05
837594,4.6592e-05
837599,1.9712e-05
837603,5.5808e-05
837607,0.000163584
837617,0.000159488
837631,8.5504e-05
837649,9.728e-06
837656,1.9456e-05
837664,0.000158464
837690,0.000232704
837715,2.6624e-05
837721,1.408e-05
837732,4.9664e-05
837744,9.728e-06
837750,4.7616e-05
837753,9.216e-06
837778,3.4048e-05
837792,0.00016768
837809,7.1936e-05
837826,3.8656e-05
837829,1.6384e-05
837858,0.000216832
837872,0.000105984
837890,9.856e-05
837931,5.248e-05
837937,5.5552e-05
837942,1.3824e-05
837958,6.8608e-05
837969,9.984e-05
837974,7.936e-06
837992,3.1488e-05
837999,5.376e-06
838019,1.152e-05
838027,3.072e-06
838039,4.8384e-05
838045,6.7328e-05
838050,1.0752e-05
838082,0.000111616
838094,0.002105856
838095,0.006724352
838105,0.00148736
838174,4.864e-05
838180,9.344e-05
838198,5.4272e-05
838212,3.5584e-05
838217,0.000488192
838237,5.376e-06
838252,8.9088e-05
838262,2.176e-05
838265,1.5616e-05
838278,4.608e-06
838288,4.1984e-05
838301,8.704e-06
838310,0.000133888
838312,0.00024576
838380,8.8064e-05
838381,0.001725184
838425,3.1744e-05
838433,0.006457088
838443,0.007003904
838494,0.000107008
838528,4.8384e-05
838568,6.6816e-05
838578,1.8432e-05
838590,9.472e-06
838592,2.3552e-05
838628,3.3792e-05
838652,0.00012672
838658,0.000279552
838675,0.001430272
838677,0.002843648
838697,0.001049344
838705,0.001188096
838731,0.000115456
838755,9.3696e-05
838768,2.3552e-05
838780,2.8672e-05
838784,2.5088e-05
838797,8.192e-05
838819,5.888e-06
838852,0.000131072
838857,3.3024e-05
838868,0.000112384
838887,5.12e-05
838909,7.68e-07
838925,5.76e-05
838930,0.000402688
838975,5.8112e-05
838982,5.0432e-05
838990,1.792e-05
839005,7.6032e-05
839010,4.0704e-05
839048,7.0656e-05
839070,4.352e-06
839084,2.944e-05
839090,2.304e-06
839099,2.9184e-05
839103,0.000159232
839122,4.5056e-05
839136,2.304e-05
839159,4.48e-05
839182,2.4576e-05
839203,2.4064e-05
839209,2.2272e-05
839212,6.4e-06
839223,8.448e-06
839229,0.000112128
839233,3.0464e-05
839278,4.9408e-05
839292,5.6576e-05
839293,0.001254656
839294,0.0001152
839297,0.004609536
839343,1.9456e-05
839355,1.3056e-05
839402,0.000125696
839408,5.4528e-05
839428,2.0992e-05
839435,0.000102912
839449,1.3824e-05
839460,9.0624e-05
839470,3.6096e-05
839503,0.00058752
839534,5.9136e-05
839537,4.0704e-05
839547,0.000168192
839578,3.1232e-05
839581,3.6864e-05
839592,0.000164864
839625,8.3456e-05
839629,1.408e-05
839645,1.536e-05
839660,5.4272e-05
839681,3.7888e-05
839690,0.000112384
839696,0.000103168
839700,7.808e-05
839730,0.000138496
839757,2.2016e-05
839818,1.8176e-05
839821,0.000167168
839830,0.000145664
839835,9.4464e-05
839866,0.016209408
839945,0.000316416
840000,6.4e-06
840006,0.000121856
840013,1.5872e-05
840025,6.2464e-05
840031,9.9328e-05
840040,0.00974464
840104,1.28e-06
840133,0.000192256
840155,0.000111616
840167,3.2512e-05
840180,9.472e-06
840191,1.536e-05
840210,3.712e-05
840216,1.5104e-05
840281,4.0192e-05
840285,3.584e-05
840300,8.5248e-05
840312,9.728e-05
840330,5.0688e-05
840337,7.5008e-05
840353,7.0656e-05
840370,1.6384e-05
840377,5.12e-05
840392,6.2464e-05
840402,4.608e-05
840413,4.096e-06
840430,8.2688e-05
840436,5.888e-05
840442,3.6096e-05
840451,6.7328e-05
840460,3.4304e-05
840478,8.9344e-05
840499,0.002208768
840506,0.000108032
840541,7.04e-05
840565,6.1952e-05
840574,5.2224e-05
840594,1.8944e-05
840619,0.000236544
840628,3.328e-06
840633,1.9456e-05
840638,3.4048e-05
840645,3.3024e-05
840656,3.584e-06
840659,7.6544e-05
840681,1.7152e-05
840688,3.4304e-05
840694,6.0672e-05
840706,5.376e-06
840710,0.000127488
840722,1.28e-05
840737,7.936e-05
840746,6.7328e-05
840753,5.9392e-05
840803,0.000120064
840820,1.024e-05
840822,1.2032e-05
840850,1.792e-06
840853,6.1952e-05
840856,6.1952e-05
840873,0.000178432
840879,2.048e-06
840888,2.1504e-05
840896,9.984e-06
840903,1.8432e-05
840915,3.9424e-05
840919,1.3568e-05
840924,0.00011264
840930,0.000100096
840982,0.000111616
840989,0.000114944
840996,1.4848e-05
841003,0.000199168
841050,4.8896e-05
841052,3.584e-06
841077,2.3808e-05
841083,2.432e-05
841091,2.2528e-05
841094,4.352e-05
841097,0.006580992
841158,0.000159488
841195,4.9664e-05
841204,2.3808e-05
841234,0.000220928
841262,2.5344e-05
841292,0.008023296
841314,1.5104e-05
841346,7.168e-06
841350,0.000157696
841364,6.7072e-05
841373,1.0496e-05
841377,0.000139776
841396,2.3552e-05
841412,8.96e-06
841426,5.9648e-05
841445,5.7344e-05
841449,4.7616e-05
841477,6.8352e-05
841483,3.0464e-05
841518,2.3808e-05
841521,4.864e-06
841527,3.6864e-05
841532,0.000137728
841540,1.024e-06
841542,8.4736e-05
841550,3.3024e-05
841561,0.000243712
841572,5.2224e-05
841593,5.1968e-05
841602,7.1936e-05
841605,0.00011008
841614,8.2944e-05
841637,7.68e-07
841644,0.004006144
841706,0.001485568
841757,9.216e-06
841767,0.0001664
841786,4.8128e-05
841828,2.9696e-05
841831,9.216e-06
841844,2.2528e-05
841846,0.00726272
841906,7.3472e-05
841942,3.7632e-05
841953,3.968e-05
841957,8.6528e-05
841977,2.816e-06
841984,6.5792e-05
842042,2.8928e-05
842051,8.064e-05
842059,1.9456e-05
842064,1.2032e-05
842070,0.00306432
842112,1.3568e-05
842132,0.000143616
842162,1.28e-06
842166,2.4576e-05
842182,3.7632e-05
842185,7.68e-07
842209,6.784e-05
842250,3.1744e-05
842266,6.912e-06
842272,6.2464e-05
842300,6.6048e-05
842304,1.9968e-05
842307,0.000374784
842347,0.000122624
842364,5.504e-05
842382,0.000163328
842393,2.2272e-05
842403,0.000144896
842426,3.1744e-05
842428,6.9632e-05
842432,9.2928e-05
842438,1.8432e-05
842446,5.6064e-05
842470,0.000728576
842490,4.0192e-05
842492,8.3456e-05
842512,1.2288e-05
842513,0.00013952
842580,9.984e-05
842610,8.9856e-05
842617,1.152e-05
842623,8.6784e-05
842637,0.00019456
842640,6.912e-05
842648,1.536e-06
842678,1.8688e-05
842690,8.3456e-05
842692,2.5344e-05
842752,2.4064e-05
842754,7.296e-05
842767,8.0128e-05
842791,4.992e-05
842805,0.000117504
842824,3.1232e-05
842828,9.0112e-05
842833,8.9856e-05
842868,5.632e-05
842873,2.0736e-05
842893,0.001885952
842906,0.001201664
842956,0.000134144
842978,3.072e-05
842983,9.216e-06
843006,0.000235776
843038,2.432e-05
843046,0.00011904
843051,7.5008e-05
843077,4.864e-05
843096,0.000107008
843106,0.000330496
843134,7.7312e-05
843141,9.1904e-05
843149,9.0368e-05
843158,5.1456e-05
843164,7.7056e-05
843197,6.4e-05
843204,6.8352e-05
843219,1.6896e-05
843253,4.096e-05
843259,3.8912e-05
843301,4.6848e-05
843305,8.832e-05
843333,4.864e-05
843374,1.8688e-05
843390,2.2016e-05
843400,7.68e-06
843410,2.7648e-05
843419,5.632e-06
843430,7.9104e-05
843436,8.2432e-05
843446,1.7408e-05
843498,3.9168e-05
843512,3.8912e-05
843541,0.00011392
843556,7.68e-06
843568,6.4768e-05
843599,0.000117248
843617,6.656e-05
843622,1.7664e-05
843625,0.00012288
843657,4.608e-06
843670,0.000130048
843674,0.000282112
843678,0.000105216
843694,3.584e-06
843712,1.1264e-05
843718,3.3536e-05
843723,9.4208e-05
843725,3.3792e-05
843756,0.000103168
843770,4.352e-05
843774,6.144e-06
843782,2.4064e-05
843824,2.1248e-05
843827,3.584e-05
843848,4.3008e-05
843853,2.2016e-05
843873,0.000187136
843903,1.2032e-05
843912,0.000156928
843937,0.000108288
843944,1.3568e-05
843953,7.9616e-05
843971,6.016e-05
843982,9.472e-05
844002,2.4576e-05
844009,9.728e-06
844011,2.816e-06
844035,1.0496e-05
844060,1.792e-06
844064,0.000130048
844075,1.6896e-05
844078,1.7408e-05
844090,5.12e-06
844092,1.2544e-05
844093,0.000295936
844099,0.000792576
844125,1.4848e-05
844135,6.4768e-05
844141,2.432e-05
844181,1.536e-06
844183,7.2192e-05
844202,0.00027904
844207,0.00016384
844226,3.072e-05
844236,2.048e-06
844271,4.5568e-05
844287,0.000863488
844333,8.448e-05
844353,0.000166656
844357,2.3296e-05
844365,0.000105216
844386,5.2736e-05
844390,1.0496e-05
844421,1.92e-05
844441,4.1216e-05
844449,1.8432e-05
844473,3.2768e-05
844490,7.424e-06
844495,0.00014848
844505,1.92e-05
844530,5.1456e-05
844545,4.4544e-05
844557,3.6352e-05
844570,1.408e-05
844578,2.2784e-05
844582,3.8144e-05
844627,4.9664e-05
844643,0.000141312
844650,3.2256e-05
844653,2.6624e-05
844682,0.000144384
844693,0.001499392
844697,0.016893952
844734,0.00351488
844772,2.6624e-05
844781,6.5792e-05
844784,8.32e-05
844797,0.000415744
844836,3.6096e-05
844843,6.8352e-05
844846,6.1184e-05
844873,0.000102912
844892,1.792e-06
844915,2.5856e-05
844919,2.56e-06
844923,5.0688e-05
844939,0.000199424
844953,5.1456e-05
844971,1.7408e-05
844974,0.000472064
844989,9.472e-06
844997,3.2512e-05
845014,8.448e-06
845026,0.00011008
845044,9.472e-06
845047,4.1216e-05
845053,2.8416e-05
845059,1.8944e-05
845092,1.9456e-05
845106,3.5072e-05
845126,0.00012416
845134,3.1744e-05
845139,2.9184e-05
845143,3.6608e-05
845147,0.000100352
845155,0.000118784
845197,6.4e-06
845202,3.6608e-05
845222,4.608e-06
845224,0.000286464
845241,2.56e-05
845251,3.328e-05
845265,8.704e-05
845268,4.0448e-05
845293,0.000499968
845296,8.0896e-05
845326,6.0928e-05
845339,8.3968e-05
845341,5.0432e-05
845374,0.000116224
845378,5.3504e-05
845380,1.536e-06
845386,0.000306944
845420,4.096e-06
845431,7.2704e-05
845441,4.3008e-05
845450,6.0928e-05
845457,2.3296e-05
845465,0.000410112
845494,6.912e-05
845500,0.000185088
845505,4.7872e-05
845510,6.7072e-05
845530,2.56e-05
845535,5.12e-05
845550,0.005161216
845597,8.8832e-05
845608,7.4496e-05
845609,0.000873216
845648,1.28e-05
845653,0.000105984
845661,1.024e-05
845667,6.912e-05
845674,1.4592e-05
845682,6.6816e-05
845701,5.76e-05
845710,0.00012288
845727,0.00014592
845745,2.5088e-05
845759,0.000138752
845776,8.96e-05
845788,0.001668096
845825,0.002948864
845831,0.000496128
845832,0.001527808
845838,0.00297472
845845,0.000423936
845883,4.992e-05
845893,0.000575744
845899,0.000195584
845906,0.00100096
845941,8.4736e-05
845948,1.8432e-05
845971,0.000121344
845988,5.2992e-05
846003,0.000128768
846010,0.0029312
846054,2.9184e-05
846108,0.000164864
846147,5.2224e-05
846156,5.376e-06
846159,2.816e-06
846181,4.864e-06
846191,8.192e-06
846195,2.4064e-05
846205,8.7552e-05
846214,3.0976e-05
846253,2.2784e-05
846288,7.8848e-05
846308,8.3456e-05
846344,9.472e-06
846367,3.2512e-05
846369,1.2544e-05
846391,0.000173056
846419,0.000285696
846456,0.000295424
846483,6.6048e-05
846493,7.3216e-05
846497,0.00052864
846541,0.00014464
846547,7.5776e-05
846564,1.7408e-05
846581,1.8944e-05
846600,3.1232e-05
846624,4.4544e-05
846656,4.736e-05
846664,2.176e-05
846696,5.3504e-05
846716,1.6896e-05
846732,1.8944e-05
846749,2.2016e-05
846753,0.000750336
846761,5.3504e-05
846830,1.3824e-05
846851,1.4592e-05
846856,1.3312e-05
846863,5.12e-06
846875,1.9968e-05
846907,8.2688e-05
846920,9.9072e-05
846924,0.000116224
846925,0.003423232
846927,0.095185152
847020,8.704e-05
847035,1.536e-06
847044,2.432e-05
847064,5.376e-06
847069,3.4304e-05
847071,1.664e-05
847074,0.000123392
847105,0.002047488
847146,6.8096e-05
847148,1.6896e-05
847163,0.00020608
847189,3.0464e-05
847190,0.004752128
847248,8.8064e-05
847278,1.9712e-05
847321,2.56e-05
847325,3.1232e-05
847328,4.4032e-05
847348,1.9456e-05
847352,6.4512e-05
847368,1.28e-05
847381,8.064e-05
847394,8.1664e-05
847420,3.5584e-05
847423,5.504e-05
847437,5.3504e-05
847448,5.2992e-05
847457,5.2736e-05
847485,0.000135424
847487,2.816e-06
847489,1.6384e-05
847507,1.5104e-05
847524,4.4288e-05
847532,0.000221184
847545,2.2784e-05
847563,9.472e-06
847576,8.96e-06
847579,6.4256e-05
847595,6.0672e-05
847606,5.888e-06
847612,2.7136e-05
847630,3.584e-05
847644,0.000144384
847668,2.4832e-05
847679,4.6848e-05
847686,7.7312e-05
847695,6.0672e-05
847696,0.003110144
847707,0.001088
847773,4.2752e-05
847780,2.2528e-05
847785,8.3712e-05
847788,2.4832e-05
847802,3.84e-06
847835,5.1712e-05
847851,2.56e-05
847856,0.000724736
847885,6.4e-06
847888,3.1488e-05
847895,2.6624e-05
847907,8.9856e-05
847909,0.00011392
847936,0.00111488
847996,5.6064e-05
848029,4.2752e-05
848041,2.5344e-05
848050,4.1472e-05
848070,4.8384e-05
848072,0.000129792
848090,0.004106496
848152,7.68e-06
848198,9.984e-05
848202,3.6608e-05
848218,0.0001024
848223,0.000235264
848229,8.1408e-05
848237,2.1248e-05
848246,5.4528e-05
848271,0.00362496
848293,0.00790144
848307,0.000291584
848308,0.001137408
848368,3.1488e-05
848415,9.7792e-05
848434,5.1456e-05
848447,6.4e-06
848464,0.000159488
848466,0.000169472
848484,0.000103168
848507,3.712e-05
848539,5.8624e-05
848555,0.00057216
848579,7.936e-06
848594,3.6096e-05
848604,7.0144e-05
848608,5.2224e-05
848611,3.8144e-05
848643,7.936e-06
848668,6.656e-06
848672,1.152e-05
848709,3.9424e-05
848734,1.8432e-05
848741,2.5088e-05
848752,0.000197888
848775,6.912e-05
848784,8.6528e-05
848788,6.5792e-05
848811,2.9184e-05
848814,1.664e-05
848841,9.728e-06
848852,0.000121088
848856,1.024e-05
848865,3.2e-05
848880,1.408e-05
848899,9.728e-05
848914,3.7376e-05
848920,5.5552e-05
848927,6.4e-05
848937,0.000133888
848954,6.1952e-05
848959,3.2512e-05
848973,7.7824e-05
848988,1.9712e-05
848990,0.000794112
849029,0.000150528
849053,6.656e-05
849066,6.7584e-05
849091,1.792e-06
849102,0.000864768
849135,4.1984e-05
849148,8.6528e-05
849167,1.0752e-05
849170,1.024e-06
849172,1.9968e-05
849194,0.003186176
849211,0.003218688
849215,0.001636608
849222,0.005151488
849228,0.000922368
849284,3.328e-05
849319,1.3824e-05
849347,4.6848e-05
849368,6.4256e-05
849370,1.3824e-05
849376,2.2272e-05
849400,2.5856e-05
849406,2.8928e-05
849432,0.0001088
849439,8.1152e-05
849449,1.2288e-05
849452,6.2464e-05
849469,6.144e-05
849471,6.4e-06
849481,4.1472e-05
849498,2.8672e-05
849500,0.000180224
849518,9.6768e-05
849523,6.528e-05
849541,8.6016e-05
849542,0.028918272
849596,5.8112e-05
849628,2.9184e-05
849631,7.2704e-05
849639,0.00014848
849643,2.688e-05
849652,2.432e-05
849678,3.7632e-05
849685,9.0368e-05
849692,1.152e-05
849709,2.1504e-05
849712,1.3824e-05
849715,4.096e-06
849720,1.5616e-05
849729,3.0208e-05
849744,2.3808e-05
849778,6.6816e-05
849790,2.56e-07
849810,0.000198144
849822,8.704e-06
849835,4.3264e-05
849842,0.000227072
849860,3.1744e-05
849882,5.888e-05
849886,7.6544e-05
849890,0.00075136
849925,5.4784e-05
849929,5.504e-05
849942,3.584e-05
849982,7.936e-06
849985,9.1904e-05
850006,0.000238592
850025,3.7376e-05
850045,0.000154368
850059,6.6304e-05
850066,0.000275712
850098,3.2e-05
850106,0.000889088
850136,7.1936e-05
850153,1.5616e-05
850163,0.0001024
850189,0.000101632
850198,0.000119552
850208,1.7408e-05
850226,2.0224e-05
850235,0.00010752
850258,3.2768e-05
850264,3.5072e-05
850311,0.000139264
850327,7.7056e-05
850357,3.3536e-05
850363,3.1744e-05
850366,4.1472e-05
850375,7.7056e-05
850388,0.00034944
850413,3.2e-05
850415,0.000427264
850456,8.1152e-05
850477,1.408e-05
850492,4.6592e-05
850502,6.5536e-05
850520,0.00012928
850537,5.5552e-05
850543,5.12e-07
850548,8.96e-06
850563,0.000155648
850569,2.5344e-05
850577,8.576e-05
850583,4.736e-05
850622,2.048e-05
850638,0.000108544
850660,4.9664e-05
850667,0.000101632
850671,1.28e-06
850688,1.5872e-05
850700,1.9712e-05
850706,0.001799936
850755,5.632e-05
850763,9.472e-06
850780,1.8688e-05
850805,9.2928e-05
850811,0.000205824
850835,0.000345856
850846,0.00010496
850848,0.000819456
850862,0.000196352
850883,0.0016128
850922,3.7376e-05
850934,6.4768e-05
850949,6.7584e-05
850953,2.4832e-05
850986,0.002477056
851026,0.003221248
851029,0.09868416
851111,7.3984e-05
851123,1.6128e-05
851130,7.4496e-05
851143,0.000123904
851175,3.3536e-05
851187,4.3264e-05
851192,5.8368e-05
851204,7.168e-06
851213,6.4512e-05
851232,9.9072e-05
851267,0.000164096
851293,0.002451968
851343,8.96e-06
851358,0.0001472
851386,4.4288e-05
851390,3.6096e-05
851394,5.7856e-05
851395,0.00011392
851406,3.584e-05
851461,4.5568e-05
851474,4.864e-06
851485,5.4784e-05
851495,2.6112e-05
851517,0.000150784
851522,0.000138752
851547,4.0192e-05
851566,3.072e-05
851571,4.1472e-05
851581,2.1504e-05
851597,1.1776e-05
851601,1.9456e-05
851602,3.5072e-05
851613,6.6816e-05
851614,2.6368e-05
851625,0.000407552
851652,0.000182272
851661,2.688e-05
851664,1.152e-05
851678,0.000762368
851684,6.4512e-05
851707,0.000553216
851743,1.408e-05
851752,5.1456e-05
851757,2.8416e-05
851763,1.8432e-05
851778,7.424e-06
851802,3.2e-05
851808,4.1216e-05
851830,2.304e-06
851842,9.9584e-05
851853,2.8416e-05
851874,0.0001344
851877,0.000231936
851897,0.000342016
851905,0.002018816
851935,0.00016768
851948,1.9968e-05
851977,4.9152e-05
851983,1.1008e-05
851989,0.0001024
852002,0.000950528
852007,0.000259328
852015,0.003365888
852017,9.7024e-05
852061,6.7328e-05
852064,0.002395648
852089,5.888e-06
852111,6.016e-05
852117,0.00010752
852132,1.4848e-05
852145,4.352e-05
852170,8.6016e-05
852186,1.6128e-05
852193,0.000153856
852210,0.000308736
852263,2.6368e-05
852266,0.00012544
852268,8.8832e-05
852291,7.8592e-05
852303,2.432e-05
852309,3.2768e-05
852338,3.2512e-05
852356,5.9904e-05
852382,0.000330752
852401,0.000102656
852411,4.4544e-05
852423,2.304e-05
852426,1.5872e-05
852439,2.8928e-05
852456,0.000130304
852467,7.3216e-05
852494,0.001366272
852507,0.002425856
852584,1.8688e-05
852595,0.000229888
852622,3.0464e-05
852625,5.248e-05
852645,5.376e-06
852652,5.12e-06
852676,6.9888e-05
852683,4.4288e-05
852701,8.1152e-05
852706,1.8688e-05
852708,5.376e-06
852713,0.100187648
852801,6.0416e-05
852804,4.9664e-05
852811,1.7152e-05
852818,8.96e-06
852848,0.000167936
852879,2.3808e-05
852928,0.000558848
852967,6.2464e-05
852982,0.000204032
853023,1.5616e-05
853049,5.5808e-05
853052,6.0672e-05
853062,1.6384e-05
853079,1.2288e-05
853092,4.992e-05
853094,0.00222976
853148,0.000219392
853160,0.00012544
853173,0.0001344
853194,9.984e-06
853200,8.6016e-05
853209,7.0656e-05
853223,3.84e-06
853280,0.000232448
853283,6.0928e-05
853303,1.1776e-05
853337,4.608e-05
853356,1.6896e-05
853359,3.5328e-05
853379,7.424e-06
853388,1.1264e-05
853397,4.5056e-05
853408,6.3232e-05
853416,7.5264e-05
853421,6.1952e-05
853428,2.8672e-05
853436,0.000424704
853476,9.0368e-05
853491,0.000143872
853502,1.6384e-05
853523,0.00038528
853526,0.00012544
853548,3.712e-05
853558,0.000212992
853569,0.000156672
853572,1.0496e-05
853578,0.00021632
853582,0.000129536
853594,0.00028672
853619,0.00015872
853643,9.6256e-05
853665,2.8928e-05
853668,0.000380416
853688,3.0464e-05
853693,0.000159232
853699,0.0005888
853701,0.000470784
853704,0.009545216
853707,0.000310784
853757,0.007396096
853812,7.9616e-05
853815,1.3312e-05
853832,0.00011904
853847,2.7648e-05
853849,0.000117248
853876,5.12e-07
853879,0.002858496
853943,4.096e-05
853945,0.0001024
853956,4.864e-06
853959,6.144e-05
853986,1.28e-05
853988,5.8624e-05
854001,0.00023168
854018,0.000706816
854051,5.2992e-05
854056,8.6528e-05
854083,0.000171264
854099,2.3296e-05
854101,0.000112128
854109,5.376e-06
854149,5.0688e-05
854150,9.1136e-05
854153,0.000134912
854182,2.8928e-05
854190,3.8912e-05
854222,7.808e-05
854239,8.448e-06
854247,0.000125696
854248,2.7904e-05
854250,0.000277504
854277,0.00071808
854299,0.008794624
854340,0.0005568
854395,7.0144e-05
854415,0.002061824
854436,0.002272512
854493,0.000238592
854496,0.100014336
854577,9.1904e-05
854580,0.002500608
854606,0.000665856
854619,0.010560512
854677,1.5616e-05
854686,1.9456e-05
854690,2.4832e-05
854692,5.888e-06
854693,0.001188864
854734,5.2736e-05
854747,8.832e-05
854749,3.584e-06
854768,8.6016e-05
854787,5.3504e-05
854797,0.000782592
854815,0.099626752
854867,0.00021248
854894,7.4496e-05
854906,0.000747008
854943,6.1696e-05
854959,1.2544e-05
854962,3.2e-05
855002,0.000592384
855026,1.2032e-05
855072,4.6336e-05
855078,7.68e-07
855080,0.000371968
855117,1.4848e-05
855124,6.0416e-05
855152,4.7104e-05
855165,5.248e-05
855199,0.000121856
855206,0.000104448
855226,0.000398336
855241,2.5088e-05
855266,8.2944e-05
855271,4.8128e-05
855301,0.000752128
855322,0.00233728
855323,0.001317632
855352,9.472e-06
855358,0.001477376
855359,0.011988992
855369,0.000328704
855417,0.000865792
855418,0.000539392
855423,9.6768e-05
855446,4.352e-05
855451,0.000609792
855452,0.004196352
855491,0.000355584
855503,2.0736e-05
855505,0.000868352
855530,0.004428288
855569,0.003716864
855604,0.000174848
855610,0.002357248
855631,0.004396288
855647,0.000578816
855670,0.001440512
855713,7.2448e-05
855719,6.4e-06
855727,0.000484096
855735,2.9952e-05
855753,5.76e-05
855769,0.000952832
855802,0.000430592
855804,0.00046336
855818,0.000251648
855833,0.000207104
855838,0.000118016
855846,0.000880896
855868,0.000191488
855892,0.001906432
855908,0.000544256
855953,0.000134656
855955,0.000231424
855959,0.001825792
855988,0.000279552
855990,5.1968e-05
855999,0.000187904
856027,5.9392e-05
856031,0.000650496
856048,0.000334336
856064,0.002346496
856093,0.007914496
856097,0.003293184
856135,0.001856
856140,0.011206656
856145,0.00284672
856230,2.432e-05
856251,1.024e-05
856253,0.000420864
856265,9.984e-06
856270,9.8048e-05
856282,4.6336e-05
856289,4.9152e-05
856306,9.3184e-05
856332,1.2032e-05
856334,1.024e-06
856336,7.2448e-05
856362,0.000115968
856393,4.6592e-05
856402,3.9936e-05
856410,5.376e-06
856440,4.096e-06
856466,0.000496896
856474,7.0144e-05
856504,5.12e-06
856524,3.0208e-05
856575,3.072e-05
856580,1.6896e-05
856585,0.028731392
856643,3.9424e-05
856664,7.6032e-05
856666,1.024e-06
856668,3.328e-05
856671,4.3776e-05
856694,0.003382016
856697,0.014610432
856743,5.2736e-05
856765,4.48e-05
856799,2.3552e-05
856811,4.608e-05
856832,2.7136e-05
856837,5.4272e-05
856846,5.0432e-05
856858,5.12e-07
856879,1.792e-06
856893,6.1952e-05
856895,0.036286464
856971,7.6288e-05
856985,2.2016e-05
856995,4.3264e-05
857006,2.4576e-05
857019,0.000348416
857021,6.9632e-05
857067,1.024e-06
857071,3.328e-06
857073,3.072e-05
857078,2.432e-05
857085,1.3824e-05
857088,6.144e-06
857091,8.1152e-05
857106,2.176e-05
857118,1.5104e-05
857122,2.7392e-05
857132,9.0112e-05
857144,2.1248e-05
857151,0.000264448
857170,0.001693184
857234,0.000151552
857248,9.216e-06
857276,0.000131072
857295,0.000105984
857332,3.0976e-05
857348,3.5072e-05
857356,2.2016e-05
857373,3.328e-05
857381,4.352e-06
857401,9.5488e-05
857416,3.9936e-05
857439,3.1232e-05
857440,2.0224e-05
857453,8.9856e-05
857464,0.000174592
857475,0.010644992
857510,7.0912e-05
857532,0.00312192
857553,0.00020224
857579,1.6384e-05
857598,0.000113408
857612,0.001604096
857666,3.456e-05
857675,0.000120576
857733,5.9904e-05
857737,1.8432e-05
857744,5.376e-06
857746,0.000102912
857754,3.0976e-05
857768,4.9664e-05
857775,5.7088e-05
857779,3.2768e-05
857813,0.000216576
857835,7.9616e-05
857844,4.3008e-05
857859,4.352e-06
857879,1.5104e-05
857881,0.000187904
857897,0.01570048
857912,0.002743296
857935,3.1488e-05
857937,0.000183296
857978,0.0001024
857980,6.656e-06
857987,9.6256e-05
858013,7.552e-05
858015,9.216e-06
858017,8.96e-06
858027,7.68e-06
858031,0.000131584
858050,2.7392e-05
858057,0.000188416
858066,0.005494784
858108,1.6384e-05
858123,1.1264e-05
858140,6.4e-06
858142,3.6864e-05
858159,0.00023552
858163,0.01761152
858193,0.015551744
858254,5.1712e-05
858266,0.000374528
858285,1.2544e-05
858319,3.6608e-05
858323,2.3296e-05
858341,8.6016e-05
858344,5.0176e-05
858346,5.376e-05
858368,6.4256e-05
858407,6.3232e-05
858444,9.472e-05
858454,3.1744e-05
858456,6.6048e-05
858484,1.2032e-05
858493,0.007702784
858531,0.000857088
858585,5.12e-05
858609,3.2512e-05
858611,0.000114688
858626,3.7632e-05
858630,1.536e-06
858633,4.1216e-05
858635,3.1488e-05
858668,2.8416e-05
858670,4.7616e-05
858678,8.2432e-05
858703,5.376e-06
858705,5.5296e-05
858715,1.0496e-05
858729,0.00012672
858766,0.00014208
858774,0.017101824
858837,8.704e-06
858844,3.6864e-05
858858,2.944e-05
858863,8.4992e-05
858876,0.000106752
858906,1.024e-05
858913,6.9376e-05
858943,1.4848e-05
858974,4.9664e-05
858993,1.792e-05
859020,4.352e-05
859051,5.6576e-05
859060,3.6864e-05
859079,3.1744e-05
859094,0.000646912
859097,0.007518976
859100,0.002283264
859170,3.4816e-05
859183,4.0192e-05
859195,5.4528e-05
859206,6.2976e-05
859242,4.0448e-05
859265,3.0976e-05
859273,8.2432e-05
859292,9.8304e-05
859303,3.5072e-05
859333,5.5296e-05
859336,0.000750592
859362,1.28e-05
859366,3.7888e-05
859368,0.000133632
859398,2.7648e-05
859403,6.7328e-05
859414,0.000164352
859419,3.7888e-05
859426,3.2256e-05
859443,0.00011264
859470,1.5872e-05
859515,4.7872e-05
859519,2.944e-05
859543,2.6112e-05
859550,6.7328e-05
859584,0.00017024
859614,9.6512e-05
859616,1.536e-06
859619,9.0624e-05
859635,7.3472e-05
859650,9.0624e-05
859678,3.9424e-05
859688,8.448e-05
859705,0.001988352
859739,0.030009088
859797,3.2e-05
859812,0.000189184
859824,0.002095104
859894,1.536e-06
859898,9.7024e-05
859921,4.8128e-05
859930,4.8128e-05
859953,1.152e-05
859967,9.2672e-05
859993,0.000120576
860014,6.3232e-05
860017,5.2736e-05
860029,7.8848e-05
860093,2.1504e-05
860102,2.304e-05
860115,6.1184e-05
860130,0.000298752
860142,4.5056e-05
860149,4.864e-06
860152,1.152e-05
860157,5.2736e-05
860161,5.12e-07
860168,3.4048e-05
860187,4.8128e-05
860200,5.0688e-05
860240,1.792e-05
860243,3.584e-05
860258,6.4256e-05
860261,0.001024256
860298,5.2736e-05
860306,4.5312e-05
860308,5.1456e-05
860326,0.000269824
860336,1.5616e-05
860338,0.000117504
860360,4.3008e-05
860378,5.5552e-05
860381,2.816e-06
860390,9.2672e-05
860407,7.168e-06
860424,0.000112384
860434,8.4992e-05
860441,0.000152576
860485,0.000109824
860493,3.1744e-05
860516,6.1952e-05
860529,9.728e-06
860531,2.2016e-05
860559,2.9952e-05
860565,7.68e-05
860575,0.000336128
860600,4.096e-05
860638,0.000124416
860646,5.9904e-05
860674,1.536e-06
860691,1.1264e-05
860733,4.9408e-05
860741,1.2288e-05
860742,0.000114432
860772,0.000242944
860791,8.9344e-05
860803,9.728e-05
860817,0.000146688
860843,0.000147456
860855,7.5264e-05
860858,4.096e-05
860871,3.4816e-05
860898,0.002824192
860899,0.004941312
860968,4.608e-06
860979,7.8848e-05
861004,8.5248e-05
861015,8.832e-05
861028,0.000209152
861041,1.5104e-05
861054,2.4064e-05
861061,2.048e-06
861069,5.4016e-05
861073,6.4256e-05
861077,5.12e-07
861096,1.7408e-05
861110,9.2416e-05
861118,6.016e-05
861152,8.704e-06
861191,5.7088e-05
861201,3.072e-05
861219,3.8144e-05
861226,0.000140544
861252,1.6128e-05
861259,0.000165632
861265,0.000295936
861294,7.552e-05
861306,2.5088e-05
861310,5.7088e-05
861316,0.00015744
861332,7.0144e-05
861367,3.8144e-05
861380,1.536e-06
861387,5.8368e-05
861412,9.6768e-05
861434,2.4064e-05
861453,6.7584e-05
861462,2.8928e-05
861476,6.7072e-05
861494,3.5328e-05
861495,7.168e-06
861502,1.4848e-05
861506,0.000146944
861515,0.000115712
861542,0.000114432
861546,8.2688e-05
861577,7.3984e-05
861579,0.000127488
861595,0.000267776
861624,2.5856e-05
861627,0.0171328
861660,0.000942336
861707,2.3296e-05
861710,6.144e-05
861724,0.000176128
861732,5.8112e-05
861739,1.0496e-05
861771,4.0448e-05
861794,2.4064e-05
861810,0.000137984
861849,5.248e-05
861870,8.448e-06
861875,6.9632e-05
861897,0.000135424
861903,6.2208e-05
861928,0.000106496
861948,1.8176e-05
861955,5.12e-07
861971,0.000108288
861975,3.328e-06
862038,2.4576e-05
862044,1.0496e-05
862074,6.3744e-05
862087,4.0448e-05
862091,1.792e-06
862099,0.001601792
862138,5.5552e-05
862146,0.000106752
862152,2.816e-06
862157,1.536e-05
862168,2.0224e-05
862174,5.4016e-05
862181,9.4976e-05
862198,4.0704e-05
862222,2.2272e-05
862226,2.4576e-05
862278,6.4768e-05
862284,4.8128e-05
862295,0.000141824
862314,1.6896e-05
862316,9.984e-06
862322,0.000131584
862344,0.000112384
862346,0.000372224
862390,2.2016e-05
862422,3.2768e-05
862425,0.000126464
862442,7.936e-06
862485,2.1504e-05
862487,0.00017792
862491,1.8688e-05
862542,3.072e-05
862546,6.6816e-05
862548,7.0656e-05
862568,5.2736e-05
862581,5.632e-06
862585,3.7632e-05
862586,9.4976e-05
862617,3.1488e-05
862626,1.8944e-05
862632,7.4752e-05
862642,2.56e-07
862673,2.1248e-05
862679,0.000130304
862688,4.5056e-05
862694,3.6096e-05
862703,6.0928e-05
862715,7.2448e-05
862726,4.864e-06
862728,0.000117504
862746,2.4832e-05
862766,3.84e-06
862775,0.000123648
862783,0.000100096
862792,3.8912e-05
862817,9.0368e-05
862838,0.0001088
862850,4.1216e-05
862852,2.688e-05
862872,1.536e-06
862882,2.8672e-05
862887,9.1392e-05
862896,0.000125696
862903,3.3536e-05
862928,3.6096e-05
862935,3.1232e-05
862947,2.56e-07
862950,6.3488e-05
862952,1.024e-05
862967,4.8384e-05
862971,6.9632e-05
863018,2.7136e-05
863023,8.4992e-05
863059,0.000191744
863078,4.0192e-05
863099,9.088e-05
863123,3.072e-06
863130,3.0464e-05
863137,6.1184e-05
863141,2.4064e-05
863158,3.072e-06
863164,3.1232e-05
863176,9.7536e-05
863177,4.608e-06
863191,0.00044288
863225,2.7392e-05
863240,0.00014336
863246,0.006127616
863285,8.9856e-05
863294,5.0688e-05
863298,0.001214464
863306,0.002679808
863346,8.3968e-05
863383,9.1904e-05
863399,2.7392e-05
863402,0.000187648
863427,3.6864e-05
863438,5.6064e-05
863450,4.5824e-05
863466,0.00010752
863472,4.5824e-05
863481,7.168e-06
863490,1.8432e-05
863494,7.168e-05
863502,2.2016e-05
863521,3.5328e-05
863524,6.1184e-05
863534,5.888e-05
863555,4.8896e-05
863579,1.6128e-05
863585,1.024e-05
863598,2.9696e-05
863648,4.096e-05
863655,9.344e-05
863676,3.8656e-05
863698,7.2192e-05
863703,7.1424e-05
863718,8.704e-05
863742,0.000292352
863774,8.704e-05
863776,0.001033472
863791,1.8432e-05
863803,2.3808e-05
863822,0.000268288
863841,3.456e-05
863858,1.9456e-05
863869,1.8432e-05
863871,6.8864e-05
863895,9.7536e-05
863897,4.096e-06
863903,1.1776e-05
863907,0.003669248
863968,1.536e-06
863994,5.9136e-05
863999,2.1504e-05
