sequence_number,time_taken_to_correct_s
2,0.000105472
3,9.1904e-05
82,1.2032e-05
95,1.536e-06
246,5.632e-06
255,0.000112384
300,2.2784e-05
350,0.000168704
365,1.7664e-05
384,0.000822272
403,6.3488e-05
478,5.376e-05
516,0.00015488
607,2.8672e-05
646,9.472e-06
714,0.00011008
747,5.632e-06
765,8.0384e-05
826,5.1712e-05
869,9.7792e-05
965,0.000307456
982,5.9392e-05
1105,3.6096e-05
1207,4.8384e-05
1234,0.001019904
1335,3.4816e-05
1463,0.000689408
1526,1.536e-06
1577,0.000122624
1582,0.0002176
1637,1.28e-05
1773,2.2528e-05
1799,2.048e-05
1814,1.3056e-05
1836,1.5104e-05
1897,6.8864e-05
2013,3.4304e-05
2021,2.304e-06
2082,2.3296e-05
2122,0.0
2159,0.000229888
2191,0.000174592
2201,0.001488128
2332,3.328e-06
2389,4.4032e-05
2532,4.0448e-05
2582,2.56e-06
2629,1.7664e-05
2708,3.84e-06
2714,0.000100096
2751,3.3536e-05
2837,1.024e-05
2886,1.9968e-05
2901,2.0736e-05
2957,3.328e-06
3069,1.024e-06
3113,1.92e-05
3120,3.456e-05
3368,2.304e-06
3375,4.6336e-05
3431,8.704e-06
3444,1.3568e-05
3476,2.2528e-05
3565,1.3312e-05
3599,0.000141312
3636,0.000273408
3692,3.6864e-05
3727,0.000189952
3749,0.002102272
3802,8.96e-06
3815,0.000114688
3844,1.3568e-05
3915,6.3744e-05
3947,3.072e-05
3964,1.8432e-05
3976,0.000128
4038,3.072e-05
4119,2.6624e-05
4185,9.5232e-05
4256,7.68e-07
4351,1.2544e-05
4353,0.000128768
4397,0.000502528
4463,0.000102912
4540,4.1984e-05
4577,7.7824e-05
4634,0.000134144
4651,0.000694784
4758,2.304e-05
4915,1.9968e-05
4924,6.1184e-05
4962,1.92e-05
5092,1.92e-05
5175,2.176e-05
5176,0.00014976
5207,0.000233728
5334,0.000178176
5533,1.152e-05
5550,1.0496e-05
5571,5.12e-07
5576,1.3056e-05
5590,0.000180224
5591,0.000195072
5621,7.6288e-05
5695,1.28e-06
5700,1.7408e-05
5727,3.2e-05
5742,1.0752e-05
5776,1.152e-05
5778,1.5616e-05
5803,3.072e-06
5841,0.000324864
5905,1.1776e-05
5909,6.3744e-05
5954,9.7024e-05
6045,1.024e-05
6083,5.12e-06
6170,0.000361472
6308,0.002591744
6366,0.000210944
6387,6.1696e-05
6418,3.9168e-05
6439,5.1968e-05
6513,2.5856e-05
6570,3.6608e-05
6628,0.000229888
6656,2.7136e-05
6759,5.632e-06
6774,0.000249344
6806,7.424e-05
6836,2.1248e-05
6864,1.3312e-05
6981,0.0028288
7000,0.003969536
7086,5.12e-07
7097,5.2736e-05
7116,0.00010496
7144,8.96e-06
7163,5.4784e-05
7254,3.072e-05
7312,2.0736e-05
7398,7.168e-06
7437,3.0208e-05
7470,0.000213248
7537,2.56e-05
7564,0.000121088
7565,0.000126464
7668,1.2288e-05
7693,3.3024e-05
7732,3.3536e-05
7843,2.432e-05
7870,4.992e-05
7893,0.0001216
7909,2.304e-05
8029,1.8432e-05
8100,1.1264e-05
8149,1.28e-06
8179,9.3952e-05
8186,0.000117248
8209,8.6016e-05
8323,9.728e-06
8355,5.5808e-05
8368,2.0224e-05
8432,7.0912e-05
8486,5.4272e-05
8531,2.7136e-05
8621,8.2432e-05
8624,0.000284928
8676,2.048e-06
8751,0.000126208
8772,2.7136e-05
8808,5.5552e-05
8862,3.3024e-05
8898,0.000734208
8934,5.12e-05
8959,1.8176e-05
8986,3.8912e-05
9024,0.000149248
9040,0.000136448
9236,0.000230656
9266,3.5584e-05
9300,2.048e-05
9367,6.656e-05
9391,9.6768e-05
9403,0.000103168
9537,6.144e-06
9581,7.8848e-05
9639,5.0432e-05
9747,0.000513536
9750,0.001422848
9849,7.68e-07
9895,4.4032e-05
9922,4.992e-05
9934,6.6048e-05
9986,0.00072832
10019,7.7312e-05
10028,8.064e-05
10131,2.048e-06
10168,0.000270848
10233,3.1744e-05
10264,5.888e-06
10293,1.792e-06
10294,0.00015616
10342,0.000109824
10370,2.0736e-05
10390,1.4336e-05
10434,3.1744e-05
10517,2.3552e-05
10542,0.000827904
10585,0.00240896
10686,3.1488e-05
10707,3.3536e-05
10709,1.5872e-05
10744,1.28e-05
10764,4.2496e-05
10799,2.2528e-05
10850,7.4752e-05
10898,5.12e-05
10938,1.8944e-05
10983,2.304e-06
11017,1.2032e-05
11026,4.224e-05
11124,7.6544e-05
11128,0.000145664
11138,0.000159232
11164,0.000103168
11183,3.8912e-05
11188,1.024e-06
11252,1.6384e-05
11293,1.152e-05
11332,2.304e-05
11382,2.944e-05
11443,5.376e-05
11519,4.4032e-05
11537,9.2672e-05
11639,1.3568e-05
11720,5.12e-06
11725,0.000624128
11811,1.3824e-05
11944,2.816e-06
11960,0.000662016
12183,1.536e-06
12199,1.4336e-05
12366,5.2736e-05
12377,3.072e-05
12410,3.2256e-05
12452,3.1744e-05
12536,1.024e-06
12538,7.68e-07
12552,7.296e-05
12570,3.6864e-05
12594,2.304e-06
12696,5.12e-06
12719,3.2e-05
12733,0.000420352
12830,9.984e-06
12874,3.5584e-05
12940,5.12e-07
12993,0.000309504
13034,9.856e-05
13062,4.096e-06
13098,2.048e-05
13137,1.9712e-05
13190,3.6352e-05
13210,0.000523264
13301,0.000961536
13373,0.000497152
13433,7.6544e-05
13564,2.1504e-05
13579,0.000778496
13717,5.376e-06
13751,0.000120064
13782,0.000420352
13823,0.000135936
13857,2.0224e-05
13879,2.304e-06
13927,0.000613632
13976,8.0384e-05
14023,2.816e-05
14102,8.4992e-05
14117,7.9872e-05
14164,1.5616e-05
14178,0.000122624
14217,3.1488e-05
14248,4.2752e-05
14256,1.2544e-05
14518,1.408e-05
14544,1.3312e-05
14581,2.2272e-05
14653,3.9424e-05
14682,6.8864e-05
14705,5.4784e-05
14750,1.024e-05
14761,5.248e-05
14764,0.000374272
14769,0.001595904
14782,0.000869888
14839,5.12e-06
14867,1.3312e-05
15028,2.56e-06
15087,1.6128e-05
15127,1.2032e-05
15147,0.000175616
15161,9.472e-06
15186,7.168e-06
15276,6.4e-06
15279,4.352e-06
15318,1.3824e-05
15322,8.576e-05
15376,3.6352e-05
15383,0.000400128
15412,0.000691968
15451,3.2512e-05
15474,6.272e-05
15491,0.00020992
15674,2.7904e-05
15765,4.864e-05
15777,6.9632e-05
15796,9.088e-05
15812,8.6016e-05
15869,0.000313344
15910,2.2016e-05
15920,1.3568e-05
15933,2.56e-06
15978,1.6896e-05
15981,1.4848e-05
15985,5.7344e-05
16066,0.000185088
16126,2.3296e-05
16129,0.00048768
16204,1.5616e-05
16370,2.2272e-05
16464,9.472e-06
16467,0.000103936
16522,3.4816e-05
16587,2.3296e-05
16656,1.2544e-05
16709,2.048e-05
16739,5.3504e-05
16820,4.5312e-05
16876,2.816e-05
16926,4.2752e-05
16973,1.28e-05
17027,8.0896e-05
17030,0.001708544
17082,2.7392e-05
17181,5.1968e-05
17189,0.000311296
17217,0.000335616
17256,1.024e-05
17364,4.0704e-05
17382,1.2288e-05
17406,5.76e-05
17480,2.176e-05
17512,7.168e-06
17535,5.12e-06
17548,0.000519936
17604,2.3296e-05
17659,2.304e-05
17686,3.9424e-05
17693,4.864e-06
17694,2.7648e-05
17764,8.576e-05
17777,0.00013696
17786,0.0007616
17807,1.6384e-05
17818,0.000412928
17834,0.0006784
17901,6.1696e-05
17922,8.704e-06
17944,0.000109824
17955,9.984e-06
17960,8.8832e-05
17994,2.1248e-05
18027,9.0368e-05
18046,3.6352e-05
18134,4.864e-06
18156,1.7152e-05
18177,4.992e-05
18286,7.808e-05
18353,1.3824e-05
18386,0.000364288
18450,7.2448e-05
18474,0.000129024
18530,3.84e-06
18573,9.984e-06
18662,1.152e-05
18697,3.1232e-05
18707,4.608e-06
18779,4.992e-05
18849,3.2768e-05
18850,1.024e-05
18912,5.5296e-05
18948,1.8944e-05
18964,3.4816e-05
18965,0.000171776
18982,0.001241856
19016,0.000363008
19040,5.9136e-05
19126,1.28e-06
19178,2.7648e-05
19182,0.00028032
19206,0.000104704
19215,5.888e-06
19237,1.536e-06
19304,2.5856e-05
19312,4.6848e-05
19334,9.728e-06
19351,2.8672e-05
19392,3.328e-06
19439,1.1776e-05
19467,0.000384256
19533,1.2288e-05
19576,6.9888e-05
19582,4.1472e-05
19687,4.5056e-05
19748,4.2752e-05
19847,1.7152e-05
19996,5.0944e-05
20124,0.000184576
20141,9.728e-06
20160,7.6032e-05
20272,2.048e-06
20286,0.000139776
20312,4.096e-06
20502,0.001157632
20570,0.000191488
20577,5.5296e-05
20632,2.816e-06
20687,3.2e-05
20721,2.56e-06
20772,5.12e-06
20776,7.424e-06
20785,3.0208e-05
20807,2.0224e-05
20847,4.5568e-05
20898,1.792e-06
20946,6.3488e-05
21061,5.3248e-05
21100,4.0192e-05
21129,6.656e-06
21239,1.0496e-05
21244,1.7408e-05
21283,2.7136e-05
21335,2.2784e-05
21376,2.56e-05
21452,2.9184e-05
21473,5.12e-07
21496,1.8176e-05
21526,3.1232e-05
21539,1.28e-06
21661,3.8144e-05
21663,5.7856e-05
21737,7.2448e-05
21802,0.000571136
21847,0.000279296
21906,5.1456e-05
21919,3.1232e-05
21965,8.3712e-05
21994,2.7136e-05
22015,7.5008e-05
22113,9.728e-06
22218,1.792e-05
22248,0.000206848
22367,1.9712e-05
22394,0.000149504
22401,0.000120064
22501,2.048e-05
22566,0.001004544
22682,6.4512e-05
22756,2.56e-06
22795,0.000210688
22865,2.048e-05
22907,8.96e-06
22920,3.968e-05
22959,4.608e-06
23067,1.536e-05
23156,0.000135424
23165,0.000412672
23250,2.816e-06
23298,0.000120064
23350,0.000464896
23391,1.6896e-05
23408,6.4768e-05
23438,3.2768e-05
23535,5.6064e-05
23566,7.168e-06
23579,4.5056e-05
23600,1.664e-05
23641,5.632e-06
23642,1.792e-05
23663,7.168e-06
23664,0.000244736
23747,4.0704e-05
23764,0.001144064
23784,0.000369664
23820,1.7152e-05
23846,0.000100608
23849,4.5312e-05
23886,3.6352e-05
23901,4.7872e-05
23919,0.000194048
23921,2.56e-07
23940,3.6608e-05
24021,1.3056e-05
24142,9.472e-06
24171,0.000164608
24223,2.6112e-05
24305,9.472e-06
24330,1.2032e-05
24345,6.5792e-05
24457,2.3552e-05
24482,3.8912e-05
24537,2.56e-06
24551,2.432e-05
24636,3.3536e-05
24664,6.4768e-05
24706,6.4512e-05
24731,2.9952e-05
24765,2.816e-06
24783,3.7632e-05
24877,5.3248e-05
24887,3.7888e-05
24932,7.424e-06
24964,0.001379328
24984,0.000884992
25082,5.6576e-05
25187,0.000119552
25344,0.000169472
25385,0.000307456
25430,1.7408e-05
25497,9.728e-06
25499,1.1776e-05
25527,3.584e-06
25536,2.0992e-05
25553,5.2736e-05
25566,0.000643584
25586,0.001339392
25663,2.7904e-05
25681,0.000101632
25757,2.56e-05
25827,2.5344e-05
25859,5.12e-07
25898,5.12e-06
25919,6.5536e-05
25939,3.072e-06
26018,1.28e-06
26054,3.84e-06
26056,2.2016e-05
26129,8.704e-06
26165,0.006555136
26186,0.000255488
26314,1.024e-06
26326,0.000162816
26358,5.248e-05
26381,0.00014464
26467,5.0688e-05
26637,2.432e-05
26661,4.48e-05
26726,3.968e-05
26764,8.96e-05
26818,0.000209408
26842,0.000103168
26937,3.4816e-05
26962,2.2272e-05
26966,1.024e-05
26971,1.9456e-05
27031,5.6832e-05
27113,5.632e-05
27202,1.2032e-05
27232,2.0736e-05
27354,1.664e-05
27364,0.0001664
27420,9.6512e-05
27438,2.9184e-05
27546,2.1248e-05
27709,5.12e-07
27722,6.656e-06
27796,8.96e-06
27802,1.408e-05
27817,4.608e-06
27835,8.96e-06
27863,9.984e-06
27907,5.888e-06
27945,0.000241408
27964,0.001787392
27997,9.984e-06
28015,0.000152576
28090,0.012738816
28199,0.000225792
28260,7.68e-06
28309,3.968e-05
28327,0.000214784
28355,0.000476928
28385,9.728e-06
28437,2.2528e-05
28471,0.00010496
28528,3.6096e-05
28564,0.000158208
28579,0.00015232
28585,3.9168e-05
28587,0.00187136
28661,2.304e-06
28687,5.12e-07
28730,4.992e-05
28777,6.1952e-05
28827,3.328e-06
28871,1.024e-06
28916,3.072e-06
28980,1.8432e-05
29038,6.016e-05
29048,1.8944e-05
29062,3.584e-06
29107,2.7392e-05
29121,1.5872e-05
29179,7.6288e-05
29227,2.56e-07
29252,0.000419584
29310,4.1472e-05
29330,0.000651776
29394,2.56e-06
29402,1.0496e-05
29422,0.000100608
29490,2.0224e-05
29508,5.9904e-05
29615,8.8576e-05
29690,0.000128768
29741,3.3792e-05
29765,0.003533312
29998,1.7664e-05
30007,1.664e-05
30027,2.304e-05
30053,0.000434432
30111,7.68e-07
30150,0.000159488
30191,2.3296e-05
30196,0.00011776
30264,2.816e-06
30287,2.3808e-05
30353,3.6352e-05
30357,2.56e-06
30380,7.2448e-05
30455,5.632e-06
30568,0.000229888
30724,1.8688e-05
30806,4.096e-06
30826,0.000194304
30852,2.0736e-05
30952,1.2032e-05
31022,0.000207616
31057,4.4032e-05
31077,4.864e-06
31121,7.424e-06
31157,1.7152e-05
31189,9.984e-06
31255,9.216e-06
31297,4.864e-06
31337,2.6112e-05
31372,0.000103424
31521,1.7664e-05
31680,8.192e-05
31702,1.664e-05
31744,5.12e-07
31754,5.888e-06
31755,1.9712e-05
31854,0.000427264
31956,8.96e-06
31967,1.792e-06
31988,0.000380672
31999,0.00163712
32079,1.2288e-05
32121,0.000174336
32150,2.2784e-05
32164,1.7664e-05
32179,0.000267008
32223,1.9712e-05
32275,5.12e-06
32294,0.000129536
32410,3.84e-06
32430,4.9664e-05
32512,7.68e-07
32539,6.5792e-05
32573,3.5328e-05
32628,1.024e-05
32663,2.3552e-05
32713,0.00025344
32775,0.000174336
32783,0.00040576
32837,6.656e-06
32852,7.168e-06
33031,2.7904e-05
33094,1.28e-06
33130,3.0464e-05
33176,2.2016e-05
33205,0.000112896
33264,1.28e-05
33266,6.912e-06
33283,6.0416e-05
33322,5.12e-07
33366,8.6016e-05
33394,0.000142336
33395,0.001536
33474,5.1968e-05
33538,3.4048e-05
33598,9.728e-06
33606,3.328e-06
33616,4.9664e-05
33704,1.0752e-05
33710,2.0224e-05
33870,4.2496e-05
33892,0.000108544
33947,1.4592e-05
33964,2.5088e-05
34007,0.002360832
34087,2.3296e-05
34135,3.84e-06
34187,1.0496e-05
34217,6.912e-06
34315,6.8864e-05
34450,8.2944e-05
34502,1.2544e-05
34532,0.000889344
34581,0.000211712
34725,5.632e-06
34749,1.8688e-05
34833,0.000177152
34863,1.6384e-05
34873,6.4e-06
34913,1.9712e-05
35061,1.9456e-05
35099,0.000111872
35134,2.8416e-05
35169,6.8352e-05
35235,0.000132096
35290,4.0704e-05
35344,8.0128e-05
35418,2.688e-05
35433,4.7616e-05
35488,4.7872e-05
35511,7.68e-07
35526,8.704e-06
35597,5.7856e-05
35612,9.472e-06
35627,0.000125184
35662,6.912e-06
35680,3.7376e-05
35764,3.7376e-05
35767,0.000226816
35854,1.92e-05
35893,1.664e-05
35921,0.002107136
35992,0.000466944
36057,1.4336e-05
36059,9.5744e-05
36095,2.816e-05
36105,3.584e-06
36178,7.68e-06
36258,1.4848e-05
36284,0.000132352
36314,3.584e-05
36365,5.12e-06
36375,4.3776e-05
36379,2.3808e-05
36399,3.4304e-05
36407,9.8304e-05
36443,2.304e-06
36471,0.000114688
36514,8.064e-05
36522,0.000116224
36564,7.168e-06
36656,3.072e-06
36843,1.7664e-05
36964,0.001423104
36979,0.00127616
37084,0.000109056
37161,1.024e-05
37267,2.9184e-05
37281,9.728e-06
37330,7.0912e-05
37363,1.1264e-05
37418,0.00010496
37429,4.3264e-05
37454,1.024e-06
37482,6.656e-06
37489,3.584e-05
37564,3.0464e-05
37586,7.3216e-05
37635,4.3264e-05
37646,9.984e-06
37665,7.168e-06
37683,7.424e-06
37708,7.9616e-05
37780,3.328e-06
37799,2.304e-05
38047,8.32e-05
38067,2.7136e-05
38117,7.424e-06
38163,0.000136704
38187,0.000971264
38215,0.00034688
38332,0.0003456
38406,2.688e-05
38442,1.024e-05
38463,3.6096e-05
38518,2.56e-07
38575,3.5328e-05
38744,0.000178176
38854,8.7808e-05
38902,5.632e-06
39014,8.448e-06
39103,4.864e-06
39178,8.3712e-05
39302,7.936e-06
39315,2.56e-07
39337,0.00083456
39364,3.2e-05
39407,2.8672e-05
39518,1.28e-05
39559,5.376e-06
39623,7.68e-07
39647,7.3216e-05
39674,4.864e-06
39773,1.4848e-05
39823,0.000647168
39906,0.000758784
39957,0.001001216
40010,1.8688e-05
40060,5.2992e-05
40125,0.000288768
40382,0.000172544
40447,1.8432e-05
40489,7.6544e-05
40595,0.000147712
40601,0.00071424
40716,6.6048e-05
40773,1.4592e-05
40844,5.1712e-05
40877,7.68e-07
40896,3.8912e-05
41159,2.048e-06
41178,7.552e-05
41184,3.2e-05
41195,3.9424e-05
41264,0.000637696
41384,1.536e-06
41453,2.2272e-05
41577,7.0144e-05
41635,1.4848e-05
41703,1.8176e-05
41862,6.656e-06
41971,5.12e-06
42050,1.8176e-05
42098,3.1488e-05
42168,4.4288e-05
42215,3.4304e-05
42342,0.000100608
42378,0.00034176
42380,0.000999168
42446,0.001238784
42524,2.8416e-05
42812,4.4288e-05
42932,0.000292864
42967,8.3456e-05
42976,0.00031744
43038,5.12e-06
43134,8.704e-06
43135,2.0992e-05
43268,0.000144128
43288,0.000525312
43348,4.9408e-05
43519,1.8688e-05
43577,0.001227008
43581,0.003314688
43733,6.912e-06
43886,4.1216e-05
44002,0.000263936
44135,6.8608e-05
44164,9.984e-05
44185,0.00029312
44226,1.8432e-05
44251,0.000201984
44270,0.000150272
44390,0.000148224
44480,6.2464e-05
44586,0.000224256
44610,3.072e-05
44644,1.3056e-05
44672,2.5344e-05
44685,1.6384e-05
44724,5.7344e-05
44758,2.2528e-05
44778,0.002518272
44860,2.9696e-05
44870,1.9712e-05
44886,4.608e-06
44934,2.176e-05
45014,4.5568e-05
45075,2.176e-05
45082,2.9952e-05
45209,2.816e-06
45243,4.864e-05
45275,4.096e-06
45317,2.8672e-05
45356,4.352e-05
45376,1.024e-06
45386,0.000756224
45481,6.9376e-05
45562,4.5568e-05
45573,7.68e-06
45682,0.000226304
45721,0.000741376
45773,3.2e-05
45848,7.68e-07
45881,1.8432e-05
45890,1.8688e-05
45931,9.0112e-05
45955,7.6288e-05
45965,0.000148736
46015,2.3552e-05
46034,1.5872e-05
46070,5.12e-06
46106,1.4592e-05
46112,3.4816e-05
46125,2.048e-05
46158,0.000219648
46194,0.0
46260,4.8128e-05
46329,3.2768e-05
46352,1.7408e-05
46428,1.8432e-05
46506,0.000193024
46565,4.4288e-05
46574,9.9072e-05
46595,1.664e-05
46613,3.584e-05
46642,2.9952e-05
46652,0.000109568
46677,4.352e-05
46783,4.2752e-05
46822,2.944e-05
46832,5.1968e-05
46869,2.2272e-05
46895,2.3552e-05
46925,8.6784e-05
46992,0.0002048
47012,3.072e-06
47037,0.000220416
47104,2.56e-06
47174,6.4e-06
47188,9.1904e-05
47246,1.7408e-05
47291,0.00010496
47299,4.1472e-05
47338,7.68e-06
47401,8.0896e-05
47473,2.3808e-05
47506,1.7408e-05
47556,1.0496e-05
47584,8.3968e-05
47620,6.9376e-05
47622,0.00046592
47666,7.1936e-05
47694,2.56e-07
47711,2.0736e-05
47733,3.6096e-05
47766,7.1936e-05
47879,9.984e-06
47894,1.28e-06
48068,2.048e-06
48159,2.4064e-05
48199,3.072e-06
48261,2.1504e-05
48308,3.84e-05
48331,2.56e-06
48419,4.7104e-05
48491,2.048e-06
48517,9.3696e-05
48558,2.304e-06
48570,5.888e-06
48671,7.9616e-05
48708,9.472e-06
48712,1.792e-06
48734,3.2e-05
48748,3.9168e-05
48761,0.000365568
48781,1.28e-05
48808,0.000683776
48843,4.6848e-05
48846,9.728e-06
48881,7.424e-06
48932,1.6384e-05
48943,8.704e-06
48962,2.9952e-05
48983,0.00065664
49081,2.048e-05
49131,2.6624e-05
49170,4.1984e-05
49180,5.7344e-05
49299,1.152e-05
49322,6.4e-06
49406,4.4544e-05
49579,1.9712e-05
49642,0.000602112
49729,2.0736e-05
49755,1.28e-06
49802,0.000250624
49827,2.816e-05
49886,2.56e-06
49908,2.176e-05
49930,7.68e-06
50037,7.296e-05
50044,5.8112e-05
50081,2.7136e-05
50165,0.000827392
50187,0.001924352
50218,5.376e-06
50250,6.4256e-05
50279,0.000136448
50309,1.792e-05
50331,6.9632e-05
50405,1.2544e-05
50475,0.000919296
50582,0.000230656
50620,0.000119808
50681,2.6368e-05
50726,2.5344e-05
50764,4.7616e-05
50776,0.000345088
50858,0.000129792
50908,5.8624e-05
50981,8.448e-06
51004,0.000142592
51050,5.4528e-05
51126,3.7888e-05
51182,6.4e-06
51230,6.3744e-05
51264,9.1136e-05
51287,2.4832e-05
51306,3.4816e-05
51361,5.5808e-05
51370,0.000937472
51462,1.3056e-05
51505,1.3824e-05
51546,2.432e-05
51626,1.2032e-05
51722,1.4848e-05
51777,1.9712e-05
51806,2.5088e-05
51828,5.888e-06
51883,3.584e-05
51909,5.5808e-05
51944,8.704e-06
51976,1.1776e-05
51980,0.0001024
52019,5.12e-06
52077,5.3504e-05
52099,8.6528e-05
52119,6.7584e-05
52159,2.432e-05
52233,7.9872e-05
52241,8.704e-05
52300,3.7888e-05
52354,1.8176e-05
52370,7.6544e-05
52403,2.688e-05
52415,6.0672e-05
52439,4.4544e-05
52467,4.8384e-05
52520,9.1904e-05
52522,6.784e-05
52559,7.296e-05
52577,7.424e-06
52593,0.000333568
52675,5.1968e-05
52738,3.2512e-05
52859,3.2768e-05
52932,6.144e-06
52976,2.304e-05
53001,4.3264e-05
53036,2.9184e-05
53067,1.9712e-05
53136,4.3776e-05
53165,5.3504e-05
53178,0.00051328
53276,4.0448e-05
53301,4.5056e-05
53362,7.8336e-05
53400,6.9888e-05
53443,1.536e-05
53456,2.5344e-05
53471,1.28e-05
53493,5.6576e-05
53518,3.3024e-05
53581,7.0656e-05
53604,2.7648e-05
53610,1.024e-06
53625,2.7392e-05
53717,2.1248e-05
53720,1.2544e-05
53758,6.6816e-05
53824,0.001868032
53873,7.936e-06
53892,7.1424e-05
53992,4.0704e-05
54000,5.12e-06
54020,0.0001216
54083,4.2496e-05
54091,6.4e-06
54205,0.000223744
54248,5.4784e-05
54271,3.2512e-05
54302,4.2496e-05
54379,0.00014336
54384,0.00013824
54537,2.1504e-05
54628,1.024e-06
54679,4.5824e-05
54740,8.704e-06
54770,0.000133888
54896,3.1488e-05
54964,2.4576e-05
54981,0.00146048
55015,8.192e-06
55109,2.0736e-05
55117,3.0464e-05
55154,4.9408e-05
55167,8.064e-05
55232,2.3296e-05
55290,4.3264e-05
55302,2.048e-06
55334,1.8944e-05
55379,2.0992e-05
55411,1.7664e-05
55425,0.000342016
55486,1.3824e-05
55494,2.56e-07
55520,7.68e-07
55522,3.5584e-05
55586,7.6544e-05
55629,3.0976e-05
55651,2.432e-05
55664,6.6816e-05
55676,1.1008e-05
55684,2.176e-05
55750,1.3056e-05
55770,0.000146688
55802,1.5872e-05
55910,4.9664e-05
55943,5.4016e-05
56111,2.7392e-05
56142,4.7872e-05
56164,2.2016e-05
56197,0.00031488
56266,3.3792e-05
56282,1.792e-05
56353,1.9456e-05
56449,3.0976e-05
56485,3.328e-06
56520,2.3552e-05
56577,4.5312e-05
56588,2.432e-05
56696,1.2032e-05
56710,8.6784e-05
56775,1.024e-06
56776,0.000103936
56779,1.2032e-05
56843,8.448e-06
56876,3.1744e-05
56903,1.4336e-05
56919,0.000123904
56977,2.5344e-05
57079,3.1488e-05
57114,7.7312e-05
57150,4.864e-06
57159,0.000645632
57198,1.0496e-05
57244,5.888e-06
57271,5.76e-05
57328,2.8928e-05
57333,5.376e-06
57361,1.792e-06
57364,0.000179712
57365,0.009160704
57457,1.3056e-05
57498,3.584e-05
57520,1.536e-06
57546,9.728e-06
57582,3.5328e-05
57601,5.504e-05
57617,6.144e-06
57681,3.072e-05
57687,0.0007168
57748,5.376e-06
57833,1.3312e-05
57870,2.9952e-05
57894,1.3056e-05
57916,2.56e-07
57946,1.4592e-05
57975,5.504e-05
57987,3.4304e-05
58022,1.2032e-05
58040,5.376e-06
58046,0.000302848
58111,7.8336e-05
58194,3.584e-06
58210,1.408e-05
58212,3.9936e-05
58255,5.9648e-05
58401,6.4e-06
58434,0.001412608
58563,2.9184e-05
58633,2.7392e-05
58751,1.4336e-05
58834,1.7408e-05
58847,5.2224e-05
58876,7.808e-05
59018,0.00023168
59044,0.00024192
59119,5.376e-06
59147,1.3056e-05
59164,0.00013056
59166,0.000605184
59214,2.56e-07
59254,3.5072e-05
59301,0.000774656
59354,0.000293632
59415,0.000752128
59517,4.4544e-05
59526,7.68e-06
59556,3.4816e-05
59586,9.0112e-05
59686,5.248e-05
59710,8.9088e-05
59761,1.0496e-05
59764,7.2192e-05
59782,3.7632e-05
59872,0.000135168
59893,2.1504e-05
59930,9.3184e-05
59992,1.8688e-05
60034,0.000551936
60086,2.4064e-05
60148,2.3808e-05
60190,1.024e-06
60231,1.792e-05
60241,1.6128e-05
60246,7.5008e-05
60365,0.000498688
60424,0.00102656
60461,8.1664e-05
60496,2.3808e-05
60501,0.000298752
60523,4.096e-05
60546,4.864e-06
60612,0.000191744
60639,3.584e-06
60665,1.5104e-05
60716,7.296e-05
60802,6.6304e-05
60828,8.9088e-05
60870,2.0992e-05
60920,2.048e-06
60943,3.84e-05
60978,2.6624e-05
60985,0.000111616
61082,2.304e-05
61166,1.1264e-05
61326,7.3984e-05
61346,9.472e-06
61403,3.072e-06
61406,2.5856e-05
61423,1.408e-05
61459,2.8672e-05
61489,5.6832e-05
61570,3.2768e-05
61582,0.006227712
61649,0.00019456
61710,0.00017664
61812,4.5824e-05
61831,3.2512e-05
61913,4.608e-06
61934,6.6048e-05
61944,0.000125184
61984,1.024e-05
61998,5.376e-06
62025,2.304e-05
62032,3.072e-05
62086,7.7312e-05
62118,5.2992e-05
62144,9.5488e-05
62163,0.000113664
62178,0.00010624
62288,3.0464e-05
62314,1.8432e-05
62344,5.6064e-05
62377,4.8384e-05
62388,3.6096e-05
62443,1.4848e-05
62498,2.5344e-05
62524,4.0192e-05
62557,1.536e-05
62757,4.864e-06
62793,3.84e-06
62846,0.000485632
62875,8.6016e-05
62906,3.968e-05
62953,0.000116224
62980,1.4592e-05
63019,1.1776e-05
63038,2.0736e-05
63058,3.328e-06
63152,4.7616e-05
63183,2.0224e-05
63256,2.048e-06
63328,4.4288e-05
63342,5.0688e-05
63380,9.8048e-05
63437,1.1264e-05
63452,5.12e-07
63458,5.9136e-05
63502,5.888e-06
63571,2.3808e-05
63582,1.7664e-05
63624,8.7552e-05
63639,4.096e-06
63692,4.3776e-05
63740,8.8064e-05
63763,0.000137728
63795,0.000119296
63886,1.152e-05
63948,0.000186112
63966,3.4304e-05
63977,0.000166144
63992,0.000232192
64033,0.000153088
64129,4.352e-06
64143,1.5616e-05
64160,0.00057856
64217,1.1008e-05
64270,5.4272e-05
64300,2.3808e-05
64370,0.000129792
64424,9.1648e-05
64489,4.6848e-05
64577,2.9952e-05
64696,4.4288e-05
64732,3.8144e-05
64739,2.6624e-05
64790,7.936e-06
64850,2.816e-06
64922,3.3792e-05
64969,2.56e-06
65044,0.005626624
65097,2.4832e-05
65137,2.7136e-05
65176,0.000117248
65180,1.4592e-05
65183,0.00078592
65297,0.00022528
65370,1.8688e-05
65398,0.00022528
65407,7.424e-06
65459,0.00027008
65514,1.9456e-05
65597,7.424e-06
65633,2.304e-06
65744,0.000109568
65767,4.608e-06
65776,0.000188672
65850,8.96e-06
65879,5.376e-06
65920,6.0672e-05
65994,1.4336e-05
65998,2.5856e-05
66067,4.8384e-05
66093,8.7296e-05
66159,0.000105472
66251,1.3568e-05
66265,3.0464e-05
66285,6.912e-06
66364,8.7552e-05
66451,2.56e-06
66493,3.1744e-05
66550,4.7616e-05
66646,5.376e-06
66652,0.000250368
66706,5.6576e-05
66752,7.68e-07
66780,0.000254208
66927,9.216e-06
66944,4.352e-06
66975,0.000148224
67042,9.6512e-05
67074,3.8912e-05
67085,7.0656e-05
67116,3.6864e-05
67229,4.864e-06
67369,0.00056192
67396,2.56e-05
67453,0.000235008
67542,7.7568e-05
67564,0.000601856
67657,6.8352e-05
67769,2.432e-05
67782,5.0432e-05
67950,2.304e-06
68026,3.5072e-05
68135,0.000684032
68165,0.00017408
68189,0.000484864
68221,4.7616e-05
68241,2.816e-06
68316,3.6096e-05
68422,1.9712e-05
68459,6.2464e-05
68593,7.424e-06
68632,1.1264e-05
68650,1.2032e-05
68654,0.00059264
68665,0.000226048
68741,4.5568e-05
68834,1.1008e-05
68910,4.7616e-05
68934,3.072e-06
68992,3.84e-06
68994,1.3312e-05
69006,2.8928e-05
69065,5.888e-05
69079,0.000368384
69166,3.328e-06
69168,1.024e-06
69237,2.1504e-05
69257,2.3808e-05
69263,5.632e-06
69301,3.2768e-05
69376,7.3984e-05
69392,0.000298496
69406,7.936e-05
69448,5.3248e-05
69466,5.888e-06
69495,0.00029184
69554,2.304e-06
69626,5.632e-06
69673,1.1008e-05
69713,2.1248e-05
69731,7.1424e-05
69789,1.1008e-05
69850,1.792e-06
69922,2.9952e-05
69979,0.00050688
70134,0.000353792
70261,0.0
70337,1.024e-06
70438,7.1936e-05
70518,5.0944e-05
70554,9.9328e-05
70576,0.000352256
70635,1.536e-06
70648,4.352e-05
70671,3.328e-05
70766,2.3808e-05
70823,6.144e-06
70895,0.000143104
71042,2.7904e-05
71139,5.0944e-05
71182,0.000105984
71199,4.8384e-05
71213,3.1232e-05
71274,9.472e-06
71407,6.144e-05
71436,1.024e-06
71514,4.5568e-05
71597,5.12e-06
71603,3.6608e-05
71628,0.00011008
71638,5.0688e-05
71667,0.000184576
71701,2.9184e-05
71753,1.3568e-05
71766,0.000196864
71778,4.3264e-05
71782,0.000260864
71787,0.00214016
71920,0.000343808
71944,8.4736e-05
71985,0.000382464
72044,0.000118272
72112,3.9424e-05
72165,1.8688e-05
72190,1.5616e-05
72252,3.2e-05
72364,0.000101376
72408,5.0688e-05
72445,1.1264e-05
72496,1.024e-05
72551,2.6368e-05
72568,0.000106496
72671,5.1456e-05
72737,3.5584e-05
72780,2.4832e-05
72842,1.2544e-05
72899,2.816e-06
72908,2.8928e-05
72938,6.2208e-05
72961,6.0928e-05
72982,4.1984e-05
73053,1.6896e-05
73072,0.00018176
73105,3.2e-05
73171,1.3312e-05
73255,7.7824e-05
73298,6.5024e-05
73333,2.8416e-05
73400,2.56e-07
73427,1.5872e-05
73438,1.1264e-05
73473,1.5104e-05
73498,0.000123904
73564,5.888e-06
73565,1.7152e-05
73665,8.6528e-05
73691,2.048e-05
73852,3.6096e-05
73894,2.56e-07
73908,4.5568e-05
73937,2.4064e-05
74027,0.000173568
74143,1.7408e-05
74164,2.5344e-05
74180,1.664e-05
74186,0.000195584
74271,8.0128e-05
74292,1.152e-05
74314,4.0192e-05
74347,2.944e-05
74357,3.6352e-05
74522,4.352e-06
74611,0.000684288
74644,8.704e-06
74676,5.632e-06
74755,5.9136e-05
74796,6.4256e-05
74805,4.7104e-05
74841,3.328e-06
74883,5.12e-06
74912,2.5088e-05
75035,9.3184e-05
75108,4.48e-05
75166,5.9136e-05
75176,1.2288e-05
75239,2.4064e-05
75277,6.272e-05
75329,2.0224e-05
75366,0.005922816
75383,0.000197632
75415,0.000101888
75430,0.00020224
75464,2.2016e-05
75620,1.3056e-05
75646,1.5872e-05
75708,4.608e-06
75731,1.152e-05
75739,2.3552e-05
75766,4.8896e-05
75847,1.28e-05
75876,9.1648e-05
75913,0.00030464
75964,3.328e-06
75980,1.5616e-05
76079,1.0496e-05
76204,2.3296e-05
76267,1.1264e-05
76280,8.704e-06
76362,5.12e-06
76429,7.424e-06
76439,0.000174592
76559,3.2e-05
76585,2.2016e-05
76590,0.000161024
76609,3.6608e-05
76657,1.664e-05
76693,7.9872e-05
76750,1.4848e-05
76787,4.352e-06
76794,7.1168e-05
76857,3.84e-06
76982,8.5504e-05
77177,7.808e-05
77183,0.000424192
77244,4.3776e-05
77254,3.584e-06
77274,8.9088e-05
77405,0.0002624
77460,3.0976e-05
77493,5.632e-06
77565,7.296e-05
77703,2.5088e-05
77777,7.04e-05
77850,4.4288e-05
77884,8.192e-06
77921,0.000270336
77932,2.8928e-05
77960,1.792e-05
77987,8.32e-05
78104,0.000153856
78146,2.8928e-05
78216,2.56e-06
78227,7.6032e-05
78271,1.792e-06
78381,0.001721856
78499,8.704e-06
78559,2.4576e-05
78600,2.3552e-05
78641,3.328e-06
78658,7.2192e-05
78721,6.7072e-05
78749,5.8112e-05
78804,1.408e-05
78859,2.5088e-05
78959,2.2784e-05
78975,1.0752e-05
78983,2.56e-05
78990,0.000206592
79063,7.5008e-05
79086,9.3696e-05
79126,1.7408e-05
79185,1.5872e-05
79212,3.2768e-05
79279,2.176e-05
79294,0.000154368
79344,0.00016128
79543,3.584e-06
79565,9.5232e-05
79577,5.888e-06
79607,9.6256e-05
79776,1.7664e-05
79812,0.000285184
79868,1.3824e-05
79895,8.6528e-05
79947,1.1008e-05
80024,7.936e-06
80118,2.8672e-05
80178,5.5296e-05
80181,0.000811008
80217,8.704e-06
80274,2.4832e-05
80275,0.000321024
80319,2.7136e-05
80354,2.304e-06
80431,1.664e-05
80456,9.8816e-05
80497,4.48e-05
80507,6.8864e-05
80537,2.048e-06
80618,0.000128768
80660,1.9456e-05
80680,2.3296e-05
80754,4.1216e-05
80776,0.00092928
80946,6.4e-05
80969,3.6352e-05
81052,8.5504e-05
81120,8.3712e-05
81132,1.8176e-05
81198,0.000231168
81246,2.816e-06
81279,5.8624e-05
81363,1.664e-05
81375,5.4528e-05
81404,0.000135168
81529,3.456e-05
81634,2.8928e-05
81756,4.096e-06
81844,2.048e-06
81854,0.000175104
81936,1.4592e-05
81988,0.000178688
82016,5.12e-06
82033,1.7152e-05
82087,2.6112e-05
82140,0.000460032
82207,4.1984e-05
82269,2.7136e-05
82312,7.3984e-05
82372,5.9904e-05
82447,0.000117504
82453,0.001588736
82459,0.00116864
82509,0.000103168
82527,3.456e-05
82584,0.000515584
82658,3.0976e-05
82693,2.816e-06
82716,5.12e-07
82734,1.3824e-05
82836,9.728e-06
83083,0.000307712
83144,7.1424e-05
83176,0.00045952
83233,2.8928e-05
83275,6.656e-05
83280,1.9712e-05
83346,0.00013184
83500,1.8432e-05
83546,0.000118272
83659,5.12e-07
83696,1.0752e-05
83741,5.0688e-05
83767,2.56e-07
83775,0.000241408
83843,0.000280576
83874,6.2976e-05
83960,0.000398592
84052,6.9376e-05
84068,2.5088e-05
84199,6.2464e-05
84334,5.5552e-05
84370,1.664e-05
84378,6.6048e-05
84490,6.5792e-05
84541,4.1984e-05
84558,1.5872e-05
84586,5.8112e-05
84639,9.984e-06
84770,6.7584e-05
84779,0.000297216
84834,9.9072e-05
84979,0.000185344
85129,9.4464e-05
85253,0.000212736
85337,1.024e-05
85383,6.8608e-05
85413,3.712e-05
85434,1.28e-06
85465,1.8688e-05
85493,1.792e-05
85508,7.0656e-05
85569,0.000365056
85684,8.96e-06
85702,7.4752e-05
85736,6.912e-06
85766,0.000220928
85829,1.4336e-05
85838,5.4784e-05
85901,3.8912e-05
85928,5.888e-06
85933,4.7616e-05
86049,3.328e-05
86063,1.792e-05
86097,4.9152e-05
86164,0.00074368
86270,8.6016e-05
86309,3.4816e-05
86333,5.9904e-05
86362,0.00011264
86517,6.4e-06
86531,1.152e-05
86571,7.0912e-05
86645,0.000123136
86661,6.912e-05
86687,5.632e-05
86718,6.912e-06
86721,0.000151808
86751,7.296e-05
86761,0.000131584
86765,0.000222208
86818,9.8304e-05
86841,4.1472e-05
86871,0.00025088
86901,0.000136704
86911,9.216e-05
86921,0.00032384
86931,0.000221952
86951,0.000153856
86961,8.192e-06
86981,0.000636672
87021,0.000320768
87031,1.0496e-05
87051,0.000230656
87061,0.000172544
87081,5.6576e-05
87091,0.000359936
87111,0.000157952
87121,0.000173568
87131,0.000209664
87141,0.00022272
87181,0.000563968
87201,0.000174848
87211,0.000287744
87231,0.000156672
87241,6.4256e-05
87261,0.000335872
87271,0.000430592
87321,0.000870144
87341,9.4208e-05
87351,0.000727552
87361,0.000207872
87381,0.000527872
87405,0.000386816
87441,6.784e-05
87461,0.000235264
87471,0.000729088
87511,0.000263168
87521,4.6336e-05
87581,1.2032e-05
87592,0.000178944
87726,1.152e-05
87854,4.608e-05
87902,6.6048e-05
87942,1.3056e-05
87953,1.0496e-05
87979,0.000379392
88114,5.0432e-05
88137,2.432e-05
88202,2.3552e-05
88263,3.84e-06
88271,4.864e-05
88279,0.000140544
88423,3.0976e-05
88490,0.00012032
88492,0.000150016
88534,1.024e-05
88572,1.536e-06
88578,3.2768e-05
88580,2.5344e-05
88661,2.432e-05
88712,2.6368e-05
88730,1.536e-06
88758,6.4e-06
88827,3.2512e-05
88845,0.000113152
88892,2.56e-06
88940,0.00018176
88980,3.9936e-05
89066,7.9872e-05
89121,6.9376e-05
89126,2.6624e-05
89151,2.8672e-05
89163,5.0176e-05
89170,0.001083136
89249,1.28e-06
89251,0.000122112
89272,1.2288e-05
89337,3.8656e-05
89384,1.6896e-05
89395,5.0432e-05
89438,7.3984e-05
89478,2.4064e-05
89482,4.5056e-05
89577,1.7152e-05
89601,5.1712e-05
89755,1.024e-06
89774,0.000387584
89778,0.000979968
89788,0.000540672
89960,0.000340992
90032,0.000144384
90076,5.0176e-05
90104,0.00017152
90182,3.84e-05
90255,4.8896e-05
90262,3.3792e-05
90347,2.816e-06
90365,8.8064e-05
90377,6.2208e-05
90499,4.096e-06
90546,4.864e-06
90624,0.000394752
90724,3.8656e-05
90817,3.712e-05
90847,9.472e-05
90876,5.376e-05
90913,2.5344e-05
90915,0.000167168
90943,3.7888e-05
90982,0.000164608
91025,0.000140544
91105,2.2272e-05
91127,2.9696e-05
91162,5.7856e-05
91256,8.448e-06
91329,1.3568e-05
91467,1.5616e-05
91517,6.528e-05
91527,9.7024e-05
91664,6.9376e-05
91707,0.000105728
91803,4.2496e-05
91817,1.4592e-05
91862,1.7664e-05
91919,0.000379136
91961,4.096e-05
91976,5.12e-07
92006,5.4784e-05
92015,8.2944e-05
92046,5.1456e-05
92087,6.528e-05
92117,3.2512e-05
92159,3.2e-05
92196,5.4016e-05
92213,0.000131328
92319,0.0001216
92333,0.000789504
92517,0.000104192
92566,8.96e-06
92592,1.024e-05
92622,3.6096e-05
92628,7.68e-06
92673,7.9616e-05
92713,0.000252672
92759,8.96e-06
92764,0.002494464
92806,4.224e-05
92833,7.2192e-05
92871,0.000111104
92892,0.000294144
92978,2.0224e-05
93036,0.00019072
93071,1.3824e-05
93086,1.3568e-05
93148,6.4768e-05
93192,5.376e-06
93281,9.472e-06
93305,0.000216064
93355,0.00011904
93366,0.00011136
93383,0.000361216
93400,0.000294912
93439,0.000148224
93483,5.12e-07
93493,1.7664e-05
93606,1.0496e-05
93648,1.4848e-05
93668,2.3552e-05
93713,1.7408e-05
93750,2.816e-05
93766,3.456e-05
93787,6.656e-06
93805,0.000828416
93857,0.000127744
93957,0.00011776
93977,0.000384512
94097,0.00042752
94165,0.00335488
94252,6.4e-06
94382,1.92e-05
94430,7.68e-06
94495,6.3488e-05
94553,6.9888e-05
94582,0.00010112
94638,1.5616e-05
94774,0.000826112
94801,0.0003136
94818,1.5104e-05
94959,8.448e-06
95000,2.816e-06
95007,5.6832e-05
95076,3.4304e-05
95176,0.000235008
95254,4.48e-05
95304,5.2992e-05
95317,0.000141824
95362,1.4336e-05
95392,7.296e-05
95548,5.12e-06
95597,1.152e-05
95623,8.192e-06
95644,1.4336e-05
95710,2.9184e-05
95725,9.3696e-05
95772,3.4304e-05
95782,0.00106752
95848,0.000316672
95943,0.000108544
95988,1.0496e-05
96027,7.8848e-05
96090,0.00010368
96147,4.6592e-05
96201,0.0
96246,7.68e-07
96268,1.3056e-05
96323,0.000149504
96378,0.000722432
96450,3.8912e-05
96507,1.6128e-05
96515,3.0464e-05
96550,3.3024e-05
96555,0.000231424
96662,3.2256e-05
96664,1.8176e-05
96686,2.7648e-05
96728,7.7056e-05
96830,0.000115456
96901,0.000283648
96954,5.12e-07
96977,0.000214528
97003,2.1504e-05
97044,0.000173056
97105,8.704e-06
97175,4.8384e-05
97187,0.000126976
97223,3.4048e-05
97295,2.2784e-05
97379,9.984e-05
97494,6.912e-06
97564,0.001828096
97580,0.005052672
97618,0.0003776
97664,4.9664e-05
97716,1.536e-06
97742,2.304e-06
97783,4.8384e-05
97830,1.3312e-05
97884,2.0224e-05
97907,3.712e-05
97976,9.984e-06
98033,0.0003584
98060,3.072e-05
98077,2.7648e-05
98089,8.7808e-05
98168,6.0416e-05
98185,0.000645376
98297,0.000136192
98323,5.12e-06
98347,1.792e-05
98371,0.000342272
98411,0.000148992
98417,0.000583424
98465,7.936e-06
98500,5.9904e-05
98533,1.5616e-05
98571,0.000215296
98588,0.000301056
98673,9.472e-06
98717,8.3968e-05
98762,7.168e-06
98764,6.7584e-05
98767,0.000256
98890,4.1472e-05
98909,0.000932608
99030,6.4e-05
99093,1.4592e-05
99094,0.000242944
99180,1.28e-06
99248,0.000570624
99381,0.000106752
99444,1.408e-05
99499,2.1248e-05
99544,1.5616e-05
99559,5.12e-07
99629,9.472e-05
99659,8.192e-06
99669,0.000147968
99689,1.3312e-05
99729,0.000126464
99739,0.000312832
99759,0.0004736
99789,7.424e-05
99819,0.000192768
99829,0.000188928
99859,1.7408e-05
99879,0.000197376
99899,0.000149504
99919,3.4816e-05
99929,1.7152e-05
99939,0.000212992
99959,5.8624e-05
99969,6.784e-05
99979,6.8864e-05
100019,0.000227072
100029,0.000665088
100049,7.6032e-05
100069,0.00039168
100079,0.000111872
100109,0.000717056
100119,0.000267008
100139,0.000586752
100159,0.000423168
100169,6.4e-06
100179,0.000367104
100189,0.000178688
100209,0.00059392
100219,0.000410624
100259,0.000290816
100279,0.000256256
100289,0.000208128
100299,0.000622848
100309,0.00043136
100319,0.000111104
100329,0.000404224
100339,0.0001408
100359,0.0002048
100369,0.000235776
100379,0.000127232
100389,0.000267008
100409,0.000236544
100419,0.000362496
100429,0.000422656
100449,2.9952e-05
100469,0.000793088
100545,0.000431616
100575,2.56e-07
100577,0.000112896
100587,0.000734976
100609,0.000593152
100648,3.072e-05
100668,0.000166912
100690,7.424e-06
100725,1.3824e-05
100756,0.000571648
100768,0.00046208
100828,8.704e-06
100838,2.4576e-05
100881,9.5232e-05
100924,0.000283136
100969,1.9712e-05
101013,2.048e-06
101051,2.048e-05
101238,3.6096e-05
101252,9.4208e-05
101383,3.84e-06
101393,0.000192
101441,1.0496e-05
101445,0.000116992
101476,3.072e-06
101490,0.000287488
101532,2.816e-06
101559,3.456e-05
101619,7.6544e-05
101750,3.9936e-05
101780,8.5504e-05
101945,2.7648e-05
101960,0.000299776
101990,0.000562176
102015,5.888e-06
102046,5.632e-05
102070,3.072e-06
102176,0.00155392
102282,8.32e-05
102321,6.2464e-05
102350,2.6112e-05
102365,0.000262144
102378,3.0464e-05
102400,7.4496e-05
102429,1.4848e-05
102506,6.4e-06
102520,6.1952e-05
102610,7.9872e-05
102812,2.2528e-05
102849,8.064e-05
102942,8.6784e-05
102965,7.9104e-05
102982,9.216e-06
102983,1.664e-05
103140,4.864e-06
103154,4.992e-05
103270,7.5264e-05
103332,7.68e-07
103334,0.000356096
103447,2.2528e-05
103544,0.000100864
103564,0.000231168
103660,9.216e-06
103719,4.5568e-05
103776,4.096e-06
103800,9.5488e-05
103882,8.448e-06
103957,9.9584e-05
103975,2.1504e-05
103988,7.68e-06
104049,2.048e-06
104055,1.5616e-05
104095,2.816e-06
104159,3.328e-05
104177,4.0704e-05
104192,0.000162304
104253,2.3808e-05
104286,0.000508928
104353,1.3056e-05
104391,4.608e-06
104442,1.024e-06
104466,6.144e-06
104506,7.168e-06
104532,1.3568e-05
104595,3.712e-05
104741,2.56e-07
104746,8.6784e-05
104764,5.888e-06
104775,5.7856e-05
104784,9.4464e-05
104815,4.224e-05
104988,2.048e-06
105058,7.4752e-05
105068,0.000130816
105109,3.7632e-05
105156,1.2544e-05
105185,0.000108288
105208,4.8896e-05
105242,2.5856e-05
105265,1.6896e-05
105319,1.024e-05
105354,2.1248e-05
105375,0.000117248
105382,0.000502016
105404,8.448e-05
105407,0.000144896
105469,6.1184e-05
105501,1.6384e-05
105572,3.072e-05
105601,5.0688e-05
105653,1.3312e-05
105747,4.864e-06
105777,5.3504e-05
105909,0.000338688
105943,0.000216064
105988,2.1504e-05
106042,0.00022656
106069,0.010579712
106138,0.000389376
106168,8.448e-06
106180,2.56e-06
106209,4.5056e-05
106232,2.8672e-05
106264,9.216e-06
106271,0.000139264
106320,1.9456e-05
106347,5.12e-06
106376,0.000356864
106435,2.56e-07
106467,2.816e-06
106500,7.68e-07
106535,2.0992e-05
106553,5.12e-06
106565,0.00011776
106583,0.00037632
106646,0.000210176
106781,1.4848e-05
106802,1.6128e-05
106827,8.96e-05
106878,4.864e-06
106954,1.0752e-05
107046,2.7392e-05
107101,0.000152064
107161,6.144e-06
107174,1.6896e-05
107179,0.000747776
107260,1.3312e-05
107290,1.4848e-05
107496,1.536e-05
107580,1.408e-05
107632,2.1504e-05
107639,1.7664e-05
107669,1.6128e-05
107675,2.2272e-05
107704,1.28e-05
107725,0.000384768
107765,1.3824e-05
107777,0.000114944
107793,0.000782848
107861,1.792e-05
107863,0.000945152
107934,1.152e-05
107948,1.664e-05
107961,4.608e-06
107971,0.000207616
108015,8.4224e-05
108055,0.000154112
108156,0.00011648
108210,1.8944e-05
108267,4.6848e-05
108366,0.001632512
108410,2.6624e-05
108447,0.000307968
108566,5.12e-07
108731,8.8832e-05
108754,2.9952e-05
108920,6.016e-05
108942,2.56e-07
108961,7.68e-07
108977,0.000102144
109018,0.000109568
109078,0.006734336
109127,6.1696e-05
109148,2.432e-05
109172,5.376e-06
109203,2.5344e-05
109237,8.96e-06
109357,1.5616e-05
109388,3.4048e-05
109420,7.3216e-05
109520,0.00010496
109553,5.7088e-05
109567,1.1264e-05
109582,0.001238528
109642,1.024e-05
109660,3.6864e-05
109692,4.9408e-05
109748,8.2176e-05
109764,2.4832e-05
109779,0.000561408
109791,2.7904e-05
109827,1.2288e-05
109832,0.000110592
109869,2.304e-06
109931,5.5552e-05
109973,4.608e-05
109987,6.3488e-05
110017,1.6384e-05
110041,5.8368e-05
110157,1.5872e-05
110180,4.48e-05
110203,6.5024e-05
110240,6.912e-06
110252,5.2736e-05
110336,2.3552e-05
110355,1.664e-05
110400,0.00027136
110460,1.792e-06
110484,5.8624e-05
110539,1.2032e-05
110649,0.000260864
110750,4.864e-05
110776,5.2992e-05
110779,0.000520704
110823,4.608e-06
110849,1.92e-05
110866,0.000201984
110893,1.1776e-05
110939,0.000194816
110969,0.000339712
111009,1.536e-06
111059,2.1504e-05
111069,0.000122624
111089,0.000104448
111109,2.0992e-05
111119,3.4816e-05
111129,7.6288e-05
111149,0.000137216
111169,9.3952e-05
111173,9.216e-06
111189,4.2752e-05
111219,0.000370176
111229,2.6624e-05
111249,5.1712e-05
111259,0.000343808
111269,4.0192e-05
111299,0.000322304
111319,8.96e-05
111339,0.000143872
111349,0.000114432
111359,0.00055168
111364,0.000793088
111378,4.7616e-05
111389,0.000465152
111409,0.000189696
111419,4.224e-05
111449,0.000139264
111479,0.000178176
111489,0.00051456
111499,0.000142336
111509,0.0002304
111519,0.00057472
111539,0.000329216
111559,0.000248064
111569,5.12e-06
111579,0.000383488
111599,0.000141312
111619,0.000460288
111629,0.000233728
111639,0.011682304
111689,4.48e-05
111699,0.000261376
111709,0.000228096
111719,0.000279296
111729,0.000270336
111739,0.000135424
111749,2.7904e-05
111759,0.000357888
111769,0.000248576
111778,0.0009664
111809,0.000190208
111839,6.2464e-05
111849,0.000640512
111879,0.000747008
111889,0.000633088
111909,0.00059008
111939,0.00055552
111985,0.000118272
112145,2.8416e-05
112326,1.408e-05
112405,7.4752e-05
112458,0.000111104
112595,1.536e-05
112607,1.9456e-05
112752,0.000128768
112995,4.48e-05
113007,6.7072e-05
113027,2.304e-06
113095,5.888e-06
113098,9.0112e-05
113132,3.6352e-05
113164,4.8384e-05
113180,3.5072e-05
113240,8.1152e-05
113261,0.000482816
113324,2.688e-05
113339,6.4e-06
113410,3.072e-06
113459,3.3024e-05
113533,0.00012672
113569,2.048e-06
113690,1.792e-05
113722,6.272e-05
113844,7.68e-06
113875,1.024e-05
113924,4.352e-06
113931,0.0001024
113988,4.9664e-05
114042,2.816e-06
114050,2.048e-06
114070,0.000124672
114112,6.4512e-05
114158,7.5008e-05
114168,0.00080512
114315,3.9168e-05
114364,2.6112e-05
114370,1.408e-05
114376,0.000959744
114501,3.2256e-05
114545,6.912e-06
114588,3.328e-06
114675,6.144e-06
114679,4.6848e-05
114721,3.072e-06
114752,1.536e-06
114768,4.9664e-05
114818,1.8176e-05
114924,3.5328e-05
114955,2.4576e-05
114967,0.000243456
114980,0.002059264
115041,4.1472e-05
115102,7.6288e-05
115145,7.68e-07
115178,8.4736e-05
115194,1.024e-05
115196,0.000183296
115259,2.304e-06
115284,2.56e-06
115400,1.28e-06
115471,4.9664e-05
115484,2.56e-06
115565,1.792e-06
115575,6.8864e-05
115581,0.000601344
115616,6.144e-05
115650,4.48e-05
115684,9.984e-06
115695,1.1264e-05
115735,3.1744e-05
115775,9.728e-06
115783,3.0976e-05
115833,4.608e-06
115874,4.1728e-05
115915,1.9968e-05
116008,3.84e-06
116034,7.68e-06
116043,2.432e-05
116080,6.144e-06
116122,7.68e-07
116135,3.2512e-05
116166,6.272e-05
116234,4.2752e-05
116258,1.1776e-05
116268,0.000220672
116335,2.3808e-05
116348,5.8368e-05
116445,2.9696e-05
116517,7.6032e-05
116546,0.000143616
116616,1.1008e-05
116640,1.152e-05
116644,2.3552e-05
116692,1.3824e-05
116757,4.864e-06
116773,8.4992e-05
116778,0.001710848
116838,4.864e-06
116901,0.000218624
116944,0.000543488
116952,0.00146688
117020,0.00029184
117090,1.536e-06
117107,1.6128e-05
117178,9.728e-06
117312,2.56e-06
117327,1.3056e-05
117376,9.3952e-05
117384,3.712e-05
117427,0.000544768
117544,6.1184e-05
117656,3.584e-06
117762,3.84e-05
117777,4.6848e-05
117791,0.000274688
117907,4.8384e-05
117944,5.12e-07
117995,0.000589312
118157,3.2768e-05
118189,4.1216e-05
118250,1.9456e-05
118346,1.024e-06
118428,6.4256e-05
118489,6.9376e-05
118521,0.00035072
118566,0.000106752
118582,0.000120064
118697,5.4528e-05
118821,1.536e-05
118939,1.792e-06
118963,4.0192e-05
119118,3.2512e-05
119156,8.5248e-05
119164,0.000274688
119179,2.5088e-05
119198,0.000446464
119270,8.96e-06
119277,7.0144e-05
119308,0.0
119360,5.1456e-05
119393,0.000155904
119549,0.000161792
119572,4.6592e-05
119586,4.096e-06
119743,1.024e-06
119762,4.352e-06
119785,5.0176e-05
119808,4.224e-05
119897,4.1472e-05
119932,4.4544e-05
120006,1.792e-06
120058,3.0464e-05
120074,7.1424e-05
120108,5.632e-06
120124,3.0464e-05
120135,2.4832e-05
120176,1.6384e-05
120229,5.6064e-05
120252,0.000139264
120322,2.3296e-05
120339,3.2768e-05
120367,2.1504e-05
120387,2.304e-05
120389,0.000103168
120443,3.4304e-05
120517,8.32e-05
120538,2.0224e-05
120549,3.584e-06
120602,0.000101888
120625,6.8096e-05
120636,2.6112e-05
120750,6.4768e-05
120752,7.936e-06
120811,0.000108544
120836,3.5584e-05
120860,1.2032e-05
120918,2.1248e-05
120976,2.5856e-05
120981,0.000205568
121062,3.3536e-05
121099,2.048e-06
121137,2.56e-07
121187,3.3024e-05
121191,3.4048e-05
121209,1.1008e-05
121238,6.9632e-05
121262,2.2272e-05
121335,1.4336e-05
121409,2.4576e-05
121436,0.000790784
121583,3.4048e-05
121666,5.0432e-05
121717,7.0144e-05
121757,8.448e-06
121777,1.152e-05
121809,1.9968e-05
121825,6.912e-06
121851,1.024e-06
121858,2.7136e-05
121875,0.000217088
121898,8.3456e-05
121972,1.1776e-05
121982,1.28e-06
122011,7.5008e-05
122030,2.6368e-05
122098,8.704e-06
122150,3.9936e-05
122169,7.424e-06
122175,5.888e-06
122197,0.000411136
122241,0.000103168
122274,0.00048128
122357,4.1984e-05
122418,2.56e-05
122450,3.7376e-05
122551,2.0224e-05
122585,2.3552e-05
122592,1.5104e-05
122630,0.000340992
122698,2.3552e-05
122775,0.000172032
122815,2.2784e-05
122867,1.024e-05
122890,3.328e-05
122921,2.5856e-05
122958,4.6336e-05
122996,1.1008e-05
123004,2.3808e-05
123038,0.000111872
123073,0.000300544
123126,6.144e-06
123139,0.000145152
123154,0.000685312
123246,3.8144e-05
123289,1.4336e-05
123326,1.792e-05
123379,0.00224768
123461,8.704e-06
123467,3.7888e-05
123571,1.7152e-05
123748,2.56e-06
123751,0.000236544
123853,2.56e-07
123890,0.000110848
123939,1.6128e-05
123969,6.3232e-05
123983,0.000186624
124056,7.296e-05
124069,2.048e-06
124158,1.792e-05
124189,0.000434176
124259,3.3024e-05
124279,5.3248e-05
124321,0.000145152
124376,3.9424e-05
124392,4.5312e-05
124459,1.2544e-05
124491,0.009512704
124519,5.5552e-05
124582,1.6128e-05
124586,0.000411648
124614,0.000154368
124689,2.4064e-05
124733,3.9168e-05
124819,1.664e-05
124835,4.6336e-05
124884,2.048e-05
124949,0.000152832
124977,0.000308736
125027,1.9968e-05
125101,0.000108288
125106,0.000382976
125165,6.2464e-05
125209,0.000115712
125344,5.888e-05
125389,2.9952e-05
125461,5.376e-06
125469,1.152e-05
125484,1.6128e-05
125510,3.1232e-05
125599,2.56e-07
125704,1.1008e-05
125729,3.84e-06
125753,5.4016e-05
125781,0.001698048
125794,0.000622848
125819,0.002034432
126039,0.000549888
126069,3.1232e-05
126169,5.6832e-05
126190,4.608e-06
126242,1.28e-06
126272,4.48e-05
126364,1.0752e-05
126377,0.000111104
126474,4.4544e-05
126495,3.3536e-05
126502,2.9184e-05
126587,0.00026624
126615,8.0896e-05
126745,1.536e-05
126812,0.002565376
126878,5.2992e-05
126894,4.8896e-05
126915,2.1248e-05
127052,5.2736e-05
127078,2.8928e-05
127098,2.688e-05
127131,0.00011264
127167,9.216e-06
127185,3.3792e-05
127210,2.2784e-05
127312,8.7808e-05
127353,0.000341504
127358,0.000479232
127460,0.000112384
127483,0.00011008
127493,0.000633856
127578,7.424e-06
127642,3.072e-06
127648,4.4288e-05
127718,5.7344e-05
127760,9.856e-05
127798,2.1504e-05
127859,4.864e-05
127926,5.6064e-05
128061,0.000219136
128127,3.2768e-05
128164,0.001444352
128260,1.3568e-05
128294,3.7632e-05
128326,0.000485376
128378,4.5056e-05
128391,7.936e-05
128497,2.3552e-05
128507,1.28e-05
128523,1.8176e-05
128595,3.2768e-05
128630,3.4816e-05
128669,9.728e-06
128756,1.536e-06
128767,4.352e-06
128779,0.0038784
128864,5.5296e-05
128903,0.00016
128935,3.4816e-05
128986,1.6384e-05
129020,4.096e-06
129100,2.304e-06
129128,1.92e-05
129163,4.7872e-05
129181,8.0128e-05
129225,0.00026496
129301,3.6352e-05
129322,8.96e-06
129364,6.5792e-05
129377,7.0144e-05
129380,0.0025152
129454,9.9584e-05
129497,6.8864e-05
129511,1.024e-05
129587,2.0224e-05
129600,1.3568e-05
129632,0.001265152
129740,4.7616e-05
129800,2.9184e-05
129876,0.000112384
129897,4.0704e-05
129952,6.912e-06
129981,0.001696256
130061,7.0656e-05
130086,0.000880128
130118,6.9888e-05
130166,1.152e-05
130212,4.352e-06
130248,7.2192e-05
130267,8.5248e-05
130390,1.28e-06
130446,1.8688e-05
130478,0.000280832
130500,0.000598272
130502,0.002120704
130581,0.000109824
130603,0.000983808
130649,2.048e-05
130673,6.144e-06
130835,7.2192e-05
130862,3.9936e-05
130929,1.5616e-05
130973,2.56e-06
130975,3.4304e-05
131083,4.7616e-05
131104,9.088e-05
131160,2.3808e-05
131177,0.00052608
131217,0.000175872
131262,6.4e-06
131321,0.001942784
131389,0.00018048
131566,4.2752e-05
131575,3.4048e-05
131623,0.00015232
131672,5.76e-05
131698,5.0432e-05
131733,1.3568e-05
131781,0.00092288
131843,1.024e-06
131981,2.2528e-05
131994,0.000772352
132065,0.000553216
132132,1.8688e-05
132186,1.3312e-05
132195,1.6896e-05
132198,8.704e-06
132225,2.6368e-05
132231,4.48e-05
132278,4.4544e-05
132293,0.000102912
132343,8.192e-06
132364,2.5088e-05
132380,4.736e-05
132548,2.8928e-05
132586,0.000130304
132695,3.84e-06
132713,2.8416e-05
132814,1.792e-06
132880,0.0002368
132926,3.0208e-05
132947,0.000100352
132967,1.8944e-05
133006,7.6288e-05
133129,1.6896e-05
133137,9.216e-06
133166,1.1776e-05
133197,6.784e-05
133230,1.1008e-05
133281,3.84e-06
133287,2.816e-06
133311,3.3024e-05
133462,1.0752e-05
133503,0.000159488
133540,5.888e-06
133564,2.7136e-05
133579,4.224e-05
133588,5.4784e-05
133614,3.072e-06
133636,7.936e-06
133680,2.304e-06
133717,0.00021504
133749,2.6368e-05
133880,7.424e-06
133935,8.8832e-05
133953,0.000193792
134013,1.5104e-05
134037,1.7152e-05
134099,1.28e-05
134130,2.304e-06
134164,9.3184e-05
134178,1.6128e-05
134179,0.000187648
134181,0.001371136
134216,7.2192e-05
134246,0.000229888
134294,7.5264e-05
134346,0.000103936
134409,6.8864e-05
134434,1.3568e-05
134515,7.2448e-05
134576,3.1744e-05
134593,1.3824e-05
134725,9.984e-05
134732,0.00010112
134774,4.864e-06
134779,8.704e-05
134780,0.00189056
134879,7.1424e-05
134888,0.000151296
134926,6.4e-06
135016,9.8304e-05
135077,2.048e-06
135166,5.632e-06
135226,1.792e-05
135241,7.8848e-05
135265,2.9696e-05
135291,1.4592e-05
135316,3.8656e-05
135365,0.006964736
135439,3.2768e-05
135450,0.000103424
135467,6.4512e-05
135533,6.656e-06
135562,3.6352e-05
135607,5.12e-07
135655,2.0992e-05
135672,7.68e-07
135689,1.7152e-05
135776,1.1008e-05
135815,7.168e-06
135867,8.192e-06
135964,0.001270784
136007,6.6304e-05
136060,0.000280576
136189,3.7632e-05
136200,4.0448e-05
136361,0.000160768
136432,6.4256e-05
136443,3.6608e-05
136474,1.3568e-05
136478,5.6832e-05
136526,6.784e-05
136613,5.632e-06
136666,4.864e-06
136739,7.68e-06
136749,4.352e-06
136762,4.1728e-05
136783,3.6352e-05
136870,1.3824e-05
136878,0.000139264
136934,6.528e-05
136971,3.6864e-05
137038,1.9712e-05
137049,2.3296e-05
137088,9.472e-06
137108,6.4e-06
137135,2.688e-05
137179,0.000573696
137184,0.000379136
137247,4.3008e-05
137338,2.5856e-05
137355,1.024e-05
137373,3.84e-06
137375,0.00015872
137406,7.7056e-05
137473,4.096e-06
137492,3.6864e-05
137522,1.4336e-05
137578,9.0112e-05
137625,9.984e-06
137733,3.84e-06
137739,7.2448e-05
137744,4.5056e-05
137768,0.000193024
137817,3.5328e-05
137829,0.000295424
137895,9.6e-05
138243,2.7392e-05
138275,1.3568e-05
138304,2.048e-05
138332,5.632e-06
138378,7.3216e-05
138405,4.096e-06
138426,6.9376e-05
138507,0.000980736
138564,5.504e-05
138603,1.7664e-05
138668,2.7136e-05
138744,4.1472e-05
138781,4.6592e-05
138800,5.4016e-05
138876,7.1168e-05
138906,2.304e-06
138950,0.000215552
138984,6.144e-06
139010,0.000209408
139086,6.144e-06
139093,1.2032e-05
139119,7.5008e-05
139120,0.009526784
139186,3.328e-06
139201,7.5008e-05
139251,1.4336e-05
139290,3.328e-05
139321,9.8048e-05
139391,1.024e-06
139405,2.304e-05
139485,7.68e-07
139511,1.4848e-05
139518,0.00039808
139560,0.000101376
139575,2.304e-06
139629,0.000110848
139631,0.000117504
139667,3.328e-06
139733,3.7888e-05
139764,1.536e-05
139789,1.024e-06
139811,1.3056e-05
139875,9.472e-06
139941,9.216e-06
140044,5.376e-06
140178,5.0688e-05
140234,1.3824e-05
140309,0.00030976
140464,3.4816e-05
140491,0.00010112
140527,2.4832e-05
140560,1.0496e-05
140584,0.0
140615,5.7088e-05
140618,8.704e-06
140648,4.352e-06
140659,5.0688e-05
140689,0.00021632
140717,0.000303104
140764,8.2944e-05
140779,0.001491712
140840,0.000222208
140880,3.4304e-05
140892,2.56e-06
140928,5.632e-06
140957,2.176e-05
140976,1.024e-06
141006,4.7104e-05
141045,5.8624e-05
141069,1.9456e-05
141110,8.96e-06
141118,3.3792e-05
141146,4.9664e-05
141175,9.472e-06
141207,1.8944e-05
141226,0.000779264
141275,2.5344e-05
141297,0.000161536
141329,3.584e-06
141349,7.68e-07
141368,2.4064e-05
141374,0.000213504
141381,0.000201984
141392,0.000126464
141394,0.000163328
141487,4.352e-06
141556,3.584e-06
141567,5.12e-06
141573,8.704e-05
141614,4.864e-06
141661,3.84e-06
141673,7.8592e-05
141702,7.168e-06
141720,5.376e-05
141776,1.2032e-05
141796,0.00020224
141844,8.0128e-05
141864,1.536e-06
141899,8.6272e-05
141948,1.3312e-05
141965,6.7328e-05
141967,8.0384e-05
142058,0.000431104
142105,5.3248e-05
142148,9.984e-06
142245,3.968e-05
142323,0.000308224
142369,0.000297728
142426,0.000119808
142485,3.0208e-05
142513,6.656e-06
142526,1.28e-05
142553,0.00013952
142566,1.5616e-05
142588,0.002395392
142704,7.1936e-05
142766,1.5104e-05
142794,8.832e-05
142811,6.3744e-05
142889,3.4304e-05
142895,3.84e-06
142916,0.000127232
142966,8.704e-06
143097,3.2e-05
143103,0.000101376
143157,9.088e-05
143175,3.3024e-05
143177,0.000726272
143198,0.000145408
143245,0.00231168
143258,0.000634112
143306,4.608e-05
143347,7.68e-07
143586,1.5616e-05
143652,2.304e-05
143726,6.144e-06
143766,2.0736e-05
143771,3.9936e-05
143779,0.001104896
143859,1.2032e-05
143881,7.424e-06
143915,7.936e-06
143973,5.1456e-05
144026,6.144e-06
144044,0.001852416
144128,1.5104e-05
144225,8.192e-06
144245,3.4816e-05
144256,4.1984e-05
144292,1.1776e-05
144329,8.8064e-05
144360,2.5856e-05
144366,0.000114688
144476,7.8848e-05
144536,2.5344e-05
144563,3.8144e-05
144583,0.000141056
144629,2.048e-06
144632,4.6848e-05
144643,7.936e-06
144651,1.5104e-05
144704,0.000117504
144720,0.000235008
144739,1.536e-05
144774,8.96e-06
144867,3.4304e-05
144945,5.12e-07
144953,7.168e-05
145059,3.072e-06
145075,5.632e-06
145091,4.3264e-05
145140,1.3568e-05
145149,3.4048e-05
145192,5.376e-06
145199,6.4e-06
145230,0.000199424
145292,1.2544e-05
145372,1.5104e-05
145385,4.9152e-05
145475,9.728e-06
145512,0.000166656
145577,8.96e-06
145580,5.376e-06
145591,3.9936e-05
145615,4.352e-05
145630,4.0448e-05
145682,3.328e-06
145695,0.000154624
145732,1.6896e-05
145787,0.000144128
145825,1.664e-05
145866,7.3472e-05
146119,2.9184e-05
146156,5.8624e-05
146177,6.3232e-05
146208,5.632e-06
146271,7.5776e-05
146288,2.7648e-05
146334,3.2e-05
146361,7.8336e-05
146434,4.2496e-05
146443,0.00076288
146537,3.3024e-05
146564,1.8432e-05
146577,0.000824064
146592,0.000173824
146660,1.3312e-05
146667,1.792e-06
146713,1.1264e-05
146779,0.000163584
146861,3.3024e-05
146894,5.9904e-05
146942,0.000625408
147031,0.000566784
147085,1.664e-05
147127,1.3568e-05
147143,4.224e-05
147162,3.0464e-05
147203,7.68e-07
147207,1.3312e-05
147222,8.96e-06
147251,1.8432e-05
147274,2.3552e-05
147297,1.2032e-05
147350,2.176e-05
147368,5.632e-06
147378,6.5024e-05
147390,0.000799744
147481,6.144e-06
147546,2.048e-05
147570,0.000115968
147610,7.168e-06
147639,3.5072e-05
147661,5.12e-07
147677,2.0992e-05
147735,2.56e-07
147780,8.8064e-05
147806,2.5344e-05
147813,1.7664e-05
147840,0.000256768
147897,2.4576e-05
147927,1.9712e-05
147950,3.8656e-05
147977,3.2256e-05
148006,1.6896e-05
148050,9.472e-06
148073,0.000486144
148120,2.2784e-05
148156,1.9968e-05
148202,3.6608e-05
148227,2.4832e-05
148269,2.9184e-05
148273,6.4768e-05
148303,7.9104e-05
148331,2.816e-06
148371,0.000152832
148422,1.9456e-05
148494,3.584e-06
148566,4.3008e-05
148599,0.000228096
148667,5.2736e-05
148698,2.2784e-05
148718,3.5072e-05
148739,1.6128e-05
148810,4.864e-05
148820,4.736e-05
148879,3.7632e-05
148894,1.28e-06
148909,1.7664e-05
148954,7.424e-06
148965,5.376e-06
149023,6.272e-05
149125,7.6032e-05
149151,3.968e-05
149182,8.6016e-05
149184,0.00012928
149256,2.3296e-05
149270,2.6368e-05
149316,1.3312e-05
149340,2.7136e-05
149448,9.728e-06
149465,6.0928e-05
149486,4.0192e-05
149510,0.000119552
149556,1.3824e-05
149602,8.448e-06
149659,4.1472e-05
149664,6.6048e-05
149764,2.2016e-05
149765,1.8176e-05
149782,0.00038272
149820,1.8944e-05
149965,3.584e-06
150035,1.0752e-05
150152,2.0224e-05
150156,7.936e-06
150189,1.536e-05
150262,4.992e-05
150355,3.9168e-05
150383,9.1392e-05
150433,8.192e-06
150479,1.536e-06
150567,0.000167424
150628,0.000389888
150676,1.5104e-05
150687,3.328e-05
150732,6.272e-05
150844,2.8416e-05
150857,3.84e-06
150910,1.7152e-05
150928,1.92e-05
150975,1.3056e-05
150999,2.688e-05
151065,4.096e-06
151123,5.4016e-05
151156,2.7648e-05
151166,6.656e-06
151170,1.5872e-05
151222,5.888e-06
151231,1.8432e-05
151302,1.6384e-05
151325,0.000593664
151424,2.1248e-05
151487,2.9952e-05
151571,4.864e-06
151576,5.9136e-05
151579,3.072e-06
151635,1.3056e-05
151649,1.6896e-05
151673,2.9952e-05
151709,2.816e-05
151716,3.3024e-05
151769,0.000236288
151829,2.0736e-05
151871,1.024e-06
151937,3.072e-06
151959,1.1008e-05
151994,2.304e-06
152014,2.7904e-05
152031,3.8144e-05
152071,6.656e-06
152089,3.8912e-05
152114,2.0992e-05
152131,4.4544e-05
152177,0.00020096
152244,1.7408e-05
152382,3.6096e-05
152471,0.000272896
152500,2.6368e-05
152543,1.664e-05
152551,4.48e-05
152664,8.1408e-05
152743,2.304e-05
152764,0.016248064
152837,0.000121088
152960,5.376e-06
152993,1.4336e-05
153062,2.6624e-05
153081,3.2768e-05
153119,1.2288e-05
153149,2.8672e-05
153161,4.864e-05
153176,3.2512e-05
153203,0.000123648
153243,3.2512e-05
153264,1.1008e-05
153283,3.5584e-05
153287,2.7904e-05
153344,1.4848e-05
153364,1.152e-05
153380,5.4528e-05
153383,0.00023424
153430,2.816e-06
153456,4.096e-06
153500,8.704e-06
153507,4.9408e-05
153558,5.9648e-05
153585,9.728e-06
153590,0.000432896
153625,0.00011904
153650,0.000216576
153716,1.1776e-05
153756,4.864e-05
153792,2.56e-07
153989,1.8944e-05
154158,3.3024e-05
154182,4.096e-06
154200,1.28e-06
154258,1.28e-06
154304,1.3568e-05
154309,0.00061568
154536,2.4576e-05
154564,0.008007424
154693,8.2176e-05
154704,9.472e-06
154744,2.432e-05
154748,2.7392e-05
154785,1.1776e-05
155062,5.632e-06
155131,5.888e-06
155180,0.000142336
155202,3.712e-05
155230,5.1456e-05
155238,2.8416e-05
155273,2.0224e-05
155368,4.8896e-05
155411,5.12e-07
155462,3.1232e-05
155537,5.3504e-05
155597,1.024e-06
155704,3.0208e-05
155722,1.4592e-05
155778,1.9456e-05
155791,0.00020864
155810,9.2416e-05
155835,0.000125952
155873,4.864e-06
155892,1.408e-05
155902,1.408e-05
156065,4.096e-05
156114,0.000206592
156132,3.1488e-05
156255,4.2496e-05
156295,0.000382208
156350,2.816e-06
156366,2.3808e-05
156380,0.001899008
156498,0.000616192
156570,4.608e-06
156674,2.4576e-05
156714,9.4464e-05
156726,8.96e-06
156751,3.6352e-05
156771,3.584e-05
156800,2.3552e-05
156840,3.7888e-05
156904,1.792e-05
156915,8.4224e-05
156954,8.96e-06
156988,0.000284672
157035,6.4256e-05
157061,1.92e-05
157066,1.2544e-05
157083,1.92e-05
157116,8.2432e-05
157197,6.144e-06
157341,9.6e-05
157375,2.1504e-05
157465,1.536e-06
157488,3.6352e-05
157513,0.0001152
157575,0.000187648
157661,7.3472e-05
157721,4.864e-06
157744,5.12e-06
157809,1.6384e-05
157864,2.816e-05
157868,1.28e-05
157899,4.48e-05
158040,4.608e-06
158124,7.168e-06
158145,0.000256768
158175,2.4576e-05
158178,0.000278528
158182,6.912e-06
158186,0.00036736
158249,4.48e-05
158269,3.9168e-05
158303,5.3248e-05
158380,7.168e-06
158424,7.04e-05
158466,1.4592e-05
158615,2.8928e-05
158644,0.000154368
158707,6.1184e-05
158745,1.92e-05
158778,4.736e-05
158846,3.84e-05
158857,1.6896e-05
158895,1.2544e-05
158923,0.000508928
158975,1.7408e-05
158980,1.6384e-05
159051,1.1008e-05
159057,5.632e-06
159066,3.072e-06
159076,1.408e-05
159094,0.000394496
159194,5.8368e-05
159210,5.248e-05
159228,6.5024e-05
159269,1.536e-06
159294,1.024e-05
159326,3.3792e-05
159358,1.8688e-05
159375,0.000104192
159380,0.000620032
159463,5.12e-06
159529,1.4848e-05
159555,8.0896e-05
159603,5.9904e-05
159637,2.3808e-05
159662,6.4e-06
159783,2.048e-05
159788,5.888e-06
159857,1.6384e-05
159880,8.5504e-05
159906,2.432e-05
159964,0.000143616
160046,3.072e-06
160084,9.216e-06
160163,5.4272e-05
160234,7.168e-06
160238,6.144e-06
160337,3.4816e-05
160394,5.12e-06
160446,2.8672e-05
160561,2.0992e-05
160604,3.0464e-05
160680,4.352e-06
160705,2.7392e-05
160740,1.3568e-05
160777,0.000118272
160827,1.28e-05
160877,7.808e-05
160896,0.000311808
161026,2.4064e-05
161106,7.68e-07
161148,0.000202752
161213,0.000446208
161258,4.0448e-05
161272,3.2256e-05
161367,0.000140544
161382,5.4784e-05
161450,2.9952e-05
161518,5.6576e-05
161562,6.8096e-05
161736,2.4064e-05
161743,1.152e-05
161776,0.00034048
161783,0.000150528
161804,0.000472576
161926,6.0672e-05
161992,2.304e-06
162063,2.816e-06
162138,2.304e-06
162148,3.968e-05
162193,9.984e-06
162251,3.8656e-05
162305,1.8688e-05
162361,4.8384e-05
162378,0.000488192
162415,7.3216e-05
162478,0.000161024
162516,7.3216e-05
162563,9.728e-06
162577,7.8848e-05
162633,9.9328e-05
162663,2.7136e-05
162666,5.6832e-05
162783,3.84e-06
162824,3.1744e-05
162858,2.3808e-05
162896,3.328e-06
162994,3.328e-06
163040,2.0736e-05
163051,0.000912896
163181,7.68e-07
163184,2.5088e-05
163274,1.3568e-05
163311,5.3504e-05
163375,4.5312e-05
163444,4.096e-05
163497,0.000145664
163553,1.536e-05
163568,1.9712e-05
163731,1.28e-05
163743,7.168e-06
163818,1.2032e-05
163847,6.912e-06
163875,2.816e-06
163889,1.92e-05
163907,4.352e-06
163939,6.6304e-05
163974,1.664e-05
163999,1.5104e-05
164101,1.0752e-05
164135,6.0928e-05
164152,1.3312e-05
164181,8.1664e-05
164251,2.816e-06
164271,1.7664e-05
164310,6.6816e-05
164330,1.5616e-05
164394,6.144e-06
164472,8.96e-06
164502,6.912e-06
164526,0.000100864
164593,2.2528e-05
164630,1.0496e-05
164700,2.5344e-05
164710,2.8672e-05
164740,3.8656e-05
164763,8.3712e-05
164781,0.001751296
164795,0.000946944
164868,3.6352e-05
164886,1.792e-06
164913,1.024e-05
164940,8.7552e-05
165007,4.1984e-05
165060,2.9696e-05
165110,2.6624e-05
165181,4.0704e-05
165280,0.00033024
165335,0.00010368
165362,7.424e-06
165387,0.00184576
165504,7.68e-07
165517,1.1264e-05
165561,1.4848e-05
165571,7.68e-07
165610,2.56e-07
165661,3.3536e-05
165712,1.7408e-05
165732,1.024e-06
165737,2.816e-06
165783,6.9888e-05
165798,5.888e-05
165872,1.7152e-05
165877,0.000187648
165902,6.144e-06
165936,8.0128e-05
165964,4.7616e-05
165975,1.8944e-05
165985,1.1264e-05
165987,0.000246784
166000,0.000252928
166050,3.5072e-05
166065,2.176e-05
166117,5.5808e-05
166131,2.0992e-05
166154,4.1216e-05
166284,2.56e-06
166309,9.216e-06
166355,3.5584e-05
166392,2.56e-07
166398,4.608e-06
166420,1.2544e-05
166468,1.3568e-05
166474,1.92e-05
166482,2.56e-06
166489,4.224e-05
166576,0.000202752
166756,6.656e-06
166764,1.2288e-05
166778,1.152e-05
166797,4.5312e-05
166850,0.00037888
166900,5.632e-06
166973,4.2496e-05
167004,2.6368e-05
167015,5.9392e-05
167046,0.000106496
167078,4.1728e-05
167127,1.7664e-05
167146,0.000194048
167178,3.1232e-05
167186,0.000879104
167221,1.7664e-05
167282,1.3312e-05
167353,1.536e-05
167418,6.3744e-05
167464,5.888e-06
167479,4.352e-05
167519,3.5328e-05
167552,4.3008e-05
167569,0.00029952
167604,0.000317952
167638,7.68e-06
167735,5.12e-06
167767,1.28e-06
167782,0.003173376
167789,0.000699648
167893,0.000770304
167969,0.000449792
168012,2.7136e-05
168046,2.5344e-05
168058,0.000254464
168105,1.0496e-05
168146,0.000259584
168201,2.0224e-05
168220,1.3312e-05
168228,6.3488e-05
168252,1.3056e-05
168289,9.216e-06
168314,8.192e-06
168365,0.000130304
168404,2.048e-05
168439,2.6368e-05
168458,4.5568e-05
168508,3.712e-05
168542,4.9664e-05
168604,1.664e-05
168620,1.8432e-05
168717,5.888e-05
168812,4.5824e-05
168899,0.001182464
169044,0.000455168
169069,0.000735744
169143,3.84e-05
169183,1.28e-05
169208,3.1488e-05
169218,7.68e-07
169230,3.7632e-05
169243,3.2512e-05
169340,1.792e-06
169390,3.4048e-05
169496,4.5056e-05
169520,4.224e-05
169581,0.006043392
169667,0.000150016
169700,1.5104e-05
169856,5.248e-05
169943,1.024e-06
170017,5.888e-06
170060,3.2512e-05
170099,2.688e-05
170129,7.168e-06
170175,0.000721408
170208,0.000422144
170263,6.144e-06
170292,0.000101376
170323,3.8144e-05
170360,0.00029568
170451,0.000814336
170484,4.352e-05
170531,2.56e-07
170570,0.000128256
170669,6.2976e-05
170729,0.000114688
170759,1.4592e-05
170842,1.6896e-05
170870,0.00011008
170971,1.1008e-05
171040,1.5616e-05
171050,6.0416e-05
171087,8.192e-06
171104,7.04e-05
171109,6.5792e-05
171139,3.84e-06
171141,4.352e-06
171287,9.984e-06
171294,6.4512e-05
171312,1.6896e-05
171377,0.0001024
171383,0.000134912
171439,2.688e-05
171472,7.68e-06
171499,3.2256e-05
171508,1.0496e-05
171517,3.0208e-05
171566,3.8656e-05
171583,4.864e-05
171606,8.7808e-05
171656,7.7056e-05
171692,5.6576e-05
171725,0.00012288
171789,3.4304e-05
171814,2.7136e-05
171834,1.8944e-05
171869,8.448e-06
171916,4.352e-05
171944,1.4848e-05
171960,5.888e-06
172020,5.888e-06
172021,3.584e-06
172136,7.936e-06
172144,6.656e-06
172196,7.9616e-05
172226,3.84e-06
172264,2.7136e-05
172270,0.000116736
172290,1.9712e-05
172313,5.9136e-05
172321,5.376e-05
172428,5.12e-07
172504,1.9456e-05
172538,0.000160768
172566,3.4816e-05
172576,8.2176e-05
172633,1.8688e-05
172759,1.4848e-05
172765,6.7328e-05
172841,6.016e-05
172926,1.664e-05
172937,2.0736e-05
172951,5.76e-05
173009,2.56e-07
173029,0.000882688
173109,1.6896e-05
173153,6.9632e-05
173232,6.0672e-05
173267,1.4336e-05
173282,9.3952e-05
173338,2.0224e-05
173470,8.5504e-05
173491,2.944e-05
173503,3.9936e-05
173571,8.2944e-05
173686,1.8944e-05
173776,0.000141824
173815,0.00033536
173927,6.7328e-05
173971,0.000145408
174056,1.792e-06
174065,6.144e-06
174078,2.9696e-05
174131,7.424e-06
174143,3.4048e-05
174222,7.68e-07
174242,9.2928e-05
174270,0.000279296
174365,0.000150272
174367,0.00010752
174444,3.9936e-05
174492,0.000212736
174585,1.024e-06
174588,0.001248
174636,7.424e-06
174640,1.6128e-05
174692,7.68e-06
174702,0.00028544
174704,3.9168e-05
174732,8.4736e-05
174742,0.0001792
174752,0.000135168
174771,6.5024e-05
174792,8.8064e-05
174802,1.7408e-05
174812,0.000161792
174822,0.0001408
174842,5.504e-05
174852,0.000319488
174892,0.000294912
174912,0.00010752
174922,3.328e-06
174932,0.000163328
174942,0.00103296
174964,5.376e-06
174972,0.000145152
175002,0.000269056
175032,0.000376576
175042,6.9888e-05
175052,0.000253696
175082,0.000377088
175092,0.000104448
175132,8.576e-05
175142,8.448e-05
175172,0.000280832
175222,7.0144e-05
175242,0.000727552
175272,0.000357376
175292,0.000862976
175312,0.00094208
175322,0.00052096
175362,0.000395776
175415,1.536e-06
175422,7.3728e-05
175518,2.0992e-05
175541,0.000136704
175583,1.7152e-05
175615,3.712e-05
175644,4.0704e-05
175706,1.7152e-05
175726,1.2544e-05
175728,0.000671744
175795,3.584e-06
175984,5.12e-07
176008,1.1008e-05
176025,3.072e-06
176094,1.792e-06
176109,2.304e-06
176153,1.9712e-05
176168,1.024e-05
176178,3.3792e-05
176182,0.000223488
176220,7.6032e-05
176230,5.2992e-05
176266,2.8672e-05
176324,2.7904e-05
176336,0.000160512
176388,4.0448e-05
176413,3.0464e-05
176432,1.7152e-05
176543,3.3536e-05
176670,0.000303616
176717,0.000118528
176789,0.00014592
176881,4.1472e-05
176919,1.0496e-05
176992,2.304e-06
177057,3.0464e-05
177107,1.3568e-05
177114,3.84e-06
177179,1.8176e-05
177205,1.6128e-05
177260,2.56e-06
177314,2.944e-05
177361,1.1776e-05
177400,0.000218368
177451,3.328e-05
177539,4.0704e-05
177644,2.4576e-05
177734,1.6128e-05
177752,0.000118784
177782,0.000109312
177859,1.8432e-05
177891,5.888e-06
177928,3.2512e-05
177943,6.4e-06
178067,5.12e-07
178074,1.2544e-05
178083,3.584e-06
178133,3.2e-05
178235,1.8688e-05
178310,9.1136e-05
178322,0.000160512
178363,0.000150016
178393,1.3056e-05
178406,2.2784e-05
178433,9.472e-06
178494,5.12e-06
178542,0.000144128
178576,4.096e-06
178587,0.000104704
178595,6.2976e-05
178634,1.152e-05
178701,1.3056e-05
178740,4.7104e-05
178756,1.792e-06
178796,1.2544e-05
178983,1.3568e-05
179008,5.376e-06
179040,0.000105472
179098,6.5024e-05
179144,9.1648e-05
179164,1.536e-06
179175,6.7328e-05
179179,0.000158464
179202,0.000164864
179276,3.8656e-05
179376,1.024e-06
179393,2.9184e-05
179449,3.8912e-05
179505,1.28e-06
179511,1.3312e-05
179556,1.3312e-05
179575,2.2784e-05
179704,2.5856e-05
179738,1.1776e-05
179760,1.8176e-05
179762,0.000127232
179783,0.00128768
179789,0.001028864
179869,2.7392e-05
179896,7.68e-07
179977,1.024e-05
180058,1.1776e-05
180073,5.9904e-05
180098,6.5792e-05
180113,2.56e-06
180125,6.4e-05
180158,9.088e-05
180213,5.888e-06
180231,2.3296e-05
180380,9.088e-05
180572,4.864e-06
180648,7.68e-07
180657,9.728e-06
180736,1.536e-06
180770,6.8864e-05
180842,1.2288e-05
180972,4.7872e-05
180981,0.000119296
181077,3.4816e-05
181088,4.6336e-05
181134,1.8176e-05
181140,1.536e-05
181165,2.2528e-05
181206,0.000257536
181240,6.4e-05
181306,3.968e-05
181335,8.2688e-05
181380,5.0432e-05
181446,2.56e-07
181533,0.000562176
181570,3.2512e-05
181587,2.1504e-05
181698,1.024e-06
181750,4.224e-05
181779,3.7632e-05
181888,3.7376e-05
181893,3.328e-06
181950,7.424e-05
181973,9.728e-06
181998,8.704e-06
182016,3.328e-06
182050,1.28e-05
182062,7.7824e-05
182165,2.8672e-05
182197,0.00039808
182236,6.4512e-05
182267,5.2992e-05
182328,2.048e-05
182343,0.000193536
182390,4.608e-06
182433,0.000615936
182556,4.3264e-05
182580,7.168e-06
182712,1.536e-05
182776,3.5072e-05
182852,0.001668352
182894,3.6864e-05
182926,2.1504e-05
182955,3.072e-06
182993,4.352e-06
183006,1.3824e-05
183076,9.472e-06
183133,3.84e-06
183188,1.0752e-05
183207,0.000187136
183258,1.5872e-05
183310,9.472e-06
183316,8.2432e-05
183372,4.096e-06
183376,4.5312e-05
183380,0.000402688
183522,4.48e-05
183563,0.000599296
183633,1.0752e-05
183714,3.328e-05
183746,7.424e-06
183776,3.5072e-05
183805,7.168e-06
183826,0.000196096
183858,6.0672e-05
183888,1.8432e-05
183904,6.144e-06
183914,6.144e-06
183954,5.12e-06
183967,0.000109312
183977,4.1728e-05
183982,1.3312e-05
184036,0.000403456
184074,6.4e-05
184166,0.00013184
184215,1.8432e-05
184244,2.56e-05
184246,9.728e-06
184272,1.0752e-05
184277,0.0003968
184384,8.704e-05
184410,0.000755456
184452,0.000566784
184479,0.00015232
184511,5.4528e-05
184536,9.984e-06
184555,5.632e-06
184577,0.000142336
184623,3.84e-05
184704,0.00025216
184804,5.376e-06
184884,5.8112e-05
185015,3.2768e-05
185101,1.1776e-05
185144,1.792e-06
185171,1.3056e-05
185439,9.216e-06
185455,3.5584e-05
185483,2.7392e-05
185534,1.536e-05
185570,1.8432e-05
185641,0.000164864
185656,0.001283584
185730,0.00194048
185765,0.000181504
185766,0.000980992
185894,5.12e-07
185960,2.688e-05
186007,4.608e-06
186041,2.304e-05
186055,6.7072e-05
186118,2.7136e-05
186159,3.84e-06
186250,3.7632e-05
186289,7.168e-06
186349,2.5344e-05
186371,5.7856e-05
186379,0.000109056
186547,8.1408e-05
186556,4.3776e-05
186567,0.000438784
186613,3.9168e-05
186648,5.4272e-05
186673,0.000128512
186786,0.000164352
186959,2.56e-05
186964,0.001472512
187064,9.216e-06
187126,2.0736e-05
187158,3.3536e-05
187210,1.3568e-05
187216,1.2288e-05
187247,1.8688e-05
187371,4.608e-06
187433,0.000170496
187465,3.584e-06
187479,0.000145408
187509,1.5616e-05
187533,3.1488e-05
187548,2.4064e-05
187565,0.00143872
187653,0.000567296
187722,3.7632e-05
187736,0.000253696
187767,6.2464e-05
187793,1.7664e-05
187806,6.912e-06
187822,1.792e-05
187866,3.0464e-05
188030,3.072e-06
188063,1.3824e-05
188087,1.6128e-05
188119,3.072e-06
188160,6.1696e-05
188180,0.00012544
188225,4.7616e-05
188302,1.9968e-05
188319,0.00014976
188397,8.96e-06
188427,2.6112e-05
188446,1.536e-06
188523,0.000182016
188598,7.7824e-05
188626,4.0448e-05
188656,2.9696e-05
188682,4.352e-06
188695,0.000158464
188738,2.7648e-05
188781,0.000219648
188811,0.000545536
188835,0.000171264
188910,2.4064e-05
188936,7.68e-06
189000,0.000105472
189017,2.304e-06
189062,1.2544e-05
189102,3.456e-05
189149,1.8176e-05
189189,2.4832e-05
189226,1.024e-05
189248,1.792e-06
189298,2.9184e-05
189318,4.1984e-05
189384,5.12e-07
189430,6.3232e-05
189575,2.3296e-05
189595,6.0672e-05
189600,0.000100096
189683,1.8176e-05
189732,1.1776e-05
189795,8.4224e-05
189826,2.0736e-05
189870,3.9936e-05
189899,9.728e-06
189926,4.096e-06
189965,0.000970752
189980,0.000359936
189985,0.000354304
190041,0.000145664
190117,5.1968e-05
190181,0.000151296
190194,5.888e-06
190263,2.1504e-05
190276,0.000114432
190295,0.000171776
190353,4.1216e-05
190356,5.632e-06
190364,1.6128e-05
190377,0.00049792
190414,3.2e-05
190560,1.536e-06
190578,7.68e-07
190619,6.8096e-05
190673,4.8384e-05
190719,0.000269824
190766,5.9136e-05
190808,6.4e-06
190843,4.3264e-05
190899,1.7152e-05
190971,7.68e-06
190993,1.8944e-05
191017,2.176e-05
191075,2.2528e-05
191118,0.00012416
191218,8.0384e-05
191272,1.8688e-05
191313,3.2512e-05
191429,0.000108032
191494,5.888e-05
191515,3.3536e-05
191545,3.0208e-05
191671,1.1008e-05
191682,3.328e-06
191708,1.9968e-05
191738,5.376e-05
191775,0.00059264
191940,8.704e-06
191952,0.013632768
192044,3.328e-05
192052,1.28e-05
192083,3.84e-06
192127,4.096e-06
192144,9.472e-06
192164,8.704e-05
192174,0.00098304
192233,1.408e-05
192270,6.4e-06
192302,5.1456e-05
192333,7.68e-06
192411,5.376e-06
192474,7.68e-05
192616,4.7872e-05
192673,3.1744e-05
192734,1.28e-06
192802,4.1472e-05
192899,0.000105472
192912,7.68e-06
192922,5.504e-05
192965,2.816e-06
192983,0.00031872
193033,0.0
193105,1.3824e-05
193218,1.792e-05
193283,7.5776e-05
193355,4.864e-06
193416,5.12e-06
193428,1.664e-05
193446,4.1728e-05
193490,5.376e-06
193579,0.000197632
193651,1.3824e-05
193722,1.024e-06
193742,1.792e-06
193744,0.000136704
193770,3.0976e-05
193835,8.192e-06
193850,9.0368e-05
193859,3.2512e-05
193899,4.2752e-05
193993,9.728e-06
194033,1.9456e-05
194178,0.000339712
194204,6.6816e-05
194299,6.144e-06
194319,0.000187392
194352,5.888e-06
194365,0.000162304
194394,4.096e-06
194403,2.5344e-05
194455,8.192e-06
194541,4.096e-05
194590,0.000112128
194640,9.984e-06
194646,2.7136e-05
194736,7.2448e-05
194766,0.000100352
194776,9.7792e-05
194846,6.144e-05
194885,1.3056e-05
194890,5.12e-07
194940,1.5872e-05
194945,1.5616e-05
194998,2.56e-06
195067,1.024e-05
195083,2.56e-06
195102,1.2544e-05
195114,8.3456e-05
195142,2.688e-05
195211,1.3056e-05
195243,1.7664e-05
195365,4.5056e-05
195391,9.1392e-05
195410,3.072e-06
195452,1.2288e-05
195480,1.28e-06
195521,1.8688e-05
195578,1.28e-05
195687,9.216e-06
195697,0.000110848
195770,5.12e-06
195837,2.9952e-05
195936,1.7664e-05
195965,1.28e-05
195968,0.007116288
196040,1.2288e-05
196043,8.8832e-05
196081,6.656e-06
196096,6.144e-06
196154,1.1776e-05
196213,7.424e-05
196258,1.536e-06
196281,1.8176e-05
196327,1.152e-05
196366,6.2976e-05
196398,2.0736e-05
196486,3.0976e-05
196514,2.0224e-05
196601,4.736e-05
196702,2.4832e-05
196731,1.6384e-05
196762,1.664e-05
196811,5.632e-06
196911,3.1232e-05
196926,1.3312e-05
196931,6.2976e-05
197054,0.000121088
197075,2.7904e-05
197137,3.4816e-05
197165,2.56e-07
197179,4.0704e-05
197197,4.4544e-05
197304,3.2768e-05
197394,0.00069504
197552,1.2032e-05
197576,1.28e-05
197668,7.424e-06
197762,0.000365312
197791,0.003363584
197960,7.9616e-05
198037,1.024e-06
198041,3.6096e-05
198123,1.4848e-05
198176,7.68e-07
198191,4.8896e-05
198208,2.816e-05
198236,0.000173568
198274,1.8688e-05
198377,0.000238848
198386,3.968e-05
198456,1.6896e-05
198550,4.096e-06
198570,1.6896e-05
198584,9.216e-06
198683,3.328e-06
198697,1.28e-06
198861,1.2032e-05
198881,7.68e-07
198927,0.000282624
198929,0.000175872
198974,0.000132096
198977,0.001607936
199066,7.68e-07
199079,2.9952e-05
199086,2.56e-05
199138,0.000278016
199178,0.000114688
199233,0.000105728
199299,4.2496e-05
199319,0.00026752
199368,2.048e-06
199385,0.000247808
199447,0.0
199471,2.5856e-05
199488,9.6768e-05
199564,4.4288e-05
199584,0.00040064
199617,3.5072e-05
199684,8.9088e-05
199718,3.8656e-05
199737,6.7584e-05
199779,2.56e-05
199794,0.000411136
199936,0.000159488
200003,4.6848e-05
200050,7.7824e-05
200079,8.96e-06
200141,1.024e-05
200165,0.000162816
200199,2.3552e-05
200210,0.000227584
200236,3.6864e-05
200242,0.000321792
200299,1.2032e-05
200319,6.5536e-05
200338,1.1264e-05
200417,3.0208e-05
200502,0.000881152
200594,3.968e-05
200614,3.3792e-05
200620,0.000181248
200666,0.000709888
200692,0.000166912
200728,4.1728e-05
200743,7.168e-06
200778,0.00025472
200814,5.0688e-05
200842,2.304e-06
200858,1.6128e-05
200887,0.00013696
200964,7.3984e-05
201052,6.5792e-05
201098,2.6112e-05
201139,2.3552e-05
201193,0.000198912
201245,0.000229632
201253,0.000114944
201267,4.0704e-05
201286,5.12e-06
201302,6.4512e-05
201365,6.0672e-05
201375,5.2224e-05
201382,0.000517632
201451,6.5792e-05
201473,1.3568e-05
201522,1.0752e-05
201559,1.792e-05
201587,2.1248e-05
201632,3.84e-05
201641,4.48e-05
201751,5.7344e-05
201827,9.472e-06
201844,6.2976e-05
201884,1.28e-06
201921,4.352e-06
201951,3.712e-05
201984,0.000206848
201986,0.00036352
202037,2.048e-06
202044,0.000107776
202144,4.6848e-05
202161,1.28e-06
202206,3.5328e-05
202227,2.4832e-05
202267,3.84e-06
202281,3.0464e-05
202337,1.3312e-05
202365,1.8432e-05
202393,3.1488e-05
202463,2.8416e-05
202486,5.888e-06
202501,0.000192256
202537,1.5616e-05
202632,2.304e-06
202801,6.4768e-05
202864,7.168e-06
202955,3.84e-05
202988,3.84e-06
203000,3.584e-06
203025,1.1264e-05
203070,0.000219904
203164,2.816e-06
203167,1.3056e-05
203213,3.5328e-05
203272,1.3568e-05
203297,1.5104e-05
203361,5.9136e-05
203402,2.0736e-05
203413,6.0928e-05
203454,6.1184e-05
203514,3.0464e-05
203673,2.9184e-05
203703,3.0976e-05
203767,1.3312e-05
203783,0.01518464
203860,0.000518144
203881,3.4304e-05
203933,1.536e-06
203936,3.072e-06
203948,3.0208e-05
203986,7.424e-06
204014,8.192e-06
204046,0.000265728
204104,0.000124672
204251,3.4816e-05
204312,3.84e-06
204333,1.9456e-05
204364,2.56e-05
204371,0.000592896
204415,3.6608e-05
204457,1.1008e-05
204468,1.536e-06
204492,2.56e-07
204580,0.00060544
204649,7.7312e-05
204705,3.6864e-05
204710,1.2288e-05
204730,0.00010112
204740,0.000327424
204790,5.2224e-05
204810,5.376e-06
204820,0.000606464
204850,0.000374784
204870,5.12e-05
204890,0.000172544
204910,0.000237056
204930,6.5536e-05
204950,0.00018432
204960,8.0384e-05
204975,0.000219392
205010,6.8608e-05
205020,0.00025216
205040,0.000152064
205050,0.000883712
205070,0.000265728
205090,0.00014592
205100,0.00011776
205110,0.000119296
205116,0.010062848
205192,6.6048e-05
205222,1.7408e-05
205278,1.3568e-05
205373,1.664e-05
205405,8.3456e-05
205452,7.6032e-05
205499,1.024e-06
205516,1.4592e-05
205564,0.000114944
205578,0.000178176
205589,0.000182528
205638,8.704e-06
205657,5.2224e-05
205819,6.6816e-05
205832,7.168e-06
205874,7.168e-06
205886,4.6848e-05
205952,3.584e-06
205973,3.84e-05
206079,3.2512e-05
206142,1.536e-06
206156,2.2016e-05
206182,0.000109056
206189,0.000672
206280,0.000247552
206304,0.000133376
206330,3.072e-05
206356,0.000191232
206399,1.8176e-05
206436,7.6544e-05
206492,1.9456e-05
206508,5.7856e-05
206583,1.9456e-05
206605,3.84e-06
206661,0.0002688
206734,9.216e-06
206755,0.000150272
206765,9.5488e-05
206778,0.000132864
206781,0.020475904
206862,6.8352e-05
206895,5.4272e-05
206941,3.8656e-05
206968,2.176e-05
207089,5.7856e-05
207182,2.0992e-05
207202,7.68e-07
207214,5.632e-06
207215,0.000173056
207308,1.2032e-05
207344,4.5568e-05
207365,0.000853248
207419,0.000174592
207482,1.5104e-05
207520,7.5008e-05
207560,3.328e-05
207636,6.8096e-05
207691,0.000118272
207751,3.84e-06
207764,2.816e-06
207813,0.000462592
207933,2.3296e-05
207946,2.7136e-05
207984,0.000504832
208048,5.8112e-05
208093,7.936e-06
208105,3.8656e-05
208129,3.0208e-05
208240,4.48e-05
208291,1.28e-05
208294,1.536e-05
208337,2.048e-05
208405,2.816e-06
208444,2.4832e-05
208497,5.12e-06
208544,6.784e-05
208546,1.2544e-05
208575,0.000227584
208672,5.9392e-05
208736,6.6816e-05
208796,0.000686336
208851,1.0752e-05
208869,8.2944e-05
208920,4.8384e-05
208972,9.0624e-05
209037,2.6112e-05
209125,4.0448e-05
209155,0.000116224
209165,5.8112e-05
209166,5.2224e-05
209181,0.000200192
209217,6.6304e-05
209297,9.472e-06
209454,1.4336e-05
209486,7.168e-06
209555,1.4336e-05
209576,3.4304e-05
209641,1.792e-06
209647,3.4304e-05
209750,9.6512e-05
209792,3.8144e-05
209835,3.3024e-05
209844,8.192e-06
209877,8.9856e-05
209934,2.0736e-05
209937,2.7904e-05
210010,3.4048e-05
210077,2.9184e-05
210109,2.0224e-05
210138,6.656e-06
210186,4.992e-05
210259,4.608e-06
210260,2.56e-06
210287,0.000139264
210355,9.0112e-05
210360,6.2208e-05
210381,3.9936e-05
210470,3.1744e-05
210497,4.8384e-05
210516,3.584e-06
210546,3.84e-06
210573,1.9712e-05
210626,0.000111104
210656,6.6304e-05
210747,0.000175104
210782,7.68e-06
210814,3.0464e-05
210896,2.6112e-05
210916,1.024e-06
210920,1.28e-05
210944,8.448e-06
211018,1.92e-05
211063,2.8928e-05
211084,1.7152e-05
211151,3.7632e-05
211166,4.352e-06
211224,3.8912e-05
211246,4.096e-06
211252,6.7328e-05
211289,5.9392e-05
211319,0.000123136
211373,1.7408e-05
211389,8.1664e-05
211416,4.9152e-05
211422,0.000131072
211478,2.1504e-05
211526,7.424e-06
211578,0.0001152
211583,0.000296448
211585,0.000251392
211631,3.968e-05
211656,8.192e-06
211701,6.2464e-05
211754,0.000214784
211831,2.9952e-05
211846,1.152e-05
211851,7.168e-06
211911,0.000390912
212031,4.608e-06
212037,1.3312e-05
212165,0.000102656
212179,0.001294848
212190,0.001723904
212307,1.1264e-05
212322,4.2496e-05
212335,0.000402432
212374,4.0704e-05
212406,1.4592e-05
212420,0.000373248
212478,2.048e-05
212547,1.0752e-05
212581,5.0688e-05
212669,3.1744e-05
212702,1.9712e-05
212718,5.5296e-05
212746,1.0496e-05
212777,5.2224e-05
212781,0.001895936
212852,0.000519936
212903,4.4032e-05
212905,0.000519168
212963,2.6624e-05
212969,8.192e-05
213008,5.632e-06
213012,7.4752e-05
213127,0.000814336
213161,7.936e-06
213212,7.168e-06
213312,1.408e-05
213385,0.001121536
213406,0.000330752
213508,0.000105728
213551,1.024e-06
213600,9.9328e-05
213606,1.8944e-05
213730,1.408e-05
213769,0.000593664
213840,3.7632e-05
213858,1.2544e-05
213867,4.1984e-05
213889,7.1424e-05
213929,1.2032e-05
213946,3.5328e-05
213985,0.000321536
214029,6.2208e-05
214166,5.8368e-05
214203,3.5072e-05
214220,0.00059136
214283,4.6592e-05
214344,8.192e-06
214466,2.2272e-05
214548,0.000126208
214586,0.000225536
214660,2.9184e-05
214670,8.192e-06
214684,3.84e-06
214707,2.2528e-05
214743,1.792e-05
214780,5.6832e-05
214818,9.216e-06
214832,2.2784e-05
214913,9.6256e-05
214959,1.3056e-05
214994,1.4592e-05
215026,6.8096e-05
215076,9.984e-06
215175,4.8896e-05
215212,0.000202496
215269,1.4592e-05
215284,8.704e-06
215311,3.0976e-05
215355,3.8912e-05
215382,4.8896e-05
215460,6.656e-06
215597,4.6848e-05
215682,0.0001024
215735,1.792e-06
215752,1.9456e-05
215780,0.000355328
215792,0.001490688
215795,0.00837632
215880,4.864e-06
215955,5.632e-06
216057,2.56e-05
216239,3.0976e-05
216337,0.00011264
216487,6.144e-06
216571,2.6112e-05
216604,0.0002944
216648,8.96e-06
216734,3.0208e-05
216921,0.000369152
216983,3.072e-05
217007,5.632e-06
217028,8.8064e-05
217080,1.9712e-05
217140,3.2512e-05
217195,3.2512e-05
217270,3.9168e-05
217286,1.8688e-05
217298,0.000114432
217369,1.5104e-05
217404,7.1168e-05
217448,1.792e-05
217466,7.936e-05
217514,5.2736e-05
217544,2.3552e-05
217546,1.7152e-05
217581,1.2544e-05
217583,0.00425088
217648,2.56e-06
217701,0.000189184
217717,0.001281792
217776,0.000134912
217866,4.7616e-05
217966,6.4e-06
217968,3.584e-05
218060,2.048e-06
218079,5.6576e-05
218099,9.2928e-05
218117,7.68e-06
218121,0.000114176
218155,0.000541184
218176,4.864e-05
218247,0.000130816
218317,2.304e-05
218420,2.9184e-05
218457,0.000150016
218501,8.448e-06
218507,3.712e-05
218603,7.0144e-05
218640,2.048e-06
218833,4.7104e-05
218870,8.96e-06
218956,3.584e-06
219053,6.7584e-05
219099,5.376e-06
219119,9.1392e-05
219166,2.9184e-05
219176,8.8064e-05
219240,1.2288e-05
219294,8.3456e-05
219366,7.424e-06
219379,6.4e-06
219382,0.00035456
219519,1.9968e-05
219564,2.5856e-05
219588,8.704e-06
219607,2.048e-06
219659,5.12e-07
219672,7.424e-06
219681,3.9168e-05
219718,0.000156928
219758,6.144e-05
219777,3.7632e-05
219816,6.4e-06
219834,6.1952e-05
219953,1.8944e-05
219957,0.000679936
219983,0.000334592
220074,1.9712e-05
220120,0.000121088
220193,8.0128e-05
220263,4.9664e-05
220271,3.584e-05
220309,0.000667904
220353,8.9344e-05
220385,1.4848e-05
220507,3.7888e-05
220561,1.6128e-05
220565,3.4048e-05
220584,8.0384e-05
220636,0.000638208
220659,2.816e-06
220695,4.1728e-05
220805,7.68e-07
220919,7.0912e-05
220969,3.4048e-05
220988,6.0416e-05
221043,9.4208e-05
221068,3.584e-05
221077,8.2432e-05
221121,1.9712e-05
221164,1.8176e-05
221173,6.4512e-05
221175,9.6512e-05
221184,0.006100992
221292,3.328e-06
221394,0.000102656
221417,9.2672e-05
221456,6.144e-06
221500,3.328e-05
221528,2.4064e-05
221556,0.00016128
221612,1.2032e-05
221744,0.000176384
221765,0.000243968
221840,6.0928e-05
221857,3.7376e-05
221879,1.1264e-05
221909,2.1504e-05
221940,1.536e-05
221959,1.2544e-05
222169,4.608e-06
222257,7.424e-06
222333,1.6128e-05
222376,4.4032e-05
222380,7.2448e-05
222382,5.5552e-05
222499,7.1168e-05
222549,4.48e-05
222589,7.4496e-05
222625,2.0992e-05
222638,1.6128e-05
222662,2.5856e-05
222740,1.9712e-05
222779,4.608e-06
222853,0.000463616
222945,3.84e-05
222976,0.000932096
222984,0.000904704
223074,0.000116736
223192,3.328e-05
223238,4.0704e-05
223265,8.192e-06
223318,6.912e-06
223329,2.2528e-05
223346,1.3312e-05
223361,1.0752e-05
223377,1.792e-06
223437,9.728e-06
223481,3.6608e-05
223485,0.000107008
223515,8.2176e-05
223521,0.00026624
223565,0.00020736
223711,4.6592e-05
223845,4.096e-06
223876,1.3568e-05
223889,3.328e-06
223921,2.1248e-05
223933,6.144e-06
223959,4.5824e-05
223994,7.552e-05
224044,0.000193536
224101,1.0752e-05
224115,0.000881664
224165,0.000327424
224221,7.424e-06
224231,1.024e-06
224245,0.001824256
224353,5.5296e-05
224493,6.0416e-05
224590,8.8576e-05
224608,4.864e-05
224633,0.0001024
224753,1.3056e-05
224763,2.9184e-05
224766,9.3696e-05
224778,1.8688e-05
224845,0.000284416
224911,1.2032e-05
224917,0.000256
224958,1.024e-06
224975,0.000313344
225068,6.6816e-05
225108,4.2752e-05
225115,0.000132352
225172,1.28e-06
225184,1.0496e-05
225238,4.9408e-05
225298,2.1248e-05
225352,3.584e-06
225364,2.7648e-05
225365,6.656e-05
225443,5.76e-05
225448,5.2224e-05
225533,9.9072e-05
225573,3.0976e-05
225606,3.2256e-05
225624,1.6896e-05
225707,9.216e-06
225749,2.5088e-05
225794,1.2288e-05
225806,1.9968e-05
225966,0.000171264
225980,0.000295424
226025,4.4288e-05
226029,0.000644096
226040,0.000152832
226098,4.8896e-05
226167,1.6128e-05
226264,4.1216e-05
226310,7.3984e-05
226440,1.28e-05
226552,0.000141056
226584,0.000147456
226710,2.048e-05
226753,1.408e-05
226756,5.376e-06
226766,9.472e-06
226833,1.8944e-05
226865,3.5328e-05
226893,2.304e-05
226944,1.0496e-05
227046,9.472e-06
227089,2.6112e-05
227117,6.0416e-05
227179,0.00010368
227184,0.000629504
227238,4.352e-06
227323,3.6096e-05
227359,4.608e-06
227395,6.1696e-05
227447,0.000116224
227527,0.001752576
227571,1.664e-05
227651,8.448e-06
227690,1.1776e-05
227784,7.296e-05
227797,0.000179712
227867,7.3472e-05
227913,1.5616e-05
227960,7.68e-07
227988,4.1984e-05
228044,7.2704e-05
228130,3.1232e-05
228196,4.864e-05
228218,6.9632e-05
228260,0.00018432
228287,0.001758976
228365,4.1728e-05
228371,7.424e-06
228499,3.7888e-05
228514,6.2464e-05
228552,4.2496e-05
228578,1.4592e-05
228630,1.5616e-05
228659,1.3568e-05
228700,5.4272e-05
228723,5.2224e-05
228763,4.7872e-05
228844,4.608e-06
228879,1.792e-06
228964,0.001600256
229087,4.4288e-05
229095,0.000242432
229125,5.632e-05
229238,1.8944e-05
229268,9.472e-06
229427,2.2016e-05
229466,0.000195072
229581,0.00073728
229625,7.68e-06
229662,0.00010496
229879,2.1248e-05
229898,4.5056e-05
229964,6.656e-06
229973,5.12e-06
229993,0.00028672
230087,1.9456e-05
230116,4.5568e-05
230178,9.4976e-05
230215,7.68e-07
230225,3.4816e-05
230250,8.7808e-05
230325,8.8064e-05
230379,3.328e-06
230420,2.816e-05
230433,2.56e-06
230478,4.992e-05
230592,2.0992e-05
230615,0.000461568
230668,0.00011648
230715,5.2992e-05
230754,3.7376e-05
230765,0.002537472
231025,3.4816e-05
231030,7.8592e-05
231126,0.00011264
231166,0.00051456
231292,0.00020224
231331,3.5328e-05
231373,6.4e-06
231376,0.000118272
231506,2.176e-05
231507,4.5824e-05
231597,1.536e-05
231651,4.096e-06
231747,1.792e-05
231838,7.68e-07
231904,4.7104e-05
231966,0.000621824
231996,7.68e-06
232040,5.4272e-05
232094,4.224e-05
232127,1.792e-05
232158,4.7872e-05
232188,5.2224e-05
232230,8.448e-06
232344,0.000244224
232375,3.6096e-05
232426,3.0464e-05
232465,6.1952e-05
232563,1.536e-05
232565,2.048e-06
232582,4.9664e-05
232673,2.432e-05
232710,1.92e-05
232715,0.000449024
232780,2.2016e-05
232795,0.00012416
232838,0.00020992
232910,2.3296e-05
232995,2.3296e-05
233046,1.0496e-05
233059,3.0464e-05
233107,3.584e-06
233122,0.000554752
233159,9.472e-06
233181,0.000851968
233244,1.5872e-05
233258,0.000573952
233304,0.000209408
233384,4.608e-06
233453,1.92e-05
233496,1.2544e-05
233531,4.1728e-05
233538,0.000662272
233602,1.1776e-05
233636,0.000108032
233694,7.936e-06
233745,8.704e-06
233765,9.6768e-05
233783,0.000464896
233796,0.000248576
233814,7.5264e-05
233854,7.9872e-05
233907,1.1264e-05
233931,3.0208e-05
233956,1.3824e-05
233982,0.000113664
234035,7.168e-06
234041,0.0001344
234147,4.4544e-05
234220,1.0496e-05
234237,7.168e-06
234252,7.808e-05
234320,1.28e-05
234385,0.0001088
234400,1.8688e-05
234417,8.704e-06
234505,8.7808e-05
234546,5.9648e-05
234597,0.000306432
234631,7.3472e-05
234680,5.0944e-05
234782,3.0464e-05
234834,2.56e-07
234851,5.376e-06
234928,0.00024448
234976,5.5296e-05
234993,5.632e-06
235011,6.1184e-05
235076,4.608e-06
235080,1.8944e-05
235098,6.5536e-05
235126,4.2496e-05
235143,3.2e-05
235177,0.000133888
235323,4.5568e-05
235354,0.00010624
235434,8.96e-06
235476,0.0001344
235508,0.000107776
235556,6.9376e-05
235564,2.304e-06
235576,0.000682496
235641,0.000102912
235658,1.28e-06
235710,3.6864e-05
235730,0.000101376
235830,6.5536e-05
235937,1.0496e-05
235987,2.6112e-05
236006,1.28e-05
236032,1.6128e-05
236040,0.001220608
236106,5.632e-06
236124,1.6384e-05
236137,2.2272e-05
236179,0.00021248
236182,0.000260096
236238,2.6112e-05
236320,3.2768e-05
236447,7.1168e-05
236476,1.024e-06
236485,1.6384e-05
236506,0.000519168
236562,0.000195584
236620,1.8432e-05
236652,5.1968e-05
236678,4.6592e-05
236765,0.000193536
236809,0.000287232
236838,3.3536e-05
237016,8.192e-06
237033,2.048e-05
237045,1.92e-05
237059,0.0
237096,9.472e-06
237155,2.3808e-05
237196,3.328e-05
237227,8.192e-06
237298,1.0496e-05
237303,7.936e-06
237314,0.000209664
237379,0.000580608
237419,3.328e-05
237444,6.144e-05
237455,0.000101888
237470,8.96e-06
237560,2.9952e-05
237596,2.3552e-05
237616,2.0736e-05
237708,1.024e-05
237763,6.5536e-05
237809,4.096e-05
237836,1.9456e-05
237972,0.013181696
238111,4.096e-06
238161,1.024e-05
238169,1.792e-05
238185,0.000158976
238280,4.5056e-05
238296,5.1712e-05
238330,4.352e-06
238359,4.992e-05
238389,1.8176e-05
238410,5.376e-06
238430,8.4224e-05
238501,7.3472e-05
238512,2.048e-06
238524,0.000347648
238565,0.000137472
238625,9.0624e-05
238705,1.28e-05
238752,1.3824e-05
238797,2.56e-07
238828,0.00029952
238854,8.2944e-05
238954,4.0192e-05
238982,0.000280832
239085,2.0992e-05
239130,3.2512e-05
239181,9.1392e-05
239204,1.28e-06
239229,5.632e-05
239308,5.248e-05
239359,4.6336e-05
239394,0.000129792
239449,3.1488e-05
239515,1.408e-05
239551,5.888e-05
239601,1.3312e-05
239648,5.12e-06
239668,3.0976e-05
239697,3.2256e-05
239766,5.2224e-05
239772,2.9952e-05
239778,0.000147968
239817,0.000506112
239870,0.000132352
239901,1.0752e-05
239959,4.096e-06
239991,2.048e-05
240007,5.888e-05
240088,2.2272e-05
240112,2.6112e-05
240172,2.3808e-05
240217,0.000511488
240253,7.168e-06
240300,0.000171264
240322,0.000288256
240346,2.0736e-05
240376,0.000323328
240411,1.9968e-05
240456,6.656e-06
240500,9.6768e-05
240515,1.4336e-05
240552,0.00016
240632,2.7136e-05
240676,3.6096e-05
240701,1.5872e-05
240702,0.00033792
240776,2.6112e-05
240855,0.000549632
240869,0.000365568
240890,9.9584e-05
240927,5.888e-06
240978,3.7888e-05
241058,1.8688e-05
241066,1.6896e-05
241149,0.000121088
241269,5.12e-06
241296,3.2e-05
241339,5.248e-05
241452,6.1184e-05
241483,4.864e-06
241505,2.4576e-05
241518,5.1968e-05
241586,5.12e-06
241588,0.000156672
241593,0.000500992
241654,4.9664e-05
241690,0.000410624
241766,0.000126208
241825,3.584e-06
241879,8.448e-06
241950,3.2768e-05
241992,0.001039616
242079,4.0448e-05
242094,0.000237312
242181,0.000540928
242223,4.3776e-05
242255,0.000299776
242396,5.4016e-05
242463,0.000436736
242560,2.688e-05
242580,1.0752e-05
242605,1.2032e-05
242640,5.12e-07
242669,2.048e-06
242730,9.984e-06
242765,5.76e-05
242782,0.000770816
242869,3.84e-06
242920,3.072e-05
242946,0.00214272
243039,5.4528e-05
243112,1.8176e-05
243150,1.4336e-05
243201,1.7152e-05
243259,1.8432e-05
243313,6.8608e-05
243383,3.1488e-05
243400,0.00015104
243444,7.68e-06
243481,3.2512e-05
243564,7.9104e-05
243733,2.56e-05
243837,8.96e-06
243846,1.1264e-05
243871,3.1488e-05
243900,6.6048e-05
243917,7.3984e-05
243941,6.144e-06
243961,8.6016e-05
244007,3.072e-06
244057,8.192e-06
244112,5.248e-05
244122,0.00015232
244176,6.1952e-05
244304,5.12e-07
244314,1.9712e-05
244348,0.00011264
244379,1.9712e-05
244447,8.96e-06
244449,5.6576e-05
244515,6.4e-06
244580,1.4592e-05
244672,0.000111104
244689,3.5584e-05
244743,2.816e-05
244790,0.000385536
244902,0.000134912
244981,1.2288e-05
244986,1.0496e-05
245057,6.144e-06
245076,1.152e-05
245125,0.001728
245162,0.000102656
245196,5.12e-07
245260,5.888e-06
245294,2.3296e-05
245371,4.9664e-05
245408,2.56e-07
245422,1.1008e-05
245426,8.2432e-05
245464,7.7568e-05
245493,1.5616e-05
245544,4.6336e-05
245558,2.56e-07
245662,6.4e-06
245665,1.536e-05
245756,6.656e-06
245769,0.000138496
245781,9.8304e-05
245861,5.12e-07
246014,1.9712e-05
246060,5.376e-05
246065,1.3568e-05
246154,0.000396544
246189,1.7152e-05
246205,0.000237568
246246,7.168e-06
246248,2.8928e-05
246289,1.3568e-05
246315,1.0496e-05
246321,0.000151552
246357,7.9616e-05
246397,2.3296e-05
246454,0.000104448
246469,0.001350656
246494,2.56e-07
246532,2.2784e-05
246589,0.000132608
246609,1.5616e-05
246787,7.0656e-05
246857,6.2464e-05
246867,7.9872e-05
246932,1.024e-06
246952,5.632e-06
246994,8.7808e-05
247039,3.5584e-05
247074,0.001788416
247102,7.3984e-05
247112,7.296e-05
247160,8.704e-06
247183,3.1488e-05
247214,0.000108544
247235,6.1184e-05
247330,2.9952e-05
247399,1.792e-05
247446,7.7568e-05
247484,3.072e-06
247544,3.3792e-05
247553,8.7296e-05
247590,5.632e-06
247635,8.192e-06
247651,8.4224e-05
247806,1.6896e-05
247820,0.000743168
247845,1.1264e-05
247850,0.00072704
247942,5.1968e-05
247987,2.3808e-05
248027,7.424e-06
248039,8.96e-05
248121,5.12e-06
248152,2.9696e-05
248167,3.2768e-05
248195,0.001585152
248265,6.4256e-05
248369,1.8176e-05
248392,7.68e-07
248403,2.56e-06
248405,2.0992e-05
248522,3.9424e-05
248544,1.7152e-05
248579,3.4816e-05
248614,3.584e-06
248635,1.536e-05
248679,9.984e-06
248752,4.4544e-05
248773,1.4848e-05
248780,0.001341184
248846,3.584e-06
248852,1.2544e-05
248880,4.4032e-05
248913,3.072e-05
248926,1.536e-05
248946,7.0656e-05
248981,3.0208e-05
249043,2.304e-05
249067,1.152e-05
249118,6.4e-06
249215,1.6384e-05
249238,0.0
249241,8.9344e-05
249262,0.000314368
249325,0.000274432
249372,3.072e-05
249375,5.376e-06
249394,0.000695296
249438,2.6112e-05
249483,0.000111872
249544,3.7632e-05
249566,5.888e-06
249606,7.7824e-05
249624,9.216e-06
249674,3.4304e-05
249757,1.5872e-05
249775,3.1744e-05
249821,3.712e-05
249834,0.000154112
249914,3.8912e-05
249915,9.7024e-05
249937,0.000167936
249975,0.00013312
249984,0.000124672
250047,1.0496e-05
250063,6.4e-06
250102,9.216e-06
250157,2.0224e-05
250192,0.000289024
250281,5.8624e-05
250333,3.84e-05
250370,5.2224e-05
250483,1.9456e-05
250486,1.792e-06
250526,5.5296e-05
250576,7.9616e-05
250586,4.5056e-05
250692,0.000121856
250744,2.304e-06
250771,1.8944e-05
250799,1.8432e-05
250835,2.2016e-05
250874,0.000124672
250944,5.6576e-05
250995,1.152e-05
251049,2.8416e-05
251088,7.68e-07
251111,3.7888e-05
251120,4.5056e-05
251225,6.7328e-05
251268,4.864e-06
251337,2.56e-06
251368,9.6512e-05
251391,4.864e-06
251434,3.968e-05
251473,2.6112e-05
251480,2.0736e-05
251525,1.6896e-05
251579,4.8128e-05
251622,8.192e-06
251638,1.8944e-05
251693,4.9664e-05
251720,3.4304e-05
251769,0.00060544
251777,3.3792e-05
251784,0.000686336
251856,0.000664576
251994,9.5488e-05
252049,6.912e-06
252194,0.000223744
252356,2.7392e-05
252357,9.1648e-05
252365,0.00086784
252470,2.2528e-05
252512,4.864e-06
252514,1.6384e-05
252578,9.984e-06
252612,4.2496e-05
252661,2.6624e-05
252731,7.2448e-05
252746,4.224e-05
252842,2.304e-06
252924,6.1696e-05
252967,0.00286208
252991,0.000501504
253101,5.888e-06
253168,2.4576e-05
253210,7.424e-06
253223,4.1216e-05
253238,0.0
253323,4.4288e-05
253375,9.984e-05
253433,5.376e-06
253500,3.456e-05
253521,2.56e-06
253535,7.936e-06
253554,4.7104e-05
253646,4.096e-06
253647,4.6848e-05
253713,5.376e-06
253844,5.12e-07
253882,2.304e-06
253913,2.5856e-05
253980,3.1744e-05
254033,1.792e-06
254085,2.9696e-05
254132,4.48e-05
254166,4.3008e-05
254176,4.352e-05
254207,0.000152832
254248,5.248e-05
254275,3.456e-05
254321,4.096e-06
254373,3.0208e-05
254456,6.016e-05
254497,1.28e-05
254538,0.00081152
254646,2.304e-06
254666,2.56e-06
254697,2.56e-07
254729,0.0001216
254764,6.528e-05
254786,0.000723712
254834,1.2544e-05
254927,9.216e-06
254928,1.6896e-05
254938,1.5872e-05
255010,4.096e-06
255019,7.68e-07
255092,5.632e-06
255155,4.864e-06
255224,1.92e-05
255246,3.7376e-05
255330,1.7408e-05
255335,1.4336e-05
255376,0.001898752
255431,3.0464e-05
255446,5.2736e-05
255490,5.888e-06
255580,1.0496e-05
255627,0.000182784
255669,1.5872e-05
255686,2.5344e-05
255728,0.000164096
255779,9.856e-05
255957,5.7088e-05
255982,7.0144e-05
256069,4.8896e-05
256112,7.0144e-05
256189,9.984e-06
256201,2.3296e-05
256218,4.096e-06
256293,0.000120832
256334,8.448e-06
256376,5.632e-06
256380,2.4832e-05
256406,2.3808e-05
256448,6.7584e-05
256516,1.0752e-05
256580,0.00013696
256646,2.816e-06
256705,7.8592e-05
256749,4.1216e-05
256769,5.6832e-05
256842,2.0736e-05
256863,8.192e-06
256906,2.048e-06
256924,2.7648e-05
256962,2.8672e-05
256985,1.024e-05
257009,1.3056e-05
257097,7.936e-06
257164,2.4832e-05
257197,0.000543744
257245,7.168e-06
257260,1.6896e-05
257267,1.7408e-05
257275,9.8816e-05
257297,4.6592e-05
257319,2.3296e-05
257358,5.1968e-05
257405,6.6048e-05
257420,1.3568e-05
257437,2.7392e-05
257457,2.56e-07
257500,4.7104e-05
257511,1.9456e-05
257590,6.0928e-05
257635,2.4576e-05
257706,6.912e-06
257707,2.8672e-05
257754,4.1216e-05
257778,0.000137984
257783,0.002219776
257855,2.048e-06
257874,6.656e-06
257916,7.5776e-05
257960,0.000140544
257996,9.728e-06
258219,0.000985088
258298,6.144e-06
258321,3.84e-05
258355,1.536e-06
258389,8.2944e-05
258486,4.4032e-05
258538,1.6128e-05
258582,0.001051904
258724,3.6864e-05
258741,3.328e-06
258779,0.000103936
258793,1.28e-06
258827,4.1472e-05
258841,5.888e-05
258989,0.000174336
259082,9.1904e-05
259126,1.0752e-05
259154,9.2416e-05
259206,2.9952e-05
259254,3.9168e-05
259281,5.5808e-05
259293,2.9696e-05
259342,3.84e-06
259382,1.2544e-05
259397,1.408e-05
259417,3.584e-06
259456,1.664e-05
259502,2.5856e-05
259510,5.1968e-05
259560,5.888e-06
259576,6.144e-05
259591,0.006046208
259623,0.000274176
259766,1.8176e-05
259852,5.3248e-05
259858,6.4e-06
259935,0.00016
259963,0.004836864
260132,2.432e-05
260156,0.000244992
260180,0.000481792
260237,0.00024448
260276,2.8416e-05
260339,3.072e-05
260387,2.56e-07
260398,5.12e-06
260483,8.96e-06
260539,5.632e-06
260581,5.376e-05
260609,4.864e-06
260665,7.68e-07
260680,0.0
260734,1.0496e-05
260764,7.2448e-05
260821,0.000218112
260867,0.00096384
260973,0.000323072
261055,3.8144e-05
261186,1.7664e-05
261210,7.9616e-05
261274,9.2416e-05
261279,0.000276736
261330,5.8624e-05
261366,0.000864256
261382,0.000605184
261413,2.9952e-05
261414,0.001273856
261475,3.3536e-05
261500,0.000821504
261534,4.9408e-05
261573,3.9936e-05
261622,0.000190976
261672,6.4e-06
261676,1.8432e-05
261703,2.5856e-05
261718,7.168e-06
261737,4.352e-06
261749,1.8176e-05
261770,0.000407552
261811,4.6848e-05
261851,2.8928e-05
261904,4.096e-06
261936,1.9968e-05
261944,4.352e-06
261959,7.7312e-05
261977,2.7392e-05
261979,8.1664e-05
262018,4.2496e-05
262061,8.704e-06
262103,2.56e-07
262273,3.84e-06
262313,3.6096e-05
262351,1.5872e-05
262363,8.448e-06
262436,9.728e-05
262483,3.584e-06
262526,0.0002432
262553,0.000313856
262560,9.984e-05
262579,0.00934144
262643,0.000191744
262673,0.000178688
262693,0.000209152
262703,0.00052864
262713,0.000150528
262733,5.2224e-05
262743,5.6832e-05
262763,8.1152e-05
262773,0.000213248
262793,0.000132864
262823,0.000141568
262833,0.00025216
262843,9.088e-05
262853,7.3216e-05
262863,0.0001792
262883,0.000106752
262903,0.000130816
262913,0.000483328
262943,0.000284928
262953,0.000264704
262983,0.0004608
263013,0.001051648
263023,5.2224e-05
263053,0.000355072
263063,0.000375808
263073,2.7392e-05
263083,0.000352768
263133,0.000576
263143,8.6272e-05
263163,0.000169472
263173,7.8592e-05
263177,0.001781504
263213,3.7888e-05
263253,0.000508928
263263,0.000431616
263313,9.216e-06
263323,0.000226816
263330,0.000333312
263378,1.1008e-05
263455,0.000149248
263518,5.6576e-05
263553,9.472e-05
263563,4.608e-06
263607,0.000205824
263707,1.792e-06
263765,0.0002304
263789,1.7664e-05
263792,0.000575744
263842,9.216e-06
263856,8.6272e-05
263884,4.8896e-05
263912,8.448e-06
263960,1.9712e-05
263991,6.1952e-05
263998,2.9184e-05
264010,0.000129792
264058,8.2432e-05
264105,1.6128e-05
264288,0.000604672
264322,1.8944e-05
264357,1.6128e-05
264366,0.000711936
264390,7.8336e-05
264455,3.1744e-05
264478,5.1712e-05
264565,0.00013952
264613,1.408e-05
264621,9.216e-06
264676,2.5344e-05
264743,1.3312e-05
264813,2.56e-06
264822,1.7664e-05
264832,2.4832e-05
264850,4.4032e-05
264881,2.2784e-05
264910,3.328e-05
264924,3.4816e-05
264937,0.000843776
264966,0.000126976
264983,3.2e-05
265017,1.3056e-05
265053,9.728e-06
265070,6.1696e-05
265086,6.656e-05
265289,0.0002304
265332,0.000356352
265409,1.536e-06
265426,4.608e-06
265521,3.5072e-05
265557,2.432e-05
265577,2.8928e-05
265612,3.1744e-05
265657,2.8672e-05
265675,3.1488e-05
265797,7.3728e-05
265831,1.792e-05
265859,1.2288e-05
265883,6.272e-05
265924,1.792e-05
266065,4.3776e-05
266123,4.2496e-05
266153,9.3952e-05
266165,0.000138752
266173,8.4224e-05
266177,0.00049536
266185,0.000650496
266264,4.4288e-05
266362,1.1264e-05
266427,1.3312e-05
266502,5.376e-06
266508,9.216e-06
266567,2.0992e-05
266614,0.000194048
266676,5.888e-06
266781,0.000356864
266837,0.000128
266872,2.56e-07
266907,9.472e-06
266908,0.00045568
266954,4.5056e-05
266976,5.376e-06
267025,2.048e-06
267084,4.6848e-05
267109,5.12e-06
267206,3.9168e-05
267270,3.328e-06
267279,4.4032e-05
267280,6.7072e-05
267322,1.4336e-05
267326,0.0002112
267386,0.0009024
267488,4.5312e-05
267620,4.864e-06
267664,0.002255616
267754,7.7056e-05
267893,3.8144e-05
267920,1.7152e-05
267951,1.664e-05
267986,2.9952e-05
267994,3.0208e-05
268033,2.7904e-05
268047,1.9456e-05
268124,2.4064e-05
268131,2.6112e-05
268157,4.5312e-05
268198,1.6384e-05
268287,0.000446464
268385,1.4336e-05
268399,2.048e-06
268451,2.304e-06
268523,1.408e-05
268578,2.816e-06
268595,1.1008e-05
268610,3.2768e-05
268641,5.4016e-05
268750,1.2032e-05
268790,0.000281856
268830,2.2272e-05
268840,5.376e-06
268894,5.632e-06
268926,0.00070272
269012,2.6368e-05
269023,8.32e-05
269076,0.00014464
269153,1.4592e-05
269162,0.000155136
269183,0.00074496
269229,2.4064e-05
269264,0.000111872
269297,9.984e-06
269419,3.8656e-05
269525,3.84e-06
269646,4.608e-05
269660,1.024e-06
269765,7.1168e-05
269782,0.000468736
269800,7.0912e-05
269838,0.000248064
269886,1.3824e-05
269982,1.024e-06
269988,7.9104e-05
270027,1.4848e-05
270079,1.9456e-05
270111,0.000136192
270250,6.144e-06
270296,3.3536e-05
270364,3.84e-06
270376,0.000561664
270388,0.000179712
270492,2.7904e-05
270604,0.000114432
270757,1.3312e-05
270766,1.5872e-05
270800,3.328e-05
270898,3.84e-06
270916,0.000193792
270959,1.024e-06
270964,2.2784e-05
270965,0.000361728
271087,4.5056e-05
271111,0.00086912
271207,3.1232e-05
271307,6.4768e-05
271336,6.3744e-05
271365,7.168e-05
271426,6.2976e-05
271479,1.92e-05
271533,2.1504e-05
271574,6.4e-06
271578,0.000157952
271610,0.001106944
271681,6.8864e-05
271730,0.000182784
271773,2.816e-05
271806,7.68e-07
271880,1.1008e-05
271886,2.56e-07
271963,1.0752e-05
271982,7.68e-07
272067,8.32e-05
272089,3.4816e-05
272101,4.864e-06
272176,0.00015744
272210,3.5072e-05
272216,9.984e-06
272281,2.048e-06
272292,3.584e-06
272355,1.3056e-05
272394,4.5312e-05
272427,9.9584e-05
272511,1.536e-06
272647,4.1728e-05
272675,0.000134912
272720,3.328e-05
272754,0.000845312
272782,0.00019712
272786,0.000376064
272827,4.4288e-05
272891,2.944e-05
272923,1.3824e-05
273020,1.92e-05
273092,2.5344e-05
273166,1.3824e-05
273168,1.536e-06
273226,1.152e-05
273232,1.664e-05
273242,0.00018048
273288,4.096e-06
273311,2.816e-05
273350,3.9936e-05
273357,4.8384e-05
273376,0.000699648
273427,4.48e-05
273511,0.000230656
273544,1.5104e-05
273611,1.5872e-05
273654,0.000480512
273670,0.00043776
273738,2.048e-06
273744,4.096e-06
273786,9.472e-06
273870,1.7664e-05
273900,3.072e-06
273982,1.1776e-05
274088,1.2032e-05
274102,0.000155392
274140,4.608e-06
274180,3.84e-05
274200,4.8384e-05
274245,6.0672e-05
274252,1.792e-05
274304,2.2272e-05
274382,2.9696e-05
274388,0.000678912
274450,1.2544e-05
274454,1.7408e-05
274468,5.888e-06
274541,3.968e-05
274563,3.0464e-05
274625,8.832e-05
274652,0.000282624
274703,1.0496e-05
274756,6.4e-06
274758,2.432e-05
274820,8.192e-06
274828,0.0
274910,3.8656e-05
274944,1.792e-06
274974,4.3264e-05
275037,2.048e-05
275061,2.7392e-05
275135,1.92e-05
275154,6.912e-05
275245,5.9136e-05
275294,1.0496e-05
275321,9.2672e-05
275409,1.664e-05
275502,7.68e-06
275513,0.00036224
275551,4.5824e-05
275576,0.000209152
275646,1.92e-05
275655,0.000289536
275689,0.000539136
275729,1.536e-05
275767,8.0384e-05
275784,0.000126976
275837,1.5616e-05
275979,0.000121856
276108,1.536e-06
276122,7.296e-05
276151,6.6048e-05
276220,2.688e-05
276223,1.5104e-05
276288,2.816e-06
276364,0.000222976
276442,2.0224e-05
276476,9.984e-06
276504,0.000148736
276525,5.4272e-05
276540,1.9968e-05
276564,3.7376e-05
276591,1.28e-05
276799,1.024e-05
276833,3.6096e-05
276880,7.808e-05
276940,3.84e-06
276951,6.656e-06
276976,0.000419584
276988,0.00056192
277004,4.2752e-05
277041,0.000332288
277119,3.1744e-05
277146,1.28e-05
277192,1.92e-05
277246,2.6368e-05
277260,3.84e-06
277283,1.92e-05
277325,4.352e-06
277346,2.1248e-05
277504,9.984e-06
277524,0.0002816
277576,9.984e-06
277584,0.000339968
277589,0.001471744
277655,2.56e-07
277726,4.5312e-05
277788,5.6064e-05
277823,4.7872e-05
277834,0.005785856
277863,0.013293568
277915,0.00149888
277953,0.00038016
278006,1.3312e-05
278029,3.5328e-05
278065,1.0496e-05
278085,0.0002112
278118,3.072e-05
278176,0.000162816
278280,3.0208e-05
278315,6.528e-05
278328,6.4e-06
278379,6.912e-06
278459,1.2288e-05
278546,5.504e-05
278595,0.000592384
278642,0.000106752
278672,5.0176e-05
278765,0.002854912
278780,0.00450944
278825,7.3472e-05
278851,0.001900544
278910,6.4256e-05
278925,2.4064e-05
279003,4.864e-05
279021,1.4848e-05
279041,1.792e-06
279083,2.304e-06
279149,5.632e-06
279188,4.0192e-05
279213,1.5872e-05
279249,0.000113152
279263,6.5536e-05
279319,1.536e-06
279336,7.68e-07
279366,0.000130816
279384,2.304e-05
279585,1.8688e-05
279605,1.664e-05
279608,1.664e-05
279680,5.2992e-05
279739,4.6848e-05
279794,4.608e-05
279828,1.5616e-05
279837,0.000118272
279848,9.1904e-05
279853,1.2288e-05
279892,3.9168e-05
279896,5.376e-06
279966,5.5552e-05
279980,0.000344064
280048,3.7888e-05
280148,0.000525824
280200,1.1008e-05
280219,0.000148224
280247,3.0208e-05
280335,4.3776e-05
280446,1.6384e-05
280491,1.792e-06
280525,2.816e-06
280561,2.2016e-05
280566,0.000333056
280581,0.006688768
280644,3.4304e-05
280687,0.000355072
280744,6.8352e-05
280780,4.7872e-05
280971,2.5344e-05
280991,5.9904e-05
281010,9.472e-06
281049,1.28e-05
281103,2.7648e-05
281183,0.002453504
281251,7.68e-06
281302,3.84e-06
281350,2.304e-05
281385,6.6048e-05
281456,1.7152e-05
281477,5.3248e-05
281532,6.912e-06
281543,7.424e-06
281618,8.448e-06
281703,1.152e-05
281759,3.8912e-05
281776,5.1456e-05
281778,0.0004032
281779,0.005249536
281897,5.2736e-05
281960,0.000741632
282075,0.000978432
282118,4.0448e-05
282156,5.6832e-05
282246,0.000121088
282509,1.28e-06
282566,4.224e-05
282591,4.0448e-05
282630,2.048e-05
282646,2.944e-05
282670,9.9072e-05
282723,5.6064e-05
282785,0.000434944
282874,5.888e-06
282887,9.9328e-05
282942,0.000111872
282964,2.8416e-05
282979,0.000548608
283077,8.32e-05
283245,0.000562432
283276,1.9968e-05
283311,3.5328e-05
283346,2.048e-05
283410,4.4544e-05
283449,0.00020608
283509,1.2288e-05
283562,1.024e-06
283585,1.1776e-05
283632,1.9456e-05
283666,2.3296e-05
283807,2.5344e-05
283844,1.536e-05
283873,1.28e-05
283903,1.9712e-05
283995,6.6816e-05
284019,1.4848e-05
284028,1.2288e-05
284037,5.7856e-05
284115,1.7664e-05
284146,1.5104e-05
284174,0.000379648
284185,0.001054208
284226,0.000154624
284257,5.7088e-05
284308,1.5104e-05
284402,0.000179712
284433,5.6064e-05
284478,2.048e-06
284507,8.96e-06
284582,1.2032e-05
284585,1.0496e-05
284640,8.448e-05
284684,1.1264e-05
284765,9.728e-06
284778,2.5088e-05
284781,0.000171264
284783,0.000188416
284841,2.8416e-05
284871,3.1488e-05
284890,2.304e-06
284977,7.936e-06
284995,0.000408832
285027,1.3568e-05
285048,1.28e-06
285106,0.000774656
285165,1.0752e-05
285215,0.001343488
285256,0.001595392
285364,0.000796672
285378,9.0368e-05
285405,0.000531712
285453,0.000699136
285514,8.4736e-05
285556,7.8848e-05
285634,3.328e-06
285663,5.376e-05
285679,1.0496e-05
285720,9.088e-05
285776,4.7872e-05
285796,2.6368e-05
285821,3.9168e-05
285913,1.4848e-05
285949,1.3568e-05
285969,7.2704e-05
285991,0.002086656
286091,0.000150272
286108,5.3504e-05
286271,0.000798464
286388,4.864e-06
286469,9.984e-06
286518,1.0752e-05
286552,7.5008e-05
286576,0.00300032
286648,2.1504e-05
286763,3.9168e-05
286821,1.792e-05
286853,1.7664e-05
286905,4.096e-05
287046,3.968e-05
287063,6.528e-05
287095,5.0688e-05
287128,2.6624e-05
287165,5.888e-06
287179,0.000123392
287259,7.04e-05
287281,1.0752e-05
287297,6.144e-06
287308,9.3696e-05
287342,5.888e-06
287350,4.3264e-05
287430,3.584e-06
287471,1.536e-06
287531,1.024e-05
287605,0.000188416
287654,6.4e-05
287747,6.656e-05
287759,5.248e-05
287764,3.9424e-05
287832,6.0416e-05
287910,4.1472e-05
287960,0.00046848
287986,6.9376e-05
288024,3.84e-06
288068,5.376e-06
288094,3.6096e-05
288148,2.048e-06
288177,7.1168e-05
288203,0.000350208
288214,4.608e-06
288257,2.56e-07
288263,0.000140544
288302,1.8432e-05
288414,0.00011648
288465,1.9968e-05
288480,9.8048e-05
288553,2.4064e-05
288591,5.8624e-05
288652,7.8592e-05
288682,1.2032e-05
288744,3.584e-06
288765,0.000318464
288817,0.000105984
288858,0.000174336
288913,5.12e-05
288975,1.8688e-05
289102,9.472e-06
289113,2.2016e-05
289174,6.912e-06
289265,4.9408e-05
289347,2.048e-06
289378,0.000101888
289428,7.424e-06
289450,6.6048e-05
289502,8.0128e-05
289556,3.1488e-05
289565,0.00077056
289581,9.5744e-05
289660,4.4288e-05
289700,2.3552e-05
289719,6.912e-05
289769,2.3808e-05
289808,0.000117504
289840,4.0704e-05
289873,6.1696e-05
289926,4.6848e-05
289937,4.096e-06
290019,2.304e-06
290053,0.000319232
290094,4.8896e-05
290133,1.8944e-05
290236,2.304e-06
290257,3.4048e-05
290283,6.7328e-05
290321,5.5552e-05
290328,2.1504e-05
290384,7.04e-05
290493,6.656e-06
290554,5.504e-05
290625,0.000144128
290721,5.0688e-05
290746,0.000118784
290765,4.608e-06
290784,0.00012032
290786,0.000354048
290890,1.0496e-05
290912,2.5088e-05
290981,5.888e-06
290984,1.1008e-05
290993,1.024e-06
291018,1.3056e-05
291058,5.1712e-05
291086,0.000326912
291297,2.304e-06
291308,4.992e-05
291363,5.4272e-05
291418,4.1984e-05
291446,2.1248e-05
291478,1.9968e-05
291501,3.0976e-05
291579,1.1264e-05
291596,0.000102656
291653,4.3008e-05
291676,4.096e-06
291724,3.6864e-05
291766,7.5264e-05
291793,3.968e-05
291803,0.00069376
291881,1.1008e-05
291915,2.3552e-05
291965,5.9648e-05
291978,0.000326144
292026,7.424e-06
292031,7.424e-06
292096,1.792e-06
292110,6.5792e-05
292133,1.024e-05
292186,0.000218624
292192,0.000114432
292251,3.84e-05
292271,3.3792e-05
292403,6.3488e-05
292424,5.376e-06
292435,3.1232e-05
292449,2.304e-06
292469,3.2512e-05
292486,5.12e-06
292505,0.000818944
292551,3.072e-06
292559,7.424e-06
292565,6.6048e-05
292581,0.000180224
292597,0.000246784
292619,8.1408e-05
292660,7.168e-06
292661,9.984e-06
292697,0.000664576
292737,5.2992e-05
292771,4.3008e-05
292799,5.4272e-05
292847,3.4048e-05
292863,5.4528e-05
292903,9.216e-06
292928,3.3792e-05
293036,1.536e-06
293061,0.000232448
293110,1.2544e-05
293140,4.0448e-05
293160,3.712e-05
293164,8.9088e-05
293183,0.000350976
293253,6.144e-06
293305,9.728e-06
293321,4.8384e-05
293352,3.328e-05
293357,7.68e-06
293408,6.912e-05
293434,3.8656e-05
293456,2.816e-06
293488,1.7408e-05
293510,0.00010624
293544,1.8944e-05
293573,0.00027904
293607,8.7552e-05
293644,2.304e-06
293647,1.9456e-05
293661,0.000161024
293774,1.408e-05
293778,0.000131072
293862,8.9344e-05
293924,1.408e-05
293960,0.000186368
293997,3.3792e-05
294017,0.000364288
294055,6.656e-06
294131,9.216e-06
294146,1.5872e-05
294231,0.000101632
294299,7.68e-07
294385,0.000182272
294436,2.816e-05
294502,2.2272e-05
294530,1.5872e-05
294574,0.00011264
294592,7.808e-05
294698,5.888e-06
294720,4.7104e-05
294738,5.12e-05
294813,1.536e-06
294817,3.9168e-05
294894,7.424e-06
294928,1.2032e-05
294958,3.5328e-05
294965,0.000252928
294985,1.5872e-05
295020,1.9456e-05
295056,6.0416e-05
295105,1.6896e-05
295183,8.448e-06
295185,2.048e-05
295284,1.3312e-05
295339,1.4336e-05
295346,2.2272e-05
295399,2.0992e-05
295453,4.352e-05
295457,0.00019328
295484,3.3792e-05
295525,3.9424e-05
295562,1.3312e-05
295576,9.9584e-05
295646,6.7328e-05
295711,2.0224e-05
295758,4.224e-05
295806,1.9968e-05
295826,1.408e-05
295860,5.7856e-05
295894,1.1776e-05
295905,2.8928e-05
295957,6.2464e-05
296014,1.3568e-05
296073,1.536e-06
296091,0.000109568
296127,7.8848e-05
296261,8.576e-05
296375,6.6304e-05
296459,0.0
296470,5.376e-06
296501,1.536e-05
296546,1.2032e-05
296655,2.304e-05
296713,2.0736e-05
296766,4.7104e-05
296776,0.000231424
296845,4.0192e-05
296899,6.5792e-05
297002,8.704e-06
297073,2.816e-06
297149,6.912e-06
297212,4.736e-05
297232,8.96e-06
297283,2.3552e-05
297301,2.304e-05
297312,0.000159744
297377,9.216e-06
297379,0.00014592
297430,1.8944e-05
297463,4.352e-06
297486,3.072e-06
297535,6.1952e-05
297567,3.2e-05
297576,0.000111616
297606,3.0464e-05
297620,5.9904e-05
297730,8.4992e-05
297871,2.176e-05
297896,1.0752e-05
297948,2.048e-06
298003,0.000118272
298011,0.003911168
298138,3.584e-05
298154,3.1488e-05
298195,1.2032e-05
298264,2.4064e-05
298321,2.0992e-05
298346,0.000336128
298464,0.00022016
298564,1.1776e-05
298575,5.0176e-05
298745,2.2016e-05
298788,3.2256e-05
298833,5.76e-05
298856,3.7888e-05
298883,5.7088e-05
298900,2.8672e-05
298919,2.2016e-05
298982,2.7392e-05
299040,1.664e-05
299056,1.408e-05
299076,0.000126976
299132,9.344e-05
299144,3.456e-05
299165,0.000500992
299234,2.0736e-05
299239,7.4752e-05
299276,1.536e-06
299279,9.728e-06
299307,1.3568e-05
299325,3.3792e-05
299355,3.712e-05
299400,2.2784e-05
299450,1.4848e-05
299516,2.816e-06
299548,3.0208e-05
299643,0.000173056
299746,6.656e-05
299779,0.000786432
299873,4.9664e-05
299894,2.5344e-05
299947,0.0001664
299960,0.000744192
300038,1.6896e-05
300064,1.5104e-05
300118,3.072e-05
300148,2.4576e-05
300237,3.6096e-05
300321,9.216e-06
300346,2.688e-05
300381,3.0208e-05
300492,2.304e-06
300518,2.1248e-05
300529,8.32e-05
300541,5.8112e-05
300627,6.0416e-05
300667,2.4832e-05
300718,2.56e-07
300779,4.7616e-05
300787,1.3312e-05
300807,4.608e-06
300808,0.000310528
300846,8.448e-06
300931,4.1728e-05
300958,2.048e-06
300994,0.00025984
301103,2.1504e-05
301180,0.000105216
301231,1.024e-06
301253,3.2768e-05
301278,1.152e-05
301286,2.3552e-05
301296,8.1408e-05
301399,7.168e-06
301442,2.3552e-05
301507,8.96e-06
301530,0.000236032
301576,7.8336e-05
301577,1.2288e-05
301709,1.5616e-05
301789,1.024e-06
301849,3.84e-06
301877,2.2784e-05
301886,1.5616e-05
301948,0.000434176
302025,7.424e-06
302034,5.376e-06
302082,3.3536e-05
302102,4.9152e-05
302183,0.001316608
302276,7.4496e-05
302361,4.608e-06
302376,3.3792e-05
302469,1.6128e-05
302488,0.000110592
302530,9.472e-06
302577,3.3024e-05
302657,5.1968e-05
302659,1.1776e-05
302712,2.4064e-05
302717,2.688e-05
302776,0.014028288
302865,9.728e-06
302906,1.536e-06
302954,4.992e-05
302961,6.0672e-05
302983,3.2512e-05
303060,1.8944e-05
303087,5.632e-06
303188,8.192e-06
303198,8.192e-06
303215,0.000647168
303298,2.7136e-05
303365,0.000536064
303429,1.7408e-05
303505,5.12e-05
303544,7.8848e-05
303603,0.000362752
303634,5.2992e-05
303641,0.000501248
303721,0.000242176
303753,7.68e-07
303846,9.5488e-05
303956,3.072e-06
303985,0.000194304
303994,4.4032e-05
304081,2.5856e-05
304155,5.6576e-05
304298,9.984e-06
304357,7.8336e-05
304403,4.0192e-05
304479,5.4528e-05
304493,6.144e-06
304551,1.8944e-05
304577,7.8848e-05
304584,0.001989632
304634,6.0672e-05
304684,3.7376e-05
304707,2.4832e-05
304797,0.000783104
304881,1.3312e-05
304906,9.472e-06
305008,8.192e-06
305023,2.9184e-05
305175,0.000148992
305271,5.12e-07
305284,8.0896e-05
305313,4.7616e-05
305350,0.00028288
305432,2.5344e-05
305505,4.6336e-05
305577,2.304e-05
305618,2.176e-05
305653,0.000103936
305699,2.816e-05
305736,2.304e-06
305750,6.6304e-05
305771,2.4064e-05
305797,0.000177152
305805,0.00037504
305936,0.000109824
305987,1.4592e-05
306046,2.816e-06
306224,5.7088e-05
306248,0.000100352
306334,6.1952e-05
306366,0.000103936
306412,1.3568e-05
306448,3.6608e-05
306526,2.8416e-05
306535,0.000201984
306606,7.68e-07
306610,0.00028928
306746,1.1776e-05
306780,2.304e-06
306807,2.8672e-05
306819,6.6048e-05
306889,4.3776e-05
306912,3.328e-05
306956,1.7408e-05
307069,8.448e-06
307089,7.168e-06
307134,1.3824e-05
307138,9.728e-06
307293,1.792e-06
307310,5.12e-07
307342,1.3568e-05
307372,2.432e-05
307406,6.656e-06
307556,2.0736e-05
307575,9.472e-06
307585,0.000148992
307707,1.2288e-05
307718,3.1744e-05
307775,3.072e-05
307867,1.792e-05
307910,3.328e-06
308046,1.7152e-05
308053,0.000227328
308086,4.8128e-05
308167,6.6048e-05
308175,0.00012672
308262,0.000441344
308357,2.2016e-05
308430,1.024e-05
308505,0.0
308511,0.000453632
308550,1.28e-05
308586,2.56e-07
308611,0.001652224
308661,6.3232e-05
308671,0.000820736
308741,2.56e-06
308761,0.000476416
308841,0.000112896
308851,0.000370432
308881,0.000237568
308891,5.888e-06
308911,0.00062976
308921,3.8912e-05
308941,0.000123136
308951,0.000146432
308972,8.6272e-05
308991,0.0003776
309011,0.000113408
309021,7.3472e-05
309041,8.832e-05
309061,0.000281856
309071,4.3776e-05
309091,0.000228352
309101,6.7584e-05
309111,0.00021888
309121,0.000230144
309131,0.000277504
309141,0.000110592
309161,0.000231424
309181,0.000187392
309191,0.000383232
309221,0.0002944
309231,0.000339456
309261,0.000479232
309281,0.00024576
309301,9.728e-06
309331,4.864e-06
309335,0.000675072
309341,4.6592e-05
309351,0.000267264
309361,0.001218816
309381,4.6336e-05
309391,0.000843264
309421,0.000605952
309441,0.000181504
309461,0.00027904
309491,0.0004352
309501,0.000207872
309511,0.000854784
309541,4.736e-05
309587,4.4032e-05
309609,3.328e-06
309637,1.152e-05
309661,3.584e-06
309748,0.000365568
309790,1.024e-06
309816,0.000455936
309881,3.328e-06
309911,5.9392e-05
309966,0.000272128
310029,2.048e-05
310056,0.00032128
310092,2.8672e-05
310108,1.792e-05
310136,4.096e-06
310159,4.48e-05
310194,7.936e-06
310266,1.6896e-05
310337,4.096e-06
310350,1.3312e-05
310494,5.12e-06
310501,4.224e-05
310567,2.816e-06
310580,2.7904e-05
310582,0.001036288
310726,3.4816e-05
310793,2.3808e-05
310833,2.0736e-05
310892,5.12e-06
310921,1.5616e-05
311029,5.12e-07
311040,4.352e-05
311073,0.0
311087,8.192e-06
311095,1.0496e-05
311126,2.8928e-05
311163,0.001732096
311165,0.00119296
311192,0.000230144
311250,3.072e-05
311266,4.608e-06
311384,1.024e-06
311443,0.000124928
311495,1.5872e-05
311515,0.000194304
311558,1.7152e-05
311601,8.448e-06
311607,3.328e-06
311686,2.0992e-05
311700,4.992e-05
311722,4.864e-06
311776,0.00022528
311953,1.3312e-05
311961,2.944e-05
312047,0.001661696
312101,0.00010624
312145,1.2032e-05
312148,1.7664e-05
312236,3.584e-05
312281,1.2032e-05
312282,7.8336e-05
312330,2.0992e-05
312365,4.0192e-05
312391,0.000119552
312538,2.9184e-05
312582,1.8432e-05
312613,1.6384e-05
312692,2.2528e-05
312761,1.1008e-05
312778,8.0384e-05
312798,1.024e-06
312799,0.000139264
312946,6.3744e-05
312976,5.4272e-05
313004,5.888e-06
313011,8.2944e-05
313086,5.8624e-05
313130,2.4576e-05
313164,1.1776e-05
313193,1.3568e-05
313225,9.2672e-05
313286,2.4064e-05
313371,8.832e-05
313464,1.2288e-05
313468,1.024e-05
313556,1.0496e-05
313564,0.000165632
313584,0.000223488
313647,4.7616e-05
313691,4.608e-06
313694,1.408e-05
313730,7.68e-06
313773,6.912e-06
313846,3.2e-05
313992,0.00109824
314099,1.792e-06
314104,2.816e-05
314114,0.000247552
314151,1.2288e-05
314175,8.3968e-05
314179,0.002998272
314319,4.8128e-05
314360,5.888e-06
314374,0.000120064
314466,4.4544e-05
314503,6.784e-05
314520,7.8336e-05
314556,3.84e-06
314592,2.4064e-05
314606,0.0
314743,7.68e-06
314755,0.000621056
314894,0.000283648
314915,4.8128e-05
314944,3.5328e-05
314949,3.328e-06
315053,0.00012032
315062,1.92e-05
315135,3.584e-06
315158,0.000455168
315224,1.1776e-05
315268,3.1744e-05
315309,2.5088e-05
315358,3.8144e-05
315437,2.56e-05
315481,2.7392e-05
315508,0.000628224
315586,2.048e-05
315609,8.448e-05
315649,2.56e-07
315663,1.4848e-05
315693,5.9136e-05
315846,5.12e-05
315852,0.00013312
315958,5.12e-06
315980,0.000292608
315997,0.000121856
316045,5.12e-06
316070,0.000320256
316103,0.001065728
316176,2.2784e-05
316206,2.048e-05
316214,0.000138752
316262,6.912e-06
316291,4.4032e-05
316305,4.0704e-05
316384,1.5616e-05
316397,7.808e-05
316492,7.0912e-05
316565,1.6896e-05
316569,1.408e-05
316580,0.000151552
316590,4.096e-06
316679,1.3312e-05
316712,5.9136e-05
316753,3.8144e-05
316806,6.144e-06
316857,2.2272e-05
316916,1.7664e-05
316966,2.4832e-05
317047,0.000189184
317077,4.6592e-05
317107,2.048e-06
317131,0.00032128
317146,0.000150784
317165,0.001796096
317310,9.728e-06
317348,1.5616e-05
317404,3.4816e-05
317460,1.3568e-05
317463,7.2448e-05
317508,8.6016e-05
317531,0.000286976
317619,4.7616e-05
317686,7.168e-06
317706,4.096e-06
317726,5.12e-07
317825,3.584e-05
317918,4.1216e-05
317960,0.001260288
318102,2.8672e-05
318118,0.0
318127,0.00055424
318168,0.0001024
318215,1.2032e-05
318226,2.7392e-05
318239,1.2288e-05
318263,0.000178176
318361,3.3536e-05
318383,6.656e-06
318420,7.4496e-05
318440,0.00013824
318494,3.6608e-05
318527,4.864e-06
318549,2.8672e-05
318564,7.424e-05
318572,2.9952e-05
318734,5.376e-06
318742,1.536e-06
318806,0.000105472
318851,5.6832e-05
318871,0.000388096
318893,3.5328e-05
318966,4.8384e-05
318976,0.000635392
319056,6.272e-05
319068,5.0176e-05
319096,4.864e-06
319150,1.4336e-05
319182,1.0496e-05
319264,1.1776e-05
319271,4.1216e-05
319393,3.3536e-05
319399,5.1456e-05
319433,1.28e-06
319437,1.024e-06
319558,2.56e-05
319569,0.000189952
319632,1.1008e-05
319634,8.704e-06
319653,8.448e-06
319677,3.2e-05
319756,0.00010496
319860,4.1984e-05
319871,1.792e-05
319912,1.792e-05
320030,4.1216e-05
320086,4.4544e-05
320132,6.912e-06
320165,2.048e-05
320253,4.352e-06
320406,2.5856e-05
320743,1.0496e-05
320767,0.000104704
320778,0.00020096
320782,0.000156416
320799,1.792e-05
320834,3.9168e-05
320873,4.7104e-05
320971,4.608e-05
321022,1.024e-05
321054,6.272e-05
321089,4.096e-06
321106,2.5856e-05
321114,8.704e-05
321147,1.3312e-05
321193,4.5312e-05
321215,5.0176e-05
321278,1.6128e-05
321283,1.4336e-05
321364,0.00146432
321436,5.12e-07
321465,5.12e-07
321484,7.7568e-05
321544,2.9184e-05
321578,0.00012672
321579,0.00088448
321624,0.000237312
321798,0.000448512
321836,9.4208e-05
321899,1.1008e-05
321930,2.56e-06
321951,2.688e-05
321983,7.424e-06
322067,0.00011776
322119,1.8176e-05
322181,9.2416e-05
322225,6.912e-06
322253,4.736e-05
322294,0.000149504
322331,8.96e-06
322343,5.632e-06
322353,0.0002304
322428,6.144e-05
322474,2.0224e-05
322500,1.4848e-05
322539,4.1216e-05
322579,3.1232e-05
322585,0.000548352
322801,0.0
322874,2.1504e-05
322902,1.792e-05
322958,4.096e-06
322994,5.0176e-05
323038,0.0
323077,6.656e-06
323153,6.4e-06
323156,1.9712e-05
323176,0.009561088
323335,6.4e-06
323359,5.12e-07
323370,4.992e-05
323420,2.9184e-05
323488,8.9344e-05
323588,3.4048e-05
323651,2.7904e-05
323689,1.28e-05
323714,8.6016e-05
323739,2.2016e-05
323765,4.6336e-05
323778,1.3824e-05
323796,0.003208704
323886,4.608e-05
323926,2.8416e-05
323939,8.1664e-05
324017,1.4336e-05
324075,0.000116992
324152,2.2528e-05
324179,0.000592384
324197,5.4528e-05
324261,7.424e-06
324280,5.2992e-05
324339,4.096e-06
324384,4.3264e-05
324421,0.000212224
324449,3.5584e-05
324499,7.936e-06
324583,0.000113664
324610,3.2768e-05
324660,2.1248e-05
324720,0.000368896
324774,1.792e-05
324840,1.9712e-05
324853,2.0224e-05
324880,3.712e-05
324909,2.56e-06
324976,2.2528e-05
325037,4.7104e-05
325041,0.000105728
325079,8.704e-06
325150,8.064e-05
325262,6.0928e-05
325289,4.352e-06
325340,0.000706048
325541,8.2944e-05
325636,3.1744e-05
325738,1.024e-06
325747,5.248e-05
325803,0.000289536
325884,0.000166912
325926,7.168e-06
326019,7.936e-06
326120,1.3824e-05
326187,0.0013056
326256,1.2544e-05
326289,4.864e-06
326319,1.2288e-05
326620,9.6e-05
326634,8.2688e-05
326661,6.144e-06
326764,0.001720832
326846,3.328e-06
326900,1.6128e-05
326986,6.6816e-05
327054,7.5264e-05
327096,4.864e-05
327104,1.8944e-05
327124,6.5024e-05
327190,2.688e-05
327287,7.424e-06
327365,0.001588224
327393,0.000383232
327496,0.00011264
327529,9.728e-06
327545,0.000161024
327579,7.2704e-05
327635,2.56e-07
327678,3.5072e-05
327869,6.0672e-05
327921,2.304e-05
327951,9.728e-06
327982,8.4992e-05
328037,0.000171264
328065,4.1472e-05
328086,4.096e-06
328106,3.712e-05
328124,0.000937984
328154,8.448e-06
328202,2.0736e-05
328215,2.048e-06
328233,5.632e-06
328279,8.96e-06
328325,7.0144e-05
328454,1.7152e-05
328533,3.2512e-05
328575,3.5328e-05
328641,0.000101888
328667,2.3296e-05
328681,1.8944e-05
328691,4.5312e-05
328695,0.000248064
328700,0.000142592
328785,2.304e-06
328794,8.1152e-05
328851,2.1504e-05
328937,8.0128e-05
329020,2.176e-05
329072,4.352e-06
329126,1.024e-05
329149,9.984e-06
329188,7.9104e-05
329243,3.9936e-05
329320,1.536e-05
329351,3.072e-06
329399,0.000140544
329468,4.5312e-05
329505,6.656e-06
329526,2.2784e-05
329566,2.6112e-05
329588,0.000198144
329617,1.4848e-05
329697,9.1392e-05
329741,5.12e-06
329753,2.304e-06
329782,3.6608e-05
329784,0.000236032
329817,1.9712e-05
329826,0.000178688
329896,0.000327424
329960,0.000787712
330014,8.4224e-05
330017,0.0001536
330050,5.1968e-05
330077,2.6368e-05
330126,4.0448e-05
330192,9.1904e-05
330210,5.12e-07
330256,5.12e-07
330270,2.048e-05
330281,5.1456e-05
330328,3.0464e-05
330334,4.9152e-05
330364,7.68e-06
330378,7.168e-06
330384,9.1904e-05
330410,1.3568e-05
330418,2.7904e-05
330477,7.936e-05
330496,0.000648704
330546,0.00013568
330566,3.456e-05
330623,1.3568e-05
330647,2.3552e-05
330754,1.5872e-05
330761,0.0
330785,2.3296e-05
330810,2.3296e-05
330891,6.4256e-05
330917,8.96e-06
330936,0.00014208
330978,7.8592e-05
330986,8.2688e-05
331093,4.352e-06
331113,2.56e-07
331126,3.9424e-05
331176,1.9968e-05
331185,6.9632e-05
331229,8.192e-06
331259,4.4032e-05
331281,6.144e-06
331326,0.000115456
331346,1.1264e-05
331420,5.632e-06
331432,4.1472e-05
331451,1.92e-05
331561,1.536e-05
331574,0.000304384
331658,3.456e-05
331684,0.0001344
331719,2.0992e-05
331744,1.792e-06
331798,8.448e-06
331941,1.2544e-05
332048,4.736e-05
332080,8.9088e-05
332114,7.68e-06
332155,4.864e-06
332175,6.2464e-05
332234,5.376e-05
332321,1.024e-06
332402,4.608e-06
332454,2.3296e-05
332609,2.048e-06
332658,1.4336e-05
332696,0.000113408
332720,1.0496e-05
332769,2.0736e-05
332900,0.000167936
332938,1.1008e-05
332954,9.344e-05
332976,1.28e-05
333041,1.3568e-05
333049,1.2544e-05
333225,1.2032e-05
333296,0.00025088
333347,1.5872e-05
333474,0.0001216
333523,4.3264e-05
333572,3.8144e-05
333606,8.96e-06
333649,2.6624e-05
333671,9.8304e-05
333750,2.9696e-05
333831,2.6368e-05
333848,8.96e-06
333934,5.632e-06
333961,1.792e-06
334003,7.5264e-05
334033,8.5248e-05
334065,4.224e-05
334090,0.000410112
334117,0.000850432
334164,3.9936e-05
334353,4.3008e-05
334409,2.56e-06
334442,2.816e-06
334480,1.3312e-05
334549,2.048e-06
334556,5.6832e-05
334583,0.000338176
334636,1.4336e-05
334657,8.2176e-05
334669,0.000315904
334686,1.1776e-05
334726,9.2416e-05
334772,3.8912e-05
334864,2.0224e-05
334889,1.5872e-05
334990,3.84e-06
335096,2.176e-05
335130,7.936e-06
335147,7.4496e-05
335254,4.224e-05
335339,3.072e-05
335347,9.472e-06
335385,1.28e-05
335410,7.936e-06
335504,0.000233984
335529,9.2416e-05
335567,0.000128768
335614,0.000101376
335629,1.5872e-05
335660,8.0384e-05
335709,1.1264e-05
335766,3.584e-05
335779,9.2928e-05
335781,0.000683008
335809,5.504e-05
335821,5.888e-05
335864,1.5104e-05
335909,2.56e-07
335921,1.536e-06
336073,3.9424e-05
336110,6.2976e-05
336148,0.00021504
336177,2.2784e-05
336235,1.7664e-05
336244,0.000139264
336266,4.608e-06
336286,0.000131584
336335,2.56e-05
336365,9.8304e-05
336429,2.176e-05
336441,0.000123648
336476,6.912e-06
336579,0.000229376
336627,2.6368e-05
336689,3.8656e-05
336745,3.5072e-05
336791,3.4816e-05
336810,1.28e-05
336835,1.2288e-05
336844,1.28e-06
336892,3.9168e-05
336927,4.6336e-05
336977,0.000123136
337025,4.7104e-05
337065,7.68e-06
337130,2.7392e-05
337182,6.5536e-05
337199,2.304e-06
337206,8.7296e-05
337212,0.000373248
337316,0.000143616
337358,0.000346112
337417,2.1504e-05
337469,5.8624e-05
337607,0.000526592
337677,0.00014464
337697,1.1264e-05
337722,2.9696e-05
337740,1.152e-05
337794,5.4784e-05
337869,5.12e-06
337880,3.584e-06
337917,8.2432e-05
337928,4.5568e-05
337960,0.000101376
337978,1.4336e-05
338050,1.6128e-05
338112,4.6592e-05
338145,1.4336e-05
338179,2.304e-05
338188,2.304e-05
338242,2.4576e-05
338371,5.12e-06
338399,1.8688e-05
338523,0.000116224
338525,5.12e-07
338585,6.1696e-05
338630,4.0192e-05
338641,3.328e-05
338642,0.000499456
338777,0.000135936
338793,0.000196096
338820,1.8688e-05
338886,0.000779776
338957,4.5056e-05
338966,7.5776e-05
338983,7.68e-06
339004,1.28e-05
339091,9.472e-06
339123,0.000118016
339176,1.92e-05
339203,5.12e-06
339215,2.3552e-05
339220,1.4336e-05
339296,1.7408e-05
339351,2.5088e-05
339376,0.0001472
339377,0.005828864
339448,7.9104e-05
339506,8.96e-06
339542,0.000147456
339567,9.8304e-05
339598,1.7664e-05
339638,2.0992e-05
339651,1.5616e-05
339670,0.000144896
339720,3.0464e-05
339733,6.912e-06
339769,1.2288e-05
339813,4.352e-06
339886,5.0176e-05
339949,0.000142592
340001,2.2784e-05
340030,9.0368e-05
340035,2.2784e-05
340066,1.1008e-05
340083,7.6032e-05
340105,9.728e-06
340164,0.000467712
340197,0.000466176
340232,0.000176128
340305,5.888e-06
340455,0.000780032
340475,0.000192256
340526,5.5552e-05
340580,3.584e-05
340641,2.2784e-05
340727,1.3312e-05
340754,3.1744e-05
340819,2.6112e-05
340875,7.296e-05
340897,3.8656e-05
340926,1.792e-06
340969,5.4272e-05
340979,4.1984e-05
341013,3.7376e-05
341027,2.6624e-05
341091,0.00016896
341132,1.8944e-05
341165,0.000723456
341210,6.912e-06
341234,1.1264e-05
341260,0.000114432
341307,5.12e-06
341396,1.92e-05
341481,1.5872e-05
341487,1.664e-05
341534,6.8352e-05
341566,4.992e-05
341629,4.0448e-05
341663,2.56e-05
341699,2.304e-05
341726,9.1392e-05
341743,3.2512e-05
341778,0.000219648
341795,0.000683008
341803,0.00040832
341827,9.6512e-05
341902,3.84e-05
341957,6.7328e-05
341960,0.000216064
341991,8.3968e-05
342001,9.216e-06
342044,1.536e-05
342069,2.56e-07
342125,7.936e-06
342139,3.3024e-05
342148,1.5616e-05
342168,0.00143744
342219,1.1776e-05
342239,2.432e-05
342282,9.8048e-05
342340,1.024e-06
342380,0.0006528
342388,7.7056e-05
342489,3.072e-06
342538,7.424e-06
342580,0.000214784
342633,9.7024e-05
342645,3.6864e-05
342679,7.168e-06
342773,2.4832e-05
342782,0.000128512
342862,0.000137728
342895,5.376e-06
342976,2.9952e-05
342992,0.000785152
343041,0.00077952
343114,7.04e-05
343170,2.816e-06
343189,4.864e-05
343202,0.000103936
343280,1.3568e-05
343294,2.048e-06
343339,7.4752e-05
343352,1.2032e-05
343357,0.000106496
343421,1.0752e-05
343475,6.144e-06
343514,6.656e-06
343539,0.000130304
343558,5.1712e-05
343565,0.000177152
343579,0.00021248
343644,2.3808e-05
343650,2.816e-06
343741,7.6288e-05
343784,0.00019968
343843,3.8144e-05
343877,5.4528e-05
343906,1.408e-05
343943,0.000188672
344013,2.2016e-05
344038,4.6592e-05
344044,1.3568e-05
344062,2.0736e-05
344104,7.424e-06
344145,0.0009856
344174,0.000171264
344176,0.000293888
344181,0.000241664
344238,1.024e-05
344294,0.000290816
344340,9.344e-05
344352,0.000120064
344397,0.00027136
344471,3.84e-06
344486,3.0208e-05
344500,5.0944e-05
344578,1.9968e-05
344595,3.584e-06
344623,8.96e-06
344667,5.4016e-05
344716,1.792e-06
344766,0.000296704
344851,6.9888e-05
344875,4.5312e-05
344947,6.6304e-05
345009,1.024e-06
345067,0.000161024
345116,8.704e-06
345201,2.7136e-05
345252,7.68e-07
345305,1.5872e-05
345321,2.7136e-05
345336,2.5088e-05
345349,1.9456e-05
345382,0.001255168
345458,2.5088e-05
345472,3.2e-05
345590,7.168e-06
345635,4.0192e-05
345681,5.0432e-05
345699,4.352e-06
345711,0.000123904
345801,4.3264e-05
345846,2.7136e-05
345884,2.5344e-05
345943,2.7136e-05
345964,8.704e-06
345967,0.00020352
346056,1.408e-05
346145,9.1904e-05
346202,4.4032e-05
346345,2.9952e-05
346378,0.000840192
346433,3.4304e-05
346458,0.000121088
346520,2.2528e-05
346563,5.632e-06
346585,0.000118528
346653,4.7872e-05
346682,1.536e-06
346832,3.0976e-05
346858,7.68e-07
346909,2.048e-05
346928,0.00024704
347003,1.9968e-05
347162,9.984e-06
347178,3.5584e-05
347181,2.5344e-05
347194,0.000298496
347334,0.000100864
347344,4.864e-05
347388,6.656e-06
347392,5.376e-06
347476,0.000342272
347540,2.4064e-05
347570,3.84e-06
347620,0.000139008
347680,3.5328e-05
347718,5.12e-07
347765,0.001701888
347789,1.024e-05
347816,3.072e-06
347825,0.000133888
347859,0.000297728
347890,1.792e-06
347924,7.2192e-05
347987,3.4048e-05
348014,5.9904e-05
348135,3.4048e-05
348141,4.1984e-05
348183,3.072e-06
348287,4.736e-05
348297,6.656e-06
348322,6.912e-06
348377,3.0464e-05
348420,1.2288e-05
348432,1.7664e-05
348535,6.912e-05
348627,9.0112e-05
348690,1.6384e-05
348732,5.504e-05
348793,3.0976e-05
348854,0.000375296
348933,0.000147968
348959,7.5008e-05
348975,0.000490752
349061,1.024e-06
349068,0.000666368
349107,1.2288e-05
349141,3.8912e-05
349167,2.56e-07
349206,3.328e-06
349219,7.68e-06
349268,9.5488e-05
349294,0.000698368
349406,7.68e-07
349421,0.000114688
349436,7.5008e-05
349459,7.168e-06
349514,7.68e-06
349521,5.5552e-05
349568,1.7152e-05
349580,3.2256e-05
349593,2.0992e-05
349618,7.7568e-05
349737,2.56e-07
349748,5.0432e-05
349769,3.0464e-05
349830,0.00089984
349881,3.072e-05
349912,3.6864e-05
349926,1.3824e-05
349936,3.1232e-05
350024,0.000112384
350094,0.000102144
350124,0.000473344
350180,6.0928e-05
350224,0.002353408
350382,2.6368e-05
350408,2.56e-07
350534,0.00012672
350579,3.584e-06
350604,0.000306944
350654,0.00055936
350674,0.000269312
350724,5.5552e-05
350744,0.000157184
350764,8.7296e-05
350774,0.00016128
350804,0.000200448
350824,8.3712e-05
350854,0.000241152
350884,0.000186112
350894,5.4528e-05
350914,0.000172288
350934,0.000253952
350954,0.000494592
350974,0.000568576
350994,0.000486656
351014,5.5296e-05
351024,0.000200448
351034,0.000225024
351044,0.000490752
351054,0.000447744
351064,0.000152576
351084,8.6528e-05
351094,0.000451072
351104,0.000238848
351124,0.000294656
351144,0.000250368
351164,0.00023936
351174,0.000250112
351184,7.3728e-05
351194,7.3216e-05
351204,0.000511488
351244,0.000289024
351264,0.000533504
351274,6.2976e-05
351314,0.000672512
351366,0.000247296
351419,3.456e-05
351473,2.56e-06
351504,0.000470784
351549,1.92e-05
351592,9.216e-06
351668,5.4528e-05
351719,9.9584e-05
351951,1.1008e-05
351981,2.1504e-05
351983,8.832e-05
352116,2.4576e-05
352206,4.6592e-05
352269,2.8672e-05
352296,9.728e-06
352333,2.56e-05
352406,2.0992e-05
352427,2.56e-05
352479,5.7088e-05
352538,1.3312e-05
352564,7.2448e-05
352567,2.4576e-05
352608,0.000116224
352657,3.584e-06
352679,1.1008e-05
352681,1.536e-06
352752,0.0005632
352846,4.48e-05
352867,0.001395712
352873,0.000474624
352934,0.0
352964,3.584e-05
352998,3.8656e-05
353051,6.3744e-05
353120,0.000178176
353161,8.4736e-05
353185,3.072e-05
353198,2.56e-07
353238,0.000115968
353263,0.0002112
353370,0.000228352
353402,9.984e-06
353440,2.2784e-05
353505,7.936e-06
353622,7.6032e-05
353764,5.12e-06
353765,0.000123136
353796,0.000415744
353854,7.4496e-05
353880,1.0496e-05
353886,1.1264e-05
354001,0.000240384
354028,3.84e-06
354076,3.1232e-05
354125,3.7376e-05
354133,1.5872e-05
354171,5.9136e-05
354228,2.176e-05
354254,3.072e-06
354270,1.536e-06
354282,3.7376e-05
354374,2.816e-06
354446,6.5792e-05
354506,1.152e-05
354592,2.4832e-05
354626,6.8608e-05
354657,0.000113664
354789,1.7152e-05
354844,2.4064e-05
354924,0.000115968
354976,0.000321024
355054,6.4e-06
355094,5.2224e-05
355139,2.6112e-05
355185,7.3216e-05
355284,2.56e-06
355297,0.000407808
355354,0.000379904
355432,6.656e-06
355449,3.1488e-05
355489,0.000523264
355526,1.8688e-05
355557,0.00011136
355588,2.0736e-05
355637,8.96e-06
355659,9.472e-05
355683,5.888e-06
355717,5.6832e-05
355760,2.048e-06
355828,7.168e-06
355832,2.432e-05
355910,1.792e-06
355975,3.7632e-05
356003,5.888e-06
356027,8.704e-06
356051,2.432e-05
356123,1.4848e-05
356160,7.0656e-05
356180,0.000370944
356355,8.7296e-05
356467,7.424e-06
356510,6.0672e-05
356577,6.4768e-05
356627,2.2016e-05
356705,3.072e-06
356712,0.000337408
356765,0.000615936
356814,0.000530176
356843,5.376e-06
356916,1.4848e-05
356927,7.68e-07
356975,0.000338432
357022,3.3536e-05
357063,4.2496e-05
357145,5.888e-06
357156,0.000113408
357182,0.000375552
357284,0.000183296
357364,9.7792e-05
357375,2.0992e-05
357390,9.7024e-05
357410,6.4e-06
357507,0.00026368
357557,3.8144e-05
357642,6.912e-06
357752,1.2544e-05
357792,4.352e-06
357812,1.408e-05
357826,2.6624e-05
357845,0.000190208
357858,6.7072e-05
357906,0.000200192
357966,8.9856e-05
357978,6.8608e-05
357983,0.00035584
358038,1.4336e-05
358116,5.8624e-05
358175,2.56e-07
358206,9.7024e-05
358259,0.00036736
358340,0.000425216
358377,0.000547072
358422,2.8928e-05
358496,1.2288e-05
358508,7.3216e-05
358520,1.024e-06
358559,5.9648e-05
358582,0.000164096
358747,9.856e-05
358771,6.656e-05
358817,1.2032e-05
358846,1.2544e-05
358864,8.7296e-05
358897,2.816e-06
358932,5.6064e-05
359020,6.144e-06
359058,4.4544e-05
359163,2.9184e-05
359189,0.00053248
359261,4.8384e-05
359333,2.816e-06
359381,4.352e-06
359409,2.3808e-05
359424,2.3552e-05
359566,3.1744e-05
359635,5.5296e-05
359765,1.9968e-05
359766,7.0656e-05
359790,0.000109568
359834,5.632e-06
359887,6.0672e-05
359942,1.536e-06
359998,7.9616e-05
360042,3.712e-05
360112,1.1264e-05
360141,2.56e-06
360167,2.304e-05
360181,0.00017408
360236,6.912e-05
360261,4.608e-06
360334,1.2032e-05
360356,3.84e-06
360373,1.408e-05
360418,0.000185856
360483,2.816e-05
360541,2.816e-06
360589,2.944e-05
360664,2.9184e-05
360738,0.000176896
360771,0.00162944
360837,0.00018944
360840,9.6512e-05
360957,3.3024e-05
360976,0.000597504
361044,2.6624e-05
361129,3.5072e-05
361161,3.1488e-05
361168,4.7104e-05
361197,3.3024e-05
361247,0.000109056
361273,9.9072e-05
361366,1.8944e-05
361471,0.000186112
361543,4.864e-06
361564,9.8304e-05
361615,9.4976e-05
361688,2.6368e-05
361739,1.9968e-05
361754,0.00050176
361929,4.352e-06
361959,2.2016e-05
361989,0.000141824
362069,5.376e-06
362106,6.7072e-05
362165,0.000351232
362185,0.00021248
362217,5.2224e-05
362286,1.7408e-05
362298,3.584e-05
362330,2.5856e-05
362339,7.936e-06
362409,0.000262912
362426,1.3824e-05
362554,3.4816e-05
362609,1.9712e-05
362654,0.000100864
362669,6.144e-05
362707,6.912e-05
362730,8.5248e-05
362748,0.000170752
362769,1.7408e-05
362778,6.0416e-05
362872,1.5616e-05
362993,4.5568e-05
363029,3.8912e-05
363134,6.8608e-05
363187,7.68e-07
363275,8.1408e-05
363364,6.9376e-05
363378,1.1776e-05
363397,0.000171008
363441,3.0208e-05
363537,8.704e-06
363559,6.144e-05
363589,4.9664e-05
363664,4.9408e-05
363733,1.792e-06
363760,3.1232e-05
363785,3.4816e-05
363883,7.552e-05
363898,6.1952e-05
363936,2.176e-05
364028,1.2032e-05
364036,1.024e-06
364083,6.0416e-05
364160,3.8144e-05
364200,2.2016e-05
364204,8.2432e-05
364303,4.1728e-05
364316,9.984e-06
364355,1.024e-06
364398,7.68e-05
364565,3.6608e-05
364580,0.002098688
364657,8.96e-05
364771,4.5312e-05
364855,4.352e-06
364898,4.096e-06
364913,8.96e-06
364947,9.728e-06
364955,3.3024e-05
365002,1.664e-05
365025,9.216e-06
365068,3.584e-06
365106,6.9632e-05
365166,3.072e-06
365176,6.5024e-05
365225,0.000141568
365255,4.096e-06
365280,1.536e-05
365283,4.6848e-05
365439,2.2528e-05
365502,0.000112896
365520,4.4288e-05
365649,3.0208e-05
365753,0.000193536
365775,3.8144e-05
365781,7.424e-06
365783,0.000131072
365862,5.6832e-05
365877,9.7792e-05
365937,3.072e-05
365944,7.7056e-05
365982,3.84e-06
366061,2.3296e-05
366086,7.04e-05
366214,4.4544e-05
366259,0.000120576
366295,9.216e-05
366318,7.936e-06
366384,1.6896e-05
366445,3.072e-06
366517,1.2032e-05
366735,0.000121856
366786,0.000554496
366841,1.4848e-05
366965,5.3504e-05
366966,2.56e-06
366985,0.000150272
367013,0.00019072
367081,5.888e-06
367102,5.888e-06
367186,0.000105216
367292,0.0
367323,7.168e-06
367372,2.304e-05
367395,9.728e-06
367428,1.1008e-05
367439,6.5792e-05
367471,5.3504e-05
367509,9.984e-06
367584,9.216e-06
367621,4.8384e-05
367755,1.4848e-05
367775,7.8592e-05
367844,2.9696e-05
368010,4.352e-06
368065,8.448e-06
368144,7.2192e-05
368164,7.6032e-05
368186,8.064e-05
368286,4.608e-05
368333,3.4816e-05
368360,5.0176e-05
368417,4.864e-06
368449,1.4336e-05
368477,3.9936e-05
368513,5.888e-05
368525,2.56e-06
368541,3.3536e-05
368577,4.3264e-05
368606,1.6384e-05
368634,4.4288e-05
368686,0.000143872
368733,3.968e-05
368767,0.000204032
368926,6.656e-06
368979,4.608e-05
369087,2.8672e-05
369134,6.8096e-05
369185,0.000152064
369212,2.0736e-05
369305,1.792e-06
369322,2.3808e-05
369329,7.552e-05
369375,9.728e-06
369381,6.656e-05
369457,5.888e-05
369480,8.704e-06
369497,3.9424e-05
369521,3.7632e-05
369541,0.000327168
369601,6.784e-05
369712,3.328e-06
369724,1.1264e-05
369785,2.56e-05
369834,5.8368e-05
369941,1.92e-05
369982,0.000221696
370065,3.9168e-05
370185,7.3728e-05
370268,7.1424e-05
370290,0.00063488
370446,1.3056e-05
370466,8.32e-05
370527,0.001741312
370565,3.072e-06
370583,1.3824e-05
370589,8.8832e-05
370614,0.000124416
370656,3.1488e-05
370674,1.664e-05
370686,4.8128e-05
370687,4.8896e-05
370720,5.888e-06
370806,2.2528e-05
370991,2.56e-06
371023,8.448e-06
371126,1.4848e-05
371136,4.608e-06
371145,1.0752e-05
371171,2.688e-05
371187,0.00054528
371238,8.704e-06
371310,2.1504e-05
371513,4.4544e-05
371520,1.7408e-05
371566,5.3504e-05
371632,4.096e-06
371644,5.888e-06
371694,7.6288e-05
371717,0.000107008
371741,5.9136e-05
371775,0.005504512
371868,6.4256e-05
371953,1.28e-06
371969,1.7408e-05
372057,2.816e-05
372086,6.656e-06
372181,1.9968e-05
372215,0.00014848
372277,7.68e-06
372354,2.304e-06
372365,3.9424e-05
372384,0.000364032
372409,3.7376e-05
372459,3.8656e-05
372466,2.8928e-05
372492,2.8416e-05
372509,4.2496e-05
372556,5.12e-06
372614,0.00021504
372700,1.0496e-05
372728,8.704e-06
372824,2.3296e-05
372900,7.0912e-05
372922,0.000184576
372961,9.2928e-05
372964,0.001897984
372981,3.3536e-05
372995,0.00011392
373069,7.1168e-05
373095,3.6864e-05
373151,1.7152e-05
373306,4.864e-06
373361,0.000122368
373474,1.9456e-05
373565,6.4e-05
373610,2.56e-07
373630,2.0224e-05
373684,3.2512e-05
373688,4.5824e-05
373702,3.9168e-05
373765,4.608e-06
373824,0.000375808
373892,3.9424e-05
374009,3.584e-05
374059,0.000144896
374105,4.864e-06
374112,1.7408e-05
374117,4.352e-05
374155,8.064e-05
374177,5.1456e-05
374182,0.000516608
374294,2.3296e-05
374320,3.328e-06
374326,2.4832e-05
374343,2.7136e-05
374381,5.12e-07
374398,0.000444672
374462,5.1456e-05
374523,1.536e-05
374576,6.6048e-05
374579,0.000117504
374644,2.0736e-05
374678,0.000166656
374690,2.176e-05
374724,3.4304e-05
374753,2.1248e-05
374785,0.002061568
374892,8.96e-06
374938,5.12e-06
374957,1.9712e-05
375018,0.0010816
375043,4.224e-05
375059,0.000369152
375142,1.4336e-05
375145,4.1984e-05
375192,3.584e-06
375217,2.1248e-05
375235,3.328e-05
375273,1.024e-06
375310,3.7376e-05
375360,2.56e-06
375388,0.000123648
375399,2.0224e-05
375437,2.4576e-05
375554,1.1776e-05
375568,0.0002624
375645,1.92e-05
375692,5.632e-06
375716,1.0752e-05
375725,3.5328e-05
375748,1.28e-06
375774,1.92e-05
375833,1.28e-05
375867,1.8432e-05
375979,0.001017344
376078,2.3552e-05
376170,0.000139264
376183,8.448e-06
376217,3.84e-05
376224,0.000153856
376278,9.472e-06
376331,8.6016e-05
376377,4.0192e-05
376383,6.144e-06
376474,1.792e-06
376480,9.088e-05
376548,0.000309248
376578,0.000172032
376579,0.000538624
376737,5.888e-06
376745,1.7152e-05
376761,1.536e-05
376809,0.000135168
376836,0.00037504
376881,8.192e-06
376922,5.3504e-05
376946,0.000527872
377031,4.7872e-05
377043,3.1744e-05
377058,7.68e-07
377114,1.28e-06
377149,0.000933376
377184,0.001440768
377242,6.656e-05
377270,2.2016e-05
377317,4.8896e-05
377362,0.000130048
377417,0.000159232
377543,1.152e-05
377573,1.2288e-05
377627,2.7136e-05
377643,8.96e-06
377680,1.4592e-05
377726,7.68e-06
377765,1.536e-06
377784,5.7856e-05
377790,5.12e-05
377812,0.000601856
377889,0.000217088
377937,5.5296e-05
377984,1.408e-05
378015,0.000715264
378098,3.1232e-05
378159,0.000105472
378244,2.688e-05
378348,2.56e-06
378364,4.608e-06
378376,4.352e-06
378386,0.000609024
378439,1.8432e-05
378469,2.9696e-05
378502,5.632e-06
378634,5.12e-07
378666,1.1776e-05
378680,8.2944e-05
378769,1.024e-06
378817,0.00087424
378923,3.0464e-05
378941,7.68e-07
378961,3.8144e-05
378970,5.5296e-05
378980,0.003803136
379033,4.5568e-05
379078,8.5248e-05
379114,6.016e-05
379176,5.632e-06
379232,0.000137728
379288,1.4848e-05
379315,0.000112896
379373,4.5056e-05
379386,4.0704e-05
379505,9.984e-06
379523,2.2784e-05
379553,0.0
379558,3.328e-06
379580,0.000166912
379670,2.3296e-05
379758,1.024e-05
379816,0.000214784
379907,0.000124672
379938,3.8912e-05
380019,3.9936e-05
380021,0.001651456
380079,5.9648e-05
380094,0.00045696
380186,3.328e-05
380187,1.664e-05
380243,9.728e-06
380266,3.328e-05
380320,0.000263168
380463,4.224e-05
380510,3.3024e-05
380554,8.3456e-05
380562,4.5824e-05
380670,3.1744e-05
380708,3.84e-06
380737,8.9344e-05
380762,1.408e-05
380805,0.000317696
380816,0.000241152
380915,5.632e-06
381022,3.9168e-05
381071,9.472e-06
381111,7.7056e-05
381141,4.864e-06
381195,0.000163072
381260,3.3536e-05
381281,3.4816e-05
381371,2.3552e-05
381387,7.5008e-05
381390,0.000156416
381420,5.248e-05
381493,0.000118784
381551,5.9392e-05
381560,5.2736e-05
381573,0.000108288
381611,5.12e-07
381651,2.56e-07
381693,4.5568e-05
381762,0.000104192
381823,4.608e-05
381837,1.6128e-05
381845,1.024e-05
381912,1.792e-06
381931,1.2544e-05
381964,3.2512e-05
382044,6.2976e-05
382123,1.2032e-05
382147,6.784e-05
382196,6.2464e-05
382206,2.4576e-05
382278,6.272e-05
382391,1.152e-05
382473,4.5568e-05
382523,3.3536e-05
382564,0.000780288
382603,4.4032e-05
382633,1.28e-06
382672,2.56e-06
382700,0.000204544
382828,6.912e-06
382902,1.1008e-05
382943,0.00030976
383079,3.072e-06
383120,8.7552e-05
383165,8.0128e-05
383177,0.000801792
383239,1.8432e-05
383261,1.2288e-05
383307,1.3824e-05
383347,2.3552e-05
383367,2.176e-05
383377,3.456e-05
383406,2.0992e-05
383453,5.12e-07
383499,3.8912e-05
383562,7.2192e-05
383632,5.12e-06
383640,2.816e-06
383688,0.000114432
383726,1.152e-05
383732,2.5856e-05
383783,0.001007872
383854,3.0208e-05
383880,6.656e-06
383913,5.12e-07
383918,3.584e-05
383969,6.7584e-05
383988,9.984e-06
384094,1.6128e-05
384269,3.5584e-05
384321,6.1952e-05
384341,3.072e-05
384411,7.424e-06
384468,0.000120576
384486,2.7392e-05
384514,2.56e-07
384516,6.0928e-05
384539,7.9104e-05
384743,5.12e-06
384758,1.9712e-05
384767,0.000308736
384860,3.7632e-05
384965,0.00013696
384977,0.000177152
385030,0.00033408
385062,9.6256e-05
385101,0.000418304
385142,2.8928e-05
385182,1.6128e-05
385368,3.0976e-05
385392,5.3504e-05
385490,7.168e-06
385565,7.2192e-05
385592,0.000364288
385656,0.000484608
385704,5.7856e-05
385723,5.9648e-05
385741,0.00055936
385877,0.000111872
385913,4.608e-05
385915,1.6896e-05
385944,8.8832e-05
385988,0.000412928
386034,9.728e-06
386047,7.936e-06
386083,2.944e-05
386093,0.000306432
386135,1.8688e-05
386159,3.456e-05
386177,5.632e-06
386180,0.000282368
386238,7.1168e-05
386350,5.4784e-05
386390,8.448e-06
386458,1.4592e-05
386464,8.32e-05
386511,2.816e-06
386529,5.632e-06
386551,1.1776e-05
386566,3.2768e-05
386609,1.024e-05
386628,0.000141312
386666,3.7632e-05
386709,8.2688e-05
386737,8.704e-06
386744,5.376e-06
386778,0.000179456
386779,0.002430976
386787,0.000717312
386855,5.632e-06
386884,1.1008e-05
387023,0.00037888
387071,2.2784e-05
387094,4.0704e-05
387124,1.8176e-05
387169,0.000290816
387265,0.000209408
387273,0.000292352
387322,6.656e-06
387445,2.7648e-05
387486,6.144e-06
387507,5.632e-06
387526,4.864e-06
387562,5.5552e-05
387583,0.00032256
387681,1.9968e-05
387699,0.000270592
387758,4.608e-06
387761,3.0976e-05
387791,0.000253696
387794,0.000255232
387851,2.7648e-05
387869,1.6384e-05
387926,5.12e-06
387963,2.048e-05
387990,0.000396032
388074,0.000194048
388100,4.4288e-05
388120,8.704e-06
388150,1.6384e-05
388161,2.944e-05
388245,2.3552e-05
388280,5.632e-06
388305,7.168e-06
388317,2.7904e-05
388337,4.352e-06
388400,1.9456e-05
388466,6.528e-05
388499,8.96e-06
388534,3.2512e-05
388542,8.1664e-05
388591,3.1744e-05
388651,8.704e-06
388718,3.8912e-05
388802,8.4992e-05
388859,6.656e-06
388892,5.12e-07
388920,4.608e-06
388997,2.56e-06
389017,4.096e-06
389063,2.048e-06
389065,0.00013568
389095,1.3568e-05
389111,2.2272e-05
389168,4.4032e-05
389219,7.296e-05
389258,0.000765952
389310,4.4032e-05
389411,1.2288e-05
389463,6.144e-06
389559,8.7552e-05
389632,0.000182784
389717,3.0976e-05
389768,2.6624e-05
389831,5.632e-06
389850,0.000155392
389899,7.168e-06
389960,0.000344064
389997,8.8064e-05
390094,4.1472e-05
390118,0.000105984
390149,2.9696e-05
390208,7.424e-06
390253,3.2e-05
390257,3.9936e-05
390279,1.1008e-05
390317,3.1232e-05
390340,8.704e-06
390347,8.8576e-05
390380,0.000125952
390391,6.3488e-05
390407,4.352e-06
390461,4.096e-06
390486,4.9408e-05
390510,1.9456e-05
390524,6.6304e-05
390580,4.0192e-05
390623,4.352e-05
390668,1.536e-05
390707,2.7392e-05
390747,0.001575424
390823,1.9712e-05
390868,4.1984e-05
390926,1.6128e-05
390935,5.12e-07
390964,8.5248e-05
390980,0.00042752
391050,0.000194304
391077,6.144e-06
391114,2.7648e-05
391127,5.376e-06
391179,8.96e-06
391220,1.4848e-05
391259,0.00055424
391294,0.000575744
391412,8.7296e-05
391459,8.064e-05
391471,0.000273408
391504,4.9408e-05
391538,2.4576e-05
391562,0.00014592
391644,5.4016e-05
391780,2.048e-05
391827,2.5856e-05
391883,0.000116224
391901,4.0192e-05
391959,3.84e-06
392059,8.96e-06
392097,0.000207872
392153,2.9696e-05
392165,4.2752e-05
392185,6.8096e-05
392236,6.016e-05
392304,0.002174976
392321,0.000548608
392359,1.92e-05
392386,0.00016896
392479,2.4064e-05
392588,1.0752e-05
392590,0.00021504
392683,4.0704e-05
392716,4.352e-06
392764,4.6848e-05
392768,0.00021248
392807,0.000110848
392902,7.168e-06
392978,7.424e-06
392998,5.4784e-05
393017,3.0208e-05
393046,2.2784e-05
393128,0.00020736
393211,1.6384e-05
393231,0.00018176
393284,2.2016e-05
393325,4.5568e-05
393355,6.8864e-05
393383,1.5616e-05
393385,0.000124928
393477,6.9888e-05
393545,6.912e-06
393598,4.4032e-05
393626,6.3232e-05
393703,1.4848e-05
393731,3.2512e-05
393743,5.12e-07
393788,1.2544e-05
393812,1.9712e-05
393864,7.68e-07
393965,0.009800704
394041,5.632e-06
394054,0.0001664
394101,1.1008e-05
394152,8.1152e-05
394157,8.4992e-05
394219,0.000886528
394299,7.68e-06
394310,2.56e-06
394334,2.688e-05
394345,5.5808e-05
394567,9.6512e-05
394584,0.000345344
394684,2.2784e-05
394706,3.2256e-05
394810,2.0736e-05
394845,0.000135424
394874,0.000436224
394923,1.6896e-05
394981,1.0752e-05
395016,0.000151808
395079,2.56e-06
395092,3.84e-06
395100,0.00036224
395176,5.12e-06
395253,7.0912e-05
395327,7.424e-06
395336,0.00018688
395375,1.0496e-05
395430,5.4784e-05
395488,1.2544e-05
395520,0.000549888
395767,3.8144e-05
395791,0.005558784
395882,2.3808e-05
395935,8.32e-05
395972,8.8576e-05
396006,1.536e-06
396052,3.84e-06
396060,2.048e-06
396123,2.3296e-05
396149,0.00071168
396256,0.00023552
396304,1.3824e-05
396353,7.552e-05
396358,0.000440832
396402,5.12e-06
396430,5.12e-07
396448,6.656e-06
396450,0.000121344
396518,1.28e-05
396602,2.816e-06
396612,0.000159744
396680,5.632e-06
396748,2.6624e-05
396799,5.9904e-05
396831,2.304e-05
396894,6.8864e-05
396959,3.0976e-05
396976,6.144e-06
397028,2.8928e-05
397070,7.0144e-05
397109,0.000537344
397194,0.00016512
397307,2.56e-07
397355,2.1248e-05
397358,6.4e-05
397425,6.5536e-05
397494,1.28e-06
397525,3.3792e-05
397565,0.001775872
397629,4.1728e-05
397726,2.7392e-05
397744,0.000731904
397857,2.2784e-05
397937,7.1424e-05
397990,3.584e-05
398102,7.552e-05
398132,0.000147968
398169,4.0192e-05
398221,2.2528e-05
398266,1.8176e-05
398268,0.001702912
398404,2.9952e-05
398459,2.9952e-05
398468,0.000118528
398533,3.2e-05
398537,7.424e-06
398785,0.001010176
398832,1.4592e-05
398874,0.000261376
398921,1.7152e-05
398986,3.6096e-05
399014,0.00011392
399075,4.9408e-05
399158,7.5776e-05
399210,7.3728e-05
399268,7.296e-05
399289,8.448e-06
399315,1.92e-05
399336,1.2544e-05
399341,6.3744e-05
399378,8.9856e-05
399409,3.7888e-05
399481,2.2528e-05
399505,1.2288e-05
399514,3.9936e-05
399537,1.2288e-05
399581,0.000116224
399723,1.0752e-05
399758,8.96e-05
399824,6.9376e-05
399843,3.328e-05
399891,3.584e-05
399957,2.3552e-05
399978,0.000884992
400015,6.5792e-05
400134,0.000115456
400209,0.000355072
400238,9.216e-06
400264,5.0944e-05
400298,2.4576e-05
400385,4.864e-06
400410,2.6112e-05
400430,7.552e-05
400447,1.4592e-05
400504,3.0208e-05
400523,5.6832e-05
400576,0.000385536
400681,1.3824e-05
400736,6.7584e-05
400753,3.0464e-05
400798,2.5088e-05
400827,1.3056e-05
400864,0.00021376
400920,0.000670208
400981,1.7152e-05
401028,1.024e-06
401207,0.000391424
401280,3.072e-05
401306,1.792e-05
401344,9.0112e-05
401422,1.2032e-05
401511,6.144e-05
401562,9.984e-06
401577,4.992e-05
401606,9.728e-06
401611,2.0224e-05
401667,2.2784e-05
401671,4.352e-06
401765,0.000848896
401777,0.003078656
401808,0.000292864
401847,8.3968e-05
401871,8.704e-05
402027,3.0976e-05
402042,2.56e-05
402054,1.5104e-05
402143,1.8176e-05
402168,1.1264e-05
402196,8.704e-06
402212,5.8112e-05
402289,9.2672e-05
402298,0.000163072
402348,2.816e-06
402361,2.2784e-05
402380,2.2528e-05
402416,3.072e-06
402426,9.216e-06
402460,1.536e-06
402484,3.2512e-05
402491,5.504e-05
402595,0.000120064
402629,3.6608e-05
402636,2.56e-07
402650,1.7664e-05
402691,9.984e-06
402772,1.792e-05
402784,3.4048e-05
402840,5.12e-06
402888,4.352e-06
402951,3.8144e-05
403000,5.4016e-05
403078,0.000631296
403129,2.304e-06
403236,2.6368e-05
403254,0.000118528
403328,0.000290048
403382,8.448e-06
403462,1.6128e-05
403544,4.7616e-05
403565,1.2288e-05
403577,0.000102144
403607,3.5328e-05
403624,0.000134656
403820,3.3024e-05
403919,8.8832e-05
403944,2.56e-06
403987,1.664e-05
404012,0.001614848
404044,1.28e-06
404104,3.584e-06
404170,6.0672e-05
404192,0.000116992
404244,1.0496e-05
404300,6.656e-06
404322,0.000112384
404412,1.6128e-05
404483,3.84e-06
404543,1.6896e-05
404545,5.0944e-05
404560,1.9456e-05
404630,7.936e-06
404765,0.00095488
404778,0.001632256
404870,2.3808e-05
404906,7.6032e-05
404990,1.024e-06
405038,4.3264e-05
405068,8.4224e-05
405145,1.1264e-05
405193,2.048e-06
405249,4.3008e-05
405269,5.4016e-05
405319,1.152e-05
405366,0.00012288
405418,1.6896e-05
405484,0.000225536
405538,6.5024e-05
405566,5.12e-06
405569,1.1008e-05
405625,2.2016e-05
405665,3.4816e-05
405687,1.5104e-05
405696,8.1664e-05
405712,0.00014208
405791,2.2016e-05
405807,4.9152e-05
405877,0.000112896
405939,8.3456e-05
405985,0.000324096
406029,2.176e-05
406048,0.00018944
406160,7.68e-07
406207,6.4512e-05
406238,2.4832e-05
406274,7.68e-06
406284,1.024e-06
406308,0.000109824
406338,2.9696e-05
406382,8.6784e-05
406468,4.1984e-05
406511,1.3568e-05
406519,0.000109056
406564,1.7664e-05
406565,1.9456e-05
406584,0.000215552
406619,0.001052928
406679,1.408e-05
406755,2.9696e-05
406790,6.8096e-05
406793,3.3024e-05
406879,5.8368e-05
406999,8.704e-05
407033,6.4e-06
407066,2.688e-05
407117,2.816e-05
407124,1.28e-05
407186,5.376e-05
407253,8.192e-05
407276,3.84e-06
407309,8.96e-06
407351,3.3792e-05
407381,2.56e-07
407395,1.0752e-05
407400,0.000617472
407443,1.024e-06
407706,1.1008e-05
407770,6.2208e-05
407960,0.00018048
408003,6.8608e-05
408005,0.000184832
408143,5.632e-06
408312,3.2e-05
408378,0.00159616
408476,0.000116736
408517,2.4576e-05
408537,7.808e-05
408580,0.000247808
408668,1.536e-06
408739,5.3248e-05
408752,0.000303104
408793,0.000131072
408882,1.3568e-05
408884,1.6128e-05
408939,4.6848e-05
408988,4.992e-05
409034,5.888e-06
409106,2.5088e-05
409112,4.4032e-05
409151,2.048e-06
409190,1.408e-05
409206,1.6896e-05
409275,1.792e-05
409339,7.68e-05
409390,2.2784e-05
409440,4.864e-06
409445,6.2976e-05
409576,6.5024e-05
409588,1.7408e-05
409603,1.0496e-05
409646,2.0736e-05
409738,3.456e-05
409810,6.9632e-05
409877,1.9456e-05
409955,2.56e-05
410133,2.2784e-05
410179,3.9936e-05
410259,2.304e-06
410263,4.352e-06
410293,1.4848e-05
410315,0.00013568
410368,2.816e-06
410384,0.000235264
410504,5.888e-05
410570,1.3056e-05
410611,1.152e-05
410651,1.9712e-05
410706,1.024e-05
410764,7.168e-06
410774,4.5568e-05
410781,0.002249216
410835,2.8416e-05
410887,9.216e-06
410907,1.536e-06
410917,9.472e-06
410924,1.5104e-05
410978,2.2272e-05
411094,9.472e-06
411137,7.6544e-05
411195,9.472e-06
411220,0.000172288
411269,3.5328e-05
411305,1.3568e-05
411332,2.304e-06
411361,4.864e-06
411380,4.7616e-05
411381,0.000192256
411442,0.0004224
411488,0.000896512
411512,5.3248e-05
411542,2.4832e-05
411552,0.00038272
411612,0.000132096
411622,9.4464e-05
411652,0.000211456
411702,1.4336e-05
411712,0.000116992
411772,0.000201984
411792,0.00028288
411822,0.000241664
411842,0.000247552
411872,3.584e-05
411882,0.00054272
411902,0.000165632
411912,0.000327936
411932,0.000129536
411942,0.000126464
411952,0.000194048
411972,0.000197888
411982,0.000243968
412002,1.2544e-05
412012,7.7568e-05
412022,0.0001856
412032,0.000118016
412042,7.3216e-05
412062,0.00029696
412066,3.8912e-05
412102,0.000472576
412112,0.00047232
412132,0.000370176
412142,0.000201216
412162,0.000187392
412172,0.000502272
412182,0.000224
412192,0.000646144
412222,0.000124416
412232,0.000242944
412252,0.00043648
412262,3.6096e-05
412272,0.000327168
412292,0.000527104
412302,6.912e-05
412322,0.000252928
412332,0.000366848
412342,0.000481024
412362,0.000636672
412392,0.000684544
412452,5.4528e-05
412474,7.68e-06
412556,9.8048e-05
412606,0.000148224
412642,0.00011776
412687,1.792e-06
412718,1.2288e-05
412829,2.4576e-05
412930,5.8624e-05
412975,5.4784e-05
413164,0.000146176
413201,2.5856e-05
413426,2.304e-05
413456,4.7616e-05
413519,0.000155392
413591,4.5312e-05
413720,1.152e-05
413766,8.2688e-05
413769,0.000179456
413773,1.024e-05
413800,5.8112e-05
413817,0.001526528
413945,4.9152e-05
413960,0.000393216
414128,3.328e-06
414203,2.56e-05
414218,2.048e-06
414269,5.7088e-05
414333,3.1232e-05
414366,0.000124672
414446,4.864e-06
414455,2.8928e-05
414512,3.8912e-05
414554,3.072e-05
414589,2.9952e-05
414595,6.144e-06
414615,9.472e-06
414657,1.792e-06
414666,1.9712e-05
414705,2.816e-06
414763,1.4848e-05
414814,4.2752e-05
414827,0.000855552
414863,8.1152e-05
414885,0.000194048
414921,0.000122112
414965,0.000946176
415012,4.9408e-05
415048,8.3712e-05
415100,1.536e-05
415117,5.2736e-05
415149,3.456e-05
415156,0.00012544
415239,5.376e-06
415353,1.8176e-05
415363,5.0688e-05
415406,2.5088e-05
415470,1.3312e-05
415510,3.0208e-05
415540,8.7552e-05
415571,2.56e-07
415585,2.7648e-05
415608,4.3776e-05
415625,0.00014336
415684,5.8624e-05
415691,3.8656e-05
415710,0.000152832
415714,0.000841728
415801,7.1424e-05
415840,9.472e-06
415860,5.632e-06
415901,6.912e-06
415926,0.000128768
415932,0.000122368
416015,0.00053888
416065,7.2192e-05
416119,2.1248e-05
416154,1.5104e-05
416170,0.000990208
416184,0.00024448
416231,0.000144128
416254,0.000191744
416347,3.1744e-05
416375,4.5568e-05
416390,2.8928e-05
416426,0.000106752
416503,2.9184e-05
416577,1.3568e-05
416593,5.248e-05
416631,3.84e-06
416633,1.28e-06
416665,0.000131584
416706,1.5104e-05
416732,2.8416e-05
416814,1.1264e-05
416952,2.816e-06
416975,2.0224e-05
417025,5.8624e-05
417030,6.4256e-05
417039,6.7328e-05
417057,2.2272e-05
417079,7.3728e-05
417098,3.456e-05
417158,2.304e-06
417234,2.816e-06
417266,1.792e-06
417324,1.0752e-05
417344,6.7072e-05
417376,5.9904e-05
417419,4.2752e-05
417423,9.4976e-05
417486,4.1472e-05
417517,2.432e-05
417538,4.3776e-05
417566,3.584e-05
417581,1.8688e-05
417617,4.8128e-05
417658,2.9952e-05
417699,5.12e-06
417718,2.0224e-05
417738,7.68e-07
417762,0.0001472
417820,8.448e-06
417841,1.2544e-05
417868,7.552e-05
417976,0.00021632
418083,4.0448e-05
418138,2.4064e-05
418177,5.376e-06
418234,2.4576e-05
418251,1.5872e-05
418277,1.6896e-05
418337,4.6848e-05
418345,0.000375296
418425,1.9456e-05
418496,4.864e-06
418565,4.608e-06
418583,0.000592128
418656,7.936e-06
418681,6.656e-05
418716,1.1008e-05
418784,7.4496e-05
418794,2.6368e-05
418847,4.864e-06
418860,2.5088e-05
418880,3.8656e-05
418886,3.2e-05
419000,8.1152e-05
419051,6.144e-06
419054,3.3536e-05
419067,3.3792e-05
419177,0.000680704
419254,5.4528e-05
419282,1.792e-06
419307,6.0928e-05
419390,2.56e-06
419396,7.68e-07
419424,2.3808e-05
419593,3.2e-05
419616,1.7408e-05
419676,1.28e-06
419706,1.8688e-05
419746,6.272e-05
419778,0.000311808
419785,0.005707264
419833,9.9328e-05
419843,7.68e-06
420021,0.000294656
420048,1.8688e-05
420064,0.000459264
420134,3.1744e-05
420193,2.3808e-05
420244,7.936e-06
420277,8.0128e-05
420324,4.6848e-05
420360,0.000194048
420384,0.00035072
420393,0.00099328
420507,1.5104e-05
420525,0.000124928
420576,4.3776e-05
420613,0.000402432
420692,2.048e-06
420698,3.9936e-05
420809,3.7888e-05
420839,5.12e-06
420840,5.5296e-05
420967,9.2928e-05
420984,9.5488e-05
420986,8.704e-06
421012,2.688e-05
421025,6.3232e-05
421051,1.2288e-05
421074,5.3248e-05
421141,5.632e-05
421176,3.712e-05
421237,3.5584e-05
421300,4.352e-06
421367,1.4592e-05
421391,9.1392e-05
421412,3.3024e-05
421423,1.024e-06
421493,1.408e-05
421508,0.000161024
421538,0.000267264
421565,0.006063616
421595,0.00021888
421679,0.001388032
421727,2.2784e-05
421766,2.7904e-05
421807,5.632e-06
421937,2.688e-05
421990,1.6896e-05
422006,7.68e-06
422014,7.936e-06
422070,2.048e-05
422104,7.68e-06
422119,1.3312e-05
422160,2.7904e-05
422264,1.1008e-05
422332,3.1744e-05
422395,1.5104e-05
422397,2.56e-07
422439,3.072e-06
422507,5.76e-05
422518,0.000869376
422650,7.04e-05
422684,0.00025216
422764,0.002190336
422941,2.816e-06
423085,6.5024e-05
423145,1.5104e-05
423154,5.632e-06
423164,1.3312e-05
423246,1.6128e-05
423292,1.792e-06
423339,1.536e-06
423366,5.6064e-05
423463,6.4768e-05
423500,2.2784e-05
423570,1.7408e-05
423657,3.072e-05
423764,3.072e-05
423801,1.2032e-05
423879,5.6064e-05
423920,0.000167168
423976,2.56e-07
424032,6.9376e-05
424093,1.792e-06
424157,0.000154368
424246,3.072e-06
424264,1.024e-06
424348,1.2032e-05
424459,3.3536e-05
424493,4.6848e-05
424549,0.000177664
424577,5.12e-07
424609,0.000499968
424658,0.0001472
424792,2.6624e-05
424813,3.0976e-05
424961,1.3568e-05
425079,2.2272e-05
425083,1.6128e-05
425129,2.7648e-05
425173,1.8944e-05
425183,0.0015104
425264,1.6896e-05
425313,6.144e-05
425366,3.328e-06
425379,2.176e-05
425466,7.424e-06
425504,1.28e-05
425526,7.9616e-05
425574,1.792e-06
425615,2.2784e-05
425732,5.12e-06
425743,5.1712e-05
425759,5.888e-06
425848,2.2016e-05
425893,3.9936e-05
426010,0.000433408
426109,3.072e-05
426200,3.3024e-05
426273,6.5536e-05
426276,0.00016768
426303,7.168e-06
426377,3.5328e-05
426379,4.864e-05
426413,5.6064e-05
426449,4.096e-06
426507,3.456e-05
426594,1.3312e-05
426603,7.1424e-05
426704,8.0384e-05
426799,3.584e-06
426806,0.002462464
426854,0.000118528
426870,1.7664e-05
426903,0.000877056
426965,0.000208384
426978,1.5616e-05
427044,1.28e-05
427048,0.00025856
427131,1.3312e-05
427147,8.2688e-05
427199,4.8384e-05
427295,0.000229632
427384,0.000121856
427397,0.000162816
427440,1.3056e-05
427475,8.4224e-05
427518,5.2224e-05
427569,0.000254976
427702,4.48e-05
427706,9.7536e-05
427726,5.0432e-05
427794,0.000251136
427824,1.408e-05
427853,0.000158208
427908,2.304e-05
427983,3.0976e-05
428026,5.7344e-05
428047,2.944e-05
428092,8.7552e-05
428166,6.144e-05
428177,7.68e-05
428180,0.000144384
428183,6.656e-05
428241,7.68e-06
428245,0.000342784
428290,9.4976e-05
428327,1.3312e-05
428349,1.8688e-05
428358,2.688e-05
428414,1.6896e-05
428421,0.000101632
428451,4.48e-05
428540,2.048e-06
428557,2.9696e-05
428620,3.584e-06
428626,5.12e-07
428697,1.7664e-05
428718,2.7648e-05
428753,3.8912e-05
428762,0.000108032
428789,0.00015872
428801,9.6512e-05
428846,3.9936e-05
428931,2.3296e-05
428944,2.0992e-05
428951,0.000124416
428963,4.3264e-05
429041,4.096e-06
429257,0.000318976
429364,1.8688e-05
429366,0.00043136
429403,0.000100864
429456,0.000467456
429578,2.2272e-05
429677,5.888e-06
429763,4.5056e-05
429777,5.376e-06
429852,8.0896e-05
429873,3.4816e-05
429878,4.5312e-05
429889,2.304e-05
429896,0.000288256
429966,2.9696e-05
429988,6.6304e-05
430030,1.024e-05
430114,9.9072e-05
430166,9.472e-06
430206,1.92e-05
430255,3.8656e-05
430318,6.656e-06
430431,8.832e-05
430442,0.000189696
430542,2.56e-06
430550,0.000187648
430634,1.024e-05
430751,1.3568e-05
430772,9.216e-06
430836,3.968e-05
430879,6.4e-06
430905,0.000178432
430929,2.5344e-05
431001,0.000101376
431011,6.1184e-05
431049,0.00015232
431115,5.248e-05
431154,1.5872e-05
431181,0.004823808
431271,3.5072e-05
431275,1.664e-05
431309,9.216e-06
431365,8.704e-06
431427,2.6368e-05
431490,5.2224e-05
431506,8.9856e-05
431699,1.28e-06
431744,0.000132096
431780,0.000158976
431903,3.712e-05
431911,0.000223232
431960,0.000312832
431999,1.7152e-05
432018,2.56e-06
432044,5.504e-05
432081,0.000114432
432119,0.000635136
432232,4.5824e-05
432298,1.5616e-05
432321,5.4528e-05
432380,0.00060544
432451,9.7024e-05
432498,2.6368e-05
432509,4.1984e-05
432575,9.216e-06
432582,0.000110592
432647,9.6512e-05
432702,7.68e-06
432727,3.84e-06
432766,1.536e-06
432777,0.000155648
432800,1.5616e-05
432860,1.8176e-05
432916,1.1008e-05
432965,0.000194048
432979,0.00041472
433017,5.9392e-05
433086,8.96e-06
433087,0.000611328
433163,0.000210176
433276,2.6624e-05
433309,0.000308736
433412,2.688e-05
433448,8.2688e-05
433456,0.000183552
433494,0.000250624
433565,0.000245248
433643,8.2944e-05
433666,2.9184e-05
433682,9.728e-06
433781,7.3728e-05
433804,0.000183552
434011,3.5328e-05
434054,2.9952e-05
434074,8.96e-06
434164,1.2032e-05
434174,3.5072e-05
434177,8.704e-06
434185,5.1968e-05
434209,2.2528e-05
434292,0.000128256
434448,5.248e-05
434497,1.5104e-05
434606,5.4528e-05
434653,0.00140544
434743,4.0192e-05
434782,0.000277504
434791,0.000565504
434863,0.000166144
434884,8.3968e-05
434926,9.216e-05
434955,1.2544e-05
434970,3.1744e-05
435027,5.248e-05
435056,8.0384e-05
435077,2.7392e-05
435095,9.216e-06
435149,0.000112384
435161,0.00015232
435191,4.864e-06
435259,1.28e-06
435264,0.00012928
435294,1.4848e-05
435311,8.3968e-05
435332,1.28e-06
435334,0.000376832
435364,0.001997824
435479,6.9632e-05
435532,1.4592e-05
435543,2.7904e-05
435598,2.56e-06
435621,6.272e-05
435780,2.304e-06
435847,5.76e-05
435933,0.000109824
435975,2.6624e-05
436155,3.1744e-05
436178,8.0384e-05
436201,1.5104e-05
436206,5.0688e-05
436241,6.144e-06
436456,2.6624e-05
436531,1.3568e-05
436590,9.984e-06
436649,3.84e-06
436665,7.936e-06
436758,1.4336e-05
436794,5.8368e-05
436843,5.632e-05
436865,2.0992e-05
437016,2.6624e-05
437087,1.8432e-05
437108,1.792e-05
437124,8.0128e-05
437164,4.864e-06
437183,0.00074624
437246,0.0002816
437387,0.000166144
437462,1.8176e-05
437523,7.68e-07
437541,7.168e-06
437562,3.6352e-05
437597,1.2544e-05
437659,0.000132352
437676,4.352e-05
437706,6.2208e-05
437727,0.0
437772,5.4272e-05
437794,0.00027648
437801,4.0448e-05
437960,0.000406784
438016,7.7312e-05
438055,3.1744e-05
438113,1.7408e-05
438127,3.84e-06
438172,2.56e-05
438188,4.7104e-05
438202,0.000288
438239,2.5856e-05
438363,4.992e-05
438377,0.00070016
438388,1.3568e-05
438445,0.0001472
438467,3.6096e-05
438495,2.9696e-05
438505,3.072e-06
438533,2.048e-05
438558,1.4848e-05
438590,2.2272e-05
438602,1.8944e-05
438710,3.2256e-05
438725,9.4208e-05
438755,6.144e-06
438765,0.000284928
438815,9.728e-05
438825,2.048e-05
438845,0.000123392
438855,0.000128512
438865,0.000114432
438895,2.6624e-05
438905,8.4992e-05
438925,0.000287744
438935,0.000146944
438945,0.000301568
438955,0.000539904
438975,0.000196096
439005,0.000150784
439015,0.000358656
439045,0.000402432
439055,0.000174336
439065,0.000188672
439075,0.000459264
439095,2.3808e-05
439115,0.000626176
439145,0.000295936
439165,0.0003264
439175,0.000205056
439185,0.000278784
439205,0.00035712
439215,0.000386816
439225,0.000210176
439235,0.00086144
439255,0.000519424
439265,2.432e-05
439295,0.000469248
439315,0.000241408
439325,0.000914688
439335,9.4464e-05
439355,0.000550912
439375,0.000550144
439405,0.000549632
439423,0.000428288
439461,3.0976e-05
439509,1.408e-05
439511,1.8176e-05
439588,0.000212992
439603,0.000297728
439686,3.9424e-05
439698,2.0224e-05
439726,3.6608e-05
439826,3.8656e-05
439847,2.4576e-05
439954,3.328e-06
440140,0.0002048
440164,1.024e-05
440178,0.001256704
440228,9.472e-06
440260,0.000118528
440284,1.536e-06
440334,0.000312064
440392,0.00014976
440496,5.632e-06
440540,2.2272e-05
440543,1.0496e-05
440602,1.8688e-05
440646,2.6368e-05
440647,0.000185856
440712,8.448e-06
440778,0.001974528
440801,0.000262912
440830,0.000101888
440872,9.984e-06
440874,4.7616e-05
440894,8.1664e-05
440920,4.352e-06
440937,0.000177152
441028,0.000193792
441188,5.12e-07
441248,7.68e-05
441280,1.4848e-05
441319,2.304e-06
441348,4.736e-05
441393,3.328e-06
441433,7.68e-07
441579,1.1008e-05
441632,2.4576e-05
441642,2.048e-06
441675,3.6608e-05
441787,5.376e-06
441825,3.1232e-05
441846,4.864e-05
441871,2.7392e-05
441962,3.5584e-05
441976,0.00011648
441994,4.5312e-05
442025,2.56e-06
442031,2.1248e-05
442053,6.144e-06
442093,9.472e-06
442146,2.3552e-05
442179,1.0752e-05
442192,7.424e-05
442315,4.0704e-05
442337,1.664e-05
442438,8.832e-05
442466,2.1248e-05
442565,0.00048
442583,0.00012672
442734,1.0496e-05
442763,5.4272e-05
442801,9.728e-06
442858,2.0992e-05
442919,8.1664e-05
442937,3.456e-05
442994,1.5616e-05
443012,4.8384e-05
443031,5.248e-05
443055,5.376e-06
443057,7.296e-05
443095,3.84e-06
443165,0.000299776
443176,4.736e-05
443198,0.000552704
443229,1.3312e-05
443329,1.28e-06
443347,0.000214272
443395,6.9376e-05
443433,7.936e-06
443473,0.000112384
443522,1.9712e-05
443743,1.664e-05
443792,1.8432e-05
443830,4.608e-06
443985,0.0
444040,0.000257024
444111,3.072e-06
444288,8.448e-06
444343,0.0002816
444373,9.472e-06
444380,2.0736e-05
444395,5.8368e-05
444442,1.1776e-05
444472,2.4064e-05
444530,8.448e-06
444695,6.784e-05
444755,0.00036864
444806,6.4e-06
444863,2.56e-06
444889,6.912e-05
444964,2.6368e-05
444966,0.000158976
444980,2.304e-05
444988,3.6096e-05
445098,1.7664e-05
445126,1.1264e-05
445153,5.6576e-05
445206,1.4848e-05
445227,2.2016e-05
445359,2.304e-06
445361,0.000340992
445431,2.688e-05
445564,0.001780224
445625,8.4992e-05
445646,8.192e-06
445678,1.8944e-05
445686,5.8624e-05
445798,8.704e-06
445809,3.712e-05
445894,5.9136e-05
446007,1.2288e-05
446030,6.6048e-05
446049,7.936e-05
446156,1.536e-06
446176,2.4576e-05
446209,8.2944e-05
446378,7.68e-06
446406,6.1952e-05
446434,6.9888e-05
446570,5.7088e-05
446591,1.024e-06
446636,9.216e-06
446650,7.936e-06
446693,4.1216e-05
446729,1.28e-06
446765,1.9456e-05
446766,4.608e-06
446777,0.000827136
446808,0.001127424
446856,7.936e-06
446971,1.28e-05
447014,1.8944e-05
447019,1.6128e-05
447020,0.001306624
447071,5.376e-06
447129,6.2464e-05
447161,1.6128e-05
447232,3.6096e-05
447258,4.0704e-05
447317,3.9424e-05
447367,5.7344e-05
447375,0.00047744
447438,3.072e-06
447477,4.608e-06
447508,2.816e-05
447570,1.5104e-05
447662,4.096e-05
447689,9.216e-06
447873,0.000195328
447965,1.28e-06
447976,9.984e-06
447978,0.00160512
448081,8.96e-06
448099,1.5104e-05
448182,1.2032e-05
448207,5.632e-06
448326,1.28e-05
448364,7.4496e-05
448389,5.632e-06
448476,9.4208e-05
448510,1.4592e-05
448536,2.048e-06
448565,3.1488e-05
448582,0.00041472
448601,8.5504e-05
448639,0.000439808
448706,3.9936e-05
448799,1.5872e-05
448870,1.536e-05
448911,2.56e-06
448923,5.0432e-05
449009,5.6832e-05
449058,8.96e-05
449103,4.608e-06
449166,2.304e-06
449181,6.9888e-05
449215,0.00026112
449457,5.632e-06
449474,8.5504e-05
449519,6.912e-06
449597,7.168e-06
449718,6.1184e-05
449737,2.176e-05
449764,2.1504e-05
449782,1.1008e-05
449787,0.000292608
449789,7.936e-06
449805,0.000137472
449897,1.4848e-05
449934,9.088e-05
449998,0.000203008
450064,1.3568e-05
450127,5.3248e-05
450159,7.168e-06
450172,2.2272e-05
450270,2.304e-05
450292,5.888e-06
450311,1.6128e-05
450376,0.000151552
450454,3.712e-05
450602,8.5248e-05
450647,5.376e-05
450718,5.9136e-05
450745,0.00013696
450798,4.992e-05
450826,9.3696e-05
450835,2.3552e-05
450889,2.2784e-05
450941,5.0944e-05
450977,4.0448e-05
450982,0.001470976
451048,3.3792e-05
451110,6.6816e-05
451133,2.688e-05
451187,1.0752e-05
451263,4.7616e-05
451304,0.000456448
451351,1.4848e-05
451396,6.6304e-05
451565,7.0144e-05
451579,5.12e-06
451582,0.0011264
451624,3.84e-06
451656,4.6592e-05
451710,2.56e-05
451775,1.2288e-05
451793,6.144e-06
451860,1.0752e-05
451906,1.536e-06
451914,2.7392e-05
452069,0.000871936
452151,2.5088e-05
452166,7.0912e-05
452178,3.7376e-05
452179,0.000813056
452230,3.072e-06
452456,6.656e-06
452482,2.048e-06
452513,2.1248e-05
452520,1.92e-05
452535,1.3056e-05
452618,1.664e-05
452621,0.000130048
452694,2.176e-05
452715,2.0224e-05
452782,2.9696e-05
452824,2.304e-06
452868,5.5296e-05
452936,3.2256e-05
453028,4.608e-06
453043,1.8944e-05
453080,2.6368e-05
453216,1.0496e-05
453266,2.2784e-05
453302,6.912e-06
453318,2.4064e-05
453347,5.76e-05
453398,0.001459968
453467,8.9088e-05
453623,1.152e-05
453644,2.9184e-05
453765,3.84e-05
453792,9.7024e-05
453804,3.8912e-05
453918,2.304e-05
453989,8.8576e-05
454048,0.0001408
454184,5.632e-06
454308,8.3456e-05
454435,5.0176e-05
454569,4.4288e-05
454583,0.001590016
454638,1.6896e-05
454673,3.84e-06
454677,0.000228608
454720,0.00031872
454807,2.5088e-05
454907,7.68e-06
454934,3.8656e-05
454944,5.888e-06
454958,0.000105216
455114,9.984e-06
455281,3.1744e-05
455308,8.192e-06
455339,2.816e-06
455377,6.656e-05
455404,0.000232448
455433,1.2544e-05
455449,3.8912e-05
455543,9.6768e-05
455689,0.000216832
455762,2.048e-05
455765,0.000330496
455782,0.000455168
455894,3.328e-06
455960,1.152e-05
455985,5.1968e-05
455998,1.4592e-05
456014,2.9696e-05
456090,4.096e-06
456106,0.000103936
456193,2.816e-06
456198,2.2016e-05
456224,4.352e-05
456311,6.144e-06
456349,1.28e-06
456391,3.072e-06
456408,5.9648e-05
456439,1.7408e-05
456491,0.000438272
456576,0.000303872
456601,1.2032e-05
456606,4.0192e-05
456634,3.584e-06
456708,0.000297728
456743,4.864e-06
456764,3.7888e-05
456850,1.28e-06
456940,7.424e-06
456965,0.000229888
456987,0.000386304
457041,0.000257024
457089,7.7056e-05
457103,2.9952e-05
457253,1.5872e-05
457385,0.000801024
457406,2.0992e-05
457486,2.6624e-05
457511,3.3792e-05
457559,1.92e-05
457581,0.000134656
457583,0.000213504
457595,0.000566784
457654,3.072e-06
457661,3.6352e-05
457699,0.0006016
457713,0.00016256
457774,0.000331776
457825,0.005150464
457876,0.000668416
457926,2.8672e-05
457940,4.3264e-05
457964,6.5536e-05
458110,6.2464e-05
458125,3.5072e-05
458149,4.096e-06
458165,1.4592e-05
458258,7.68e-06
458323,6.656e-06
458392,0.000117248
458476,1.6128e-05
458484,1.4848e-05
458546,6.144e-06
458590,1.3056e-05
458777,0.002157312
458784,0.001736448
458847,1.2032e-05
458898,3.5328e-05
458911,8.96e-06
458920,0.000121088
458956,2.2784e-05
459000,2.176e-05
459025,2.3808e-05
459087,1.2544e-05
459116,2.3296e-05
459223,1.28e-05
459242,1.3056e-05
459377,2.6368e-05
459468,0.000151808
459531,1.0752e-05
459533,3.584e-06
459567,0.000126976
459616,1.7664e-05
459659,1.8688e-05
459723,2.8672e-05
459803,2.432e-05
459831,1.1264e-05
459849,2.9184e-05
459859,6.656e-06
459915,0.0
459935,1.4848e-05
459951,6.912e-05
459981,2.0992e-05
460020,3.7888e-05
460095,8.7808e-05
460126,0.000389376
460161,1.4592e-05
460180,9.5232e-05
460196,1.536e-06
460224,0.000761088
460306,3.968e-05
460321,6.4e-06
460415,2.9184e-05
460418,8.96e-06
460505,4.608e-06
460566,0.000313088
460739,3.0976e-05
460771,1.664e-05
460780,0.000192256
460825,7.7568e-05
460919,4.3008e-05
460931,1.3312e-05
460999,4.608e-06
461026,1.9712e-05
461081,0.000388352
461142,4.5056e-05
461162,5.6576e-05
461182,0.000835072
461282,0.000317184
461407,2.0224e-05
461414,5.6064e-05
461428,2.2528e-05
461435,1.8176e-05
461577,5.12e-07
461594,0.000622336
461707,2.56e-06
461729,4.5056e-05
461776,1.2288e-05
461785,4.3264e-05
461830,8.32e-05
461868,4.352e-05
461960,0.00047104
461982,1.6896e-05
462031,1.7664e-05
462079,0.000113408
462093,2.816e-06
462096,4.608e-06
462140,1.3568e-05
462181,3.2512e-05
462361,0.000200448
462388,2.176e-05
462540,3.7888e-05
462647,5.12e-06
462720,8.0384e-05
462758,6.144e-06
462807,4.5056e-05
462859,1.4336e-05
462926,1.2032e-05
462946,2.7904e-05
462975,1.3056e-05
462984,0.000132352
463009,8.832e-05
463056,2.1248e-05
463102,1.4848e-05
463181,1.2544e-05
463194,3.072e-06
463234,9.2416e-05
463275,1.6128e-05
463359,5.9648e-05
463412,0.0
463428,0.004046592
463494,0.000186112
463537,2.7392e-05
463577,4.352e-06
463580,1.6128e-05
463634,1.0496e-05
463679,0.000215296
463703,1.9712e-05
463751,4.4032e-05
463816,2.56e-06
463863,4.1216e-05
463901,5.1456e-05
463946,1.2544e-05
464001,8.96e-06
464092,6.5024e-05
464133,2.048e-06
464178,0.001416704
464331,2.816e-06
464387,2.8672e-05
464457,6.3488e-05
464535,2.2016e-05
464586,1.7664e-05
464638,5.76e-05
464754,4.6848e-05
464773,5.1712e-05
464801,0.000685824
464965,9.216e-06
465000,6.3744e-05
465081,6.144e-06
465099,3.2256e-05
465108,1.1776e-05
465124,1.536e-05
465148,4.9664e-05
465181,1.5104e-05
465409,4.352e-06
465416,1.3568e-05
465581,3.7376e-05
465626,2.304e-05
465647,7.936e-05
465733,4.096e-06
465780,2.688e-05
465803,6.656e-06
465815,7.4752e-05
465894,6.1696e-05
465931,2.048e-06
465965,0.000386304
465994,0.000137216
466030,9.2672e-05
466121,4.8384e-05
466173,6.912e-06
466192,6.144e-06
466235,1.6384e-05
466286,0.000107008
466412,1.8688e-05
466481,3.2512e-05
466499,6.2976e-05
466521,4.096e-05
466578,0.000171008
466670,2.304e-06
466806,1.024e-06
466853,4.6592e-05
466890,5.632e-06
466914,3.1488e-05
466929,7.424e-06
467013,4.096e-06
467076,1.7408e-05
467165,6.144e-06
467188,0.000180992
467275,3.8656e-05
467345,2.0992e-05
467411,9.984e-06
467446,8.704e-06
467500,2.304e-06
467552,4.864e-05
467601,2.0224e-05
467664,1.024e-06
467748,2.7392e-05
467762,5.0432e-05
467785,0.000155392
467796,0.001910016
467814,0.001876992
467879,2.0224e-05
467918,7.424e-06
467926,1.0752e-05
467954,1.7152e-05
467993,1.536e-06
468046,2.816e-06
468077,8.192e-06
468114,0.0001856
468123,0.001116416
468234,0.000154368
468343,6.912e-06
468365,0.000109056
468463,1.024e-06
468473,2.9184e-05
468486,2.432e-05
468526,1.0752e-05
468550,0.00018048
468573,4.1472e-05
468649,2.048e-06
468669,2.3296e-05
468695,4.608e-05
468734,5.376e-06
468768,2.1504e-05
468783,2.4832e-05
468802,1.28e-06
468808,2.048e-05
468861,2.304e-06
468931,3.2768e-05
468952,1.2288e-05
468981,0.001184768
469063,2.304e-06
469102,2.1248e-05
469121,0.00010752
469176,4.864e-06
469213,9.6e-05
469335,1.92e-05
469351,1.3056e-05
469382,0.000136192
469440,1.8176e-05
469447,2.048e-06
469466,6.7584e-05
469482,5.12e-07
469580,6.4e-06
469582,0.000147968
469642,3.6352e-05
469648,0.000246016
469709,0.00026496
469751,2.2016e-05
469834,9.216e-06
470003,1.7664e-05
470030,6.144e-06
470033,4.6336e-05
470114,0.000152064
470134,0.00093056
470182,0.000143104
470220,2.432e-05
470245,6.144e-06
470293,0.000259584
470388,2.56e-05
470408,1.1008e-05
470430,2.1504e-05
470511,6.0928e-05
470573,1.2544e-05
470604,8.7808e-05
470642,2.8416e-05
470675,6.8864e-05
470724,0.000277248
470765,0.000140288
470810,6.4512e-05
470849,6.528e-05
470935,5.632e-05
470957,0.000193536
471152,1.8176e-05
471209,1.792e-05
471239,1.1264e-05
471245,9.1136e-05
471275,7.68e-06
471309,1.8432e-05
471318,5.12e-06
471326,2.816e-06
471451,6.1184e-05
471474,0.00025728
471522,6.8096e-05
471524,6.656e-06
471591,1.664e-05
471625,1.5104e-05
471659,5.5552e-05
471668,5.1968e-05
471759,5.6576e-05
471809,4.2752e-05
471848,3.4816e-05
471862,6.7584e-05
471964,9.216e-06
471965,0.000113664
472024,2.0736e-05
472062,9.728e-06
472114,1.024e-06
472186,2.8416e-05
472227,8.96e-06
472239,1.9456e-05
472268,1.9712e-05
472280,4.4032e-05
472284,2.4576e-05
472301,0.00014976
472330,0.00010624
472401,2.9696e-05
472433,1.536e-05
472513,4.0704e-05
472536,8.9856e-05
472581,0.001453568
472758,2.9952e-05
472802,2.2016e-05
472830,1.3568e-05
472836,0.00036608
472935,1.536e-06
472953,1.6128e-05
472964,3.5328e-05
473006,5.12e-06
473058,4.9408e-05
473099,2.1504e-05
473157,5.888e-06
473163,3.8144e-05
473187,1.7152e-05
473194,0.000498432
473303,8.704e-06
473345,8.32e-05
473362,4.864e-05
473430,2.3552e-05
473504,1.1264e-05
473594,3.4304e-05
473681,9.5488e-05
473711,1.3056e-05
473765,1.8688e-05
473777,0.000644864
473818,7.7056e-05
473840,7.936e-06
473930,0.000121856
473960,0.00074112
474059,9.1392e-05
474142,3.84e-06
474146,0.000203264
474205,1.408e-05
474244,1.8432e-05
474269,0.001834752
474337,9.728e-06
474377,1.664e-05
474394,6.1696e-05
474417,9.1904e-05
474478,0.000108288
474517,2.56e-06
474560,4.352e-05
474637,1.2544e-05
474737,1.5872e-05
474761,1.8176e-05
474953,2.1504e-05
474967,7.3472e-05
474977,0.001647616
475111,0.000103424
475135,2.048e-06
475140,1.664e-05
475204,2.1504e-05
475247,0.000124672
475314,0.001698304
475361,6.2976e-05
475428,4.224e-05
475446,7.424e-06
475531,0.00013312
475565,0.000140288
475593,0.00010496
475604,3.1232e-05
475650,2.9184e-05
475682,5.248e-05
475737,8.704e-06
475856,0.000152576
475937,3.5584e-05
475968,2.7136e-05
476123,1.7408e-05
476163,2.56e-07
476257,4.8128e-05
476329,8.704e-06
476364,1.4848e-05
476406,0.000142336
476450,1.536e-05
476535,2.5088e-05
476543,0.0005824
476621,6.528e-05
476671,0.000150784
476694,1.5616e-05
476722,8.4736e-05
476764,9.728e-06
476776,0.00085248
476930,6.1184e-05
477049,1.4848e-05
477061,2.1248e-05
477108,2.2016e-05
477166,5.4784e-05
477216,1.2544e-05
477274,4.4032e-05
477301,2.56e-07
477367,5.0432e-05
477416,0.000105472
477446,5.0432e-05
477464,3.8656e-05
477526,2.3552e-05
477653,9.472e-06
477785,9.472e-06
477802,4.4288e-05
477817,4.9152e-05
477853,6.0928e-05
477903,3.3024e-05
477905,3.1488e-05
477921,1.664e-05
477943,1.3056e-05
477947,5.248e-05
478138,3.1744e-05
478176,0.000576512
478234,3.8656e-05
478276,5.1712e-05
478329,1.792e-06
478337,7.424e-06
478463,3.5584e-05
478487,0.000242688
478531,1.3056e-05
478564,2.048e-05
478577,8.576e-05
478588,0.004557568
478665,1.1264e-05
478720,1.792e-05
478744,6.3232e-05
478812,2.0736e-05
478836,3.0464e-05
478921,1.1008e-05
478946,1.0752e-05
479031,3.1488e-05
479061,2.5856e-05
479126,2.1504e-05
479185,0.00122368
479298,5.4528e-05
479419,2.944e-05
479426,1.3312e-05
479464,5.3504e-05
479514,2.56e-05
479561,9.6512e-05
479615,2.9696e-05
479672,4.8384e-05
479765,0.001150208
479783,1.9456e-05
479894,6.4256e-05
479909,0.000151808
479974,7.424e-06
479992,0.000926464
480076,9.1392e-05
480141,1.6384e-05
480169,1.152e-05
480199,0.000760832
480284,0.000113408
480362,0.000273408
480388,2.56e-06
480450,8.704e-06
480466,0.000107776
480531,2.8928e-05
480543,6.4e-06
480572,2.816e-06
480630,9.9584e-05
480657,2.6624e-05
480664,6.2464e-05
480758,1.1264e-05
480771,1.3056e-05
480800,6.0416e-05
480856,5.888e-05
480978,8.448e-06
480983,2.9696e-05
481111,1.4336e-05
481133,7.1424e-05
481161,6.6304e-05
481169,1.2032e-05
481238,1.4336e-05
481286,3.3536e-05
481300,3.2512e-05
481319,2.688e-05
481400,3.9424e-05
481468,2.7648e-05
481497,1.2288e-05
481549,3.84e-05
481576,1.536e-05
481615,2.7136e-05
481633,1.7664e-05
481692,6.8864e-05
481726,9.472e-06
481734,5.4272e-05
481851,1.792e-05
481931,9.7792e-05
482008,6.2976e-05
482086,1.2544e-05
482095,4.608e-05
482129,2.56e-06
482163,5.0944e-05
482181,1.792e-06
482253,3.3536e-05
482381,1.3824e-05
482467,4.096e-06
482568,1.9968e-05
482629,4.096e-05
482641,9.8048e-05
482668,2.1248e-05
482674,9.6512e-05
482720,5.504e-05
482764,0.00013056
482784,0.000422144
482844,4.1728e-05
482894,1.024e-05
482936,1.28e-05
483032,1.6896e-05
483093,2.9696e-05
483160,2.9952e-05
483171,4.864e-06
483176,0.0002048
483220,5.76e-05
483284,8.704e-06
483311,8.2176e-05
483361,3.4816e-05
483508,0.000185344
483629,3.5584e-05
483658,3.8656e-05
483706,1.8432e-05
483707,2.0224e-05
483762,4.5312e-05
483800,8.448e-06
483822,7.3472e-05
483841,3.4048e-05
483874,0.000207104
483945,1.92e-05
483953,2.7904e-05
483964,3.584e-05
483965,0.00136704
484038,5.632e-06
484084,2.2784e-05
484134,3.6352e-05
484158,0.000573184
484183,5.12e-07
484203,2.1248e-05
484237,2.5088e-05
484264,2.2016e-05
484287,3.072e-06
484308,3.584e-06
484321,2.56e-06
484363,3.584e-06
484449,1.1264e-05
484491,6.4e-06
484501,4.0448e-05
484517,2.2272e-05
484578,0.002345216
484661,6.9376e-05
484680,4.864e-06
484714,4.992e-05
484723,1.8176e-05
484762,2.0224e-05
484806,3.4816e-05
484831,0.000333312
484933,6.3488e-05
484946,1.28e-05
484968,1.4848e-05
485032,7.68e-05
485081,0.00020224
485152,6.0416e-05
485192,0.000344576
485230,2.048e-06
485371,0.001826816
485473,7.168e-06
485541,1.8432e-05
485550,2.816e-06
485639,2.56e-06
485746,1.0752e-05
485761,5.7088e-05
485795,0.000176384
485806,0.000590336
485830,0.001498624
485909,9.984e-06
485947,1.8176e-05
485960,0.000123392
485973,0.000243968
486000,2.2528e-05
486036,2.6112e-05
486040,0.000231936
486103,1.024e-06
486191,3.1232e-05
486238,5.12e-07
486313,3.584e-06
486364,9.216e-06
486387,0.000105728
486417,0.000123136
486423,0.000994048
486570,2.6112e-05
486586,1.4848e-05
486611,4.8384e-05
486674,2.6624e-05
486683,1.1008e-05
486736,3.8912e-05
486781,0.000117248
486896,1.792e-05
486906,7.7056e-05
486935,2.6112e-05
486964,5.0688e-05
486980,0.000926208
487024,0.000371712
487071,5.0944e-05
487107,0.000239616
487182,4.608e-05
487267,8.7808e-05
487322,1.792e-06
487369,3.8912e-05
487399,0.000174592
487464,0.000510464
487510,5.3248e-05
487555,0.000126976
487557,0.000101632
487577,0.000625664
487621,2.4064e-05
487635,6.4e-05
487654,4.5312e-05
487681,1.152e-05
487767,0.00010112
487818,4.736e-05
487825,2.56e-07
487930,8.704e-06
487944,0.000264704
487996,2.56e-06
488075,1.664e-05
488109,3.6864e-05
488177,0.000233472
488203,4.8128e-05
488244,2.9696e-05
488278,2.2528e-05
488301,5.5296e-05
488346,0.00051456
488414,8.0384e-05
488443,4.608e-06
488499,5.6832e-05
488533,0.000200448
488566,2.5344e-05
488691,2.7648e-05
488725,6.912e-05
488781,1.28e-06
488822,2.56e-07
488880,2.1248e-05
488921,1.2288e-05
488945,0.000124416
488977,6.656e-05
489025,2.56e-07
489029,4.864e-06
489044,0.000156416
489050,2.6624e-05
489179,0.000231424
489206,0.000251136
489259,3.5584e-05
489282,6.144e-06
489365,0.000831488
489377,0.002237184
489392,0.000528128
489416,0.0008768
489466,5.504e-05
489533,1.8688e-05
489578,6.656e-06
489664,8.3712e-05
489707,1.408e-05
489774,7.936e-06
489784,0.000453888
489847,9.728e-06
489851,1.28e-06
489910,0.000158208
489949,2.56e-06
489964,1.5872e-05
489978,0.004998656
490089,3.584e-05
490146,4.48e-05
490172,3.6352e-05
490257,3.584e-05
490263,6.4e-06
490309,1.2544e-05
490368,7.168e-06
490391,9.728e-06
490410,4.5568e-05
490483,0.000128512
490504,8.192e-06
490513,0.000131328
490554,0.000116224
490577,0.00013952
490684,1.1776e-05
490785,0.000370176
490842,3.5072e-05
490861,2.6368e-05
490877,0.000221184
490921,5.3248e-05
490946,4.608e-06
490966,9.1904e-05
491008,1.8688e-05
491036,0.000128768
491071,5.376e-06
491107,0.000222464
491187,7.8592e-05
491233,2.0992e-05
491281,1.7152e-05
491378,0.000139008
491427,9.472e-06
491501,1.152e-05
491529,9.6256e-05
491554,8.704e-06
491580,7.04e-05
491655,3.7376e-05
491694,3.328e-05
491780,0.000122112
491786,0.002355456
491840,1.8688e-05
491937,4.352e-06
491960,0.000237824
492032,3.072e-06
492039,8.3968e-05
492141,0.000306176
492190,2.816e-06
492202,2.816e-05
492219,2.048e-06
492265,3.8144e-05
492287,7.04e-05
492306,7.1936e-05
492337,4.352e-06
492343,6.8864e-05
492383,0.000812032
492433,1.8944e-05
492505,3.84e-05
492552,0.0002944
492648,7.424e-06
492656,1.8176e-05
492726,7.1424e-05
492733,6.3488e-05
492783,3.584e-05
492895,0.001617152
492948,5.632e-06
492991,2.8672e-05
493029,7.168e-06
493078,4.096e-06
493188,5.0176e-05
493223,1.1264e-05
493269,1.4848e-05
493357,2.1248e-05
493409,2.2528e-05
493414,0.000168704
493506,4.2496e-05
493566,1.2288e-05
493577,7.0656e-05
493590,0.000219904
493646,2.304e-06
493685,4.2496e-05
493753,1.408e-05
493878,3.2768e-05
493882,1.9712e-05
493925,0.000866816
494008,1.6128e-05
494031,9.472e-06
494090,4.1216e-05
494175,1.024e-06
494178,1.9456e-05
494183,0.000910336
494291,8.704e-05
494326,3.4816e-05
494364,9.5488e-05
494417,0.000126464
494457,1.2288e-05
494480,0.000214272
494556,9.728e-06
494597,0.000333312
494691,0.000408064
494773,0.000114688
494890,3.8656e-05
495044,0.000151808
495170,0.000158976
495235,3.3536e-05
495385,0.006132736
495514,3.0208e-05
495523,0.000669696
495540,0.000364544
495592,2.816e-05
495623,0.0001408
495652,0.00013696
495701,6.8352e-05
495727,5.888e-06
495836,5.12e-07
495955,1.152e-05
495965,3.328e-06
495992,3.072e-06
496026,0.000491776
496081,8.448e-06
496085,7.168e-05
496116,0.00041728
496132,5.0688e-05
496181,6.1184e-05
496291,7.9872e-05
496317,2.048e-06
496370,9.7024e-05
496391,5.8368e-05
496420,6.3488e-05
496518,2.2272e-05
496577,0.000345088
496586,0.000502528
496635,1.408e-05
496673,7.5008e-05
496718,1.2032e-05
496727,1.4336e-05
496777,1.7664e-05
496822,2.56e-07
496835,8.96e-05
496906,1.152e-05
497009,1.0752e-05
497105,2.8416e-05
497182,0.0002944
497217,7.424e-06
497268,0.000162048
497299,0.000114432
497307,4.8896e-05
497401,2.816e-06
497428,0.00014592
497489,1.664e-05
497601,9.9584e-05
497660,3.6608e-05
497736,3.2256e-05
497764,7.0144e-05
497776,6.7584e-05
497777,1.1264e-05
497874,6.4256e-05
497928,7.5008e-05
497960,0.001012736
497981,0.000209664
498064,7.424e-06
498079,8.704e-05
498122,0.000109056
498141,3.9168e-05
498177,1.5104e-05
498235,2.9952e-05
498247,0.000410624
498367,1.5104e-05
498476,1.536e-06
498516,6.4512e-05
498546,3.3792e-05
498599,1.4592e-05
498644,4.224e-05
498663,0.002205184
498805,2.0224e-05
498825,3.6096e-05
498894,0.000826112
498945,0.000126208
498978,4.4032e-05
499006,1.8944e-05
499077,4.6848e-05
499113,2.0224e-05
499116,6.3488e-05
499178,0.000685312
499266,0.000188928
499323,2.6112e-05
499367,5.888e-06
499406,1.0496e-05
499478,0.00013824
499508,5.376e-06
499548,1.152e-05
499577,0.000105472
499593,0.001593856
499644,4.5568e-05
499686,6.912e-06
499766,2.688e-05
499777,5.6832e-05
499803,2.3552e-05
499839,9.1392e-05
499898,1.3056e-05
499904,7.68e-07
499972,0.000169216
500010,0.000707584
500109,0.000328704
500133,0.000249856
500213,0.000372992
500266,3.072e-06
500326,1.2032e-05
500354,4.3776e-05
500394,1.2288e-05
500458,4.864e-06
500479,0.000158208
500558,9.216e-06
500580,4.1216e-05
500598,8.96e-06
500643,0.000131072
500686,7.424e-06
500706,1.4848e-05
500713,2.304e-06
500764,2.6624e-05
500768,4.0448e-05
500775,2.816e-06
500784,0.010889728
500843,4.608e-06
500874,1.5872e-05
500897,3.84e-06
500918,2.2272e-05
500985,1.7408e-05
501024,4.0448e-05
501038,3.2256e-05
501053,4.096e-06
501145,0.000120576
501181,4.2752e-05
501202,5.0432e-05
501273,8.064e-05
501303,5.8624e-05
501377,1.8944e-05
501382,0.000414464
501451,3.3792e-05
501504,1.5616e-05
501573,1.8688e-05
501609,6.144e-06
501684,1.6384e-05
501733,8.1664e-05
501750,3.3792e-05
501767,3.072e-06
501810,5.8624e-05
501890,1.4848e-05
501935,3.5328e-05
502012,8.8576e-05
502065,1.7664e-05
502113,5.7344e-05
502213,8.8576e-05
502259,6.1696e-05
502312,2.7648e-05
502326,1.024e-05
502398,6.9888e-05
502415,5.888e-06
502441,4.0192e-05
502481,2.816e-06
502491,2.6112e-05
502564,4.5568e-05
502590,0.002202624
502717,3.328e-06
502735,7.5264e-05
502808,5.4016e-05
502816,4.4288e-05
502973,4.864e-06
502990,1.6128e-05
503079,0.000370176
503182,1.3568e-05
503305,8.96e-06
503332,3.3024e-05
503352,6.2976e-05
503386,0.000154624
503447,8.192e-06
503457,2.9952e-05
503499,1.2544e-05
503610,3.8912e-05
503668,5.3504e-05
503779,5.376e-05
503783,0.001406464
503856,1.7664e-05
503870,0.000107008
503901,6.144e-05
503960,0.000301056
504047,0.00016
504064,3.456e-05
504113,3.584e-06
504136,4.352e-06
504157,1.2288e-05
504169,0.000114432
504202,5.6832e-05
504223,5.1968e-05
504299,1.4592e-05
504326,1.0496e-05
504364,0.000174848
504383,2.1504e-05
504441,3.4816e-05
504471,8.2432e-05
504503,0.000277504
504557,7.1424e-05
504563,4.096e-06
504575,2.8672e-05
504589,0.000212224
504647,6.7328e-05
504751,2.5088e-05
504769,0.000135424
504802,9.5744e-05
504813,7.7056e-05
504873,5.12e-07
504940,6.0416e-05
504956,1.4848e-05
504964,0.000468736
505046,0.001004544
505131,7.68e-06
505224,3.2512e-05
505300,6.7584e-05
505333,2.304e-05
505457,6.0928e-05
505473,0.000182272
505516,0.00030336
505577,7.9872e-05
505606,0.000121344
505663,2.5088e-05
505767,1.7152e-05
505825,5.4784e-05
505956,6.912e-06
505997,2.5856e-05
506001,0.000209152
506053,3.8144e-05
506131,5.632e-06
506149,8.832e-05
506176,0.000323584
506194,0.000137472
506296,1.6128e-05
506319,4.352e-05
506367,0.000189952
506453,9.728e-05
506493,1.1264e-05
506554,8.704e-05
506650,2.944e-05
506675,0.000792832
506737,1.792e-05
506765,0.006053888
506841,3.072e-06
506901,2.3296e-05
506982,1.2032e-05
506998,0.000162816
507060,4.1472e-05
507095,0.000183552
507114,2.2272e-05
507140,9.216e-06
507186,1.6384e-05
507207,9.728e-06
507229,0.000888576
507276,2.1504e-05
507312,0.000149504
507375,9.6256e-05
507383,6.3488e-05
507423,8.5504e-05
507498,1.9712e-05
507586,2.304e-06
507665,0.00121728
507721,5.888e-05
507777,1.1776e-05
507811,8.7808e-05
507904,8.0896e-05
507949,6.656e-06
508033,2.6368e-05
508046,0.000198912
508208,0.000109824
508221,2.7648e-05
508253,3.8144e-05
508317,2.0992e-05
508452,3.2256e-05
508471,2.432e-05
508527,1.5872e-05
508607,0.002299136
508686,0.0006016
508766,3.2e-05
508795,3.9936e-05
508933,9.984e-05
508939,9.8304e-05
509056,0.000101888
509116,4.0192e-05
509154,3.9168e-05
509194,1.8432e-05
509240,0.000294912
509361,2.5088e-05
509406,3.1232e-05
509572,9.344e-05
509586,9.8304e-05
509606,0.000103424
509682,8.2688e-05
509706,1.536e-06
509718,7.7824e-05
509765,5.2736e-05
509842,0.000124672
509918,2.176e-05
509936,9.984e-06
509978,2.2016e-05
510027,7.68e-07
510135,5.376e-06
510169,3.8144e-05
510215,8.96e-05
510256,0.000265472
510286,2.9696e-05
510340,2.0992e-05
510357,1.3056e-05
510379,0.000152064
510380,3.6864e-05
510444,4.224e-05
510473,0.00103552
510581,5.8624e-05
510647,2.4064e-05
510674,5.4016e-05
510713,3.0208e-05
510768,2.5344e-05
510789,3.84e-05
510817,7.04e-05
510866,3.7888e-05
510911,2.2016e-05
510943,0.000243456
510967,3.3024e-05
510976,0.001051904
510985,0.003976448
511052,6.4e-06
511091,3.072e-05
511108,5.3504e-05
511228,1.6896e-05
511257,1.5104e-05
511470,3.584e-06
511481,5.7856e-05
511504,3.2768e-05
511541,3.968e-05
511639,5.376e-06
511669,8.96e-05
511744,9.8816e-05
511787,0.0002752
511841,2.8672e-05
511864,9.5744e-05
512044,0.999994368
512166,0.000277248
512206,0.000125184
512306,3.328e-06
512356,0.001156864
512425,6.656e-06
512441,2.9184e-05
512767,1.1008e-05
512778,0.000167424
512864,0.000104192
513017,6.912e-05
513249,4.096e-05
513288,1.0496e-05
513353,0.000149504
513382,1.92e-05
513436,7.552e-05
513533,2.56e-07
513554,2.2016e-05
513573,3.84e-06
513585,0.0
513634,1.536e-06
513700,7.168e-06
513706,9.984e-06
513734,1.1776e-05
513758,7.0656e-05
513817,0.000131584
513843,7.68e-07
513874,4.4544e-05
513923,8.5248e-05
513954,3.0976e-05
513964,0.000214528
514012,0.000127232
514089,6.912e-06
514116,1.408e-05
514186,0.000127488
514192,4.992e-05
514312,0.000227072
514366,3.584e-06
514388,9.728e-06
514410,1.0752e-05
514444,7.424e-06
514466,7.68e-05
514563,3.456e-05
514576,0.000384512
514587,0.000201728
514779,2.816e-06
514780,0.000301568
514837,2.0992e-05
514902,5.12e-06
514937,6.3232e-05
514960,1.792e-06
515175,9.472e-05
515189,0.001131264
515247,2.56e-07
515265,0.00032128
515290,4.608e-06
515328,1.792e-05
515417,2.56e-07
515478,2.56e-07
515526,7.6544e-05
515548,0.000236544
515632,0.002208
515706,3.8912e-05
515742,5.12e-07
515765,0.001319936
515855,1.5104e-05
515915,2.048e-06
515959,6.144e-06
515994,9.216e-06
516067,2.0736e-05
516126,2.688e-05
516185,6.912e-06
516273,4.7872e-05
516295,1.3568e-05
516323,1.792e-06
516343,2.3296e-05
516364,0.001355776
516403,5.2736e-05
516413,8.832e-05
516433,0.00013184
516443,8.5248e-05
516453,0.000135424
516463,0.000137216
516503,2.7392e-05
516513,2.0992e-05
516523,0.000229376
516543,5.0432e-05
516553,0.000118784
516569,9.472e-06
516573,0.000216064
516603,0.000288256
516633,0.000255488
516643,0.000105216
516653,4.6336e-05
516673,0.000287744
516693,5.5552e-05
516713,0.00050176
516733,6.1184e-05
516743,4.7616e-05
516753,0.00035968
516773,0.000268032
516793,0.00010112
516803,0.00013184
516823,6.3488e-05
516833,3.4304e-05
516843,5.12e-05
516853,0.0002112
516863,2.6624e-05
516873,3.3536e-05
516883,0.00015104
516893,2.6368e-05
516903,3.1232e-05
516913,0.000210944
516923,0.000221696
516933,0.000255232
516943,0.00016896
516953,0.000224
516963,3.072e-06
516993,5.1456e-05
517003,0.000201472
517013,0.000316928
517023,0.000156416
517033,0.000337408
517053,0.000173312
517063,0.000331264
517083,0.00103296
517093,0.000325888
517103,4.352e-05
517113,0.000110592
517143,0.000743936
517153,0.000360448
517163,0.000432896
517183,0.000364288
517193,0.000683776
517203,7.0912e-05
517233,0.000710656
517253,3.328e-05
517273,0.000771328
517283,0.000266496
517293,0.000303104
517332,7.424e-05
517353,2.0224e-05
517453,7.424e-06
517497,5.888e-05
517578,0.000130304
517607,2.5856e-05
517626,4.9664e-05
517659,1.28e-06
517713,8.7808e-05
517782,4.608e-05
517820,1.1264e-05
517955,7.68e-07
518095,6.4e-05
518115,4.608e-06
518163,3.7632e-05
518184,0.00022016
518235,1.664e-05
518270,5.0688e-05
518286,2.048e-06
518305,1.2288e-05
518526,2.048e-06
518564,2.3552e-05
518584,1.5104e-05
518699,8.96e-06
518720,1.6896e-05
518725,2.1248e-05
518764,0.000136192
518778,0.000609792
518832,2.816e-06
518893,3.968e-05
518903,0.000658432
518973,0.000108288
519010,2.304e-05
519074,2.176e-05
519269,2.304e-06
519293,1.9456e-05
519321,1.28e-05
519337,2.048e-05
519341,5.632e-06
519354,4.2496e-05
519379,0.00055808
519484,4.864e-06
519583,5.4016e-05
519630,1.408e-05
519645,0.000102656
519670,3.2512e-05
519701,2.9952e-05
519854,1.152e-05
519863,1.3824e-05
519914,2.7648e-05
519963,9.216e-06
519975,1.3056e-05
519979,3.5584e-05
519984,0.001949184
520064,4.8384e-05
520143,1.3824e-05
520232,7.2704e-05
520266,6.2208e-05
520284,5.632e-06
520331,2.4576e-05
520397,3.5584e-05
520430,1.7664e-05
520449,6.656e-06
520468,4.1472e-05
520540,3.1488e-05
520563,1.3056e-05
520776,4.4544e-05
520891,5.0432e-05
520969,6.656e-06
521017,2.7392e-05
521110,5.5552e-05
521165,7.5264e-05
521183,0.00014208
521192,0.000204288
521194,0.000303872
521228,3.5328e-05
521256,1.4848e-05
521326,1.2032e-05
521425,0.000142336
521483,8.96e-06
521526,2.8928e-05
521536,1.0752e-05
521658,4.7872e-05
521769,6.1952e-05
521777,0.000544256
521788,0.010548224
521813,0.000527872
521917,2.4832e-05
521928,2.56e-06
521985,1.2544e-05
522003,6.7072e-05
522021,1.1264e-05
522042,6.144e-06
522070,2.6368e-05
522113,7.68e-06
522166,4.1472e-05
522168,0.000112384
522239,4.608e-05
522268,0.00016256
522295,0.001097472
522330,1.1776e-05
522365,1.6384e-05
522384,0.000189696
522416,0.000837632
522575,3.8144e-05
522728,0.000119808
522807,7.68e-06
522877,0.000293888
522933,4.9408e-05
522952,0.00108288
522985,0.00095616
523124,5.12e-06
523165,2.4576e-05
523211,0.000101632
523240,1.1776e-05
523281,5.376e-06
523330,3.3536e-05
523396,3.072e-06
523454,0.00011264
523543,5.7856e-05
523564,0.001763072
523622,8.704e-06
523646,2.7136e-05
523706,6.656e-06
523829,1.4592e-05
523933,0.000131584
523957,0.00022016
523996,7.3984e-05
524025,1.408e-05
524093,4.608e-06
524114,0.000110336
524165,0.00024448
524176,3.3536e-05
524177,6.8608e-05
524222,6.4e-05
524397,0.000105984
524456,0.000229888
524485,3.328e-05
524517,1.8176e-05
524546,0.000130304
524716,2.8928e-05
524778,4.5056e-05
524786,5.5808e-05
524806,3.3536e-05
524883,3.328e-05
524990,3.9168e-05
525054,4.0448e-05
525206,6.0416e-05
525218,7.2192e-05
525243,2.816e-06
525318,3.584e-06
525337,2.2016e-05
525386,0.000429568
525401,3.072e-05
525496,2.4064e-05
525526,1.024e-06
525625,0.000216832
525673,4.1216e-05
525715,5.2736e-05
525761,2.8672e-05
525783,5.12e-06
525852,1.1008e-05
525869,2.0736e-05
525905,0.0
525923,2.0224e-05
525979,3.7376e-05
525983,0.000101632
526050,4.9664e-05
526091,9.2928e-05
526128,1.6384e-05
526189,5.3504e-05
526264,8.7552e-05
526307,3.328e-06
526383,0.000768256
526417,7.3984e-05
526435,0.00011136
526509,0.000625664
526560,0.000151296
526564,0.01070336
526619,0.00016896
526656,0.000491264
526664,9.984e-06
526672,0.001193728
526695,0.001436672
526726,0.000281344
526734,4.352e-06
526756,0.000311552
526776,7.4752e-05
526806,0.000201984
526854,0.00076416
526876,5.8624e-05
526882,0.0005568
526922,0.000438272
526945,0.000461312
526951,1.3056e-05
526976,0.000372992
526986,2.9952e-05
526989,0.0003136
526990,0.002316032
526996,0.004151808
527056,0.000407296
527076,0.0002112
527086,7.168e-05
527096,0.000215296
527106,4.6848e-05
527116,0.000197376
527126,0.000281856
527146,0.00024064
527156,0.000345344
527176,0.0001408
527186,7.5776e-05
527206,6.0928e-05
527216,0.000134656
527226,0.000530176
527256,0.000270336
527266,4.3264e-05
527276,0.000436992
527296,0.000723712
527306,0.000148224
527326,2.2272e-05
527336,0.000139264
527346,0.00018944
527356,0.000409344
527386,0.000576768
527396,3.328e-06
527416,0.000352768
527446,0.00061056
527456,0.000306432
527476,0.00075776
527496,0.00049152
527506,0.0006016
527646,6.656e-06
527651,0.000255744
527688,7.168e-05
527707,0.0006656
527745,0.000415488
527775,4.608e-06
527785,0.001174272
527937,4.1728e-05
528033,2.1248e-05
528077,7.5776e-05
528126,2.8928e-05
528158,8.064e-05
528194,0.0
528335,1.28e-06
528337,3.4048e-05
528349,3.328e-06
528359,2.944e-05
528410,4.48e-05
528417,6.6816e-05
528464,2.944e-05
528508,2.3808e-05
528561,4.864e-06
528599,5.7856e-05
528601,6.656e-06
528634,3.2256e-05
528712,2.048e-06
528798,3.9936e-05
528827,0.000171008
528922,2.304e-06
528950,0.000146176
528976,2.5344e-05
528987,0.000125696
529026,3.5072e-05
529081,2.2016e-05
529112,1.9968e-05
529162,8.192e-06
529210,2.7136e-05
529235,1.792e-05
529387,0.000253952
529514,2.816e-06
529537,0.000137472
529578,1.152e-05
529597,0.000325632
529626,0.00079744
529633,0.00046976
529690,4.1472e-05
529741,1.1776e-05
529858,0.00013696
529919,3.3536e-05
529994,1.9968e-05
530036,0.000108032
530075,4.352e-05
530150,4.5824e-05
530214,0.0001088
530222,0.000132864
530227,0.000201472
530278,9.4976e-05
530314,7.68e-06
530340,0.000110848
530374,5.376e-06
530434,6.4512e-05
530473,2.2528e-05
530537,7.936e-06
530613,0.000189184
530651,5.7088e-05
530686,2.3808e-05
530706,5.12e-06
530723,2.0224e-05
530745,2.5088e-05
530759,1.9968e-05
530776,0.000135424
530789,0.000156928
530821,1.1776e-05
530899,2.1504e-05
531005,6.2976e-05
531077,8.448e-06
531107,4.608e-06
531179,1.3568e-05
531189,2.3296e-05
531225,0.000194816
531356,8.192e-06
531362,0.001863168
531378,0.003972864
531411,0.000152064
531479,2.5088e-05
531498,3.2e-05
531525,5.8368e-05
531713,0.000393472
531815,1.8944e-05
531839,0.00035968
531891,0.000189184
531906,0.002178816
531979,0.001774848
531981,0.000627456
532015,0.006277632
532103,2.2272e-05
532120,9.984e-06
532140,1.1776e-05
532159,0.000705024
532281,4.2496e-05
532373,0.0
532376,3.328e-06
532392,0.000464128
532476,7.68e-07
532491,4.1984e-05
532577,3.0464e-05
532593,5.2992e-05
532651,0.000158208
532719,0.000349696
532739,4.352e-06
532811,1.4336e-05
532820,3.6608e-05
532830,3.2512e-05
532945,1.3824e-05
532957,0.000812032
533013,0.000109568
533068,1.2544e-05
533085,6.4512e-05
533114,7.68e-05
533133,6.912e-06
533163,1.8176e-05
533165,0.00032128
533299,1.2544e-05
533326,0.0001728
533380,1.8432e-05
533422,8.4224e-05
533650,2.56e-05
533667,2.816e-06
533756,0.000388352
533764,0.00170496
533781,0.001816576
533833,6.1952e-05
533944,3.712e-05
533960,0.000372736
534032,5.9648e-05
534103,2.1248e-05
534135,0.000733952
534169,1.792e-06
534266,2.1504e-05
534291,0.000101376
534294,0.000137728
534392,8.96e-06
534442,5.4016e-05
534457,2.048e-06
534515,1.7664e-05
534560,0.000539392
534598,1.9456e-05
534697,2.56e-06
534721,3.328e-05
534742,1.9456e-05
534766,5.9136e-05
534911,3.3536e-05
535007,0.000221184
535123,0.000105728
535137,3.7888e-05
535201,2.7904e-05
535248,1.3568e-05
535261,0.000147456
535292,9.9072e-05
535302,2.7392e-05
535456,9.728e-06
535557,3.1488e-05
535567,5.7088e-05
535611,7.68e-07
535683,0.000670976
535770,6.144e-06
535836,6.2464e-05
535894,5.248e-05
535914,1.8176e-05
535945,5.6576e-05
535996,2.816e-05
536006,3.968e-05
536023,1.792e-05
536057,3.0976e-05
536069,1.024e-05
536185,0.00062208
536257,0.00015744
536272,2.048e-06
536343,6.4e-06
536416,9.472e-06
536427,1.92e-05
536497,5.0688e-05
536524,0.000201216
536559,0.00010752
536617,1.4848e-05
536676,3.968e-05
536778,4.224e-05
536781,1.92e-05
536784,0.001892864
536892,1.1776e-05
536939,2.5856e-05
536956,2.9696e-05
536995,0.000155904
537025,1.6896e-05
537060,1.4592e-05
537156,0.00441344
537194,9.0368e-05
537246,2.3808e-05
537293,9.1648e-05
537308,0.000112896
537336,1.536e-05
537374,1.4592e-05
537375,6.7072e-05
537435,2.6624e-05
537457,6.6304e-05
537539,7.424e-06
537560,3.456e-05
537626,0.000104192
537741,0.001072384
537787,1.6128e-05
537817,5.3248e-05
537834,3.2512e-05
537861,3.9168e-05
537938,3.584e-06
537980,0.000204032
538034,3.584e-06
538064,4.2752e-05
538117,8.0384e-05
538230,5.12e-07
538244,3.328e-06
538330,4.5824e-05
538438,1.9712e-05
538490,6.4e-06
538502,5.4528e-05
538597,6.912e-06
538621,0.000125696
538678,0.00010752
538740,2.3552e-05
538757,0.00050048
538886,0.00011648
538943,5.12e-06
538953,1.8688e-05
539018,0.000129536
539046,3.072e-06
539073,1.792e-06
539121,2.0992e-05
539150,2.3808e-05
539158,1.664e-05
539178,0.000105984
539181,0.000802048
539279,3.328e-06
539294,3.4304e-05
539334,1.9712e-05
539344,1.4848e-05
539394,0.000285184
539418,3.84e-05
539429,6.7584e-05
539553,1.0752e-05
539557,4.5824e-05
539580,3.3792e-05
539660,4.608e-05
539661,0.000251648
539698,0.000125696
539757,2.8928e-05
539860,9.216e-06
539869,2.2272e-05
539871,1.536e-06
539901,6.6304e-05
539952,6.4e-06
539961,1.536e-06
539975,1.8432e-05
540032,2.2784e-05
540044,2.5344e-05
540146,5.3504e-05
540231,1.536e-06
540264,3.072e-06
540298,6.5792e-05
540308,2.9696e-05
540339,4.2752e-05
540415,8.2688e-05
540468,3.9936e-05
540475,2.2528e-05
540517,8.448e-05
540687,2.56e-07
540716,5.888e-06
540744,9.3184e-05
540820,6.4512e-05
540837,2.048e-05
540901,2.1504e-05
540979,3.3792e-05
540980,0.000184064
541023,2.304e-06
541039,2.4576e-05
541068,6.144e-06
541092,3.5072e-05
541108,0.000227584
541250,0.000417792
541274,0.001216512
541421,0.000112384
541448,3.328e-06
541490,1.8176e-05
541498,3.84e-06
541503,7.9616e-05
541555,3.2768e-05
541563,0.000114944
541575,0.000111872
541616,6.656e-06
541636,2.4832e-05
541729,8.5248e-05
541828,5.504e-05
541833,0.00031232
541925,1.408e-05
541971,1.408e-05
541986,8.448e-06
542027,0.000885248
542085,6.656e-06
542165,1.9456e-05
542173,7.424e-06
542178,1.5616e-05
542220,0.00022528
542223,3.456e-05
542235,6.8608e-05
542297,1.8176e-05
542298,0.000203776
542363,1.8688e-05
542431,1.1008e-05
542433,2.9952e-05
542478,2.5344e-05
542486,5.376e-06
542536,4.5824e-05
542546,0.0002496
542588,2.816e-05
542644,2.176e-05
542695,9.1648e-05
542738,1.6128e-05
542763,0.000166912
542872,2.1248e-05
542935,6.0928e-05
542968,7.1936e-05
542983,0.002123776
543017,0.000144128
543062,2.6368e-05
543128,3.9168e-05
543158,3.2512e-05
543180,3.5328e-05
543239,6.3488e-05
543326,2.56e-07
543381,4.0704e-05
543432,5.12e-07
543487,0.000182528
543564,3.968e-05
543587,4.4288e-05
543644,3.9424e-05
543781,4.5824e-05
543841,1.6384e-05
543865,1.2544e-05
543884,8.448e-06
543949,4.6336e-05
543965,0.000123392
543969,4.0704e-05
543981,1.792e-05
544070,2.56e-07
544138,1.3056e-05
544236,3.3536e-05
544237,4.2752e-05
544283,0.00013184
544327,1.536e-06
544332,0.000132864
544361,7.3984e-05
544432,3.84e-06
544433,3.6352e-05
544565,0.000145664
544586,3.2256e-05
544616,7.424e-06
544706,7.168e-06
544801,8.96e-06
544839,2.9184e-05
544880,1.28e-06
544900,2.9184e-05
544985,3.8912e-05
545057,0.00026752
545165,2.9952e-05
545178,0.00025472
545226,3.84e-06
545269,1.28e-05
545305,5.0944e-05
545352,0.000322816
545414,1.792e-06
545464,5.632e-05
545482,1.6384e-05
545503,7.68e-06
545576,4.1984e-05
545662,2.3552e-05
545696,6.912e-06
545759,3.84e-06
545766,8.6016e-05
545846,1.0752e-05
545918,0.002275584
545990,0.001170688
546029,3.9424e-05
546173,2.1248e-05
546259,1.3056e-05
546291,2.8416e-05
546345,8.9088e-05
546505,1.1008e-05
546535,7.936e-06
546697,0.000186624
546823,5.8368e-05
546878,7.68e-07
546884,0.00016768
546926,2.56e-05
546949,1.1776e-05
546951,1.3824e-05
546986,0.000139264
547117,0.000786176
547155,3.9936e-05
547253,2.5856e-05
547348,2.0736e-05
547368,5.3248e-05
547403,0.000109312
547460,5.2992e-05
547506,2.1248e-05
547581,6.0672e-05
547625,2.56e-06
547641,7.6032e-05
547686,2.6624e-05
547717,7.424e-06
547726,4.096e-06
547739,2.56e-07
547856,4.736e-05
547863,0.000509696
547981,0.000254464
548032,4.992e-05
548157,0.000474624
548312,2.56e-06
548341,4.864e-06
548411,0.000135936
548453,5.888e-05
548461,1.6896e-05
548489,1.6384e-05
548549,4.48e-05
548626,2.432e-05
548662,2.7648e-05
548676,4.6592e-05
548764,0.00037888
548820,9.472e-06
548926,4.864e-06
548977,3.4816e-05
549031,4.8384e-05
549091,6.7072e-05
549102,4.9664e-05
549186,8.448e-06
549194,3.2512e-05
549221,2.304e-06
549242,8.704e-06
549279,1.664e-05
549298,2.8928e-05
549301,4.6592e-05
549453,3.072e-05
549486,3.2e-05
549491,1.7152e-05
549535,1.024e-05
549585,7.6288e-05
549602,4.5056e-05
549638,0.00051456
549677,8.704e-05
549751,6.2208e-05
549822,0.0001088
549862,4.352e-06
549892,9.216e-06
549963,3.1488e-05
549975,0.000300288
549999,0.000529664
550106,0.001650944
550176,0.000164096
550245,0.000242176
550271,6.656e-06
550273,1.4336e-05
550341,0.0
550343,2.56e-07
550443,0.00012544
550460,4.096e-06
550500,4.224e-05
550565,3.5584e-05
550578,0.000434176
550583,0.001695744
550630,4.096e-06
550696,6.144e-05
550728,0.0
550730,0.000532736
550773,4.8896e-05
550779,3.8656e-05
550843,5.376e-06
550925,6.5536e-05
550954,6.784e-05
551007,7.7824e-05
551050,1.0496e-05
551164,0.000175104
551233,3.9424e-05
551277,4.5056e-05
551415,3.7632e-05
551417,4.096e-06
551466,3.5072e-05
551532,1.024e-05
551583,4.608e-06
551648,0.000781568
551741,1.0752e-05
551766,2.1504e-05
551775,1.024e-06
551829,4.0192e-05
551865,9.5232e-05
551929,1.792e-06
552038,1.664e-05
552066,6.5536e-05
552144,2.9952e-05
552206,2.1248e-05
552251,8.96e-06
552321,4.096e-06
552376,8.2688e-05
552407,0.001339136
552509,0.000184064
552548,3.5328e-05
552571,6.144e-06
552628,0.000105472
552671,9.4464e-05
552738,5.12e-05
552756,6.4e-06
552810,6.144e-05
552827,0.000263424
552874,1.792e-05
552897,1.28e-05
552908,9.4976e-05
552944,3.5584e-05
552966,5.888e-06
552984,0.000202752
553072,1.8432e-05
553181,0.000639744
553220,0.000668416
553276,6.2464e-05
553322,7.936e-06
553462,2.816e-06
553545,1.0752e-05
553580,2.048e-06
553593,9.728e-06
553681,1.408e-05
553753,6.2976e-05
553828,8.704e-06
553877,0.000406016
554028,2.2272e-05
554062,5.376e-05
554116,1.2032e-05
554123,0.000105472
554152,0.000132608
554198,5.6064e-05
554220,6.3232e-05
554250,6.5536e-05
554331,3.9936e-05
554396,2.3808e-05
554421,0.000301312
554511,6.8352e-05
554546,6.5024e-05
554567,2.3552e-05
554600,1.1008e-05
554613,3.7376e-05
554636,4.3776e-05
554657,0.000146944
554703,1.1776e-05
554754,4.864e-06
554781,0.001325312
554846,1.28e-06
554883,5.12e-07
554941,2.816e-05
555016,7.68e-06
555087,1.3568e-05
555139,2.7136e-05
555153,6.656e-06
555296,9.216e-05
555326,5.12e-07
555376,0.000278016
555417,0.000986368
555462,5.0688e-05
555509,0.000109056
555520,5.1968e-05
555541,0.000190208
555682,6.144e-06
555739,5.7088e-05
555748,5.632e-05
555769,8.192e-06
555774,0.000935936
555876,7.424e-06
555913,1.792e-05
555985,0.000467968
555993,0.00014976
556030,5.9648e-05
556094,6.144e-06
556146,6.2976e-05
556190,2.7648e-05
556238,0.00126336
556329,2.0224e-05
556396,1.2544e-05
556426,1.6128e-05
556490,2.0224e-05
556533,6.5792e-05
556543,6.144e-06
556565,0.000138752
556569,6.7584e-05
556625,0.000116736
556644,3.5072e-05
556726,2.8416e-05
556784,2.2272e-05
556797,3.8656e-05
556832,2.56e-06
556863,6.144e-06
556880,5.7088e-05
556983,1.3824e-05
557011,1.7408e-05
557029,5.12e-06
557101,1.8176e-05
557166,2.2784e-05
557296,3.0208e-05
557381,4.608e-06
557470,5.12e-05
557481,6.6816e-05
557524,5.888e-06
557544,0.000310528
557568,9.4976e-05
557610,2.048e-06
557746,2.2784e-05
557765,1.3312e-05
557774,7.68e-06
557785,0.014017792
557817,0.001581568
557904,8.7296e-05
558179,5.9904e-05
558294,0.000196096
558305,2.1504e-05
558357,1.1264e-05
558365,7.4752e-05
558377,3.328e-06
558379,0.001202944
558479,2.5856e-05
558524,2.6368e-05
558526,3.6096e-05
558551,2.8672e-05
558571,7.0656e-05
558599,3.8912e-05
558628,7.3472e-05
558698,1.28e-05
558793,9.472e-06
558813,0.00029568
558821,0.002028544
558865,0.00012288
558901,7.7056e-05
558976,5.2736e-05
558979,0.002127616
559080,2.432e-05
559105,5.0944e-05
559197,6.4256e-05
559231,2.2272e-05
559249,4.2496e-05
559313,5.12e-06
559427,1.1776e-05
559434,0.0001472
559526,8.704e-06
559565,0.000177664
559582,5.2736e-05
559587,7.1936e-05
559617,3.072e-06
559670,7.424e-05
559726,3.9424e-05
559737,8.7808e-05
559756,0.000372224
559835,1.0496e-05
559850,6.528e-05
559903,0.001197056
560021,2.688e-05
560026,1.408e-05
560071,2.816e-05
560073,5.8624e-05
560145,3.6096e-05
560160,5.12e-07
560171,3.5328e-05
560216,7.936e-06
560329,2.5856e-05
560391,8.6272e-05
560544,1.6384e-05
560559,1.28e-06
560630,9.728e-06
560655,0.00027648
560664,2.2784e-05
560761,7.936e-06
560762,1.792e-06
560765,0.000236544
560769,0.000722176
560777,0.000491264
560874,4.352e-06
560877,0.000297984
560913,2.0736e-05
560989,1.7152e-05
561006,0.000122368
561051,7.68e-06
561059,2.176e-05
561136,6.912e-06
561155,8.0128e-05
561171,7.68e-07
561207,6.4e-06
561294,7.4496e-05
561360,1.0496e-05
561376,0.000326656
561422,2.2272e-05
561477,2.2016e-05
561490,0.0002176
561551,0.0
561601,7.424e-06
561638,6.656e-06
561641,0.000286208
561680,0.000552448
561716,1.8688e-05
561757,8.2688e-05
561784,1.3568e-05
561828,2.5856e-05
561945,0.000131072
561964,7.0656e-05
561967,6.7072e-05
561990,0.000342016
562039,2.816e-06
562143,6.4512e-05
562230,0.00019072
562266,6.4e-06
562289,1.6896e-05
562338,1.2544e-05
562393,0.000493056
562442,5.5552e-05
562460,0.000263168
562581,0.000135424
562601,8.448e-05
562622,1.2288e-05
562658,7.424e-06
562680,9.728e-06
562689,3.7376e-05
562735,2.8928e-05
562745,4.7616e-05
562779,5.12e-06
562825,4.864e-06
562839,1.3056e-05
562918,6.0928e-05
562974,8.96e-06
562999,2.048e-05
563035,6.5536e-05
563153,0.000235776
563207,0.000109312
563278,1.28e-06
563312,5.632e-06
563322,3.9424e-05
563365,0.000116736
563426,7.936e-05
563473,1.024e-05
563543,5.9392e-05
563607,2.8416e-05
563642,1.2544e-05
563658,2.688e-05
563725,5.248e-05
563741,0.000103936
563783,0.001819392
563826,0.001120512
563889,1.9712e-05
564046,2.304e-06
564108,2.5856e-05
564149,2.9184e-05
564276,5.0944e-05
564377,0.001976064
564453,1.8688e-05
564514,1.92e-05
564556,3.1232e-05
564583,2.816e-05
564625,8.448e-06
564685,8.448e-05
564705,6.8864e-05
564722,8.8832e-05
564874,6.656e-05
564968,2.304e-06
564981,1.9968e-05
564988,0.00010752
565008,0.000147456
565099,3.7888e-05
565132,0.000102912
565161,5.9136e-05
565204,7.1168e-05
565240,5.12e-07
565271,2.2016e-05
565310,1.4592e-05
565497,7.5008e-05
565564,1.7152e-05
565581,0.000621056
565589,0.000522752
565699,1.7152e-05
565788,3.7888e-05
565852,1.3056e-05
565911,0.000408832
565958,2.3552e-05
565995,2.688e-05
566006,2.2528e-05
566059,0.000112128
566113,6.144e-06
566176,9.216e-06
566177,0.001938432
566187,0.00055296
566320,3.2512e-05
566455,9.216e-06
566477,3.2e-05
566584,4.8896e-05
566609,3.9168e-05
566651,0.000155904
566699,2.4064e-05
566759,7.2704e-05
566777,0.000324864
566814,0.000483328
566855,0.000109824
566994,6.8352e-05
566996,0.000167424
567009,2.9952e-05
567131,6.5792e-05
567223,0.000251904
567310,3.3792e-05
567361,7.68e-07
567421,8.96e-06
567454,2.8928e-05
567538,6.7072e-05
567579,8.192e-06
567623,4.4544e-05
567739,0.000231168
567798,2.0992e-05
567827,2.1248e-05
567904,1.28e-06
567944,3.0976e-05
567965,0.00013056
567981,0.000413184
568081,6.656e-06
568115,6.0928e-05
568181,1.2288e-05
568194,5.376e-05
568267,2.048e-06
568298,9.728e-06
568390,4.0192e-05
568407,2.048e-05
568491,3.0208e-05
568548,5.9392e-05
568569,8.6528e-05
568635,1.9712e-05
568681,7.936e-06
568711,1.1776e-05
568847,5.7344e-05
568876,4.992e-05
568916,4.608e-06
568978,4.1472e-05
568999,9.984e-06
569051,0.000516352
569103,0.0001728
569170,0.000580096
569183,0.000614656
569287,7.936e-06
569368,1.7152e-05
569380,1.2544e-05
569476,7.8336e-05
569555,5.5808e-05
569632,6.8352e-05
569651,0.000424192
569709,2.3296e-05
569720,1.536e-05
569776,1.8432e-05
569781,0.002230016
569926,1.792e-06
569960,0.00042496
570297,3.584e-05
570334,8.2432e-05
570464,6.0672e-05
570486,5.12e-07
570538,0.000215808
570573,0.00012928
570626,0.000151552
570697,0.000224256
570761,8.704e-06
570838,1.8688e-05
570894,9.4208e-05
570962,0.000216832
570978,0.000147968
571020,7.68e-06
571038,7.8848e-05
571078,4.608e-06
571150,2.4832e-05
571315,2.432e-05
571372,2.816e-06
571392,3.328e-06
571414,1.8432e-05
571481,1.6384e-05
571574,6.272e-05
571631,3.6352e-05
571667,5.632e-06
571729,3.328e-05
571797,2.0224e-05
571806,2.56e-07
571832,2.7136e-05
571839,1.7152e-05
571875,0.000121856
571929,2.048e-06
571961,1.3568e-05
572056,9.9584e-05
572117,1.0496e-05
572164,0.00011264
572174,0.00021888
572260,0.000105216
572314,6.272e-05
572392,2.4064e-05
572431,2.944e-05
572507,4.864e-06
572584,8.192e-06
572628,9.8816e-05
572776,0.00251264
572878,0.000972544
572919,6.656e-05
573044,4.8896e-05
573066,2.7648e-05
573101,2.816e-05
573145,2.0736e-05
573181,7.168e-06
573207,2.56e-06
573341,1.792e-05
573345,8.8064e-05
573391,0.00048896
573442,6.6304e-05
573470,1.92e-05
573512,6.2976e-05
573578,0.00022272
573646,1.3824e-05
573653,2.304e-06
573689,1.28e-06
573839,9.6256e-05
573875,0.000165632
573919,4.9664e-05
573985,0.000820992
574149,3.584e-05
574225,0.000466176
574279,2.9696e-05
574342,0.000104448
574461,3.328e-06
574558,5.376e-06
574569,4.5312e-05
574580,0.000407808
574628,0.000115968
574686,3.3536e-05
574716,1.6128e-05
574744,1.0496e-05
574754,2.8928e-05
574792,9.216e-06
574846,1.6384e-05
574874,0.000185856
574886,0.000165888
574911,7.936e-05
575005,1.3568e-05
575035,7.168e-06
575096,1.6384e-05
575124,2.4064e-05
575141,8.6528e-05
575161,2.432e-05
575164,4.5056e-05
575299,0.000132864
575354,3.0976e-05
575360,6.912e-05
575490,1.1008e-05
575640,0.00021888
575688,0.000192768
575764,7.8848e-05
575766,0.000275456
575829,2.432e-05
575860,1.024e-05
575869,5.376e-06
575929,5.6064e-05
575950,3.072e-05
575986,1.1008e-05
576124,2.4832e-05
576126,2.8672e-05
576139,1.3824e-05
576288,1.4848e-05
576312,4.608e-06
576466,1.408e-05
576513,5.376e-06
576534,7.424e-06
576592,0.00013312
576624,0.001476608
576725,5.12e-06
576728,2.6112e-05
576799,2.56e-07
576871,9.984e-06
577016,1.536e-06
577115,0.000118528
577133,2.1248e-05
577141,2.0992e-05
577228,9.1136e-05
577258,6.6048e-05
577274,0.000147968
577328,4.352e-05
577353,8.4992e-05
577446,5.6064e-05
577552,1.3824e-05
577587,1.5104e-05
577643,3.9424e-05
577674,0.000139008
577733,5.7088e-05
577753,8.832e-05
577826,6.656e-06
577830,1.6384e-05
577876,1.8176e-05
577898,4.5824e-05
577979,5.4528e-05
578000,3.3536e-05
578046,1.4848e-05
578061,7.168e-06
578093,2.56e-05
578119,5.7088e-05
578141,4.096e-06
578146,1.2032e-05
578185,9.5488e-05
578247,2.048e-05
578312,5.1456e-05
578338,7.68e-07
578357,3.1744e-05
578409,0.002005504
578464,5.7088e-05
578528,2.304e-06
578556,1.536e-05
578639,1.024e-06
578721,1.664e-05
578750,3.072e-06
578775,1.664e-05
578849,4.352e-05
578863,0.000150016
578926,0.000108032
578951,5.9648e-05
578971,0.000558336
579024,2.5088e-05
579095,1.152e-05
579151,5.12e-06
579181,8.0896e-05
579207,1.536e-06
579212,2.4832e-05
579293,7.936e-06
579334,2.4064e-05
579354,9.216e-05
579380,0.000654848
579483,5.12e-07
579544,2.4064e-05
579613,1.8944e-05
579652,0.0003776
579702,3.4304e-05
579724,4.608e-06
579779,4.5056e-05
579806,2.688e-05
579824,2.176e-05
579925,0.000647168
579947,3.712e-05
579981,0.00011392
580078,2.048e-05
580087,3.5072e-05
580116,4.5568e-05
580158,0.000129792
580278,0.000103424
580326,3.6096e-05
580382,1.6896e-05
580434,5.0688e-05
580482,2.304e-06
580511,2.304e-06
580532,1.536e-06
580576,7.424e-06
580582,6.2976e-05
580639,8.192e-06
580693,8.704e-06
580836,2.0992e-05
580842,1.7152e-05
580951,0.000251392
580965,4.3776e-05
581014,2.0224e-05
581086,1.9712e-05
581088,9.472e-06
581164,0.001742848
581188,0.00014592
581252,0.000115712
581270,2.3552e-05
581337,7.0144e-05
581446,4.864e-06
581453,0.00027008
581510,3.4816e-05
581541,4.7616e-05
581555,0.000342528
581649,1.1264e-05
581734,3.0976e-05
581748,0.001495552
581856,4.3008e-05
581960,0.000230656
581987,1.5872e-05
582020,8.192e-06
582038,0.000697856
582068,1.024e-06
582091,0.000455424
582146,5.3504e-05
582207,3.584e-05
582316,6.4e-06
582344,8.192e-05
582607,0.000133376
582632,1.8944e-05
582655,0.000111616
582682,3.6864e-05
582744,6.4256e-05
582757,1.28e-06
582796,2.816e-06
582812,2.304e-06
582908,0.000163072
582941,4.352e-06
582964,0.00034688
583057,1.6896e-05
583156,2.4832e-05
583201,2.7904e-05
583263,1.7408e-05
583280,0.0
583320,7.1936e-05
583377,2.2528e-05
583452,1.28e-06
583458,0.00020992
583526,1.0496e-05
583564,0.000918784
583579,0.001521152
583656,8.8576e-05
583718,1.3824e-05
583723,2.048e-06
583743,0.001617664
583823,2.5856e-05
583846,4.352e-06
583862,1.5616e-05
583871,1.408e-05
583908,1.536e-06
583911,1.0496e-05
584008,8.704e-06
584033,1.0496e-05
584076,2.7392e-05
584144,7.7312e-05
584165,0.000113664
584215,1.792e-06
584327,3.3024e-05
584450,3.4304e-05
584518,2.56e-07
584547,2.6624e-05
584579,4.7104e-05
584590,1.5616e-05
584629,3.584e-06
584772,0.00012544
584776,6.5536e-05
584847,1.4592e-05
584851,1.3568e-05
584950,3.8912e-05
584964,2.816e-06
584981,9.8816e-05
585057,1.92e-05
585098,1.3312e-05
585134,1.024e-05
585242,5.888e-06
585297,7.424e-06
585321,2.6624e-05
585339,1.8944e-05
585365,4.6848e-05
585381,0.000474368
585496,3.9424e-05
585516,2.9952e-05
585722,2.1504e-05
585761,1.9456e-05
585772,4.992e-05
585793,1.6128e-05
585872,1.8688e-05
585917,6.528e-05
585978,0.000382464
586129,3.4816e-05
586229,0.00011136
586250,5.6576e-05
586290,2.944e-05
586338,0.000155648
586411,0.000396288
586486,2.7136e-05
586564,1.0752e-05
586621,0.000295936
586662,2.0736e-05
586739,2.7648e-05
586798,0.000154112
586843,0.000113152
586962,3.072e-06
587018,6.144e-05
587021,4.352e-06
587094,3.6864e-05
587132,0.00022784
587174,4.7872e-05
587176,0.000175616
587210,2.4576e-05
587254,2.56e-05
587318,4.864e-06
587328,4.9408e-05
587368,2.944e-05
587429,3.7888e-05
587474,0.00025728
587599,1.9456e-05
587652,0.000184832
587704,6.144e-05
587720,4.2496e-05
587816,1.1264e-05
587911,0.000123136
588006,1.3568e-05
588063,2.7904e-05
588084,3.6096e-05
588192,1.8688e-05
588197,1.024e-05
588237,9.728e-06
588307,6.656e-06
588360,4.3264e-05
588364,0.00011648
588378,0.00149376
588441,5.12e-06
588455,3.0208e-05
588486,1.8432e-05
588559,1.5104e-05
588646,4.352e-06
588649,4.5312e-05
588676,1.5104e-05
588718,4.5312e-05
588793,6.8608e-05
588876,6.3744e-05
588941,1.4848e-05
588990,2.0992e-05
589055,0.000197376
589070,5.12e-06
589130,7.6288e-05
589158,1.28e-05
589174,2.688e-05
589220,1.5616e-05
589238,2.56e-07
589275,8.448e-06
589335,9.984e-06
589378,2.3808e-05
589397,1.5872e-05
589407,5.4784e-05
589442,2.5344e-05
589559,3.5328e-05
589576,0.00015232
589582,0.001689856
589623,0.000139008
589705,0.000133888
589768,2.1504e-05
589812,9.216e-06
589824,0.000312576
589839,0.000470016
590014,9.472e-05
590067,8.704e-06
590102,7.168e-06
590300,3.0976e-05
590390,2.3808e-05
590491,7.2704e-05
590493,0.000107264
590518,6.4e-06
590599,1.1264e-05
590620,2.7648e-05
590733,5.632e-06
590748,1.9968e-05
590765,9.6256e-05
590770,6.7072e-05
590777,4.5568e-05
590838,4.352e-06
590885,4.1216e-05
590894,3.6352e-05
590959,1.6896e-05
590995,8.4224e-05
591003,5.4528e-05
591050,7.5776e-05
591079,0.000171008
591183,4.1728e-05
591207,9.472e-06
591220,1.4336e-05
591345,4.5568e-05
591367,0.000636416
591379,3.9168e-05
591465,0.000628736
591522,1.4592e-05
591557,7.552e-05
591674,7.168e-06
591721,3.0976e-05
591757,4.096e-06
591765,1.4848e-05
591786,5.632e-06
591799,2.3552e-05
591878,6.0672e-05
591944,1.4848e-05
591979,0.002084608
592037,3.0208e-05
592096,2.5088e-05
592100,1.4848e-05
592178,4.352e-06
592182,8.192e-06
592278,7.168e-06
592295,0.000128768
592372,8.6272e-05
592448,5.7856e-05
592461,3.328e-06
592496,6.912e-06
592544,2.4576e-05
592558,0.000105472
592564,0.001188864
592639,3.1232e-05
592695,9.984e-06
592766,0.000255232
592821,7.3216e-05
592878,1.8176e-05
592931,1.0496e-05
592943,7.68e-05
592952,6.4768e-05
592994,5.12e-06
593026,1.7152e-05
593083,1.408e-05
593118,1.664e-05
593153,1.024e-05
593166,2.9952e-05
593181,3.7888e-05
593185,5.3504e-05
593198,5.12e-05
593244,0.000110848
593257,0.000419072
593304,7.7056e-05
593374,2.176e-05
593379,2.3552e-05
593406,7.3216e-05
593498,7.168e-06
593524,4.864e-06
593548,6.4e-06
593596,1.7664e-05
593623,1.4848e-05
593665,4.0704e-05
593742,0.000103936
593766,0.000578048
593783,0.001164544
593797,0.005180928
593844,8.5248e-05
593887,7.04e-05
593930,1.792e-05
593964,2.9184e-05
593970,2.432e-05
594001,0.000436736
594114,0.000193792
594180,2.0992e-05
594233,4.352e-06
594352,1.664e-05
594378,0.000527872
594380,0.000583168
594383,0.000643584
594430,7.68e-07
594459,0.000182272
594480,0.000293632
594548,5.632e-06
594554,4.608e-06
594570,4.608e-06
594586,8.96e-06
594626,2.0224e-05
594627,2.176e-05
594668,1.9968e-05
594688,2.5856e-05
594726,6.6048e-05
594771,3.9424e-05
594842,1.664e-05
594851,1.3568e-05
594925,0.000799232
594977,0.00057984
595023,6.912e-06
595100,8.5504e-05
595105,0.00043648
595136,0.000567552
595213,3.9424e-05
595244,6.5792e-05
595249,0.000534016
595320,8.3712e-05
595481,3.84e-06
595538,3.0464e-05
595562,2.0224e-05
595564,3.9168e-05
595584,9.984e-06
595692,1.792e-05
595746,3.968e-05
595796,2.2016e-05
595828,8.576e-05
595832,0.000418304
595900,8.192e-06
595909,5.888e-05
595955,1.664e-05
595984,1.6896e-05
596099,6.3744e-05
596130,0.000144384
596147,1.28e-06
596160,0.001194752
596236,8.192e-06
596269,4.6336e-05
596295,8.3968e-05
596393,6.144e-05
596432,8.192e-06
596457,2.8416e-05
596486,4.7616e-05
596570,0.0003776
596698,2.56e-07
596726,2.0224e-05
596760,2.944e-05
596869,3.584e-06
596919,0.000210944
596966,4.6848e-05
597003,9.216e-06
597016,5.0688e-05
597125,9.3184e-05
597154,4.352e-06
597213,7.168e-06
597278,2.1504e-05
597345,9.2672e-05
597375,7.68e-06
597446,3.584e-06
597608,0.000346112
597654,0.00012544
597752,7.68e-07
597818,6.656e-06
597823,0.000122368
597861,9.472e-06
597889,7.168e-06
597893,1.024e-06
597901,0.000218624
597930,1.5104e-05
598026,3.8912e-05
598086,0.000270848
598108,0.000165888
598186,0.001012224
598261,5.12e-07
598298,1.536e-05
598331,2.56e-05
598414,4.2752e-05
598508,3.4304e-05
598511,9.3952e-05
598553,7.424e-06
598559,5.12e-06
598575,5.8112e-05
598587,0.000220928
598632,2.9184e-05
598726,8.704e-06
598778,0.003517184
598912,0.000306176
598946,2.2272e-05
598988,2.7392e-05
599010,7.936e-06
599052,3.1232e-05
599086,0.000183552
599165,3.5072e-05
599228,4.352e-05
599290,1.5872e-05
599324,5.12e-06
599338,4.1472e-05
599406,3.5584e-05
599418,1.792e-05
599446,1.3056e-05
599485,4.864e-06
599558,5.3504e-05
599592,1.28e-06
599646,0.000115456
599686,5.8368e-05
599702,1.7408e-05
599749,0.000694784
599794,1.28e-05
599841,0.000105984
599869,0.000240384
600064,6.0416e-05
600156,2.304e-05
600206,2.2784e-05
600216,3.2512e-05
600239,6.144e-06
600265,1.8944e-05
600274,0.000247552
600297,4.7616e-05
600337,2.56e-06
600382,0.000369408
600476,0.000118784
600537,9.9584e-05
600558,0.000252928
600581,6.144e-05
600700,5.9648e-05
600749,6.272e-05
600807,7.7568e-05
600849,3.968e-05
600901,2.688e-05
600918,9.088e-05
600965,4.5824e-05
600969,7.6544e-05
600981,0.000206848
601051,0.000486656
601114,2.8672e-05
601129,1.5872e-05
601170,9.216e-06
601275,2.048e-06
601436,7.68e-07
601438,8.832e-05
601446,0.000147968
601570,2.6368e-05
601624,6.6816e-05
601639,1.1008e-05
601652,0.000177152
601868,8.7296e-05
601922,0.010810112
602073,0.000118272
602097,7.936e-06
602180,5.8112e-05
602193,5.12e-07
602207,0.000160768
602240,2.4064e-05
602304,3.328e-06
602402,5.6576e-05
602485,1.5104e-05
602560,7.68e-07
602675,7.3984e-05
602777,4.7872e-05
602779,0.000105984
602781,2.816e-06
602789,0.000177152
602852,1.8176e-05
602861,7.8848e-05
602871,7.168e-06
602899,6.912e-06
602938,3.9936e-05
602959,1.6384e-05
602975,2.9184e-05
602991,3.328e-06
603056,2.816e-06
603057,4.1216e-05
603123,1.5104e-05
603166,3.1488e-05
603182,0.000186624
603201,0.000408832
603275,0.000134144
603318,2.944e-05
603408,8.192e-06
603423,5.4528e-05
603440,1.2032e-05
603468,4.608e-05
603504,1.536e-06
603529,9.728e-06
603554,0.000156416
603584,0.000123904
603609,4.3776e-05
603646,0.000450816
603688,5.2736e-05
603713,1.536e-05
603739,3.84e-06
603756,5.12e-07
603765,5.12e-07
603778,4.864e-05
603789,0.000331264
603819,1.28e-06
603925,2.8928e-05
603933,0.000174336
603962,1.024e-06
603965,0.000212992
604013,4.096e-05
604088,1.3312e-05
604124,9.1648e-05
604155,3.1232e-05
604204,0.00386048
604313,2.4832e-05
604357,6.3488e-05
604518,3.072e-06
604578,0.000309248
604586,0.000212992
604591,0.003437568
604678,2.1248e-05
604710,1.1008e-05
604741,5.12e-06
604906,7.3728e-05
604926,3.84e-06
604935,4.1216e-05
605129,0.00074496
605180,0.000122368
605254,2.304e-06
605361,1.8688e-05
605424,0.000211968
605448,0.000673024
605552,9.728e-06
605556,2.944e-05
605564,0.00059136
605608,6.7072e-05
605763,1.6896e-05
605765,6.3744e-05
605780,5.6064e-05
605836,5.1968e-05
605868,3.7888e-05
605898,8.448e-06
605984,3.1232e-05
606065,4.9152e-05
606106,6.144e-06
606141,4.5568e-05
606241,1.7152e-05
606377,0.000181504
606454,4.8128e-05
606469,7.3984e-05
606589,0.000158208
606667,2.2272e-05
606691,1.3568e-05
606696,0.000141824
606801,6.656e-06
606849,3.712e-05
606893,1.408e-05
606926,0.00011904
606966,6.1696e-05
606976,0.000179456
607069,3.2256e-05
607099,5.0176e-05
607117,3.84e-06
607154,1.7408e-05
607204,0.000121344
607256,4.1984e-05
607272,2.432e-05
607362,2.688e-05
607412,4.7104e-05
607415,3.968e-05
607430,0.000563456
607445,0.001183488
607476,4.096e-06
607576,4.5056e-05
607591,0.000130304
607754,0.000103168
607858,7.68e-06
607867,3.8656e-05
607889,0.000236544
607937,8.9088e-05
607961,5.12e-06
607998,4.608e-06
608021,1.024e-06
608082,0.000382976
608134,5.4528e-05
608158,3.072e-05
608160,0.00017024
608197,8.704e-06
608222,8.448e-06
608225,2.3552e-05
608294,0.000112896
608336,4.864e-06
608355,2.5088e-05
608374,7.4496e-05
608414,2.56e-07
608431,0.000731904
608555,5.632e-06
608708,4.864e-06
608726,0.000123648
608765,2.56e-06
608860,2.2784e-05
608926,1.2032e-05
608964,1.2544e-05
608987,0.000194048
609088,3.1744e-05
609117,3.6864e-05
609156,1.7408e-05
609193,1.536e-06
609206,0.00010496
609271,5.376e-06
609338,0.000699392
609395,0.000442368
609438,1.4592e-05
609502,0.000131328
609537,1.2544e-05
609586,3.0464e-05
609612,3.072e-06
609749,0.000115712
609768,2.4576e-05
609781,1.28e-06
609846,7.9616e-05
609892,5.12e-06
609908,1.28e-05
609938,7.424e-06
609981,0.000654592
610192,2.6112e-05
610268,2.5088e-05
610316,4.352e-06
610349,2.56e-07
610366,2.1248e-05
610386,1.024e-06
610408,2.3808e-05
610446,1.28e-06
610460,4.5312e-05
610506,9.7024e-05
610516,6.912e-06
610519,0.000121344
610552,5.888e-06
610572,0.0
610578,0.000159488
610638,2.2016e-05
610700,0.000359936
610747,2.3808e-05
610748,0.000525312
610887,2.8928e-05
610906,9.728e-06
610949,5.1712e-05
610987,6.912e-06
611006,5.376e-05
611063,1.1264e-05
611073,0.000300288
611176,6.6816e-05
611204,0.000425472
611438,7.68e-07
611446,7.424e-06
611455,4.8896e-05
611478,2.5344e-05
611502,1.1264e-05
611510,6.2976e-05
611556,1.3312e-05
611600,3.072e-05
611634,1.1776e-05
611660,2.0224e-05
611706,1.8432e-05
611758,8.448e-06
611765,0.001984256
611844,0.00012672
611878,0.000226048
611969,1.9712e-05
612013,6.656e-06
612149,4.7104e-05
612154,1.4848e-05
612194,4.864e-06
612203,2.0736e-05
612232,1.024e-06
612286,4.9664e-05
612352,2.7136e-05
612380,0.000141312
612386,0.000772352
612455,0.0
612472,4.1728e-05
612484,1.28e-05
612500,4.096e-06
612523,9.7536e-05
612550,2.56e-06
612564,1.2032e-05
612724,0.001358336
612786,9.984e-06
612814,5.632e-06
612884,1.28e-05
612964,4.864e-06
612982,3.9936e-05
612987,2.304e-05
613047,5.7344e-05
613100,4.5056e-05
613164,2.304e-06
613182,9.856e-05
613283,6.4768e-05
613341,6.2208e-05
613429,0.000118272
613440,0.000378112
613487,8.576e-05
613544,1.8944e-05
613551,1.024e-05
613571,1.4592e-05
613609,0.000200192
613659,0.000480256
613719,0.000142336
613750,4.1216e-05
613755,7.04e-05
613867,2.7648e-05
613890,7.68e-07
613959,2.4576e-05
613992,2.176e-05
614036,8.8064e-05
614062,1.8944e-05
614112,8.704e-06
614181,5.12e-06
614206,4.6592e-05
614256,4.6336e-05
614272,7.2704e-05
614330,7.3472e-05
614342,8.9344e-05
614365,0.000396288
614395,4.6336e-05
614466,0.000130816
614518,3.7888e-05
614547,0.000129792
614563,0.000173568
614601,8.192e-06
614633,1.6128e-05
614661,2.816e-06
614702,1.4848e-05
614746,7.1168e-05
614782,1.3312e-05
614826,2.5088e-05
614830,0.00049664
614847,1.92e-05
614867,7.4752e-05
614877,9.8816e-05
614907,9.4208e-05
614917,0.000506624
614977,0.000138752
614987,7.9872e-05
615037,4.3776e-05
615047,0.000153856
615077,6.1952e-05
615107,0.000229888
615127,0.00020736
615147,0.0001984
615177,6.4768e-05
615187,0.00017536
615197,0.000279552
615227,0.000573952
615237,0.00023808
615247,6.3744e-05
615257,0.000438016
615297,0.001012224
615307,7.2448e-05
615337,0.000382208
615357,0.000188672
615407,0.000506624
615417,0.000133632
615427,0.000356608
615447,0.000284672
615494,3.328e-06
615517,3.4816e-05
615547,5.376e-06
615580,2.944e-05
615627,1.4336e-05
615737,8.6016e-05
615841,2.6112e-05
615923,6.912e-06
615965,0.000683008
616030,0.000119296
616068,2.304e-06
616115,1.92e-05
616173,0.000267264
616276,0.000605184
616346,4.5056e-05
616385,1.28e-06
616414,7.168e-06
616492,1.3056e-05
616500,5.5296e-05
616509,6.784e-05
616576,3.2512e-05
616602,7.936e-06
616759,4.864e-06
616770,5.7088e-05
616783,2.304e-06
616786,0.000602112
616814,0.000180736
616870,6.912e-06
616914,3.4048e-05
616936,2.6112e-05
616976,3.8912e-05
617064,2.3296e-05
617074,3.4304e-05
617117,7.68e-07
617129,2.5344e-05
617139,2.2528e-05
617175,3.2512e-05
617179,3.712e-05
617301,1.7664e-05
617330,5.632e-06
617392,1.1008e-05
617427,2.3296e-05
617438,9.6e-05
617459,9.9072e-05
617479,0.000112384
617503,1.3568e-05
617531,0.000152064
617571,0.000164352
617602,5.1456e-05
617631,1.664e-05
617665,2.2784e-05
617674,0.000802048
617709,7.68e-06
617752,3.968e-05
617765,1.4592e-05
617766,0.000366848
617785,0.000807424
617821,1.024e-06
617846,4.2496e-05
617922,1.2288e-05
617946,1.2288e-05
617988,4.7616e-05
618012,8.192e-06
618033,0.000141824
618148,1.024e-05
618176,4.2752e-05
618198,1.536e-06
618218,1.8432e-05
618388,0.000575488
618522,9.472e-06
618579,3.1488e-05
618696,1.5104e-05
618713,7.04e-05
618786,1.1776e-05
618842,3.328e-06
618855,1.0752e-05
618941,2.5344e-05
618962,8.8832e-05
618965,0.000606976
618991,1.152e-05
619148,6.144e-05
619159,0.000367872
619229,1.024e-06
619238,1.536e-05
619244,5.12e-07
619245,0.000912896
619327,1.792e-05
619429,2.304e-06
619549,2.1248e-05
619576,4.1216e-05
619578,0.00017792
619580,0.000185856
619726,5.12e-06
619820,5.12e-06
619846,2.4832e-05
619873,2.56e-07
619912,1.2032e-05
619936,2.7904e-05
620005,1.3312e-05
620012,0.000163584
620040,6.4768e-05
620131,1.9712e-05
620184,6.1952e-05
620194,0.000114944
620242,5.8624e-05
620254,0.000328448
620314,5.76e-05
620342,2.8928e-05
620364,7.68e-07
620384,0.00023424
620404,8.448e-05
620414,0.00011776
620444,5.632e-05
620453,0.000144384
620464,5.0944e-05
620474,9.7792e-05
620484,0.000409088
620504,0.000301056
620524,9.9072e-05
620534,4.1472e-05
620544,3.9168e-05
620584,0.000255488
620594,0.000210432
620604,5.12e-06
620634,0.0001088
620644,0.000634624
620654,7.1424e-05
620674,0.000202496
620684,0.000308224
620694,2.6368e-05
620704,0.000249856
620724,0.000205824
620734,0.000281344
620744,0.000229376
620764,1.0496e-05
620774,0.00017792
620780,0.000425984
620814,0.000524288
620824,0.000304896
620834,0.000237056
620844,0.000333824
620864,0.000293888
620874,0.000288
620884,0.000134144
620894,0.001223424
620904,0.000135936
620934,0.000785408
620944,0.000146688
620954,0.000258304
620974,0.00060672
620984,0.000652288
620994,0.000616448
621034,4.4032e-05
621044,0.00059776
621054,0.000442368
621074,0.000179456
621094,0.000151296
621114,8.192e-05
621134,0.000676352
621184,0.00034688
621194,2.2784e-05
621234,0.00091392
621364,7.68e-06
621413,1.3824e-05
621506,8.3456e-05
621549,1.2288e-05
621574,6.912e-06
621590,3.84e-06
621608,3.1744e-05
621655,3.84e-06
621695,2.5344e-05
621703,2.4064e-05
621719,3.2768e-05
621742,5.888e-05
621836,2.3296e-05
621855,4.992e-05
621920,3.5328e-05
621962,6.016e-05
621982,0.000231168
621984,0.006880768
622114,4.8896e-05
622152,2.2272e-05
622213,4.9408e-05
622234,6.7584e-05
622263,5.376e-06
622444,3.84e-05
622532,3.072e-06
622574,0.000281344
622632,2.2528e-05
622677,2.4832e-05
622774,1.2544e-05
622784,4.3776e-05
622798,1.6896e-05
622815,4.6592e-05
622832,1.3312e-05
622929,1.1776e-05
622941,3.584e-06
622987,5.888e-06
623013,4.0448e-05
623073,4.8896e-05
623149,1.8688e-05
623157,1.2288e-05
623176,2.2016e-05
623178,4.7872e-05
623281,0.00016
623326,2.2272e-05
623339,7.3216e-05
623372,7.68e-06
623410,2.4064e-05
623458,1.7408e-05
623526,6.656e-06
623557,4.5568e-05
623576,0.000758784
623602,5.376e-06
623636,1.6896e-05
623671,2.0736e-05
623685,4.1216e-05
623728,8.2176e-05
623764,0.000636416
623840,3.5328e-05
623860,2.56e-06
623954,8.704e-06
624033,0.00052608
624083,9.728e-06
624120,2.2784e-05
624137,2.0992e-05
624199,7.424e-05
624341,3.072e-06
624378,3.84e-05
624382,0.000991232
624529,0.00018176
624596,3.712e-05
624687,3.712e-05
624712,2.816e-06
624762,1.5104e-05
624779,0.00029568
624793,0.000553472
624893,2.8928e-05
624910,6.4e-06
624952,2.816e-06
624977,0.00016128
625040,5.5296e-05
625130,8.7808e-05
625210,0.000111104
625288,4.352e-06
625316,1.9456e-05
625390,3.584e-06
625434,3.2e-05
625472,2.1248e-05
625562,2.7392e-05
625576,5.0688e-05
625730,4.5568e-05
625757,5.12e-06
625824,2.56e-05
625846,1.024e-05
625883,1.2288e-05
625915,0.000501248
625946,8.9344e-05
625997,4.864e-06
626012,0.002709504
626073,1.3824e-05
626166,6.144e-06
626177,2.1504e-05
626179,3.3792e-05
626185,0.000128768
626266,4.736e-05
626281,9.0368e-05
626356,3.584e-06
626434,2.6368e-05
626524,5.632e-06
626610,3.712e-05
626635,1.4848e-05
626674,3.3536e-05
626754,0.00043008
626776,2.3552e-05
626784,0.000119808
626836,8.576e-05
626898,4.352e-05
626908,5.3504e-05
626991,1.92e-05
626999,2.6112e-05
627055,0.00015232
627092,4.2752e-05
627126,4.7104e-05
627312,0.00051968
627355,3.2512e-05
627363,6.784e-05
627365,0.000115712
627377,0.000468992
627379,0.000213248
627465,5.6064e-05
627584,3.1488e-05
627621,1.664e-05
627661,5.376e-06
627790,1.6128e-05
627844,5.632e-06
627856,9.7024e-05
627887,0.000140032
627942,1.9968e-05
627977,0.002942464
628059,4.48e-05
628076,5.8112e-05
628103,3.6096e-05
628129,3.7376e-05
628143,4.352e-06
628202,0.000110848
628269,7.168e-06
628313,4.352e-05
628356,3.3536e-05
628361,8.4992e-05
628387,3.328e-06
628479,3.3024e-05
628492,7.4752e-05
628523,4.6848e-05
628535,0.00060032
628580,4.864e-05
628642,7.7312e-05
628644,0.00025088
628793,2.048e-06
628843,4.864e-05
628934,1.3568e-05
629006,5.632e-06
629045,2.0224e-05
629049,1.4592e-05
629053,0.000122624
629072,2.048e-05
629139,5.2224e-05
629177,4.096e-05
629179,0.00017536
629199,1.6128e-05
629269,0.000110848
629337,1.2544e-05
629355,5.12e-07
629406,6.144e-06
629471,6.8352e-05
629504,0.000102144
629536,2.56e-07
629558,6.528e-05
629586,2.048e-05
629617,5.12e-07
629667,8.4224e-05
629751,3.5584e-05
629769,0.000173568
629798,0.000145664
629801,0.000930304
629821,0.000381184
629854,5.0944e-05
629897,4.3264e-05
629927,4.608e-06
629944,2.176e-05
629954,5.2736e-05
629969,2.8928e-05
629992,4.352e-06
630089,2.6624e-05
630128,7.3728e-05
630170,4.8896e-05
630218,9.728e-05
630290,2.048e-05
630307,8.704e-05
630359,1.024e-06
630371,0.000231424
630462,2.816e-05
630490,2.176e-05
630562,3.5584e-05
630606,2.4576e-05
630610,3.0976e-05
630650,1.0752e-05
630675,3.8144e-05
630687,4.3008e-05
630719,1.6128e-05
630735,0.000107776
630817,4.2496e-05
630896,3.9424e-05
630923,1.0752e-05
630965,1.5872e-05
631030,1.92e-05
631046,0.000218368
631104,0.000110848
631137,0.000542976
631200,5.12e-06
631217,4.4288e-05
631271,1.28e-06
631322,3.328e-06
631345,0.000331264
631465,1.1008e-05
631469,5.4272e-05
631481,2.304e-05
631587,1.6896e-05
631625,0.000152832
631777,1.28e-05
631833,0.000816896
631920,6.1184e-05
631990,1.7408e-05
632003,2.816e-06
632027,0.000240384
632138,0.00010496
632184,0.00014848
632186,0.000189696
632247,5.8368e-05
632290,8.192e-06
632347,0.000104704
632369,0.000983552
632459,2.2272e-05
632490,0.000154112
632539,2.56e-07
632548,4.096e-06
632640,4.7872e-05
632714,0.000531456
632779,0.00017664
632794,8.704e-06
632836,7.68e-06
632862,3.6864e-05
632919,6.4768e-05
632990,0.000100864
633076,5.12e-06
633202,0.000427008
633241,0.000627712
633257,0.000491264
633295,0.000192
633327,1.536e-05
633361,0.000345344
633380,1.024e-06
633389,0.00028672
633435,0.000254976
633456,0.00039168
633484,0.000184832
633488,9.5232e-05
633587,0.000412672
633600,0.000616448
633673,6.144e-06
633676,2.7904e-05
633702,1.2032e-05
633711,0.000237824
633753,0.00019072
633796,0.000144128
633819,0.000294656
633883,0.0002112
633904,0.00012288
634063,0.000314368
634082,5.8624e-05
634124,0.00022656
634185,0.000864512
634241,0.000381952
634291,3.584e-05
634349,3.1232e-05
634380,0.000167424
634437,0.001682432
634508,1.7664e-05
634557,9.216e-06
634566,0.000214784
634578,0.000150016
634617,2.048e-05
634646,8.3712e-05
634701,3.328e-06
634740,4.6336e-05
634751,0.00107136
634846,1.6384e-05
634946,1.9456e-05
635030,0.000332544
635099,5.12e-06
635157,0.000617728
635325,1.6128e-05
635665,0.000216576
635686,1.28e-06
635715,9.472e-06
635744,6.1184e-05
635762,6.4512e-05
635791,0.000194048
635799,0.000226304
635876,1.3056e-05
635878,0.00017152
635934,3.5584e-05
635960,0.000400384
636070,6.1952e-05
636154,1.9712e-05
636189,9.216e-06
636204,4.4288e-05
636324,3.0976e-05
636332,2.4064e-05
636365,3.5584e-05
636379,6.5536e-05
636410,5.12e-06
636428,7.8592e-05
636454,2.7136e-05
636507,1.3056e-05
636518,1.536e-06
636542,0.000211968
636563,0.0003136
636606,3.1744e-05
636612,2.56e-06
636683,0.000139776
636747,0.000168448
636773,8.2176e-05
636793,9.984e-06
636822,2.304e-06
636846,2.0736e-05
636891,8.96e-06
636912,0.00069504
636952,2.7648e-05
636966,3.1488e-05
636983,0.00011136
637024,0.000190976
637078,2.8672e-05
637118,5.3248e-05
637188,4.352e-05
637211,8.3968e-05
637253,5.376e-05
637306,1.5872e-05
637324,1.1776e-05
637356,8.0128e-05
637437,0.00011392
637511,0.000178688
637580,8.9856e-05
637587,0.000160768
637629,0.003655424
637673,0.000251904
637759,1.2288e-05
637786,4.6592e-05
637839,6.2208e-05
637861,0.000300032
637894,1.4848e-05
637976,1.536e-06
637994,0.000397056
638041,9.1648e-05
638103,9.4208e-05
638216,0.000101376
638326,2.7136e-05
638360,2.9696e-05
638424,3.584e-05
638448,5.1712e-05
638520,2.3808e-05
638634,4.096e-06
638684,7.0144e-05
638720,3.328e-06
638754,4.7616e-05
638765,1.4592e-05
638775,8.2688e-05
638788,0.000944896
638856,1.3312e-05
638899,2.048e-06
639018,0.001850624
639083,0.000289792
639113,3.3536e-05
639153,1.0752e-05
639203,4.8384e-05
639242,2.56e-07
639335,6.4e-06
639366,0.00699648
639416,5.4016e-05
639433,2.6112e-05
639555,5.632e-05
639614,1.28e-05
639634,1.3568e-05
639674,6.4e-06
639720,2.048e-06
639727,2.5856e-05
639748,0.000107264
639760,3.072e-06
639886,7.168e-06
639914,8.1408e-05
639977,9.1904e-05
640004,3.0976e-05
640029,9.472e-05
640160,1.0496e-05
640213,1.7664e-05
640277,3.5328e-05
640333,3.6352e-05
640352,4.5568e-05
640360,9.3696e-05
640372,7.936e-06
640406,0.000643328
640458,4.3776e-05
640465,0.000111872
640577,0.000170752
640578,0.001631744
640690,3.3792e-05
640731,4.3008e-05
640744,1.3568e-05
640748,2.0992e-05
640764,9.088e-05
640805,1.5104e-05
640814,2.6368e-05
640854,7.5776e-05
640926,3.2512e-05
640968,1.152e-05
641002,7.68e-07
641031,3.584e-06
641061,0.001767168
641134,0.0
641178,0.000645888
641232,2.048e-05
641283,2.048e-05
641394,0.000170496
641436,2.2016e-05
641468,2.048e-06
641524,0.000160768
641546,6.4512e-05
641626,4.8896e-05
641697,5.632e-05
641766,8.1408e-05
641817,0.000126976
642017,3.072e-05
642033,0.000778752
642124,6.6304e-05
642162,1.3056e-05
642178,1.2288e-05
642209,2.816e-06
642215,2.4576e-05
642357,2.304e-06
642381,0.00010112
642451,3.4048e-05
642517,1.408e-05
642551,0.00010624
642634,2.8672e-05
642654,2.4576e-05
642693,4.864e-06
642723,2.8416e-05
642731,1.792e-06
642774,7.424e-06
642837,3.84e-06
642925,0.000438784
642967,7.6544e-05
643024,3.968e-05
643054,0.000685312
643170,3.072e-06
643179,1.6384e-05
643269,1.5872e-05
643321,1.4848e-05
643361,0.000104192
643536,0.00033664
643592,0.000111616
643620,7.68e-07
643637,8.448e-06
643670,7.8592e-05
643697,3.072e-06
643726,8.96e-06
643760,2.048e-05
643803,5.0432e-05
643809,1.536e-05
643851,0.000195584
643993,7.0656e-05
644039,9.0112e-05
644172,7.6032e-05
644212,5.1712e-05
644316,6.4e-06
644410,0.000560384
644444,6.4e-06
644467,2.4832e-05
644480,1.5616e-05
644534,5.5808e-05
644580,8.704e-06
644655,6.272e-05
644682,6.656e-06
644740,2.4064e-05
644764,2.0992e-05
644777,0.00056192
644780,0.001314048
644832,0.000390656
644861,0.000344064
644895,9.0112e-05
644952,1.024e-06
644966,5.376e-06
645003,6.144e-06
645038,5.12e-06
645100,1.664e-05
645102,0.00035456
645177,1.4848e-05
645277,5.0944e-05
645318,4.2752e-05
645362,1.2544e-05
645376,1.8432e-05
645379,4.5824e-05
645389,1.1776e-05
645418,4.096e-05
645477,2.0992e-05
645496,6.9376e-05
645526,0.000109824
645570,9.216e-06
645637,4.9664e-05
645724,8.0384e-05
645758,8.704e-06
645805,4.5568e-05
645964,3.1744e-05
645965,0.00049408
645979,0.000434432
646083,3.584e-06
646086,6.5792e-05
646120,5.12e-06
646222,4.9152e-05
646246,5.376e-06
646302,5.888e-06
646335,4.352e-06
646378,5.888e-06
646393,5.6832e-05
646490,5.0688e-05
646530,9.728e-06
646586,0.000406528
646630,3.584e-06
646677,3.4048e-05
646717,1.536e-05
646769,0.000246784
646846,2.2528e-05
646876,2.944e-05
646958,6.144e-06
647046,2.56e-07
647098,7.68e-07
647114,2.7648e-05
647165,0.000123392
647202,6.7072e-05
647263,0.001303296
647287,0.0004736
647353,0.000235008
647411,2.5856e-05
647507,9.984e-06
647603,3.3024e-05
647776,5.4784e-05
647777,0.002070784
647838,3.84e-05
647853,0.000198656
647914,3.584e-06
647937,5.2736e-05
647955,0.000125696
648004,1.5872e-05
648155,2.176e-05
648177,0.000739584
648253,5.7088e-05
648324,5.632e-06
648480,1.4848e-05
648523,7.4496e-05
648548,7.7568e-05
648587,1.792e-05
648641,0.000339712
648688,0.000237824
648746,2.7136e-05
648754,4.0192e-05
648865,0.000179712
648951,0.000107264
648965,0.000256256
649006,5.376e-06
649012,0.000153344
649044,6.528e-05
649077,3.712e-05
649109,2.816e-05
649164,1.1264e-05
649253,4.096e-06
649266,5.7856e-05
649320,0.000226048
649425,0.000176384
649459,4.0704e-05
649486,2.6112e-05
649488,1.8688e-05
649558,3.4048e-05
649565,0.000163328
649665,4.3008e-05
649682,6.656e-06
649710,6.3232e-05
649751,0.000325632
649909,6.912e-06
649916,3.328e-06
650076,5.6832e-05
650114,2.5344e-05
650165,0.001414912
650227,8.3968e-05
650277,5.0432e-05
650370,2.6624e-05
650401,3.968e-05
650412,1.4592e-05
650459,4.0704e-05
650583,4.608e-06
650634,8.192e-06
650704,8.192e-06
650768,4.1216e-05
650773,0.000344832
650785,8.7808e-05
650850,8.3712e-05
650863,3.584e-06
651112,2.176e-05
651119,5.12e-07
651187,4.6848e-05
651260,3.7632e-05
651314,3.0976e-05
651376,4.6848e-05
651382,0.001453056
651467,7.68e-06
651496,0.000818432
651559,4.6592e-05
651645,3.8912e-05
651720,2.048e-06
651758,1.7408e-05
651793,6.0672e-05
651801,2.304e-05
651852,2.304e-06
651917,2.8928e-05
651936,1.2288e-05
651964,0.000108544
651986,0.000925952
652025,4.352e-06
652082,5.1968e-05
652116,1.3824e-05
652195,5.632e-06
652216,2.5344e-05
652273,6.656e-06
652281,2.944e-05
652322,1.6896e-05
652329,1.7664e-05
652403,3.072e-06
652436,4.8128e-05
652463,1.28e-06
652469,4.7872e-05
652526,0.000132096
652530,0.012265984
652583,1.7152e-05
652622,0.000320768
652670,0.000664064
652763,1.8944e-05
652788,1.28e-06
652857,5.376e-06
652902,0.000120832
652970,7.7824e-05
653011,3.6096e-05
653057,0.000791808
653090,4.224e-05
653134,6.656e-06
653158,2.432e-05
653165,0.000456448
653179,0.000961792
653187,0.000258816
653269,2.816e-06
653289,7.68e-07
653301,6.4e-06
653313,3.7632e-05
653339,1.92e-05
653345,0.000456704
653407,1.024e-06
653414,4.2752e-05
653435,0.000136448
653475,5.6832e-05
653511,0.000131072
653545,4.352e-06
653563,0.000140544
653585,1.6896e-05
653615,3.6352e-05
653714,2.56e-07
653763,4.0448e-05
653765,0.000946944
653785,3.3536e-05
653841,0.000100608
653900,4.5312e-05
653906,2.816e-06
653945,1.3568e-05
653951,2.8928e-05
654023,0.000157696
654067,1.3056e-05
654110,5.888e-06
654125,0.000421376
654137,0.000100096
654166,6.4e-06
654178,2.56e-07
654208,1.7408e-05
654221,2.176e-05
654293,1.024e-05
654304,4.352e-05
654470,0.000103424
654520,3.6864e-05
654588,3.072e-06
654610,5.12e-06
654662,0.000107008
654696,2.0736e-05
654744,1.0752e-05
654783,5.4528e-05
654850,4.7872e-05
654870,2.7648e-05
654899,0.000516608
654963,2.3808e-05
654983,1.8944e-05
655018,5.504e-05
655042,5.7088e-05
655084,4.3264e-05
655121,5.632e-06
655151,1.6896e-05
655166,4.096e-06
655301,1.024e-06
655304,3.2768e-05
655331,0.000391936
655356,2.3552e-05
655407,8.448e-06
655424,6.5536e-05
655457,8.4224e-05
655515,1.408e-05
655533,1.6896e-05
655578,0.000294144
655582,0.000175616
655586,0.0002624
655636,1.3568e-05
655665,7.6544e-05
655750,1.5616e-05
655819,6.144e-05
655825,7.296e-05
655859,0.000623616
655922,4.5056e-05
655977,1.2288e-05
656001,0.000776192
656055,7.0912e-05
656163,3.584e-06
656166,4.1472e-05
656181,7.168e-06
656217,0.000100608
656291,3.328e-06
656301,3.072e-06
656387,4.608e-06
656389,3.6608e-05
656410,3.84e-06
656472,0.000107264
656546,1.792e-05
656662,1.4592e-05
656664,1.0752e-05
656681,0.000205056
656778,0.000166144
656887,5.376e-05
656976,3.8912e-05
657019,7.936e-06
657032,5.3248e-05
657055,1.2288e-05
657088,1.28e-05
657134,6.4768e-05
657176,2.2016e-05
657208,3.456e-05
657347,0.000100352
657377,1.3824e-05
657432,1.3824e-05
657481,1.8432e-05
657519,0.000139264
657649,8.96e-06
657669,1.7408e-05
657700,9.2928e-05
657744,1.3824e-05
657809,4.7104e-05
657853,6.6304e-05
657871,3.456e-05
657897,2.048e-05
657908,3.584e-06
657952,5.4016e-05
657991,0.000541952
658069,0.000114944
658126,7.3216e-05
658243,6.3488e-05
658372,7.296e-05
658393,3.584e-06
658486,2.4832e-05
658566,4.352e-05
658579,0.000280832
658658,4.736e-05
658727,7.9872e-05
658761,4.7104e-05
658771,0.000338432
658812,7.68e-06
658827,0.000156928
658854,1.1008e-05
658877,8.5248e-05
658879,0.000574976
658992,2.4064e-05
659006,0.000105472
659040,5.12e-07
659057,1.1776e-05
659107,0.000134912
659164,9.728e-06
659165,0.006735104
659253,0.001296384
659311,0.00012032
659365,0.00010496
659502,0.000113152
659511,0.000154368
659524,0.00011648
659553,2.048e-06
659575,8.96e-06
659617,2.9696e-05
659684,0.000412416
659710,2.4832e-05
659761,9.216e-06
659764,0.000703232
659788,0.004166912
659946,2.9184e-05
659958,6.2976e-05
660035,5.1968e-05
660101,0.000106496
660199,0.000337664
660232,2.4832e-05
660248,1.8944e-05
660253,5.7856e-05
660294,1.536e-06
660311,7.68e-07
660365,0.000123392
660435,0.000139776
660455,4.48e-05
660477,3.8912e-05
660533,0.000151552
660555,2.3808e-05
660569,0.001036032
660600,0.00018304
660645,9.0112e-05
660687,3.2e-05
660688,0.000565504
660726,4.0448e-05
660751,0.000230656
660844,5.6832e-05
660867,7.9616e-05
660888,5.8368e-05
660961,4.5824e-05
660965,5.1968e-05
660981,4.1984e-05
661062,4.736e-05
661112,0.000227584
661176,3.6352e-05
661188,0.000157952
661241,0.00011776
661252,0.0002496
661352,7.9872e-05
661390,4.0192e-05
661427,0.000223488
661444,0.000169216
661548,1.5104e-05
661593,0.000622848
661617,3.0464e-05
661638,0.000313088
661667,5.376e-06
661677,0.000111616
661714,3.584e-06
661755,1.792e-06
661802,0.000113664
661823,9.9072e-05
661827,2.3296e-05
661928,2.432e-05
661971,2.816e-05
662006,3.84e-06
662058,3.1488e-05
662097,4.5568e-05
662114,2.176e-05
662129,9.728e-06
662186,9.984e-05
662217,3.84e-06
662266,0.000144384
662277,1.792e-06
662354,3.1232e-05
662410,0.000724992
662441,8.448e-06
662453,0.00014336
662467,8.832e-05
662547,3.9936e-05
662716,1.408e-05
662739,1.9712e-05
662816,2.5856e-05
662897,8.2944e-05
662972,2.688e-05
663020,1.792e-05
663088,8.96e-06
663133,7.424e-06
663165,1.8176e-05
663172,7.168e-06
663201,0.000129792
663235,9.984e-06
663349,1.7664e-05
663379,6.0416e-05
663380,6.912e-05
663391,0.000851456
663509,2.688e-05
663574,4.8896e-05
663617,0.000283904
663656,4.864e-06
663677,0.000282368
663729,4.1472e-05
663904,0.000144896
663976,0.000298752
664045,1.1008e-05
664124,0.000549888
664182,1.5616e-05
664243,7.8336e-05
664258,1.9456e-05
664303,0.00020864
664352,5.888e-06
664377,1.6128e-05
664404,1.664e-05
664418,3.328e-06
664453,2.048e-05
664483,6.144e-06
664574,1.0496e-05
664770,2.304e-06
664786,3.584e-06
664827,5.7344e-05
664870,4.5056e-05
664937,1.3056e-05
664942,1.9456e-05
664974,2.5856e-05
665034,0.0001024
665040,5.12e-07
665044,1.3824e-05
665083,8.96e-06
665156,5.8624e-05
665176,1.152e-05
665299,2.0224e-05
665351,1.0496e-05
665358,1.8944e-05
665386,2.8928e-05
665498,0.00020992
665535,8.192e-06
665601,0.000660992
665630,0.000168704
665772,3.7376e-05
665787,3.072e-05
665817,4.096e-06
665846,1.9968e-05
665964,3.712e-05
665992,1.0496e-05
666011,5.12e-06
666021,2.816e-06
666024,1.152e-05
666071,4.1984e-05
666102,1.1264e-05
666120,6.144e-06
666148,1.024e-05
666166,0.000108032
666201,0.000213504
666310,0.000104192
666320,0.000321536
666388,0.000201216
666519,4.352e-06
666541,4.096e-06
666581,2.4576e-05
666599,0.00013312
666794,7.5264e-05
666801,6.9376e-05
666912,0.00016896
666938,3.7888e-05
666976,7.1168e-05
666986,1.8432e-05
667023,0.000201216
667039,0.000135168
667056,2.688e-05
667133,0.00017792
667257,0.000123392
667286,2.048e-06
667303,2.0992e-05
667370,1.8688e-05
667384,0.00013312
667452,0.0001024
667479,6.4e-06
667597,5.0176e-05
667639,1.1264e-05
667661,3.0976e-05
667713,7.68e-07
667790,1.2288e-05
667866,3.6352e-05
667936,0.000167936
668014,0.00019584
668117,0.000104192
668156,2.56e-06
668176,1.8176e-05
668178,0.000164096
668218,7.1168e-05
668230,0.001261312
668310,2.3296e-05
668365,7.68e-05
668373,0.000132864
668396,6.656e-06
668421,7.9872e-05
668450,1.8432e-05
668461,5.76e-05
668483,4.352e-06
668494,2.56e-07
668544,2.0224e-05
668578,2.5856e-05
668624,2.5344e-05
668627,1.792e-05
668648,0.001764608
668734,6.656e-05
668749,5.5552e-05
668764,0.001261312
668778,0.00144896
668966,6.912e-06
668993,9.216e-06
669084,6.1184e-05
669123,1.6384e-05
669202,7.424e-06
669274,7.168e-06
669364,1.1008e-05
669386,7.0656e-05
669466,0.000704
669497,4.1472e-05
669527,3.1488e-05
669578,2.304e-06
669599,3.1232e-05
669618,9.728e-06
669630,0.00011136
669672,9.728e-05
669721,2.048e-06
669753,0.000137728
669795,8.32e-05
669802,4.5312e-05
669849,9.3952e-05
669946,7.68e-07
669957,4.0192e-05
669981,4.992e-05
670032,1.3312e-05
670121,0.000162048
670137,6.144e-06
670157,4.352e-05
670200,3.9936e-05
670252,5.376e-06
670279,7.3984e-05
670302,2.8416e-05
670353,2.56e-06
670356,1.3824e-05
670418,3.84e-06
670424,1.0496e-05
670449,1.3568e-05
670510,0.000113664
670531,6.6048e-05
670579,5.1456e-05
670634,3.0976e-05
670657,7.68e-06
670703,1.536e-06
670825,8.704e-06
670835,9.2672e-05
670896,9.3184e-05
671063,2.56e-07
671066,9.6768e-05
671132,2.816e-06
671152,0.000203264
671170,0.00014336
671194,6.912e-06
671229,1.3568e-05
671270,0.000815616
671300,1.0752e-05
671356,1.3824e-05
671380,1.408e-05
671400,1.5616e-05
671418,1.3312e-05
671455,2.048e-06
671594,1.152e-05
671608,1.5872e-05
671648,0.000276992
671688,4.352e-06
671719,4.4032e-05
671786,0.000132864
671814,4.864e-06
671859,3.3536e-05
671877,3.5072e-05
671946,0.000762624
672001,0.00012672
672046,4.3008e-05
672054,9.472e-06
672069,7.68e-06
672077,0.000179712
672130,2.56e-07
672232,1.8688e-05
672247,2.0736e-05
672316,1.2032e-05
672324,7.168e-06
672418,2.304e-06
672452,0.000144128
672515,0.00012032
672646,7.3984e-05
672650,6.7328e-05
672704,3.7632e-05
672726,4.5568e-05
672776,0.000632576
672819,2.3552e-05
672874,7.6544e-05
672899,1.3824e-05
672977,7.6032e-05
673044,1.2544e-05
673065,1.1776e-05
673088,5.0176e-05
673096,6.656e-06
673124,3.3536e-05
673228,4.6336e-05
673334,6.4e-06
673366,0.000229376
673394,2.304e-06
673405,2.048e-06
673439,1.1264e-05
673464,3.84e-06
673508,6.528e-05
673546,6.1696e-05
673585,8.4224e-05
673588,0.000355584
673652,1.7408e-05
673700,7.68e-07
673720,0.000159232
673775,1.9712e-05
673801,1.4848e-05
673827,1.0752e-05
673841,1.2288e-05
673848,0.000862464
673921,1.792e-05
673944,4.864e-06
673979,5.12e-07
673995,0.000101376
674023,0.000537344
674067,4.8128e-05
674097,2.5856e-05
674106,9.216e-06
674165,0.001408
674175,0.016119552
674262,1.0752e-05
674343,5.2224e-05
674387,5.12e-06
674412,6.016e-05
674441,6.0672e-05
674467,2.0992e-05
674509,1.1008e-05
674526,0.000514048
674580,1.2544e-05
674599,1.6896e-05
674644,3.0976e-05
674682,2.048e-06
674708,2.0736e-05
674711,9.728e-06
674765,0.000164864
674782,0.001627136
674838,4.864e-06
674853,6.5536e-05
674873,3.072e-05
674883,2.304e-06
674897,0.00013184
674935,7.68e-06
674992,1.6384e-05
675054,3.9936e-05
675116,3.072e-06
675144,7.168e-06
675154,2.816e-06
675175,4.7616e-05
675191,4.1216e-05
675242,7.68e-07
675247,0.00042112
675297,0.000476416
675359,3.9424e-05
675409,5.888e-06
675427,3.0976e-05
675491,0.000497664
675583,0.00025856
675732,7.4752e-05
675754,9.728e-06
675808,7.168e-06
675909,1.4336e-05
675934,3.328e-06
675961,2.4576e-05
675980,0.0001472
676004,0.000470528
676055,2.56e-07
676105,0.001619968
676158,6.5536e-05
676206,2.8928e-05
676224,1.1008e-05
676281,0.000165376
676343,7.0912e-05
676362,3.584e-05
676409,1.8944e-05
676433,3.8912e-05
676453,5.12e-07
676513,0.00012288
676575,2.7136e-05
676579,1.7664e-05
676789,0.000180736
676834,3.7888e-05
677036,3.328e-06
677044,4.5824e-05
677110,4.608e-05
677180,0.000102656
677184,0.000365056
677186,0.00020864
677312,0.000697088
677353,8.576e-05
677395,4.352e-05
677400,0.0
677486,6.912e-06
677488,1.28e-06
677717,3.1488e-05
677738,3.328e-06
677781,0.000182272
677783,0.0004352
677876,6.7584e-05
677956,2.5856e-05
677977,6.656e-06
678006,6.528e-05
678042,1.152e-05
678079,0.00011648
678098,3.2512e-05
678151,4.096e-06
678174,0.000148992
678308,0.000122112
678349,0.0
678364,3.5584e-05
678377,5.9136e-05
678512,7.2192e-05
678621,0.001405184
678657,4.1984e-05
678752,3.072e-06
678838,2.56e-07
678919,7.5264e-05
678960,2.816e-06
678980,0.000579584
679026,3.7888e-05
679077,5.8624e-05
679114,2.1248e-05
679147,3.9936e-05
679194,0.000261632
679229,3.0464e-05
679314,4.6848e-05
679373,0.000284928
679424,0.000195584
679493,1.792e-06
679526,2.304e-06
679643,2.8928e-05
679666,0.00013056
679726,0.0
679942,2.9184e-05
679962,4.7872e-05
679991,1.792e-05
679995,0.000112128
680166,5.6064e-05
680288,1.792e-06
680344,4.5568e-05
680406,6.912e-06
680432,0.000713984
680570,7.552e-05
680614,0.000145152
680659,1.1264e-05
680775,2.8928e-05
680850,1.408e-05
680885,0.000515584
680948,1.8432e-05
680983,2.4064e-05
681082,2.56e-06
681086,6.1952e-05
681133,0.000106752
681193,4.352e-06
681244,6.1952e-05
681314,1.5104e-05
681365,7.6032e-05
681383,0.000196864
681483,3.2768e-05
681517,1.5872e-05
681540,0.000592384
681574,4.736e-05
681607,1.8176e-05
681728,2.304e-06
681734,1.3312e-05
681804,7.808e-05
681816,3.072e-06
681820,9.216e-05
681879,2.56e-06
681882,3.4304e-05
681911,3.1488e-05
681980,0.000759552
682154,1.28e-05
682189,1.7664e-05
682239,0.0
682274,8.96e-06
682424,3.5072e-05
682544,1.28e-05
682563,5.12e-07
682577,0.000148992
682629,6.016e-05
682731,5.632e-06
682768,0.0
682771,0.000136192
682786,0.00011904
682794,3.84e-05
682808,0.000227072
682963,3.2256e-05
682972,0.00013824
682983,0.000771328
683033,1.9456e-05
683074,1.8944e-05
683131,1.024e-05
683140,3.7888e-05
683143,0.000191488
683175,8.8064e-05
683224,0.000310784
683398,5.632e-06
683450,2.5344e-05
683499,0.000335616
683549,1.536e-06
683664,0.00088704
683716,8.192e-06
683737,1.2544e-05
683767,5.6064e-05
683781,0.000111872
683783,0.000865792
683866,7.168e-06
683915,7.5264e-05
683987,2.56e-07
684041,1.4848e-05
684133,4.1984e-05
684211,2.688e-05
684233,3.1232e-05
684264,6.4e-06
684277,8.448e-06
684321,1.8688e-05
684364,1.152e-05
684372,3.584e-06
684420,8.3712e-05
684466,0.000406784
684551,1.536e-05
684565,7.0912e-05
684592,9.216e-06
684594,1.2032e-05
684616,1.2544e-05
684707,4.6336e-05
684737,1.152e-05
684739,0.000119808
684801,1.9712e-05
684875,7.68e-06
684914,4.608e-06
684955,2.0736e-05
684965,0.00021632
684981,0.004059392
685126,5.632e-06
685178,8.96e-06
685224,0.000117504
685276,1.3312e-05
685369,4.992e-05
685375,7.7568e-05
685408,8.192e-06
685442,4.48e-05
685577,0.000104704
685585,0.000228608
685626,3.7888e-05
685692,1.3568e-05
685698,2.816e-06
685732,5.376e-06
685751,2.4832e-05
685755,0.00190464
685819,2.816e-06
685887,0.001313024
686008,1.0496e-05
686022,0.000564992
686118,4.9408e-05
686179,3.3024e-05
686214,1.0496e-05
686249,3.072e-06
686336,3.0976e-05
686350,0.000180224
686467,2.816e-06
686528,3.4304e-05
686559,4.1472e-05
686606,8.96e-06
686717,7.68e-07
686760,4.2752e-05
686778,0.000972544
686824,8.96e-06
686890,3.584e-06
686903,7.6032e-05
686994,0.00056704
687054,1.0752e-05
687116,3.072e-05
687172,1.8432e-05
687210,9.3696e-05
687229,0.000126976
687265,2.7648e-05
687353,9.984e-06
687366,0.000326144
687378,0.00204928
687382,0.004270592
687470,8.192e-05
687565,4.5568e-05
687594,2.944e-05
687628,3.84e-06
687720,5.9392e-05
687759,4.8384e-05
687777,1.792e-06
687794,0.000127488
687824,3.3792e-05
687846,1.1264e-05
687886,2.56e-07
687964,6.1696e-05
688044,1.9968e-05
688066,9.472e-06
688123,1.4848e-05
688136,6.3488e-05
688188,6.8608e-05
688302,4.0704e-05
688333,4.4288e-05
688379,5.632e-06
688447,8.832e-05
688481,1.8688e-05
688541,5.888e-06
688575,1.4848e-05
688581,0.00153984
688657,1.4336e-05
688673,2.0992e-05
688726,2.2528e-05
688746,4.3008e-05
688757,9.344e-05
688806,5.9648e-05
688864,3.072e-05
688867,8.8576e-05
688885,0.000121344
688913,1.6128e-05
688986,7.5264e-05
689103,4.9408e-05
689131,0.000126208
689236,0.00039552
689384,5.376e-05
689462,6.912e-06
689466,8.192e-06
689526,2.9696e-05
689555,5.376e-06
689600,0.000123648
689667,4.4288e-05
689680,0.000642304
689766,2.56e-07
689770,4.1472e-05
689778,0.00021248
689857,0.0005504
689926,0.000404224
689997,2.816e-06
690026,3.072e-06
690134,0.000566528
690174,1.1776e-05
690322,6.6816e-05
690382,3.7632e-05
690492,5.888e-06
690502,6.4e-06
690625,6.144e-06
690666,6.7328e-05
690721,3.3536e-05
690737,3.328e-05
690833,2.0992e-05
690846,3.1744e-05
690940,2.4576e-05
690986,7.04e-05
690997,0.000365568
691055,3.4816e-05
691082,1.3312e-05
691138,0.000175872
691183,6.4e-06
691245,5.7856e-05
691273,6.656e-06
691279,1.3568e-05
691363,0.000100096
691390,5.632e-06
691395,1.024e-06
691426,0.0
691469,1.536e-06
691515,4.9664e-05
691555,0.000138752
691581,0.00030848
691704,2.5088e-05
691766,2.304e-06
691874,1.536e-06
691911,6.8352e-05
691964,0.000384
692034,5.6832e-05
692177,3.2512e-05
692181,0.00063616
692212,2.7392e-05
692236,6.6304e-05
692336,1.8688e-05
692354,6.5024e-05
692399,0.00011264
692476,7.3728e-05
692485,3.8912e-05
692681,3.0976e-05
692712,2.8928e-05
692765,0.000182016
692783,0.00025088
692849,5.888e-06
692940,1.5872e-05
692957,2.7648e-05
693140,2.8416e-05
693176,1.3824e-05
693207,4.352e-06
693320,1.8688e-05
693329,4.4032e-05
693336,0.001287424
693376,0.00025856
693473,2.7136e-05
693520,2.048e-06
693623,8.96e-06
693662,1.6896e-05
693673,0.00016256
693777,7.936e-06
693830,8.2432e-05
693841,2.56e-05
693881,3.7632e-05
693951,1.6128e-05
693966,8.7296e-05
694007,0.000607488
694104,5.12e-06
694128,1.0496e-05
694194,2.816e-05
694263,8.1664e-05
694298,4.5312e-05
694337,1.5872e-05
694441,5.8368e-05
694564,0.000112896
694577,6.3488e-05
694583,0.00136064
694589,0.000621312
694722,4.0704e-05
694746,1.8688e-05
694749,0.000142848
694773,1.408e-05
694829,1.792e-06
694904,0.000192
694991,3.3792e-05
694999,5.632e-06
695109,4.7104e-05
695177,0.000112128
695379,2.304e-06
695382,3.0976e-05
695439,0.00016768
695459,0.000129536
695483,6.1952e-05
695533,1.1776e-05
695550,1.3056e-05
695643,0.000163584
695716,3.7888e-05
695733,5.2224e-05
695766,0.000196096
695866,9.984e-06
695889,1.3056e-05
695907,1.9968e-05
696054,3.5584e-05
696074,9.088e-05
696135,0.000324608
696246,2.5856e-05
696268,1.3056e-05
696365,0.000121088
696377,1.024e-05
696477,3.2768e-05
696513,4.736e-05
696522,4.1984e-05
696529,0.000210688
696602,1.28e-06
696686,3.1488e-05
696781,6.7072e-05
696813,1.0496e-05
696842,5.4016e-05
696902,1.0496e-05
697040,9.728e-05
697250,0.00012288
697440,0.00034944
697496,5.1968e-05
697537,2.8416e-05
697582,0.001737728
697731,0.000293888
697772,0.000298752
697852,2.56e-07
697969,0.0002816
698046,1.5872e-05
698164,4.992e-05
698175,5.5296e-05
698194,1.792e-05
698205,3.072e-06
698267,2.4832e-05
698274,5.7344e-05
698336,7.936e-06
698408,5.12e-07
698498,7.5008e-05
698546,1.024e-05
698691,0.000292096
698778,0.000363008
698965,3.072e-06
699139,2.5856e-05
699206,4.608e-06
699345,1.3824e-05
699378,0.002300416
699383,0.000626432
699500,3.9424e-05
699519,1.8944e-05
699547,3.584e-05
699562,4.096e-06
699629,4.0192e-05
699758,1.5872e-05
699781,7.7312e-05
699848,7.68e-07
699964,0.00038784
700007,0.000614912
700127,0.000158464
700173,1.536e-05
700193,8.96e-06
700202,7.68e-06
700410,6.4e-06
700420,1.7408e-05
700427,2.5344e-05
700458,0.00010624
700468,4.096e-06
700517,3.5072e-05
700544,0.000210944
700573,5.888e-06
700578,3.9424e-05
700596,4.8896e-05
700658,0.000191488
700708,0.00020736
700748,1.408e-05
700788,0.000190464
700798,9.1904e-05
700818,0.000163328
700828,2.2272e-05
700838,0.000153856
700858,0.000352256
700868,4.3008e-05
700878,9.8816e-05
700888,0.000169984
700898,0.000136192
700918,9.3952e-05
700948,0.000455424
700968,0.000414208
700978,0.00030976
700998,0.0003968
701008,0.000296448
701028,0.000379904
701038,5.4272e-05
701048,8.96e-05
701058,0.000243456
701068,0.000457728
701088,0.000189696
701098,0.000486912
701108,4.1728e-05
701118,0.000378624
701148,0.000122112
701158,0.001005312
701178,0.00060288
701208,0.000854272
701218,0.0002816
701258,4.4032e-05
701268,0.000622336
701298,1.024e-05
701308,0.000298496
701338,4.0192e-05
701384,9.472e-06
701422,3.072e-06
701436,2.3296e-05
701477,1.28e-06
701497,1.8432e-05
701511,0.001024256
701553,2.1504e-05
701572,3.7376e-05
701619,3.072e-06
701649,0.00024448
701769,0.000950272
701837,0.000325376
701942,4.864e-06
701983,8.1152e-05
702094,0.000137472
702104,1.92e-05
702174,5.376e-05
702376,0.000118528
702415,2.56e-07
702508,1.6128e-05
702565,6.2976e-05
702617,2.56e-07
702640,0.000107776
702666,0.000649472
702706,3.328e-06
702737,4.608e-05
702862,2.0224e-05
702898,9.9072e-05
702924,3.328e-06
702976,8.576e-05
703001,1.2288e-05
703090,0.000341248
703134,1.5104e-05
703166,1.2032e-05
703313,1.1776e-05
703397,0.000273408
703404,6.0928e-05
703444,4.096e-06
703474,2.8928e-05
703509,1.792e-06
703581,0.000347648
703631,4.2752e-05
703664,8.2176e-05
703720,3.8912e-05
703769,4.224e-05
703786,7.9616e-05
703876,1.2544e-05
703933,5.12e-06
703956,3.0464e-05
704002,3.3536e-05
704045,8.2688e-05
704081,3.84e-06
704177,2.8928e-05
704241,2.8672e-05
704325,7.168e-06
704340,2.2016e-05
704426,4.3008e-05
704454,1.8176e-05
704549,2.304e-06
704559,1.1776e-05
704567,0.00039168
704694,8.704e-06
704748,4.096e-06
704781,3.4048e-05
704783,0.00065024
704809,0.000246016
704833,0.00056448
704901,2.048e-06
704920,0.000286976
704957,6.8608e-05
705009,3.8912e-05
705052,2.56e-06
705176,7.68e-06
705194,5.1456e-05
705243,4.352e-06
705285,2.1248e-05
705322,3.7376e-05
705376,0.000691968
705446,1.9456e-05
705477,1.4592e-05
705542,1.8944e-05
705646,7.68e-07
705683,3.4048e-05
705715,0.000748544
705751,1.0496e-05
705775,0.000502784
705834,0.00164736
705985,4.3008e-05
705987,0.000484864
706044,7.168e-06
706116,5.8624e-05
706438,0.000445696
706475,0.000181504
706529,2.3808e-05
706686,4.096e-06
706705,2.176e-05
706732,9.984e-06
706755,2.7136e-05
706897,2.0992e-05
706939,1.1008e-05
707002,0.0001216
707046,6.4768e-05
707113,4.3264e-05
707132,0.00015872
707164,9.728e-06
707185,0.000330752
707240,1.4592e-05
707246,4.608e-06
707282,7.68e-07
707329,0.0
707369,1.5872e-05
707412,1.28e-06
707453,1.5104e-05
707476,6.9888e-05
707572,6.4e-05
707609,1.92e-05
707621,1.4592e-05
707683,2.8416e-05
707718,5.4016e-05
707741,4.9408e-05
707764,0.0005184
707783,0.00023552
707836,1.3056e-05
707856,0.0
707889,1.0752e-05
707908,5.4016e-05
707936,3.2512e-05
707997,0.000137472
708125,1.6896e-05
708154,6.0672e-05
708178,1.664e-05
708287,8.32e-05
708321,1.7408e-05
708367,7.5008e-05
708382,0.000154112
708400,0.000397312
708504,1.536e-05
708537,0.000983296
708636,5.8368e-05
708679,9.216e-06
708683,4.5056e-05
708713,9.472e-06
708754,3.0464e-05
708860,1.664e-05
708894,0.000148736
708923,0.000240896
708946,1.0496e-05
708965,0.000189952
708984,0.000110848
709004,4.864e-05
709047,6.5024e-05
709064,4.1216e-05
709080,4.096e-05
709120,5.888e-05
709166,7.9104e-05
709184,5.5296e-05
709281,0.000184064
709384,1.28e-06
709470,5.5296e-05
709528,4.992e-05
709581,0.00022016
709635,1.28e-06
709710,2.7392e-05
709738,0.000714496
709860,7.168e-06
709861,0.000251136
709867,0.00037376
709872,0.002628096
709947,0.00031104
710021,5.6576e-05
710026,0.000132096
710089,0.000144384
710172,0.000312064
710186,9.1648e-05
710201,0.000203776
710299,2.9696e-05
710336,1.92e-05
710351,1.5616e-05
710444,8.6016e-05
710469,0.000169728
710488,0.000115456
710540,0.000387072
710651,5.0176e-05
710726,0.000211712
710781,2.2016e-05
710782,0.001537792
710785,0.000418816
710847,1.3824e-05
710869,3.0976e-05
710920,1.28e-06
711099,0.001187072
711250,2.9952e-05
711345,0.000824064
711382,0.000122624
711428,4.5824e-05
711464,2.304e-06
711613,1.5616e-05
711625,8.192e-06
711684,1.7664e-05
711709,6.2208e-05
711749,3.7632e-05
711781,4.3264e-05
711853,2.9184e-05
711913,7.168e-06
711957,8.32e-05
712179,5.0432e-05
712236,1.9968e-05
712563,1.3312e-05
712621,7.2448e-05
712689,4.864e-06
712723,9.984e-06
712816,3.8912e-05
712856,0.00010624
712895,1.2544e-05
712968,6.4e-06
713071,2.0224e-05
713156,6.4e-06
713179,0.000139008
713249,0.000255488
713335,1.6896e-05
713340,0.000966912
713397,1.152e-05
713520,1.024e-06
713563,0.000211968
713624,1.9968e-05
713668,3.2512e-05
713674,1.92e-05
713694,0.000227072
713716,4.352e-06
713777,0.000138752
713790,3.9168e-05
713800,0.00010496
713916,1.4848e-05
713960,0.000261376
714061,6.4e-06
714131,2.4576e-05
714335,4.6336e-05
714360,1.8944e-05
714386,8.2432e-05
714429,8.2432e-05
714494,2.0736e-05
714529,5.7088e-05
714576,2.4832e-05
714612,2.9952e-05
714661,1.9456e-05
714743,1.024e-06
714836,3.6096e-05
714867,6.9632e-05
714905,1.6384e-05
714971,3.6608e-05
714976,4.608e-06
715063,3.6864e-05
715275,1.2288e-05
715325,1.664e-05
715335,1.28e-05
715394,4.7872e-05
715423,1.664e-05
715444,9.984e-06
715459,3.2e-05
715535,2.5856e-05
715577,9.7792e-05
715681,4.352e-06
715794,7.4752e-05
715824,5.12e-06
716001,0.000576256
716082,2.4576e-05
716150,4.1984e-05
716179,0.000421632
716180,8.5248e-05
716236,7.168e-06
716568,4.352e-06
716590,4.096e-06
716765,4.4544e-05
716777,0.004231424
716856,0.000155392
716912,3.1488e-05
716970,2.4832e-05
716991,2.4576e-05
717024,1.6384e-05
717086,1.792e-05
717196,3.84e-05
717234,7.3216e-05
717254,2.0736e-05
717300,5.8368e-05
717386,1.4336e-05
717392,5.9392e-05
717415,0.000162816
717590,9.2672e-05
717634,0.00013824
717692,3.5584e-05
717744,6.4e-06
717857,6.912e-06
717874,8.1664e-05
717902,3.5328e-05
718049,4.096e-05
718076,3.072e-06
718139,1.7408e-05
718197,2.8928e-05
718305,5.12e-06
718339,4.5824e-05
718385,9.472e-06
718403,1.024e-06
718577,1.536e-06
718581,0.000406016
718652,1.792e-06
718719,9.472e-06
718802,3.8144e-05
718819,2.0224e-05
718839,6.912e-06
718905,1.7664e-05
719082,0.000266752
719122,2.8416e-05
719145,2.6112e-05
719224,0.000211712
719335,1.664e-05
719342,0.00041344
719399,7.68e-07
719403,1.536e-05
719434,4.7872e-05
719475,8.192e-06
719492,6.6048e-05
719534,2.9696e-05
719583,2.2528e-05
719672,1.2288e-05
719744,0.0002944
719766,7.3728e-05
719781,0.000287488
719898,3.4816e-05
719989,2.304e-06
720002,3.84e-06
720094,6.1696e-05
720121,3.6608e-05
720170,1.536e-06
720322,0.000197376
720437,0.000177408
720509,1.3824e-05
720535,7.168e-06
720542,3.9168e-05
720606,1.536e-06
720819,1.9712e-05
720955,1.536e-06
720965,0.000534528
720999,3.8912e-05
721088,3.8912e-05
721094,0.00014976
721139,8.9856e-05
721213,6.4e-06
721313,0.000284672
721417,7.3472e-05
721577,0.000964608
721655,0.0006912
721718,5.4784e-05
721726,0.000796416
721790,0.000781312
721826,8.9088e-05
721884,3.4304e-05
721907,2.944e-05
721949,7.424e-06
721985,8.448e-06
722030,5.0688e-05
722081,2.304e-06
722104,2.7904e-05
722119,4.9152e-05
722183,7.8848e-05
722296,2.2272e-05
722395,2.816e-06
722453,1.8432e-05
722695,0.000107264
722758,0.000129536
722815,0.000162048
722890,4.352e-06
722923,1.5616e-05
722969,0.000521728
723108,4.864e-06
723122,1.0752e-05
723168,6.1184e-05
723316,0.00020224
723361,6.4768e-05
723378,6.016e-05
723381,0.00334592
723441,0.00019584
723466,3.6352e-05
723538,1.8432e-05
723551,1.8688e-05
723570,1.1264e-05
723574,7.296e-05
723738,1.2288e-05
723755,1.2544e-05
723769,3.3792e-05
723795,0.000156416
723852,0.000106496
723917,2.816e-06
723947,1.792e-06
723956,4.5824e-05
723967,1.4848e-05
724046,3.0464e-05
724143,9.1648e-05
724154,3.5584e-05
724286,4.6848e-05
724369,2.8672e-05
724414,2.1248e-05
724564,0.001794048
724624,0.000160512
724642,0.000289024
724653,0.004277504
724696,0.000266752
724854,2.048e-06
724928,0.000313856
724956,8.32e-05
724977,2.56e-07
725165,0.00103936
725259,3.6096e-05
725317,0.000848384
725363,2.56e-06
725416,0.000117504
725432,0.000107264
725523,4.992e-05
725557,4.5824e-05
725578,6.4e-06
725603,3.0976e-05
725639,4.3776e-05
725669,1.2288e-05
725681,9.6512e-05
725704,9.216e-05
725781,0.001828864
725825,4.9408e-05
725960,0.000438272
726062,1.536e-05
726079,2.3808e-05
726124,0.000889344
726269,3.6608e-05
726307,2.048e-06
726321,8.3712e-05
726362,0.00012416
726381,0.002015488
726445,0.000209664
726455,0.000104192
726485,0.000165376
726515,1.6128e-05
726535,0.000125952
726545,4.224e-05
726555,2.304e-05
726595,9.2416e-05
726625,5.5296e-05
726635,3.456e-05
726675,0.000227072
726705,9.1904e-05
726725,0.000228608
726745,7.2704e-05
726765,8.1664e-05
726775,0.000129024
726785,0.00013056
726795,0.000129024
726805,2.9184e-05
726815,0.000302848
726835,0.000148736
726845,0.001996032
726875,0.000370944
726885,0.000389632
726895,5.12e-06
726905,0.000438272
726915,4.5312e-05
726925,0.000358656
726935,7.296e-05
726955,0.00027776
726965,0.000123392
726975,0.000405248
726981,0.001582336
727025,0.000129792
727035,0.000551168
727045,0.000329472
727055,4.5824e-05
727065,0.000607232
727075,0.000180224
727085,0.00022528
727095,0.000432128
727105,0.00026752
727125,0.000661504
727135,0.000280832
727145,0.000244736
727175,3.7888e-05
727185,7.1936e-05
727195,0.000441856
727215,9.7792e-05
727235,0.000772608
727275,0.000216064
727279,0.001385472
727295,0.000370432
727362,1.7408e-05
727394,0.000159744
727529,8.704e-06
727577,0.000257024
727580,0.000137728
727641,0.000580608
727763,2.5088e-05
727839,0.0
727860,3.1744e-05
727878,0.000246016
727951,2.56e-05
728070,1.2032e-05
728165,7.7312e-05
728178,0.001841664
728226,0.000311552
728313,5.12e-07
728319,0.000256
728340,8.192e-05
728397,7.296e-05
728433,3.584e-06
728456,2.1248e-05
728462,0.000145152
728537,5.632e-06
728573,8.32e-05
728655,0.000542208
728697,3.072e-06
728826,4.352e-06
728906,9.984e-06
728961,1.024e-06
729001,8.32e-05
729008,0.00010112
729076,2.048e-05
729120,5.888e-06
729177,0.000969984
729263,7.552e-05
729267,0.000112128
729290,0.0002176
729365,1.8432e-05
729379,0.000251904
729474,1.5104e-05
729536,3.9168e-05
729571,3.2256e-05
729588,5.12e-06
729619,0.0001216
729701,1.4592e-05
729737,5.376e-06
729744,2.4832e-05
729768,1.2288e-05
729813,4.5824e-05
730093,0.000121088
730132,0.0005248
730185,2.56e-05
730340,2.2016e-05
730381,1.792e-06
730406,6.9632e-05
730484,2.3552e-05
730527,8.448e-05
730576,0.000476416
730724,2.56e-07
730744,2.56e-07
730769,1.2032e-05
731019,1.2288e-05
731071,1.2032e-05
731073,1.6384e-05
731079,8.2176e-05
731109,1.7408e-05
731139,3.8912e-05
731190,0.003403008
731288,0.000186112
731290,0.000110592
731294,0.00046592
731313,2.432e-05
731319,0.001056768
731344,7.424e-05
731375,5.8112e-05
731379,7.3472e-05
731388,0.000743168
731421,0.002572288
731475,0.000127744
731484,0.0002048
731507,0.000363008
731530,0.000175872
731554,0.00075776
731587,0.00055168
731610,1.792e-05
731657,0.000248832
731732,3.0976e-05
731765,0.000410368
731776,7.296e-05
731795,1.024e-06
731848,7.4752e-05
731926,7.3472e-05
731944,0.000111872
732023,2.7648e-05
732225,4.8384e-05
732249,3.072e-05
732279,4.5312e-05
732311,3.2768e-05
732334,3.8912e-05
732351,8.576e-05
732364,0.000713472
732512,4.3776e-05
732530,1.7408e-05
732544,2.0224e-05
732576,9.1904e-05
732616,2.304e-06
732642,0.000501504
732731,3.2512e-05
732779,2.816e-06
732785,1.024e-05
732826,7.936e-05
732834,5.0176e-05
732927,2.0736e-05
732965,0.000188416
732977,3.2512e-05
732986,7.2704e-05
733020,8.704e-06
733052,6.0928e-05
733105,1.0752e-05
733257,0.000164096
733311,0.000355072
733391,0.000315648
733468,1.8944e-05
733564,0.000614656
733576,0.000296448
733669,6.8096e-05
733673,0.000126464
733743,3.3536e-05
733760,4.608e-06
733787,2.7392e-05
733798,1.408e-05
733896,0.00025472
733953,3.2512e-05
734020,1.7408e-05
734141,5.888e-06
734180,0.001057536
734238,2.56e-06
734286,1.0496e-05
734299,1.792e-05
734321,4.352e-06
734352,1.9968e-05
734374,1.1008e-05
734428,4.736e-05
734461,7.936e-06
734505,1.3056e-05
734513,9.728e-06
734596,4.352e-06
734606,7.68e-06
734641,4.096e-06
734656,2.8672e-05
734694,2.56e-05
734732,0.000657152
734776,4.352e-06
734783,0.004273152
734846,1.1264e-05
734953,1.6384e-05
735048,8.96e-06
735051,8.96e-06
735062,0.000499456
735152,2.4832e-05
735161,3.8912e-05
735201,1.2544e-05
735207,2.8416e-05
735227,1.8688e-05
735275,6.8352e-05
735292,1.8176e-05
735343,7.424e-05
735361,0.000138752
735376,7.9104e-05
735379,0.000512
735386,0.000137216
735414,0.000644608
735497,0.000100096
735554,5.2992e-05
735628,3.584e-06
735636,0.000131072
735646,2.8416e-05
735709,2.1504e-05
735720,0.000785664
735774,7.04e-05
735817,2.048e-05
735874,3.3024e-05
735903,5.632e-06
735949,0.000161792
735976,4.608e-06
735994,0.000170496
736123,4.736e-05
736133,0.000113408
736245,2.816e-06
736318,3.84e-06
736426,4.864e-06
736465,0.000150016
736541,2.7392e-05
736613,7.68e-06
736728,6.912e-06
736742,0.000264448
736784,2.4576e-05
736819,7.4496e-05
737021,1.4848e-05
737023,4.6336e-05
737108,2.4832e-05
737178,1.152e-05
737191,5.12e-06
737247,7.9616e-05
737278,7.8848e-05
737293,2.432e-05
737331,2.56e-06
737398,1.1264e-05
737408,2.6112e-05
737470,1.024e-06
737517,8.192e-05
737532,6.0928e-05
737565,9.472e-06
737599,5.0176e-05
737633,2.7136e-05
737686,7.936e-06
737697,1.1264e-05
737751,4.4544e-05
737766,0.000215296
737789,5.8112e-05
737799,0.000249344
737824,0.000650752
737913,2.0224e-05
738083,9.1136e-05
738139,0.000321792
738235,2.2784e-05
738258,6.3488e-05
738302,2.816e-06
738318,2.304e-05
738377,2.56e-06
738380,0.001775616
738443,0.000577792
738474,6.656e-06
738508,2.944e-05
738528,7.68e-06
738553,8.192e-06
738579,4.096e-06
738604,8.96e-06
738614,2.1248e-05
738626,0.002130432
738685,6.4e-05
738784,2.7136e-05
738789,9.984e-06
738793,1.28e-05
738856,1.4592e-05
738908,3.584e-06
738935,2.6624e-05
739027,6.6304e-05
739049,3.328e-06
739142,3.84e-06
739199,2.4064e-05
739239,7.0912e-05
739309,1.3056e-05
739364,9.216e-06
739367,4.352e-06
739380,8.96e-06
739407,3.7376e-05
739436,1.5104e-05
739561,2.048e-05
739587,0.000345088
739613,0.000256
739629,4.5312e-05
739690,9.472e-06
739738,3.84e-06
739760,9.728e-06
739830,4.0448e-05
739852,3.328e-06
739881,8.9088e-05
739944,0.000114432
739985,3.9936e-05
740032,1.3312e-05
740065,9.6e-05
740116,1.4336e-05
740136,2.6368e-05
740150,9.1648e-05
740159,2.56e-07
740180,1.92e-05
740275,1.792e-06
740329,2.6112e-05
740393,7.424e-06
740422,7.424e-06
740569,1.8176e-05
740594,0.000142336
740634,1.3824e-05
740641,1.1776e-05
740758,2.7392e-05
740769,5.632e-05
740793,2.048e-06
740843,1.3312e-05
740924,0.00035072
740970,0.000130048
740990,1.7152e-05
741018,0.0001024
741059,3.5072e-05
741099,1.9712e-05
741112,2.816e-06
741194,2.6624e-05
741215,1.92e-05
741330,7.424e-06
741347,0.000100096
741376,3.8912e-05
741389,7.68e-07
741547,0.000394496
741572,1.3056e-05
741648,3.584e-06
741682,2.7904e-05
741759,7.168e-06
741793,5.1968e-05
741842,0.000108288
741949,4.5824e-05
741961,2.0992e-05
741983,0.000332288
742028,2.1504e-05
742044,7.6544e-05
742088,2.4064e-05
742151,8.8064e-05
742204,6.656e-05
742221,0.0
742236,1.5616e-05
742274,4.1472e-05
742309,2.56e-07
742383,1.3568e-05
742417,5.376e-06
742533,1.4592e-05
742579,0.000320256
742584,6.6304e-05
742644,0.00070016
742705,1.4848e-05
742750,9.984e-06
742824,3.328e-06
742825,0.00035072
742863,1.7408e-05
742894,2.176e-05
742906,3.7376e-05
742957,6.8608e-05
743004,1.5104e-05
743019,0.000224512
743053,9.984e-06
743150,1.8176e-05
743163,7.4496e-05
743185,6.4e-05
743285,9.6512e-05
743332,4.7872e-05
743356,3.5584e-05
743393,9.1904e-05
743496,9.472e-06
743507,3.8912e-05
743562,4.1216e-05
743697,1.2288e-05
743739,3.584e-06
743753,2.2528e-05
743778,6.0928e-05
743783,0.00027008
743818,1.4336e-05
743838,6.4e-06
743874,7.424e-05
743894,7.936e-06
743940,1.0752e-05
743953,5.3248e-05
743975,1.152e-05
743990,2.048e-06
743998,3.968e-05
744248,9.9584e-05
744302,2.1248e-05
744374,5.4272e-05
744379,0.001215744
744441,3.7376e-05
744451,0.000461056
744455,0.000123136
744532,5.376e-06
744538,1.024e-06
744568,0.00225408
744758,0.000159232
744884,4.608e-06
744891,0.000602624
744989,0.000297728
744998,0.000168192
745085,2.176e-05
745139,2.816e-06
745262,1.024e-06
745331,1.7664e-05
745371,2.432e-05
745412,3.9936e-05
745496,0.000108288
745564,1.6128e-05
745571,1.2544e-05
745585,0.000156928
745733,3.5072e-05
745816,2.1504e-05
745820,0.00022656
745860,0.00048128
745905,7.0912e-05
745931,7.3984e-05
746024,3.1232e-05
746154,1.0752e-05
746176,0.000399104
746231,0.000233472
746271,1.8944e-05
746294,0.0002944
746370,7.8592e-05
746457,7.68e-07
746534,0.00043008
746577,2.304e-06
746601,8.192e-06
746618,1.5872e-05
746717,6.4e-06
746752,1.0752e-05
746785,0.000103168
746841,0.000110848
746992,0.000110592
747126,6.912e-06
747171,1.8688e-05
747182,8.2176e-05
747198,3.584e-06
747222,4.864e-06
747243,1.6896e-05
747335,3.712e-05
747366,3.0464e-05
747370,3.6864e-05
747553,3.0208e-05
747622,0.000290048
747664,0.000114688
747703,2.2016e-05
747735,4.608e-06
747769,1.6384e-05
747790,2.432e-05
747799,1.9712e-05
747896,1.9712e-05
747923,2.2016e-05
748034,2.4576e-05
748040,1.28e-05
748132,1.2032e-05
748233,7.936e-05
748344,6.912e-05
748370,0.000717568
748410,1.4592e-05
748424,4.864e-06
748514,5.2736e-05
748574,6.912e-05
748633,2.6368e-05
748654,2.3808e-05
748701,3.0464e-05
748753,1.28e-06
748784,1.28e-05
748808,3.1744e-05
748867,0.000169728
748923,2.3808e-05
748986,3.6608e-05
749026,0.000117504
749072,9.728e-06
749076,1.3824e-05
749120,2.56e-07
749150,6.8352e-05
749164,0.000323584
749223,1.28e-06
749250,1.792e-06
749341,5.1968e-05
749474,1.536e-06
749510,3.328e-06
749580,6.4512e-05
749592,5.9392e-05
749616,2.048e-06
749655,0.000390144
749736,2.816e-05
749744,4.7616e-05
749778,0.000288
749813,1.6896e-05
749856,4.224e-05
749910,5.12e-07
749982,1.4592e-05
749996,1.3056e-05
750053,8.832e-05
750068,2.56e-07
750075,4.3264e-05
750167,1.0752e-05
750176,3.2512e-05
750243,2.048e-06
750246,9.3184e-05
750261,3.6608e-05
750364,2.816e-06
750380,6.5024e-05
750384,5.12e-07
750416,5.6832e-05
750446,3.8656e-05
750454,1.28e-05
750487,3.328e-06
750504,0.000104448
750552,1.3312e-05
750670,4.1984e-05
750679,2.9184e-05
750714,3.0464e-05
750781,3.3536e-05
750818,1.8688e-05
750965,0.00011776
751006,3.5328e-05
751059,8.96e-06
751151,9.6e-05
751171,0.000822784
751246,1.0752e-05
751250,0.001212672
751327,3.84e-06
751368,0.000618752
751407,3.072e-05
751450,0.000274944
751544,4.096e-06
751556,1.536e-06
751575,1.0752e-05
751581,3.968e-05
751633,6.0672e-05
751658,1.536e-06
751717,3.584e-06
751751,3.7632e-05
751757,2.1248e-05
751912,0.000156672
751962,5.0944e-05
751979,4.096e-06
752010,1.5616e-05
752138,4.608e-05
752166,0.000178176
752189,0.000570112
752215,4.4544e-05
752270,4.7104e-05
752286,4.4032e-05
752308,2.6368e-05
752351,2.56e-07
752416,2.2016e-05
752439,6.656e-06
752540,1.3568e-05
752619,8.7552e-05
752677,0.002110464
752770,5.1712e-05
752838,1.024e-06
752869,2.56e-07
752946,7.5264e-05
753052,4.864e-06
753066,0.000580864
753115,4.864e-06
753123,4.096e-05
753136,0.000197632
753235,1.4336e-05
753272,7.168e-06
753316,6.912e-06
753352,3.072e-06
753365,2.3296e-05
753378,3.6864e-05
753385,0.001265664
753537,5.0688e-05
753555,2.048e-06
753651,3.84e-06
753763,6.4256e-05
753786,1.5872e-05
753800,3.072e-06
753813,6.6048e-05
753855,2.7904e-05
753889,2.5856e-05
754044,3.6864e-05
754046,1.3824e-05
754057,2.2272e-05
754156,1.5104e-05
754239,3.1744e-05
754319,6.656e-06
754366,4.352e-06
754433,0.000147968
754479,4.4544e-05
754498,5.376e-05
754523,6.144e-05
754566,3.5584e-05
754624,5.5296e-05
754634,5.0688e-05
754760,5.9392e-05
754805,1.0752e-05
754894,5.248e-05
754966,3.1232e-05
754977,4.864e-06
755079,3.8656e-05
755165,0.000936448
755305,1.1264e-05
755354,7.68e-07
755415,2.4576e-05
755444,9.0624e-05
755459,6.4e-06
755514,7.4752e-05
755559,2.1248e-05
755638,0.000148992
755680,1.6128e-05
755732,0.00018944
755795,0.000255744
755841,2.56e-06
755886,1.6128e-05
755916,6.4512e-05
755936,2.2784e-05
755986,9.472e-06
756051,9.728e-06
756079,1.152e-05
756118,4.864e-06
756127,9.0368e-05
756154,2.8672e-05
756201,0.000118528
756289,2.816e-06
756319,6.912e-06
756337,7.936e-06
756409,0.000310784
756463,2.1504e-05
756474,2.6624e-05
756497,1.1776e-05
756552,0.000128512
756669,7.1936e-05
756767,5.8112e-05
756866,2.176e-05
756914,1.28e-06
756975,0.000135168
756984,5.7856e-05
756988,0.000127488
757044,0.000140288
757081,0.000310272
757223,2.6368e-05
757300,0.00022656
757318,0.000149248
757367,4.7616e-05
757421,1.024e-06
757444,7.168e-06
757491,8.96e-06
757514,6.144e-06
757536,1.2544e-05
757565,0.000689408
757658,1.152e-05
757719,2.56e-07
757759,4.864e-06
757762,4.9152e-05
757844,2.3296e-05
757861,7.6544e-05
757924,2.432e-05
757968,2.6112e-05
757999,1.3056e-05
758006,7.68e-07
758018,9.5488e-05
758056,0.000523776
758081,0.000107264
758165,0.00044672
758179,0.001325312
758221,0.001486848
758268,5.9648e-05
758307,1.9968e-05
758380,6.3488e-05
758541,1.5104e-05
758599,2.4064e-05
758619,3.2256e-05
758739,0.001136384
758816,6.912e-05
758846,0.000103936
758874,4.5312e-05
759050,1.3056e-05
759087,1.9712e-05
759141,1.1776e-05
759199,3.0464e-05
759279,2.8928e-05
759365,4.7872e-05
759376,5.0688e-05
759381,0.000153344
759424,8.192e-06
759426,4.9152e-05
759532,2.1504e-05
759693,2.2528e-05
759807,1.7408e-05
759836,3.5072e-05
759926,5.8624e-05
759963,0.0001088
759983,0.000737792
759985,0.000153856
760033,1.792e-06
760057,0.000238848
760069,0.000125696
760186,4.992e-05
760260,4.352e-05
760291,0.000123648
760330,8.448e-06
760400,6.144e-06
760474,5.3248e-05
760543,0.00012544
760580,1.8944e-05
760582,0.000602624
760650,7.2704e-05
760709,2.1248e-05
760749,2.1504e-05
760778,7.168e-06
760893,2.8672e-05
760943,3.7632e-05
760958,7.9616e-05
761077,6.912e-06
761094,0.000585984
761168,1.4336e-05
761182,3.2768e-05
761189,8.3712e-05
761221,3.584e-06
761287,1.024e-06
761346,4.7616e-05
761362,2.176e-05
761402,6.8096e-05
761517,0.000120576
761642,2.1248e-05
761671,4.608e-06
761683,1.28e-06
761766,4.5824e-05
761776,0.000194048
761846,6.656e-06
761880,2.8416e-05
761900,5.1456e-05
761935,0.000188416
762034,8.4736e-05
762093,1.0496e-05
762123,0.000112896
762186,4.608e-06
762193,5.0688e-05
762252,6.656e-06
762280,1.8176e-05
762302,5.1968e-05
762343,2.304e-06
762379,1.6384e-05
762569,1.792e-06
762596,1.9712e-05
762611,2.816e-05
762648,5.632e-06
762718,0.000766464
762818,2.9696e-05
762856,6.8864e-05
762879,4.6848e-05
762950,3.1744e-05
762994,4.096e-06
763007,2.816e-05
763048,2.1248e-05
763124,1.3312e-05
763153,2.8416e-05
763184,5.12e-06
763185,1.7664e-05
763196,0.00013568
763332,8.1152e-05
763365,3.4816e-05
763371,0.000102912
763413,1.9712e-05
763414,3.6608e-05
763454,3.072e-05
763564,3.9168e-05
763619,0.000223488
763622,0.000434688
763687,1.3312e-05
763736,2.2016e-05
763783,6.4e-06
763815,0.001571072
763870,0.000251648
763908,6.912e-06
763945,1.9712e-05
763961,0.000119552
764018,1.8432e-05
764035,4.5568e-05
764071,0.000813312
764098,3.2768e-05
764192,1.3568e-05
764206,5.5296e-05
764377,6.6048e-05
764472,0.000126208
764529,2.9696e-05
764588,2.048e-06
764611,0.000384256
764684,4.4544e-05
764769,5.76e-05
764775,7.68e-07
764782,0.002523648
764981,4.864e-06
765073,1.5616e-05
765116,2.8416e-05
765137,1.28e-05
765157,6.0928e-05
765313,2.9184e-05
765378,7.68e-06
765474,2.56e-07
765566,7.936e-06
765567,0.000412672
765612,3.9936e-05
765638,3.84e-06
765664,2.56e-05
765742,3.2e-05
765797,1.5104e-05
765847,9.472e-06
765957,5.888e-06
766006,8.192e-06
766017,8.704e-06
766062,5.2992e-05
766064,0.00017664
766102,7.68e-06
766154,2.5856e-05
766186,0.0
766243,1.024e-06
766256,9.216e-06
766294,2.816e-06
766314,4.096e-06
766336,8.32e-05
766377,9.1392e-05
766447,8.704e-06
766474,5.0688e-05
766478,0.000740352
766558,0.0
766577,0.000722432
766648,3.2256e-05
766706,2.3808e-05
766747,7.68e-06
766770,1.9968e-05
766804,9.344e-05
766833,0.000422144
766922,0.00012416
766998,0.000152576
767022,2.6624e-05
767142,5.376e-06
767172,1.28e-06
767260,0.000200448
767305,0.000160512
767339,3.584e-06
767375,1.1264e-05
767393,6.656e-06
767417,1.3824e-05
767457,6.144e-06
767509,2.5088e-05
767603,1.4848e-05
767674,3.84e-05
767724,0.000129792
767776,0.001171968
767778,0.000570112
767864,2.2784e-05
767938,3.7632e-05
767960,0.000414464
768012,6.9888e-05
768030,4.608e-06
768073,1.0496e-05
768144,2.1504e-05
768252,2.7904e-05
768262,1.5872e-05
768308,2.688e-05
768327,1.7408e-05
768363,0.000253952
768397,1.28e-06
768405,9.3696e-05
768427,9.216e-06
768468,4.5824e-05
768499,2.816e-06
768527,4.096e-06
768548,2.7648e-05
768562,2.0736e-05
768636,5.12e-07
768645,1.7664e-05
768700,1.3056e-05
768710,2.7904e-05
768802,6.656e-06
768809,0.000300544
768872,3.84e-06
768893,1.8432e-05
768899,0.000591104
768978,5.5296e-05
768983,7.68e-06
769075,4.6336e-05
769139,8.2944e-05
769190,1.4336e-05
769271,0.00092672
769311,3.6864e-05
769324,3.7888e-05
769352,1.6384e-05
769358,0.000167168
769440,9.984e-06
769514,2.6368e-05
769520,1.536e-06
769565,1.92e-05
769591,7.68e-05
769687,2.816e-05
769703,4.352e-06
769812,5.5808e-05
769839,4.0448e-05
769958,5.888e-06
770017,5.0176e-05
770096,1.7152e-05
770175,2.9952e-05
770182,0.000228352
770191,0.00054528
770314,3.456e-05
770471,3.6864e-05
770494,1.664e-05
770563,7.168e-06
770584,3.0976e-05
770626,1.7152e-05
770636,8.832e-05
770684,6.656e-06
770706,1.8432e-05
770719,1.28e-06
770775,6.6304e-05
770779,0.000115712
770886,8.96e-06
770916,9.1904e-05
770935,4.4288e-05
770986,4.0192e-05
771075,2.432e-05
771098,8.704e-06
771162,6.4e-06
771186,3.1744e-05
771301,5.7856e-05
771376,0.000101376
771432,0.000141824
771499,1.024e-05
771570,1.1008e-05
771576,1.4336e-05
771611,1.024e-06
771643,6.144e-06
771683,3.2512e-05
771754,3.2e-05
771786,2.2528e-05
771839,6.2976e-05
771964,5.3504e-05
772010,7.8336e-05
772047,1.1008e-05
772118,3.456e-05
772136,0.000165376
772141,2.8928e-05
772221,1.9456e-05
772246,2.048e-05
772268,7.424e-06
772274,5.4272e-05
772299,0.000183296
772388,2.816e-05
772413,2.1504e-05
772508,8.2944e-05
772547,5.248e-05
772577,0.00032512
772744,1.024e-06
772809,1.664e-05
772824,1.792e-06
772847,0.000265216
772933,2.0736e-05
772940,0.000412928
773006,3.584e-06
773053,7.68e-07
773092,1.9968e-05
773109,0.000839168
773221,0.000123136
773246,4.352e-06
773278,3.5328e-05
773338,6.1184e-05
773420,2.2784e-05
773423,1.9456e-05
773474,0.000203264
773526,3.2e-05
773576,4.1984e-05
773604,6.2464e-05
773677,3.1488e-05
773693,0.002420736
773766,5.0176e-05
773776,0.000226048
773791,0.000708864
773871,0.000210688
773925,9.984e-06
773974,5.12e-06
774001,4.3264e-05
774082,6.4768e-05
774140,9.728e-06
774206,6.144e-06
774356,3.712e-05
774381,0.001469952
774390,6.4768e-05
774522,3.7888e-05
774523,0.000273664
774619,3.9936e-05
774737,4.4544e-05
774752,2.6368e-05
774769,1.024e-06
774895,7.9872e-05
774938,1.8944e-05
774965,1.536e-06
775027,7.3984e-05
775056,0.000119296
775187,4.352e-06
775212,0.000169728
775228,2.2016e-05
775246,6.6048e-05
775309,2.8672e-05
775323,8.96e-05
775362,1.536e-05
775391,0.000307968
775416,5.12e-07
775451,2.8672e-05
775493,4.3264e-05
775503,2.3296e-05
775513,0.000337664
775525,0.008956416
775592,3.968e-05
775599,0.000335872
775643,5.0944e-05
775668,2.2528e-05
775738,8.9856e-05
775776,1.4592e-05
775806,2.1248e-05
775869,2.6368e-05
775944,3.0464e-05
775991,2.8928e-05
776164,1.536e-05
776176,0.00025216
776218,4.0704e-05
776256,3.3024e-05
776328,1.1008e-05
776358,0.099884032
776464,0.0001344
776585,0.000145408
776645,1.024e-06
776647,5.7088e-05
776730,2.4576e-05
776765,6.016e-05
776781,0.000359168
776850,2.6624e-05
776866,1.8688e-05
776880,5.4272e-05
777016,5.0688e-05
777114,0.000130304
777136,1.024e-05
777239,5.6576e-05
777260,3.5328e-05
777283,3.1232e-05
777408,0.00099968
777531,4.9664e-05
777570,6.0416e-05
777603,9.7536e-05
777635,5.7856e-05
777720,9.1904e-05
777843,2.2528e-05
777888,4.096e-05
777974,2.4576e-05
777982,0.000206592
777991,0.000134656
778087,6.912e-05
778211,0.000212736
778223,0.000107008
778278,9.9072e-05
778367,4.0192e-05
778402,1.8176e-05
778410,1.792e-06
778503,4.608e-06
778523,0.000617984
778565,2.0736e-05
778578,2.2272e-05
778606,7.6032e-05
778636,0.000177664
778706,3.5584e-05
778750,4.4544e-05
778796,1.5872e-05
778840,1.6896e-05
778882,0.000280576
778894,3.5584e-05
778959,0.000425984
779091,1.28e-06
779247,2.0224e-05
779274,6.4e-06
779277,2.816e-06
779553,7.424e-06
779585,5.1456e-05
779611,7.68e-07
779651,4.864e-06
779758,8.192e-06
779764,0.000170496
779776,0.000314624
779788,6.0416e-05
779873,4.5312e-05
779908,9.0112e-05
779918,1.0496e-05
779966,0.00014464
779988,2.176e-05
780023,1.4336e-05
780063,5.0944e-05
780069,5.0432e-05
780124,2.816e-06
780131,0.000323584
780160,0.00014208
780167,5.4272e-05
780215,2.816e-06
780241,7.424e-05
780273,1.664e-05
780290,0.000483584
780358,1.28e-06
780374,8.96e-06
780380,0.00836864
780478,6.656e-06
780576,2.304e-06
780588,5.6064e-05
780646,1.8432e-05
780695,8.6528e-05
780789,1.536e-05
780857,1.92e-05
780883,3.84e-06
780885,0.0
780963,3.6352e-05
780984,8.9088e-05
781010,1.152e-05
781036,2.7392e-05
781071,5.8112e-05
781088,1.5616e-05
781147,0.000285696
781230,3.968e-05
781270,1.024e-05
781273,2.8672e-05
781308,8.192e-06
781332,9.9328e-05
781386,1.3312e-05
781409,0.000125952
781502,5.12e-06
781579,0.000329728
781584,0.000462336
781718,0.00014592
781757,1.7152e-05
781761,1.3312e-05
781862,4.224e-05
781896,4.2752e-05
781907,1.7408e-05
781933,3.4048e-05
781981,4.6848e-05
782010,7.4752e-05
782060,6.912e-06
782079,2.9184e-05
782160,6.272e-05
782190,9.6768e-05
782227,1.3056e-05
782307,0.004190464
782471,1.4848e-05
782508,4.352e-06
782611,0.000264192
782673,9.472e-06
782731,1.3824e-05
782742,2.944e-05
782780,0.00149376
782840,5.888e-06
783006,7.68e-07
783023,7.04e-05
783045,0.000790528
783168,5.376e-06
783191,0.00043008
783229,0.000147968
783345,4.6848e-05
783366,9.728e-06
783381,0.000251904
783386,1.92e-05
783425,3.7632e-05
783471,1.1776e-05
783553,2.304e-06
783569,0.000145152
783683,0.00015616
783684,0.00061312
783788,2.2528e-05
783801,1.3056e-05
783806,3.2e-05
783941,4.1984e-05
783964,3.6352e-05
784056,1.28e-05
784113,0.000132608
784189,2.0736e-05
784281,0.000115456
784466,0.001257216
784509,1.1264e-05
784670,1.024e-06
784686,2.1504e-05
784701,7.5008e-05
784744,6.9888e-05
784776,6.912e-06
784818,8.448e-05
784864,6.4768e-05
784946,5.632e-06
784990,7.5008e-05
785078,5.1968e-05
785173,3.328e-06
785179,4.352e-06
785184,6.784e-05
785194,1.92e-05
785241,6.6816e-05
785258,2.4832e-05
785493,0.000520192
785539,9.0368e-05
785607,1.9456e-05
785681,4.608e-06
785707,0.000101632
785768,3.9936e-05
785881,2.4832e-05
785901,9.9584e-05
786014,8.6272e-05
786110,2.56e-07
786144,0.000129024
786194,0.000156672
786203,1.0496e-05
786354,0.001176576
786378,2.816e-06
786409,6.4e-06
786483,2.5088e-05
786507,2.7904e-05
786546,0.000128
786581,3.7888e-05
786747,0.000123136
786802,4.864e-06
786828,7.3984e-05
786955,7.7568e-05
786965,0.000171008
786980,0.000117504
787059,8.32e-05
787183,0.000120832
787220,2.56e-07
787274,2.6112e-05
787299,0.0001344
787313,7.68e-07
787351,5.888e-05
787393,4.5824e-05
787404,3.2768e-05
787436,2.6624e-05
787562,0.000178944
787634,0.000117504
787758,0.000304896
787793,1.664e-05
787808,7.7568e-05
787909,3.1488e-05
787921,6.656e-06
787994,2.688e-05
788013,5.7856e-05
788073,8.5248e-05
788082,0.000358144
788133,1.1776e-05
788144,8.704e-06
788176,5.1456e-05
788254,1.6896e-05
788296,4.6848e-05
788314,9.216e-06
788372,1.792e-06
788401,1.536e-05
788557,1.1008e-05
788624,6.8608e-05
788646,5.8112e-05
788779,0.000110336
788817,0.000109056
788874,0.000495104
788920,1.024e-05
788938,3.9424e-05
788988,8.7552e-05
789017,6.6048e-05
789058,1.1264e-05
789097,1.6128e-05
789134,1.7152e-05
789169,0.00019584
789189,1.536e-06
789219,0.000278784
789239,8.192e-05
789289,0.000114176
789319,0.000191744
789329,0.000137216
789359,3.584e-05
789379,0.000567808
789419,0.0003264
789439,0.0004224
789459,0.000216576
789469,0.000100864
789489,4.4288e-05
789499,3.5328e-05
789509,0.000301312
789529,0.000342784
789569,0.000439296
789579,1.792e-06
789599,0.000381952
789619,0.000129792
789629,0.000135936
789639,0.000356864
789659,0.00041344
789669,0.000315904
789689,0.000415232
789709,0.000402688
789739,0.000892416
789769,0.00028032
789779,0.00019456
789799,0.000469248
789819,0.000539648
789869,0.000863232
789929,6.8096e-05
789953,0.00083328
789979,0.001132544
790132,0.000187392
790209,2.56e-05
790235,1.024e-05
790260,1.152e-05
790289,4.6336e-05
790356,7.6288e-05
790360,0.000675584
790494,3.1232e-05
790502,0.00015616
790576,0.000185088
790579,0.004005632
790586,0.007830016
790734,0.00012416
790766,6.1696e-05
790831,0.00033024
790873,1.7408e-05
790901,5.6064e-05
790942,7.0144e-05
791047,2.56e-06
791117,1.4592e-05
791178,0.000684544
791199,6.0416e-05
791240,3.3024e-05
791261,0.002242816
791312,6.144e-05
791343,1.792e-05
791375,3.9936e-05
791459,2.7904e-05
791505,4.864e-06
791515,9.6768e-05
791570,6.1952e-05
791615,0.000119552
791672,1.024e-05
791674,3.0976e-05
791711,1.6384e-05
791747,1.92e-05
791765,0.000144128
791823,0.000224512
791828,0.000325376
791889,8.448e-06
791931,8.96e-06
791941,7.936e-06
791960,0.000672768
792152,2.816e-05
792172,3.8912e-05
792217,6.144e-05
792246,3.0208e-05
792297,0.000126208
792437,5.888e-06
792478,6.4768e-05
792505,2.048e-06
792521,3.1488e-05
792535,6.6304e-05
792609,2.048e-06
792681,3.712e-05
792857,7.424e-05
792965,0.000897792
793082,2.3296e-05
793100,7.936e-06
793113,8.832e-05
793226,5.0176e-05
793254,2.816e-05
793468,1.6384e-05
793486,4.0704e-05
793543,8.704e-05
793576,0.000227072
793617,8.1664e-05
793670,8.96e-06
793671,0.0013504
793716,0.000109056
793832,7.936e-06
793882,1.92e-05
793909,6.1184e-05
793917,3.9424e-05
794015,4.736e-05
794078,1.792e-05
794135,2.432e-05
794182,0.002135808
794248,6.656e-06
794255,3.5072e-05
794307,1.28e-05
794384,1.4336e-05
794430,1.2288e-05
794475,4.1472e-05
794616,2.3296e-05
794686,1.1264e-05
794725,9.728e-06
794739,3.7632e-05
794766,0.000497664
794780,0.00012416
794781,0.000765696
794961,1.28e-06
794972,3.6096e-05
795038,4.992e-05
795118,4.7104e-05
795202,3.6608e-05
795232,1.9712e-05
795365,0.000461568
795387,0.000153856
795573,3.5328e-05
795590,1.024e-05
795688,2.7392e-05
795719,0.001593088
795823,1.5104e-05
795980,0.000209664
796031,6.656e-06
796056,8.448e-06
796102,3.328e-05
796120,2.6112e-05
796155,2.816e-06
796191,4.608e-06
796202,9.984e-06
796238,2.3552e-05
796260,2.1504e-05
796306,4.3776e-05
796333,1.536e-05
796371,2.2016e-05
796375,2.176e-05
796443,6.6304e-05
796522,1.8176e-05
796576,2.304e-05
796578,0.000895744
796672,2.688e-05
796684,9.7536e-05
796717,1.6128e-05
796801,1.792e-06
796803,2.048e-05
796834,1.8176e-05
796841,6.912e-06
796873,4.6592e-05
796901,2.176e-05
796922,3.7376e-05
797130,2.2272e-05
797164,5.12e-07
797166,3.328e-06
797181,1.5872e-05
797184,0.013259776
797265,1.536e-06
797385,4.9408e-05
797462,1.7408e-05
797464,0.00011904
797484,0.000511232
797582,3.584e-05
797699,4.608e-05
797785,0.001180928
797841,3.072e-05
797894,2.304e-06
798043,4.736e-05
798060,7.1168e-05
798191,6.3232e-05
798307,1.408e-05
798344,2.7904e-05
798349,1.7664e-05
798410,0.000137984
798638,3.5328e-05
798652,5.248e-05
798693,2.304e-06
798743,1.8688e-05
798780,1.024e-06
798868,1.2032e-05
798918,3.3792e-05
798970,4.352e-06
798990,6.8864e-05
799001,1.5616e-05
799050,1.9456e-05
799057,5.376e-06
799071,3.8144e-05
799118,1.0752e-05
799147,1.6384e-05
799243,4.4544e-05
799266,8.192e-06
799315,2.816e-06
799332,6.0416e-05
799401,4.6592e-05
799429,0.000230656
799487,0.000113664
799537,4.5568e-05
799572,2.7648e-05
799583,0.000111872
799585,0.000748288
799671,7.9872e-05
799775,7.936e-06
799809,2.7648e-05
799860,5.888e-05
799863,8.8832e-05
799923,1.0752e-05
799993,2.6624e-05
800049,0.00058368
800118,1.152e-05
800156,2.56e-07
800164,0.002513152
800234,0.00094592
800300,6.528e-05
800403,2.176e-05
800543,3.072e-06
800546,2.56e-07
800593,3.2e-05
800608,9.7536e-05
800649,9.2416e-05
800732,4.6336e-05
800760,4.864e-06
800858,2.0736e-05
800885,1.3824e-05
801095,6.528e-05
801158,0.000131072
801174,4.736e-05
801229,0.00028928
801380,0.000203776
801431,4.3264e-05
801455,7.7312e-05
801548,5.632e-06
801596,5.8368e-05
801643,3.6608e-05
801674,0.000292864
801704,6.5536e-05
801821,9.728e-06
801894,4.4288e-05
801967,3.1232e-05
802009,1.28e-06
802084,2.7648e-05
802122,2.2016e-05
802142,1.2544e-05
802302,0.000303872
802420,1.152e-05
802454,5.248e-05
802534,1.4336e-05
802578,4.9408e-05
802624,2.3296e-05
802667,1.6384e-05
802699,4.48e-05
802766,5.0176e-05
802805,1.2544e-05
802897,0.000415488
802918,0.00050048
803010,1.024e-06
803186,3.7888e-05
803394,3.072e-06
803400,1.536e-06
803425,2.2272e-05
803454,3.3536e-05
803501,4.4544e-05
803535,1.3312e-05
803563,7.0912e-05
803582,7.168e-05
803648,0.000185088
803727,4.352e-06
803766,0.000411392
803786,0.00030848
803838,2.2272e-05
803876,0.00018304
803878,2.4576e-05
803912,0.00019328
804007,6.2976e-05
804095,2.3552e-05
804112,7.68e-06
804124,4.5056e-05
804140,0.000166144
804297,3.072e-06
804301,0.000627968
804353,3.712e-05
804457,1.7152e-05
804475,1.92e-05
804494,2.816e-05
804546,0.000303104
804563,1.024e-06
804613,0.0005888
804665,7.168e-06
804673,2.1504e-05
804737,5.376e-06
804808,2.3296e-05
804876,9.216e-06
804891,2.048e-05
804926,0.0
804965,3.84e-05
804979,4.992e-05
804990,0.0006848
805220,8.192e-06
805268,2.4576e-05
805308,2.2016e-05
805331,9.216e-06
805471,8.5248e-05
805577,3.3536e-05
805607,4.9408e-05
805697,0.00062848
805817,2.0736e-05
805868,5.4784e-05
805889,6.656e-05
805941,6.4e-06
805950,0.00025344
805986,0.000127232
806078,8.1408e-05
806177,1.7664e-05
806184,0.0002496
806271,0.000244992
806311,4.4032e-05
806448,2.2784e-05
806481,0.000128768
806513,2.2016e-05
806529,0.000837376
806628,0.000129536
806694,2.3296e-05
806731,4.5312e-05
806866,2.4064e-05
806904,2.7136e-05
806914,2.9184e-05
806977,0.00033408
806999,0.00012032
807058,4.864e-06
807114,3.7632e-05
807141,3.328e-06
807169,1.28e-05
807209,9.216e-06
807238,7.424e-05
807268,2.304e-06
807364,0.001955328
807558,1.9968e-05
807581,2.0992e-05
807610,6.656e-06
807813,1.3312e-05
807947,1.28e-05
807979,1.1264e-05
808019,5.6576e-05
808231,5.8112e-05
808266,3.1744e-05
808304,1.28e-05
808319,5.0432e-05
808396,0.000147712
808446,4.1472e-05
808484,1.3056e-05
808503,3.328e-05
808552,1.024e-05
808584,0.000168704
808659,4.608e-05
808696,1.1008e-05
808728,1.8432e-05
808760,1.28e-06
808813,4.4288e-05
808934,7.3216e-05
808994,2.2272e-05
809021,2.816e-06
809023,4.096e-05
809069,0.000134912
809103,2.432e-05
809118,5.0688e-05
809206,0.000132096
809249,2.56e-05
809256,3.84e-06
809326,0.000201728
809388,8.704e-06
809426,3.072e-06
809474,2.9184e-05
809582,0.00077568
809713,2.304e-05
809758,0.000265216
809765,0.000366336
809793,0.002253056
809818,3.2768e-05
809864,1.024e-05
809964,2.5088e-05
810077,0.000196608
810156,9.216e-06
810210,1.3312e-05
810214,0.000102656
810380,5.0944e-05
810388,0.000109056
810442,2.9952e-05
810453,0.001024
810510,3.84e-06
810524,1.8688e-05
810538,4.608e-06
810635,1.536e-06
810636,4.7616e-05
810689,8.4992e-05
810737,9.472e-06
810773,0.000365056
810834,0.000121344
810890,3.072e-06
810965,2.4064e-05
811126,1.2288e-05
811165,0.000109312
811202,7.5776e-05
811206,6.4e-05
811238,9.6256e-05
811325,0.000647424
811373,6.2208e-05
811387,0.000512768
811432,1.536e-05
811461,1.2032e-05
811525,5.376e-06
811559,0.000105216
811576,5.8368e-05
811580,0.001505024
811693,2.304e-06
811794,1.28e-06
811826,0.000780544
811923,9.472e-06
812029,1.792e-05
812082,1.0752e-05
812120,2.048e-05
812171,3.0208e-05
812177,0.000185088
812179,0.000150528
812277,9.856e-05
812330,7.168e-06
812345,1.7152e-05
812414,0.0002944
812497,5.632e-05
812512,1.6128e-05
812553,3.9168e-05
812597,3.584e-06
812673,5.6832e-05
812681,6.1696e-05
812707,1.152e-05
812731,9.5232e-05
812762,6.528e-05
812779,0.001112064
812836,2.432e-05
812890,0.000659968
812936,1.1008e-05
813022,5.12e-06
813228,9.984e-06
813242,8.96e-06
813291,3.8912e-05
813359,8.2688e-05
813467,4.352e-06
813477,3.6352e-05
813558,7.168e-06
813676,2.176e-05
813710,1.5104e-05
813814,4.736e-05
813926,3.0208e-05
813965,0.000175104
813988,2.7136e-05
814024,2.0736e-05
814077,1.7664e-05
814143,4.3264e-05
814300,6.3744e-05
814334,0.000107008
814366,7.8592e-05
814403,5.632e-06
814437,3.84e-06
814544,6.912e-05
814565,0.000174336
814586,7.424e-05
814667,4.48e-05
814694,3.9168e-05
814731,1.8688e-05
814770,5.8368e-05
814793,3.4816e-05
814811,4.352e-05
814830,0.000118272
814856,2.8416e-05
815003,2.2016e-05
815073,1.2544e-05
815092,7.3728e-05
815137,3.584e-06
815158,1.2032e-05
815176,4.1984e-05
815178,0.00196608
815215,0.00111616
815360,0.000622848
815432,6.016e-05
815441,3.0208e-05
815480,2.1248e-05
815487,0.00021888
815574,2.56e-07
815628,9.728e-06
815655,3.328e-05
815764,0.001019136
815793,0.000730112
815824,1.5872e-05
815861,4.9664e-05
815944,0.000139776
816068,3.0976e-05
816112,4.096e-06
816122,4.3776e-05
816133,0.000112384
816159,0.0
816180,7.2448e-05
816220,7.0912e-05
816269,2.56e-05
816289,6.912e-06
816431,2.5344e-05
816454,0.000308224
816477,9.1904e-05
816538,8.1664e-05
816620,3.072e-05
816766,0.00014464
816789,2.304e-06
816845,0.000511488
816903,1.024e-06
816932,5.8112e-05
816984,0.000921856
816987,0.001256192
817136,9.6e-05
817228,4.352e-06
817250,5.632e-06
817309,4.352e-06
817313,8.8832e-05
817337,5.2224e-05
817413,8.96e-06
817445,2.8416e-05
817500,8.192e-06
817540,5.7344e-05
817565,0.000146432
817584,0.000231168
817595,0.001890304
817686,1.4848e-05
817706,0.000151296
817774,4.1984e-05
817788,3.1488e-05
817815,4.5312e-05
817829,2.4832e-05
817891,2.1248e-05
817933,7.7824e-05
817953,1.9712e-05
817959,4.4544e-05
818063,2.6112e-05
818116,0.000126976
818178,0.000184832
818214,3.9936e-05
818266,4.608e-06
818297,1.4336e-05
818542,0.000126208
818670,3.0464e-05
818679,5.1712e-05
818701,0.000207616
818765,8.5248e-05
818787,0.000180992
818788,5.2224e-05
818791,0.001260288
818914,5.888e-06
818922,0.000228864
818976,9.4464e-05
818984,3.1488e-05
819014,2.432e-05
819077,1.3056e-05
819104,4.48e-05
819123,2.0736e-05
819148,1.8944e-05
819172,4.608e-06
819203,1.7408e-05
819206,2.7136e-05
819364,3.4048e-05
819413,1.2032e-05
819426,2.56e-07
819528,0.000454912
819642,7.936e-06
819678,3.4048e-05
819710,9.3184e-05
819843,2.56e-06
819859,2.2528e-05
819918,1.792e-06
819943,5.3248e-05
819952,0.000231168
820006,3.328e-05
820091,1.024e-06
820119,3.328e-06
820168,0.00030208
820383,3.4816e-05
820488,2.6624e-05
820517,0.010774272
820592,0.000339968
820656,7.168e-06
820661,0.000539904
820717,0.0
820728,4.4032e-05
820767,3.584e-06
820795,1.9968e-05
820828,0.000168448
820855,6.016e-05
820898,1.4848e-05
820917,0.000356352
820960,2.048e-06
820989,1.7664e-05
821076,2.7904e-05
821123,0.000171264
821146,5.8368e-05
821176,0.000189696
821245,3.9424e-05
821300,3.2512e-05
821344,8.8064e-05
821367,1.792e-05
821409,4.1984e-05
821452,2.4832e-05
821514,1.024e-05
821537,7.9872e-05
821553,3.968e-05
821645,4.864e-05
821665,3.4816e-05
821704,2.7136e-05
821715,0.00013824
821764,0.000152064
821809,1.536e-05
821837,0.000150528
821873,0.0004352
821938,1.2288e-05
821977,3.0464e-05
822016,4.096e-06
822050,1.792e-06
822138,6.912e-06
822192,3.5328e-05
822200,1.4336e-05
822221,3.584e-06
822298,3.328e-06
822365,1.024e-06
822407,3.8656e-05
822415,7.936e-06
822466,8.96e-06
822481,7.424e-06
822490,4.8896e-05
822540,3.7888e-05
822554,7.424e-06
822559,0.00011264
822607,3.4048e-05
822660,1.3312e-05
822690,3.584e-06
822711,1.3312e-05
822726,1.792e-06
822797,0.004455424
822879,7.2192e-05
822920,3.712e-05
822964,5.4528e-05
822965,0.000275712
822976,2.56e-07
822977,0.002756096
823074,1.7152e-05
823128,0.000533248
823206,2.3552e-05
823223,6.784e-05
823337,0.000107008
823427,5.0176e-05
823472,1.536e-05
823493,6.656e-06
823498,3.5584e-05
823530,0.00021248
823564,3.6608e-05
823579,0.000133632
823656,3.9168e-05
823667,9.1904e-05
823693,7.5008e-05
823723,8.192e-06
823744,5.8112e-05
823788,0.000138496
823873,6.4e-06
823913,5.888e-05
823923,1.6128e-05
823969,8.1408e-05
824008,2.5088e-05
824021,3.5328e-05
824089,3.9168e-05
824163,1.8688e-05
824176,9.1392e-05
824274,3.712e-05
824400,4.608e-06
824459,5.8368e-05
824628,3.1744e-05
824719,2.0224e-05
824786,0.00037248
824831,0.001054464
824915,0.00028544
824928,0.000452352
825004,1.6896e-05
825194,1.024e-06
825224,4.096e-06
825271,4.7872e-05
825299,7.168e-06
825364,8.704e-06
825390,7.9872e-05
825394,0.000543232
825442,1.2288e-05
825468,0.000102912
825513,1.3056e-05
825518,5.9904e-05
825655,8.192e-05
825682,1.28e-06
825732,5.0688e-05
825743,5.376e-05
825793,4.608e-06
825815,7.3984e-05
825865,0.000143616
825879,2.304e-06
826014,0.000272128
826090,4.352e-06
826097,5.6832e-05
826117,0.0001088
826147,2.56e-07
826164,2.1504e-05
826199,2.304e-06
826225,2.816e-06
826376,2.816e-06
826414,9.216e-06
826474,3.3792e-05
826534,2.5344e-05
826585,0.000115456
826636,9.984e-06
826681,0.00022656
826709,4.48e-05
826720,4.864e-06
826750,7.68e-06
826751,0.0002432
826817,0.000157696
826932,2.5344e-05
827063,0.000320768
827163,0.000307456
827167,0.000333824
827181,0.000751872
827298,2.048e-06
827359,1.792e-05
827379,3.84e-06
827409,4.352e-06
827464,1.024e-06
827519,9.0624e-05
827575,0.0
827649,0.000631552
827766,0.00015488
827787,8.0896e-05
827789,0.000283392
827858,0.0001152
827916,5.0944e-05
827929,1.7152e-05
827992,3.072e-06
827999,2.7904e-05
828003,9.9584e-05
828085,5.2992e-05
828115,2.048e-05
828134,1.28e-06
828179,1.1776e-05
828196,2.9696e-05
828224,3.584e-06
828322,3.4304e-05
828364,2.1248e-05
828383,6.9632e-05
828459,5.1456e-05
828525,5.8368e-05
828566,3.84e-06
828771,1.664e-05
828805,3.8144e-05
828911,9.7792e-05
828953,0.000619008
829060,0.000227584
829133,1.0496e-05
829230,1.4336e-05
829343,6.4e-06
829444,3.584e-06
829564,0.00088704
829584,0.000267008
829631,1.2544e-05
829652,1.92e-05
829683,0.000193792
829923,4.864e-06
829967,1.92e-05
829995,7.168e-06
830034,0.001232384
830165,0.000281856
830181,0.00064768
830213,0.000704512
830258,1.7664e-05
830439,0.000163328
830555,5.888e-06
830601,5.7088e-05
830635,1.3824e-05
830655,5.1456e-05
830726,7.68e-06
830740,2.2784e-05
830775,0.000320512
830872,9.728e-06
830913,2.6368e-05
830997,1.1776e-05
831030,3.0976e-05
831051,0.000305408
831121,7.936e-06
831162,7.3984e-05
831215,4.608e-06
831235,5.4528e-05
831313,1.792e-06
831342,1.2544e-05
831365,8.96e-06
831378,0.000464384
831385,0.002172416
831451,4.0448e-05
831586,4.3008e-05
831596,0.0002816
831606,0.00055424
831646,0.000570112
831666,0.000327936
831686,0.000525824
831706,7.3216e-05
831716,0.000164608
831736,0.000939264
831746,0.000235264
831766,0.000412672
831776,0.000280064
831786,0.000940032
831796,0.000392704
831833,0.001878528
831907,6.1696e-05
831916,0.000189184
831963,6.6816e-05
832081,2.048e-06
832095,1.2288e-05
832124,0.000248576
832153,3.072e-05
832186,1.9456e-05
832217,6.144e-06
832228,5.9648e-05
832274,1.024e-06
832292,7.8848e-05
832305,2.048e-06
832342,2.1504e-05
832401,0.00011392
832421,1.536e-05
832546,6.4e-06
832565,3.584e-05
832580,0.000184064
832628,1.664e-05
832657,7.5264e-05
832697,3.584e-05
832727,0.000125696
832745,5.0688e-05
832779,3.584e-06
832894,4.6592e-05
832903,0.000176128
832951,0.000359936
833056,2.4832e-05
833084,8.192e-06
833187,9.728e-06
833253,2.7648e-05
833266,3.4304e-05
833358,2.304e-06
833377,0.000119808
833414,1.024e-05
833422,6.0672e-05
833769,1.536e-06
833775,0.00013056
833794,9.472e-06
833854,0.000146688
833896,2.2272e-05
833962,1.152e-05
833990,5.6832e-05
833991,0.000351744
834056,0.000769792
834118,1.024e-06
834159,2.56e-06
834194,1.4592e-05
834321,0.000103936
834359,1.9456e-05
834378,6.0416e-05
834380,0.000297216
834493,6.144e-06
834508,7.9872e-05
834532,0.000179712
834592,1.408e-05
834642,5.8112e-05
834677,1.6896e-05
834684,1.8688e-05
834821,5.632e-06
834829,0.000118016
834878,0.000326912
834919,2.8928e-05
834932,0.000153856
834974,9.2672e-05
834990,0.000102656
835003,0.000399872
835024,0.000298752
835102,0.00046336
835113,6.8096e-05
835158,4.352e-05
835226,4.864e-06
835251,2.5856e-05
835423,1.6896e-05
835520,2.8672e-05
835589,1.7152e-05
835627,0.000290048
835721,0.000160256
835766,9.216e-06
835822,1.7152e-05
835940,0.000609536
836050,0.0022272
836120,7.68e-07
836178,9.6768e-05
836187,4.7872e-05
836286,3.584e-06
836301,6.144e-06
836341,0.0002048
836402,2.56e-06
836410,5.6832e-05
836473,3.7632e-05
836499,6.1952e-05
836554,0.000103936
836618,2.0224e-05
836619,4.2496e-05
836652,4.0448e-05
836706,4.096e-06
836766,5.6576e-05
836774,0.000220672
836837,0.000176384
836922,0.005549056
836990,5.632e-05
837004,5.6832e-05
837075,0.000151296
837092,0.0003328
837130,7.9616e-05
837165,4.608e-06
837210,2.688e-05
837233,4.2752e-05
837254,2.8416e-05
837343,0.000172032
837364,0.000893184
837418,4.608e-06
837569,3.328e-06
837732,0.000101376
837784,5.12e-06
837800,2.56e-06
837878,8.448e-06
837896,0.000345344
837924,1.0752e-05
837975,7.168e-06
838025,1.152e-05
838040,1.2544e-05
838069,6.0928e-05
838126,5.4016e-05
838221,5.248e-05
838234,0.00018944
838315,4.3776e-05
838349,0.00030848
838374,3.2768e-05
838387,9.0368e-05
838458,2.9696e-05
838488,2.048e-06
838534,7.8848e-05
838565,0.000107264
838578,5.9392e-05
838586,3.8656e-05
838700,5.376e-06
838745,4.096e-06
838776,5.76e-05
838895,2.3552e-05
838986,3.9168e-05
839067,0.000408832
839164,2.048e-06
839176,0.000121088
839230,2.304e-06
839309,8.192e-06
839326,9.4464e-05
839360,8.448e-05
839424,0.000664064
839445,0.000562432
839482,8.96e-06
839652,0.00048
839706,6.3232e-05
839790,0.000307968
839829,9.1136e-05
839848,6.7328e-05
839953,9.728e-06
839997,0.000327424
840102,1.152e-05
840157,3.84e-05
840220,4.2496e-05
840266,1.5616e-05
840284,0.000264704
840378,3.584e-06
840442,8.192e-06
840501,5.12e-07
840595,4.2752e-05
840610,0.00021376
840630,4.096e-06
840676,2.4064e-05
840694,4.48e-05
840710,1.8432e-05
840757,5.888e-06
840839,1.3312e-05
840983,1.9456e-05
841035,6.1184e-05
841059,2.0224e-05
841095,2.2528e-05
841139,3.584e-05
841185,1.7152e-05
841255,3.7376e-05
841383,1.6896e-05
841436,0.000377088
841515,2.56e-07
841523,1.8432e-05
841588,2.688e-05
841615,9.984e-06
841622,1.792e-05
841662,2.2528e-05
841681,3.328e-06
841704,0.000646912
841801,2.4576e-05
841913,0.00013952
841935,5.3248e-05
841985,2.432e-05
841994,5.7856e-05
842014,6.656e-06
842054,0.00017536
842067,0.000137984
842126,1.6896e-05
842138,3.9168e-05
842146,6.2976e-05
842155,9.1136e-05
842178,0.000533504
842302,0.000695552
842354,0.00023296
842378,0.000685568
842379,0.005253376
842457,9.856e-05
842476,5.632e-06
842526,6.912e-06
842532,3.456e-05
842544,0.000292864
842603,4.608e-05
842646,5.376e-05
842673,9.216e-06
842698,7.936e-06
842774,6.7072e-05
842824,9.472e-06
842853,7.3728e-05
842893,2.6624e-05
842923,2.4064e-05
842931,0.000134144
842990,8.96e-06
843018,3.7376e-05
843075,4.7616e-05
843141,5.12e-05
843178,4.608e-05
843279,4.4544e-05
843428,0.0001344
843465,8.192e-06
843472,0.000966656
843492,0.000721664
843569,3.2256e-05
843594,3.6864e-05
843662,1.1776e-05
843721,1.408e-05
843752,0.0006208
843776,3.0208e-05
843842,3.584e-06
843922,4.0704e-05
843975,6.6048e-05
844072,4.608e-05
844144,1.7664e-05
844190,4.1728e-05
844237,1.0752e-05
844267,5.12e-07
844337,0.00025088
844453,8.96e-06
844467,2.048e-06
844564,2.56e-06
844579,2.5856e-05
844659,3.0976e-05
844689,1.7664e-05
844701,8.7808e-05
844733,2.816e-06
844748,6.912e-06
844864,0.000441088
844941,3.9424e-05
845068,5.5296e-05
845155,1.3568e-05
845176,0.0
845257,1.1776e-05
845275,0.000306688
845300,0.00025088
845390,3.9424e-05
845403,1.8176e-05
845476,3.1488e-05
845511,0.000105472
845660,5.6064e-05
845695,4.864e-06
845723,1.024e-06
845728,4.352e-06
845772,4.4544e-05
845798,0.000795904
845838,0.000132864
845840,0.0003648
845930,1.4592e-05
846022,9.5488e-05
846070,2.56e-06
846135,1.5872e-05
846190,4.0448e-05
846212,4.096e-06
846317,2.56e-06
846375,2.7904e-05
846380,1.792e-06
846386,0.000352768
846442,5.248e-05
846481,6.912e-06
846525,6.2976e-05
846554,4.096e-05
846615,3.1744e-05
846632,2.0736e-05
846634,9.216e-06
846662,2.56e-06
846694,0.000155392
846835,2.048e-06
846853,2.6368e-05
846877,8.96e-06
846886,2.304e-05
846949,1.408e-05
846964,3.5328e-05
847010,0.000484352
847046,1.6384e-05
847177,7.6032e-05
847324,7.68e-07
847394,0.000187136
847446,5.632e-06
847465,9.728e-06
847515,3.072e-05
847552,0.000779776
847683,6.912e-06
847756,1.8176e-05
847832,0.0002176
847886,9.472e-06
847932,8.704e-06
847983,0.000270592
848019,0.000121088
848057,2.048e-06
848164,2.4576e-05
848183,6.7072e-05
848267,0.000108288
848319,0.000588032
848405,4.5056e-05
848553,2.7392e-05
848650,0.000190464
848792,3.328e-06
848839,5.248e-05
848854,1.28e-05
848943,3.584e-06
848989,5.6064e-05
848998,0.001000704
849009,0.001273088
849090,1.3056e-05
849108,3.072e-05
849126,7.1424e-05
849169,0.000146176
849242,7.04e-05
849266,0.00018688
849318,7.168e-06
849376,7.2192e-05
849400,0.0003328
849577,2.304e-05
849743,5.12e-07
849769,3.712e-05
849772,0.0
849846,0.000122624
849897,2.0992e-05
849909,4.8384e-05
849986,0.000336384
850094,4.6336e-05
850122,0.000695552
850192,2.0992e-05
850224,0.00012672
850278,4.0192e-05
850346,2.304e-06
850381,3.584e-06
850400,9.472e-06
850432,1.6384e-05
850555,8.704e-05
850574,4.0448e-05
850581,8.6528e-05
850605,3.5584e-05
850659,5.9648e-05
850808,0.00010496
850826,1.8432e-05
850888,2.816e-06
850892,9.472e-06
850914,9.216e-06
850944,4.8896e-05
850954,3.6096e-05
851021,3.9936e-05
851037,0.000141056
851109,0.000261888
851161,0.000131328
851296,6.528e-05
851307,2.4832e-05
851311,1.9456e-05
851338,3.0208e-05
851418,7.68e-06
851453,1.792e-06
851464,2.9184e-05
851533,0.00019072
851544,4.4544e-05
851730,0.000182784
851763,8.448e-06
851782,0.001012736
851855,7.4496e-05
851870,0.000165888
851900,0.00058752
851940,2.8672e-05
851956,7.5008e-05
851960,0.000416256
851997,2.688e-05
852025,1.5104e-05
852097,1.92e-05
852164,8.704e-05
852187,1.664e-05
852251,6.8608e-05
852324,1.28e-06
852339,6.0416e-05
852383,0.001621248
852438,8.7552e-05
852496,1.28e-06
852586,1.8432e-05
852608,3.072e-05
852688,2.304e-05
852726,0.000310272
852746,1.792e-05
852832,1.4336e-05
852910,7.168e-06
852934,5.12e-06
852964,0.000333312
852979,9.2672e-05
853081,1.8432e-05
853126,7.3216e-05
853166,8.832e-05
853241,5.248e-05
853301,3.328e-06
853352,4.608e-06
853395,0.00048768
853443,6.3744e-05
853565,0.005117952
853715,2.7392e-05
853886,0.0
853918,5.7088e-05
854061,5.376e-06
854116,2.2272e-05
854125,8.5248e-05
854155,6.4768e-05
854165,7.7312e-05
854192,3.6864e-05
854274,5.632e-06
854435,8.192e-06
854461,0.000762368
854558,2.048e-05
854589,2.56e-06
854703,1.4336e-05
854772,3.072e-06
854777,0.00011008
854789,0.000271616
854875,0.000302336
854946,5.888e-05
855074,0.00041088
855104,6.5536e-05
855123,8.9344e-05
855205,1.8944e-05
855209,7.2448e-05
855214,6.144e-05
855364,8.8064e-05
855384,0.000227584
855412,0.000107264
855489,5.376e-06
855497,1.536e-06
855537,0.000166144
855570,6.528e-05
855664,0.000118016
855697,2.2528e-05
855707,0.000757248
855826,3.2e-05
855870,1.3568e-05
855876,0.000122624
855953,2.4576e-05
855980,0.000137472
856026,2.7136e-05
856089,1.7664e-05
856293,3.1744e-05
856299,0.000255744
856386,6.7584e-05
856478,4.5312e-05
856559,7.68e-07
856577,0.00018304
856584,0.000944896
856625,3.328e-06
856653,3.712e-05
856683,4.864e-06
856721,1.8944e-05
856727,4.4032e-05
856748,1.5616e-05
856777,1.4848e-05
856780,0.000598016
856860,2.944e-05
856871,4.7104e-05
856872,0.000516608
856954,2.2784e-05
857014,6.656e-06
857018,1.3568e-05
857072,9.1904e-05
857098,0.000711168
857166,6.144e-05
857189,6.912e-06
857249,0.000285952
857321,2.0224e-05
857324,5.6832e-05
857427,1.3824e-05
857584,9.984e-05
857776,0.000161792
857777,0.000742912
857868,3.1744e-05
857962,0.000926464
858035,8.96e-05
858079,0.000383232
858111,6.4e-06
858156,0.000194048
858224,7.68e-06
858236,2.1504e-05
858309,4.352e-05
858329,1.6128e-05
858376,1.024e-05
858396,2.0224e-05
858453,8.704e-06
858546,0.000298496
858565,6.2976e-05
858609,2.7392e-05
858650,8.96e-06
858689,0.001037824
858738,1.7664e-05
858922,4.864e-06
859048,9.216e-06
859166,2.944e-05
859206,3.84e-06
859223,7.936e-06
859234,8.192e-06
859286,5.1712e-05
859300,0.000130304
859343,5.632e-06
859414,9.984e-06
859469,1.28e-06
859506,6.3744e-05
859512,3.584e-06
859566,2.1504e-05
859586,4.096e-05
859681,1.5616e-05
859694,4.7872e-05
859729,6.1952e-05
859826,3.1232e-05
859846,3.8656e-05
859897,1.8432e-05
859974,7.68e-06
860036,2.2016e-05
860102,9.216e-06
860162,9.0112e-05
860164,0.000422912
860196,9.344e-05
860304,1.6384e-05
860345,3.328e-06
860348,5.7856e-05
860392,5.376e-06
860395,4.352e-06
860436,1.3312e-05
860446,1.6384e-05
860476,2.048e-06
860609,1.6384e-05
860644,0.000275712
860685,3.4048e-05
860707,1.3824e-05
860782,0.000587264
860881,2.0736e-05
860905,3.3024e-05
861040,6.144e-06
861093,6.4e-06
861100,7.3728e-05
861197,7.8592e-05
861240,4.352e-06
861262,7.68e-06
861332,4.352e-05
861385,6.0672e-05
861387,5.1712e-05
861436,1.024e-05
861582,1.4848e-05
861656,8.2432e-05
861706,2.7392e-05
861724,7.68e-06
861740,1.408e-05
861826,8.7552e-05
861866,1.8944e-05
861979,0.000325888
862097,2.7392e-05
862129,4.6336e-05
862167,2.304e-06
862177,2.7136e-05
862356,2.4576e-05
862418,5.12e-06
862441,2.0736e-05
862531,4.608e-06
862564,2.56e-07
862567,4.0704e-05
862580,8.576e-05
862589,0.001271552
862647,0.000129024
862701,3.072e-06
862838,0.000209408
862913,1.6384e-05
862931,8.0384e-05
862988,2.048e-06
863056,8.4736e-05
863091,1.5872e-05
863199,3.4048e-05
863277,4.6336e-05
863310,2.816e-06
863373,0.000104192
863407,0.000608256
863440,6.6304e-05
863601,4.1984e-05
863665,6.656e-06
863734,2.6368e-05
863767,7.3472e-05
863799,4.5056e-05
863809,2.5856e-05
863836,1.4592e-05
863880,0.000156928
863900,1.408e-05
863928,5.3248e-05
863960,0.000165888
