sequence_number,time_taken_to_correct_s
10,4.4032e-05
46,0.000691456
75,0.00015232
152,1.536e-05
159,0.000332544
202,0.000253184
294,0.000370432
332,0.000536576
340,0.000626432
376,0.000134912
378,2.4832e-05
431,1.536e-05
446,2.048e-06
463,1.0752e-05
504,8.96e-06
564,4.48e-05
594,4.4032e-05
618,0.000397056
713,3.072e-06
727,0.000255744
747,0.000377088
811,0.000601344
835,0.000208896
881,8.6016e-05
911,4.7616e-05
958,9.2928e-05
975,6.656e-05
998,0.00027136
1015,0.000333056
1038,7.808e-05
1077,3.8144e-05
1087,0.000140544
1151,0.00048256
1183,2.7648e-05
1205,1.5616e-05
1264,5.632e-05
1281,0.000339456
1288,0.000193536
1322,0.00033408
1347,0.000222208
1361,2.3296e-05
1481,0.000275712
1502,0.00024704
1528,3.4816e-05
1567,1.4336e-05
1569,0.000224512
1579,0.000131072
1634,3.84e-06
1686,6.3232e-05
1691,0.000488192
1719,1.1776e-05
1761,0.00026368
1767,0.000444928
1817,2.2016e-05
1844,0.000898816
1878,1.1776e-05
1894,5.4784e-05
1925,5.1456e-05
1933,0.00025472
1986,0.000113408
2038,8.192e-06
2070,1.3824e-05
2072,0.000520704
2094,0.00047104
2170,0.000113408
2173,6.8864e-05
2189,0.000137216
2231,0.000138752
2260,1.2032e-05
2283,0.00045312
2315,8.3456e-05
2336,1.5616e-05
2341,0.000106496
2362,0.000338688
2422,5.4528e-05
2431,1.0496e-05
2450,1.0752e-05
2477,0.001991424
2497,0.00059392
2537,2.2528e-05
2570,0.000575488
2655,1.1776e-05
2667,0.000536064
2713,3.584e-06
2733,1.0496e-05
2770,0.000381184
2790,0.000473856
2833,0.001130496
2854,0.000179712
2926,7.424e-06
2959,1.2288e-05
2961,0.000297472
2982,9.6e-05
3034,3.584e-06
3053,4.5568e-05
3055,0.000209664
3157,2.8672e-05
3167,0.000283904
3195,4.096e-06
3211,0.0002112
3213,0.000408064
3267,5.12e-07
3295,1.6384e-05
3318,0.000931072
3365,0.00026752
3369,1.7664e-05
3405,0.000221184
3448,1.0496e-05
3497,8.9088e-05
3515,9.7024e-05
3544,0.00018304
3582,0.000164096
3605,0.00038144
3631,0.000144384
3643,0.0006784
3714,5.4784e-05
3736,0.000586496
3827,0.002754048
3872,0.00020992
3939,0.00041728
3973,0.000237056
4005,2.9696e-05
4026,4.096e-06
4058,3.84e-06
4148,0.001011712
4180,0.000104704
4192,0.000985344
4271,0.001117184
4376,0.000674816
4432,5.7344e-05
4451,5.76e-05
4484,1.2032e-05
4487,0.0009728
4512,0.000680704
4537,0.000203776
4555,0.000178432
4562,0.000286464
4601,8.192e-06
4619,8.96e-06
4642,6.144e-06
4646,0.00013952
4656,0.001307392
4707,0.0001664
4727,0.000566016
4764,0.0015552
4826,0.00027904
4851,3.2e-05
4864,0.000590336
4923,1.1008e-05
4973,7.7568e-05
4995,0.000172032
5034,0.000139776
5047,1.28e-06
5091,0.001590784
5118,7.3728e-05
5152,0.000224768
5166,5.632e-06
5168,9.088e-05
5224,0.000105472
5291,4.608e-05
5302,4.8384e-05
5310,1.3824e-05
5326,0.000450816
5367,0.000105216
5388,0.000179712
5533,0.000167424
5558,0.000631808
5614,4.9408e-05
5623,6.9888e-05
5648,3.584e-06
5678,9.216e-06
5686,8.4224e-05
5729,1.6384e-05
5755,0.000976128
5801,0.000242176
5871,0.000126208
5905,5.0176e-05
5934,0.000329472
6013,0.000169216
6050,2.304e-06
6058,5.0688e-05
6141,0.000306944
6195,1.5104e-05
6227,1.28e-05
6232,0.000214784
6277,6.6816e-05
6337,0.000197632
6369,4.7104e-05
6373,0.000634112
6438,0.00052736
6458,8.1664e-05
6485,0.001084928
6560,0.000139008
6598,0.000192768
6600,0.001788416
6791,8.4736e-05
6854,2.6624e-05
6863,7.0656e-05
6895,0.000641536
6919,0.000146688
6975,0.00787968
7054,0.00014592
7114,4.864e-05
7133,4.4288e-05
7184,3.7888e-05
7203,1.1264e-05
7231,6.144e-06
7235,6.1184e-05
7267,2.4064e-05
7293,1.024e-06
7308,5.12e-06
7312,0.000475904
7369,4.224e-05
7409,0.000127232
7450,1.152e-05
7464,0.000498688
7476,6.9376e-05
7526,0.000324096
7534,2.5344e-05
7571,9.6512e-05
7583,0.000193024
7630,2.2016e-05
7661,0.000126976
7702,0.000408064
7717,3.0976e-05
7747,2.3296e-05
7774,2.7136e-05
7783,2.6368e-05
7785,0.0002304
7803,0.000203008
7834,3.072e-05
7843,1.8944e-05
7870,6.4e-06
7876,0.000187648
7900,4.3008e-05
7917,0.000108544
7921,0.00108544
7989,0.000186368
8001,0.000322304
8034,0.000280832
8080,7.0144e-05
8117,4.096e-06
8138,1.5872e-05
8156,1.408e-05
8229,9.2416e-05
8241,7.424e-06
8250,2.0992e-05
8294,2.2016e-05
8304,0.001128704
8368,7.1424e-05
8386,5.5552e-05
8426,7.424e-06
8521,4.096e-05
8568,1.792e-05
8588,3.4048e-05
8590,0.00010368
8610,7.1424e-05
8611,0.000133376
8644,0.000369664
8762,0.000164096
8768,0.000152064
8779,4.0192e-05
8825,3.84e-06
8835,0.001276672
8882,9.984e-06
8902,1.2032e-05
8925,0.000135936
8971,3.9936e-05
9040,2.6368e-05
9085,0.000366848
9090,0.000504576
9144,7.8336e-05
9189,2.0992e-05
9234,3.0976e-05
9264,0.000109312
9300,3.8912e-05
9355,6.3488e-05
9371,0.00058752
9470,3.5328e-05
9487,3.7888e-05
9557,2.3808e-05
9564,0.000145408
9610,0.000899584
9690,1.8432e-05
9711,8.5248e-05
9716,4.7104e-05
9751,3.6864e-05
9769,0.001224192
9831,2.816e-06
9833,0.000187648
9895,3.328e-06
9917,4.7616e-05
9928,2.4576e-05
9945,0.000402688
9972,3.584e-06
10005,2.5856e-05
10074,0.000183296
10093,2.5088e-05
10177,4.8384e-05
10214,3.0208e-05
10236,6.2976e-05
10254,2.7904e-05
10275,1.0496e-05
10287,0.000466432
10307,4.992e-05
10310,0.000535296
10357,9.6256e-05
10371,0.000113408
10415,4.608e-06
10446,2.2016e-05
10491,5.8624e-05
10522,0.000100096
10566,1.3056e-05
10634,9.1904e-05
10654,0.000305152
10668,9.1136e-05
10677,0.000135424
10735,0.000135168
10769,0.000150528
10826,0.000149504
10871,3.84e-06
10886,0.0001856
10978,0.000838656
11013,0.000136192
11049,2.5856e-05
11073,8.7808e-05
11125,0.000941056
11169,0.000109824
11194,0.000361216
11244,0.000104704
11265,0.000117248
11288,0.002332672
11376,0.000106752
11397,0.000212992
11413,0.000761088
11422,1.9712e-05
11466,2.8416e-05
11582,7.68e-07
11584,0.00026496
11602,9.728e-05
11654,4.0192e-05
11692,1.9968e-05
11733,1.1776e-05
11746,0.00018304
11756,0.000251904
11840,8.96e-06
11875,0.000347648
11897,9.728e-06
11973,1.1776e-05
12005,4.7872e-05
12017,0.001915392
12069,0.000338432
12115,0.001950208
12208,3.712e-05
12229,9.9072e-05
12288,3.3024e-05
12294,0.000324096
12353,0.000726272
12358,0.000188416
12382,2.1248e-05
12422,4.096e-06
12460,5.6832e-05
12470,0.000372992
12568,0.00044928
12620,2.3296e-05
12640,7.4496e-05
12657,4.0448e-05
12701,2.5088e-05
12702,0.001702144
12739,0.000225792
12775,0.000233216
12830,0.000103424
12859,4.4032e-05
12876,0.000123648
12893,5.7088e-05
12905,0.000141312
12908,0.00061952
12933,3.9168e-05
12959,8.3968e-05
12973,3.4304e-05
12979,0.000148992
13023,0.000618496
13049,0.00044544
13126,1.3056e-05
13161,0.000413184
13191,6.5536e-05
13225,0.000556288
13265,0.000169984
13297,9.4464e-05
13319,5.6832e-05
13338,0.000572416
13355,0.000118016
13362,0.000282624
13388,0.000224
13435,0.000314368
13436,0.001226496
13444,0.000171008
13478,0.000229632
13556,0.00027392
13633,4.608e-06
13644,4.352e-05
13704,3.4304e-05
13712,8.192e-06
13738,9.8048e-05
13748,0.000272128
13771,0.000154368
13808,2.3808e-05
13819,0.000113664
13829,0.000543232
13869,0.000159744
13904,0.000320512
13942,2.56e-05
13953,2.7904e-05
13991,0.000169728
14014,0.00219776
14143,0.000125696
14156,0.00025344
14173,0.000941312
14245,0.00021504
14265,0.000160768
14266,0.00041216
14303,4.096e-06
14312,3.5584e-05
14335,0.000471552
14382,3.968e-05
14387,0.000479232
14465,8.3456e-05
14467,0.000788992
14507,0.000207872
14571,0.002910464
14621,0.000777216
14656,1.8432e-05
14664,0.000124928
14684,4.352e-06
14706,1.3056e-05
14728,0.000199168
14753,4.9664e-05
14773,7.1936e-05
14780,0.000120064
14797,0.000259584
14871,0.000236544
14942,2.048e-06
14968,3.584e-06
14981,1.8688e-05
14986,0.001543424
15016,0.000108032
15088,0.0005696
15108,1.024e-05
15136,0.001499648
15172,0.001513216
15229,0.00162432
15241,0.001947648
15303,0.000100608
15337,5.1968e-05
15349,6.144e-06
15359,2.8672e-05
15400,3.3536e-05
15432,0.00018048
15443,4.4032e-05
15490,6.016e-05
15507,0.00027392
15580,0.000246784
15601,0.000320768
15622,3.072e-06
15634,8.3456e-05
15673,2.304e-06
15703,6.016e-05
15719,3.0464e-05
15733,0.001575424
15768,0.000418048
15793,5.7344e-05
15821,0.000315136
15833,0.00033024
15892,3.5072e-05
15914,3.8912e-05
15933,0.00059904
15946,8.9344e-05
16000,0.000323072
16028,0.000162048
16043,0.000287232
16066,1.792e-06
16070,0.001062144
16122,5.376e-06
16123,6.9888e-05
16165,1.792e-05
16193,4.352e-05
16212,0.000132608
16244,0.00059008
16282,0.001115392
16315,0.00068352
16349,2.7648e-05
16351,0.003751168
16391,0.000906496
16446,0.000433664
16478,5.1968e-05
16541,0.000126464
16567,7.9616e-05
16615,0.00083968
16636,0.00053888
16694,4.9408e-05
16725,0.000223488
16753,2.304e-05
16803,0.000486912
16865,0.000257536
16901,0.000173568
16980,0.000663808
16992,0.000367872
17030,0.00130432
17060,0.000144896
17097,0.000690432
17131,2.432e-05
17137,0.000379392
17148,0.000101888
17168,0.000804352
17238,0.000443392
17242,0.000803072
17268,1.152e-05
17277,1.2288e-05
17282,0.000371968
17314,6.2208e-05
17317,0.000175616
17320,0.000427264
17356,6.4e-06
17401,2.3808e-05
17431,4.1984e-05
17433,2.0736e-05
17455,0.000204288
17471,1.2032e-05
17477,0.000210432
17478,0.000204544
17568,4.5568e-05
17606,0.000271104
17610,0.000144384
17634,0.00016896
17643,0.000398336
17676,7.424e-06
17689,0.000299264
17692,0.000952064
17776,0.001292544
17835,0.000364288
17857,0.000244736
17913,0.00044928
17958,1.6896e-05
17987,0.00028416
17992,0.000173824
18031,4.4032e-05
18044,0.000370944
18055,5.0176e-05
18077,0.000205056
18098,3.968e-05
18102,0.000201216
18119,0.000543744
18170,5.4784e-05
18238,0.000785152
18309,2.304e-05
18314,0.000317696
18356,0.000182528
18368,0.0001408
18423,0.001012992
18531,6.1952e-05
18546,0.000136192
18563,4.992e-05
18601,2.6624e-05
18609,0.00029568
18664,2.56e-06
18685,2.304e-06
18705,0.0001216
18732,2.048e-06
18733,0.000566016
18749,3.328e-06
18770,0.000354816
18773,0.000620032
18832,1.5872e-05
18840,3.456e-05
18887,7.424e-05
18928,6.912e-05
18955,1.2288e-05
18958,5.8112e-05
18960,0.000109056
18969,0.000515072
19028,0.000173568
19044,2.9184e-05
19089,5.888e-06
19095,4.1216e-05
19115,0.000108288
19129,0.00010496
19184,1.7152e-05
19196,0.000203008
19205,5.6576e-05
19222,0.00010112
19260,4.1728e-05
19287,0.000951296
19337,0.000944896
19399,3.456e-05
19412,1.9968e-05
19419,0.000632064
19441,0.000882944
19499,6.0928e-05
19507,4.2752e-05
19523,3.5584e-05
19537,0.00017152
19570,0.000212736
19602,0.000289792
19627,0.000238592
19649,0.000241152
19682,6.656e-05
19739,2.2784e-05
19745,0.000837376
19779,1.8432e-05
19828,0.000339456
19846,0.000178176
19855,0.000135168
19857,0.00036608
19922,7.68e-06
19927,0.001806336
19967,0.000224512
20034,3.84e-05
20050,0.000175104
20057,0.000265472
20080,0.000237312
20090,6.1696e-05
20091,0.000391936
20115,9.1904e-05
20118,0.000190208
20129,0.0003712
20149,4.352e-05
20172,4.352e-06
20189,6.3744e-05
20221,2.944e-05
20242,4.096e-05
20267,1.3056e-05
20269,4.864e-05
20288,8.832e-05
20316,6.4e-06
20346,7.936e-06
20353,0.002803456
20373,2.944e-05
20374,0.003268352
20380,0.001009408
20381,0.005604864
20389,0.00843776
20475,0.002856448
20586,0.000318208
20613,0.000203008
20630,0.000173056
20731,6.912e-06
20776,0.00042624
20814,1.3056e-05
20819,0.000611328
20860,5.76e-05
20908,0.000280832
20940,0.000497152
20942,0.000110336
20944,8.448e-05
20956,0.00301696
21018,0.00091008
21077,4.736e-05
21081,0.000310528
21098,0.000160512
21109,0.000626944
21153,0.00011648
21182,5.9392e-05
21209,2.816e-06
21264,0.00020864
21314,1.536e-06
21358,4.224e-05
21368,0.000208384
21379,0.000160256
21445,4.608e-06
21457,0.000182528
21497,6.144e-06
21512,1.28e-06
21531,5.376e-06
21576,7.3728e-05
21648,0.001814528
21651,0.004569344
21652,0.00816512
21797,1.3056e-05
21814,1.2544e-05
21821,2.4832e-05
21892,2.3808e-05
21927,0.000353792
21942,0.000391424
21962,1.792e-05
21994,3.84e-05
22020,0.000263424
22048,0.000118528
22064,5.12e-07
22116,9.728e-06
22121,0.000712448
22178,5.2224e-05
22184,0.000319744
22192,0.000594944
22211,0.000626944
22258,6.2464e-05
22325,5.632e-05
22336,3.1488e-05
22463,1.4336e-05
22468,1.6384e-05
22476,0.000734208
22525,4.736e-05
22548,1.536e-05
22561,5.0688e-05
22594,0.00041344
22642,7.8848e-05
22647,0.00015104
22702,0.000593408
22716,0.000839424
22765,0.000185856
22815,4.7616e-05
22856,2.56e-06
22892,0.000210688
22956,2.5344e-05
22976,0.001814528
23016,0.000502272
23068,1.536e-05
23090,2.7904e-05
23141,0.000144896
23142,0.000311552
23172,8.0384e-05
23217,0.000101632
23249,3.84e-06
23282,2.56e-06
23326,3.0464e-05
23350,2.56e-06
23354,2.56e-06
23415,3.5072e-05
23440,0.000154624
23461,1.7152e-05
23472,4.6848e-05
23484,0.00016768
23537,0.000657664
23559,0.000165888
23584,0.00027008
23621,0.00042112
23644,1.5872e-05
23646,0.000120576
23725,8.448e-06
23756,1.3056e-05
23766,0.000166912
23772,9.7536e-05
23817,2.432e-05
23835,4.2496e-05
23896,0.001892864
23939,6.6048e-05
23988,0.000192256
24001,7.5008e-05
24044,3.328e-06
24065,0.0001792
24089,6.912e-06
24116,2.688e-05
24258,4.0448e-05
24263,1.28e-05
24314,2.0224e-05
24326,7.9104e-05
24330,0.000115456
24402,0.000206848
24451,5.9904e-05
24466,7.936e-06
24480,0.000704512
24553,4.5824e-05
24580,3.072e-06
24598,1.1264e-05
24611,0.000481536
24652,0.000549888
24724,2.56e-06
24769,0.000308736
24810,0.000381952
24851,0.00114304
24868,0.000901376
24901,0.000495616
24934,5.376e-06
24943,0.000221952
24973,0.001005056
25032,0.000104192
25086,0.000164352
25129,7.2448e-05
25164,8.704e-06
25166,1.536e-06
25174,8.704e-06
25188,0.000125184
25209,0.000187392
25234,8.064e-05
25256,0.00012928
25337,1.408e-05
25372,3.1232e-05
25417,1.6128e-05
25433,1.6896e-05
25448,4.608e-06
25458,5.632e-06
25494,2.304e-05
25525,0.000103936
25558,8.5504e-05
25569,0.000298752
25581,1.1264e-05
25596,0.000115712
25623,5.5552e-05
25675,3.9936e-05
25688,1.7408e-05
25753,7.3728e-05
25755,0.000396288
25800,0.000118528
25802,0.000271104
25824,0.000189952
25845,0.000197632
25854,3.2512e-05
25885,2.304e-05
25910,0.00011648
25986,1.6896e-05
25997,0.000212224
26050,3.4304e-05
26081,0.000528896
26117,6.144e-05
26165,5.12e-07
26171,5.3248e-05
26173,0.000144384
26193,0.00187136
26270,1.9712e-05
26273,1.5616e-05
26285,0.000219392
26318,1.5104e-05
26396,4.6336e-05
26401,6.1952e-05
26405,7.04e-05
26468,3.9168e-05
26573,2.7136e-05
26611,2.7392e-05
26613,0.000109056
26643,3.6352e-05
26691,1.4848e-05
26711,0.000197632
26736,3.456e-05
26754,1.0496e-05
26755,0.001198592
26866,6.3488e-05
26927,5.5296e-05
26984,0.000212992
27004,2.6368e-05
27080,4.864e-05
27089,7.2704e-05
27186,8.5248e-05
27210,4.4288e-05
27215,0.000146688
27288,4.6592e-05
27366,0.000215296
27417,0.000518144
27437,0.000224768
27464,0.000758528
27478,0.000119808
27534,1.152e-05
27536,9.3696e-05
27561,5.5808e-05
27564,0.000203776
27592,0.000148224
27624,7.9104e-05
27666,5.248e-05
27705,0.000246784
27815,0.000113664
27884,1.28e-06
27894,9.472e-06
27918,3.4304e-05
27943,1.9712e-05
27968,1.0496e-05
27988,0.000265216
28011,7.0912e-05
28015,0.000397312
28039,0.00038784
28045,0.000294656
28124,3.072e-05
28131,0.000509184
28205,0.000299776
28226,0.001165312
28228,5.9904e-05
28243,0.001664512
28247,0.001496832
28308,0.000543232
28357,0.000219648
28398,4.096e-06
28406,0.000296448
28432,0.00016512
28452,0.000158464
28551,0.000133376
28557,6.912e-06
28567,0.000221952
28604,0.000536064
28682,1.8944e-05
28689,3.84e-06
28721,2.8672e-05
28749,0.001135616
28865,0.000105984
28911,3.9936e-05
28958,3.8656e-05
28989,8.192e-06
28996,3.0976e-05
29061,6.9632e-05
29071,4.2752e-05
29087,0.00070784
29090,0.00096512
29120,8.0384e-05
29165,0.000106496
29180,0.000139776
29214,1.024e-06
29266,3.2e-05
29270,0.000838656
29295,2.4064e-05
29330,0.000113664
29360,2.8928e-05
29394,5.248e-05
29417,0.000769792
29472,0.000195328
29571,3.3536e-05
29647,2.944e-05
29691,5.1456e-05
29699,3.5584e-05
29749,1.536e-06
29752,4.48e-05
29754,0.000552704
29772,0.00944384
29827,8.9344e-05
29837,0.00029312
29867,0.000431104
29897,0.000569856
29916,2.9184e-05
29949,5.632e-06
29959,0.00010112
29980,0.00049152
30000,4.736e-05
30019,7.68e-06
30047,8.448e-06
30066,0.000782848
30092,7.9616e-05
30124,2.3808e-05
30154,2.2016e-05
30173,0.000683264
30186,0.00022144
30218,0.000342016
30247,0.000348928
30284,0.000527616
30298,0.000268544
30299,0.000192256
30342,0.00025216
30367,0.00039808
30370,0.001037568
30454,8.576e-05
30496,1.792e-05
30505,2.7392e-05
30529,0.001033984
30613,2.8928e-05
30619,0.00029312
30650,2.816e-05
30685,4.352e-06
30727,6.4e-06
30742,5.6576e-05
30783,3.7632e-05
30799,8.0128e-05
30827,4.096e-06
30848,8.704e-06
30865,2.56e-07
30880,5.7344e-05
30944,2.9952e-05
30970,0.003322112
31045,8.9088e-05
31120,1.28e-05
31156,2.7904e-05
31161,3.328e-06
31168,4.1216e-05
31230,0.00047488
31279,2.4064e-05
31288,0.000515328
31348,7.6544e-05
31378,3.584e-06
31389,1.152e-05
31404,1.2032e-05
31406,0.000568064
31451,0.001691904
31479,3.84e-05
31492,0.00098944
31500,0.000808704
31537,9.728e-06
31539,0.000117248
31553,0.000288256
31555,2.304e-05
31616,3.0464e-05
31670,0.000188672
31679,3.8656e-05
31704,6.528e-05
31715,0.000283904
31755,0.000252928
31760,0.000808192
31811,0.00024576
31885,0.000307456
31917,9.344e-05
31966,0.000192768
32027,6.3488e-05
32088,5.1968e-05
32096,0.001074432
32166,2.9696e-05
32232,0.002142208
32299,6.9376e-05
32367,9.984e-06
32389,6.6048e-05
32402,5.376e-05
32420,6.3232e-05
32469,7.808e-05
32524,1.536e-06
32557,3.328e-05
32570,5.12e-06
32602,1.2288e-05
32630,0.000216576
32649,2.1248e-05
32663,1.8432e-05
32705,5.4784e-05
32715,0.000175872
32767,0.001389568
32805,0.000778752
32819,0.000473088
32849,0.000568064
32890,0.000713472
32925,8.32e-05
32984,2.0992e-05
33025,0.000272128
33052,5.0432e-05
33078,0.000129792
33146,2.1248e-05
33155,8.192e-06
33179,1.92e-05
33191,8.2944e-05
33235,0.00029056
33322,0.000135168
33356,0.000353024
33441,6.2976e-05
33470,0.002147072
33499,9.1648e-05
33556,3.072e-06
33599,2.3808e-05
33604,0.00016384
33610,0.000134656
33660,4.096e-05
33676,0.000521472
33684,0.000107008
33742,1.9968e-05
33799,3.8656e-05
33816,9.216e-06
33841,0.000350976
33888,6.2976e-05
33968,0.000305408
33972,0.000168192
33987,0.000191744
34037,4.5056e-05
34070,0.000260096
34122,7.936e-06
34132,0.000150528
34168,8.4992e-05
34175,1.1008e-05
34191,0.000504576
34247,4.096e-06
34252,9.088e-05
34278,4.0704e-05
34284,6.016e-05
34305,6.912e-06
34326,0.00019968
34359,7.04e-05
34366,1.4848e-05
34404,0.000119808
34436,4.0448e-05
34480,4.0704e-05
34497,2.3296e-05
34521,3.0208e-05
34539,0.000130304
34558,0.000134144
34605,0.000178944
34641,8.192e-06
34662,0.000133888
34730,0.000431872
34792,3.5328e-05
34808,0.000179456
34809,0.000256512
34833,0.0003584
34856,8.704e-06
34892,9.216e-06
34912,1.7664e-05
34914,1.2288e-05
34925,5.0944e-05
34960,8.8832e-05
34966,2.56e-06
34976,0.000516096
35019,0.000172288
35029,1.1008e-05
35088,3.9936e-05
35156,2.7392e-05
35176,0.000930304
35200,7.2448e-05
35211,0.000385792
35240,1.4848e-05
35253,0.000159232
35301,0.00011904
35302,0.000198912
35321,0.000677376
35374,0.001527552
35443,0.000121856
35485,1.9456e-05
35494,2.816e-06
35518,9.8304e-05
35538,1.3312e-05
35631,2.56e-06
35639,4.3008e-05
35647,0.000119296
35661,1.6384e-05
35668,0.000323584
35733,0.001178368
35777,1.1264e-05
35780,0.000162304
35829,0.000264448
35886,0.000220672
35969,5.2224e-05
36019,2.0736e-05
36031,0.000200448
36061,0.00022144
36085,0.000241152
36107,2.3808e-05
36128,0.000112896
36139,1.3824e-05
36163,4.352e-06
36219,0.000305152
36230,0.00095616
36253,0.001593856
36291,0.000117248
36318,0.001575168
36370,1.28e-05
36402,0.000271616
36455,5.504e-05
36474,3.9936e-05
36503,0.000189184
36507,0.001741824
36531,3.584e-06
36573,0.000141568
36594,4.096e-06
36617,2.5856e-05
36642,0.000269056
36661,9.728e-06
36692,6.912e-06
36720,0.000142848
36731,0.00059776
36809,4.4544e-05
36829,0.00013568
36833,4.0704e-05
36862,2.688e-05
36865,0.00019584
36907,5.12e-05
36927,4.8896e-05
36946,0.000153344
36956,2.56e-05
36972,6.656e-05
37019,2.9184e-05
37020,0.00332288
37068,0.000124672
37236,2.6112e-05
37272,3.6352e-05
37334,6.3488e-05
37372,3.456e-05
37411,1.7664e-05
37436,2.0736e-05
37440,0.00020992
37463,3.5072e-05
37477,0.000105984
37494,9.9328e-05
37546,0.000378624
37567,0.000122112
37627,0.000130816
37713,1.792e-06
37786,7.68e-07
37792,4.992e-05
37809,2.7136e-05
37833,1.9456e-05
37854,0.000196352
37869,0.000141824
37908,1.9968e-05
37925,0.0029568
37976,0.001068032
38022,2.56e-07
38028,0.00015488
38034,6.3744e-05
38037,0.000967936
38109,1.8688e-05
38126,0.000155392
38167,0.000235008
38201,1.792e-06
38236,3.2256e-05
38307,0.000361984
38320,0.000292352
38359,5.888e-06
38375,9.1904e-05
38390,2.944e-05
38430,0.00033664
38441,6.912e-05
38453,0.000365056
38572,4.864e-05
38580,0.000224256
38625,3.8144e-05
38639,0.000150272
38664,7.3984e-05
38688,2.56e-07
38694,5.376e-06
38731,3.5328e-05
38770,0.000252928
38777,1.0752e-05
38793,0.00040576
38824,2.3808e-05
38856,2.7648e-05
38938,5.2736e-05
38944,4.5568e-05
39079,2.56e-06
39148,2.1504e-05
39161,0.002130432
39233,2.304e-06
39240,2.8928e-05
39256,0.00033152
39311,3.3024e-05
39328,0.0001408
39356,0.0003264
39372,0.00096768
39399,1.0752e-05
39415,2.7648e-05
39453,0.000109312
39557,0.000156928
39632,0.000103936
39665,1.92e-05
39672,0.000117248
39694,0.001629184
39868,0.000605184
39900,8.7296e-05
39935,4.0448e-05
39966,2.2784e-05
39970,0.002560256
40019,0.000178176
40020,0.000923904
40048,0.000165376
40075,0.000261888
40099,0.000301056
40118,0.000156416
40158,1.28e-06
40168,0.000134912
40205,0.000543232
40234,9.216e-06
40262,1.8688e-05
40277,0.000213248
40329,0.000301824
40366,9.0624e-05
40400,3.1488e-05
40426,1.6896e-05
40436,2.8672e-05
40443,0.00019328
40444,0.00153472
40487,0.0017216
40538,0.000107008
40556,8.3456e-05
40572,1.6896e-05
40574,0.000647168
40607,0.000114944
40615,8.9088e-05
40632,8.704e-06
40643,6.272e-05
40646,3.2768e-05
40737,4.48e-05
40757,3.072e-06
40772,0.00018304
40802,1.536e-05
40824,3.4048e-05
40830,1.792e-06
40866,0.000179712
40904,2.2016e-05
40914,5.9648e-05
40940,7.1168e-05
40964,0.000701184
41006,6.6816e-05
41145,1.1264e-05
41148,0.000325632
41170,8.192e-06
41206,0.000324864
41238,6.4768e-05
41268,3.0976e-05
41292,7.8336e-05
41322,0.000225536
41344,0.000146176
41348,3.7376e-05
41386,6.8864e-05
41417,1.3824e-05
41420,3.584e-06
41433,1.6896e-05
41459,2.304e-06
41515,2.8928e-05
41524,3.328e-05
41550,2.56e-05
41611,8.7552e-05
41651,4.6336e-05
41656,0.000670464
41662,0.005921536
41665,0.015376384
41666,0.007472128
41763,0.000233216
41765,0.000882944
41840,5.8624e-05
41855,0.002741248
41897,0.000153088
41970,2.4576e-05
41977,1.1008e-05
42001,1.7152e-05
42003,0.000120576
42015,4.3776e-05
42048,8.8576e-05
42121,1.1008e-05
42130,4.2752e-05
42160,9.9584e-05
42176,0.000497152
42237,0.000259584
42289,0.000168192
42321,0.00020864
42356,2.048e-06
42403,2.0224e-05
42407,3.2e-05
42423,5.8368e-05
42439,6.4e-06
42444,0.000359168
42498,0.0002048
42530,5.376e-06
42555,1.92e-05
42556,0.000146432
42596,7.68e-06
42599,0.00012544
42671,6.0928e-05
42700,2.304e-06
42740,0.000151808
42782,0.00013184
42877,5.3248e-05
42883,4.1472e-05
42899,0.00060672
42969,0.00170496
42981,0.000418048
43044,2.9952e-05
43088,0.0001344
43144,6.272e-05
43190,8.192e-06
43221,0.000319744
43232,0.000114432
43313,1.8688e-05
43350,5.9392e-05
43405,9.472e-06
43444,3.6352e-05
43500,1.792e-05
43509,6.7328e-05
43526,0.00055424
43567,1.1776e-05
43573,0.000427264
43663,0.001215488
43705,6.144e-05
43782,9.0624e-05
43795,3.328e-06
43809,0.00010496
43840,8.6272e-05
43942,0.0
43967,0.000119296
43969,8.704e-05
43991,1.0496e-05
44048,4.7104e-05
44070,0.000442368
44130,1.6896e-05
44141,2.56e-05
44166,1.7408e-05
44180,0.000107008
44215,8.96e-06
44218,4.864e-06
44328,6.4e-05
44344,6.6304e-05
44375,0.000862976
44428,0.002514688
44455,0.000200192
44487,5.632e-06
44490,1.3824e-05
44517,8.6016e-05
44538,0.000357376
44611,4.8384e-05
44634,0.000609536
44728,1.5872e-05
44732,7.936e-06
44761,0.000176896
44764,5.2224e-05
44772,6.8352e-05
44827,2.176e-05
44840,0.000201216
44889,0.000313088
44943,0.00053888
44979,1.3056e-05
45017,1.4848e-05
45036,0.000286976
45078,6.4e-06
45128,8.704e-06
45159,0.0001344
45223,8.9344e-05
45254,2.3296e-05
45293,1.792e-06
45301,0.001299712
45358,1.7152e-05
45395,4.4288e-05
45413,2.2016e-05
45422,1.7408e-05
45438,5.248e-05
45501,2.7904e-05
45530,2.4832e-05
45533,3.456e-05
45536,0.000869632
45586,0.000553984
45650,1.536e-05
45728,2.4832e-05
45784,1.024e-05
45828,5.376e-06
45889,0.000217856
45907,0.00017792
45927,0.000391168
45954,0.000730624
45962,0.001174272
45971,0.00265856
45987,0.0004224
46049,6.6304e-05
46089,1.152e-05
46102,0.000174336
46105,0.000584192
46138,6.0672e-05
46157,0.000155136
46199,0.000452608
46207,0.000190976
46224,8.1152e-05
46288,3.1744e-05
46299,5.6832e-05
46311,5.12e-06
46321,7.68e-06
46367,0.000156928
46427,2.0992e-05
46436,0.003410688
46530,0.000112896
46557,0.000150784
46567,0.001719552
46639,4.608e-05
46667,4.096e-06
46669,4.5312e-05
46685,2.2528e-05
46698,9.472e-06
46710,8.0384e-05
46720,5.5808e-05
46793,3.7376e-05
46861,0.000379136
46883,9.8304e-05
46892,0.000161024
46903,0.000159232
46927,0.000128256
46961,2.2784e-05
46981,0.001437696
46994,0.000151296
47042,4.608e-06
47070,0.000190208
47131,0.000324608
47159,1.7152e-05
47167,0.000261888
47194,0.00022912
47284,3.6352e-05
47298,0.000428288
47309,0.000103168
47338,0.000229376
47342,0.000127744
47343,0.003682304
47345,0.007425536
47346,0.017572608
47478,0.000145408
47490,6.2208e-05
47492,4.3264e-05
47594,0.000881408
47626,0.000106496
47640,3.584e-06
47647,0.0002176
47673,0.000137216
47682,0.000593152
47704,0.000405248
47745,0.000456448
47772,5.2224e-05
47773,0.00092928
47864,9.984e-06
47876,1.5104e-05
47894,7.68e-07
47916,6.016e-05
47949,3.1488e-05
47960,2.3808e-05
47970,8.2688e-05
47980,6.912e-06
47982,0.000833024
48050,0.000199936
48060,1.5616e-05
48100,0.00030208
48130,0.000186624
48140,7.68e-06
48160,0.000336128
48180,0.000353536
48207,2.6112e-05
48210,0.000163584
48220,0.000123904
48230,0.00648576
48270,0.000391424
48309,0.00090624
48340,0.000181248
48368,0.000188928
48375,7.936e-06
48388,0.002774528
48430,0.000315392
48450,0.000368128
48460,0.000359936
48470,0.000127744
48510,0.000269056
48520,2.4832e-05
48530,0.000447232
48540,0.000138752
48550,0.000123392
48560,0.000302592
48570,0.000514304
48590,0.000503296
48600,0.000571136
48610,0.000348672
48630,8.576e-05
48640,5.5296e-05
48660,0.000116224
48670,0.000248064
48680,0.00017536
48700,0.000492544
48710,0.001009664
48730,0.00025472
48740,0.00033408
48760,0.000367616
48770,8.2432e-05
48790,0.00036736
48800,0.000482304
48850,3.072e-05
48860,9.3696e-05
48880,2.2016e-05
48910,0.00025728
48930,0.000215552
48950,3.6608e-05
48978,5.4528e-05
49042,1.4848e-05
49096,7.552e-05
49118,7.68e-07
49144,6.4e-06
49216,7.936e-06
49229,1.7408e-05
49272,1.9968e-05
49276,7.4496e-05
49314,1.9712e-05
49341,0.000267008
49373,0.000466432
49448,6.9888e-05
49476,0.000250624
49529,1.0752e-05
49565,2.5856e-05
49607,2.176e-05
49632,1.3568e-05
49643,0.000683264
49658,4.352e-06
49719,3.1488e-05
49739,1.7664e-05
49770,5.5552e-05
49787,0.001049344
49811,1.4592e-05
49840,0.000516096
49863,6.6304e-05
49913,2.56e-06
49917,0.000603392
49947,0.000127744
49995,7.168e-06
50004,6.4e-06
50012,0.000263168
50013,0.000813568
50015,0.019480064
50084,0.000181504
50094,4.3264e-05
50108,0.00065152
50155,4.096e-05
50156,0.001968128
50176,0.00020736
50233,0.000219648
50284,2.2528e-05
50298,5.12e-07
50301,0.000250624
50334,4.992e-05
50338,9.4464e-05
50368,6.8352e-05
50449,0.001363456
50480,0.000905216
50546,4.5312e-05
50601,3.8912e-05
50626,0.000711168
50631,0.000470016
50682,3.0208e-05
50684,0.0
50717,1.8688e-05
50723,0.000535808
50739,0.000526848
50755,5.248e-05
50766,0.000905472
50831,0.001201408
50877,0.000163584
50878,0.001571328
50949,0.000144896
50969,6.0672e-05
51011,2.9952e-05
51014,0.001846784
51065,5.248e-05
51112,0.000168448
51121,0.000245248
51131,0.000306432
51163,5.9136e-05
51208,4.5568e-05
51219,0.000169728
51272,4.7104e-05
51325,7.1424e-05
51342,0.000114432
51360,2.688e-05
51371,0.000266496
51409,0.000146176
51428,1.1008e-05
51438,0.000294144
51506,0.000279552
51566,3.4048e-05
51594,2.56e-07
51608,9.6768e-05
51656,1.2544e-05
51682,0.000199936
51706,3.328e-06
51726,0.00011008
51746,0.001726976
51776,3.5584e-05
51796,0.000141056
51816,7.9616e-05
51846,1.0496e-05
51866,0.000128512
51876,0.000169728
51896,0.000215808
51906,9.7792e-05
51916,0.000365824
51922,6.3488e-05
51936,0.000145408
51969,0.00046208
52006,0.000519936
52016,0.00014848
52036,0.00022528
52046,0.000346112
52056,0.000574976
52066,0.000206336
52076,0.000273152
52086,0.000502784
52116,0.000553472
52136,0.000892416
52146,0.000284672
52177,0.000243968
52274,0.000296448
52331,2.5088e-05
52429,9.1904e-05
52481,0.000494592
52519,9.1648e-05
52554,2.176e-05
52559,0.00031616
52568,0.00084736
52576,0.00066176
52645,1.152e-05
52647,1.6384e-05
52687,3.072e-05
52709,4.3264e-05
52719,1.536e-05
52749,9.1648e-05
52769,0.000346368
52856,3.072e-05
52873,0.000223232
52879,2.3808e-05
52938,3.9936e-05
53003,1.0496e-05
53022,1.8432e-05
53024,0.00018176
53093,0.000434176
53108,0.000494848
53115,0.001631744
53170,0.000176128
53228,1.28e-05
53242,8.064e-05
53275,7.3472e-05
53298,0.00043904
53313,0.000530688
53364,9.4976e-05
53384,0.000102144
53417,0.001823232
53480,2.2528e-05
53516,1.6896e-05
53544,6.1696e-05
53593,0.000202752
53660,5.4016e-05
53677,3.072e-06
53689,0.000377088
53734,0.000577792
53766,0.000717824
53810,1.408e-05
53814,0.000510464
53910,1.8432e-05
53944,5.12e-07
53978,1.536e-06
53998,0.00036736
54020,0.000132352
54129,4.096e-06
54168,0.000176896
54173,0.000190976
54178,0.000445952
54229,0.00047744
54231,0.00039936
54311,5.12e-06
54367,0.001055488
54388,7.0656e-05
54425,8.96e-06
54466,3.3536e-05
54496,5.632e-06
54501,7.936e-06
54508,0.000443904
54569,0.000512512
54597,0.000274176
54642,0.000268288
54660,0.000101632
54764,2.8928e-05
54826,2.8928e-05
54852,4.9664e-05
54859,3.0464e-05
54875,0.001302016
54956,2.5856e-05
54970,3.1744e-05
54981,0.000411904
55055,2.688e-05
55083,0.000278528
55108,5.8368e-05
55175,0.000110336
55190,5.1712e-05
55233,0.000144896
55253,0.000643584
55279,0.000156416
55303,0.000457216
55324,0.001246464
55376,0.002232576
55432,3.072e-06
55465,1.024e-06
55571,1.2288e-05
55576,0.000281856
55578,0.00046592
55640,0.000170752
55673,1.664e-05
55703,0.000251648
55739,0.00083584
55756,0.000114688
55803,7.2704e-05
55815,2.304e-05
55832,3.6352e-05
55847,4.48e-05
55870,1.0752e-05
55997,0.0001088
56005,0.000236544
56006,0.000346368
56079,6.4e-06
56085,0.000634368
56120,0.000112128
56157,0.000149248
56214,1.5104e-05
56251,1.2544e-05
56279,0.000277504
56308,0.00067968
56380,3.3792e-05
56410,0.000644096
56487,7.5008e-05
56551,1.9456e-05
56590,0.0001088
56671,0.00038144
56698,7.68e-07
56725,0.000594432
56752,0.000259072
56769,3.4816e-05
56774,0.000659712
56815,7.68e-06
56875,5.12e-06
56906,1.3824e-05
56960,0.000184064
57002,4.0704e-05
57021,0.00011648
57058,0.000767232
57151,0.000379904
57187,0.000120064
57194,2.7904e-05
57206,5.12e-05
57241,9.9328e-05
57250,5.2992e-05
57253,0.001931776
57355,0.000249344
57367,8.0128e-05
57372,0.000987648
57428,3.84e-06
57454,0.00110848
57485,3.3536e-05
57506,1.4848e-05
57548,2.4832e-05
57595,2.6112e-05
57644,1.024e-06
57648,0.000415232
57682,8.4992e-05
57719,0.000492288
57776,3.5584e-05
57797,0.000724736
57901,1.2032e-05
57911,6.912e-06
57928,0.000242176
57949,0.00013312
57967,0.00142336
58025,3.328e-06
58039,4.6848e-05
58070,8.576e-05
58100,0.00082048
58138,2.0224e-05
58159,2.816e-06
58259,3.0208e-05
58275,4.3264e-05
58291,0.000363264
58294,0.000267008
58335,0.002439424
58365,0.000391936
58371,0.00065024
58426,1.9712e-05
58442,0.0004288
58444,0.000207104
58484,1.2288e-05
58494,1.9968e-05
58520,0.00032512
58564,1.6128e-05
58566,0.00157184
58659,0.000564224
58687,4.4032e-05
58701,0.000551936
58737,4.3264e-05
58766,1.9712e-05
58778,0.000423424
58804,0.000101888
58890,0.000813312
58894,0.00017152
58918,6.912e-06
58979,2.0224e-05
59006,0.00099328
59027,0.000172288
59062,1.28e-05
59114,0.000574976
59160,0.000274432
59171,3.6864e-05
59209,2.432e-05
59215,8.192e-06
59242,0.000102144
59279,3.968e-05
59290,0.000289792
59311,0.000254464
59347,0.000580864
59374,0.000312576
59410,0.000155904
59422,1.5104e-05
59463,0.000218368
59506,0.000283136
59553,0.000125952
59573,0.000126976
59576,9.088e-05
59609,3.84e-05
59619,0.00125824
59656,0.000661248
59747,0.000804608
59768,5.5552e-05
59771,0.000505088
59811,5.5552e-05
59832,3.3536e-05
59870,8.6528e-05
59893,0.000369664
59904,3.0208e-05
59939,0.00013696
59968,0.000102144
60003,1.536e-06
60019,0.000416512
60054,3.1744e-05
60091,5.76e-05
60107,7.168e-06
60222,3.5072e-05
60335,3.3792e-05
60373,5.248e-05
60390,8.2944e-05
60441,0.00020864
60460,0.000123648
60483,0.000191488
60529,5.5552e-05
60540,0.000746752
60617,1.3056e-05
60624,7.68e-06
60631,0.000178432
60673,0.000126976
60682,0.000186112
60703,0.00029824
60737,2.5344e-05
60760,5.2736e-05
60771,3.0208e-05
60807,0.00031232
60810,3.7888e-05
60867,8.704e-06
60902,1.1008e-05
60911,0.000106752
60922,0.000266752
60962,0.000466176
60970,0.000568576
61003,0.000150784
61038,0.000266752
61074,0.000538624
61090,0.000315648
61133,3.1232e-05
61156,6.912e-06
61160,0.000129024
61167,8.4736e-05
61168,6.9888e-05
61191,9.3952e-05
61207,0.001117184
61245,0.000123392
61286,7.552e-05
61310,2.816e-05
61338,0.000754944
61430,8.832e-05
61446,0.000466176
61461,0.000857344
61517,5.7088e-05
61545,5.632e-06
61580,0.000191488
61592,0.000206848
61630,0.000347392
61688,0.000300544
61729,0.000306944
61759,0.000384256
61811,6.9376e-05
61819,4.6848e-05
61821,0.000331776
61878,0.00011136
61928,0.002331648
61948,0.001833472
62020,3.8144e-05
62038,0.000143872
62076,7.3984e-05
62086,0.000711168
62089,4.1216e-05
62114,8.4224e-05
62123,7.936e-05
62169,0.001750784
62202,0.00065536
62248,0.000537088
62261,0.000161536
62278,0.000112896
62321,0.000295168
62347,9.1904e-05
62373,5.9136e-05
62406,0.000291584
62417,9.8048e-05
62452,6.912e-06
62463,0.000489216
62558,0.000249088
62625,1.6896e-05
62688,0.000264704
62714,0.000176384
62724,0.000359424
62741,0.000858368
62768,4.6592e-05
62803,0.0002432
62820,0.000145408
62846,0.00086528
62859,6.5792e-05
62900,3.2e-05
62940,0.000358656
62987,1.3056e-05
62989,3.9424e-05
63037,5.5296e-05
63072,9.2416e-05
63082,0.001538816
63140,0.00018048
63153,0.000649472
63177,0.0001024
63200,3.1232e-05
63210,0.000196608
63216,0.000491008
63278,0.000765184
63287,1.1776e-05
63340,9.216e-06
63346,0.000163584
63369,0.000238336
63372,5.5296e-05
63374,0.006770176
63411,0.000711424
63461,0.000147712
63463,3.328e-05
63505,4.1472e-05
63515,3.6096e-05
63521,0.00038784
63543,0.000248576
63553,6.9376e-05
63565,3.8656e-05
63613,0.00062208
63658,0.000102656
63670,0.00017024
63684,0.000143872
63693,0.00051584
63737,0.000371968
63741,0.001459712
63789,0.000131072
63837,3.9168e-05
63857,2.176e-05
63874,4.096e-05
63904,3.072e-06
63934,0.000285952
63968,0.000135424
64028,1.8944e-05
64069,0.000125696
64138,1.024e-05
64156,0.000114432
64192,4.352e-06
64193,7.3728e-05
64226,2.7648e-05
64251,8.704e-06
64265,2.688e-05
64281,7.68e-07
64310,2.7136e-05
64329,2.56e-06
64339,0.00090496
64367,0.00117376
64438,4.7104e-05
64442,0.00010368
64443,0.00036608
64529,0.000102656
64539,1.536e-06
64540,0.0004544
64541,0.001809152
64542,0.002198272
64546,0.003651072
64547,0.000925696
64620,0.0051904
64669,0.000567296
64690,5.4272e-05
64731,1.3824e-05
64734,0.000167424
64763,0.000322816
64787,6.528e-05
64794,0.000277504
64808,0.001044224
64826,0.00030464
64854,0.00068864
64861,4.608e-05
64902,0.000459008
64927,4.6592e-05
64976,2.048e-06
65027,5.1456e-05
65033,0.000841728
65041,0.000786944
65052,0.000222976
65109,0.000425984
65121,0.002447872
65171,0.000308992
65199,4.224e-05
65249,7.68e-07
65270,0.000190464
65311,2.56e-05
65357,7.68e-06
65389,7.2192e-05
65433,0.000159488
65477,4.1984e-05
65527,6.0672e-05
65552,0.0002624
65569,0.000143616
65589,1.536e-05
65591,0.000169216
65622,8.3456e-05
65650,0.000419584
65678,0.000486912
65716,0.000109824
65722,0.000307456
65737,0.00035968
65749,0.000157952
65774,0.00107264
65797,0.00054528
65837,0.000531968
65876,2.304e-06
65877,0.000525568
65879,0.000489728
65926,8.96e-06
65938,0.000243712
65956,0.000291328
65971,0.000103424
65986,3.4048e-05
66017,2.1248e-05
66046,0.00033792
66061,3.584e-05
66099,0.000199168
66149,7.68e-05
66154,7.168e-06
66170,0.000416
66204,6.9632e-05
66221,6.5536e-05
66239,3.5328e-05
66263,0.000192512
66284,0.00021632
66365,0.00113408
66416,0.00029568
66456,0.0011264
66477,0.0003008
66495,0.000432896
66534,7.296e-05
66561,3.7632e-05
66584,4.352e-05
66593,0.000369152
66633,2.4576e-05
66634,0.000747008
66676,0.000312576
66698,0.000161536
66736,9.984e-06
66748,1.92e-05
66757,0.000366848
66790,4.6848e-05
66803,0.00021248
66865,3.6864e-05
66886,2.9184e-05
66903,9.3952e-05
66940,5.0944e-05
66955,2.7904e-05
66995,1.7408e-05
67029,0.000255744
67043,0.000278784
67081,2.7392e-05
67094,5.12e-06
67112,0.000229632
67167,6.656e-06
67171,0.001153536
67203,0.000201216
67261,4.3776e-05
67277,0.000323072
67280,0.000175872
67328,6.4256e-05
67336,0.000417792
67343,0.000289792
67406,4.096e-06
67408,6.8352e-05
67464,1.28e-05
67467,3.6864e-05
67509,0.000260608
67540,1.2544e-05
67545,0.000222208
67575,3.072e-06
67616,0.000269056
67679,8.704e-06
67683,3.84e-06
67710,0.000974592
67736,0.001129984
67765,0.000686336
67850,0.000115968
67870,0.000161536
67895,2.8672e-05
67908,0.000502272
67955,0.000923136
68008,0.000128512
68028,0.000103168
68065,1.536e-05
68096,9.5488e-05
68156,0.0001856
68171,0.000276224
68226,3.2e-05
68325,0.000239104
68357,0.00065664
68391,0.000411904
68434,6.912e-06
68458,4.4032e-05
68467,5.3248e-05
68512,1.0752e-05
68515,0.000100352
68545,0.000389888
68637,0.000513024
68700,0.000114944
68727,0.000285952
68771,4.9664e-05
68778,6.1952e-05
68795,0.000190464
68863,0.000253696
68893,1.6384e-05
68918,0.00049152
68938,0.000220416
68965,3.9936e-05
68972,0.000114176
69019,0.000203264
69067,0.000261376
69097,4.352e-06
69101,3.2512e-05
69123,2.9952e-05
69138,2.0224e-05
69187,2.56e-07
69232,5.632e-06
69233,6.1184e-05
69248,0.00175232
69292,0.000884224
69334,0.000384768
69356,0.000100864
69371,0.00043008
69446,0.000907776
69491,0.000348416
69539,3.456e-05
69547,4.9408e-05
69609,1.1008e-05
69634,2.048e-05
69652,0.000614912
69690,0.000122624
69721,0.000523264
69738,0.000144896
69799,1.5616e-05
69818,0.000531968
69834,0.000205824
69889,0.001185024
69923,0.00113024
69966,3.7888e-05
69972,0.00016256
70008,5.8368e-05
70040,7.168e-06
70049,6.144e-06
70064,1.4592e-05
70072,3.5584e-05
70078,4.7616e-05
70098,0.000103936
70120,5.2736e-05
70168,4.3776e-05
70170,9.5744e-05
70214,0.000259584
70238,0.00025856
70242,0.001443328
70301,3.2256e-05
70317,0.000212992
70331,0.000736
70386,0.000155648
70403,0.000100096
70487,4.3008e-05
70499,2.4576e-05
70512,6.7328e-05
70524,0.00019584
70568,0.000176384
70579,7.1168e-05
70605,1.6384e-05
70608,2.7904e-05
70637,0.000162304
70667,8.96e-06
70673,0.00080512
70701,0.000442112
70739,0.000312064
70800,4.9152e-05
70813,5.888e-06
70818,1.024e-05
70839,0.000150528
70848,1.2032e-05
70887,4.3008e-05
70908,0.000354048
70932,0.000233728
70957,9.472e-06
71001,8.6784e-05
71007,0.000228096
71041,2.2272e-05
71042,0.000169216
71083,1.792e-05
71090,0.000759552
71124,0.00010368
71125,0.000233472
71289,0.000122112
71296,4.7616e-05
71324,2.816e-06
71384,0.000201216
71424,6.6304e-05
71445,0.000805376
71465,0.00011776
71482,0.001468416
71547,6.528e-05
71550,0.000157696
71555,0.001823744
71629,1.4848e-05
71732,1.0496e-05
71747,0.000190976
71767,0.006055424
71847,3.584e-06
71851,0.00010496
71858,0.000477952
71930,1.536e-06
71938,2.048e-05
71966,0.00014336
71968,0.000114176
71979,5.248e-05
72062,7.296e-05
72072,2.7136e-05
72076,0.000180736
72147,3.712e-05
72217,6.8864e-05
72229,0.000225536
72242,3.6864e-05
72287,1.8432e-05
72306,8.96e-06
72316,8.0896e-05
72326,0.000375552
72355,9.9072e-05
72371,0.000143104
72400,0.000578304
72477,2.9696e-05
72601,7.04e-05
72654,2.5088e-05
72677,0.000327424
72717,1.4848e-05
72735,2.5344e-05
72742,1.0752e-05
72778,4.7104e-05
72804,0.000342272
72864,2.7136e-05
72870,0.000104448
72912,7.8336e-05
72929,0.000288768
72958,0.000830208
73005,0.001742592
73033,0.001202176
73068,0.000246784
73098,6.7328e-05
73110,0.00016512
73123,0.001563904
73239,5.0688e-05
73256,0.000291328
73330,1.4592e-05
73453,4.864e-06
73463,0.00045056
73519,0.000100608
73543,5.7088e-05
73587,0.0007168
73637,0.000419584
73719,1.5872e-05
73777,3.968e-05
73780,0.000162816
73781,0.000148736
73835,6.6304e-05
73837,0.00055296
73900,5.632e-05
73925,7.3216e-05
73938,8.3712e-05
74008,2.2528e-05
74019,7.5008e-05
74028,0.000275968
74131,1.8688e-05
74152,4.0448e-05
74232,0.000206336
74275,0.000136448
74354,3.8656e-05
74458,5.12e-06
74469,7.1168e-05
74482,0.00012288
74656,5.376e-06
74721,5.504e-05
74744,2.9696e-05
74769,0.000683776
74869,0.000573952
74910,8.96e-06
74951,0.000367616
74954,0.00046976
74987,0.00013696
74995,0.0001664
75071,4.8896e-05
75112,0.000114688
75117,0.000170496
75180,9.472e-06
75241,1.152e-05
75254,0.0001408
75271,0.000652032
75355,2.56e-05
75365,3.6864e-05
75369,0.000434432
75435,0.000270592
75495,0.000638208
75560,5.12e-05
75564,1.3312e-05
75593,0.000258048
75636,0.000858624
75727,1.28e-06
75739,7.2448e-05
75764,1.5616e-05
75786,4.352e-06
75796,6.1696e-05
75965,0.000655872
75996,1.28e-05
76019,5.632e-06
76060,1.92e-05
76128,0.000110336
76193,0.000107776
76210,1.7664e-05
76312,0.001771008
76416,0.002012672
76554,3.7632e-05
76556,5.9136e-05
76569,0.000704
76628,0.000117248
76655,6.4e-05
76669,5.8112e-05
76715,1.8944e-05
76732,0.000148992
76789,3.9168e-05
76885,0.000161792
77038,2.304e-06
77044,0.00059264
77134,2.9184e-05
77169,1.6128e-05
77172,0.00067968
77244,0.001348352
77325,4.4032e-05
77328,3.5072e-05
77386,0.00012032
77433,7.424e-06
77491,0.000218368
77550,0.000253184
77575,0.000147968
77603,6.3744e-05
77633,0.000642816
77742,0.000207616
77771,5.1712e-05
77900,0.000925952
77938,0.000178688
77961,3.1232e-05
77973,0.000343552
78018,7.2192e-05
78068,1.3056e-05
78111,3.584e-05
78119,0.000256768
78168,9.4976e-05
78228,2.7392e-05
78232,3.8144e-05
78248,3.0976e-05
78282,3.6864e-05
78321,3.8144e-05
78354,1.408e-05
78363,9.3696e-05
78386,0.0002752
78440,0.000454144
78496,4.2496e-05
78530,1.792e-06
78555,9.4976e-05
78561,0.00013056
78577,3.5584e-05
78638,2.8672e-05
78650,2.944e-05
78679,0.00012416
78732,5.0688e-05
78769,6.016e-05
78770,0.001414656
78819,0.000107264
78837,0.003397888
78902,2.304e-06
78935,1.2288e-05
78965,1.4848e-05
79004,0.000404224
79062,4.9664e-05
79097,1.4592e-05
79163,2.432e-05
79180,0.00015616
79207,2.8928e-05
79220,0.000256
79266,0.000866048
79329,3.6352e-05
79345,3.1488e-05
79385,3.2512e-05
79398,1.3568e-05
79431,3.5584e-05
79461,0.000315136
79505,5.4016e-05
79516,3.328e-05
79535,3.6096e-05
79555,3.3536e-05
79567,0.000685312
79569,0.001755136
79687,4.7616e-05
79691,2.048e-06
79703,1.0496e-05
79811,5.888e-06
79847,9.0368e-05
79854,0.001166848
79912,0.002023936
79957,8.7552e-05
79970,0.00170368
80018,0.001212928
80112,1.1264e-05
80118,3.1232e-05
80132,0.000879872
80162,0.000574208
80225,0.000159232
80232,7.1168e-05
80280,2.048e-06
80310,0.00012032
80336,3.0464e-05
80352,0.000116992
80418,5.3248e-05
80464,5.7088e-05
80502,5.7344e-05
80551,0.001028608
80650,5.632e-06
80653,6.144e-05
80697,8.8576e-05
80720,4.864e-05
80758,7.7312e-05
80768,3.1488e-05
80834,7.936e-06
80842,0.000128768
80846,7.8336e-05
80938,0.00021248
80941,0.000338944
80991,0.000552192
81034,0.000154368
81041,0.000596736
81066,0.000386304
81070,0.002992128
81072,0.003387904
81075,0.008273408
81191,0.000148224
81235,2.0736e-05
81258,0.000116224
81285,2.7648e-05
81300,0.0002112
81308,7.4496e-05
81343,0.000798208
81375,0.00012416
81425,5.632e-06
81503,0.000361216
81510,0.000215552
81559,4.864e-05
81571,0.00011776
81587,6.5792e-05
81636,4.352e-05
81766,9.5232e-05
81796,4.352e-05
81819,0.000662528
81927,2.304e-06
81936,4.096e-05
81968,1.28e-05
82045,1.024e-06
82054,0.000105984
82082,1.152e-05
82086,4.7616e-05
82119,0.000249088
82153,5.8368e-05
82173,0.0002432
82222,6.912e-05
82244,9.0368e-05
82274,3.3536e-05
82305,2.2272e-05
82329,2.3296e-05
82373,9.216e-06
82448,1.5872e-05
82454,2.0224e-05
82472,1.9968e-05
82494,0.000225024
82503,0.000241408
82530,2.4064e-05
82551,1.8944e-05
82567,8.1152e-05
82569,0.000385024
82573,0.001881344
82625,0.000269056
82677,0.000189184
82680,9.984e-06
82736,8.4224e-05
82747,1.28e-05
82749,0.000619776
82793,4.6592e-05
82815,9.8304e-05
82983,6.2976e-05
82987,0.001151232
83061,6.4e-05
83106,6.272e-05
83165,7.424e-05
83173,6.2976e-05
83185,5.6832e-05
83241,8.3456e-05
83278,8.96e-06
83286,0.00014208
83308,6.2464e-05
83383,0.000105472
83407,7.0912e-05
83408,5.12e-07
83410,0.000659968
83411,0.006697472
83412,0.00020096
83418,0.012257792
83535,0.001295616
83580,0.000113408
83633,4.48e-05
83674,0.000279808
83704,1.8432e-05
83710,0.00142592
83759,1.3568e-05
83765,4.7872e-05
83801,0.000113408
83823,0.0
83851,1.024e-05
83921,0.000154624
84062,3.0464e-05
84096,5.632e-06
84115,1.3056e-05
84196,1.7152e-05
84218,1.8944e-05
84255,9.7792e-05
84316,4.1728e-05
84327,1.536e-05
84331,0.00011008
84408,2.5344e-05
84489,1.8944e-05
84491,0.000833792
84508,0.000109568
84552,9.8304e-05
84592,1.3568e-05
84626,8.704e-06
84635,1.5872e-05
84655,0.000292096
84733,5.8112e-05
84753,8.1152e-05
84782,7.7568e-05
84796,4.992e-05
84829,4.224e-05
84835,0.000511744
84869,0.000680192
84894,0.000770048
84916,5.76e-05
84971,0.000274944
85036,3.4048e-05
85040,0.000603648
85062,1.2288e-05
85169,0.00012672
85213,0.000134912
85230,9.728e-06
85288,6.2208e-05
85317,0.000143872
85341,6.016e-05
85363,7.68e-06
85364,0.002180096
85389,0.000298752
85444,6.912e-06
85448,8.192e-05
85507,2.56e-06
85528,0.000297216
85567,7.3472e-05
85625,1.152e-05
85647,4.4544e-05
85653,0.000856576
85820,1.5872e-05
85848,1.3056e-05
85897,0.000101632
85969,2.5088e-05
85995,7.8848e-05
86023,2.7136e-05
86034,9.216e-06
86040,0.001958912
86106,0.000161024
86131,0.000210688
86149,4.5824e-05
86165,0.003332096
86259,0.000264192
86290,0.000376832
86336,6.4256e-05
86344,9.1136e-05
86403,6.656e-06
86452,4.8128e-05
86496,0.002087936
86570,3.84e-06
86736,0.00013696
86764,1.664e-05
86766,0.000113152
86799,0.001010688
86831,0.000593408
86904,0.00032
86934,2.816e-05
87007,6.1696e-05
87012,1.024e-06
87054,2.56e-05
87082,3.328e-06
87095,1.8176e-05
87130,1.3824e-05
87149,2.56e-06
87180,2.6624e-05
87208,7.9104e-05
87212,1.152e-05
87252,1.7664e-05
87255,7.0912e-05
87287,0.000289792
87317,2.7392e-05
87334,0.000748544
87365,8.832e-05
87457,7.936e-06
87459,2.9696e-05
87534,4.5056e-05
87552,0.000541696
87575,5.7856e-05
87605,6.9376e-05
87633,5.376e-06
87641,4.2496e-05
87662,3.9936e-05
87674,0.000254464
87715,6.8352e-05
87728,6.4e-06
87741,2.688e-05
87807,3.072e-06
87896,0.000227328
87916,2.6368e-05
87932,0.000259328
87955,9.3184e-05
87966,5.888e-06
87972,1.024e-05
87989,0.000221952
88030,5.9904e-05
88036,3.3792e-05
88086,8.9344e-05
88097,0.000168448
88130,5.7344e-05
88162,1.7152e-05
88165,3.9168e-05
88194,9.0624e-05
88220,0.000168448
88231,0.000214784
88266,4.352e-06
88269,0.000329472
88309,0.000329472
88358,1.2544e-05
88410,2.56e-05
88417,0.000142592
88502,3.2256e-05
88516,0.001178624
88540,0.000274176
88556,4.6592e-05
88575,0.001209344
88625,3.3024e-05
88658,4.352e-06
88700,2.2016e-05
88728,0.000532224
88751,1.5872e-05
88770,9.1392e-05
88815,9.216e-05
88828,9.5488e-05
88860,0.0003392
88895,2.56e-05
88920,5.2992e-05
88933,0.001344512
89022,1.28e-06
89034,5.12e-06
89039,1.28e-05
89070,0.000176896
89094,2.56e-05
89157,1.024e-05
89165,9.7792e-05
89171,0.00014976
89209,0.000112384
89268,7.6032e-05
89299,2.9952e-05
89328,8.0896e-05
89343,1.1264e-05
89387,2.2528e-05
89398,2.1248e-05
89427,0.000562688
89507,1.024e-05
89534,6.272e-05
89569,0.000325632
89573,0.000130048
89608,0.000592128
89680,2.2528e-05
89696,2.2016e-05
89697,0.001410304
89711,0.000377344
89743,5.9392e-05
89768,6.4512e-05
89770,0.000244736
89778,0.000223744
89857,3.584e-06
89948,0.000630784
89977,6.5792e-05
89989,1.3312e-05
90039,5.504e-05
90127,1.664e-05
90137,2.4576e-05
90206,0.00010752
90268,1.2288e-05
90294,1.6128e-05
90314,4.352e-06
90331,1.3056e-05
90365,6.1184e-05
90371,3.5328e-05
90374,4.1728e-05
90383,3.4816e-05
90411,0.00011648
90459,0.000112128
90504,2.7904e-05
90525,0.00018816
90558,0.000139264
90592,0.000503296
90619,9.6512e-05
90656,4.6848e-05
90717,2.1248e-05
90739,0.000207104
90823,0.000105728
90855,1.024e-06
90917,3.072e-06
90919,1.9968e-05
90935,8.704e-05
90966,0.000112128
90975,0.000179456
91026,4.2496e-05
91051,0.000178176
91061,0.000139776
91087,2.304e-06
91120,0.000420608
91148,0.001019904
91200,5.76e-05
91219,0.000128768
91268,0.000229888
91328,2.5856e-05
91409,6.912e-06
91475,7.3216e-05
91539,8.9344e-05
91570,0.000119552
91601,0.000193792
91612,0.000220416
91649,6.9888e-05
91699,0.00054784
91702,0.000210944
91775,0.00032
91812,0.000178944
91849,9.984e-06
91893,3.968e-05
91938,4.0704e-05
91944,0.000492032
91974,0.000804864
92008,5.376e-06
92029,0.00021376
92036,8.8576e-05
92081,0.000140288
92108,1.0752e-05
92114,9.5488e-05
92166,1.8176e-05
92195,3.584e-06
92200,8.1152e-05
92226,0.000247296
92235,0.000646656
92255,0.000133376
92263,0.002830592
92269,0.004475136
92414,0.000600832
92523,7.168e-06
92536,4.096e-06
92599,0.001733888
92673,0.000378368
92675,0.000158464
92728,1.5616e-05
92769,0.001879808
92817,6.1184e-05
92867,0.000513024
92882,0.000204288
92904,8.4992e-05
92975,0.000181504
93028,0.000173312
93035,0.000113664
93060,4.8128e-05
93085,3.2e-05
93118,9.344e-05
93155,8.3456e-05
93172,1.3568e-05
93179,0.000101632
93270,2.5856e-05
93282,5.4784e-05
93303,0.001393664
93332,0.000111872
93350,1.8432e-05
93359,0.00011648
93412,0.00031616
93449,0.000190976
93451,0.000197888
93452,0.002085632
93522,2.304e-06
93573,0.000368896
93622,4.8128e-05
93624,1.1008e-05
93631,0.000197632
93643,0.00032256
93668,5.6576e-05
93716,8.1408e-05
93769,4.096e-06
93803,3.7376e-05
93805,2.432e-05
93810,0.000290304
93814,0.000288
93863,6.7584e-05
93919,0.00037376
93965,5.4016e-05
93984,0.000236544
94038,0.000279808
94055,6.528e-05
94079,0.000104448
94117,2.2016e-05
94131,4.096e-06
94149,0.000327936
94209,3.2768e-05
94230,7.808e-05
94250,0.000173312
94309,2.304e-06
94332,3.7632e-05
94351,4.3008e-05
94407,4.1984e-05
94436,0.000101888
94464,5.2224e-05
94495,6.6816e-05
94561,2.944e-05
94568,4.1472e-05
94570,2.0992e-05
94606,2.4576e-05
94612,0.000176384
94674,0.000477696
94719,5.7088e-05
94739,3.072e-05
94788,4.864e-06
94803,2.6624e-05
94822,2.8416e-05
94856,2.048e-06
94865,1.9456e-05
94878,2.2528e-05
94940,9.216e-05
94986,2.4064e-05
94989,0.000335616
94998,0.000636928
95051,4.0192e-05
95098,3.4816e-05
95101,3.072e-05
95115,0.000711168
95131,0.000149504
95156,0.000986112
95327,0.00033536
95375,2.4576e-05
95449,0.000139776
95459,0.000193536
95540,0.000150784
95546,0.002399488
95586,7.0912e-05
95648,0.000232448
95692,3.456e-05
95707,5.9648e-05
95730,1.024e-06
95773,1.9712e-05
95777,0.000426496
95779,5.3248e-05
95780,0.000106752
95841,0.000136704
95884,3.5328e-05
95929,8.448e-06
95967,0.000328704
96032,3.6352e-05
96066,3.072e-05
96117,0.000114432
96149,1.1264e-05
96164,4.3008e-05
96206,6.5024e-05
96220,7.68e-05
96250,0.00024576
96254,0.000114432
96280,0.000564736
96330,1.7664e-05
96352,5.376e-06
96357,7.936e-06
96369,0.000248832
96416,4.3264e-05
96438,3.712e-05
96446,2.304e-06
96463,0.000479232
96477,0.000478208
96523,4.1472e-05
96531,0.0006976
96540,0.00035968
96589,3.5584e-05
96601,0.000380672
96639,1.1776e-05
96675,9.856e-05
96711,4.4544e-05
96732,0.000220672
96776,2.1248e-05
96833,0.000493056
96835,0.000201472
96862,0.000278528
96880,5.1968e-05
96950,1.6384e-05
96954,7.68e-06
96962,7.296e-05
96976,0.001713408
97014,8.96e-05
97079,1.28e-06
97095,0.000227328
97108,0.000134144
97140,0.000278528
97184,9.6256e-05
97208,0.00020224
97215,0.000827648
97219,0.005795584
97261,8.6272e-05
97284,0.000605696
97367,8.5504e-05
97398,0.000121344
97426,0.000338944
97438,0.000162816
97489,9.9072e-05
97523,1.4848e-05
97571,0.000674048
97627,3.8656e-05
97661,0.000448768
97684,0.000113408
97723,1.024e-06
97728,0.000151552
97886,0.00044288
97944,8.704e-05
97967,3.9936e-05
97969,0.00177408
98037,3.1232e-05
98082,9.856e-05
98088,0.000235776
98108,0.0005504
98156,1.9456e-05
98159,7.808e-05
98170,0.001342208
98218,4.8128e-05
98246,0.000153088
98264,0.000191744
98281,3.3536e-05
98319,0.000132352
98339,0.000882432
98351,0.000246016
98369,0.001821184
98422,0.000883712
98474,0.000114176
98498,1.4848e-05
98512,8.96e-06
98516,0.00030208
98546,8.2944e-05
98553,0.000205824
98556,0.001257728
98586,0.000409344
98618,1.1776e-05
98625,1.92e-05
98663,2.816e-06
98718,3.072e-05
98752,0.000180224
98759,0.000141056
98766,2.7904e-05
98845,6.9888e-05
98863,0.000123136
98911,5.9648e-05
98943,4.48e-05
98962,8.9856e-05
98984,8.9344e-05
99018,3.3024e-05
99045,2.7392e-05
99088,8.2944e-05
99090,0.0006912
99142,1.0752e-05
99199,0.000289024
99233,0.001701376
99299,0.0011648
99348,1.1776e-05
99352,0.000700928
99438,6.4e-06
99440,1.28e-06
99483,3.0208e-05
99514,0.000135168
99531,0.000169216
99568,0.0007232
99587,1.408e-05
99600,0.000163072
99628,0.000245504
99657,0.000308224
99708,0.000524288
99742,0.000507648
99781,9.728e-06
99828,1.3824e-05
99842,4.096e-05
99865,1.152e-05
99887,0.001193728
99943,8.448e-06
99947,4.5056e-05
99991,5.888e-06
100008,0.000424448
100094,1.2544e-05
100100,7.936e-06
100157,1.28e-06
100213,0.000386816
100224,0.000265984
100268,6.5536e-05
100289,3.2768e-05
100316,1.1008e-05
100412,0.000263424
100466,6.7584e-05
100484,0.000149248
100506,2.816e-05
100556,1.2544e-05
100578,0.001257216
100651,8.96e-05
100663,0.000740864
100770,0.000451328
100808,4.6848e-05
100822,8.192e-06
100857,1.1264e-05
100889,2.5088e-05
100918,4.2496e-05
100924,1.7664e-05
100956,0.00050048
100997,2.56e-07
101048,3.0208e-05
101165,5.0688e-05
101292,2.5344e-05
101307,8.1664e-05
101314,0.000116224
101360,0.001170432
101391,1.152e-05
101400,3.8656e-05
101577,6.272e-05
101636,0.000131584
101645,7.3728e-05
101676,0.000230912
101750,4.608e-06
101769,5.7344e-05
101770,7.168e-06
101798,4.8384e-05
101817,4.3008e-05
101870,3.6096e-05
101935,6.4e-06
101943,0.00156544
101976,0.000167936
102017,4.864e-06
102025,0.00015872
102061,4.096e-06
102066,0.000174336
102088,5.8624e-05
102144,1.792e-06
102165,6.6816e-05
102188,0.000105472
102195,6.8096e-05
102207,8.8576e-05
102231,0.001655552
102279,0.000433152
102282,0.00093696
102291,0.015161088
102369,0.001376512
102428,0.000348416
102482,0.000527872
102541,6.0416e-05
102565,0.000315904
102587,0.000116992
102621,0.000179968
102691,6.3744e-05
102760,0.000569856
102821,1.152e-05
102835,4.6848e-05
102837,1.2288e-05
102904,0.000169728
102955,0.000238592
103014,8.8576e-05
103015,0.000191488
103044,2.8416e-05
103062,1.9712e-05
103151,6.656e-06
103168,0.000602624
103219,0.000147968
103257,1.5872e-05
103317,0.000703488
103352,2.8928e-05
103395,1.2032e-05
103423,3.4816e-05
103441,0.000145664
103471,9.728e-06
103519,0.000555776
103536,0.000236288
103564,0.000390656
103580,0.000153088
103676,4.5568e-05
103701,1.2032e-05
103714,8.8064e-05
103718,0.000207616
103759,0.000534784
103866,0.000192
103905,2.176e-05
103913,2.0992e-05
103981,4.0704e-05
103990,0.000776704
104022,0.000180224
104096,1.3056e-05
104110,2.176e-05
104124,2.816e-05
104168,9.728e-06
104170,0.000264704
104183,0.000848384
104221,1.3824e-05
104230,1.6384e-05
104269,2.6368e-05
104296,0.000151296
104311,4.48e-05
104346,1.4848e-05
104369,2.9952e-05
104374,0.000267008
104425,4.48e-05
104483,9.9072e-05
104501,6.7072e-05
104576,0.000116224
104592,3.9424e-05
104606,0.000455936
104640,0.000641536
104674,2.6112e-05
104690,0.000110592
104713,1.1264e-05
104769,8.9088e-05
104771,0.001540352
104823,6.3744e-05
104845,5.632e-06
104875,0.0002048
104878,0.000668928
104881,0.000993024
104883,0.002280448
104944,4.48e-05
104956,0.000653312
105005,0.00029824
105060,1.28e-05
105068,0.00016
105090,3.84e-06
105093,0.000365312
105143,1.9968e-05
105170,0.0003328
105207,0.000127744
105240,7.68e-06
105261,4.0704e-05
105278,0.001007616
105328,0.000250112
105372,0.000177408
105409,4.096e-06
105414,3.7376e-05
105457,2.7904e-05
105556,0.00019072
105626,1.2544e-05
105654,6.1696e-05
105662,9.472e-06
105692,2.2272e-05
105722,7.68e-06
105768,6.528e-05
105775,5.9648e-05
105821,1.2544e-05
105834,0.000603136
105858,0.000304128
105895,3.7376e-05
105939,6.8864e-05
105957,1.536e-05
105998,0.000110848
106048,0.000448512
106078,6.3232e-05
106121,2.6368e-05
106158,4.864e-05
106164,0.000493824
106218,6.144e-05
106222,4.096e-06
106234,4.4544e-05
106258,3.8656e-05
106330,2.6112e-05
106336,6.144e-05
106413,7.0656e-05
106510,8.4224e-05
106523,6.528e-05
106570,0.007473152
106577,0.005673728
106661,5.4016e-05
106673,1.8432e-05
106710,0.000124672
106771,8.2432e-05
106814,3.0464e-05
106821,0.000700928
106941,0.000105216
106986,5.0688e-05
107005,6.2464e-05
107028,6.272e-05
107055,0.000661248
107081,0.000633344
107123,4.9152e-05
107160,2.944e-05
107169,0.000378112
107205,2.176e-05
107221,3.84e-05
107227,0.00011392
107269,0.000141824
107276,2.048e-06
107300,7.8336e-05
107315,7.424e-06
107325,1.024e-06
107339,2.7136e-05
107349,1.5872e-05
107351,0.000306944
107444,2.048e-05
107477,2.4576e-05
107488,2.56e-07
107514,0.000247296
107545,0.001057024
107574,0.000179712
107598,0.000377088
107655,5.888e-05
107710,1.2288e-05
107715,0.000484096
107753,2.8416e-05
107771,0.000127488
107791,0.000140288
107840,1.1008e-05
107851,0.000961792
107935,0.000237568
108000,5.9392e-05
108007,3.2e-05
108010,0.00025728
108049,0.000483328
108135,0.001035008
108181,4.5568e-05
108210,8.704e-05
108212,0.000183296
108303,6.144e-06
108321,5.376e-05
108341,4.5056e-05
108365,3.584e-06
108367,7.168e-06
108368,3.6864e-05
108370,0.000274432
108404,3.456e-05
108408,0.000909312
108519,7.68e-05
108577,1.5104e-05
108581,2.5856e-05
108600,9.472e-06
108630,8.4992e-05
108643,0.000357632
108649,0.000342528
108689,2.0736e-05
108704,0.00010752
108711,2.2784e-05
108756,0.000772864
108762,0.000784128
108782,5.4528e-05
108824,4.352e-06
108881,3.1488e-05
108944,1.5872e-05
108956,0.000352512
108974,0.000103424
109070,2.0992e-05
109085,0.000833024
109132,0.00134272
109144,0.000367104
109232,5.12e-07
109281,1.3312e-05
109327,7.168e-06
109330,2.9952e-05
109354,0.000186624
109381,0.000145664
109481,2.6112e-05
109523,7.1168e-05
109543,0.00025856
109568,5.2224e-05
109569,0.000478208
109615,0.000104448
109617,0.000204288
109636,0.000600832
109685,9.8816e-05
109695,0.000196864
109704,2.816e-06
109731,0.000132096
109736,0.000527616
109772,6.3488e-05
109795,0.000560896
109839,3.9936e-05
109857,6.3232e-05
109880,0.000183296
109906,9.1392e-05
109945,0.000232192
109956,0.000232192
110002,0.00034304
110046,2.56e-06
110056,9.8048e-05
110120,0.000427008
110149,3.6096e-05
110168,6.528e-05
110184,0.00011008
110212,4.7616e-05
110247,0.000664832
110287,0.000229376
110288,4.3008e-05
110305,0.000198912
110369,0.000697344
110378,1.7152e-05
110416,9.7536e-05
110440,0.000387584
110449,0.001107968
110501,7.1168e-05
110521,2.304e-05
110529,0.000424704
110567,1.3056e-05
110570,0.000144128
110597,8.704e-06
110681,0.000119552
110711,7.936e-06
110730,0.000312832
110745,0.000926464
110764,0.00084352
110770,0.00801024
110847,8.1408e-05
110851,9.7792e-05
110881,0.000805632
110894,0.000860416
110922,0.000130048
110984,1.8432e-05
111004,1.5872e-05
111014,0.001367296
111051,0.000107008
111118,0.000145408
111215,7.424e-06
111257,7.168e-06
111262,0.000140032
111341,1.4592e-05
111374,1.8432e-05
111375,2.6624e-05
111408,5.888e-06
111600,7.3984e-05
111642,0.000566528
111692,1.536e-06
111804,6.0416e-05
111822,5.2992e-05
111835,9.984e-06
111951,3.2e-05
111967,0.000534528
112019,2.2016e-05
112149,2.048e-06
112179,7.68e-07
112198,1.28e-05
112239,4.8128e-05
112261,4.2496e-05
112336,6.1696e-05
112341,0.000287232
112429,7.7056e-05
112453,8.704e-06
112466,2.2016e-05
112502,8.448e-06
112570,8.448e-05
112585,0.000140032
112670,1.8432e-05
112721,0.000113152
112798,5.248e-05
112887,1.9712e-05
112981,4.0192e-05
112990,0.00021632
113045,1.2032e-05
113131,2.176e-05
113147,2.432e-05
113176,5.5808e-05
113212,2.2016e-05
113217,2.7136e-05
113237,0.000165376
113307,0.000120576
113350,2.56e-07
113357,3.2768e-05
113367,0.000113408
113377,9.5744e-05
113387,0.00018176
113397,0.000195584
113407,0.000101376
113427,6.2976e-05
113447,6.0416e-05
113457,3.072e-05
113467,0.000352256
113497,0.0002432
113527,0.000408576
113547,4.6336e-05
113557,0.000275456
113567,0.000157184
113587,0.000501248
113597,0.000123136
113607,0.000169216
113617,0.000371456
113627,0.000150528
113647,0.000337664
113667,0.000105472
113677,0.00040576
113687,8.96e-06
113697,0.000494848
113717,0.000293376
113727,0.000176128
113737,0.00015616
113747,0.000368128
113757,0.000424448
113817,1.792e-06
113867,3.4304e-05
113897,3.968e-05
113919,0.00011392
113950,1.6896e-05
113972,5.9904e-05
114044,8.96e-06
114104,1.024e-06
114253,1.5616e-05
114271,0.000189184
114331,6.272e-05
114356,1.9712e-05
114367,8.8064e-05
114368,6.5024e-05
114413,2.7904e-05
114448,6.4768e-05
114488,2.7136e-05
114578,5.6064e-05
114966,0.000428032
115094,0.0
115179,2.9696e-05
115233,4.4544e-05
115333,6.144e-06
115352,2.0224e-05
115505,8.96e-06
115546,2.56e-06
115556,1.6128e-05
115561,0.000237568
115574,0.000228608
115686,6.912e-06
115732,2.944e-05
115780,1.3056e-05
115861,5.8624e-05
115892,3.6352e-05
115902,0.000126976
115932,1.5104e-05
115980,4.3008e-05
116066,4.1728e-05
116166,8.96e-06
116174,0.000421888
116486,5.632e-05
116551,3.5072e-05
116630,3.072e-05
116770,9.216e-05
116771,7.424e-06
116773,2.6112e-05
116818,0.000235008
116843,0.00015616
116865,5.1712e-05
116891,0.000477184
116896,0.00055808
116922,0.000272128
116964,0.000667648
116983,0.000787712
117008,5.1712e-05
117010,0.000603648
117028,0.000427264
117065,0.000165632
117066,4.6848e-05
117077,0.000197632
117151,0.000109568
117251,0.00045312
117276,4.1472e-05
117316,5.5296e-05
117370,4.8128e-05
117374,0.00018816
117484,0.0005312
117513,4.4288e-05
117572,5.9648e-05
117582,0.000259072
117610,4.3008e-05
117616,0.000200448
117628,0.000675072
117660,0.00018304
117679,0.000412416
117734,3.7632e-05
117783,6.528e-05
117796,8.2944e-05
117812,1.3056e-05
117835,0.001173248
117909,0.001248512
117948,0.000464128
117959,4.5568e-05
117999,0.001087232
118080,4.608e-05
118181,0.000164096
118184,0.000504064
118211,0.000402688
118264,0.000275712
118269,0.00038784
118336,2.56e-07
118354,0.000197376
118387,6.6816e-05
118418,3.5072e-05
118425,0.000394752
118516,0.000303872
118517,9.5232e-05
118537,7.552e-05
118567,4.992e-05
118634,9.4208e-05
118640,0.000187648
118643,7.68e-06
118667,2.4832e-05
118670,0.000113152
118688,5.8368e-05
118722,0.000118272
118729,0.00021248
118755,3.6608e-05
118778,0.000229632
118819,2.176e-05
118828,1.7664e-05
118867,0.00019584
118967,2.6624e-05
118975,2.56e-06
118983,4.2752e-05
118993,0.002075648
119051,3.6864e-05
119058,0.000113664
119060,0.000354048
119136,8.3968e-05
119138,0.00088192
119170,0.000160768
119276,1.28e-06
119280,0.000399872
119297,6.912e-05
119344,0.00099456
119387,5.5296e-05
119399,1.408e-05
119413,0.00041472
119462,0.001618944
119505,0.0001024
119534,3.1488e-05
119567,5.4016e-05
119600,2.048e-05
119608,0.000173056
119636,0.0002496
119675,6.2464e-05
119711,3.328e-05
119726,0.00011392
119741,0.000263936
119761,0.000129536
119769,0.000597248
119796,0.000206592
119879,2.8416e-05
119881,0.000786688
119919,5.4016e-05
119933,7.424e-06
119963,0.000123136
120002,0.000194304
120021,0.000141824
120043,1.024e-05
120049,9.8048e-05
120057,0.004834048
120131,4.3008e-05
120204,0.000165888
120271,7.68e-06
120328,1.0752e-05
120336,0.000544512
120359,4.7104e-05
120375,2.0992e-05
120431,0.000342272
120471,0.001090304
120525,0.000131328
120582,3.84e-06
120588,1.024e-06
120618,7.936e-06
120723,0.000384
120825,1.1776e-05
120843,0.000180736
120883,2.9184e-05
120906,7.5264e-05
120934,1.4592e-05
120955,5.376e-06
120958,0.000169728
120979,0.000265216
120993,6.6048e-05
120996,0.000103936
121012,8.3456e-05
121034,0.000153344
121058,0.001814016
121087,0.000710144
121114,0.000121344
121119,0.00022528
121138,1.8176e-05
121191,0.00012288
121246,0.000139776
121257,0.000843008
121309,0.001027072
121366,0.000178176
121368,0.000620288
121408,0.00022784
121453,0.000198144
121514,0.00017024
121565,0.000100352
121576,0.000297728
121590,0.000604928
121693,1.8944e-05
121710,7.424e-06
121749,0.000520448
121774,8.7296e-05
121808,4.608e-05
121862,0.000278784
121870,0.0003456
121899,0.000192512
121900,0.000402432
121937,2.5856e-05
121971,1.9456e-05
121982,5.2736e-05
121991,0.000477184
122016,0.000489472
122073,0.000120064
122092,0.000220672
122132,0.00013952
122156,8.3968e-05
122160,8.5248e-05
122176,0.0009088
122228,0.000278016
122252,0.00017664
122256,0.000130304
122261,0.004971008
122298,0.000614912
122387,9.6768e-05
122405,1.0752e-05
122409,0.001039616
122477,1.2288e-05
122525,0.00022912
122538,4.864e-05
122550,5.6832e-05
122567,0.00075904
122568,0.0001472
122608,0.000145664
122638,2.7904e-05
122653,0.00081408
122690,4.4032e-05
122717,6.144e-06
122743,0.000239616
122771,0.001671936
122818,0.000566784
122831,0.00015744
122835,0.000646656
122837,0.00016
122841,0.002030592
122948,0.000679424
122974,0.000105216
123036,2.048e-06
123043,2.432e-05
123081,2.2528e-05
123110,0.000859648
123175,3.456e-05
123184,0.000987392
123281,0.000208128
123285,0.000136192
123324,0.00115328
123364,0.000152832
123385,0.000137728
123398,9.984e-06
123420,1.3568e-05
123441,1.152e-05
123479,3.2512e-05
123483,1.792e-06
123488,5.9136e-05
123493,0.001953024
123534,2.0224e-05
123542,0.00011392
123580,4.7872e-05
123588,2.4064e-05
123602,3.0208e-05
123621,5.376e-06
123629,0.00077568
123689,5.0432e-05
123729,0.00099968
123786,4.7616e-05
123839,8.448e-06
123845,0.000625408
123873,0.000183808
123883,0.002018304
123914,4.0704e-05
123953,0.002434816
123956,0.001590528
124000,0.000569856
124030,0.0022016
124069,4.6848e-05
124089,1.9968e-05
124144,0.000551936
124177,8.192e-06
124204,2.944e-05
124208,2.9952e-05
124217,3.1744e-05
124235,0.000381696
124310,7.68e-06
124319,0.000316928
124329,0.000595712
124391,1.024e-05
124408,3.968e-05
124410,0.000274432
124446,2.6624e-05
124480,0.000455168
124502,2.4576e-05
124548,2.0224e-05
124574,0.000189696
124645,0.000817408
124705,7.552e-05
124740,2.5344e-05
124744,0.000412928
124767,9.0624e-05
124792,1.9712e-05
124812,3.0208e-05
124863,0.000505088
125023,0.000225536
125030,2.7392e-05
125064,3.7632e-05
125088,0.000534016
125103,0.000482816
125168,4.3008e-05
125172,6.1184e-05
125196,0.001699328
125234,8.96e-06
125276,0.000345856
125317,0.000138496
125352,3.4048e-05
125372,7.68e-06
125376,0.000352512
125391,1.1264e-05
125453,1.5872e-05
125478,8.704e-05
125487,9.856e-05
125551,7.0656e-05
125552,3.0976e-05
125562,7.04e-05
125648,0.00012544
125658,0.000113152
125686,2.2528e-05
125688,0.000105728
125718,5.12e-07
125757,2.816e-05
125762,1.0496e-05
125775,0.000101376
125785,0.008591616
125811,2.9184e-05
125865,0.000393216
125886,4.9408e-05
125922,1.28e-05
125934,6.912e-06
125955,4.8128e-05
125984,3.7376e-05
125989,0.000217088
126000,0.000461312
126032,6.7072e-05
126062,7.8336e-05
126105,3.7632e-05
126135,2.2016e-05
126159,1.5872e-05
126179,0.000112128
126207,2.6112e-05
126242,0.00012928
126249,0.000296192
126277,0.001611776
126316,4.3776e-05
126359,5.12e-07
126375,7.0656e-05
126411,0.000419584
126419,0.001488384
126483,0.0001472
126518,0.000765184
126523,6.1952e-05
126557,0.000659456
126616,1.3056e-05
126697,8.0128e-05
126713,1.1264e-05
126738,0.000813568
126783,0.00017024
126791,3.5584e-05
126800,7.936e-06
126820,5.8624e-05
126846,0.000713472
126887,6.4e-05
126909,0.00021504
126913,0.000135168
126939,0.000137728
126991,0.000969472
127033,0.000733696
127076,0.000989696
127128,3.8656e-05
127167,3.5072e-05
127203,1.536e-06
127222,1.28e-06
127250,1.792e-05
127271,7.936e-06
127288,0.000301312
127301,0.00053632
127325,2.6368e-05
127342,0.000112128
127358,9.8816e-05
127389,0.000429568
127405,7.552e-05
127443,1.664e-05
127468,0.000448512
127527,6.2464e-05
127549,6.6816e-05
127556,5.5296e-05
127566,6.3744e-05
127574,0.000142848
127616,0.001460992
127661,0.00107904
127760,8.5504e-05
127910,0.001792
127933,0.000137216
128012,0.001145856
128117,0.000192
128146,1.3312e-05
128158,1.0752e-05
128171,1.28e-06
128253,6.9376e-05
128280,3.9936e-05
128281,0.000229632
128301,4.2752e-05
128311,0.00217856
128454,0.00028672
128492,9.984e-06
128525,1.3568e-05
128528,6.1696e-05
128578,8.0384e-05
128648,5.2736e-05
128697,2.048e-05
128719,1.6384e-05
128751,2.56e-05
128766,0.00052352
128811,0.002982144
128837,0.000172288
128849,0.000887296
128873,5.888e-06
128892,0.000278784
128972,0.000120576
129016,4.9408e-05
129089,8.0896e-05
129136,2.1504e-05
129144,2.176e-05
129171,0.000102912
129203,8.32e-05
129229,0.001453312
129284,8.5504e-05
129295,6.656e-06
129319,8.5248e-05
129345,0.000115712
129372,0.000306944
129413,6.528e-05
129541,0.000185856
129580,0.001503744
129641,3.584e-05
129693,1.3312e-05
129728,1.792e-05
129784,0.0
129800,0.00063488
129841,0.000258048
129866,2.1504e-05
129874,2.7648e-05
129902,7.2704e-05
129942,2.2528e-05
129947,0.000200448
129970,9.984e-06
129983,0.00071168
130039,0.000700416
130074,9.472e-06
130103,1.7664e-05
130104,0.000393728
130146,0.000675072
130167,5.0688e-05
130192,0.000274944
130261,7.7568e-05
130318,1.5616e-05
130360,4.3008e-05
130369,0.00023808
130467,1.6384e-05
130489,2.816e-06
130513,0.000133376
130551,0.0008896
130645,0.00047488
130650,3.7376e-05
130672,0.000932864
130719,8.7808e-05
130753,1.2032e-05
130793,4.608e-06
130858,0.000259072
130914,0.002814208
131004,5.9136e-05
131046,4.352e-05
131089,1.536e-06
131108,2.56e-07
131146,2.56e-07
131161,9.728e-06
131166,0.000686592
131199,0.000222208
131225,0.000599296
131277,8.0384e-05
131306,7.0656e-05
131320,2.9952e-05
131339,0.000494592
131370,3.8144e-05
131391,2.3296e-05
131433,0.003139584
131479,0.000205824
131497,0.000283648
131543,1.792e-05
131562,0.000218368
131575,0.000131584
131613,0.000577536
131650,0.00033664
131678,9.728e-05
131686,0.000122368
131739,1.7664e-05
131755,7.1168e-05
131873,1.28e-05
131932,4.3008e-05
131939,0.000398592
131987,0.000111616
131997,0.000224256
132019,7.7056e-05
132024,0.000142848
132033,0.00112896
132111,7.8336e-05
132136,9.984e-06
132149,0.000150272
132161,0.000336384
132177,0.000195072
132197,0.00024448
132229,0.000942592
132266,7.424e-06
132303,0.0001792
132316,0.001217536
132333,0.000414976
132366,0.000345088
132415,6.7584e-05
132418,0.000625408
132428,0.001039104
132497,0.0013696
132500,0.000793856
132561,5.632e-06
132565,1.8944e-05
132587,6.144e-06
132605,6.6048e-05
132654,3.072e-05
132701,1.664e-05
132740,1.3824e-05
132753,5.4272e-05
132799,0.000237824
132859,5.632e-06
132893,1.4336e-05
132901,3.3536e-05
132903,5.888e-06
132920,0.000778752
132956,1.6896e-05
132970,0.001836288
133049,0.000386816
133081,3.2256e-05
133117,4.8384e-05
133145,2.304e-06
133159,0.000165376
133187,3.584e-06
133199,7.04e-05
133220,3.0208e-05
133243,1.2288e-05
133254,0.000169216
133284,0.000254976
133380,3.584e-05
133410,7.168e-06
133452,3.5584e-05
133475,3.4816e-05
133489,2.3296e-05
133544,0.00010368
133569,0.000298752
133573,0.00100608
133642,0.000424704
133644,0.00013056
133677,1.2544e-05
133690,0.000845824
133750,1.536e-05
133838,3.5072e-05
133848,1.1776e-05
133858,0.000795648
133864,0.000163584
133890,0.000676096
133954,2.9696e-05
133958,2.7648e-05
133981,1.664e-05
134044,7.424e-06
134065,6.3232e-05
134107,0.000155136
134129,2.56e-05
134136,1.3312e-05
134174,0.000416256
134181,0.000158976
134250,4.352e-06
134257,2.1248e-05
134262,1.536e-06
134271,0.00055168
134308,8.448e-06
134364,0.00021632
134382,0.000258048
134385,0.00033408
134461,0.000282624
134498,0.001321216
134523,1.2544e-05
134556,0.000169472
134566,0.00052224
134584,7.04e-05
134600,0.00029568
134717,4.0192e-05
134727,2.9184e-05
134737,0.000247296
134759,0.000111104
134769,0.003519744
134877,1.536e-06
134984,9.216e-06
134996,2.56e-07
135018,2.3808e-05
135082,5.6064e-05
135163,1.1776e-05
135189,6.5024e-05
135201,3.6352e-05
135269,0.000660224
135368,5.0432e-05
135437,0.000320768
135450,5.8368e-05
135451,0.000950272
135508,1.28e-05
135530,0.000126464
135576,6.6048e-05
135598,4.2752e-05
135603,0.000402944
135664,7.424e-05
135703,9.856e-05
135727,4.5312e-05
135821,2.5088e-05
135879,0.000116992
135885,0.000134912
135932,4.4544e-05
136052,0.000626688
136097,0.000500736
136138,0.0002752
136264,0.000174336
136304,0.00057216
136307,5.9904e-05
136350,3.328e-06
136393,0.0003584
136419,0.000333824
136421,7.4752e-05
136464,0.000361984
136573,6.5024e-05
136605,4.1728e-05
136611,0.000219136
136664,4.7616e-05
136740,6.1952e-05
136847,2.304e-06
136857,8.576e-05
136903,3.6096e-05
136955,0.00216704
137008,0.000319744
137095,0.000834304
137117,0.000492544
137119,0.000118528
137130,0.00092544
137156,0.000679168
137163,0.000634624
137170,0.000384256
137196,0.00109056
137282,2.0224e-05
137285,9.856e-05
137309,0.000155904
137314,0.000912128
137343,7.1168e-05
137379,0.000155136
137405,4.608e-06
137434,0.000301056
137451,0.000196352
137463,8.9088e-05
137528,5.3248e-05
137559,0.0005056
137577,8.96e-06
137580,0.000627456
137581,0.000138496
137583,0.005875456
137584,0.005390592
137585,0.005611776
137675,0.000381696
137748,6.6304e-05
137794,0.000163328
137877,0.000787456
137935,1.8944e-05
137947,1.8432e-05
137950,3.7376e-05
137988,7.4496e-05
138028,1.7152e-05
138040,2.6624e-05
138064,5.12e-06
138070,0.000656896
138117,0.000250112
138144,1.5616e-05
138197,8.6784e-05
138228,4.096e-05
138238,2.2784e-05
138251,4.0448e-05
138292,2.5088e-05
138300,1.6384e-05
138331,0.000331264
138353,6.016e-05
138381,0.0007168
138414,2.2016e-05
138449,0.0002368
138473,6.9376e-05
138516,5.1712e-05
138530,0.001417216
138547,0.000113664
138565,0.00170752
138595,0.001319168
138632,7.6032e-05
138653,0.000321792
138728,0.000992512
138842,0.000810752
138928,0.000125952
138953,2.0992e-05
138998,0.000623104
139046,0.00011904
139100,0.00047616
139154,0.000992768
139189,8.96e-06
139205,0.000516608
139231,0.000101376
139255,0.00021632
139315,0.000674816
139330,0.000100608
139372,4.1984e-05
139382,0.000368896
139414,2.9696e-05
139420,0.000218624
139443,0.000883456
139484,0.000825856
139532,0.000133888
139571,0.000294144
139573,0.0001728
139616,4.608e-05
139652,0.000264192
139675,0.000638208
139688,9.472e-05
139723,8.0384e-05
139737,5.7344e-05
139751,0.000410624
139764,6.7584e-05
139800,0.000146176
139889,0.001539328
139950,2.5344e-05
139985,5.4528e-05
140018,0.000246016
140062,0.000175872
140067,0.000516096
140095,6.912e-05
140111,0.000416768
140128,0.000321024
140174,0.000575488
140199,0.00047488
140252,0.000443648
140254,0.000261632
140297,0.000167168
140326,0.00159616
140379,2.048e-05
140389,3.968e-05
140428,0.000220928
140458,4.224e-05
140490,3.1232e-05
140509,3.84e-06
140538,0.000431872
140559,0.000123136
140569,0.000116992
140660,1.9712e-05
140661,7.68e-07
140709,3.6864e-05
140715,3.2256e-05
140736,0.00025728
140761,0.000324096
140770,7.5264e-05
140822,0.000535552
140839,0.0
140860,0.000895232
140925,5.888e-05
140937,0.000762112
141023,5.9904e-05
141024,0.00023936
141037,0.0006656
141077,2.8672e-05
141118,7.7312e-05
141120,1.8944e-05
141147,0.000109568
141152,0.00015488
141156,0.001266432
141180,4.1984e-05
141193,1.8176e-05
141221,0.00107776
141246,0.000260864
141264,0.000337664
141268,0.000331008
141309,0.000122368
141317,0.000282368
141318,0.000173568
141338,0.000114176
141402,0.000543744
141449,4.9408e-05
141452,4.2752e-05
141515,8.3968e-05
141533,0.000125952
141545,0.001490944
141594,0.000396544
141629,0.00020864
141641,0.0010752
141661,0.00085888
141714,0.000132864
141727,5.1968e-05
141747,0.00019712
141814,6.4256e-05
141831,9.1904e-05
141844,4.0704e-05
141857,0.000136448
141911,5.0432e-05
141951,0.000166912
141974,0.00022656
141988,0.000871424
142035,8.7296e-05
142086,2.8672e-05
142100,0.000300032
142144,0.000791552
142280,0.000222976
142330,0.000145664
142379,0.000385536
142422,0.000672
142524,8.704e-06
142566,3.2768e-05
142568,0.00015488
142615,9.1136e-05
142655,0.00047872
142696,2.3552e-05
142722,2.6624e-05
142760,0.000488448
142768,8.2432e-05
142791,0.000115456
142847,4.6336e-05
142857,0.000407296
142867,0.000968448
142917,0.000222464
142965,0.000210944
142972,0.001777152
143012,6.3488e-05
143067,9.472e-06
143110,7.936e-06
143151,0.000130816
143160,6.4768e-05
143212,0.000154112
143228,3.584e-05
143248,0.000278272
143269,0.000221184
143304,0.00051456
143320,7.2704e-05
143350,2.432e-05
143389,4.992e-05
143479,2.048e-06
143544,0.000423936
143562,0.00027008
143599,7.808e-05
143606,0.00015232
143639,0.00051328
143691,0.000379392
143717,9.216e-06
143743,2.56e-07
143755,3.4304e-05
143767,6.7584e-05
143768,0.000240384
143780,0.0004096
143807,0.00066176
143841,7.1424e-05
143947,0.00023424
143999,6.8352e-05
144055,5.632e-06
144072,5.9648e-05
144088,0.000140032
144125,4.608e-06
144143,5.504e-05
144173,0.000288768
144229,1.2544e-05
144244,1.8944e-05
144275,3.3536e-05
144278,8.2432e-05
144333,1.92e-05
144367,0.00040832
144398,0.000108032
144418,0.000170496
144454,0.000233728
144511,4.3776e-05
144523,2.7648e-05
144569,3.1744e-05
144589,0.00100736
144623,0.000119296
144675,7.68e-07
144741,0.000155136
144749,3.072e-06
144780,2.3808e-05
144834,0.000368896
144837,0.00091264
144882,9.984e-06
144892,6.8864e-05
144898,0.000108288
144914,0.0002048
144956,0.000103168
144970,6.144e-05
144995,0.000419328
145048,0.000304896
145065,4.1216e-05
145103,0.000153088
145130,2.7136e-05
145135,0.000339968
145213,0.000708352
145270,7.424e-05
145293,3.9424e-05
145323,2.3808e-05
145368,5.3504e-05
145425,0.000241152
145481,0.000657408
145533,8.192e-06
145552,0.000158208
145574,0.0
145587,0.000564736
145607,8.3456e-05
145622,0.000103168
145670,0.000717568
145780,4.1728e-05
145859,3.072e-06
145894,2.2784e-05
145920,7.424e-05
145939,0.000109568
145976,4.096e-06
145987,5.12e-07
145991,9.4976e-05
146036,1.8176e-05
146046,1.2288e-05
146053,8.2688e-05
146079,0.00086016
146111,0.001015552
146171,7.68e-06
146187,3.5072e-05
146231,3.2512e-05
146236,5.3248e-05
146270,0.000342528
146340,3.072e-06
146368,0.00046464
146396,0.00051584
146410,0.000320768
146454,4.8384e-05
146482,0.000129792
146505,0.000193024
146530,0.000139264
146541,2.1248e-05
146549,0.000348672
146585,1.792e-06
146589,0.00020608
146619,6.4768e-05
146683,0.000192256
146705,6.144e-05
146727,0.000187392
146738,0.000156928
146783,0.004633856
146818,4.5568e-05
146852,5.2736e-05
146869,2.4576e-05
146870,0.000185088
146897,0.000137216
146958,8.6016e-05
146970,0.000715776
146998,0.001995776
147048,0.000340224
147069,0.0009024
147082,5.7856e-05
147145,7.2704e-05
147173,4.352e-06
147175,0.000789248
147266,0.001371392
147290,0.000411904
147337,1.664e-05
147344,0.000157696
147356,5.8624e-05
147395,0.00012032
147407,1.2288e-05
147464,0.000283392
147481,0.000140032
147506,0.000456448
147538,0.000278272
147577,0.000533504
147591,0.000596992
147606,0.000754688
147707,0.00038272
147719,0.00032512
147734,6.0672e-05
147778,0.000483328
147829,9.5232e-05
147846,0.000403968
147857,1.5616e-05
147866,2.56e-05
147885,0.000220672
147902,7.6032e-05
147918,0.00032768
147927,0.000562176
147946,1.7152e-05
147967,2.2784e-05
147991,3.9936e-05
148014,4.8128e-05
148018,2.048e-06
148019,0.000685312
148035,0.000178432
148058,0.000315904
148083,0.000207104
148096,0.000792064
148109,0.00075008
148131,0.001044736
148166,5.504e-05
148173,0.000126464
148177,0.000143104
148204,0.000106752
148218,0.000565504
148242,9.1392e-05
148289,5.376e-06
148323,9.6512e-05
148356,0.000306688
148370,9.472e-05
148397,0.000667904
148433,0.000386048
148470,0.000331008
148478,0.000790272
148512,0.000204288
148584,0.000397056
148599,6.3488e-05
148602,0.000662016
148641,1.1776e-05
148668,9.8816e-05
148681,0.000237824
148695,0.00133888
148769,3.3024e-05
148770,0.000191232
148782,0.000642304
148801,5.3248e-05
148836,3.0976e-05
148868,2.8416e-05
148898,3.2512e-05
148905,0.000875264
148945,0.000154112
148984,5.5808e-05
148998,0.000197376
149027,0.000191488
149068,0.000809216
149097,8.6272e-05
149123,0.000355584
149142,1.5616e-05
149177,0.00015488
149198,5.12e-06
149239,0.002142208
149265,0.000210688
149293,8.5504e-05
149299,0.000448256
149308,0.000324352
149365,0.000273664
149394,0.000509696
149428,4.0704e-05
149436,0.000337408
149468,0.000103936
149480,0.000321536
149489,0.000492544
149530,0.000158464
149548,0.001255424
149563,9.1392e-05
149593,3.0208e-05
149601,0.000217856
149607,0.000112128
149608,0.0004224
149633,7.6032e-05
149663,0.000388608
149695,1.024e-06
149717,0.00043904
149722,8.3712e-05
149733,0.000131328
149761,0.000761856
149816,3.7632e-05
149827,0.000261632
149829,0.000417792
149831,0.014836992
149833,0.001904384
149906,0.003047936
149910,0.003423744
149974,0.000145152
150024,1.536e-06
150028,7.7056e-05
150042,0.000359424
150084,0.000159744
150114,0.000430848
150121,0.001154048
150145,0.000225024
150177,1.9712e-05
150194,6.8608e-05
150256,5.632e-06
150283,0.000272128
150303,0.001378816
150343,0.000595712
150351,0.000397056
150400,0.000148736
150437,0.000654592
150483,1.3056e-05
150511,1.536e-06
150523,0.000177152
150530,3.6608e-05
150532,0.00013952
150557,3.7888e-05
150607,2.9952e-05
150652,4.352e-05
150673,6.784e-05
150729,0.000449792
150746,0.000139776
150782,0.000172544
150835,0.000106496
150842,0.000189952
150845,3.6864e-05
150876,4.608e-05
150890,0.00042368
150953,3.584e-06
150965,0.00015872
150981,1.28e-05
151024,4.2752e-05
151106,2.048e-05
151115,0.000135424
151118,2.5088e-05
151157,2.9184e-05
151160,6.3488e-05
151164,0.000288256
151201,2.2016e-05
151244,3.8144e-05
151288,0.000338432
151296,1.6896e-05
151380,9.216e-06
151391,0.000150528
151451,0.000439296
151509,0.000251392
151529,0.000216576
151569,1.024e-05
151570,0.002607104
151649,0.00010624
151681,0.000193024
151698,0.000489984
151722,0.000158208
151749,8.2944e-05
151761,6.528e-05
151809,0.00013824
151814,0.000524288
151852,1.8432e-05
151855,0.000169216
151877,0.000172288
151896,0.000289536
151974,0.000149248
151985,0.000274944
152069,2.4832e-05
152115,1.3312e-05
152126,0.000932608
152170,5.2224e-05
152194,0.00021504
152231,1.024e-06
152263,5.888e-06
152298,0.000629248
152317,8.7296e-05
152338,2.7648e-05
152409,0.000137984
152445,1.664e-05
152492,6.4768e-05
152526,6.144e-06
152538,0.00078464
152555,0.00039936
152593,7.68e-06
152600,0.00031232
152637,0.00077184
152658,0.000121856
152716,4.864e-06
152730,0.000324352
152771,0.000635904
152838,8.448e-06
152843,0.0001536
152865,0.000217856
152913,6.9888e-05
152927,0.000454144
152976,3.712e-05
153068,0.0002112
153081,5.3248e-05
153100,0.000107264
153136,6.8864e-05
153241,0.000470784
153272,0.0001856
153311,0.000187392
153341,1.6384e-05
153351,2.0736e-05
153361,2.4832e-05
153371,9.1392e-05
153411,6.7072e-05
153431,3.9936e-05
153441,0.00014592
153451,7.2192e-05
153491,0.000328704
153501,5.632e-06
153511,0.000260352
153521,0.000102656
153541,0.000141312
153561,7.424e-06
153571,2.2784e-05
153601,0.000102144
153611,0.00026752
153631,0.000483328
153651,0.000278272
153661,0.000119552
153671,6.2976e-05
153681,0.00016512
153691,2.4064e-05
153711,0.000288256
153721,0.000101376
153731,0.0001216
153741,3.2256e-05
153761,0.000190976
153781,0.000509696
153791,0.000117248
153801,0.0001792
153811,0.000384256
153831,0.000267776
153851,4.608e-05
153861,0.000630784
153871,0.000433664
153881,8.7296e-05
153911,6.656e-06
153921,0.000720128
153971,3.5328e-05
153981,0.000559872
153991,0.000441856
154031,0.000799744
154041,0.000347136
154049,0.000274688
154061,0.000395264
154091,0.0002752
154110,0.000143616
154121,0.00036864
154144,0.000106496
154180,0.002391296
154217,0.000123392
154265,4.5312e-05
154327,0.000129792
154375,3.84e-06
154413,9.2928e-05
154512,0.000694272
154528,6.9632e-05
154557,2.816e-06
154604,0.000351744
154681,1.3056e-05
154691,1.664e-05
154719,7.68e-07
154732,0.000521216
154786,3.0976e-05
154811,0.000107008
154833,1.024e-06
154866,4.8896e-05
154889,0.001774592
154945,1.3312e-05
154964,0.000422912
155010,0.000192768
155045,7.68e-06
155056,0.000412672
155102,2.7904e-05
155116,8.7296e-05
155136,0.000182528
155171,0.003507968
155272,4.7872e-05
155304,3.3792e-05
155322,9.6e-05
155379,0.000111616
155453,0.000154112
155469,0.000338944
155529,2.0992e-05
155531,2.5344e-05
155567,4.6848e-05
155592,6.528e-05
155630,3.0976e-05
155676,5.12e-07
155692,0.00012544
155721,1.408e-05
155756,2.4832e-05
155774,8.704e-05
155778,0.000339456
155824,0.000134144
155868,2.176e-05
155872,3.9424e-05
155884,0.000173568
155899,0.000113152
155919,0.00105344
155987,9.4976e-05
156005,0.00017792
156052,0.000405248
156056,0.000226304
156096,6.8096e-05
156112,1.3312e-05
156143,1.2032e-05
156173,0.00091136
156194,3.072e-06
156226,0.000119296
156277,3.6608e-05
156324,0.000400128
156368,0.00088192
156409,0.000119296
156420,0.000105984
156423,1.7408e-05
156444,1.024e-06
156478,8.1408e-05
156482,0.000158464
156570,5.4528e-05
156601,9.472e-06
156603,0.000302336
156645,0.000112128
156660,0.000402432
156747,3.1744e-05
156771,3.3536e-05
156783,0.000810752
156859,7.3216e-05
156932,2.6112e-05
156942,0.00016384
156945,1.664e-05
156976,0.000147456
156996,0.000446208
157047,9.728e-06
157057,0.0
157062,0.000261888
157105,0.00079744
157165,0.00039424
157208,0.000579072
157247,2.5856e-05
157256,7.936e-05
157286,1.28e-05
157290,0.000191232
157293,0.000344576
157313,0.000381952
157382,0.00052736
157415,0.000374528
157473,0.000115456
157501,6.4768e-05
157548,1.2544e-05
157570,2.4576e-05
157576,0.000187136
157615,0.000128256
157646,9.2672e-05
157650,0.000881152
157680,0.000425984
157731,1.024e-06
157756,1.28e-06
157799,0.000185088
157856,1.4848e-05
157859,1.8432e-05
157917,0.000447488
157964,6.7328e-05
157973,2.3296e-05
157974,0.000107264
158001,0.000194048
158028,3.1488e-05
158048,0.000563968
158064,0.00038912
158102,0.000339968
158167,0.000128512
158172,0.00042496
158174,0.003127296
158195,0.000378368
158213,0.0001152
158227,6.7328e-05
158261,1.5616e-05
158262,0.000866304
158263,0.009426944
158265,0.00479744
158429,0.000153088
158464,0.000105472
158494,0.00017792
158519,2.5344e-05
158522,4.8128e-05
158562,0.000621824
158611,0.000118784
158631,0.000634368
158677,5.7088e-05
158700,0.000237312
158723,6.4256e-05
158766,2.816e-05
158772,0.000121856
158773,0.00070144
158845,2.6624e-05
158877,9.1904e-05
158890,0.00020096
158891,0.000188928
158938,0.000166912
158961,0.000333568
158979,0.00021248
159003,0.000165888
159057,9.472e-05
159095,0.001038336
159116,0.000330496
159156,4.864e-05
159207,1.0752e-05
159297,0.000290048
159371,0.00010752
159376,0.00038656
159440,2.816e-06
159475,0.00181888
159534,5.376e-06
159636,4.0192e-05
159671,2.7904e-05
159701,0.000101376
159712,0.000392704
159753,2.2272e-05
159803,8.448e-06
159888,7.68e-05
159914,9.216e-06
159918,5.2224e-05
159943,0.000139008
159948,0.000125696
159965,0.000192
159969,0.000312064
160036,1.8944e-05
160053,0.000418816
160080,0.000646912
160120,0.000270848
160134,0.000110336
160164,8.448e-06
160166,8.704e-05
160181,0.001144832
160235,0.000318976
160282,7.936e-06
160286,0.004006144
160331,8.96e-05
160369,0.000291072
160399,5.4784e-05
160436,6.8608e-05
160454,0.000305664
160519,1.3312e-05
160603,0.000188672
160626,0.001400832
160666,0.0001856
160766,0.000358912
160841,0.000600832
160913,2.8416e-05
160939,1.4592e-05
160943,0.000173312
160944,0.000694016
160961,0.000220416
161021,2.304e-06
161030,2.048e-06
161035,0.000119808
161052,5.9392e-05
161076,2.7392e-05
161091,2.3296e-05
161119,0.001268992
161163,0.000336128
161205,3.584e-05
161257,2.0992e-05
161277,3.8912e-05
161318,0.000182528
161389,2.432e-05
161445,7.936e-06
161481,4.6336e-05
161542,0.001945088
161602,0.000114688
161607,7.168e-05
161632,0.000399616
161640,4.4544e-05
161731,3.8656e-05
161755,0.002267136
161789,0.000631808
161813,0.000601088
161821,2.688e-05
161892,9.344e-05
162015,5.0944e-05
162025,4.8384e-05
162076,4.864e-05
162085,2.56e-07
162091,0.00022144
162142,1.4336e-05
162166,3.7888e-05
162180,9.8304e-05
162212,1.3312e-05
162245,0.000156672
162296,8.3968e-05
162341,6.1184e-05
162343,0.000749312
162373,0.00298112
162423,0.002159616
162469,0.000131584
162474,3.7376e-05
162500,0.003023616
162552,0.000230656
162575,0.00016768
162581,0.000214272
162595,4.3264e-05
162619,5.7856e-05
162627,0.000445952
162700,0.0001024
162701,0.0004224
162742,0.0009472
162800,0.000608
162843,0.00029696
162879,0.000366592
162908,5.376e-06
162946,0.000129024
163049,4.7104e-05
163080,0.000159488
163143,0.00014848
163149,0.000148736
163218,9.8048e-05
163232,2.0992e-05
163235,0.001283072
163265,0.00047488
163301,0.022545664
163368,0.000928256
163419,2.5344e-05
163463,0.000873472
163500,0.000868864
163566,0.00011264
163572,5.8624e-05
163573,0.001260288
163606,2.6368e-05
163621,0.000727296
163637,0.000260096
163659,4.224e-05
163677,0.000178944
163682,2.7392e-05
163691,0.000237056
163719,5.0944e-05
163722,0.000222464
163782,1.7408e-05
163787,0.000270336
163875,0.0001088
163897,0.000181248
163964,0.000162816
163978,0.000105216
163987,3.84e-05
164029,0.00094976
164066,4.8896e-05
164087,1.28e-05
164093,0.000643072
164100,0.000369408
164108,0.000297472
164110,0.003547648
164118,0.002019328
164122,0.003202048
164132,0.006001664
164417,0.000187648
164451,0.000379904
164515,5.7344e-05
164524,1.1264e-05
164535,8.7552e-05
164548,0.000133376
164552,0.00022528
164591,0.000164352
164592,0.000256512
164620,0.00014336
164625,5.5808e-05
164654,4.608e-05
164670,4.8384e-05
164677,0.000186368
164693,0.00094464
164718,6.3488e-05
164732,0.001184
164747,0.003908352
164759,8.0896e-05
164781,0.00084096
164793,8.704e-06
164798,0.00117504
164859,0.00094592
164907,0.000228608
164945,1.152e-05
164953,2.432e-05
164976,0.0001664
164991,0.000838144
165039,3.4816e-05
165042,0.000103424
165081,8.704e-05
165108,8.064e-05
165126,5.0432e-05
165164,0.000192512
165180,0.000207616
165207,2.816e-05
165245,2.1248e-05
165249,1.408e-05
165275,8.96e-06
165285,4.7104e-05
165286,9.1392e-05
165323,0.000302336
165378,0.00023808
165405,0.000487424
165437,0.000326656
165438,1.536e-05
165467,0.000401152
165469,0.000749824
165504,9.9072e-05
165509,0.000242688
165531,0.000527872
165586,0.00091008
165610,0.000213248
165634,0.000971264
165645,0.000501248
165657,0.00091008
165679,0.001333504
165699,0.00013952
165749,0.000733952
165764,0.00677888
165791,0.000466688
165814,0.000172288
165821,0.000187392
165842,9.344e-05
165868,0.000289024
165906,0.000469248
165929,0.00021504
165952,5.4016e-05
165969,0.001868544
165990,0.000145664
166003,0.000150016
166010,0.000151808
166023,0.000209408
166097,0.000132608
166120,3.712e-05
166121,0.000299264
166170,0.000269568
166199,0.000366336
166219,8.2944e-05
166223,0.000160768
166252,0.000135168
166272,1.536e-06
166286,0.000242432
166336,0.00010496
166360,0.000402944
166381,0.000161024
166444,0.000476416
166467,0.00021248
166502,0.000126464
166544,3.5328e-05
166545,0.000205056
166588,0.000124928
166599,9.5744e-05
166631,0.001263872
166671,0.000973056
166709,0.000128256
166712,0.000240128
166735,0.00116736
166767,0.000103936
166802,0.000154368
166821,0.00066944
166850,0.001262592
166896,0.00022656
166901,0.000733696
166933,4.0192e-05
166982,0.0007616
166983,0.001195776
167014,1.3312e-05
167025,0.000264704
167053,0.000172032
167083,2.0224e-05
167116,6.7584e-05
167130,0.000351232
167159,5.76e-05
167170,0.000285184
167191,0.003580672
167230,0.000468224
167268,0.000502016
167275,0.000330496
167307,8.5248e-05
167391,0.000109824
167418,0.000270848
167431,0.000269568
167447,0.000156928
167470,0.000242432
167505,4.0448e-05
167526,2.4064e-05
167550,0.000163072
167575,0.000270336
167628,0.00046208
167656,2.5088e-05
167678,0.000434944
167755,3.4048e-05
167767,0.000312064
167768,0.002133504
167792,9.6512e-05
167804,0.001348096
167860,3.456e-05
167873,8.6784e-05
167889,0.000323328
167890,0.001140224
167914,0.000782592
167923,0.00107264
167946,0.000470016
167975,0.00047232
168023,4.7872e-05
168032,2.048e-06
168036,2.048e-06
168038,0.000248832
168078,0.000461312
168080,2.5344e-05
168109,4.2752e-05
168116,0.000160256
168124,0.001675008
168154,7.936e-05
168194,0.000115456
168207,4.2496e-05
168228,1.408e-05
168239,0.000375552
168249,0.000753664
168290,0.000346624
168318,0.001075712
168354,0.00020224
168374,0.000167168
168467,0.000322816
168480,0.00095616
168503,0.000269568
168563,0.000642048
168610,8.448e-05
168613,0.000305152
168638,9.3184e-05
168660,3.2e-05
168679,3.9168e-05
168711,2.7648e-05
168718,0.000227072
168749,4.0448e-05
168750,5.0944e-05
168766,0.001442048
168815,5.5552e-05
168830,0.000525056
168875,0.000203776
168878,0.000101632
168927,2.5088e-05
168955,6.7328e-05
168967,4.864e-06
168969,0.002536192
169008,0.00033024
169021,0.000715264
169035,0.000102144
169041,0.00125184
169097,1.28e-06
169112,0.000950016
169162,0.001255424
169197,0.000314112
169221,0.000236288
169271,9.728e-06
169289,0.000375552
169307,0.001075968
169315,0.001536256
169343,0.00017792
169387,0.000260864
169388,0.000526848
169411,5.12e-07
169468,0.00139904
169526,0.000221696
169532,0.000958976
169544,0.000198144
169558,0.000416
169568,0.000326912
169607,1.408e-05
169619,0.000471552
169640,7.2704e-05
169655,0.000530432
169692,2.3296e-05
169698,0.000228352
169725,0.000530432
169732,0.000343808
169798,5.4528e-05
169808,7.0144e-05
169831,1.3312e-05
169832,0.000947456
169864,3.1232e-05
169875,4.4288e-05
169944,0.001099008
169948,0.000171008
169954,0.001276928
170049,2.816e-06
170077,0.000971008
170103,2.3296e-05
170122,0.000325376
170139,7.6032e-05
170157,0.000222208
170158,3.584e-05
170166,0.001059072
170187,0.000270336
170199,0.000523264
170244,0.000356096
170259,0.000580096
170286,6.1952e-05
170301,0.000276224
170309,0.000207616
170317,0.000470272
170349,0.00044544
170357,0.00049408
170380,0.000115968
170440,0.000544256
170442,0.000362496
170493,1.536e-06
170500,0.000201984
170538,5.1456e-05
170560,4.4032e-05
170579,0.000429312
170615,1.024e-06
170629,7.1936e-05
170650,2.9952e-05
170670,4.48e-05
170673,0.002107392
170707,1.9456e-05
170744,4.4288e-05
170768,4.1216e-05
170771,0.000453376
170847,6.0416e-05
170866,0.0019968
170871,0.000105216
170924,1.1264e-05
170940,0.000547072
170999,0.00011136
171020,1.1008e-05
171027,0.001141248
171045,0.000231168
171056,0.00125184
171084,0.00143744
171109,0.00174464
171175,0.000909056
171224,4.608e-05
171242,0.00547072
171287,5.632e-06
171346,4.7104e-05
171354,0.000228864
171374,0.000333568
171409,1.024e-06
171426,1.536e-06
171428,0.0001344
171445,0.001502208
171477,0.00019968
171529,0.000647424
171548,0.000201472
171576,0.001726976
171629,9.9072e-05
171632,0.001197312
171654,0.000339968
171681,0.00023168
171710,0.000141568
171715,0.000241408
171738,0.000190208
171778,0.000433152
171793,2.4064e-05
171798,0.00057088
171856,4.1472e-05
171866,0.000141056
171872,0.000112384
171881,0.000219904
171891,3.3792e-05
171909,4.5312e-05
171942,4.9664e-05
171956,0.000216064
171964,0.000419328
171975,7.4496e-05
172000,0.000289024
172061,0.000248576
172070,0.000278784
172134,0.00030976
172148,0.000423936
172178,2.048e-06
172189,0.001604608
172206,0.000101376
172239,0.001483008
172259,0.00081024
172300,9.8304e-05
172328,0.000572672
172342,0.000628224
172381,3.7376e-05
172402,4.1984e-05
172412,0.00012672
172418,0.0019776
172443,0.000200448
172465,0.000176128
172479,0.0018752
172526,0.001668352
172556,0.00020736
172568,0.00018944
172606,8.1152e-05
172607,0.000187904
172619,0.000400896
172662,0.000103168
172692,0.000478208
172728,6.4e-06
172747,0.000259584
172768,0.000163584
172807,0.000198656
172829,5.6064e-05
172850,0.000100352
172888,3.2512e-05
172929,0.000156928
172954,7.3472e-05
172993,5.9648e-05
173008,3.5584e-05
173025,6.912e-05
173070,0.000809984
173081,0.000192768
173140,2.0992e-05
173151,0.000168192
173170,0.00181632
173180,0.000874496
173203,2.7136e-05
173216,0.000483584
173221,0.000133632
173252,0.000152064
173276,0.000115968
173287,0.000100352
173299,0.000169984
173330,7.68e-06
173341,0.000481536
173419,4.7872e-05
173426,0.000223744
173453,3.2512e-05
173488,5.2224e-05
173511,3.5584e-05
173521,3.6352e-05
173550,7.0656e-05
173553,0.000151808
173574,9.728e-06
173575,0.000488192
173584,2.304e-06
173612,0.000108288
173661,0.000415744
173713,3.1488e-05
173714,2.2784e-05
173738,0.0007872
173746,0.0005696
173796,2.9184e-05
173798,0.000219904
173811,0.000252928
173896,5.0432e-05
173911,4.608e-06
173922,0.001989632
173978,4.096e-06
174028,0.000124416
174029,0.000820992
174031,0.000491264
174063,0.00118784
174088,0.00142592
174146,2.7136e-05
174168,0.000191744
174170,0.000486656
174202,0.00022016
174216,0.000202752
174238,2.3552e-05
174246,1.8432e-05
174266,1.536e-06
174273,5.8368e-05
174297,5.0432e-05
174308,3.1232e-05
174338,1.5872e-05
174364,8.7296e-05
174372,8.96e-06
174374,0.000351744
174412,4.992e-05
174467,8.8576e-05
174487,9.472e-06
174495,0.000460288
174501,0.002274816
174542,0.002195712
174612,0.000331008
174624,0.000643584
174642,0.00028544
174650,0.001628672
174700,0.00061952
174703,0.000499968
174730,0.001035008
174754,0.000112896
174781,0.000165888
174797,0.000150784
174834,1.8432e-05
174854,0.00011136
174859,0.001215744
174915,0.000453376
174931,0.000150272
174952,0.00067584
174971,0.000194816
175008,0.0001984
175078,6.912e-06
175087,2.688e-05
175093,0.000324352
175116,0.000132864
175160,4.3776e-05
175168,6.6048e-05
175202,5.9904e-05
175212,4.4288e-05
175224,0.000524544
175249,0.00012544
175296,0.000892928
175323,0.00025344
175353,0.000407808
175388,3.84e-06
175408,0.000346624
175445,0.00068864
175456,0.00041088
175468,0.002681088
175518,8.1152e-05
175538,1.1776e-05
175548,0.000199936
175578,1.9968e-05
175598,0.000262144
175618,0.000151296
175628,1.28e-05
175636,1.792e-05
175648,9.2672e-05
175658,0.000425984
175678,0.000127232
175688,0.000150016
175698,8.9856e-05
175708,0.000223744
175718,0.000122368
175728,2.3552e-05
175738,0.000371712
175768,0.000211968
175778,0.000134144
175788,6.1184e-05
175798,0.000466176
175818,3.9168e-05
175828,0.000670976
175853,0.000546816
175884,0.000252416
175889,1.2544e-05
175897,0.000364544
175923,0.000961792
175950,0.000448768
175969,0.000255488
176002,0.001324288
176012,7.04e-05
176055,0.00016384
176084,0.000253184
176104,4.8896e-05
176170,5.5296e-05
176176,8.2432e-05
176177,0.000101632
176217,2.176e-05
176235,0.000156416
176272,7.424e-06
176276,0.000256768
176308,0.000214272
176332,8.448e-06
176358,3.072e-06
176382,7.8336e-05
176392,6.6304e-05
176396,6.4e-06
176424,0.000703488
176462,0.000110848
176478,9.344e-05
176563,0.000109568
176569,0.000122112
176577,0.001869568
176608,0.00100352
176626,0.000145152
176643,0.000176128
176724,0.000479488
176772,0.000375296
176813,0.001180928
176844,1.792e-06
176910,0.000324352
176950,1.152e-05
176952,0.000389888
176957,0.000785152
176980,0.00011392
177010,0.000160512
177042,0.000412672
177054,0.000191232
177098,4.2752e-05
177105,0.000133888
177114,0.000251904
177144,5.12e-07
177161,7.168e-06
177169,0.000121856
177198,0.000150784
177205,0.000638976
177234,1.9456e-05
177236,1.9968e-05
177264,7.168e-06
177293,0.000221952
177298,1.6128e-05
177299,0.000909568
177347,0.000214784
177363,0.000358144
177423,3.5328e-05
177473,1.408e-05
177475,0.001831936
177498,0.000119552
177529,2.7136e-05
177539,0.00027648
177555,9.8304e-05
177588,5.888e-06
177603,0.001898752
177620,0.00047616
177655,0.000119808
177677,0.001316864
177693,0.000347392
177710,6.3232e-05
177712,8.8576e-05
177723,1.408e-05
177739,0.00012416
177755,0.001041408
177770,0.000857344
177807,0.001436672
177843,0.000121344
177874,9.9584e-05
177932,1.024e-05
177949,1.8432e-05
177967,8.96e-06
177971,0.000559872
177993,0.00010752
178002,0.000641536
178040,0.000133888
178044,6.912e-06
178067,0.000350976
178096,8.2432e-05
178104,7.9104e-05
178105,0.00027136
178107,0.00112256
178164,3.8912e-05
178166,4.0448e-05
178177,0.00244736
178225,0.00060288
178274,0.000399616
178278,0.002730752
178334,0.000191744
178341,4.3776e-05
178354,0.000165632
178370,4.4032e-05
178397,0.001434624
178423,0.000232448
178450,0.000838144
178478,0.000109568
178487,4.3776e-05
178501,0.001754624
178526,0.000146688
178567,4.0704e-05
178623,6.0928e-05
178630,5.6064e-05
178641,0.000377856
178645,0.00020224
178660,0.000453888
178745,0.00016128
178767,7.68e-06
178777,4.0448e-05
178782,0.000177664
178787,0.001155328
178802,0.00122624
178842,4.5824e-05
178879,0.000309248
178884,7.68e-06
178898,0.001129216
178910,0.000857344
178935,0.000654336
178955,0.00019712
179031,0.000272128
179093,0.000451328
179102,5.2736e-05
179128,0.000135168
179170,0.000616704
179236,0.000294144
179265,0.0001152
179309,0.000860416
179344,0.000131072
179371,6.1184e-05
179415,0.0
179434,0.000368128
179441,0.00059008
179483,0.00063488
179536,0.000334336
179569,1.28e-05
179640,2.9184e-05
179665,0.000413184
179717,2.9184e-05
179721,6.656e-05
179732,5.3248e-05
179753,8.6016e-05
179769,7.1424e-05
179778,0.004205312
179782,0.000176896
179851,7.7824e-05
179866,0.000399104
179881,5.888e-06
179898,6.4512e-05
179917,3.072e-05
179931,7.04e-05
179945,0.000235776
180014,0.000214272
180054,0.000116224
180084,3.456e-05
180090,4.8896e-05
180091,8.0896e-05
180122,0.000224256
180163,0.000922368
180200,0.000310784
180222,0.000252928
180237,2.9696e-05
180274,2.432e-05
180283,0.000643072
180341,8.0128e-05
180357,1.0752e-05
180370,8.32e-05
180372,8.7808e-05
180391,0.000268288
180420,0.001246208
180448,4.3008e-05
180449,1.8432e-05
180490,0.000163072
180552,4.736e-05
180588,9.216e-05
180605,0.000961536
180654,0.000356096
180660,6.272e-05
180683,0.000123136
180709,4.2752e-05
180749,0.000134912
180754,1.0496e-05
180767,3.072e-05
180801,0.000507648
180825,0.000196608
180856,2.688e-05
180896,8.96e-06
180948,3.7376e-05
180974,0.000930816
181029,6.4e-06
181032,0.000282624
181062,0.000147712
181096,4.8128e-05
181141,0.00010368
181152,0.000210688
181195,1.28e-05
181213,9.728e-06
181217,0.000241408
181277,0.000486912
181294,2.9184e-05
181315,5.1456e-05
181322,0.001002496
181335,4.7104e-05
181344,0.000229376
181380,2.1248e-05
181385,0.000107008
181417,5.6832e-05
181425,1.024e-05
181435,4.096e-05
181460,1.8688e-05
181467,0.000126976
181501,2.7392e-05
181546,4.7104e-05
181553,0.000293888
181570,8.32e-05
181607,0.000703488
181638,0.000193536
181649,0.000511232
181695,0.000453376
181717,0.00020608
181751,0.000252672
181765,0.000269056
181774,0.000466944
181805,0.000173312
181831,0.000210688
181845,0.000135168
181868,0.000277248
181892,8.6528e-05
181931,0.000225536
181942,0.000755456
181971,0.001022464
182078,0.00018688
182089,0.000512
182100,0.001171968
182130,0.00046848
182139,0.000385024
182159,0.000108288
182171,9.5744e-05
182172,3.7376e-05
182224,2.816e-06
182231,0.000273664
182235,0.000354304
182272,9.344e-05
182302,0.000738816
182329,0.000577536
182341,0.001061376
182376,0.000590592
182412,0.00156544
182456,0.000306944
182458,7.0912e-05
182466,0.000393728
182471,0.003681024
182488,0.000575744
182544,4.8128e-05
182554,0.000112128
182561,0.000112128
182584,8.448e-06
182585,8.9344e-05
182594,0.0019712
182604,0.000964864
182634,0.000453376
182659,0.000977152
182684,0.001192704
182721,0.000507904
182756,1.6384e-05
182772,5.12e-07
182823,5.0176e-05
182832,0.000259072
182877,5.8624e-05
182880,0.0003072
182955,3.3536e-05
182958,0.00020608
182986,0.000267008
183030,3.8144e-05
183041,0.000219392
183077,0.001329664
183105,0.000836864
183144,1.9968e-05
183146,0.001117952
183184,0.000140544
183207,0.001939968
183251,0.000697856
183286,0.003271168
183324,7.8336e-05
183347,0.000255744
183369,0.001940992
183406,0.000302336
183468,7.0144e-05
183473,4.0192e-05
183487,4.5568e-05
183523,5.9392e-05
183540,0.000453376
183562,8.2432e-05
183575,3.5328e-05
183589,0.000103168
183600,0.00056832
183677,2.9184e-05
183680,8.9088e-05
183686,0.000149248
183727,4.864e-05
183740,1.7152e-05
183742,5.7344e-05
183755,0.000216064
183793,9.728e-06
183812,0.000820992
183846,0.00012672
183866,0.000114688
183878,0.000114176
183888,0.000112128
183908,9.472e-06
183924,0.000307968
183958,5.632e-06
183965,0.000314368
183968,0.0003136
184006,0.000116224
184020,0.000111104
184066,0.000552704
184087,0.001047552
184112,0.00019072
184122,0.00182144
184144,0.000262656
184150,0.00053376
184159,0.000444672
184181,0.000147456
184202,0.000104704
184230,0.00035072
184254,0.000386816
184285,0.000585984
184322,1.4848e-05
184327,0.000204544
184357,0.001118464
184380,0.000288
184410,0.001943296
184444,0.001164544
184480,0.001216256
184531,0.000642304
184558,0.000141056
184570,0.000205312
184583,0.000799232
184628,0.000347392
184691,6.5792e-05
184726,0.000304128
184766,0.00105344
184791,0.003792384
184846,7.9616e-05
184856,9.0112e-05
184877,0.000269056
184886,7.808e-05
184917,0.000187648
184929,0.000536576
185000,2.56e-06
185005,3.3536e-05
185007,0.000487936
185023,0.00039424
185078,1.4592e-05
185107,0.000156416
185114,0.000261632
185123,0.000192512
185152,0.000470784
185157,0.000812288
185205,6.6304e-05
185231,0.001075968
185270,7.6288e-05
185281,0.000305664
185322,0.00091264
185346,0.00020608
185383,0.000205568
185392,9.856e-05
185447,0.000234496
185449,0.000782336
185505,0.000253184
185518,0.00045184
185538,0.000178944
185567,0.000271872
185598,1.152e-05
185599,0.000736768
185614,3.072e-05
185631,0.000211712
185647,0.00012928
185649,0.000659456
185694,0.006830336
185743,0.00043392
185757,0.000635136
185763,4.1216e-05
185770,0.000872448
185824,7.7568e-05
185828,3.84e-05
185837,8.3968e-05
185876,8.576e-05
185914,1.3824e-05
185938,1.6896e-05
185957,8.0896e-05
185959,8.704e-06
185967,0.000193024
185985,0.000161792
186013,0.001169664
186059,0.000169984
186094,2.1504e-05
186126,0.000804352
186167,2.304e-06
186201,0.000411904
186243,3.0208e-05
186276,5.0944e-05
186311,0.000509184
186329,0.001564672
186369,3.6096e-05
186385,0.000444672
186413,0.0002368
186455,0.000296704
186513,0.000110848
186535,0.001350912
186591,5.1456e-05
186609,0.00031872
186612,4.736e-05
186656,0.000469248
186699,3.84e-06
186717,1.6384e-05
186746,1.024e-06
186772,0.00032896
186790,0.000224
186829,0.000546304
186886,0.000904704
186902,0.002902528
186950,0.001857024
186973,0.00065152
187002,0.000252416
187046,0.000348672
187073,1.024e-05
187092,8.9088e-05
187121,3.2256e-05
187154,4.864e-05
187189,7.3216e-05
187196,0.000728064
187236,2.176e-05
187238,0.000115712
187246,0.000685056
187254,0.002637568
187285,0.00026496
187287,0.000411392
187336,0.000296192
187368,6.0416e-05
187372,4.5568e-05
187381,0.00034304
187432,0.000129792
187452,0.000112384
187455,0.000347904
187507,0.00013184
187519,1.024e-06
187520,0.00105344
187559,0.000463872
187564,0.000161792
187586,0.000625408
187617,0.000200704
187638,0.000139776
187666,0.000383232
187701,0.000184064
187731,0.001003008
187774,7.5264e-05
187790,0.000418816
187807,0.00138496
187827,0.000154624
187851,0.000238848
187899,0.000118272
187927,0.000166912
187931,0.001646848
187950,0.000516352
187984,7.168e-05
187987,0.000649216
188051,1.4592e-05
188064,7.3728e-05
188093,8.96e-06
188095,0.000276992
188107,1.28e-05
188140,1.792e-05
188155,1.0496e-05
188156,0.000358656
188171,0.006971392
188224,2.3296e-05
188270,0.000110336
188298,1.8688e-05
188305,4.1472e-05
188319,2.9696e-05
188360,5.6832e-05
188362,9.6512e-05
188408,0.000191488
188445,2.816e-05
188450,0.000205312
188453,0.000100352
188481,0.001176576
188531,0.000159488
188536,0.00025728
188537,0.001103104
188600,0.000385024
188603,0.000931584
188641,8.448e-06
188656,5.76e-05
188659,0.004146176
188704,0.000670208
188714,0.000175104
188725,0.000796416
188772,0.001113088
188796,0.000927232
188830,0.000322048
188849,0.000121344
188870,0.00011264
188894,0.00132224
188926,0.000919552
188961,5.5552e-05
189034,5.8112e-05
189072,0.001080832
189106,0.001051904
189115,0.000565248
189129,0.00012928
189141,1.3568e-05
189146,0.00028416
189191,3.6864e-05
189199,9.2928e-05
189233,0.000848384
189265,0.000261632
189287,3.4048e-05
189343,0.000145408
189351,0.000813312
189361,0.000660224
189399,0.000982016
189438,5.3248e-05
189445,0.00083456
189481,0.001335808
189500,0.000845568
189507,0.001658112
189564,0.000452864
189595,6.528e-05
189605,0.00032512
189618,0.000772352
189692,0.000113408
189694,3.8912e-05
189711,0.001512192
189750,0.00100864
189759,0.002776832
189789,0.000704768
189811,3.4048e-05
189887,0.000143104
189912,9.6512e-05
189936,7.9872e-05
189972,0.00018816
189974,1.5104e-05
189986,0.000553216
189987,0.000675584
190020,3.328e-06
190048,0.000305152
190062,0.001309952
190080,0.000477696
190120,0.000295424
190142,0.000198656
190192,0.0003392
190231,8.192e-06
190240,3.456e-05
190273,8.1152e-05
190284,8.192e-06
190324,7.68e-07
190351,0.000110336
190374,8.192e-06
190422,5.0176e-05
190446,0.001238784
190504,1.3824e-05
190532,0.000473856
190577,4.6336e-05
190639,0.000408576
190647,0.000143104
190675,5.9136e-05
190721,0.000650752
190744,0.000382208
190751,0.00079488
190776,0.00043392
190791,1.8688e-05
190819,3.328e-06
190827,0.000399104
190864,3.5584e-05
190874,0.001236992
190890,0.002148352
190894,0.000334592
190923,0.002919168
190976,0.000148992
191020,0.000324608
191033,4.7872e-05
191059,3.7888e-05
191070,0.000893952
191099,0.000729088
191138,1.1008e-05
191140,0.00063488
191174,7.0656e-05
191198,0.00017408
191208,0.00010112
191222,2.3552e-05
191250,9.6768e-05
191267,7.0144e-05
191269,0.000352256
191285,5.2736e-05
191311,0.001197568
191356,0.000438784
191363,0.00049536
191400,0.000140032
191413,0.000112384
191415,0.000157696
191435,0.000149504
191450,0.003076608
191513,0.001484032
191540,6.4e-06
191567,0.000296192
191587,0.000350976
191661,0.000625664
191679,4.1216e-05
191681,0.000217088
191683,0.002962944
191718,0.000128
191751,0.000248064
191772,0.00011136
191778,0.000873216
191808,5.12e-06
191833,6.8608e-05
191838,0.000717056
191876,0.000823552
191905,5.6064e-05
191917,0.000168704
192003,0.0002048
192009,0.000905216
192028,1.2544e-05
192030,0.000499968
192088,7.0656e-05
192089,0.00048768
192107,7.9104e-05
192130,3.84e-06
192145,4.8128e-05
192179,0.001081088
192229,7.6544e-05
192234,0.000509184
192261,0.0002496
192277,0.000203264
192286,0.003146496
192322,0.000149248
192344,0.000164352
192360,0.000393472
192382,0.000612608
192406,1.5104e-05
192407,5.7088e-05
192424,2.56e-07
192434,0.000995328
192445,0.000794368
192481,2.6624e-05
192483,4.4544e-05
192488,0.000677888
192530,0.000371968
192546,0.00015616
192567,0.000112128
192576,0.0002688
192596,0.000141568
192618,0.000310784
192628,0.000425728
192681,5.888e-06
192722,8.704e-06
192733,0.00053248
192750,6.4256e-05
192781,0.0001856
192799,3.9168e-05
192860,4.608e-06
192865,0.000544768
192913,0.000586752
192958,0.000745728
192968,1.024e-05
192977,0.000414464
193039,0.000534016
193058,4.6592e-05
193113,5.376e-06
193114,0.000343296
193141,1.8432e-05
193205,0.000485888
193218,0.000326912
193250,8.8832e-05
193276,4.6848e-05
193278,1.6896e-05
193286,0.000922112
193319,0.000362496
193338,9.6e-05
193372,0.002728192
193423,0.00064512
193434,5.12e-05
193442,0.000785408
193472,0.000125696
193512,0.00033408
193555,0.000814336
193575,0.000132352
193606,7.3216e-05
193607,1.9968e-05
193644,0.000697088
193681,2.816e-05
193697,5.9392e-05
193711,0.002099456
193732,0.00046976
193803,1.8688e-05
193823,4.992e-05
193833,0.000214784
193840,0.0020352
193879,0.000493568
193893,3.3536e-05
193897,2.944e-05
193959,1.5872e-05
193980,3.4048e-05
194001,3.968e-05
194049,1.5616e-05
194054,0.000630016
194073,5.8368e-05
194097,0.000562432
194103,0.000206592
194133,0.000556032
194160,0.000143104
194173,0.006379008
194191,0.000128768
194266,5.12e-07
194315,4.224e-05
194324,0.000688384
194349,0.000192
194396,2.8672e-05
194415,0.00029056
194449,0.001042688
194488,0.0005632
194517,1.1264e-05
194536,0.000206848
194540,0.000353792
194543,0.000392192
194559,6.1184e-05
194597,0.000795648
194609,0.000596992
194628,3.2e-05
194654,2.8672e-05
194717,0.000153344
194745,0.00022016
194771,0.005935872
194833,0.00020864
194854,0.000548608
194855,0.006868736
194858,0.0058688
194859,0.010134528
194878,0.000633344
194979,0.000272896
195014,0.000473344
195037,1.28e-06
195057,1.7152e-05
195082,0.000275968
195149,6.656e-06
195156,3.1232e-05
195166,5.9392e-05
195174,6.8096e-05
195192,0.00034304
195222,0.000635648
195277,7.1424e-05
195281,4.3776e-05
195310,0.000310784
195329,0.000681984
195346,0.00036224
195368,0.000379648
195369,0.001068544
195425,2.56e-07
195433,0.000164864
195435,0.00110976
195490,0.000475136
195493,8.1664e-05
195507,0.000552192
195528,1.536e-06
195531,0.000197888
195533,0.000190464
195585,0.00039168
195626,6.656e-05
195628,0.00137088
195669,0.000326656
195671,0.000422144
195686,0.000467712
195717,0.000848128
195749,0.00030208
195767,0.00041984
195862,7.68e-07
195895,2.8928e-05
195898,0.002358784
195925,0.00026752
195957,7.8336e-05
195969,0.00011136
195981,6.8864e-05
196011,0.000192512
196053,1.92e-05
196090,0.00089472
196091,0.000189184
196198,4.3008e-05
196200,4.3264e-05
196214,0.000112384
196219,0.000398848
196273,0.00010624
196286,0.00013952
196302,0.000869888
196357,3.584e-06
196414,1.5872e-05
196447,0.00054656
196486,5.12e-07
196498,0.000820224
196534,0.00019328
196535,0.000132864
196591,0.000129536
196594,0.000776704
196611,0.00064768
196624,7.04e-05
196663,0.000369664
196668,0.001183744
196706,0.000239104
196736,8.064e-05
196765,0.0006016
196766,3.072e-06
196805,4.4544e-05
196807,0.000153088
196852,3.584e-06
196870,6.6048e-05
196872,2.6624e-05
196889,8.3712e-05
196934,0.000450048
196955,0.000715264
197006,8.448e-05
197041,2.048e-06
197095,1.536e-05
197108,0.000133888
197113,0.000153088
197153,0.000304384
197198,6.912e-06
197282,0.000141824
197291,0.000291584
197361,4.5568e-05
197384,0.00011392
197417,0.000103936
197420,0.00108672
197475,1.5104e-05
197509,0.00013952
197539,3.5072e-05
197557,0.000163328
197586,5.9136e-05
197594,0.000265472
197609,0.001479424
197689,1.0496e-05
197703,3.5584e-05
197735,9.2928e-05
197754,3.3536e-05
197768,0.000382464
197773,0.000849664
197849,0.000268032
197891,0.000163328
197922,0.000117504
197942,6.0928e-05
197963,0.000205824
197981,0.000171776
198019,8.8064e-05
198074,0.00055296
198097,1.152e-05
198135,0.000354048
198182,1.152e-05
198192,6.7328e-05
198198,2.304e-05
198259,1.6896e-05
198300,0.000118272
198357,3.328e-06
198368,0.000664832
198374,7.5008e-05
198426,0.000249856
198469,3.4304e-05
198530,0.000197888
198537,0.00018304
198579,5.8624e-05
198602,0.000592384
198604,4.4288e-05
198667,2.0992e-05
198679,0.00012544
198737,0.000427776
198746,0.000710912
198797,8.8064e-05
198799,0.000770816
198854,0.000111104
198889,2.56e-06
198900,5.632e-05
198902,1.3824e-05
198965,0.000625152
199017,0.000402432
199059,0.000152576
199091,1.5616e-05
199099,9.728e-06
199135,1.7664e-05
199201,8.2432e-05
199222,0.000209152
199231,0.000114176
199275,2.0992e-05
199296,1.1008e-05
199327,5.0432e-05
199350,3.5584e-05
199405,0.000103936
199481,4.608e-06
199488,6.784e-05
199494,0.000124672
199530,6.6816e-05
199554,0.00011904
199593,0.000216576
199666,0.000108032
199714,2.304e-05
199765,5.2224e-05
199830,0.000130816
199869,5.1456e-05
199916,0.000103168
199933,0.000144384
199973,0.000154624
199977,0.000112896
200022,5.376e-06
200040,0.00052352
200065,6.8096e-05
200083,0.000340992
200154,0.00017408
200159,0.000768512
200230,0.000125184
200303,0.00016512
200329,0.0001216
200349,0.00049024
200374,4.5568e-05
200436,1.4848e-05
200447,7.7568e-05
200489,0.000474368
200521,0.000103424
200554,2.3296e-05
200564,0.000164864
200629,6.2208e-05
200664,1.1264e-05
200672,0.000403712
200735,7.0656e-05
200756,2.1248e-05
200760,0.000155648
200774,7.1936e-05
200863,1.4848e-05
200870,0.000331776
200943,0.000206336
200984,1.024e-05
200994,2.816e-05
201030,3.0208e-05
201052,5.7856e-05
201192,0.000377088
201218,0.00014848
201253,0.0003904
201279,0.000819456
201314,0.00035584
201320,0.001057536
201377,0.00111104
201417,0.00036096
201429,0.000462848
201483,5.7344e-05
201484,0.000117248
201558,6.144e-06
201580,4.096e-06
201654,2.6112e-05
201661,3.8144e-05
201663,0.000632832
201687,0.000796928
201688,0.001324288
201746,0.000256768
201750,0.000368384
201806,5.888e-06
201808,0.000175616
201893,9.984e-06
201908,1.3824e-05
201924,4.6848e-05
201956,5.8112e-05
201959,0.001416192
201998,0.000163328
202018,1.4336e-05
202024,0.000360704
202039,5.4528e-05
202041,0.000256512
202053,0.000157952
202093,0.001743616
202130,0.000747776
202156,0.000606208
202159,0.001183488
202214,2.7392e-05
202333,2.56e-05
202352,0.000535296
202367,0.00093696
202387,0.000929792
202433,3.6608e-05
202441,8.3456e-05
202452,0.000646656
202500,4.4032e-05
202531,0.000144896
202549,0.000312832
202569,0.00033536
202614,0.001297664
202664,0.000504832
202712,4.5568e-05
202724,0.000221952
202738,0.001330432
202760,0.000166912
202786,3.328e-06
202814,5.6832e-05
202829,0.000949248
202908,0.000174336
202927,1.792e-05
202957,8.7808e-05
203064,2.304e-05
203118,2.0224e-05
203156,5.4016e-05
203170,0.000109056
203236,0.0001792
203264,4.9152e-05
203282,0.000122368
203334,0.000105216
203339,0.000107776
203371,2.0736e-05
203411,2.8672e-05
203434,3.328e-06
203470,0.000347904
203529,0.000350976
203530,0.000682496
203533,0.000272384
203599,3.6608e-05
203618,5.6064e-05
203639,0.000344832
203650,0.000405248
203729,6.5792e-05
203738,7.936e-05
203755,3.0464e-05
203765,0.000112896
203768,0.000134656
203779,0.000886784
203802,0.000477952
203845,9.472e-06
203862,0.000155136
203921,2.1504e-05
203931,0.00053248
203955,2.944e-05
204004,0.000136704
204062,5.7344e-05
204105,2.176e-05
204113,0.000489984
204139,9.6512e-05
204163,8.704e-05
204174,0.000816384
204208,0.000221184
204219,0.000176896
204227,1.664e-05
204261,0.000178176
204301,0.000136448
204343,8.2432e-05
204352,1.5872e-05
204365,2.7904e-05
204411,0.000152832
204467,3.84e-06
204471,0.001336064
204529,0.001541376
204587,1.9456e-05
204614,0.000130048
204631,0.00113408
204673,1.7408e-05
204707,0.000137216
204709,0.00178816
204755,8.4736e-05
204782,3.84e-06
204856,5.12e-06
204864,0.00040832
204866,2.4832e-05
204892,0.000344064
204940,9.2928e-05
204972,0.00084096
204974,0.000128256
204986,0.000227584
205010,0.000637184
205037,0.000169984
205065,1.024e-05
205152,0.000416
205173,1.28e-05
205195,0.000521728
205209,6.2976e-05
205221,2.5856e-05
205254,0.0001024
205299,0.000277504
205354,0.000134144
205373,5.0432e-05
205389,0.00027648
205448,3.8912e-05
205454,4.1216e-05
205459,0.0008128
205506,3.584e-06
205514,0.001012224
205525,0.00028288
205559,1.536e-05
205570,9.3952e-05
205575,0.00013696
205620,0.00022784
205644,5.6832e-05
205717,0.00020352
205756,1.024e-06
205765,0.000206848
205785,0.00011008
205885,2.9184e-05
205927,0.00012672
205979,2.7904e-05
206010,0.000139776
206034,0.000606208
206082,0.00062848
206115,1.8688e-05
206149,0.002441984
206163,0.000359424
206164,0.00575488
206168,0.007109632
206169,0.007846656
206241,0.000792064
206242,0.000280832
206285,0.000116224
206312,0.000101376
206346,1.0752e-05
206348,0.00015872
206360,0.00022656
206401,8.832e-05
206427,0.00015872
206445,0.000996608
206554,7.5776e-05
206565,0.000180224
206600,6.4e-06
206614,4.5056e-05
206665,9.216e-06
206666,0.001896704
206715,4.6848e-05
206725,4.4032e-05
206750,0.000271872
206760,0.000177664
206769,0.000354048
206839,2.0992e-05
206873,3.328e-06
206877,0.001551104
206921,4.096e-06
206964,9.6768e-05
206982,0.000116736
206984,2.6112e-05
206989,0.0001024
207032,0.000207872
207036,0.00013056
207088,2.9184e-05
207095,9.3696e-05
207147,0.000113664
207178,6.7072e-05
207204,0.000247808
207234,0.000579584
207238,1.4336e-05
207239,6.2208e-05
207248,3.7888e-05
207304,0.000347392
207319,8.704e-05
207321,8.704e-06
207340,0.00054784
207459,0.000174848
207513,1.7408e-05
207525,6.5024e-05
207571,8.704e-06
207577,1.0496e-05
207615,1.152e-05
207646,0.000301312
207664,0.000102656
207672,0.000113664
207820,0.000665344
207840,0.000351488
207847,0.000752896
207905,2.048e-06
207914,5.632e-06
207934,0.000102144
207953,3.328e-06
208025,1.3824e-05
208083,0.000301056
208103,0.000283648
208127,1.92e-05
208142,0.000351488
208165,0.001063936
208184,4.4288e-05
208190,0.00047488
208316,0.0001344
208334,9.984e-06
208346,2.2016e-05
208361,0.000208384
208387,0.000445184
208409,0.0002816
208453,8.704e-06
208471,4.3008e-05
208484,0.000494592
208543,3.2768e-05
208553,0.000191232
208566,0.000749056
208623,4.1472e-05
208644,8.1408e-05
208703,0.00047744
208725,0.00052864
208789,3.5328e-05
208805,0.000105472
208828,5.1456e-05
208836,0.000811008
208861,8.4736e-05
208892,9.472e-06
208954,0.000278528
209002,0.000419584
209102,0.000605184
209113,2.8672e-05
209122,0.000199168
209161,0.000199936
209191,1.152e-05
209238,0.000146944
209240,0.00024832
209254,8.7552e-05
209281,8.4736e-05
209299,0.00085504
209337,5.3504e-05
209371,1.0496e-05
209376,3.0976e-05
209402,0.001967616
209451,9.5232e-05
209466,9.472e-06
209507,2.2784e-05
209528,1.8432e-05
209619,0.00023168
209620,0.000261632
209695,5.8112e-05
209711,0.00036736
209772,0.000525312
209777,0.00052096
209815,7.1168e-05
209831,2.9696e-05
209856,0.000169216
209887,0.000159488
209892,0.00025216
209935,0.000180736
209956,0.000173824
210022,9.5488e-05
210036,0.000848128
210124,2.816e-06
210128,5.0944e-05
210139,0.000227328
210168,1.536e-06
210185,5.888e-06
210231,0.000596736
210244,0.000184064
210247,0.000944896
210260,0.000221952
210299,2.3296e-05
210356,0.00068992
210395,5.376e-06
210397,0.00037376
210429,1.0496e-05
210430,0.000271104
210470,5.76e-05
210530,0.00013056
210551,7.936e-06
210564,1.7664e-05
210586,1.6896e-05
210640,0.00016384
210659,2.2528e-05
210688,0.000333568
210692,9.6256e-05
210719,0.000180224
210733,6.144e-06
210751,0.000752384
210791,1.6896e-05
210808,0.000446464
210851,0.000773376
210896,2.6112e-05
210903,0.000225024
210956,0.000189952
210987,7.7824e-05
211012,5.7344e-05
211024,0.000104704
211060,4.6336e-05
211086,1.3824e-05
211090,0.001101568
211141,2.7392e-05
211170,0.000100864
211175,0.000240384
211229,0.000183296
211237,0.000225792
211271,1.8432e-05
211277,0.000152832
211308,0.000159232
211321,8.1664e-05
211415,2.9952e-05
211459,2.4576e-05
211468,1.3824e-05
211494,4.6592e-05
211556,5.8624e-05
211610,0.000199424
211622,0.0001984
211699,0.000482304
211771,2.8928e-05
211783,0.000113408
211789,5.376e-05
211818,2.5088e-05
211821,2.56e-06
211846,0.000256512
211863,0.000133376
211867,0.000292864
211956,0.000260608
211971,0.000644352
212021,1.024e-06
212050,0.000196608
212158,0.001991168
212171,0.000103168
212207,0.000578304
212266,0.000479488
212294,1.536e-06
212323,0.000640512
212367,0.000422912
212427,3.7376e-05
212441,0.00013696
212491,0.000182016
212571,2.9184e-05
212582,3.9424e-05
212598,8.064e-05
212618,0.001106688
212655,0.000548864
212715,0.00052992
212755,3.584e-06
212765,4.1216e-05
212769,0.000408576
212807,7.552e-05
212820,0.00022272
212865,0.000133376
212878,0.0003712
212925,2.816e-05
212951,1.5104e-05
213031,2.5856e-05
213055,0.000184064
213061,0.000103936
213085,2.176e-05
213140,8.6528e-05
213143,0.000117504
213186,0.000117504
213195,0.000264448
213234,0.000362496
213241,3.84e-05
213304,0.000676352
213366,0.00010496
213393,3.1232e-05
213417,3.584e-06
213426,1.1008e-05
213437,0.000141824
213487,0.000242432
213492,8.5504e-05
213514,2.7392e-05
213566,3.1488e-05
213569,0.00016384
213599,0.000161024
213632,3.3536e-05
213640,8.064e-05
213662,0.000902656
213741,0.000156928
213746,0.000381952
213759,0.000453376
213792,0.000150272
213819,7.0912e-05
213918,7.6544e-05
213921,0.000392704
213959,0.000479232
213984,0.000397312
213997,5.7088e-05
214010,0.00054784
214049,0.000152832
214053,0.000179712
214083,0.000866048
214119,3.584e-06
214128,0.000185856
214178,3.0976e-05
214205,0.00015104
214232,0.001592832
214239,0.001686784
214274,0.000283136
214304,0.000801536
214355,0.000566784
214387,3.7376e-05
214429,0.000333568
214440,0.000627968
214479,1.7152e-05
214491,0.00013696
214494,2.7392e-05
214502,5.9904e-05
214505,0.000374784
214523,3.328e-06
214550,2.8672e-05
214568,5.632e-06
214577,0.000112128
214590,0.000700672
214652,2.9696e-05
214670,5.8368e-05
214764,2.7648e-05
214823,1.024e-06
214840,8.704e-06
214871,0.000763648
214945,2.4832e-05
214968,3.968e-05
215062,0.00015616
215098,8.192e-06
215138,5.9392e-05
215145,0.000491264
215212,2.7648e-05
215255,5.3248e-05
215278,1.3056e-05
215313,1.664e-05
215343,1.152e-05
215365,0.000562176
215373,7.7824e-05
215437,5.8624e-05
215484,3.84e-05
215524,7.5264e-05
215536,0.000121344
215574,3.0464e-05
215591,7.68e-07
215638,3.1232e-05
215671,5.9648e-05
215764,0.000109312
215768,7.8336e-05
215773,0.001696512
215778,0.000701952
215836,0.001665024
215898,1.4336e-05
215916,1.2544e-05
215961,0.000313344
216006,0.000156928
216081,2.5856e-05
216094,1.2288e-05
216100,4.864e-05
216136,4.6336e-05
216146,0.000735744
216184,1.4592e-05
216204,8.2688e-05
216293,4.7104e-05
216314,4.7872e-05
216355,7.552e-05
216391,4.0192e-05
216407,0.00019584
216474,7.1936e-05
216528,8.576e-05
216592,3.8144e-05
216624,2.4576e-05
216631,3.8912e-05
216643,5.0432e-05
216716,0.000239616
216771,3.8912e-05
216774,0.000129792
216905,2.8928e-05
216918,2.8928e-05
216968,1.0752e-05
216975,3.5328e-05
217001,3.0464e-05
217186,3.7632e-05
217233,0.000341248
217324,7.68e-07
217339,0.000177408
217340,0.000240896
217395,8.448e-06
217425,1.1776e-05
217466,4.8896e-05
217485,8.192e-06
217498,1.8944e-05
217519,2.2016e-05
217528,0.000145152
217570,4.5824e-05
217583,3.1232e-05
217595,0.00059904
217625,7.9872e-05
217706,8.6272e-05
217739,0.000103168
217789,1.28e-06
217844,1.792e-05
217886,1.8688e-05
217916,7.68e-07
217939,4.2496e-05
217957,0.000392448
218003,6.656e-06
218037,0.000658688
218075,7.68e-06
218076,0.000574464
218152,8.96e-06
218190,5.7088e-05
218250,7.68e-05
218283,0.00047744
218296,0.000130816
218344,0.00014208
218391,6.912e-06
218397,3.328e-06
218445,4.864e-06
218489,9.9072e-05
218525,4.1216e-05
218554,3.2256e-05
218568,1.3824e-05
218595,0.00016384
218658,4.864e-05
218664,1.92e-05
218681,1.9712e-05
218696,1.4336e-05
218712,1.2544e-05
218725,0.00050048
218767,0.00028416
218814,0.000255232
218884,0.000315136
218894,0.000323584
218965,1.0752e-05
218974,6.272e-05
218997,0.000165632
219050,6.3744e-05
219054,2.304e-05
219081,9.728e-06
219114,3.968e-05
219231,8.2944e-05
219275,0.0003584
219337,8.1664e-05
219340,0.000111872
219371,0.001314816
219384,0.0016896
219435,3.84e-05
219446,7.552e-05
219453,0.001613824
219508,3.84e-06
219510,6.5792e-05
219525,8.6784e-05
219531,1.5616e-05
219562,6.4e-06
219597,2.1248e-05
219600,5.9136e-05
219604,4.608e-05
219621,4.6592e-05
219714,0.000332288
219758,7.2704e-05
219798,2.6112e-05
219826,2.4064e-05
219854,0.000135168
219959,3.712e-05
219969,0.00030848
220050,2.9952e-05
220085,4.0448e-05
220091,0.000269568
220150,3.6096e-05
220165,2.8672e-05
220197,3.6608e-05
220213,6.8864e-05
220217,4.5312e-05
220258,6.1696e-05
220308,6.5792e-05
220328,0.000471808
220366,1.664e-05
220386,4.352e-06
220435,0.000444672
220490,0.000132864
220524,0.000816128
220617,0.000143104
220622,7.3216e-05
220709,1.2032e-05
220784,1.408e-05
220841,6.9888e-05
220884,1.6128e-05
220887,0.00031744
220947,6.656e-06
220955,0.000744192
221041,7.936e-06
221062,8.96e-06
221087,4.4544e-05
221113,1.536e-05
221140,5.0176e-05
221156,0.00023168
221175,4.6592e-05
221319,6.4e-06
221438,0.000200192
221449,0.000153088
221494,0.000293376
221577,8.0896e-05
221601,1.536e-05
221615,5.1968e-05
221634,8.9344e-05
221665,2.432e-05
221698,0.00011392
221742,4.864e-05
221755,8.192e-06
221777,7.3728e-05
221852,8.3456e-05
221858,0.00011648
221901,3.2e-05
221941,0.000159744
221984,4.992e-05
222061,4.6848e-05
222098,1.024e-05
222101,1.408e-05
222110,0.000524544
222237,8.96e-06
222274,0.00034176
222355,6.7584e-05
222430,2.56e-07
222459,0.000587008
222508,7.2448e-05
222621,0.00015104
222627,2.688e-05
222654,0.000169728
222698,9.984e-06
222702,3.6096e-05
222751,1.1008e-05
222769,1.8944e-05
222819,0.000119296
222936,3.9168e-05
222951,0.000318464
222967,0.001166848
223058,4.8896e-05
223099,9.216e-06
223165,0.001981184
223190,0.000182272
223270,3.8656e-05
223346,3.8656e-05
223351,0.000599552
223530,0.000536576
223571,1.5104e-05
223572,0.00051584
223594,0.000578048
223642,2.2272e-05
223659,3.1744e-05
223681,0.000101376
223698,9.2672e-05
223761,5.6832e-05
223879,2.1504e-05
223888,7.424e-05
223927,6.0672e-05
223952,4.6848e-05
223965,0.000305152
223993,1.792e-06
224047,4.9664e-05
224088,6.0928e-05
224095,0.000204544
224120,5.376e-05
224131,4.7616e-05
224169,0.000202496
224201,0.000251648
224349,0.000110592
224377,0.000243968
224438,1.6384e-05
224497,1.3056e-05
224519,0.000680704
224605,3.0976e-05
224702,0.000614656
224707,0.002291968
224747,0.000128
224771,0.003320576
224805,2.176e-05
224947,3.4304e-05
224957,0.000124928
224971,0.000201216
225001,2.176e-05
225002,0.000137472
225005,0.000494592
225073,2.0992e-05
225077,0.000241152
225165,0.00099584
225220,6.7072e-05
225263,2.0992e-05
225286,3.0976e-05
225316,2.432e-05
225327,0.0001536
225354,0.000119808
225369,0.000543488
225375,0.000789248
225468,0.000126976
225525,6.8096e-05
225556,1.7152e-05
225671,2.816e-06
225702,4.2496e-05
225724,4.864e-05
225731,2.6368e-05
225768,0.000524032
225819,0.0008896
225867,1.7152e-05
225870,0.00020736
225961,0.000517376
226011,3.2e-05
226067,4.608e-06
226091,4.864e-06
226167,1.2288e-05
226185,3.5328e-05
226314,1.3056e-05
226328,1.9456e-05
226361,2.3552e-05
226441,2.9696e-05
226453,5.12e-07
226489,6.912e-05
226506,1.664e-05
226531,1.28e-06
226556,6.4e-06
226566,0.000582912
226568,0.000227328
226617,5.2224e-05
226629,1.3824e-05
226647,2.8672e-05
226663,2.5088e-05
226742,5.7856e-05
226803,1.8944e-05
226826,5.8112e-05
226875,9.3952e-05
226976,6.4e-06
227040,9.6768e-05
227098,0.001803264
227167,6.912e-06
227207,0.000422656
227218,0.000525312
227242,0.000280064
227262,8.32e-05
227294,1.792e-06
227320,0.00029696
227333,6.2976e-05
227356,0.000350208
227413,1.6128e-05
227422,7.6544e-05
227439,1.536e-06
227507,0.0003712
227563,5.376e-06
227573,0.000107776
227633,7.424e-06
227647,3.2768e-05
227668,2.56e-06
227685,1.9712e-05
227697,0.000106496
227770,0.000249344
227775,3.1232e-05
227836,3.4304e-05
227848,0.0007488
227909,3.328e-06
227962,6.3488e-05
227988,0.000103168
227990,1.2288e-05
228007,4.608e-06
228091,0.00014976
228199,9.2928e-05
228233,5.248e-05
228265,2.048e-06
228290,5.8112e-05
228356,5.0176e-05
228361,0.000620288
228435,4.1216e-05
228445,1.152e-05
228461,2.048e-06
228528,0.000907264
228661,1.8432e-05
228664,1.6128e-05
228688,0.000233728
228740,1.664e-05
228767,3.3792e-05
228838,0.000104704
228855,3.5328e-05
228861,0.000542208
228923,9.216e-06
228956,0.001263872
228995,0.001392384
229010,0.000912128
229093,0.000521472
229158,0.001105408
229177,5.5296e-05
229233,1.1008e-05
229254,0.000452864
229288,2.1504e-05
229323,1.28e-06
229355,0.000178688
229446,4.1728e-05
229558,2.0224e-05
229570,0.00040832
229625,0.000131072
229627,5.3504e-05
229645,2.7648e-05
229695,6.6048e-05
229738,0.000123648
229808,2.432e-05
229816,0.00013312
229894,3.072e-06
229933,5.888e-06
229939,3.0208e-05
229949,0.00048128
229966,0.001322496
230042,0.00041088
230058,0.000542208
230101,4.5824e-05
230156,0.000497664
230166,1.5872e-05
230293,2.8672e-05
230336,3.8144e-05
230401,3.1488e-05
230513,6.912e-06
230528,0.000422912
230615,1.7664e-05
230621,0.000287232
230718,0.000203008
230746,5.376e-06
230757,0.000285696
230771,0.000101632
230776,0.00057216
230798,5.7088e-05
230867,1.1264e-05
230894,4.608e-06
230919,6.8096e-05
230963,5.3504e-05
230978,1.4848e-05
230983,0.000325888
231095,0.000180736
231105,8.4736e-05
231139,0.001227264
231197,0.0
231203,2.304e-06
231226,8.8832e-05
231248,5.12e-06
231255,7.68e-06
231308,0.000196352
231341,0.000723456
231368,0.000327424
231407,0.000569088
231431,4.1984e-05
231479,4.0448e-05
231517,4.4032e-05
231589,4.4032e-05
231591,8.7808e-05
231663,0.000767232
231729,2.7648e-05
231793,1.024e-06
231802,7.424e-06
231806,2.4064e-05
231880,0.00048768
231950,7.936e-06
231956,4.0192e-05
231970,3.328e-05
231976,1.8176e-05
232008,3.2256e-05
232026,0.000233728
232086,9.472e-06
232100,0.000101376
232139,5.9904e-05
232246,2.56e-05
232259,3.3024e-05
232294,2.7136e-05
232307,0.000774144
232407,0.000243968
232518,7.9616e-05
232537,0.000784896
232557,0.000611328
232707,1.536e-06
232751,0.000150528
232794,2.6624e-05
232817,0.000339712
232861,0.00103808
232945,9.5488e-05
233030,1.6128e-05
233074,7.168e-06
233127,2.56e-07
233169,0.000567808
233191,0.000105216
233255,9.3952e-05
233343,0.000165376
233394,1.2032e-05
233434,0.001026048
233449,0.002690048
233540,3.968e-05
233564,1.4336e-05
233574,0.000785152
233577,0.001381632
233671,4.992e-05
233725,5.6064e-05
233742,4.3776e-05
233755,3.6864e-05
233768,3.4048e-05
233772,0.000326656
233781,0.001227264
233815,0.000208128
233877,1.792e-06
233896,7.5264e-05
233910,3.2e-05
233977,2.048e-06
234113,0.00067584
234158,3.9936e-05
234191,5.0944e-05
234282,0.000122112
234316,2.5344e-05
234319,0.000187904
234376,9.5488e-05
234448,8.2944e-05
234464,0.00094848
234513,0.000214528
234526,2.5344e-05
234601,0.000371968
234640,1.6896e-05
234677,1.2288e-05
234691,0.001060608
234750,0.000350464
234777,0.000368128
234827,1.5872e-05
234856,4.9664e-05
234858,7.1168e-05
234871,8.8832e-05
234907,3.328e-06
234956,6.912e-06
234998,1.7664e-05
235049,3.4048e-05
235097,0.000154112
235163,4.1216e-05
235206,0.00010368
235230,7.9872e-05
235232,0.000265472
235261,0.00018688
235291,0.000241664
235324,0.000201728
235344,1.7664e-05
235347,0.0001408
235354,0.001027072
235368,8.448e-06
235397,1.0752e-05
235407,1.5616e-05
235471,0.000274944
235550,8.4992e-05
235570,8.5504e-05
235605,5.0944e-05
235649,0.000329216
235674,6.3232e-05
235681,0.00018048
235721,0.00017408
235722,0.003345664
235781,3.8656e-05
235832,2.0224e-05
235863,0.000123392
235885,0.000321792
235907,0.000300288
235932,1.6384e-05
236098,3.328e-05
236166,7.0144e-05
236171,0.000310272
236221,4.096e-06
236250,6.656e-06
236257,1.8176e-05
236288,0.000322304
236293,7.424e-05
236304,0.002083072
236362,0.000782336
236373,0.002400768
236393,0.000193792
236413,5.6064e-05
236447,9.9072e-05
236476,1.9968e-05
236509,0.000492032
236555,8.704e-06
236573,1.9968e-05
236583,1.8944e-05
236633,1.024e-06
236644,0.000352256
236660,0.000204544
236693,0.000498688
236734,9.472e-06
236759,9.984e-06
236771,0.000122368
236774,7.6544e-05
236811,0.000453888
236813,0.000189696
236822,0.000241664
236841,0.001684224
236858,0.0026432
236870,0.000438528
236873,0.001670912
236886,0.012093696
236933,0.003493888
236974,5.4272e-05
237024,0.000312064
237049,0.0001664
237070,2.56e-07
237125,0.001050368
237158,0.000833536
237174,0.00014336
237191,0.002983424
237235,9.8816e-05
237247,0.000100864
237270,7.936e-06
237293,0.0004096
237343,0.000139264
237373,0.000636672
237385,0.000333568
237421,1.5872e-05
237435,0.000940032
237459,0.000199168
237491,0.000691968
237519,0.000312576
237541,0.000186624
237554,0.000322304
237583,0.00015616
237611,0.000413184
237649,0.000166656
237659,7.7056e-05
237665,0.000197888
237687,0.000438016
237691,0.000219648
237699,0.001350144
237713,5.5296e-05
237739,0.000182784
237749,0.0001088
237759,5.0944e-05
237769,9.7792e-05
237779,0.000222208
237799,4.3264e-05
237819,0.000202752
237829,0.000580864
237859,3.8144e-05
237869,0.000391168
237889,0.000415232
237899,0.000269824
237919,0.000273664
237939,0.0001216
237944,0.00027392
238011,3.712e-05
238026,4.6848e-05
238037,0.000148736
238060,3.3792e-05
238061,0.003316992
238105,3.1744e-05
238108,0.000286976
238130,0.00068992
238190,7.68e-07
238237,0.000347904
238279,0.000256512
238293,0.000208128
238336,7.68e-07
238340,0.00071808
238345,0.000727808
238349,0.000168704
238404,0.000207872
238425,4.224e-05
238448,2.688e-05
238481,1.28e-06
238505,0.000114432
238506,0.00018048
238556,0.000629248
238587,5.376e-06
238615,0.000354816
238636,8.96e-05
238686,0.000399104
238697,0.000159488
238717,8.6016e-05
238749,0.00035456
238760,0.000115456
238764,0.000130048
238774,1.024e-06
238794,0.000763136
238809,0.0012352
238857,0.000440832
238895,0.000441856
238912,0.000471808
238914,0.000225536
238949,0.000191488
238981,0.00020096
239017,0.000322816
239077,0.00101504
239105,0.000136448
239116,0.000318976
239164,0.000119296
239166,2.4832e-05
239169,0.0002752
239221,3.3536e-05
239229,7.68e-06
239238,1.3312e-05
239275,0.000397568
239307,3.0208e-05
239313,9.1392e-05
239375,0.00047104
239423,0.00126592
239432,0.000113664
239461,0.000115712
239476,0.000108032
239500,0.000332544
239514,4.0704e-05
239529,0.000520448
239581,0.000270336
239602,7.424e-06
239621,5.6576e-05
239666,9.2672e-05
239680,1.6896e-05
239691,0.000137216
239700,0.000186624
239723,0.001208576
239747,0.000231424
239770,4.9152e-05
239774,0.007063296
239825,0.000144128
239842,0.000527104
239864,0.000106496
239897,7.68e-07
239902,0.000584192
239956,0.001397504
239965,0.0016128
239989,0.001811456
240017,0.000910336
240067,1.536e-06
240095,0.000124928
240097,0.000837632
240129,0.000363264
240241,0.00019968
240301,2.048e-05
240310,0.001629696
240350,2.9952e-05
240356,3.4816e-05
240368,0.000199424
240417,0.000196608
240431,0.000427264
240484,0.000343552
240490,0.000683776
240541,0.001392384
240574,0.000656128
240582,0.000337408
240606,0.000385536
240628,9.7536e-05
240635,0.000730368
240695,2.9952e-05
240705,1.1776e-05
240706,0.001064192
240711,0.000219648
240737,0.00029568
240765,0.000109312
240794,0.000115968
240814,0.000739072
240829,0.001023232
240867,2.1504e-05
240884,2.176e-05
240909,0.00023936
240914,1.8176e-05
240967,0.005078016
240993,0.00086912
241038,0.000210432
241042,0.000389888
241062,0.000384512
241113,2.048e-05
241160,1.8432e-05
241190,0.000132096
241200,4.864e-05
241223,0.002481408
241248,0.000144384
241270,0.000276992
241323,0.000405504
241337,3.328e-05
241356,5.1968e-05
241383,8.192e-05
241405,0.000592128
241430,0.0001408
241467,6.5792e-05
241473,5.6576e-05
241484,0.000167936
241571,2.4576e-05
241581,0.000715008
241709,0.000205568
241734,0.000808704
241766,3.2256e-05
241791,8.704e-06
241822,4.0448e-05
241859,0.000616448
241911,1.536e-06
241966,3.0976e-05
241974,0.000133888
241997,1.6896e-05
242028,5.7856e-05
242050,2.3296e-05
242055,0.00141056
242127,0.000235264
242158,0.000129792
242169,0.000159488
242228,0.000139776
242277,2.8672e-05
242286,6.912e-06
242291,0.000233984
242309,0.000328704
242352,0.001741568
242368,0.000394496
242413,2.8928e-05
242451,5.4784e-05
242487,2.8416e-05
242524,0.000364544
242573,0.000138496
242588,0.000581632
242640,0.00056064
242658,0.001084928
242681,0.00035328
242711,8.576e-05
242722,0.00051072
242747,7.168e-06
242778,5.632e-06
242788,1.9456e-05
242851,2.6112e-05
242880,2.304e-06
242896,2.5344e-05
242922,0.000485632
242993,0.000186112
243028,0.000121088
243150,0.000479232
243159,0.00041472
243170,0.001353472
243194,3.8912e-05
243245,8.3456e-05
243258,0.000114688
243358,0.000333824
243365,0.000242944
243408,0.000136704
243467,1.7152e-05
243470,0.00015872
243518,0.000305664
243552,0.000104704
243574,9.8048e-05
243604,0.000570112
243692,2.5856e-05
243698,7.552e-05
243720,0.000177664
243733,0.000318976
243781,0.000610048
243881,6.5024e-05
243888,8.4224e-05
243912,0.000243712
243923,0.000907008
243961,0.000275456
243974,4.4032e-05
243981,0.0002752
244015,0.000269568
244037,9.2928e-05
244039,9.2672e-05
244081,4.352e-05
244086,0.000987648
244130,0.00029696
244132,0.000790784
244150,0.000100096
244197,0.000158464
244234,0.00012416
244278,5.4528e-05
244284,0.000879616
244366,1.6128e-05
244379,0.00046336
244399,0.000329728
244479,7.552e-05
244565,5.632e-05
244578,0.0018752
244637,4.6848e-05
244671,0.000523008
244709,0.00016768
244747,0.000152064
244759,0.000104192
244783,0.000275456
244817,1.792e-06
244861,0.000694272
244884,7.3984e-05
244897,0.0001408
244938,0.000129024
244973,0.000346624
245030,3.584e-05
245080,8.192e-06
245196,2.2272e-05
245215,6.0672e-05
245225,4.736e-05
245268,9.216e-05
245285,0.000116736
245364,0.0003328
245413,7.1424e-05
245417,0.000176896
245456,1.28e-05
245462,6.016e-05
245491,9.984e-06
245505,8.192e-06
245540,6.8608e-05
245545,0.000151552
245581,0.000170752
245605,0.000210432
245628,0.000567296
245654,5.12e-06
245681,1.024e-06
245693,7.3984e-05
245738,5.12e-06
245739,0.000100352
245758,1.3312e-05
245766,4.8896e-05
245802,0.002429952
245885,1.8176e-05
245914,0.00013952
245965,0.000165376
245981,0.000258048
246036,6.4256e-05
246059,0.000101376
246086,7.6288e-05
246098,2.304e-06
246137,9.1136e-05
246142,0.001303296
246147,9.6256e-05
246198,7.68e-06
246207,1.2544e-05
246223,4.9664e-05
246308,0.002769152
246360,2.9696e-05
246369,3.5072e-05
246396,0.000553216
246445,1.4848e-05
246475,0.000238336
246537,6.3232e-05
246568,4.608e-05
246589,6.9632e-05
246620,0.000330752
246680,3.4304e-05
246703,0.000352256
246754,0.00049024
246798,0.00080896
246816,4.9664e-05
246852,0.000624896
246894,0.000269312
246956,6.2464e-05
247031,0.000744704
247071,0.000219648
247073,0.001541376
247138,0.00048896
247167,0.00021504
247180,8.2688e-05
247211,0.000238848
247236,0.000346624
247351,2.6112e-05
247397,5.12e-07
247406,3.328e-06
247412,9.984e-06
247450,0.000470528
247488,0.000324864
247496,0.000781312
247522,0.000423936
247603,0.000425984
247703,1.92e-05
247729,0.000101632
247801,6.912e-06
247873,1.3568e-05
247889,0.000104704
247932,0.000444416
247964,0.000225024
247978,0.000309248
247997,0.000243456
248037,1.9456e-05
248110,5.632e-06
248146,8.192e-05
248165,0.00041472
248221,0.000111104
248277,4.6592e-05
248294,0.000274944
248299,2.816e-06
248332,8.6016e-05
248348,3.328e-05
248361,0.000173568
248442,0.000432896
248520,0.00012928
248539,2.56e-06
248540,1.7664e-05
248581,3.84e-05
248619,0.001442048
248758,1.7152e-05
248769,0.00195968
248842,6.272e-05
248856,0.000193536
248905,1.2544e-05
248929,0.000315904
249015,7.68e-07
249017,3.9168e-05
249062,2.0992e-05
249073,6.0928e-05
249101,6.7072e-05
249110,0.000331776
249133,0.00031488
249161,5.632e-06
249199,3.6864e-05
249201,0.000176128
249249,0.0003008
249282,0.000290304
249373,4.7616e-05
249375,0.000416512
249413,3.072e-05
249474,0.001747712
249573,0.000394752
249635,6.784e-05
249642,7.2704e-05
249646,6.9632e-05
249673,0.000528896
249727,4.864e-05
249751,6.5024e-05
249817,0.000103424
249855,2.2272e-05
249884,7.424e-06
249887,4.992e-05
249925,0.001326336
249985,0.000148992
250157,0.00025472
250196,2.2528e-05
250198,0.000717568
250247,2.4064e-05
250254,7.2704e-05
250291,0.000315648
250341,0.000296192
250345,1.6384e-05
250375,1.536e-06
250422,0.000131584
250440,5.888e-06
250493,0.00072448
250570,9.984e-05
250592,1.1264e-05
250691,9.472e-05
250702,0.001255168
250754,0.000203008
250843,1.536e-06
250874,1.408e-05
250881,3.0976e-05
250916,0.00023168
250960,4.6336e-05
250984,0.000289792
251008,0.000453632
251068,4.864e-06
251092,0.00014336
251126,0.000264192
251139,0.000371456
251167,1.1264e-05
251222,0.000391936
251314,5.376e-06
251331,0.001220864
251379,8.6016e-05
251411,1.7152e-05
251511,0.00049536
251557,0.000229376
251580,0.000454912
251599,7.4752e-05
251747,3.584e-06
251760,7.2192e-05
251778,6.9376e-05
251781,0.000570112
251783,0.000132864
251859,6.9632e-05
251884,0.000772608
251959,0.000251904
251968,0.000101376
251980,0.000735744
251982,0.00058368
252013,0.00021504
252062,6.5792e-05
252085,4.352e-06
252106,0.000293632
252184,3.712e-05
252209,3.3536e-05
252228,3.84e-06
252246,7.2704e-05
252288,0.00028032
252294,0.00201856
252372,5.632e-05
252407,0.000649728
252434,0.000320256
252525,0.000100096
252576,5.376e-06
252613,0.000738048
252781,1.024e-06
252804,4.4544e-05
252817,0.000197376
252840,0.001121536
252934,1.408e-05
252972,2.816e-06
252974,0.000121344
253021,1.8432e-05
253053,0.000127744
253062,0.00013696
253071,0.000838144
253121,3.3024e-05
253138,0.000455936
253159,1.9456e-05
253165,0.000294656
253205,5.1712e-05
253213,6.4256e-05
253219,0.00054784
253275,5.1968e-05
253346,0.000110592
253369,2.304e-06
253391,0.00019456
253412,0.000589312
253445,9.216e-06
253483,3.584e-06
253557,3.9936e-05
253583,1.792e-06
253656,2.56e-07
253687,6.912e-06
253751,2.7904e-05
253780,0.000104448
253840,1.28e-06
253889,4.1472e-05
253928,3.968e-05
253959,1.024e-06
254012,0.000207616
254026,2.7904e-05
254065,1.6128e-05
254070,5.5296e-05
254139,2.304e-06
254172,9.8304e-05
254211,0.00126976
254278,0.00016512
254315,0.000116992
254392,5.5808e-05
254442,0.000500992
254451,0.000199936
254515,6.5536e-05
254639,0.000385792
254672,1.3056e-05
254718,8.7296e-05
254748,0.000454912
254767,7.1168e-05
254775,0.000160512
254855,0.000157696
254886,6.9632e-05
254912,9.984e-06
254984,1.0752e-05
255003,2.304e-05
255015,8.0384e-05
255051,1.9968e-05
255062,0.000600832
255228,7.6544e-05
255262,3.6096e-05
255282,1.4848e-05
255298,0.000662784
255342,5.8112e-05
255344,4.3008e-05
255348,2.816e-05
255357,0.000173568
255453,8.96e-06
255471,9.728e-05
255538,8.192e-06
255547,5.12e-07
255564,0.000424448
255591,0.000157696
255626,7.7824e-05
255628,0.000302336
255679,6.912e-05
255731,0.000656384
255780,0.00258944
255867,8.7296e-05
255881,6.7072e-05
255889,0.000417536
255892,0.000962048
255939,0.000147456
255953,0.000105984
256021,0.000660992
256050,0.000141824
256072,0.000463104
256141,2.56e-07
256164,7.168e-06
256204,0.002101504
256236,9.984e-06
256359,1.5616e-05
256372,0.000206336
256450,0.000108032
256531,1.6128e-05
256571,0.00016256
256636,0.00011008
256662,0.000228352
256750,0.000875264
256776,4.352e-05
256814,0.000244224
256888,3.712e-05
256906,2.816e-06
256959,2.8416e-05
256977,2.4832e-05
257002,5.7088e-05
257005,9.1648e-05
257030,0.00061184
257058,0.000200704
257084,0.000297984
257086,2.8672e-05
257167,0.000109568
257168,6.272e-05
257255,1.28e-06
257263,7.168e-06
257293,0.001538816
257351,0.000178176
257367,0.00022912
257380,0.000226304
257397,0.000678912
257422,2.5856e-05
257454,2.7136e-05
257468,0.000242944
257512,2.688e-05
257538,9.088e-05
257626,3.4304e-05
257762,6.8096e-05
257772,4.7616e-05
257782,8.8832e-05
257792,0.00010368
257808,0.000192768
257832,5.1968e-05
257842,3.7632e-05
257854,0.001247488
257872,5.632e-06
257902,2.816e-06
257912,0.000310272
257919,0.000203008
257962,0.000215296
257972,5.4016e-05
257992,1.7408e-05
258022,0.000120064
258032,0.000167168
258042,0.000333312
258052,1.2544e-05
258062,8.96e-05
258072,3.5328e-05
258082,0.000276736
258092,0.00018816
258122,0.00017024
258132,0.000393728
258152,2.1248e-05
258182,0.000323328
258202,0.000241152
258232,2.5344e-05
258239,5.1968e-05
258242,0.00034688
258248,0.000196864
258282,0.000401152
258302,1.5616e-05
258307,0.000186112
258342,0.000230912
258352,0.000418048
258362,0.000164608
258382,7.8592e-05
258402,5.3248e-05
258412,0.000492544
258432,0.000632832
258452,0.000402176
258462,0.000418816
258472,0.00040448
258482,2.432e-05
258502,0.000862976
258532,0.000748288
258542,0.000525312
258552,0.000164864
258617,0.000506624
258652,1.024e-06
258678,5.5808e-05
258717,5.8624e-05
258773,3.072e-06
258803,0.000143104
258886,2.56e-05
258898,0.000695808
258934,0.000214016
258952,7.3216e-05
258968,3.328e-06
258971,0.000295936
258977,0.000478464
258994,0.000478976
259027,0.000101888
259058,1.4336e-05
259093,2.048e-06
259118,4.096e-05
259136,3.8912e-05
259158,2.4576e-05
259172,0.000333056
259224,2.048e-06
259240,2.0224e-05
259286,5.504e-05
259361,0.0001216
259401,0.000409088
259442,7.5264e-05
259470,0.000573696
259503,4.2496e-05
259546,0.000210688
259574,3.328e-05
259596,7.424e-06
259635,8.4736e-05
259655,1.5104e-05
259666,0.000187136
259697,1.6384e-05
259794,8.704e-06
259846,0.000314112
259865,9.5744e-05
259904,5.0688e-05
259932,2.5856e-05
260015,0.000351744
260035,0.00025856
260085,1.1776e-05
260087,0.000252928
260252,1.7664e-05
260273,2.304e-05
260331,0.000127744
260347,7.936e-06
260374,0.000830976
260403,0.000514048
260494,2.9696e-05
260523,0.00029696
260560,1.2032e-05
260601,7.7056e-05
260610,0.000902144
260735,2.7136e-05
260760,7.936e-06
260766,0.000271104
260827,1.024e-06
260861,3.3536e-05
260888,0.000178944
260958,0.000562944
261070,0.000165888
261100,4.608e-06
261134,0.000882432
261162,3.6096e-05
261170,0.000159744
261216,1.6128e-05
261240,0.00122368
261299,0.000104704
261314,0.000782336
261370,1.024e-05
261409,3.5584e-05
261421,1.0496e-05
261431,5.632e-06
261495,5.376e-06
261544,0.000785664
261591,2.7648e-05
261627,7.168e-06
261651,0.00025856
261678,0.000939264
261728,1.9712e-05
261746,9.472e-06
261777,6.7328e-05
261815,7.0656e-05
261872,2.56e-05
261925,2.7648e-05
261953,2.2016e-05
261969,7.936e-06
262043,1.8176e-05
262098,0.000294912
262118,3.3024e-05
262149,0.000150784
262181,0.000143872
262340,1.024e-05
262359,0.000284672
262402,1.1776e-05
262404,0.00048768
262471,0.001190144
262558,3.4816e-05
262568,1.9968e-05
262573,2.7136e-05
262628,9.984e-06
262658,6.8608e-05
262664,1.92e-05
262704,1.9968e-05
262747,5.888e-06
262853,9.472e-06
262909,3.5072e-05
262919,5.7088e-05
262985,0.000108544
263019,5.76e-05
263081,9.9328e-05
263089,2.5344e-05
263135,3.1232e-05
263164,6.144e-06
263177,2.56e-07
263194,2.688e-05
263251,2.4064e-05
263287,0.001203712
263306,0.000632832
263419,4.736e-05
263424,3.328e-06
263482,2.4064e-05
263535,0.000508672
263608,1.024e-05
263755,4.096e-06
263776,5.376e-06
263781,0.00027392
263802,0.000198144
263830,6.912e-06
263857,0.0001216
263872,5.8368e-05
263919,1.7152e-05
263951,2.3296e-05
264023,3.072e-06
264037,0.0002368
264081,7.1168e-05
264147,0.000246784
264167,0.000626176
264221,8.704e-06
264236,2.3552e-05
264308,8.6272e-05
264340,1.9968e-05
264347,0.001735936
264369,0.00029696
264371,0.000256256
264427,0.00047744
264479,0.000105216
264496,2.7904e-05
264529,0.000260352
264609,0.00056704
264661,0.00010368
264810,0.000322816
264858,0.000244224
264886,4.0704e-05
264889,3.6096e-05
264900,5.1712e-05
264937,3.3024e-05
264947,4.6336e-05
264961,1.7152e-05
265012,0.000585472
265050,0.000475392
265108,7.936e-06
265117,6.528e-05
265130,0.000222464
265169,2.56e-06
265212,9.1904e-05
265223,0.000197888
265277,6.6304e-05
265291,0.00048128
265345,6.272e-05
265358,1.28e-06
265373,0.00022912
265429,1.0752e-05
265466,0.00027264
265480,5.8112e-05
265505,0.001500928
265531,0.000320512
265573,0.000228864
265595,0.00045696
265640,2.8416e-05
265680,1.8432e-05
265730,2.5856e-05
265738,0.000370944
265744,0.000628224
265765,6.6048e-05
265786,7.4752e-05
265855,1.1776e-05
265886,0.0012544
265939,6.4512e-05
265969,6.9888e-05
266005,0.000115456
266105,0.000116992
266150,0.00017664
266176,2.7648e-05
266400,0.000239872
266407,7.2192e-05
266446,3.072e-05
266472,4.7616e-05
266527,4.5056e-05
266576,8.4992e-05
266640,0.000230144
266677,0.000383744
266719,7.7568e-05
266734,2.944e-05
266766,2.2272e-05
266777,0.000162304
266848,6.2208e-05
266860,0.000341248
266903,0.00012544
266918,3.072e-06
267001,1.3568e-05
267085,3.1744e-05
267116,3.328e-06
267170,0.000220416
267214,0.000116224
267269,0.000117504
267287,0.000190464
267336,0.000556544
267357,0.000816384
267372,0.000681472
267425,2.6112e-05
267466,2.688e-05
267475,2.6624e-05
267492,5.376e-06
267616,4.608e-06
267622,1.28e-05
267671,4.0192e-05
267696,1.3056e-05
267714,4.736e-05
267760,4.3776e-05
267783,7.5008e-05
267847,0.001150976
267903,1.0496e-05
267935,5.12e-06
267966,3.84e-05
268020,9.472e-06
268056,9.472e-05
268134,2.56e-07
268146,0.00021248
268241,0.000135168
268369,1.2032e-05
268392,4.224e-05
268409,1.536e-06
268442,0.000105472
268462,1.8176e-05
268490,0.000234496
268571,0.00061824
268574,4.7104e-05
268654,0.00051712
268685,7.6288e-05
268741,1.792e-06
268837,1.024e-05
268988,0.000287232
268992,0.000491008
269041,0.000109824
269076,1.7664e-05
269101,8.704e-06
269117,0.00142208
269166,7.68e-07
269232,1.8176e-05
269275,2.432e-05
269320,2.3808e-05
269351,2.3296e-05
269369,3.5328e-05
269397,4.48e-05
269457,2.816e-06
269531,0.000301312
269568,5.376e-06
269573,0.000129024
269611,0.0004928
269634,8.6528e-05
269694,0.000494336
269758,0.000241664
269768,1.8944e-05
269772,9.8304e-05
269804,2.432e-05
269817,0.000130304
269849,4.992e-05
269867,0.000170752
269885,0.000909056
269901,0.000703744
269926,0.000193536
270004,1.6896e-05
270044,7.424e-06
270049,8.9344e-05
270094,7.424e-06
270125,9.728e-06
270150,1.408e-05
270159,2.7904e-05
270247,0.000207616
270275,9.728e-06
270289,8.576e-05
270367,7.936e-06
270415,1.8176e-05
270433,0.000235264
270460,0.000145664
270484,1.0496e-05
270510,0.000102912
270578,2.5088e-05
270630,3.84e-06
270658,0.0001472
270748,0.00044032
270806,3.5584e-05
270814,0.000126976
270831,0.000315904
270899,0.000169984
270955,1.28e-06
270967,0.001009664
271036,0.000120064
271061,0.000114432
271073,0.00063488
271147,1.3568e-05
271209,0.001208832
271238,4.608e-05
271249,0.000215552
271281,1.664e-05
271318,1.7408e-05
271392,0.000278784
271426,7.04e-05
271470,1.1776e-05
271527,0.000348416
271572,6.144e-06
271608,1.7664e-05
271624,0.000550912
271671,0.000185088
271693,8.8064e-05
271752,0.000508672
271866,0.000365312
271935,1.92e-05
271974,7.0656e-05
272005,0.00017536
272026,3.584e-06
272100,0.000573184
272142,3.9936e-05
272149,0.000100864
272170,0.000137472
272183,0.000493824
272233,0.000407296
272256,4.5568e-05
272281,3.072e-05
272331,0.000923136
272347,0.000251904
272393,1.152e-05
272434,0.000581632
272509,0.000279552
272586,7.0912e-05
272598,0.000814848
272688,0.002862592
272738,3.712e-05
272765,0.002346496
272848,0.000305152
272885,1.5104e-05
272988,7.296e-05
273012,1.5104e-05
273084,0.000127744
273128,4.1728e-05
273160,0.000130048
273191,1.8432e-05
273218,2.7904e-05
273256,6.5536e-05
273280,0.000441344
273332,0.000202752
273359,0.002398208
273365,0.000830976
273418,0.000105984
273505,3.1488e-05
273521,0.000175616
273582,5.2224e-05
273607,0.000176384
273638,0.000508928
273661,1.6896e-05
273662,0.002509312
273708,4.5824e-05
273716,0.000153088
273748,3.2512e-05
273816,5.0688e-05
273842,5.9648e-05
273885,1.28e-06
273912,3.328e-05
273929,1.024e-05
274026,0.00018304
274047,0.000134912
274063,0.0017984
274225,3.072e-06
274270,2.4576e-05
274288,4.5568e-05
274348,0.000186112
274403,1.92e-05
274410,0.000467968
274504,3.5584e-05
274543,7.168e-05
274556,0.00022016
274595,0.000212992
274646,3.8144e-05
274676,2.432e-05
274791,3.328e-05
274817,2.048e-06
274902,0.000201472
274911,8.704e-05
274955,0.001021952
274958,0.0005888
275080,2.56e-07
275119,7.6288e-05
275153,0.000154624
275177,0.000807168
275203,0.000179456
275244,0.00028416
275259,6.8096e-05
275290,9.984e-06
275307,8.7552e-05
275396,0.000117248
275412,1.536e-06
275445,1.5104e-05
275451,1.9456e-05
275467,0.000170496
275481,6.4e-06
275486,7.7824e-05
275527,3.1232e-05
275564,5.9904e-05
275571,0.00107136
275599,0.00041088
275650,0.0012096
275758,4.352e-06
275760,0.0
275804,1.2544e-05
275885,6.7072e-05
275911,1.92e-05
275915,4.7872e-05
275935,0.000171776
275971,8.192e-06
276006,2.6112e-05
276023,2.048e-05
276031,5.12e-05
276098,2.3552e-05
276120,9.5744e-05
276265,1.024e-06
276346,3.584e-06
276373,9.9584e-05
276435,2.56e-05
276447,0.0003392
276463,0.000520192
276485,0.000213504
276563,4.8896e-05
276610,6.1184e-05
276620,0.000111616
276662,3.968e-05
276711,1.3568e-05
276817,1.2032e-05
276862,3.6608e-05
276933,6.656e-06
276955,1.0496e-05
276976,0.000221696
276979,0.00057216
277032,8.9344e-05
277096,0.000183808
277158,6.4e-06
277195,6.2976e-05
277263,1.6896e-05
277331,7.936e-06
277368,1.5616e-05
277401,2.432e-05
277415,3.6608e-05
277436,0.000311808
277472,9.856e-05
277502,6.2976e-05
277518,0.000588544
277525,0.001703168
277570,0.000658176
277639,2.816e-06
277674,7.424e-06
277683,2.4832e-05
277720,0.000854016
277767,8.448e-05
277795,2.304e-05
277814,3.9168e-05
277838,1.1776e-05
277925,0.001047808
277973,0.000154624
278003,7.68e-07
278015,3.3536e-05
278055,4.864e-06
278099,0.001485824
278166,0.000422144
278168,0.00226048
278259,3.5584e-05
278323,9.728e-06
278398,6.656e-05
278449,1.3312e-05
278525,8.7552e-05
278532,0.00020224
278540,1.536e-06
278578,6.6304e-05
278589,3.072e-05
278636,0.001382912
278702,8.064e-05
278741,6.2976e-05
278765,4.9664e-05
278766,0.000130048
278806,2.304e-05
278819,1.28e-05
278894,3.8656e-05
278949,1.7152e-05
279012,4.864e-06
279027,9.216e-06
279086,1.4848e-05
279170,8.448e-06
279176,5.1456e-05
279285,0.000100608
279308,1.3312e-05
279336,0.000157696
279396,0.000268288
279472,0.000268032
279498,3.456e-05
279549,4.8896e-05
279629,6.8352e-05
279669,0.000201216
279684,1.408e-05
279691,0.003384576
279805,1.3312e-05
279820,8.192e-06
279821,0.000150016
279864,1.792e-06
279875,0.00034688
279899,3.8912e-05
279925,9.3952e-05
279961,7.168e-06
280037,0.000220672
280119,1.536e-06
280161,2.0736e-05
280214,2.3296e-05
280243,6.1184e-05
280327,0.000153088
280401,5.5296e-05
280435,0.000147712
280479,1.28e-06
280517,2.2528e-05
280566,6.912e-06
280568,6.2208e-05
280603,9.1392e-05
280651,4.9408e-05
280690,2.3296e-05
280716,0.000804352
280730,0.0001472
280786,0.000168704
280831,0.000150528
280919,9.2416e-05
280930,0.000488192
280990,2.8928e-05
281018,6.7584e-05
281047,0.00028288
281066,0.000723456
281173,4.9152e-05
281204,1.0752e-05
281255,2.56e-05
281350,7.68e-06
281357,4.4288e-05
281372,0.000159744
281392,8.1152e-05
281414,0.00015232
281440,0.000152064
281507,4.7616e-05
281565,0.000102144
281609,0.00016896
281646,0.000239872
281719,7.68e-06
281750,6.7328e-05
281763,2.7392e-05
281772,0.000170496
281782,0.000324864
281901,1.1008e-05
281906,0.000256256
282049,1.7152e-05
282133,0.000448
282155,0.002057728
282226,2.176e-05
282237,1.536e-06
282246,1.3824e-05
282282,0.000569344
282315,3.1232e-05
282351,0.000187392
282386,9.728e-06
282432,9.216e-06
282457,1.4592e-05
282465,0.000732416
282472,0.000468992
282504,0.000195584
282651,2.3296e-05
282694,0.000116224
282726,7.68e-07
282783,0.000243712
282787,8.448e-06
282813,4.096e-05
282829,0.000187136
282872,3.6864e-05
282880,1.5104e-05
282916,0.001789952
282971,9.3952e-05
282994,3.6096e-05
283031,2.8928e-05
283039,0.001625344
283127,3.6352e-05
283317,1.5104e-05
283334,1.8944e-05
283370,6.1184e-05
283431,0.000391168
283459,3.84e-06
283498,2.816e-06
283503,0.000148224
283534,6.144e-06
283556,0.000154112
283569,4.1472e-05
283586,1.536e-06
283593,1.1008e-05
283599,6.016e-05
283600,0.000136704
283658,3.9168e-05
283721,2.304e-05
283751,3.4048e-05
283763,1.4592e-05
283818,4.3008e-05
283906,2.304e-06
283941,4.736e-05
283983,2.5088e-05
283990,7.1168e-05
284034,2.816e-06
284053,1.92e-05
284084,0.000397568
284120,0.000402176
284152,5.8624e-05
284168,0.000211456
284175,0.000952064
284209,0.00073216
284239,0.000116992
284246,0.000859904
284340,0.000105728
284376,9.472e-06
284385,5.632e-06
284395,2.304e-05
284412,1.792e-06
284438,2.56e-06
284455,0.000201984
284472,0.000131072
284512,0.005134592
284600,4.992e-05
284601,0.000259072
284657,6.528e-05
284659,0.00022912
284729,2.816e-06
284768,3.456e-05
284773,0.000688128
284828,2.0992e-05
284843,8.5504e-05
284889,0.000288
284943,2.7136e-05
284979,1.2032e-05
285111,1.792e-05
285169,1.9456e-05
285231,4.0448e-05
285257,3.712e-05
285310,1.8432e-05
285312,0.000108288
285411,1.0752e-05
285428,7.936e-06
285448,5.2992e-05
285451,0.002539264
285519,0.000129024
285547,0.000168448
285573,0.000113408
285591,3.1232e-05
285609,0.000421376
285751,0.000331264
285772,0.000904704
285818,1.3824e-05
285829,0.000198656
285834,0.000781056
285868,0.000383232
285889,7.936e-06
285944,5.4528e-05
285956,1.2288e-05
285967,7.68e-06
286042,2.432e-05
286073,1.3056e-05
286090,1.3312e-05
286107,1.5616e-05
286127,4.352e-05
286188,1.536e-06
286208,1.6384e-05
286244,0.000169728
286246,2.56e-05
286272,0.000463616
286308,5.504e-05
286329,0.001700352
286360,0.000272384
286384,0.000196096
286415,9.472e-06
286429,9.5232e-05
286487,0.000436736
286537,3.2256e-05
286564,6.2464e-05
286566,0.000438784
286574,0.004223232
286620,4.1728e-05
286640,1.664e-05
286673,0.000581632
286699,0.000460288
286709,0.000318464
286722,0.000826368
286786,0.000974592
286823,6.6816e-05
286833,0.000159232
286884,2.3296e-05
286890,0.00014848
286953,2.176e-05
287011,0.000739328
287125,5.12e-07
287140,7.936e-06
287201,0.000114688
287218,0.000173056
287274,5.632e-06
287326,2.304e-06
287362,3.6608e-05
287365,0.000295168
287380,0.000489984
287386,0.00016256
287514,1.8176e-05
287528,2.7392e-05
287541,0.000208384
287584,4.0704e-05
287592,0.000233472
287615,7.8336e-05
287684,0.0005248
287722,4.0448e-05
287739,0.0006592
287769,9.7024e-05
287794,2.9952e-05
287808,0.000135424
287861,5.5552e-05
287866,0.001492992
287960,1.8176e-05
287969,1.6384e-05
287976,0.00019328
288015,0.000110848
288054,0.000576
288105,4.4544e-05
288171,8.3712e-05
288228,1.28e-05
288231,6.656e-06
288289,1.8176e-05
288325,3.072e-05
288369,9.856e-05
288374,0.000173824
288482,1.408e-05
288511,3.7376e-05
288529,3.9424e-05
288549,0.0
288552,2.304e-06
288561,7.1424e-05
288615,7.7824e-05
288686,0.000781056
288715,0.000351744
288738,0.000157952
288756,0.00013056
288765,8.6528e-05
288778,0.001104896
288810,0.000163584
288837,4.8384e-05
288839,0.00026112
288886,2.8672e-05
288898,9.344e-05
288912,5.2736e-05
288920,0.000149248
288958,3.072e-06
289014,3.072e-06
289086,1.9456e-05
289107,4.096e-05
289123,5.12e-06
289185,8.6784e-05
289222,0.000207616
289285,6.528e-05
289289,0.000606464
289337,6.6816e-05
289368,4.5568e-05
289371,2.944e-05
289420,3.4048e-05
289490,0.000105216
289518,7.9616e-05
289540,5.5808e-05
289566,7.8848e-05
289569,3.3536e-05
289676,0.000164352
289730,5.632e-06
289788,8.8832e-05
289805,6.656e-06
289818,0.000440064
289852,1.3056e-05
289866,6.144e-06
289927,7.936e-06
289962,3.1232e-05
289972,0.000408576
289975,6.784e-05
290021,3.4304e-05
290062,1.28e-06
290080,3.84e-05
290140,6.0928e-05
290181,2.9184e-05
290212,0.000113664
290314,0.000795648
290357,0.000137472
290393,0.000192768
290425,0.00022528
290504,0.000281856
290569,9.2672e-05
290589,1.1776e-05
290616,4.0704e-05
290737,5.3504e-05
290752,0.001184512
290757,0.000270848
290816,3.0208e-05
290836,0.000246272
290860,9.1136e-05
290913,0.000690176
290934,1.4336e-05
290961,6.0416e-05
290998,1.024e-05
291040,1.3568e-05
291082,0.000856064
291153,1.7664e-05
291202,1.3824e-05
291239,1.6128e-05
291309,9.0368e-05
291365,1.1264e-05
291367,0.001688576
291464,6.912e-06
291510,5.248e-05
291575,5.632e-05
291658,5.888e-05
291682,4.7872e-05
291746,9.0112e-05
291815,4.0192e-05
291816,4.3008e-05
291822,4.7104e-05
291852,0.000141824
291932,0.00020224
291959,0.000912128
292066,4.48e-05
292077,4.1728e-05
292183,4.608e-06
292191,8.1664e-05
292227,0.000491008
292228,0.001010944
292289,4.4288e-05
292293,0.00039296
292340,1.536e-05
292372,3.328e-06
292393,5.376e-06
292421,9.472e-06
292535,7.552e-05
292549,2.816e-06
292574,1.2032e-05
292606,6.784e-05
292623,1.4336e-05
292631,2.9696e-05
292752,1.0752e-05
292762,4.352e-06
292863,1.1008e-05
292929,1.2544e-05
292957,3.584e-05
292982,1.3056e-05
293032,3.84e-05
293071,5.12e-06
293110,7.6032e-05
293137,0.000416
293167,6.656e-06
293171,0.0003136
293197,5.4016e-05
293269,1.7152e-05
293283,8.96e-05
293298,9.0368e-05
293337,0.000107008
293355,6.2976e-05
293475,0.00042112
293572,0.00038272
293628,1.152e-05
293709,0.000217344
293731,0.000729088
293800,0.000219648
293835,0.000147968
293857,0.000130304
293922,4.48e-05
293969,1.024e-05
294050,0.000111616
294120,6.912e-06
294121,0.000419328
294219,0.00015488
294258,3.072e-05
294262,6.912e-06
294321,2.816e-05
294360,2.8928e-05
294366,1.6896e-05
294368,2.2016e-05
294439,2.048e-06
294453,6.144e-06
294467,7.5008e-05
294502,2.0992e-05
294509,0.0001536
294568,9.856e-05
294615,8.96e-06
294624,0.000694784
294718,0.00062848
294750,5.9136e-05
294773,1.2032e-05
294790,6.912e-06
294856,0.000548096
294876,0.000256
294976,0.000195584
294978,0.000125952
294986,0.000818688
295041,1.4848e-05
295052,3.5584e-05
295083,1.28e-06
295097,2.8672e-05
295111,0.00010368
295118,0.000490752
295193,8.2176e-05
295275,2.688e-05
295370,6.912e-06
295381,2.8416e-05
295400,0.00021248
295434,0.000119296
295464,0.000203264
295498,0.000693248
295556,2.2272e-05
295557,0.000340736
295591,2.816e-06
295608,2.048e-06
295620,0.001188608
295656,0.00020992
295691,1.9456e-05
295754,4.864e-06
295797,0.000183808
295803,9.472e-05
295847,0.000129024
295851,0.001371648
295895,7.424e-06
295958,6.912e-06
295977,5.0176e-05
295989,5.632e-06
295991,1.792e-06
296050,0.000617728
296157,2.0224e-05
296240,3.584e-05
296301,7.3472e-05
296307,3.072e-05
296338,7.424e-06
296360,2.0736e-05
296378,7.936e-06
296382,1.8944e-05
296400,0.000323072
296461,1.8688e-05
296496,1.5104e-05
296511,2.1504e-05
296555,1.9712e-05
296603,5.376e-06
296630,8.96e-06
296681,1.3824e-05
296718,8.1408e-05
296738,1.8688e-05
296741,7.3216e-05
296756,0.00155136
296814,3.3792e-05
296832,1.2032e-05
296865,6.9632e-05
296916,0.00012288
296944,7.68e-06
296970,3.2e-05
297007,0.001172736
297061,0.000384
297093,3.2512e-05
297139,4.864e-06
297150,4.9664e-05
297177,1.152e-05
297194,1.024e-05
297207,4.8384e-05
297375,0.000288256
297443,5.8624e-05
297452,1.4848e-05
297491,2.3552e-05
297496,1.152e-05
297527,0.000278272
297611,6.9376e-05
297649,3.0208e-05
297687,0.000108288
297690,4.4032e-05
297764,3.3024e-05
297794,0.000128
297799,8.1664e-05
297866,5.12e-06
297908,0.000258816
297966,3.0208e-05
297973,0.0003136
298008,5.12e-06
298043,7.3728e-05
298067,2.816e-06
298087,9.8304e-05
298139,0.000205312
298186,9.472e-05
298193,4.48e-05
298251,8.6784e-05
298288,0.000301056
298295,0.001268736
298335,0.000154624
298354,0.000197888
298389,1.5616e-05
298405,2.2272e-05
298439,0.000120832
298453,6.656e-06
298525,2.432e-05
298554,0.000923648
298566,5.7088e-05
298568,0.002940672
298604,0.00013056
298737,0.000370688
298779,1.792e-05
298799,6.144e-06
298811,0.00014592
298859,1.28e-06
298875,0.000141312
298920,7.68e-06
299010,0.001448448
299067,3.328e-06
299094,4.7872e-05
299144,1.4336e-05
299160,9.216e-05
299199,3.6096e-05
299210,8.3968e-05
299230,0.000308224
299250,9.3952e-05
299270,4.0448e-05
299280,5.12e-07
299290,0.000214784
299310,0.000132096
299320,0.00041984
299360,0.0001152
299370,6.9888e-05
299390,0.000114432
299400,0.000177152
299420,9.6512e-05
299430,0.000114944
299440,0.000126208
299450,2.7904e-05
299460,7.7312e-05
299490,0.000415232
299500,0.000141056
299520,8.1664e-05
299530,0.000174336
299540,0.000195584
299550,0.000107008
299560,0.000173568
299580,0.0001728
299600,0.000365568
299610,0.000272128
299620,9.2416e-05
299640,0.000397824
299650,0.000255744
299660,0.000138496
299670,7.68e-05
299710,0.000156416
299736,5.6064e-05
299767,0.000178432
299770,0.000827392
299829,0.0002048
299873,8.192e-06
299889,1.3056e-05
299893,0.000847872
299979,1.0752e-05
300085,5.76e-05
300127,0.000552192
300180,0.000589824
300182,0.000288256
300261,1.8176e-05
300284,5.0688e-05
300367,1.536e-05
300401,6.656e-06
300426,2.2272e-05
300439,4.352e-06
300470,5.12e-07
300478,0.00075136
300487,5.7088e-05
300538,7.936e-06
300701,4.3008e-05
300743,0.000203008
300851,9.8048e-05
300920,0.000195584
300940,3.4816e-05
300970,0.000745472
301018,1.28e-06
301034,9.728e-06
301077,2.0992e-05
301115,1.4592e-05
301184,0.00018944
301243,2.304e-06
301247,0.001051392
301268,0.000496384
301319,0.000156928
301481,2.688e-05
301517,3.584e-06
301527,0.001984256
301583,4.864e-06
301641,2.3296e-05
301690,2.2528e-05
301782,4.608e-06
301783,3.9424e-05
301934,6.656e-06
302041,7.68e-07
302073,2.0736e-05
302097,2.6624e-05
302107,1.024e-06
302109,0.000243456
302148,0.000416
302175,0.000269568
302240,1.152e-05
302268,3.584e-06
302320,2.5344e-05
302344,7.7824e-05
302392,0.000136192
302434,3.6864e-05
302464,0.000115968
302494,8.192e-06
302509,0.001134336
302578,6.4e-05
302643,1.7664e-05
302680,0.000140032
302731,6.2976e-05
302754,3.8144e-05
302787,1.7152e-05
302903,0.000260352
302908,0.000583936
302960,7.68e-06
302996,2.2016e-05
303038,2.7136e-05
303078,2.56e-05
303191,3.7376e-05
303198,9.5488e-05
303217,0.0006016
303283,0.0001216
303342,0.000422656
303369,9.7536e-05
303423,2.1248e-05
303471,2.3552e-05
303489,1.152e-05
303531,2.6368e-05
303564,3.6608e-05
303578,5.6064e-05
303590,1.536e-05
303692,1.2288e-05
303744,7.424e-06
303809,0.000161536
303853,0.000311808
303889,6.5024e-05
304023,1.4848e-05
304060,3.84e-06
304111,0.0001024
304171,5.888e-05
304188,0.000654848
304232,0.000304384
304290,7.9104e-05
304350,0.000450816
304404,1.792e-05
304433,0.000228352
304466,0.000150784
304493,5.632e-06
304513,0.000446208
304557,0.000124416
304573,3.4816e-05
304574,0.000693248
304590,2.4064e-05
304768,0.00050048
304867,0.000127232
304883,0.000333056
304937,0.000134656
304988,0.000381952
305029,6.2208e-05
305063,2.2784e-05
305134,0.000159488
305158,8.8832e-05
305166,0.001213952
305218,9.2672e-05
305243,4.608e-06
305270,8.8064e-05
305326,2.56e-07
305395,5.3504e-05
305517,3.328e-06
305549,5.12e-07
305599,0.000110848
305614,6.4256e-05
305715,8.9344e-05
305735,1.3056e-05
305770,0.008384512
305936,0.00017664
305952,0.000412672
306020,1.536e-05
306058,1.1776e-05
306066,4.5824e-05
306094,4.4544e-05
306106,0.000364288
306175,7.0912e-05
306216,4.608e-05
306231,0.000372992
306300,0.0
306330,0.000104704
306355,6.3744e-05
306366,7.8848e-05
306374,2.56e-07
306375,0.00311552
306409,0.000180992
306490,0.0001856
306493,0.000234752
306580,0.000107264
306673,4.096e-05
306757,0.000131328
306770,0.000137216
306792,1.3312e-05
306903,3.5584e-05
306915,0.000260352
306944,4.8896e-05
306970,0.001586944
307041,2.304e-06
307074,0.000229376
307178,5.0944e-05
307209,1.5872e-05
307272,2.0736e-05
307343,7.3216e-05
307422,1.3312e-05
307428,3.968e-05
307501,3.072e-06
307537,1.792e-05
307557,9.2928e-05
307575,9.9072e-05
307657,0.000263424
307659,2.2528e-05
307697,0.000444416
307739,1.3312e-05
307763,3.4816e-05
307868,0.000947968
307924,4.608e-06
307951,0.000859392
307953,0.003504896
307954,0.001154816
307961,0.008585984
308025,7.2192e-05
308036,0.000111104
308038,0.001774848
308108,1.792e-06
308119,1.664e-05
308140,0.000342528
308174,4.7616e-05
308193,1.6896e-05
308198,6.7072e-05
308204,0.00170752
308217,0.005707008
308219,6.3488e-05
308231,0.0035072
308310,0.004158976
308527,0.000152064
308582,0.000280576
308646,0.00023936
308747,0.00068096
308796,0.000281344
308803,0.001811968
308833,0.000270592
308900,0.000206848
309005,0.000177408
309006,0.00092416
309024,7.7568e-05
309033,7.0144e-05
309087,1.8432e-05
309108,8.2944e-05
309131,0.0
309141,3.8656e-05
309209,4.6848e-05
309234,1.152e-05
309286,0.000642816
309312,0.0002176
309345,6.144e-06
309368,0.000311296
309369,0.000589056
309433,8.4736e-05
309435,3.5072e-05
309523,5.6832e-05
309565,5.5808e-05
309633,3.2e-05
309656,3.3536e-05
309693,0.000886784
309726,6.7072e-05
309752,1.3056e-05
309778,8.448e-06
309886,0.000227328
309910,0.0003712
309949,2.944e-05
310043,5.888e-06
310084,0.003510528
310202,3.072e-06
310211,2.5856e-05
310247,0.000251648
310255,0.000500224
310281,0.000130816
310307,3.968e-05
310341,6.8864e-05
310349,4.5312e-05
310372,4.6848e-05
310434,8.7296e-05
310454,1.1776e-05
310495,0.000120064
310499,0.00041344
310549,0.0001216
310556,0.000133376
310573,4.0704e-05
310659,4.1472e-05
310750,8.8576e-05
310751,9.856e-05
310796,1.3056e-05
310821,2.7136e-05
310843,2.0992e-05
310872,1.1008e-05
310950,3.6608e-05
310972,3.1744e-05
310989,4.608e-06
311028,8.704e-05
311048,3.5328e-05
311068,0.000134144
311097,0.000130816
311154,0.0
311169,2.048e-06
311187,2.0224e-05
311223,6.912e-06
311260,6.9888e-05
311292,4.9408e-05
311372,4.0448e-05
311393,2.944e-05
311401,2.3808e-05
311460,6.656e-06
311467,4.992e-05
311486,6.8352e-05
311548,8.96e-06
311577,0.000102656
311628,1.8432e-05
311679,1.7408e-05
311685,0.000525312
311726,0.001169664
311769,0.000108032
311774,5.888e-06
311806,2.8672e-05
311837,3.072e-06
311871,0.000105472
311901,3.6608e-05
311927,0.000529408
311950,0.000125696
311966,5.632e-06
311981,0.000203776
312016,1.0752e-05
312088,1.5616e-05
312098,3.6096e-05
312134,6.272e-05
312143,7.7312e-05
312154,0.000330496
312156,9.984e-06
312213,0.00023168
312273,1.92e-05
312309,3.3536e-05
312313,4.608e-05
312372,0.000136192
312437,7.68e-07
312467,1.536e-05
312521,5.0432e-05
312583,6.144e-06
312615,7.68e-07
312652,8.96e-05
312817,0.000502272
312878,1.024e-06
312883,0.000175872
312940,5.5808e-05
312991,0.000256256
313034,3.072e-05
313052,2.1504e-05
313059,0.000120576
313123,0.000291584
313159,2.048e-05
313296,0.000165376
313324,4.8128e-05
313352,6.5536e-05
313376,0.001310208
313472,7.68e-06
313481,8.1408e-05
313525,0.00010624
313527,0.00032512
313549,0.000198912
313650,1.3312e-05
313689,3.5072e-05
313767,0.000466176
313864,3.328e-06
313889,7.5776e-05
313946,4.6336e-05
313976,0.000208896
314015,7.168e-06
314029,5.3504e-05
314092,2.6368e-05
314138,2.3552e-05
314160,0.000103424
314174,0.002054912
314296,0.000112384
314309,1.792e-06
314362,0.00017792
314421,4.6336e-05
314514,5.0176e-05
314524,2.56e-06
314531,0.000330752
314642,6.784e-05
314692,1.024e-06
314757,0.000162048
314777,0.001107456
314830,1.4848e-05
314853,3.968e-05
314898,2.2272e-05
314946,0.000154112
314953,0.000359424
315014,0.000147456
315059,3.0208e-05
315121,3.2768e-05
315168,2.3296e-05
315173,2.048e-06
315233,0.000175104
315271,2.944e-05
315280,0.00016512
315296,1.8688e-05
315356,1.0496e-05
315396,2.56e-07
315399,4.864e-06
315415,1.28e-06
315433,0.000240896
315458,8.96e-06
315460,1.3056e-05
315538,4.096e-06
315544,0.000103936
315615,2.5856e-05
315624,7.7824e-05
315639,3.7888e-05
315672,7.68e-07
315676,0.000355072
315780,1.9456e-05
315807,1.3568e-05
315831,4.096e-06
315837,2.432e-05
315886,3.2e-05
315894,0.000122624
315956,2.4064e-05
316006,5.8624e-05
316085,2.048e-06
316179,4.4032e-05
316244,8.2688e-05
316291,1.9456e-05
316346,2.2784e-05
316396,1.024e-06
316475,0.000125184
316521,4.7872e-05
316558,8.4224e-05
316627,5.4272e-05
316691,7.424e-06
316745,2.688e-05
316777,0.000525312
316804,6.016e-05
316917,6.4e-06
317048,9.0368e-05
317129,2.176e-05
317216,3.0464e-05
317295,2.7648e-05
317307,0.00014464
317335,1.3568e-05
317372,3.8656e-05
317373,0.000155136
317451,1.28e-05
317454,1.28e-06
317492,0.000174592
317516,3.0976e-05
317566,3.1232e-05
317593,1.8688e-05
317625,6.912e-06
317638,1.024e-06
317647,0.000108032
317699,3.2e-05
317713,3.2512e-05
317716,0.00057728
317766,4.352e-06
317771,0.00038272
317818,2.4064e-05
317824,7.424e-06
317857,2.2272e-05
317863,1.8176e-05
317876,6.528e-05
317959,0.000180224
318013,1.5872e-05
318100,1.3824e-05
318105,5.376e-06
318119,6.1696e-05
318161,0.001797888
318190,0.00012544
318237,6.144e-06
318270,5.12e-07
318281,0.000237568
318339,6.0672e-05
318345,4.8896e-05
318373,0.00046208
318426,0.000299776
318462,1.024e-06
318485,2.2016e-05
318508,9.4976e-05
318531,0.00016896
318567,0.000166656
318621,0.00013568
318652,1.9712e-05
318667,2.816e-05
318695,2.7392e-05
318707,6.2976e-05
318773,4.864e-06
318787,8.064e-05
318807,2.816e-06
318821,6.016e-05
318845,0.000240384
318855,0.00032
318892,0.000115712
318910,0.00035712
318966,2.7136e-05
319014,3.968e-05
319037,2.0224e-05
319067,5.4528e-05
319084,5.888e-06
319109,3.072e-06
319119,8.704e-06
319160,3.8656e-05
319165,2.8928e-05
319196,2.0224e-05
319229,2.9184e-05
319277,0.000568064
319366,1.3824e-05
319410,0.000367616
319482,5.888e-06
319503,5.2224e-05
319521,2.6112e-05
319556,1.5616e-05
319570,3.2e-05
319585,1.7664e-05
319639,6.0672e-05
319677,0.000182784
319730,6.4e-06
319777,1.7152e-05
319786,0.000154624
319859,4.736e-05
319878,2.5856e-05
319926,6.144e-06
319962,4.6336e-05
319993,0.000128768
320069,3.3536e-05
320084,0.000210176
320170,1.024e-05
320172,0.000101888
320177,0.000545792
320253,5.2736e-05
320262,2.7392e-05
320270,5.9136e-05
320326,4.2496e-05
320406,2.0992e-05
320441,4.3008e-05
320521,3.0208e-05
320614,1.0752e-05
320657,0.000201984
320689,6.5536e-05
320729,0.0002816
320756,4.736e-05
320771,5.9648e-05
320778,2.8416e-05
320824,0.000399104
320895,0.000107264
320914,5.12e-07
320934,1.9456e-05
320984,1.792e-06
321025,4.5568e-05
321085,1.7664e-05
321125,4.2752e-05
321139,5.3248e-05
321165,0.000553984
321192,1.5616e-05
321253,5.8624e-05
321255,0.00107776
321366,0.000169728
321398,9.6256e-05
321400,0.000284928
321483,0.000617728
321546,0.000289536
321597,3.712e-05
321625,1.3568e-05
321631,0.000249088
321652,3.6864e-05
321677,1.0752e-05
321713,3.712e-05
321721,3.1488e-05
321782,5.6064e-05
321855,1.0496e-05
321888,0.00011008
321899,9.216e-06
321962,0.000300032
322004,0.000350208
322027,0.000156928
322030,9.1648e-05
322177,5.12e-06
322269,9.472e-06
322339,7.4496e-05
322419,1.1776e-05
322451,9.728e-06
322494,8.96e-06
322500,3.84e-06
322525,2.6112e-05
322569,4.1472e-05
322657,1.6896e-05
322678,0.000159744
322725,4.5824e-05
322791,1.3312e-05
322831,6.4e-06
322890,0.00023296
322918,9.472e-06
322941,2.56e-06
322948,2.56e-06
322996,4.3264e-05
323101,2.6624e-05
323116,5.12e-06
323117,0.001432064
323157,0.00052608
323283,0.00032256
323317,0.000242432
323347,4.3776e-05
323350,0.000103424
323364,3.584e-05
323497,1.4592e-05
323520,8.704e-06
323523,2.688e-05
323566,0.000286976
323572,0.000101376
323688,0.000751872
323761,0.000169472
323784,4.9408e-05
323837,0.000163328
323903,6.1184e-05
323942,0.000587264
324110,3.5328e-05
324115,0.000182272
324243,5.632e-05
324277,4.3264e-05
324321,8.2688e-05
324324,1.9968e-05
324397,0.000903168
324450,0.000754432
324511,5.888e-06
324513,6.6304e-05
324519,0.000556032
324600,2.688e-05
324677,6.144e-06
324756,3.3792e-05
324790,3.6352e-05
324798,0.000124928
324802,4.3264e-05
324903,0.000460288
324949,5.9136e-05
324971,2.56e-05
324976,3.2512e-05
325057,1.408e-05
325067,8.704e-05
325185,7.68e-05
325241,2.432e-05
325296,0.000209152
325369,0.000204544
325403,0.000589056
325425,0.000156928
325507,8.7552e-05
325543,6.4768e-05
325550,5.3504e-05
325587,0.000158464
325612,2.5088e-05
325653,3.584e-06
325701,2.816e-06
325719,1.536e-05
325829,2.432e-05
325845,9.9072e-05
325873,4.5568e-05
325953,2.5088e-05
325970,5.9648e-05
325992,8.3456e-05
326022,0.00058112
326075,1.6384e-05
326172,0.000123904
326173,3.2512e-05
326383,4.9664e-05
326413,0.000663808
326480,2.5344e-05
326510,2.304e-05
326548,3.0464e-05
326590,0.001529088
326620,1.7408e-05
326652,5.7088e-05
326677,9.472e-05
326721,0.000360448
326753,0.000264704
326769,5.8112e-05
326829,9.728e-06
326866,4.7616e-05
326909,2.5856e-05
326922,3.0976e-05
326969,6.4e-05
327031,8.4224e-05
327089,3.6096e-05
327132,1.6896e-05
327193,2.816e-06
327218,0.000920576
327253,3.1232e-05
327308,0.000151296
327356,7.296e-05
327369,0.000503296
327414,0.000340224
327532,7.3216e-05
327573,2.9952e-05
327706,1.8176e-05
327741,2.8416e-05
327783,0.000233728
327826,3.072e-06
327847,0.000134656
327907,0.000145152
327935,1.024e-05
327959,5.632e-06
327969,1.792e-06
327996,0.002906368
328045,0.000514816
328080,9.2416e-05
328194,3.6096e-05
328248,1.536e-06
328249,4.1728e-05
328290,0.000182016
328306,0.000305152
328417,0.000177664
328459,0.000283136
328488,1.5104e-05
328567,0.000912384
328596,0.000297472
328709,3.6352e-05
328756,3.072e-06
328769,4.0192e-05
328789,9.216e-06
328845,7.68e-06
328862,9.216e-06
328892,1.9456e-05
328948,9.984e-06
328964,4.2752e-05
328985,4.8896e-05
328992,7.3216e-05
329065,0.000106752
329080,0.000175872
329096,0.000184064
329152,0.000635392
329182,0.000105728
329299,0.000492544
329321,0.000827136
329409,0.000392448
329498,0.00028672
329533,0.00033408
329597,1.152e-05
329601,3.712e-05
329726,1.5872e-05
329737,6.4e-05
329766,2.56e-07
329775,0.006608384
329972,0.000457984
330047,1.024e-06
330061,2.3296e-05
330089,1.28e-06
330138,0.00017792
330190,6.912e-06
330203,0.000111616
330235,0.000107264
330236,0.000176384
330272,2.816e-06
330300,0.000759296
330323,0.000280064
330339,2.4064e-05
330369,2.56e-07
330371,0.00023424
330413,2.4832e-05
330445,0.000174848
330471,0.000115712
330499,0.00074368
330532,9.216e-06
330538,0.000348672
330568,3.0976e-05
330601,0.000269312
330612,4.352e-06
330648,7.9104e-05
330705,1.2544e-05
330763,1.4336e-05
330819,4.7104e-05
330832,0.000218368
330842,0.00118912
330920,3.072e-06
330935,1.7152e-05
330967,1.3824e-05
331060,2.9184e-05
331086,5.2224e-05
331101,2.432e-05
331115,1.1264e-05
331197,7.168e-06
331211,4.608e-06
331230,0.000181504
331260,0.000685824
331273,0.000164608
331313,2.6624e-05
331327,2.7136e-05
331380,0.00020864
331407,0.000590592
331435,0.000165376
331460,6.912e-05
331511,0.000369408
331567,0.001266944
331579,0.00066688
331629,3.8656e-05
331636,0.000393216
331725,6.912e-06
331763,0.000657152
331900,0.001031936
331949,0.000154112
332042,0.000378368
332059,3.072e-06
332101,5.7856e-05
332125,9.5488e-05
332128,6.656e-05
332173,0.000117248
332217,3.1488e-05
332250,0.000817152
332408,1.8688e-05
332423,1.6896e-05
332475,0.000103936
332515,1.2288e-05
332582,3.2512e-05
332713,0.002177024
332750,0.00106496
332770,0.00051968
332774,0.000536064
332813,0.000307712
332853,1.792e-06
332924,0.000491008
333060,4.2496e-05
333167,1.8944e-05
333195,4.0448e-05
333239,6.1952e-05
333302,0.000140544
333336,8.7552e-05
333367,4.3776e-05
333408,9.6256e-05
333430,0.001115904
333487,3.712e-05
333540,3.2e-05
333588,0.000991744
333622,0.000286208
333650,0.000140032
333679,2.9184e-05
333692,0.000269056
333714,0.000185856
333753,0.000398848
333784,9.728e-06
333853,2.4832e-05
333886,0.000313344
334028,2.816e-05
334040,4.1216e-05
334057,0.000671744
334061,0.001362176
334096,3.712e-05
334117,5.4272e-05
334193,1.9968e-05
334208,0.001041152
334238,7.296e-05
334297,0.000950784
334481,3.4304e-05
334547,0.001657856
334569,0.003218688
334597,0.002826752
334601,0.019799808
334675,0.000111872
334677,0.000142592
334678,0.002110464
334684,0.000402176
334728,0.000987648
334805,3.84e-06
334826,0.000189696
334947,0.000710912
334954,0.000200704
334986,0.000106752
335011,2.56e-07
335034,5.504e-05
335064,0.000218624
335069,0.000422656
335119,6.0928e-05
335132,8.8576e-05
335155,1.2032e-05
335157,9.0112e-05
335171,0.000281344
335230,0.000114688
335254,0.000175104
335281,3.6352e-05
335297,0.000229376
335337,6.912e-06
335349,0.000723712
335382,0.000131072
335416,7.68e-07
335453,3.1744e-05
335506,3.2768e-05
335549,1.8432e-05
335580,1.2544e-05
335601,1.792e-06
335610,6.272e-05
335696,1.8432e-05
335698,2.1504e-05
335732,0.0001472
335759,1.536e-06
335771,4.0704e-05
335773,0.000234496
335777,0.000263936
335835,2.048e-06
335874,0.000178176
335887,0.000111616
335911,0.000112896
335948,0.000208384
336020,4.6592e-05
336069,0.000216576
336090,0.00014848
336175,2.048e-06
336250,1.3312e-05
336297,2.8928e-05
336320,7.936e-06
336342,0.000123904
336369,3.9168e-05
336454,1.792e-06
336475,1.7152e-05
336513,0.000163584
336619,8.192e-06
336629,1.664e-05
336658,7.68e-06
336679,0.000468992
336686,0.00010752
336743,2.048e-06
336748,0.000539904
336810,6.5536e-05
336845,0.000376576
336956,0.000482304
336972,0.000342272
337011,1.8432e-05
337090,3.4816e-05
337095,0.000142848
337138,3.8144e-05
337283,8.192e-05
337300,5.632e-05
337380,2.2016e-05
337477,4.096e-06
337518,4.5568e-05
337527,1.536e-06
337548,2.304e-06
337611,0.000690176
337633,4.608e-05
337677,3.7632e-05
337693,5.5552e-05
337722,8.9344e-05
337755,0.000117504
337805,1.92e-05
337832,1.3824e-05
337859,3.968e-05
337896,4.7616e-05
337933,5.0432e-05
337997,0.00013696
338042,3.584e-06
338079,1.1776e-05
338119,1.0752e-05
338156,0.000100096
338178,0.000118784
338212,0.000546048
338230,8.96e-06
338308,0.000352768
338328,0.0001216
338372,0.000127232
338405,0.000160256
338421,7.296e-05
338432,5.504e-05
338488,1.792e-06
338505,2.7392e-05
338561,0.000616704
338582,4.096e-05
338589,0.000257024
338637,2.304e-06
338649,1.8688e-05
338698,5.6576e-05
338710,2.3296e-05
338755,3.584e-06
338758,0.000150016
338785,9.0624e-05
338894,2.1504e-05
338924,5.376e-06
338992,9.216e-06
339036,9.6e-05
339105,3.5584e-05
339133,1.9456e-05
339134,3.0976e-05
339184,8.448e-06
339203,5.0432e-05
339249,3.6864e-05
339324,1.4336e-05
339368,0.000398336
339374,0.001174784
339452,6.912e-06
339487,4.096e-05
339570,2.0224e-05
339668,0.00202752
339776,5.2736e-05
339788,1.6384e-05
339876,0.000112384
339966,2.7648e-05
340038,7.7824e-05
340045,0.000459776
340049,3.2768e-05
340186,0.000753664
340284,2.304e-06
340317,2.6112e-05
340373,1.2288e-05
340427,2.7136e-05
340433,4.1984e-05
340467,0.0003968
340507,0.00087424
340571,0.001247232
340634,4.5312e-05
340661,9.728e-06
340727,9.4464e-05
340771,0.000111104
340773,0.00047232
340923,7.2704e-05
341007,1.5104e-05
341040,6.144e-06
341085,4.5312e-05
341125,0.000493568
341166,0.000255232
341194,0.000396032
341259,7.4496e-05
341312,2.176e-05
341336,4.5312e-05
341366,8.9344e-05
341408,2.304e-05
341466,3.6096e-05
341549,0.000543744
341634,5.12e-07
341645,7.5008e-05
341688,0.000107776
341713,3.6352e-05
341717,4.4032e-05
341758,0.000187136
341770,0.000240384
341780,0.000222976
341817,0.00024704
341891,3.4304e-05
341945,1.0496e-05
342008,1.5104e-05
342066,1.1008e-05
342116,0.000212992
342129,1.28e-05
342152,0.000169984
342255,0.000153088
342358,0.000116992
342371,0.002914048
342466,4.3008e-05
342514,0.000238336
342598,0.00012032
342606,8.4736e-05
342646,3.84e-06
342657,2.048e-06
342695,3.1232e-05
342729,1.3312e-05
342785,7.296e-05
342811,0.000112896
342830,0.00062848
342902,3.9936e-05
342914,2.2784e-05
342930,2.304e-06
342969,7.68e-06
342974,0.000134912
343097,1.5104e-05
343099,0.000155392
343158,0.000110592
343165,3.6864e-05
343199,0.00013312
343200,0.00017792
343211,0.000465408
343266,1.3568e-05
343277,0.000177408
343282,9.9584e-05
343341,0.001086208
343429,4.7104e-05
343486,9.1136e-05
343537,7.424e-06
343562,0.000405248
343646,0.00033536
343664,1.2544e-05
343665,9.984e-06
343673,0.000141824
343762,3.3792e-05
343778,4.3008e-05
343805,0.000731136
343897,7.808e-05
343942,5.376e-06
343972,2.0224e-05
343977,4.864e-06
344019,0.00032256
344112,1.2032e-05
344205,0.001370112
344253,3.584e-05
344254,0.000548352
344291,3.072e-06
344343,0.000103168
344378,0.000260608
344395,6.912e-06
344418,6.784e-05
344448,2.2784e-05
344467,2.8928e-05
344512,2.432e-05
344569,3.6864e-05
344700,0.001065984
344757,0.001270528
344846,2.304e-05
344859,2.304e-06
344872,0.000285696
344958,0.00106624
345017,0.00038656
345056,0.000517632
345111,5.504e-05
345146,2.8416e-05
345186,2.5344e-05
345226,4.8128e-05
345238,1.536e-06
345285,6.144e-06
345345,2.9184e-05
345366,7.9616e-05
345376,0.000267776
345384,0.000434432
345531,5.632e-06
345577,6.4e-06
345626,3.9424e-05
345701,0.00017408
345749,2.5088e-05
345807,8.0384e-05
345840,1.4592e-05
345878,0.000147456
345891,3.072e-06
345958,6.4256e-05
345969,0.000213248
345974,0.000274944
346083,8.96e-06
346169,0.000192
346184,4.736e-05
346202,0.000214016
346343,1.5872e-05
346353,4.0704e-05
346437,4.4032e-05
346445,0.000179456
346521,3.5584e-05
346538,0.000440576
346570,0.002020352
346619,0.000600832
346685,2.9952e-05
346764,1.9712e-05
346774,7.936e-06
346799,1.0752e-05
346826,1.1264e-05
346867,2.688e-05
346878,6.4512e-05
346940,0.000201728
346975,5.888e-06
347001,0.000126464
347035,1.536e-05
347049,5.3248e-05
347128,4.6848e-05
347177,0.000691712
347225,0.00031104
347314,2.688e-05
347464,3.4304e-05
347589,3.84e-06
347618,6.144e-06
347625,4.2752e-05
347645,1.1776e-05
347716,7.8336e-05
347755,2.5856e-05
347756,0.000225536
347838,3.1744e-05
347856,4.6848e-05
347899,0.000450304
348035,8.3456e-05
348084,0.000242944
348094,0.000338176
348203,0.000132608
348220,1.8944e-05
348368,0.000591104
348371,4.4032e-05
348421,5.12e-06
348465,3.84e-05
348495,9.728e-06
348559,1.408e-05
348570,9.344e-05
348608,2.3552e-05
348631,7.9872e-05
348730,3.584e-06
348741,1.2544e-05
348801,2.56e-07
348891,0.000130048
348948,1.3824e-05
348965,3.4816e-05
348973,0.000238592
349007,0.000477696
349066,2.1248e-05
349162,1.6896e-05
349177,5.6576e-05
349267,1.024e-05
349325,1.792e-05
349343,0.000124416
349377,0.00093568
349557,0.00012032
349571,8.6272e-05
349645,0.000192
349678,0.000264704
349722,0.000100864
349807,0.000154624
349890,0.000210688
350032,8.192e-06
350166,7.168e-06
350301,0.000172032
350365,0.000624128
350404,0.000136704
350469,0.000132096
350518,0.000681728
350620,3.328e-06
350657,9.7792e-05
350767,9.472e-06
350769,0.000228864
350781,3.0208e-05
350784,0.000220416
350886,0.00036992
351057,0.000105728
351302,0.000286208
351356,5.888e-06
351360,0.000186624
351378,0.000570112
351422,0.000230656
351504,0.000283136
351558,6.4768e-05
351585,1.2288e-05
351634,0.000164864
351717,0.000272128
351725,0.000252672
351786,6.656e-06
351856,8.448e-06
351880,0.00072448
351956,0.002873856
352118,1.024e-06
352166,0.00014208
352214,6.4e-06
352230,0.001096192
352256,7.0656e-05
352287,2.8416e-05
352290,1.6384e-05
352324,9.3952e-05
352330,0.001120512
352392,0.00046976
352455,3.7376e-05
352495,4.3008e-05
352544,3.2256e-05
352554,0.000160256
352568,7.2192e-05
352586,7.68e-06
352630,3.0976e-05
352663,0.002428416
352768,3.1232e-05
352812,2.304e-06
352889,9.1904e-05
352950,8.0384e-05
352959,2.304e-05
353036,1.792e-06
353038,0.000157184
353053,0.000795136
353081,0.000390144
353123,0.002714624
353202,4.0704e-05
353332,6.3232e-05
353421,0.000472064
353527,0.000382464
353574,2.816e-05
353765,7.9104e-05
353772,0.001777664
353852,0.00014592
353914,0.000333568
353997,0.0001472
353998,9.4976e-05
354160,0.000245248
354173,8.7296e-05
354196,4.7616e-05
354235,7.4752e-05
354289,2.6112e-05
354307,1.1264e-05
354346,0.000263936
354387,0.000555776
354409,0.00023296
354487,3.2512e-05
354541,5.0176e-05
354582,0.00028416
354623,6.912e-06
354668,5.5808e-05
354705,3.0976e-05
354738,0.000126976
354761,1.0752e-05
354791,9.984e-06
354799,0.000173824
354843,0.00096256
354888,1.536e-06
354954,2.304e-06
354958,4.096e-06
355001,7.68e-07
355040,0.000244224
355097,5.632e-06
355099,1.2032e-05
355127,2.6624e-05
355202,6.5024e-05
355250,3.456e-05
355268,9.984e-06
355324,2.3296e-05
355380,1.5872e-05
355396,2.304e-06
355445,0.00016512
355454,7.68e-06
355493,2.432e-05
355514,0.000131072
355569,2.0736e-05
355571,6.784e-05
355694,2.1248e-05
355717,1.5104e-05
355718,0.000807168
355760,8.448e-06
355821,6.4e-06
355864,2.816e-05
355877,0.000147456
355960,0.00016768
356004,5.376e-06
356026,7.5008e-05
356034,0.000573952
356110,0.00019328
356129,0.00035968
356170,3.328e-05
356178,0.000270592
356212,0.000180224
356236,9.0112e-05
356254,0.000156416
356268,4.0704e-05
356375,6.144e-06
356407,2.2784e-05
356432,4.4544e-05
356475,9.216e-06
356532,4.5824e-05
356555,2.304e-06
356631,8.448e-06
356717,0.00011392
356765,1.4848e-05
356773,7.04e-05
356781,0.001035264
356829,2.048e-06
356857,0.000164608
356882,9.0368e-05
356928,1.28e-06
356964,1.6384e-05
356965,0.000362752
356998,2.304e-06
357006,0.000336384
357053,5.12e-06
357081,3.0208e-05
357092,0.000277248
357105,0.000330496
357123,0.000534272
357226,6.0416e-05
357255,1.408e-05
357273,0.000219392
357334,0.000265216
357361,6.144e-06
357367,0.000870656
357375,2.56e-05
357423,1.4592e-05
357500,0.001232128
357579,0.000212992
357637,1.536e-06
357649,0.000393984
357728,3.072e-06
357783,1.0752e-05
357787,3.3024e-05
357801,9.0368e-05
357841,6.4512e-05
357921,1.28e-06
357957,0.000406016
357972,0.000940544
357973,4.9408e-05
358009,0.000324096
358015,0.000376832
358045,7.9872e-05
358098,0.00072064
358184,4.9408e-05
358262,0.000106752
358350,1.664e-05
358396,0.000162816
358434,0.002747904
358468,0.000207872
358472,0.000641792
358513,4.1472e-05
358522,9.472e-06
358547,5.0176e-05
358576,0.000448
358670,7.68e-07
358706,7.424e-06
358716,3.8144e-05
358735,2.5856e-05
358751,1.792e-06
358797,1.3056e-05
358832,4.48e-05
358858,0.00012288
358883,1.1776e-05
359008,1.8944e-05
359022,4.3776e-05
359036,6.7584e-05
359072,0.000381696
359121,1.1776e-05
359143,0.000353536
359174,6.3232e-05
359274,5.12e-07
359304,0.000142592
359347,9.472e-06
359387,1.7152e-05
359390,0.000167936
359432,2.816e-05
359442,1.9456e-05
359472,0.000241408
359507,3.4304e-05
359523,0.000166656
359547,0.000248576
359581,0.000105728
359596,0.000883456
359643,0.000457472
359710,2.56e-05
359741,7.168e-06
359753,3.584e-06
359757,9.4464e-05
359771,0.000223232
359773,0.001441792
359841,2.8672e-05
359850,3.2256e-05
359864,2.1504e-05
359981,1.3312e-05
359990,4.864e-06
360002,0.000276992
360024,1.9712e-05
360037,0.000181504
360069,1.9968e-05
360087,4.4544e-05
360130,8.96e-06
360191,0.000491776
360410,1.1264e-05
360444,7.68e-06
360513,4.6336e-05
360533,0.000150528
360594,7.168e-05
360702,1.9968e-05
360732,4.6592e-05
360768,9.3696e-05
360802,0.000187136
360861,1.1008e-05
360866,3.6096e-05
360892,3.456e-05
360970,7.168e-06
360990,3.6096e-05
361031,5.9904e-05
361073,5.3248e-05
361170,4.48e-05
361203,8.704e-06
361208,4.3008e-05
361241,4.7616e-05
361243,0.00163456
361301,5.0944e-05
361333,4.5312e-05
361341,7.04e-05
361365,0.000601088
361411,0.000105984
361431,0.001148672
361461,0.000276992
361477,0.000598016
361531,2.0736e-05
361591,6.912e-05
361611,2.8928e-05
361621,0.000115968
361651,0.00030976
361663,0.000117248
361681,0.000209152
361693,0.000122368
361711,0.000186112
361733,0.000308224
361763,0.000288
361783,6.8864e-05
361803,4.352e-05
361804,0.00122496
361869,9.4208e-05
361873,3.4304e-05
361893,0.000630784
361903,0.0003328
361933,0.0004288
361953,0.000175104
361963,0.000841216
361983,0.000510208
362003,0.000609536
362023,0.00074624
362069,0.000310784
362092,0.000328704
362121,0.000169984
362145,0.00224256
362156,3.5584e-05
362198,9.472e-06
362220,0.0001472
362272,0.001138688
362316,2.0992e-05
362338,6.0928e-05
362415,1.3312e-05
362420,2.0992e-05
362447,4.0448e-05
362462,8.96e-06
362497,4.1472e-05
362534,2.8672e-05
362584,5.4016e-05
362613,1.28e-05
362633,5.0688e-05
362766,4.608e-06
362767,0.00012928
362770,0.000506624
362798,5.504e-05
362876,2.2784e-05
362882,1.3824e-05
362929,1.3056e-05
362987,0.000165632
363021,4.096e-06
363042,4.4288e-05
363075,2.2272e-05
363093,0.000840192
363134,0.000117248
363155,1.7664e-05
363204,2.8672e-05
363213,1.152e-05
363241,1.8176e-05
363254,7.424e-06
363310,3.456e-05
363357,0.000192768
363371,0.000451328
363410,0.000294656
363439,1.0752e-05
363469,6.4e-05
363510,2.048e-06
363537,0.000215808
363591,6.7072e-05
363614,7.936e-06
363630,2.176e-05
363662,3.6352e-05
363679,4.352e-06
363717,2.2272e-05
363818,2.8416e-05
363825,8.832e-05
363846,9.984e-06
363899,5.888e-06
364000,9.6256e-05
364028,5.2224e-05
364063,0.000214784
364084,0.000301056
364148,4.5056e-05
364154,2.048e-05
364167,0.000105472
364255,5.4272e-05
364377,3.84e-06
364407,3.584e-06
364415,1.3312e-05
364467,0.000119296
364492,3.0976e-05
364493,0.00031744
364517,7.936e-06
364557,1.792e-05
364568,4.5824e-05
364670,7.7312e-05
364784,2.304e-06
364787,0.000131584
364828,2.2784e-05
364830,0.000372224
364842,0.00032768
364868,0.000141824
364921,2.8416e-05
364952,3.328e-05
364968,3.8656e-05
365001,3.2256e-05
365070,0.000144896
365089,6.9632e-05
365119,7.936e-05
365169,0.001143296
365278,5.12e-06
365288,6.4e-05
365365,4.608e-06
365402,1.4592e-05
365429,0.000857344
365463,0.000312832
365518,2.0224e-05
365520,2.816e-05
365570,0.0001024
365671,0.000439808
365728,2.7904e-05
365756,0.000414464
365769,0.000715008
365770,0.000390144
365859,0.000137984
365872,0.000585216
365891,0.000107776
365961,7.0144e-05
366047,0.000101376
366089,0.000198656
366141,0.000351232
366171,0.000274432
366193,5.8368e-05
366204,0.000217856
366229,2.432e-05
366257,7.68e-07
366297,0.000121088
366402,0.000137472
366425,0.000491008
366470,0.000648448
366524,1.5616e-05
366559,9.216e-06
366659,4.864e-06
366716,2.5088e-05
366748,1.536e-06
366753,8.448e-06
366776,0.001446912
366808,6.6304e-05
366819,0.000100352
366833,4.7872e-05
366853,0.000182272
366927,1.8432e-05
366965,0.000143616
366977,0.00038016
367099,0.000123648
367183,5.5808e-05
367260,1.1008e-05
367319,1.6384e-05
367348,2.6112e-05
367352,0.000362496
367358,7.68e-05
367456,4.1472e-05
367478,5.4016e-05
367556,7.9616e-05
367568,0.000176384
367599,0.000228608
367656,7.8592e-05
367703,0.000125184
367756,4.096e-06
367763,0.0006016
367813,0.000290816
367831,3.2e-05
367878,0.000344064
367899,9.2928e-05
367929,5.7856e-05
367956,7.68e-07
367968,0.000240384
368007,2.3552e-05
368038,3.7888e-05
368159,6.656e-06
368169,2.4832e-05
368173,8.6016e-05
368334,3.2e-05
368336,0.003411968
368385,2.7648e-05
368457,0.000243456
368483,0.000349184
368519,4.4544e-05
368547,1.2544e-05
368557,3.584e-06
368560,0.001904384
368621,1.1008e-05
368696,6.6304e-05
368760,3.4816e-05
368824,2.048e-06
368827,3.712e-05
368858,1.024e-05
368908,0.00022528
368957,2.2528e-05
369061,0.000139776
369089,0.000416768
369277,2.2016e-05
369301,0.00017664
369367,0.000116736
369370,5.8112e-05
369372,0.001252096
369436,3.1232e-05
369456,0.000341248
369592,2.944e-05
369598,1.1008e-05
369637,5.7344e-05
369812,0.000301056
369887,0.0007104
370078,0.000419584
370181,7.4752e-05
370187,0.000329984
370338,2.8416e-05
370379,0.00017792
370409,0.001570048
370498,0.00038656
370514,7.3728e-05
370541,0.000804096
370556,0.000869632
370577,3.3792e-05
370662,1.5872e-05
370804,0.000576
370955,3.4048e-05
371002,2.7648e-05
371029,1.2544e-05
371056,0.000587264
371098,1.3824e-05
371123,0.000247552
371158,0.000185344
371166,8.448e-06
371190,2.4832e-05
371260,8.448e-06
371262,2.2272e-05
371289,0.00014848
371316,1.1776e-05
371353,4.48e-05
371357,0.000124672
371388,0.00073216
371411,7.3728e-05
371505,0.000853248
371570,3.2512e-05
371620,0.000733952
371665,4.48e-05
371710,2.048e-06
371720,6.656e-06
371728,2.1504e-05
371760,2.56e-05
371768,4.7104e-05
371774,0.0006272
371863,8.9856e-05
371889,0.000430848
371893,0.00103552
371966,2.304e-05
371974,0.000144128
372034,4.736e-05
372057,0.000838656
372088,6.4e-05
372174,0.000102912
372210,2.7136e-05
372251,0.000183552
372284,0.000111616
372369,0.000102912
372388,5.888e-05
372420,4.5312e-05
372422,5.504e-05
372440,1.664e-05
372521,0.000503296
372548,0.000182784
372585,0.000270336
372611,1.5104e-05
372635,8.192e-06
372674,7.68e-07
372710,0.000227584
372732,0.000142592
372776,0.000108288
372923,8.9088e-05
372935,0.000292864
372971,0.000100096
373006,0.00055424
373114,7.1424e-05
373119,7.3216e-05
373190,0.0006208
373392,0.000374272
373417,2.8672e-05
373430,0.000178432
373490,8.96e-06
373507,0.000260608
373531,0.00016384
373548,0.00065408
373632,7.424e-06
373670,8.448e-06
373704,1.3824e-05
373710,0.0001216
373749,5.12e-07
373762,7.68e-06
373793,1.4336e-05
373804,1.792e-05
373914,4.352e-06
373919,6.144e-06
373960,1.28e-06
373961,3.1488e-05
373999,4.096e-05
374037,3.9168e-05
374089,3.84e-06
374142,1.7408e-05
374156,0.00031488
374173,0.0009344
374217,0.00100224
374294,0.000411904
374323,2.816e-05
374347,0.000211712
374386,2.3296e-05
374391,4.6592e-05
374411,1.536e-06
374474,2.4576e-05
374503,1.4592e-05
374557,7.3472e-05
374581,7.424e-06
374613,3.84e-06
374647,3.456e-05
374679,0.00107648
374747,0.000292096
374759,0.0001728
374771,6.912e-06
374808,0.000209408
374823,0.000294144
374858,7.808e-05
374877,5.376e-06
374881,0.000395264
374935,5.12e-05
375048,9.3184e-05
375085,8.448e-05
375104,6.6304e-05
375110,0.000589568
375169,0.000184576
375209,0.000113664
375297,1.8944e-05
375367,4.48e-05
375369,0.000131328
375375,0.001044992
375486,2.56e-05
375494,1.3568e-05
375511,1.9968e-05
375592,6.8864e-05
375616,4.096e-06
375647,0.000447488
375673,1.0496e-05
375683,3.8144e-05
375749,5.8368e-05
375779,1.4592e-05
375787,0.000278016
375835,0.000120832
375975,4.8384e-05
375992,1.8432e-05
375998,7.8848e-05
376033,0.000103424
376045,0.000217344
376063,0.000122112
376256,1.1264e-05
376273,8.2176e-05
376303,7.808e-05
376337,2.432e-05
376365,1.9712e-05
376393,4.6848e-05
376398,0.00024448
376433,2.432e-05
376444,7.936e-06
376463,2.2272e-05
376490,2.0992e-05
376496,0.000163328
376568,7.68e-05
376572,0.000465664
376647,3.6864e-05
376707,6.6304e-05
376719,0.000351488
376765,7.3984e-05
376789,9.8816e-05
376868,3.3792e-05
376956,8.704e-06
377035,6.912e-06
377114,3.84e-05
377123,2.048e-06
377170,4.4288e-05
377172,0.000393216
377217,6.7584e-05
377239,0.0004544
377278,3.7632e-05
377364,0.000121856
377405,3.4048e-05
377517,6.912e-06
377577,5.2736e-05
377592,7.68e-07
377645,2.8928e-05
377655,8.4736e-05
377720,0.000125952
377756,0.000345088
377765,0.003379456
377808,0.00038016
377824,0.00043776
377854,3.9168e-05
377865,4.096e-06
377875,0.0003456
377961,3.1232e-05
377964,1.28e-06
378016,0.000516352
378101,0.000585472
378154,0.000239872
378205,1.8176e-05
378207,4.4032e-05
378268,0.000182016
378276,4.7872e-05
378363,7.4496e-05
378369,8.8064e-05
378413,9.4976e-05
378476,0.000239104
378549,1.6896e-05
378558,0.000135936
378595,1.024e-06
378691,6.656e-05
378788,9.728e-06
378918,1.536e-06
378966,0.00027904
379003,2.0224e-05
379018,7.3984e-05
379041,2.944e-05
379077,0.000270592
379100,6.1184e-05
379143,5.6576e-05
379265,1.28e-06
379269,0.0005184
379451,2.56e-06
379470,8.7296e-05
379517,2.0736e-05
379529,7.168e-06
379545,8.192e-06
379567,0.000112896
379568,0.008267264
379643,3.7632e-05
379664,0.000122112
379728,4.864e-06
379755,0.0002048
379788,6.9376e-05
379878,8.448e-06
379902,1.5872e-05
380003,1.4336e-05
380046,2.4576e-05
380117,8.448e-06
380142,8.2944e-05
380172,8.7808e-05
380283,0.000224768
380294,0.000446464
380307,0.001685504
380308,0.000895488
380310,0.001463808
380318,0.018162432
380420,0.00021248
380590,0.000112896
380635,0.00086144
380723,1.792e-05
380761,0.000347136
380774,0.00542976
380827,4.352e-05
380850,6.0928e-05
380875,9.984e-06
380894,0.000328704
380907,0.000383744
380974,1.8176e-05
380983,2.816e-05
381015,2.2016e-05
381030,3.0464e-05
381139,3.6864e-05
381214,3.6096e-05
381216,0.000170496
381377,5.5552e-05
381378,0.000256512
381443,7.68e-07
381612,1.28e-05
381671,7.4496e-05
381678,5.4272e-05
381766,3.5072e-05
381808,5.376e-06
381843,3.5584e-05
382025,0.000633856
382167,9.216e-06
382206,4.9664e-05
382227,0.000578048
382322,3.3792e-05
382351,0.001811456
382441,2.048e-05
382468,0.000223744
382543,5.12e-07
382572,6.912e-06
382589,7.1424e-05
382665,6.144e-06
382836,0.000118784
382978,0.000258048
383017,9.472e-06
383025,7.3728e-05
383138,0.000120576
383174,0.000130816
383225,6.144e-06
383416,7.424e-06
383444,2.4576e-05
383473,0.000382464
383507,5.2992e-05
383520,1.536e-06
383552,0.000322816
383677,1.8688e-05
383732,0.000134144
383755,0.000174592
383885,1.92e-05
383912,0.000184576
384088,5.632e-06
384115,8.704e-06
384180,0.000105728
384204,2.4576e-05
384217,0.000268288
384222,0.000123648
384231,0.000213504
384262,1.8176e-05
384306,2.56e-06
384356,6.0928e-05
384375,0.000122112
384443,5.376e-05
384446,0.000132864
384636,9.8816e-05
384689,1.0496e-05
384719,0.00012928
384747,0.000155904
384796,2.5344e-05
384823,5.12e-06
384833,0.000157952
384966,2.176e-05
384967,3.6864e-05
384968,0.000999168
385044,3.072e-06
385061,2.0736e-05
385075,4.6848e-05
385206,9.728e-05
385225,1.8176e-05
385288,6.4e-06
385296,3.6096e-05
385323,4.1216e-05
385427,1.28e-06
385447,7.7568e-05
385524,1.6128e-05
385535,0.000268032
385572,0.000407552
385591,2.7904e-05
385642,0.000182528
385707,0.000304128
385790,3.456e-05
385852,2.304e-06
385860,0.000196864
385898,2.2016e-05
385944,0.000102912
385961,0.000409856
386011,0.001217792
386072,0.000143616
386136,2.56e-07
386145,0.000337408
386154,0.001718016
386173,0.000282112
386208,0.00102016
386370,0.000843776
386399,0.0003392
386459,3.072e-06
386487,0.0
386509,0.000690688
386612,1.1776e-05
386617,0.00020096
386631,0.000144128
386685,2.56e-06
386693,3.584e-06
386740,2.7904e-05
386768,0.000175104
386778,0.000358912
386892,1.4592e-05
386989,4.352e-06
387031,2.1504e-05
387040,2.4064e-05
387104,4.096e-06
387150,5.376e-06
387162,2.5344e-05
387197,3.328e-06
387216,8.96e-06
387225,1.3824e-05
387267,4.4032e-05
387320,0.00014208
387368,0.000117248
387373,7.6544e-05
387409,0.00267264
387448,0.000374016
387495,6.6304e-05
387511,2.8416e-05
387554,2.0992e-05
387570,2.56e-07
387647,6.912e-06
387692,2.4576e-05
387709,1.2544e-05
387748,0.000337152
387910,3.84e-06
388005,6.2464e-05
388120,2.3808e-05
388122,0.000105472
388164,0.000297728
388235,0.000167168
388280,7.168e-06
388332,9.472e-06
388339,1.4848e-05
388362,1.9968e-05
388422,1.8176e-05
388430,6.0672e-05
388433,0.000106752
388484,3.4304e-05
388501,1.1264e-05
388522,1.9456e-05
388531,5.12e-06
388566,0.000172032
388589,9.728e-05
388604,1.4848e-05
388610,2.816e-06
388786,2.048e-06
388828,1.9968e-05
388865,2.3552e-05
388919,5.0944e-05
388937,8.192e-06
388993,6.2464e-05
389075,4.736e-05
389105,1.2544e-05
389167,0.000121344
389259,3.2768e-05
389270,9.472e-06
389344,1.152e-05
389398,0.000126464
389420,0.000164096
389489,5.8624e-05
389525,2.5344e-05
389551,9.728e-06
389570,2.304e-06
389593,1.4848e-05
389642,2.816e-06
389652,9.984e-06
389688,5.376e-06
389707,3.8912e-05
389725,0.000178944
389766,3.2768e-05
389767,9.984e-06
389778,0.000224768
389805,3.0464e-05
389830,0.000240384
389874,3.4048e-05
389930,0.0002368
389988,1.8944e-05
390015,0.000818432
390079,3.84e-06
390117,0.000369664
390161,1.9712e-05
390178,2.4576e-05
390191,2.5088e-05
390222,0.000437504
390253,0.000736512
390316,1.536e-06
390348,2.2528e-05
390367,1.2288e-05
390377,0.0003584
390399,0.000840448
390496,0.000236288
390525,1.664e-05
390529,0.000320512
390553,5.376e-06
390633,1.408e-05
390637,0.000195072
390682,0.0001152
390731,0.00022528
390815,9.7024e-05
390886,0.000335872
390915,0.000197376
390956,1.0752e-05
390967,6.7328e-05
390993,8.064e-05
391036,0.001279232
391111,2.5344e-05
391123,0.000137216
391191,2.048e-05
391201,4.0192e-05
391239,2.4832e-05
391260,5.12e-05
391317,1.792e-06
391342,2.0736e-05
391360,2.8928e-05
391422,1.5104e-05
391432,1.1264e-05
391433,1.3056e-05
391458,2.3808e-05
391477,0.000188928
391491,0.000158208
391505,1.7664e-05
391535,9.4976e-05
391556,0.000263936
391597,4.352e-06
391654,9.9328e-05
391680,7.68e-06
391749,4.1216e-05
391755,2.56e-06
391771,3.7376e-05
391846,7.8848e-05
391932,7.1936e-05
392011,6.3488e-05
392031,0.00012032
392053,0.000106752
392077,2.5856e-05
392119,4.608e-06
392162,0.000324352
392172,0.001387008
392215,7.68e-06
392264,0.000123648
392286,2.2528e-05
392319,0.000403968
392361,1.28e-05
392424,3.6608e-05
392445,2.944e-05
392461,1.664e-05
392484,2.5088e-05
392491,2.9184e-05
392527,2.56e-05
392642,2.56e-05
392656,2.8672e-05
392703,1.4592e-05
392713,4.608e-06
392769,0.001325056
392864,5.504e-05
392890,0.00014464
392947,0.000545792
393085,8.192e-06
393117,1.1776e-05
393119,3.5072e-05
393162,2.2528e-05
393198,0.000197376
393240,9.728e-05
393272,0.00025088
393302,1.8432e-05
393350,3.84e-06
393357,4.1984e-05
393366,4.096e-05
393426,2.2272e-05
393440,0.00036608
393492,8.448e-05
393507,2.5344e-05
393511,0.000179456
393568,5.4528e-05
393595,6.5536e-05
393678,2.816e-05
393737,6.4e-06
393751,7.1168e-05
393801,8.5504e-05
393825,5.6832e-05
393884,9.4464e-05
393921,0.001053952
393968,6.7584e-05
393971,6.7328e-05
394073,6.9888e-05
394100,0.000183296
394115,3.9936e-05
394162,0.000498176
394194,5.5808e-05
394205,8.704e-06
394236,7.7824e-05
394304,2.1248e-05
394440,0.000425984
394493,2.4832e-05
394518,5.0944e-05
394575,3.4304e-05
394715,0.000650496
394859,0.000102144
394966,2.4832e-05
395009,0.000431104
395077,0.000250112
395090,0.000115712
395142,2.6368e-05
395145,5.3248e-05
395171,0.000143872
395175,0.000156672
395241,9.472e-06
395331,0.000143872
395477,3.4304e-05
395485,4.7104e-05
395517,9.728e-05
395570,5.376e-06
395575,1.536e-06
395613,2.56e-07
395630,1.6896e-05
395759,7.8592e-05
395782,0.000561152
395831,1.8688e-05
395843,9.472e-06
395881,4.352e-06
395917,3.5328e-05
395927,9.3952e-05
395956,0.000194816
395988,0.000192
396043,8.576e-05
396111,1.408e-05
396127,1.9712e-05
396181,1.3312e-05
396234,2.304e-05
396257,0.000338432
396303,0.000203264
396333,0.000123648
396369,0.000628992
396392,1.3824e-05
396430,2.4576e-05
396476,8.0384e-05
396487,0.00010624
396516,6.0672e-05
396570,2.56e-06
396582,3.6352e-05
396593,0.000137728
396666,5.0432e-05
396689,0.000218624
396732,7.808e-05
396736,5.248e-05
396748,7.936e-06
396779,1.6128e-05
396787,6.9888e-05
396818,2.4832e-05
396838,3.3024e-05
396861,1.8176e-05
396917,2.5856e-05
396955,4.352e-06
396965,2.8416e-05
396971,0.002371584
396975,0.000379392
397082,0.000412416
397175,0.000164096
397273,0.000680448
397334,1.8432e-05
397402,1.8432e-05
397406,0.000107264
397489,1.2032e-05
397498,2.432e-05
397514,1.6384e-05
397558,0.000235264
397592,4.1216e-05
397615,0.000649216
397658,5.0688e-05
397704,3.584e-06
397725,3.1488e-05
397747,4.096e-06
397767,6.016e-05
397802,4.8128e-05
397865,0.000100608
397918,3.2256e-05
397942,0.000230912
397993,2.2528e-05
398019,0.00016128
398045,8.4736e-05
398081,3.7888e-05
398128,0.00017536
398157,4.0448e-05
398167,2.9184e-05
398171,0.000237312
398251,3.84e-05
398268,4.096e-06
398300,2.9184e-05
398320,2.1504e-05
398335,8.192e-06
398336,0.000316416
398390,4.1216e-05
398394,6.5792e-05
398411,1.4592e-05
398430,6.912e-06
398483,0.00030208
398570,4.9408e-05
398696,6.8608e-05
398712,5.6576e-05
398730,1.4848e-05
398757,0.000535296
398773,0.00030848
398819,0.000164352
398844,2.3808e-05
398857,0.000394496
398886,6.7072e-05
398913,0.001172992
398932,6.6816e-05
398976,0.000306432
398996,8.96e-06
399051,1.408e-05
399116,1.6384e-05
399140,0.000209408
399191,1.7408e-05
399213,3.7632e-05
399221,0.000111616
399334,1.7664e-05
399352,8.4224e-05
399365,1.1008e-05
399367,6.3232e-05
399445,1.5616e-05
399489,6.8864e-05
399559,2.5856e-05
399666,4.736e-05
399763,4.736e-05
399780,8.7296e-05
399808,0.00095232
399873,4.1216e-05
399888,9.216e-05
399937,1.7664e-05
399985,1.1776e-05
400039,2.56e-06
400094,0.000168704
400165,2.56e-06
400182,4.864e-06
400198,3.6864e-05
400290,2.5088e-05
400311,0.000467968
400345,0.000208128
400401,4.2752e-05
400434,1.792e-06
400466,3.712e-05
400482,7.68e-07
400512,6.2464e-05
400548,3.584e-06
400569,5.76e-05
400608,1.024e-05
400609,9.4976e-05
400649,4.352e-05
400826,5.12e-07
400886,0.000380928
400933,7.3984e-05
400964,2.048e-06
401011,5.6064e-05
401083,1.6128e-05
401203,5.12e-07
401234,2.0992e-05
401285,1.1008e-05
401354,1.3312e-05
401382,2.4832e-05
401423,6.4e-06
401481,3.1232e-05
401485,3.9424e-05
401505,3.4816e-05
401514,1.28e-06
401532,9.216e-06
401598,3.0464e-05
401605,0.00029312
401636,7.936e-06
401645,8.448e-06
401654,0.00079488
401769,0.0005248
401780,3.072e-05
401838,2.9696e-05
401968,4.096e-06
402008,1.408e-05
402141,7.68e-07
402158,7.936e-06
402207,2.3808e-05
402231,8.0128e-05
402272,0.000302336
402374,9.8048e-05
402478,0.000368128
402593,0.000297472
402697,0.001035008
402722,8.064e-05
402840,3.584e-06
402910,1.2544e-05
402916,1.024e-05
402980,1.9968e-05
403075,0.000216576
403087,9.3184e-05
403207,0.000416256
403254,5.376e-06
403292,1.7664e-05
403313,2.56e-07
403366,0.000240896
403389,5.632e-06
403420,1.28e-06
403435,2.56e-07
403469,5.3248e-05
403473,0.000130816
403478,0.000105728
403529,3.84e-05
403553,1.8688e-05
403609,0.000611072
403660,5.8624e-05
403685,3.6352e-05
403724,0.00031872
403773,4.4032e-05
403796,7.8592e-05
403810,0.000484352
403837,8.2688e-05
403954,0.00036992
404012,2.8672e-05
404086,1.7152e-05
404152,3.5584e-05
404180,1.152e-05
404210,0.000526848
404251,3.0464e-05
404340,0.000240128
404412,2.3808e-05
404423,6.2208e-05
404444,0.000284672
404519,1.024e-06
404540,1.6128e-05
404572,1.2032e-05
404613,7.0912e-05
404636,1.1264e-05
404652,4.864e-06
404684,5.2224e-05
404713,1.3312e-05
404724,0.000315904
404781,0.000153344
404794,7.3472e-05
404858,0.000480768
404922,3.712e-05
404960,1.4848e-05
404999,4.224e-05
405017,8.32e-05
405043,3.9424e-05
405108,5.0432e-05
405125,0.000346112
405207,4.6592e-05
405220,0.000485888
405270,3.2256e-05
405309,3.5328e-05
405352,2.4576e-05
405370,0.00721792
405463,2.5088e-05
405471,3.3792e-05
405543,8.2688e-05
405548,2.0992e-05
405645,8.576e-05
405704,8.192e-05
405750,0.000160512
405788,2.6112e-05
405822,8.0896e-05
405906,0.000119296
405940,1.2288e-05
405966,9.728e-06
405970,0.00011008
405973,2.56e-06
405996,1.1008e-05
406042,1.9456e-05
406049,0.000402432
406081,8.704e-06
406094,4.096e-06
406118,5.12e-07
406202,1.664e-05
406298,1.7152e-05
406340,0.00019456
406378,0.000875776
406417,0.000103424
406439,0.00011136
406495,1.8432e-05
406568,2.816e-05
406577,0.001499392
406608,5.1712e-05
406680,2.0224e-05
406691,0.000237568
406746,4.352e-06
406759,7.168e-06
406778,1.536e-05
406830,0.000100352
406872,5.504e-05
407014,1.1264e-05
407043,7.6544e-05
407083,1.024e-05
407136,4.2496e-05
407138,0.000215552
407171,0.0002048
407218,0.000434944
407242,7.68e-07
407273,3.5584e-05
407367,0.0
407381,1.8944e-05
407444,3.328e-06
407451,1.0752e-05
407468,3.072e-06
407500,1.6384e-05
407517,5.888e-06
407553,3.2256e-05
407557,0.000337408
407588,1.0752e-05
407599,0.000411136
407602,0.000269056
407649,5.7344e-05
407732,1.4848e-05
407755,6.8096e-05
407768,6.7072e-05
407803,3.712e-05
407851,0.000237568
407876,0.000129536
407877,0.000501248
407924,1.2544e-05
407983,2.1504e-05
408045,4.7104e-05
408060,2.56e-07
408127,1.408e-05
408148,1.2544e-05
408199,6.0928e-05
408423,1.9456e-05
408474,0.000110336
408486,0.000206848
408510,6.7328e-05
408546,9.216e-06
408612,0.000129536
408613,0.000937472
408675,5.9648e-05
408679,0.000471296
408688,0.001157376
408744,4.6592e-05
408781,0.000545536
408808,6.144e-06
408823,4.2496e-05
408838,9.984e-06
408966,2.5856e-05
408977,0.000231936
409030,0.000106752
409060,0.00017792
409063,4.352e-05
409086,0.00066176
409175,2.56e-06
409192,1.28e-06
409202,1.4848e-05
409230,7.6544e-05
409278,3.072e-06
409316,1.664e-05
409384,0.000106752
409389,0.00013184
409471,2.048e-05
409480,0.000456448
409534,3.9168e-05
409560,8.0128e-05
409572,0.000134912
409677,9.472e-06
409754,4.4288e-05
409774,9.216e-06
409807,1.0496e-05
409824,0.000502272
409907,5.12e-07
409928,7.68e-06
410021,6.0672e-05
410128,2.7648e-05
410135,1.28e-05
410138,0.000274176
410160,0.000271104
410228,0.000160256
410257,1.5104e-05
410283,1.1008e-05
410356,7.5776e-05
410361,3.072e-06
410456,1.3312e-05
410675,7.7568e-05
410693,0.00010496
410745,0.000114944
410765,0.000263936
410809,1.5872e-05
410892,1.8944e-05
410903,0.000101888
410935,4.8128e-05
410959,0.000207616
411007,0.000345856
411142,0.000174592
411206,2.1248e-05
411260,2.56e-05
411283,4.8384e-05
411316,9.216e-05
411349,1.9456e-05
411356,0.003647744
411442,3.3024e-05
411457,4.6592e-05
411507,1.2288e-05
411540,1.8432e-05
411617,2.816e-05
411654,4.096e-06
411688,0.00020096
411697,0.000118272
411732,1.664e-05
411755,2.7392e-05
411760,2.3296e-05
411800,2.9952e-05
411857,7.7824e-05
411899,3.4304e-05
411946,4.096e-06
412078,0.00023424
412167,1.1264e-05
412181,0.000256256
412234,7.2448e-05
412289,5.5552e-05
412304,0.000387328
412409,0.00013824
412451,0.000329984
412518,2.8416e-05
412543,6.7584e-05
412555,0.0001024
412623,5.12e-06
412696,3.84e-05
412712,3.5328e-05
412723,0.000317184
412873,1.9456e-05
413031,4.2496e-05
413099,1.28e-06
413110,9.728e-06
413123,2.4832e-05
413216,3.3536e-05
413244,4.3008e-05
413254,0.000197888
413285,0.000210432
413338,4.1728e-05
413367,0.000163328
413373,0.000929536
413428,5.8368e-05
413566,6.656e-06
413580,1.4336e-05
413590,5.4528e-05
413610,1.28e-06
413642,0.000116992
413697,2.56e-07
413736,9.216e-06
413756,2.688e-05
413761,0.0004928
413771,2.3808e-05
413814,4.096e-06
413827,0.000534016
413850,1.152e-05
413918,2.9696e-05
413934,0.000103936
413968,3.6352e-05
413981,1.3056e-05
413987,0.000145152
414042,5.4528e-05
414048,0.00062208
414096,0.000193792
414127,4.608e-06
414176,0.000413696
414239,7.168e-05
414273,1.5616e-05
414354,0.000412416
414376,0.000455168
414427,7.168e-06
414504,2.8928e-05
414551,0.000480256
414583,1.024e-05
414693,1.4336e-05
414770,4.6336e-05
414784,0.0001536
414792,1.5872e-05
414912,0.00127616
414970,4.5056e-05
415034,4.352e-05
415454,2.176e-05
415545,1.4592e-05
415565,4.352e-06
415689,0.000360448
415706,0.000464128
415709,3.968e-05
415781,0.00036224
415917,3.9424e-05
415960,1.4336e-05
415996,9.728e-06
416028,5.9136e-05
416088,4.608e-06
416169,0.000115968
416173,0.000257792
416249,0.00012544
416365,1.8432e-05
416418,0.000839936
416458,4.0704e-05
416496,1.28e-05
416529,7.68e-07
416537,4.4288e-05
416576,0.000238336
416616,0.000636672
416692,1.4592e-05
416710,9.472e-05
416725,0.000553472
416768,4.1984e-05
416810,2.0992e-05
416847,6.7072e-05
416877,0.000187136
416882,1.792e-06
416920,6.0672e-05
417015,4.224e-05
417025,8.704e-06
417039,0.000139008
417044,0.000674048
417187,3.4816e-05
417313,0.000196608
417341,7.936e-06
417369,0.000755456
417500,0.0
417512,7.936e-06
417537,1.7408e-05
417591,6.7584e-05
417643,2.304e-06
417697,1.5872e-05
417753,3.328e-06
417811,1.0752e-05
417877,6.3488e-05
417898,7.68e-06
417916,1.8176e-05
417942,0.000137984
418002,0.00086784
418054,1.5616e-05
418113,5.376e-06
418117,4.8896e-05
418129,3.072e-05
418184,1.0752e-05
418223,6.912e-06
418313,3.712e-05
418347,2.816e-06
418383,0.000126208
418416,5.3504e-05
418493,5.888e-06
418555,5.4272e-05
418568,8.448e-06
418727,3.5328e-05
418750,0.000242944
418791,8.6016e-05
418808,2.176e-05
418912,2.1504e-05
418936,0.000105728
418971,3.84e-06
418985,2.9184e-05
419008,0.000288
419050,2.56e-06
419080,0.000101888
419090,2.56e-06
419227,0.000302848
419255,4.608e-05
419323,4.48e-05
419357,0.0005312
419383,7.6288e-05
419404,6.7328e-05
419467,8.704e-05
419500,0.000137472
419758,0.000169984
419770,0.001094144
419820,2.6112e-05
419887,7.68e-07
419916,5.1712e-05
419933,1.536e-06
419946,0.000166144
419961,0.00012288
420071,1.2288e-05
420097,1.024e-05
420134,0.00019968
420162,4.096e-06
420235,0.000131072
420244,3.1488e-05
420289,1.9456e-05
420319,7.7824e-05
420356,7.4496e-05
420368,6.144e-06
420375,0.00022528
420377,0.000145664
420439,6.4256e-05
420485,7.1424e-05
420552,2.7904e-05
420554,8.1408e-05
420726,0.00025216
420887,3.84e-05
420934,8.192e-06
420940,0.000114688
420958,3.1488e-05
420974,0.000538624
420976,0.000236288
421079,0.000179968
421142,2.56e-06
421156,0.000114944
421237,3.072e-06
421256,2.0992e-05
421386,3.7376e-05
421436,4.9664e-05
421525,0.000186368
421567,7.68e-07
421570,7.04e-05
421573,0.000304128
421594,0.000203264
421665,1.024e-05
421712,8.576e-05
421777,1.5616e-05
421876,0.0
421941,1.4848e-05
421951,2.048e-06
421965,1.28e-05
422010,6.912e-06
422071,8.96e-06
422078,0.0004416
422092,0.000321024
422148,0.000114944
422156,1.8432e-05
422175,0.000347392
422251,0.000261888
422308,0.000849408
422371,3.7376e-05
422508,1.1264e-05
422698,3.1232e-05
422730,0.00022144
422740,0.000556544
422766,0.000272896
422780,0.000942336
422814,0.000938752
422896,7.8592e-05
423004,4.096e-06
423073,1.024e-06
423225,0.000331008
423356,0.00062592
423365,0.000755456
423402,2.816e-06
423431,6.4e-05
423442,0.000287488
423462,9.4976e-05
423532,6.6816e-05
423551,4.5568e-05
423562,6.8096e-05
423572,0.000265728
423582,4.608e-06
423592,7.424e-06
423602,4.5568e-05
423612,2.1504e-05
423632,5.2224e-05
423642,0.000201984
423652,0.000152576
423672,0.000153088
423692,0.000216064
423702,0.000389888
423722,0.000441856
423752,0.000489216
423762,0.000192
423772,4.352e-05
423792,0.000225792
423802,0.000141312
423812,0.000449024
423822,4.7872e-05
423832,0.000316416
423852,0.000246784
423872,0.000484608
423882,0.00030848
423919,0.000452864
423954,1.8944e-05
423971,6.2976e-05
423972,0.000603904
424002,0.00068992
424151,4.8384e-05
424191,0.0004224
424222,0.000113408
424354,0.000187392
424387,4.352e-06
424422,0.00018688
424467,0.000117504
424530,1.1264e-05
424546,0.0
424556,2.304e-06
424579,1.9968e-05
424630,6.5024e-05
424675,8.448e-06
424697,0.000143616
424727,1.536e-06
424768,4.6336e-05
424801,2.048e-06
424858,8.192e-06
424902,1.8944e-05
424922,5.4784e-05
424966,4.4288e-05
424982,6.0928e-05
425056,0.000181248
425078,3.072e-06
425156,1.0752e-05
425166,1.28e-06
425169,1.1776e-05
425173,1.024e-06
425174,0.000495616
425217,5.888e-06
425221,0.000493568
425291,3.456e-05
425438,6.912e-06
425445,0.000114432
425498,4.1216e-05
425510,7.68e-05
425553,3.7376e-05
425577,9.4208e-05
425578,0.0004544
425606,2.2016e-05
425641,9.7536e-05
425660,0.000128512
425737,2.048e-06
425765,0.000449536
425775,0.006610688
425846,2.56e-05
425858,5.632e-06
425880,1.792e-06
425899,7.936e-06
425994,3.5072e-05
426017,6.9888e-05
426034,3.3536e-05
426043,0.000389632
426070,0.000137472
426080,0.00065792
426138,0.0
426151,2.4832e-05
426176,5.632e-06
426220,1.5872e-05
426236,6.3744e-05
426335,1.792e-06
426433,5.2224e-05
426478,0.00016256
426613,1.28e-05
426651,0.000292096
426690,1.024e-06
426724,4.3776e-05
426727,6.1696e-05
426746,0.000211968
426808,7.936e-06
426815,0.000485888
426873,1.9712e-05
426908,3.072e-06
426925,2.2016e-05
426968,0.000264448
427090,2.048e-06
427259,0.000234496
427307,5.12e-07
427341,1.024e-05
427349,0.000511232
427388,2.7904e-05
427440,1.5872e-05
427541,2.816e-05
427562,0.000101632
427570,0.000108544
427640,1.792e-05
427705,1.3312e-05
427751,5.12e-07
427772,3.584e-05
427805,0.000501248
427867,0.000173056
427888,5.3504e-05
427932,4.7616e-05
427980,3.0976e-05
428031,0.00036096
428069,3.84e-06
428079,1.7152e-05
428121,0.000300032
428158,1.9712e-05
428167,0.000177152
428171,0.0034624
428288,7.5776e-05
428338,0.000745984
428503,1.7664e-05
428717,0.000626432
428758,9.4464e-05
428774,0.003301376
428985,5.3504e-05
429139,3.9936e-05
429196,0.00012928
429227,0.000196864
429281,0.00085504
429341,0.000289024
429371,1.0752e-05
429563,4.3264e-05
429575,0.000638464
429610,0.00026752
429624,0.0001088
429731,7.68e-06
429840,0.00036352
429940,1.0752e-05
429972,0.000202496
430055,3.4048e-05
430098,0.000221952
430150,0.000236032
430189,0.000109056
430234,7.424e-06
430246,1.9712e-05
430256,1.5872e-05
430299,5.8112e-05
430326,0.000450048
430379,9.9072e-05
430401,2.048e-06
430448,0.000694272
430510,5.76e-05
430548,0.000123904
430572,0.006905088
430661,0.000740352
430706,5.5296e-05
430740,4.736e-05
430779,0.000162304
430874,0.000368384
430940,1.2032e-05
430999,1.4592e-05
431103,9.216e-06
431111,0.00116608
431156,0.00016128
431194,3.84e-05
431274,8.6272e-05
431309,1.024e-05
431374,0.000288768
431420,0.000134656
431511,0.00048256
431555,0.000625408
431656,3.3792e-05
431752,7.296e-05
431758,0.001087232
431768,0.000450816
431854,5.12e-07
431864,0.00016128
431881,3.3024e-05
431914,3.1232e-05
431927,1.664e-05
431931,1.024e-06
431952,6.1952e-05
431979,3.6352e-05
432004,5.0944e-05
432032,2.4576e-05
432069,4.3776e-05
432083,2.944e-05
432102,1.0752e-05
432137,0.0004352
432178,1.6384e-05
432195,0.000483072
432251,4.6592e-05
432254,0.000285696
432302,1.28e-06
432372,1.9968e-05
432373,6.784e-05
432415,6.656e-06
432501,2.2784e-05
432534,8.192e-06
432680,1.792e-06
432789,0.00122624
432839,0.000189184
432893,0.000473088
432922,1.5872e-05
432953,2.6112e-05
433060,0.0009856
433137,0.000100352
433147,0.000144384
433160,0.000762112
433190,0.000255232
433236,0.000107008
433314,7.7056e-05
433324,9.9584e-05
433368,8.8832e-05
433399,1.3568e-05
433442,1.152e-05
433466,5.12e-06
433509,1.792e-05
433555,6.912e-05
433557,3.5584e-05
433573,0.003283456
433635,2.816e-05
433792,7.6544e-05
433864,7.5776e-05
433902,9.2928e-05
433917,8.448e-06
433955,2.2272e-05
434036,1.408e-05
434108,2.048e-06
434158,5.5808e-05
434289,0.000228608
434294,1.6896e-05
434380,2.2528e-05
434415,3.2256e-05
434488,2.944e-05
434558,0.000457216
434679,3.072e-06
434699,3.6608e-05
434708,6.1184e-05
434756,3.7888e-05
434775,0.000101632
434820,3.5584e-05
434895,4.352e-06
434905,7.68e-07
434967,0.000602112
435118,3.584e-06
435143,4.6848e-05
435249,5.4016e-05
435254,0.00010112
435375,3.9936e-05
435467,0.000196864
435502,6.5024e-05
435510,0.000506368
435570,0.000194304
435608,3.2e-05
435665,1.6384e-05
435708,0.000210176
435748,2.56e-06
435778,9.728e-06
435942,4.4032e-05
435956,4.352e-06
435961,0.000317184
435986,0.002605568
436061,2.944e-05
436074,1.8176e-05
436128,1.1008e-05
436160,9.0112e-05
436196,9.3696e-05
436214,2.816e-06
436252,5.9136e-05
436266,6.144e-06
436436,1.7408e-05
436509,2.6624e-05
436515,8.064e-05
436567,0.000148736
436576,0.00011008
436666,2.6368e-05
436743,2.9952e-05
436779,0.000923904
436820,0.000174336
436852,0.000244224
436875,6.6816e-05
436978,7.68e-07
437016,3.5072e-05
437031,1.024e-05
437036,0.000205056
437102,1.2544e-05
437109,0.000970496
437169,0.000525824
437214,1.024e-06
437233,0.00082304
437258,0.000155904
437283,0.000374272
437317,0.000508928
437433,5.888e-06
437458,0.000111104
437483,4.8128e-05
437508,7.5776e-05
437574,6.0928e-05
437583,0.000869632
437676,0.000209664
437769,0.000286464
437872,4.6848e-05
437896,0.000333568
437980,2.6624e-05
438024,5.4528e-05
438074,0.000951296
438175,0.00019328
438190,4.096e-06
438218,8.192e-06
438220,0.000158976
438277,1.3824e-05
438322,0.00019712
438368,5.504e-05
438416,2.5856e-05
438438,4.608e-06
438476,0.000416768
438543,2.1248e-05
438579,1.2544e-05
438693,0.000161792
438732,7.8848e-05
438734,9.728e-06
438808,5.12e-06
438850,1.792e-06
438853,0.000177152
438973,0.00303488
439017,1.408e-05
439098,3.968e-05
439140,7.552e-05
439205,3.1744e-05
439285,7.936e-06
439329,2.5344e-05
439362,1.6896e-05
439370,5.12e-06
439438,1.7152e-05
439447,1.28e-05
439551,5.6064e-05
439586,6.1952e-05
439611,0.000100608
439725,8.704e-06
439777,6.2976e-05
439849,0.000302848
439899,1.8688e-05
439964,3.328e-06
439991,7.68e-07
439992,1.8944e-05
440019,7.2704e-05
440068,0.000126464
440111,6.9888e-05
440130,7.2704e-05
440157,0.000197888
440245,4.0448e-05
440302,5.376e-06
440320,0.000143104
440360,5.0944e-05
440380,4.096e-05
440394,0.000250624
440464,4.096e-06
440535,2.7904e-05
440558,4.6848e-05
440624,2.3296e-05
440627,7.5264e-05
440719,4.6336e-05
440765,3.4304e-05
440769,0.000282368
440806,7.168e-06
440848,0.000104192
440951,1.6384e-05
440961,0.000145152
441001,0.000188416
441017,8.832e-05
441060,3.6608e-05
441099,8.0128e-05
441127,3.9936e-05
441179,9.5232e-05
441223,3.072e-05
441267,0.000154112
441293,4.352e-06
441355,4.4544e-05
441381,3.6352e-05
441407,0.000146176
441436,6.272e-05
441468,0.000129536
441505,3.5328e-05
441509,0.000230656
441533,0.00038656
441575,9.0368e-05
441666,3.8144e-05
441680,0.000122368
441767,2.6112e-05
441772,9.8816e-05
441819,7.1936e-05
441822,3.584e-06
441829,9.7792e-05
441885,0.00016512
441932,2.688e-05
441939,7.68e-06
441969,0.002570496
442092,3.3536e-05
442134,0.000332544
442180,2.9952e-05
442257,4.9408e-05
442280,3.712e-05
442317,4.7104e-05
442361,2.7648e-05
442385,9.3952e-05
442510,3.7888e-05
442534,2.5856e-05
442639,1.28e-06
442646,0.00012032
442672,1.1264e-05
442709,5.9392e-05
442739,7.68e-06
442831,5.1712e-05
442903,0.000257024
442908,0.002606336
442957,2.0224e-05
443091,6.4e-06
443108,4.5568e-05
443126,2.8416e-05
443166,0.000529152
443323,8.704e-06
443398,0.000769024
443451,1.8176e-05
443468,1.7664e-05
443482,0.000234752
443492,3.584e-05
443550,8.1664e-05
443585,0.000127488
443669,0.000397312
443734,3.3024e-05
443740,0.000252928
443774,2.9696e-05
443776,0.00029056
443830,0.000532736
443838,0.00013696
443895,4.3264e-05
443928,7.7568e-05
444029,0.000222464
444063,0.000338176
444116,8.192e-06
444158,8.448e-06
444169,1.9968e-05
444178,4.224e-05
444191,0.000593152
444251,3.3536e-05
444265,0.000169728
444336,0.000439808
444519,5.5552e-05
444561,5.5296e-05
444653,1.7152e-05
444655,0.000756224
444782,7.3472e-05
444851,8.2432e-05
444882,1.792e-05
444939,3.328e-05
444972,0.000536832
445007,9.728e-06
445171,0.00011776
445213,4.608e-06
445260,2.56e-06
445362,1.7664e-05
445419,1.4592e-05
445568,0.000246272
445583,7.9872e-05
445613,5.376e-06
445627,2.816e-06
445656,9.728e-06
445667,1.0496e-05
445670,7.5008e-05
445674,0.000598784
445676,0.003671808
445678,0.00087424
445679,0.009793024
445767,0.00053376
445798,0.000107264
445994,6.1184e-05
446002,0.000128768
446166,3.6352e-05
446172,0.00022016
446175,0.001551104
446179,2.2272e-05
446268,1.536e-06
446332,3.1232e-05
446351,0.000331264
446368,9.2928e-05
446401,3.8912e-05
446421,5.0944e-05
446432,0.00018432
446464,2.3808e-05
446472,7.68e-07
446519,0.000118784
446563,0.000100608
446583,4.5312e-05
446594,1.0496e-05
446723,7.168e-06
446727,1.3312e-05
446758,2.7136e-05
446782,1.7152e-05
446837,5.6064e-05
446991,1.28e-06
447161,4.7616e-05
447163,0.001462528
447372,1.7152e-05
447410,0.000954624
447457,1.8944e-05
447467,7.424e-05
447541,2.3552e-05
447667,1.3568e-05
447700,2.5856e-05
447706,8.8064e-05
447800,1.536e-05
447835,7.168e-06
447865,4.1216e-05
447971,9.2672e-05
448078,6.7584e-05
448141,3.6096e-05
448212,1.28e-06
448225,1.408e-05
448248,8.064e-05
448280,0.000292096
448415,1.3824e-05
448455,7.1424e-05
448483,2.048e-06
448491,0.000189952
448574,3.9168e-05
448708,0.000127232
448737,0.000187904
448771,6.656e-06
448774,0.000478976
448866,1.6128e-05
448934,5.12e-06
448957,0.000133376
448991,6.656e-06
449048,6.912e-06
449125,0.00011648
449157,8.96e-05
449168,2.6112e-05
449354,3.3792e-05
449410,3.2512e-05
449413,2.3552e-05
449525,2.3552e-05
449553,9.728e-06
449593,1.3824e-05
449678,3.8656e-05
449730,3.9936e-05
449764,6.6048e-05
449771,4.352e-06
449781,1.3824e-05
449784,0.000315648
449805,6.7328e-05
449826,0.000895488
449881,7.2448e-05
449920,5.8624e-05
449942,0.000223488
449951,4.6592e-05
449995,5.248e-05
450018,5.12e-06
450028,4.5824e-05
450205,0.00013824
450213,0.00010496
450241,1.7152e-05
450305,0.00011392
450335,0.00012032
450374,1.5872e-05
450375,0.000394752
450468,4.48e-05
450633,1.4848e-05
450661,5.4016e-05
450666,2.6368e-05
450698,1.792e-05
450743,8.8064e-05
450809,7.3984e-05
450836,0.000106752
450854,0.000857856
450863,3.5584e-05
450903,4.608e-06
450967,2.7136e-05
450997,1.1008e-05
451018,1.536e-05
451099,8.192e-06
451110,3.7376e-05
451116,6.272e-05
451139,2.816e-05
451165,3.84e-06
451195,1.4848e-05
451241,1.8688e-05
451261,1.408e-05
451308,1.9712e-05
451345,0.000407808
451373,7.2448e-05
451445,0.000164864
451553,1.1264e-05
451607,0.00036096
451664,0.001644288
451711,0.000122112
451758,6.144e-06
451802,1.152e-05
451828,5.4272e-05
451839,1.024e-05
451937,2.048e-06
452016,2.5856e-05
452106,2.048e-06
452130,2.7648e-05
452161,4.096e-06
452166,0.000103168
452215,1.0752e-05
452235,3.1744e-05
452260,0.000702208
452349,2.432e-05
452358,1.3312e-05
452369,0.000130816
452370,0.000790272
452380,0.000219904
452381,0.001742848
452386,0.002073856
452399,0.004982016
452655,7.5776e-05
452766,4.1984e-05
452771,0.000205568
452807,0.000285184
452845,9.472e-06
452922,0.000119296
453023,0.000871168
453087,0.000761088
453123,0.000138752
453220,2.048e-05
453283,0.000378112
453326,1.6896e-05
453357,3.5328e-05
453367,4.0704e-05
453487,1.5104e-05
453694,4.096e-06
453718,3.584e-06
453749,5.1712e-05
453785,7.168e-05
453813,3.5584e-05
453873,2.816e-06
453925,2.7392e-05
454141,9.984e-06
454173,1.1264e-05
454282,1.664e-05
454356,2.6368e-05
454384,0.000180736
454410,7.68e-06
454436,1.9712e-05
454464,0.000270336
454556,0.001112832
454595,6.7328e-05
454635,2.304e-06
454681,0.000610048
454697,4.3776e-05
454753,5.12e-07
454856,1.5616e-05
454874,7.68e-07
454906,8.704e-06
454932,0.0
454942,0.000363264
455047,6.0928e-05
455076,7.936e-06
455099,2.0224e-05
455126,5.888e-06
455172,0.000858368
455282,3.8144e-05
455294,9.0112e-05
455363,0.000260864
455388,2.304e-05
455427,0.000333312
455463,0.000134144
455489,0.000239872
455599,1.5616e-05
455652,7.808e-05
455720,0.000424704
455742,1.5616e-05
455755,3.84e-06
455771,0.000235008
455914,1.408e-05
455951,2.048e-06
455952,6.7584e-05
455978,9.7024e-05
456007,0.000619264
456075,1.4592e-05
456097,0.000168704
456184,0.000150272
456218,0.00015616
456368,6.912e-06
456377,6.3744e-05
456418,7.7056e-05
456475,1.92e-05
456525,1.1008e-05
456630,1.536e-05
456635,8.8064e-05
456693,3.2512e-05
456716,3.584e-05
456833,2.944e-05
456856,0.000207616
456878,9.472e-06
456895,0.000193024
456968,0.000123392
457030,1.3312e-05
457236,0.000732928
457290,0.00047104
457345,8.832e-05
457363,5.0688e-05
457446,2.2784e-05
457455,1.3312e-05
457521,0.000104704
457571,3.8912e-05
457579,5.12e-05
457707,0.00031744
457773,8.0384e-05
457822,0.000226816
457840,0.00062848
457942,1.3056e-05
457955,3.3536e-05
457964,0.00216448
458019,0.000212992
458113,2.2528e-05
458151,2.0736e-05
458156,0.000544256
458174,0.002641664
458209,3.9424e-05
458267,0.000134912
458270,0.00042624
458329,6.4e-06
458365,8.2688e-05
458384,0.000133888
458405,3.4816e-05
458431,0.000946944
458511,5.4016e-05
458518,0.000319232
458534,0.000158208
458594,4.48e-05
458617,0.000211712
458676,2.432e-05
458684,0.000309504
458714,0.000466688
458735,5.888e-06
458769,2.8416e-05
458816,4.4032e-05
458871,6.4e-06
458899,0.000151808
458921,5.0176e-05
459016,2.944e-05
459045,0.000118784
459080,0.0001216
459115,3.968e-05
459174,5.12e-06
459276,6.912e-06
459296,1.7152e-05
459310,0.000147712
459356,7.8848e-05
459373,0.000621824
459426,1.664e-05
459539,8.448e-06
459577,5.5552e-05
459688,4.1728e-05
459862,0.000505856
459949,0.000144896
460044,5.2736e-05
460063,1.408e-05
460110,2.8416e-05
460143,4.352e-05
460236,1.2544e-05
460377,5.376e-05
460386,0.000235264
460459,1.8944e-05
460535,1.28e-06
460567,3.712e-05
460576,0.006578432
460644,1.152e-05
460693,7.6032e-05
460710,1.9968e-05
460718,3.3024e-05
460771,5.632e-05
460785,0.000173568
460822,2.7136e-05
460830,1.664e-05
460859,0.000558848
460899,1.536e-06
460909,0.000634112
460945,0.000171008
460961,0.000158976
461037,2.4064e-05
461050,0.000558336
461089,3.2256e-05
461151,5.1968e-05
461159,2.176e-05
461165,8.3712e-05
461171,0.000859648
461200,0.00033664
461211,0.000552448
461244,4.864e-06
461305,0.000201216
461310,0.000438784
461354,0.000305152
461390,1.7408e-05
461435,4.2752e-05
461492,0.000109568
461650,1.3312e-05
461680,2.6624e-05
461695,5.8112e-05
461705,0.000200704
461755,2.3296e-05
461759,5.9136e-05
461767,0.000548608
461898,1.8432e-05
461940,4.8384e-05
461942,5.0176e-05
462007,1.6384e-05
462021,0.000206848
462065,1.4336e-05
462091,0.000242688
462139,7.68e-06
462140,0.000115712
462177,0.000305408
462185,0.000581888
462197,0.000114176
462281,4.3264e-05
462291,0.000225792
462358,7.0144e-05
462370,5.5296e-05
462372,6.7584e-05
462475,1.4592e-05
462601,6.912e-05
462694,0.000142848
462723,5.3504e-05
462750,4.2496e-05
462763,2.2528e-05
462788,2.9696e-05
462883,1.3056e-05
462904,3.3536e-05
462914,8.1664e-05
462950,4.352e-06
462990,0.000127744
463012,0.000452096
463024,0.000756224
463053,4.7872e-05
463160,7.68e-07
463184,0.000119808
463259,0.000103936
463279,0.00018176
463297,0.001837568
463340,0.000145408
463386,4.6336e-05
463443,0.0002752
463474,8.8832e-05
463484,0.00096256
463530,3.3536e-05
463568,2.944e-05
463570,0.000254464
463636,4.1216e-05
463671,1.5872e-05
463699,1.7152e-05
463757,6.8608e-05
463764,5.2224e-05
463788,8.4992e-05
463803,1.2032e-05
463810,0.001197568
463852,1.0496e-05
463880,5.12e-06
463968,0.0001408
464005,1.9968e-05
464055,3.584e-06
464068,6.3232e-05
464171,0.00028288
464176,0.00178432
464284,0.000637696
464335,2.1504e-05
464358,3.2256e-05
464376,6.2976e-05
464397,6.7072e-05
464404,0.000156928
464443,7.168e-06
464455,6.9376e-05
464474,0.000864
464524,5.0944e-05
464527,1.0496e-05
464541,1.5616e-05
464587,3.584e-06
464601,3.4816e-05
464608,0.000288768
464658,1.8432e-05
464690,1.408e-05
464722,6.2976e-05
464724,0.000320256
464756,0.000118784
464764,0.000153344
464803,0.00054528
464809,0.00169984
464866,2.3296e-05
464874,0.000112384
464896,4.608e-06
464904,7.7824e-05
464914,0.000563712
464959,4.864e-06
464974,8.6784e-05
465014,0.000150784
465044,0.000112384
465054,0.000232192
465064,9.0112e-05
465090,1.28e-05
465104,0.000193024
465114,0.000182272
465134,0.000393728
465144,0.000130304
465164,7.808e-05
465174,9.6512e-05
465184,5.12e-05
465194,0.000525056
465204,2.8672e-05
465214,2.0224e-05
465224,7.2448e-05
465244,3.4816e-05
465254,9.088e-05
465284,0.000105216
465294,0.000127744
465314,0.00015744
465324,0.000257792
465334,0.000105472
465344,0.000201472
465354,0.000273408
465394,0.000303616
465404,0.000271872
465414,0.000178944
465424,0.000269056
465454,0.000123904
465464,0.000169216
465474,0.000385792
465494,0.000379136
465524,0.000315648
465544,0.000301056
465554,0.000315392
465584,0.000529152
465594,0.00019968
465604,0.000149248
465624,0.0008576
465634,0.000895744
465644,0.0001152
465684,0.000475648
465704,0.000749568
465714,0.004736256
465764,0.000824832
465794,9.4208e-05
465824,1.4848e-05
465854,0.000133376
465884,0.0001024
465894,2.0736e-05
465914,0.00011904
465956,1.2032e-05
465966,3.968e-05
465974,4.3776e-05
466004,1.7152e-05
466023,7.168e-06
466130,7.424e-06
466144,2.5856e-05
466177,0.000705024
466249,8.704e-06
466317,2.1248e-05
466340,0.000238592
466369,0.000329472
466445,0.000375296
466516,1.0752e-05
466531,3.84e-05
466544,2.9184e-05
466567,2.6112e-05
466574,0.000134912
466624,0.000196352
466652,8.704e-06
466700,5.12e-07
466711,0.000299776
466794,8.704e-06
466857,3.1488e-05
466951,2.56e-07
466980,1.6384e-05
466990,2.56e-06
467018,0.000245504
467044,2.2016e-05
467046,0.001996288
467079,0.000383488
467098,0.00032896
467111,0.000300288
467140,3.1232e-05
467169,2.4576e-05
467192,1.9456e-05
467411,2.6624e-05
467496,3.3024e-05
467503,4.864e-06
467566,9.7024e-05
467590,2.048e-06
467736,4.9152e-05
467761,2.6624e-05
467773,0.001037824
467851,3.328e-06
467892,6.528e-05
467942,1.024e-06
467983,0.000138496
468105,5.4016e-05
468198,0.0001152
468213,1.1776e-05
468255,2.56e-05
468301,1.024e-06
468345,3.8144e-05
468374,2.56e-07
468398,7.68e-06
468441,9.728e-06
468502,2.2784e-05
468512,0.000706816
468550,1.0496e-05
468587,8.704e-06
468934,3.072e-06
468974,0.000140032
468977,0.000509696
469012,1.536e-05
469096,7.04e-05
469136,0.000934912
469176,3.328e-06
469272,0.000427776
469300,2.4064e-05
469359,6.5536e-05
469445,0.000210176
469479,6.8864e-05
469510,5.3248e-05
469540,3.2256e-05
469572,0.00016384
469665,0.000133888
469732,8.8832e-05
469912,4.352e-06
469948,2.2784e-05
469952,8.192e-06
469994,0.000396544
470011,0.003478272
470065,0.00024448
470150,3.328e-05
470165,9.088e-05
470315,7.424e-06
470316,0.000186368
470445,5.0176e-05
470531,1.2032e-05
470550,0.000217088
470585,3.968e-05
470737,0.000221696
470769,0.006668544
470829,0.000306432
470861,0.000296704
470887,7.68e-06
470907,7.8592e-05
470939,0.0011072
471006,4.8128e-05
471089,4.5824e-05
471097,1.1008e-05
471111,9.216e-06
471141,1.536e-06
471213,9.4464e-05
471252,0.00022784
471261,0.000140544
471295,2.048e-05
471371,0.000109056
471375,0.002048
471517,3.072e-06
471623,7.5776e-05
471671,3.584e-06
471688,6.8096e-05
471751,1.7664e-05
471789,5.5296e-05
471820,3.2768e-05
471846,6.4e-06
471895,2.7648e-05
471945,2.3296e-05
471951,5.1968e-05
471988,2.6112e-05
472018,2.6112e-05
472046,7.9104e-05
472064,4.352e-05
472124,0.000295424
472150,1.408e-05
472202,0.000271616
472259,8.6272e-05
472353,0.000143104
472397,3.584e-06
472398,0.00125696
472489,1.7408e-05
472492,3.584e-06
472550,5.632e-06
472565,5.632e-05
472600,0.001530368
472602,0.011903744
472605,0.001844736
472744,2.4576e-05
472865,3.8656e-05
472890,4.7104e-05
472934,0.000255744
473030,4.8896e-05
473051,4.7104e-05
473157,0.000189696
473220,4.736e-05
473243,0.000155136
473247,0.000775936
473318,5.8368e-05
473435,6.656e-06
473466,2.5344e-05
473471,9.8048e-05
473529,0.000151808
473585,1.024e-05
473631,4.864e-06
473691,5.888e-06
473703,0.000230144
473743,3.4816e-05
473758,0.000223232
473910,4.864e-06
473938,1.8944e-05
474003,1.4336e-05
474024,5.888e-06
474124,0.000194304
474152,7.6544e-05
474177,1.0752e-05
474225,3.6608e-05
474278,2.688e-05
474356,0.000297984
474374,3.328e-05
474523,0.00022144
474584,3.1488e-05
474624,0.000192768
474681,2.5856e-05
474732,6.4e-06
474794,1.408e-05
474798,5.12e-07
474850,0.00075776
474873,2.432e-05
474888,7.9616e-05
474926,2.944e-05
474947,1.536e-06
474967,4.0704e-05
474974,0.00048512
475043,1.2032e-05
475077,0.0001024
475079,0.001067008
475159,7.2192e-05
475186,9.3952e-05
475211,1.8944e-05
475273,1.536e-06
475275,0.000348416
475288,4.864e-06
475345,4.864e-05
475404,1.2544e-05
475420,8.448e-06
475470,2.3808e-05
475494,1.536e-06
475504,1.2032e-05
475535,9.984e-06
475541,0.001313024
475659,1.536e-05
475718,0.000180224
475737,3.712e-05
475768,7.0912e-05
475864,1.2288e-05
475999,6.7584e-05
476022,0.000189696
476128,5.12e-06
476153,7.4752e-05
476175,0.00036224
476240,4.864e-06
476247,1.024e-05
476310,2.4064e-05
476321,2.9952e-05
476367,0.000104192
476413,3.7632e-05
476475,0.000127488
476507,0.000404736
476577,4.0704e-05
476652,5.12e-06
476663,0.00038528
476700,9.472e-06
476707,1.9712e-05
476726,0.000448512
476757,2.944e-05
476767,0.000468992
476811,0.000116992
476843,0.000583168
476880,9.9584e-05
476927,0.000105216
476988,1.9712e-05
477096,1.024e-06
477158,0.000116224
477214,1.024e-06
477292,1.8688e-05
477357,3.1744e-05
477374,0.001230848
477409,0.000937984
477594,1.3312e-05
477751,9.728e-06
477764,4.0448e-05
477798,6.9888e-05
477865,3.1744e-05
477876,6.528e-05
477923,5.7088e-05
477936,0.000370432
477970,4.3776e-05
478002,3.1488e-05
478107,6.6816e-05
478142,4.992e-05
478229,1.6128e-05
478265,6.3488e-05
478321,0.000122112
478331,0.000165376
478420,2.048e-05
478485,2.7904e-05
478558,3.7376e-05
478566,0.000797696
478733,3.072e-06
478745,2.8672e-05
478843,9.3696e-05
478896,2.304e-06
478898,0.000114432
478987,2.56e-06
479016,1.28e-05
479055,5.0688e-05
479082,0.000360448
479128,9.4208e-05
479168,0.000220928
479208,0.000152832
479247,0.000534016
479294,0.00010752
479335,0.000296192
479495,3.072e-05
479571,1.1264e-05
479608,0.000283904
479657,3.2256e-05
479666,5.632e-06
479688,4.5568e-05
479765,5.12e-07
479777,0.000166656
479839,0.000338944
479842,0.000143872
479908,0.000469248
479955,7.7056e-05
479996,1.2544e-05
480036,2.944e-05
480077,8.192e-06
480171,2.7392e-05
480235,1.3824e-05
480238,0.000164096
480343,1.9968e-05
480369,5.3248e-05
480400,1.4336e-05
480492,5.12e-07
480640,0.000193536
480653,1.3824e-05
480794,1.6128e-05
480821,3.4816e-05
480873,4.0448e-05
480925,2.5088e-05
480942,0.000732416
480980,9.2672e-05
481021,2.56e-07
481065,5.6832e-05
481147,0.000664064
481188,9.2416e-05
481201,1.4336e-05
481202,0.002458624
481203,0.004123904
481204,0.013843712
481207,0.016643072
481208,0.003760128
481350,6.656e-06
481386,2.0736e-05
481430,4.352e-06
481565,4.0704e-05
481567,0.000731904
481630,2.1248e-05
481663,6.8096e-05
481713,7.2192e-05
481767,5.9392e-05
481786,4.992e-05
481793,2.9184e-05
481856,3.584e-06
481859,5.248e-05
481939,0.00018432
481953,0.00012544
481997,1.5616e-05
482029,2.3552e-05
482080,8.448e-06
482112,4.352e-05
482119,0.000258048
482156,1.536e-05
482173,4.352e-06
482207,9.472e-06
482249,3.8912e-05
482269,5.7856e-05
482285,7.68e-06
482307,3.84e-06
482335,9.8816e-05
482380,7.8848e-05
482434,4.864e-06
482468,0.000150784
482487,1.024e-06
482560,0.001453312
482735,2.6624e-05
482756,0.000258816
482773,3.3792e-05
482782,9.4464e-05
482851,1.2288e-05
482877,1.536e-06
482901,4.608e-05
482990,8.5248e-05
483013,2.1504e-05
483074,0.000525312
483180,5.1712e-05
483204,0.000206848
483275,3.6096e-05
483361,4.1984e-05
483367,3.6096e-05
483516,6.656e-05
483531,0.000762112
483610,2.56e-07
483663,2.3552e-05
483684,2.9184e-05
483716,3.3536e-05
483733,0.00053632
483791,0.0002112
483817,8.192e-05
483828,2.7392e-05
483869,0.000160512
483921,0.000290304
483952,1.2544e-05
484019,6.2464e-05
484088,0.00027136
484152,1.6896e-05
484177,1.4336e-05
484179,0.00029952
484243,2.3552e-05
484248,5.8368e-05
484304,7.68e-05
484448,0.000479488
484537,3.8656e-05
484543,3.328e-06
484576,0.0001024
484587,7.5264e-05
484621,4.0448e-05
484627,4.3776e-05
484696,1.4336e-05
484708,0.000195584
484754,0.000440832
484791,9.8048e-05
484873,6.0928e-05
484885,0.000315648
484903,5.5296e-05
484913,0.000119552
485000,6.3488e-05
485017,1.1776e-05
485050,2.1248e-05
485060,3.584e-05
485093,2.3552e-05
485138,5.632e-06
485172,1.152e-05
485183,3.3536e-05
485243,9.472e-06
485287,3.2512e-05
485320,3.5072e-05
485377,2.56e-06
485445,1.8944e-05
485461,4.608e-06
485473,7.8336e-05
485632,2.816e-06
485684,0.00019072
485709,8.5248e-05
485757,0.00018688
485765,0.000517376
485794,0.000142848
485803,0.000772352
485913,8.6784e-05
485943,6.7328e-05
485953,1.408e-05
485963,0.0001536
485973,2.7904e-05
485993,2.3808e-05
486013,0.000161792
486023,2.816e-06
486043,0.000359424
486053,4.992e-05
486063,0.000151296
486083,2.0224e-05
486093,0.000433664
486113,4.4032e-05
486123,1.3568e-05
486133,7.3728e-05
486143,2.9952e-05
486163,0.000698368
486173,0.000218368
486183,0.000166144
486193,0.000117504
486203,0.00020096
486233,0.000143872
486243,0.000264448
486273,0.00039296
486283,0.0004032
486366,0.000290304
486372,0.00010368
486407,0.000367616
486492,5.12e-06
486500,0.000432896
486566,0.000135168
486582,0.00029952
486655,7.936e-06
486691,9.6e-05
486763,2.4576e-05
486769,2.7136e-05
486772,0.000105984
486801,4.8384e-05
486802,0.000128768
486880,0.000279808
486923,1.0752e-05
486967,0.000149248
486970,0.000559616
487028,2.6368e-05
487137,2.3552e-05
487148,0.000309504
487186,0.000300544
487233,1.792e-05
487289,3.712e-05
487349,3.4816e-05
487380,0.0001152
487397,1.28e-06
487405,3.3536e-05
487452,3.712e-05
487527,4.0448e-05
487556,0.00058752
487571,0.000739328
487684,4.992e-05
487693,3.8656e-05
487703,0.000190208
487707,0.000300032
487730,5.8368e-05
487752,8.0128e-05
487756,0.000154624
487834,3.4304e-05
487838,3.2768e-05
487895,0.000320768
487907,0.000342784
487974,0.000129792
488036,3.0464e-05
488169,0.00015872
488219,0.000509952
488276,1.024e-06
488311,3.5072e-05
488433,2.2784e-05
488501,0.00032384
488580,1.536e-06
488599,0.000153856
488647,0.00019328
488701,5.76e-05
488727,9.8816e-05
488757,0.0015296
488863,0.001033984
488936,9.728e-06
488979,0.00011648
489052,2.2016e-05
489061,0.000498944
489099,0.000136192
489135,0.000333312
489178,0.00012544
489200,3.3792e-05
489244,9.984e-05
489266,0.000112384
489288,0.000215808
489303,4.6848e-05
489325,6.4512e-05
489357,1.6384e-05
489371,9.2672e-05
489405,1.024e-06
489410,2.048e-06
489450,1.3056e-05
489532,2.9952e-05
489548,1.28e-05
489780,4.1984e-05
489785,2.304e-06
489804,2.2784e-05
489884,2.1504e-05
489915,4.5312e-05
489931,8.96e-06
489946,0.000442112
489971,0.000169728
489995,0.000127488
490024,5.504e-05
490050,0.000175616
490099,3.8656e-05
490109,9.984e-06
490156,0.000117248
490194,8.96e-06
490271,3.84e-06
490345,4.096e-06
490356,4.096e-05
490383,2.0992e-05
490387,5.12e-07
490415,7.7056e-05
490422,0.000223488
490441,8.448e-06
490486,2.3552e-05
490489,9.0368e-05
490533,0.001123584
490597,3.5584e-05
490677,1.4592e-05
490747,4.4032e-05
490762,3.456e-05
490797,4.1472e-05
490836,1.792e-06
491010,4.608e-06
491017,0.000400384
491130,2.176e-05
491156,8.0896e-05
491160,0.00118656
491348,2.304e-06
491356,0.000242688
491466,2.2016e-05
491475,2.7648e-05
491481,4.9664e-05
491600,0.000315392
491620,8.3712e-05
491689,2.56e-06
491712,2.304e-05
491737,3.8144e-05
491766,5.632e-05
491767,3.2768e-05
491771,0.000183808
491859,5.3504e-05
491864,4.992e-05
491907,2.2272e-05
491970,0.000109568
491984,0.000160768
492020,0.000458752
492086,0.000173568
492127,0.000155648
492292,3.4304e-05
492302,3.3024e-05
492320,6.272e-05
492325,0.001928448
492393,0.000105472
492403,1.6896e-05
492435,4.9664e-05
492474,0.000712704
492521,5.3248e-05
492564,0.000149504
492613,0.000227584
492630,0.000275456
492654,4.8384e-05
492830,7.3984e-05
492840,0.000142336
492841,0.000910336
492878,4.7616e-05
492931,0.00016
493045,0.000189184
493072,7.3216e-05
493094,0.000127488
493113,8.576e-05
493189,0.000127744
493276,5.0688e-05
493354,7.7056e-05
493442,3.8912e-05
493521,4.352e-06
493543,0.000230656
493573,3.5328e-05
493678,6.4256e-05
493697,0.000509184
493798,0.000945152
493810,6.144e-05
493853,2.8416e-05
493916,3.4048e-05
493926,2.048e-06
493973,0.00013568
494013,5.504e-05
494102,0.001775872
494156,5.12e-06
494169,0.000166912
494197,0.000403456
494256,1.4336e-05
494261,1.4848e-05
494307,0.000547328
494345,0.000224256
494440,2.6368e-05
494494,1.28e-05
494577,2.56e-05
494594,4.864e-06
494602,0.000471296
494661,1.7152e-05
494678,3.4304e-05
494756,8.704e-06
494757,0.0026368
494770,3.8656e-05
494839,0.000373504
494870,0.000209152
494978,2.4832e-05
495010,3.584e-05
495014,0.000306432
495083,1.8688e-05
495111,0.000363008
495158,0.000205568
495186,0.0001088
495235,1.408e-05
495254,2.0736e-05
495269,0.000457216
495301,2.0224e-05
495365,4.6848e-05
495369,0.00021248
495429,5.632e-06
495468,0.000110336
495523,1.1264e-05
495556,1.2544e-05
495698,2.304e-05
495750,6.0416e-05
495788,5.504e-05
495816,1.92e-05
495837,0.00015488
495929,3.7632e-05
495966,0.000121856
495973,0.000970752
496008,0.000174848
496054,3.072e-06
496160,1.0752e-05
496196,1.2544e-05
496350,4.5312e-05
496400,9.6e-05
496455,0.001944576
496523,0.000343552
496569,4.0704e-05
496575,0.000217856
496577,0.000889344
496650,3.9936e-05
496657,5.888e-05
496733,0.000269568
496775,4.608e-06
496917,1.2032e-05
496936,9.8816e-05
496947,0.000326144
496995,1.1008e-05
497108,4.48e-05
497157,5.248e-05
497176,1.4336e-05
497186,0.000141056
497224,4.7872e-05
497268,5.12e-05
497290,2.176e-05
497352,7.168e-06
497355,0.00022528
497377,4.864e-06
497391,2.048e-05
497443,0.000318976
497489,0.00023168
497509,0.000796672
497570,2.3296e-05
497582,0.000168704
497611,2.304e-06
497621,7.424e-06
497651,3.84e-06
497656,3.8912e-05
497700,3.84e-05
497711,0.00075008
497757,0.00034048
497797,5.7088e-05
497878,1.28e-06
497906,1.5872e-05
497972,9.216e-06
497981,0.000916992
498069,9.0112e-05
498106,1.6128e-05
498108,3.6864e-05
498167,1.3056e-05
498201,5.12e-06
498248,1.8432e-05
498261,5.1968e-05
498358,9.0112e-05
498480,3.3792e-05
498502,0.000154624
498534,7.168e-06
498548,1.2288e-05
498550,2.56e-05
498581,1.7152e-05
498711,1.792e-05
498717,2.4832e-05
498726,3.2512e-05
498762,1.1264e-05
498798,0.000258048
498901,1.9968e-05
498933,6.912e-06
498943,0.000414976
498967,0.000234752
499063,3.84e-06
499104,0.000100352
499127,2.9184e-05
499155,2.048e-06
499165,7.936e-06
499183,1.152e-05
499232,0.00016
499293,1.2288e-05
499297,1.536e-05
499318,0.000157696
499380,1.92e-05
499408,2.56e-07
499454,8.96e-06
499526,5.2992e-05
499541,1.4848e-05
499555,6.2208e-05
499565,0.002299648
499663,8.064e-05
499766,2.816e-06
499828,1.4336e-05
499829,7.8848e-05
499890,2.3808e-05
499912,4.5568e-05
499925,0.000314112
499954,1.2288e-05
499963,4.5824e-05
499999,4.864e-06
500084,4.6592e-05
500092,3.072e-06
500094,0.001264384
500162,7.68e-07
500171,3.84e-06
500172,0.0002432
500262,1.664e-05
500265,0.000193024
500272,2.9184e-05
500304,5.632e-05
500337,1.1776e-05
500406,7.424e-06
500460,4.48e-05
500468,1.792e-05
500486,0.000591616
500521,3.6096e-05
500593,0.0002496
500701,0.000287488
500766,0.000151296
500773,0.00056192
500802,0.000117248
500832,2.816e-06
500844,2.56e-05
500935,0.00017024
500970,2.56e-06
500976,7.3216e-05
501027,6.912e-06
501112,0.000227584
501201,6.912e-06
501226,0.000168448
501272,3.328e-06
501284,0.000196096
501340,2.816e-06
501357,0.000110336
501370,0.001264896
501373,0.001772288
501416,9.3952e-05
501446,2.6368e-05
501493,7.168e-06
501560,6.144e-06
501628,0.000251392
501725,5.5296e-05
501758,2.8928e-05
501830,6.656e-06
501927,0.000438784
501955,0.000148224
501964,0.000726016
502065,1.4336e-05
502068,2.816e-06
502116,0.000278016
502195,0.000116736
502257,1.3312e-05
502292,4.6848e-05
502313,7.424e-06
502359,0.000179968
502417,1.4848e-05
502484,1.152e-05
502515,0.000331776
502566,7.68e-07
502579,0.000756224
502651,0.000179712
502653,0.00048768
502690,1.2544e-05
502733,6.4e-06
502734,0.000129792
502769,1.3824e-05
502795,3.584e-05
502848,1.1008e-05
502906,2.56e-07
502978,1.536e-05
502980,0.000187648
502987,0.000120064
503045,8.6528e-05
503053,0.001387776
503118,0.000144896
503120,0.00070528
503158,0.00020352
503173,3.8144e-05
503219,0.000228864
503247,0.00027776
503318,2.9696e-05
503340,0.000144128
503445,9.8816e-05
503469,2.432e-05
503475,9.6512e-05
503505,3.2768e-05
503520,1.4592e-05
503663,3.9424e-05
503679,0.000839424
503704,0.000293632
503758,0.000423424
503770,0.001666816
503836,4.7104e-05
503863,1.152e-05
503903,3.328e-06
503918,1.1008e-05
503926,5.248e-05
503984,4.352e-06
503996,1.3312e-05
504119,3.968e-05
504134,0.00023808
504197,5.3248e-05
504213,4.352e-06
504314,1.3312e-05
504330,4.096e-06
504368,0.000186624
504373,0.000550144
504456,5.5296e-05
504534,1.9712e-05
504545,7.936e-06
504556,2.6368e-05
504637,0.00018048
504651,1.7408e-05
504697,5.888e-06
504729,3.072e-05
504754,1.152e-05
504772,5.76e-05
504784,2.5088e-05
504786,3.1232e-05
504801,2.304e-06
504854,2.3552e-05
504894,3.2256e-05
504899,4.1216e-05
504927,3.3792e-05
504969,2.56e-07
505051,6.6816e-05
505100,8.8832e-05
505107,0.000150016
505133,0.000165376
505205,9.5744e-05
505229,0.000435712
505300,8.3456e-05
505318,3.0464e-05
505352,3.7632e-05
505429,1.4848e-05
505444,1.8432e-05
505556,1.4592e-05
505557,0.000101376
505597,3.328e-05
505643,0.000111104
505686,1.28e-05
505703,3.072e-05
505721,0.000156416
505755,0.000598272
505807,0.00023168
505871,2.048e-06
505885,0.000120576
505912,0.000172032
506073,0.00029312
506156,0.000532736
506302,1.5104e-05
506317,3.072e-06
506377,2.816e-05
506457,4.3264e-05
506506,1.9968e-05
506605,3.1744e-05
506746,0.00033664
506757,5.7856e-05
506835,1.4336e-05
506891,2.3552e-05
506945,7.4496e-05
507005,4.096e-06
507014,6.3232e-05
507028,1.3056e-05
507065,1.2544e-05
507072,0.000681728
507100,0.000230912
507120,0.000193024
507163,5.376e-06
507236,0.00023168
507256,4.1728e-05
507301,2.2272e-05
507316,6.2208e-05
507370,4.6848e-05
507428,5.376e-06
507433,6.912e-06
507516,4.3776e-05
507553,0.00018688
507634,9.216e-06
507677,3.3792e-05
507716,0.000243456
507791,0.000786944
507848,4.4032e-05
507942,0.000105984
507956,2.3808e-05
508067,0.000450816
508224,0.000413184
508275,9.984e-06
508501,2.0992e-05
508571,4.736e-05
508585,0.001123072
508833,0.000934656
508992,0.000201728
509028,0.000115968
509086,4.7872e-05
509107,0.000116736
509163,0.00032896
509231,1.3056e-05
509326,6.016e-05
509381,5.12e-06
509440,0.000218624
509529,1.2544e-05
509599,4.608e-06
509669,0.00028672
509693,4.9408e-05
509706,5.4784e-05
509727,2.688e-05
509758,7.3728e-05
509769,0.000205312
509826,0.000187648
509840,2.048e-06
510147,0.000576768
510302,1.3824e-05
510368,0.000376832
510436,7.68e-06
510548,8.96e-06
510584,3.328e-06
510863,3.328e-06
510974,0.00225536
511062,4.3264e-05
511105,3.072e-06
511147,0.00016128
511181,0.000301824
511260,0.0
511302,9.2416e-05
511330,2.176e-05
511336,0.00069888
511500,1.3568e-05
511567,1.5104e-05
511575,9.5232e-05
511605,0.00010112
511695,1.7664e-05
511719,0.00016128
511739,0.00038784
511811,3.8912e-05
511848,1.792e-05
511851,3.328e-06
511861,2.6368e-05
511895,0.000297472
511952,9.472e-06
511999,2.3296e-05
512014,1.2288e-05
512034,0.99993856
512155,2.304e-06
512165,1.4336e-05
512227,2.048e-06
512251,2.7136e-05
512300,8.3968e-05
512317,1.8176e-05
512345,5.4016e-05
512399,4.1216e-05
512573,3.712e-05
512609,9.472e-06
512617,1.024e-06
512622,2.2016e-05
512647,0.000224512
512683,6.4e-06
512742,3.2512e-05
512760,2.048e-06
512900,1.3312e-05
512965,1.4592e-05
513007,0.000120576
513065,0.00025856
513122,6.528e-05
513131,7.68e-06
513171,1.6384e-05
513198,1.6896e-05
513225,3.328e-06
513287,1.92e-05
513318,7.808e-05
513357,4.9408e-05
513396,2.816e-05
513400,0.00113792
513437,2.4576e-05
513479,2.304e-06
513495,1.28e-05
513502,3.4816e-05
513636,4.608e-06
513639,4.864e-06
513649,3.6352e-05
513708,6.3232e-05
513742,0.000144896
513746,0.000592128
513807,1.4336e-05
513822,3.0464e-05
513856,2.56e-07
513908,4.5312e-05
513978,5.4784e-05
514028,1.408e-05
514071,2.3296e-05
514114,1.024e-06
514190,1.3056e-05
514194,2.56e-07
514198,0.000121088
514231,1.3824e-05
514263,3.072e-06
514279,4.6848e-05
514293,5.4016e-05
514336,3.584e-06
514380,0.000791296
514401,5.8368e-05
514481,7.5264e-05
514487,0.000156672
514565,6.3232e-05
514571,0.002632704
514650,0.00038784
514930,6.912e-05
514970,0.00027264
515004,7.424e-06
515033,3.0976e-05
515093,5.1712e-05
515142,0.000118272
515204,0.000274432
515289,5.7856e-05
515313,0.000194816
515383,3.072e-05
515459,5.12e-06
515486,9.216e-06
515527,6.3232e-05
515537,4.2752e-05
515609,1.024e-05
515621,8.7296e-05
515672,8.5504e-05
515674,9.6768e-05
515738,1.8432e-05
515768,9.9584e-05
515835,0.00012544
515870,0.000205312
515925,2.3552e-05
515939,5.376e-06
515941,0.000400896
515992,1.664e-05
516021,0.000114688
516039,0.000385536
516075,0.00024448
516127,2.56e-07
516157,0.000392704
516277,5.12e-07
516287,6.8352e-05
516327,3.0464e-05
516357,2.1248e-05
516365,2.2528e-05
516370,4.7616e-05
516422,3.1744e-05
516439,2.304e-05
516509,0.0
516553,5.376e-05
516587,1.3312e-05
516594,0.000214016
516615,3.584e-05
516693,3.1744e-05
516713,6.6816e-05
516784,0.000140544
516811,5.2224e-05
516861,3.6096e-05
516898,6.912e-06
516918,6.528e-05
516958,2.304e-05
516968,0.00048512
517046,1.536e-05
517101,3.7888e-05
517112,5.12e-06
517194,1.6128e-05
517198,2.048e-06
517202,0.000151552
517248,7.68e-06
517306,1.792e-05
517308,0.00013056
517360,8.96e-06
517432,6.144e-06
517511,7.68e-06
517516,9.088e-05
517568,1.2544e-05
517630,5.12e-05
517676,1.2288e-05
517728,1.92e-05
517737,1.1264e-05
517788,1.7152e-05
517869,6.144e-06
517895,1.9456e-05
517900,0.000152576
517936,9.216e-06
517944,5.632e-06
517960,3.2e-05
517988,9.472e-06
518034,2.5856e-05
518082,0.000477952
518131,6.912e-06
518167,4.2752e-05
518286,3.584e-06
518313,0.000140032
518325,6.656e-06
518354,5.2224e-05
518373,1.8432e-05
518381,7.1424e-05
518415,0.000329728
518451,5.632e-06
518552,0.000880896
518593,7.68e-07
518625,7.0144e-05
518676,2.0992e-05
518681,0.00025472
518738,9.216e-06
518755,3.968e-05
518775,0.000194304
518825,2.2016e-05
518836,0.002325248
518889,6.656e-06
518926,1.3056e-05
519029,5.376e-06
519051,5.632e-06
519081,9.5232e-05
519137,2.3808e-05
519150,1.1776e-05
519163,0.00020224
519211,4.9664e-05
519227,3.7888e-05
519262,7.9872e-05
519299,4.48e-05
519356,5.7344e-05
519369,0.000224768
519414,0.000105472
519445,0.000281344
519455,0.000128
519543,2.816e-05
519581,2.6624e-05
519625,5.6832e-05
519647,2.6624e-05
519661,2.8416e-05
519706,3.84e-06
519810,0.000209152
519885,0.000206848
519914,9.472e-06
519955,3.328e-05
519959,7.936e-05
519962,6.4768e-05
520017,0.00057216
520020,0.00027776
520132,2.9696e-05
520149,5.12e-06
520180,3.0976e-05
520336,0.000845824
520361,9.216e-05
520402,3.0464e-05
520451,4.9152e-05
520453,6.144e-05
520494,1.536e-05
520513,6.656e-06
520536,0.000526848
520573,2.7392e-05
520668,1.9712e-05
520675,1.7152e-05
520689,5.12e-07
520768,2.4064e-05
520820,4.5312e-05
520840,6.144e-06
520867,0.000780544
520956,2.3552e-05
520982,1.8944e-05
520989,0.00077184
521031,5.12e-07
521051,1.792e-05
521071,2.304e-06
521083,9.728e-06
521091,8.192e-06
521132,7.1424e-05
521159,4.736e-05
521230,8.704e-06
521262,3.6864e-05
521266,0.000200704
521309,3.3024e-05
521363,8.192e-06
521369,4.096e-06
521391,5.0688e-05
521397,0.000161792
521419,4.096e-06
521439,4.608e-06
521441,9.6512e-05
521461,5.3248e-05
521468,3.328e-06
521478,7.0656e-05
521503,0.00126464
521531,0.000682752
521576,2.688e-05
521605,0.000240384
521606,0.000345344
521607,0.000114176
521678,2.304e-06
521694,1.536e-06
521699,0.000284416
521717,0.0003008
521780,3.072e-05
521803,0.000119296
521819,9.216e-06
521869,0.000163584
521925,7.68e-06
521942,0.001895936
522033,4.2496e-05
522051,4.1216e-05
522123,3.328e-06
522136,3.0976e-05
522249,0.000268032
522323,1.3568e-05
522349,1.2288e-05
522356,0.00010752
522416,5.12e-07
522447,8.192e-06
522476,1.3056e-05
522478,0.000322304
522529,2.3296e-05
522543,5.632e-06
522568,4.6336e-05
522597,0.000143104
522670,3.7376e-05
522696,0.00013696
522717,2.432e-05
522792,0.000527616
522799,0.000318976
522855,3.1488e-05
522862,8.9088e-05
522953,2.304e-06
522972,0.00090624
523006,2.432e-05
523038,5.888e-06
523046,0.0
523072,1.152e-05
523075,0.000875264
523097,2.7136e-05
523137,0.000381952
523150,0.002118912
523228,5.1712e-05
523252,0.000209664
523257,5.7088e-05
523298,5.5296e-05
523307,0.000213504
523365,1.28e-05
523391,1.9456e-05
523403,7.2448e-05
523406,0.001068288
523462,7.424e-05
523573,6.6048e-05
523638,1.6896e-05
523648,3.1744e-05
523671,0.00024064
523708,3.2e-05
523782,0.000770304
523831,3.7376e-05
523953,5.1968e-05
524123,0.000161792
524164,2.9696e-05
524195,0.00042752
524201,0.000307968
524220,0.00116352
524244,0.001825792
524257,0.002493184
524269,0.000813568
524301,0.000428032
524307,0.001617664
524332,0.000412928
524459,1.28e-05
524553,3.0976e-05
524556,9.472e-05
524690,0.000518912
524731,9.8048e-05
524789,2.7392e-05
524814,1.7664e-05
524820,0.000288512
524855,5.1456e-05
525074,2.56e-06
525080,1.3312e-05
525088,3.7632e-05
525256,5.12e-05
525319,0.000887296
525365,1.9456e-05
525370,0.000583168
525385,0.000168448
525655,2.304e-05
525697,2.7648e-05
525859,1.408e-05
525929,0.000120064
525939,0.00012288
525973,3.84e-06
525975,0.000220416
526014,0.000417024
526109,1.2544e-05
526190,4.608e-06
526250,2.3552e-05
526362,1.664e-05
526399,0.000811008
526419,0.000738048
526434,0.000550144
526452,7.296e-05
526471,9.9584e-05
526478,0.000530688
526514,3.2e-05
526553,7.68e-07
526556,0.000613376
526572,0.001220864
526575,0.001025024
526652,7.5776e-05
526748,7.3728e-05
526752,7.0144e-05
526764,0.00023168
526828,0.00029568
526857,0.000676864
526858,0.002239232
526926,0.000229376
526941,0.0001344
526980,0.002992896
527009,0.000118784
527136,5.376e-06
527167,4.8128e-05
527258,5.888e-06
527325,4.0704e-05
527331,0.000701952
527363,3.6608e-05
527384,0.00036736
527419,0.000448512
527510,1.5616e-05
527520,0.000315392
527626,0.000136704
527658,2.0736e-05
527691,1.2032e-05
527697,0.001559808
527755,1.8688e-05
527770,0.000683776
527822,7.168e-06
527874,2.8672e-05
527879,2.304e-06
527936,1.152e-05
528057,0.000130048
528208,5.2224e-05
528252,0.000105472
528287,1.792e-06
528312,1.8688e-05
528332,0.000104192
528371,4.3776e-05
528478,0.000285696
528511,7.0912e-05
528529,7.6288e-05
528640,1.5872e-05
528692,6.0416e-05
528734,3.072e-06
528736,1.1008e-05
528812,3.1488e-05
528836,1.5104e-05
528870,1.8176e-05
528883,4.48e-05
528887,0.00032512
528923,0.000184064
528966,2.8672e-05
528968,9.5488e-05
528974,0.000371712
529001,0.000195328
529011,0.00013312
529125,0.000842496
529204,0.00076416
529251,0.00014464
529269,1.0752e-05
529298,4.2496e-05
529329,1.3056e-05
529361,3.1232e-05
529377,4.608e-06
529494,4.608e-06
529504,0.000440832
529530,8.9088e-05
529573,3.3024e-05
529580,3.7888e-05
529668,2.3296e-05
529699,2.56e-05
529718,2.8416e-05
529760,5.376e-05
529788,4.608e-06
529793,2.1248e-05
529853,8.96e-06
529955,7.8848e-05
530026,6.7584e-05
530108,1.3824e-05
530173,0.000107008
530186,3.0464e-05
530485,0.0004224
530647,0.00043648
530704,5.9904e-05
530767,0.001485824
531011,1.28e-06
531131,2.5344e-05
531142,0.000124672
531165,0.00012672
531230,8.192e-05
531286,2.5344e-05
531307,0.000189184
531328,0.000443392
531345,6.3744e-05
531375,0.000132864
531407,2.5856e-05
531469,9.728e-05
531525,1.4336e-05
531659,2.3808e-05
531685,7.424e-06
531701,1.408e-05
531714,0.000274176
531750,0.000542464
531791,6.9376e-05
531841,1.792e-06
531854,2.56e-06
531898,9.216e-06
531914,2.1248e-05
531944,5.12e-06
531953,3.712e-05
531973,0.000299264
531994,7.424e-05
532055,3.3024e-05
532088,4.0192e-05
532122,1.7152e-05
532135,2.2016e-05
532164,3.328e-06
532200,3.5072e-05
532220,1.28e-05
532229,2.816e-06
532252,3.072e-05
532282,8.704e-06
532339,3.968e-05
532373,7.168e-06
532381,2.3296e-05
532398,3.84e-06
532460,1.9712e-05
532496,6.144e-06
532534,3.84e-06
532556,2.3808e-05
532575,0.00094848
532683,4.9152e-05
532723,2.1248e-05
532780,5.4528e-05
532872,3.9936e-05
532881,1.5104e-05
532932,0.000413696
532987,4.3776e-05
533035,9.472e-05
533102,4.096e-06
533143,4.864e-06
533166,1.664e-05
533174,0.00013696
533262,7.5776e-05
533307,7.68e-07
533385,7.936e-06
533402,0.000468736
533525,9.216e-06
533534,1.7152e-05
533565,1.4336e-05
533597,2.7136e-05
533636,9.0368e-05
533699,8.96e-06
533722,0.00018816
533740,3.4304e-05
533761,1.9456e-05
533768,0.000238336
533778,0.000308736
533855,0.000124672
533962,3.84e-06
534125,0.000101888
534196,1.792e-06
534240,0.000238592
534448,9.856e-05
534796,5.12e-06
534825,1.0752e-05
534897,6.8864e-05
534971,0.003261696
535047,9.856e-05
535236,8.1152e-05
535240,0.000374528
535267,0.0011776
535400,0.000209664
535469,1.0752e-05
535488,0.000133376
535531,3.3024e-05
535568,1.536e-05
535640,4.6848e-05
535709,4.224e-05
535917,4.352e-06
535997,5.9648e-05
536004,1.152e-05
536074,8.2944e-05
536121,4.8896e-05
536174,2.304e-05
536300,0.000320768
536304,0.000214272
536341,0.0002816
536368,0.00041728
536441,9.472e-06
536536,4.8384e-05
536603,3.3536e-05
536626,8.5248e-05
536650,0.000396032
536658,6.8608e-05
536692,1.1264e-05
536759,0.000668928
536770,2.1248e-05
536775,0.00270208
537058,0.000112128
537106,4.1984e-05
537180,2.2016e-05
537265,1.2288e-05
537272,7.168e-06
537284,0.000155392
537355,0.000171264
537372,0.000134144
537453,3.584e-06
537502,0.000140288
537575,2.0224e-05
537587,2.7392e-05
537637,0.000202496
537696,7.7824e-05
537776,1.536e-06
537832,4.6336e-05
537866,2.304e-06
537878,6.9376e-05
537972,2.7904e-05
538106,1.0752e-05
538125,0.000311552
538186,8.064e-05
538194,6.912e-05
538239,0.000121856
538329,3.4816e-05
538394,0.000402944
538447,1.5104e-05
538558,1.2544e-05
538569,0.001387776
538572,1.536e-05
538629,2.4832e-05
538636,0.000347136
538684,0.000165632
538754,1.0496e-05
538757,0.00324608
538801,1.0752e-05
538818,2.944e-05
538837,0.000164352
538854,3.7632e-05
538889,2.4576e-05
538899,0.000485376
538928,0.000178176
538964,0.001728512
539004,0.00183296
539065,3.5328e-05
539087,3.84e-05
539099,0.00012928
539141,4.608e-06
539146,6.9376e-05
539163,0.000119808
539238,2.048e-06
539256,2.3552e-05
539274,3.4304e-05
539290,1.3568e-05
539300,5.12e-07
539324,2.7392e-05
539387,7.68e-07
539404,1.9712e-05
539449,1.28e-06
539461,7.68e-07
539514,0.000651776
539608,3.328e-06
539643,3.9168e-05
539685,1.3312e-05
539698,0.000542976
539710,0.00048128
539757,0.000337152
539774,0.001971968
539854,0.0003584
539882,1.5616e-05
539901,6.2464e-05
539936,8.3968e-05
539997,0.00011648
540012,2.7136e-05
540025,0.000578304
540035,0.000696576
540086,1.7664e-05
540093,3.9936e-05
540101,3.328e-05
540141,2.432e-05
540147,2.432e-05
540165,5.376e-06
540212,2.7136e-05
540228,2.432e-05
540248,1.3056e-05
540262,1.1264e-05
540341,8.704e-06
540367,5.7088e-05
540408,3.072e-06
540434,2.7136e-05
540490,9.3952e-05
540507,0.00028544
540526,0.000190976
540588,0.000291072
540603,2.56e-06
540673,4.608e-06
540693,0.00041728
540698,0.000276992
540751,3.0464e-05
540759,0.00017536
540811,0.000231168
540846,4.352e-05
540941,4.7872e-05
540944,0.000798464
540981,1.536e-06
541031,8.8832e-05
541036,4.352e-05
541169,3.7632e-05
541178,1.3568e-05
541194,4.6336e-05
541201,0.000163584
541269,0.0
541282,4.9152e-05
541308,2.2272e-05
541313,0.000246784
541362,8.3456e-05
541369,5.376e-05
541422,3.1744e-05
541461,6.4768e-05
541469,2.432e-05
541515,0.000105984
541521,1.408e-05
541550,2.688e-05
541566,4.7872e-05
541568,0.000126976
541644,5.376e-06
541653,5.4784e-05
541674,1.3056e-05
541683,8.192e-06
541744,7.8848e-05
541791,2.0736e-05
541822,3.328e-06
541857,4.096e-06
541885,1.4336e-05
541895,0.000612608
541929,0.00014848
542000,4.096e-06
542001,0.000140544
542010,2.2784e-05
542113,6.2464e-05
542144,1.2544e-05
542164,0.00076032
542215,1.8432e-05
542222,1.536e-06
542325,2.304e-05
542390,0.000508928
542427,2.3552e-05
542466,0.00050816
542488,0.00036608
542511,0.0001408
542547,3.968e-05
542636,0.000103936
542685,4.352e-06
542735,2.048e-06
542744,2.56e-07
542774,0.000111616
542814,0.000375296
542818,0.000431616
542904,0.0004352
542955,2.7392e-05
542988,4.6336e-05
543026,1.3824e-05
543050,1.0752e-05
543067,8.8832e-05
543106,3.328e-05
543108,1.536e-06
543159,2.048e-06
543162,0.000700928
543175,5.0432e-05
543243,2.944e-05
543246,0.000371968
543294,0.000264704
543349,2.8672e-05
543391,0.000474624
543459,4.4032e-05
543504,4.864e-06
543517,4.096e-06
543547,1.4848e-05
543586,2.0736e-05
543587,0.00013184
543645,3.4304e-05
543664,0.000183296
543829,2.1248e-05
543841,6.3488e-05
543892,2.816e-05
543910,6.912e-06
543916,0.000171264
543953,5.7344e-05
543969,0.000351232
544008,6.4e-06
544038,0.000228096
544071,4.6592e-05
544106,6.7328e-05
544110,0.000274176
544136,1.4336e-05
544200,7.552e-05
544263,7.808e-05
544284,2.304e-06
544294,1.8432e-05
544314,9.4464e-05
544328,0.000147712
544362,1.4848e-05
544379,0.000116736
544475,1.8176e-05
544478,2.048e-06
544489,2.2528e-05
544538,0.000239616
544585,1.1264e-05
544672,0.000192
544743,1.536e-06
544779,3.9424e-05
544815,0.00065792
544854,6.3744e-05
544886,4.48e-05
544917,2.048e-06
544925,0.00026752
544976,2.0736e-05
545032,1.9712e-05
545071,1.3824e-05
545102,8.064e-05
545144,2.2784e-05
545169,0.000320256
545229,2.0224e-05
545283,6.4e-06
545323,0.000103936
545348,0.00040704
545391,1.4592e-05
545448,1.8176e-05
545502,9.472e-06
545505,1.9712e-05
545512,0.000118272
545555,3.2256e-05
545588,3.9168e-05
545594,0.001010688
545645,4.1984e-05
545681,2.56e-07
545689,0.000688384
545755,5.1968e-05
545770,0.002183936
545830,1.28e-06
545867,2.2784e-05
545871,0.000685056
545984,2.9184e-05
545987,0.004246016
545990,0.00168576
546083,8.2432e-05
546100,0.00020096
546212,2.8416e-05
546264,4.0448e-05
546337,3.3792e-05
546393,4.7872e-05
546477,4.352e-06
546487,6.656e-06
546516,3.7376e-05
546585,0.000109824
546591,0.000240384
546601,0.000177152
546662,8.8832e-05
546708,5.2736e-05
546785,8.192e-06
546871,0.000185856
546885,0.00022016
546957,4.9408e-05
546962,1.5616e-05
546967,2.944e-05
547058,2.56e-06
547105,0.000148224
547194,4.8384e-05
547220,0.000277248
547270,3.2768e-05
547287,1.408e-05
547304,3.328e-06
547313,4.864e-06
547338,2.5088e-05
547364,2.4576e-05
547388,3.2768e-05
547415,2.56e-06
547444,0.000536576
547470,5.0176e-05
547510,7.3216e-05
547556,7.2192e-05
547632,6.912e-06
547643,2.6624e-05
547684,3.4816e-05
547689,6.1696e-05
547717,0.000744448
547794,1.5616e-05
547820,4.1472e-05
547847,1.3824e-05
547876,0.000258816
547896,2.0736e-05
547911,0.000233728
547964,1.5104e-05
547976,1.3056e-05
548014,8.2432e-05
548044,0.000304384
548074,0.00019072
548084,3.9168e-05
548094,0.0001408
548104,1.5616e-05
548144,0.000124416
548164,5.9136e-05
548170,1.28e-06
548194,4.3008e-05
548224,0.000161536
548234,0.000160256
548244,0.000297984
548254,0.00012928
548264,8.6272e-05
548273,0.004896768
548314,1.536e-06
548324,5.0688e-05
548334,0.000139264
548374,8.1152e-05
548384,0.000661248
548404,0.000220672
548454,0.000682752
548476,3.4048e-05
548529,2.7904e-05
548558,1.0752e-05
548589,1.792e-05
548608,0.000449536
548671,4.352e-06
548689,0.000333056
548781,8.2432e-05
548824,0.001170688
548864,6.7072e-05
548900,2.688e-05
548939,0.000217088
548975,5.632e-06
549015,8.704e-06
549026,6.656e-06
549028,3.9168e-05
549066,2.7392e-05
549093,0.000344576
549189,9.8048e-05
549258,6.016e-05
549372,0.005747968
549433,1.2032e-05
549480,3.1232e-05
549521,0.000238336
549621,2.304e-05
549691,2.944e-05
549698,3.7632e-05
549735,0.000505088
549785,4.4288e-05
549821,4.352e-06
549825,6.1952e-05
549845,0.00037248
549979,0.000166144
550012,1.6384e-05
550043,0.00327424
550156,1.8944e-05
550205,0.000207616
550263,4.1472e-05
550303,3.2256e-05
550330,0.000114176
550429,7.168e-06
550504,4.608e-06
550567,4.4032e-05
550569,0.001295616
550625,2.4064e-05
550696,9.7024e-05
550703,9.216e-06
550717,5.76e-05
550769,2.0992e-05
550779,8.96e-06
550823,4.4032e-05
550854,0.000470784
550943,4.5824e-05
550985,0.000100864
551008,1.408e-05
551016,1.0496e-05
551026,2.56e-06
551077,3.1232e-05
551137,3.3536e-05
551169,4.6592e-05
551199,0.001328128
551230,1.3312e-05
551275,4.0192e-05
551302,1.664e-05
551327,6.144e-06
551400,7.68e-06
551445,4.4032e-05
551471,2.944e-05
551522,0.000104192
551557,2.8416e-05
551586,4.5824e-05
551621,1.1776e-05
551640,3.456e-05
551740,9.3184e-05
551750,2.816e-06
551783,0.000226304
551825,0.000605184
551834,0.000567296
551866,0.000156928
551944,0.000102912
551990,8.9088e-05
552010,4.0448e-05
552031,0.000215808
552096,0.000235264
552167,0.000223488
552214,1.28e-05
552274,0.000162304
552302,2.2784e-05
552357,0.000895488
552380,0.000187904
552419,1.792e-06
552435,0.000132352
552520,5.0688e-05
552549,0.000141568
552589,3.2512e-05
552599,0.0
552630,5.2224e-05
552643,1.792e-05
552655,2.5088e-05
552746,2.944e-05
552785,2.1248e-05
552815,3.072e-06
552827,1.8176e-05
552850,7.552e-05
552884,4.608e-06
552944,0.000227584
552970,0.00240896
553054,0.00033024
553078,0.003827456
553080,0.000269312
553082,0.008379392
553172,0.000734208
553232,5.12e-07
553239,7.68e-07
553260,0.000154112
553274,8.4992e-05
553294,4.4288e-05
553326,2.3808e-05
553452,2.0736e-05
553470,0.000216064
553561,2.5344e-05
553570,1.9456e-05
553580,5.2224e-05
553663,0.001300736
553742,9.728e-06
553744,0.001454592
553783,0.000128512
553849,0.000100864
553909,0.000168448
554156,6.8864e-05
554169,0.000123392
554335,0.000111872
554445,6.5024e-05
554464,1.7408e-05
554638,0.000616448
554670,0.000276992
554766,3.5328e-05
554780,9.216e-06
554781,5.0944e-05
554796,5.4272e-05
554844,0.001941504
554907,1.6128e-05
554949,2.9696e-05
555031,8.9344e-05
555066,0.000245248
555101,0.000112896
555187,1.6384e-05
555217,5.9392e-05
555289,3.7888e-05
555320,5.376e-06
555351,0.000178688
555372,0.00014208
555466,1.3056e-05
555502,4.0704e-05
555514,0.000534784
555558,2.56e-07
555580,7.6032e-05
555662,9.216e-06
555697,1.2544e-05
555731,6.4e-06
555787,2.6624e-05
555858,0.000398592
555944,0.000917248
556006,0.00162816
556045,0.00013184
556141,2.6368e-05
556217,0.000289536
556290,0.0
556344,0.00058624
556432,0.000490752
556464,0.000996352
556573,9.9072e-05
556585,6.3232e-05
556594,7.7824e-05
556648,1.6384e-05
556677,0.000931584
556716,5.632e-06
556737,7.7056e-05
556831,6.4256e-05
556952,0.000162816
556989,7.6032e-05
557007,5.9904e-05
557133,5.12e-06
557171,0.000178944
557220,0.000164096
557452,4.352e-06
557534,3.8656e-05
557580,0.000249088
557663,2.56e-06
557755,8.32e-05
557773,0.000212992
557793,0.000512512
557809,0.00131456
557877,0.000109824
557953,1.3056e-05
557964,0.000589824
558039,0.000103168
558350,3.9936e-05
558399,0.000136192
558408,0.000272384
558483,5.376e-06
558583,2.1248e-05
558644,0.000682496
558844,0.000150528
558855,8.576e-05
558934,0.000685824
558967,3.5328e-05
558972,0.004626176
559110,0.00016512
559131,1.0752e-05
559175,1.5872e-05
559186,2.2784e-05
559202,0.000242944
559263,5.2992e-05
559292,0.000819968
559332,0.00012672
559388,4.8896e-05
559421,2.9184e-05
559445,6.912e-06
559448,0.000236288
559505,7.0912e-05
559566,0.000251392
559690,1.1264e-05
559713,0.00034176
559735,0.000483328
559772,0.000888832
559788,3.7376e-05
559811,2.6624e-05
559855,4.48e-05
559996,7.2704e-05
560016,0.000157696
560024,0.006437376
560154,0.001888768
560181,0.00017408
560218,6.1184e-05
560233,0.000838144
560291,0.000174848
560297,2.4064e-05
560319,0.000308736
560375,7.168e-06
560429,5.7856e-05
560509,7.68e-06
560518,3.072e-06
560577,4.1472e-05
560620,5.888e-06
560703,7.68e-06
560734,1.024e-06
560754,5.1968e-05
560774,0.000576768
560805,0.000263168
560834,0.000188672
560904,4.864e-06
560974,4.48e-05
561055,0.0007744
561098,2.304e-06
561134,0.000296448
561203,0.000439552
561227,9.472e-06
561352,4.992e-05
561354,0.000621568
561367,0.001636352
561372,0.000953344
561420,7.6032e-05
561493,0.000523776
561520,8.7296e-05
561560,0.00123136
561594,9.728e-06
561614,0.000235776
561633,3.1232e-05
561637,0.00036992
561684,9.6256e-05
561721,0.000148736
561808,0.000178432
561813,0.000550912
561890,4.9152e-05
561918,2.6368e-05
561943,2.944e-05
561956,1.3568e-05
561965,0.000281344
561986,5.8624e-05
561998,6.4e-06
562004,3.7376e-05
562047,2.304e-06
562080,0.000154368
562158,0.000454144
562162,4.7872e-05
562202,0.00067584
562233,2.0736e-05
562234,0.000257024
562251,1.152e-05
562313,3.5328e-05
562354,1.6128e-05
562363,3.2512e-05
562399,8.192e-06
562433,3.072e-05
562524,1.792e-05
562536,2.048e-05
562554,1.28e-06
562568,9.6512e-05
562571,0.00044672
562621,4.736e-05
562647,3.712e-05
562704,3.2e-05
562709,0.00027008
562741,0.000411392
562790,0.00012672
562828,0.000950528
562973,1.664e-05
563001,0.000156416
563024,0.000787456
563055,0.000363264
563094,6.4768e-05
563154,0.002932224
563230,4.096e-06
563271,5.12e-07
563333,4.6336e-05
563347,0.00034304
563374,7.9104e-05
563469,2.7136e-05
563471,0.000596992
563525,9.472e-06
563538,3.0464e-05
563555,0.000100096
563619,3.3792e-05
563643,0.000280064
563754,0.000183296
563758,1.4848e-05
563774,0.002194944
563811,3.8656e-05
563856,1.2288e-05
563864,1.1776e-05
563873,0.000203008
563918,0.000114176
563938,5.2224e-05
563950,2.3808e-05
563974,0.000379904
564009,0.00013696
564038,4.096e-06
564059,9.472e-05
564085,0.000441088
564132,1.152e-05
564161,7.68e-06
564219,2.2016e-05
564233,1.4336e-05
564261,2.7392e-05
564270,0.000163584
564289,7.1936e-05
564374,0.002029824
564419,0.000150784
564446,0.00140416
564482,4.3008e-05
564545,2.432e-05
564603,6.4e-06
564610,7.424e-05
564642,2.3296e-05
564672,3.5584e-05
564679,0.000225024
564702,5.888e-06
564767,1.6384e-05
564775,5.12e-05
564791,0.000350976
564825,0.000275968
564829,0.000797952
564925,7.296e-05
564965,5.888e-06
564968,0.000189952
565037,6.2976e-05
565045,0.000156416
565077,1.792e-06
565082,0.000642816
565175,0.000127488
565211,6.4e-06
565213,0.000398848
565286,1.0496e-05
565321,0.00031616
565355,4.9152e-05
565399,1.8688e-05
565410,2.7648e-05
565445,0.000116992
565502,5.888e-05
565524,3.2e-05
565536,7.936e-06
565555,0.000173824
565568,1.8944e-05
565576,0.0002176
565590,0.000120064
565686,3.7376e-05
565688,0.000155136
565747,4.7616e-05
565754,0.000781056
565785,0.001195776
565829,0.000212992
565955,7.552e-05
565963,0.000117248
566006,0.000154112
566086,0.000105472
566123,5.1968e-05
566167,7.68e-06
566240,0.000307456
566317,0.000347392
566334,0.000223232
566413,4.9408e-05
566418,7.68e-07
566421,0.000351232
566473,6.8352e-05
566487,8.6528e-05
566490,1.536e-05
566564,0.00019712
566601,0.000153344
566626,2.56e-07
566669,3.328e-06
566685,1.3568e-05
566701,0.00037888
566745,0.00021376
566750,0.000126464
566817,1.1264e-05
566877,0.000106752
566958,5.12e-06
566976,1.7152e-05
567081,9.728e-06
567102,0.000376576
567104,0.000109568
567143,7.168e-06
567268,1.408e-05
567284,2.7136e-05
567359,2.3296e-05
567369,2.2016e-05
567373,4.608e-06
567415,4.1984e-05
567488,1.0752e-05
567525,1.3824e-05
567535,2.5856e-05
567607,1.3056e-05
567718,1.7664e-05
567747,1.2544e-05
567814,5.0944e-05
567858,6.144e-06
567865,6.4e-06
567889,2.432e-05
567919,1.024e-05
567948,0.000408064
567961,0.000158464
568008,1.5616e-05
568043,5.888e-06
568072,1.2544e-05
568205,0.000342272
568232,2.4576e-05
568244,6.144e-05
568352,1.28e-06
568405,2.7136e-05
568440,4.5568e-05
568512,7.424e-06
568560,4.0448e-05
568677,3.2256e-05
568708,0.000492288
568742,0.000130048
568767,3.9424e-05
568810,1.0496e-05
568964,5.0688e-05
568985,9.4208e-05
569034,3.2256e-05
569048,0.000186112
569169,9.1648e-05
569192,8.1152e-05
569228,0.000498432
569297,4.608e-06
569335,0.000111616
569359,1.4336e-05
569405,5.632e-06
569422,7.1936e-05
569440,0.000196096
569452,0.00032768
569495,0.00011776
569505,9.216e-06
569515,1.6128e-05
569545,6.912e-06
569562,0.000400128
569574,0.000324608
569585,0.000805376
569625,0.00018816
569668,2.304e-06
569675,0.000145664
569715,0.000555008
569735,6.784e-05
569745,0.00020992
569775,0.000235776
569805,0.000228608
569855,0.000230144
569875,0.000183552
569894,5.8368e-05
569905,0.000129792
569915,0.000733696
569935,0.000200448
569945,9.7024e-05
569965,0.00036608
569985,0.000111616
570005,0.000310272
570025,0.00043776
570035,0.000169216
570045,0.000512
570065,0.00015488
570075,0.00034816
570085,0.00052608
570115,0.000363776
570125,0.000272384
570145,8.0384e-05
570155,0.000103168
570175,2.56e-06
570185,0.000180224
570205,0.000413952
570225,7.7568e-05
570242,0.000179712
570245,0.000905216
570285,0.000749824
570295,0.000203264
570305,0.000545536
570325,0.000495616
570345,9.0624e-05
570365,0.000126976
570375,3.0464e-05
570395,0.000415232
570405,0.000587008
570445,0.000856064
570465,0.000159744
570485,0.000886784
570525,0.0007488
570560,0.000982784
570605,1.0496e-05
570615,6.3744e-05
570683,3.712e-05
570740,2.7648e-05
570743,9.472e-06
570791,5.12e-06
570815,1.8688e-05
570820,0.001695488
570878,1.152e-05
570904,0.000187648
570947,5.12e-07
570950,0.000256256
571002,0.00072832
571048,0.000124928
571173,8.4992e-05
571188,9.4464e-05
571231,4.6336e-05
571249,0.000303616
571296,1.4592e-05
571376,0.000134144
571470,2.56e-05
571505,3.9168e-05
571513,0.000309248
571550,5.3504e-05
571575,9.1392e-05
571652,0.00037504
571680,8.9344e-05
571744,2.9184e-05
571799,0.000114944
571966,1.2288e-05
571970,8.192e-06
572007,3.9424e-05
572066,0.000434688
572122,6.8608e-05
572158,6.912e-06
572172,0.000406528
572236,4.9664e-05
572285,1.3056e-05
572354,2.8416e-05
572377,2.56e-07
572433,3.9168e-05
572492,3.9936e-05
572516,1.3056e-05
572560,5.2224e-05
572628,1.7152e-05
572664,1.792e-05
572732,0.00019584
572744,0.000214784
572757,0.000101632
572771,0.000403712
572817,8.6272e-05
572909,8.6528e-05
572927,1.536e-05
572937,9.216e-06
573062,1.792e-06
573197,4.608e-06
573213,1.1776e-05
573253,2.432e-05
573269,7.5264e-05
573333,0.001535488
573368,5.12e-06
573403,1.536e-05
573458,1.1776e-05
573464,0.000291328
573536,4.352e-06
573545,0.000682752
573594,6.1952e-05
573623,0.000185856
573717,0.000131072
573780,6.4768e-05
573820,4.096e-06
573887,3.4048e-05
574002,1.5872e-05
574055,0.000704768
574117,0.000189952
574134,4.8384e-05
574197,4.9408e-05
574216,0.000134912
574271,9.088e-05
574273,6.1696e-05
574302,1.7152e-05
574334,7.6544e-05
574401,9.5232e-05
574420,0.000493824
574459,8.7808e-05
574494,9.9328e-05
574518,2.4576e-05
574551,2.048e-06
574565,0.00014336
574614,0.000146944
574691,4.8384e-05
574789,6.0672e-05
574888,1.8944e-05
574891,3.712e-05
574925,0.000184832
574949,4.096e-06
574975,4.8896e-05
575030,2.5088e-05
575070,5.12e-06
575102,1.0496e-05
575159,2.5088e-05
575173,9.344e-05
575230,0.000576768
575303,0.000893952
575341,6.656e-05
575370,3.584e-06
575416,0.000457472
575476,0.000189952
575531,2.3296e-05
575613,2.304e-06
575657,5.888e-05
575663,0.000806656
575756,3.456e-05
575772,0.006116864
575825,3.456e-05
575840,5.632e-06
575906,5.8624e-05
575918,0.000452352
575949,0.00115968
576030,4.6592e-05
576106,4.6592e-05
576120,2.5344e-05
576226,0.00018176
576242,0.001106432
576271,0.00015488
576324,0.000149504
576358,1.2032e-05
576372,4.608e-06
576421,0.00010112
576457,1.6128e-05
576483,6.912e-05
576513,5.4528e-05
576521,0.000458496
576550,4.7616e-05
576599,1.1776e-05
576658,0.000160512
576690,5.12e-06
576778,2.432e-05
576810,0.000128256
576827,5.2992e-05
576866,0.000178688
576925,1.9968e-05
576956,0.000162304
576973,0.001906944
577033,2.0224e-05
577035,0.000173056
577091,3.3536e-05
577099,0.001321984
577153,0.000901376
577267,3.9168e-05
577301,5.376e-06
577341,2.0992e-05
577377,0.000287232
577458,2.7136e-05
577494,1.1776e-05
577546,2.4832e-05
577562,2.432e-05
577567,2.2528e-05
577571,0.000472576
577610,0.000190976
577629,0.00042752
577669,0.001707776
577794,1.9712e-05
577798,0.001870336
577842,4.096e-06
577871,1.1008e-05
577917,0.00019712
578001,0.00012416
578027,5.632e-06
578055,0.000137472
578137,4.5824e-05
578293,0.001575424
578322,0.000121856
578481,9.216e-06
578521,2.56e-06
578535,1.6128e-05
578660,0.000466688
578758,2.0992e-05
578772,0.000152832
578820,7.7568e-05
578824,6.144e-06
578864,1.28e-05
578881,0.000338944
578948,5.1712e-05
578960,0.000390144
579167,2.7648e-05
579196,1.792e-06
579301,4.4032e-05
579337,0.000224256
579355,0.000253184
579378,3.6096e-05
579394,9.7536e-05
579422,8.6272e-05
579512,5.9904e-05
579530,0.000363008
579574,1.3568e-05
579611,6.2208e-05
579647,2.0736e-05
579671,3.968e-05
579673,1.152e-05
579703,0.00015488
579819,0.000747264
579889,0.000158208
579927,2.304e-06
579932,1.4848e-05
579969,0.00016128
579970,0.000439552
579972,0.001441536
580029,2.0224e-05
580054,2.56e-07
580077,0.000200448
580132,0.000754432
580152,2.8416e-05
580189,0.000685568
580228,6.8096e-05
580255,2.9696e-05
580270,1.0752e-05
580301,2.1248e-05
580353,7.9872e-05
580378,6.656e-06
580400,0.000316416
580427,0.000277504
580454,0.000136448
580471,2.944e-05
580495,0.000269824
580570,1.536e-06
580643,3.9168e-05
580677,0.000117248
580689,4.0448e-05
580704,0.000130048
580756,1.7152e-05
580761,7.424e-06
580837,0.0004096
580851,7.9104e-05
580940,5.6064e-05
580962,8.704e-06
580963,0.00047232
581028,0.000178944
581058,6.912e-06
581071,9.0368e-05
581105,5.632e-06
581141,0.000103168
581171,3.6352e-05
581242,7.68e-07
581326,1.408e-05
581375,0.000114176
581431,5.4016e-05
581433,0.000104448
581465,7.552e-05
581510,1.8688e-05
581519,4.2752e-05
581566,3.8656e-05
581602,7.168e-06
581619,2.8416e-05
581736,0.000194816
581752,0.000295936
581755,4.1216e-05
581777,2.8672e-05
581870,1.4848e-05
581917,2.5344e-05
581977,7.5776e-05
582119,0.000530944
582253,0.000284928
582347,4.8128e-05
582380,7.168e-05
582399,1.92e-05
582401,8.9344e-05
582474,4.5312e-05
582489,0.0
582517,0.000148992
582565,0.000333568
582621,0.000305152
582669,9.2416e-05
582756,0.007419648
582912,6.6816e-05
582920,4.864e-06
582957,2.6624e-05
583014,5.376e-06
583111,8.96e-06
583169,0.000340736
583193,0.001625088
583269,0.000337664
583319,9.728e-06
583353,8.1664e-05
583389,7.68e-07
583420,2.2272e-05
583426,0.000575232
583529,0.000205312
583539,3.6096e-05
583552,0.000489216
583585,0.000223232
583726,0.000314112
583799,1.8944e-05
583843,1.3824e-05
583844,8.7552e-05
583899,1.3568e-05
583929,5.632e-06
583964,6.144e-06
584049,9.216e-06
584061,0.00017024
584170,8.96e-06
584200,1.536e-06
584235,0.00074624
584248,0.000232448
584304,4.736e-05
584322,0.000409344
584438,1.408e-05
584504,0.00038912
584618,8.7808e-05
584660,0.000502528
584679,9.3184e-05
584768,0.000254464
584776,3.5072e-05
584798,5.5296e-05
584851,1.152e-05
584877,0.000763904
584913,0.000850432
584962,3.84e-05
584984,5.888e-06
585016,4.3776e-05
585025,0.000420352
585137,0.000274432
585146,0.000510464
585202,1.024e-06
585277,0.000191232
585308,3.4048e-05
585316,1.7152e-05
585366,5.2736e-05
585375,6.0416e-05
585420,1.9968e-05
585430,1.8688e-05
585438,1.1776e-05
585495,4.6848e-05
585501,2.56e-06
585571,1.2288e-05
585575,0.000461312
585607,3.4048e-05
585622,0.000151296
585690,9.2416e-05
585698,0.00019584
585744,0.00016
585755,8.4736e-05
585787,6.7072e-05
585803,9.984e-06
585874,3.2768e-05
585974,0.000206336
586032,1.024e-06
586073,6.656e-06
586093,1.3568e-05
586106,0.000966912
586141,0.00071936
586218,3.84e-06
586221,0.000131328
586264,4.864e-06
586268,0.000245504
586373,3.84e-05
586415,0.000694784
586485,6.1696e-05
586519,3.1232e-05
586559,1.28e-05
586566,9.8048e-05
586577,0.001304576
586614,9.6e-05
586644,5.0432e-05
586689,0.0003584
586759,6.6304e-05
586776,0.000129792
586813,1.536e-05
586858,0.000107264
586881,0.000125952
586888,1.5872e-05
586912,0.000317184
586913,0.000605696
586945,8.6272e-05
586954,0.000161536
586975,0.000271104
587015,1.3824e-05
587027,0.000100096
587050,9.216e-06
587060,1.3824e-05
587167,3.072e-06
587168,0.000135424
587182,0.000932352
587240,7.552e-05
587251,2.8416e-05
587307,2.8928e-05
587339,1.3312e-05
587358,1.5872e-05
587387,8.448e-06
587400,0.00166912
587439,8.4224e-05
587500,0.00029184
587572,3.1488e-05
587641,0.000105472
587770,0.000151296
587776,0.000431616
587903,1.6128e-05
587926,2.304e-05
588044,5.1968e-05
588049,0.000217856
588098,0.000300288
588152,4.6848e-05
588215,8.9856e-05
588278,0.000137472
588313,0.00022016
588326,0.000123648
588373,1.024e-06
588408,2.6624e-05
588425,0.000244992
588451,1.8944e-05
588505,1.2544e-05
588579,4.608e-05
588604,1.7664e-05
588638,7.5008e-05
588639,0.000608
588742,5.0176e-05
588802,2.56e-05
588882,2.4576e-05
588922,0.000851712
588972,2.816e-06
588975,7.5776e-05
589010,0.000166656
589078,1.5616e-05
589146,4.352e-05
589150,6.656e-06
589164,0.000231168
589194,5.12e-06
589249,3.1232e-05
589260,0.000477696
589269,0.000219904
589306,1.4592e-05
589317,0.000310528
589335,0.000283136
589381,6.3744e-05
589466,8.704e-06
589487,3.584e-06
589519,5.376e-06
589542,2.56e-05
589556,1.3056e-05
589558,0.000330752
589566,9.728e-06
589629,1.28e-05
589634,1.8944e-05
589654,0.000123136
589665,0.000517376
589742,2.56e-07
589974,7.168e-06
589976,1.6128e-05
590059,5.6832e-05
590155,7.936e-06
590157,0.000283648
590169,0.000131072
590171,0.001814528
590174,0.004832
590237,5.1456e-05
590310,1.792e-06
590330,2.3296e-05
590354,0.00013312
590389,2.8416e-05
590469,2.1504e-05
590511,5.9392e-05
590516,6.4256e-05
590535,0.000706304
590575,6.1696e-05
590622,9.472e-06
590721,0.000197632
590766,2.2016e-05
590767,0.002500352
590771,0.00036096
590859,0.000519424
590965,0.000278784
590998,2.56e-05
591001,0.00031104
591015,0.000474368
591067,2.9184e-05
591079,8.2688e-05
591158,0.00013824
591189,0.000132352
591193,0.000234752
591195,0.003396608
591197,0.011714816
591199,0.006272768
591274,0.000161536
591354,1.024e-05
591361,3.328e-06
591368,6.9376e-05
591372,0.002549504
591422,0.000350208
591455,0.000392192
591497,2.7648e-05
591517,5.888e-05
591540,1.5872e-05
591567,2.176e-05
591568,1.0752e-05
591629,7.7568e-05
591663,1.1264e-05
591667,7.424e-05
591706,5.632e-06
591718,0.000633088
591913,0.000104192
591953,5.2736e-05
591955,2.0736e-05
591960,0.000129792
591968,7.1424e-05
592049,3.328e-05
592056,0.000295936
592119,1.5616e-05
592155,1.3824e-05
592190,8.2944e-05
592207,2.0224e-05
592213,7.9616e-05
592247,0.000398592
592317,1.9968e-05
592323,9.4464e-05
592385,1.3312e-05
592440,0.000275712
592481,4.864e-06
592504,2.0224e-05
592555,1.1776e-05
592567,7.68e-05
592597,7.936e-06
592662,6.144e-06
592763,0.000598272
592828,0.000112128
592875,2.3808e-05
592898,5.888e-06
592945,0.000286208
592980,1.4848e-05
592989,0.0001664
593037,1.152e-05
593071,0.00042496
593102,1.2544e-05
593130,4.352e-06
593132,4.1984e-05
593158,2.0992e-05
593184,4.608e-06
593219,3.8144e-05
593226,9.472e-05
593302,1.4592e-05
593344,6.656e-06
593368,2.0992e-05
593417,0.003017216
593505,1.28e-06
593528,2.4064e-05
593579,9.5232e-05
593580,7.9104e-05
593620,1.28e-06
593623,7.936e-05
593630,6.2976e-05
593740,0.000115968
593765,1.024e-05
593771,7.5008e-05
593777,2.3808e-05
593779,0.005733376
593834,0.000238848
593862,0.000109312
593904,4.096e-05
593961,2.304e-06
593988,2.048e-06
593994,0.000542976
594025,0.000191488
594079,1.408e-05
594143,1.6896e-05
594162,4.608e-05
594181,3.8144e-05
594207,7.68e-07
594228,0.000135168
594269,4.096e-06
594315,2.304e-05
594353,0.00015488
594366,6.7072e-05
594375,2.4064e-05
594408,2.4832e-05
594414,5.0688e-05
594476,0.000311808
594498,0.000526336
594565,3.2768e-05
594583,3.584e-05
594613,2.3296e-05
594660,0.000189184
594678,0.000256256
594694,0.000417536
594741,0.000128512
594784,0.000160512
594868,3.584e-06
594891,1.4592e-05
594917,2.2272e-05
594998,3.4816e-05
595043,3.2e-05
595058,7.168e-06
595092,5.888e-06
595116,4.7872e-05
595135,0.000217856
595178,5.7344e-05
595192,8.0128e-05
595216,1.536e-05
595236,5.376e-06
595276,4.1472e-05
595332,3.6864e-05
595400,8.192e-06
595408,3.456e-05
595456,1.2032e-05
595552,0.00108544
595567,0.000122368
595607,1.6896e-05
595681,5.12e-07
595715,0.000225792
595747,8.4992e-05
595748,0.000128
595785,1.7664e-05
595786,0.000159488
595899,0.000124416
595962,0.000118016
596002,0.000141312
596031,0.00056704
596080,0.000384512
596094,0.000152576
596145,1.8176e-05
596151,1.8176e-05
596156,0.000847616
596179,0.000169728
596181,0.00057856
596185,0.001671168
596186,0.006335488
596191,0.003963648
596395,0.000112384
596438,8.704e-06
596454,4.8896e-05
596567,1.3312e-05
596607,8.96e-06
596630,7.424e-06
596652,2.5344e-05
596694,0.000297216
596755,2.4576e-05
596761,1.9456e-05
596849,1.3312e-05
596916,2.8928e-05
596926,1.6128e-05
596995,1.5616e-05
596997,0.000572416
597026,9.6512e-05
597043,9.8304e-05
597125,6.2208e-05
597147,0.000365824
597182,0.000370176
597236,3.072e-06
597296,5.9904e-05
597316,5.1712e-05
597319,0.000162816
597372,0.000184576
597433,4.736e-05
597453,0.000255232
597472,0.000475392
597490,0.000318976
597504,0.001811712
597579,0.000245248
597605,0.000128256
597666,1.28e-05
597689,0.000139776
597709,0.000516096
597760,6.7584e-05
597781,4.608e-05
597828,4.096e-06
597836,0.000129792
597863,1.3056e-05
597937,6.656e-06
597956,0.00042752
597998,2.3552e-05
598074,1.8176e-05
598078,7.6032e-05
598115,9.216e-06
598119,5.7344e-05
598167,0.001165312
598170,0.001257984
598236,8.96e-06
598341,2.6624e-05
598346,9.6e-05
598380,2.6112e-05
598465,2.2016e-05
598539,7.3472e-05
598574,9.472e-05
598607,0.000208128
598751,7.0656e-05
598759,0.00023936
598798,0.00254336
598880,0.000720384
598909,0.00011264
599016,0.001718528
599043,5.5296e-05
599060,9.3952e-05
599080,3.3536e-05
599102,7.4496e-05
599167,0.000142848
599252,0.000115712
599282,0.001158144
599305,5.7088e-05
599432,0.000839424
599456,0.00067328
599493,4.5312e-05
599522,4.352e-06
599537,0.00143616
599598,0.000197632
599600,3.3536e-05
599615,0.00089728
599690,0.000645376
599739,1.9968e-05
599744,9.472e-06
599805,1.28e-05
599849,0.00108672
599917,1.1264e-05
600041,2.9952e-05
600069,5.5552e-05
600081,7.808e-05
600111,3.1744e-05
600117,1.536e-05
600141,3.7888e-05
600151,0.00032128
600172,2.304e-06
600229,0.000639232
600365,7.936e-06
600368,0.00022912
600374,0.000407296
600402,4.608e-06
600439,0.000398592
600474,4.608e-06
600491,6.8608e-05
600510,0.000313856
600557,7.68e-07
600568,1.2032e-05
600599,7.9616e-05
600630,0.000164096
600666,3.1744e-05
600691,0.000377856
600727,7.8848e-05
600745,0.00021504
600754,0.000361472
600815,5.9392e-05
600850,2.944e-05
600865,4.5568e-05
600871,3.1744e-05
600890,1.3312e-05
600971,7.6032e-05
600977,2.4064e-05
601033,1.92e-05
601067,0.000830464
601128,3.0208e-05
601307,6.7072e-05
601313,0.000181248
601336,0.000526848
601379,3.3792e-05
601424,0.000108288
601445,8.2944e-05
601513,0.0
601515,0.00014464
601521,0.000194816
601557,9.4464e-05
601575,0.000850688
601629,0.000291328
601693,0.000305664
601731,0.00013568
601788,5.4016e-05
601859,4.352e-06
601951,2.7904e-05
601953,0.000226048
601974,0.000112384
602091,5.1712e-05
602119,4.48e-05
602139,4.352e-05
602167,0.014729472
602276,9.6e-05
602331,0.00048
602357,3.6608e-05
602415,0.000185088
602454,5.2736e-05
602467,8.2688e-05
602468,0.000825856
602537,4.096e-06
602547,6.0416e-05
602600,0.000535552
602639,2.6624e-05
602640,2.3296e-05
602720,3.5072e-05
602738,3.328e-05
602752,7.3984e-05
602778,0.000248832
602779,0.000565504
602887,1.8688e-05
602905,8.192e-05
602920,3.0208e-05
602938,6.8864e-05
602989,1.1264e-05
603020,7.68e-06
603029,1.2544e-05
603035,5.888e-05
603049,1.7152e-05
603087,0.000748544
603106,2.5856e-05
603116,5.2992e-05
603135,0.000584704
603168,2.56e-07
603220,4.1216e-05
603237,0.000216832
603270,1.5872e-05
603359,0.000129536
603370,6.2976e-05
603443,2.0992e-05
603538,5.632e-06
603549,0.000261376
603567,0.000107264
603607,5.0432e-05
603617,6.7072e-05
603643,0.000141568
603658,6.1952e-05
603710,0.000979712
603787,1.3312e-05
603806,0.000436224
603856,2.0736e-05
603873,2.56e-06
603895,4.3008e-05
603935,3.5072e-05
603944,3.8144e-05
603959,0.00032896
603981,0.000747264
604062,5.4016e-05
604067,7.1168e-05
604113,0.000202496
604136,0.000309248
604180,1.536e-05
604194,0.001304832
604254,3.2e-05
604329,1.4336e-05
604368,5.4528e-05
604423,6.1184e-05
604450,0.000180736
604487,3.5072e-05
604508,0.000180224
604515,3.2256e-05
604556,4.864e-06
604570,4.9664e-05
604583,2.0736e-05
604617,0.0001408
604644,0.000214272
604695,5.248e-05
604705,0.000610816
604749,1.3568e-05
604769,0.000838144
604783,0.000431872
604819,7.9616e-05
604820,0.000732672
604850,0.00024704
604906,6.784e-05
604943,1.3568e-05
604957,7.424e-06
604980,1.7152e-05
605005,1.2288e-05
605173,0.000824832
605223,0.000116224
605236,0.000141568
605247,0.000118272
605254,0.000624384
605273,0.000168448
605304,3.5328e-05
605341,6.656e-06
605549,0.000237312
605558,3.0976e-05
605573,0.000110848
605741,5.9136e-05
605754,0.000495872
605780,0.000429568
605810,5.4528e-05
605842,5.504e-05
605868,6.144e-05
605888,7.424e-06
605911,0.000370176
605916,1.7408e-05
605960,5.248e-05
605969,0.000658432
606031,6.0672e-05
606035,2.816e-06
606036,0.000127232
606062,1.1264e-05
606136,1.1776e-05
606143,7.3472e-05
606162,0.00016384
606204,0.000136704
606226,3.328e-06
606233,2.2528e-05
606265,2.3552e-05
606288,8.3968e-05
606312,3.9936e-05
606330,0.000141312
606344,0.000228096
606364,0.000727552
606417,2.816e-06
606512,0.000134656
606584,7.168e-06
606607,8.448e-06
606618,2.048e-05
606662,3.0208e-05
606744,0.001165056
606769,0.000903424
606786,3.8912e-05
606858,0.00090112
606876,2.56e-06
606958,6.6048e-05
606959,0.00056576
606974,0.000544768
607000,0.000111616
607047,2.6624e-05
607092,1.6128e-05
607143,8.96e-06
607207,5.504e-05
607280,4.6336e-05
607319,6.1184e-05
607329,1.5872e-05
607400,0.000120832
607434,5.76e-05
607444,0.000176128
607489,5.7856e-05
607546,0.00033024
607568,0.00010496
607571,1.3824e-05
607573,0.000239872
607593,5.8368e-05
607640,2.56e-06
607790,3.0976e-05
607801,4.352e-06
607819,9.216e-06
607854,0.0004096
607887,4.3776e-05
607914,2.7136e-05
607928,4.8896e-05
607943,0.00010496
608010,2.944e-05
608031,3.6096e-05
608062,8.8832e-05
608067,0.000688384
608068,0.000511488
608151,2.56e-07
608167,3.2e-05
608171,2.5088e-05
608394,2.3296e-05
608399,0.002578944
608418,0.000249088
608447,0.00015872
608525,0.000465152
608560,3.6352e-05
608583,0.000246528
608614,0.000158208
608647,0.000107264
608656,9.2416e-05
608694,5.8112e-05
608741,7.3728e-05
608756,1.152e-05
608767,4.0192e-05
608771,0.000428288
608835,0.000354048
608866,0.001018112
608891,0.00015488
608961,7.424e-06
608963,0.000236032
609107,1.024e-06
609146,0.000123392
609166,0.000393984
609317,2.304e-06
609370,0.001751296
609372,0.0002368
609405,5.2224e-05
609453,0.00014848
609463,6.4e-06
609465,0.000117504
609611,4.608e-05
609638,3.712e-05
609648,0.00079232
609736,5.12e-07
609762,1.9456e-05
609833,3.1488e-05
609855,1.792e-05
609889,0.001189888
609961,2.4064e-05
609973,3.584e-06
609983,0.001299712
610020,1.152e-05
610035,2.5856e-05
610055,0.0002304
610078,0.000179456
610195,0.00016384
610215,1.9712e-05
610245,4.5056e-05
610262,0.000114176
610305,0.000101376
610325,7.9616e-05
610355,3.1232e-05
610365,2.6368e-05
610385,3.6352e-05
610405,0.004007936
610435,2.6112e-05
610475,0.000145152
610495,0.000219136
610515,0.000851712
610525,5.248e-05
610535,0.000260096
610545,6.2208e-05
610555,0.000329984
610565,0.000790272
610595,0.000357376
610600,0.000313088
610645,0.000675072
610665,0.001874176
610695,0.000227328
610760,0.001770752
610822,0.000660224
610880,0.000370176
610889,0.000174592
610942,9.4464e-05
610963,5.12e-07
611010,9.728e-06
611028,0.00015488
611099,2.56e-07
611101,0.000178688
611148,0.000164352
611166,0.000216832
611195,0.000108032
611206,0.000359936
611272,0.000235264
611338,0.000106496
611391,8.192e-06
611428,1.2544e-05
611458,2.1248e-05
611478,2.6368e-05
611504,7.424e-06
611514,0.000386304
611562,0.000232704
611585,0.000268288
611762,5.12e-06
611776,4.352e-05
611778,0.00023168
611794,0.000262144
611810,3.6096e-05
611865,6.912e-06
611900,7.68e-07
611918,5.12e-07
611926,0.000187136
611988,6.4e-06
612015,6.4e-06
612129,2.4832e-05
612173,3.7888e-05
612225,1.8176e-05
612249,1.9712e-05
612295,3.6352e-05
612337,7.7312e-05
612363,4.8128e-05
612368,3.5328e-05
612372,1.8176e-05
612400,1.4592e-05
612519,3.4048e-05
612540,5.9136e-05
612592,0.00029312
612657,7.424e-06
612703,0.00101888
612740,7.0912e-05
612857,0.000162048
612914,0.000213248
612923,0.001193984
612967,8.192e-06
612971,3.6864e-05
612976,0.00060672
613044,0.000120576
613045,0.00051584
613051,0.000288
613109,1.8432e-05
613135,0.000221696
613162,0.000175616
613257,2.304e-05
613398,0.000176896
613451,0.00012544
613500,5.8112e-05
613535,2.048e-05
613566,0.0002432
613581,1.3056e-05
613589,0.000425472
613616,0.000852736
613637,9.5488e-05
613654,0.000488192
613682,0.000140544
613748,0.000688384
613768,1.6384e-05
613806,1.3056e-05
613832,8.448e-06
613866,1.792e-06
613887,2.176e-05
613906,2.56e-07
613948,2.2016e-05
613965,1.3568e-05
613974,6.912e-06
613979,0.000148736
614044,3.1488e-05
614061,0.000286976
614086,5.9648e-05
614102,0.00016
614173,0.000727552
614215,7.5008e-05
614281,0.000224512
614329,2.7648e-05
614331,0.000102656
614441,0.000513536
614485,3.8144e-05
614522,0.000110848
614641,0.000137472
614673,1.792e-06
614692,0.001765888
614766,0.000123136
614770,3.584e-05
614773,0.000201728
614793,3.0208e-05
614860,7.424e-06
614888,4.1216e-05
614895,0.000187136
614962,8.704e-06
615039,0.000349184
615142,0.000175104
615169,0.000155904
615187,0.000146176
615240,1.3568e-05
615304,2.048e-06
615307,5.8624e-05
615368,0.000497664
615371,0.000777728
615428,2.9952e-05
615453,1.5872e-05
615475,6.1952e-05
615498,6.6048e-05
615520,0.000643072
615572,3.84e-06
615603,0.000186112
615612,0.000135168
615641,1.3568e-05
615662,2.3296e-05
615735,6.5024e-05
615780,1.0496e-05
615791,2.2016e-05
615801,2.048e-05
615820,0.000148992
615845,1.5616e-05
615847,0.00013824
615852,0.000119808
615889,2.944e-05
615922,0.000142336
615944,0.00026368
615956,0.000589824
615998,9.8048e-05
616000,0.000750592
616095,0.000675072
616200,0.000177664
616245,0.00034304
616295,5.376e-06
616328,2.7904e-05
616343,0.000242688
616374,1.152e-05
616454,1.9456e-05
616468,4.736e-05
616495,3.2512e-05
616504,6.4768e-05
616534,0.002268928
616555,3.8144e-05
616636,1.024e-06
616637,0.001015296
616672,5.888e-06
616691,0.000618752
616749,1.2288e-05
616852,0.000100352
616875,1.152e-05
616937,0.000100608
616963,0.000115968
617010,1.0752e-05
617019,0.000359168
617108,2.432e-05
617136,1.4848e-05
617139,0.000109056
617176,3.2768e-05
617207,8.2944e-05
617209,0.002592
617255,2.0224e-05
617310,0.0005184
617350,4.8384e-05
617354,6.4e-06
617394,0.000264192
617432,1.4592e-05
617457,0.0
617477,0.000205824
617522,3.4816e-05
617555,1.8944e-05
617620,4.4544e-05
617622,0.000225536
617632,0.000655872
617673,0.000178944
617699,0.000223744
617739,0.000245248
617768,7.936e-05
617776,0.001998592
617838,0.000429824
617869,0.001154048
618005,7.7568e-05
618066,2.3552e-05
618093,1.1008e-05
618138,7.1168e-05
618183,0.000127232
618216,5.376e-06
618221,0.000199168
618296,7.68e-07
618302,0.000108544
618415,7.7056e-05
618423,0.000140032
618437,0.000256512
618505,0.000159744
618554,0.00060544
618605,2.5856e-05
618647,1.0496e-05
618658,1.152e-05
618666,8.5504e-05
618723,0.000787456
618761,0.000278528
618767,9.216e-06
618815,5.3504e-05
618864,6.8096e-05
618912,5.8368e-05
618940,1.536e-06
618958,0.000169216
618974,0.000205056
619023,0.000272896
619070,0.000140288
619162,8.4992e-05
619184,6.8352e-05
619249,6.9888e-05
619378,1.7152e-05
619391,2.304e-05
619404,0.000115712
619411,1.024e-05
619460,0.00030464
619512,0.000503552
619566,0.000231424
619594,1.3056e-05
619617,7.3728e-05
619665,2.8928e-05
619697,0.000233216
619743,9.3952e-05
619798,0.00054272
619889,0.000338688
619954,0.000121088
619972,6.6304e-05
620016,0.00274944
620077,0.000263424
620106,1.9712e-05
620121,0.00013312
620139,5.2224e-05
620174,0.000185856
620219,3.84e-06
620233,0.000539904
620287,0.000498432
620293,0.000296192
620320,0.000132352
620333,0.000292352
620371,3.4816e-05
620401,3.3536e-05
620421,1.8688e-05
620435,0.000252928
620504,5.12e-07
620549,1.3056e-05
620579,0.00023296
620629,0.000413184
620701,2.56e-06
620704,0.001993216
620746,2.4064e-05
620774,4.1984e-05
620856,0.000152576
620928,8.96e-06
620948,4.5824e-05
620979,3.328e-06
621004,0.000263424
621050,6.9376e-05
621086,1.7152e-05
621166,1.0752e-05
621194,0.000106496
621211,5.4528e-05
621367,0.00040448
621419,5.12e-06
621423,1.5872e-05
621454,5.9136e-05
621494,0.000365824
621564,0.000322816
621622,0.001934848
621718,0.000491776
621766,2.816e-06
621767,0.001765888
621822,0.000298496
621843,5.888e-06
621882,2.944e-05
621902,4.8896e-05
621923,0.000315904
621926,6.4512e-05
621972,0.000213248
622012,8.3968e-05
622031,4.8128e-05
622046,0.000596224
622048,2.3552e-05
622067,3.1232e-05
622124,5.7856e-05
622156,0.000157184
622174,6.4512e-05
622198,0.00044544
622209,0.00014336
622270,2.816e-06
622298,3.072e-06
622301,0.000319744
622305,0.000188672
622315,7.9616e-05
622360,1.28e-06
622372,0.00019072
622489,3.84e-05
622498,3.4048e-05
622506,7.0912e-05
622567,4.864e-05
622577,0.001017344
622633,0.000297216
622663,3.456e-05
622686,0.00059008
622781,8.192e-06
622790,9.728e-06
622851,1.1264e-05
622877,1.8688e-05
622918,8.704e-05
622967,6.6048e-05
623105,0.001111552
623177,3.8656e-05
623252,0.000136192
623288,4.1984e-05
623325,0.000164864
623340,7.5776e-05
623344,4.4544e-05
623400,0.000103424
623415,4.096e-06
623422,0.000498432
623480,0.00039296
623483,5.3504e-05
623520,6.8352e-05
623574,3.584e-06
623591,0.001151488
623712,0.000261632
623731,0.000364288
623762,0.000236544
623773,0.000185344
623800,3.328e-06
623824,2.0736e-05
623833,0.000202496
623845,5.2224e-05
623875,0.000267776
623880,3.4816e-05
623927,0.000698624
623945,2.8416e-05
624031,0.000210944
624060,1.5872e-05
624092,6.1952e-05
624123,0.000125952
624185,5.2224e-05
624236,7.9104e-05
624237,0.00052352
624280,0.000146688
624374,0.000594432
624414,0.000127488
624451,2.4064e-05
624456,0.0002432
624478,0.000758016
624595,5.632e-06
624631,6.656e-06
624633,8.0128e-05
624743,0.0004352
624802,2.8416e-05
624834,0.000260864
624876,0.00044928
624939,0.000187648
624955,1.6384e-05
624973,0.0016192
625051,3.2512e-05
625068,0.000126208
625090,0.000448256
625098,0.000470784
625158,4.992e-05
625246,1.28e-06
625269,2.8928e-05
625327,0.000536064
625402,0.00091392
625409,0.00015104
625459,1.28e-06
625545,7.68e-06
625558,0.000124928
625575,0.000567552
625611,8.7552e-05
625662,9.0112e-05
625710,2.048e-06
625734,7.9616e-05
625826,1.408e-05
625851,0.000130048
625870,5.376e-05
625927,3.0208e-05
626088,0.002729472
626157,1.8432e-05
626166,0.00015488
626168,0.001139456
626169,0.001887488
626231,0.000130304
626243,0.00016896
626267,5.0944e-05
626345,3.4816e-05
626368,8.192e-06
626458,1.6128e-05
626478,0.001213696
626549,0.001570816
626635,0.000219136
626685,2.816e-06
626694,1.2032e-05
626699,2.7392e-05
626715,9.1136e-05
626740,2.1248e-05
626765,6.144e-05
626829,0.000314624
626863,8.4736e-05
626879,0.00011648
626907,0.000221696
626933,2.5344e-05
626936,7.68e-05
626983,7.936e-06
627013,2.7392e-05
627028,1.792e-06
627075,5.4016e-05
627107,4.8896e-05
627120,0.00023424
627143,3.072e-06
627188,0.002117376
627238,4.3776e-05
627264,0.000110336
627334,8.192e-06
627358,9.856e-05
627363,0.000248064
627373,0.001504512
627550,0.001133824
627624,2.688e-05
627684,1.5872e-05
627712,2.048e-06
627756,1.792e-05
627778,0.000223232
627799,0.000452608
627841,3.0464e-05
627871,1.2032e-05
627903,0.000228096
627908,0.000140032
627923,9.4976e-05
627957,9.4208e-05
627970,1.664e-05
627996,8.5248e-05
628020,1.7408e-05
628055,3.072e-05
628087,2.2272e-05
628100,2.56e-05
628138,2.4832e-05
628158,0.000718848
628198,3.072e-06
628229,0.001083904
628349,4.608e-06
628350,0.000275968
628397,0.000406528
628465,2.5344e-05
628483,0.00019968
628529,2.6368e-05
628543,1.5104e-05
628565,1.152e-05
628574,4.2752e-05
628627,1.2032e-05
628639,3.84e-06
628665,0.000184832
628719,0.000239104
628741,5.0432e-05
628820,1.1008e-05
628854,0.000166656
628879,0.000217344
628898,2.304e-05
628945,0.000373504
628972,5.9392e-05
629062,0.000329216
629255,0.000537344
629314,0.000112128
629356,0.0002496
629415,5.8368e-05
629597,1.024e-05
629602,7.8592e-05
629655,1.5872e-05
629701,0.000120064
629762,0.000709376
629779,3.6608e-05
629798,3.0976e-05
629836,5.9136e-05
629885,0.000322304
630065,3.328e-05
630087,5.12e-06
630211,0.00016128
630246,4.5824e-05
630303,2.7136e-05
630332,0.000533248
630369,0.000513536
630408,7.296e-05
630466,3.072e-05
630523,0.000139264
630538,2.048e-06
630581,2.304e-06
630604,3.5584e-05
630616,0.000226816
630675,1.792e-06
630734,7.68e-07
630773,8.4992e-05
630890,2.5344e-05
630929,7.7568e-05
630956,0.000196608
631003,0.000135168
631156,0.000216576
631168,0.003629568
631172,0.009660672
631174,0.002811392
631306,1.2032e-05
631316,0.000122368
631323,0.000349696
631343,6.016e-05
631399,3.2512e-05
631421,4.4544e-05
631482,2.432e-05
631484,5.5808e-05
631499,4.7104e-05
631504,3.8144e-05
631518,7.4496e-05
631566,0.00025856
631595,0.000157952
631604,0.00036352
631640,2.0736e-05
631661,2.56e-07
631771,1.8688e-05
631893,4.3008e-05
631962,0.000708352
632033,0.000252928
632095,5.3248e-05
632121,0.00017408
632153,0.001576192
632172,0.000233472
632206,2.4576e-05
632362,9.5744e-05
632424,0.001259008
632452,0.00064256
632494,2.944e-05
632507,0.000209664
632541,0.001095168
632569,1.024e-05
632600,1.0752e-05
632617,5.12e-06
632662,2.5856e-05
632767,5.12e-07
632768,7.6288e-05
632839,9.216e-06
632869,1.5104e-05
632887,2.56e-06
632894,1.4336e-05
632915,5.888e-06
632941,0.000241408
632991,0.000124928
633001,0.000103168
633047,0.000152064
633121,0.000145664
633151,6.0928e-05
633171,7.2704e-05
633286,3.712e-05
633358,0.000129536
633377,3.84e-06
633401,2.56e-06
633425,8.192e-06
633445,0.000136704
633466,0.000389376
633493,2.688e-05
633505,9.9328e-05
633558,7.8336e-05
633601,7.68e-07
633665,5.9904e-05
633679,0.000197632
633701,1.2032e-05
633725,1.9456e-05
633762,0.0001728
633795,0.000218112
633958,2.9184e-05
634001,6.272e-05
634016,0.000315904
634092,1.152e-05
634093,5.76e-05
634136,1.4592e-05
634148,0.000662528
634180,0.001679104
634214,1.4848e-05
634273,0.000135168
634318,5.12e-06
634438,3.6352e-05
634456,1.5616e-05
634469,8.7552e-05
634520,0.001947648
634553,0.000282368
634635,1.28e-05
634638,0.000176896
634701,3.3792e-05
634747,2.176e-05
634760,0.000104192
634783,1.7408e-05
634808,5.3504e-05
634835,1.7152e-05
634866,7.4752e-05
634897,9.984e-06
635008,2.2784e-05
635019,1.536e-05
635034,2.816e-06
635072,8.704e-06
635111,0.0002432
635156,7.68e-06
635168,2.048e-05
635175,3.5072e-05
635176,0.00011264
635233,3.6352e-05
635244,0.000183296
635283,0.000187648
635319,4.6592e-05
635345,9.6e-05
635364,0.000793856
635410,4.0448e-05
635434,0.000107776
635466,4.864e-06
635471,0.000151808
635534,2.4064e-05
635538,2.4832e-05
635583,0.00035328
635634,0.000182528
635642,0.000636416
635706,1.8944e-05
635717,5.4272e-05
635755,2.816e-05
635766,0.000894976
635775,0.002118912
635815,8.96e-06
635903,7.168e-06
635910,2.304e-06
635930,6.528e-05
635954,0.000141824
636016,0.000467968
636109,0.00011136
636122,0.000248064
636166,0.000520448
636216,3.6352e-05
636254,0.000170496
636351,2.048e-06
636435,0.000106496
636439,2.8672e-05
636440,0.00022912
636451,0.000161536
636474,1.0496e-05
636491,2.0224e-05
636530,4.8128e-05
636555,0.000753664
636598,2.048e-05
636636,2.6112e-05
636656,0.00028032
636678,0.000241664
636749,9.472e-06
636760,1.8688e-05
636864,1.28e-05
636910,0.000302848
636956,5.4784e-05
636967,0.000300032
636971,0.000961536
637044,0.000239616
637101,0.000217088
637167,2.048e-05
637190,2.6112e-05
637205,0.000144896
637269,0.000231168
637308,0.000354816
637319,0.000676608
637360,1.7152e-05
637403,4.5312e-05
637466,1.92e-05
637472,9.728e-05
637508,3.1488e-05
637516,9.856e-05
637578,0.000127744
637591,0.000139264
637685,4.8896e-05
637742,5.5808e-05
637851,1.5872e-05
637893,6.656e-06
637907,4.5568e-05
638024,0.00041088
638075,9.2672e-05
638111,0.000153856
638122,5.4272e-05
638170,9.1392e-05
638174,1.536e-06
638202,0.001094912
638219,5.8624e-05
638243,0.000114944
638267,0.000140544
638304,0.000140288
638349,0.000361472
638403,3.3024e-05
638418,0.000248064
638435,0.000142592
638492,2.816e-06
638545,1.792e-06
638562,2.6368e-05
638563,8.0384e-05
638606,2.816e-06
638647,0.000494336
638706,7.2448e-05
638709,0.000300288
638724,6.9376e-05
638751,2.0736e-05
638761,6.016e-05
638776,0.000388864
638870,2.5856e-05
638942,0.000107264
638955,0.000907264
638968,0.001079808
638998,0.000499712
639057,0.000303104
639087,0.00022144
639137,7.68e-07
639155,0.000168192
639170,7.68e-07
639207,4.864e-06
639229,0.00021248
639282,1.2032e-05
639296,0.000169984
639354,1.6128e-05
639364,0.000117504
639472,0.000184064
639479,0.000317952
639483,0.001200384
639487,0.004977408
639490,0.002365696
639506,0.001100288
639597,4.0448e-05
639615,0.000155392
639656,0.000150016
639676,6.0928e-05
639826,2.4832e-05
639847,0.000418816
639885,0.000117248
639888,0.000979968
639970,0.001656576
639992,5.632e-06
640054,0.0003904
640057,0.000537088
640080,0.00027136
640166,1.6384e-05
640236,0.0
640264,0.000465408
640291,0.000179456
640371,0.000165632
640423,1.536e-06
640434,0.000403456
640466,6.8096e-05
640481,0.000213504
640485,0.000195584
640540,0.000611584
640570,0.000917248
640613,3.5584e-05
640617,0.000173568
640741,0.001692672
640767,2.304e-06
640774,0.000457984
640820,0.000485888
640842,0.000270848
640884,0.000218368
640929,6.4768e-05
640938,6.4256e-05
640954,0.000615424
640991,0.000143104
641027,0.000194304
641028,0.00013056
641069,0.00225792
641084,0.00090496
641136,0.00040576
641148,0.000403456
641202,4.608e-05
641297,7.424e-06
641320,1.28e-05
641413,0.000663296
641465,1.3312e-05
641509,0.000140288
641521,6.016e-05
641547,0.000171776
641590,1.2544e-05
641657,0.000145152
641667,4.096e-05
641674,3.84e-06
641711,0.000168704
641758,6.5024e-05
641764,0.00012544
641774,0.001181696
641832,0.000148736
641875,3.1232e-05
641888,0.001210368
641901,2.2784e-05
641938,1.7408e-05
641986,0.000116992
642000,3.3536e-05
642042,4.864e-06
642099,9.6512e-05
642125,0.000507648
642157,0.000265472
642184,0.0
642214,0.000264448
642237,0.000103424
642239,7.168e-05
642287,0.000228608
642324,4.992e-05
642358,6.7328e-05
642371,0.000554752
642439,2.6624e-05
642466,6.8608e-05
642566,2.944e-05
642684,9.6e-05
642711,2.0736e-05
642751,7.68e-07
642797,5.376e-06
642816,8.3456e-05
642835,0.000128768
642863,4.0448e-05
642879,0.000563968
642918,0.000341248
642955,1.9968e-05
642965,0.000220928
642966,0.000495104
642977,0.001477376
642995,0.00103296
643014,0.00179712
643046,0.000166912
643068,1.5104e-05
643082,8.9344e-05
643111,5.5296e-05
643136,0.000432896
643167,9.2416e-05
643172,0.000555776
643187,0.00032384
643196,6.7072e-05
643223,0.000147712
643225,0.0003136
643235,5.4528e-05
643336,1.7664e-05
643381,8.704e-06
643387,8.704e-06
643415,2.56e-06
643447,0.001370624
643472,0.00020096
643572,0.00019328
643612,5.7344e-05
643645,0.000136704
643690,0.000433152
643744,0.000201216
643786,0.000145408
643838,0.000105728
643854,0.00039296
643875,0.000144896
643946,4.352e-06
643998,0.000174336
644093,0.000117248
644095,6.8096e-05
644129,1.024e-05
644153,0.000230656
644230,1.3312e-05
644273,5.12e-07
644308,2.1248e-05
644323,1.0752e-05
644370,0.000295168
644422,4.1472e-05
644441,1.792e-05
644481,1.536e-06
644499,5.8112e-05
644505,0.000192768
644560,0.000184832
644576,9.216e-06
644612,6.9888e-05
644658,3.9424e-05
644697,1.6896e-05
644714,0.000235776
644766,0.000461568
644817,4.3264e-05
644936,1.024e-06
644954,0.000105472
644971,6.656e-06
645034,7.936e-06
645046,0.000317952
645088,5.376e-06
645100,5.12e-06
645103,4.608e-06
645157,7.424e-05
645231,0.000102912
645269,0.000103936
645336,1.4592e-05
645353,0.000454144
645373,0.000149504
645421,2.048e-05
645461,0.000200192
645478,0.000393472
645503,7.6544e-05
645571,0.00046208
645594,0.00013312
645666,0.000124672
645695,1.5616e-05
645706,0.000119552
645713,1.5616e-05
645729,7.8592e-05
645795,0.000157184
645819,0.000364544
645878,8.6528e-05
645939,4.352e-05
645950,0.000110336
646031,2.1248e-05
646071,4.864e-06
646101,1.6896e-05
646102,0.000236032
646119,0.000393472
646251,2.56e-07
646265,0.000295936
646304,2.9184e-05
646336,1.5104e-05
646342,0.000107776
646426,0.000168448
646494,5.0944e-05
646511,1.6128e-05
646548,6.2208e-05
646563,0.00015488
646574,0.000124672
646576,0.000422144
646654,0.000164096
646721,3.8912e-05
646769,3.4304e-05
646775,0.000454912
646852,0.000222464
646895,8.448e-05
646925,7.424e-06
646939,4.3008e-05
646943,2.6368e-05
646961,0.000148736
647003,2.7136e-05
647027,0.000270336
647070,1.92e-05
647092,1.5104e-05
647138,0.000154624
647175,5.376e-06
647213,7.424e-06
647254,0.00017408
647300,1.6128e-05
647333,6.8352e-05
647421,0.000168192
647442,0.000162048
647467,8.448e-06
647515,1.024e-05
647548,0.000300032
647569,0.00010752
647627,1.7664e-05
647654,0.000155136
647675,2.432e-05
647706,1.6128e-05
647719,3.7376e-05
647739,4.4288e-05
647765,0.000684544
647863,8.704e-06
647884,1.152e-05
647915,0.000443392
647963,9.728e-06
647989,0.00087808
648070,4.3008e-05
648143,5.0688e-05
648146,0.000348416
648198,5.6576e-05
648225,4.608e-05
648228,0.000346112
648285,0.000153344
648309,1.3568e-05
648318,0.000229632
648321,7.552e-05
648363,7.7056e-05
648371,0.000283392
648418,4.2752e-05
648461,1.4592e-05
648490,1.1776e-05
648525,3.072e-05
648527,0.000144896
648586,0.00030208
648608,1.0496e-05
648625,4.7616e-05
648837,0.000124672
648883,0.000182272
648886,0.000387072
648904,0.000112384
648955,0.000179968
649051,4.4032e-05
649082,0.000712448
649132,2.56e-06
649174,3.3024e-05
649211,0.000352512
649241,1.5616e-05
649258,7.8336e-05
649286,1.8688e-05
649312,3.3024e-05
649369,1.152e-05
649382,0.000111104
649424,2.048e-05
649446,0.00041856
649461,5.76e-05
649492,7.68e-07
649497,0.000316672
649514,6.6048e-05
649571,3.712e-05
649578,6.4e-06
649672,9.0368e-05
649772,1.6384e-05
649781,1.2544e-05
649820,0.0001728
649858,1.8176e-05
649868,0.000253952
649928,7.1424e-05
649971,1.6128e-05
649974,0.000254208
650046,1.0496e-05
650066,5.632e-05
650134,3.5584e-05
650158,3.9424e-05
650171,1.1008e-05
650211,0.000146176
650234,0.0005248
650317,1.9968e-05
650319,3.0464e-05
650388,8.4736e-05
650458,0.00066304
650492,0.000115456
650539,6.144e-06
650548,4.1984e-05
650582,6.912e-06
650598,0.000381952
650655,8.4736e-05
650679,9.4464e-05
650715,7.68e-07
650736,6.144e-06
650762,9.4976e-05
650779,7.8592e-05
650871,6.144e-06
650914,5.2224e-05
650969,2.1248e-05
651010,2.56e-07
651015,5.888e-06
651054,0.000201472
651118,0.000113152
651129,0.000275968
651153,6.5536e-05
651279,3.8912e-05
651300,3.6608e-05
651325,5.888e-06
651358,0.000105984
651370,7.9104e-05
651415,0.000311552
651507,1.6384e-05
651533,0.000828928
651561,6.4768e-05
651570,0.000696064
651622,0.000224768
651651,4.4032e-05
651653,0.000289024
651679,0.000790272
651745,2.944e-05
651775,2.3552e-05
651783,0.000110336
651813,3.712e-05
651876,0.000112128
651926,6.912e-06
651939,2.0736e-05
651955,8.7552e-05
651964,0.000190464
651966,0.000246016
652058,1.5104e-05
652079,0.000260096
652135,0.000205824
652155,0.000185344
652179,0.00033536
652237,0.000144896
652282,9.0624e-05
652356,3.84e-06
652459,8.448e-05
652520,0.000658432
652541,0.00028544
652572,0.000156672
652607,7.1424e-05
652715,0.000125184
652736,4.7616e-05
652749,8.704e-06
652789,0.00020864
652831,3.7632e-05
652913,1.024e-05
652981,6.4512e-05
652994,7.7312e-05
653035,0.000590592
653046,0.000397568
653084,5.3504e-05
653105,0.00029312
653177,0.000170496
653251,1.536e-06
653258,0.000192
653349,5.12e-06
653437,4.1984e-05
653476,5.9136e-05
653542,1.8944e-05
653556,5.376e-06
653571,2.9696e-05
653607,9.216e-06
653654,1.6384e-05
653685,1.664e-05
653696,0.0004672
653768,0.000245248
653806,9.3184e-05
653831,8.4992e-05
653861,2.0736e-05
653916,8.0128e-05
653929,1.3312e-05
653935,0.000393472
653943,0.00036992
654002,6.6048e-05
654085,3.84e-06
654135,2.2528e-05
654137,0.000169984
654168,0.001764096
654212,0.000169472
654220,1.4848e-05
654322,0.000293632
654365,2.1504e-05
654372,0.000183296
654427,1.792e-05
654468,0.000236032
654486,0.001445632
654508,0.000545536
654565,7.168e-05
654566,0.000479488
654607,7.3984e-05
654620,2.6368e-05
654645,2.3296e-05
654661,4.5824e-05
654668,0.001181184
654702,0.00062336
654788,0.0
654791,0.00034432
654831,3.2256e-05
654854,2.6112e-05
654856,0.000105984
654894,0.000103424
654925,0.000104704
654947,1.4848e-05
654966,9.1136e-05
654974,0.000260096
654989,0.000145152
655057,1.28e-06
655088,0.000546816
655127,1.6128e-05
655201,1.5104e-05
655234,0.000207872
655272,1.3312e-05
655291,1.792e-05
655322,6.2208e-05
655539,5.12e-07
655568,0.000139264
655570,3.328e-05
655574,0.0030144
655629,0.001452288
655692,0.001044224
655752,3.9424e-05
655844,0.000407552
655870,0.000318464
655888,0.00078208
655930,1.3056e-05
655977,9.2416e-05
656000,5.0688e-05
656041,1.536e-06
656070,9.216e-06
656091,2.0992e-05
656118,0.000614656
656149,0.000105728
656199,0.000366336
656207,0.000338176
656305,2.432e-05
656393,3.8144e-05
656534,3.328e-06
656572,7.168e-06
656582,4.5056e-05
656625,1.3824e-05
656648,0.000402176
656659,0.00077952
656702,0.000346624
656763,4.352e-06
656772,6.5024e-05
656782,0.000120832
656832,0.000312576
656846,0.000326912
656907,1.3568e-05
656924,1.536e-06
656958,2.3808e-05
657054,4.9664e-05
657057,1.152e-05
657082,0.00015872
657188,0.00145792
657289,2.0224e-05
657327,0.00074624
657367,0.00019456
657384,2.9952e-05
657423,0.000104448
657463,2.6368e-05
657509,0.00043136
657569,8.192e-06
657586,8.1664e-05
657628,2.7648e-05
657702,0.00125184
657726,0.000447488
657785,4.2496e-05
657820,0.00033152
657844,0.00050432
657926,8.96e-06
657944,0.00148096
657976,1.664e-05
657985,8.6016e-05
658005,2.2016e-05
658021,1.024e-06
658025,0.000157952
658049,8.96e-06
658052,4.48e-05
658087,2.56e-06
658102,0.000280064
658131,0.000251904
658213,0.000165888
658266,2.8416e-05
658302,0.000121856
658313,3.7632e-05
658390,7.68e-07
658434,8.96e-06
658445,2.56e-07
658450,0.000527616
658503,4.5824e-05
658521,7.424e-06
658557,1.5104e-05
658563,0.0013056
658569,0.000125184
658618,0.000302592
658702,4.1472e-05
658753,0.00061184
658799,0.000489984
658815,0.000254208
658895,0.0
658943,4.2752e-05
658965,4.7616e-05
659047,2.816e-06
659087,3.072e-06
659093,0.000310528
659102,7.3728e-05
659130,1.024e-05
659169,0.000818688
659217,7.168e-06
659247,1.6384e-05
659262,5.376e-06
659264,6.144e-06
659284,9.728e-05
659349,0.000278784
659423,4.352e-05
659441,7.168e-05
659490,0.000135424
659549,7.936e-06
659571,0.00034816
659612,2.048e-06
659633,0.000909312
659687,0.000172032
659694,6.0928e-05
659723,1.024e-06
659765,1.28e-05
659767,0.000271616
659833,0.000363008
659845,4.1216e-05
659871,0.000715776
659990,2.3296e-05
660007,0.000101888
660060,5.2224e-05
660144,0.00045568
660177,0.000285696
660222,0.00076928
660264,8.4992e-05
660418,6.144e-06
660430,6.3744e-05
660443,0.000241408
660546,7.936e-06
660574,1.2032e-05
660585,0.000125184
660655,2.9184e-05
660681,7.68e-07
660685,3.584e-06
660711,0.00010368
660730,0.000210176
660787,0.000141824
660852,0.000131584
660872,1.7152e-05
660915,0.000216576
660947,0.000798208
660974,0.000140544
660996,0.00031232
661019,0.000201216
661118,4.5824e-05
661155,0.000146432
661162,0.000698624
661211,5.12e-05
661286,0.000260864
661358,0.000196608
661407,5.9136e-05
661529,0.000486912
661568,6.0416e-05
661585,2.048e-06
661620,0.000329728
661692,4.2496e-05
661753,6.2208e-05
661764,3.6608e-05
661852,0.000134144
661910,8.2176e-05
661933,1.2288e-05
661956,0.000132864
662057,0.000164608
662102,1.536e-05
662115,8.3712e-05
662133,3.5328e-05
662137,0.000180736
662158,0.000185088
662166,0.000330752
662204,0.00028032
662228,3.328e-06
662354,5.7856e-05
662403,0.000278784
662461,0.00010368
662472,0.000279552
662519,1.28e-06
662521,0.000159232
662547,0.000290816
662592,0.000127744
662626,6.912e-06
662641,1.5872e-05
662643,0.000122112
662649,6.0416e-05
662658,6.0416e-05
662705,0.00038912
662755,2.688e-05
662766,9.1136e-05
662770,0.0008192
662808,0.001140736
662871,1.024e-06
662882,5.632e-06
662886,0.000556288
662955,4.8384e-05
662978,2.0992e-05
663027,9.216e-06
663059,0.000976896
663111,3.328e-06
663136,0.00052608
663250,1.1776e-05
663284,3.1744e-05
663318,1.8944e-05
663334,0.000175872
663373,0.000305664
663434,3.0464e-05
663485,8.448e-06
663517,9.6256e-05
663538,9.1904e-05
663540,0.000185856
663590,0.000113152
663617,8.8064e-05
663716,0.000232704
663730,0.000243712
663758,6.4e-06
663864,0.000339456
663913,3.84e-05
663917,0.00031488
663957,2.6112e-05
663972,6.4256e-05
663997,6.1184e-05
664037,2.8672e-05
664098,1.536e-06
664102,0.000195072
664103,8.8832e-05
664219,2.816e-06
664233,4.864e-06
664278,0.000287232
664285,0.001244672
664333,1.9968e-05
664339,7.936e-06
664422,2.048e-06
664476,8.192e-05
664504,8.96e-06
664508,9.472e-06
664539,5.1968e-05
664545,2.5088e-05
664569,2.816e-05
664574,2.56e-07
664587,8.1152e-05
664631,0.00017792
664716,3.584e-05
664779,0.000215808
664849,4.096e-06
664949,3.7888e-05
664960,0.000488448
665030,1.3056e-05
665035,5.2224e-05
665094,0.000422144
665124,2.3552e-05
665127,0.000321536
665171,3.0208e-05
665184,2.4832e-05
665239,0.000158976
665247,3.0464e-05
665318,1.8688e-05
665348,1.6384e-05
665357,0.00013184
665402,0.000182528
665467,0.000303104
665494,0.000211712
665525,6.912e-06
665580,0.000584448
665605,3.8912e-05
665634,6.0928e-05
665672,2.1248e-05
665725,4.096e-06
665737,7.1424e-05
665756,0.000308736
665765,0.000374784
665769,0.001326592
665832,0.000506624
665835,0.00103424
665902,0.000330752
666106,5.3504e-05
666111,0.000157696
666195,9.2928e-05
666239,0.000540416
666300,9.8304e-05
666337,0.000189184
666349,3.8912e-05
666369,0.000656128
666370,0.006098176
666397,0.000327424
666421,1.6896e-05
666460,0.00125312
666461,0.000321792
666463,0.00262016
666464,0.000909056
666465,0.006913792
666466,0.016331008
666579,3.0976e-05
666653,1.024e-05
666666,5.1712e-05
666717,9.8816e-05
666751,1.8944e-05
666807,4.352e-06
666873,1.792e-06
666911,8.704e-06
666943,9.472e-06
666961,0.000116736
667018,0.001320192
667096,1.5104e-05
667111,0.000432128
667173,2.0224e-05
667200,6.7072e-05
667253,0.000234496
667301,8.2688e-05
667377,9.728e-06
667388,4.9152e-05
667432,1.5872e-05
667434,0.000341248
667450,0.000146432
667488,0.000199936
667520,2.7648e-05
667570,3.1488e-05
667575,0.000396032
667637,6.1184e-05
667650,0.00019712
667656,2.3808e-05
667706,0.001263104
667752,9.2416e-05
667788,4.352e-06
667817,2.8416e-05
667906,3.2512e-05
667911,0.000210688
668071,0.000176384
668100,2.56e-07
668109,0.000507904
668132,0.000127232
668157,0.000266752
668185,0.00041856
668194,2.2784e-05
668200,0.001134336
668206,0.001936128
668208,0.009323264
668212,0.001901056
668298,0.000464896
668378,0.000350464
668430,0.001095936
668456,2.1248e-05
668466,0.000116736
668516,3.1744e-05
668573,0.000159744
668607,6.016e-05
668685,4.736e-05
668722,0.000141312
668759,2.4064e-05
668767,1.8688e-05
668770,3.8144e-05
668776,0.000244992
668790,0.0013504
668819,0.000353024
668822,0.004812544
668823,0.000511488
668825,0.003930112
668826,0.0013696
668894,0.001455872
669071,0.000668928
669106,0.000215808
669140,1.28e-06
669219,0.000130304
669228,0.00069504
669289,0.000397056
669318,3.328e-06
669330,6.656e-06
669346,7.424e-06
669356,0.000880384
669366,0.000481792
669515,0.000604416
669548,7.936e-06
669554,5.2224e-05
669569,0.000397312
669631,2.048e-06
669660,5.3504e-05
669685,3.84e-06
669715,0.000256256
669764,1.9968e-05
669939,1.5616e-05
669998,2.8928e-05
670002,0.000104448
670054,0.00012544
670105,2.5344e-05
670128,0.000615424
670165,2.8672e-05
670219,0.000125696
670249,2.304e-06
670283,1.8688e-05
670318,0.000701696
670352,7.9104e-05
670397,4.9408e-05
670506,7.936e-06
670558,3.1488e-05
670616,5.9392e-05
670649,0.001274112
670695,1.536e-05
670741,0.000178688
670771,0.000588288
670786,2.4832e-05
670887,0.000139008
670915,9.3952e-05
670944,0.001455104
671071,1.664e-05
671076,7.68e-07
671139,7.04e-05
671146,0.000147712
671168,1.8432e-05
671178,0.002622464
671217,0.000370176
671266,0.000145152
671321,0.000228096
671356,4.0192e-05
671358,4.8896e-05
671417,0.000982272
671481,5.4528e-05
671506,6.528e-05
671531,4.864e-05
671576,0.000111104
671617,1.8176e-05
671631,1.2032e-05
671636,8.96e-06
671662,0.000102656
671664,2.9184e-05
671713,9.1648e-05
671755,2.688e-05
671768,0.001799936
671771,0.003088384
671837,5.4272e-05
671864,0.00013568
671896,3.328e-06
671909,9.728e-06
671961,0.000135424
671986,0.000146688
672018,4.1216e-05
672090,3.0208e-05
672169,0.00054016
672207,0.001246464
672244,0.000145408
672283,0.000229632
672301,3.584e-05
672313,2.56e-05
672326,1.5872e-05
672355,4.352e-06
672363,7.424e-05
672400,3.9168e-05
672402,1.1264e-05
672404,0.00025984
672446,7.6288e-05
672457,6.7584e-05
672466,6.784e-05
672471,0.001019136
672506,4.6592e-05
672516,7.2192e-05
672566,0.000212224
672569,9.8816e-05
672580,0.001294592
672616,3.328e-05
672626,0.000211712
672636,3.6864e-05
672646,4.3264e-05
672656,0.000129792
672676,0.000155136
672686,0.00023296
672696,3.9936e-05
672706,0.000161024
672713,0.00011648
672726,7.2704e-05
672736,0.000123648
672746,5.888e-05
672756,0.000223744
672765,0.000369408
672776,0.00028544
672786,7.296e-05
672819,0.00085888
672826,3.84e-06
672876,0.000410112
672906,0.000388864
672916,0.000207104
672940,0.00068224
672968,2.2528e-05
672974,0.000323072
673035,2.6624e-05
673068,0.000302848
673095,6.016e-05
673130,0.000133888
673177,3.0464e-05
673181,0.000188416
673209,1.6384e-05
673233,0.000318464
673264,0.00192
673344,2.048e-06
673346,9.472e-05
673380,5.376e-06
673508,0.000287488
673553,0.000157696
673570,0.001916928
673612,0.001694208
673671,0.000359168
673676,0.002176256
673775,2.2016e-05
673824,7.0912e-05
673856,7.0656e-05
674010,2.56e-06
674030,3.9936e-05
674057,0.000434944
674109,0.000276992
674137,2.816e-06
674151,0.000268032
674171,2.7136e-05
674175,0.001816064
674212,0.000299264
674312,4.3776e-05
674334,0.001348864
674338,0.000182272
674436,0.001130752
674465,7.68e-05
674489,0.00012032
674523,5.2992e-05
674616,6.1952e-05
674656,0.000178432
674674,0.000106752
674676,8.1664e-05
674706,2.304e-06
674726,6.3232e-05
674736,0.000120576
674746,0.00024832
674766,0.000200704
674774,0.000470528
674806,4.1984e-05
674816,0.00015232
674836,0.000184064
674846,1.8176e-05
674856,3.584e-06
674886,0.000208384
674896,1.5104e-05
674916,0.000105472
674926,6.4e-06
674936,0.000120064
674956,0.000212736
674976,0.000140288
674996,0.000482048
675016,0.000124672
675036,0.000404736
675056,0.000302336
675066,1.9712e-05
675076,0.000234496
675086,0.001149696
675116,0.000131072
675126,0.000351744
675156,0.000235008
675166,8.8064e-05
675176,0.0002048
675196,0.000650752
675206,0.000201728
675226,0.000158208
675246,0.00020352
675255,7.424e-05
675256,0.000202752
675276,0.000419072
675296,0.000469248
675306,0.000298752
675316,0.0001216
675336,0.000534528
675356,0.00035072
675416,0.000294912
675426,6.8864e-05
675436,0.000799744
675456,0.00094208
675466,0.000344064
675496,0.001040128
675538,0.000572928
675572,0.000112896
675578,0.000107776
675616,2.0224e-05
675626,5.6576e-05
675652,0.000428544
675692,6.0672e-05
675706,0.000662272
675724,0.000360448
675744,0.000403968
675878,0.000168704
675890,7.424e-06
675932,0.000235008
675968,3.1488e-05
675984,3.584e-05
676030,0.000133376
676101,2.4576e-05
676146,1.28e-06
676168,6.656e-06
676180,0.000272896
676231,0.000213248
676334,0.000370944
676428,0.00020096
676449,0.000421632
676454,0.000278528
676467,0.000649728
676558,7.424e-05
676568,0.002984192
676653,0.000158464
676679,0.0003328
676712,7.936e-06
676720,0.000363008
676782,9.216e-06
676812,8.96e-06
676826,1.2288e-05
676856,9.472e-06
676909,3.5584e-05
676944,0.000104192
677074,0.000191232
677162,5.12e-07
677171,0.000129536
677183,9.1648e-05
677187,0.000283392
677220,6.3744e-05
677278,1.792e-05
677387,1.5872e-05
677421,4.6848e-05
677477,4.48e-05
677479,0.00135936
677539,0.00061824
677563,0.000125952
677587,0.000102144
677633,1.152e-05
677734,0.001146624
677751,0.000337152
677812,0.001781504
677846,0.000509184
677955,0.000356096
678044,4.5568e-05
678056,1.2032e-05
678077,0.00037376
678115,0.000243456
678148,9.6e-05
678274,1.92e-05
678344,5.248e-05
678352,0.000220928
678392,0.000358144
678438,0.00050432
678468,2.4064e-05
678500,2.2016e-05
678547,7.8336e-05
678561,2.048e-05
678578,1.1008e-05
678612,2.176e-05
678622,0.000151552
678671,2.56e-07
678731,2.56e-06
678739,3.7376e-05
678783,2.816e-06
678816,0.000678144
678852,6.912e-06
678874,9.216e-06
678913,8.4992e-05
678934,0.000445696
679014,0.000808704
679080,3.1488e-05
679082,0.000214528
679150,2.6624e-05
679166,3.584e-06
679179,2.6624e-05
679205,0.000371712
679223,0.000385024
679353,0.00014592
679377,9.4208e-05
679401,4.1728e-05
679409,3.3024e-05
679412,0.000915712
679459,1.0752e-05
679474,0.001076224
679525,2.5088e-05
679552,0.000233216
679574,1.5616e-05
679609,1.536e-05
679662,2.0736e-05
679666,3.9936e-05
679678,1.3824e-05
679714,5.0432e-05
679762,0.00018944
679781,8.8064e-05
679805,0.000139776
679809,7.936e-05
679889,1.6896e-05
679933,0.000344064
679991,4.0704e-05
680045,2.2016e-05
680072,2.7136e-05
680087,9.1648e-05
680094,1.3824e-05
680119,2.048e-06
680169,8.192e-05
680178,6.912e-05
680272,0.00013568
680304,0.000136192
680332,0.000390144
680350,4.2496e-05
680399,0.000100096
680473,0.0002176
680531,1.6896e-05
680571,1.2288e-05
680591,0.000103168
680601,0.000174848
680655,0.000272384
680672,0.000101888
680683,0.000398848
680701,1.4848e-05
680714,0.000548096
680759,7.9616e-05
680767,0.001886464
680918,0.00011392
680938,0.000823552
680983,0.000165888
680992,9.856e-05
681045,5.632e-06
681070,7.1424e-05
681168,3.584e-06
681192,2.0992e-05
681210,0.000253696
681265,7.168e-06
681350,2.56e-07
681370,0.007261696
681441,1.2288e-05
681456,7.5776e-05
681503,0.002190592
681581,0.000176896
681594,0.000516096
681628,2.432e-05
681631,2.0736e-05
681636,0.000480512
681665,0.000200192
681683,0.000498944
681740,6.0928e-05
681810,0.000231936
681838,3.584e-05
681841,0.00029696
681920,5.888e-06
681941,1.4592e-05
682043,0.00059008
682054,0.000134912
682111,2.048e-05
682132,0.000314112
682172,4.0448e-05
682189,1.024e-06
682213,9.728e-06
682272,0.00012544
682301,5.9392e-05
682369,0.00022912
682408,0.000194304
682452,1.1776e-05
682468,1.024e-05
682556,2.304e-05
682566,0.000184064
682575,4.3264e-05
682579,0.000225024
682604,6.7072e-05
682645,5.888e-06
682662,0.00013568
682704,1.7152e-05
682729,0.000275456
682731,9.8816e-05
682767,2.7904e-05
682784,0.000420352
682804,8.576e-05
682806,0.000140544
682860,0.001063936
682887,3.84e-06
682918,7.5776e-05
682925,4.8128e-05
682974,0.000244992
683010,2.304e-06
683037,2.048e-06
683139,1.6128e-05
683152,1.7152e-05
683179,7.8592e-05
683201,0.000129536
683252,3.328e-05
683259,1.6384e-05
683269,7.424e-06
683327,4.1216e-05
683377,1.0496e-05
683396,7.3984e-05
683444,0.0002944
683480,6.4e-06
683498,2.4064e-05
683535,4.864e-06
683612,9.6768e-05
683658,8.448e-06
683668,0.000601856
683755,0.000140288
683777,2.176e-05
683780,0.00116608
683820,0.00060544
683867,0.000436224
683916,0.00041216
683951,0.000105728
683985,5.4272e-05
684014,0.0001984
684057,0.000271616
684086,9.6512e-05
684114,4.992e-05
684117,7.68e-06
684185,2.8672e-05
684255,0.000139264
684273,0.000185088
684306,8.448e-06
684337,4.6592e-05
684364,0.000109568
684407,0.000174592
684458,2.6368e-05
684502,2.304e-05
684542,0.000390144
684566,0.000302336
684612,3.968e-05
684621,0.00031488
684637,0.000294144
684681,0.000194048
684704,0.000116992
684721,0.000340224
684771,2.688e-05
684883,4.352e-06
684924,1.4848e-05
684961,3.328e-05
685001,1.7152e-05
685024,2.9952e-05
685027,9.472e-06
685061,2.0224e-05
685125,0.000341248
685136,0.000130048
685193,1.28e-06
685210,1.408e-05
685228,0.000122368
685280,0.000282368
685320,4.8896e-05
685348,4.096e-06
685427,5.1712e-05
685465,0.000359936
685497,6.912e-06
685507,2.7136e-05
685569,0.000186624
685629,5.248e-05
685689,2.4064e-05
685769,1.5104e-05
685805,0.000384768
685856,5.2224e-05
685874,6.9376e-05
685962,2.8672e-05
686004,0.000296704
686029,1.792e-06
686097,0.00030976
686128,7.5008e-05
686156,0.000222976
686221,2.56e-07
686233,0.000102144
686244,0.000193536
686256,0.0004736
686263,0.000543488
686310,7.5264e-05
686364,0.000140544
686367,0.000151296
686410,1.28e-06
686429,2.4576e-05
686439,0.000154624
686485,2.944e-05
686537,2.0736e-05
686538,0.000109312
686557,0.000149248
686599,2.1504e-05
686608,3.0976e-05
686653,0.000433408
686672,5.12e-07
686726,1.3568e-05
686733,2.3808e-05
686777,9.6256e-05
686824,0.000435456
686844,1.8176e-05
686891,1.3312e-05
686899,0.000224512
686927,0.00024576
686963,0.000118784
687005,1.6128e-05
687010,7.2448e-05
687036,0.0
687046,8.6016e-05
687071,0.001986304
687145,0.000238336
687159,0.001250816
687279,0.000704768
687346,1.2032e-05
687368,7.6544e-05
687375,0.000142592
687441,0.000233984
687531,1.792e-06
687560,2.9696e-05
687572,0.00019456
687579,6.1184e-05
687671,8.704e-05
687692,0.001035008
687727,0.00032768
687800,5.9136e-05
687808,5.1712e-05
687844,1.4592e-05
687882,2.9184e-05
687910,0.003670016
687966,1.3056e-05
688032,5.4528e-05
688073,1.3824e-05
688079,2.7904e-05
688092,2.3552e-05
688113,0.000103168
688173,6.4512e-05
688181,0.002968064
688220,0.000236288
688258,0.00012288
688285,0.000805888
688319,9.5488e-05
688327,6.144e-05
688378,0.00084736
688402,0.000337152
688495,6.5536e-05
688527,2.8928e-05
688558,0.000536832
688605,3.328e-06
688660,3.9936e-05
688670,3.0976e-05
688692,3.5584e-05
688741,2.6624e-05
688812,0.000127744
688835,2.4576e-05
688904,0.0
688931,7.6032e-05
688981,2.304e-06
689006,0.00037888
689040,0.00069888
689052,2.9184e-05
689104,0.000553984
689138,1.1264e-05
689159,7.552e-05
689303,0.000144896
689393,2.6368e-05
689434,2.176e-05
689438,0.000133888
689453,0.00036992
689508,0.000552448
689538,1.1776e-05
689546,2.048e-05
689586,0.000293376
689642,0.000216576
689644,0.000532992
689675,0.000391168
689694,5.1968e-05
689714,7.168e-06
689745,0.0024448
689770,1.5104e-05
689798,0.000157696
689848,8.704e-06
689852,5.0688e-05
689857,0.001097984
689882,0.000561408
689948,0.00048768
690013,0.000137472
690048,0.000546816
690126,2.816e-05
690147,0.00018944
690160,0.000353792
690178,0.00054144
690201,0.000312832
690258,0.000404992
690308,0.00044544
690332,2.4064e-05
690368,8.832e-05
690370,0.000120832
690434,8.7296e-05
690471,0.000143872
690478,4.6592e-05
690494,0.000491776
690619,5.248e-05
690653,0.000538112
690680,4.2752e-05
690717,0.000842752
690745,3.7376e-05
690760,6.9376e-05
690774,0.000386048
690796,0.001484032
690829,0.000381696
690868,0.000624384
690912,0.000173056
690931,6.5024e-05
690936,8.4992e-05
690969,0.000350464
691028,4.6592e-05
691062,6.144e-06
691101,0.000975872
691158,7.5008e-05
691179,1.792e-06
691227,2.8416e-05
691240,0.001056
691276,2.1504e-05
691326,0.000166144
691358,0.000138752
691432,5.6064e-05
691483,0.0005248
691489,3.84e-05
691524,0.000761088
691534,4.864e-05
691556,0.000410624
691614,0.000364544
691637,0.00014976
691765,0.000527872
691813,7.424e-06
691854,1.0752e-05
691863,4.096e-06
691907,0.000449536
691942,0.000677376
691989,6.912e-05
692009,2.56e-06
692063,1.536e-06
692105,0.000992512
692168,1.9712e-05
692239,0.000321792
692273,0.00103296
692391,1.7664e-05
692402,1.28e-05
692434,2.048e-06
692441,0.000154112
692549,8.704e-05
692573,4.0448e-05
692587,0.000134912
692627,5.4528e-05
692654,0.000148992
692679,5.376e-06
692682,4.7872e-05
692715,6.4e-06
692765,2.3552e-05
692769,0.001216768
692833,3.84e-06
692908,5.2224e-05
692949,5.5296e-05
692968,3.2e-05
692987,3.072e-05
692997,0.000178432
693049,4.096e-06
693055,0.000140288
693132,0.000208384
693143,0.001025536
693185,4.7616e-05
693213,6.4768e-05
693278,6.912e-06
693279,0.0009728
693286,0.000113408
693325,0.000307456
693344,0.000177408
693357,1.8944e-05
693397,4.1472e-05
693430,0.000486912
693519,0.000125184
693560,5.632e-06
693572,0.000393984
693616,5.888e-06
693622,4.8128e-05
693640,0.000232704
693654,0.00018432
693673,8.3456e-05
693676,0.00021888
693713,3.4048e-05
693736,1.2032e-05
693810,0.000381696
693863,1.0752e-05
693902,3.8144e-05
693918,3.712e-05
693971,0.00013056
694010,4.1216e-05
694040,9.728e-06
694073,5.9136e-05
694092,1.1264e-05
694096,0.000253696
694160,1.3056e-05
694162,3.4304e-05
694180,1.1776e-05
694208,1.5616e-05
694215,0.000229888
694259,0.000146176
694304,3.7888e-05
694347,1.9968e-05
694370,9.984e-06
694397,3.072e-06
694413,4.4544e-05
694473,0.000330752
694499,1.664e-05
694528,0.000203008
694542,0.000575232
694605,6.4e-06
694626,8.064e-05
694653,3.584e-06
694685,4.3008e-05
694693,2.816e-06
694721,6.912e-06
694731,2.56e-07
694732,1.3312e-05
694738,4.8128e-05
694740,0.00084352
694834,3.072e-06
694878,8.0128e-05
694907,0.000487168
694947,6.5792e-05
695078,0.000278784
695139,0.000172288
695176,7.1424e-05
695217,0.000125184
695269,5.504e-05
695290,0.000160256
695336,8.32e-05
695356,0.000985088
695411,7.424e-06
695444,1.8176e-05
695447,4.8896e-05
695466,3.8912e-05
695521,0.000186368
695568,0.00016512
695585,0.000795648
695620,0.000289792
695641,0.000185088
695723,7.168e-06
695726,1.92e-05
695758,0.000312832
695773,0.002640384
695814,0.000361984
695877,8.6272e-05
695917,7.168e-06
695992,4.48e-05
696034,9.984e-06
696036,7.9616e-05
696099,1.024e-06
696102,0.000129536
696154,0.000388864
696196,0.000759808
696222,0.00049152
696244,0.001038848
696271,0.000808192
696338,0.000159488
696341,0.000343552
696372,0.00178048
696410,0.000409856
696423,0.000483328
696496,2.304e-06
696510,1.0496e-05
696585,0.000689408
696664,0.000126976
696704,0.000135424
696712,0.000493312
696734,8.9344e-05
696786,2.816e-06
696790,0.000527104
696810,3.9168e-05
696846,0.000840704
696957,0.000204288
696987,0.00014592
697009,4.096e-05
697064,3.84e-06
697069,0.000191744
697099,0.000381184
697161,0.000379136
697236,8.2432e-05
697280,1.8432e-05
697327,0.000144128
697347,8.448e-06
697424,9.7024e-05
697458,0.000147456
697463,0.000292352
697568,0.000155904
697606,3.2768e-05
697714,8.3968e-05
697762,0.000126976
697786,2.7136e-05
697819,0.000598272
697976,2.816e-06
698000,0.000151296
698047,4.1728e-05
698089,0.000149504
698091,0.000108032
698169,8.5504e-05
698236,7.0912e-05
698258,1.6896e-05
698267,0.000159488
698310,1.5104e-05
698312,5.12e-06
698315,0.000105984
698403,2.6368e-05
698425,0.000179712
698444,5.376e-06
698570,0.000753408
698657,0.000127488
698672,0.000157952
698744,1.7664e-05
698757,5.376e-06
698758,0.000452864
698772,0.003177472
698816,0.001080576
698842,0.000237312
698898,8.7552e-05
698947,9.472e-06
699039,6.144e-06
699116,2.8928e-05
699183,0.000101376
699191,9.728e-05
699214,0.000834048
699266,4.1728e-05
699299,1.2544e-05
699338,3.0464e-05
699363,4.1216e-05
699368,5.4016e-05
699370,0.001693184
699443,0.000156416
699460,0.000169728
699514,0.000360192
699534,4.096e-05
699590,0.000666624
699688,5.12e-07
699697,1.152e-05
699706,5.6832e-05
699717,3.2512e-05
699765,7.1424e-05
699863,3.1488e-05
699885,4.864e-05
699967,8.1408e-05
699979,0.000316672
700026,1.3312e-05
700064,0.000305408
700132,7.7056e-05
700179,3.2e-05
700226,0.00034688
700248,0.000434688
700331,1.4592e-05
700346,0.000109568
700418,5.0432e-05
700448,1.024e-06
700457,0.000506624
700517,0.000148736
700555,1.5872e-05
700647,2.1248e-05
700753,0.00020608
700786,0.000177152
700802,2.0992e-05
700824,0.000212736
700877,0.001451008
700924,1.3056e-05
700972,9.216e-06
700973,3.2e-05
700997,1.024e-05
701120,2.56e-05
701159,2.5856e-05
701171,7.296e-05
701247,1.8688e-05
701306,7.1168e-05
701332,1.5872e-05
701354,0.000118016
701384,1.2032e-05
701386,1.5872e-05
701421,1.1776e-05
701426,0.000619264
701462,0.00017408
701484,0.000127232
701552,3.9936e-05
701556,0.00055296
701642,0.001251072
701737,8.7808e-05
701755,0.00036736
701899,0.000394496
701923,5.12e-07
701940,1.664e-05
701961,8.704e-06
701978,1.024e-06
701980,0.00061184
702030,5.0688e-05
702111,8.9344e-05
702143,0.000128512
702152,0.000107008
702185,5.4528e-05
702221,0.000140544
702237,2.048e-06
702266,1.024e-05
702302,1.4848e-05
702328,7.68e-06
702362,0.000121856
702372,6.4e-05
702375,9.088e-05
702458,0.000292096
702510,8.448e-06
702518,2.2784e-05
702540,1.3056e-05
702633,1.536e-06
702636,2.9696e-05
702648,3.3024e-05
702658,0.000247808
702709,6.8864e-05
702718,7.3728e-05
702728,0.000649728
702760,0.000150784
702802,1.5872e-05
702862,0.0001152
702899,1.6896e-05
702949,9.9584e-05
702966,0.00031872
702972,0.000123136
702977,0.000598784
703030,0.00022784
703067,6.656e-06
703094,8.7808e-05
703106,9.3952e-05
703171,2.0736e-05
703221,3.2256e-05
703229,2.688e-05
703259,0.00082432
703344,0.000160512
703423,0.000267264
703444,6.9888e-05
703474,0.000172288
703484,4.992e-05
703498,5.376e-05
703571,8.064e-05
703588,0.002047744
703694,0.000112128
703730,0.00018304
703750,4.5568e-05
703797,2.56e-06
703801,1.8944e-05
703827,2.5344e-05
703854,8.704e-06
703863,0.000171776
703896,0.000332288
703900,0.000779776
703979,0.000110336
704014,0.000173568
704038,2.0992e-05
704142,6.2208e-05
704169,9.2672e-05
704202,0.000710912
704282,4.608e-06
704312,0.00051584
704372,0.000181248
704386,1.8176e-05
704426,4.48e-05
704440,1.024e-05
704482,4.096e-05
704516,0.000222208
704523,9.0368e-05
704528,0.001828352
704706,0.00028416
704730,8.1664e-05
704759,9.2672e-05
704766,0.000183552
704767,0.001350912
704817,0.000368128
704906,3.072e-05
704954,2.9696e-05
704963,0.000519424
705016,9.216e-06
705025,1.28e-05
705065,0.00031744
705084,0.00015872
705099,2.0736e-05
705227,0.000146944
705247,0.000563968
705292,0.000142592
705321,2.0736e-05
705366,0.000123392
705382,0.001921024
705400,0.001065472
705444,0.000366848
705508,0.000542464
705535,1.9968e-05
705568,3.8656e-05
705571,8.6528e-05
705598,0.000665088
705681,2.0992e-05
705693,0.000995072
705727,0.000200704
705833,0.000138496
705953,0.000680704
706056,2.56e-07
706080,0.00014464
706161,0.000907264
706199,1.6896e-05
706214,3.328e-06
706256,8.2944e-05
706319,2.2016e-05
706321,0.000192512
706454,4.864e-06
706464,4.992e-05
706468,5.888e-06
706494,1.5616e-05
706537,1.2032e-05
706575,1.1008e-05
706591,9.2672e-05
706599,0.000667648
706690,0.000375552
706717,3.0976e-05
706733,5.888e-05
706781,0.000188928
706888,2.8928e-05
706894,6.5792e-05
706949,0.000297216
706974,2.56e-06
706987,9.472e-06
707030,5.0432e-05
707035,9.472e-06
707169,6.4e-06
707170,0.00302976
707200,0.000738304
707207,0.002569984
707274,7.2448e-05
707284,0.000258048
707305,0.000458496
707336,4.352e-06
707391,2.176e-05
707409,1.2544e-05
707422,0.000638208
707442,2.816e-05
707503,3.5328e-05
707543,9.9072e-05
707591,0.000148992
707608,3.4048e-05
707628,6.144e-06
707680,1.3056e-05
707688,9.5488e-05
707771,0.000316672
707778,6.8608e-05
707828,0.000609024
707946,7.4496e-05
708007,1.4592e-05
708100,4.0448e-05
708127,0.000105984
708162,1.792e-06
708195,9.472e-06
708215,1.7408e-05
708239,5.5808e-05
708272,5.5296e-05
708356,5.2992e-05
708373,6.2464e-05
708427,1.536e-05
708428,4.5056e-05
708504,0.000443904
708551,0.000303616
708669,3.8656e-05
708677,0.000386048
708741,8.6272e-05
708811,6.0672e-05
708819,0.00036864
708863,0.00055808
708909,0.000190464
708928,0.000190208
708972,0.000757504
709021,3.3024e-05
709058,5.12e-06
709080,0.000457472
709132,0.000117504
709176,0.000696064
709180,0.000586752
709275,0.000901888
709325,1.1776e-05
709342,0.000453376
709351,0.000265472
709397,8.6272e-05
709501,0.000380928
709511,0.000374272
709533,6.912e-06
709567,3.584e-06
709571,8.9856e-05
709596,0.000581376
709619,0.000393728
709662,0.000325888
709701,9.728e-06
709709,8.6784e-05
709719,0.000722432
709745,0.000244224
709779,0.000451072
709828,2.2016e-05
709839,0.000153088
709862,1.9968e-05
709884,0.000139008
709910,0.000268288
709986,0.000586496
710089,0.000204544
710156,2.816e-05
710167,0.000134656
710175,0.000298752
710177,0.000167936
710240,9.1904e-05
710250,2.816e-06
710314,3.7888e-05
710336,5.632e-06
710364,3.584e-06
710446,2.56e-06
710480,0.0001344
710541,0.000218112
710580,1.0752e-05
710638,0.000219392
710767,5.9904e-05
710853,0.000496896
710936,1.2288e-05
710938,0.000447232
711045,0.00096768
711109,5.8368e-05
711120,1.8432e-05
711153,0.000407296
711215,0.000236032
711233,0.002025984
711255,0.0002496
711290,0.001095424
711371,0.000248832
711374,0.000279296
711422,0.000297984
711492,0.000249344
711559,5.632e-05
711603,0.000164096
711617,6.8864e-05
711652,9.7024e-05
711772,3.6352e-05
711802,0.000156416
711866,4.2496e-05
711872,0.000176896
711894,0.0001472
711919,0.00073216
711958,0.000204288
711977,0.000292352
712006,0.000265216
712039,6.4512e-05
712055,9.216e-06
712094,0.000156416
712144,4.1984e-05
712174,0.000169728
712199,0.000346368
712270,1.6128e-05
712271,4.4288e-05
712288,3.9168e-05
712314,7.936e-05
712371,0.002288128
712471,8.192e-06
712492,0.000156416
712557,0.000213504
712569,0.000302336
712572,0.00197376
712630,1.664e-05
712655,6.7328e-05
712711,8.7552e-05
712731,9.472e-06
712753,0.000156416
712782,5.0176e-05
712821,0.000152576
712868,4.9152e-05
712890,0.000577024
712939,0.000427776
712997,0.000277504
713018,5.4272e-05
713063,7.8336e-05
713129,7.0912e-05
713156,0.000121856
713193,0.000238336
713299,2.048e-05
713335,4.6848e-05
713384,0.00068992
713430,0.000458496
713533,2.7392e-05
713563,6.3488e-05
713597,5.1968e-05
713612,7.2448e-05
713701,1.536e-06
713771,0.001019904
713912,0.000367616
714060,6.016e-05
714094,5.248e-05
714180,6.656e-06
714371,1.6128e-05
714372,0.000982016
714448,0.00027392
714476,5.6064e-05
714487,0.0
714508,0.00112128
714599,5.2736e-05
714629,5.632e-06
714658,1.152e-05
714696,4.4544e-05
714701,0.000369408
714714,0.000267776
714779,1.024e-05
714789,3.8912e-05
714794,4.736e-05
714807,0.000251648
714822,3.072e-06
714832,0.000109312
714932,4.224e-05
714958,0.00061568
715005,0.001136896
715062,2.2272e-05
715136,0.001023232
715169,1.6896e-05
715207,5.12e-07
715245,9.472e-06
715247,0.000154368
715255,6.0672e-05
715319,1.536e-05
715322,0.000384
715354,0.000101376
715380,4.5568e-05
715445,6.4e-06
715453,0.000139776
715483,0.000791552
715519,4.0448e-05
715539,0.000106496
715567,0.000134912
715569,0.003318272
715639,0.000323328
715646,0.000168704
715688,2.7648e-05
715806,0.000115968
715812,0.000775936
715923,6.9888e-05
715982,4.8384e-05
716009,6.4e-06
716066,2.56e-07
716068,2.2016e-05
716087,2.7648e-05
716142,5.1968e-05
716156,4.5824e-05
716172,0.001937408
716225,0.000118016
716238,0.000171264
716285,2.304e-06
716289,9.984e-06
716334,4.8128e-05
716369,6.8608e-05
716432,0.000141312
716460,0.000278784
716472,0.000268032
716507,0.001529344
716537,0.000558592
716551,0.000496896
716569,7.2448e-05
716588,0.001351424
716624,0.000485632
716642,2.1248e-05
716712,4.096e-06
716714,0.000123904
716757,1.5104e-05
716770,0.000237056
716774,0.000939776
716871,1.1008e-05
716873,2.56e-06
716883,7.68e-06
716966,9.088e-05
716986,2.304e-06
717023,0.000548864
717035,0.00042368
717070,0.001186048
717124,1.536e-06
717136,6.8864e-05
717151,0.000152576
717241,3.8912e-05
717252,2.5344e-05
717271,1.3312e-05
717277,0.000143872
717305,9.472e-05
717323,6.4512e-05
717374,4.1728e-05
717452,3.2256e-05
717494,7.168e-05
717497,0.000149504
717546,0.001060864
717614,0.00010368
717678,1.9712e-05
717707,0.000315136
717723,0.000265984
717826,0.000174848
717833,7.8592e-05
717876,9.6256e-05
717896,2.816e-06
717915,3.3536e-05
717936,0.000357888
717957,0.00111232
718061,0.000144384
718091,0.000724992
718128,3.584e-06
718135,7.8592e-05
718197,0.000124672
718247,0.000343808
718293,1.024e-05
718315,0.00051072
718365,0.000127232
718425,1.8432e-05
718447,3.6864e-05
718449,0.00010112
718459,0.000393728
718488,0.000410624
718491,0.000355584
718543,0.00022912
718556,1.8944e-05
718567,1.024e-06
718603,4.096e-06
718649,4.5824e-05
718672,0.001408256
718727,0.000772864
718820,0.000212736
718892,0.000251392
718956,0.000191488
718989,9.2928e-05
719021,2.3552e-05
719036,2.5856e-05
719068,0.000183552
719075,0.0008576
719097,6.4e-05
719140,7.424e-06
719163,0.001182464
719169,0.000368128
719204,3.2512e-05
719210,0.000404736
719335,0.000149248
719347,0.001873408
719382,0.000315648
719409,0.000807424
719444,1.024e-06
719502,2.56e-05
719537,0.000155648
719593,0.000623616
719615,0.00014208
719623,0.001536
719646,0.00150016
719705,0.000440576
719749,9.7536e-05
719759,7.1936e-05
719768,6.1184e-05
719774,8.96e-06
719804,0.000251392
719826,3.8912e-05
719860,0.000805632
719945,3.2768e-05
719968,0.000171008
720016,8.4736e-05
720061,4.7616e-05
720110,4.4288e-05
720155,4.352e-05
720162,1.664e-05
720165,0.000116992
720200,5.8368e-05
720245,2.2016e-05
720269,0.0005376
720350,0.000361216
720359,1.1008e-05
720370,2.1504e-05
720392,0.00072576
720434,6.6816e-05
720470,4.352e-06
720471,0.000338432
720509,0.00037632
720528,0.000463104
720621,1.3568e-05
720705,0.000271872
720725,2.56e-07
720752,0.000114176
720764,0.000163072
720811,1.7408e-05
720815,2.9952e-05
720818,0.000111872
720879,1.536e-06
720894,2.304e-05
720941,3.4048e-05
720956,0.000627456
720971,1.792e-05
721037,0.000751616
721082,2.048e-05
721119,3.4816e-05
721144,5.248e-05
721155,1.8432e-05
721170,0.000186368
721299,2.9952e-05
721351,7.296e-05
721375,0.000138752
721385,0.000412928
721403,0.000659968
721419,0.000576256
721435,0.000981248
721502,8.2944e-05
721552,4.0704e-05
721606,0.00192
721618,0.00030976
721647,0.000187648
721683,0.00012288
721738,6.912e-06
721757,2.0224e-05
721784,6.8608e-05
721849,4.608e-05
721854,6.144e-06
721858,0.000175104
721891,0.0
721947,3.4816e-05
721954,0.00036352
721967,0.00015872
721973,0.000662016
722019,0.000170496
722040,0.00061696
722141,0.001267712
722167,7.6032e-05
722180,0.001044224
722186,0.000809472
722266,0.000120576
722269,0.000710912
722318,0.000210688
722336,2.8416e-05
722393,1.6896e-05
722398,0.00025984
722453,6.912e-06
722497,0.000114944
722522,3.3792e-05
722547,0.000109056
722572,0.000150016
722666,1.408e-05
722679,0.000987648
722755,0.000507648
722767,0.001009408
722770,0.000432128
722817,0.000142848
722833,0.000112896
722854,0.00024192
722879,8.2176e-05
722921,4.4544e-05
722936,2.0992e-05
722977,0.000229632
722986,7.5264e-05
723001,0.001370112
723036,0.000163584
723067,3.712e-05
723083,5.6576e-05
723089,0.000164352
723119,7.552e-05
723181,1.92e-05
723220,2.304e-06
723310,1.9456e-05
723321,3.2512e-05
723333,0.000243712
723356,0.000343808
723366,8.8064e-05
723492,4.4288e-05
723524,0.000468736
723625,5.12e-07
723630,4.8384e-05
723642,3.9936e-05
723650,0.00040704
723673,8.064e-05
723744,1.152e-05
723762,2.0992e-05
723773,0.000137984
723867,5.0176e-05
723882,9.2928e-05
723904,0.000113664
723911,9.8048e-05
723958,6.9888e-05
723982,0.000309504
724099,6.6048e-05
724111,2.6112e-05
724117,0.00058496
724200,0.000250112
724230,3.5328e-05
724282,0.0001216
724305,4.864e-06
724321,0.000778496
724422,2.4832e-05
724464,1.4848e-05
724492,6.3232e-05
724509,0.000146176
724572,7.2192e-05
724632,8.8576e-05
724659,0.000101888
724678,0.000179456
724724,4.096e-06
724725,0.000124416
724756,0.0005312
724805,2.0224e-05
724835,3.328e-06
724850,7.4496e-05
724864,0.000190464
724883,8.9856e-05
724888,2.2528e-05
724897,0.001596416
724949,0.000110336
724965,0.000102144
724973,9.1136e-05
724989,6.144e-06
724990,7.296e-05
725049,1.6128e-05
725092,3.4816e-05
725153,2.304e-06
725154,0.000647168
725174,5.376e-06
725223,0.000115456
725233,3.2256e-05
725265,4.1728e-05
725293,0.000100352
725393,3.7376e-05
725416,2.4576e-05
725426,4.1216e-05
725447,1.28e-05
725449,0.000218112
725496,0.000374272
725536,1.9456e-05
725565,3.6096e-05
725580,0.000348672
725594,0.000481792
725640,2.816e-06
725641,6.016e-05
725675,7.04e-05
725693,8.576e-05
725703,0.000294144
725750,1.3312e-05
725755,1.792e-06
725775,0.000153344
725830,0.000432384
725886,2.816e-05
725887,3.072e-05
725909,0.000130304
725911,0.000103168
725943,2.3296e-05
725953,0.00033024
725967,0.0010752
726006,0.00016256
726010,0.000949504
726086,7.3216e-05
726147,2.2528e-05
726166,7.4752e-05
726167,0.00080384
726232,6.912e-06
726294,0.000184832
726327,0.000178432
726337,3.2512e-05
726339,0.000148992
726366,0.000151552
726374,0.000115968
726391,0.000253184
726445,4.608e-06
726452,0.000258816
726494,5.6832e-05
726503,0.000100352
726597,1.6896e-05
726608,0.000371712
726642,0.000395776
726647,0.001503744
726676,0.000148992
726692,0.000830464
726707,0.000419584
726743,2.9696e-05
726747,0.000104448
726822,3.328e-05
726848,0.000220416
726897,2.2528e-05
726905,0.001524736
726950,0.000741632
726965,7.552e-05
726988,0.000622592
727026,0.000156672
727087,5.12e-07
727116,7.4496e-05
727156,1.536e-05
727158,0.000741888
727208,0.00024192
727234,0.001371904
727252,0.000145408
727261,0.001115904
727296,0.000140032
727309,0.000142336
727332,0.000167936
727336,0.000105216
727380,5.76e-05
727411,4.7616e-05
727413,0.00070784
727414,0.001052928
727458,0.000548608
727503,0.000830208
727567,0.000192768
727577,0.00021376
727667,0.000748544
727709,0.00023296
727734,0.000111872
727739,6.2464e-05
727751,5.8368e-05
727791,0.00014976
727800,0.00033664
727815,5.9904e-05
727827,6.912e-06
727834,0.0001024
727869,3.2512e-05
727882,0.00136576
727906,0.00048384
727944,5.9392e-05
727964,0.001235712
728021,0.00022016
728047,0.000676096
728099,4.864e-06
728111,0.000475904
728160,0.001151488
728172,0.000494336
728194,0.000464896
728282,2.6368e-05
728303,3.072e-06
728331,5.888e-06
728339,1.92e-05
728364,0.000856576
728392,1.3568e-05
728395,0.00064768
728440,0.000423936
728475,0.0004608
728499,0.000395008
728519,0.000689664
728523,0.000146176
728572,0.000493056
728579,0.000836096
728617,2.1504e-05
728694,0.00017536
728745,0.002077696
728774,0.001260544
728832,0.000161792
728862,2.6368e-05
728863,4.7104e-05
728889,0.001090048
728915,0.0001088
728919,0.000736768
728970,3.7632e-05
728981,0.000286208
729003,0.000386816
729034,0.00050816
729072,0.000100352
729111,0.001694464
729172,9.1648e-05
729177,0.000374016
729181,0.00027264
729226,0.000347392
729247,0.000342272
729312,0.000114176
729313,0.000224768
729331,0.000197888
729334,0.000159744
729366,0.00025856
729370,0.001497344
729401,0.000367104
729446,8.2176e-05
729459,0.00041728
729474,0.000139264
729498,0.000538112
729512,3.456e-05
729589,0.000743936
729599,0.000717056
729636,5.248e-05
729655,0.000182528
729715,1.4336e-05
729720,5.12e-06
729746,0.000157696
729778,0.000322048
729824,0.000148224
729877,3.8912e-05
729889,0.001357056
729940,9.3184e-05
729965,2.176e-05
729967,4.0448e-05
729969,0.00035712
730001,0.0003264
730016,2.304e-06
730134,7.68e-07
730151,4.864e-05
730159,5.504e-05
730167,0.000821248
730188,0.000146688
730191,0.000128
730220,0.000200704
730266,1.6384e-05
730274,0.000121088
730311,0.000146944
730332,0.000192512
730340,3.1488e-05
730396,4.096e-06
730403,0.000485632
730430,0.000131328
730437,0.000502016
730441,0.000337152
730476,0.000101888
730498,7.6288e-05
730501,0.000143104
730525,8.4224e-05
730541,3.968e-05
730565,0.000282624
730571,0.000725504
730594,0.000302848
730605,0.000399616
730655,1.408e-05
730694,0.000432896
730712,6.0672e-05
730717,0.000272128
730740,0.00011904
730765,0.001478144
730811,0.000296192
730828,1.792e-05
730837,0.000102656
730881,0.000115712
730888,0.000206336
730902,0.00038784
730956,3.072e-05
730971,6.2464e-05
730994,8.96e-06
731008,3.9424e-05
731024,0.000602112
731048,3.2512e-05
731103,0.000429568
731112,0.000393728
731175,4.4032e-05
731191,0.001534208
731251,0.000203008
731268,0.000170752
731272,0.000115968
731295,1.4592e-05
731328,0.000467712
731344,0.0029248
731380,6.7584e-05
731388,5.376e-05
731419,0.000179456
731444,0.000630272
731485,9.8816e-05
731514,6.2208e-05
731553,1.28e-05
731588,0.000993792
731591,6.3232e-05
731617,0.000174336
731645,1.2288e-05
731674,0.00018944
731688,0.000246528
731712,0.000418816
731756,2.1504e-05
731758,0.00052224
731766,4.1216e-05
731803,9.088e-05
731809,0.00073728
731824,9.9328e-05
731865,0.000726272
731954,3.4304e-05
731989,1.2544e-05
732001,0.0002688
732036,5.12e-06
732073,0.000220416
732149,5.9136e-05
732164,0.00010368
732179,0.000248576
732198,5.9136e-05
732223,5.9904e-05
732234,0.00028032
732285,9.472e-06
732295,0.000625664
732329,0.000222976
732356,0.000153344
732365,0.000195072
732373,5.8624e-05
732379,0.000271616
732422,0.000260352
732474,0.000103168
732481,6.7328e-05
732492,0.0001856
732514,0.000557056
732529,0.000105984
732557,0.00299648
732590,6.4512e-05
732594,0.000792576
732637,0.00183296
732694,2.816e-06
732757,0.00033792
732774,8.6016e-05
732789,0.000146688
732821,0.0027776
732957,6.4e-05
732959,0.000557056
732970,0.00030464
733041,4.5568e-05
733051,0.000103424
733073,0.00020096
733102,0.000319232
733118,6.7328e-05
733139,1.8688e-05
733162,0.001169408
733248,0.000959232
733256,2.0736e-05
733285,0.000163328
733317,0.000308736
733342,8.1152e-05
733343,0.000238848
733345,0.000207616
733399,0.001033728
733471,0.000119296
733480,0.000188928
733563,1.8432e-05
733625,0.000185856
733632,7.168e-06
733645,2.9184e-05
733665,0.000144128
733730,0.000511232
733767,0.000910592
733799,6.5536e-05
733863,8.8064e-05
733870,0.000139776
733884,0.000681728
733897,0.000117504
733905,0.000210944
733946,0.000916736
733981,3.0464e-05
733993,0.000332032
734043,0.000108032
734065,0.000437504
734076,0.000702208
734084,0.000564736
734130,0.000132608
734136,0.000701184
734182,4.352e-06
734193,0.000488448
734232,8.448e-06
734238,0.000157696
734280,8.4224e-05
734284,0.001120512
734301,0.000311552
734307,0.0030272
734357,0.00030592
734373,0.006257152
734417,0.000125696
734435,0.000126976
734453,0.000348672
734473,8.6016e-05
734475,0.00022784
734481,0.000185344
734517,5.7088e-05
734523,0.000307456
734526,0.00121216
734565,7.7056e-05
734570,0.000115968
734592,0.000789248
734615,0.00085632
734652,9.472e-06
734659,0.000608
734685,0.000305408
734707,0.000125184
734727,5.12e-07
734737,2.0224e-05
734757,0.000190464
734773,0.000378112
734803,0.00054656
734847,7.936e-05
734857,7.68e-07
734867,7.5776e-05
734896,0.000417536
734907,0.000341504
734927,0.00075648
734947,0.000219136
734957,9.4208e-05
734987,0.000192
735007,0.000275968
735013,7.3728e-05
735037,0.00015744
735057,0.0004288
735067,0.000231424
735077,0.00052864
735097,0.0003776
735127,0.00046208
735157,1.7664e-05
735160,0.000123904
735191,3.3024e-05
735230,2.7904e-05
735233,5.6576e-05
735252,2.6112e-05
735254,0.000313088
735289,0.000279552
735303,0.00041728
735322,0.000206848
735325,0.000291328
735333,0.0024256
735415,0.001030144
735442,3.1744e-05
735467,0.001857536
735495,0.001073664
735511,0.000106752
735543,0.000127232
735625,0.000231168
735638,0.000642048
735672,0.000182528
735692,4.0192e-05
735693,4.5312e-05
735712,0.000237824
735718,0.000210176
735744,0.0007872
735769,0.00023552
735828,0.000859648
735849,0.000514048
735892,4.8128e-05
735896,8.3456e-05
735907,0.000481024
735926,0.000482304
735956,0.00021504
735971,2.5088e-05
736014,0.000439552
736032,0.000721152
736042,0.000255232
736084,0.000169472
736100,7.0912e-05
736120,1.024e-05
736149,8.448e-06
736162,1.4336e-05
736164,0.000478976
736262,3.328e-05
736266,6.1952e-05
736272,0.000410112
736309,8.7296e-05
736336,7.9104e-05
736368,0.000123648
736381,1.9456e-05
736438,3.584e-05
736460,0.001516544
736485,1.792e-06
736502,2.56e-07
736576,5.376e-05
736603,0.002405888
736629,5.376e-05
736675,3.072e-06
736685,0.000175104
736704,0.001379072
736774,7.1168e-05
736790,3.3536e-05
736833,4.352e-06
736853,4.3264e-05
736887,0.000186112
736920,0.000430848
736960,0.00011264
736972,1.8176e-05
737040,5.6064e-05
737041,5.8368e-05
737055,0.00110848
737065,0.000250368
737073,0.00014336
737103,0.000766976
737139,9.984e-05
737156,0.004762112
737220,3.1488e-05
737256,0.000238592
737288,0.001390592
737324,0.000122624
737359,0.004555008
737401,0.000124672
737406,0.000283648
737439,0.000213504
737459,0.000511232
737507,4.1728e-05
737524,3.6352e-05
737563,0.000588032
737601,0.000344064
737634,0.000111104
737668,1.024e-05
737700,4.0448e-05
737704,4.3264e-05
737712,0.000649216
737768,0.000239104
737787,0.000244224
737835,5.632e-06
737895,0.000361216
737907,0.00081408
737964,0.000166144
737982,5.0176e-05
737999,0.000735488
738018,0.00048128
738123,8.96e-05
738131,0.001089024
738147,0.000267264
738183,0.000211968
738185,0.000651264
738259,0.000209664
738303,0.00011648
738306,0.001152256
738352,0.000234752
738366,4.6848e-05
738371,0.00022912
738373,0.000932096
738444,3.9168e-05
738456,7.6288e-05
738461,1.7408e-05
738478,2.7904e-05
738484,9.728e-06
738529,0.00010368
738532,0.000465664
738565,5.7088e-05
738585,7.3472e-05
738621,4.9152e-05
738634,6.1184e-05
738637,0.00011392
738664,0.000349952
738688,2.5344e-05
738698,7.6032e-05
738795,2.0224e-05
738801,0.000332032
738860,6.656e-06
738866,0.001117696
738910,5.248e-05
738929,4.2496e-05
738953,0.000513792
738975,0.000610048
739030,0.000374016
739061,0.000132352
739077,5.0944e-05
739098,5.12e-07
739101,0.000495872
739144,6.4e-06
739167,0.000229888
739184,0.000671232
739207,0.000126208
739271,1.1264e-05
739273,0.000548096
739308,0.001705984
739341,0.000404992
739397,0.000422912
739434,0.000207104
739479,4.1216e-05
739511,0.00029184
739520,0.00058624
739542,5.888e-05
739571,0.000105216
739577,0.000239616
739588,0.000326656
739642,2.6368e-05
739664,7.9872e-05
739683,0.000410368
739703,8.6272e-05
739732,0.000534272
739782,0.000555008
739812,6.912e-06
739814,0.000280832
739846,0.000347648
739867,0.000244224
739923,0.000240896
739942,0.000265216
739954,0.001633792
739978,0.001803008
740001,0.000282112
740065,0.000114688
740116,0.000182528
740135,0.000278272
740142,0.000653824
740155,0.000165888
740156,0.003277056
740161,0.004034816
740169,0.003833088
740174,0.000245248
740271,0.002112768
740368,0.000153856
740444,0.000214528
740445,0.000729856
740475,0.000115968
740529,4.6848e-05
740555,2.56e-05
740561,8.3968e-05
740588,0.000329216
740612,0.000141568
740639,1.2544e-05
740649,0.000104192
740688,0.000322816
740721,0.000207104
740755,9.3696e-05
740762,0.001561088
740776,0.000991232
740803,0.001581824
740891,0.000502272
740918,0.000394496
740959,5.888e-05
740968,0.002284032
741008,0.001186048
741059,6.9376e-05
741064,0.000903424
741067,0.000882688
741106,7.7312e-05
741113,0.001137152
741150,0.000236288
741174,0.000515328
741214,0.000246016
741243,7.936e-06
741246,0.000129536
741252,0.00043264
741303,9.472e-05
741325,0.000146688
741341,0.000290048
741357,8.704e-06
741371,0.001423872
741373,0.01322624
741450,0.000556544
741507,0.000194048
741512,0.00025216
741537,0.00028416
741569,0.000404736
741574,0.00045696
741577,0.000731904
741592,0.00049152
741668,0.000107264
741692,7.936e-06
741708,0.00042112
741766,3.2e-05
741790,0.000395264
741806,0.001711616
741817,0.003335936
741853,0.000109568
741864,8.4224e-05
741881,7.424e-06
741894,0.000169472
741937,0.001267712
741975,0.000399616
742040,2.304e-06
742052,4.6592e-05
742064,2.5856e-05
742115,0.00050176
742120,0.001870592
742164,0.000201472
742215,0.000866304
742239,0.000236032
742285,8.448e-06
742377,0.000850176
742423,0.000113664
742516,6.784e-05
742545,1.9456e-05
742570,0.0006528
742602,0.000473344
742620,0.000544768
742647,0.00083584
742662,0.000927488
742718,0.000145664
742747,9.344e-05
742753,0.000411136
742792,5.632e-06
742812,0.00024704
742823,0.000218624
742857,7.936e-06
742870,0.000623104
742904,0.000524288
742939,0.0008192
742967,0.000387584
743014,1.024e-05
743033,0.000285184
743071,1.9712e-05
743074,0.000158976
743115,0.000169472
743156,0.001003008
743172,0.000477952
743210,2.7392e-05
743232,0.000544256
743283,0.001224448
743307,0.000118016
743323,0.001229312
743355,5.9392e-05
743421,1.3056e-05
743451,6.912e-06
743485,7.7824e-05
743511,0.000950016
743562,0.001700096
743616,0.00104448
743655,0.00084992
743671,0.000400128
743673,5.9392e-05
743706,0.000462592
743720,0.000179456
743749,0.000822016
743772,0.000123136
743820,0.000447744
743842,0.000870912
743851,0.000966912
743875,0.000991232
743913,1.28e-06
743944,0.000177152
743952,2.9952e-05
743973,0.000220672
743986,0.000209152
744003,0.000140544
744010,0.000146688
744045,0.000660992
744069,0.000416768
744082,0.000166144
744113,0.000217856
744120,7.68e-07
744127,0.000523776
744139,8.2432e-05
744155,0.00083968
744214,0.000490496
744274,0.00026368
744324,0.00034944
744339,0.001182208
744368,0.000210688
744395,6.8864e-05
744467,8.192e-06
744500,0.000138752
744554,0.000229632
744570,0.001666816
744613,0.00020864
744633,0.000282112
744646,0.0028992
744663,0.000695296
744689,8.9856e-05
744721,3.8144e-05
744730,1.3568e-05
744748,0.003447808
744811,0.000103168
744813,0.00061696
744821,4.608e-06
744835,9.3696e-05
744867,0.000612096
744882,0.000285696
744906,0.000134144
744934,0.00072064
744939,0.001216256
744971,8.2944e-05
744991,0.000898048
745002,0.00507776
745021,0.000145664
745038,0.000102912
745057,0.00037888
745078,0.000338688
745106,2.8416e-05
745119,8.9856e-05
745160,3.2e-05
745207,8.2944e-05
745241,0.000164608
745277,5.12e-05
745285,0.001776128
745310,0.000387584
745343,0.000103168
745350,0.000505344
745368,0.000315392
745391,1.8176e-05
745402,4.4032e-05
745426,3.2768e-05
745438,0.000278528
745458,1.3568e-05
745492,5.888e-05
745503,7.424e-05
745543,0.000437504
745545,0.005135104
745574,0.000802304
745598,5.888e-06
745602,0.001014528
745605,0.000409856
745638,0.000497152
745661,6.912e-05
745669,0.00075008
745705,0.000146176
745724,0.000920832
745789,0.000183296
745800,7.9872e-05
745864,3.3792e-05
745881,5.376e-06
745884,0.000455424
745954,0.000265728
745998,0.00012672
746005,0.00023936
746012,5.632e-05
746047,3.2256e-05
746068,3.2768e-05
746088,7.7568e-05
746128,0.000223232
746168,0.001505792
746212,6.7328e-05
746250,0.000192256
746254,0.000516864
746291,3.0208e-05
746309,0.000198656
746340,0.00010624
746370,0.001003264
746376,6.0672e-05
746395,5.0944e-05
746453,4.608e-06
746469,2.816e-05
746498,0.000166656
746526,0.000320512
746571,0.000185856
746582,0.003870464
746622,0.000691712
746670,0.000313856
746706,0.000830976
746729,2.6624e-05
746743,0.000312064
746773,0.004196096
746859,6.0416e-05
746883,0.000231936
746917,0.000136448
746998,0.000920832
747035,0.000165632
747075,1.28e-06
747084,3.584e-05
747125,0.000809472
747169,0.00077056
747206,0.001519872
747268,1.792e-06
747279,9.8048e-05
747324,2.5856e-05
747359,0.000348928
747372,0.000233216
747386,4.1984e-05
747387,0.002067456
747414,6.7584e-05
747441,0.000732672
747470,0.000425216
747499,0.000167168
747518,0.000106496
747525,0.001368576
747575,0.000544256
747645,0.000571648
747691,0.000516096
747730,2.432e-05
747764,0.00017152
747785,2.3552e-05
747808,0.00017792
747823,1.7408e-05
747829,3.3024e-05
747864,2.6112e-05
747868,0.000120064
747908,0.000141824
747945,4.7872e-05
747949,0.000156928
747966,9.216e-06
747983,0.002039808
748062,0.000100608
748066,1.5872e-05
748077,0.000120832
748083,0.000552704
748111,7.1168e-05
748143,9.984e-06
748159,5.6832e-05
748183,8.448e-06
748186,0.00105344
748220,8.4736e-05
748230,0.000202496
748270,2.0992e-05
748296,0.001024256
748315,0.000242176
748322,1.5616e-05
748335,0.000361984
748358,0.000252928
748395,0.003453184
748420,3.2512e-05
748447,0.000227072
748475,0.0007168
748512,3.4048e-05
748530,0.000122112
748543,0.000200192
748559,0.000153088
748561,3.1488e-05
748584,0.000480768
748596,0.002025216
748653,0.000225024
748658,0.000453376
748721,0.0001152
748735,2.7392e-05
748766,6.8608e-05
748795,0.000241408
748805,0.000486912
748866,4.6592e-05
748892,0.001995264
748915,0.002795008
748961,0.000557056
748975,0.00106752
748991,0.00017152
749019,0.000234752
749042,0.00116096
749062,0.000340992
749070,0.000575232
749111,5.4528e-05
749115,0.000285696
749128,0.00076672
749166,6.6304e-05
749197,1.0752e-05
749203,3.584e-05
749228,0.000443648
749234,6.4e-06
749300,0.0003712
749308,0.000108032
749326,3.3536e-05
749365,0.000133888
749385,0.000120576
749396,7.6544e-05
749435,0.000141312
749471,9.4208e-05
749500,9.8048e-05
749507,3.072e-06
749521,0.001205248
749534,1.6384e-05
749575,0.000110336
749580,0.00036224
749589,0.000849152
749624,0.000279552
749650,0.000319744
749685,9.472e-06
749713,2.2528e-05
749718,0.00043008
749769,4.9152e-05
749776,0.010395648
749836,0.00011264
749866,0.000296192
749878,1.9712e-05
749933,2.2528e-05
749964,3.6352e-05
749978,2.176e-05
749993,0.00012928
750013,0.000533248
750020,8.9344e-05
750029,5.376e-05
750031,8.32e-05
750063,3.8144e-05
750087,3.2512e-05
750098,0.000250112
750152,0.000459264
750192,0.000359936
750193,0.00102656
750238,0.000301056
750299,0.000477184
750344,0.000118528
750357,8.192e-06
750462,0.000700928
750480,0.000155136
750483,0.000174336
750536,1.7664e-05
750542,0.000132352
750560,0.000188672
750566,2.4832e-05
750607,4.2496e-05
750662,0.000991744
750678,4.736e-05
750703,0.000521728
750714,0.000223488
750719,0.00059008
750736,0.00026624
750825,0.000178432
750834,8.9344e-05
750853,3.3536e-05
750871,0.00021888
750900,1.9968e-05
750908,5.6832e-05
750934,0.000746496
750961,0.000140032
751015,2.688e-05
751043,1.8176e-05
751059,1.9456e-05
751097,0.00063104
751134,0.00071936
751149,0.00023936
751164,2.304e-05
751210,0.00016512
751223,0.000300032
751244,0.000887552
751286,3.5584e-05
751360,2.048e-06
751369,0.000295424
751370,0.000738048
751385,0.001274624
751398,0.000315392
751456,0.00067968
751481,0.000123392
751503,2.6112e-05
751526,0.000445184
751551,0.000657408
751589,0.000237824
751599,0.000863232
751665,0.000713728
751680,0.000196864
751712,1.9456e-05
751735,2.56e-06
751775,0.00013056
751780,5.8624e-05
751792,2.1248e-05
751814,3.328e-06
751830,2.56e-05
751927,0.000417024
751986,1.7408e-05
752027,0.000189696
752093,7.424e-06
752105,1.9456e-05
752138,2.0224e-05
752166,2.3808e-05
752171,0.00199936
752244,0.000579072
752248,0.002207488
752285,0.000113408
752295,0.000688128
752334,0.002410752
752366,8.6272e-05
752393,2.9184e-05
752399,0.000809472
752422,0.00036352
752446,9.7024e-05
752462,4.736e-05
752468,0.000211712
752513,3.84e-06
752518,0.000260608
752546,0.000215552
752597,5.3504e-05
752615,0.000433152
752635,0.001021696
752672,7.0144e-05
752682,0.000570624
752696,0.000275456
752713,0.000263168
752720,0.00025344
752769,3.2e-05
752775,0.000142336
752786,2.6624e-05
752822,0.000375296
752869,0.000156928
752886,0.00010496
752892,0.000187648
752912,9.8304e-05
752918,0.000508928
752949,3.712e-05
753010,8.448e-06
753045,0.000137472
753088,2.3552e-05
753094,0.000443648
753124,0.0005888
753137,8.6784e-05
753178,0.00028288
753202,0.001764352
753215,5.3248e-05
753245,0.000114688
753253,1.8176e-05
753258,0.002957824
753289,0.001247744
753319,0.0012608
753324,0.003541248
753356,0.001549824
753419,1.4848e-05
753420,0.000542976
753471,2.048e-06
753481,0.000451072
753534,0.000149248
753553,0.000466432
753561,0.001305856
753626,1.8944e-05
753665,0.000193536
753681,0.000724224
753717,7.7312e-05
753733,1.152e-05
753737,1.8176e-05
753746,7.0912e-05
753786,0.000131328
753825,5.376e-05
753826,0.00041344
753858,0.000492288
753893,0.000892416
753922,0.000221184
753935,0.000688384
753969,0.010147328
754012,0.000421888
754053,5.8368e-05
754063,0.00013184
754099,0.000295936
754138,1.9456e-05
754157,0.00027136
754215,3.3536e-05
754218,0.0001408
754230,2.2528e-05
754263,0.00022016
754344,2.7136e-05
754358,0.002056192
754416,2.7904e-05
754429,0.000301824
754437,0.000274944
754438,0.003604736
754490,0.0001856
754544,7.5776e-05
754564,0.000157696
754590,0.000230912
754627,3.8144e-05
754634,0.000219392
754644,9.4208e-05
754668,5.888e-06
754677,1.3824e-05
754703,2.8672e-05
754731,3.7632e-05
754735,0.000393728
754768,0.001165312
754787,0.000158208
754821,5.12e-07
754822,0.00057344
754877,0.000329472
754936,7.424e-06
754938,5.504e-05
754947,0.000508928
754966,3.8144e-05
754991,0.001426176
755017,0.00015232
755062,1.664e-05
755065,0.000919296
755099,2.176e-05
755132,9.5232e-05
755158,0.000148736
755166,0.000604672
755175,0.001182976
755195,7.5008e-05
755205,0.001470208
755251,3.5072e-05
755277,2.56e-06
755336,0.000443648
755397,2.6368e-05
755425,0.000620288
755464,4.8896e-05
755466,0.000536064
755524,0.000133888
755530,0.000174848
755534,0.001310208
755631,1.28e-06
755641,9.4464e-05
755660,0.000444928
755694,0.00073728
755730,2.2016e-05
755770,0.002785536
755774,0.004038656
755854,0.000194304
755864,0.000949504
755881,0.000347136
755908,0.00040448
755940,2.6624e-05
755959,0.000139264
755964,2.816e-05
755974,0.000197376
755997,0.001665792
756060,0.00030464
756073,1.28e-05
756074,0.000198656
756110,0.000267776
756147,8.4992e-05
756153,0.002247936
756212,7.8592e-05
756237,0.000141056
756286,6.9888e-05
756328,1.5616e-05
756357,0.000419072
756381,9.216e-06
756408,0.000148736
756462,2.048e-06
756485,2.688e-05
756488,9.3952e-05
756489,0.000141568
756505,8.5504e-05
756511,0.000915456
756554,0.000291328
756563,1.9456e-05
756587,9.0624e-05
756617,2.4064e-05
756654,7.3472e-05
756658,3.328e-06
756662,0.000142848
756678,0.000320768
756721,0.000681472
756776,1.8176e-05
756830,0.000266752
756840,0.000349952
756845,0.002959616
756888,0.000780032
756897,7.808e-05
756907,0.000949248
756923,0.0002816
756932,7.4496e-05
756973,4.352e-05
756976,0.000111872
756995,0.000103936
756998,0.0008064
757034,0.000114176
757052,0.00055936
757079,9.984e-06
757145,3.2256e-05
757155,0.000215808
757164,2.4064e-05
757196,0.000782848
757229,0.00034048
757230,0.002034944
757276,0.000510464
757303,4.9152e-05
757351,0.00260992
757366,0.000506368
757391,0.000125952
757461,0.000550656
757481,6.272e-05
757485,0.000148736
757495,0.000908544
757568,0.000123904
757570,4.8896e-05
757597,2.0992e-05
757634,0.000743424
757658,0.000294656
757683,0.000717568
757748,1.0496e-05
757771,2.176e-05
757783,0.001729536
757799,0.000940544
757833,0.000139008
757849,4.1728e-05
757857,0.000407552
757922,0.000315904
758023,0.000561408
758045,3.6608e-05
758061,0.000262912
758100,0.00023424
758122,2.816e-05
758133,2.7648e-05
758171,3.8912e-05
758197,0.000270336
758202,0.000328192
758239,6.144e-06
758256,0.000873216
758289,1.92e-05
758311,2.5088e-05
758322,0.0002048
758365,0.001596672
758423,2.944e-05
758431,5.888e-06
758471,1.792e-06
758476,0.00010112
758510,0.001508096
758587,0.001054976
758603,3.4048e-05
758644,9.984e-06
758651,6.4e-06
758694,0.001316096
758737,9.6768e-05
758767,9.088e-05
758807,0.000338176
758877,0.000212224
758889,0.000481024
758900,0.000359424
758945,4.48e-05
759018,0.000187648
759020,0.000160512
759038,0.00014464
759101,4.864e-06
759125,8.1664e-05
759129,0.005505792
759210,0.001021696
759245,0.000104192
759272,0.000155136
759289,0.000251392
759341,0.000553984
759357,0.000184064
759366,0.003142912
759458,0.000524288
759482,0.000169984
759495,0.0001152
759511,5.888e-05
759518,0.000686336
759568,3.328e-06
759571,0.000462848
759605,0.000480256
759620,0.00014464
759648,3.7632e-05
759702,3.712e-05
759717,0.000485376
759718,0.00025856
759758,1.8944e-05
759793,0.000122112
759804,0.000909056
759818,0.000394752
759826,0.000254464
759867,0.000286464
759880,0.000137728
759886,0.002185216
759899,0.001921792
759941,0.000305152
759952,0.0001792
759995,5.12e-07
760015,0.000151296
760080,0.000120576
760097,8.8576e-05
760145,0.001101568
760172,0.000683264
760178,0.000127744
760214,0.000321792
760245,1.3056e-05
760254,0.000201728
760270,8.448e-05
760276,9.4208e-05
760321,4.0192e-05
760338,0.00016
760371,8.064e-05
760376,0.000303616
760433,0.00072064
760456,0.00025344
760474,0.00055808
760516,3.1232e-05
760533,0.000397568
760541,0.000113664
760561,0.000301568
760590,0.000545792
760636,0.000772864
760677,0.00030336
760713,0.000478464
760715,0.000148736
760745,0.000408064
760751,5.4528e-05
760795,0.000199168
760822,5.2736e-05
760824,5.248e-05
760834,0.000598784
760847,0.0009472
760908,4.864e-06
760916,1.9456e-05
760934,0.000182272
760940,0.001400832
760964,0.00071552
760995,0.000129536
761005,0.000820224
761028,0.006061056
761030,0.001656832
761037,0.00712192
761158,0.0005056
761170,0.00082688
761197,0.0007616
761213,0.000702464
761270,0.000604928
761289,0.0002304
761318,0.000379904
761363,0.000235776
761381,0.000743168
761385,0.00154368
761391,0.000877568
761422,0.000119808
761426,0.000635648
761493,0.000523008
761508,0.002181632
761527,8.7808e-05
761554,0.000987648
761676,0.000177664
761680,0.000275456
761727,0.000845312
761767,6.5792e-05
761772,0.00109056
761807,0.000546816
761852,0.000314624
761875,3.2256e-05
761877,6.6048e-05
761895,0.000496128
761896,0.000503552
761903,0.00196352
761922,0.000594432
761951,0.000356096
761970,0.000603392
761990,0.000108544
761993,0.000529408
762024,2.6624e-05
762025,0.000291584
762064,0.000482816
762112,3.584e-06
762144,0.0008064
762222,5.376e-06
762230,0.000389376
762277,0.000707328
762355,0.000337664
762383,7.7312e-05
762416,2.2528e-05
762471,0.000203008
762542,0.00052736
762568,9.5232e-05
762582,3.7888e-05
762612,3.584e-06
762632,2.7136e-05
762647,0.000211456
762657,9.0624e-05
762702,0.000237312
762756,0.000506368
762781,9.4208e-05
762817,1.7664e-05
762830,0.001001472
762898,4.352e-05
762899,0.000824576
762907,0.000124928
762912,0.001674752
762957,0.000525312
762970,5.76e-05
763013,0.0003008
763014,0.000125952
763047,0.000652544
763102,0.001312256
763171,0.001543168
763214,0.00018432
763221,0.00071808
763242,0.000794368
763276,0.000475648
763320,4.5056e-05
763368,7.5776e-05
763391,0.000142336
763433,0.000868864
763506,4.4032e-05
763525,9.2928e-05
763546,0.000138496
763568,2.432e-05
763574,8.448e-06
763654,4.7616e-05
763675,5.9904e-05
763690,0.00028672
763740,3.6096e-05
763791,1.8432e-05
763808,8.704e-06
763869,5.12e-06
763885,0.000231424
763911,4.2752e-05
763970,0.000812288
764011,0.001212416
764029,0.000402688
764069,0.00037248
764120,0.000558592
764122,0.000583168
764173,7.04e-05
764212,0.000504832
764219,0.00070784
764238,2.8416e-05
764261,0.000286464
764310,0.000359168
764346,0.000529664
764382,0.000998656
764459,0.001057536
764534,1.7408e-05
764548,0.000104448
764573,7.2704e-05
764605,2.4064e-05
764624,1.9968e-05
764646,3.8912e-05
764667,2.5344e-05
764681,0.000530176
764691,0.000545536
764714,0.000219136
764749,8.1152e-05
764777,6.528e-05
764826,1.28e-06
764874,0.000379136
764998,1.664e-05
765005,4.4288e-05
765009,8.8064e-05
765048,3.456e-05
765127,4.6848e-05
765138,0.000804864
765213,3.3536e-05
765241,0.000549376
765356,0.000238336
765367,4.608e-05
765401,3.968e-05
765477,1.6128e-05
765482,0.000723968
765516,8.192e-06
765530,0.000157184
765554,0.000111616
765642,2.304e-05
765653,1.1008e-05
765678,0.000162048
765703,2.8928e-05
765779,0.000108544
765817,0.00024832
765869,1.664e-05
765916,0.001776896
765965,4.4288e-05
765967,0.0010624
766036,1.9968e-05
766061,0.000329728
766112,0.00022912
766128,0.00139392
766178,0.000283392
766220,3.6352e-05
766300,0.000130304
766304,0.00060672
766464,6.912e-06
766484,4.0192e-05
766486,5.12e-07
766520,3.2768e-05
766538,0.000700928
766569,0.001836032
766619,0.00029056
766655,8.7296e-05
766691,3.7632e-05
766803,2.816e-06
766808,0.000170752
766854,0.00059392
766877,5.632e-06
766955,7.68e-07
766958,0.000357632
767060,4.864e-05
767088,0.001301248
767131,0.000142592
767169,0.000111104
767203,0.000241152
767206,0.000290304
767243,0.0021888
767292,0.00023552
767341,6.912e-06
767399,0.00043264
767452,2.8928e-05
767516,0.000475904
767562,0.000932608
767599,0.000128256
767609,0.000365824
767666,0.000104448
767689,9.4208e-05
767755,5.8624e-05
767768,0.000694528
767863,0.000168704
767899,0.00010496
767917,0.00193664
767933,0.00086528
768025,4.9408e-05
768027,9.472e-05
768037,0.000508672
768076,2.8928e-05
768115,0.000239616
768150,3.7376e-05
768200,0.002758656
768239,0.001446656
768285,0.000147712
768296,0.000275968
768305,2.4832e-05
768332,0.000220928
768367,0.000121344
768391,0.000274944
768447,4.992e-05
768469,7.6544e-05
768505,6.9632e-05
768525,0.000112896
768540,2.2528e-05
768570,1.9456e-05
768579,5.1968e-05
768652,0.000683008
768725,6.6304e-05
768728,3.8912e-05
768820,4.1728e-05
768871,0.000196608
768916,9.5488e-05
768929,0.0001856
768957,0.000824064
768976,4.7104e-05
769016,6.144e-06
769017,5.376e-05
769020,0.000177408
769026,0.000117248
769124,0.000598272
769241,1.536e-06
769268,7.68e-07
769300,0.000401152
769311,7.8592e-05
769381,0.000191232
769455,1.28e-06
769461,3.5584e-05
769495,4.736e-05
769507,3.2768e-05
769521,8.2944e-05
769522,0.000430592
769602,0.000266496
769697,8.064e-05
769699,8.6272e-05
769711,6.784e-05
769734,0.00016
769786,5.7344e-05
769789,0.00025216
769808,4.5568e-05
769815,0.00112768
769847,0.000896512
769905,9.472e-06
769918,0.00011392
769969,0.000966144
770034,0.000105984
770077,3.4304e-05
770117,0.000593152
770142,0.000192256
770160,0.000219904
770167,0.00025088
770168,7.936e-06
770208,1.7408e-05
770232,2.7392e-05
770293,0.00022144
770320,0.00058112
770349,0.000694528
770386,2.3552e-05
770416,6.272e-05
770422,5.6064e-05
770460,0.000411136
770476,0.000357376
770549,2.304e-05
770555,0.000287744
770586,0.000374016
770637,1.28e-06
770651,0.000251392
770691,1.0496e-05
770739,3.2256e-05
770769,0.00011904
770787,0.000156672
770805,0.000125952
770891,0.000123904
770939,0.000773376
770954,0.00011776
770972,0.000857088
770983,0.000283648
771003,7.8592e-05
771047,9.1904e-05
771056,7.296e-05
771090,5.632e-05
771102,6.7328e-05
771108,0.000633088
771124,0.00072448
771164,0.00104576
771225,8.2432e-05
771236,4.864e-06
771239,0.000536576
771322,9.728e-06
771341,1.6128e-05
771366,9.472e-05
771373,0.003309824
771416,2.7648e-05
771455,1.3568e-05
771515,5.376e-06
771528,1.1008e-05
771615,1.3824e-05
771622,0.00014976
771626,0.000331264
771645,6.4e-06
771678,7.424e-06
771702,4.3776e-05
771770,4.9664e-05
771799,5.8368e-05
771834,2.56e-07
771902,0.000368384
771920,0.000120064
771971,0.000636928
772003,0.000111616
772015,9.4976e-05
772022,0.000114944
772054,0.000489472
772071,0.000509184
772164,4.224e-05
772194,0.00059136
772208,0.0001408
772308,9.728e-05
772325,0.000511488
772360,0.000715776
772386,1.536e-05
772415,6.4e-06
772471,0.000115968
772490,0.00039552
772497,0.000616448
772526,0.000836096
772548,0.001392896
772569,0.000940288
772595,0.000232192
772657,6.912e-05
772714,4.5312e-05
772739,1.3824e-05
772804,1.4336e-05
772810,0.001155072
772864,0.000188672
772910,7.2192e-05
772950,0.000776704
773048,0.000121344
773077,0.000134144
773124,0.000100608
773166,5.9392e-05
773187,4.48e-05
773195,0.000104448
773196,9.7536e-05
773235,7.168e-06
773287,0.000342784
773340,1.664e-05
773354,0.000123392
773386,1.0752e-05
773482,0.000166912
773524,2.816e-06
773545,0.000508928
773578,1.2032e-05
773626,0.00070656
773699,0.000211968
773716,9.1392e-05
773760,0.000192
773767,0.001790208
773806,0.000914176
773811,0.000128768
773879,0.000199424
773924,0.000122112
773940,0.000116736
773953,0.000204288
773994,3.584e-06
774032,0.000157696
774069,0.000101632
774093,0.000166144
774110,7.0912e-05
774132,0.000369152
774143,0.000797184
774204,2.3296e-05
774241,3.8912e-05
774287,1.3312e-05
774307,0.001311744
774343,1.4336e-05
774361,0.001825792
774413,3.6096e-05
774450,0.00058752
774501,0.000442624
774533,2.6368e-05
774569,1.792e-05
774639,0.000165376
774667,5.888e-06
774677,5.5296e-05
774685,0.000687616
774795,8.6784e-05
774804,0.000980224
774832,0.000143872
774869,5.632e-06
774907,0.00102272
774969,0.000387584
775011,0.000224
775027,1.792e-06
775036,0.000359936
775075,0.000547328
775107,0.000102656
775149,0.000241664
775174,0.000184832
775188,0.00036096
775291,9.984e-05
775306,0.000146944
775317,0.000308224
775362,1.408e-05
775366,1.0752e-05
775465,4.3264e-05
775477,0.000204288
775519,0.000890368
775565,6.4512e-05
775574,0.00052608
775617,0.000104192
775681,6.3232e-05
775711,5.632e-06
775736,0.000192
775760,4.096e-05
775778,9.8304e-05
775808,5.4272e-05
775824,0.000276992
775827,0.000154624
775919,0.00022784
775968,1.2032e-05
775972,9.472e-06
776025,1.8176e-05
776041,0.00047488
776077,5.12e-07
776082,3.2e-05
776104,0.000178176
776148,1.1008e-05
776170,2.4832e-05
776247,3.8656e-05
776260,6.656e-06
776329,0.000250112
776373,0.000150272
776399,2.048e-05
776464,0.000204544
776506,0.000125696
776524,0.001148416
776548,0.000438016
776600,6.784e-05
776621,6.6304e-05
776671,5.0176e-05
776677,3.584e-05
776733,2.2272e-05
776773,1.152e-05
776815,0.000118528
776852,7.0144e-05
776919,0.000156672
776955,1.5616e-05
776978,3.3792e-05
777058,0.000642816
777068,1.3312e-05
777092,0.000137216
777148,7.9104e-05
777172,1.9456e-05
777173,0.000276736
777209,0.00010368
777223,0.000458752
777258,0.001648384
777362,0.00011392
777377,0.000137472
777388,0.000366592
777449,5.376e-06
777455,8.192e-06
777482,8.448e-06
777503,5.0432e-05
777604,1.024e-06
777631,8.192e-06
777658,1.0752e-05
777683,0.004080896
777728,0.000322816
777768,0.000347136
777804,2.048e-05
777834,9.472e-06
777835,0.000304128
777927,0.001053952
777974,9.7792e-05
777984,0.00023296
778028,8.448e-06
778078,8.96e-06
778109,0.000972544
778133,9.984e-06
778162,2.6624e-05
778216,4.5312e-05
778221,2.2272e-05
778227,5.7856e-05
778260,0.000155392
778289,2.9952e-05
778299,9.984e-06
778309,5.504e-05
778318,7.7824e-05
778359,2.4064e-05
778457,6.912e-06
778503,0.000228096
778516,0.000531968
778526,2.944e-05
778566,4.864e-06
778581,0.000164864
778650,7.0656e-05
778652,8.4224e-05
778686,1.6384e-05
778722,1.8432e-05
778777,5.0176e-05
778788,0.0001344
778818,9.2928e-05
778837,0.001027072
778842,0.000112384
778860,0.003851008
778925,0.00176384
778954,0.000385024
778984,0.000423168
779016,0.00068608
779039,0.001298432
779055,0.000578048
779120,2.7136e-05
779145,0.002429184
779168,0.000163584
779176,0.000142848
779294,0.000823296
779338,4.3776e-05
779378,0.00019456
779383,0.001805312
779416,0.000130816
779430,0.000232448
779440,0.000516096
779468,0.000237056
779477,0.000109056
779524,3.7888e-05
779577,2.56e-05
779597,3.0208e-05
779617,0.000490752
779650,0.000346112
779697,0.000663296
779705,0.000468736
779726,0.000314368
779747,6.6048e-05
779757,0.00020224
779767,0.000137472
779771,0.000156416
779798,0.00011648
779829,0.000592128
779871,7.68e-06
779883,0.001076224
779906,0.000576256
779927,0.000196864
779947,5.632e-06
779967,0.000404224
779980,8.448e-06
779993,0.001167104
780007,0.000268544
780027,7.1168e-05
780037,0.00023552
780057,0.000255744
780087,0.001542656
780136,5.3504e-05
780137,6.5024e-05
780147,0.000157952
780157,2.688e-05
780167,0.000209664
780187,0.000356096
780217,0.00045056
780237,0.000398592
780247,0.000498688
780257,6.4512e-05
780267,0.00074112
780287,3.4304e-05
780307,0.000308224
780317,0.0002496
780327,0.000246272
780351,0.000553472
780377,0.00023936
780397,0.000350464
780427,0.000452096
780437,0.000397824
780447,0.000275712
780457,0.000340224
780467,3.5584e-05
780477,0.000237312
780497,0.000323584
780527,1.2032e-05
780537,0.000224
780547,0.000180224
780567,0.000287488
780579,4.736e-05
780587,0.000616192
780607,0.000741632
780657,0.000100096
780677,0.000129024
780682,0.000880384
780734,0.000228096
780776,0.000457984
780799,0.000455168
780821,1.9712e-05
780856,0.000232704
780867,0.000733696
780908,4.352e-06
780913,0.00046848
780967,9.728e-05
780969,0.000536576
780971,0.001528576
781026,0.0001728
781068,0.001235968
781098,0.000188416
781113,5.376e-06
781120,0.000374528
781145,0.000166912
781208,0.000596736
781263,0.000499456
781312,0.00132224
781337,0.000853504
781392,2.5088e-05
781398,0.000573184
781415,0.000356096
781436,0.000116992
781472,0.000804352
781487,0.001623296
781538,0.000830208
781548,0.000368896
781577,8.8064e-05
781603,6.3744e-05
781633,0.00068352
781657,0.00040576
781706,1.408e-05
781720,0.000484864
781741,0.00011648
781779,0.000259328
781790,0.000120576
781792,0.001526272
781858,0.000258816
781940,0.001103104
782007,2.3552e-05
782009,1.2032e-05
782014,0.000178176
782035,0.000308992
782087,1.7152e-05
782102,0.003304192
782150,0.001025024
782163,1.024e-05
782232,0.002411264
782253,0.000493312
782308,0.000122368
782312,0.000266496
782323,2.304e-06
782338,0.000507904
782388,0.000129536
782402,0.000242944
782420,5.12e-05
782501,4.096e-06
782507,0.00019968
782508,0.000308992
782511,0.000389888
782532,9.2928e-05
782544,0.000283392
782557,0.000328448
782560,1.792e-06
782575,0.000229376
782631,0.000253952
782669,3.2512e-05
782704,8.704e-06
782730,2.56e-06
782732,0.000332288
782750,0.000341504
782772,6.7072e-05
782791,0.000452608
782864,1.152e-05
782865,0.000596736
782893,0.000131072
782936,3.5072e-05
782963,4.2752e-05
782987,0.0028288
783054,0.000105728
783081,4.352e-06
783090,0.000662784
783133,3.328e-05
783160,0.000557312
783173,9.4976e-05
783251,0.000128
783259,0.000264704
783299,0.000895744
783322,0.000910592
783396,0.000511744
783428,0.00012544
783466,0.000951296
783490,0.001004288
783526,4.864e-05
783552,3.5584e-05
783579,0.000452352
783660,0.000157696
783666,0.001681664
783718,0.000167424
783726,0.000327936
783789,2.304e-06
783793,3.7888e-05
783798,0.000262656
783847,0.000271104
783888,1.6896e-05
783890,0.00070016
783951,0.000996864
783970,0.000898816
784003,0.000951552
784049,0.001569792
784123,0.000550144
784151,3.84e-06
784175,0.000482304
784224,4.0704e-05
784233,0.000319232
784300,0.000150784
784336,0.000176896
784350,0.000646656
784370,0.000443904
784408,1.3568e-05
784423,1.1264e-05
784457,0.00043648
784485,0.000738816
784556,0.000505088
784571,0.000145408
784576,0.00018432
784618,0.001060608
784671,4.1216e-05
784684,0.000458752
784694,0.000357376
784738,0.000214528
784786,0.000223232
784843,0.000261888
784896,0.00025344
784900,0.000249344
784958,1.024e-05
785011,0.00016896
785030,1.8688e-05
785057,0.000115456
785060,6.8608e-05
785088,2.56e-07
785146,2.688e-05
785168,0.000110848
785172,2.1248e-05
785265,7.168e-06
785313,0.000132352
785350,0.000475392
785366,2.944e-05
785381,6.5536e-05
785392,0.000129024
785454,0.000766208
785465,6.3488e-05
785476,0.000259072
785508,2.5344e-05
785576,0.000485376
785578,0.000397312
785592,0.00055552
785648,0.00046848
785702,0.00061568
785751,0.000214272
785770,8.1408e-05
785795,6.8864e-05
785810,0.000833792
785857,5.248e-05
785861,0.000143872
785879,0.000576512
785903,0.000329472
785929,0.000372736
785971,0.000164352
785982,0.00048512
786035,0.000501248
786041,0.00014848
786067,3.0464e-05
786109,3.0976e-05
786131,4.5056e-05
786134,0.00021504
786153,0.000324096
786183,2.816e-06
786191,0.000652032
786202,7.424e-05
786232,0.000679168
786243,1.9968e-05
786260,0.000274176
786275,2.816e-05
786319,0.000376064
786321,0.000217344
786357,3.8144e-05
786369,0.000129024
786392,0.000888064
786433,5.3248e-05
786470,0.0004224
786487,0.000581888
786508,0.000251904
786547,0.000136192
786548,0.00108672
786553,0.000121856
786602,0.000100864
786623,0.000323584
786661,0.00070656
786677,0.00010112
786690,0.000344832
786726,2.2528e-05
786734,0.000716288
786761,0.000630528
786784,2.6624e-05
786787,0.000160256
786797,0.003002112
786813,4.4032e-05
786826,0.000157952
786865,0.000943872
786876,5.8624e-05
786896,0.000756992
786930,0.000139776
786938,6.8608e-05
786967,0.000240384
786986,0.000104448
787005,0.000625664
787009,0.00026496
787079,1.8944e-05
787083,0.00010368
787120,0.000130816
787146,8.6272e-05
787165,6.656e-06
787167,0.00057088
787199,3.5584e-05
787223,0.000956928
787259,0.00155264
787267,8.704e-06
787325,0.000118016
787334,0.0006336
787350,0.00209536
787378,0.002994432
787412,9.5744e-05
787424,0.000303872
787450,0.000370176
787499,0.001337344
787517,0.000520704
787540,0.000455936
787581,3.4048e-05
787599,0.000125696
787601,0.000503808
787651,0.000452864
787679,0.000512
787688,0.003267072
787742,0.001313536
787769,0.005401344
787831,0.00048512
787849,0.000260864
787863,0.000459776
787876,1.0496e-05
787897,0.000109824
787905,4.8384e-05
787919,5.0176e-05
787929,0.000420352
787930,0.0011712
787947,0.000439296
787997,0.000941824
788009,0.000283904
788035,0.000801792
788040,6.6816e-05
788120,1.9456e-05
788134,0.000166144
788140,0.000306944
788164,0.002149376
788241,0.000182784
788255,0.000150528
788308,9.2928e-05
788324,0.001381376
788356,7.552e-05
788357,0.002215424
788391,0.00030208
788433,0.001645312
788449,0.000425472
788501,8.9856e-05
788513,0.00016256
788518,0.000205824
788553,1.2544e-05
788581,0.000135424
788595,7.8592e-05
788605,0.000281856
788656,0.000121088
788667,8.448e-06
788680,7.9872e-05
788724,0.000182272
788753,0.001094656
788763,0.000249856
788801,0.00016128
788826,2.7904e-05
788878,3.7888e-05
788895,0.000473088
788944,2.304e-06
788966,0.00287616
788992,0.00054144
789011,0.000132096
789020,5.1456e-05
789047,0.000272128
789057,0.000171008
789154,0.000729088
789170,1.1264e-05
789195,0.00115072
789260,5.12e-07
789269,0.000972544
789281,0.000458752
789287,0.000879616
789325,0.001786368
789349,0.000297472
789356,0.000480256
789396,0.00027904
789425,0.000114944
789426,0.001031424
789455,5.9136e-05
789497,1.3312e-05
789520,0.000189952
789521,0.001021184
789562,0.0002048
789565,0.000306432
789604,0.000991744
789606,0.001295872
789644,0.000102656
789666,0.000686336
789691,7.9616e-05
789722,1.4592e-05
789729,7.5776e-05
789734,0.00068352
789737,0.00233728
789787,0.000206848
789849,5.888e-06
789888,0.0008256
789914,1.2288e-05
789944,0.000211456
789965,0.000658432
789970,0.000924928
790029,0.000199424
790100,1.6384e-05
790116,0.000701184
790161,0.000407296
790165,0.000789248
790186,0.000513024
790218,0.000428288
790260,5.4784e-05
790324,0.000286464
790337,6.784e-05
790364,7.1424e-05
790406,6.4e-05
790439,0.0001088
790448,0.000381184
790514,2.5344e-05
790528,0.000425984
790550,0.000107776
790567,0.000104704
790597,0.00039424
790648,9.1648e-05
790650,0.001233408
790684,0.000764928
790729,1.2544e-05
790780,2.9184e-05
790782,0.00012288
790798,2.1248e-05
790831,3.456e-05
790877,0.0031616
790905,9.8304e-05
790918,8.4224e-05
790966,0.001171968
790997,0.000640256
791035,1.3312e-05
791055,1.5104e-05
791058,0.000188672
791090,0.001629696
791118,3.3792e-05
791141,0.000209152
791192,0.000118528
791207,0.000147456
791211,0.000697088
791248,0.00033792
791261,0.000114176
791265,0.000489728
791306,0.000278528
791342,0.000453376
791374,0.000381184
791379,0.000493056
791437,6.6304e-05
791493,0.001653248
791533,3.4816e-05
791550,0.000218112
791581,0.001001216
791595,0.000460288
791610,0.00019456
791662,0.000313344
791672,0.000425984
791707,0.000446976
791759,1.8688e-05
791768,0.000259584
791829,0.000215808
791854,9.7536e-05
791900,0.000192512
791936,7.3984e-05
791941,0.001477888
791961,0.000780288
792002,1.8176e-05
792005,0.000212736
792067,5.7088e-05
792091,0.000866048
792116,0.001744128
792185,1.408e-05
792227,1.536e-05
792234,0.000207104
792247,6.7584e-05
792296,1.5872e-05
792321,0.00016128
792330,0.000154624
792348,0.0002304
792356,0.000133632
792397,0.000421376
792471,0.000308992
792508,0.000594688
792518,0.000903424
792571,1.1776e-05
792586,0.004012032
792621,0.000438528
792637,0.000201984
792638,0.000983552
792677,8.7808e-05
792713,2.5344e-05
792782,0.000516352
792813,1.024e-06
792853,0.000123648
792869,0.00027136
792872,0.000755968
792919,0.000122368
792934,7.424e-06
792937,6.6304e-05
792955,8.6016e-05
792991,0.000461056
792995,0.002070272
793021,0.001577216
793053,0.001784576
793084,0.000121344
793087,0.001342464
793110,0.000215808
793121,0.000294912
793190,4.6848e-05
793250,5.9136e-05
793256,9.8048e-05
793282,6.656e-06
793373,0.000344064
793386,0.000326912
793434,4.6848e-05
793458,0.000278272
793477,0.00022016
793549,6.1952e-05
793556,0.001504512
793584,3.9424e-05
793621,4.48e-05
793634,5.376e-06
793649,0.000230912
793658,3.84e-06
793679,0.001544192
793710,1.1264e-05
793714,0.000622336
793745,2.56e-06
793768,0.000139264
793791,0.00050944
793834,3.2256e-05
793852,0.000408064
793886,0.000212992
793890,0.000320256
793891,0.000297984
793932,0.000172544
793958,0.00037376
794016,4.864e-06
794030,1.2544e-05
794054,3.84e-06
794055,3.6864e-05
794066,0.000265728
794098,0.000747008
794109,0.00018176
794154,9.2416e-05
794170,5.4272e-05
794197,2.9696e-05
794255,0.000408064
794287,0.000172288
794296,0.000257792
794306,0.00080896
794340,9.472e-05
794348,0.000366336
794365,3.0208e-05
794371,0.000105728
794442,0.000318976
794448,0.000298496
794461,0.000149248
794516,9.8048e-05
794571,3.9424e-05
794576,0.000155392
794613,0.000397824
794617,2.5856e-05
794631,3.3024e-05
794636,0.001395712
794647,0.000210432
794722,7.68e-06
794746,4.096e-06
794756,0.000321024
794757,0.000902912
794801,0.0001216
794821,9.6768e-05
794835,0.00025088
794859,0.00010368
794885,0.00050176
794897,1.0496e-05
794924,0.00034688
794981,2.8928e-05
794996,5.9648e-05
795001,0.000307968
795022,8.6016e-05
795034,0.000616704
795049,0.000616192
795117,1.2544e-05
795127,0.0001024
795152,8.5504e-05
795164,0.000158464
795202,4.5056e-05
795207,0.000100352
795228,9.3696e-05
795278,4.992e-05
795281,0.000756224
795316,0.000259328
795338,0.000421376
795342,0.000110592
795411,0.000261888
795447,3.1488e-05
795455,0.000929792
795485,0.000414976
795527,0.000512512
795528,0.000840448
795530,0.0025216
795540,0.003924736
795543,0.004191232
795630,3.328e-06
795705,4.736e-05
795734,0.00064256
795773,0.00023936
795814,2.1504e-05
795872,0.000127744
795885,7.68e-07
795903,0.000206592
795911,0.0004288
795935,4.9408e-05
795960,0.000196608
795996,0.000333824
796038,0.000147968
796049,0.000415232
796089,0.000131072
796094,0.000337408
796095,0.000817152
796126,4.3776e-05
796141,3.7376e-05
796173,8.3456e-05
796190,0.000299776
796200,0.000206848
796228,0.000275968
796229,0.001587456
796282,0.00022656
796324,0.001032448
796409,0.00019584
796414,3.072e-05
796429,0.00066816
796477,3.4048e-05
796480,0.00012288
796494,0.000286208
796543,2.0992e-05
796558,8.2944e-05
796561,0.000101632
796575,0.000598016
796653,0.000301312
796656,0.001837568
796699,0.000205824
796714,1.7152e-05
796730,4.608e-06
796733,0.001204992
796780,0.000591872
796806,0.000399616
796840,2.7904e-05
796868,5.9392e-05
796880,0.00010368
796898,5.2992e-05
796918,9.2416e-05
796940,0.000325376
796958,8.0896e-05
796964,0.000194048
797000,0.000128256
797008,6.0416e-05
797018,0.000187904
797028,0.000161792
797038,4.9152e-05
797048,0.000249088
797058,0.000179968
797064,0.003376128
797090,0.000289536
797118,0.0001664
797148,6.7584e-05
797158,0.000452608
797234,0.00050432
797304,0.000380928
797336,0.00026112
797388,0.000747008
797419,0.000525568
797430,0.001028608
797496,2.3808e-05
797498,0.000135936
797502,0.000807168
797531,4.3264e-05
797579,0.002293504
797605,4.992e-05
797624,0.000542208
797659,0.001750016
797680,0.000125184
797694,3.7632e-05
797715,8.7552e-05
797719,0.001012992
797759,8.6272e-05
797763,0.000185344
797791,6.5792e-05
797837,4.4288e-05
797841,8.32e-05
797844,0.000284672
797865,4.9152e-05
797872,0.000591872
797898,0.000130816
797942,0.000412672
798005,5.632e-06
798028,0.000784384
798035,0.000131584
798056,0.000397312
798113,0.000251392
798125,0.000185856
798162,0.000115968
798171,0.000326144
798216,4.096e-05
798235,0.00012672
798267,2.9952e-05
798297,9.216e-06
798340,5.12e-07
798342,2.9184e-05
798450,2.6368e-05
798529,0.00092928
798559,0.001076992
798573,0.000866048
798580,0.000336384
798671,3.6352e-05
798674,0.000156416
798679,0.001328128
798699,0.00025984
798730,0.00032128
798734,0.001072896
798752,2.2272e-05
798771,0.000382464
798795,0.000274944
798804,0.004423936
798867,3.7632e-05
798869,0.00015616
798879,7.68e-05
798906,2.048e-06
798966,8.704e-06
798968,0.00028032
798972,0.00049152
798981,0.000257536
799032,2.9184e-05
799043,0.00028928
799061,0.000365312
799073,0.001960192
799122,2.0224e-05
799191,4.1472e-05
799230,0.000246528
799241,0.002771456
799300,1.7664e-05
799317,1.024e-06
799352,5.12e-06
799393,9.0624e-05
799406,4.352e-05
799428,1.4336e-05
799431,6.6304e-05
799436,0.002758656
799473,0.000320768
799482,0.000303104
799488,0.000331776
799506,0.004661248
799547,0.000240896
799553,0.000107264
799588,0.00023296
799596,0.000133632
799635,0.000391424
799663,0.000739328
799709,0.000276736
799716,0.000355584
799765,0.001088768
799771,0.000176896
799809,0.000999424
799870,0.00208256
799947,0.000222208
799991,0.00021888
800008,0.001218304
800049,0.000107008
800069,0.000459264
800082,0.001088256
800131,3.2512e-05
800134,0.000661504
800164,0.001901056
800176,0.00031744
800258,0.000352256
800299,0.000163072
800319,0.000401152
800344,0.000112896
800406,7.1936e-05
800450,0.000502784
800461,0.000440832
800466,0.00049152
800543,0.000239872
800586,4.48e-05
800645,0.00047872
800672,8.8832e-05
800680,0.000863744
800704,4.5056e-05
800754,0.00075136
800774,0.000276736
800783,6.7584e-05
800802,8.8832e-05
800820,0.000112384
800824,0.00025472
800859,0.001460736
800878,0.000563968
800893,0.000125696
800950,0.0002688
800956,0.000109568
800968,0.001696
800994,0.000336896
801049,2.816e-05
801133,0.000379648
801161,0.00040832
801176,5.12e-06
801211,0.000158464
801295,0.000717056
801357,1.6384e-05
801360,0.000313856
801383,0.000288512
801402,0.000165632
801409,0.000286464
801415,0.000247296
801446,1.024e-05
801478,9.216e-06
801492,7.296e-05
801499,6.7328e-05
801509,0.000211712
801517,0.00045568
801568,8.2944e-05
801594,0.000693248
801681,9.984e-06
801685,5.2736e-05
801713,3.84e-06
801741,1.8688e-05
801812,0.0004032
801816,3.584e-05
801908,0.000158208
801922,0.000124928
801924,0.000368128
801983,0.001107712
802009,8.1152e-05
802029,0.000882432
802072,0.000737024
802113,0.000255744
802117,0.002791936
802154,0.00098304
802173,0.00144
802244,0.003471872
802275,0.000966656
802312,0.000512
802350,0.000259072
802375,0.000201984
802380,0.00128
802395,8.1408e-05
802421,0.001089024
802477,3.7888e-05
802486,3.1232e-05
802496,2.9184e-05
802502,0.00050304
802542,0.00105344
802543,0.000353024
802567,0.00033792
802573,3.584e-05
802601,0.000590848
802644,2.432e-05
802646,2.3808e-05
802660,1.1008e-05
802675,0.000351744
802696,0.000203776
802729,0.00053504
802749,0.000204544
802772,3.84e-06
802804,0.000143104
802809,8.832e-05
802847,0.000748032
802867,0.000205056
802892,0.000114176
802915,0.001646848
802936,0.000792064
803061,9.8304e-05
803076,0.000123904
803086,0.000836352
803097,1.2288e-05
803098,0.000323072
803120,5.5296e-05
803225,0.00025216
803270,0.001190656
803279,0.000232704
803322,0.00021248
803331,0.00035584
803351,0.000327936
803353,0.000393984
803393,2.4064e-05
803414,2.9184e-05
803445,0.00032512
803470,7.9872e-05
803516,1.28e-05
803517,0.000989952
803607,2.816e-06
803651,0.000235776
803658,0.000223488
803710,0.00020608
803720,2.0736e-05
803726,0.00019712
803757,2.56e-07
803766,1.0752e-05
803771,0.000129792
803777,0.001624832
803803,0.000477696
803819,0.002003712
803846,0.00013056
803886,0.001465856
803912,0.000447488
803937,0.000246272
803971,0.000220928
803977,0.000363264
804037,0.00208896
804066,0.000583424
804125,0.000210432
804181,0.000579328
804216,1.3568e-05
804246,2.5344e-05
804249,0.000731392
804265,0.001085696
804274,0.000822016
804300,8.704e-06
804326,7.3984e-05
804342,0.000366848
804374,0.00064256
804423,0.000192256
804489,4.864e-05
804507,7.8848e-05
804524,0.000255744
804530,0.004024576
804596,2.6624e-05
804605,2.9696e-05
804631,0.00011392
804643,0.000163584
804687,0.000339712
804733,6.6816e-05
804746,3.3536e-05
804766,0.000130048
804797,0.00021888
804812,0.00041472
804827,0.000340992
804833,0.000171008
804846,0.000836352
804852,4.6336e-05
804859,0.000882944
804928,0.000774912
804956,0.000136448
804973,6.784e-05
805000,0.000438272
805055,0.00017536
805152,3.072e-06
805204,0.000133376
805239,9.8816e-05
805271,0.000304896
805298,0.00023936
805309,0.000308992
805319,0.000392192
805385,0.000111616
805445,0.000731392
805494,0.00116224
805567,0.00011776
805572,6.5792e-05
805574,7.9616e-05
805620,0.000360704
805625,0.00019584
805659,0.00018304
805662,2.048e-06
805673,0.000584704
805733,0.000694784
805747,4.4288e-05
805751,0.000474368
805786,3.8144e-05
805800,5.8368e-05
805806,0.00019456
805845,3.8144e-05
805852,0.00015104
805871,1.0752e-05
805882,1.0496e-05
805983,0.000195584
805988,6.2464e-05
805993,0.000764416
806009,0.000899072
806040,0.002193152
806060,0.000126464
806088,7.0912e-05
806098,1.024e-06
806105,0.000278528
806115,0.000436224
806169,5.9392e-05
806224,0.00015744
806258,9.472e-06
806283,0.0005056
806289,1.5104e-05
806315,1.1264e-05
806363,0.000175104
806389,3.6608e-05
806394,0.000393984
806409,9.5232e-05
806423,7.9104e-05
806449,0.000396288
806463,0.000177152
806534,0.000207104
806621,0.001120768
806669,3.8144e-05
806671,0.000171264
806709,0.000544256
806726,0.001331456
806742,0.00036224
806763,0.000251136
806775,0.005331456
806849,3.1744e-05
806909,2.048e-05
806917,0.000287744
806920,0.000766976
806994,5.376e-06
807001,1.1776e-05
807026,8.6016e-05
807040,0.000311552
807069,7.7312e-05
807070,0.002015232
807085,0.001404928
807131,0.000124928
807200,6.2208e-05
807216,6.8864e-05
807250,0.000171264
807255,5.6064e-05
807327,0.002953216
807344,0.000868864
807373,0.000168192
807411,4.7616e-05
807415,0.000733184
807421,0.000149504
807444,0.000100352
807499,1.1776e-05
807503,0.0005056
807527,1.8688e-05
807530,3.7632e-05
807537,0.00022656
807551,0.000779776
807568,0.000213248
807586,3.4816e-05
807623,0.000327936
807634,4.864e-06
807644,7.9104e-05
807658,0.001422336
807708,3.072e-05
807717,0.000124928
807734,0.0010816
807777,9.344e-05
807809,2.9184e-05
807824,0.000121344
807841,0.000134656
807860,9.6768e-05
807880,0.000178944
807898,0.000486912
807932,2.5856e-05
807956,8.192e-06
808047,0.000154368
808048,5.0432e-05
808066,0.001254912
808079,2.9952e-05
808096,0.00037248
808137,6.912e-06
808145,0.000269824
808161,1.7664e-05
808174,0.000141312
808176,0.000164096
808192,7.68e-06
808215,8.4992e-05
808265,5.0944e-05
808270,5.9648e-05
808293,0.000412672
808319,0.000384
808321,0.0004288
808372,0.00020352
808395,0.000286976
808398,0.00012544
808402,0.000428544
808430,0.001268992
808446,0.00028416
808492,0.001507072
808519,0.000486144
808533,0.001431808
808547,7.8848e-05
808579,0.00174336
808612,0.000262912
808617,0.00045824
808635,0.000834816
808656,0.000654848
808682,0.002238208
808718,4.096e-06
808721,0.000368896
808812,5.9136e-05
808832,5.2224e-05
808845,0.000151296
808874,0.00092032
808929,3.0208e-05
808942,0.00134912
808973,0.000328192
808987,3.328e-05
809035,0.000851968
809057,0.000924928
809081,5.76e-05
809094,6.4512e-05
809112,2.944e-05
809143,0.00027264
809169,1.2544e-05
809172,0.000508416
809210,0.000308736
809249,0.000723712
809251,0.001944064
809327,0.000237568
809347,0.000189696
809366,2.8672e-05
809372,0.000118016
809409,3.0976e-05
809425,0.001406208
809469,0.000905728
809486,1.1776e-05
809538,0.000152576
809551,5.3248e-05
809571,3.0208e-05
809598,0.001936128
809632,0.002252544
809646,0.000251392
809654,0.000240384
809731,0.004454656
809774,0.000323328
809780,0.001039104
809795,7.2192e-05
809814,0.000318976
809875,0.000697344
809896,0.000696832
809911,9.6768e-05
809941,3.2512e-05
809958,0.00019072
809981,5.888e-06
810009,0.000967168
810013,0.001014016
810021,0.000912896
810067,5.376e-05
810099,0.000280064
810119,0.001282048
810138,8.9088e-05
810145,0.001591552
810176,0.000424704
810188,0.000396288
810197,0.00158848
810248,0.000139264
810256,0.000737792
810293,0.000213504
810312,0.000364288
810351,0.000603136
810376,2.2016e-05
810430,0.000206592
810460,0.000474112
810486,0.000673536
810503,9.8048e-05
810552,0.0005632
810557,3.5584e-05
810610,0.000355584
810646,0.000136192
810673,0.000184064
810676,0.000796416
810716,0.000557312
810751,0.00028288
810793,7.6288e-05
810815,0.000873472
810840,0.00046976
810872,6.8352e-05
810898,0.000123648
810906,0.000685056
810946,0.000928768
810963,0.001242624
810971,0.000148224
811010,0.000358912
811023,0.000152064
811030,1.152e-05
811060,0.00139136
811099,3.328e-06
811103,0.000159488
811119,0.00053888
811146,3.072e-06
811153,0.000113152
811165,0.00017024
811196,0.000495616
811211,0.002098688
811254,0.000926976
811297,0.000162816
811298,0.000876288
811318,0.002630656
811332,0.000871424
811394,1.5104e-05
811404,0.000889088
811453,0.000614144
811470,0.000225536
811518,0.000185088
811528,0.000464384
811569,0.000699136
811634,0.000150016
811674,6.2464e-05
811687,0.000108032
811695,0.001298688
811755,0.00142208
811774,0.00173312
811823,0.000515584
811834,2.4064e-05
811868,2.176e-05
811883,1.5104e-05
811887,0.000277248
811904,0.000597504
811926,0.000132864
811937,2.56e-05
812011,0.0003584
812039,0.00012032
812048,0.000319488
812075,0.001305856
812103,0.000182016
812116,0.000399104
812138,0.000138752
812168,7.6288e-05
812181,0.00011008
812192,0.000679424
812198,0.000287232
812208,0.000268032
812237,0.000686336
812267,0.000354304
812315,0.001839104
812381,0.00150144
812466,8.0384e-05
812477,0.00027904
812513,9.4208e-05
812536,0.000449792
812589,9.5488e-05
812605,9.216e-06
812664,1.152e-05
812686,0.0002176
812698,8.0384e-05
812732,1.6896e-05
812737,0.000369152
812768,0.000370432
812800,3.3536e-05
812811,0.000108032
812820,0.000261888
812863,0.0001344
812918,0.000450816
812964,7.168e-06
812998,0.000891904
813021,2.2016e-05
813043,0.00022016
813112,9.6256e-05
813159,3.3792e-05
813160,0.000139008
813178,0.001577472
813199,0.002229504
813223,0.000453888
813257,0.0007488
813272,0.000540416
813296,0.000547584
813356,0.000181504
813366,0.00020224
813397,2.7648e-05
813418,0.000597248
813435,0.000286464
813460,0.000680448
813493,0.000136448
813495,0.000109056
813505,0.000668672
813518,0.001021184
813551,0.000128768
813553,0.000350208
813570,0.000493824
813626,4.5056e-05
813642,9.8048e-05
813660,0.000312832
813673,0.001831936
813700,0.001489152
813778,0.00012672
813790,7.68e-07
813791,0.000224512
813808,0.000435456
813854,0.001329408
813956,0.000349696
814020,0.000333824
814043,0.000434432
814075,1.1008e-05
814090,0.000110336
814099,0.000169472
814113,4.0448e-05
814117,0.001009664
814148,0.000388864
814180,0.000171264
814215,2.816e-06
814218,0.000109312
814236,8.9344e-05
814243,0.00041216
814277,0.000160768
814291,0.000314368
814320,0.000358656
814341,5.632e-06
814380,7.936e-06
814383,9.344e-05
814386,0.000540672
814409,2.0992e-05
814423,0.000185088
814447,0.000131328
814521,0.000139264
814562,0.000527616
814575,0.000610304
814583,0.000598272
814590,4.6336e-05
814644,0.000991744
814664,8.6272e-05
814679,0.001168128
814704,7.3216e-05
814753,6.4256e-05
814767,8.7296e-05
814773,0.001419776
814774,0.003858944
814808,1.7408e-05
814869,0.00030336
814922,0.00054016
814958,0.00024192
814964,0.001333248
814999,0.000393472
815052,0.001861888
815064,0.000167936
815069,0.00128
815111,7.8592e-05
815132,0.000310016
815143,0.000536576
815170,1.3568e-05
815201,0.000200192
815207,0.000480512
815215,0.000381184
815261,1.7152e-05
815262,0.000600576
815315,0.000474112
815325,0.000741632
815377,4.5568e-05
815383,7.2704e-05
815396,5.5296e-05
815412,0.00041472
815445,0.000186624
815450,0.000729344
815470,6.1952e-05
815487,0.00071168
815550,2.3808e-05
815576,0.001609728
815598,0.000224768
815660,0.001222656
815691,0.000257536
815710,1.536e-06
815716,0.00081792
815718,0.001523712
815766,0.007137024
815855,5.0176e-05
815880,6.2464e-05
815922,6.144e-05
815944,0.000481024
815946,1.8944e-05
815963,0.000204032
815987,4.608e-05
816002,9.728e-06
816032,0.000152576
816054,8.8832e-05
816146,8.7296e-05
816163,7.8592e-05
816177,7.9872e-05
816213,0.000107776
816236,5.1968e-05
816292,0.000171264
816309,8.2944e-05
816328,3.2512e-05
816356,0.000279552
816401,4.096e-06
816421,3.456e-05
816443,1.4592e-05
816545,6.272e-05
816570,0.001143552
816621,3.1232e-05
816625,2.3296e-05
816648,0.000262144
816684,1.4336e-05
816689,0.000187648
816742,1.2544e-05
816751,0.000316672
816815,7.552e-05
816830,0.001132288
816854,7.1168e-05
816886,3.4048e-05
816891,0.00011136
816904,9.4976e-05
816946,0.001125632
816971,0.003296768
817042,0.00072704
817082,0.000167168
817095,0.000401408
817136,2.8416e-05
817138,7.04e-05
817162,7.3984e-05
817194,1.2544e-05
817216,4.736e-05
817218,0.000195328
817278,2.7392e-05
817317,2.2016e-05
817329,1.0752e-05
817331,0.000104448
817356,0.00071296
817405,8.7552e-05
817417,0.0003392
817487,2.5088e-05
817493,0.000254464
817534,6.4e-05
817568,0.001125632
817612,9.7024e-05
817629,0.000222464
817660,0.000376832
817695,4.4288e-05
817711,0.000763136
817757,4.8128e-05
817761,0.000741632
817797,0.00187776
817864,0.000243712
817883,9.9584e-05
817931,1.7152e-05
817944,0.00027776
817973,6.1952e-05
818006,0.000188416
818059,0.000606208
818147,3.84e-05
818165,3.5584e-05
818178,2.7648e-05
818190,0.000119296
818199,0.0004096
818201,0.000230912
818306,3.7376e-05
818363,0.000159488
818376,0.000191232
818429,5.248e-05
818456,0.000110848
818482,9.3952e-05
818508,0.000582656
818545,1.4336e-05
818573,0.000558848
818610,3.8144e-05
818648,0.000753408
818716,0.0007232
818767,0.000432384
818835,0.000658944
818899,2.8416e-05
818952,2.3808e-05
818960,6.9376e-05
818977,0.000189696
819005,0.000233216
819018,1.152e-05
819023,0.001554688
819057,0.000166912
819140,0.000181504
819151,0.000958976
819208,1.7152e-05
819210,0.000222464
819290,0.001001472
819339,0.000290048
819368,1.28e-05
819370,7.936e-06
819371,0.000527872
819373,7.424e-06
819449,0.000128768
819511,0.000146944
819581,4.2752e-05
819609,2.3296e-05
819615,2.4576e-05
819711,4.8128e-05
819756,3.5584e-05
819808,2.4064e-05
819821,4.2496e-05
819836,0.000331008
819844,8.7552e-05
819859,0.00033408
819868,0.000331008
819939,4.352e-06
819969,0.000158208
820024,0.000366848
820062,2.56e-05
820070,7.2448e-05
820077,0.00015104
820093,3.328e-05
820189,0.000353792
820204,9.1904e-05
820213,7.936e-06
820247,0.001606144
820366,1.8176e-05
820403,0.000174848
820408,0.000122624
820416,0.00197376
820456,0.001292544
820558,9.5232e-05
820568,3.712e-05
820580,7.3728e-05
820647,0.000919808
820683,4.5056e-05
820695,0.0002112
820709,0.000404992
820747,3.3024e-05
820808,2.5856e-05
820838,6.8608e-05
820870,6.6304e-05
820878,2.6112e-05
820905,8.448e-06
820912,1.4592e-05
820943,4.8896e-05
820994,1.024e-06
820998,8.6784e-05
821041,0.000403712
821074,3.584e-05
821082,3.3792e-05
821133,1.2032e-05
821158,1.3056e-05
821172,0.000193536
821204,0.0004352
821222,4.2752e-05
821261,7.168e-06
821305,7.68e-06
821327,6.4e-06
821362,9.216e-05
821383,5.12e-07
821398,0.000479488
821416,6.016e-05
821418,0.000200448
821444,0.000418304
821494,3.968e-05
821497,6.656e-06
821504,0.000144896
821584,1.024e-06
821600,1.5104e-05
821644,1.28e-06
821695,0.000557568
821771,8.8832e-05
821775,0.001462528
821840,0.000438784
821889,6.1952e-05
821917,3.584e-06
821925,1.4848e-05
821930,0.000119552
821936,0.000213504
821990,8.9344e-05
822022,3.584e-05
822040,1.1008e-05
822062,4.7616e-05
822094,1.3056e-05
822116,2.1504e-05
822253,9.0624e-05
822261,0.000110592
822311,6.1952e-05
822368,8.3968e-05
822415,4.6592e-05
822456,7.936e-06
822464,2.048e-06
822534,1.7152e-05
822547,7.0656e-05
822586,4.3008e-05
822640,5.632e-05
822641,8.96e-05
822675,0.000433152
822697,0.00027776
822717,0.000164096
822837,8.192e-06
822855,0.000136192
822885,0.000441856
822907,5.248e-05
822950,0.000110592
822965,1.28e-05
822970,0.00016
822993,0.000123648
823019,0.000638976
823046,0.00022784
823101,0.000264192
823146,0.000659712
823181,4.5056e-05
823190,0.000823552
823255,1.6896e-05
823263,0.00040832
823274,4.1472e-05
823305,7.424e-06
823327,8.448e-06
823414,4.4032e-05
823467,6.7584e-05
823504,4.2496e-05
823515,2.6112e-05
823529,2.2528e-05
823550,0.000156672
823569,8.1664e-05
823596,1.4336e-05
823601,2.0736e-05
823616,0.000272128
823628,0.000267264
823670,1.2544e-05
823770,3.4048e-05
823783,4.1728e-05
823841,3.5584e-05
823844,0.000164864
823854,0.000315392
823867,0.000429824
823889,5.888e-06
823923,4.2496e-05
823952,0.000449024
823960,0.000228608
824035,3.1232e-05
824049,0.000243712
824063,0.000197376
824085,0.000172288
824091,0.0001728
824139,0.00049664
824155,0.001319936
824215,0.000101888
824225,0.000112896
824228,0.0011904
824300,0.000403968
824304,9.472e-05
824321,0.00049152
824371,0.00111104
824404,2.1504e-05
824416,3.6608e-05
824438,0.000164096
824499,0.000242432
824508,5.9904e-05
824526,0.000111616
824544,0.000521216
824581,5.5808e-05
824598,7.936e-05
824633,0.000101376
824703,0.00022784
824732,0.000260096
824742,3.84e-06
824750,0.000134912
824758,0.000347136
824774,0.000345088
824891,0.000100864
824939,2.3552e-05
824942,2.56e-07
824948,0.000384768
824963,0.000228864
824995,0.001833216
825058,2.304e-05
825070,0.000585728
825083,0.000447488
825114,1.792e-05
825125,0.000336384
825142,0.00042624
825179,6.4e-05
825270,3.1744e-05
825273,4.3264e-05
825287,1.9456e-05
825318,0.00020096
825329,0.00186112
825350,0.000464128
825368,0.000910848
825412,7.7056e-05
825432,0.000130304
825469,0.000429824
825476,0.000203264
825493,0.000182272
825545,9.0368e-05
825561,0.000105472
825577,0.000442112
825614,0.001147392
825689,5.3248e-05
825778,5.0432e-05
825799,4.736e-05
825840,2.5088e-05
825843,9.1392e-05
825855,0.000234752
825892,0.000358144
825915,6.7584e-05
825969,3.4304e-05
825972,3.7888e-05
826018,0.000218112
826032,0.000445952
826113,0.000146944
826224,5.248e-05
826234,3.8912e-05
826263,1.3312e-05
826286,7.68e-06
826303,0.000498176
826373,3.328e-06
826436,6.656e-06
826440,0.000386816
826482,0.00062464
826504,0.000902144
826533,0.000101376
826613,0.001629696
826646,0.000132096
826697,3.5584e-05
826722,0.000714752
826737,0.00047488
826780,0.000111616
826786,6.912e-06
826817,4.8128e-05
826841,9.216e-06
826842,0.000186112
826854,0.000557056
826867,0.001809152
826926,6.8352e-05
826948,6.656e-06
827002,2.0736e-05
827053,7.936e-06
827078,0.000257792
827154,0.000101632
827175,8.7552e-05
827211,0.000314112
827228,0.000157696
827295,7.9872e-05
827297,0.000116736
827329,3.1232e-05
827402,3.4048e-05
827413,1.2288e-05
827431,0.000444928
827433,0.000732416
827442,0.000521728
827483,9.4464e-05
827507,0.000202752
827548,0.000123136
827577,9.9584e-05
827584,8.1152e-05
827621,2.2016e-05
827627,0.001143808
827636,0.000113408
827692,5.76e-05
827753,4.6592e-05
827770,0.000176128
827778,0.000465152
827829,5.888e-05
827860,9.344e-05
827913,0.00016896
827953,7.168e-05
827987,2.8416e-05
828076,7.424e-06
828081,7.7312e-05
828119,2.6368e-05
828182,1.6896e-05
828193,4.1216e-05
828234,0.00035968
828255,0.000349952
828292,1.5872e-05
828355,0.000125696
828374,0.000307456
828386,5.7088e-05
828455,1.024e-05
828467,0.000122112
828477,0.000187648
828542,0.000275712
828570,0.000115968
828609,0.000185088
828621,0.002395904
828672,8.9344e-05
828676,0.000124672
828687,0.000406016
828736,3.6352e-05
828737,8.4224e-05
828751,0.000615424
828781,0.001070592
828838,8.448e-06
828872,1.7408e-05
828906,0.000651008
828942,1.7664e-05
828963,0.0010048
829029,4.3264e-05
829058,1.024e-06
829067,0.000100096
829094,0.000135936
829102,8.448e-05
829161,1.536e-05
829173,0.001044736
829193,0.00017408
829228,9.5744e-05
829251,2.4064e-05
829303,2.56e-06
829355,0.00036608
829369,0.000314368
829387,5.2992e-05
829432,3.5584e-05
829456,0.00048256
829465,0.000608256
829518,0.000193536
829553,4.5568e-05
829575,0.006494208
829635,0.000957184
829648,0.00185472
829727,0.000155136
829796,7.168e-05
829840,1.28e-05
829852,0.00030464
829904,8.704e-06
829953,0.000375552
830018,0.000338688
830056,1.7408e-05
830064,2.56e-05
830066,0.00093568
830103,7.68e-05
830152,0.000218112
830171,0.000688384
830232,5.0176e-05
830266,5.6832e-05
830282,0.001215232
830321,6.7584e-05
830365,1.0496e-05
830386,1.8432e-05
830400,0.001297152
830404,0.000413952
830437,0.000599296
830487,1.1264e-05
830490,2.9952e-05
830492,6.6048e-05
830528,2.4832e-05
830541,6.8608e-05
830553,0.000796928
830564,0.001229312
830597,7.68e-06
830656,0.00019328
830722,0.000158208
830757,0.000540416
830768,0.001034752
830771,0.001977856
830841,8.576e-05
830866,0.000418304
830885,0.000531968
830906,0.000253696
830948,0.000198656
831001,9.1392e-05
831053,0.000142848
831061,0.00059648
831094,0.0004288
831115,0.00016
831149,2.6624e-05
831156,0.000155648
831216,0.00068096
831347,0.00043776
831350,8.6528e-05
831364,3.2e-05
831371,0.002350336
831446,6.8096e-05
831467,0.000188672
831498,5.504e-05
831510,3.9936e-05
831586,0.000124672
831619,0.000122112
831644,0.000584192
831670,0.000107008
831734,1.5104e-05
831746,5.0432e-05
831768,2.1504e-05
831779,0.000218368
831809,0.000585472
831819,9.2416e-05
831836,0.001573632
831912,0.000147968
831941,6.5792e-05
831981,4.9152e-05
832001,5.0432e-05
832018,2.9952e-05
832025,0.000518912
832048,0.000147712
832077,0.00011392
832114,0.0001024
832124,1.6128e-05
832142,0.000707072
832170,0.00057216
832222,2.688e-05
832226,3.968e-05
832259,0.000280832
832296,6.656e-06
832405,0.00010368
832435,0.000515584
832508,0.000103168
832569,0.00031488
832605,0.000352512
832651,0.00027264
832674,0.000491264
832688,0.000170496
832694,0.000299264
832721,0.000116736
832723,0.000306688
832745,0.000416512
832751,6.2464e-05
832781,3.5584e-05
832796,0.001313024
832829,1.8176e-05
832850,0.000415744
832873,0.000424704
832883,0.000348672
832925,8.832e-05
832943,0.000209408
832980,9.7024e-05
832985,0.000852224
833057,3.1744e-05
833060,3.6096e-05
833078,7.4752e-05
833098,0.000625408
833110,0.001026816
833128,0.001634816
833157,0.000244224
833209,0.0001152
833211,0.001564928
833217,0.000571648
833268,7.7568e-05
833273,0.000153856
833287,0.003041024
833328,0.000371712
833344,5.5552e-05
833390,0.000284672
833406,5.1968e-05
833425,0.000347136
833430,0.000450048
833449,0.000310784
833460,0.00020608
833472,0.00048256
833473,0.001187584
833475,0.001557248
833533,0.000750848
833562,0.000380672
833592,0.000584448
833617,0.000157184
833649,3.2768e-05
833670,0.0002176
833692,0.000341504
833756,2.2016e-05
833768,2.2528e-05
833775,9.4976e-05
833776,0.002418944
833797,0.000312576
833826,3.6096e-05
833832,1.7664e-05
833862,8.448e-06
833901,4.48e-05
833928,0.000145152
833940,0.00023296
833988,0.001394176
834031,1.024e-05
834035,0.000225024
834052,0.000223488
834056,0.000557312
834070,0.000905216
834085,3.9168e-05
834103,0.0004288
834156,5.5296e-05
834163,0.000621568
834188,0.000244224
834206,1.7152e-05
834222,0.00121728
834280,0.000280832
834348,0.000353024
834372,0.000284672
834416,7.3984e-05
834425,1.152e-05
834527,0.0
834530,0.000110336
834551,6.8352e-05
834569,0.003474688
834619,5.12e-06
834640,4.4544e-05
834681,0.001007872
834737,0.000706816
834773,0.000397056
834836,1.536e-05
834844,0.000219904
834858,0.00012928
834875,0.000131328
834921,0.000347136
834956,3.2512e-05
834963,5.248e-05
834979,0.001395712
835024,0.000191744
835045,6.912e-06
835053,0.000257024
835073,0.00088832
835120,0.000108288
835198,9.472e-06
835231,6.016e-05
835232,0.000473856
835249,0.0002368
835304,1.5616e-05
835305,0.00036992
835336,2.944e-05
835352,0.000273408
835424,0.000171776
835444,2.1248e-05
835446,0.000761088
835490,0.0014208
835518,2.816e-05
835523,6.4512e-05
835549,3.1744e-05
835550,7.5008e-05
835589,0.000279552
835598,0.00016896
835650,0.000253952
835655,0.000230912
835660,0.00297728
835679,0.000549376
835687,0.000537856
835719,3.4304e-05
835760,0.000271616
835787,4.1984e-05
835822,0.00136448
835886,0.000219392
835908,0.000728832
835942,0.001140224
836030,0.000107008
836039,0.00116096
836041,0.000245248
836092,0.000148736
836101,4.3008e-05
836130,1.9968e-05
836149,0.000481024
836169,0.000131584
836197,0.001873408
836240,0.000153344
836261,3.328e-05
836269,4.6336e-05
836300,3.5072e-05
836311,0.003692288
836374,0.000402688
836398,0.00096512
836458,0.00012288
836481,0.000340992
836536,0.00041856
836553,0.000225536
836569,0.000336128
836574,0.000177664
836600,0.000156672
836652,0.000209408
836681,0.000698112
836702,8.6784e-05
836717,0.00022016
836718,1.8176e-05
836725,0.00087552
836766,1.024e-05
836824,1.1776e-05
836836,4.1728e-05
836850,7.4496e-05
836874,2.0992e-05
836897,0.00076928
836920,0.000309504
836942,0.000262656
836969,0.001844736
837007,0.000141312
837037,0.000251392
837061,0.00096384
837072,7.936e-06
837081,8.96e-06
837100,0.001095936
837118,0.001183232
837139,0.000242688
837172,0.000452096
837189,0.00166272
837233,0.001686784
837292,1.536e-05
837306,0.000748032
837336,0.001151744
837345,0.000439808
837374,0.000452096
837395,0.000375552
837418,5.0944e-05
837436,3.6864e-05
837445,0.0005504
837505,0.000283904
837525,0.00039552
837599,0.00057728
837641,6.144e-06
837646,0.000290304
837652,0.000127488
837693,4.9152e-05
837713,0.000769792
837764,0.000210432
837782,1.4336e-05
837798,0.000176384
837827,1.5872e-05
837853,3.072e-06
837857,0.000196864
837879,1.4592e-05
837914,0.000160512
837960,0.000350464
837993,5.12e-07
837999,1.536e-06
838011,0.001289216
838019,0.001538816
838043,0.000665856
838106,0.00016512
838115,1.664e-05
838120,0.000701952
838169,0.000391936
838189,2.5344e-05
838230,1.8688e-05
838295,4.48e-05
838303,0.000845568
838336,0.000768
838344,0.000316928
838371,5.12e-07
838387,1.28e-06
838398,0.000487424
838431,1.4336e-05
838433,0.00024064
838446,0.001342208
838486,0.000318464
838523,0.000203776
838551,0.003293184
838565,0.000438016
838604,0.000178432
838625,0.001607936
838702,0.00107648
838769,2.0736e-05
838820,0.000397056
838865,0.000344064
838891,0.000174592
838932,0.000704512
838958,6.7328e-05
838979,0.0005824
838988,0.000174848
838995,0.000556288
839040,8.448e-06
839064,0.00344064
839126,4.608e-06
839134,0.000416
839157,0.000806912
839199,0.000614656
839232,1.28e-06
839245,0.000147712
839261,0.000651264
839307,0.00051584
839352,0.00030592
839354,0.000312064
839369,0.000601088
839375,4.224e-05
839410,1.3056e-05
839476,3.5328e-05
839479,0.000193792
839492,0.000474112
839522,2.048e-05
839547,0.000403712
839618,0.000144384
839621,7.2704e-05
839647,2.304e-05
839667,3.1232e-05
839676,0.0001856
839745,0.001051648
839750,0.000837888
839756,0.00014848
839776,0.00074368
839792,8.6528e-05
839825,0.00083328
839853,1.792e-05
839860,2.8672e-05
839895,0.000690688
839916,9.088e-05
839926,0.00024192
839963,0.000492288
839981,0.000126464
840014,0.00022912
840015,0.000748544
840084,0.000153856
840093,0.00111104
840155,5.4528e-05
840171,0.00023808
840221,0.000102656
840237,0.000613888
840261,0.001029888
840283,0.000789248
840316,5.4016e-05
840332,2.4832e-05
840357,4.2496e-05
840374,0.000247808
840384,0.000271872
840385,1.4848e-05
840445,4.1984e-05
840454,0.000945152
840458,0.000566784
840470,0.000764416
840498,0.00015744
840511,1.28e-06
840522,0.00081536
840567,0.000468736
840569,0.000503552
840598,0.000117504
840607,0.000324352
840641,0.000182272
840649,0.000310016
840661,5.5808e-05
840685,5.504e-05
840719,3.8144e-05
840740,0.000194048
840751,0.000836608
840763,0.0004672
840820,0.00020736
840823,0.001801472
840851,0.000467712
840881,0.00280576
840908,0.003940352
840947,0.00130176
840966,0.000166912
841010,0.00111104
841068,0.002608128
841149,0.000607232
841150,0.001768704
841191,0.000160768
841221,7.1424e-05
841226,0.000729856
841311,2.816e-06
841356,2.816e-06
841379,0.000600576
841419,0.000119808
841430,0.000546048
841440,0.000295424
841492,1.92e-05
841495,0.000121088
841502,0.000925184
841557,0.000222976
841570,0.000781568
841575,0.00013312
841612,5.2992e-05
841623,0.00088832
841632,0.000338176
841669,0.000262656
841699,0.0004416
841710,0.001159936
841740,0.000250624
841754,0.000754944
841779,5.7856e-05
841781,0.000320256
841802,0.000137472
841821,5.0688e-05
841883,0.000291328
841885,0.000228352
841927,4.5312e-05
841950,0.001037824
841977,1.6128e-05
842025,0.000563712
842048,0.000587776
842062,0.000176128
842069,0.001392896
842110,0.00029056
842139,9.6e-05
842157,0.002541568
842169,0.002619392
842205,0.00055168
842231,0.000710656
842329,2.432e-05
842337,0.000150528
842379,1.6896e-05
842395,0.001147904
842399,0.000208128
842407,7.6288e-05
842455,0.000466432
842457,0.001245184
842504,0.001387264
842558,0.0001792
842597,1.1264e-05
842634,0.000112896
842637,0.000928
842667,1.92e-05
842682,0.000435968
842731,0.000210176
842745,0.000720384
842756,0.001221376
842779,3.9168e-05
842790,5.0432e-05
842837,1.28e-05
842857,9.7536e-05
842889,0.000254208
842910,0.00030592
842945,4.9152e-05
842998,0.000377088
843092,0.000144128
843095,0.001452544
843121,0.000464128
843155,0.000471808
843197,7.5776e-05
843215,0.000103936
843260,1.28e-06
843264,0.000331008
843274,0.00011776
843279,0.000723968
843308,0.000932864
843327,0.000130304
843341,6.912e-05
843349,0.000157696
843404,0.000672512
843455,0.000321792
843458,0.001075456
843473,8.6528e-05
843486,0.000104704
843505,0.000344576
843509,0.000708352
843531,0.001415424
843574,0.001407744
843579,0.000315136
843588,0.001526784
843612,0.001064448
843637,0.000441344
843652,0.000127488
843673,6.0928e-05
843694,0.000563456
843726,0.000515584
843728,0.00429952
843782,1.152e-05
843797,0.00024704
843819,0.000466176
843820,0.000146432
843832,0.00010112
843837,0.001203456
843873,0.001102848
843938,3.9936e-05
843943,0.000874752
843955,0.000364032
843960,0.000224
844007,0.000283136
844042,3.1488e-05
844093,1.7152e-05
844104,7.2192e-05
844105,7.0144e-05
844116,5.2992e-05
844118,0.00155392
844126,0.001250048
844162,0.001169152
844165,2.304e-06
844189,0.000956416
844223,0.000876032
844261,0.0002688
844262,0.000443136
844273,0.001395456
844320,0.002162688
844344,7.7568e-05
844361,1.6128e-05
844369,8.2432e-05
844374,0.000263168
844405,0.000107264
844439,0.000580352
844455,0.000113408
844478,0.000174592
844486,0.00102656
844520,0.00012288
844543,3.712e-05
844564,1.28e-05
844571,5.5296e-05
844593,0.002365952
844641,1.024e-05
844644,0.000698624
844677,0.000653056
844699,0.00019584
844719,0.000991488
844738,0.000371712
844781,3.3792e-05
844793,1.0496e-05
844807,0.000180224
844843,9.6512e-05
844853,0.000242176
844889,1.8432e-05
844946,0.000592384
844966,0.000477952
844985,0.000192
845010,6.0416e-05
845038,0.000110592
845071,2.0992e-05
845081,0.001915392
845115,9.344e-05
845170,0.000219648
845207,0.00057216
845216,0.000329216
845226,7.424e-06
845291,0.001735168
845314,0.000130304
845374,0.00018176
845387,4.096e-06
845417,3.8656e-05
845453,6.3232e-05
845491,0.000122624
845513,0.000205312
845518,0.00051584
845557,0.000235776
845587,0.00059392
845633,0.0006656
845659,0.000291072
845684,4.6592e-05
845702,0.000367872
845719,0.000119808
845747,2.8672e-05
845771,8.192e-06
845784,0.000391936
845806,0.001098496
845873,7.2448e-05
845893,0.000263936
845919,0.000317952
845922,0.000644352
846007,0.000169728
846013,0.000468736
846032,0.000453376
846075,0.001248256
846130,0.000404736
846151,0.000952832
846186,0.000932608
846205,3.9424e-05
846211,8.7808e-05
846241,7.1936e-05
846249,0.00047232
846262,0.000475392
846290,0.000536832
846315,0.000669184
846352,0.000447232
846365,0.000444416
846385,0.000280832
846419,3.584e-06
846428,0.000287488
846442,0.00059392
846469,0.000181248
846492,0.000248832
846505,0.000173312
846516,0.000258304
846517,0.000616704
846533,0.00079488
846566,8.2688e-05
846611,0.000296704
846634,0.00032384
846669,1.536e-06
846677,0.000441856
846695,0.001264384
846732,9.7792e-05
846761,0.000493568
846763,0.000413952
846765,0.000774144
846772,0.001332736
846815,0.000203776
846851,0.000187648
846853,0.000115968
846867,0.001138944
846886,0.000222976
846900,0.000924928
846955,0.000525056
846958,0.00072448
846987,0.000391424
846988,0.000271872
847007,0.000538624
847042,2.2272e-05
847061,4.9152e-05
847088,2.048e-06
847097,0.000562688
847103,0.001780224
847141,0.000205824
847161,2.56e-06
847185,0.000909824
847215,6.6816e-05
847237,0.000557568
847269,7.68e-07
847284,0.00034816
847299,0.00023808
847320,2.8672e-05
847322,1.664e-05
847359,0.000669952
847386,0.000169984
847416,6.528e-05
847417,6.016e-05
847438,0.001328128
847517,0.000755456
847529,0.002211072
847583,0.000916224
847587,0.000613888
847631,2.56e-07
847675,0.000244992
847678,0.000778752
847722,0.000124672
847723,0.00171904
847776,0.000135424
847788,0.000264704
847816,6.1184e-05
847824,0.001577216
847852,0.000437504
847871,0.00064384
847905,1.9968e-05
847939,4.1984e-05
847943,0.000316416
847947,0.001307136
847997,2.4064e-05
848013,0.000491776
848038,0.000133888
848046,4.096e-05
848066,0.001129472
848095,2.304e-06
848142,1.0496e-05
848154,0.000691456
848191,0.000292608
848221,4.352e-05
848234,0.000350976
848264,0.000269312
848287,0.000614656
848295,0.000252928
848400,1.536e-06
848425,0.000167936
848446,5.12e-06
848447,9.3696e-05
848462,0.000109824
848490,0.001815296
848526,0.000554496
848533,4.096e-06
848570,0.001690112
848604,0.001972992
848681,3.3792e-05
848704,0.00010496
848768,0.001271808
848784,0.000678656
848813,0.000136704
848827,0.000465664
848842,9.2928e-05
848851,8.1152e-05
848898,0.000873728
848962,0.00010112
848990,0.000306176
849076,0.000434944
849102,0.000107008
849122,0.000638976
849133,0.000286976
849182,4.6592e-05
849190,3.84e-05
849222,4.0704e-05
849260,9.728e-06
849264,5.0176e-05
849278,0.000194816
849294,9.5488e-05
849302,8.1408e-05
849318,6.2976e-05
849334,0.000285952
849387,7.4496e-05
849396,0.00037888
849412,0.000452096
849446,5.9136e-05
849454,0.000284672
849470,3.4816e-05
849496,7.1936e-05
849511,2.6368e-05
849514,0.000365312
849539,0.000359168
849546,8.6528e-05
849554,4.48e-05
849597,4.6848e-05
849608,0.000346368
849610,0.00130432
849637,0.000171264
849655,3.9168e-05
849665,0.000288768
849695,0.000169216
849708,0.002664192
849753,0.000632576
849768,0.000271616
849776,0.000102144
849802,0.001124096
849844,3.5328e-05
849850,0.00104704
849878,0.002279936
849963,0.000411392
849977,0.000321792
849994,0.000668672
850041,0.000115456
850049,0.00010624
850144,0.000185344
850147,0.000830464
850181,0.0002304
850225,7.3472e-05
850271,1.408e-05
850296,0.000657152
850359,2.9184e-05
850372,0.000263424
850389,0.000132352
850408,2.6112e-05
850445,0.000576768
850465,0.00035072
850469,0.00030976
850517,0.000366848
850539,4.096e-06
850551,0.00029056
850556,7.2192e-05
850571,0.000110592
850581,5.376e-06
850596,0.000264704
850637,0.00057984
850672,1.92e-05
850679,0.000945408
850703,7.5008e-05
850780,0.000221696
850792,0.001432832
850797,0.000101376
850799,0.000811264
850850,0.000147712
850867,0.000494336
850915,0.000116992
850931,0.000443392
850964,0.000593664
850974,0.000119296
850988,6.8608e-05
850992,0.000301056
850993,0.001093888
851017,0.000939264
851033,7.68e-06
851043,0.000887552
851067,0.000602112
851070,0.000198912
851119,8.2176e-05
851136,0.000694272
851150,0.000399616
851172,0.00047744
851197,2.4832e-05
851226,0.000382208
851240,0.000324352
851244,0.000576512
851277,0.000459264
851302,4.5056e-05
851338,0.0007552
851343,0.000523776
851365,1.2288e-05
851382,1.536e-05
851444,8.704e-06
851445,0.003108352
851510,0.000108032
851562,4.736e-05
851567,0.000174336
851638,0.000145664
851678,0.000508928
851700,0.000396288
851736,3.9936e-05
851755,0.000156928
851767,6.8864e-05
851772,0.000134144
851773,0.001421824
851845,0.000520192
851848,0.00057344
851876,1.3568e-05
851916,0.000171264
851983,0.001173504
851995,2.6112e-05
852040,0.000223744
852081,4.608e-06
852093,0.00292608
852117,9.728e-06
852149,0.00028672
852167,0.000260352
852217,0.000248832
852220,0.003036672
852263,0.000215296
852284,0.000110336
852287,6.1696e-05
852329,5.632e-06
852331,0.00015616
852335,0.001609984
852337,0.005297152
852340,0.012100352
852444,3.6864e-05
852482,0.000694784
852511,0.00312576
852552,0.000132864
852566,0.00014208
852568,8.7808e-05
852605,0.000157952
852630,0.000450816
852643,0.000164864
852653,0.000537344
852658,0.000277248
852698,1.1008e-05
852762,0.000107008
852812,4.3008e-05
852840,8.1664e-05
852843,0.000102656
852860,0.000211456
852957,0.0001088
852969,8.6272e-05
852997,0.000661504
853023,0.000133376
853051,3.2768e-05
853060,0.000389888
853075,0.000531968
853118,5.5552e-05
853120,0.002419968
853154,0.00039168
853196,0.000340992
853207,0.000210944
853215,0.00088192
853316,7.936e-06
853325,2.3808e-05
853327,3.712e-05
853330,0.00156928
853351,0.00219648
853395,0.00034816
853516,5.9392e-05
853536,0.000442112
853553,0.000102912
853565,0.00063232
853579,9.1648e-05
853600,0.00084096
853636,0.000913152
853661,0.000166656
853685,6.144e-05
853687,6.7584e-05
853717,7.2704e-05
853734,0.000996608
853755,0.000270336
853784,0.000372224
853793,0.000230144
853811,0.000285696
853818,0.000559616
853870,4.9664e-05
853878,0.000167168
853926,9.4208e-05
853957,0.00023168
853985,0.000278272
853988,0.0025408
854028,0.00028032
854056,5.4784e-05
854066,0.000186112
854082,0.000473088
854107,7.5008e-05
854108,0.00036096
854131,0.001164288
854154,0.000270592
854197,0.000510976
854231,0.000148224
854284,0.000243712
854301,0.000504064
854352,3.584e-06
854384,0.00071936
854436,0.000349184
854477,3.6864e-05
854492,9.5744e-05
854533,0.000343808
854551,1.6128e-05
854577,4.224e-05
854579,0.000424192
854599,0.000255488
854629,0.000325376
854641,0.00075136
854680,0.000374016
854685,8.0384e-05
854702,0.000312576
854738,0.000131328
854767,0.000701952
854805,0.000131328
854831,0.000459008
854837,0.0001984
854865,0.00145664
854937,7.7824e-05
854943,1.2032e-05
854945,0.000415488
854961,0.003073024
854983,1.28e-05
854988,0.000170752
855010,0.001517056
855065,2.9952e-05
855085,1.9712e-05
855102,0.000534784
855119,0.000139008
855122,0.000502528
855142,0.000480256
855151,0.000467712
855163,0.000225024
855193,5.6576e-05
855212,0.000507648
855275,0.000484096
855295,0.000222976
855303,0.000732416
855304,0.003644416
855333,0.001167104
855364,5.12e-07
855405,0.000208384
855446,3.3536e-05
855458,2.7904e-05
855489,9.2416e-05
855502,3.3792e-05
855518,2.304e-06
855521,5.1968e-05
855528,0.000147456
855541,0.000136192
855573,0.00019712
855585,5.1712e-05
855611,0.000365824
855651,0.000265472
855662,0.000143616
855723,0.001181952
855751,0.000771584
855798,0.000153856
855827,2.816e-06
855854,3.5072e-05
855953,0.000254976
855995,1.7664e-05
855998,0.001225984
856027,0.00092672
856050,0.000270848
856107,2.7392e-05
856142,0.000912128
856184,0.000701952
856227,0.000275968
856246,7.2704e-05
856254,9.6e-05
856268,5.376e-05
856280,2.9696e-05
856328,4.2496e-05
856329,0.000828416
856370,0.000110848
856379,1.664e-05
856390,0.001023232
856437,0.000244224
856457,0.000234496
856470,8.32e-05
856501,2.5088e-05
856507,9.344e-05
856533,0.000163072
856536,0.000415488
856577,0.000168192
856640,0.000332032
856643,0.000182016
856667,0.000358656
856669,0.000519936
856717,0.000469248
856743,1.9456e-05
856763,0.000214528
856777,0.000182016
856787,0.000555008
856812,0.000283648
856837,7.936e-06
856842,1.2032e-05
856845,0.001009664
856871,0.000243968
856914,0.00034816
856916,0.000470784
856925,0.00108288
856949,0.003225856
856967,0.00630912
856968,0.002324224
857032,0.000403456
857049,0.000106496
857058,0.000523776
857076,2.5088e-05
857096,0.000115712
857128,0.000146688
857129,0.000811264
857165,0.000201472
857188,8.4736e-05
857193,0.000144896
857221,0.000137984
857223,0.001111808
857234,0.000226816
857285,2.048e-06
857311,1.6128e-05
857320,4.1728e-05
857341,0.000231168
857371,7.424e-05
857386,8.6784e-05
857407,7.3216e-05
857420,3.2256e-05
857444,0.001525248
857475,2.5344e-05
857496,0.000828672
857521,0.000169984
857547,0.000490752
857577,2.9696e-05
857581,5.4016e-05
857591,0.000152576
857638,0.000411392
857656,0.000316416
857709,7.424e-05
857760,0.00157568
857811,0.000363264
857816,0.000349952
857857,0.002259712
857910,0.00031872
857928,0.001377024
857954,0.000130816
858000,9.1392e-05
858034,2.4064e-05
858039,0.000454144
858044,0.000390656
858066,0.000428032
858077,0.001082112
858095,0.000140032
858125,3.072e-06
858130,4.6336e-05
858131,0.000211968
858149,0.000630784
858183,0.0010048
858238,0.000214784
858292,0.000106496
858330,6.8352e-05
858367,1.536e-05
858376,7.8848e-05
858388,0.00052864
858391,0.000471296
858430,0.000739584
858444,0.000117504
858447,0.0018176
858490,0.000298752
858495,0.000420608
858529,0.0001472
858563,0.000126208
858619,6.1952e-05
858636,2.6112e-05
858638,0.000354048
858685,0.0008896
858695,0.000132864
858729,3.584e-05
858775,0.00031232
858800,4.1472e-05
858813,0.000751872
858846,0.000101632
858889,4.0704e-05
858909,4.4544e-05
858920,0.000358912
858957,0.000486912
858969,0.00059776
859027,0.000430848
859045,8.32e-05
859079,0.00025088
859119,0.000351744
859123,0.001815296
859169,4.096e-06
859179,6.6304e-05
859189,8.192e-05
859199,0.000203776
859209,0.000277248
859219,0.000261376
859239,0.000222464
859249,0.00029696
859259,0.000318464
859266,0.0001536
859315,1.9712e-05
859391,1.6384e-05
859404,0.000231424
859417,3.712e-05
859427,0.000214016
859439,9.984e-05
859445,0.000897792
859459,0.000608
859467,0.000448
859481,0.000406272
859510,0.0028864
859547,0.00072576
859600,0.000585728
859626,0.00023808
859646,0.000865536
859651,0.002389504
859680,9.3952e-05
859703,0.00113792
859734,6.912e-06
859757,0.001155584
859785,0.000262144
859791,0.000512768
859819,5.4784e-05
859826,0.000721408
859866,0.000772608
859879,0.000212224
859880,0.000544
859896,6.0672e-05
859910,0.000250368
859941,0.000149504
859950,0.00019712
859995,0.001315328
860025,0.000125952
860030,0.000320256
860074,0.00088192
860099,0.000112896
860126,1.2288e-05
860159,0.000308736
860169,0.000150784
860185,0.000326144
860216,4.2496e-05
860232,4.992e-05
860233,2.0224e-05
860238,0.00020864
860311,2.304e-05
860316,7.68e-07
860326,0.000979968
860353,0.000621056
860370,0.00092544
860402,0.000592896
860404,0.000299776
860456,0.000154112
860495,0.000145408
860527,1.024e-05
860564,1.7152e-05
860569,4.6592e-05
860579,0.000278528
860586,0.000974592
860627,0.000596992
860640,2.0736e-05
860644,0.0005824
860667,0.000601344
860670,0.001358848
860729,0.000118016
860761,0.0001856
860772,0.001032192
860808,0.00064256
860843,0.000237312
860861,1.2288e-05
860887,0.000122368
860958,0.000783872
860991,3.3536e-05
860993,0.000248064
861005,0.00217216
861034,0.000238848
861090,3.7632e-05
861091,2.6368e-05
861110,1.408e-05
861136,0.00073088
861140,0.000493312
861247,0.000157952
861293,0.00032128
861372,1.3312e-05
861399,0.000232704
861403,0.000189184
861433,2.8928e-05
861491,0.000337408
861526,8.2432e-05
861532,0.000809472
861566,0.000662272
861614,0.000843776
861649,6.1696e-05
861703,0.000201728
861711,0.000128
861737,0.000238592
861740,0.000162048
861770,0.000376832
861773,0.000954112
861829,4.5824e-05
861863,4.5312e-05
861890,0.00025216
861900,0.001038592
861923,0.001835776
862004,0.001059072
862020,0.001154048
862055,0.000537088
862085,0.000114688
862182,0.000100096
862201,0.000772608
862232,2.4832e-05
862245,7.68e-05
862277,0.000209152
862310,7.6032e-05
862313,0.000517376
862353,1.1008e-05
862369,0.000387584
862372,0.000716288
862383,2.9184e-05
862420,0.001102848
862467,6.6304e-05
862478,0.001082624
862499,9.4976e-05
862509,0.000786688
862558,0.000500992
862588,0.001187072
862591,0.000498944
862599,0.001248768
862622,0.00267776
862653,0.000571648
862678,0.001030144
862695,0.000109568
862727,0.00091264
862769,0.000165632
862804,1.2544e-05
862806,0.001270784
862827,0.000182272
862840,0.00292224
862893,0.006125568
862934,0.000674816
862949,0.00090752
862968,0.000203776
863025,2.7136e-05
863044,0.000128768
863047,0.000410368
863058,0.002114048
863083,0.00047488
863099,0.000244224
863137,0.000174848
863155,0.000325888
863219,0.000890624
863234,0.00025856
863279,6.0928e-05
863307,0.000454656
863356,6.016e-05
863390,0.000285184
863405,6.8096e-05
863420,6.1696e-05
863428,0.00199936
863468,0.000496384
863471,0.000329216
863498,3.328e-05
863501,0.000123136
863525,0.000148224
863544,0.000218368
863552,0.000402432
863575,6.1952e-05
863646,1.5104e-05
863687,5.5808e-05
863729,6.912e-06
863742,0.000101376
863756,0.000601856
863770,0.002177024
863791,0.0
863885,4.1984e-05
863894,5.632e-06
863920,2.3808e-05
863972,1.7664e-05
