sequence_number,time_taken_to_correct_ms
2,0.105472
3,0.091904
82,0.012032
95,0.001536
246,0.005632
255,0.112384
300,0.022784
350,0.168704
365,0.017664
384,0.822272
403,0.063488
478,0.05376
516,0.15488
607,0.028672
646,0.009472
714,0.11008
747,0.005632
765,0.080384
826,0.051712
869,0.097792
965,0.307456
982,0.059392
1105,0.036096
1207,0.048384
1234,1.019904
1335,0.034816
1463,0.689408
1526,0.001536
1577,0.122624
1582,0.2176
1637,0.0128
1773,0.022528
1799,0.02048
1814,0.013056
1836,0.015104
1897,0.068864
2013,0.034304
2021,0.002304
2082,0.023296
2122,0.0
2159,0.229888
2191,0.174592
2201,1.488128
2332,0.003328
2389,0.044032
2532,0.040448
2582,0.00256
2629,0.017664
2708,0.00384
2714,0.100096
2751,0.033536
2837,0.01024
2886,0.019968
2901,0.020736
2957,0.003328
3069,0.001024
3113,0.0192
3120,0.03456
3368,0.002304
3375,0.046336
3431,0.008704
3444,0.013568
3476,0.022528
3565,0.013312
3599,0.141312
3636,0.273408
3692,0.036864
3727,0.189952
3749,2.102272
3802,0.00896
3815,0.114688
3844,0.013568
3915,0.063744
3947,0.03072
3964,0.018432
3976,0.128
4038,0.03072
4119,0.026624
4185,0.095232
4256,0.000768
4351,0.012544
4353,0.128768
4397,0.502528
4463,0.102912
4540,0.041984
4577,0.077824
4634,0.134144
4651,0.694784
4758,0.02304
4915,0.019968
4924,0.061184
4962,0.0192
5092,0.0192
5175,0.02176
5176,0.14976
5207,0.233728
5334,0.178176
5533,0.01152
5550,0.010496
5571,0.000512
5576,0.013056
5590,0.180224
5591,0.195072
5621,0.076288
5695,0.00128
5700,0.017408
5727,0.032
5742,0.010752
5776,0.01152
5778,0.015616
5803,0.003072
5841,0.324864
5905,0.011776
5909,0.063744
5954,0.097024
6045,0.01024
6083,0.00512
6170,0.361472
6308,2.591744
6366,0.210944
6387,0.061696
6418,0.039168
6439,0.051968
6513,0.025856
6570,0.036608
6628,0.229888
6656,0.027136
6759,0.005632
6774,0.249344
6806,0.07424
6836,0.021248
6864,0.013312
6981,2.8288
7000,3.969536
7086,0.000512
7097,0.052736
7116,0.10496
7144,0.00896
7163,0.054784
7254,0.03072
7312,0.020736
7398,0.007168
7437,0.030208
7470,0.213248
7537,0.0256
7564,0.121088
7565,0.126464
7668,0.012288
7693,0.033024
7732,0.033536
7843,0.02432
7870,0.04992
7893,0.1216
7909,0.02304
8029,0.018432
8100,0.011264
8149,0.00128
8179,0.093952
8186,0.117248
8209,0.086016
8323,0.009728
8355,0.055808
8368,0.020224
8432,0.070912
8486,0.054272
8531,0.027136
8621,0.082432
8624,0.284928
8676,0.002048
8751,0.126208
8772,0.027136
8808,0.055552
8862,0.033024
8898,0.734208
8934,0.0512
8959,0.018176
8986,0.038912
9024,0.149248
9040,0.136448
9236,0.230656
9266,0.035584
9300,0.02048
9367,0.06656
9391,0.096768
9403,0.103168
9537,0.006144
9581,0.078848
9639,0.050432
9747,0.513536
9750,1.422848
9849,0.000768
9895,0.044032
9922,0.04992
9934,0.066048
9986,0.72832
10019,0.077312
10028,0.08064
10131,0.002048
10168,0.270848
10233,0.031744
10264,0.005888
10293,0.001792
10294,0.15616
10342,0.109824
10370,0.020736
10390,0.014336
10434,0.031744
10517,0.023552
10542,0.827904
10585,2.40896
10686,0.031488
10707,0.033536
10709,0.015872
10744,0.0128
10764,0.042496
10799,0.022528
10850,0.074752
10898,0.0512
10938,0.018944
10983,0.002304
11017,0.012032
11026,0.04224
11124,0.076544
11128,0.145664
11138,0.159232
11164,0.103168
11183,0.038912
11188,0.001024
11252,0.016384
11293,0.01152
11332,0.02304
11382,0.02944
11443,0.05376
11519,0.044032
11537,0.092672
11639,0.013568
11720,0.00512
11725,0.624128
11811,0.013824
11944,0.002816
11960,0.662016
12183,0.001536
12199,0.014336
12366,0.052736
12377,0.03072
12410,0.032256
12452,0.031744
12536,0.001024
12538,0.000768
12552,0.07296
12570,0.036864
12594,0.002304
12696,0.00512
12719,0.032
12733,0.420352
12830,0.009984
12874,0.035584
12940,0.000512
12993,0.309504
13034,0.09856
13062,0.004096
13098,0.02048
13137,0.019712
13190,0.036352
13210,0.523264
13301,0.961536
13373,0.497152
13433,0.076544
13564,0.021504
13579,0.778496
13717,0.005376
13751,0.120064
13782,0.420352
13823,0.135936
13857,0.020224
13879,0.002304
13927,0.613632
13976,0.080384
14023,0.02816
14102,0.084992
14117,0.079872
14164,0.015616
14178,0.122624
14217,0.031488
14248,0.042752
14256,0.012544
14518,0.01408
14544,0.013312
14581,0.022272
14653,0.039424
14682,0.068864
14705,0.054784
14750,0.01024
14761,0.05248
14764,0.374272
14769,1.595904
14782,0.869888
14839,0.00512
14867,0.013312
15028,0.00256
15087,0.016128
15127,0.012032
15147,0.175616
15161,0.009472
15186,0.007168
15276,0.0064
15279,0.004352
15318,0.013824
15322,0.08576
15376,0.036352
15383,0.400128
15412,0.691968
15451,0.032512
15474,0.06272
15491,0.20992
15674,0.027904
15765,0.04864
15777,0.069632
15796,0.09088
15812,0.086016
15869,0.313344
15910,0.022016
15920,0.013568
15933,0.00256
15978,0.016896
15981,0.014848
15985,0.057344
16066,0.185088
16126,0.023296
16129,0.48768
16204,0.015616
16370,0.022272
16464,0.009472
16467,0.103936
16522,0.034816
16587,0.023296
16656,0.012544
16709,0.02048
16739,0.053504
16820,0.045312
16876,0.02816
16926,0.042752
16973,0.0128
17027,0.080896
17030,1.708544
17082,0.027392
17181,0.051968
17189,0.311296
17217,0.335616
17256,0.01024
17364,0.040704
17382,0.012288
17406,0.0576
17480,0.02176
17512,0.007168
17535,0.00512
17548,0.519936
17604,0.023296
17659,0.02304
17686,0.039424
17693,0.004864
17694,0.027648
17764,0.08576
17777,0.13696
17786,0.7616
17807,0.016384
17818,0.412928
17834,0.6784
17901,0.061696
17922,0.008704
17944,0.109824
17955,0.009984
17960,0.088832
17994,0.021248
18027,0.090368
18046,0.036352
18134,0.004864
18156,0.017152
18177,0.04992
18286,0.07808
18353,0.013824
18386,0.364288
18450,0.072448
18474,0.129024
18530,0.00384
18573,0.009984
18662,0.01152
18697,0.031232
18707,0.004608
18779,0.04992
18849,0.032768
18850,0.01024
18912,0.055296
18948,0.018944
18964,0.034816
18965,0.171776
18982,1.241856
19016,0.363008
19040,0.059136
19126,0.00128
19178,0.027648
19182,0.28032
19206,0.104704
19215,0.005888
19237,0.001536
19304,0.025856
19312,0.046848
19334,0.009728
19351,0.028672
19392,0.003328
19439,0.011776
19467,0.384256
19533,0.012288
19576,0.069888
19582,0.041472
19687,0.045056
19748,0.042752
19847,0.017152
19996,0.050944
20124,0.184576
20141,0.009728
20160,0.076032
20272,0.002048
20286,0.139776
20312,0.004096
20502,1.157632
20570,0.191488
20577,0.055296
20632,0.002816
20687,0.032
20721,0.00256
20772,0.00512
20776,0.007424
20785,0.030208
20807,0.020224
20847,0.045568
20898,0.001792
20946,0.063488
21061,0.053248
21100,0.040192
21129,0.006656
21239,0.010496
21244,0.017408
21283,0.027136
21335,0.022784
21376,0.0256
21452,0.029184
21473,0.000512
21496,0.018176
21526,0.031232
21539,0.00128
21661,0.038144
21663,0.057856
21737,0.072448
21802,0.571136
21847,0.279296
21906,0.051456
21919,0.031232
21965,0.083712
21994,0.027136
22015,0.075008
22113,0.009728
22218,0.01792
22248,0.206848
22367,0.019712
22394,0.149504
22401,0.120064
22501,0.02048
22566,1.004544
22682,0.064512
22756,0.00256
22795,0.210688
22865,0.02048
22907,0.00896
22920,0.03968
22959,0.004608
23067,0.01536
23156,0.135424
23165,0.412672
23250,0.002816
23298,0.120064
23350,0.464896
23391,0.016896
23408,0.064768
23438,0.032768
23535,0.056064
23566,0.007168
23579,0.045056
23600,0.01664
23641,0.005632
23642,0.01792
23663,0.007168
23664,0.244736
23747,0.040704
23764,1.144064
23784,0.369664
23820,0.017152
23846,0.100608
23849,0.045312
23886,0.036352
23901,0.047872
23919,0.194048
23921,0.000256
23940,0.036608
24021,0.013056
24142,0.009472
24171,0.164608
24223,0.026112
24305,0.009472
24330,0.012032
24345,0.065792
24457,0.023552
24482,0.038912
24537,0.00256
24551,0.02432
24636,0.033536
24664,0.064768
24706,0.064512
24731,0.029952
24765,0.002816
24783,0.037632
24877,0.053248
24887,0.037888
24932,0.007424
24964,1.379328
24984,0.884992
25082,0.056576
25187,0.119552
25344,0.169472
25385,0.307456
25430,0.017408
25497,0.009728
25499,0.011776
25527,0.003584
25536,0.020992
25553,0.052736
25566,0.643584
25586,1.339392
25663,0.027904
25681,0.101632
25757,0.0256
25827,0.025344
25859,0.000512
25898,0.00512
25919,0.065536
25939,0.003072
26018,0.00128
26054,0.00384
26056,0.022016
26129,0.008704
26165,6.555136
26186,0.255488
26314,0.001024
26326,0.162816
26358,0.05248
26381,0.14464
26467,0.050688
26637,0.02432
26661,0.0448
26726,0.03968
26764,0.0896
26818,0.209408
26842,0.103168
26937,0.034816
26962,0.022272
26966,0.01024
26971,0.019456
27031,0.056832
27113,0.05632
27202,0.012032
27232,0.020736
27354,0.01664
27364,0.1664
27420,0.096512
27438,0.029184
27546,0.021248
27709,0.000512
27722,0.006656
27796,0.00896
27802,0.01408
27817,0.004608
27835,0.00896
27863,0.009984
27907,0.005888
27945,0.241408
27964,1.787392
27997,0.009984
28015,0.152576
28090,12.738816
28199,0.225792
28260,0.00768
28309,0.03968
28327,0.214784
28355,0.476928
28385,0.009728
28437,0.022528
28471,0.10496
28528,0.036096
28564,0.158208
28579,0.15232
28585,0.039168
28587,1.87136
28661,0.002304
28687,0.000512
28730,0.04992
28777,0.061952
28827,0.003328
28871,0.001024
28916,0.003072
28980,0.018432
29038,0.06016
29048,0.018944
29062,0.003584
29107,0.027392
29121,0.015872
29179,0.076288
29227,0.000256
29252,0.419584
29310,0.041472
29330,0.651776
29394,0.00256
29402,0.010496
29422,0.100608
29490,0.020224
29508,0.059904
29615,0.088576
29690,0.128768
29741,0.033792
29765,3.533312
29998,0.017664
30007,0.01664
30027,0.02304
30053,0.434432
30111,0.000768
30150,0.159488
30191,0.023296
30196,0.11776
30264,0.002816
30287,0.023808
30353,0.036352
30357,0.00256
30380,0.072448
30455,0.005632
30568,0.229888
30724,0.018688
30806,0.004096
30826,0.194304
30852,0.020736
30952,0.012032
31022,0.207616
31057,0.044032
31077,0.004864
31121,0.007424
31157,0.017152
31189,0.009984
31255,0.009216
31297,0.004864
31337,0.026112
31372,0.103424
31521,0.017664
31680,0.08192
31702,0.01664
31744,0.000512
31754,0.005888
31755,0.019712
31854,0.427264
31956,0.00896
31967,0.001792
31988,0.380672
31999,1.63712
32079,0.012288
32121,0.174336
32150,0.022784
32164,0.017664
32179,0.267008
32223,0.019712
32275,0.00512
32294,0.129536
32410,0.00384
32430,0.049664
32512,0.000768
32539,0.065792
32573,0.035328
32628,0.01024
32663,0.023552
32713,0.25344
32775,0.174336
32783,0.40576
32837,0.006656
32852,0.007168
33031,0.027904
33094,0.00128
33130,0.030464
33176,0.022016
33205,0.112896
33264,0.0128
33266,0.006912
33283,0.060416
33322,0.000512
33366,0.086016
33394,0.142336
33395,1.536
33474,0.051968
33538,0.034048
33598,0.009728
33606,0.003328
33616,0.049664
33704,0.010752
33710,0.020224
33870,0.042496
33892,0.108544
33947,0.014592
33964,0.025088
34007,2.360832
34087,0.023296
34135,0.00384
34187,0.010496
34217,0.006912
34315,0.068864
34450,0.082944
34502,0.012544
34532,0.889344
34581,0.211712
34725,0.005632
34749,0.018688
34833,0.177152
34863,0.016384
34873,0.0064
34913,0.019712
35061,0.019456
35099,0.111872
35134,0.028416
35169,0.068352
35235,0.132096
35290,0.040704
35344,0.080128
35418,0.02688
35433,0.047616
35488,0.047872
35511,0.000768
35526,0.008704
35597,0.057856
35612,0.009472
35627,0.125184
35662,0.006912
35680,0.037376
35764,0.037376
35767,0.226816
35854,0.0192
35893,0.01664
35921,2.107136
35992,0.466944
36057,0.014336
36059,0.095744
36095,0.02816
36105,0.003584
36178,0.00768
36258,0.014848
36284,0.132352
36314,0.03584
36365,0.00512
36375,0.043776
36379,0.023808
36399,0.034304
36407,0.098304
36443,0.002304
36471,0.114688
36514,0.08064
36522,0.116224
36564,0.007168
36656,0.003072
36843,0.017664
36964,1.423104
36979,1.27616
37084,0.109056
37161,0.01024
37267,0.029184
37281,0.009728
37330,0.070912
37363,0.011264
37418,0.10496
37429,0.043264
37454,0.001024
37482,0.006656
37489,0.03584
37564,0.030464
37586,0.073216
37635,0.043264
37646,0.009984
37665,0.007168
37683,0.007424
37708,0.079616
37780,0.003328
37799,0.02304
38047,0.0832
38067,0.027136
38117,0.007424
38163,0.136704
38187,0.971264
38215,0.34688
38332,0.3456
38406,0.02688
38442,0.01024
38463,0.036096
38518,0.000256
38575,0.035328
38744,0.178176
38854,0.087808
38902,0.005632
39014,0.008448
39103,0.004864
39178,0.083712
39302,0.007936
39315,0.000256
39337,0.83456
39364,0.032
39407,0.028672
39518,0.0128
39559,0.005376
39623,0.000768
39647,0.073216
39674,0.004864
39773,0.014848
39823,0.647168
39906,0.758784
39957,1.001216
40010,0.018688
40060,0.052992
40125,0.288768
40382,0.172544
40447,0.018432
40489,0.076544
40595,0.147712
40601,0.71424
40716,0.066048
40773,0.014592
40844,0.051712
40877,0.000768
40896,0.038912
41159,0.002048
41178,0.07552
41184,0.032
41195,0.039424
41264,0.637696
41384,0.001536
41453,0.022272
41577,0.070144
41635,0.014848
41703,0.018176
41862,0.006656
41971,0.00512
42050,0.018176
42098,0.031488
42168,0.044288
42215,0.034304
42342,0.100608
42378,0.34176
42380,0.999168
42446,1.238784
42524,0.028416
42812,0.044288
42932,0.292864
42967,0.083456
42976,0.31744
43038,0.00512
43134,0.008704
43135,0.020992
43268,0.144128
43288,0.525312
43348,0.049408
43519,0.018688
43577,1.227008
43581,3.314688
43733,0.006912
43886,0.041216
44002,0.263936
44135,0.068608
44164,0.09984
44185,0.29312
44226,0.018432
44251,0.201984
44270,0.150272
44390,0.148224
44480,0.062464
44586,0.224256
44610,0.03072
44644,0.013056
44672,0.025344
44685,0.016384
44724,0.057344
44758,0.022528
44778,2.518272
44860,0.029696
44870,0.019712
44886,0.004608
44934,0.02176
45014,0.045568
45075,0.02176
45082,0.029952
45209,0.002816
45243,0.04864
45275,0.004096
45317,0.028672
45356,0.04352
45376,0.001024
45386,0.756224
45481,0.069376
45562,0.045568
45573,0.00768
45682,0.226304
45721,0.741376
45773,0.032
45848,0.000768
45881,0.018432
45890,0.018688
45931,0.090112
45955,0.076288
45965,0.148736
46015,0.023552
46034,0.015872
46070,0.00512
46106,0.014592
46112,0.034816
46125,0.02048
46158,0.219648
46194,0.0
46260,0.048128
46329,0.032768
46352,0.017408
46428,0.018432
46506,0.193024
46565,0.044288
46574,0.099072
46595,0.01664
46613,0.03584
46642,0.029952
46652,0.109568
46677,0.04352
46783,0.042752
46822,0.02944
46832,0.051968
46869,0.022272
46895,0.023552
46925,0.086784
46992,0.2048
47012,0.003072
47037,0.220416
47104,0.00256
47174,0.0064
47188,0.091904
47246,0.017408
47291,0.10496
47299,0.041472
47338,0.00768
47401,0.080896
47473,0.023808
47506,0.017408
47556,0.010496
47584,0.083968
47620,0.069376
47622,0.46592
47666,0.071936
47694,0.000256
47711,0.020736
47733,0.036096
47766,0.071936
47879,0.009984
47894,0.00128
48068,0.002048
48159,0.024064
48199,0.003072
48261,0.021504
48308,0.0384
48331,0.00256
48419,0.047104
48491,0.002048
48517,0.093696
48558,0.002304
48570,0.005888
48671,0.079616
48708,0.009472
48712,0.001792
48734,0.032
48748,0.039168
48761,0.365568
48781,0.0128
48808,0.683776
48843,0.046848
48846,0.009728
48881,0.007424
48932,0.016384
48943,0.008704
48962,0.029952
48983,0.65664
49081,0.02048
49131,0.026624
49170,0.041984
49180,0.057344
49299,0.01152
49322,0.0064
49406,0.044544
49579,0.019712
49642,0.602112
49729,0.020736
49755,0.00128
49802,0.250624
49827,0.02816
49886,0.00256
49908,0.02176
49930,0.00768
50037,0.07296
50044,0.058112
50081,0.027136
50165,0.827392
50187,1.924352
50218,0.005376
50250,0.064256
50279,0.136448
50309,0.01792
50331,0.069632
50405,0.012544
50475,0.919296
50582,0.230656
50620,0.119808
50681,0.026368
50726,0.025344
50764,0.047616
50776,0.345088
50858,0.129792
50908,0.058624
50981,0.008448
51004,0.142592
51050,0.054528
51126,0.037888
51182,0.0064
51230,0.063744
51264,0.091136
51287,0.024832
51306,0.034816
51361,0.055808
51370,0.937472
51462,0.013056
51505,0.013824
51546,0.02432
51626,0.012032
51722,0.014848
51777,0.019712
51806,0.025088
51828,0.005888
51883,0.03584
51909,0.055808
51944,0.008704
51976,0.011776
51980,0.1024
52019,0.00512
52077,0.053504
52099,0.086528
52119,0.067584
52159,0.02432
52233,0.079872
52241,0.08704
52300,0.037888
52354,0.018176
52370,0.076544
52403,0.02688
52415,0.060672
52439,0.044544
52467,0.048384
52520,0.091904
52522,0.06784
52559,0.07296
52577,0.007424
52593,0.333568
52675,0.051968
52738,0.032512
52859,0.032768
52932,0.006144
52976,0.02304
53001,0.043264
53036,0.029184
53067,0.019712
53136,0.043776
53165,0.053504
53178,0.51328
53276,0.040448
53301,0.045056
53362,0.078336
53400,0.069888
53443,0.01536
53456,0.025344
53471,0.0128
53493,0.056576
53518,0.033024
53581,0.070656
53604,0.027648
53610,0.001024
53625,0.027392
53717,0.021248
53720,0.012544
53758,0.066816
53824,1.868032
53873,0.007936
53892,0.071424
53992,0.040704
54000,0.00512
54020,0.1216
54083,0.042496
54091,0.0064
54205,0.223744
54248,0.054784
54271,0.032512
54302,0.042496
54379,0.14336
54384,0.13824
54537,0.021504
54628,0.001024
54679,0.045824
54740,0.008704
54770,0.133888
54896,0.031488
54964,0.024576
54981,1.46048
55015,0.008192
55109,0.020736
55117,0.030464
55154,0.049408
55167,0.08064
55232,0.023296
55290,0.043264
55302,0.002048
55334,0.018944
55379,0.020992
55411,0.017664
55425,0.342016
55486,0.013824
55494,0.000256
55520,0.000768
55522,0.035584
55586,0.076544
55629,0.030976
55651,0.02432
55664,0.066816
55676,0.011008
55684,0.02176
55750,0.013056
55770,0.146688
55802,0.015872
55910,0.049664
55943,0.054016
56111,0.027392
56142,0.047872
56164,0.022016
56197,0.31488
56266,0.033792
56282,0.01792
56353,0.019456
56449,0.030976
56485,0.003328
56520,0.023552
56577,0.045312
56588,0.02432
56696,0.012032
56710,0.086784
56775,0.001024
56776,0.103936
56779,0.012032
56843,0.008448
56876,0.031744
56903,0.014336
56919,0.123904
56977,0.025344
57079,0.031488
57114,0.077312
57150,0.004864
57159,0.645632
57198,0.010496
57244,0.005888
57271,0.0576
57328,0.028928
57333,0.005376
57361,0.001792
57364,0.179712
57365,9.160704
57457,0.013056
57498,0.03584
57520,0.001536
57546,0.009728
57582,0.035328
57601,0.05504
57617,0.006144
57681,0.03072
57687,0.7168
57748,0.005376
57833,0.013312
57870,0.029952
57894,0.013056
57916,0.000256
57946,0.014592
57975,0.05504
57987,0.034304
58022,0.012032
58040,0.005376
58046,0.302848
58111,0.078336
58194,0.003584
58210,0.01408
58212,0.039936
58255,0.059648
58401,0.0064
58434,1.412608
58563,0.029184
58633,0.027392
58751,0.014336
58834,0.017408
58847,0.052224
58876,0.07808
59018,0.23168
59044,0.24192
59119,0.005376
59147,0.013056
59164,0.13056
59166,0.605184
59214,0.000256
59254,0.035072
59301,0.774656
59354,0.293632
59415,0.752128
59517,0.044544
59526,0.00768
59556,0.034816
59586,0.090112
59686,0.05248
59710,0.089088
59761,0.010496
59764,0.072192
59782,0.037632
59872,0.135168
59893,0.021504
59930,0.093184
59992,0.018688
60034,0.551936
60086,0.024064
60148,0.023808
60190,0.001024
60231,0.01792
60241,0.016128
60246,0.075008
60365,0.498688
60424,1.02656
60461,0.081664
60496,0.023808
60501,0.298752
60523,0.04096
60546,0.004864
60612,0.191744
60639,0.003584
60665,0.015104
60716,0.07296
60802,0.066304
60828,0.089088
60870,0.020992
60920,0.002048
60943,0.0384
60978,0.026624
60985,0.111616
61082,0.02304
61166,0.011264
61326,0.073984
61346,0.009472
61403,0.003072
61406,0.025856
61423,0.01408
61459,0.028672
61489,0.056832
61570,0.032768
61582,6.227712
61649,0.19456
61710,0.17664
61812,0.045824
61831,0.032512
61913,0.004608
61934,0.066048
61944,0.125184
61984,0.01024
61998,0.005376
62025,0.02304
62032,0.03072
62086,0.077312
62118,0.052992
62144,0.095488
62163,0.113664
62178,0.10624
62288,0.030464
62314,0.018432
62344,0.056064
62377,0.048384
62388,0.036096
62443,0.014848
62498,0.025344
62524,0.040192
62557,0.01536
62757,0.004864
62793,0.00384
62846,0.485632
62875,0.086016
62906,0.03968
62953,0.116224
62980,0.014592
63019,0.011776
63038,0.020736
63058,0.003328
63152,0.047616
63183,0.020224
63256,0.002048
63328,0.044288
63342,0.050688
63380,0.098048
63437,0.011264
63452,0.000512
63458,0.059136
63502,0.005888
63571,0.023808
63582,0.017664
63624,0.087552
63639,0.004096
63692,0.043776
63740,0.088064
63763,0.137728
63795,0.119296
63886,0.01152
63948,0.186112
63966,0.034304
63977,0.166144
63992,0.232192
64033,0.153088
64129,0.004352
64143,0.015616
64160,0.57856
64217,0.011008
64270,0.054272
64300,0.023808
64370,0.129792
64424,0.091648
64489,0.046848
64577,0.029952
64696,0.044288
64732,0.038144
64739,0.026624
64790,0.007936
64850,0.002816
64922,0.033792
64969,0.00256
65044,5.626624
65097,0.024832
65137,0.027136
65176,0.117248
65180,0.014592
65183,0.78592
65297,0.22528
65370,0.018688
65398,0.22528
65407,0.007424
65459,0.27008
65514,0.019456
65597,0.007424
65633,0.002304
65744,0.109568
65767,0.004608
65776,0.188672
65850,0.00896
65879,0.005376
65920,0.060672
65994,0.014336
65998,0.025856
66067,0.048384
66093,0.087296
66159,0.105472
66251,0.013568
66265,0.030464
66285,0.006912
66364,0.087552
66451,0.00256
66493,0.031744
66550,0.047616
66646,0.005376
66652,0.250368
66706,0.056576
66752,0.000768
66780,0.254208
66927,0.009216
66944,0.004352
66975,0.148224
67042,0.096512
67074,0.038912
67085,0.070656
67116,0.036864
67229,0.004864
67369,0.56192
67396,0.0256
67453,0.235008
67542,0.077568
67564,0.601856
67657,0.068352
67769,0.02432
67782,0.050432
67950,0.002304
68026,0.035072
68135,0.684032
68165,0.17408
68189,0.484864
68221,0.047616
68241,0.002816
68316,0.036096
68422,0.019712
68459,0.062464
68593,0.007424
68632,0.011264
68650,0.012032
68654,0.59264
68665,0.226048
68741,0.045568
68834,0.011008
68910,0.047616
68934,0.003072
68992,0.00384
68994,0.013312
69006,0.028928
69065,0.05888
69079,0.368384
69166,0.003328
69168,0.001024
69237,0.021504
69257,0.023808
69263,0.005632
69301,0.032768
69376,0.073984
69392,0.298496
69406,0.07936
69448,0.053248
69466,0.005888
69495,0.29184
69554,0.002304
69626,0.005632
69673,0.011008
69713,0.021248
69731,0.071424
69789,0.011008
69850,0.001792
69922,0.029952
69979,0.50688
70134,0.353792
70261,0.0
70337,0.001024
70438,0.071936
70518,0.050944
70554,0.099328
70576,0.352256
70635,0.001536
70648,0.04352
70671,0.03328
70766,0.023808
70823,0.006144
70895,0.143104
71042,0.027904
71139,0.050944
71182,0.105984
71199,0.048384
71213,0.031232
71274,0.009472
71407,0.06144
71436,0.001024
71514,0.045568
71597,0.00512
71603,0.036608
71628,0.11008
71638,0.050688
71667,0.184576
71701,0.029184
71753,0.013568
71766,0.196864
71778,0.043264
71782,0.260864
71787,2.14016
71920,0.343808
71944,0.084736
71985,0.382464
72044,0.118272
72112,0.039424
72165,0.018688
72190,0.015616
72252,0.032
72364,0.101376
72408,0.050688
72445,0.011264
72496,0.01024
72551,0.026368
72568,0.106496
72671,0.051456
72737,0.035584
72780,0.024832
72842,0.012544
72899,0.002816
72908,0.028928
72938,0.062208
72961,0.060928
72982,0.041984
73053,0.016896
73072,0.18176
73105,0.032
73171,0.013312
73255,0.077824
73298,0.065024
73333,0.028416
73400,0.000256
73427,0.015872
73438,0.011264
73473,0.015104
73498,0.123904
73564,0.005888
73565,0.017152
73665,0.086528
73691,0.02048
73852,0.036096
73894,0.000256
73908,0.045568
73937,0.024064
74027,0.173568
74143,0.017408
74164,0.025344
74180,0.01664
74186,0.195584
74271,0.080128
74292,0.01152
74314,0.040192
74347,0.02944
74357,0.036352
74522,0.004352
74611,0.684288
74644,0.008704
74676,0.005632
74755,0.059136
74796,0.064256
74805,0.047104
74841,0.003328
74883,0.00512
74912,0.025088
75035,0.093184
75108,0.0448
75166,0.059136
75176,0.012288
75239,0.024064
75277,0.06272
75329,0.020224
75366,5.922816
75383,0.197632
75415,0.101888
75430,0.20224
75464,0.022016
75620,0.013056
75646,0.015872
75708,0.004608
75731,0.01152
75739,0.023552
75766,0.048896
75847,0.0128
75876,0.091648
75913,0.30464
75964,0.003328
75980,0.015616
76079,0.010496
76204,0.023296
76267,0.011264
76280,0.008704
76362,0.00512
76429,0.007424
76439,0.174592
76559,0.032
76585,0.022016
76590,0.161024
76609,0.036608
76657,0.01664
76693,0.079872
76750,0.014848
76787,0.004352
76794,0.071168
76857,0.00384
76982,0.085504
77177,0.07808
77183,0.424192
77244,0.043776
77254,0.003584
77274,0.089088
77405,0.2624
77460,0.030976
77493,0.005632
77565,0.07296
77703,0.025088
77777,0.0704
77850,0.044288
77884,0.008192
77921,0.270336
77932,0.028928
77960,0.01792
77987,0.0832
78104,0.153856
78146,0.028928
78216,0.00256
78227,0.076032
78271,0.001792
78381,1.721856
78499,0.008704
78559,0.024576
78600,0.023552
78641,0.003328
78658,0.072192
78721,0.067072
78749,0.058112
78804,0.01408
78859,0.025088
78959,0.022784
78975,0.010752
78983,0.0256
78990,0.206592
79063,0.075008
79086,0.093696
79126,0.017408
79185,0.015872
79212,0.032768
79279,0.02176
79294,0.154368
79344,0.16128
79543,0.003584
79565,0.095232
79577,0.005888
79607,0.096256
79776,0.017664
79812,0.285184
79868,0.013824
79895,0.086528
79947,0.011008
80024,0.007936
80118,0.028672
80178,0.055296
80181,0.811008
80217,0.008704
80274,0.024832
80275,0.321024
80319,0.027136
80354,0.002304
80431,0.01664
80456,0.098816
80497,0.0448
80507,0.068864
80537,0.002048
80618,0.128768
80660,0.019456
80680,0.023296
80754,0.041216
80776,0.92928
80946,0.064
80969,0.036352
81052,0.085504
81120,0.083712
81132,0.018176
81198,0.231168
81246,0.002816
81279,0.058624
81363,0.01664
81375,0.054528
81404,0.135168
81529,0.03456
81634,0.028928
81756,0.004096
81844,0.002048
81854,0.175104
81936,0.014592
81988,0.178688
82016,0.00512
82033,0.017152
82087,0.026112
82140,0.460032
82207,0.041984
82269,0.027136
82312,0.073984
82372,0.059904
82447,0.117504
82453,1.588736
82459,1.16864
82509,0.103168
82527,0.03456
82584,0.515584
82658,0.030976
82693,0.002816
82716,0.000512
82734,0.013824
82836,0.009728
83083,0.307712
83144,0.071424
83176,0.45952
83233,0.028928
83275,0.06656
83280,0.019712
83346,0.13184
83500,0.018432
83546,0.118272
83659,0.000512
83696,0.010752
83741,0.050688
83767,0.000256
83775,0.241408
83843,0.280576
83874,0.062976
83960,0.398592
84052,0.069376
84068,0.025088
84199,0.062464
84334,0.055552
84370,0.01664
84378,0.066048
84490,0.065792
84541,0.041984
84558,0.015872
84586,0.058112
84639,0.009984
84770,0.067584
84779,0.297216
84834,0.099072
84979,0.185344
85129,0.094464
85253,0.212736
85337,0.01024
85383,0.068608
85413,0.03712
85434,0.00128
85465,0.018688
85493,0.01792
85508,0.070656
85569,0.365056
85684,0.00896
85702,0.074752
85736,0.006912
85766,0.220928
85829,0.014336
85838,0.054784
85901,0.038912
85928,0.005888
85933,0.047616
86049,0.03328
86063,0.01792
86097,0.049152
86164,0.74368
86270,0.086016
86309,0.034816
86333,0.059904
86362,0.11264
86517,0.0064
86531,0.01152
86571,0.070912
86645,0.123136
86661,0.06912
86687,0.05632
86718,0.006912
86721,0.151808
86751,0.07296
86761,0.131584
86765,0.222208
86818,0.098304
86841,0.041472
86871,0.25088
86901,0.136704
86911,0.09216
86921,0.32384
86931,0.221952
86951,0.153856
86961,0.008192
86981,0.636672
87021,0.320768
87031,0.010496
87051,0.230656
87061,0.172544
87081,0.056576
87091,0.359936
87111,0.157952
87121,0.173568
87131,0.209664
87141,0.22272
87181,0.563968
87201,0.174848
87211,0.287744
87231,0.156672
87241,0.064256
87261,0.335872
87271,0.430592
87321,0.870144
87341,0.094208
87351,0.727552
87361,0.207872
87381,0.527872
87405,0.386816
87441,0.06784
87461,0.235264
87471,0.729088
87511,0.263168
87521,0.046336
87581,0.012032
87592,0.178944
87726,0.01152
87854,0.04608
87902,0.066048
87942,0.013056
87953,0.010496
87979,0.379392
88114,0.050432
88137,0.02432
88202,0.023552
88263,0.00384
88271,0.04864
88279,0.140544
88423,0.030976
88490,0.12032
88492,0.150016
88534,0.01024
88572,0.001536
88578,0.032768
88580,0.025344
88661,0.02432
88712,0.026368
88730,0.001536
88758,0.0064
88827,0.032512
88845,0.113152
88892,0.00256
88940,0.18176
88980,0.039936
89066,0.079872
89121,0.069376
89126,0.026624
89151,0.028672
89163,0.050176
89170,1.083136
89249,0.00128
89251,0.122112
89272,0.012288
89337,0.038656
89384,0.016896
89395,0.050432
89438,0.073984
89478,0.024064
89482,0.045056
89577,0.017152
89601,0.051712
89755,0.001024
89774,0.387584
89778,0.979968
89788,0.540672
89960,0.340992
90032,0.144384
90076,0.050176
90104,0.17152
90182,0.0384
90255,0.048896
90262,0.033792
90347,0.002816
90365,0.088064
90377,0.062208
90499,0.004096
90546,0.004864
90624,0.394752
90724,0.038656
90817,0.03712
90847,0.09472
90876,0.05376
90913,0.025344
90915,0.167168
90943,0.037888
90982,0.164608
91025,0.140544
91105,0.022272
91127,0.029696
91162,0.057856
91256,0.008448
91329,0.013568
91467,0.015616
91517,0.06528
91527,0.097024
91664,0.069376
91707,0.105728
91803,0.042496
91817,0.014592
91862,0.017664
91919,0.379136
91961,0.04096
91976,0.000512
92006,0.054784
92015,0.082944
92046,0.051456
92087,0.06528
92117,0.032512
92159,0.032
92196,0.054016
92213,0.131328
92319,0.1216
92333,0.789504
92517,0.104192
92566,0.00896
92592,0.01024
92622,0.036096
92628,0.00768
92673,0.079616
92713,0.252672
92759,0.00896
92764,2.494464
92806,0.04224
92833,0.072192
92871,0.111104
92892,0.294144
92978,0.020224
93036,0.19072
93071,0.013824
93086,0.013568
93148,0.064768
93192,0.005376
93281,0.009472
93305,0.216064
93355,0.11904
93366,0.11136
93383,0.361216
93400,0.294912
93439,0.148224
93483,0.000512
93493,0.017664
93606,0.010496
93648,0.014848
93668,0.023552
93713,0.017408
93750,0.02816
93766,0.03456
93787,0.006656
93805,0.828416
93857,0.127744
93957,0.11776
93977,0.384512
94097,0.42752
94165,3.35488
94252,0.0064
94382,0.0192
94430,0.00768
94495,0.063488
94553,0.069888
94582,0.10112
94638,0.015616
94774,0.826112
94801,0.3136
94818,0.015104
94959,0.008448
95000,0.002816
95007,0.056832
95076,0.034304
95176,0.235008
95254,0.0448
95304,0.052992
95317,0.141824
95362,0.014336
95392,0.07296
95548,0.00512
95597,0.01152
95623,0.008192
95644,0.014336
95710,0.029184
95725,0.093696
95772,0.034304
95782,1.06752
95848,0.316672
95943,0.108544
95988,0.010496
96027,0.078848
96090,0.10368
96147,0.046592
96201,0.0
96246,0.000768
96268,0.013056
96323,0.149504
96378,0.722432
96450,0.038912
96507,0.016128
96515,0.030464
96550,0.033024
96555,0.231424
96662,0.032256
96664,0.018176
96686,0.027648
96728,0.077056
96830,0.115456
96901,0.283648
96954,0.000512
96977,0.214528
97003,0.021504
97044,0.173056
97105,0.008704
97175,0.048384
97187,0.126976
97223,0.034048
97295,0.022784
97379,0.09984
97494,0.006912
97564,1.828096
97580,5.052672
97618,0.3776
97664,0.049664
97716,0.001536
97742,0.002304
97783,0.048384
97830,0.013312
97884,0.020224
97907,0.03712
97976,0.009984
98033,0.3584
98060,0.03072
98077,0.027648
98089,0.087808
98168,0.060416
98185,0.645376
98297,0.136192
98323,0.00512
98347,0.01792
98371,0.342272
98411,0.148992
98417,0.583424
98465,0.007936
98500,0.059904
98533,0.015616
98571,0.215296
98588,0.301056
98673,0.009472
98717,0.083968
98762,0.007168
98764,0.067584
98767,0.256
98890,0.041472
98909,0.932608
99030,0.064
99093,0.014592
99094,0.242944
99180,0.00128
99248,0.570624
99381,0.106752
99444,0.01408
99499,0.021248
99544,0.015616
99559,0.000512
99629,0.09472
99659,0.008192
99669,0.147968
99689,0.013312
99729,0.126464
99739,0.312832
99759,0.4736
99789,0.07424
99819,0.192768
99829,0.188928
99859,0.017408
99879,0.197376
99899,0.149504
99919,0.034816
99929,0.017152
99939,0.212992
99959,0.058624
99969,0.06784
99979,0.068864
100019,0.227072
100029,0.665088
100049,0.076032
100069,0.39168
100079,0.111872
100109,0.717056
100119,0.267008
100139,0.586752
100159,0.423168
100169,0.0064
100179,0.367104
100189,0.178688
100209,0.59392
100219,0.410624
100259,0.290816
100279,0.256256
100289,0.208128
100299,0.622848
100309,0.43136
100319,0.111104
100329,0.404224
100339,0.1408
100359,0.2048
100369,0.235776
100379,0.127232
100389,0.267008
100409,0.236544
100419,0.362496
100429,0.422656
100449,0.029952
100469,0.793088
100545,0.431616
100575,0.000256
100577,0.112896
100587,0.734976
100609,0.593152
100648,0.03072
100668,0.166912
100690,0.007424
100725,0.013824
100756,0.571648
100768,0.46208
100828,0.008704
100838,0.024576
100881,0.095232
100924,0.283136
100969,0.019712
101013,0.002048
101051,0.02048
101238,0.036096
101252,0.094208
101383,0.00384
101393,0.192
101441,0.010496
101445,0.116992
101476,0.003072
101490,0.287488
101532,0.002816
101559,0.03456
101619,0.076544
101750,0.039936
101780,0.085504
101945,0.027648
101960,0.299776
101990,0.562176
102015,0.005888
102046,0.05632
102070,0.003072
102176,1.55392
102282,0.0832
102321,0.062464
102350,0.026112
102365,0.262144
102378,0.030464
102400,0.074496
102429,0.014848
102506,0.0064
102520,0.061952
102610,0.079872
102812,0.022528
102849,0.08064
102942,0.086784
102965,0.079104
102982,0.009216
102983,0.01664
103140,0.004864
103154,0.04992
103270,0.075264
103332,0.000768
103334,0.356096
103447,0.022528
103544,0.100864
103564,0.231168
103660,0.009216
103719,0.045568
103776,0.004096
103800,0.095488
103882,0.008448
103957,0.099584
103975,0.021504
103988,0.00768
104049,0.002048
104055,0.015616
104095,0.002816
104159,0.03328
104177,0.040704
104192,0.162304
104253,0.023808
104286,0.508928
104353,0.013056
104391,0.004608
104442,0.001024
104466,0.006144
104506,0.007168
104532,0.013568
104595,0.03712
104741,0.000256
104746,0.086784
104764,0.005888
104775,0.057856
104784,0.094464
104815,0.04224
104988,0.002048
105058,0.074752
105068,0.130816
105109,0.037632
105156,0.012544
105185,0.108288
105208,0.048896
105242,0.025856
105265,0.016896
105319,0.01024
105354,0.021248
105375,0.117248
105382,0.502016
105404,0.08448
105407,0.144896
105469,0.061184
105501,0.016384
105572,0.03072
105601,0.050688
105653,0.013312
105747,0.004864
105777,0.053504
105909,0.338688
105943,0.216064
105988,0.021504
106042,0.22656
106069,10.579712
106138,0.389376
106168,0.008448
106180,0.00256
106209,0.045056
106232,0.028672
106264,0.009216
106271,0.139264
106320,0.019456
106347,0.00512
106376,0.356864
106435,0.000256
106467,0.002816
106500,0.000768
106535,0.020992
106553,0.00512
106565,0.11776
106583,0.37632
106646,0.210176
106781,0.014848
106802,0.016128
106827,0.0896
106878,0.004864
106954,0.010752
107046,0.027392
107101,0.152064
107161,0.006144
107174,0.016896
107179,0.747776
107260,0.013312
107290,0.014848
107496,0.01536
107580,0.01408
107632,0.021504
107639,0.017664
107669,0.016128
107675,0.022272
107704,0.0128
107725,0.384768
107765,0.013824
107777,0.114944
107793,0.782848
107861,0.01792
107863,0.945152
107934,0.01152
107948,0.01664
107961,0.004608
107971,0.207616
108015,0.084224
108055,0.154112
108156,0.11648
108210,0.018944
108267,0.046848
108366,1.632512
108410,0.026624
108447,0.307968
108566,0.000512
108731,0.088832
108754,0.029952
108920,0.06016
108942,0.000256
108961,0.000768
108977,0.102144
109018,0.109568
109078,6.734336
109127,0.061696
109148,0.02432
109172,0.005376
109203,0.025344
109237,0.00896
109357,0.015616
109388,0.034048
109420,0.073216
109520,0.10496
109553,0.057088
109567,0.011264
109582,1.238528
109642,0.01024
109660,0.036864
109692,0.049408
109748,0.082176
109764,0.024832
109779,0.561408
109791,0.027904
109827,0.012288
109832,0.110592
109869,0.002304
109931,0.055552
109973,0.04608
109987,0.063488
110017,0.016384
110041,0.058368
110157,0.015872
110180,0.0448
110203,0.065024
110240,0.006912
110252,0.052736
110336,0.023552
110355,0.01664
110400,0.27136
110460,0.001792
110484,0.058624
110539,0.012032
110649,0.260864
110750,0.04864
110776,0.052992
110779,0.520704
110823,0.004608
110849,0.0192
110866,0.201984
110893,0.011776
110939,0.194816
110969,0.339712
111009,0.001536
111059,0.021504
111069,0.122624
111089,0.104448
111109,0.020992
111119,0.034816
111129,0.076288
111149,0.137216
111169,0.093952
111173,0.009216
111189,0.042752
111219,0.370176
111229,0.026624
111249,0.051712
111259,0.343808
111269,0.040192
111299,0.322304
111319,0.0896
111339,0.143872
111349,0.114432
111359,0.55168
111364,0.793088
111378,0.047616
111389,0.465152
111409,0.189696
111419,0.04224
111449,0.139264
111479,0.178176
111489,0.51456
111499,0.142336
111509,0.2304
111519,0.57472
111539,0.329216
111559,0.248064
111569,0.00512
111579,0.383488
111599,0.141312
111619,0.460288
111629,0.233728
111639,11.682304
111689,0.0448
111699,0.261376
111709,0.228096
111719,0.279296
111729,0.270336
111739,0.135424
111749,0.027904
111759,0.357888
111769,0.248576
111778,0.9664
111809,0.190208
111839,0.062464
111849,0.640512
111879,0.747008
111889,0.633088
111909,0.59008
111939,0.55552
111985,0.118272
112145,0.028416
112326,0.01408
112405,0.074752
112458,0.111104
112595,0.01536
112607,0.019456
112752,0.128768
112995,0.0448
113007,0.067072
113027,0.002304
113095,0.005888
113098,0.090112
113132,0.036352
113164,0.048384
113180,0.035072
113240,0.081152
113261,0.482816
113324,0.02688
113339,0.0064
113410,0.003072
113459,0.033024
113533,0.12672
113569,0.002048
113690,0.01792
113722,0.06272
113844,0.00768
113875,0.01024
113924,0.004352
113931,0.1024
113988,0.049664
114042,0.002816
114050,0.002048
114070,0.124672
114112,0.064512
114158,0.075008
114168,0.80512
114315,0.039168
114364,0.026112
114370,0.01408
114376,0.959744
114501,0.032256
114545,0.006912
114588,0.003328
114675,0.006144
114679,0.046848
114721,0.003072
114752,0.001536
114768,0.049664
114818,0.018176
114924,0.035328
114955,0.024576
114967,0.243456
114980,2.059264
115041,0.041472
115102,0.076288
115145,0.000768
115178,0.084736
115194,0.01024
115196,0.183296
115259,0.002304
115284,0.00256
115400,0.00128
115471,0.049664
115484,0.00256
115565,0.001792
115575,0.068864
115581,0.601344
115616,0.06144
115650,0.0448
115684,0.009984
115695,0.011264
115735,0.031744
115775,0.009728
115783,0.030976
115833,0.004608
115874,0.041728
115915,0.019968
116008,0.00384
116034,0.00768
116043,0.02432
116080,0.006144
116122,0.000768
116135,0.032512
116166,0.06272
116234,0.042752
116258,0.011776
116268,0.220672
116335,0.023808
116348,0.058368
116445,0.029696
116517,0.076032
116546,0.143616
116616,0.011008
116640,0.01152
116644,0.023552
116692,0.013824
116757,0.004864
116773,0.084992
116778,1.710848
116838,0.004864
116901,0.218624
116944,0.543488
116952,1.46688
117020,0.29184
117090,0.001536
117107,0.016128
117178,0.009728
117312,0.00256
117327,0.013056
117376,0.093952
117384,0.03712
117427,0.544768
117544,0.061184
117656,0.003584
117762,0.0384
117777,0.046848
117791,0.274688
117907,0.048384
117944,0.000512
117995,0.589312
118157,0.032768
118189,0.041216
118250,0.019456
118346,0.001024
118428,0.064256
118489,0.069376
118521,0.35072
118566,0.106752
118582,0.120064
118697,0.054528
118821,0.01536
118939,0.001792
118963,0.040192
119118,0.032512
119156,0.085248
119164,0.274688
119179,0.025088
119198,0.446464
119270,0.00896
119277,0.070144
119308,0.0
119360,0.051456
119393,0.155904
119549,0.161792
119572,0.046592
119586,0.004096
119743,0.001024
119762,0.004352
119785,0.050176
119808,0.04224
119897,0.041472
119932,0.044544
120006,0.001792
120058,0.030464
120074,0.071424
120108,0.005632
120124,0.030464
120135,0.024832
120176,0.016384
120229,0.056064
120252,0.139264
120322,0.023296
120339,0.032768
120367,0.021504
120387,0.02304
120389,0.103168
120443,0.034304
120517,0.0832
120538,0.020224
120549,0.003584
120602,0.101888
120625,0.068096
120636,0.026112
120750,0.064768
120752,0.007936
120811,0.108544
120836,0.035584
120860,0.012032
120918,0.021248
120976,0.025856
120981,0.205568
121062,0.033536
121099,0.002048
121137,0.000256
121187,0.033024
121191,0.034048
121209,0.011008
121238,0.069632
121262,0.022272
121335,0.014336
121409,0.024576
121436,0.790784
121583,0.034048
121666,0.050432
121717,0.070144
121757,0.008448
121777,0.01152
121809,0.019968
121825,0.006912
121851,0.001024
121858,0.027136
121875,0.217088
121898,0.083456
121972,0.011776
121982,0.00128
122011,0.075008
122030,0.026368
122098,0.008704
122150,0.039936
122169,0.007424
122175,0.005888
122197,0.411136
122241,0.103168
122274,0.48128
122357,0.041984
122418,0.0256
122450,0.037376
122551,0.020224
122585,0.023552
122592,0.015104
122630,0.340992
122698,0.023552
122775,0.172032
122815,0.022784
122867,0.01024
122890,0.03328
122921,0.025856
122958,0.046336
122996,0.011008
123004,0.023808
123038,0.111872
123073,0.300544
123126,0.006144
123139,0.145152
123154,0.685312
123246,0.038144
123289,0.014336
123326,0.01792
123379,2.24768
123461,0.008704
123467,0.037888
123571,0.017152
123748,0.00256
123751,0.236544
123853,0.000256
123890,0.110848
123939,0.016128
123969,0.063232
123983,0.186624
124056,0.07296
124069,0.002048
124158,0.01792
124189,0.434176
124259,0.033024
124279,0.053248
124321,0.145152
124376,0.039424
124392,0.045312
124459,0.012544
124491,9.512704
124519,0.055552
124582,0.016128
124586,0.411648
124614,0.154368
124689,0.024064
124733,0.039168
124819,0.01664
124835,0.046336
124884,0.02048
124949,0.152832
124977,0.308736
125027,0.019968
125101,0.108288
125106,0.382976
125165,0.062464
125209,0.115712
125344,0.05888
125389,0.029952
125461,0.005376
125469,0.01152
125484,0.016128
125510,0.031232
125599,0.000256
125704,0.011008
125729,0.00384
125753,0.054016
125781,1.698048
125794,0.622848
125819,2.034432
126039,0.549888
126069,0.031232
126169,0.056832
126190,0.004608
126242,0.00128
126272,0.0448
126364,0.010752
126377,0.111104
126474,0.044544
126495,0.033536
126502,0.029184
126587,0.26624
126615,0.080896
126745,0.01536
126812,2.565376
126878,0.052992
126894,0.048896
126915,0.021248
127052,0.052736
127078,0.028928
127098,0.02688
127131,0.11264
127167,0.009216
127185,0.033792
127210,0.022784
127312,0.087808
127353,0.341504
127358,0.479232
127460,0.112384
127483,0.11008
127493,0.633856
127578,0.007424
127642,0.003072
127648,0.044288
127718,0.057344
127760,0.09856
127798,0.021504
127859,0.04864
127926,0.056064
128061,0.219136
128127,0.032768
128164,1.444352
128260,0.013568
128294,0.037632
128326,0.485376
128378,0.045056
128391,0.07936
128497,0.023552
128507,0.0128
128523,0.018176
128595,0.032768
128630,0.034816
128669,0.009728
128756,0.001536
128767,0.004352
128779,3.8784
128864,0.055296
128903,0.16
128935,0.034816
128986,0.016384
129020,0.004096
129100,0.002304
129128,0.0192
129163,0.047872
129181,0.080128
129225,0.26496
129301,0.036352
129322,0.00896
129364,0.065792
129377,0.070144
129380,2.5152
129454,0.099584
129497,0.068864
129511,0.01024
129587,0.020224
129600,0.013568
129632,1.265152
129740,0.047616
129800,0.029184
129876,0.112384
129897,0.040704
129952,0.006912
129981,1.696256
130061,0.070656
130086,0.880128
130118,0.069888
130166,0.01152
130212,0.004352
130248,0.072192
130267,0.085248
130390,0.00128
130446,0.018688
130478,0.280832
130500,0.598272
130502,2.120704
130581,0.109824
130603,0.983808
130649,0.02048
130673,0.006144
130835,0.072192
130862,0.039936
130929,0.015616
130973,0.00256
130975,0.034304
131083,0.047616
131104,0.09088
131160,0.023808
131177,0.52608
131217,0.175872
131262,0.0064
131321,1.942784
131389,0.18048
131566,0.042752
131575,0.034048
131623,0.15232
131672,0.0576
131698,0.050432
131733,0.013568
131781,0.92288
131843,0.001024
131981,0.022528
131994,0.772352
132065,0.553216
132132,0.018688
132186,0.013312
132195,0.016896
132198,0.008704
132225,0.026368
132231,0.0448
132278,0.044544
132293,0.102912
132343,0.008192
132364,0.025088
132380,0.04736
132548,0.028928
132586,0.130304
132695,0.00384
132713,0.028416
132814,0.001792
132880,0.2368
132926,0.030208
132947,0.100352
132967,0.018944
133006,0.076288
133129,0.016896
133137,0.009216
133166,0.011776
133197,0.06784
133230,0.011008
133281,0.00384
133287,0.002816
133311,0.033024
133462,0.010752
133503,0.159488
133540,0.005888
133564,0.027136
133579,0.04224
133588,0.054784
133614,0.003072
133636,0.007936
133680,0.002304
133717,0.21504
133749,0.026368
133880,0.007424
133935,0.088832
133953,0.193792
134013,0.015104
134037,0.017152
134099,0.0128
134130,0.002304
134164,0.093184
134178,0.016128
134179,0.187648
134181,1.371136
134216,0.072192
134246,0.229888
134294,0.075264
134346,0.103936
134409,0.068864
134434,0.013568
134515,0.072448
134576,0.031744
134593,0.013824
134725,0.09984
134732,0.10112
134774,0.004864
134779,0.08704
134780,1.89056
134879,0.071424
134888,0.151296
134926,0.0064
135016,0.098304
135077,0.002048
135166,0.005632
135226,0.01792
135241,0.078848
135265,0.029696
135291,0.014592
135316,0.038656
135365,6.964736
135439,0.032768
135450,0.103424
135467,0.064512
135533,0.006656
135562,0.036352
135607,0.000512
135655,0.020992
135672,0.000768
135689,0.017152
135776,0.011008
135815,0.007168
135867,0.008192
135964,1.270784
136007,0.066304
136060,0.280576
136189,0.037632
136200,0.040448
136361,0.160768
136432,0.064256
136443,0.036608
136474,0.013568
136478,0.056832
136526,0.06784
136613,0.005632
136666,0.004864
136739,0.00768
136749,0.004352
136762,0.041728
136783,0.036352
136870,0.013824
136878,0.139264
136934,0.06528
136971,0.036864
137038,0.019712
137049,0.023296
137088,0.009472
137108,0.0064
137135,0.02688
137179,0.573696
137184,0.379136
137247,0.043008
137338,0.025856
137355,0.01024
137373,0.00384
137375,0.15872
137406,0.077056
137473,0.004096
137492,0.036864
137522,0.014336
137578,0.090112
137625,0.009984
137733,0.00384
137739,0.072448
137744,0.045056
137768,0.193024
137817,0.035328
137829,0.295424
137895,0.096
138243,0.027392
138275,0.013568
138304,0.02048
138332,0.005632
138378,0.073216
138405,0.004096
138426,0.069376
138507,0.980736
138564,0.05504
138603,0.017664
138668,0.027136
138744,0.041472
138781,0.046592
138800,0.054016
138876,0.071168
138906,0.002304
138950,0.215552
138984,0.006144
139010,0.209408
139086,0.006144
139093,0.012032
139119,0.075008
139120,9.526784
139186,0.003328
139201,0.075008
139251,0.014336
139290,0.03328
139321,0.098048
139391,0.001024
139405,0.02304
139485,0.000768
139511,0.014848
139518,0.39808
139560,0.101376
139575,0.002304
139629,0.110848
139631,0.117504
139667,0.003328
139733,0.037888
139764,0.01536
139789,0.001024
139811,0.013056
139875,0.009472
139941,0.009216
140044,0.005376
140178,0.050688
140234,0.013824
140309,0.30976
140464,0.034816
140491,0.10112
140527,0.024832
140560,0.010496
140584,0.0
140615,0.057088
140618,0.008704
140648,0.004352
140659,0.050688
140689,0.21632
140717,0.303104
140764,0.082944
140779,1.491712
140840,0.222208
140880,0.034304
140892,0.00256
140928,0.005632
140957,0.02176
140976,0.001024
141006,0.047104
141045,0.058624
141069,0.019456
141110,0.00896
141118,0.033792
141146,0.049664
141175,0.009472
141207,0.018944
141226,0.779264
141275,0.025344
141297,0.161536
141329,0.003584
141349,0.000768
141368,0.024064
141374,0.213504
141381,0.201984
141392,0.126464
141394,0.163328
141487,0.004352
141556,0.003584
141567,0.00512
141573,0.08704
141614,0.004864
141661,0.00384
141673,0.078592
141702,0.007168
141720,0.05376
141776,0.012032
141796,0.20224
141844,0.080128
141864,0.001536
141899,0.086272
141948,0.013312
141965,0.067328
141967,0.080384
142058,0.431104
142105,0.053248
142148,0.009984
142245,0.03968
142323,0.308224
142369,0.297728
142426,0.119808
142485,0.030208
142513,0.006656
142526,0.0128
142553,0.13952
142566,0.015616
142588,2.395392
142704,0.071936
142766,0.015104
142794,0.08832
142811,0.063744
142889,0.034304
142895,0.00384
142916,0.127232
142966,0.008704
143097,0.032
143103,0.101376
143157,0.09088
143175,0.033024
143177,0.726272
143198,0.145408
143245,2.31168
143258,0.634112
143306,0.04608
143347,0.000768
143586,0.015616
143652,0.02304
143726,0.006144
143766,0.020736
143771,0.039936
143779,1.104896
143859,0.012032
143881,0.007424
143915,0.007936
143973,0.051456
144026,0.006144
144044,1.852416
144128,0.015104
144225,0.008192
144245,0.034816
144256,0.041984
144292,0.011776
144329,0.088064
144360,0.025856
144366,0.114688
144476,0.078848
144536,0.025344
144563,0.038144
144583,0.141056
144629,0.002048
144632,0.046848
144643,0.007936
144651,0.015104
144704,0.117504
144720,0.235008
144739,0.01536
144774,0.00896
144867,0.034304
144945,0.000512
144953,0.07168
145059,0.003072
145075,0.005632
145091,0.043264
145140,0.013568
145149,0.034048
145192,0.005376
145199,0.0064
145230,0.199424
145292,0.012544
145372,0.015104
145385,0.049152
145475,0.009728
145512,0.166656
145577,0.00896
145580,0.005376
145591,0.039936
145615,0.04352
145630,0.040448
145682,0.003328
145695,0.154624
145732,0.016896
145787,0.144128
145825,0.01664
145866,0.073472
146119,0.029184
146156,0.058624
146177,0.063232
146208,0.005632
146271,0.075776
146288,0.027648
146334,0.032
146361,0.078336
146434,0.042496
146443,0.76288
146537,0.033024
146564,0.018432
146577,0.824064
146592,0.173824
146660,0.013312
146667,0.001792
146713,0.011264
146779,0.163584
146861,0.033024
146894,0.059904
146942,0.625408
147031,0.566784
147085,0.01664
147127,0.013568
147143,0.04224
147162,0.030464
147203,0.000768
147207,0.013312
147222,0.00896
147251,0.018432
147274,0.023552
147297,0.012032
147350,0.02176
147368,0.005632
147378,0.065024
147390,0.799744
147481,0.006144
147546,0.02048
147570,0.115968
147610,0.007168
147639,0.035072
147661,0.000512
147677,0.020992
147735,0.000256
147780,0.088064
147806,0.025344
147813,0.017664
147840,0.256768
147897,0.024576
147927,0.019712
147950,0.038656
147977,0.032256
148006,0.016896
148050,0.009472
148073,0.486144
148120,0.022784
148156,0.019968
148202,0.036608
148227,0.024832
148269,0.029184
148273,0.064768
148303,0.079104
148331,0.002816
148371,0.152832
148422,0.019456
148494,0.003584
148566,0.043008
148599,0.228096
148667,0.052736
148698,0.022784
148718,0.035072
148739,0.016128
148810,0.04864
148820,0.04736
148879,0.037632
148894,0.00128
148909,0.017664
148954,0.007424
148965,0.005376
149023,0.06272
149125,0.076032
149151,0.03968
149182,0.086016
149184,0.12928
149256,0.023296
149270,0.026368
149316,0.013312
149340,0.027136
149448,0.009728
149465,0.060928
149486,0.040192
149510,0.119552
149556,0.013824
149602,0.008448
149659,0.041472
149664,0.066048
149764,0.022016
149765,0.018176
149782,0.38272
149820,0.018944
149965,0.003584
150035,0.010752
150152,0.020224
150156,0.007936
150189,0.01536
150262,0.04992
150355,0.039168
150383,0.091392
150433,0.008192
150479,0.001536
150567,0.167424
150628,0.389888
150676,0.015104
150687,0.03328
150732,0.06272
150844,0.028416
150857,0.00384
150910,0.017152
150928,0.0192
150975,0.013056
150999,0.02688
151065,0.004096
151123,0.054016
151156,0.027648
151166,0.006656
151170,0.015872
151222,0.005888
151231,0.018432
151302,0.016384
151325,0.593664
151424,0.021248
151487,0.029952
151571,0.004864
151576,0.059136
151579,0.003072
151635,0.013056
151649,0.016896
151673,0.029952
151709,0.02816
151716,0.033024
151769,0.236288
151829,0.020736
151871,0.001024
151937,0.003072
151959,0.011008
151994,0.002304
152014,0.027904
152031,0.038144
152071,0.006656
152089,0.038912
152114,0.020992
152131,0.044544
152177,0.20096
152244,0.017408
152382,0.036096
152471,0.272896
152500,0.026368
152543,0.01664
152551,0.0448
152664,0.081408
152743,0.02304
152764,16.248064
152837,0.121088
152960,0.005376
152993,0.014336
153062,0.026624
153081,0.032768
153119,0.012288
153149,0.028672
153161,0.04864
153176,0.032512
153203,0.123648
153243,0.032512
153264,0.011008
153283,0.035584
153287,0.027904
153344,0.014848
153364,0.01152
153380,0.054528
153383,0.23424
153430,0.002816
153456,0.004096
153500,0.008704
153507,0.049408
153558,0.059648
153585,0.009728
153590,0.432896
153625,0.11904
153650,0.216576
153716,0.011776
153756,0.04864
153792,0.000256
153989,0.018944
154158,0.033024
154182,0.004096
154200,0.00128
154258,0.00128
154304,0.013568
154309,0.61568
154536,0.024576
154564,8.007424
154693,0.082176
154704,0.009472
154744,0.02432
154748,0.027392
154785,0.011776
155062,0.005632
155131,0.005888
155180,0.142336
155202,0.03712
155230,0.051456
155238,0.028416
155273,0.020224
155368,0.048896
155411,0.000512
155462,0.031232
155537,0.053504
155597,0.001024
155704,0.030208
155722,0.014592
155778,0.019456
155791,0.20864
155810,0.092416
155835,0.125952
155873,0.004864
155892,0.01408
155902,0.01408
156065,0.04096
156114,0.206592
156132,0.031488
156255,0.042496
156295,0.382208
156350,0.002816
156366,0.023808
156380,1.899008
156498,0.616192
156570,0.004608
156674,0.024576
156714,0.094464
156726,0.00896
156751,0.036352
156771,0.03584
156800,0.023552
156840,0.037888
156904,0.01792
156915,0.084224
156954,0.00896
156988,0.284672
157035,0.064256
157061,0.0192
157066,0.012544
157083,0.0192
157116,0.082432
157197,0.006144
157341,0.096
157375,0.021504
157465,0.001536
157488,0.036352
157513,0.1152
157575,0.187648
157661,0.073472
157721,0.004864
157744,0.00512
157809,0.016384
157864,0.02816
157868,0.0128
157899,0.0448
158040,0.004608
158124,0.007168
158145,0.256768
158175,0.024576
158178,0.278528
158182,0.006912
158186,0.36736
158249,0.0448
158269,0.039168
158303,0.053248
158380,0.007168
158424,0.0704
158466,0.014592
158615,0.028928
158644,0.154368
158707,0.061184
158745,0.0192
158778,0.04736
158846,0.0384
158857,0.016896
158895,0.012544
158923,0.508928
158975,0.017408
158980,0.016384
159051,0.011008
159057,0.005632
159066,0.003072
159076,0.01408
159094,0.394496
159194,0.058368
159210,0.05248
159228,0.065024
159269,0.001536
159294,0.01024
159326,0.033792
159358,0.018688
159375,0.104192
159380,0.620032
159463,0.00512
159529,0.014848
159555,0.080896
159603,0.059904
159637,0.023808
159662,0.0064
159783,0.02048
159788,0.005888
159857,0.016384
159880,0.085504
159906,0.02432
159964,0.143616
160046,0.003072
160084,0.009216
160163,0.054272
160234,0.007168
160238,0.006144
160337,0.034816
160394,0.00512
160446,0.028672
160561,0.020992
160604,0.030464
160680,0.004352
160705,0.027392
160740,0.013568
160777,0.118272
160827,0.0128
160877,0.07808
160896,0.311808
161026,0.024064
161106,0.000768
161148,0.202752
161213,0.446208
161258,0.040448
161272,0.032256
161367,0.140544
161382,0.054784
161450,0.029952
161518,0.056576
161562,0.068096
161736,0.024064
161743,0.01152
161776,0.34048
161783,0.150528
161804,0.472576
161926,0.060672
161992,0.002304
162063,0.002816
162138,0.002304
162148,0.03968
162193,0.009984
162251,0.038656
162305,0.018688
162361,0.048384
162378,0.488192
162415,0.073216
162478,0.161024
162516,0.073216
162563,0.009728
162577,0.078848
162633,0.099328
162663,0.027136
162666,0.056832
162783,0.00384
162824,0.031744
162858,0.023808
162896,0.003328
162994,0.003328
163040,0.020736
163051,0.912896
163181,0.000768
163184,0.025088
163274,0.013568
163311,0.053504
163375,0.045312
163444,0.04096
163497,0.145664
163553,0.01536
163568,0.019712
163731,0.0128
163743,0.007168
163818,0.012032
163847,0.006912
163875,0.002816
163889,0.0192
163907,0.004352
163939,0.066304
163974,0.01664
163999,0.015104
164101,0.010752
164135,0.060928
164152,0.013312
164181,0.081664
164251,0.002816
164271,0.017664
164310,0.066816
164330,0.015616
164394,0.006144
164472,0.00896
164502,0.006912
164526,0.100864
164593,0.022528
164630,0.010496
164700,0.025344
164710,0.028672
164740,0.038656
164763,0.083712
164781,1.751296
164795,0.946944
164868,0.036352
164886,0.001792
164913,0.01024
164940,0.087552
165007,0.041984
165060,0.029696
165110,0.026624
165181,0.040704
165280,0.33024
165335,0.10368
165362,0.007424
165387,1.84576
165504,0.000768
165517,0.011264
165561,0.014848
165571,0.000768
165610,0.000256
165661,0.033536
165712,0.017408
165732,0.001024
165737,0.002816
165783,0.069888
165798,0.05888
165872,0.017152
165877,0.187648
165902,0.006144
165936,0.080128
165964,0.047616
165975,0.018944
165985,0.011264
165987,0.246784
166000,0.252928
166050,0.035072
166065,0.02176
166117,0.055808
166131,0.020992
166154,0.041216
166284,0.00256
166309,0.009216
166355,0.035584
166392,0.000256
166398,0.004608
166420,0.012544
166468,0.013568
166474,0.0192
166482,0.00256
166489,0.04224
166576,0.202752
166756,0.006656
166764,0.012288
166778,0.01152
166797,0.045312
166850,0.37888
166900,0.005632
166973,0.042496
167004,0.026368
167015,0.059392
167046,0.106496
167078,0.041728
167127,0.017664
167146,0.194048
167178,0.031232
167186,0.879104
167221,0.017664
167282,0.013312
167353,0.01536
167418,0.063744
167464,0.005888
167479,0.04352
167519,0.035328
167552,0.043008
167569,0.29952
167604,0.317952
167638,0.00768
167735,0.00512
167767,0.00128
167782,3.173376
167789,0.699648
167893,0.770304
167969,0.449792
168012,0.027136
168046,0.025344
168058,0.254464
168105,0.010496
168146,0.259584
168201,0.020224
168220,0.013312
168228,0.063488
168252,0.013056
168289,0.009216
168314,0.008192
168365,0.130304
168404,0.02048
168439,0.026368
168458,0.045568
168508,0.03712
168542,0.049664
168604,0.01664
168620,0.018432
168717,0.05888
168812,0.045824
168899,1.182464
169044,0.455168
169069,0.735744
169143,0.0384
169183,0.0128
169208,0.031488
169218,0.000768
169230,0.037632
169243,0.032512
169340,0.001792
169390,0.034048
169496,0.045056
169520,0.04224
169581,6.043392
169667,0.150016
169700,0.015104
169856,0.05248
169943,0.001024
170017,0.005888
170060,0.032512
170099,0.02688
170129,0.007168
170175,0.721408
170208,0.422144
170263,0.006144
170292,0.101376
170323,0.038144
170360,0.29568
170451,0.814336
170484,0.04352
170531,0.000256
170570,0.128256
170669,0.062976
170729,0.114688
170759,0.014592
170842,0.016896
170870,0.11008
170971,0.011008
171040,0.015616
171050,0.060416
171087,0.008192
171104,0.0704
171109,0.065792
171139,0.00384
171141,0.004352
171287,0.009984
171294,0.064512
171312,0.016896
171377,0.1024
171383,0.134912
171439,0.02688
171472,0.00768
171499,0.032256
171508,0.010496
171517,0.030208
171566,0.038656
171583,0.04864
171606,0.087808
171656,0.077056
171692,0.056576
171725,0.12288
171789,0.034304
171814,0.027136
171834,0.018944
171869,0.008448
171916,0.04352
171944,0.014848
171960,0.005888
172020,0.005888
172021,0.003584
172136,0.007936
172144,0.006656
172196,0.079616
172226,0.00384
172264,0.027136
172270,0.116736
172290,0.019712
172313,0.059136
172321,0.05376
172428,0.000512
172504,0.019456
172538,0.160768
172566,0.034816
172576,0.082176
172633,0.018688
172759,0.014848
172765,0.067328
172841,0.06016
172926,0.01664
172937,0.020736
172951,0.0576
173009,0.000256
173029,0.882688
173109,0.016896
173153,0.069632
173232,0.060672
173267,0.014336
173282,0.093952
173338,0.020224
173470,0.085504
173491,0.02944
173503,0.039936
173571,0.082944
173686,0.018944
173776,0.141824
173815,0.33536
173927,0.067328
173971,0.145408
174056,0.001792
174065,0.006144
174078,0.029696
174131,0.007424
174143,0.034048
174222,0.000768
174242,0.092928
174270,0.279296
174365,0.150272
174367,0.10752
174444,0.039936
174492,0.212736
174585,0.001024
174588,1.248
174636,0.007424
174640,0.016128
174692,0.00768
174702,0.28544
174704,0.039168
174732,0.084736
174742,0.1792
174752,0.135168
174771,0.065024
174792,0.088064
174802,0.017408
174812,0.161792
174822,0.1408
174842,0.05504
174852,0.319488
174892,0.294912
174912,0.10752
174922,0.003328
174932,0.163328
174942,1.03296
174964,0.005376
174972,0.145152
175002,0.269056
175032,0.376576
175042,0.069888
175052,0.253696
175082,0.377088
175092,0.104448
175132,0.08576
175142,0.08448
175172,0.280832
175222,0.070144
175242,0.727552
175272,0.357376
175292,0.862976
175312,0.94208
175322,0.52096
175362,0.395776
175415,0.001536
175422,0.073728
175518,0.020992
175541,0.136704
175583,0.017152
175615,0.03712
175644,0.040704
175706,0.017152
175726,0.012544
175728,0.671744
175795,0.003584
175984,0.000512
176008,0.011008
176025,0.003072
176094,0.001792
176109,0.002304
176153,0.019712
176168,0.01024
176178,0.033792
176182,0.223488
176220,0.076032
176230,0.052992
176266,0.028672
176324,0.027904
176336,0.160512
176388,0.040448
176413,0.030464
176432,0.017152
176543,0.033536
176670,0.303616
176717,0.118528
176789,0.14592
176881,0.041472
176919,0.010496
176992,0.002304
177057,0.030464
177107,0.013568
177114,0.00384
177179,0.018176
177205,0.016128
177260,0.00256
177314,0.02944
177361,0.011776
177400,0.218368
177451,0.03328
177539,0.040704
177644,0.024576
177734,0.016128
177752,0.118784
177782,0.109312
177859,0.018432
177891,0.005888
177928,0.032512
177943,0.0064
178067,0.000512
178074,0.012544
178083,0.003584
178133,0.032
178235,0.018688
178310,0.091136
178322,0.160512
178363,0.150016
178393,0.013056
178406,0.022784
178433,0.009472
178494,0.00512
178542,0.144128
178576,0.004096
178587,0.104704
178595,0.062976
178634,0.01152
178701,0.013056
178740,0.047104
178756,0.001792
178796,0.012544
178983,0.013568
179008,0.005376
179040,0.105472
179098,0.065024
179144,0.091648
179164,0.001536
179175,0.067328
179179,0.158464
179202,0.164864
179276,0.038656
179376,0.001024
179393,0.029184
179449,0.038912
179505,0.00128
179511,0.013312
179556,0.013312
179575,0.022784
179704,0.025856
179738,0.011776
179760,0.018176
179762,0.127232
179783,1.28768
179789,1.028864
179869,0.027392
179896,0.000768
179977,0.01024
180058,0.011776
180073,0.059904
180098,0.065792
180113,0.00256
180125,0.064
180158,0.09088
180213,0.005888
180231,0.023296
180380,0.09088
180572,0.004864
180648,0.000768
180657,0.009728
180736,0.001536
180770,0.068864
180842,0.012288
180972,0.047872
180981,0.119296
181077,0.034816
181088,0.046336
181134,0.018176
181140,0.01536
181165,0.022528
181206,0.257536
181240,0.064
181306,0.03968
181335,0.082688
181380,0.050432
181446,0.000256
181533,0.562176
181570,0.032512
181587,0.021504
181698,0.001024
181750,0.04224
181779,0.037632
181888,0.037376
181893,0.003328
181950,0.07424
181973,0.009728
181998,0.008704
182016,0.003328
182050,0.0128
182062,0.077824
182165,0.028672
182197,0.39808
182236,0.064512
182267,0.052992
182328,0.02048
182343,0.193536
182390,0.004608
182433,0.615936
182556,0.043264
182580,0.007168
182712,0.01536
182776,0.035072
182852,1.668352
182894,0.036864
182926,0.021504
182955,0.003072
182993,0.004352
183006,0.013824
183076,0.009472
183133,0.00384
183188,0.010752
183207,0.187136
183258,0.015872
183310,0.009472
183316,0.082432
183372,0.004096
183376,0.045312
183380,0.402688
183522,0.0448
183563,0.599296
183633,0.010752
183714,0.03328
183746,0.007424
183776,0.035072
183805,0.007168
183826,0.196096
183858,0.060672
183888,0.018432
183904,0.006144
183914,0.006144
183954,0.00512
183967,0.109312
183977,0.041728
183982,0.013312
184036,0.403456
184074,0.064
184166,0.13184
184215,0.018432
184244,0.0256
184246,0.009728
184272,0.010752
184277,0.3968
184384,0.08704
184410,0.755456
184452,0.566784
184479,0.15232
184511,0.054528
184536,0.009984
184555,0.005632
184577,0.142336
184623,0.0384
184704,0.25216
184804,0.005376
184884,0.058112
185015,0.032768
185101,0.011776
185144,0.001792
185171,0.013056
185439,0.009216
185455,0.035584
185483,0.027392
185534,0.01536
185570,0.018432
185641,0.164864
185656,1.283584
185730,1.94048
185765,0.181504
185766,0.980992
185894,0.000512
185960,0.02688
186007,0.004608
186041,0.02304
186055,0.067072
186118,0.027136
186159,0.00384
186250,0.037632
186289,0.007168
186349,0.025344
186371,0.057856
186379,0.109056
186547,0.081408
186556,0.043776
186567,0.438784
186613,0.039168
186648,0.054272
186673,0.128512
186786,0.164352
186959,0.0256
186964,1.472512
187064,0.009216
187126,0.020736
187158,0.033536
187210,0.013568
187216,0.012288
187247,0.018688
187371,0.004608
187433,0.170496
187465,0.003584
187479,0.145408
187509,0.015616
187533,0.031488
187548,0.024064
187565,1.43872
187653,0.567296
187722,0.037632
187736,0.253696
187767,0.062464
187793,0.017664
187806,0.006912
187822,0.01792
187866,0.030464
188030,0.003072
188063,0.013824
188087,0.016128
188119,0.003072
188160,0.061696
188180,0.12544
188225,0.047616
188302,0.019968
188319,0.14976
188397,0.00896
188427,0.026112
188446,0.001536
188523,0.182016
188598,0.077824
188626,0.040448
188656,0.029696
188682,0.004352
188695,0.158464
188738,0.027648
188781,0.219648
188811,0.545536
188835,0.171264
188910,0.024064
188936,0.00768
189000,0.105472
189017,0.002304
189062,0.012544
189102,0.03456
189149,0.018176
189189,0.024832
189226,0.01024
189248,0.001792
189298,0.029184
189318,0.041984
189384,0.000512
189430,0.063232
189575,0.023296
189595,0.060672
189600,0.100096
189683,0.018176
189732,0.011776
189795,0.084224
189826,0.020736
189870,0.039936
189899,0.009728
189926,0.004096
189965,0.970752
189980,0.359936
189985,0.354304
190041,0.145664
190117,0.051968
190181,0.151296
190194,0.005888
190263,0.021504
190276,0.114432
190295,0.171776
190353,0.041216
190356,0.005632
190364,0.016128
190377,0.49792
190414,0.032
190560,0.001536
190578,0.000768
190619,0.068096
190673,0.048384
190719,0.269824
190766,0.059136
190808,0.0064
190843,0.043264
190899,0.017152
190971,0.00768
190993,0.018944
191017,0.02176
191075,0.022528
191118,0.12416
191218,0.080384
191272,0.018688
191313,0.032512
191429,0.108032
191494,0.05888
191515,0.033536
191545,0.030208
191671,0.011008
191682,0.003328
191708,0.019968
191738,0.05376
191775,0.59264
191940,0.008704
191952,13.632768
192044,0.03328
192052,0.0128
192083,0.00384
192127,0.004096
192144,0.009472
192164,0.08704
192174,0.98304
192233,0.01408
192270,0.0064
192302,0.051456
192333,0.00768
192411,0.005376
192474,0.0768
192616,0.047872
192673,0.031744
192734,0.00128
192802,0.041472
192899,0.105472
192912,0.00768
192922,0.05504
192965,0.002816
192983,0.31872
193033,0.0
193105,0.013824
193218,0.01792
193283,0.075776
193355,0.004864
193416,0.00512
193428,0.01664
193446,0.041728
193490,0.005376
193579,0.197632
193651,0.013824
193722,0.001024
193742,0.001792
193744,0.136704
193770,0.030976
193835,0.008192
193850,0.090368
193859,0.032512
193899,0.042752
193993,0.009728
194033,0.019456
194178,0.339712
194204,0.066816
194299,0.006144
194319,0.187392
194352,0.005888
194365,0.162304
194394,0.004096
194403,0.025344
194455,0.008192
194541,0.04096
194590,0.112128
194640,0.009984
194646,0.027136
194736,0.072448
194766,0.100352
194776,0.097792
194846,0.06144
194885,0.013056
194890,0.000512
194940,0.015872
194945,0.015616
194998,0.00256
195067,0.01024
195083,0.00256
195102,0.012544
195114,0.083456
195142,0.02688
195211,0.013056
195243,0.017664
195365,0.045056
195391,0.091392
195410,0.003072
195452,0.012288
195480,0.00128
195521,0.018688
195578,0.0128
195687,0.009216
195697,0.110848
195770,0.00512
195837,0.029952
195936,0.017664
195965,0.0128
195968,7.116288
196040,0.012288
196043,0.088832
196081,0.006656
196096,0.006144
196154,0.011776
196213,0.07424
196258,0.001536
196281,0.018176
196327,0.01152
196366,0.062976
196398,0.020736
196486,0.030976
196514,0.020224
196601,0.04736
196702,0.024832
196731,0.016384
196762,0.01664
196811,0.005632
196911,0.031232
196926,0.013312
196931,0.062976
197054,0.121088
197075,0.027904
197137,0.034816
197165,0.000256
197179,0.040704
197197,0.044544
197304,0.032768
197394,0.69504
197552,0.012032
197576,0.0128
197668,0.007424
197762,0.365312
197791,3.363584
197960,0.079616
198037,0.001024
198041,0.036096
198123,0.014848
198176,0.000768
198191,0.048896
198208,0.02816
198236,0.173568
198274,0.018688
198377,0.238848
198386,0.03968
198456,0.016896
198550,0.004096
198570,0.016896
198584,0.009216
198683,0.003328
198697,0.00128
198861,0.012032
198881,0.000768
198927,0.282624
198929,0.175872
198974,0.132096
198977,1.607936
199066,0.000768
199079,0.029952
199086,0.0256
199138,0.278016
199178,0.114688
199233,0.105728
199299,0.042496
199319,0.26752
199368,0.002048
199385,0.247808
199447,0.0
199471,0.025856
199488,0.096768
199564,0.044288
199584,0.40064
199617,0.035072
199684,0.089088
199718,0.038656
199737,0.067584
199779,0.0256
199794,0.411136
199936,0.159488
200003,0.046848
200050,0.077824
200079,0.00896
200141,0.01024
200165,0.162816
200199,0.023552
200210,0.227584
200236,0.036864
200242,0.321792
200299,0.012032
200319,0.065536
200338,0.011264
200417,0.030208
200502,0.881152
200594,0.03968
200614,0.033792
200620,0.181248
200666,0.709888
200692,0.166912
200728,0.041728
200743,0.007168
200778,0.25472
200814,0.050688
200842,0.002304
200858,0.016128
200887,0.13696
200964,0.073984
201052,0.065792
201098,0.026112
201139,0.023552
201193,0.198912
201245,0.229632
201253,0.114944
201267,0.040704
201286,0.00512
201302,0.064512
201365,0.060672
201375,0.052224
201382,0.517632
201451,0.065792
201473,0.013568
201522,0.010752
201559,0.01792
201587,0.021248
201632,0.0384
201641,0.0448
201751,0.057344
201827,0.009472
201844,0.062976
201884,0.00128
201921,0.004352
201951,0.03712
201984,0.206848
201986,0.36352
202037,0.002048
202044,0.107776
202144,0.046848
202161,0.00128
202206,0.035328
202227,0.024832
202267,0.00384
202281,0.030464
202337,0.013312
202365,0.018432
202393,0.031488
202463,0.028416
202486,0.005888
202501,0.192256
202537,0.015616
202632,0.002304
202801,0.064768
202864,0.007168
202955,0.0384
202988,0.00384
203000,0.003584
203025,0.011264
203070,0.219904
203164,0.002816
203167,0.013056
203213,0.035328
203272,0.013568
203297,0.015104
203361,0.059136
203402,0.020736
203413,0.060928
203454,0.061184
203514,0.030464
203673,0.029184
203703,0.030976
203767,0.013312
203783,15.18464
203860,0.518144
203881,0.034304
203933,0.001536
203936,0.003072
203948,0.030208
203986,0.007424
204014,0.008192
204046,0.265728
204104,0.124672
204251,0.034816
204312,0.00384
204333,0.019456
204364,0.0256
204371,0.592896
204415,0.036608
204457,0.011008
204468,0.001536
204492,0.000256
204580,0.60544
204649,0.077312
204705,0.036864
204710,0.012288
204730,0.10112
204740,0.327424
204790,0.052224
204810,0.005376
204820,0.606464
204850,0.374784
204870,0.0512
204890,0.172544
204910,0.237056
204930,0.065536
204950,0.18432
204960,0.080384
204975,0.219392
205010,0.068608
205020,0.25216
205040,0.152064
205050,0.883712
205070,0.265728
205090,0.14592
205100,0.11776
205110,0.119296
205116,10.062848
205192,0.066048
205222,0.017408
205278,0.013568
205373,0.01664
205405,0.083456
205452,0.076032
205499,0.001024
205516,0.014592
205564,0.114944
205578,0.178176
205589,0.182528
205638,0.008704
205657,0.052224
205819,0.066816
205832,0.007168
205874,0.007168
205886,0.046848
205952,0.003584
205973,0.0384
206079,0.032512
206142,0.001536
206156,0.022016
206182,0.109056
206189,0.672
206280,0.247552
206304,0.133376
206330,0.03072
206356,0.191232
206399,0.018176
206436,0.076544
206492,0.019456
206508,0.057856
206583,0.019456
206605,0.00384
206661,0.2688
206734,0.009216
206755,0.150272
206765,0.095488
206778,0.132864
206781,20.475904
206862,0.068352
206895,0.054272
206941,0.038656
206968,0.02176
207089,0.057856
207182,0.020992
207202,0.000768
207214,0.005632
207215,0.173056
207308,0.012032
207344,0.045568
207365,0.853248
207419,0.174592
207482,0.015104
207520,0.075008
207560,0.03328
207636,0.068096
207691,0.118272
207751,0.00384
207764,0.002816
207813,0.462592
207933,0.023296
207946,0.027136
207984,0.504832
208048,0.058112
208093,0.007936
208105,0.038656
208129,0.030208
208240,0.0448
208291,0.0128
208294,0.01536
208337,0.02048
208405,0.002816
208444,0.024832
208497,0.00512
208544,0.06784
208546,0.012544
208575,0.227584
208672,0.059392
208736,0.066816
208796,0.686336
208851,0.010752
208869,0.082944
208920,0.048384
208972,0.090624
209037,0.026112
209125,0.040448
209155,0.116224
209165,0.058112
209166,0.052224
209181,0.200192
209217,0.066304
209297,0.009472
209454,0.014336
209486,0.007168
209555,0.014336
209576,0.034304
209641,0.001792
209647,0.034304
209750,0.096512
209792,0.038144
209835,0.033024
209844,0.008192
209877,0.089856
209934,0.020736
209937,0.027904
210010,0.034048
210077,0.029184
210109,0.020224
210138,0.006656
210186,0.04992
210259,0.004608
210260,0.00256
210287,0.139264
210355,0.090112
210360,0.062208
210381,0.039936
210470,0.031744
210497,0.048384
210516,0.003584
210546,0.00384
210573,0.019712
210626,0.111104
210656,0.066304
210747,0.175104
210782,0.00768
210814,0.030464
210896,0.026112
210916,0.001024
210920,0.0128
210944,0.008448
211018,0.0192
211063,0.028928
211084,0.017152
211151,0.037632
211166,0.004352
211224,0.038912
211246,0.004096
211252,0.067328
211289,0.059392
211319,0.123136
211373,0.017408
211389,0.081664
211416,0.049152
211422,0.131072
211478,0.021504
211526,0.007424
211578,0.1152
211583,0.296448
211585,0.251392
211631,0.03968
211656,0.008192
211701,0.062464
211754,0.214784
211831,0.029952
211846,0.01152
211851,0.007168
211911,0.390912
212031,0.004608
212037,0.013312
212165,0.102656
212179,1.294848
212190,1.723904
212307,0.011264
212322,0.042496
212335,0.402432
212374,0.040704
212406,0.014592
212420,0.373248
212478,0.02048
212547,0.010752
212581,0.050688
212669,0.031744
212702,0.019712
212718,0.055296
212746,0.010496
212777,0.052224
212781,1.895936
212852,0.519936
212903,0.044032
212905,0.519168
212963,0.026624
212969,0.08192
213008,0.005632
213012,0.074752
213127,0.814336
213161,0.007936
213212,0.007168
213312,0.01408
213385,1.121536
213406,0.330752
213508,0.105728
213551,0.001024
213600,0.099328
213606,0.018944
213730,0.01408
213769,0.593664
213840,0.037632
213858,0.012544
213867,0.041984
213889,0.071424
213929,0.012032
213946,0.035328
213985,0.321536
214029,0.062208
214166,0.058368
214203,0.035072
214220,0.59136
214283,0.046592
214344,0.008192
214466,0.022272
214548,0.126208
214586,0.225536
214660,0.029184
214670,0.008192
214684,0.00384
214707,0.022528
214743,0.01792
214780,0.056832
214818,0.009216
214832,0.022784
214913,0.096256
214959,0.013056
214994,0.014592
215026,0.068096
215076,0.009984
215175,0.048896
215212,0.202496
215269,0.014592
215284,0.008704
215311,0.030976
215355,0.038912
215382,0.048896
215460,0.006656
215597,0.046848
215682,0.1024
215735,0.001792
215752,0.019456
215780,0.355328
215792,1.490688
215795,8.37632
215880,0.004864
215955,0.005632
216057,0.0256
216239,0.030976
216337,0.11264
216487,0.006144
216571,0.026112
216604,0.2944
216648,0.00896
216734,0.030208
216921,0.369152
216983,0.03072
217007,0.005632
217028,0.088064
217080,0.019712
217140,0.032512
217195,0.032512
217270,0.039168
217286,0.018688
217298,0.114432
217369,0.015104
217404,0.071168
217448,0.01792
217466,0.07936
217514,0.052736
217544,0.023552
217546,0.017152
217581,0.012544
217583,4.25088
217648,0.00256
217701,0.189184
217717,1.281792
217776,0.134912
217866,0.047616
217966,0.0064
217968,0.03584
218060,0.002048
218079,0.056576
218099,0.092928
218117,0.00768
218121,0.114176
218155,0.541184
218176,0.04864
218247,0.130816
218317,0.02304
218420,0.029184
218457,0.150016
218501,0.008448
218507,0.03712
218603,0.070144
218640,0.002048
218833,0.047104
218870,0.00896
218956,0.003584
219053,0.067584
219099,0.005376
219119,0.091392
219166,0.029184
219176,0.088064
219240,0.012288
219294,0.083456
219366,0.007424
219379,0.0064
219382,0.35456
219519,0.019968
219564,0.025856
219588,0.008704
219607,0.002048
219659,0.000512
219672,0.007424
219681,0.039168
219718,0.156928
219758,0.06144
219777,0.037632
219816,0.0064
219834,0.061952
219953,0.018944
219957,0.679936
219983,0.334592
220074,0.019712
220120,0.121088
220193,0.080128
220263,0.049664
220271,0.03584
220309,0.667904
220353,0.089344
220385,0.014848
220507,0.037888
220561,0.016128
220565,0.034048
220584,0.080384
220636,0.638208
220659,0.002816
220695,0.041728
220805,0.000768
220919,0.070912
220969,0.034048
220988,0.060416
221043,0.094208
221068,0.03584
221077,0.082432
221121,0.019712
221164,0.018176
221173,0.064512
221175,0.096512
221184,6.100992
221292,0.003328
221394,0.102656
221417,0.092672
221456,0.006144
221500,0.03328
221528,0.024064
221556,0.16128
221612,0.012032
221744,0.176384
221765,0.243968
221840,0.060928
221857,0.037376
221879,0.011264
221909,0.021504
221940,0.01536
221959,0.012544
222169,0.004608
222257,0.007424
222333,0.016128
222376,0.044032
222380,0.072448
222382,0.055552
222499,0.071168
222549,0.0448
222589,0.074496
222625,0.020992
222638,0.016128
222662,0.025856
222740,0.019712
222779,0.004608
222853,0.463616
222945,0.0384
222976,0.932096
222984,0.904704
223074,0.116736
223192,0.03328
223238,0.040704
223265,0.008192
223318,0.006912
223329,0.022528
223346,0.013312
223361,0.010752
223377,0.001792
223437,0.009728
223481,0.036608
223485,0.107008
223515,0.082176
223521,0.26624
223565,0.20736
223711,0.046592
223845,0.004096
223876,0.013568
223889,0.003328
223921,0.021248
223933,0.006144
223959,0.045824
223994,0.07552
224044,0.193536
224101,0.010752
224115,0.881664
224165,0.327424
224221,0.007424
224231,0.001024
224245,1.824256
224353,0.055296
224493,0.060416
224590,0.088576
224608,0.04864
224633,0.1024
224753,0.013056
224763,0.029184
224766,0.093696
224778,0.018688
224845,0.284416
224911,0.012032
224917,0.256
224958,0.001024
224975,0.313344
225068,0.066816
225108,0.042752
225115,0.132352
225172,0.00128
225184,0.010496
225238,0.049408
225298,0.021248
225352,0.003584
225364,0.027648
225365,0.06656
225443,0.0576
225448,0.052224
225533,0.099072
225573,0.030976
225606,0.032256
225624,0.016896
225707,0.009216
225749,0.025088
225794,0.012288
225806,0.019968
225966,0.171264
225980,0.295424
226025,0.044288
226029,0.644096
226040,0.152832
226098,0.048896
226167,0.016128
226264,0.041216
226310,0.073984
226440,0.0128
226552,0.141056
226584,0.147456
226710,0.02048
226753,0.01408
226756,0.005376
226766,0.009472
226833,0.018944
226865,0.035328
226893,0.02304
226944,0.010496
227046,0.009472
227089,0.026112
227117,0.060416
227179,0.10368
227184,0.629504
227238,0.004352
227323,0.036096
227359,0.004608
227395,0.061696
227447,0.116224
227527,1.752576
227571,0.01664
227651,0.008448
227690,0.011776
227784,0.07296
227797,0.179712
227867,0.073472
227913,0.015616
227960,0.000768
227988,0.041984
228044,0.072704
228130,0.031232
228196,0.04864
228218,0.069632
228260,0.18432
228287,1.758976
228365,0.041728
228371,0.007424
228499,0.037888
228514,0.062464
228552,0.042496
228578,0.014592
228630,0.015616
228659,0.013568
228700,0.054272
228723,0.052224
228763,0.047872
228844,0.004608
228879,0.001792
228964,1.600256
229087,0.044288
229095,0.242432
229125,0.05632
229238,0.018944
229268,0.009472
229427,0.022016
229466,0.195072
229581,0.73728
229625,0.00768
229662,0.10496
229879,0.021248
229898,0.045056
229964,0.006656
229973,0.00512
229993,0.28672
230087,0.019456
230116,0.045568
230178,0.094976
230215,0.000768
230225,0.034816
230250,0.087808
230325,0.088064
230379,0.003328
230420,0.02816
230433,0.00256
230478,0.04992
230592,0.020992
230615,0.461568
230668,0.11648
230715,0.052992
230754,0.037376
230765,2.537472
231025,0.034816
231030,0.078592
231126,0.11264
231166,0.51456
231292,0.20224
231331,0.035328
231373,0.0064
231376,0.118272
231506,0.02176
231507,0.045824
231597,0.01536
231651,0.004096
231747,0.01792
231838,0.000768
231904,0.047104
231966,0.621824
231996,0.00768
232040,0.054272
232094,0.04224
232127,0.01792
232158,0.047872
232188,0.052224
232230,0.008448
232344,0.244224
232375,0.036096
232426,0.030464
232465,0.061952
232563,0.01536
232565,0.002048
232582,0.049664
232673,0.02432
232710,0.0192
232715,0.449024
232780,0.022016
232795,0.12416
232838,0.20992
232910,0.023296
232995,0.023296
233046,0.010496
233059,0.030464
233107,0.003584
233122,0.554752
233159,0.009472
233181,0.851968
233244,0.015872
233258,0.573952
233304,0.209408
233384,0.004608
233453,0.0192
233496,0.012544
233531,0.041728
233538,0.662272
233602,0.011776
233636,0.108032
233694,0.007936
233745,0.008704
233765,0.096768
233783,0.464896
233796,0.248576
233814,0.075264
233854,0.079872
233907,0.011264
233931,0.030208
233956,0.013824
233982,0.113664
234035,0.007168
234041,0.1344
234147,0.044544
234220,0.010496
234237,0.007168
234252,0.07808
234320,0.0128
234385,0.1088
234400,0.018688
234417,0.008704
234505,0.087808
234546,0.059648
234597,0.306432
234631,0.073472
234680,0.050944
234782,0.030464
234834,0.000256
234851,0.005376
234928,0.24448
234976,0.055296
234993,0.005632
235011,0.061184
235076,0.004608
235080,0.018944
235098,0.065536
235126,0.042496
235143,0.032
235177,0.133888
235323,0.045568
235354,0.10624
235434,0.00896
235476,0.1344
235508,0.107776
235556,0.069376
235564,0.002304
235576,0.682496
235641,0.102912
235658,0.00128
235710,0.036864
235730,0.101376
235830,0.065536
235937,0.010496
235987,0.026112
236006,0.0128
236032,0.016128
236040,1.220608
236106,0.005632
236124,0.016384
236137,0.022272
236179,0.21248
236182,0.260096
236238,0.026112
236320,0.032768
236447,0.071168
236476,0.001024
236485,0.016384
236506,0.519168
236562,0.195584
236620,0.018432
236652,0.051968
236678,0.046592
236765,0.193536
236809,0.287232
236838,0.033536
237016,0.008192
237033,0.02048
237045,0.0192
237059,0.0
237096,0.009472
237155,0.023808
237196,0.03328
237227,0.008192
237298,0.010496
237303,0.007936
237314,0.209664
237379,0.580608
237419,0.03328
237444,0.06144
237455,0.101888
237470,0.00896
237560,0.029952
237596,0.023552
237616,0.020736
237708,0.01024
237763,0.065536
237809,0.04096
237836,0.019456
237972,13.181696
238111,0.004096
238161,0.01024
238169,0.01792
238185,0.158976
238280,0.045056
238296,0.051712
238330,0.004352
238359,0.04992
238389,0.018176
238410,0.005376
238430,0.084224
238501,0.073472
238512,0.002048
238524,0.347648
238565,0.137472
238625,0.090624
238705,0.0128
238752,0.013824
238797,0.000256
238828,0.29952
238854,0.082944
238954,0.040192
238982,0.280832
239085,0.020992
239130,0.032512
239181,0.091392
239204,0.00128
239229,0.05632
239308,0.05248
239359,0.046336
239394,0.129792
239449,0.031488
239515,0.01408
239551,0.05888
239601,0.013312
239648,0.00512
239668,0.030976
239697,0.032256
239766,0.052224
239772,0.029952
239778,0.147968
239817,0.506112
239870,0.132352
239901,0.010752
239959,0.004096
239991,0.02048
240007,0.05888
240088,0.022272
240112,0.026112
240172,0.023808
240217,0.511488
240253,0.007168
240300,0.171264
240322,0.288256
240346,0.020736
240376,0.323328
240411,0.019968
240456,0.006656
240500,0.096768
240515,0.014336
240552,0.16
240632,0.027136
240676,0.036096
240701,0.015872
240702,0.33792
240776,0.026112
240855,0.549632
240869,0.365568
240890,0.099584
240927,0.005888
240978,0.037888
241058,0.018688
241066,0.016896
241149,0.121088
241269,0.00512
241296,0.032
241339,0.05248
241452,0.061184
241483,0.004864
241505,0.024576
241518,0.051968
241586,0.00512
241588,0.156672
241593,0.500992
241654,0.049664
241690,0.410624
241766,0.126208
241825,0.003584
241879,0.008448
241950,0.032768
241992,1.039616
242079,0.040448
242094,0.237312
242181,0.540928
242223,0.043776
242255,0.299776
242396,0.054016
242463,0.436736
242560,0.02688
242580,0.010752
242605,0.012032
242640,0.000512
242669,0.002048
242730,0.009984
242765,0.0576
242782,0.770816
242869,0.00384
242920,0.03072
242946,2.14272
243039,0.054528
243112,0.018176
243150,0.014336
243201,0.017152
243259,0.018432
243313,0.068608
243383,0.031488
243400,0.15104
243444,0.00768
243481,0.032512
243564,0.079104
243733,0.0256
243837,0.00896
243846,0.011264
243871,0.031488
243900,0.066048
243917,0.073984
243941,0.006144
243961,0.086016
244007,0.003072
244057,0.008192
244112,0.05248
244122,0.15232
244176,0.061952
244304,0.000512
244314,0.019712
244348,0.11264
244379,0.019712
244447,0.00896
244449,0.056576
244515,0.0064
244580,0.014592
244672,0.111104
244689,0.035584
244743,0.02816
244790,0.385536
244902,0.134912
244981,0.012288
244986,0.010496
245057,0.006144
245076,0.01152
245125,1.728
245162,0.102656
245196,0.000512
245260,0.005888
245294,0.023296
245371,0.049664
245408,0.000256
245422,0.011008
245426,0.082432
245464,0.077568
245493,0.015616
245544,0.046336
245558,0.000256
245662,0.0064
245665,0.01536
245756,0.006656
245769,0.138496
245781,0.098304
245861,0.000512
246014,0.019712
246060,0.05376
246065,0.013568
246154,0.396544
246189,0.017152
246205,0.237568
246246,0.007168
246248,0.028928
246289,0.013568
246315,0.010496
246321,0.151552
246357,0.079616
246397,0.023296
246454,0.104448
246469,1.350656
246494,0.000256
246532,0.022784
246589,0.132608
246609,0.015616
246787,0.070656
246857,0.062464
246867,0.079872
246932,0.001024
246952,0.005632
246994,0.087808
247039,0.035584
247074,1.788416
247102,0.073984
247112,0.07296
247160,0.008704
247183,0.031488
247214,0.108544
247235,0.061184
247330,0.029952
247399,0.01792
247446,0.077568
247484,0.003072
247544,0.033792
247553,0.087296
247590,0.005632
247635,0.008192
247651,0.084224
247806,0.016896
247820,0.743168
247845,0.011264
247850,0.72704
247942,0.051968
247987,0.023808
248027,0.007424
248039,0.0896
248121,0.00512
248152,0.029696
248167,0.032768
248195,1.585152
248265,0.064256
248369,0.018176
248392,0.000768
248403,0.00256
248405,0.020992
248522,0.039424
248544,0.017152
248579,0.034816
248614,0.003584
248635,0.01536
248679,0.009984
248752,0.044544
248773,0.014848
248780,1.341184
248846,0.003584
248852,0.012544
248880,0.044032
248913,0.03072
248926,0.01536
248946,0.070656
248981,0.030208
249043,0.02304
249067,0.01152
249118,0.0064
249215,0.016384
249238,0.0
249241,0.089344
249262,0.314368
249325,0.274432
249372,0.03072
249375,0.005376
249394,0.695296
249438,0.026112
249483,0.111872
249544,0.037632
249566,0.005888
249606,0.077824
249624,0.009216
249674,0.034304
249757,0.015872
249775,0.031744
249821,0.03712
249834,0.154112
249914,0.038912
249915,0.097024
249937,0.167936
249975,0.13312
249984,0.124672
250047,0.010496
250063,0.0064
250102,0.009216
250157,0.020224
250192,0.289024
250281,0.058624
250333,0.0384
250370,0.052224
250483,0.019456
250486,0.001792
250526,0.055296
250576,0.079616
250586,0.045056
250692,0.121856
250744,0.002304
250771,0.018944
250799,0.018432
250835,0.022016
250874,0.124672
250944,0.056576
250995,0.01152
251049,0.028416
251088,0.000768
251111,0.037888
251120,0.045056
251225,0.067328
251268,0.004864
251337,0.00256
251368,0.096512
251391,0.004864
251434,0.03968
251473,0.026112
251480,0.020736
251525,0.016896
251579,0.048128
251622,0.008192
251638,0.018944
251693,0.049664
251720,0.034304
251769,0.60544
251777,0.033792
251784,0.686336
251856,0.664576
251994,0.095488
252049,0.006912
252194,0.223744
252356,0.027392
252357,0.091648
252365,0.86784
252470,0.022528
252512,0.004864
252514,0.016384
252578,0.009984
252612,0.042496
252661,0.026624
252731,0.072448
252746,0.04224
252842,0.002304
252924,0.061696
252967,2.86208
252991,0.501504
253101,0.005888
253168,0.024576
253210,0.007424
253223,0.041216
253238,0.0
253323,0.044288
253375,0.09984
253433,0.005376
253500,0.03456
253521,0.00256
253535,0.007936
253554,0.047104
253646,0.004096
253647,0.046848
253713,0.005376
253844,0.000512
253882,0.002304
253913,0.025856
253980,0.031744
254033,0.001792
254085,0.029696
254132,0.0448
254166,0.043008
254176,0.04352
254207,0.152832
254248,0.05248
254275,0.03456
254321,0.004096
254373,0.030208
254456,0.06016
254497,0.0128
254538,0.81152
254646,0.002304
254666,0.00256
254697,0.000256
254729,0.1216
254764,0.06528
254786,0.723712
254834,0.012544
254927,0.009216
254928,0.016896
254938,0.015872
255010,0.004096
255019,0.000768
255092,0.005632
255155,0.004864
255224,0.0192
255246,0.037376
255330,0.017408
255335,0.014336
255376,1.898752
255431,0.030464
255446,0.052736
255490,0.005888
255580,0.010496
255627,0.182784
255669,0.015872
255686,0.025344
255728,0.164096
255779,0.09856
255957,0.057088
255982,0.070144
256069,0.048896
256112,0.070144
256189,0.009984
256201,0.023296
256218,0.004096
256293,0.120832
256334,0.008448
256376,0.005632
256380,0.024832
256406,0.023808
256448,0.067584
256516,0.010752
256580,0.13696
256646,0.002816
256705,0.078592
256749,0.041216
256769,0.056832
256842,0.020736
256863,0.008192
256906,0.002048
256924,0.027648
256962,0.028672
256985,0.01024
257009,0.013056
257097,0.007936
257164,0.024832
257197,0.543744
257245,0.007168
257260,0.016896
257267,0.017408
257275,0.098816
257297,0.046592
257319,0.023296
257358,0.051968
257405,0.066048
257420,0.013568
257437,0.027392
257457,0.000256
257500,0.047104
257511,0.019456
257590,0.060928
257635,0.024576
257706,0.006912
257707,0.028672
257754,0.041216
257778,0.137984
257783,2.219776
257855,0.002048
257874,0.006656
257916,0.075776
257960,0.140544
257996,0.009728
258219,0.985088
258298,0.006144
258321,0.0384
258355,0.001536
258389,0.082944
258486,0.044032
258538,0.016128
258582,1.051904
258724,0.036864
258741,0.003328
258779,0.103936
258793,0.00128
258827,0.041472
258841,0.05888
258989,0.174336
259082,0.091904
259126,0.010752
259154,0.092416
259206,0.029952
259254,0.039168
259281,0.055808
259293,0.029696
259342,0.00384
259382,0.012544
259397,0.01408
259417,0.003584
259456,0.01664
259502,0.025856
259510,0.051968
259560,0.005888
259576,0.06144
259591,6.046208
259623,0.274176
259766,0.018176
259852,0.053248
259858,0.0064
259935,0.16
259963,4.836864
260132,0.02432
260156,0.244992
260180,0.481792
260237,0.24448
260276,0.028416
260339,0.03072
260387,0.000256
260398,0.00512
260483,0.00896
260539,0.005632
260581,0.05376
260609,0.004864
260665,0.000768
260680,0.0
260734,0.010496
260764,0.072448
260821,0.218112
260867,0.96384
260973,0.323072
261055,0.038144
261186,0.017664
261210,0.079616
261274,0.092416
261279,0.276736
261330,0.058624
261366,0.864256
261382,0.605184
261413,0.029952
261414,1.273856
261475,0.033536
261500,0.821504
261534,0.049408
261573,0.039936
261622,0.190976
261672,0.0064
261676,0.018432
261703,0.025856
261718,0.007168
261737,0.004352
261749,0.018176
261770,0.407552
261811,0.046848
261851,0.028928
261904,0.004096
261936,0.019968
261944,0.004352
261959,0.077312
261977,0.027392
261979,0.081664
262018,0.042496
262061,0.008704
262103,0.000256
262273,0.00384
262313,0.036096
262351,0.015872
262363,0.008448
262436,0.09728
262483,0.003584
262526,0.2432
262553,0.313856
262560,0.09984
262579,9.34144
262643,0.191744
262673,0.178688
262693,0.209152
262703,0.52864
262713,0.150528
262733,0.052224
262743,0.056832
262763,0.081152
262773,0.213248
262793,0.132864
262823,0.141568
262833,0.25216
262843,0.09088
262853,0.073216
262863,0.1792
262883,0.106752
262903,0.130816
262913,0.483328
262943,0.284928
262953,0.264704
262983,0.4608
263013,1.051648
263023,0.052224
263053,0.355072
263063,0.375808
263073,0.027392
263083,0.352768
263133,0.576
263143,0.086272
263163,0.169472
263173,0.078592
263177,1.781504
263213,0.037888
263253,0.508928
263263,0.431616
263313,0.009216
263323,0.226816
263330,0.333312
263378,0.011008
263455,0.149248
263518,0.056576
263553,0.09472
263563,0.004608
263607,0.205824
263707,0.001792
263765,0.2304
263789,0.017664
263792,0.575744
263842,0.009216
263856,0.086272
263884,0.048896
263912,0.008448
263960,0.019712
263991,0.061952
263998,0.029184
264010,0.129792
264058,0.082432
264105,0.016128
264288,0.604672
264322,0.018944
264357,0.016128
264366,0.711936
264390,0.078336
264455,0.031744
264478,0.051712
264565,0.13952
264613,0.01408
264621,0.009216
264676,0.025344
264743,0.013312
264813,0.00256
264822,0.017664
264832,0.024832
264850,0.044032
264881,0.022784
264910,0.03328
264924,0.034816
264937,0.843776
264966,0.126976
264983,0.032
265017,0.013056
265053,0.009728
265070,0.061696
265086,0.06656
265289,0.2304
265332,0.356352
265409,0.001536
265426,0.004608
265521,0.035072
265557,0.02432
265577,0.028928
265612,0.031744
265657,0.028672
265675,0.031488
265797,0.073728
265831,0.01792
265859,0.012288
265883,0.06272
265924,0.01792
266065,0.043776
266123,0.042496
266153,0.093952
266165,0.138752
266173,0.084224
266177,0.49536
266185,0.650496
266264,0.044288
266362,0.011264
266427,0.013312
266502,0.005376
266508,0.009216
266567,0.020992
266614,0.194048
266676,0.005888
266781,0.356864
266837,0.128
266872,0.000256
266907,0.009472
266908,0.45568
266954,0.045056
266976,0.005376
267025,0.002048
267084,0.046848
267109,0.00512
267206,0.039168
267270,0.003328
267279,0.044032
267280,0.067072
267322,0.014336
267326,0.2112
267386,0.9024
267488,0.045312
267620,0.004864
267664,2.255616
267754,0.077056
267893,0.038144
267920,0.017152
267951,0.01664
267986,0.029952
267994,0.030208
268033,0.027904
268047,0.019456
268124,0.024064
268131,0.026112
268157,0.045312
268198,0.016384
268287,0.446464
268385,0.014336
268399,0.002048
268451,0.002304
268523,0.01408
268578,0.002816
268595,0.011008
268610,0.032768
268641,0.054016
268750,0.012032
268790,0.281856
268830,0.022272
268840,0.005376
268894,0.005632
268926,0.70272
269012,0.026368
269023,0.0832
269076,0.14464
269153,0.014592
269162,0.155136
269183,0.74496
269229,0.024064
269264,0.111872
269297,0.009984
269419,0.038656
269525,0.00384
269646,0.04608
269660,0.001024
269765,0.071168
269782,0.468736
269800,0.070912
269838,0.248064
269886,0.013824
269982,0.001024
269988,0.079104
270027,0.014848
270079,0.019456
270111,0.136192
270250,0.006144
270296,0.033536
270364,0.00384
270376,0.561664
270388,0.179712
270492,0.027904
270604,0.114432
270757,0.013312
270766,0.015872
270800,0.03328
270898,0.00384
270916,0.193792
270959,0.001024
270964,0.022784
270965,0.361728
271087,0.045056
271111,0.86912
271207,0.031232
271307,0.064768
271336,0.063744
271365,0.07168
271426,0.062976
271479,0.0192
271533,0.021504
271574,0.0064
271578,0.157952
271610,1.106944
271681,0.068864
271730,0.182784
271773,0.02816
271806,0.000768
271880,0.011008
271886,0.000256
271963,0.010752
271982,0.000768
272067,0.0832
272089,0.034816
272101,0.004864
272176,0.15744
272210,0.035072
272216,0.009984
272281,0.002048
272292,0.003584
272355,0.013056
272394,0.045312
272427,0.099584
272511,0.001536
272647,0.041728
272675,0.134912
272720,0.03328
272754,0.845312
272782,0.19712
272786,0.376064
272827,0.044288
272891,0.02944
272923,0.013824
273020,0.0192
273092,0.025344
273166,0.013824
273168,0.001536
273226,0.01152
273232,0.01664
273242,0.18048
273288,0.004096
273311,0.02816
273350,0.039936
273357,0.048384
273376,0.699648
273427,0.0448
273511,0.230656
273544,0.015104
273611,0.015872
273654,0.480512
273670,0.43776
273738,0.002048
273744,0.004096
273786,0.009472
273870,0.017664
273900,0.003072
273982,0.011776
274088,0.012032
274102,0.155392
274140,0.004608
274180,0.0384
274200,0.048384
274245,0.060672
274252,0.01792
274304,0.022272
274382,0.029696
274388,0.678912
274450,0.012544
274454,0.017408
274468,0.005888
274541,0.03968
274563,0.030464
274625,0.08832
274652,0.282624
274703,0.010496
274756,0.0064
274758,0.02432
274820,0.008192
274828,0.0
274910,0.038656
274944,0.001792
274974,0.043264
275037,0.02048
275061,0.027392
275135,0.0192
275154,0.06912
275245,0.059136
275294,0.010496
275321,0.092672
275409,0.01664
275502,0.00768
275513,0.36224
275551,0.045824
275576,0.209152
275646,0.0192
275655,0.289536
275689,0.539136
275729,0.01536
275767,0.080384
275784,0.126976
275837,0.015616
275979,0.121856
276108,0.001536
276122,0.07296
276151,0.066048
276220,0.02688
276223,0.015104
276288,0.002816
276364,0.222976
276442,0.020224
276476,0.009984
276504,0.148736
276525,0.054272
276540,0.019968
276564,0.037376
276591,0.0128
276799,0.01024
276833,0.036096
276880,0.07808
276940,0.00384
276951,0.006656
276976,0.419584
276988,0.56192
277004,0.042752
277041,0.332288
277119,0.031744
277146,0.0128
277192,0.0192
277246,0.026368
277260,0.00384
277283,0.0192
277325,0.004352
277346,0.021248
277504,0.009984
277524,0.2816
277576,0.009984
277584,0.339968
277589,1.471744
277655,0.000256
277726,0.045312
277788,0.056064
277823,0.047872
277834,5.785856
277863,13.293568
277915,1.49888
277953,0.38016
278006,0.013312
278029,0.035328
278065,0.010496
278085,0.2112
278118,0.03072
278176,0.162816
278280,0.030208
278315,0.06528
278328,0.0064
278379,0.006912
278459,0.012288
278546,0.05504
278595,0.592384
278642,0.106752
278672,0.050176
278765,2.854912
278780,4.50944
278825,0.073472
278851,1.900544
278910,0.064256
278925,0.024064
279003,0.04864
279021,0.014848
279041,0.001792
279083,0.002304
279149,0.005632
279188,0.040192
279213,0.015872
279249,0.113152
279263,0.065536
279319,0.001536
279336,0.000768
279366,0.130816
279384,0.02304
279585,0.018688
279605,0.01664
279608,0.01664
279680,0.052992
279739,0.046848
279794,0.04608
279828,0.015616
279837,0.118272
279848,0.091904
279853,0.012288
279892,0.039168
279896,0.005376
279966,0.055552
279980,0.344064
280048,0.037888
280148,0.525824
280200,0.011008
280219,0.148224
280247,0.030208
280335,0.043776
280446,0.016384
280491,0.001792
280525,0.002816
280561,0.022016
280566,0.333056
280581,6.688768
280644,0.034304
280687,0.355072
280744,0.068352
280780,0.047872
280971,0.025344
280991,0.059904
281010,0.009472
281049,0.0128
281103,0.027648
281183,2.453504
281251,0.00768
281302,0.00384
281350,0.02304
281385,0.066048
281456,0.017152
281477,0.053248
281532,0.006912
281543,0.007424
281618,0.008448
281703,0.01152
281759,0.038912
281776,0.051456
281778,0.4032
281779,5.249536
281897,0.052736
281960,0.741632
282075,0.978432
282118,0.040448
282156,0.056832
282246,0.121088
282509,0.00128
282566,0.04224
282591,0.040448
282630,0.02048
282646,0.02944
282670,0.099072
282723,0.056064
282785,0.434944
282874,0.005888
282887,0.099328
282942,0.111872
282964,0.028416
282979,0.548608
283077,0.0832
283245,0.562432
283276,0.019968
283311,0.035328
283346,0.02048
283410,0.044544
283449,0.20608
283509,0.012288
283562,0.001024
283585,0.011776
283632,0.019456
283666,0.023296
283807,0.025344
283844,0.01536
283873,0.0128
283903,0.019712
283995,0.066816
284019,0.014848
284028,0.012288
284037,0.057856
284115,0.017664
284146,0.015104
284174,0.379648
284185,1.054208
284226,0.154624
284257,0.057088
284308,0.015104
284402,0.179712
284433,0.056064
284478,0.002048
284507,0.00896
284582,0.012032
284585,0.010496
284640,0.08448
284684,0.011264
284765,0.009728
284778,0.025088
284781,0.171264
284783,0.188416
284841,0.028416
284871,0.031488
284890,0.002304
284977,0.007936
284995,0.408832
285027,0.013568
285048,0.00128
285106,0.774656
285165,0.010752
285215,1.343488
285256,1.595392
285364,0.796672
285378,0.090368
285405,0.531712
285453,0.699136
285514,0.084736
285556,0.078848
285634,0.003328
285663,0.05376
285679,0.010496
285720,0.09088
285776,0.047872
285796,0.026368
285821,0.039168
285913,0.014848
285949,0.013568
285969,0.072704
285991,2.086656
286091,0.150272
286108,0.053504
286271,0.798464
286388,0.004864
286469,0.009984
286518,0.010752
286552,0.075008
286576,3.00032
286648,0.021504
286763,0.039168
286821,0.01792
286853,0.017664
286905,0.04096
287046,0.03968
287063,0.06528
287095,0.050688
287128,0.026624
287165,0.005888
287179,0.123392
287259,0.0704
287281,0.010752
287297,0.006144
287308,0.093696
287342,0.005888
287350,0.043264
287430,0.003584
287471,0.001536
287531,0.01024
287605,0.188416
287654,0.064
287747,0.06656
287759,0.05248
287764,0.039424
287832,0.060416
287910,0.041472
287960,0.46848
287986,0.069376
288024,0.00384
288068,0.005376
288094,0.036096
288148,0.002048
288177,0.071168
288203,0.350208
288214,0.004608
288257,0.000256
288263,0.140544
288302,0.018432
288414,0.11648
288465,0.019968
288480,0.098048
288553,0.024064
288591,0.058624
288652,0.078592
288682,0.012032
288744,0.003584
288765,0.318464
288817,0.105984
288858,0.174336
288913,0.0512
288975,0.018688
289102,0.009472
289113,0.022016
289174,0.006912
289265,0.049408
289347,0.002048
289378,0.101888
289428,0.007424
289450,0.066048
289502,0.080128
289556,0.031488
289565,0.77056
289581,0.095744
289660,0.044288
289700,0.023552
289719,0.06912
289769,0.023808
289808,0.117504
289840,0.040704
289873,0.061696
289926,0.046848
289937,0.004096
290019,0.002304
290053,0.319232
290094,0.048896
290133,0.018944
290236,0.002304
290257,0.034048
290283,0.067328
290321,0.055552
290328,0.021504
290384,0.0704
290493,0.006656
290554,0.05504
290625,0.144128
290721,0.050688
290746,0.118784
290765,0.004608
290784,0.12032
290786,0.354048
290890,0.010496
290912,0.025088
290981,0.005888
290984,0.011008
290993,0.001024
291018,0.013056
291058,0.051712
291086,0.326912
291297,0.002304
291308,0.04992
291363,0.054272
291418,0.041984
291446,0.021248
291478,0.019968
291501,0.030976
291579,0.011264
291596,0.102656
291653,0.043008
291676,0.004096
291724,0.036864
291766,0.075264
291793,0.03968
291803,0.69376
291881,0.011008
291915,0.023552
291965,0.059648
291978,0.326144
292026,0.007424
292031,0.007424
292096,0.001792
292110,0.065792
292133,0.01024
292186,0.218624
292192,0.114432
292251,0.0384
292271,0.033792
292403,0.063488
292424,0.005376
292435,0.031232
292449,0.002304
292469,0.032512
292486,0.00512
292505,0.818944
292551,0.003072
292559,0.007424
292565,0.066048
292581,0.180224
292597,0.246784
292619,0.081408
292660,0.007168
292661,0.009984
292697,0.664576
292737,0.052992
292771,0.043008
292799,0.054272
292847,0.034048
292863,0.054528
292903,0.009216
292928,0.033792
293036,0.001536
293061,0.232448
293110,0.012544
293140,0.040448
293160,0.03712
293164,0.089088
293183,0.350976
293253,0.006144
293305,0.009728
293321,0.048384
293352,0.03328
293357,0.00768
293408,0.06912
293434,0.038656
293456,0.002816
293488,0.017408
293510,0.10624
293544,0.018944
293573,0.27904
293607,0.087552
293644,0.002304
293647,0.019456
293661,0.161024
293774,0.01408
293778,0.131072
293862,0.089344
293924,0.01408
293960,0.186368
293997,0.033792
294017,0.364288
294055,0.006656
294131,0.009216
294146,0.015872
294231,0.101632
294299,0.000768
294385,0.182272
294436,0.02816
294502,0.022272
294530,0.015872
294574,0.11264
294592,0.07808
294698,0.005888
294720,0.047104
294738,0.0512
294813,0.001536
294817,0.039168
294894,0.007424
294928,0.012032
294958,0.035328
294965,0.252928
294985,0.015872
295020,0.019456
295056,0.060416
295105,0.016896
295183,0.008448
295185,0.02048
295284,0.013312
295339,0.014336
295346,0.022272
295399,0.020992
295453,0.04352
295457,0.19328
295484,0.033792
295525,0.039424
295562,0.013312
295576,0.099584
295646,0.067328
295711,0.020224
295758,0.04224
295806,0.019968
295826,0.01408
295860,0.057856
295894,0.011776
295905,0.028928
295957,0.062464
296014,0.013568
296073,0.001536
296091,0.109568
296127,0.078848
296261,0.08576
296375,0.066304
296459,0.0
296470,0.005376
296501,0.01536
296546,0.012032
296655,0.02304
296713,0.020736
296766,0.047104
296776,0.231424
296845,0.040192
296899,0.065792
297002,0.008704
297073,0.002816
297149,0.006912
297212,0.04736
297232,0.00896
297283,0.023552
297301,0.02304
297312,0.159744
297377,0.009216
297379,0.14592
297430,0.018944
297463,0.004352
297486,0.003072
297535,0.061952
297567,0.032
297576,0.111616
297606,0.030464
297620,0.059904
297730,0.084992
297871,0.02176
297896,0.010752
297948,0.002048
298003,0.118272
298011,3.911168
298138,0.03584
298154,0.031488
298195,0.012032
298264,0.024064
298321,0.020992
298346,0.336128
298464,0.22016
298564,0.011776
298575,0.050176
298745,0.022016
298788,0.032256
298833,0.0576
298856,0.037888
298883,0.057088
298900,0.028672
298919,0.022016
298982,0.027392
299040,0.01664
299056,0.01408
299076,0.126976
299132,0.09344
299144,0.03456
299165,0.500992
299234,0.020736
299239,0.074752
299276,0.001536
299279,0.009728
299307,0.013568
299325,0.033792
299355,0.03712
299400,0.022784
299450,0.014848
299516,0.002816
299548,0.030208
299643,0.173056
299746,0.06656
299779,0.786432
299873,0.049664
299894,0.025344
299947,0.1664
299960,0.744192
300038,0.016896
300064,0.015104
300118,0.03072
300148,0.024576
300237,0.036096
300321,0.009216
300346,0.02688
300381,0.030208
300492,0.002304
300518,0.021248
300529,0.0832
300541,0.058112
300627,0.060416
300667,0.024832
300718,0.000256
300779,0.047616
300787,0.013312
300807,0.004608
300808,0.310528
300846,0.008448
300931,0.041728
300958,0.002048
300994,0.25984
301103,0.021504
301180,0.105216
301231,0.001024
301253,0.032768
301278,0.01152
301286,0.023552
301296,0.081408
301399,0.007168
301442,0.023552
301507,0.00896
301530,0.236032
301576,0.078336
301577,0.012288
301709,0.015616
301789,0.001024
301849,0.00384
301877,0.022784
301886,0.015616
301948,0.434176
302025,0.007424
302034,0.005376
302082,0.033536
302102,0.049152
302183,1.316608
302276,0.074496
302361,0.004608
302376,0.033792
302469,0.016128
302488,0.110592
302530,0.009472
302577,0.033024
302657,0.051968
302659,0.011776
302712,0.024064
302717,0.02688
302776,14.028288
302865,0.009728
302906,0.001536
302954,0.04992
302961,0.060672
302983,0.032512
303060,0.018944
303087,0.005632
303188,0.008192
303198,0.008192
303215,0.647168
303298,0.027136
303365,0.536064
303429,0.017408
303505,0.0512
303544,0.078848
303603,0.362752
303634,0.052992
303641,0.501248
303721,0.242176
303753,0.000768
303846,0.095488
303956,0.003072
303985,0.194304
303994,0.044032
304081,0.025856
304155,0.056576
304298,0.009984
304357,0.078336
304403,0.040192
304479,0.054528
304493,0.006144
304551,0.018944
304577,0.078848
304584,1.989632
304634,0.060672
304684,0.037376
304707,0.024832
304797,0.783104
304881,0.013312
304906,0.009472
305008,0.008192
305023,0.029184
305175,0.148992
305271,0.000512
305284,0.080896
305313,0.047616
305350,0.28288
305432,0.025344
305505,0.046336
305577,0.02304
305618,0.02176
305653,0.103936
305699,0.02816
305736,0.002304
305750,0.066304
305771,0.024064
305797,0.177152
305805,0.37504
305936,0.109824
305987,0.014592
306046,0.002816
306224,0.057088
306248,0.100352
306334,0.061952
306366,0.103936
306412,0.013568
306448,0.036608
306526,0.028416
306535,0.201984
306606,0.000768
306610,0.28928
306746,0.011776
306780,0.002304
306807,0.028672
306819,0.066048
306889,0.043776
306912,0.03328
306956,0.017408
307069,0.008448
307089,0.007168
307134,0.013824
307138,0.009728
307293,0.001792
307310,0.000512
307342,0.013568
307372,0.02432
307406,0.006656
307556,0.020736
307575,0.009472
307585,0.148992
307707,0.012288
307718,0.031744
307775,0.03072
307867,0.01792
307910,0.003328
308046,0.017152
308053,0.227328
308086,0.048128
308167,0.066048
308175,0.12672
308262,0.441344
308357,0.022016
308430,0.01024
308505,0.0
308511,0.453632
308550,0.0128
308586,0.000256
308611,1.652224
308661,0.063232
308671,0.820736
308741,0.00256
308761,0.476416
308841,0.112896
308851,0.370432
308881,0.237568
308891,0.005888
308911,0.62976
308921,0.038912
308941,0.123136
308951,0.146432
308972,0.086272
308991,0.3776
309011,0.113408
309021,0.073472
309041,0.08832
309061,0.281856
309071,0.043776
309091,0.228352
309101,0.067584
309111,0.21888
309121,0.230144
309131,0.277504
309141,0.110592
309161,0.231424
309181,0.187392
309191,0.383232
309221,0.2944
309231,0.339456
309261,0.479232
309281,0.24576
309301,0.009728
309331,0.004864
309335,0.675072
309341,0.046592
309351,0.267264
309361,1.218816
309381,0.046336
309391,0.843264
309421,0.605952
309441,0.181504
309461,0.27904
309491,0.4352
309501,0.207872
309511,0.854784
309541,0.04736
309587,0.044032
309609,0.003328
309637,0.01152
309661,0.003584
309748,0.365568
309790,0.001024
309816,0.455936
309881,0.003328
309911,0.059392
309966,0.272128
310029,0.02048
310056,0.32128
310092,0.028672
310108,0.01792
310136,0.004096
310159,0.0448
310194,0.007936
310266,0.016896
310337,0.004096
310350,0.013312
310494,0.00512
310501,0.04224
310567,0.002816
310580,0.027904
310582,1.036288
310726,0.034816
310793,0.023808
310833,0.020736
310892,0.00512
310921,0.015616
311029,0.000512
311040,0.04352
311073,0.0
311087,0.008192
311095,0.010496
311126,0.028928
311163,1.732096
311165,1.19296
311192,0.230144
311250,0.03072
311266,0.004608
311384,0.001024
311443,0.124928
311495,0.015872
311515,0.194304
311558,0.017152
311601,0.008448
311607,0.003328
311686,0.020992
311700,0.04992
311722,0.004864
311776,0.22528
311953,0.013312
311961,0.02944
312047,1.661696
312101,0.10624
312145,0.012032
312148,0.017664
312236,0.03584
312281,0.012032
312282,0.078336
312330,0.020992
312365,0.040192
312391,0.119552
312538,0.029184
312582,0.018432
312613,0.016384
312692,0.022528
312761,0.011008
312778,0.080384
312798,0.001024
312799,0.139264
312946,0.063744
312976,0.054272
313004,0.005888
313011,0.082944
313086,0.058624
313130,0.024576
313164,0.011776
313193,0.013568
313225,0.092672
313286,0.024064
313371,0.08832
313464,0.012288
313468,0.01024
313556,0.010496
313564,0.165632
313584,0.223488
313647,0.047616
313691,0.004608
313694,0.01408
313730,0.00768
313773,0.006912
313846,0.032
313992,1.09824
314099,0.001792
314104,0.02816
314114,0.247552
314151,0.012288
314175,0.083968
314179,2.998272
314319,0.048128
314360,0.005888
314374,0.120064
314466,0.044544
314503,0.06784
314520,0.078336
314556,0.00384
314592,0.024064
314606,0.0
314743,0.00768
314755,0.621056
314894,0.283648
314915,0.048128
314944,0.035328
314949,0.003328
315053,0.12032
315062,0.0192
315135,0.003584
315158,0.455168
315224,0.011776
315268,0.031744
315309,0.025088
315358,0.038144
315437,0.0256
315481,0.027392
315508,0.628224
315586,0.02048
315609,0.08448
315649,0.000256
315663,0.014848
315693,0.059136
315846,0.0512
315852,0.13312
315958,0.00512
315980,0.292608
315997,0.121856
316045,0.00512
316070,0.320256
316103,1.065728
316176,0.022784
316206,0.02048
316214,0.138752
316262,0.006912
316291,0.044032
316305,0.040704
316384,0.015616
316397,0.07808
316492,0.070912
316565,0.016896
316569,0.01408
316580,0.151552
316590,0.004096
316679,0.013312
316712,0.059136
316753,0.038144
316806,0.006144
316857,0.022272
316916,0.017664
316966,0.024832
317047,0.189184
317077,0.046592
317107,0.002048
317131,0.32128
317146,0.150784
317165,1.796096
317310,0.009728
317348,0.015616
317404,0.034816
317460,0.013568
317463,0.072448
317508,0.086016
317531,0.286976
317619,0.047616
317686,0.007168
317706,0.004096
317726,0.000512
317825,0.03584
317918,0.041216
317960,1.260288
318102,0.028672
318118,0.0
318127,0.55424
318168,0.1024
318215,0.012032
318226,0.027392
318239,0.012288
318263,0.178176
318361,0.033536
318383,0.006656
318420,0.074496
318440,0.13824
318494,0.036608
318527,0.004864
318549,0.028672
318564,0.07424
318572,0.029952
318734,0.005376
318742,0.001536
318806,0.105472
318851,0.056832
318871,0.388096
318893,0.035328
318966,0.048384
318976,0.635392
319056,0.06272
319068,0.050176
319096,0.004864
319150,0.014336
319182,0.010496
319264,0.011776
319271,0.041216
319393,0.033536
319399,0.051456
319433,0.00128
319437,0.001024
319558,0.0256
319569,0.189952
319632,0.011008
319634,0.008704
319653,0.008448
319677,0.032
319756,0.10496
319860,0.041984
319871,0.01792
319912,0.01792
320030,0.041216
320086,0.044544
320132,0.006912
320165,0.02048
320253,0.004352
320406,0.025856
320743,0.010496
320767,0.104704
320778,0.20096
320782,0.156416
320799,0.01792
320834,0.039168
320873,0.047104
320971,0.04608
321022,0.01024
321054,0.06272
321089,0.004096
321106,0.025856
321114,0.08704
321147,0.013312
321193,0.045312
321215,0.050176
321278,0.016128
321283,0.014336
321364,1.46432
321436,0.000512
321465,0.000512
321484,0.077568
321544,0.029184
321578,0.12672
321579,0.88448
321624,0.237312
321798,0.448512
321836,0.094208
321899,0.011008
321930,0.00256
321951,0.02688
321983,0.007424
322067,0.11776
322119,0.018176
322181,0.092416
322225,0.006912
322253,0.04736
322294,0.149504
322331,0.00896
322343,0.005632
322353,0.2304
322428,0.06144
322474,0.020224
322500,0.014848
322539,0.041216
322579,0.031232
322585,0.548352
322801,0.0
322874,0.021504
322902,0.01792
322958,0.004096
322994,0.050176
323038,0.0
323077,0.006656
323153,0.0064
323156,0.019712
323176,9.561088
323335,0.0064
323359,0.000512
323370,0.04992
323420,0.029184
323488,0.089344
323588,0.034048
323651,0.027904
323689,0.0128
323714,0.086016
323739,0.022016
323765,0.046336
323778,0.013824
323796,3.208704
323886,0.04608
323926,0.028416
323939,0.081664
324017,0.014336
324075,0.116992
324152,0.022528
324179,0.592384
324197,0.054528
324261,0.007424
324280,0.052992
324339,0.004096
324384,0.043264
324421,0.212224
324449,0.035584
324499,0.007936
324583,0.113664
324610,0.032768
324660,0.021248
324720,0.368896
324774,0.01792
324840,0.019712
324853,0.020224
324880,0.03712
324909,0.00256
324976,0.022528
325037,0.047104
325041,0.105728
325079,0.008704
325150,0.08064
325262,0.060928
325289,0.004352
325340,0.706048
325541,0.082944
325636,0.031744
325738,0.001024
325747,0.05248
325803,0.289536
325884,0.166912
325926,0.007168
326019,0.007936
326120,0.013824
326187,1.3056
326256,0.012544
326289,0.004864
326319,0.012288
326620,0.096
326634,0.082688
326661,0.006144
326764,1.720832
326846,0.003328
326900,0.016128
326986,0.066816
327054,0.075264
327096,0.04864
327104,0.018944
327124,0.065024
327190,0.02688
327287,0.007424
327365,1.588224
327393,0.383232
327496,0.11264
327529,0.009728
327545,0.161024
327579,0.072704
327635,0.000256
327678,0.035072
327869,0.060672
327921,0.02304
327951,0.009728
327982,0.084992
328037,0.171264
328065,0.041472
328086,0.004096
328106,0.03712
328124,0.937984
328154,0.008448
328202,0.020736
328215,0.002048
328233,0.005632
328279,0.00896
328325,0.070144
328454,0.017152
328533,0.032512
328575,0.035328
328641,0.101888
328667,0.023296
328681,0.018944
328691,0.045312
328695,0.248064
328700,0.142592
328785,0.002304
328794,0.081152
328851,0.021504
328937,0.080128
329020,0.02176
329072,0.004352
329126,0.01024
329149,0.009984
329188,0.079104
329243,0.039936
329320,0.01536
329351,0.003072
329399,0.140544
329468,0.045312
329505,0.006656
329526,0.022784
329566,0.026112
329588,0.198144
329617,0.014848
329697,0.091392
329741,0.00512
329753,0.002304
329782,0.036608
329784,0.236032
329817,0.019712
329826,0.178688
329896,0.327424
329960,0.787712
330014,0.084224
330017,0.1536
330050,0.051968
330077,0.026368
330126,0.040448
330192,0.091904
330210,0.000512
330256,0.000512
330270,0.02048
330281,0.051456
330328,0.030464
330334,0.049152
330364,0.00768
330378,0.007168
330384,0.091904
330410,0.013568
330418,0.027904
330477,0.07936
330496,0.648704
330546,0.13568
330566,0.03456
330623,0.013568
330647,0.023552
330754,0.015872
330761,0.0
330785,0.023296
330810,0.023296
330891,0.064256
330917,0.00896
330936,0.14208
330978,0.078592
330986,0.082688
331093,0.004352
331113,0.000256
331126,0.039424
331176,0.019968
331185,0.069632
331229,0.008192
331259,0.044032
331281,0.006144
331326,0.115456
331346,0.011264
331420,0.005632
331432,0.041472
331451,0.0192
331561,0.01536
331574,0.304384
331658,0.03456
331684,0.1344
331719,0.020992
331744,0.001792
331798,0.008448
331941,0.012544
332048,0.04736
332080,0.089088
332114,0.00768
332155,0.004864
332175,0.062464
332234,0.05376
332321,0.001024
332402,0.004608
332454,0.023296
332609,0.002048
332658,0.014336
332696,0.113408
332720,0.010496
332769,0.020736
332900,0.167936
332938,0.011008
332954,0.09344
332976,0.0128
333041,0.013568
333049,0.012544
333225,0.012032
333296,0.25088
333347,0.015872
333474,0.1216
333523,0.043264
333572,0.038144
333606,0.00896
333649,0.026624
333671,0.098304
333750,0.029696
333831,0.026368
333848,0.00896
333934,0.005632
333961,0.001792
334003,0.075264
334033,0.085248
334065,0.04224
334090,0.410112
334117,0.850432
334164,0.039936
334353,0.043008
334409,0.00256
334442,0.002816
334480,0.013312
334549,0.002048
334556,0.056832
334583,0.338176
334636,0.014336
334657,0.082176
334669,0.315904
334686,0.011776
334726,0.092416
334772,0.038912
334864,0.020224
334889,0.015872
334990,0.00384
335096,0.02176
335130,0.007936
335147,0.074496
335254,0.04224
335339,0.03072
335347,0.009472
335385,0.0128
335410,0.007936
335504,0.233984
335529,0.092416
335567,0.128768
335614,0.101376
335629,0.015872
335660,0.080384
335709,0.011264
335766,0.03584
335779,0.092928
335781,0.683008
335809,0.05504
335821,0.05888
335864,0.015104
335909,0.000256
335921,0.001536
336073,0.039424
336110,0.062976
336148,0.21504
336177,0.022784
336235,0.017664
336244,0.139264
336266,0.004608
336286,0.131584
336335,0.0256
336365,0.098304
336429,0.02176
336441,0.123648
336476,0.006912
336579,0.229376
336627,0.026368
336689,0.038656
336745,0.035072
336791,0.034816
336810,0.0128
336835,0.012288
336844,0.00128
336892,0.039168
336927,0.046336
336977,0.123136
337025,0.047104
337065,0.00768
337130,0.027392
337182,0.065536
337199,0.002304
337206,0.087296
337212,0.373248
337316,0.143616
337358,0.346112
337417,0.021504
337469,0.058624
337607,0.526592
337677,0.14464
337697,0.011264
337722,0.029696
337740,0.01152
337794,0.054784
337869,0.00512
337880,0.003584
337917,0.082432
337928,0.045568
337960,0.101376
337978,0.014336
338050,0.016128
338112,0.046592
338145,0.014336
338179,0.02304
338188,0.02304
338242,0.024576
338371,0.00512
338399,0.018688
338523,0.116224
338525,0.000512
338585,0.061696
338630,0.040192
338641,0.03328
338642,0.499456
338777,0.135936
338793,0.196096
338820,0.018688
338886,0.779776
338957,0.045056
338966,0.075776
338983,0.00768
339004,0.0128
339091,0.009472
339123,0.118016
339176,0.0192
339203,0.00512
339215,0.023552
339220,0.014336
339296,0.017408
339351,0.025088
339376,0.1472
339377,5.828864
339448,0.079104
339506,0.00896
339542,0.147456
339567,0.098304
339598,0.017664
339638,0.020992
339651,0.015616
339670,0.144896
339720,0.030464
339733,0.006912
339769,0.012288
339813,0.004352
339886,0.050176
339949,0.142592
340001,0.022784
340030,0.090368
340035,0.022784
340066,0.011008
340083,0.076032
340105,0.009728
340164,0.467712
340197,0.466176
340232,0.176128
340305,0.005888
340455,0.780032
340475,0.192256
340526,0.055552
340580,0.03584
340641,0.022784
340727,0.013312
340754,0.031744
340819,0.026112
340875,0.07296
340897,0.038656
340926,0.001792
340969,0.054272
340979,0.041984
341013,0.037376
341027,0.026624
341091,0.16896
341132,0.018944
341165,0.723456
341210,0.006912
341234,0.011264
341260,0.114432
341307,0.00512
341396,0.0192
341481,0.015872
341487,0.01664
341534,0.068352
341566,0.04992
341629,0.040448
341663,0.0256
341699,0.02304
341726,0.091392
341743,0.032512
341778,0.219648
341795,0.683008
341803,0.40832
341827,0.096512
341902,0.0384
341957,0.067328
341960,0.216064
341991,0.083968
342001,0.009216
342044,0.01536
342069,0.000256
342125,0.007936
342139,0.033024
342148,0.015616
342168,1.43744
342219,0.011776
342239,0.02432
342282,0.098048
342340,0.001024
342380,0.6528
342388,0.077056
342489,0.003072
342538,0.007424
342580,0.214784
342633,0.097024
342645,0.036864
342679,0.007168
342773,0.024832
342782,0.128512
342862,0.137728
342895,0.005376
342976,0.029952
342992,0.785152
343041,0.77952
343114,0.0704
343170,0.002816
343189,0.04864
343202,0.103936
343280,0.013568
343294,0.002048
343339,0.074752
343352,0.012032
343357,0.106496
343421,0.010752
343475,0.006144
343514,0.006656
343539,0.130304
343558,0.051712
343565,0.177152
343579,0.21248
343644,0.023808
343650,0.002816
343741,0.076288
343784,0.19968
343843,0.038144
343877,0.054528
343906,0.01408
343943,0.188672
344013,0.022016
344038,0.046592
344044,0.013568
344062,0.020736
344104,0.007424
344145,0.9856
344174,0.171264
344176,0.293888
344181,0.241664
344238,0.01024
344294,0.290816
344340,0.09344
344352,0.120064
344397,0.27136
344471,0.00384
344486,0.030208
344500,0.050944
344578,0.019968
344595,0.003584
344623,0.00896
344667,0.054016
344716,0.001792
344766,0.296704
344851,0.069888
344875,0.045312
344947,0.066304
345009,0.001024
345067,0.161024
345116,0.008704
345201,0.027136
345252,0.000768
345305,0.015872
345321,0.027136
345336,0.025088
345349,0.019456
345382,1.255168
345458,0.025088
345472,0.032
345590,0.007168
345635,0.040192
345681,0.050432
345699,0.004352
345711,0.123904
345801,0.043264
345846,0.027136
345884,0.025344
345943,0.027136
345964,0.008704
345967,0.20352
346056,0.01408
346145,0.091904
346202,0.044032
346345,0.029952
346378,0.840192
346433,0.034304
346458,0.121088
346520,0.022528
346563,0.005632
346585,0.118528
346653,0.047872
346682,0.001536
346832,0.030976
346858,0.000768
346909,0.02048
346928,0.24704
347003,0.019968
347162,0.009984
347178,0.035584
347181,0.025344
347194,0.298496
347334,0.100864
347344,0.04864
347388,0.006656
347392,0.005376
347476,0.342272
347540,0.024064
347570,0.00384
347620,0.139008
347680,0.035328
347718,0.000512
347765,1.701888
347789,0.01024
347816,0.003072
347825,0.133888
347859,0.297728
347890,0.001792
347924,0.072192
347987,0.034048
348014,0.059904
348135,0.034048
348141,0.041984
348183,0.003072
348287,0.04736
348297,0.006656
348322,0.006912
348377,0.030464
348420,0.012288
348432,0.017664
348535,0.06912
348627,0.090112
348690,0.016384
348732,0.05504
348793,0.030976
348854,0.375296
348933,0.147968
348959,0.075008
348975,0.490752
349061,0.001024
349068,0.666368
349107,0.012288
349141,0.038912
349167,0.000256
349206,0.003328
349219,0.00768
349268,0.095488
349294,0.698368
349406,0.000768
349421,0.114688
349436,0.075008
349459,0.007168
349514,0.00768
349521,0.055552
349568,0.017152
349580,0.032256
349593,0.020992
349618,0.077568
349737,0.000256
349748,0.050432
349769,0.030464
349830,0.89984
349881,0.03072
349912,0.036864
349926,0.013824
349936,0.031232
350024,0.112384
350094,0.102144
350124,0.473344
350180,0.060928
350224,2.353408
350382,0.026368
350408,0.000256
350534,0.12672
350579,0.003584
350604,0.306944
350654,0.55936
350674,0.269312
350724,0.055552
350744,0.157184
350764,0.087296
350774,0.16128
350804,0.200448
350824,0.083712
350854,0.241152
350884,0.186112
350894,0.054528
350914,0.172288
350934,0.253952
350954,0.494592
350974,0.568576
350994,0.486656
351014,0.055296
351024,0.200448
351034,0.225024
351044,0.490752
351054,0.447744
351064,0.152576
351084,0.086528
351094,0.451072
351104,0.238848
351124,0.294656
351144,0.250368
351164,0.23936
351174,0.250112
351184,0.073728
351194,0.073216
351204,0.511488
351244,0.289024
351264,0.533504
351274,0.062976
351314,0.672512
351366,0.247296
351419,0.03456
351473,0.00256
351504,0.470784
351549,0.0192
351592,0.009216
351668,0.054528
351719,0.099584
351951,0.011008
351981,0.021504
351983,0.08832
352116,0.024576
352206,0.046592
352269,0.028672
352296,0.009728
352333,0.0256
352406,0.020992
352427,0.0256
352479,0.057088
352538,0.013312
352564,0.072448
352567,0.024576
352608,0.116224
352657,0.003584
352679,0.011008
352681,0.001536
352752,0.5632
352846,0.0448
352867,1.395712
352873,0.474624
352934,0.0
352964,0.03584
352998,0.038656
353051,0.063744
353120,0.178176
353161,0.084736
353185,0.03072
353198,0.000256
353238,0.115968
353263,0.2112
353370,0.228352
353402,0.009984
353440,0.022784
353505,0.007936
353622,0.076032
353764,0.00512
353765,0.123136
353796,0.415744
353854,0.074496
353880,0.010496
353886,0.011264
354001,0.240384
354028,0.00384
354076,0.031232
354125,0.037376
354133,0.015872
354171,0.059136
354228,0.02176
354254,0.003072
354270,0.001536
354282,0.037376
354374,0.002816
354446,0.065792
354506,0.01152
354592,0.024832
354626,0.068608
354657,0.113664
354789,0.017152
354844,0.024064
354924,0.115968
354976,0.321024
355054,0.0064
355094,0.052224
355139,0.026112
355185,0.073216
355284,0.00256
355297,0.407808
355354,0.379904
355432,0.006656
355449,0.031488
355489,0.523264
355526,0.018688
355557,0.11136
355588,0.020736
355637,0.00896
355659,0.09472
355683,0.005888
355717,0.056832
355760,0.002048
355828,0.007168
355832,0.02432
355910,0.001792
355975,0.037632
356003,0.005888
356027,0.008704
356051,0.02432
356123,0.014848
356160,0.070656
356180,0.370944
356355,0.087296
356467,0.007424
356510,0.060672
356577,0.064768
356627,0.022016
356705,0.003072
356712,0.337408
356765,0.615936
356814,0.530176
356843,0.005376
356916,0.014848
356927,0.000768
356975,0.338432
357022,0.033536
357063,0.042496
357145,0.005888
357156,0.113408
357182,0.375552
357284,0.183296
357364,0.097792
357375,0.020992
357390,0.097024
357410,0.0064
357507,0.26368
357557,0.038144
357642,0.006912
357752,0.012544
357792,0.004352
357812,0.01408
357826,0.026624
357845,0.190208
357858,0.067072
357906,0.200192
357966,0.089856
357978,0.068608
357983,0.35584
358038,0.014336
358116,0.058624
358175,0.000256
358206,0.097024
358259,0.36736
358340,0.425216
358377,0.547072
358422,0.028928
358496,0.012288
358508,0.073216
358520,0.001024
358559,0.059648
358582,0.164096
358747,0.09856
358771,0.06656
358817,0.012032
358846,0.012544
358864,0.087296
358897,0.002816
358932,0.056064
359020,0.006144
359058,0.044544
359163,0.029184
359189,0.53248
359261,0.048384
359333,0.002816
359381,0.004352
359409,0.023808
359424,0.023552
359566,0.031744
359635,0.055296
359765,0.019968
359766,0.070656
359790,0.109568
359834,0.005632
359887,0.060672
359942,0.001536
359998,0.079616
360042,0.03712
360112,0.011264
360141,0.00256
360167,0.02304
360181,0.17408
360236,0.06912
360261,0.004608
360334,0.012032
360356,0.00384
360373,0.01408
360418,0.185856
360483,0.02816
360541,0.002816
360589,0.02944
360664,0.029184
360738,0.176896
360771,1.62944
360837,0.18944
360840,0.096512
360957,0.033024
360976,0.597504
361044,0.026624
361129,0.035072
361161,0.031488
361168,0.047104
361197,0.033024
361247,0.109056
361273,0.099072
361366,0.018944
361471,0.186112
361543,0.004864
361564,0.098304
361615,0.094976
361688,0.026368
361739,0.019968
361754,0.50176
361929,0.004352
361959,0.022016
361989,0.141824
362069,0.005376
362106,0.067072
362165,0.351232
362185,0.21248
362217,0.052224
362286,0.017408
362298,0.03584
362330,0.025856
362339,0.007936
362409,0.262912
362426,0.013824
362554,0.034816
362609,0.019712
362654,0.100864
362669,0.06144
362707,0.06912
362730,0.085248
362748,0.170752
362769,0.017408
362778,0.060416
362872,0.015616
362993,0.045568
363029,0.038912
363134,0.068608
363187,0.000768
363275,0.081408
363364,0.069376
363378,0.011776
363397,0.171008
363441,0.030208
363537,0.008704
363559,0.06144
363589,0.049664
363664,0.049408
363733,0.001792
363760,0.031232
363785,0.034816
363883,0.07552
363898,0.061952
363936,0.02176
364028,0.012032
364036,0.001024
364083,0.060416
364160,0.038144
364200,0.022016
364204,0.082432
364303,0.041728
364316,0.009984
364355,0.001024
364398,0.0768
364565,0.036608
364580,2.098688
364657,0.0896
364771,0.045312
364855,0.004352
364898,0.004096
364913,0.00896
364947,0.009728
364955,0.033024
365002,0.01664
365025,0.009216
365068,0.003584
365106,0.069632
365166,0.003072
365176,0.065024
365225,0.141568
365255,0.004096
365280,0.01536
365283,0.046848
365439,0.022528
365502,0.112896
365520,0.044288
365649,0.030208
365753,0.193536
365775,0.038144
365781,0.007424
365783,0.131072
365862,0.056832
365877,0.097792
365937,0.03072
365944,0.077056
365982,0.00384
366061,0.023296
366086,0.0704
366214,0.044544
366259,0.120576
366295,0.09216
366318,0.007936
366384,0.016896
366445,0.003072
366517,0.012032
366735,0.121856
366786,0.554496
366841,0.014848
366965,0.053504
366966,0.00256
366985,0.150272
367013,0.19072
367081,0.005888
367102,0.005888
367186,0.105216
367292,0.0
367323,0.007168
367372,0.02304
367395,0.009728
367428,0.011008
367439,0.065792
367471,0.053504
367509,0.009984
367584,0.009216
367621,0.048384
367755,0.014848
367775,0.078592
367844,0.029696
368010,0.004352
368065,0.008448
368144,0.072192
368164,0.076032
368186,0.08064
368286,0.04608
368333,0.034816
368360,0.050176
368417,0.004864
368449,0.014336
368477,0.039936
368513,0.05888
368525,0.00256
368541,0.033536
368577,0.043264
368606,0.016384
368634,0.044288
368686,0.143872
368733,0.03968
368767,0.204032
368926,0.006656
368979,0.04608
369087,0.028672
369134,0.068096
369185,0.152064
369212,0.020736
369305,0.001792
369322,0.023808
369329,0.07552
369375,0.009728
369381,0.06656
369457,0.05888
369480,0.008704
369497,0.039424
369521,0.037632
369541,0.327168
369601,0.06784
369712,0.003328
369724,0.011264
369785,0.0256
369834,0.058368
369941,0.0192
369982,0.221696
370065,0.039168
370185,0.073728
370268,0.071424
370290,0.63488
370446,0.013056
370466,0.0832
370527,1.741312
370565,0.003072
370583,0.013824
370589,0.088832
370614,0.124416
370656,0.031488
370674,0.01664
370686,0.048128
370687,0.048896
370720,0.005888
370806,0.022528
370991,0.00256
371023,0.008448
371126,0.014848
371136,0.004608
371145,0.010752
371171,0.02688
371187,0.54528
371238,0.008704
371310,0.021504
371513,0.044544
371520,0.017408
371566,0.053504
371632,0.004096
371644,0.005888
371694,0.076288
371717,0.107008
371741,0.059136
371775,5.504512
371868,0.064256
371953,0.00128
371969,0.017408
372057,0.02816
372086,0.006656
372181,0.019968
372215,0.14848
372277,0.00768
372354,0.002304
372365,0.039424
372384,0.364032
372409,0.037376
372459,0.038656
372466,0.028928
372492,0.028416
372509,0.042496
372556,0.00512
372614,0.21504
372700,0.010496
372728,0.008704
372824,0.023296
372900,0.070912
372922,0.184576
372961,0.092928
372964,1.897984
372981,0.033536
372995,0.11392
373069,0.071168
373095,0.036864
373151,0.017152
373306,0.004864
373361,0.122368
373474,0.019456
373565,0.064
373610,0.000256
373630,0.020224
373684,0.032512
373688,0.045824
373702,0.039168
373765,0.004608
373824,0.375808
373892,0.039424
374009,0.03584
374059,0.144896
374105,0.004864
374112,0.017408
374117,0.04352
374155,0.08064
374177,0.051456
374182,0.516608
374294,0.023296
374320,0.003328
374326,0.024832
374343,0.027136
374381,0.000512
374398,0.444672
374462,0.051456
374523,0.01536
374576,0.066048
374579,0.117504
374644,0.020736
374678,0.166656
374690,0.02176
374724,0.034304
374753,0.021248
374785,2.061568
374892,0.00896
374938,0.00512
374957,0.019712
375018,1.0816
375043,0.04224
375059,0.369152
375142,0.014336
375145,0.041984
375192,0.003584
375217,0.021248
375235,0.03328
375273,0.001024
375310,0.037376
375360,0.00256
375388,0.123648
375399,0.020224
375437,0.024576
375554,0.011776
375568,0.2624
375645,0.0192
375692,0.005632
375716,0.010752
375725,0.035328
375748,0.00128
375774,0.0192
375833,0.0128
375867,0.018432
375979,1.017344
376078,0.023552
376170,0.139264
376183,0.008448
376217,0.0384
376224,0.153856
376278,0.009472
376331,0.086016
376377,0.040192
376383,0.006144
376474,0.001792
376480,0.09088
376548,0.309248
376578,0.172032
376579,0.538624
376737,0.005888
376745,0.017152
376761,0.01536
376809,0.135168
376836,0.37504
376881,0.008192
376922,0.053504
376946,0.527872
377031,0.047872
377043,0.031744
377058,0.000768
377114,0.00128
377149,0.933376
377184,1.440768
377242,0.06656
377270,0.022016
377317,0.048896
377362,0.130048
377417,0.159232
377543,0.01152
377573,0.012288
377627,0.027136
377643,0.00896
377680,0.014592
377726,0.00768
377765,0.001536
377784,0.057856
377790,0.0512
377812,0.601856
377889,0.217088
377937,0.055296
377984,0.01408
378015,0.715264
378098,0.031232
378159,0.105472
378244,0.02688
378348,0.00256
378364,0.004608
378376,0.004352
378386,0.609024
378439,0.018432
378469,0.029696
378502,0.005632
378634,0.000512
378666,0.011776
378680,0.082944
378769,0.001024
378817,0.87424
378923,0.030464
378941,0.000768
378961,0.038144
378970,0.055296
378980,3.803136
379033,0.045568
379078,0.085248
379114,0.06016
379176,0.005632
379232,0.137728
379288,0.014848
379315,0.112896
379373,0.045056
379386,0.040704
379505,0.009984
379523,0.022784
379553,0.0
379558,0.003328
379580,0.166912
379670,0.023296
379758,0.01024
379816,0.214784
379907,0.124672
379938,0.038912
380019,0.039936
380021,1.651456
380079,0.059648
380094,0.45696
380186,0.03328
380187,0.01664
380243,0.009728
380266,0.03328
380320,0.263168
380463,0.04224
380510,0.033024
380554,0.083456
380562,0.045824
380670,0.031744
380708,0.00384
380737,0.089344
380762,0.01408
380805,0.317696
380816,0.241152
380915,0.005632
381022,0.039168
381071,0.009472
381111,0.077056
381141,0.004864
381195,0.163072
381260,0.033536
381281,0.034816
381371,0.023552
381387,0.075008
381390,0.156416
381420,0.05248
381493,0.118784
381551,0.059392
381560,0.052736
381573,0.108288
381611,0.000512
381651,0.000256
381693,0.045568
381762,0.104192
381823,0.04608
381837,0.016128
381845,0.01024
381912,0.001792
381931,0.012544
381964,0.032512
382044,0.062976
382123,0.012032
382147,0.06784
382196,0.062464
382206,0.024576
382278,0.06272
382391,0.01152
382473,0.045568
382523,0.033536
382564,0.780288
382603,0.044032
382633,0.00128
382672,0.00256
382700,0.204544
382828,0.006912
382902,0.011008
382943,0.30976
383079,0.003072
383120,0.087552
383165,0.080128
383177,0.801792
383239,0.018432
383261,0.012288
383307,0.013824
383347,0.023552
383367,0.02176
383377,0.03456
383406,0.020992
383453,0.000512
383499,0.038912
383562,0.072192
383632,0.00512
383640,0.002816
383688,0.114432
383726,0.01152
383732,0.025856
383783,1.007872
383854,0.030208
383880,0.006656
383913,0.000512
383918,0.03584
383969,0.067584
383988,0.009984
384094,0.016128
384269,0.035584
384321,0.061952
384341,0.03072
384411,0.007424
384468,0.120576
384486,0.027392
384514,0.000256
384516,0.060928
384539,0.079104
384743,0.00512
384758,0.019712
384767,0.308736
384860,0.037632
384965,0.13696
384977,0.177152
385030,0.33408
385062,0.096256
385101,0.418304
385142,0.028928
385182,0.016128
385368,0.030976
385392,0.053504
385490,0.007168
385565,0.072192
385592,0.364288
385656,0.484608
385704,0.057856
385723,0.059648
385741,0.55936
385877,0.111872
385913,0.04608
385915,0.016896
385944,0.088832
385988,0.412928
386034,0.009728
386047,0.007936
386083,0.02944
386093,0.306432
386135,0.018688
386159,0.03456
386177,0.005632
386180,0.282368
386238,0.071168
386350,0.054784
386390,0.008448
386458,0.014592
386464,0.0832
386511,0.002816
386529,0.005632
386551,0.011776
386566,0.032768
386609,0.01024
386628,0.141312
386666,0.037632
386709,0.082688
386737,0.008704
386744,0.005376
386778,0.179456
386779,2.430976
386787,0.717312
386855,0.005632
386884,0.011008
387023,0.37888
387071,0.022784
387094,0.040704
387124,0.018176
387169,0.290816
387265,0.209408
387273,0.292352
387322,0.006656
387445,0.027648
387486,0.006144
387507,0.005632
387526,0.004864
387562,0.055552
387583,0.32256
387681,0.019968
387699,0.270592
387758,0.004608
387761,0.030976
387791,0.253696
387794,0.255232
387851,0.027648
387869,0.016384
387926,0.00512
387963,0.02048
387990,0.396032
388074,0.194048
388100,0.044288
388120,0.008704
388150,0.016384
388161,0.02944
388245,0.023552
388280,0.005632
388305,0.007168
388317,0.027904
388337,0.004352
388400,0.019456
388466,0.06528
388499,0.00896
388534,0.032512
388542,0.081664
388591,0.031744
388651,0.008704
388718,0.038912
388802,0.084992
388859,0.006656
388892,0.000512
388920,0.004608
388997,0.00256
389017,0.004096
389063,0.002048
389065,0.13568
389095,0.013568
389111,0.022272
389168,0.044032
389219,0.07296
389258,0.765952
389310,0.044032
389411,0.012288
389463,0.006144
389559,0.087552
389632,0.182784
389717,0.030976
389768,0.026624
389831,0.005632
389850,0.155392
389899,0.007168
389960,0.344064
389997,0.088064
390094,0.041472
390118,0.105984
390149,0.029696
390208,0.007424
390253,0.032
390257,0.039936
390279,0.011008
390317,0.031232
390340,0.008704
390347,0.088576
390380,0.125952
390391,0.063488
390407,0.004352
390461,0.004096
390486,0.049408
390510,0.019456
390524,0.066304
390580,0.040192
390623,0.04352
390668,0.01536
390707,0.027392
390747,1.575424
390823,0.019712
390868,0.041984
390926,0.016128
390935,0.000512
390964,0.085248
390980,0.42752
391050,0.194304
391077,0.006144
391114,0.027648
391127,0.005376
391179,0.00896
391220,0.014848
391259,0.55424
391294,0.575744
391412,0.087296
391459,0.08064
391471,0.273408
391504,0.049408
391538,0.024576
391562,0.14592
391644,0.054016
391780,0.02048
391827,0.025856
391883,0.116224
391901,0.040192
391959,0.00384
392059,0.00896
392097,0.207872
392153,0.029696
392165,0.042752
392185,0.068096
392236,0.06016
392304,2.174976
392321,0.548608
392359,0.0192
392386,0.16896
392479,0.024064
392588,0.010752
392590,0.21504
392683,0.040704
392716,0.004352
392764,0.046848
392768,0.21248
392807,0.110848
392902,0.007168
392978,0.007424
392998,0.054784
393017,0.030208
393046,0.022784
393128,0.20736
393211,0.016384
393231,0.18176
393284,0.022016
393325,0.045568
393355,0.068864
393383,0.015616
393385,0.124928
393477,0.069888
393545,0.006912
393598,0.044032
393626,0.063232
393703,0.014848
393731,0.032512
393743,0.000512
393788,0.012544
393812,0.019712
393864,0.000768
393965,9.800704
394041,0.005632
394054,0.1664
394101,0.011008
394152,0.081152
394157,0.084992
394219,0.886528
394299,0.00768
394310,0.00256
394334,0.02688
394345,0.055808
394567,0.096512
394584,0.345344
394684,0.022784
394706,0.032256
394810,0.020736
394845,0.135424
394874,0.436224
394923,0.016896
394981,0.010752
395016,0.151808
395079,0.00256
395092,0.00384
395100,0.36224
395176,0.00512
395253,0.070912
395327,0.007424
395336,0.18688
395375,0.010496
395430,0.054784
395488,0.012544
395520,0.549888
395767,0.038144
395791,5.558784
395882,0.023808
395935,0.0832
395972,0.088576
396006,0.001536
396052,0.00384
396060,0.002048
396123,0.023296
396149,0.71168
396256,0.23552
396304,0.013824
396353,0.07552
396358,0.440832
396402,0.00512
396430,0.000512
396448,0.006656
396450,0.121344
396518,0.0128
396602,0.002816
396612,0.159744
396680,0.005632
396748,0.026624
396799,0.059904
396831,0.02304
396894,0.068864
396959,0.030976
396976,0.006144
397028,0.028928
397070,0.070144
397109,0.537344
397194,0.16512
397307,0.000256
397355,0.021248
397358,0.064
397425,0.065536
397494,0.00128
397525,0.033792
397565,1.775872
397629,0.041728
397726,0.027392
397744,0.731904
397857,0.022784
397937,0.071424
397990,0.03584
398102,0.07552
398132,0.147968
398169,0.040192
398221,0.022528
398266,0.018176
398268,1.702912
398404,0.029952
398459,0.029952
398468,0.118528
398533,0.032
398537,0.007424
398785,1.010176
398832,0.014592
398874,0.261376
398921,0.017152
398986,0.036096
399014,0.11392
399075,0.049408
399158,0.075776
399210,0.073728
399268,0.07296
399289,0.008448
399315,0.0192
399336,0.012544
399341,0.063744
399378,0.089856
399409,0.037888
399481,0.022528
399505,0.012288
399514,0.039936
399537,0.012288
399581,0.116224
399723,0.010752
399758,0.0896
399824,0.069376
399843,0.03328
399891,0.03584
399957,0.023552
399978,0.884992
400015,0.065792
400134,0.115456
400209,0.355072
400238,0.009216
400264,0.050944
400298,0.024576
400385,0.004864
400410,0.026112
400430,0.07552
400447,0.014592
400504,0.030208
400523,0.056832
400576,0.385536
400681,0.013824
400736,0.067584
400753,0.030464
400798,0.025088
400827,0.013056
400864,0.21376
400920,0.670208
400981,0.017152
401028,0.001024
401207,0.391424
401280,0.03072
401306,0.01792
401344,0.090112
401422,0.012032
401511,0.06144
401562,0.009984
401577,0.04992
401606,0.009728
401611,0.020224
401667,0.022784
401671,0.004352
401765,0.848896
401777,3.078656
401808,0.292864
401847,0.083968
401871,0.08704
402027,0.030976
402042,0.0256
402054,0.015104
402143,0.018176
402168,0.011264
402196,0.008704
402212,0.058112
402289,0.092672
402298,0.163072
402348,0.002816
402361,0.022784
402380,0.022528
402416,0.003072
402426,0.009216
402460,0.001536
402484,0.032512
402491,0.05504
402595,0.120064
402629,0.036608
402636,0.000256
402650,0.017664
402691,0.009984
402772,0.01792
402784,0.034048
402840,0.00512
402888,0.004352
402951,0.038144
403000,0.054016
403078,0.631296
403129,0.002304
403236,0.026368
403254,0.118528
403328,0.290048
403382,0.008448
403462,0.016128
403544,0.047616
403565,0.012288
403577,0.102144
403607,0.035328
403624,0.134656
403820,0.033024
403919,0.088832
403944,0.00256
403987,0.01664
404012,1.614848
404044,0.00128
404104,0.003584
404170,0.060672
404192,0.116992
404244,0.010496
404300,0.006656
404322,0.112384
404412,0.016128
404483,0.00384
404543,0.016896
404545,0.050944
404560,0.019456
404630,0.007936
404765,0.95488
404778,1.632256
404870,0.023808
404906,0.076032
404990,0.001024
405038,0.043264
405068,0.084224
405145,0.011264
405193,0.002048
405249,0.043008
405269,0.054016
405319,0.01152
405366,0.12288
405418,0.016896
405484,0.225536
405538,0.065024
405566,0.00512
405569,0.011008
405625,0.022016
405665,0.034816
405687,0.015104
405696,0.081664
405712,0.14208
405791,0.022016
405807,0.049152
405877,0.112896
405939,0.083456
405985,0.324096
406029,0.02176
406048,0.18944
406160,0.000768
406207,0.064512
406238,0.024832
406274,0.00768
406284,0.001024
406308,0.109824
406338,0.029696
406382,0.086784
406468,0.041984
406511,0.013568
406519,0.109056
406564,0.017664
406565,0.019456
406584,0.215552
406619,1.052928
406679,0.01408
406755,0.029696
406790,0.068096
406793,0.033024
406879,0.058368
406999,0.08704
407033,0.0064
407066,0.02688
407117,0.02816
407124,0.0128
407186,0.05376
407253,0.08192
407276,0.00384
407309,0.00896
407351,0.033792
407381,0.000256
407395,0.010752
407400,0.617472
407443,0.001024
407706,0.011008
407770,0.062208
407960,0.18048
408003,0.068608
408005,0.184832
408143,0.005632
408312,0.032
408378,1.59616
408476,0.116736
408517,0.024576
408537,0.07808
408580,0.247808
408668,0.001536
408739,0.053248
408752,0.303104
408793,0.131072
408882,0.013568
408884,0.016128
408939,0.046848
408988,0.04992
409034,0.005888
409106,0.025088
409112,0.044032
409151,0.002048
409190,0.01408
409206,0.016896
409275,0.01792
409339,0.0768
409390,0.022784
409440,0.004864
409445,0.062976
409576,0.065024
409588,0.017408
409603,0.010496
409646,0.020736
409738,0.03456
409810,0.069632
409877,0.019456
409955,0.0256
410133,0.022784
410179,0.039936
410259,0.002304
410263,0.004352
410293,0.014848
410315,0.13568
410368,0.002816
410384,0.235264
410504,0.05888
410570,0.013056
410611,0.01152
410651,0.019712
410706,0.01024
410764,0.007168
410774,0.045568
410781,2.249216
410835,0.028416
410887,0.009216
410907,0.001536
410917,0.009472
410924,0.015104
410978,0.022272
411094,0.009472
411137,0.076544
411195,0.009472
411220,0.172288
411269,0.035328
411305,0.013568
411332,0.002304
411361,0.004864
411380,0.047616
411381,0.192256
411442,0.4224
411488,0.896512
411512,0.053248
411542,0.024832
411552,0.38272
411612,0.132096
411622,0.094464
411652,0.211456
411702,0.014336
411712,0.116992
411772,0.201984
411792,0.28288
411822,0.241664
411842,0.247552
411872,0.03584
411882,0.54272
411902,0.165632
411912,0.327936
411932,0.129536
411942,0.126464
411952,0.194048
411972,0.197888
411982,0.243968
412002,0.012544
412012,0.077568
412022,0.1856
412032,0.118016
412042,0.073216
412062,0.29696
412066,0.038912
412102,0.472576
412112,0.47232
412132,0.370176
412142,0.201216
412162,0.187392
412172,0.502272
412182,0.224
412192,0.646144
412222,0.124416
412232,0.242944
412252,0.43648
412262,0.036096
412272,0.327168
412292,0.527104
412302,0.06912
412322,0.252928
412332,0.366848
412342,0.481024
412362,0.636672
412392,0.684544
412452,0.054528
412474,0.00768
412556,0.098048
412606,0.148224
412642,0.11776
412687,0.001792
412718,0.012288
412829,0.024576
412930,0.058624
412975,0.054784
413164,0.146176
413201,0.025856
413426,0.02304
413456,0.047616
413519,0.155392
413591,0.045312
413720,0.01152
413766,0.082688
413769,0.179456
413773,0.01024
413800,0.058112
413817,1.526528
413945,0.049152
413960,0.393216
414128,0.003328
414203,0.0256
414218,0.002048
414269,0.057088
414333,0.031232
414366,0.124672
414446,0.004864
414455,0.028928
414512,0.038912
414554,0.03072
414589,0.029952
414595,0.006144
414615,0.009472
414657,0.001792
414666,0.019712
414705,0.002816
414763,0.014848
414814,0.042752
414827,0.855552
414863,0.081152
414885,0.194048
414921,0.122112
414965,0.946176
415012,0.049408
415048,0.083712
415100,0.01536
415117,0.052736
415149,0.03456
415156,0.12544
415239,0.005376
415353,0.018176
415363,0.050688
415406,0.025088
415470,0.013312
415510,0.030208
415540,0.087552
415571,0.000256
415585,0.027648
415608,0.043776
415625,0.14336
415684,0.058624
415691,0.038656
415710,0.152832
415714,0.841728
415801,0.071424
415840,0.009472
415860,0.005632
415901,0.006912
415926,0.128768
415932,0.122368
416015,0.53888
416065,0.072192
416119,0.021248
416154,0.015104
416170,0.990208
416184,0.24448
416231,0.144128
416254,0.191744
416347,0.031744
416375,0.045568
416390,0.028928
416426,0.106752
416503,0.029184
416577,0.013568
416593,0.05248
416631,0.00384
416633,0.00128
416665,0.131584
416706,0.015104
416732,0.028416
416814,0.011264
416952,0.002816
416975,0.020224
417025,0.058624
417030,0.064256
417039,0.067328
417057,0.022272
417079,0.073728
417098,0.03456
417158,0.002304
417234,0.002816
417266,0.001792
417324,0.010752
417344,0.067072
417376,0.059904
417419,0.042752
417423,0.094976
417486,0.041472
417517,0.02432
417538,0.043776
417566,0.03584
417581,0.018688
417617,0.048128
417658,0.029952
417699,0.00512
417718,0.020224
417738,0.000768
417762,0.1472
417820,0.008448
417841,0.012544
417868,0.07552
417976,0.21632
418083,0.040448
418138,0.024064
418177,0.005376
418234,0.024576
418251,0.015872
418277,0.016896
418337,0.046848
418345,0.375296
418425,0.019456
418496,0.004864
418565,0.004608
418583,0.592128
418656,0.007936
418681,0.06656
418716,0.011008
418784,0.074496
418794,0.026368
418847,0.004864
418860,0.025088
418880,0.038656
418886,0.032
419000,0.081152
419051,0.006144
419054,0.033536
419067,0.033792
419177,0.680704
419254,0.054528
419282,0.001792
419307,0.060928
419390,0.00256
419396,0.000768
419424,0.023808
419593,0.032
419616,0.017408
419676,0.00128
419706,0.018688
419746,0.06272
419778,0.311808
419785,5.707264
419833,0.099328
419843,0.00768
420021,0.294656
420048,0.018688
420064,0.459264
420134,0.031744
420193,0.023808
420244,0.007936
420277,0.080128
420324,0.046848
420360,0.194048
420384,0.35072
420393,0.99328
420507,0.015104
420525,0.124928
420576,0.043776
420613,0.402432
420692,0.002048
420698,0.039936
420809,0.037888
420839,0.00512
420840,0.055296
420967,0.092928
420984,0.095488
420986,0.008704
421012,0.02688
421025,0.063232
421051,0.012288
421074,0.053248
421141,0.05632
421176,0.03712
421237,0.035584
421300,0.004352
421367,0.014592
421391,0.091392
421412,0.033024
421423,0.001024
421493,0.01408
421508,0.161024
421538,0.267264
421565,6.063616
421595,0.21888
421679,1.388032
421727,0.022784
421766,0.027904
421807,0.005632
421937,0.02688
421990,0.016896
422006,0.00768
422014,0.007936
422070,0.02048
422104,0.00768
422119,0.013312
422160,0.027904
422264,0.011008
422332,0.031744
422395,0.015104
422397,0.000256
422439,0.003072
422507,0.0576
422518,0.869376
422650,0.0704
422684,0.25216
422764,2.190336
422941,0.002816
423085,0.065024
423145,0.015104
423154,0.005632
423164,0.013312
423246,0.016128
423292,0.001792
423339,0.001536
423366,0.056064
423463,0.064768
423500,0.022784
423570,0.017408
423657,0.03072
423764,0.03072
423801,0.012032
423879,0.056064
423920,0.167168
423976,0.000256
424032,0.069376
424093,0.001792
424157,0.154368
424246,0.003072
424264,0.001024
424348,0.012032
424459,0.033536
424493,0.046848
424549,0.177664
424577,0.000512
424609,0.499968
424658,0.1472
424792,0.026624
424813,0.030976
424961,0.013568
425079,0.022272
425083,0.016128
425129,0.027648
425173,0.018944
425183,1.5104
425264,0.016896
425313,0.06144
425366,0.003328
425379,0.02176
425466,0.007424
425504,0.0128
425526,0.079616
425574,0.001792
425615,0.022784
425732,0.00512
425743,0.051712
425759,0.005888
425848,0.022016
425893,0.039936
426010,0.433408
426109,0.03072
426200,0.033024
426273,0.065536
426276,0.16768
426303,0.007168
426377,0.035328
426379,0.04864
426413,0.056064
426449,0.004096
426507,0.03456
426594,0.013312
426603,0.071424
426704,0.080384
426799,0.003584
426806,2.462464
426854,0.118528
426870,0.017664
426903,0.877056
426965,0.208384
426978,0.015616
427044,0.0128
427048,0.25856
427131,0.013312
427147,0.082688
427199,0.048384
427295,0.229632
427384,0.121856
427397,0.162816
427440,0.013056
427475,0.084224
427518,0.052224
427569,0.254976
427702,0.0448
427706,0.097536
427726,0.050432
427794,0.251136
427824,0.01408
427853,0.158208
427908,0.02304
427983,0.030976
428026,0.057344
428047,0.02944
428092,0.087552
428166,0.06144
428177,0.0768
428180,0.144384
428183,0.06656
428241,0.00768
428245,0.342784
428290,0.094976
428327,0.013312
428349,0.018688
428358,0.02688
428414,0.016896
428421,0.101632
428451,0.0448
428540,0.002048
428557,0.029696
428620,0.003584
428626,0.000512
428697,0.017664
428718,0.027648
428753,0.038912
428762,0.108032
428789,0.15872
428801,0.096512
428846,0.039936
428931,0.023296
428944,0.020992
428951,0.124416
428963,0.043264
429041,0.004096
429257,0.318976
429364,0.018688
429366,0.43136
429403,0.100864
429456,0.467456
429578,0.022272
429677,0.005888
429763,0.045056
429777,0.005376
429852,0.080896
429873,0.034816
429878,0.045312
429889,0.02304
429896,0.288256
429966,0.029696
429988,0.066304
430030,0.01024
430114,0.099072
430166,0.009472
430206,0.0192
430255,0.038656
430318,0.006656
430431,0.08832
430442,0.189696
430542,0.00256
430550,0.187648
430634,0.01024
430751,0.013568
430772,0.009216
430836,0.03968
430879,0.0064
430905,0.178432
430929,0.025344
431001,0.101376
431011,0.061184
431049,0.15232
431115,0.05248
431154,0.015872
431181,4.823808
431271,0.035072
431275,0.01664
431309,0.009216
431365,0.008704
431427,0.026368
431490,0.052224
431506,0.089856
431699,0.00128
431744,0.132096
431780,0.158976
431903,0.03712
431911,0.223232
431960,0.312832
431999,0.017152
432018,0.00256
432044,0.05504
432081,0.114432
432119,0.635136
432232,0.045824
432298,0.015616
432321,0.054528
432380,0.60544
432451,0.097024
432498,0.026368
432509,0.041984
432575,0.009216
432582,0.110592
432647,0.096512
432702,0.00768
432727,0.00384
432766,0.001536
432777,0.155648
432800,0.015616
432860,0.018176
432916,0.011008
432965,0.194048
432979,0.41472
433017,0.059392
433086,0.00896
433087,0.611328
433163,0.210176
433276,0.026624
433309,0.308736
433412,0.02688
433448,0.082688
433456,0.183552
433494,0.250624
433565,0.245248
433643,0.082944
433666,0.029184
433682,0.009728
433781,0.073728
433804,0.183552
434011,0.035328
434054,0.029952
434074,0.00896
434164,0.012032
434174,0.035072
434177,0.008704
434185,0.051968
434209,0.022528
434292,0.128256
434448,0.05248
434497,0.015104
434606,0.054528
434653,1.40544
434743,0.040192
434782,0.277504
434791,0.565504
434863,0.166144
434884,0.083968
434926,0.09216
434955,0.012544
434970,0.031744
435027,0.05248
435056,0.080384
435077,0.027392
435095,0.009216
435149,0.112384
435161,0.15232
435191,0.004864
435259,0.00128
435264,0.12928
435294,0.014848
435311,0.083968
435332,0.00128
435334,0.376832
435364,1.997824
435479,0.069632
435532,0.014592
435543,0.027904
435598,0.00256
435621,0.06272
435780,0.002304
435847,0.0576
435933,0.109824
435975,0.026624
436155,0.031744
436178,0.080384
436201,0.015104
436206,0.050688
436241,0.006144
436456,0.026624
436531,0.013568
436590,0.009984
436649,0.00384
436665,0.007936
436758,0.014336
436794,0.058368
436843,0.05632
436865,0.020992
437016,0.026624
437087,0.018432
437108,0.01792
437124,0.080128
437164,0.004864
437183,0.74624
437246,0.2816
437387,0.166144
437462,0.018176
437523,0.000768
437541,0.007168
437562,0.036352
437597,0.012544
437659,0.132352
437676,0.04352
437706,0.062208
437727,0.0
437772,0.054272
437794,0.27648
437801,0.040448
437960,0.406784
438016,0.077312
438055,0.031744
438113,0.017408
438127,0.00384
438172,0.0256
438188,0.047104
438202,0.288
438239,0.025856
438363,0.04992
438377,0.70016
438388,0.013568
438445,0.1472
438467,0.036096
438495,0.029696
438505,0.003072
438533,0.02048
438558,0.014848
438590,0.022272
438602,0.018944
438710,0.032256
438725,0.094208
438755,0.006144
438765,0.284928
438815,0.09728
438825,0.02048
438845,0.123392
438855,0.128512
438865,0.114432
438895,0.026624
438905,0.084992
438925,0.287744
438935,0.146944
438945,0.301568
438955,0.539904
438975,0.196096
439005,0.150784
439015,0.358656
439045,0.402432
439055,0.174336
439065,0.188672
439075,0.459264
439095,0.023808
439115,0.626176
439145,0.295936
439165,0.3264
439175,0.205056
439185,0.278784
439205,0.35712
439215,0.386816
439225,0.210176
439235,0.86144
439255,0.519424
439265,0.02432
439295,0.469248
439315,0.241408
439325,0.914688
439335,0.094464
439355,0.550912
439375,0.550144
439405,0.549632
439423,0.428288
439461,0.030976
439509,0.01408
439511,0.018176
439588,0.212992
439603,0.297728
439686,0.039424
439698,0.020224
439726,0.036608
439826,0.038656
439847,0.024576
439954,0.003328
440140,0.2048
440164,0.01024
440178,1.256704
440228,0.009472
440260,0.118528
440284,0.001536
440334,0.312064
440392,0.14976
440496,0.005632
440540,0.022272
440543,0.010496
440602,0.018688
440646,0.026368
440647,0.185856
440712,0.008448
440778,1.974528
440801,0.262912
440830,0.101888
440872,0.009984
440874,0.047616
440894,0.081664
440920,0.004352
440937,0.177152
441028,0.193792
441188,0.000512
441248,0.0768
441280,0.014848
441319,0.002304
441348,0.04736
441393,0.003328
441433,0.000768
441579,0.011008
441632,0.024576
441642,0.002048
441675,0.036608
441787,0.005376
441825,0.031232
441846,0.04864
441871,0.027392
441962,0.035584
441976,0.11648
441994,0.045312
442025,0.00256
442031,0.021248
442053,0.006144
442093,0.009472
442146,0.023552
442179,0.010752
442192,0.07424
442315,0.040704
442337,0.01664
442438,0.08832
442466,0.021248
442565,0.48
442583,0.12672
442734,0.010496
442763,0.054272
442801,0.009728
442858,0.020992
442919,0.081664
442937,0.03456
442994,0.015616
443012,0.048384
443031,0.05248
443055,0.005376
443057,0.07296
443095,0.00384
443165,0.299776
443176,0.04736
443198,0.552704
443229,0.013312
443329,0.00128
443347,0.214272
443395,0.069376
443433,0.007936
443473,0.112384
443522,0.019712
443743,0.01664
443792,0.018432
443830,0.004608
443985,0.0
444040,0.257024
444111,0.003072
444288,0.008448
444343,0.2816
444373,0.009472
444380,0.020736
444395,0.058368
444442,0.011776
444472,0.024064
444530,0.008448
444695,0.06784
444755,0.36864
444806,0.0064
444863,0.00256
444889,0.06912
444964,0.026368
444966,0.158976
444980,0.02304
444988,0.036096
445098,0.017664
445126,0.011264
445153,0.056576
445206,0.014848
445227,0.022016
445359,0.002304
445361,0.340992
445431,0.02688
445564,1.780224
445625,0.084992
445646,0.008192
445678,0.018944
445686,0.058624
445798,0.008704
445809,0.03712
445894,0.059136
446007,0.012288
446030,0.066048
446049,0.07936
446156,0.001536
446176,0.024576
446209,0.082944
446378,0.00768
446406,0.061952
446434,0.069888
446570,0.057088
446591,0.001024
446636,0.009216
446650,0.007936
446693,0.041216
446729,0.00128
446765,0.019456
446766,0.004608
446777,0.827136
446808,1.127424
446856,0.007936
446971,0.0128
447014,0.018944
447019,0.016128
447020,1.306624
447071,0.005376
447129,0.062464
447161,0.016128
447232,0.036096
447258,0.040704
447317,0.039424
447367,0.057344
447375,0.47744
447438,0.003072
447477,0.004608
447508,0.02816
447570,0.015104
447662,0.04096
447689,0.009216
447873,0.195328
447965,0.00128
447976,0.009984
447978,1.60512
448081,0.00896
448099,0.015104
448182,0.012032
448207,0.005632
448326,0.0128
448364,0.074496
448389,0.005632
448476,0.094208
448510,0.014592
448536,0.002048
448565,0.031488
448582,0.41472
448601,0.085504
448639,0.439808
448706,0.039936
448799,0.015872
448870,0.01536
448911,0.00256
448923,0.050432
449009,0.056832
449058,0.0896
449103,0.004608
449166,0.002304
449181,0.069888
449215,0.26112
449457,0.005632
449474,0.085504
449519,0.006912
449597,0.007168
449718,0.061184
449737,0.02176
449764,0.021504
449782,0.011008
449787,0.292608
449789,0.007936
449805,0.137472
449897,0.014848
449934,0.09088
449998,0.203008
450064,0.013568
450127,0.053248
450159,0.007168
450172,0.022272
450270,0.02304
450292,0.005888
450311,0.016128
450376,0.151552
450454,0.03712
450602,0.085248
450647,0.05376
450718,0.059136
450745,0.13696
450798,0.04992
450826,0.093696
450835,0.023552
450889,0.022784
450941,0.050944
450977,0.040448
450982,1.470976
451048,0.033792
451110,0.066816
451133,0.02688
451187,0.010752
451263,0.047616
451304,0.456448
451351,0.014848
451396,0.066304
451565,0.070144
451579,0.00512
451582,1.1264
451624,0.00384
451656,0.046592
451710,0.0256
451775,0.012288
451793,0.006144
451860,0.010752
451906,0.001536
451914,0.027392
452069,0.871936
452151,0.025088
452166,0.070912
452178,0.037376
452179,0.813056
452230,0.003072
452456,0.006656
452482,0.002048
452513,0.021248
452520,0.0192
452535,0.013056
452618,0.01664
452621,0.130048
452694,0.02176
452715,0.020224
452782,0.029696
452824,0.002304
452868,0.055296
452936,0.032256
453028,0.004608
453043,0.018944
453080,0.026368
453216,0.010496
453266,0.022784
453302,0.006912
453318,0.024064
453347,0.0576
453398,1.459968
453467,0.089088
453623,0.01152
453644,0.029184
453765,0.0384
453792,0.097024
453804,0.038912
453918,0.02304
453989,0.088576
454048,0.1408
454184,0.005632
454308,0.083456
454435,0.050176
454569,0.044288
454583,1.590016
454638,0.016896
454673,0.00384
454677,0.228608
454720,0.31872
454807,0.025088
454907,0.00768
454934,0.038656
454944,0.005888
454958,0.105216
455114,0.009984
455281,0.031744
455308,0.008192
455339,0.002816
455377,0.06656
455404,0.232448
455433,0.012544
455449,0.038912
455543,0.096768
455689,0.216832
455762,0.02048
455765,0.330496
455782,0.455168
455894,0.003328
455960,0.01152
455985,0.051968
455998,0.014592
456014,0.029696
456090,0.004096
456106,0.103936
456193,0.002816
456198,0.022016
456224,0.04352
456311,0.006144
456349,0.00128
456391,0.003072
456408,0.059648
456439,0.017408
456491,0.438272
456576,0.303872
456601,0.012032
456606,0.040192
456634,0.003584
456708,0.297728
456743,0.004864
456764,0.037888
456850,0.00128
456940,0.007424
456965,0.229888
456987,0.386304
457041,0.257024
457089,0.077056
457103,0.029952
457253,0.015872
457385,0.801024
457406,0.020992
457486,0.026624
457511,0.033792
457559,0.0192
457581,0.134656
457583,0.213504
457595,0.566784
457654,0.003072
457661,0.036352
457699,0.6016
457713,0.16256
457774,0.331776
457825,5.150464
457876,0.668416
457926,0.028672
457940,0.043264
457964,0.065536
458110,0.062464
458125,0.035072
458149,0.004096
458165,0.014592
458258,0.00768
458323,0.006656
458392,0.117248
458476,0.016128
458484,0.014848
458546,0.006144
458590,0.013056
458777,2.157312
458784,1.736448
458847,0.012032
458898,0.035328
458911,0.00896
458920,0.121088
458956,0.022784
459000,0.02176
459025,0.023808
459087,0.012544
459116,0.023296
459223,0.0128
459242,0.013056
459377,0.026368
459468,0.151808
459531,0.010752
459533,0.003584
459567,0.126976
459616,0.017664
459659,0.018688
459723,0.028672
459803,0.02432
459831,0.011264
459849,0.029184
459859,0.006656
459915,0.0
459935,0.014848
459951,0.06912
459981,0.020992
460020,0.037888
460095,0.087808
460126,0.389376
460161,0.014592
460180,0.095232
460196,0.001536
460224,0.761088
460306,0.03968
460321,0.0064
460415,0.029184
460418,0.00896
460505,0.004608
460566,0.313088
460739,0.030976
460771,0.01664
460780,0.192256
460825,0.077568
460919,0.043008
460931,0.013312
460999,0.004608
461026,0.019712
461081,0.388352
461142,0.045056
461162,0.056576
461182,0.835072
461282,0.317184
461407,0.020224
461414,0.056064
461428,0.022528
461435,0.018176
461577,0.000512
461594,0.622336
461707,0.00256
461729,0.045056
461776,0.012288
461785,0.043264
461830,0.0832
461868,0.04352
461960,0.47104
461982,0.016896
462031,0.017664
462079,0.113408
462093,0.002816
462096,0.004608
462140,0.013568
462181,0.032512
462361,0.200448
462388,0.02176
462540,0.037888
462647,0.00512
462720,0.080384
462758,0.006144
462807,0.045056
462859,0.014336
462926,0.012032
462946,0.027904
462975,0.013056
462984,0.132352
463009,0.08832
463056,0.021248
463102,0.014848
463181,0.012544
463194,0.003072
463234,0.092416
463275,0.016128
463359,0.059648
463412,0.0
463428,4.046592
463494,0.186112
463537,0.027392
463577,0.004352
463580,0.016128
463634,0.010496
463679,0.215296
463703,0.019712
463751,0.044032
463816,0.00256
463863,0.041216
463901,0.051456
463946,0.012544
464001,0.00896
464092,0.065024
464133,0.002048
464178,1.416704
464331,0.002816
464387,0.028672
464457,0.063488
464535,0.022016
464586,0.017664
464638,0.0576
464754,0.046848
464773,0.051712
464801,0.685824
464965,0.009216
465000,0.063744
465081,0.006144
465099,0.032256
465108,0.011776
465124,0.01536
465148,0.049664
465181,0.015104
465409,0.004352
465416,0.013568
465581,0.037376
465626,0.02304
465647,0.07936
465733,0.004096
465780,0.02688
465803,0.006656
465815,0.074752
465894,0.061696
465931,0.002048
465965,0.386304
465994,0.137216
466030,0.092672
466121,0.048384
466173,0.006912
466192,0.006144
466235,0.016384
466286,0.107008
466412,0.018688
466481,0.032512
466499,0.062976
466521,0.04096
466578,0.171008
466670,0.002304
466806,0.001024
466853,0.046592
466890,0.005632
466914,0.031488
466929,0.007424
467013,0.004096
467076,0.017408
467165,0.006144
467188,0.180992
467275,0.038656
467345,0.020992
467411,0.009984
467446,0.008704
467500,0.002304
467552,0.04864
467601,0.020224
467664,0.001024
467748,0.027392
467762,0.050432
467785,0.155392
467796,1.910016
467814,1.876992
467879,0.020224
467918,0.007424
467926,0.010752
467954,0.017152
467993,0.001536
468046,0.002816
468077,0.008192
468114,0.1856
468123,1.116416
468234,0.154368
468343,0.006912
468365,0.109056
468463,0.001024
468473,0.029184
468486,0.02432
468526,0.010752
468550,0.18048
468573,0.041472
468649,0.002048
468669,0.023296
468695,0.04608
468734,0.005376
468768,0.021504
468783,0.024832
468802,0.00128
468808,0.02048
468861,0.002304
468931,0.032768
468952,0.012288
468981,1.184768
469063,0.002304
469102,0.021248
469121,0.10752
469176,0.004864
469213,0.096
469335,0.0192
469351,0.013056
469382,0.136192
469440,0.018176
469447,0.002048
469466,0.067584
469482,0.000512
469580,0.0064
469582,0.147968
469642,0.036352
469648,0.246016
469709,0.26496
469751,0.022016
469834,0.009216
470003,0.017664
470030,0.006144
470033,0.046336
470114,0.152064
470134,0.93056
470182,0.143104
470220,0.02432
470245,0.006144
470293,0.259584
470388,0.0256
470408,0.011008
470430,0.021504
470511,0.060928
470573,0.012544
470604,0.087808
470642,0.028416
470675,0.068864
470724,0.277248
470765,0.140288
470810,0.064512
470849,0.06528
470935,0.05632
470957,0.193536
471152,0.018176
471209,0.01792
471239,0.011264
471245,0.091136
471275,0.00768
471309,0.018432
471318,0.00512
471326,0.002816
471451,0.061184
471474,0.25728
471522,0.068096
471524,0.006656
471591,0.01664
471625,0.015104
471659,0.055552
471668,0.051968
471759,0.056576
471809,0.042752
471848,0.034816
471862,0.067584
471964,0.009216
471965,0.113664
472024,0.020736
472062,0.009728
472114,0.001024
472186,0.028416
472227,0.00896
472239,0.019456
472268,0.019712
472280,0.044032
472284,0.024576
472301,0.14976
472330,0.10624
472401,0.029696
472433,0.01536
472513,0.040704
472536,0.089856
472581,1.453568
472758,0.029952
472802,0.022016
472830,0.013568
472836,0.36608
472935,0.001536
472953,0.016128
472964,0.035328
473006,0.00512
473058,0.049408
473099,0.021504
473157,0.005888
473163,0.038144
473187,0.017152
473194,0.498432
473303,0.008704
473345,0.0832
473362,0.04864
473430,0.023552
473504,0.011264
473594,0.034304
473681,0.095488
473711,0.013056
473765,0.018688
473777,0.644864
473818,0.077056
473840,0.007936
473930,0.121856
473960,0.74112
474059,0.091392
474142,0.00384
474146,0.203264
474205,0.01408
474244,0.018432
474269,1.834752
474337,0.009728
474377,0.01664
474394,0.061696
474417,0.091904
474478,0.108288
474517,0.00256
474560,0.04352
474637,0.012544
474737,0.015872
474761,0.018176
474953,0.021504
474967,0.073472
474977,1.647616
475111,0.103424
475135,0.002048
475140,0.01664
475204,0.021504
475247,0.124672
475314,1.698304
475361,0.062976
475428,0.04224
475446,0.007424
475531,0.13312
475565,0.140288
475593,0.10496
475604,0.031232
475650,0.029184
475682,0.05248
475737,0.008704
475856,0.152576
475937,0.035584
475968,0.027136
476123,0.017408
476163,0.000256
476257,0.048128
476329,0.008704
476364,0.014848
476406,0.142336
476450,0.01536
476535,0.025088
476543,0.5824
476621,0.06528
476671,0.150784
476694,0.015616
476722,0.084736
476764,0.009728
476776,0.85248
476930,0.061184
477049,0.014848
477061,0.021248
477108,0.022016
477166,0.054784
477216,0.012544
477274,0.044032
477301,0.000256
477367,0.050432
477416,0.105472
477446,0.050432
477464,0.038656
477526,0.023552
477653,0.009472
477785,0.009472
477802,0.044288
477817,0.049152
477853,0.060928
477903,0.033024
477905,0.031488
477921,0.01664
477943,0.013056
477947,0.05248
478138,0.031744
478176,0.576512
478234,0.038656
478276,0.051712
478329,0.001792
478337,0.007424
478463,0.035584
478487,0.242688
478531,0.013056
478564,0.02048
478577,0.08576
478588,4.557568
478665,0.011264
478720,0.01792
478744,0.063232
478812,0.020736
478836,0.030464
478921,0.011008
478946,0.010752
479031,0.031488
479061,0.025856
479126,0.021504
479185,1.22368
479298,0.054528
479419,0.02944
479426,0.013312
479464,0.053504
479514,0.0256
479561,0.096512
479615,0.029696
479672,0.048384
479765,1.150208
479783,0.019456
479894,0.064256
479909,0.151808
479974,0.007424
479992,0.926464
480076,0.091392
480141,0.016384
480169,0.01152
480199,0.760832
480284,0.113408
480362,0.273408
480388,0.00256
480450,0.008704
480466,0.107776
480531,0.028928
480543,0.0064
480572,0.002816
480630,0.099584
480657,0.026624
480664,0.062464
480758,0.011264
480771,0.013056
480800,0.060416
480856,0.05888
480978,0.008448
480983,0.029696
481111,0.014336
481133,0.071424
481161,0.066304
481169,0.012032
481238,0.014336
481286,0.033536
481300,0.032512
481319,0.02688
481400,0.039424
481468,0.027648
481497,0.012288
481549,0.0384
481576,0.01536
481615,0.027136
481633,0.017664
481692,0.068864
481726,0.009472
481734,0.054272
481851,0.01792
481931,0.097792
482008,0.062976
482086,0.012544
482095,0.04608
482129,0.00256
482163,0.050944
482181,0.001792
482253,0.033536
482381,0.013824
482467,0.004096
482568,0.019968
482629,0.04096
482641,0.098048
482668,0.021248
482674,0.096512
482720,0.05504
482764,0.13056
482784,0.422144
482844,0.041728
482894,0.01024
482936,0.0128
483032,0.016896
483093,0.029696
483160,0.029952
483171,0.004864
483176,0.2048
483220,0.0576
483284,0.008704
483311,0.082176
483361,0.034816
483508,0.185344
483629,0.035584
483658,0.038656
483706,0.018432
483707,0.020224
483762,0.045312
483800,0.008448
483822,0.073472
483841,0.034048
483874,0.207104
483945,0.0192
483953,0.027904
483964,0.03584
483965,1.36704
484038,0.005632
484084,0.022784
484134,0.036352
484158,0.573184
484183,0.000512
484203,0.021248
484237,0.025088
484264,0.022016
484287,0.003072
484308,0.003584
484321,0.00256
484363,0.003584
484449,0.011264
484491,0.0064
484501,0.040448
484517,0.022272
484578,2.345216
484661,0.069376
484680,0.004864
484714,0.04992
484723,0.018176
484762,0.020224
484806,0.034816
484831,0.333312
484933,0.063488
484946,0.0128
484968,0.014848
485032,0.0768
485081,0.20224
485152,0.060416
485192,0.344576
485230,0.002048
485371,1.826816
485473,0.007168
485541,0.018432
485550,0.002816
485639,0.00256
485746,0.010752
485761,0.057088
485795,0.176384
485806,0.590336
485830,1.498624
485909,0.009984
485947,0.018176
485960,0.123392
485973,0.243968
486000,0.022528
486036,0.026112
486040,0.231936
486103,0.001024
486191,0.031232
486238,0.000512
486313,0.003584
486364,0.009216
486387,0.105728
486417,0.123136
486423,0.994048
486570,0.026112
486586,0.014848
486611,0.048384
486674,0.026624
486683,0.011008
486736,0.038912
486781,0.117248
486896,0.01792
486906,0.077056
486935,0.026112
486964,0.050688
486980,0.926208
487024,0.371712
487071,0.050944
487107,0.239616
487182,0.04608
487267,0.087808
487322,0.001792
487369,0.038912
487399,0.174592
487464,0.510464
487510,0.053248
487555,0.126976
487557,0.101632
487577,0.625664
487621,0.024064
487635,0.064
487654,0.045312
487681,0.01152
487767,0.10112
487818,0.04736
487825,0.000256
487930,0.008704
487944,0.264704
487996,0.00256
488075,0.01664
488109,0.036864
488177,0.233472
488203,0.048128
488244,0.029696
488278,0.022528
488301,0.055296
488346,0.51456
488414,0.080384
488443,0.004608
488499,0.056832
488533,0.200448
488566,0.025344
488691,0.027648
488725,0.06912
488781,0.00128
488822,0.000256
488880,0.021248
488921,0.012288
488945,0.124416
488977,0.06656
489025,0.000256
489029,0.004864
489044,0.156416
489050,0.026624
489179,0.231424
489206,0.251136
489259,0.035584
489282,0.006144
489365,0.831488
489377,2.237184
489392,0.528128
489416,0.8768
489466,0.05504
489533,0.018688
489578,0.006656
489664,0.083712
489707,0.01408
489774,0.007936
489784,0.453888
489847,0.009728
489851,0.00128
489910,0.158208
489949,0.00256
489964,0.015872
489978,4.998656
490089,0.03584
490146,0.0448
490172,0.036352
490257,0.03584
490263,0.0064
490309,0.012544
490368,0.007168
490391,0.009728
490410,0.045568
490483,0.128512
490504,0.008192
490513,0.131328
490554,0.116224
490577,0.13952
490684,0.011776
490785,0.370176
490842,0.035072
490861,0.026368
490877,0.221184
490921,0.053248
490946,0.004608
490966,0.091904
491008,0.018688
491036,0.128768
491071,0.005376
491107,0.222464
491187,0.078592
491233,0.020992
491281,0.017152
491378,0.139008
491427,0.009472
491501,0.01152
491529,0.096256
491554,0.008704
491580,0.0704
491655,0.037376
491694,0.03328
491780,0.122112
491786,2.355456
491840,0.018688
491937,0.004352
491960,0.237824
492032,0.003072
492039,0.083968
492141,0.306176
492190,0.002816
492202,0.02816
492219,0.002048
492265,0.038144
492287,0.0704
492306,0.071936
492337,0.004352
492343,0.068864
492383,0.812032
492433,0.018944
492505,0.0384
492552,0.2944
492648,0.007424
492656,0.018176
492726,0.071424
492733,0.063488
492783,0.03584
492895,1.617152
492948,0.005632
492991,0.028672
493029,0.007168
493078,0.004096
493188,0.050176
493223,0.011264
493269,0.014848
493357,0.021248
493409,0.022528
493414,0.168704
493506,0.042496
493566,0.012288
493577,0.070656
493590,0.219904
493646,0.002304
493685,0.042496
493753,0.01408
493878,0.032768
493882,0.019712
493925,0.866816
494008,0.016128
494031,0.009472
494090,0.041216
494175,0.001024
494178,0.019456
494183,0.910336
494291,0.08704
494326,0.034816
494364,0.095488
494417,0.126464
494457,0.012288
494480,0.214272
494556,0.009728
494597,0.333312
494691,0.408064
494773,0.114688
494890,0.038656
495044,0.151808
495170,0.158976
495235,0.033536
495385,6.132736
495514,0.030208
495523,0.669696
495540,0.364544
495592,0.02816
495623,0.1408
495652,0.13696
495701,0.068352
495727,0.005888
495836,0.000512
495955,0.01152
495965,0.003328
495992,0.003072
496026,0.491776
496081,0.008448
496085,0.07168
496116,0.41728
496132,0.050688
496181,0.061184
496291,0.079872
496317,0.002048
496370,0.097024
496391,0.058368
496420,0.063488
496518,0.022272
496577,0.345088
496586,0.502528
496635,0.01408
496673,0.075008
496718,0.012032
496727,0.014336
496777,0.017664
496822,0.000256
496835,0.0896
496906,0.01152
497009,0.010752
497105,0.028416
497182,0.2944
497217,0.007424
497268,0.162048
497299,0.114432
497307,0.048896
497401,0.002816
497428,0.14592
497489,0.01664
497601,0.099584
497660,0.036608
497736,0.032256
497764,0.070144
497776,0.067584
497777,0.011264
497874,0.064256
497928,0.075008
497960,1.012736
497981,0.209664
498064,0.007424
498079,0.08704
498122,0.109056
498141,0.039168
498177,0.015104
498235,0.029952
498247,0.410624
498367,0.015104
498476,0.001536
498516,0.064512
498546,0.033792
498599,0.014592
498644,0.04224
498663,2.205184
498805,0.020224
498825,0.036096
498894,0.826112
498945,0.126208
498978,0.044032
499006,0.018944
499077,0.046848
499113,0.020224
499116,0.063488
499178,0.685312
499266,0.188928
499323,0.026112
499367,0.005888
499406,0.010496
499478,0.13824
499508,0.005376
499548,0.01152
499577,0.105472
499593,1.593856
499644,0.045568
499686,0.006912
499766,0.02688
499777,0.056832
499803,0.023552
499839,0.091392
499898,0.013056
499904,0.000768
499972,0.169216
500010,0.707584
500109,0.328704
500133,0.249856
500213,0.372992
500266,0.003072
500326,0.012032
500354,0.043776
500394,0.012288
500458,0.004864
500479,0.158208
500558,0.009216
500580,0.041216
500598,0.00896
500643,0.131072
500686,0.007424
500706,0.014848
500713,0.002304
500764,0.026624
500768,0.040448
500775,0.002816
500784,10.889728
500843,0.004608
500874,0.015872
500897,0.00384
500918,0.022272
500985,0.017408
501024,0.040448
501038,0.032256
501053,0.004096
501145,0.120576
501181,0.042752
501202,0.050432
501273,0.08064
501303,0.058624
501377,0.018944
501382,0.414464
501451,0.033792
501504,0.015616
501573,0.018688
501609,0.006144
501684,0.016384
501733,0.081664
501750,0.033792
501767,0.003072
501810,0.058624
501890,0.014848
501935,0.035328
502012,0.088576
502065,0.017664
502113,0.057344
502213,0.088576
502259,0.061696
502312,0.027648
502326,0.01024
502398,0.069888
502415,0.005888
502441,0.040192
502481,0.002816
502491,0.026112
502564,0.045568
502590,2.202624
502717,0.003328
502735,0.075264
502808,0.054016
502816,0.044288
502973,0.004864
502990,0.016128
503079,0.370176
503182,0.013568
503305,0.00896
503332,0.033024
503352,0.062976
503386,0.154624
503447,0.008192
503457,0.029952
503499,0.012544
503610,0.038912
503668,0.053504
503779,0.05376
503783,1.406464
503856,0.017664
503870,0.107008
503901,0.06144
503960,0.301056
504047,0.16
504064,0.03456
504113,0.003584
504136,0.004352
504157,0.012288
504169,0.114432
504202,0.056832
504223,0.051968
504299,0.014592
504326,0.010496
504364,0.174848
504383,0.021504
504441,0.034816
504471,0.082432
504503,0.277504
504557,0.071424
504563,0.004096
504575,0.028672
504589,0.212224
504647,0.067328
504751,0.025088
504769,0.135424
504802,0.095744
504813,0.077056
504873,0.000512
504940,0.060416
504956,0.014848
504964,0.468736
505046,1.004544
505131,0.00768
505224,0.032512
505300,0.067584
505333,0.02304
505457,0.060928
505473,0.182272
505516,0.30336
505577,0.079872
505606,0.121344
505663,0.025088
505767,0.017152
505825,0.054784
505956,0.006912
505997,0.025856
506001,0.209152
506053,0.038144
506131,0.005632
506149,0.08832
506176,0.323584
506194,0.137472
506296,0.016128
506319,0.04352
506367,0.189952
506453,0.09728
506493,0.011264
506554,0.08704
506650,0.02944
506675,0.792832
506737,0.01792
506765,6.053888
506841,0.003072
506901,0.023296
506982,0.012032
506998,0.162816
507060,0.041472
507095,0.183552
507114,0.022272
507140,0.009216
507186,0.016384
507207,0.009728
507229,0.888576
507276,0.021504
507312,0.149504
507375,0.096256
507383,0.063488
507423,0.085504
507498,0.019712
507586,0.002304
507665,1.21728
507721,0.05888
507777,0.011776
507811,0.087808
507904,0.080896
507949,0.006656
508033,0.026368
508046,0.198912
508208,0.109824
508221,0.027648
508253,0.038144
508317,0.020992
508452,0.032256
508471,0.02432
508527,0.015872
508607,2.299136
508686,0.6016
508766,0.032
508795,0.039936
508933,0.09984
508939,0.098304
509056,0.101888
509116,0.040192
509154,0.039168
509194,0.018432
509240,0.294912
509361,0.025088
509406,0.031232
509572,0.09344
509586,0.098304
509606,0.103424
509682,0.082688
509706,0.001536
509718,0.077824
509765,0.052736
509842,0.124672
509918,0.02176
509936,0.009984
509978,0.022016
510027,0.000768
510135,0.005376
510169,0.038144
510215,0.0896
510256,0.265472
510286,0.029696
510340,0.020992
510357,0.013056
510379,0.152064
510380,0.036864
510444,0.04224
510473,1.03552
510581,0.058624
510647,0.024064
510674,0.054016
510713,0.030208
510768,0.025344
510789,0.0384
510817,0.0704
510866,0.037888
510911,0.022016
510943,0.243456
510967,0.033024
510976,1.051904
510985,3.976448
511052,0.0064
511091,0.03072
511108,0.053504
511228,0.016896
511257,0.015104
511470,0.003584
511481,0.057856
511504,0.032768
511541,0.03968
511639,0.005376
511669,0.0896
511744,0.098816
511787,0.2752
511841,0.028672
511864,0.095744
512044,999.994368
512166,0.277248
512206,0.125184
512306,0.003328
512356,1.156864
512425,0.006656
512441,0.029184
512767,0.011008
512778,0.167424
512864,0.104192
513017,0.06912
513249,0.04096
513288,0.010496
513353,0.149504
513382,0.0192
513436,0.07552
513533,0.000256
513554,0.022016
513573,0.00384
513585,0.0
513634,0.001536
513700,0.007168
513706,0.009984
513734,0.011776
513758,0.070656
513817,0.131584
513843,0.000768
513874,0.044544
513923,0.085248
513954,0.030976
513964,0.214528
514012,0.127232
514089,0.006912
514116,0.01408
514186,0.127488
514192,0.04992
514312,0.227072
514366,0.003584
514388,0.009728
514410,0.010752
514444,0.007424
514466,0.0768
514563,0.03456
514576,0.384512
514587,0.201728
514779,0.002816
514780,0.301568
514837,0.020992
514902,0.00512
514937,0.063232
514960,0.001792
515175,0.09472
515189,1.131264
515247,0.000256
515265,0.32128
515290,0.004608
515328,0.01792
515417,0.000256
515478,0.000256
515526,0.076544
515548,0.236544
515632,2.208
515706,0.038912
515742,0.000512
515765,1.319936
515855,0.015104
515915,0.002048
515959,0.006144
515994,0.009216
516067,0.020736
516126,0.02688
516185,0.006912
516273,0.047872
516295,0.013568
516323,0.001792
516343,0.023296
516364,1.355776
516403,0.052736
516413,0.08832
516433,0.13184
516443,0.085248
516453,0.135424
516463,0.137216
516503,0.027392
516513,0.020992
516523,0.229376
516543,0.050432
516553,0.118784
516569,0.009472
516573,0.216064
516603,0.288256
516633,0.255488
516643,0.105216
516653,0.046336
516673,0.287744
516693,0.055552
516713,0.50176
516733,0.061184
516743,0.047616
516753,0.35968
516773,0.268032
516793,0.10112
516803,0.13184
516823,0.063488
516833,0.034304
516843,0.0512
516853,0.2112
516863,0.026624
516873,0.033536
516883,0.15104
516893,0.026368
516903,0.031232
516913,0.210944
516923,0.221696
516933,0.255232
516943,0.16896
516953,0.224
516963,0.003072
516993,0.051456
517003,0.201472
517013,0.316928
517023,0.156416
517033,0.337408
517053,0.173312
517063,0.331264
517083,1.03296
517093,0.325888
517103,0.04352
517113,0.110592
517143,0.743936
517153,0.360448
517163,0.432896
517183,0.364288
517193,0.683776
517203,0.070912
517233,0.710656
517253,0.03328
517273,0.771328
517283,0.266496
517293,0.303104
517332,0.07424
517353,0.020224
517453,0.007424
517497,0.05888
517578,0.130304
517607,0.025856
517626,0.049664
517659,0.00128
517713,0.087808
517782,0.04608
517820,0.011264
517955,0.000768
518095,0.064
518115,0.004608
518163,0.037632
518184,0.22016
518235,0.01664
518270,0.050688
518286,0.002048
518305,0.012288
518526,0.002048
518564,0.023552
518584,0.015104
518699,0.00896
518720,0.016896
518725,0.021248
518764,0.136192
518778,0.609792
518832,0.002816
518893,0.03968
518903,0.658432
518973,0.108288
519010,0.02304
519074,0.02176
519269,0.002304
519293,0.019456
519321,0.0128
519337,0.02048
519341,0.005632
519354,0.042496
519379,0.55808
519484,0.004864
519583,0.054016
519630,0.01408
519645,0.102656
519670,0.032512
519701,0.029952
519854,0.01152
519863,0.013824
519914,0.027648
519963,0.009216
519975,0.013056
519979,0.035584
519984,1.949184
520064,0.048384
520143,0.013824
520232,0.072704
520266,0.062208
520284,0.005632
520331,0.024576
520397,0.035584
520430,0.017664
520449,0.006656
520468,0.041472
520540,0.031488
520563,0.013056
520776,0.044544
520891,0.050432
520969,0.006656
521017,0.027392
521110,0.055552
521165,0.075264
521183,0.14208
521192,0.204288
521194,0.303872
521228,0.035328
521256,0.014848
521326,0.012032
521425,0.142336
521483,0.00896
521526,0.028928
521536,0.010752
521658,0.047872
521769,0.061952
521777,0.544256
521788,10.548224
521813,0.527872
521917,0.024832
521928,0.00256
521985,0.012544
522003,0.067072
522021,0.011264
522042,0.006144
522070,0.026368
522113,0.00768
522166,0.041472
522168,0.112384
522239,0.04608
522268,0.16256
522295,1.097472
522330,0.011776
522365,0.016384
522384,0.189696
522416,0.837632
522575,0.038144
522728,0.119808
522807,0.00768
522877,0.293888
522933,0.049408
522952,1.08288
522985,0.95616
523124,0.00512
523165,0.024576
523211,0.101632
523240,0.011776
523281,0.005376
523330,0.033536
523396,0.003072
523454,0.11264
523543,0.057856
523564,1.763072
523622,0.008704
523646,0.027136
523706,0.006656
523829,0.014592
523933,0.131584
523957,0.22016
523996,0.073984
524025,0.01408
524093,0.004608
524114,0.110336
524165,0.24448
524176,0.033536
524177,0.068608
524222,0.064
524397,0.105984
524456,0.229888
524485,0.03328
524517,0.018176
524546,0.130304
524716,0.028928
524778,0.045056
524786,0.055808
524806,0.033536
524883,0.03328
524990,0.039168
525054,0.040448
525206,0.060416
525218,0.072192
525243,0.002816
525318,0.003584
525337,0.022016
525386,0.429568
525401,0.03072
525496,0.024064
525526,0.001024
525625,0.216832
525673,0.041216
525715,0.052736
525761,0.028672
525783,0.00512
525852,0.011008
525869,0.020736
525905,0.0
525923,0.020224
525979,0.037376
525983,0.101632
526050,0.049664
526091,0.092928
526128,0.016384
526189,0.053504
526264,0.087552
526307,0.003328
526383,0.768256
526417,0.073984
526435,0.11136
526509,0.625664
526560,0.151296
526564,10.70336
526619,0.16896
526656,0.491264
526664,0.009984
526672,1.193728
526695,1.436672
526726,0.281344
526734,0.004352
526756,0.311552
526776,0.074752
526806,0.201984
526854,0.76416
526876,0.058624
526882,0.5568
526922,0.438272
526945,0.461312
526951,0.013056
526976,0.372992
526986,0.029952
526989,0.3136
526990,2.316032
526996,4.151808
527056,0.407296
527076,0.2112
527086,0.07168
527096,0.215296
527106,0.046848
527116,0.197376
527126,0.281856
527146,0.24064
527156,0.345344
527176,0.1408
527186,0.075776
527206,0.060928
527216,0.134656
527226,0.530176
527256,0.270336
527266,0.043264
527276,0.436992
527296,0.723712
527306,0.148224
527326,0.022272
527336,0.139264
527346,0.18944
527356,0.409344
527386,0.576768
527396,0.003328
527416,0.352768
527446,0.61056
527456,0.306432
527476,0.75776
527496,0.49152
527506,0.6016
527646,0.006656
527651,0.255744
527688,0.07168
527707,0.6656
527745,0.415488
527775,0.004608
527785,1.174272
527937,0.041728
528033,0.021248
528077,0.075776
528126,0.028928
528158,0.08064
528194,0.0
528335,0.00128
528337,0.034048
528349,0.003328
528359,0.02944
528410,0.0448
528417,0.066816
528464,0.02944
528508,0.023808
528561,0.004864
528599,0.057856
528601,0.006656
528634,0.032256
528712,0.002048
528798,0.039936
528827,0.171008
528922,0.002304
528950,0.146176
528976,0.025344
528987,0.125696
529026,0.035072
529081,0.022016
529112,0.019968
529162,0.008192
529210,0.027136
529235,0.01792
529387,0.253952
529514,0.002816
529537,0.137472
529578,0.01152
529597,0.325632
529626,0.79744
529633,0.46976
529690,0.041472
529741,0.011776
529858,0.13696
529919,0.033536
529994,0.019968
530036,0.108032
530075,0.04352
530150,0.045824
530214,0.1088
530222,0.132864
530227,0.201472
530278,0.094976
530314,0.00768
530340,0.110848
530374,0.005376
530434,0.064512
530473,0.022528
530537,0.007936
530613,0.189184
530651,0.057088
530686,0.023808
530706,0.00512
530723,0.020224
530745,0.025088
530759,0.019968
530776,0.135424
530789,0.156928
530821,0.011776
530899,0.021504
531005,0.062976
531077,0.008448
531107,0.004608
531179,0.013568
531189,0.023296
531225,0.194816
531356,0.008192
531362,1.863168
531378,3.972864
531411,0.152064
531479,0.025088
531498,0.032
531525,0.058368
531713,0.393472
531815,0.018944
531839,0.35968
531891,0.189184
531906,2.178816
531979,1.774848
531981,0.627456
532015,6.277632
532103,0.022272
532120,0.009984
532140,0.011776
532159,0.705024
532281,0.042496
532373,0.0
532376,0.003328
532392,0.464128
532476,0.000768
532491,0.041984
532577,0.030464
532593,0.052992
532651,0.158208
532719,0.349696
532739,0.004352
532811,0.014336
532820,0.036608
532830,0.032512
532945,0.013824
532957,0.812032
533013,0.109568
533068,0.012544
533085,0.064512
533114,0.0768
533133,0.006912
533163,0.018176
533165,0.32128
533299,0.012544
533326,0.1728
533380,0.018432
533422,0.084224
533650,0.0256
533667,0.002816
533756,0.388352
533764,1.70496
533781,1.816576
533833,0.061952
533944,0.03712
533960,0.372736
534032,0.059648
534103,0.021248
534135,0.733952
534169,0.001792
534266,0.021504
534291,0.101376
534294,0.137728
534392,0.00896
534442,0.054016
534457,0.002048
534515,0.017664
534560,0.539392
534598,0.019456
534697,0.00256
534721,0.03328
534742,0.019456
534766,0.059136
534911,0.033536
535007,0.221184
535123,0.105728
535137,0.037888
535201,0.027904
535248,0.013568
535261,0.147456
535292,0.099072
535302,0.027392
535456,0.009728
535557,0.031488
535567,0.057088
535611,0.000768
535683,0.670976
535770,0.006144
535836,0.062464
535894,0.05248
535914,0.018176
535945,0.056576
535996,0.02816
536006,0.03968
536023,0.01792
536057,0.030976
536069,0.01024
536185,0.62208
536257,0.15744
536272,0.002048
536343,0.0064
536416,0.009472
536427,0.0192
536497,0.050688
536524,0.201216
536559,0.10752
536617,0.014848
536676,0.03968
536778,0.04224
536781,0.0192
536784,1.892864
536892,0.011776
536939,0.025856
536956,0.029696
536995,0.155904
537025,0.016896
537060,0.014592
537156,4.41344
537194,0.090368
537246,0.023808
537293,0.091648
537308,0.112896
537336,0.01536
537374,0.014592
537375,0.067072
537435,0.026624
537457,0.066304
537539,0.007424
537560,0.03456
537626,0.104192
537741,1.072384
537787,0.016128
537817,0.053248
537834,0.032512
537861,0.039168
537938,0.003584
537980,0.204032
538034,0.003584
538064,0.042752
538117,0.080384
538230,0.000512
538244,0.003328
538330,0.045824
538438,0.019712
538490,0.0064
538502,0.054528
538597,0.006912
538621,0.125696
538678,0.10752
538740,0.023552
538757,0.50048
538886,0.11648
538943,0.00512
538953,0.018688
539018,0.129536
539046,0.003072
539073,0.001792
539121,0.020992
539150,0.023808
539158,0.01664
539178,0.105984
539181,0.802048
539279,0.003328
539294,0.034304
539334,0.019712
539344,0.014848
539394,0.285184
539418,0.0384
539429,0.067584
539553,0.010752
539557,0.045824
539580,0.033792
539660,0.04608
539661,0.251648
539698,0.125696
539757,0.028928
539860,0.009216
539869,0.022272
539871,0.001536
539901,0.066304
539952,0.0064
539961,0.001536
539975,0.018432
540032,0.022784
540044,0.025344
540146,0.053504
540231,0.001536
540264,0.003072
540298,0.065792
540308,0.029696
540339,0.042752
540415,0.082688
540468,0.039936
540475,0.022528
540517,0.08448
540687,0.000256
540716,0.005888
540744,0.093184
540820,0.064512
540837,0.02048
540901,0.021504
540979,0.033792
540980,0.184064
541023,0.002304
541039,0.024576
541068,0.006144
541092,0.035072
541108,0.227584
541250,0.417792
541274,1.216512
541421,0.112384
541448,0.003328
541490,0.018176
541498,0.00384
541503,0.079616
541555,0.032768
541563,0.114944
541575,0.111872
541616,0.006656
541636,0.024832
541729,0.085248
541828,0.05504
541833,0.31232
541925,0.01408
541971,0.01408
541986,0.008448
542027,0.885248
542085,0.006656
542165,0.019456
542173,0.007424
542178,0.015616
542220,0.22528
542223,0.03456
542235,0.068608
542297,0.018176
542298,0.203776
542363,0.018688
542431,0.011008
542433,0.029952
542478,0.025344
542486,0.005376
542536,0.045824
542546,0.2496
542588,0.02816
542644,0.02176
542695,0.091648
542738,0.016128
542763,0.166912
542872,0.021248
542935,0.060928
542968,0.071936
542983,2.123776
543017,0.144128
543062,0.026368
543128,0.039168
543158,0.032512
543180,0.035328
543239,0.063488
543326,0.000256
543381,0.040704
543432,0.000512
543487,0.182528
543564,0.03968
543587,0.044288
543644,0.039424
543781,0.045824
543841,0.016384
543865,0.012544
543884,0.008448
543949,0.046336
543965,0.123392
543969,0.040704
543981,0.01792
544070,0.000256
544138,0.013056
544236,0.033536
544237,0.042752
544283,0.13184
544327,0.001536
544332,0.132864
544361,0.073984
544432,0.00384
544433,0.036352
544565,0.145664
544586,0.032256
544616,0.007424
544706,0.007168
544801,0.00896
544839,0.029184
544880,0.00128
544900,0.029184
544985,0.038912
545057,0.26752
545165,0.029952
545178,0.25472
545226,0.00384
545269,0.0128
545305,0.050944
545352,0.322816
545414,0.001792
545464,0.05632
545482,0.016384
545503,0.00768
545576,0.041984
545662,0.023552
545696,0.006912
545759,0.00384
545766,0.086016
545846,0.010752
545918,2.275584
545990,1.170688
546029,0.039424
546173,0.021248
546259,0.013056
546291,0.028416
546345,0.089088
546505,0.011008
546535,0.007936
546697,0.186624
546823,0.058368
546878,0.000768
546884,0.16768
546926,0.0256
546949,0.011776
546951,0.013824
546986,0.139264
547117,0.786176
547155,0.039936
547253,0.025856
547348,0.020736
547368,0.053248
547403,0.109312
547460,0.052992
547506,0.021248
547581,0.060672
547625,0.00256
547641,0.076032
547686,0.026624
547717,0.007424
547726,0.004096
547739,0.000256
547856,0.04736
547863,0.509696
547981,0.254464
548032,0.04992
548157,0.474624
548312,0.00256
548341,0.004864
548411,0.135936
548453,0.05888
548461,0.016896
548489,0.016384
548549,0.0448
548626,0.02432
548662,0.027648
548676,0.046592
548764,0.37888
548820,0.009472
548926,0.004864
548977,0.034816
549031,0.048384
549091,0.067072
549102,0.049664
549186,0.008448
549194,0.032512
549221,0.002304
549242,0.008704
549279,0.01664
549298,0.028928
549301,0.046592
549453,0.03072
549486,0.032
549491,0.017152
549535,0.01024
549585,0.076288
549602,0.045056
549638,0.51456
549677,0.08704
549751,0.062208
549822,0.1088
549862,0.004352
549892,0.009216
549963,0.031488
549975,0.300288
549999,0.529664
550106,1.650944
550176,0.164096
550245,0.242176
550271,0.006656
550273,0.014336
550341,0.0
550343,0.000256
550443,0.12544
550460,0.004096
550500,0.04224
550565,0.035584
550578,0.434176
550583,1.695744
550630,0.004096
550696,0.06144
550728,0.0
550730,0.532736
550773,0.048896
550779,0.038656
550843,0.005376
550925,0.065536
550954,0.06784
551007,0.077824
551050,0.010496
551164,0.175104
551233,0.039424
551277,0.045056
551415,0.037632
551417,0.004096
551466,0.035072
551532,0.01024
551583,0.004608
551648,0.781568
551741,0.010752
551766,0.021504
551775,0.001024
551829,0.040192
551865,0.095232
551929,0.001792
552038,0.01664
552066,0.065536
552144,0.029952
552206,0.021248
552251,0.00896
552321,0.004096
552376,0.082688
552407,1.339136
552509,0.184064
552548,0.035328
552571,0.006144
552628,0.105472
552671,0.094464
552738,0.0512
552756,0.0064
552810,0.06144
552827,0.263424
552874,0.01792
552897,0.0128
552908,0.094976
552944,0.035584
552966,0.005888
552984,0.202752
553072,0.018432
553181,0.639744
553220,0.668416
553276,0.062464
553322,0.007936
553462,0.002816
553545,0.010752
553580,0.002048
553593,0.009728
553681,0.01408
553753,0.062976
553828,0.008704
553877,0.406016
554028,0.022272
554062,0.05376
554116,0.012032
554123,0.105472
554152,0.132608
554198,0.056064
554220,0.063232
554250,0.065536
554331,0.039936
554396,0.023808
554421,0.301312
554511,0.068352
554546,0.065024
554567,0.023552
554600,0.011008
554613,0.037376
554636,0.043776
554657,0.146944
554703,0.011776
554754,0.004864
554781,1.325312
554846,0.00128
554883,0.000512
554941,0.02816
555016,0.00768
555087,0.013568
555139,0.027136
555153,0.006656
555296,0.09216
555326,0.000512
555376,0.278016
555417,0.986368
555462,0.050688
555509,0.109056
555520,0.051968
555541,0.190208
555682,0.006144
555739,0.057088
555748,0.05632
555769,0.008192
555774,0.935936
555876,0.007424
555913,0.01792
555985,0.467968
555993,0.14976
556030,0.059648
556094,0.006144
556146,0.062976
556190,0.027648
556238,1.26336
556329,0.020224
556396,0.012544
556426,0.016128
556490,0.020224
556533,0.065792
556543,0.006144
556565,0.138752
556569,0.067584
556625,0.116736
556644,0.035072
556726,0.028416
556784,0.022272
556797,0.038656
556832,0.00256
556863,0.006144
556880,0.057088
556983,0.013824
557011,0.017408
557029,0.00512
557101,0.018176
557166,0.022784
557296,0.030208
557381,0.004608
557470,0.0512
557481,0.066816
557524,0.005888
557544,0.310528
557568,0.094976
557610,0.002048
557746,0.022784
557765,0.013312
557774,0.00768
557785,14.017792
557817,1.581568
557904,0.087296
558179,0.059904
558294,0.196096
558305,0.021504
558357,0.011264
558365,0.074752
558377,0.003328
558379,1.202944
558479,0.025856
558524,0.026368
558526,0.036096
558551,0.028672
558571,0.070656
558599,0.038912
558628,0.073472
558698,0.0128
558793,0.009472
558813,0.29568
558821,2.028544
558865,0.12288
558901,0.077056
558976,0.052736
558979,2.127616
559080,0.02432
559105,0.050944
559197,0.064256
559231,0.022272
559249,0.042496
559313,0.00512
559427,0.011776
559434,0.1472
559526,0.008704
559565,0.177664
559582,0.052736
559587,0.071936
559617,0.003072
559670,0.07424
559726,0.039424
559737,0.087808
559756,0.372224
559835,0.010496
559850,0.06528
559903,1.197056
560021,0.02688
560026,0.01408
560071,0.02816
560073,0.058624
560145,0.036096
560160,0.000512
560171,0.035328
560216,0.007936
560329,0.025856
560391,0.086272
560544,0.016384
560559,0.00128
560630,0.009728
560655,0.27648
560664,0.022784
560761,0.007936
560762,0.001792
560765,0.236544
560769,0.722176
560777,0.491264
560874,0.004352
560877,0.297984
560913,0.020736
560989,0.017152
561006,0.122368
561051,0.00768
561059,0.02176
561136,0.006912
561155,0.080128
561171,0.000768
561207,0.0064
561294,0.074496
561360,0.010496
561376,0.326656
561422,0.022272
561477,0.022016
561490,0.2176
561551,0.0
561601,0.007424
561638,0.006656
561641,0.286208
561680,0.552448
561716,0.018688
561757,0.082688
561784,0.013568
561828,0.025856
561945,0.131072
561964,0.070656
561967,0.067072
561990,0.342016
562039,0.002816
562143,0.064512
562230,0.19072
562266,0.0064
562289,0.016896
562338,0.012544
562393,0.493056
562442,0.055552
562460,0.263168
562581,0.135424
562601,0.08448
562622,0.012288
562658,0.007424
562680,0.009728
562689,0.037376
562735,0.028928
562745,0.047616
562779,0.00512
562825,0.004864
562839,0.013056
562918,0.060928
562974,0.00896
562999,0.02048
563035,0.065536
563153,0.235776
563207,0.109312
563278,0.00128
563312,0.005632
563322,0.039424
563365,0.116736
563426,0.07936
563473,0.01024
563543,0.059392
563607,0.028416
563642,0.012544
563658,0.02688
563725,0.05248
563741,0.103936
563783,1.819392
563826,1.120512
563889,0.019712
564046,0.002304
564108,0.025856
564149,0.029184
564276,0.050944
564377,1.976064
564453,0.018688
564514,0.0192
564556,0.031232
564583,0.02816
564625,0.008448
564685,0.08448
564705,0.068864
564722,0.088832
564874,0.06656
564968,0.002304
564981,0.019968
564988,0.10752
565008,0.147456
565099,0.037888
565132,0.102912
565161,0.059136
565204,0.071168
565240,0.000512
565271,0.022016
565310,0.014592
565497,0.075008
565564,0.017152
565581,0.621056
565589,0.522752
565699,0.017152
565788,0.037888
565852,0.013056
565911,0.408832
565958,0.023552
565995,0.02688
566006,0.022528
566059,0.112128
566113,0.006144
566176,0.009216
566177,1.938432
566187,0.55296
566320,0.032512
566455,0.009216
566477,0.032
566584,0.048896
566609,0.039168
566651,0.155904
566699,0.024064
566759,0.072704
566777,0.324864
566814,0.483328
566855,0.109824
566994,0.068352
566996,0.167424
567009,0.029952
567131,0.065792
567223,0.251904
567310,0.033792
567361,0.000768
567421,0.00896
567454,0.028928
567538,0.067072
567579,0.008192
567623,0.044544
567739,0.231168
567798,0.020992
567827,0.021248
567904,0.00128
567944,0.030976
567965,0.13056
567981,0.413184
568081,0.006656
568115,0.060928
568181,0.012288
568194,0.05376
568267,0.002048
568298,0.009728
568390,0.040192
568407,0.02048
568491,0.030208
568548,0.059392
568569,0.086528
568635,0.019712
568681,0.007936
568711,0.011776
568847,0.057344
568876,0.04992
568916,0.004608
568978,0.041472
568999,0.009984
569051,0.516352
569103,0.1728
569170,0.580096
569183,0.614656
569287,0.007936
569368,0.017152
569380,0.012544
569476,0.078336
569555,0.055808
569632,0.068352
569651,0.424192
569709,0.023296
569720,0.01536
569776,0.018432
569781,2.230016
569926,0.001792
569960,0.42496
570297,0.03584
570334,0.082432
570464,0.060672
570486,0.000512
570538,0.215808
570573,0.12928
570626,0.151552
570697,0.224256
570761,0.008704
570838,0.018688
570894,0.094208
570962,0.216832
570978,0.147968
571020,0.00768
571038,0.078848
571078,0.004608
571150,0.024832
571315,0.02432
571372,0.002816
571392,0.003328
571414,0.018432
571481,0.016384
571574,0.06272
571631,0.036352
571667,0.005632
571729,0.03328
571797,0.020224
571806,0.000256
571832,0.027136
571839,0.017152
571875,0.121856
571929,0.002048
571961,0.013568
572056,0.099584
572117,0.010496
572164,0.11264
572174,0.21888
572260,0.105216
572314,0.06272
572392,0.024064
572431,0.02944
572507,0.004864
572584,0.008192
572628,0.098816
572776,2.51264
572878,0.972544
572919,0.06656
573044,0.048896
573066,0.027648
573101,0.02816
573145,0.020736
573181,0.007168
573207,0.00256
573341,0.01792
573345,0.088064
573391,0.48896
573442,0.066304
573470,0.0192
573512,0.062976
573578,0.22272
573646,0.013824
573653,0.002304
573689,0.00128
573839,0.096256
573875,0.165632
573919,0.049664
573985,0.820992
574149,0.03584
574225,0.466176
574279,0.029696
574342,0.104448
574461,0.003328
574558,0.005376
574569,0.045312
574580,0.407808
574628,0.115968
574686,0.033536
574716,0.016128
574744,0.010496
574754,0.028928
574792,0.009216
574846,0.016384
574874,0.185856
574886,0.165888
574911,0.07936
575005,0.013568
575035,0.007168
575096,0.016384
575124,0.024064
575141,0.086528
575161,0.02432
575164,0.045056
575299,0.132864
575354,0.030976
575360,0.06912
575490,0.011008
575640,0.21888
575688,0.192768
575764,0.078848
575766,0.275456
575829,0.02432
575860,0.01024
575869,0.005376
575929,0.056064
575950,0.03072
575986,0.011008
576124,0.024832
576126,0.028672
576139,0.013824
576288,0.014848
576312,0.004608
576466,0.01408
576513,0.005376
576534,0.007424
576592,0.13312
576624,1.476608
576725,0.00512
576728,0.026112
576799,0.000256
576871,0.009984
577016,0.001536
577115,0.118528
577133,0.021248
577141,0.020992
577228,0.091136
577258,0.066048
577274,0.147968
577328,0.04352
577353,0.084992
577446,0.056064
577552,0.013824
577587,0.015104
577643,0.039424
577674,0.139008
577733,0.057088
577753,0.08832
577826,0.006656
577830,0.016384
577876,0.018176
577898,0.045824
577979,0.054528
578000,0.033536
578046,0.014848
578061,0.007168
578093,0.0256
578119,0.057088
578141,0.004096
578146,0.012032
578185,0.095488
578247,0.02048
578312,0.051456
578338,0.000768
578357,0.031744
578409,2.005504
578464,0.057088
578528,0.002304
578556,0.01536
578639,0.001024
578721,0.01664
578750,0.003072
578775,0.01664
578849,0.04352
578863,0.150016
578926,0.108032
578951,0.059648
578971,0.558336
579024,0.025088
579095,0.01152
579151,0.00512
579181,0.080896
579207,0.001536
579212,0.024832
579293,0.007936
579334,0.024064
579354,0.09216
579380,0.654848
579483,0.000512
579544,0.024064
579613,0.018944
579652,0.3776
579702,0.034304
579724,0.004608
579779,0.045056
579806,0.02688
579824,0.02176
579925,0.647168
579947,0.03712
579981,0.11392
580078,0.02048
580087,0.035072
580116,0.045568
580158,0.129792
580278,0.103424
580326,0.036096
580382,0.016896
580434,0.050688
580482,0.002304
580511,0.002304
580532,0.001536
580576,0.007424
580582,0.062976
580639,0.008192
580693,0.008704
580836,0.020992
580842,0.017152
580951,0.251392
580965,0.043776
581014,0.020224
581086,0.019712
581088,0.009472
581164,1.742848
581188,0.14592
581252,0.115712
581270,0.023552
581337,0.070144
581446,0.004864
581453,0.27008
581510,0.034816
581541,0.047616
581555,0.342528
581649,0.011264
581734,0.030976
581748,1.495552
581856,0.043008
581960,0.230656
581987,0.015872
582020,0.008192
582038,0.697856
582068,0.001024
582091,0.455424
582146,0.053504
582207,0.03584
582316,0.0064
582344,0.08192
582607,0.133376
582632,0.018944
582655,0.111616
582682,0.036864
582744,0.064256
582757,0.00128
582796,0.002816
582812,0.002304
582908,0.163072
582941,0.004352
582964,0.34688
583057,0.016896
583156,0.024832
583201,0.027904
583263,0.017408
583280,0.0
583320,0.071936
583377,0.022528
583452,0.00128
583458,0.20992
583526,0.010496
583564,0.918784
583579,1.521152
583656,0.088576
583718,0.013824
583723,0.002048
583743,1.617664
583823,0.025856
583846,0.004352
583862,0.015616
583871,0.01408
583908,0.001536
583911,0.010496
584008,0.008704
584033,0.010496
584076,0.027392
584144,0.077312
584165,0.113664
584215,0.001792
584327,0.033024
584450,0.034304
584518,0.000256
584547,0.026624
584579,0.047104
584590,0.015616
584629,0.003584
584772,0.12544
584776,0.065536
584847,0.014592
584851,0.013568
584950,0.038912
584964,0.002816
584981,0.098816
585057,0.0192
585098,0.013312
585134,0.01024
585242,0.005888
585297,0.007424
585321,0.026624
585339,0.018944
585365,0.046848
585381,0.474368
585496,0.039424
585516,0.029952
585722,0.021504
585761,0.019456
585772,0.04992
585793,0.016128
585872,0.018688
585917,0.06528
585978,0.382464
586129,0.034816
586229,0.11136
586250,0.056576
586290,0.02944
586338,0.155648
586411,0.396288
586486,0.027136
586564,0.010752
586621,0.295936
586662,0.020736
586739,0.027648
586798,0.154112
586843,0.113152
586962,0.003072
587018,0.06144
587021,0.004352
587094,0.036864
587132,0.22784
587174,0.047872
587176,0.175616
587210,0.024576
587254,0.0256
587318,0.004864
587328,0.049408
587368,0.02944
587429,0.037888
587474,0.25728
587599,0.019456
587652,0.184832
587704,0.06144
587720,0.042496
587816,0.011264
587911,0.123136
588006,0.013568
588063,0.027904
588084,0.036096
588192,0.018688
588197,0.01024
588237,0.009728
588307,0.006656
588360,0.043264
588364,0.11648
588378,1.49376
588441,0.00512
588455,0.030208
588486,0.018432
588559,0.015104
588646,0.004352
588649,0.045312
588676,0.015104
588718,0.045312
588793,0.068608
588876,0.063744
588941,0.014848
588990,0.020992
589055,0.197376
589070,0.00512
589130,0.076288
589158,0.0128
589174,0.02688
589220,0.015616
589238,0.000256
589275,0.008448
589335,0.009984
589378,0.023808
589397,0.015872
589407,0.054784
589442,0.025344
589559,0.035328
589576,0.15232
589582,1.689856
589623,0.139008
589705,0.133888
589768,0.021504
589812,0.009216
589824,0.312576
589839,0.470016
590014,0.09472
590067,0.008704
590102,0.007168
590300,0.030976
590390,0.023808
590491,0.072704
590493,0.107264
590518,0.0064
590599,0.011264
590620,0.027648
590733,0.005632
590748,0.019968
590765,0.096256
590770,0.067072
590777,0.045568
590838,0.004352
590885,0.041216
590894,0.036352
590959,0.016896
590995,0.084224
591003,0.054528
591050,0.075776
591079,0.171008
591183,0.041728
591207,0.009472
591220,0.014336
591345,0.045568
591367,0.636416
591379,0.039168
591465,0.628736
591522,0.014592
591557,0.07552
591674,0.007168
591721,0.030976
591757,0.004096
591765,0.014848
591786,0.005632
591799,0.023552
591878,0.060672
591944,0.014848
591979,2.084608
592037,0.030208
592096,0.025088
592100,0.014848
592178,0.004352
592182,0.008192
592278,0.007168
592295,0.128768
592372,0.086272
592448,0.057856
592461,0.003328
592496,0.006912
592544,0.024576
592558,0.105472
592564,1.188864
592639,0.031232
592695,0.009984
592766,0.255232
592821,0.073216
592878,0.018176
592931,0.010496
592943,0.0768
592952,0.064768
592994,0.00512
593026,0.017152
593083,0.01408
593118,0.01664
593153,0.01024
593166,0.029952
593181,0.037888
593185,0.053504
593198,0.0512
593244,0.110848
593257,0.419072
593304,0.077056
593374,0.02176
593379,0.023552
593406,0.073216
593498,0.007168
593524,0.004864
593548,0.0064
593596,0.017664
593623,0.014848
593665,0.040704
593742,0.103936
593766,0.578048
593783,1.164544
593797,5.180928
593844,0.085248
593887,0.0704
593930,0.01792
593964,0.029184
593970,0.02432
594001,0.436736
594114,0.193792
594180,0.020992
594233,0.004352
594352,0.01664
594378,0.527872
594380,0.583168
594383,0.643584
594430,0.000768
594459,0.182272
594480,0.293632
594548,0.005632
594554,0.004608
594570,0.004608
594586,0.00896
594626,0.020224
594627,0.02176
594668,0.019968
594688,0.025856
594726,0.066048
594771,0.039424
594842,0.01664
594851,0.013568
594925,0.799232
594977,0.57984
595023,0.006912
595100,0.085504
595105,0.43648
595136,0.567552
595213,0.039424
595244,0.065792
595249,0.534016
595320,0.083712
595481,0.00384
595538,0.030464
595562,0.020224
595564,0.039168
595584,0.009984
595692,0.01792
595746,0.03968
595796,0.022016
595828,0.08576
595832,0.418304
595900,0.008192
595909,0.05888
595955,0.01664
595984,0.016896
596099,0.063744
596130,0.144384
596147,0.00128
596160,1.194752
596236,0.008192
596269,0.046336
596295,0.083968
596393,0.06144
596432,0.008192
596457,0.028416
596486,0.047616
596570,0.3776
596698,0.000256
596726,0.020224
596760,0.02944
596869,0.003584
596919,0.210944
596966,0.046848
597003,0.009216
597016,0.050688
597125,0.093184
597154,0.004352
597213,0.007168
597278,0.021504
597345,0.092672
597375,0.00768
597446,0.003584
597608,0.346112
597654,0.12544
597752,0.000768
597818,0.006656
597823,0.122368
597861,0.009472
597889,0.007168
597893,0.001024
597901,0.218624
597930,0.015104
598026,0.038912
598086,0.270848
598108,0.165888
598186,1.012224
598261,0.000512
598298,0.01536
598331,0.0256
598414,0.042752
598508,0.034304
598511,0.093952
598553,0.007424
598559,0.00512
598575,0.058112
598587,0.220928
598632,0.029184
598726,0.008704
598778,3.517184
598912,0.306176
598946,0.022272
598988,0.027392
599010,0.007936
599052,0.031232
599086,0.183552
599165,0.035072
599228,0.04352
599290,0.015872
599324,0.00512
599338,0.041472
599406,0.035584
599418,0.01792
599446,0.013056
599485,0.004864
599558,0.053504
599592,0.00128
599646,0.115456
599686,0.058368
599702,0.017408
599749,0.694784
599794,0.0128
599841,0.105984
599869,0.240384
600064,0.060416
600156,0.02304
600206,0.022784
600216,0.032512
600239,0.006144
600265,0.018944
600274,0.247552
600297,0.047616
600337,0.00256
600382,0.369408
600476,0.118784
600537,0.099584
600558,0.252928
600581,0.06144
600700,0.059648
600749,0.06272
600807,0.077568
600849,0.03968
600901,0.02688
600918,0.09088
600965,0.045824
600969,0.076544
600981,0.206848
601051,0.486656
601114,0.028672
601129,0.015872
601170,0.009216
601275,0.002048
601436,0.000768
601438,0.08832
601446,0.147968
601570,0.026368
601624,0.066816
601639,0.011008
601652,0.177152
601868,0.087296
601922,10.810112
602073,0.118272
602097,0.007936
602180,0.058112
602193,0.000512
602207,0.160768
602240,0.024064
602304,0.003328
602402,0.056576
602485,0.015104
602560,0.000768
602675,0.073984
602777,0.047872
602779,0.105984
602781,0.002816
602789,0.177152
602852,0.018176
602861,0.078848
602871,0.007168
602899,0.006912
602938,0.039936
602959,0.016384
602975,0.029184
602991,0.003328
603056,0.002816
603057,0.041216
603123,0.015104
603166,0.031488
603182,0.186624
603201,0.408832
603275,0.134144
603318,0.02944
603408,0.008192
603423,0.054528
603440,0.012032
603468,0.04608
603504,0.001536
603529,0.009728
603554,0.156416
603584,0.123904
603609,0.043776
603646,0.450816
603688,0.052736
603713,0.01536
603739,0.00384
603756,0.000512
603765,0.000512
603778,0.04864
603789,0.331264
603819,0.00128
603925,0.028928
603933,0.174336
603962,0.001024
603965,0.212992
604013,0.04096
604088,0.013312
604124,0.091648
604155,0.031232
604204,3.86048
604313,0.024832
604357,0.063488
604518,0.003072
604578,0.309248
604586,0.212992
604591,3.437568
604678,0.021248
604710,0.011008
604741,0.00512
604906,0.073728
604926,0.00384
604935,0.041216
605129,0.74496
605180,0.122368
605254,0.002304
605361,0.018688
605424,0.211968
605448,0.673024
605552,0.009728
605556,0.02944
605564,0.59136
605608,0.067072
605763,0.016896
605765,0.063744
605780,0.056064
605836,0.051968
605868,0.037888
605898,0.008448
605984,0.031232
606065,0.049152
606106,0.006144
606141,0.045568
606241,0.017152
606377,0.181504
606454,0.048128
606469,0.073984
606589,0.158208
606667,0.022272
606691,0.013568
606696,0.141824
606801,0.006656
606849,0.03712
606893,0.01408
606926,0.11904
606966,0.061696
606976,0.179456
607069,0.032256
607099,0.050176
607117,0.00384
607154,0.017408
607204,0.121344
607256,0.041984
607272,0.02432
607362,0.02688
607412,0.047104
607415,0.03968
607430,0.563456
607445,1.183488
607476,0.004096
607576,0.045056
607591,0.130304
607754,0.103168
607858,0.00768
607867,0.038656
607889,0.236544
607937,0.089088
607961,0.00512
607998,0.004608
608021,0.001024
608082,0.382976
608134,0.054528
608158,0.03072
608160,0.17024
608197,0.008704
608222,0.008448
608225,0.023552
608294,0.112896
608336,0.004864
608355,0.025088
608374,0.074496
608414,0.000256
608431,0.731904
608555,0.005632
608708,0.004864
608726,0.123648
608765,0.00256
608860,0.022784
608926,0.012032
608964,0.012544
608987,0.194048
609088,0.031744
609117,0.036864
609156,0.017408
609193,0.001536
609206,0.10496
609271,0.005376
609338,0.699392
609395,0.442368
609438,0.014592
609502,0.131328
609537,0.012544
609586,0.030464
609612,0.003072
609749,0.115712
609768,0.024576
609781,0.00128
609846,0.079616
609892,0.00512
609908,0.0128
609938,0.007424
609981,0.654592
610192,0.026112
610268,0.025088
610316,0.004352
610349,0.000256
610366,0.021248
610386,0.001024
610408,0.023808
610446,0.00128
610460,0.045312
610506,0.097024
610516,0.006912
610519,0.121344
610552,0.005888
610572,0.0
610578,0.159488
610638,0.022016
610700,0.359936
610747,0.023808
610748,0.525312
610887,0.028928
610906,0.009728
610949,0.051712
610987,0.006912
611006,0.05376
611063,0.011264
611073,0.300288
611176,0.066816
611204,0.425472
611438,0.000768
611446,0.007424
611455,0.048896
611478,0.025344
611502,0.011264
611510,0.062976
611556,0.013312
611600,0.03072
611634,0.011776
611660,0.020224
611706,0.018432
611758,0.008448
611765,1.984256
611844,0.12672
611878,0.226048
611969,0.019712
612013,0.006656
612149,0.047104
612154,0.014848
612194,0.004864
612203,0.020736
612232,0.001024
612286,0.049664
612352,0.027136
612380,0.141312
612386,0.772352
612455,0.0
612472,0.041728
612484,0.0128
612500,0.004096
612523,0.097536
612550,0.00256
612564,0.012032
612724,1.358336
612786,0.009984
612814,0.005632
612884,0.0128
612964,0.004864
612982,0.039936
612987,0.02304
613047,0.057344
613100,0.045056
613164,0.002304
613182,0.09856
613283,0.064768
613341,0.062208
613429,0.118272
613440,0.378112
613487,0.08576
613544,0.018944
613551,0.01024
613571,0.014592
613609,0.200192
613659,0.480256
613719,0.142336
613750,0.041216
613755,0.0704
613867,0.027648
613890,0.000768
613959,0.024576
613992,0.02176
614036,0.088064
614062,0.018944
614112,0.008704
614181,0.00512
614206,0.046592
614256,0.046336
614272,0.072704
614330,0.073472
614342,0.089344
614365,0.396288
614395,0.046336
614466,0.130816
614518,0.037888
614547,0.129792
614563,0.173568
614601,0.008192
614633,0.016128
614661,0.002816
614702,0.014848
614746,0.071168
614782,0.013312
614826,0.025088
614830,0.49664
614847,0.0192
614867,0.074752
614877,0.098816
614907,0.094208
614917,0.506624
614977,0.138752
614987,0.079872
615037,0.043776
615047,0.153856
615077,0.061952
615107,0.229888
615127,0.20736
615147,0.1984
615177,0.064768
615187,0.17536
615197,0.279552
615227,0.573952
615237,0.23808
615247,0.063744
615257,0.438016
615297,1.012224
615307,0.072448
615337,0.382208
615357,0.188672
615407,0.506624
615417,0.133632
615427,0.356608
615447,0.284672
615494,0.003328
615517,0.034816
615547,0.005376
615580,0.02944
615627,0.014336
615737,0.086016
615841,0.026112
615923,0.006912
615965,0.683008
616030,0.119296
616068,0.002304
616115,0.0192
616173,0.267264
616276,0.605184
616346,0.045056
616385,0.00128
616414,0.007168
616492,0.013056
616500,0.055296
616509,0.06784
616576,0.032512
616602,0.007936
616759,0.004864
616770,0.057088
616783,0.002304
616786,0.602112
616814,0.180736
616870,0.006912
616914,0.034048
616936,0.026112
616976,0.038912
617064,0.023296
617074,0.034304
617117,0.000768
617129,0.025344
617139,0.022528
617175,0.032512
617179,0.03712
617301,0.017664
617330,0.005632
617392,0.011008
617427,0.023296
617438,0.096
617459,0.099072
617479,0.112384
617503,0.013568
617531,0.152064
617571,0.164352
617602,0.051456
617631,0.01664
617665,0.022784
617674,0.802048
617709,0.00768
617752,0.03968
617765,0.014592
617766,0.366848
617785,0.807424
617821,0.001024
617846,0.042496
617922,0.012288
617946,0.012288
617988,0.047616
618012,0.008192
618033,0.141824
618148,0.01024
618176,0.042752
618198,0.001536
618218,0.018432
618388,0.575488
618522,0.009472
618579,0.031488
618696,0.015104
618713,0.0704
618786,0.011776
618842,0.003328
618855,0.010752
618941,0.025344
618962,0.088832
618965,0.606976
618991,0.01152
619148,0.06144
619159,0.367872
619229,0.001024
619238,0.01536
619244,0.000512
619245,0.912896
619327,0.01792
619429,0.002304
619549,0.021248
619576,0.041216
619578,0.17792
619580,0.185856
619726,0.00512
619820,0.00512
619846,0.024832
619873,0.000256
619912,0.012032
619936,0.027904
620005,0.013312
620012,0.163584
620040,0.064768
620131,0.019712
620184,0.061952
620194,0.114944
620242,0.058624
620254,0.328448
620314,0.0576
620342,0.028928
620364,0.000768
620384,0.23424
620404,0.08448
620414,0.11776
620444,0.05632
620453,0.144384
620464,0.050944
620474,0.097792
620484,0.409088
620504,0.301056
620524,0.099072
620534,0.041472
620544,0.039168
620584,0.255488
620594,0.210432
620604,0.00512
620634,0.1088
620644,0.634624
620654,0.071424
620674,0.202496
620684,0.308224
620694,0.026368
620704,0.249856
620724,0.205824
620734,0.281344
620744,0.229376
620764,0.010496
620774,0.17792
620780,0.425984
620814,0.524288
620824,0.304896
620834,0.237056
620844,0.333824
620864,0.293888
620874,0.288
620884,0.134144
620894,1.223424
620904,0.135936
620934,0.785408
620944,0.146688
620954,0.258304
620974,0.60672
620984,0.652288
620994,0.616448
621034,0.044032
621044,0.59776
621054,0.442368
621074,0.179456
621094,0.151296
621114,0.08192
621134,0.676352
621184,0.34688
621194,0.022784
621234,0.91392
621364,0.00768
621413,0.013824
621506,0.083456
621549,0.012288
621574,0.006912
621590,0.00384
621608,0.031744
621655,0.00384
621695,0.025344
621703,0.024064
621719,0.032768
621742,0.05888
621836,0.023296
621855,0.04992
621920,0.035328
621962,0.06016
621982,0.231168
621984,6.880768
622114,0.048896
622152,0.022272
622213,0.049408
622234,0.067584
622263,0.005376
622444,0.0384
622532,0.003072
622574,0.281344
622632,0.022528
622677,0.024832
622774,0.012544
622784,0.043776
622798,0.016896
622815,0.046592
622832,0.013312
622929,0.011776
622941,0.003584
622987,0.005888
623013,0.040448
623073,0.048896
623149,0.018688
623157,0.012288
623176,0.022016
623178,0.047872
623281,0.16
623326,0.022272
623339,0.073216
623372,0.00768
623410,0.024064
623458,0.017408
623526,0.006656
623557,0.045568
623576,0.758784
623602,0.005376
623636,0.016896
623671,0.020736
623685,0.041216
623728,0.082176
623764,0.636416
623840,0.035328
623860,0.00256
623954,0.008704
624033,0.52608
624083,0.009728
624120,0.022784
624137,0.020992
624199,0.07424
624341,0.003072
624378,0.0384
624382,0.991232
624529,0.18176
624596,0.03712
624687,0.03712
624712,0.002816
624762,0.015104
624779,0.29568
624793,0.553472
624893,0.028928
624910,0.0064
624952,0.002816
624977,0.16128
625040,0.055296
625130,0.087808
625210,0.111104
625288,0.004352
625316,0.019456
625390,0.003584
625434,0.032
625472,0.021248
625562,0.027392
625576,0.050688
625730,0.045568
625757,0.00512
625824,0.0256
625846,0.01024
625883,0.012288
625915,0.501248
625946,0.089344
625997,0.004864
626012,2.709504
626073,0.013824
626166,0.006144
626177,0.021504
626179,0.033792
626185,0.128768
626266,0.04736
626281,0.090368
626356,0.003584
626434,0.026368
626524,0.005632
626610,0.03712
626635,0.014848
626674,0.033536
626754,0.43008
626776,0.023552
626784,0.119808
626836,0.08576
626898,0.04352
626908,0.053504
626991,0.0192
626999,0.026112
627055,0.15232
627092,0.042752
627126,0.047104
627312,0.51968
627355,0.032512
627363,0.06784
627365,0.115712
627377,0.468992
627379,0.213248
627465,0.056064
627584,0.031488
627621,0.01664
627661,0.005376
627790,0.016128
627844,0.005632
627856,0.097024
627887,0.140032
627942,0.019968
627977,2.942464
628059,0.0448
628076,0.058112
628103,0.036096
628129,0.037376
628143,0.004352
628202,0.110848
628269,0.007168
628313,0.04352
628356,0.033536
628361,0.084992
628387,0.003328
628479,0.033024
628492,0.074752
628523,0.046848
628535,0.60032
628580,0.04864
628642,0.077312
628644,0.25088
628793,0.002048
628843,0.04864
628934,0.013568
629006,0.005632
629045,0.020224
629049,0.014592
629053,0.122624
629072,0.02048
629139,0.052224
629177,0.04096
629179,0.17536
629199,0.016128
629269,0.110848
629337,0.012544
629355,0.000512
629406,0.006144
629471,0.068352
629504,0.102144
629536,0.000256
629558,0.06528
629586,0.02048
629617,0.000512
629667,0.084224
629751,0.035584
629769,0.173568
629798,0.145664
629801,0.930304
629821,0.381184
629854,0.050944
629897,0.043264
629927,0.004608
629944,0.02176
629954,0.052736
629969,0.028928
629992,0.004352
630089,0.026624
630128,0.073728
630170,0.048896
630218,0.09728
630290,0.02048
630307,0.08704
630359,0.001024
630371,0.231424
630462,0.02816
630490,0.02176
630562,0.035584
630606,0.024576
630610,0.030976
630650,0.010752
630675,0.038144
630687,0.043008
630719,0.016128
630735,0.107776
630817,0.042496
630896,0.039424
630923,0.010752
630965,0.015872
631030,0.0192
631046,0.218368
631104,0.110848
631137,0.542976
631200,0.00512
631217,0.044288
631271,0.00128
631322,0.003328
631345,0.331264
631465,0.011008
631469,0.054272
631481,0.02304
631587,0.016896
631625,0.152832
631777,0.0128
631833,0.816896
631920,0.061184
631990,0.017408
632003,0.002816
632027,0.240384
632138,0.10496
632184,0.14848
632186,0.189696
632247,0.058368
632290,0.008192
632347,0.104704
632369,0.983552
632459,0.022272
632490,0.154112
632539,0.000256
632548,0.004096
632640,0.047872
632714,0.531456
632779,0.17664
632794,0.008704
632836,0.00768
632862,0.036864
632919,0.064768
632990,0.100864
633076,0.00512
633202,0.427008
633241,0.627712
633257,0.491264
633295,0.192
633327,0.01536
633361,0.345344
633380,0.001024
633389,0.28672
633435,0.254976
633456,0.39168
633484,0.184832
633488,0.095232
633587,0.412672
633600,0.616448
633673,0.006144
633676,0.027904
633702,0.012032
633711,0.237824
633753,0.19072
633796,0.144128
633819,0.294656
633883,0.2112
633904,0.12288
634063,0.314368
634082,0.058624
634124,0.22656
634185,0.864512
634241,0.381952
634291,0.03584
634349,0.031232
634380,0.167424
634437,1.682432
634508,0.017664
634557,0.009216
634566,0.214784
634578,0.150016
634617,0.02048
634646,0.083712
634701,0.003328
634740,0.046336
634751,1.07136
634846,0.016384
634946,0.019456
635030,0.332544
635099,0.00512
635157,0.617728
635325,0.016128
635665,0.216576
635686,0.00128
635715,0.009472
635744,0.061184
635762,0.064512
635791,0.194048
635799,0.226304
635876,0.013056
635878,0.17152
635934,0.035584
635960,0.400384
636070,0.061952
636154,0.019712
636189,0.009216
636204,0.044288
636324,0.030976
636332,0.024064
636365,0.035584
636379,0.065536
636410,0.00512
636428,0.078592
636454,0.027136
636507,0.013056
636518,0.001536
636542,0.211968
636563,0.3136
636606,0.031744
636612,0.00256
636683,0.139776
636747,0.168448
636773,0.082176
636793,0.009984
636822,0.002304
636846,0.020736
636891,0.00896
636912,0.69504
636952,0.027648
636966,0.031488
636983,0.11136
637024,0.190976
637078,0.028672
637118,0.053248
637188,0.04352
637211,0.083968
637253,0.05376
637306,0.015872
637324,0.011776
637356,0.080128
637437,0.11392
637511,0.178688
637580,0.089856
637587,0.160768
637629,3.655424
637673,0.251904
637759,0.012288
637786,0.046592
637839,0.062208
637861,0.300032
637894,0.014848
637976,0.001536
637994,0.397056
638041,0.091648
638103,0.094208
638216,0.101376
638326,0.027136
638360,0.029696
638424,0.03584
638448,0.051712
638520,0.023808
638634,0.004096
638684,0.070144
638720,0.003328
638754,0.047616
638765,0.014592
638775,0.082688
638788,0.944896
638856,0.013312
638899,0.002048
639018,1.850624
639083,0.289792
639113,0.033536
639153,0.010752
639203,0.048384
639242,0.000256
639335,0.0064
639366,6.99648
639416,0.054016
639433,0.026112
639555,0.05632
639614,0.0128
639634,0.013568
639674,0.0064
639720,0.002048
639727,0.025856
639748,0.107264
639760,0.003072
639886,0.007168
639914,0.081408
639977,0.091904
640004,0.030976
640029,0.09472
640160,0.010496
640213,0.017664
640277,0.035328
640333,0.036352
640352,0.045568
640360,0.093696
640372,0.007936
640406,0.643328
640458,0.043776
640465,0.111872
640577,0.170752
640578,1.631744
640690,0.033792
640731,0.043008
640744,0.013568
640748,0.020992
640764,0.09088
640805,0.015104
640814,0.026368
640854,0.075776
640926,0.032512
640968,0.01152
641002,0.000768
641031,0.003584
641061,1.767168
641134,0.0
641178,0.645888
641232,0.02048
641283,0.02048
641394,0.170496
641436,0.022016
641468,0.002048
641524,0.160768
641546,0.064512
641626,0.048896
641697,0.05632
641766,0.081408
641817,0.126976
642017,0.03072
642033,0.778752
642124,0.066304
642162,0.013056
642178,0.012288
642209,0.002816
642215,0.024576
642357,0.002304
642381,0.10112
642451,0.034048
642517,0.01408
642551,0.10624
642634,0.028672
642654,0.024576
642693,0.004864
642723,0.028416
642731,0.001792
642774,0.007424
642837,0.00384
642925,0.438784
642967,0.076544
643024,0.03968
643054,0.685312
643170,0.003072
643179,0.016384
643269,0.015872
643321,0.014848
643361,0.104192
643536,0.33664
643592,0.111616
643620,0.000768
643637,0.008448
643670,0.078592
643697,0.003072
643726,0.00896
643760,0.02048
643803,0.050432
643809,0.01536
643851,0.195584
643993,0.070656
644039,0.090112
644172,0.076032
644212,0.051712
644316,0.0064
644410,0.560384
644444,0.0064
644467,0.024832
644480,0.015616
644534,0.055808
644580,0.008704
644655,0.06272
644682,0.006656
644740,0.024064
644764,0.020992
644777,0.56192
644780,1.314048
644832,0.390656
644861,0.344064
644895,0.090112
644952,0.001024
644966,0.005376
645003,0.006144
645038,0.00512
645100,0.01664
645102,0.35456
645177,0.014848
645277,0.050944
645318,0.042752
645362,0.012544
645376,0.018432
645379,0.045824
645389,0.011776
645418,0.04096
645477,0.020992
645496,0.069376
645526,0.109824
645570,0.009216
645637,0.049664
645724,0.080384
645758,0.008704
645805,0.045568
645964,0.031744
645965,0.49408
645979,0.434432
646083,0.003584
646086,0.065792
646120,0.00512
646222,0.049152
646246,0.005376
646302,0.005888
646335,0.004352
646378,0.005888
646393,0.056832
646490,0.050688
646530,0.009728
646586,0.406528
646630,0.003584
646677,0.034048
646717,0.01536
646769,0.246784
646846,0.022528
646876,0.02944
646958,0.006144
647046,0.000256
647098,0.000768
647114,0.027648
647165,0.123392
647202,0.067072
647263,1.303296
647287,0.4736
647353,0.235008
647411,0.025856
647507,0.009984
647603,0.033024
647776,0.054784
647777,2.070784
647838,0.0384
647853,0.198656
647914,0.003584
647937,0.052736
647955,0.125696
648004,0.015872
648155,0.02176
648177,0.739584
648253,0.057088
648324,0.005632
648480,0.014848
648523,0.074496
648548,0.077568
648587,0.01792
648641,0.339712
648688,0.237824
648746,0.027136
648754,0.040192
648865,0.179712
648951,0.107264
648965,0.256256
649006,0.005376
649012,0.153344
649044,0.06528
649077,0.03712
649109,0.02816
649164,0.011264
649253,0.004096
649266,0.057856
649320,0.226048
649425,0.176384
649459,0.040704
649486,0.026112
649488,0.018688
649558,0.034048
649565,0.163328
649665,0.043008
649682,0.006656
649710,0.063232
649751,0.325632
649909,0.006912
649916,0.003328
650076,0.056832
650114,0.025344
650165,1.414912
650227,0.083968
650277,0.050432
650370,0.026624
650401,0.03968
650412,0.014592
650459,0.040704
650583,0.004608
650634,0.008192
650704,0.008192
650768,0.041216
650773,0.344832
650785,0.087808
650850,0.083712
650863,0.003584
651112,0.02176
651119,0.000512
651187,0.046848
651260,0.037632
651314,0.030976
651376,0.046848
651382,1.453056
651467,0.00768
651496,0.818432
651559,0.046592
651645,0.038912
651720,0.002048
651758,0.017408
651793,0.060672
651801,0.02304
651852,0.002304
651917,0.028928
651936,0.012288
651964,0.108544
651986,0.925952
652025,0.004352
652082,0.051968
652116,0.013824
652195,0.005632
652216,0.025344
652273,0.006656
652281,0.02944
652322,0.016896
652329,0.017664
652403,0.003072
652436,0.048128
652463,0.00128
652469,0.047872
652526,0.132096
652530,12.265984
652583,0.017152
652622,0.320768
652670,0.664064
652763,0.018944
652788,0.00128
652857,0.005376
652902,0.120832
652970,0.077824
653011,0.036096
653057,0.791808
653090,0.04224
653134,0.006656
653158,0.02432
653165,0.456448
653179,0.961792
653187,0.258816
653269,0.002816
653289,0.000768
653301,0.0064
653313,0.037632
653339,0.0192
653345,0.456704
653407,0.001024
653414,0.042752
653435,0.136448
653475,0.056832
653511,0.131072
653545,0.004352
653563,0.140544
653585,0.016896
653615,0.036352
653714,0.000256
653763,0.040448
653765,0.946944
653785,0.033536
653841,0.100608
653900,0.045312
653906,0.002816
653945,0.013568
653951,0.028928
654023,0.157696
654067,0.013056
654110,0.005888
654125,0.421376
654137,0.100096
654166,0.0064
654178,0.000256
654208,0.017408
654221,0.02176
654293,0.01024
654304,0.04352
654470,0.103424
654520,0.036864
654588,0.003072
654610,0.00512
654662,0.107008
654696,0.020736
654744,0.010752
654783,0.054528
654850,0.047872
654870,0.027648
654899,0.516608
654963,0.023808
654983,0.018944
655018,0.05504
655042,0.057088
655084,0.043264
655121,0.005632
655151,0.016896
655166,0.004096
655301,0.001024
655304,0.032768
655331,0.391936
655356,0.023552
655407,0.008448
655424,0.065536
655457,0.084224
655515,0.01408
655533,0.016896
655578,0.294144
655582,0.175616
655586,0.2624
655636,0.013568
655665,0.076544
655750,0.015616
655819,0.06144
655825,0.07296
655859,0.623616
655922,0.045056
655977,0.012288
656001,0.776192
656055,0.070912
656163,0.003584
656166,0.041472
656181,0.007168
656217,0.100608
656291,0.003328
656301,0.003072
656387,0.004608
656389,0.036608
656410,0.00384
656472,0.107264
656546,0.01792
656662,0.014592
656664,0.010752
656681,0.205056
656778,0.166144
656887,0.05376
656976,0.038912
657019,0.007936
657032,0.053248
657055,0.012288
657088,0.0128
657134,0.064768
657176,0.022016
657208,0.03456
657347,0.100352
657377,0.013824
657432,0.013824
657481,0.018432
657519,0.139264
657649,0.00896
657669,0.017408
657700,0.092928
657744,0.013824
657809,0.047104
657853,0.066304
657871,0.03456
657897,0.02048
657908,0.003584
657952,0.054016
657991,0.541952
658069,0.114944
658126,0.073216
658243,0.063488
658372,0.07296
658393,0.003584
658486,0.024832
658566,0.04352
658579,0.280832
658658,0.04736
658727,0.079872
658761,0.047104
658771,0.338432
658812,0.00768
658827,0.156928
658854,0.011008
658877,0.085248
658879,0.574976
658992,0.024064
659006,0.105472
659040,0.000512
659057,0.011776
659107,0.134912
659164,0.009728
659165,6.735104
659253,1.296384
659311,0.12032
659365,0.10496
659502,0.113152
659511,0.154368
659524,0.11648
659553,0.002048
659575,0.00896
659617,0.029696
659684,0.412416
659710,0.024832
659761,0.009216
659764,0.703232
659788,4.166912
659946,0.029184
659958,0.062976
660035,0.051968
660101,0.106496
660199,0.337664
660232,0.024832
660248,0.018944
660253,0.057856
660294,0.001536
660311,0.000768
660365,0.123392
660435,0.139776
660455,0.0448
660477,0.038912
660533,0.151552
660555,0.023808
660569,1.036032
660600,0.18304
660645,0.090112
660687,0.032
660688,0.565504
660726,0.040448
660751,0.230656
660844,0.056832
660867,0.079616
660888,0.058368
660961,0.045824
660965,0.051968
660981,0.041984
661062,0.04736
661112,0.227584
661176,0.036352
661188,0.157952
661241,0.11776
661252,0.2496
661352,0.079872
661390,0.040192
661427,0.223488
661444,0.169216
661548,0.015104
661593,0.622848
661617,0.030464
661638,0.313088
661667,0.005376
661677,0.111616
661714,0.003584
661755,0.001792
661802,0.113664
661823,0.099072
661827,0.023296
661928,0.02432
661971,0.02816
662006,0.00384
662058,0.031488
662097,0.045568
662114,0.02176
662129,0.009728
662186,0.09984
662217,0.00384
662266,0.144384
662277,0.001792
662354,0.031232
662410,0.724992
662441,0.008448
662453,0.14336
662467,0.08832
662547,0.039936
662716,0.01408
662739,0.019712
662816,0.025856
662897,0.082944
662972,0.02688
663020,0.01792
663088,0.00896
663133,0.007424
663165,0.018176
663172,0.007168
663201,0.129792
663235,0.009984
663349,0.017664
663379,0.060416
663380,0.06912
663391,0.851456
663509,0.02688
663574,0.048896
663617,0.283904
663656,0.004864
663677,0.282368
663729,0.041472
663904,0.144896
663976,0.298752
664045,0.011008
664124,0.549888
664182,0.015616
664243,0.078336
664258,0.019456
664303,0.20864
664352,0.005888
664377,0.016128
664404,0.01664
664418,0.003328
664453,0.02048
664483,0.006144
664574,0.010496
664770,0.002304
664786,0.003584
664827,0.057344
664870,0.045056
664937,0.013056
664942,0.019456
664974,0.025856
665034,0.1024
665040,0.000512
665044,0.013824
665083,0.00896
665156,0.058624
665176,0.01152
665299,0.020224
665351,0.010496
665358,0.018944
665386,0.028928
665498,0.20992
665535,0.008192
665601,0.660992
665630,0.168704
665772,0.037376
665787,0.03072
665817,0.004096
665846,0.019968
665964,0.03712
665992,0.010496
666011,0.00512
666021,0.002816
666024,0.01152
666071,0.041984
666102,0.011264
666120,0.006144
666148,0.01024
666166,0.108032
666201,0.213504
666310,0.104192
666320,0.321536
666388,0.201216
666519,0.004352
666541,0.004096
666581,0.024576
666599,0.13312
666794,0.075264
666801,0.069376
666912,0.16896
666938,0.037888
666976,0.071168
666986,0.018432
667023,0.201216
667039,0.135168
667056,0.02688
667133,0.17792
667257,0.123392
667286,0.002048
667303,0.020992
667370,0.018688
667384,0.13312
667452,0.1024
667479,0.0064
667597,0.050176
667639,0.011264
667661,0.030976
667713,0.000768
667790,0.012288
667866,0.036352
667936,0.167936
668014,0.19584
668117,0.104192
668156,0.00256
668176,0.018176
668178,0.164096
668218,0.071168
668230,1.261312
668310,0.023296
668365,0.0768
668373,0.132864
668396,0.006656
668421,0.079872
668450,0.018432
668461,0.0576
668483,0.004352
668494,0.000256
668544,0.020224
668578,0.025856
668624,0.025344
668627,0.01792
668648,1.764608
668734,0.06656
668749,0.055552
668764,1.261312
668778,1.44896
668966,0.006912
668993,0.009216
669084,0.061184
669123,0.016384
669202,0.007424
669274,0.007168
669364,0.011008
669386,0.070656
669466,0.704
669497,0.041472
669527,0.031488
669578,0.002304
669599,0.031232
669618,0.009728
669630,0.11136
669672,0.09728
669721,0.002048
669753,0.137728
669795,0.0832
669802,0.045312
669849,0.093952
669946,0.000768
669957,0.040192
669981,0.04992
670032,0.013312
670121,0.162048
670137,0.006144
670157,0.04352
670200,0.039936
670252,0.005376
670279,0.073984
670302,0.028416
670353,0.00256
670356,0.013824
670418,0.00384
670424,0.010496
670449,0.013568
670510,0.113664
670531,0.066048
670579,0.051456
670634,0.030976
670657,0.00768
670703,0.001536
670825,0.008704
670835,0.092672
670896,0.093184
671063,0.000256
671066,0.096768
671132,0.002816
671152,0.203264
671170,0.14336
671194,0.006912
671229,0.013568
671270,0.815616
671300,0.010752
671356,0.013824
671380,0.01408
671400,0.015616
671418,0.013312
671455,0.002048
671594,0.01152
671608,0.015872
671648,0.276992
671688,0.004352
671719,0.044032
671786,0.132864
671814,0.004864
671859,0.033536
671877,0.035072
671946,0.762624
672001,0.12672
672046,0.043008
672054,0.009472
672069,0.00768
672077,0.179712
672130,0.000256
672232,0.018688
672247,0.020736
672316,0.012032
672324,0.007168
672418,0.002304
672452,0.144128
672515,0.12032
672646,0.073984
672650,0.067328
672704,0.037632
672726,0.045568
672776,0.632576
672819,0.023552
672874,0.076544
672899,0.013824
672977,0.076032
673044,0.012544
673065,0.011776
673088,0.050176
673096,0.006656
673124,0.033536
673228,0.046336
673334,0.0064
673366,0.229376
673394,0.002304
673405,0.002048
673439,0.011264
673464,0.00384
673508,0.06528
673546,0.061696
673585,0.084224
673588,0.355584
673652,0.017408
673700,0.000768
673720,0.159232
673775,0.019712
673801,0.014848
673827,0.010752
673841,0.012288
673848,0.862464
673921,0.01792
673944,0.004864
673979,0.000512
673995,0.101376
674023,0.537344
674067,0.048128
674097,0.025856
674106,0.009216
674165,1.408
674175,16.119552
674262,0.010752
674343,0.052224
674387,0.00512
674412,0.06016
674441,0.060672
674467,0.020992
674509,0.011008
674526,0.514048
674580,0.012544
674599,0.016896
674644,0.030976
674682,0.002048
674708,0.020736
674711,0.009728
674765,0.164864
674782,1.627136
674838,0.004864
674853,0.065536
674873,0.03072
674883,0.002304
674897,0.13184
674935,0.00768
674992,0.016384
675054,0.039936
675116,0.003072
675144,0.007168
675154,0.002816
675175,0.047616
675191,0.041216
675242,0.000768
675247,0.42112
675297,0.476416
675359,0.039424
675409,0.005888
675427,0.030976
675491,0.497664
675583,0.25856
675732,0.074752
675754,0.009728
675808,0.007168
675909,0.014336
675934,0.003328
675961,0.024576
675980,0.1472
676004,0.470528
676055,0.000256
676105,1.619968
676158,0.065536
676206,0.028928
676224,0.011008
676281,0.165376
676343,0.070912
676362,0.03584
676409,0.018944
676433,0.038912
676453,0.000512
676513,0.12288
676575,0.027136
676579,0.017664
676789,0.180736
676834,0.037888
677036,0.003328
677044,0.045824
677110,0.04608
677180,0.102656
677184,0.365056
677186,0.20864
677312,0.697088
677353,0.08576
677395,0.04352
677400,0.0
677486,0.006912
677488,0.00128
677717,0.031488
677738,0.003328
677781,0.182272
677783,0.4352
677876,0.067584
677956,0.025856
677977,0.006656
678006,0.06528
678042,0.01152
678079,0.11648
678098,0.032512
678151,0.004096
678174,0.148992
678308,0.122112
678349,0.0
678364,0.035584
678377,0.059136
678512,0.072192
678621,1.405184
678657,0.041984
678752,0.003072
678838,0.000256
678919,0.075264
678960,0.002816
678980,0.579584
679026,0.037888
679077,0.058624
679114,0.021248
679147,0.039936
679194,0.261632
679229,0.030464
679314,0.046848
679373,0.284928
679424,0.195584
679493,0.001792
679526,0.002304
679643,0.028928
679666,0.13056
679726,0.0
679942,0.029184
679962,0.047872
679991,0.01792
679995,0.112128
680166,0.056064
680288,0.001792
680344,0.045568
680406,0.006912
680432,0.713984
680570,0.07552
680614,0.145152
680659,0.011264
680775,0.028928
680850,0.01408
680885,0.515584
680948,0.018432
680983,0.024064
681082,0.00256
681086,0.061952
681133,0.106752
681193,0.004352
681244,0.061952
681314,0.015104
681365,0.076032
681383,0.196864
681483,0.032768
681517,0.015872
681540,0.592384
681574,0.04736
681607,0.018176
681728,0.002304
681734,0.013312
681804,0.07808
681816,0.003072
681820,0.09216
681879,0.00256
681882,0.034304
681911,0.031488
681980,0.759552
682154,0.0128
682189,0.017664
682239,0.0
682274,0.00896
682424,0.035072
682544,0.0128
682563,0.000512
682577,0.148992
682629,0.06016
682731,0.005632
682768,0.0
682771,0.136192
682786,0.11904
682794,0.0384
682808,0.227072
682963,0.032256
682972,0.13824
682983,0.771328
683033,0.019456
683074,0.018944
683131,0.01024
683140,0.037888
683143,0.191488
683175,0.088064
683224,0.310784
683398,0.005632
683450,0.025344
683499,0.335616
683549,0.001536
683664,0.88704
683716,0.008192
683737,0.012544
683767,0.056064
683781,0.111872
683783,0.865792
683866,0.007168
683915,0.075264
683987,0.000256
684041,0.014848
684133,0.041984
684211,0.02688
684233,0.031232
684264,0.0064
684277,0.008448
684321,0.018688
684364,0.01152
684372,0.003584
684420,0.083712
684466,0.406784
684551,0.01536
684565,0.070912
684592,0.009216
684594,0.012032
684616,0.012544
684707,0.046336
684737,0.01152
684739,0.119808
684801,0.019712
684875,0.00768
684914,0.004608
684955,0.020736
684965,0.21632
684981,4.059392
685126,0.005632
685178,0.00896
685224,0.117504
685276,0.013312
685369,0.04992
685375,0.077568
685408,0.008192
685442,0.0448
685577,0.104704
685585,0.228608
685626,0.037888
685692,0.013568
685698,0.002816
685732,0.005376
685751,0.024832
685755,1.90464
685819,0.002816
685887,1.313024
686008,0.010496
686022,0.564992
686118,0.049408
686179,0.033024
686214,0.010496
686249,0.003072
686336,0.030976
686350,0.180224
686467,0.002816
686528,0.034304
686559,0.041472
686606,0.00896
686717,0.000768
686760,0.042752
686778,0.972544
686824,0.00896
686890,0.003584
686903,0.076032
686994,0.56704
687054,0.010752
687116,0.03072
687172,0.018432
687210,0.093696
687229,0.126976
687265,0.027648
687353,0.009984
687366,0.326144
687378,2.04928
687382,4.270592
687470,0.08192
687565,0.045568
687594,0.02944
687628,0.00384
687720,0.059392
687759,0.048384
687777,0.001792
687794,0.127488
687824,0.033792
687846,0.011264
687886,0.000256
687964,0.061696
688044,0.019968
688066,0.009472
688123,0.014848
688136,0.063488
688188,0.068608
688302,0.040704
688333,0.044288
688379,0.005632
688447,0.08832
688481,0.018688
688541,0.005888
688575,0.014848
688581,1.53984
688657,0.014336
688673,0.020992
688726,0.022528
688746,0.043008
688757,0.09344
688806,0.059648
688864,0.03072
688867,0.088576
688885,0.121344
688913,0.016128
688986,0.075264
689103,0.049408
689131,0.126208
689236,0.39552
689384,0.05376
689462,0.006912
689466,0.008192
689526,0.029696
689555,0.005376
689600,0.123648
689667,0.044288
689680,0.642304
689766,0.000256
689770,0.041472
689778,0.21248
689857,0.5504
689926,0.404224
689997,0.002816
690026,0.003072
690134,0.566528
690174,0.011776
690322,0.066816
690382,0.037632
690492,0.005888
690502,0.0064
690625,0.006144
690666,0.067328
690721,0.033536
690737,0.03328
690833,0.020992
690846,0.031744
690940,0.024576
690986,0.0704
690997,0.365568
691055,0.034816
691082,0.013312
691138,0.175872
691183,0.0064
691245,0.057856
691273,0.006656
691279,0.013568
691363,0.100096
691390,0.005632
691395,0.001024
691426,0.0
691469,0.001536
691515,0.049664
691555,0.138752
691581,0.30848
691704,0.025088
691766,0.002304
691874,0.001536
691911,0.068352
691964,0.384
692034,0.056832
692177,0.032512
692181,0.63616
692212,0.027392
692236,0.066304
692336,0.018688
692354,0.065024
692399,0.11264
692476,0.073728
692485,0.038912
692681,0.030976
692712,0.028928
692765,0.182016
692783,0.25088
692849,0.005888
692940,0.015872
692957,0.027648
693140,0.028416
693176,0.013824
693207,0.004352
693320,0.018688
693329,0.044032
693336,1.287424
693376,0.25856
693473,0.027136
693520,0.002048
693623,0.00896
693662,0.016896
693673,0.16256
693777,0.007936
693830,0.082432
693841,0.0256
693881,0.037632
693951,0.016128
693966,0.087296
694007,0.607488
694104,0.00512
694128,0.010496
694194,0.02816
694263,0.081664
694298,0.045312
694337,0.015872
694441,0.058368
694564,0.112896
694577,0.063488
694583,1.36064
694589,0.621312
694722,0.040704
694746,0.018688
694749,0.142848
694773,0.01408
694829,0.001792
694904,0.192
694991,0.033792
694999,0.005632
695109,0.047104
695177,0.112128
695379,0.002304
695382,0.030976
695439,0.16768
695459,0.129536
695483,0.061952
695533,0.011776
695550,0.013056
695643,0.163584
695716,0.037888
695733,0.052224
695766,0.196096
695866,0.009984
695889,0.013056
695907,0.019968
696054,0.035584
696074,0.09088
696135,0.324608
696246,0.025856
696268,0.013056
696365,0.121088
696377,0.01024
696477,0.032768
696513,0.04736
696522,0.041984
696529,0.210688
696602,0.00128
696686,0.031488
696781,0.067072
696813,0.010496
696842,0.054016
696902,0.010496
697040,0.09728
697250,0.12288
697440,0.34944
697496,0.051968
697537,0.028416
697582,1.737728
697731,0.293888
697772,0.298752
697852,0.000256
697969,0.2816
698046,0.015872
698164,0.04992
698175,0.055296
698194,0.01792
698205,0.003072
698267,0.024832
698274,0.057344
698336,0.007936
698408,0.000512
698498,0.075008
698546,0.01024
698691,0.292096
698778,0.363008
698965,0.003072
699139,0.025856
699206,0.004608
699345,0.013824
699378,2.300416
699383,0.626432
699500,0.039424
699519,0.018944
699547,0.03584
699562,0.004096
699629,0.040192
699758,0.015872
699781,0.077312
699848,0.000768
699964,0.38784
700007,0.614912
700127,0.158464
700173,0.01536
700193,0.00896
700202,0.00768
700410,0.0064
700420,0.017408
700427,0.025344
700458,0.10624
700468,0.004096
700517,0.035072
700544,0.210944
700573,0.005888
700578,0.039424
700596,0.048896
700658,0.191488
700708,0.20736
700748,0.01408
700788,0.190464
700798,0.091904
700818,0.163328
700828,0.022272
700838,0.153856
700858,0.352256
700868,0.043008
700878,0.098816
700888,0.169984
700898,0.136192
700918,0.093952
700948,0.455424
700968,0.414208
700978,0.30976
700998,0.3968
701008,0.296448
701028,0.379904
701038,0.054272
701048,0.0896
701058,0.243456
701068,0.457728
701088,0.189696
701098,0.486912
701108,0.041728
701118,0.378624
701148,0.122112
701158,1.005312
701178,0.60288
701208,0.854272
701218,0.2816
701258,0.044032
701268,0.622336
701298,0.01024
701308,0.298496
701338,0.040192
701384,0.009472
701422,0.003072
701436,0.023296
701477,0.00128
701497,0.018432
701511,1.024256
701553,0.021504
701572,0.037376
701619,0.003072
701649,0.24448
701769,0.950272
701837,0.325376
701942,0.004864
701983,0.081152
702094,0.137472
702104,0.0192
702174,0.05376
702376,0.118528
702415,0.000256
702508,0.016128
702565,0.062976
702617,0.000256
702640,0.107776
702666,0.649472
702706,0.003328
702737,0.04608
702862,0.020224
702898,0.099072
702924,0.003328
702976,0.08576
703001,0.012288
703090,0.341248
703134,0.015104
703166,0.012032
703313,0.011776
703397,0.273408
703404,0.060928
703444,0.004096
703474,0.028928
703509,0.001792
703581,0.347648
703631,0.042752
703664,0.082176
703720,0.038912
703769,0.04224
703786,0.079616
703876,0.012544
703933,0.00512
703956,0.030464
704002,0.033536
704045,0.082688
704081,0.00384
704177,0.028928
704241,0.028672
704325,0.007168
704340,0.022016
704426,0.043008
704454,0.018176
704549,0.002304
704559,0.011776
704567,0.39168
704694,0.008704
704748,0.004096
704781,0.034048
704783,0.65024
704809,0.246016
704833,0.56448
704901,0.002048
704920,0.286976
704957,0.068608
705009,0.038912
705052,0.00256
705176,0.00768
705194,0.051456
705243,0.004352
705285,0.021248
705322,0.037376
705376,0.691968
705446,0.019456
705477,0.014592
705542,0.018944
705646,0.000768
705683,0.034048
705715,0.748544
705751,0.010496
705775,0.502784
705834,1.64736
705985,0.043008
705987,0.484864
706044,0.007168
706116,0.058624
706438,0.445696
706475,0.181504
706529,0.023808
706686,0.004096
706705,0.02176
706732,0.009984
706755,0.027136
706897,0.020992
706939,0.011008
707002,0.1216
707046,0.064768
707113,0.043264
707132,0.15872
707164,0.009728
707185,0.330752
707240,0.014592
707246,0.004608
707282,0.000768
707329,0.0
707369,0.015872
707412,0.00128
707453,0.015104
707476,0.069888
707572,0.064
707609,0.0192
707621,0.014592
707683,0.028416
707718,0.054016
707741,0.049408
707764,0.5184
707783,0.23552
707836,0.013056
707856,0.0
707889,0.010752
707908,0.054016
707936,0.032512
707997,0.137472
708125,0.016896
708154,0.060672
708178,0.01664
708287,0.0832
708321,0.017408
708367,0.075008
708382,0.154112
708400,0.397312
708504,0.01536
708537,0.983296
708636,0.058368
708679,0.009216
708683,0.045056
708713,0.009472
708754,0.030464
708860,0.01664
708894,0.148736
708923,0.240896
708946,0.010496
708965,0.189952
708984,0.110848
709004,0.04864
709047,0.065024
709064,0.041216
709080,0.04096
709120,0.05888
709166,0.079104
709184,0.055296
709281,0.184064
709384,0.00128
709470,0.055296
709528,0.04992
709581,0.22016
709635,0.00128
709710,0.027392
709738,0.714496
709860,0.007168
709861,0.251136
709867,0.37376
709872,2.628096
709947,0.31104
710021,0.056576
710026,0.132096
710089,0.144384
710172,0.312064
710186,0.091648
710201,0.203776
710299,0.029696
710336,0.0192
710351,0.015616
710444,0.086016
710469,0.169728
710488,0.115456
710540,0.387072
710651,0.050176
710726,0.211712
710781,0.022016
710782,1.537792
710785,0.418816
710847,0.013824
710869,0.030976
710920,0.00128
711099,1.187072
711250,0.029952
711345,0.824064
711382,0.122624
711428,0.045824
711464,0.002304
711613,0.015616
711625,0.008192
711684,0.017664
711709,0.062208
711749,0.037632
711781,0.043264
711853,0.029184
711913,0.007168
711957,0.0832
712179,0.050432
712236,0.019968
712563,0.013312
712621,0.072448
712689,0.004864
712723,0.009984
712816,0.038912
712856,0.10624
712895,0.012544
712968,0.0064
713071,0.020224
713156,0.0064
713179,0.139008
713249,0.255488
713335,0.016896
713340,0.966912
713397,0.01152
713520,0.001024
713563,0.211968
713624,0.019968
713668,0.032512
713674,0.0192
713694,0.227072
713716,0.004352
713777,0.138752
713790,0.039168
713800,0.10496
713916,0.014848
713960,0.261376
714061,0.0064
714131,0.024576
714335,0.046336
714360,0.018944
714386,0.082432
714429,0.082432
714494,0.020736
714529,0.057088
714576,0.024832
714612,0.029952
714661,0.019456
714743,0.001024
714836,0.036096
714867,0.069632
714905,0.016384
714971,0.036608
714976,0.004608
715063,0.036864
715275,0.012288
715325,0.01664
715335,0.0128
715394,0.047872
715423,0.01664
715444,0.009984
715459,0.032
715535,0.025856
715577,0.097792
715681,0.004352
715794,0.074752
715824,0.00512
716001,0.576256
716082,0.024576
716150,0.041984
716179,0.421632
716180,0.085248
716236,0.007168
716568,0.004352
716590,0.004096
716765,0.044544
716777,4.231424
716856,0.155392
716912,0.031488
716970,0.024832
716991,0.024576
717024,0.016384
717086,0.01792
717196,0.0384
717234,0.073216
717254,0.020736
717300,0.058368
717386,0.014336
717392,0.059392
717415,0.162816
717590,0.092672
717634,0.13824
717692,0.035584
717744,0.0064
717857,0.006912
717874,0.081664
717902,0.035328
718049,0.04096
718076,0.003072
718139,0.017408
718197,0.028928
718305,0.00512
718339,0.045824
718385,0.009472
718403,0.001024
718577,0.001536
718581,0.406016
718652,0.001792
718719,0.009472
718802,0.038144
718819,0.020224
718839,0.006912
718905,0.017664
719082,0.266752
719122,0.028416
719145,0.026112
719224,0.211712
719335,0.01664
719342,0.41344
719399,0.000768
719403,0.01536
719434,0.047872
719475,0.008192
719492,0.066048
719534,0.029696
719583,0.022528
719672,0.012288
719744,0.2944
719766,0.073728
719781,0.287488
719898,0.034816
719989,0.002304
720002,0.00384
720094,0.061696
720121,0.036608
720170,0.001536
720322,0.197376
720437,0.177408
720509,0.013824
720535,0.007168
720542,0.039168
720606,0.001536
720819,0.019712
720955,0.001536
720965,0.534528
720999,0.038912
721088,0.038912
721094,0.14976
721139,0.089856
721213,0.0064
721313,0.284672
721417,0.073472
721577,0.964608
721655,0.6912
721718,0.054784
721726,0.796416
721790,0.781312
721826,0.089088
721884,0.034304
721907,0.02944
721949,0.007424
721985,0.008448
722030,0.050688
722081,0.002304
722104,0.027904
722119,0.049152
722183,0.078848
722296,0.022272
722395,0.002816
722453,0.018432
722695,0.107264
722758,0.129536
722815,0.162048
722890,0.004352
722923,0.015616
722969,0.521728
723108,0.004864
723122,0.010752
723168,0.061184
723316,0.20224
723361,0.064768
723378,0.06016
723381,3.34592
723441,0.19584
723466,0.036352
723538,0.018432
723551,0.018688
723570,0.011264
723574,0.07296
723738,0.012288
723755,0.012544
723769,0.033792
723795,0.156416
723852,0.106496
723917,0.002816
723947,0.001792
723956,0.045824
723967,0.014848
724046,0.030464
724143,0.091648
724154,0.035584
724286,0.046848
724369,0.028672
724414,0.021248
724564,1.794048
724624,0.160512
724642,0.289024
724653,4.277504
724696,0.266752
724854,0.002048
724928,0.313856
724956,0.0832
724977,0.000256
725165,1.03936
725259,0.036096
725317,0.848384
725363,0.00256
725416,0.117504
725432,0.107264
725523,0.04992
725557,0.045824
725578,0.0064
725603,0.030976
725639,0.043776
725669,0.012288
725681,0.096512
725704,0.09216
725781,1.828864
725825,0.049408
725960,0.438272
726062,0.01536
726079,0.023808
726124,0.889344
726269,0.036608
726307,0.002048
726321,0.083712
726362,0.12416
726381,2.015488
726445,0.209664
726455,0.104192
726485,0.165376
726515,0.016128
726535,0.125952
726545,0.04224
726555,0.02304
726595,0.092416
726625,0.055296
726635,0.03456
726675,0.227072
726705,0.091904
726725,0.228608
726745,0.072704
726765,0.081664
726775,0.129024
726785,0.13056
726795,0.129024
726805,0.029184
726815,0.302848
726835,0.148736
726845,1.996032
726875,0.370944
726885,0.389632
726895,0.00512
726905,0.438272
726915,0.045312
726925,0.358656
726935,0.07296
726955,0.27776
726965,0.123392
726975,0.405248
726981,1.582336
727025,0.129792
727035,0.551168
727045,0.329472
727055,0.045824
727065,0.607232
727075,0.180224
727085,0.22528
727095,0.432128
727105,0.26752
727125,0.661504
727135,0.280832
727145,0.244736
727175,0.037888
727185,0.071936
727195,0.441856
727215,0.097792
727235,0.772608
727275,0.216064
727279,1.385472
727295,0.370432
727362,0.017408
727394,0.159744
727529,0.008704
727577,0.257024
727580,0.137728
727641,0.580608
727763,0.025088
727839,0.0
727860,0.031744
727878,0.246016
727951,0.0256
728070,0.012032
728165,0.077312
728178,1.841664
728226,0.311552
728313,0.000512
728319,0.256
728340,0.08192
728397,0.07296
728433,0.003584
728456,0.021248
728462,0.145152
728537,0.005632
728573,0.0832
728655,0.542208
728697,0.003072
728826,0.004352
728906,0.009984
728961,0.001024
729001,0.0832
729008,0.10112
729076,0.02048
729120,0.005888
729177,0.969984
729263,0.07552
729267,0.112128
729290,0.2176
729365,0.018432
729379,0.251904
729474,0.015104
729536,0.039168
729571,0.032256
729588,0.00512
729619,0.1216
729701,0.014592
729737,0.005376
729744,0.024832
729768,0.012288
729813,0.045824
730093,0.121088
730132,0.5248
730185,0.0256
730340,0.022016
730381,0.001792
730406,0.069632
730484,0.023552
730527,0.08448
730576,0.476416
730724,0.000256
730744,0.000256
730769,0.012032
731019,0.012288
731071,0.012032
731073,0.016384
731079,0.082176
731109,0.017408
731139,0.038912
731190,3.403008
731288,0.186112
731290,0.110592
731294,0.46592
731313,0.02432
731319,1.056768
731344,0.07424
731375,0.058112
731379,0.073472
731388,0.743168
731421,2.572288
731475,0.127744
731484,0.2048
731507,0.363008
731530,0.175872
731554,0.75776
731587,0.55168
731610,0.01792
731657,0.248832
731732,0.030976
731765,0.410368
731776,0.07296
731795,0.001024
731848,0.074752
731926,0.073472
731944,0.111872
732023,0.027648
732225,0.048384
732249,0.03072
732279,0.045312
732311,0.032768
732334,0.038912
732351,0.08576
732364,0.713472
732512,0.043776
732530,0.017408
732544,0.020224
732576,0.091904
732616,0.002304
732642,0.501504
732731,0.032512
732779,0.002816
732785,0.01024
732826,0.07936
732834,0.050176
732927,0.020736
732965,0.188416
732977,0.032512
732986,0.072704
733020,0.008704
733052,0.060928
733105,0.010752
733257,0.164096
733311,0.355072
733391,0.315648
733468,0.018944
733564,0.614656
733576,0.296448
733669,0.068096
733673,0.126464
733743,0.033536
733760,0.004608
733787,0.027392
733798,0.01408
733896,0.25472
733953,0.032512
734020,0.017408
734141,0.005888
734180,1.057536
734238,0.00256
734286,0.010496
734299,0.01792
734321,0.004352
734352,0.019968
734374,0.011008
734428,0.04736
734461,0.007936
734505,0.013056
734513,0.009728
734596,0.004352
734606,0.00768
734641,0.004096
734656,0.028672
734694,0.0256
734732,0.657152
734776,0.004352
734783,4.273152
734846,0.011264
734953,0.016384
735048,0.00896
735051,0.00896
735062,0.499456
735152,0.024832
735161,0.038912
735201,0.012544
735207,0.028416
735227,0.018688
735275,0.068352
735292,0.018176
735343,0.07424
735361,0.138752
735376,0.079104
735379,0.512
735386,0.137216
735414,0.644608
735497,0.100096
735554,0.052992
735628,0.003584
735636,0.131072
735646,0.028416
735709,0.021504
735720,0.785664
735774,0.0704
735817,0.02048
735874,0.033024
735903,0.005632
735949,0.161792
735976,0.004608
735994,0.170496
736123,0.04736
736133,0.113408
736245,0.002816
736318,0.00384
736426,0.004864
736465,0.150016
736541,0.027392
736613,0.00768
736728,0.006912
736742,0.264448
736784,0.024576
736819,0.074496
737021,0.014848
737023,0.046336
737108,0.024832
737178,0.01152
737191,0.00512
737247,0.079616
737278,0.078848
737293,0.02432
737331,0.00256
737398,0.011264
737408,0.026112
737470,0.001024
737517,0.08192
737532,0.060928
737565,0.009472
737599,0.050176
737633,0.027136
737686,0.007936
737697,0.011264
737751,0.044544
737766,0.215296
737789,0.058112
737799,0.249344
737824,0.650752
737913,0.020224
738083,0.091136
738139,0.321792
738235,0.022784
738258,0.063488
738302,0.002816
738318,0.02304
738377,0.00256
738380,1.775616
738443,0.577792
738474,0.006656
738508,0.02944
738528,0.00768
738553,0.008192
738579,0.004096
738604,0.00896
738614,0.021248
738626,2.130432
738685,0.064
738784,0.027136
738789,0.009984
738793,0.0128
738856,0.014592
738908,0.003584
738935,0.026624
739027,0.066304
739049,0.003328
739142,0.00384
739199,0.024064
739239,0.070912
739309,0.013056
739364,0.009216
739367,0.004352
739380,0.00896
739407,0.037376
739436,0.015104
739561,0.02048
739587,0.345088
739613,0.256
739629,0.045312
739690,0.009472
739738,0.00384
739760,0.009728
739830,0.040448
739852,0.003328
739881,0.089088
739944,0.114432
739985,0.039936
740032,0.013312
740065,0.096
740116,0.014336
740136,0.026368
740150,0.091648
740159,0.000256
740180,0.0192
740275,0.001792
740329,0.026112
740393,0.007424
740422,0.007424
740569,0.018176
740594,0.142336
740634,0.013824
740641,0.011776
740758,0.027392
740769,0.05632
740793,0.002048
740843,0.013312
740924,0.35072
740970,0.130048
740990,0.017152
741018,0.1024
741059,0.035072
741099,0.019712
741112,0.002816
741194,0.026624
741215,0.0192
741330,0.007424
741347,0.100096
741376,0.038912
741389,0.000768
741547,0.394496
741572,0.013056
741648,0.003584
741682,0.027904
741759,0.007168
741793,0.051968
741842,0.108288
741949,0.045824
741961,0.020992
741983,0.332288
742028,0.021504
742044,0.076544
742088,0.024064
742151,0.088064
742204,0.06656
742221,0.0
742236,0.015616
742274,0.041472
742309,0.000256
742383,0.013568
742417,0.005376
742533,0.014592
742579,0.320256
742584,0.066304
742644,0.70016
742705,0.014848
742750,0.009984
742824,0.003328
742825,0.35072
742863,0.017408
742894,0.02176
742906,0.037376
742957,0.068608
743004,0.015104
743019,0.224512
743053,0.009984
743150,0.018176
743163,0.074496
743185,0.064
743285,0.096512
743332,0.047872
743356,0.035584
743393,0.091904
743496,0.009472
743507,0.038912
743562,0.041216
743697,0.012288
743739,0.003584
743753,0.022528
743778,0.060928
743783,0.27008
743818,0.014336
743838,0.0064
743874,0.07424
743894,0.007936
743940,0.010752
743953,0.053248
743975,0.01152
743990,0.002048
743998,0.03968
744248,0.099584
744302,0.021248
744374,0.054272
744379,1.215744
744441,0.037376
744451,0.461056
744455,0.123136
744532,0.005376
744538,0.001024
744568,2.25408
744758,0.159232
744884,0.004608
744891,0.602624
744989,0.297728
744998,0.168192
745085,0.02176
745139,0.002816
745262,0.001024
745331,0.017664
745371,0.02432
745412,0.039936
745496,0.108288
745564,0.016128
745571,0.012544
745585,0.156928
745733,0.035072
745816,0.021504
745820,0.22656
745860,0.48128
745905,0.070912
745931,0.073984
746024,0.031232
746154,0.010752
746176,0.399104
746231,0.233472
746271,0.018944
746294,0.2944
746370,0.078592
746457,0.000768
746534,0.43008
746577,0.002304
746601,0.008192
746618,0.015872
746717,0.0064
746752,0.010752
746785,0.103168
746841,0.110848
746992,0.110592
747126,0.006912
747171,0.018688
747182,0.082176
747198,0.003584
747222,0.004864
747243,0.016896
747335,0.03712
747366,0.030464
747370,0.036864
747553,0.030208
747622,0.290048
747664,0.114688
747703,0.022016
747735,0.004608
747769,0.016384
747790,0.02432
747799,0.019712
747896,0.019712
747923,0.022016
748034,0.024576
748040,0.0128
748132,0.012032
748233,0.07936
748344,0.06912
748370,0.717568
748410,0.014592
748424,0.004864
748514,0.052736
748574,0.06912
748633,0.026368
748654,0.023808
748701,0.030464
748753,0.00128
748784,0.0128
748808,0.031744
748867,0.169728
748923,0.023808
748986,0.036608
749026,0.117504
749072,0.009728
749076,0.013824
749120,0.000256
749150,0.068352
749164,0.323584
749223,0.00128
749250,0.001792
749341,0.051968
749474,0.001536
749510,0.003328
749580,0.064512
749592,0.059392
749616,0.002048
749655,0.390144
749736,0.02816
749744,0.047616
749778,0.288
749813,0.016896
749856,0.04224
749910,0.000512
749982,0.014592
749996,0.013056
750053,0.08832
750068,0.000256
750075,0.043264
750167,0.010752
750176,0.032512
750243,0.002048
750246,0.093184
750261,0.036608
750364,0.002816
750380,0.065024
750384,0.000512
750416,0.056832
750446,0.038656
750454,0.0128
750487,0.003328
750504,0.104448
750552,0.013312
750670,0.041984
750679,0.029184
750714,0.030464
750781,0.033536
750818,0.018688
750965,0.11776
751006,0.035328
751059,0.00896
751151,0.096
751171,0.822784
751246,0.010752
751250,1.212672
751327,0.00384
751368,0.618752
751407,0.03072
751450,0.274944
751544,0.004096
751556,0.001536
751575,0.010752
751581,0.03968
751633,0.060672
751658,0.001536
751717,0.003584
751751,0.037632
751757,0.021248
751912,0.156672
751962,0.050944
751979,0.004096
752010,0.015616
752138,0.04608
752166,0.178176
752189,0.570112
752215,0.044544
752270,0.047104
752286,0.044032
752308,0.026368
752351,0.000256
752416,0.022016
752439,0.006656
752540,0.013568
752619,0.087552
752677,2.110464
752770,0.051712
752838,0.001024
752869,0.000256
752946,0.075264
753052,0.004864
753066,0.580864
753115,0.004864
753123,0.04096
753136,0.197632
753235,0.014336
753272,0.007168
753316,0.006912
753352,0.003072
753365,0.023296
753378,0.036864
753385,1.265664
753537,0.050688
753555,0.002048
753651,0.00384
753763,0.064256
753786,0.015872
753800,0.003072
753813,0.066048
753855,0.027904
753889,0.025856
754044,0.036864
754046,0.013824
754057,0.022272
754156,0.015104
754239,0.031744
754319,0.006656
754366,0.004352
754433,0.147968
754479,0.044544
754498,0.05376
754523,0.06144
754566,0.035584
754624,0.055296
754634,0.050688
754760,0.059392
754805,0.010752
754894,0.05248
754966,0.031232
754977,0.004864
755079,0.038656
755165,0.936448
755305,0.011264
755354,0.000768
755415,0.024576
755444,0.090624
755459,0.0064
755514,0.074752
755559,0.021248
755638,0.148992
755680,0.016128
755732,0.18944
755795,0.255744
755841,0.00256
755886,0.016128
755916,0.064512
755936,0.022784
755986,0.009472
756051,0.009728
756079,0.01152
756118,0.004864
756127,0.090368
756154,0.028672
756201,0.118528
756289,0.002816
756319,0.006912
756337,0.007936
756409,0.310784
756463,0.021504
756474,0.026624
756497,0.011776
756552,0.128512
756669,0.071936
756767,0.058112
756866,0.02176
756914,0.00128
756975,0.135168
756984,0.057856
756988,0.127488
757044,0.140288
757081,0.310272
757223,0.026368
757300,0.22656
757318,0.149248
757367,0.047616
757421,0.001024
757444,0.007168
757491,0.00896
757514,0.006144
757536,0.012544
757565,0.689408
757658,0.01152
757719,0.000256
757759,0.004864
757762,0.049152
757844,0.023296
757861,0.076544
757924,0.02432
757968,0.026112
757999,0.013056
758006,0.000768
758018,0.095488
758056,0.523776
758081,0.107264
758165,0.44672
758179,1.325312
758221,1.486848
758268,0.059648
758307,0.019968
758380,0.063488
758541,0.015104
758599,0.024064
758619,0.032256
758739,1.136384
758816,0.06912
758846,0.103936
758874,0.045312
759050,0.013056
759087,0.019712
759141,0.011776
759199,0.030464
759279,0.028928
759365,0.047872
759376,0.050688
759381,0.153344
759424,0.008192
759426,0.049152
759532,0.021504
759693,0.022528
759807,0.017408
759836,0.035072
759926,0.058624
759963,0.1088
759983,0.737792
759985,0.153856
760033,0.001792
760057,0.238848
760069,0.125696
760186,0.04992
760260,0.04352
760291,0.123648
760330,0.008448
760400,0.006144
760474,0.053248
760543,0.12544
760580,0.018944
760582,0.602624
760650,0.072704
760709,0.021248
760749,0.021504
760778,0.007168
760893,0.028672
760943,0.037632
760958,0.079616
761077,0.006912
761094,0.585984
761168,0.014336
761182,0.032768
761189,0.083712
761221,0.003584
761287,0.001024
761346,0.047616
761362,0.02176
761402,0.068096
761517,0.120576
761642,0.021248
761671,0.004608
761683,0.00128
761766,0.045824
761776,0.194048
761846,0.006656
761880,0.028416
761900,0.051456
761935,0.188416
762034,0.084736
762093,0.010496
762123,0.112896
762186,0.004608
762193,0.050688
762252,0.006656
762280,0.018176
762302,0.051968
762343,0.002304
762379,0.016384
762569,0.001792
762596,0.019712
762611,0.02816
762648,0.005632
762718,0.766464
762818,0.029696
762856,0.068864
762879,0.046848
762950,0.031744
762994,0.004096
763007,0.02816
763048,0.021248
763124,0.013312
763153,0.028416
763184,0.00512
763185,0.017664
763196,0.13568
763332,0.081152
763365,0.034816
763371,0.102912
763413,0.019712
763414,0.036608
763454,0.03072
763564,0.039168
763619,0.223488
763622,0.434688
763687,0.013312
763736,0.022016
763783,0.0064
763815,1.571072
763870,0.251648
763908,0.006912
763945,0.019712
763961,0.119552
764018,0.018432
764035,0.045568
764071,0.813312
764098,0.032768
764192,0.013568
764206,0.055296
764377,0.066048
764472,0.126208
764529,0.029696
764588,0.002048
764611,0.384256
764684,0.044544
764769,0.0576
764775,0.000768
764782,2.523648
764981,0.004864
765073,0.015616
765116,0.028416
765137,0.0128
765157,0.060928
765313,0.029184
765378,0.00768
765474,0.000256
765566,0.007936
765567,0.412672
765612,0.039936
765638,0.00384
765664,0.0256
765742,0.032
765797,0.015104
765847,0.009472
765957,0.005888
766006,0.008192
766017,0.008704
766062,0.052992
766064,0.17664
766102,0.00768
766154,0.025856
766186,0.0
766243,0.001024
766256,0.009216
766294,0.002816
766314,0.004096
766336,0.0832
766377,0.091392
766447,0.008704
766474,0.050688
766478,0.740352
766558,0.0
766577,0.722432
766648,0.032256
766706,0.023808
766747,0.00768
766770,0.019968
766804,0.09344
766833,0.422144
766922,0.12416
766998,0.152576
767022,0.026624
767142,0.005376
767172,0.00128
767260,0.200448
767305,0.160512
767339,0.003584
767375,0.011264
767393,0.006656
767417,0.013824
767457,0.006144
767509,0.025088
767603,0.014848
767674,0.0384
767724,0.129792
767776,1.171968
767778,0.570112
767864,0.022784
767938,0.037632
767960,0.414464
768012,0.069888
768030,0.004608
768073,0.010496
768144,0.021504
768252,0.027904
768262,0.015872
768308,0.02688
768327,0.017408
768363,0.253952
768397,0.00128
768405,0.093696
768427,0.009216
768468,0.045824
768499,0.002816
768527,0.004096
768548,0.027648
768562,0.020736
768636,0.000512
768645,0.017664
768700,0.013056
768710,0.027904
768802,0.006656
768809,0.300544
768872,0.00384
768893,0.018432
768899,0.591104
768978,0.055296
768983,0.00768
769075,0.046336
769139,0.082944
769190,0.014336
769271,0.92672
769311,0.036864
769324,0.037888
769352,0.016384
769358,0.167168
769440,0.009984
769514,0.026368
769520,0.001536
769565,0.0192
769591,0.0768
769687,0.02816
769703,0.004352
769812,0.055808
769839,0.040448
769958,0.005888
770017,0.050176
770096,0.017152
770175,0.029952
770182,0.228352
770191,0.54528
770314,0.03456
770471,0.036864
770494,0.01664
770563,0.007168
770584,0.030976
770626,0.017152
770636,0.08832
770684,0.006656
770706,0.018432
770719,0.00128
770775,0.066304
770779,0.115712
770886,0.00896
770916,0.091904
770935,0.044288
770986,0.040192
771075,0.02432
771098,0.008704
771162,0.0064
771186,0.031744
771301,0.057856
771376,0.101376
771432,0.141824
771499,0.01024
771570,0.011008
771576,0.014336
771611,0.001024
771643,0.006144
771683,0.032512
771754,0.032
771786,0.022528
771839,0.062976
771964,0.053504
772010,0.078336
772047,0.011008
772118,0.03456
772136,0.165376
772141,0.028928
772221,0.019456
772246,0.02048
772268,0.007424
772274,0.054272
772299,0.183296
772388,0.02816
772413,0.021504
772508,0.082944
772547,0.05248
772577,0.32512
772744,0.001024
772809,0.01664
772824,0.001792
772847,0.265216
772933,0.020736
772940,0.412928
773006,0.003584
773053,0.000768
773092,0.019968
773109,0.839168
773221,0.123136
773246,0.004352
773278,0.035328
773338,0.061184
773420,0.022784
773423,0.019456
773474,0.203264
773526,0.032
773576,0.041984
773604,0.062464
773677,0.031488
773693,2.420736
773766,0.050176
773776,0.226048
773791,0.708864
773871,0.210688
773925,0.009984
773974,0.00512
774001,0.043264
774082,0.064768
774140,0.009728
774206,0.006144
774356,0.03712
774381,1.469952
774390,0.064768
774522,0.037888
774523,0.273664
774619,0.039936
774737,0.044544
774752,0.026368
774769,0.001024
774895,0.079872
774938,0.018944
774965,0.001536
775027,0.073984
775056,0.119296
775187,0.004352
775212,0.169728
775228,0.022016
775246,0.066048
775309,0.028672
775323,0.0896
775362,0.01536
775391,0.307968
775416,0.000512
775451,0.028672
775493,0.043264
775503,0.023296
775513,0.337664
775525,8.956416
775592,0.03968
775599,0.335872
775643,0.050944
775668,0.022528
775738,0.089856
775776,0.014592
775806,0.021248
775869,0.026368
775944,0.030464
775991,0.028928
776164,0.01536
776176,0.25216
776218,0.040704
776256,0.033024
776328,0.011008
776358,99.884032
776464,0.1344
776585,0.145408
776645,0.001024
776647,0.057088
776730,0.024576
776765,0.06016
776781,0.359168
776850,0.026624
776866,0.018688
776880,0.054272
777016,0.050688
777114,0.130304
777136,0.01024
777239,0.056576
777260,0.035328
777283,0.031232
777408,0.99968
777531,0.049664
777570,0.060416
777603,0.097536
777635,0.057856
777720,0.091904
777843,0.022528
777888,0.04096
777974,0.024576
777982,0.206592
777991,0.134656
778087,0.06912
778211,0.212736
778223,0.107008
778278,0.099072
778367,0.040192
778402,0.018176
778410,0.001792
778503,0.004608
778523,0.617984
778565,0.020736
778578,0.022272
778606,0.076032
778636,0.177664
778706,0.035584
778750,0.044544
778796,0.015872
778840,0.016896
778882,0.280576
778894,0.035584
778959,0.425984
779091,0.00128
779247,0.020224
779274,0.0064
779277,0.002816
779553,0.007424
779585,0.051456
779611,0.000768
779651,0.004864
779758,0.008192
779764,0.170496
779776,0.314624
779788,0.060416
779873,0.045312
779908,0.090112
779918,0.010496
779966,0.14464
779988,0.02176
780023,0.014336
780063,0.050944
780069,0.050432
780124,0.002816
780131,0.323584
780160,0.14208
780167,0.054272
780215,0.002816
780241,0.07424
780273,0.01664
780290,0.483584
780358,0.00128
780374,0.00896
780380,8.36864
780478,0.006656
780576,0.002304
780588,0.056064
780646,0.018432
780695,0.086528
780789,0.01536
780857,0.0192
780883,0.00384
780885,0.0
780963,0.036352
780984,0.089088
781010,0.01152
781036,0.027392
781071,0.058112
781088,0.015616
781147,0.285696
781230,0.03968
781270,0.01024
781273,0.028672
781308,0.008192
781332,0.099328
781386,0.013312
781409,0.125952
781502,0.00512
781579,0.329728
781584,0.462336
781718,0.14592
781757,0.017152
781761,0.013312
781862,0.04224
781896,0.042752
781907,0.017408
781933,0.034048
781981,0.046848
782010,0.074752
782060,0.006912
782079,0.029184
782160,0.06272
782190,0.096768
782227,0.013056
782307,4.190464
782471,0.014848
782508,0.004352
782611,0.264192
782673,0.009472
782731,0.013824
782742,0.02944
782780,1.49376
782840,0.005888
783006,0.000768
783023,0.0704
783045,0.790528
783168,0.005376
783191,0.43008
783229,0.147968
783345,0.046848
783366,0.009728
783381,0.251904
783386,0.0192
783425,0.037632
783471,0.011776
783553,0.002304
783569,0.145152
783683,0.15616
783684,0.61312
783788,0.022528
783801,0.013056
783806,0.032
783941,0.041984
783964,0.036352
784056,0.0128
784113,0.132608
784189,0.020736
784281,0.115456
784466,1.257216
784509,0.011264
784670,0.001024
784686,0.021504
784701,0.075008
784744,0.069888
784776,0.006912
784818,0.08448
784864,0.064768
784946,0.005632
784990,0.075008
785078,0.051968
785173,0.003328
785179,0.004352
785184,0.06784
785194,0.0192
785241,0.066816
785258,0.024832
785493,0.520192
785539,0.090368
785607,0.019456
785681,0.004608
785707,0.101632
785768,0.039936
785881,0.024832
785901,0.099584
786014,0.086272
786110,0.000256
786144,0.129024
786194,0.156672
786203,0.010496
786354,1.176576
786378,0.002816
786409,0.0064
786483,0.025088
786507,0.027904
786546,0.128
786581,0.037888
786747,0.123136
786802,0.004864
786828,0.073984
786955,0.077568
786965,0.171008
786980,0.117504
787059,0.0832
787183,0.120832
787220,0.000256
787274,0.026112
787299,0.1344
787313,0.000768
787351,0.05888
787393,0.045824
787404,0.032768
787436,0.026624
787562,0.178944
787634,0.117504
787758,0.304896
787793,0.01664
787808,0.077568
787909,0.031488
787921,0.006656
787994,0.02688
788013,0.057856
788073,0.085248
788082,0.358144
788133,0.011776
788144,0.008704
788176,0.051456
788254,0.016896
788296,0.046848
788314,0.009216
788372,0.001792
788401,0.01536
788557,0.011008
788624,0.068608
788646,0.058112
788779,0.110336
788817,0.109056
788874,0.495104
788920,0.01024
788938,0.039424
788988,0.087552
789017,0.066048
789058,0.011264
789097,0.016128
789134,0.017152
789169,0.19584
789189,0.001536
789219,0.278784
789239,0.08192
789289,0.114176
789319,0.191744
789329,0.137216
789359,0.03584
789379,0.567808
789419,0.3264
789439,0.4224
789459,0.216576
789469,0.100864
789489,0.044288
789499,0.035328
789509,0.301312
789529,0.342784
789569,0.439296
789579,0.001792
789599,0.381952
789619,0.129792
789629,0.135936
789639,0.356864
789659,0.41344
789669,0.315904
789689,0.415232
789709,0.402688
789739,0.892416
789769,0.28032
789779,0.19456
789799,0.469248
789819,0.539648
789869,0.863232
789929,0.068096
789953,0.83328
789979,1.132544
790132,0.187392
790209,0.0256
790235,0.01024
790260,0.01152
790289,0.046336
790356,0.076288
790360,0.675584
790494,0.031232
790502,0.15616
790576,0.185088
790579,4.005632
790586,7.830016
790734,0.12416
790766,0.061696
790831,0.33024
790873,0.017408
790901,0.056064
790942,0.070144
791047,0.00256
791117,0.014592
791178,0.684544
791199,0.060416
791240,0.033024
791261,2.242816
791312,0.06144
791343,0.01792
791375,0.039936
791459,0.027904
791505,0.004864
791515,0.096768
791570,0.061952
791615,0.119552
791672,0.01024
791674,0.030976
791711,0.016384
791747,0.0192
791765,0.144128
791823,0.224512
791828,0.325376
791889,0.008448
791931,0.00896
791941,0.007936
791960,0.672768
792152,0.02816
792172,0.038912
792217,0.06144
792246,0.030208
792297,0.126208
792437,0.005888
792478,0.064768
792505,0.002048
792521,0.031488
792535,0.066304
792609,0.002048
792681,0.03712
792857,0.07424
792965,0.897792
793082,0.023296
793100,0.007936
793113,0.08832
793226,0.050176
793254,0.02816
793468,0.016384
793486,0.040704
793543,0.08704
793576,0.227072
793617,0.081664
793670,0.00896
793671,1.3504
793716,0.109056
793832,0.007936
793882,0.0192
793909,0.061184
793917,0.039424
794015,0.04736
794078,0.01792
794135,0.02432
794182,2.135808
794248,0.006656
794255,0.035072
794307,0.0128
794384,0.014336
794430,0.012288
794475,0.041472
794616,0.023296
794686,0.011264
794725,0.009728
794739,0.037632
794766,0.497664
794780,0.12416
794781,0.765696
794961,0.00128
794972,0.036096
795038,0.04992
795118,0.047104
795202,0.036608
795232,0.019712
795365,0.461568
795387,0.153856
795573,0.035328
795590,0.01024
795688,0.027392
795719,1.593088
795823,0.015104
795980,0.209664
796031,0.006656
796056,0.008448
796102,0.03328
796120,0.026112
796155,0.002816
796191,0.004608
796202,0.009984
796238,0.023552
796260,0.021504
796306,0.043776
796333,0.01536
796371,0.022016
796375,0.02176
796443,0.066304
796522,0.018176
796576,0.02304
796578,0.895744
796672,0.02688
796684,0.097536
796717,0.016128
796801,0.001792
796803,0.02048
796834,0.018176
796841,0.006912
796873,0.046592
796901,0.02176
796922,0.037376
797130,0.022272
797164,0.000512
797166,0.003328
797181,0.015872
797184,13.259776
797265,0.001536
797385,0.049408
797462,0.017408
797464,0.11904
797484,0.511232
797582,0.03584
797699,0.04608
797785,1.180928
797841,0.03072
797894,0.002304
798043,0.04736
798060,0.071168
798191,0.063232
798307,0.01408
798344,0.027904
798349,0.017664
798410,0.137984
798638,0.035328
798652,0.05248
798693,0.002304
798743,0.018688
798780,0.001024
798868,0.012032
798918,0.033792
798970,0.004352
798990,0.068864
799001,0.015616
799050,0.019456
799057,0.005376
799071,0.038144
799118,0.010752
799147,0.016384
799243,0.044544
799266,0.008192
799315,0.002816
799332,0.060416
799401,0.046592
799429,0.230656
799487,0.113664
799537,0.045568
799572,0.027648
799583,0.111872
799585,0.748288
799671,0.079872
799775,0.007936
799809,0.027648
799860,0.05888
799863,0.088832
799923,0.010752
799993,0.026624
800049,0.58368
800118,0.01152
800156,0.000256
800164,2.513152
800234,0.94592
800300,0.06528
800403,0.02176
800543,0.003072
800546,0.000256
800593,0.032
800608,0.097536
800649,0.092416
800732,0.046336
800760,0.004864
800858,0.020736
800885,0.013824
801095,0.06528
801158,0.131072
801174,0.04736
801229,0.28928
801380,0.203776
801431,0.043264
801455,0.077312
801548,0.005632
801596,0.058368
801643,0.036608
801674,0.292864
801704,0.065536
801821,0.009728
801894,0.044288
801967,0.031232
802009,0.00128
802084,0.027648
802122,0.022016
802142,0.012544
802302,0.303872
802420,0.01152
802454,0.05248
802534,0.014336
802578,0.049408
802624,0.023296
802667,0.016384
802699,0.0448
802766,0.050176
802805,0.012544
802897,0.415488
802918,0.50048
803010,0.001024
803186,0.037888
803394,0.003072
803400,0.001536
803425,0.022272
803454,0.033536
803501,0.044544
803535,0.013312
803563,0.070912
803582,0.07168
803648,0.185088
803727,0.004352
803766,0.411392
803786,0.30848
803838,0.022272
803876,0.18304
803878,0.024576
803912,0.19328
804007,0.062976
804095,0.023552
804112,0.00768
804124,0.045056
804140,0.166144
804297,0.003072
804301,0.627968
804353,0.03712
804457,0.017152
804475,0.0192
804494,0.02816
804546,0.303104
804563,0.001024
804613,0.5888
804665,0.007168
804673,0.021504
804737,0.005376
804808,0.023296
804876,0.009216
804891,0.02048
804926,0.0
804965,0.0384
804979,0.04992
804990,0.6848
805220,0.008192
805268,0.024576
805308,0.022016
805331,0.009216
805471,0.085248
805577,0.033536
805607,0.049408
805697,0.62848
805817,0.020736
805868,0.054784
805889,0.06656
805941,0.0064
805950,0.25344
805986,0.127232
806078,0.081408
806177,0.017664
806184,0.2496
806271,0.244992
806311,0.044032
806448,0.022784
806481,0.128768
806513,0.022016
806529,0.837376
806628,0.129536
806694,0.023296
806731,0.045312
806866,0.024064
806904,0.027136
806914,0.029184
806977,0.33408
806999,0.12032
807058,0.004864
807114,0.037632
807141,0.003328
807169,0.0128
807209,0.009216
807238,0.07424
807268,0.002304
807364,1.955328
807558,0.019968
807581,0.020992
807610,0.006656
807813,0.013312
807947,0.0128
807979,0.011264
808019,0.056576
808231,0.058112
808266,0.031744
808304,0.0128
808319,0.050432
808396,0.147712
808446,0.041472
808484,0.013056
808503,0.03328
808552,0.01024
808584,0.168704
808659,0.04608
808696,0.011008
808728,0.018432
808760,0.00128
808813,0.044288
808934,0.073216
808994,0.022272
809021,0.002816
809023,0.04096
809069,0.134912
809103,0.02432
809118,0.050688
809206,0.132096
809249,0.0256
809256,0.00384
809326,0.201728
809388,0.008704
809426,0.003072
809474,0.029184
809582,0.77568
809713,0.02304
809758,0.265216
809765,0.366336
809793,2.253056
809818,0.032768
809864,0.01024
809964,0.025088
810077,0.196608
810156,0.009216
810210,0.013312
810214,0.102656
810380,0.050944
810388,0.109056
810442,0.029952
810453,1.024
810510,0.00384
810524,0.018688
810538,0.004608
810635,0.001536
810636,0.047616
810689,0.084992
810737,0.009472
810773,0.365056
810834,0.121344
810890,0.003072
810965,0.024064
811126,0.012288
811165,0.109312
811202,0.075776
811206,0.064
811238,0.096256
811325,0.647424
811373,0.062208
811387,0.512768
811432,0.01536
811461,0.012032
811525,0.005376
811559,0.105216
811576,0.058368
811580,1.505024
811693,0.002304
811794,0.00128
811826,0.780544
811923,0.009472
812029,0.01792
812082,0.010752
812120,0.02048
812171,0.030208
812177,0.185088
812179,0.150528
812277,0.09856
812330,0.007168
812345,0.017152
812414,0.2944
812497,0.05632
812512,0.016128
812553,0.039168
812597,0.003584
812673,0.056832
812681,0.061696
812707,0.01152
812731,0.095232
812762,0.06528
812779,1.112064
812836,0.02432
812890,0.659968
812936,0.011008
813022,0.00512
813228,0.009984
813242,0.00896
813291,0.038912
813359,0.082688
813467,0.004352
813477,0.036352
813558,0.007168
813676,0.02176
813710,0.015104
813814,0.04736
813926,0.030208
813965,0.175104
813988,0.027136
814024,0.020736
814077,0.017664
814143,0.043264
814300,0.063744
814334,0.107008
814366,0.078592
814403,0.005632
814437,0.00384
814544,0.06912
814565,0.174336
814586,0.07424
814667,0.0448
814694,0.039168
814731,0.018688
814770,0.058368
814793,0.034816
814811,0.04352
814830,0.118272
814856,0.028416
815003,0.022016
815073,0.012544
815092,0.073728
815137,0.003584
815158,0.012032
815176,0.041984
815178,1.96608
815215,1.11616
815360,0.622848
815432,0.06016
815441,0.030208
815480,0.021248
815487,0.21888
815574,0.000256
815628,0.009728
815655,0.03328
815764,1.019136
815793,0.730112
815824,0.015872
815861,0.049664
815944,0.139776
816068,0.030976
816112,0.004096
816122,0.043776
816133,0.112384
816159,0.0
816180,0.072448
816220,0.070912
816269,0.0256
816289,0.006912
816431,0.025344
816454,0.308224
816477,0.091904
816538,0.081664
816620,0.03072
816766,0.14464
816789,0.002304
816845,0.511488
816903,0.001024
816932,0.058112
816984,0.921856
816987,1.256192
817136,0.096
817228,0.004352
817250,0.005632
817309,0.004352
817313,0.088832
817337,0.052224
817413,0.00896
817445,0.028416
817500,0.008192
817540,0.057344
817565,0.146432
817584,0.231168
817595,1.890304
817686,0.014848
817706,0.151296
817774,0.041984
817788,0.031488
817815,0.045312
817829,0.024832
817891,0.021248
817933,0.077824
817953,0.019712
817959,0.044544
818063,0.026112
818116,0.126976
818178,0.184832
818214,0.039936
818266,0.004608
818297,0.014336
818542,0.126208
818670,0.030464
818679,0.051712
818701,0.207616
818765,0.085248
818787,0.180992
818788,0.052224
818791,1.260288
818914,0.005888
818922,0.228864
818976,0.094464
818984,0.031488
819014,0.02432
819077,0.013056
819104,0.0448
819123,0.020736
819148,0.018944
819172,0.004608
819203,0.017408
819206,0.027136
819364,0.034048
819413,0.012032
819426,0.000256
819528,0.454912
819642,0.007936
819678,0.034048
819710,0.093184
819843,0.00256
819859,0.022528
819918,0.001792
819943,0.053248
819952,0.231168
820006,0.03328
820091,0.001024
820119,0.003328
820168,0.30208
820383,0.034816
820488,0.026624
820517,10.774272
820592,0.339968
820656,0.007168
820661,0.539904
820717,0.0
820728,0.044032
820767,0.003584
820795,0.019968
820828,0.168448
820855,0.06016
820898,0.014848
820917,0.356352
820960,0.002048
820989,0.017664
821076,0.027904
821123,0.171264
821146,0.058368
821176,0.189696
821245,0.039424
821300,0.032512
821344,0.088064
821367,0.01792
821409,0.041984
821452,0.024832
821514,0.01024
821537,0.079872
821553,0.03968
821645,0.04864
821665,0.034816
821704,0.027136
821715,0.13824
821764,0.152064
821809,0.01536
821837,0.150528
821873,0.4352
821938,0.012288
821977,0.030464
822016,0.004096
822050,0.001792
822138,0.006912
822192,0.035328
822200,0.014336
822221,0.003584
822298,0.003328
822365,0.001024
822407,0.038656
822415,0.007936
822466,0.00896
822481,0.007424
822490,0.048896
822540,0.037888
822554,0.007424
822559,0.11264
822607,0.034048
822660,0.013312
822690,0.003584
822711,0.013312
822726,0.001792
822797,4.455424
822879,0.072192
822920,0.03712
822964,0.054528
822965,0.275712
822976,0.000256
822977,2.756096
823074,0.017152
823128,0.533248
823206,0.023552
823223,0.06784
823337,0.107008
823427,0.050176
823472,0.01536
823493,0.006656
823498,0.035584
823530,0.21248
823564,0.036608
823579,0.133632
823656,0.039168
823667,0.091904
823693,0.075008
823723,0.008192
823744,0.058112
823788,0.138496
823873,0.0064
823913,0.05888
823923,0.016128
823969,0.081408
824008,0.025088
824021,0.035328
824089,0.039168
824163,0.018688
824176,0.091392
824274,0.03712
824400,0.004608
824459,0.058368
824628,0.031744
824719,0.020224
824786,0.37248
824831,1.054464
824915,0.28544
824928,0.452352
825004,0.016896
825194,0.001024
825224,0.004096
825271,0.047872
825299,0.007168
825364,0.008704
825390,0.079872
825394,0.543232
825442,0.012288
825468,0.102912
825513,0.013056
825518,0.059904
825655,0.08192
825682,0.00128
825732,0.050688
825743,0.05376
825793,0.004608
825815,0.073984
825865,0.143616
825879,0.002304
826014,0.272128
826090,0.004352
826097,0.056832
826117,0.1088
826147,0.000256
826164,0.021504
826199,0.002304
826225,0.002816
826376,0.002816
826414,0.009216
826474,0.033792
826534,0.025344
826585,0.115456
826636,0.009984
826681,0.22656
826709,0.0448
826720,0.004864
826750,0.00768
826751,0.2432
826817,0.157696
826932,0.025344
827063,0.320768
827163,0.307456
827167,0.333824
827181,0.751872
827298,0.002048
827359,0.01792
827379,0.00384
827409,0.004352
827464,0.001024
827519,0.090624
827575,0.0
827649,0.631552
827766,0.15488
827787,0.080896
827789,0.283392
827858,0.1152
827916,0.050944
827929,0.017152
827992,0.003072
827999,0.027904
828003,0.099584
828085,0.052992
828115,0.02048
828134,0.00128
828179,0.011776
828196,0.029696
828224,0.003584
828322,0.034304
828364,0.021248
828383,0.069632
828459,0.051456
828525,0.058368
828566,0.00384
828771,0.01664
828805,0.038144
828911,0.097792
828953,0.619008
829060,0.227584
829133,0.010496
829230,0.014336
829343,0.0064
829444,0.003584
829564,0.88704
829584,0.267008
829631,0.012544
829652,0.0192
829683,0.193792
829923,0.004864
829967,0.0192
829995,0.007168
830034,1.232384
830165,0.281856
830181,0.64768
830213,0.704512
830258,0.017664
830439,0.163328
830555,0.005888
830601,0.057088
830635,0.013824
830655,0.051456
830726,0.00768
830740,0.022784
830775,0.320512
830872,0.009728
830913,0.026368
830997,0.011776
831030,0.030976
831051,0.305408
831121,0.007936
831162,0.073984
831215,0.004608
831235,0.054528
831313,0.001792
831342,0.012544
831365,0.00896
831378,0.464384
831385,2.172416
831451,0.040448
831586,0.043008
831596,0.2816
831606,0.55424
831646,0.570112
831666,0.327936
831686,0.525824
831706,0.073216
831716,0.164608
831736,0.939264
831746,0.235264
831766,0.412672
831776,0.280064
831786,0.940032
831796,0.392704
831833,1.878528
831907,0.061696
831916,0.189184
831963,0.066816
832081,0.002048
832095,0.012288
832124,0.248576
832153,0.03072
832186,0.019456
832217,0.006144
832228,0.059648
832274,0.001024
832292,0.078848
832305,0.002048
832342,0.021504
832401,0.11392
832421,0.01536
832546,0.0064
832565,0.03584
832580,0.184064
832628,0.01664
832657,0.075264
832697,0.03584
832727,0.125696
832745,0.050688
832779,0.003584
832894,0.046592
832903,0.176128
832951,0.359936
833056,0.024832
833084,0.008192
833187,0.009728
833253,0.027648
833266,0.034304
833358,0.002304
833377,0.119808
833414,0.01024
833422,0.060672
833769,0.001536
833775,0.13056
833794,0.009472
833854,0.146688
833896,0.022272
833962,0.01152
833990,0.056832
833991,0.351744
834056,0.769792
834118,0.001024
834159,0.00256
834194,0.014592
834321,0.103936
834359,0.019456
834378,0.060416
834380,0.297216
834493,0.006144
834508,0.079872
834532,0.179712
834592,0.01408
834642,0.058112
834677,0.016896
834684,0.018688
834821,0.005632
834829,0.118016
834878,0.326912
834919,0.028928
834932,0.153856
834974,0.092672
834990,0.102656
835003,0.399872
835024,0.298752
835102,0.46336
835113,0.068096
835158,0.04352
835226,0.004864
835251,0.025856
835423,0.016896
835520,0.028672
835589,0.017152
835627,0.290048
835721,0.160256
835766,0.009216
835822,0.017152
835940,0.609536
836050,2.2272
836120,0.000768
836178,0.096768
836187,0.047872
836286,0.003584
836301,0.006144
836341,0.2048
836402,0.00256
836410,0.056832
836473,0.037632
836499,0.061952
836554,0.103936
836618,0.020224
836619,0.042496
836652,0.040448
836706,0.004096
836766,0.056576
836774,0.220672
836837,0.176384
836922,5.549056
836990,0.05632
837004,0.056832
837075,0.151296
837092,0.3328
837130,0.079616
837165,0.004608
837210,0.02688
837233,0.042752
837254,0.028416
837343,0.172032
837364,0.893184
837418,0.004608
837569,0.003328
837732,0.101376
837784,0.00512
837800,0.00256
837878,0.008448
837896,0.345344
837924,0.010752
837975,0.007168
838025,0.01152
838040,0.012544
838069,0.060928
838126,0.054016
838221,0.05248
838234,0.18944
838315,0.043776
838349,0.30848
838374,0.032768
838387,0.090368
838458,0.029696
838488,0.002048
838534,0.078848
838565,0.107264
838578,0.059392
838586,0.038656
838700,0.005376
838745,0.004096
838776,0.0576
838895,0.023552
838986,0.039168
839067,0.408832
839164,0.002048
839176,0.121088
839230,0.002304
839309,0.008192
839326,0.094464
839360,0.08448
839424,0.664064
839445,0.562432
839482,0.00896
839652,0.48
839706,0.063232
839790,0.307968
839829,0.091136
839848,0.067328
839953,0.009728
839997,0.327424
840102,0.01152
840157,0.0384
840220,0.042496
840266,0.015616
840284,0.264704
840378,0.003584
840442,0.008192
840501,0.000512
840595,0.042752
840610,0.21376
840630,0.004096
840676,0.024064
840694,0.0448
840710,0.018432
840757,0.005888
840839,0.013312
840983,0.019456
841035,0.061184
841059,0.020224
841095,0.022528
841139,0.03584
841185,0.017152
841255,0.037376
841383,0.016896
841436,0.377088
841515,0.000256
841523,0.018432
841588,0.02688
841615,0.009984
841622,0.01792
841662,0.022528
841681,0.003328
841704,0.646912
841801,0.024576
841913,0.13952
841935,0.053248
841985,0.02432
841994,0.057856
842014,0.006656
842054,0.17536
842067,0.137984
842126,0.016896
842138,0.039168
842146,0.062976
842155,0.091136
842178,0.533504
842302,0.695552
842354,0.23296
842378,0.685568
842379,5.253376
842457,0.09856
842476,0.005632
842526,0.006912
842532,0.03456
842544,0.292864
842603,0.04608
842646,0.05376
842673,0.009216
842698,0.007936
842774,0.067072
842824,0.009472
842853,0.073728
842893,0.026624
842923,0.024064
842931,0.134144
842990,0.00896
843018,0.037376
843075,0.047616
843141,0.0512
843178,0.04608
843279,0.044544
843428,0.1344
843465,0.008192
843472,0.966656
843492,0.721664
843569,0.032256
843594,0.036864
843662,0.011776
843721,0.01408
843752,0.6208
843776,0.030208
843842,0.003584
843922,0.040704
843975,0.066048
844072,0.04608
844144,0.017664
844190,0.041728
844237,0.010752
844267,0.000512
844337,0.25088
844453,0.00896
844467,0.002048
844564,0.00256
844579,0.025856
844659,0.030976
844689,0.017664
844701,0.087808
844733,0.002816
844748,0.006912
844864,0.441088
844941,0.039424
845068,0.055296
845155,0.013568
845176,0.0
845257,0.011776
845275,0.306688
845300,0.25088
845390,0.039424
845403,0.018176
845476,0.031488
845511,0.105472
845660,0.056064
845695,0.004864
845723,0.001024
845728,0.004352
845772,0.044544
845798,0.795904
845838,0.132864
845840,0.3648
845930,0.014592
846022,0.095488
846070,0.00256
846135,0.015872
846190,0.040448
846212,0.004096
846317,0.00256
846375,0.027904
846380,0.001792
846386,0.352768
846442,0.05248
846481,0.006912
846525,0.062976
846554,0.04096
846615,0.031744
846632,0.020736
846634,0.009216
846662,0.00256
846694,0.155392
846835,0.002048
846853,0.026368
846877,0.00896
846886,0.02304
846949,0.01408
846964,0.035328
847010,0.484352
847046,0.016384
847177,0.076032
847324,0.000768
847394,0.187136
847446,0.005632
847465,0.009728
847515,0.03072
847552,0.779776
847683,0.006912
847756,0.018176
847832,0.2176
847886,0.009472
847932,0.008704
847983,0.270592
848019,0.121088
848057,0.002048
848164,0.024576
848183,0.067072
848267,0.108288
848319,0.588032
848405,0.045056
848553,0.027392
848650,0.190464
848792,0.003328
848839,0.05248
848854,0.0128
848943,0.003584
848989,0.056064
848998,1.000704
849009,1.273088
849090,0.013056
849108,0.03072
849126,0.071424
849169,0.146176
849242,0.0704
849266,0.18688
849318,0.007168
849376,0.072192
849400,0.3328
849577,0.02304
849743,0.000512
849769,0.03712
849772,0.0
849846,0.122624
849897,0.020992
849909,0.048384
849986,0.336384
850094,0.046336
850122,0.695552
850192,0.020992
850224,0.12672
850278,0.040192
850346,0.002304
850381,0.003584
850400,0.009472
850432,0.016384
850555,0.08704
850574,0.040448
850581,0.086528
850605,0.035584
850659,0.059648
850808,0.10496
850826,0.018432
850888,0.002816
850892,0.009472
850914,0.009216
850944,0.048896
850954,0.036096
851021,0.039936
851037,0.141056
851109,0.261888
851161,0.131328
851296,0.06528
851307,0.024832
851311,0.019456
851338,0.030208
851418,0.00768
851453,0.001792
851464,0.029184
851533,0.19072
851544,0.044544
851730,0.182784
851763,0.008448
851782,1.012736
851855,0.074496
851870,0.165888
851900,0.58752
851940,0.028672
851956,0.075008
851960,0.416256
851997,0.02688
852025,0.015104
852097,0.0192
852164,0.08704
852187,0.01664
852251,0.068608
852324,0.00128
852339,0.060416
852383,1.621248
852438,0.087552
852496,0.00128
852586,0.018432
852608,0.03072
852688,0.02304
852726,0.310272
852746,0.01792
852832,0.014336
852910,0.007168
852934,0.00512
852964,0.333312
852979,0.092672
853081,0.018432
853126,0.073216
853166,0.08832
853241,0.05248
853301,0.003328
853352,0.004608
853395,0.48768
853443,0.063744
853565,5.117952
853715,0.027392
853886,0.0
853918,0.057088
854061,0.005376
854116,0.022272
854125,0.085248
854155,0.064768
854165,0.077312
854192,0.036864
854274,0.005632
854435,0.008192
854461,0.762368
854558,0.02048
854589,0.00256
854703,0.014336
854772,0.003072
854777,0.11008
854789,0.271616
854875,0.302336
854946,0.05888
855074,0.41088
855104,0.065536
855123,0.089344
855205,0.018944
855209,0.072448
855214,0.06144
855364,0.088064
855384,0.227584
855412,0.107264
855489,0.005376
855497,0.001536
855537,0.166144
855570,0.06528
855664,0.118016
855697,0.022528
855707,0.757248
855826,0.032
855870,0.013568
855876,0.122624
855953,0.024576
855980,0.137472
856026,0.027136
856089,0.017664
856293,0.031744
856299,0.255744
856386,0.067584
856478,0.045312
856559,0.000768
856577,0.18304
856584,0.944896
856625,0.003328
856653,0.03712
856683,0.004864
856721,0.018944
856727,0.044032
856748,0.015616
856777,0.014848
856780,0.598016
856860,0.02944
856871,0.047104
856872,0.516608
856954,0.022784
857014,0.006656
857018,0.013568
857072,0.091904
857098,0.711168
857166,0.06144
857189,0.006912
857249,0.285952
857321,0.020224
857324,0.056832
857427,0.013824
857584,0.09984
857776,0.161792
857777,0.742912
857868,0.031744
857962,0.926464
858035,0.0896
858079,0.383232
858111,0.0064
858156,0.194048
858224,0.00768
858236,0.021504
858309,0.04352
858329,0.016128
858376,0.01024
858396,0.020224
858453,0.008704
858546,0.298496
858565,0.062976
858609,0.027392
858650,0.00896
858689,1.037824
858738,0.017664
858922,0.004864
859048,0.009216
859166,0.02944
859206,0.00384
859223,0.007936
859234,0.008192
859286,0.051712
859300,0.130304
859343,0.005632
859414,0.009984
859469,0.00128
859506,0.063744
859512,0.003584
859566,0.021504
859586,0.04096
859681,0.015616
859694,0.047872
859729,0.061952
859826,0.031232
859846,0.038656
859897,0.018432
859974,0.00768
860036,0.022016
860102,0.009216
860162,0.090112
860164,0.422912
860196,0.09344
860304,0.016384
860345,0.003328
860348,0.057856
860392,0.005376
860395,0.004352
860436,0.013312
860446,0.016384
860476,0.002048
860609,0.016384
860644,0.275712
860685,0.034048
860707,0.013824
860782,0.587264
860881,0.020736
860905,0.033024
861040,0.006144
861093,0.0064
861100,0.073728
861197,0.078592
861240,0.004352
861262,0.00768
861332,0.04352
861385,0.060672
861387,0.051712
861436,0.01024
861582,0.014848
861656,0.082432
861706,0.027392
861724,0.00768
861740,0.01408
861826,0.087552
861866,0.018944
861979,0.325888
862097,0.027392
862129,0.046336
862167,0.002304
862177,0.027136
862356,0.024576
862418,0.00512
862441,0.020736
862531,0.004608
862564,0.000256
862567,0.040704
862580,0.08576
862589,1.271552
862647,0.129024
862701,0.003072
862838,0.209408
862913,0.016384
862931,0.080384
862988,0.002048
863056,0.084736
863091,0.015872
863199,0.034048
863277,0.046336
863310,0.002816
863373,0.104192
863407,0.608256
863440,0.066304
863601,0.041984
863665,0.006656
863734,0.026368
863767,0.073472
863799,0.045056
863809,0.025856
863836,0.014592
863880,0.156928
863900,0.01408
863928,0.053248
863960,0.165888
