sequence_number,time_taken_to_correct_ms
2,0.076473
4,0.031466
33,0.024708
80,0.000338
111,0.101767
201,0.094327
271,0.066209
321,0.010335
346,0.098884
361,0.007573
407,0.119091
459,0.029079
500,0.074857
508,0.037614
553,0.011121
570,0.058148
614,0.001608
646,0.111407
664,0.022222
715,0.020762
769,0.006732
825,0.006747
894,0.091916
960,0.085484
963,0.026301
1033,0.01803
1060,0.013218
1122,0.123738
1136,0.024047
1172,0.015796
1233,0.026517
1283,0.022968
1361,0.003511
1379,0.046454
1410,0.028531
1499,0.033467
1558,0.131096
1569,0.285697
1625,0.076503
1645,0.005688
1735,0.019054
1749,0.05604
1754,0.049721
1821,0.026109
1865,0.333153
1885,0.00891
1960,0.014276
1994,0.064078
2083,0.030559
2085,0.080008
2128,0.002814
2235,0.020045
2255,0.106545
2371,0.056407
2399,0.032853
2438,0.013573
2498,0.002877
2523,0.086034
2573,0.014987
2587,0.035281
2606,0.001347
2612,0.000154
2635,0.007093
2653,0.006957
2657,0.01966
2660,0.414958
2696,0.000493
2724,0.043732
2756,0.080164
2762,0.140087
2815,0.034444
2893,0.000304
2895,0.004301
2926,0.064402
2979,0.119061
3033,0.121904
3054,0.037301
3133,0.042444
3332,0.021138
3357,0.025514
3455,0.036076
3502,0.016279
3523,0.044018
3563,0.045896
3638,0.070734
3646,0.048233
3714,0.033401
3783,0.015157
3841,0.056437
3855,0.479988
3893,0.029809
3928,0.065545
3938,0.327292
3961,0.004912
3989,0.185435
3993,0.159678
4039,0.062517
4060,0.010887
4067,0.309668
4140,0.001072
4142,0.034821
4216,0.026936
4256,0.026882
4348,0.0069
4436,0.002753
4458,0.048559
4545,1.539442
4648,0.012054
4737,0.020986
4747,0.011295
4823,0.133029
4856,0.015468
4888,0.027065
4961,0.026061
4994,0.00573
5123,0.007017
5133,0.01634
5158,0.590565
5182,0.033018
5224,0.04324
5227,0.099932
5243,0.015531
5315,0.006281
5321,0.028042
5357,0.003371
5429,0.021187
5477,0.002749
5605,0.128263
5655,0.020461
5685,0.001736
5714,0.048952
5733,0.063574
5746,2.699778
5967,0.047162
5987,0.044784
6042,0.009775
6068,0.088181
6104,0.043268
6114,0.391698
6180,0.109288
6204,0.041005
6276,0.012408
6315,0.149251
6345,0.070622
6361,0.031294
6419,0.012122
6432,0.014279
6476,0.01006
6528,0.018847
6558,0.019465
6595,0.0198
6615,0.081178
6658,0.042774
6677,0.007856
6705,0.036163
6726,0.061052
6742,0.721556
6778,0.041002
6871,0.007226
6885,0.018522
6952,0.040615
6973,0.051882
7005,0.060315
7137,0.047263
7151,0.001671
7163,0.028024
7235,0.011932
7311,0.047472
7324,0.155817
7388,0.000217
7411,0.007782
7434,0.373229
7478,0.008039
7517,0.08933
7545,0.083221
7560,0.017713
7567,0.062237
7629,0.006637
7653,0.036084
7694,0.177572
7730,0.08863
7751,0.117814
7788,0.00161
7895,0.003916
7933,0.027363
7990,0.000742
8081,0.008476
8128,0.011626
8159,0.000977
8202,0.066154
8210,0.024345
8329,0.009083
8372,0.143767
8451,0.001129
8628,0.032277
8631,0.235357
8707,0.001525
8727,0.006909
8744,0.037507
8753,0.058149
8759,0.38172
8765,1.075568
8787,0.065175
8826,0.108853
8905,0.082125
8918,0.002453
8943,0.170837
9055,0.807881
9159,0.008475
9170,0.082041
9223,0.011984
9246,0.016991
9319,0.077792
9353,0.062792
9432,0.119262
9521,0.035798
9619,0.020096
9633,0.092052
9656,0.42624
9705,0.003152
9713,0.473675
9796,0.134124
9851,0.011372
9890,7.1e-05
9921,0.01191
9957,1.346922
10048,0.004608
10087,0.011912
10131,0.025153
10133,0.167579
10160,0.091622
10197,0.016219
10289,0.031283
10329,0.016019
10375,0.003567
10427,0.001072
10448,0.012731
10489,0.002148
10498,0.036667
10558,0.000354
10568,6.25397
10642,0.083747
10763,0.032809
10790,0.071182
10808,0.031225
10848,0.02156
10880,0.03414
10984,0.061255
11058,0.08587
11111,0.067207
11157,0.006384
11216,0.002954
11229,0.040298
11285,0.062596
11343,0.726414
11387,0.015856
11482,0.052305
11493,0.010205
11516,0.00935
11661,0.020677
11721,0.017881
11736,0.026421
11759,0.412288
11763,0.139301
11809,0.045427
11898,0.027732
11925,0.007712
11978,0.072993
12011,0.114166
12019,0.007815
12105,0.024707
12293,0.090365
12327,0.006098
12346,0.093988
12370,0.011316
12397,0.022636
12490,0.002471
12562,0.003026
12645,0.018691
12647,0.019852
12698,0.069056
12707,0.092548
12755,0.063247
12796,0.103448
12807,0.018384
12828,0.131126
12868,0.036298
12906,0.058767
12965,0.10173
12974,0.020839
12995,0.015279
13019,0.003008
13049,0.006522
13142,0.071481
13170,0.022711
13209,0.008004
13279,0.089432
13335,0.111646
13388,0.003476
13395,0.014675
13415,0.017125
13456,0.071144
13560,0.070918
13566,0.115977
13738,0.033352
13749,0.069033
13779,0.038301
13803,0.087927
13881,0.006666
13891,0.004716
13915,0.002695
14128,0.059407
14151,0.041389
14160,0.002066
14200,0.053141
14348,0.214476
14547,0.001098
14615,0.106305
14745,0.142323
14793,0.037249
14827,0.028194
14846,0.005738
14911,0.02554
14987,0.00263
15001,0.03092
15020,0.01266
15053,0.105755
15081,0.012291
15101,0.039467
15119,0.028388
15123,0.071142
15139,0.034082
15173,0.046635
15198,0.022312
15213,0.470947
15228,0.26248
15261,0.238206
15291,0.003879
15312,0.005592
15345,1.325457
15449,0.000799
15464,0.845012
15581,0.078363
15610,0.001634
15663,0.011033
15709,0.050554
15732,0.051334
15784,0.030539
15907,0.067854
15946,0.08225
15952,0.056937
16005,0.018425
16012,0.059214
16052,0.050932
16077,0.030263
16106,0.060024
16107,0.13048
16124,0.017678
16137,0.034939
16213,0.013026
16225,0.112022
16269,0.062954
16317,0.022865
16355,0.001384
16375,0.066158
16392,0.030839
16444,0.050894
16485,0.007974
16488,0.074709
16516,0.035542
16527,0.057721
16559,0.162783
16622,0.03098
16687,0.003484
16716,0.0193
16720,0.011396
16764,0.078039
16798,0.014887
16800,0.012347
16881,0.011845
16935,0.004317
16954,0.031626
16995,0.090949
17025,0.035556
17037,0.006269
17051,0.02828
17068,0.03764
17102,0.036868
17125,0.030417
17133,0.05408
17191,0.023444
17230,0.026199
17240,0.051322
17248,0.00022
17326,0.028608
17335,0.026648
17403,0.056765
17455,0.034839
17486,0.095533
17532,0.012111
17627,0.085206
17679,0.015088
17726,0.035673
17768,0.496075
17777,0.34799
17837,0.040711
17881,0.003451
17911,0.011285
17923,0.020149
17933,0.631367
18030,0.009389
18060,0.024601
18096,0.014618
18136,0.65799
18293,0.048693
18334,0.113441
18367,0.730034
18395,1.303669
18439,0.02978
18468,0.031735
18478,0.011826
18526,0.052609
18554,0.04285
18613,0.035164
18653,0.007954
18685,0.013836
18698,0.017776
18749,0.03677
18769,0.132283
18817,0.000467
18856,0.057368
18871,0.021183
18948,0.031209
19029,0.013451
19161,0.033768
19175,0.035401
19208,0.036573
19231,0.176744
19284,0.003646
19294,0.000441
19396,0.010528
19412,0.020753
19426,0.323635
19458,0.041189
19482,0.25229
19530,0.005524
19546,0.060526
19559,0.001462
19568,0.71348
19672,0.059204
19730,0.013166
19766,0.024462
19789,0.039761
19809,0.018607
19817,0.015864
19852,0.075655
19924,0.019179
19961,0.00119
20014,0.030734
20080,0.041761
20228,0.085062
20262,0.012048
20324,0.008401
20348,0.000236
20455,0.016077
20503,0.068222
20517,0.044033
20579,0.012346
20641,0.054083
20661,0.012383
20680,0.047075
20747,0.043294
20765,1.029371
20805,0.011966
20873,0.047669
20883,0.199667
20902,0.007764
20942,0.046552
20958,0.05409
21016,0.004943
21075,0.000947
21085,0.025156
21093,0.006283
21140,0.013042
21164,0.04652
21209,0.027157
21270,0.054758
21309,0.066179
21329,0.024619
21345,0.052249
21359,0.161888
21370,0.127494
21372,0.125646
21448,0.046109
21564,0.17698
21656,0.104929
21672,0.011965
21715,0.148482
21760,0.014946
21811,0.039925
21872,0.039449
21889,0.004645
21919,0.012487
21945,0.111613
21957,0.014931
22014,0.019026
22114,0.052293
22131,0.035667
22207,0.093245
22253,0.011229
22368,0.03845
22487,0.052536
22510,0.000872
22514,0.018594
22558,1.36762
22609,0.02965
22648,0.139937
22690,0.002354
22729,0.041272
22757,0.006357
22775,0.034843
22825,0.168789
22861,0.033613
22918,0.014199
23005,0.072783
23024,0.038968
23088,0.040405
23162,0.007524
23163,0.270281
23250,0.059127
23282,0.015633
23313,0.032992
23428,0.040982
23455,0.003263
23529,0.063231
23599,0.013674
23648,0.048625
23655,0.015907
23678,0.004018
23746,0.055822
23760,0.027875
23806,0.038464
23830,0.029141
23886,0.01455
23919,0.003452
23955,0.567202
24024,0.003264
24062,0.021774
24101,0.008438
24224,0.049696
24232,0.015785
24266,0.136704
24280,0.032064
24327,0.041448
24359,0.002568
24362,0.205572
24430,0.175362
24516,0.024847
24555,0.049716
24570,0.018846
24629,0.018487
24665,0.00235
24675,0.010286
24690,0.040417
24807,0.002073
24827,0.10842
24855,0.058954
24861,0.121174
24885,0.032752
24902,0.014109
24935,0.002443
24940,0.002554
24957,0.057532
24965,0.01164
24981,0.0524
25027,0.014776
25036,0.02974
25063,0.042009
25202,0.024252
25215,0.109167
25264,0.022651
25353,0.042688
25401,0.061986
25415,0.072281
25522,0.041203
25546,0.032285
25555,0.008576
25635,0.037854
25667,0.034974
25687,0.001092
25703,0.011381
25725,0.035858
25805,0.024078
25819,0.017385
25850,0.042895
26020,0.023679
26100,0.022427
26156,0.023588
26166,0.098749
26170,0.396971
26235,0.066583
26345,0.034033
26368,0.003741
26423,0.026977
26433,0.046211
26448,0.138482
26478,0.017622
26505,0.015288
26525,0.212989
26565,0.004928
26654,0.084369
26692,0.035745
26715,0.040489
26758,0.003355
26782,0.250954
26829,0.007947
26839,0.021735
26902,0.024704
26959,0.027398
26997,0.004508
27017,0.07246
27040,0.048823
27060,0.023207
27086,0.193727
27125,0.000788
27181,0.035745
27260,0.002555
27378,0.320697
27399,0.069987
27432,0.0355
27488,0.071521
27529,0.022322
27556,0.005222
27627,0.014074
27645,0.006297
27749,0.017177
27763,0.045322
27781,0.01872
27829,0.036028
27867,0.042286
27889,0.018994
27895,0.011057
27943,0.050289
27946,0.001069
27957,0.02176
27962,0.032181
27963,0.022165
28029,0.034287
28035,0.007456
28053,0.028055
28079,0.002951
28107,0.008303
28123,0.017395
28194,0.007006
28205,0.016473
28287,0.061247
28311,0.012137
28351,0.025311
28363,0.021091
28409,0.032607
28430,0.008355
28458,0.016508
28546,0.17778
28561,0.722381
28633,0.025333
28657,0.13428
28693,0.078744
28752,0.039233
28770,0.024915
28858,0.141309
28898,0.015948
28901,0.000484
28911,0.045999
28985,0.025874
29001,0.053413
29090,0.086327
29146,0.065439
29156,0.048286
29160,0.127098
29187,0.003072
29281,0.013531
29307,0.098236
29338,0.014079
29447,0.000254
29517,0.027424
29535,0.039059
29553,0.036641
29595,0.054889
29616,0.0408
29653,0.04032
29726,0.000407
29728,0.100942
29764,0.085575
29805,0.049769
29869,0.0435
29903,0.031981
29947,0.088122
30028,0.050827
30178,0.097765
30219,0.020402
30260,0.000335
30284,0.04577
30295,0.051435
30357,0.000777
30358,0.752016
30535,0.018116
30565,0.035098
30598,0.092314
30651,0.065824
30668,0.062256
30695,0.078569
30701,0.06035
30748,0.054332
30802,0.337553
30855,0.002599
30916,0.009363
30967,0.119113
30985,0.008451
31137,0.015196
31203,0.026323
31292,0.013478
31325,0.016797
31500,0.103542
31544,0.032446
31551,0.005507
31557,0.016142
31650,0.020179
31660,0.375478
31707,0.127027
31800,0.021345
31816,0.023792
31847,0.001895
31905,0.016876
31982,0.06711
32124,0.005246
32158,0.102556
32164,0.934036
32227,0.067447
32288,0.064739
32357,0.037416
32414,0.006634
32500,0.070036
32528,0.013248
32604,0.014437
32628,0.00571
32684,0.066996
32745,0.185216
32759,0.192949
32885,0.145503
32948,0.014279
32956,0.004424
33025,0.009988
33037,0.000713
33096,0.029159
33165,0.005577
33207,0.006235
33209,0.003742
33219,0.012641
33233,0.019908
33302,0.027941
33322,0.086127
33360,0.020493
33369,3.969027
33413,0.547229
33430,0.13768
33512,0.021565
33583,0.036062
33717,0.000983
33784,0.091892
33896,0.043289
33910,0.015022
33950,0.052153
33958,0.000475
33961,0.333217
34034,0.08136
34117,0.047313
34147,0.014319
34212,0.050621
34214,0.023995
34257,0.017213
34282,0.082374
34328,0.011681
34366,0.004891
34399,0.00731
34506,0.005094
34557,0.294895
34564,0.05211
34571,0.1002
34597,0.019482
34617,0.005503
34648,0.078229
34709,0.007479
34717,0.028434
34764,0.0111
34803,0.028375
34894,0.010046
34980,0.03378
34988,0.070641
34999,0.113105
35132,0.108097
35142,0.214711
35183,0.361893
35213,0.004822
35215,8.4e-05
35263,0.246748
35287,0.016613
35310,0.087872
35321,2.389857
35396,0.022543
35409,0.594884
35477,0.046842
35575,0.013369
35604,0.057162
35621,0.007783
35648,0.00466
35656,0.011637
35729,0.070138
35746,0.01745
35764,1.111448
35810,0.281079
35838,1.033052
35875,0.543183
35906,0.646449
35918,0.975794
35941,0.490618
35994,0.008812
36010,0.017743
36057,0.073679
36088,0.029611
36124,0.076509
36135,1.208996
36339,0.088656
36343,0.00035
36357,0.506343
36410,0.118741
36434,1.175706
36509,0.102712
36515,0.169635
36530,0.146845
36625,6e-06
36636,0.052644
36654,0.066341
36675,0.008352
36695,0.014417
36743,0.013389
36805,0.149408
36887,0.023193
36921,0.055488
36938,1.098163
36964,0.511361
37002,0.906395
37072,0.068912
37079,0.052322
37139,0.318893
37146,0.655469
37172,1.63278
37221,0.000423
37225,0.046773
37303,0.004774
37314,0.317863
37346,0.002223
37404,0.015911
37462,0.193743
37490,0.067858
37546,0.076282
37557,0.698204
37615,0.04081
37624,0.013495
37647,0.009052
37659,0.797894
37673,2.234556
37745,0.044121
37751,0.049902
37809,0.096381
37832,0.01484
37858,0.069743
37881,0.033319
37897,0.014575
37913,0.635677
37940,2.164736
37964,0.978512
38048,0.03731
38094,0.012866
38105,0.018039
38133,1.457842
38157,0.394865
38195,0.035923
38223,1.174053
38293,0.050992
38315,0.002462
38385,0.532262
38448,0.051021
38559,0.031262
38580,0.197511
38619,0.002906
38629,0.034216
38731,2.383901
38761,4.450578
38809,0.016146
38825,0.000363
38894,0.004873
38905,0.066739
38918,0.075103
38923,2.52889
38978,0.036802
39015,0.095959
39044,0.509171
39139,4.253104
39195,0.251485
39207,0.269992
39248,0.127497
39275,0.027996
39306,0.044495
39335,0.073799
39345,0.058248
39360,0.065695
39363,2.150201
39432,0.032472
39460,0.022792
39543,0.030346
39560,0.220127
39627,0.242114
39655,0.001498
39659,0.631428
39714,0.034685
39748,0.246101
39760,0.090733
39790,0.151006
39846,0.004542
39888,0.051389
39909,0.049989
39910,0.150779
39955,0.091604
39969,0.553893
40052,0.104061
40064,0.182493
40139,0.636298
40183,0.07473
40186,0.164395
40248,0.020778
40260,0.069293
40289,0.104654
40307,0.001614
40316,0.05599
40357,0.046056
40367,0.02352
40372,0.017549
40381,0.897962
40414,0.253501
40428,0.36213
40494,0.094472
40505,0.024788
40530,1.72799
40615,0.007658
40673,0.022462
40676,0.005521
40681,0.039545
40707,0.101222
40725,1.403312
40735,0.300162
40815,0.028036
40876,0.022678
40909,1.107354
40935,2.229495
40942,0.870446
41011,0.07257
41020,0.092677
41093,0.063821
41150,0.071098
41156,0.217913
41161,1.128874
41212,0.056851
41248,0.001158
41252,1.075946
41271,0.504464
41358,0.003174
41395,0.060417
41407,0.639059
41439,0.053105
41456,0.110964
41466,0.206302
41595,0.018232
41613,0.012797
41642,0.017427
41643,0.006721
41651,1.417991
41718,0.091009
41746,0.132366
41758,0.005946
41800,1.896111
41845,0.044876
41890,0.032544
41897,0.205969
41907,0.15132
41970,0.055023
42011,0.036688
42067,0.045742
42101,0.064153
42170,0.01203
42172,0.295374
42218,0.050713
42231,0.037409
42263,0.021256
42264,0.288039
42303,0.157298
42359,0.556816
42410,0.017588
42425,0.152664
42462,0.379796
42478,2.534673
42592,0.028771
42599,0.018001
42679,0.029491
42707,0.033497
42754,0.005577
42756,0.017517
42833,0.009007
42849,0.028997
42877,0.051052
42886,1.008949
42911,0.287072
42958,0.878737
42995,1.445809
43037,0.116774
43202,0.466527
43236,0.121365
43378,0.179033
43440,0.009877
43461,0.119829
43520,0.059433
43533,0.005305
43564,0.321625
43603,0.022729
43610,0.471587
43669,0.050966
43715,0.02408
43728,0.013603
43735,0.005517
43758,0.002049
43782,0.061326
43786,0.01983
43849,0.076795
43854,0.472855
43872,0.120842
43921,0.060926
43931,0.075648
43951,0.020738
43992,0.012599
44018,0.019845
44108,0.005721
44128,0.059144
44165,0.921446
44202,0.077709
44245,0.041436
44248,0.00101
44277,0.017153
44325,0.035829
44351,0.054296
44358,0.013229
44365,0.292498
44388,0.111792
44412,0.020721
44460,0.006148
44483,0.172866
44526,0.093111
44563,0.001893
44596,0.473612
44612,1.232631
44669,0.013652
44700,0.026508
44732,0.030482
44733,0.575142
44769,1.110646
44838,0.22602
44855,0.125551
44935,0.02498
44942,0.082993
44955,0.087013
44989,0.003741
45001,0.183021
45083,0.228012
45088,0.437414
45125,0.872821
45181,0.024897
45187,0.010394
45211,0.074239
45255,0.006588
45367,0.035216
45368,0.084494
45398,0.012846
45485,0.427222
45497,0.671175
45587,0.047372
45646,0.064998
45708,0.061922
45755,0.031347
45778,0.046049
45795,0.041355
45815,1.797825
45845,0.547613
45864,0.022533
45906,0.006193
45963,1.093766
46014,0.032375
46032,0.011933
46148,0.065704
46227,0.087243
46247,0.072523
46267,0.033594
46301,0.427134
46366,0.024499
46373,0.071277
46403,0.243041
46412,0.485917
46443,0.266345
46446,0.536689
46470,0.443133
46519,0.073432
46557,0.033933
46562,0.276516
46587,0.602447
46656,0.006698
46697,0.001625
46729,0.019746
46743,0.02964
46745,0.893478
46805,0.003367
46869,0.007806
46892,0.045053
46911,0.014427
46998,0.096379
47010,0.038658
47063,0.038253
47065,0.105857
47107,0.103379
47136,0.409181
47170,0.326197
47231,0.045898
47248,0.009458
47296,0.060249
47304,0.038044
47316,1.504123
47407,0.025518
47429,0.033207
47437,0.049789
47500,0.038514
47551,0.005767
47578,1.354865
47602,0.168501
47610,0.342592
47637,0.022813
47652,0.04768
47669,0.081551
47694,0.012752
47698,0.058136
47714,0.137601
47728,0.019828
47750,0.068597
47763,0.382544
47815,0.472434
47826,1.798617
47894,0.010688
47908,0.17728
47968,0.04188
47972,0.103334
48003,0.034155
48028,0.076627
48050,0.054412
48087,0.053429
48108,0.076683
48141,0.025635
48153,0.171091
48238,0.017899
48248,0.085212
48274,0.024917
48308,0.07482
48348,0.663013
48351,1.104064
48379,0.615989
48444,0.014508
48480,0.063943
48489,0.091122
48508,0.004558
48520,0.088669
48554,0.020609
48666,0.017032
48670,0.109475
48717,0.015137
48726,0.030332
48793,0.067037
48857,0.067315
48896,0.050374
48909,0.106963
48942,0.082885
48956,0.044638
48964,0.228065
49007,0.067968
49028,0.035593
49067,0.027586
49080,0.366949
49085,1.430196
49152,0.044023
49160,0.029752
49231,0.083208
49273,0.019279
49295,0.014897
49334,1.114971
49368,0.005462
49393,0.120172
49407,0.026664
49428,0.003049
49494,0.062555
49559,1.055446
49616,1.774347
49678,0.01428
49695,0.086109
49735,0.058815
49736,0.00382
49749,0.396396
49750,1.178367
49833,0.024416
49879,0.02879
49905,0.071199
49944,0.02729
49973,0.000172
49980,2.591338
50033,0.004427
50048,0.063527
50050,0.81921
50063,0.870578
50111,0.097152
50154,0.008616
50158,1.00294
50167,0.783761
50217,0.025237
50237,0.005131
50250,0.071384
50269,0.002831
50317,0.021887
50321,0.035407
50391,0.025903
50494,0.052673
50531,0.366289
50570,0.007994
50599,0.116746
50642,0.442494
50662,0.487276
50728,0.034192
50773,0.032616
50795,0.000958
50814,0.484332
50838,0.074135
50885,0.272598
50924,0.334725
50939,2.401551
50977,0.043489
51007,0.094831
51027,0.187778
51057,0.185847
51067,0.303471
51077,0.369579
51091,0.424987
51107,0.02195
51117,0.053668
51127,0.138663
51147,0.010624
51167,0.370042
51187,0.378019
51197,0.723265
51219,0.781332
51257,0.4811
51277,0.502538
51307,0.100499
51317,0.579223
51327,0.369521
51347,0.654318
51357,0.363402
51417,1.181404
51437,0.09182
51499,0.032003
51504,0.896888
51587,0.040184
51604,0.074535
51616,0.021474
51645,0.025707
51658,0.011895
51696,0.007847
51731,0.693518
51867,0.059222
51888,0.104612
51946,0.024927
51961,0.00292
51964,0.796828
51987,0.010035
52033,0.039679
52055,0.176303
52060,0.637278
52164,0.126855
52179,0.00382
52203,0.701967
52233,0.00414
52260,0.273241
52340,0.338247
52402,0.041327
52445,0.001737
52453,0.523689
52458,0.082995
52498,1.065191
52546,0.01342
52560,0.140826
52576,0.291835
52627,0.190463
52682,0.029675
52692,0.014719
52716,0.00452
52744,0.054377
52798,0.046331
52818,0.050254
52822,1.03189
52865,0.111124
52896,1.067535
52937,0.029515
52952,0.062234
52995,0.024166
53087,0.000371
53127,0.036089
53145,2.310305
53177,0.651326
53213,0.285575
53240,0.15544
53319,0.000391
53348,0.015213
53365,1.396945
53445,0.0084
53458,0.042739
53473,0.045923
53511,0.008699
53548,0.05294
53599,0.011576
53605,0.032993
53641,0.033079
53649,0.255932
53672,0.94485
53756,0.049883
53759,1.521146
53799,0.036281
53803,0.516618
53832,0.255541
53868,0.00101
53888,1.781059
53918,0.221903
54000,0.727183
54038,0.059025
54056,0.092526
54115,0.541505
54138,0.011458
54167,0.608972
54180,0.115519
54222,0.008237
54231,0.059117
54244,0.019567
54284,0.009006
54301,0.019931
54309,0.045583
54330,0.019771
54362,0.119105
54392,0.858388
54414,0.096925
54443,0.231788
54470,0.04421
54492,0.199893
54508,0.458166
54560,0.019094
54583,0.053319
54615,0.031274
54637,0.019472
54712,0.016822
54739,0.002494
54751,0.06238
54868,0.03662
54871,0.377815
54907,0.050026
54922,0.860106
54960,0.100472
54991,0.933872
55035,0.923131
55051,0.024125
55111,0.137177
55131,0.016125
55141,0.085285
55151,0.04371
55191,0.097806
55211,0.27647
55231,0.013675
55251,0.031403
55261,0.138715
55271,0.103101
55281,0.060139
55311,0.129053
55321,0.029674
55331,0.200402
55361,0.133162
55381,0.029062
55421,0.047889
55431,0.19477
55441,0.052977
55451,0.385587
55471,0.356045
55491,0.290984
55501,0.051298
55521,0.333772
55531,0.021468
55541,0.159529
55561,0.041574
55565,0.134977
55581,0.238935
55611,0.458735
55631,1.181341
55651,0.092149
55671,0.021077
55681,0.495422
55701,1.244816
55711,0.042071
55741,0.834984
55761,0.008944
55781,0.317306
55791,0.70287
55833,0.335876
55893,0.040476
55917,0.002727
55957,0.03112
55977,0.027818
56046,0.013203
56049,0.03846
56080,0.007702
56094,0.117827
56120,0.018119
56139,0.038894
56145,0.208755
56151,0.41034
56230,0.023848
56249,0.001868
56274,0.067881
56304,0.176926
56378,0.053723
56382,0.167036
56430,0.105722
56477,0.041508
56494,0.011853
56536,0.143034
56539,0.211904
56562,0.065351
56587,0.616764
56618,0.202436
56667,0.037059
56684,3.94277
56745,1.181439
56758,0.894813
56795,0.291573
56829,1.291014
56850,0.014935
56867,0.000588
56898,0.040154
56913,0.025378
56977,1.738364
56982,0.880935
57003,0.283433
57067,0.03837
57073,0.23476
57120,0.104463
57235,0.027926
57260,0.074606
57294,0.421786
57315,0.050663
57328,0.028748
57346,0.048123
57355,1.167221
57357,0.694587
57462,0.02183
57476,0.049805
57522,0.012175
57537,0.277573
57588,0.051228
57677,0.049782
57741,0.127656
57766,0.022044
57806,0.018874
57873,0.254383
57900,0.043174
57929,0.045335
57943,0.069931
58015,0.00967
58040,0.003629
58062,0.083806
58073,0.205192
58137,0.062586
58178,0.022253
58188,0.353367
58208,0.041661
58290,0.01407
58299,0.040529
58334,0.012641
58407,0.025348
58421,0.035561
58441,0.019403
58476,0.040454
58524,0.022434
58546,0.02522
58548,0.61792
58607,0.018622
58625,0.013531
58631,0.733634
58679,0.063845
58728,0.360665
58785,0.035862
58787,0.060619
58825,0.064331
58842,0.243508
58875,0.009093
58893,0.132492
58931,0.019829
58965,0.65985
58991,0.608046
59021,0.246361
59079,0.049465
59087,0.135235
59097,0.178072
59128,0.020389
59142,0.051422
59165,0.118054
59175,0.044364
59194,1.675686
59248,0.034138
59319,0.010883
59358,0.023675
59378,0.026658
59389,0.008527
59450,0.21616
59511,0.023347
59522,0.021244
59631,0.059685
59641,0.011112
59668,0.030631
59685,0.154803
59711,0.25201
59756,0.292311
59758,0.631053
59769,0.494827
59838,0.040822
59919,0.026747
59931,0.030755
59967,0.065089
59994,0.018976
60005,0.037039
60010,0.003581
60056,0.049859
60108,0.531918
60128,0.001822
60173,0.019058
60188,0.006408
60195,0.002524
60211,0.032057
60260,0.059112
60295,0.059128
60329,0.063202
60355,0.026864
60364,0.295079
60366,0.007833
60412,0.01482
60441,0.004243
60455,0.143703
60456,0.300485
60647,0.010575
60667,0.018133
60671,0.05393
60683,0.257305
60695,0.019396
60776,0.049302
60799,0.092086
60810,0.00923
60812,0.074517
60869,0.417766
60923,0.009617
60926,0.449332
60956,0.014586
60964,0.454456
61008,0.312878
61041,0.002515
61045,0.173554
61066,0.88746
61114,0.004615
61166,0.001032
61175,0.002742
61177,0.013304
61179,0.630301
61239,0.109426
61291,0.378567
61360,0.07704
61399,0.002789
61447,0.018514
61459,0.037463
61481,0.204897
61559,0.071315
61587,0.036245
61629,0.018128
61656,0.009677
61664,0.82056
61682,0.649788
61695,0.341297
61779,0.290932
61806,0.030545
61822,3.218187
61906,0.05625
61937,0.021574
61945,0.022809
61984,0.045959
62007,0.082596
62085,0.048588
62088,0.087028
62135,0.041872
62137,0.562068
62158,0.128346
62173,0.449268
62229,0.017364
62272,0.058802
62276,0.222912
62306,0.116896
62349,0.034558
62398,0.037939
62430,1.780242
62493,0.301862
62505,2.821979
62558,0.465674
62617,0.030433
62657,0.193287
62705,0.236448
62756,0.093807
62757,0.102128
62799,0.031456
62837,0.07994
62860,0.28425
62918,0.046662
62935,0.037035
62949,0.075667
62954,0.055182
63012,0.008405
63022,0.005542
63049,0.037281
63073,2.842603
63135,0.015475
63172,0.022083
63190,0.014243
63275,0.016304
63310,0.003071
63360,0.706696
63365,8.084265
63520,0.698223
63532,0.319735
63576,0.163176
63643,0.006041
63684,0.092964
63715,0.063221
63770,0.326427
63805,0.068549
63857,0.056112
63911,0.037154
63919,0.016792
63961,0.057558
63965,1.168595
64021,0.430322
64102,0.24229
64189,0.087499
64232,0.126496
64252,0.008821
64254,0.97258
64325,0.009402
64355,0.039046
64377,0.020618
64430,0.086707
64473,0.17018
64483,0.946995
64531,0.754168
64569,0.081322
64621,0.540007
64663,0.756731
64713,0.014886
64754,0.361609
64807,0.016501
64828,0.062545
64869,0.071458
64895,0.041613
64948,0.000747
64975,0.052393
64986,0.850911
65009,0.023101
65065,0.052219
65075,0.052508
65122,0.006228
65143,0.069099
65149,0.508686
65159,1.439353
65203,0.008467
65227,0.006252
65236,0.11358
65285,0.025721
65408,0.055117
65462,0.026058
65489,0.040645
65494,0.097311
65655,0.035493
65746,0.055621
65794,0.113862
65819,0.025093
65859,0.0304
65864,1.302624
65990,0.490201
65999,0.441906
66040,0.007361
66061,0.055396
66126,1.182028
66205,0.23959
66211,1.443944
66255,0.01161
66258,0.110024
66285,0.089832
66345,0.533593
66361,0.031593
66379,3.501152
66434,0.011556
66475,0.202605
66533,0.032344
66587,0.337357
66612,0.31107
66631,1.845612
66721,0.00576
66778,0.120924
66844,0.026648
66883,0.033915
66909,0.001725
66946,0.006693
66949,0.014577
66979,0.003863
67027,0.160851
67041,0.024639
67087,0.603354
67128,0.018163
67139,0.218756
67168,0.003388
67220,0.032241
67229,1.123866
67236,0.158474
67238,2.057037
67285,0.020901
67294,0.928839
67345,0.084389
67393,0.003468
67419,0.088403
67541,0.000145
67595,0.030504
67681,0.410761
67713,0.711491
67751,0.003079
67769,0.028035
67805,0.043223
67844,0.015373
67864,0.15307
67895,0.050651
67941,0.348445
67969,0.049198
68021,0.09399
68031,0.196723
68073,0.017587
68082,0.01194
68125,0.012987
68156,1.577088
68213,0.002232
68243,0.018317
68250,0.583674
68378,0.017574
68405,0.044107
68469,0.5936
68519,0.135228
68528,0.69795
68567,0.002873
68578,1.225157
68591,0.596399
68644,0.009885
68649,0.335527
68681,0.19065
68715,0.647522
68771,0.029839
68807,0.016845
68808,0.068278
68835,0.004912
68846,0.026018
68857,0.097503
68864,0.22132
68916,0.022331
69022,0.035528
69049,0.054767
69052,0.441797
69096,0.03331
69160,0.044193
69195,0.004979
69217,0.188291
69248,0.024753
69252,1.283186
69264,0.216607
69308,0.269984
69333,0.263271
69472,0.003214
69495,0.023373
69514,0.002048
69520,0.005866
69547,0.040773
69646,0.064011
69657,0.03703
69678,0.4509
69722,0.667791
69783,0.031472
69822,0.271836
69843,0.018103
69845,0.00686
69848,0.306855
69958,0.020525
69959,0.386253
70030,0.025222
70067,0.003557
70074,0.153724
70097,0.057513
70150,0.041979
70177,0.023635
70230,0.134283
70334,0.082648
70340,0.078621
70352,0.071309
70452,0.024758
70455,0.01753
70532,0.028344
70557,0.205093
70564,0.491297
70645,0.012197
70707,0.13913
70750,0.003703
70764,0.020077
70784,0.075278
70810,0.105349
70857,0.071485
70893,0.651554
70963,0.276384
71074,0.002888
71100,0.080042
71146,1.013622
71191,0.096964
71223,0.010761
71337,0.13579
71390,0.018482
71431,0.008757
71461,0.025193
71493,0.029575
71540,0.028875
71546,0.06889
71633,0.045657
71677,0.081859
71762,0.010908
71766,0.103928
71825,0.09329
71885,0.096443
71960,0.066712
72009,0.040909
72085,0.48182
72167,0.042571
72338,0.052037
72358,0.018338
72359,0.030128
72368,0.014636
72385,0.034187
72407,0.020315
72495,0.098503
72545,0.414487
72572,0.063759
72594,0.028861
72611,0.028812
72636,0.007185
72691,0.002679
72759,0.016278
72846,0.024388
72859,0.024784
72902,0.087678
72906,0.047381
72959,0.037445
72963,0.049163
73078,0.018893
73082,0.0161
73109,0.128245
73187,0.012225
73251,0.050034
73286,0.029613
73320,0.056845
73369,0.003665
73386,0.011997
73456,0.170663
73502,0.027062
73515,0.132527
73561,0.07249
73619,0.029362
73648,0.0136
73678,0.01214
73715,0.056665
73757,0.070266
73807,0.059871
73879,0.036676
73887,0.007071
73904,0.02382
73947,0.025377
73996,0.052618
74005,0.041984
74117,0.044679
74164,0.014022
74253,0.009624
74359,0.0008
74399,0.242268
74447,0.005213
74605,0.020166
74641,0.004357
74673,0.060921
74695,0.049639
74745,0.050359
74791,0.097891
74822,0.018391
74907,0.045101
74999,0.051587
75025,0.02533
75057,0.019876
75142,0.005044
75185,0.237455
75251,0.047127
75271,0.039704
75291,0.009664
75310,0.008068
75356,0.23702
75429,0.003206
75500,0.036679
75517,0.101132
75572,0.003718
75613,0.023239
75640,0.052626
75698,0.065689
75701,0.011915
75774,0.014347
75821,0.044184
75871,0.701423
75895,0.048335
75921,0.061641
75961,0.030475
76024,0.032732
76060,0.011586
76083,0.72502
76114,0.015556
76237,0.028585
76288,0.01671
76298,0.041593
76375,0.013223
76455,0.008609
76500,0.07035
76545,0.004628
76546,0.0914
76566,0.126695
76570,0.054134
76667,0.008131
76679,0.022957
76690,0.011126
76836,0.047177
76891,0.066922
76923,0.048045
76999,0.010156
77022,0.030519
77098,0.10574
77155,0.261367
77173,0.003185
77182,0.207968
77305,0.218505
77329,0.045933
77398,0.078743
77408,0.122379
77467,0.01539
77557,0.000912
77581,0.01969
77621,0.030339
77709,0.030253
77758,0.004546
77791,0.030044
77861,0.001036
77892,0.012107
77945,0.01705
77980,0.064889
78002,0.104394
78029,0.024689
78132,0.003388
78157,0.062406
78201,0.013587
78236,0.045235
78267,0.224043
78301,0.201967
78325,0.037718
78351,0.058058
78367,0.0124
78453,0.024517
78563,0.012036
78596,0.048739
78608,0.049492
78618,0.004392
78651,0.063068
78670,0.006959
78723,0.067338
78759,0.008127
78783,0.006777
78793,0.012175
78846,0.008821
78957,0.007836
78959,0.04504
78966,0.302071
79005,0.045736
79175,0.016661
79243,0.088136
79278,0.01413
79294,0.02535
79315,0.05504
79361,0.009796
79419,0.016351
79427,0.088196
79486,0.030657
79546,0.280112
79595,0.049906
79656,0.299189
79714,0.02921
79748,0.007397
79758,0.009788
79822,0.025383
79891,0.106834
79960,0.005972
80060,0.029555
80071,0.014515
80121,0.08463
80145,0.002464
80146,0.094961
80215,0.001828
80371,0.012398
80439,0.005315
80457,0.179329
80494,0.011395
80505,0.053414
80553,0.085468
80637,0.038714
80715,0.004826
80760,0.022525
80763,0.005513
80778,0.025423
80866,0.088733
80990,0.020926
81003,0.007921
81139,0.057535
81168,0.042708
81246,0.055522
81288,0.031736
81307,0.00358
81311,0.115665
81350,0.009574
81364,0.036559
81478,0.023282
81486,0.019655
81527,0.004819
81552,0.08904
81605,0.126247
81627,0.233353
81676,0.026362
81682,0.08143
81775,0.10501
81812,0.001356
81829,0.184789
81852,0.076898
81890,0.010739
81912,0.029957
81960,0.884162
82020,0.078055
82093,0.103923
82127,0.137986
82182,0.029125
82233,0.026328
82393,0.043214
82565,0.065479
82645,0.039216
82677,0.018519
82787,0.002173
82858,0.075333
82887,0.04419
82900,0.044824
82939,0.007438
83033,0.686602
83091,0.00089
83138,0.029106
83166,0.286993
83196,0.020197
83344,0.00896
83388,0.030729
83518,0.043884
83543,0.020169
83559,0.012859
83560,0.027033
83596,0.037186
83659,0.124064
83692,0.093152
83693,0.029841
83745,0.001982
83757,0.017115
83758,0.091283
83795,0.087808
83816,0.029599
83856,0.065964
83893,0.026749
83914,0.022729
83931,0.065307
83973,0.00501
84024,0.037898
84051,0.171506
84183,0.054663
84226,0.023303
84308,0.071388
84340,0.019052
84356,0.211717
84476,0.001804
84495,0.026681
84536,0.222447
84611,0.035205
84655,0.00384
84797,0.055401
84848,0.034636
84862,0.035969
84918,0.072522
84946,0.05657
84958,0.009871
84973,0.021355
85085,0.00208
85101,0.038538
85205,0.065734
85341,0.037966
85412,0.04079
85493,0.039409
85538,0.022303
85566,0.529724
85633,0.092368
85667,0.088402
85699,0.03285
85719,0.000588
85738,0.091104
85806,0.041774
85823,0.043913
85868,0.030927
85886,0.032961
85902,0.041921
85979,0.021818
86001,0.004344
86009,0.023004
86130,0.000636
86147,0.029893
86156,4.618152
86218,0.039236
86259,0.02851
86278,0.039895
86334,0.014363
86395,0.017672
86404,0.684024
86491,0.015994
86495,0.016698
86529,0.02156
86540,0.062953
86588,0.000675
86607,0.003033
86637,0.000564
86648,0.124543
86671,0.024977
86674,0.016497
86705,0.034844
86721,0.000189
86734,0.065995
86755,0.002612
86759,0.472607
86760,0.40525
86857,0.026798
86979,0.013052
86990,0.021491
87037,0.003075
87051,0.038787
87113,0.034121
87127,0.069074
87170,0.015532
87185,0.167689
87217,0.013194
87252,0.000611
87267,0.038129
87279,0.011482
87306,0.022776
87326,0.038654
87399,0.075187
87465,0.013615
87482,0.036469
87500,0.01888
87520,0.000661
87556,0.166686
87600,0.001053
87605,0.028961
87652,0.002796
87688,0.02165
87703,0.017902
87735,0.072371
87804,0.017795
87835,0.031383
87880,0.019864
87903,0.041518
87957,0.104807
88083,0.002159
88089,0.077104
88129,0.004481
88167,0.004999
88199,0.022444
88238,0.839573
88301,0.057492
88327,0.078516
88369,0.006219
88395,0.111481
88435,0.020168
88455,0.055732
88522,0.017446
88558,0.005911
88608,0.019063
88621,0.01862
88655,0.025982
88758,0.151383
88818,0.028323
88845,0.011862
88977,0.010502
89027,0.017086
89072,0.070504
89102,0.028022
89133,0.023505
89162,0.022584
89200,0.012121
89209,0.39869
89253,0.02649
89281,0.114092
89319,0.000154
89497,0.004758
89519,0.029206
89581,0.042543
89649,0.111661
89737,0.002747
89745,0.150029
89756,0.11831
89766,0.071455
89779,0.09691
89784,1.239591
89869,0.086224
90217,0.033917
90247,0.01131
90266,0.02912
90311,0.064312
90336,0.014054
90345,0.044044
90353,0.005108
90359,5.06366
90441,0.049604
90463,0.095453
90504,0.00164
90556,0.009376
90595,1.215562
90644,0.051752
90683,0.036803
90716,0.010536
90759,0.150687
90786,0.005374
90803,0.628271
90850,0.044266
90962,0.073786
90987,0.086124
91013,0.217544
91027,0.009477
91155,0.067526
91166,0.004807
91243,0.042489
91282,0.159223
91432,0.014628
91441,0.142469
91545,0.628202
91573,0.318168
91625,0.005629
91646,0.017607
91662,0.007431
91675,0.086423
91707,0.030188
91728,7.3e-05
91795,0.006017
91813,0.03692
91892,0.011207
92013,0.009387
92023,0.134603
92087,0.001855
92125,0.01556
92146,1.461856
92162,0.12165
92248,0.025088
92261,0.816292
92336,0.068499
92357,0.005846
92407,0.012706
92423,0.164334
92469,0.160642
92503,0.011742
92516,0.062741
92667,0.060445
92674,0.332229
92701,0.170606
92746,0.006781
92755,0.63726
92810,0.030312
92860,0.009711
92886,0.189748
92921,0.023309
92996,0.037111
93019,0.225024
93039,0.011154
93056,0.010495
93073,0.012267
93087,0.065903
93143,0.004042
93207,0.002792
93222,0.054838
93250,0.09193
93269,0.09433
93288,0.240062
93332,0.031659
93359,2.193155
93365,9.012904
93400,0.092575
93405,0.068521
93441,0.177253
93453,0.697238
93469,0.388278
93478,0.358169
93486,0.23435
93624,0.026886
93648,0.040947
93655,0.000876
93707,0.055788
93742,0.014372
93752,0.024938
93871,0.027658
93880,0.007254
93946,2.134937
94062,0.006708
94068,0.009752
94069,0.221711
94110,0.060724
94140,0.037755
94155,0.015714
94156,0.020043
94293,0.0779
94327,0.202115
94395,0.034159
94406,0.025157
94420,0.032772
94489,0.036527
94507,0.035088
94550,0.000485
94552,0.042245
94610,0.003833
94631,0.194235
94681,0.00412
94718,0.066313
94729,0.811846
94763,0.007655
94803,0.014467
94914,0.006153
94929,0.177401
94976,0.001619
95013,0.013859
95093,0.03528
95136,0.017836
95196,0.018016
95307,0.025373
95375,0.037977
95435,0.004849
95499,0.128501
95600,0.126502
95641,0.177269
95687,0.072986
95694,0.021686
95707,0.062098
95745,0.033208
95759,6.685603
95947,0.055371
96005,0.001388
96006,0.116581
96031,0.023804
96045,0.019012
96065,0.034297
96085,0.015873
96131,0.16315
96165,0.029218
96215,0.041206
96235,0.032232
96272,0.010602
96287,0.17308
96320,0.007033
96345,0.049869
96358,0.098546
96360,0.139467
96421,0.291981
96465,0.061899
96498,0.058653
96532,0.009918
96585,0.019125
96607,0.009606
96642,0.00084
96660,0.015944
96755,0.044258
96788,0.010623
96855,0.000884
96908,0.029625
96946,0.010372
96962,0.023567
97008,0.021988
97163,0.017499
97179,0.028276
97235,0.046315
97294,0.052206
97453,0.032188
97488,0.039908
97502,0.018818
97521,0.396552
97546,0.233051
97558,1.472297
97750,0.013014
97773,0.020255
97818,0.103232
97893,0.076219
97909,0.012331
97973,0.056256
98005,0.049945
98025,0.025303
98046,0.009214
98050,0.127235
98135,0.092482
98163,0.029613
98197,0.013323
98242,0.011848
98274,0.032122
98450,0.004523
98473,0.038481
98529,0.004319
98636,0.009362
98657,0.002252
98677,0.114908
98751,0.030299
98758,0.091838
98849,0.013348
98863,0.029919
98872,0.162862
98905,0.009096
98957,0.175828
99034,0.009414
99093,0.014543
99255,0.036188
99333,0.008933
99357,0.013459
99416,0.005672
99439,0.035026
99447,0.096276
99517,0.019655
99578,0.006666
99631,0.094907
99655,0.026251
99665,0.238949
99810,0.042146
99867,0.001031
99871,0.020296
99946,0.010516
99956,0.822013
100004,0.024673
100028,0.25953
100093,0.005268
100178,0.000719
100212,0.015542
100223,0.03386
100260,0.022016
100295,0.037961
100316,0.044206
100348,0.010389
100545,0.04635
100622,0.004394
100738,0.045769
100753,0.059852
100776,0.029067
100794,0.017661
100807,0.095615
100928,0.045766
100961,0.044704
100988,0.000134
100993,0.070576
101045,0.038215
101110,0.051309
101125,0.042417
101153,0.112282
101163,0.007649
101296,0.20534
101347,0.009948
101431,0.018004
101476,0.078201
101486,0.03236
101507,0.038057
101535,0.027209
101554,0.027303
101575,0.040291
101613,0.013363
101633,0.025619
101646,0.009506
101688,0.02163
101702,0.061192
101717,0.028414
101735,0.022019
101757,0.005451
101766,0.074419
101787,0.016592
101793,0.05334
101834,0.021797
101874,0.136044
101933,0.034101
101968,0.005043
101979,0.028686
102009,0.000581
102034,0.061818
102042,0.000173
102082,0.038625
102113,0.018659
102121,0.005749
102209,0.012812
102221,0.089608
102251,0.002324
102349,0.024203
102362,0.217633
102365,0.496764
102427,0.066849
102471,0.047046
102502,0.021577
102512,0.021317
102541,0.059479
102623,0.086876
102696,0.000364
102748,0.011092
102809,0.061411
102823,0.023016
102863,0.15721
102897,0.038023
102903,0.006635
102931,0.024976
102946,0.013555
102965,0.165699
103035,0.00465
103052,0.016328
103075,0.002678
103095,0.014804
103129,0.039458
103145,0.015372
103183,0.03071
103200,0.000453
103215,0.003865
103277,0.034779
103314,0.028547
103373,0.008758
103427,0.06038
103493,0.107539
103517,0.005177
103600,0.026936
103619,0.012892
103643,0.116732
103692,0.191526
103729,0.019961
103747,0.042086
103772,0.00349
103798,0.034801
103865,0.048638
103966,0.042481
103979,0.006874
104068,0.595473
104117,0.006647
104134,0.02761
104206,0.438193
104239,0.00538
104246,0.012098
104277,0.002728
104295,0.238116
104351,0.100436
104385,0.012995
104476,0.011728
104495,0.00237
104513,0.017446
104525,0.030232
104551,0.013093
104612,0.010349
104615,0.004098
104651,0.02388
104677,0.027205
104683,0.14096
104739,0.010831
104744,0.163684
104756,0.284987
104763,2.273588
104816,0.276833
104908,0.022155
104977,0.038041
105051,0.008621
105149,0.001717
105305,0.015123
105326,0.049199
105369,0.725732
105393,0.068061
105471,0.032852
105526,0.063102
105625,0.019849
105708,0.007096
105719,0.027563
105793,0.007827
105804,0.009979
105822,0.002877
105877,0.03073
105915,0.171479
105941,0.015973
106045,0.052132
106079,0.000744
106128,0.026168
106225,0.011266
106284,0.043907
106332,0.013833
106339,0.064438
106365,0.01453
106372,0.01672
106389,0.004023
106543,0.000261
106550,0.003734
106556,0.023737
106577,0.03316
106652,0.013559
106695,0.03475
106726,0.075308
106777,0.014106
106787,0.023998
106813,0.044861
106835,0.001608
106859,0.0304
106893,0.003384
106932,0.048199
106969,0.002411
107029,0.042384
107088,0.027445
107131,0.006176
107214,0.012817
107351,0.021824
107356,0.010894
107451,0.000371
107464,0.001378
107511,0.092798
107524,0.001702
107534,0.00218
107558,0.166203
107625,0.0055
107638,0.188422
107660,0.026424
107718,0.022357
107729,0.030733
107757,0.009698
107774,0.001193
107827,0.00231
107834,0.046438
107842,0.01855
107869,0.264097
107911,0.158925
107940,0.007992
107979,0.055702
108019,0.042418
108153,0.008981
108191,0.033748
108207,0.16159
108221,0.000852
108257,0.063889
108295,0.095254
108318,0.143294
108339,0.014827
108366,0.005135
108370,0.013192
108395,0.08712
108400,2.072693
108467,0.071366
108528,0.030414
108566,0.030432
108665,0.018193
108671,0.047186
108712,0.028398
108724,0.070974
108782,0.004284
108920,0.002303
108931,0.035742
108958,0.030988
108960,0.072943
108996,0.046889
109085,0.410343
109185,0.068593
109220,0.057803
109247,0.049178
109261,0.577431
109339,0.09143
109426,0.038568
109487,0.002953
109519,0.03648
109539,0.026534
109545,0.032439
109558,0.140733
109560,0.627988
109687,0.056318
109699,0.026673
109781,0.004119
109907,0.101236
110016,0.017797
110038,0.131026
110076,0.024251
110161,0.053135
110163,0.392903
110192,1.704625
110227,0.01
110251,0.053165
110351,0.025199
110359,0.142332
110394,0.025497
110444,0.039053
110524,0.122653
110557,0.00832
110600,0.009491
110613,0.067895
110688,0.002219
110691,0.224844
110746,0.135865
110756,0.066613
110761,5.509479
110792,0.156906
110868,0.060982
110959,0.03241
111000,0.040622
111045,0.087938
111085,0.011971
111156,0.002242
111162,0.005603
111207,0.01775
111231,0.029267
111236,0.055706
111260,0.103803
111265,0.071581
111301,0.010176
111364,0.135069
111375,0.02293
111444,0.01465
111459,0.050942
111509,0.036976
111525,0.009879
111643,0.004813
111649,0.012051
111653,0.01057
111660,0.106754
111734,0.043905
111745,0.148245
111785,0.075491
111804,0.033233
111827,0.146186
111836,0.039051
111869,0.023012
111952,0.003884
111969,0.024441
112206,0.011295
112221,0.064751
112239,0.049572
112328,0.016843
112337,0.003518
112375,0.013317
112395,0.008009
112468,0.033801
112509,0.032369
112528,0.029832
112543,0.013704
112558,0.15619
112588,0.010076
112608,0.04573
112658,0.141438
112698,0.074898
112718,0.126097
112728,0.491925
112738,0.15566
112758,0.311197
112768,0.090685
112788,0.029614
112808,0.257571
112828,0.301334
112868,0.102811
112878,0.743453
112898,0.178853
112918,0.414294
112938,0.686403
112968,0.019054
112988,0.544152
113008,0.361851
113018,0.089996
113048,1.308685
113068,0.718523
113108,0.01284
113135,0.098704
113161,0.052718
113216,0.016167
113218,0.012291
113272,0.00802
113328,0.075365
113349,0.037819
113393,0.09485
113438,0.04203
113494,0.000841
113522,0.015324
113541,0.286042
113655,0.000799
113671,0.014837
113759,0.382206
113801,0.012821
113808,0.077939
113845,0.0928
113861,0.008375
113909,0.061645
113967,0.035409
114007,0.039998
114038,0.025982
114063,0.007868
114130,0.007353
114174,0.025442
114356,0.138212
114359,0.025593
114419,0.017281
114485,0.023733
114595,0.04512
114694,0.110678
114758,0.264337
114865,0.02967
114950,0.099682
114961,0.161944
115044,0.09912
115075,0.12574
115095,0.038194
115117,0.053538
115119,0.172243
115178,0.001005
115253,0.020987
115310,0.00399
115334,0.010804
115353,0.290864
115387,0.004838
115411,0.326838
115497,0.001651
115559,0.179664
115587,0.084879
115639,0.026035
115678,0.026262
115713,0.051437
115757,0.001303
115855,0.036382
115865,0.056862
115908,0.046369
115991,0.017901
116114,0.152088
116220,0.00314
116262,0.019204
116336,0.05733
116367,0.03107
116394,0.087972
116427,0.049388
116526,0.021938
116535,0.168248
116576,0.014505
116651,0.001881
116653,0.310225
116695,0.010738
116718,0.005332
116745,0.049576
116746,0.093795
116764,0.085438
116795,0.01917
116815,0.102949
116832,0.031251
116867,0.069432
116971,0.039117
117020,0.048641
117087,0.003052
117130,0.034865
117175,0.011495
117202,0.002937
117239,0.015656
117316,0.026961
117361,0.023045
117362,0.00917
117365,1.499278
117411,0.047255
117456,0.523059
117583,0.018193
117601,0.028663
117652,0.012252
117685,0.022499
117729,0.031668
117833,0.14383
117870,3.7e-05
117880,0.007502
117903,0.006718
117963,0.322598
117993,0.150367
118110,0.020782
118155,0.019935
118202,0.002716
118243,0.011028
118247,0.015273
118280,0.025713
118332,0.056035
118345,0.10125
118473,0.020625
118495,0.00952
118555,0.001945
118563,0.046645
118568,0.046036
118599,0.001691
118634,0.003666
118678,0.175218
118821,0.006438
118875,0.058702
118896,0.04739
118923,0.019956
119041,0.009304
119123,0.05796
119145,0.06851
119227,0.105054
119298,0.030771
119317,0.00748
119359,0.020992
119467,0.003017
119489,0.004567
119495,0.093206
119722,0.083245
119735,0.001203
119757,0.020829
119819,0.018956
119844,0.68201
119883,0.005617
119903,0.083654
119961,0.138565
119997,0.038871
120048,0.037142
120118,0.011733
120175,0.043202
120236,0.2523
120243,0.188072
120300,0.009919
120358,0.062271
120366,0.119407
120392,0.047517
120422,0.029765
120535,0.00146
120545,0.035626
120558,0.037957
120791,0.028659
120822,0.006368
120846,0.098738
120907,0.011777
120910,0.055117
120958,0.086885
120961,0.014731
120996,0.037851
121077,0.032397
121130,0.013492
121216,0.018745
121281,0.004626
121357,0.015517
121401,0.001908
121564,0.016637
121656,0.067835
121685,0.057127
121810,0.017357
121835,0.005546
121869,0.133672
121921,0.040042
121987,0.032186
122030,0.001478
122083,0.031121
122145,0.132083
122159,2.02952
122295,0.00045
122309,0.003133
122322,0.002707
122409,0.026802
122450,0.027186
122540,0.304986
122611,0.025195
122653,0.078417
122759,0.030043
122836,0.07343
122903,0.085027
122910,0.197316
123002,0.053583
123040,0.07165
123108,0.017722
123117,0.015041
123153,0.003227
123157,0.0116
123164,0.02138
123224,0.212954
123251,0.00892
123303,0.037601
123345,0.007231
123361,0.06362
123370,0.005989
123374,0.006393
123401,0.082991
123447,0.041862
123473,0.016402
123499,0.035842
123585,0.000288
123599,0.019404
123602,0.054088
123674,0.030192
123745,0.064697
123945,0.037814
123959,0.013474
124006,0.030978
124101,0.021559
124109,0.16972
124181,0.0831
124197,0.111547
124242,0.065605
124316,0.101739
124352,0.01315
124419,0.079235
124457,0.0239
124467,0.007776
124558,0.177974
124580,0.587452
124731,0.059316
124900,0.036451
124939,0.065464
124973,0.024167
125008,0.068206
125106,0.005909
125158,0.022143
125161,0.147971
125205,0.048914
125216,0.046771
125276,0.035581
125298,0.04149
125336,0.059319
125356,0.109915
125527,0.008943
125533,0.07688
125569,0.044782
125581,0.055764
125623,0.001011
125655,0.055432
125669,0.100611
125717,0.002456
125735,0.021493
125751,0.052194
125800,0.102129
125814,0.015183
125841,0.073432
125929,0.068562
125949,0.139699
125991,0.003713
126135,0.03091
126215,0.011456
126257,0.125164
126301,0.023145
126320,0.085778
126358,1.307399
126418,0.002877
126421,0.019435
126464,0.081121
126634,0.092791
126724,0.0024
126802,0.117312
126964,0.275782
127015,0.003256
127029,0.073011
127063,0.068356
127081,0.005075
127170,0.022919
127185,0.079447
127255,0.002292
127284,0.064832
127401,0.04717
127500,0.057502
127557,0.079243
127786,0.276531
127852,0.020089
127860,0.009558
127895,0.175627
127959,0.130321
128043,0.027147
128052,0.010882
128105,0.035594
128154,0.055697
128165,0.07418
128210,0.019457
128248,0.060734
128264,0.033293
128292,0.011644
128304,0.003011
128331,0.012487
128348,0.01243
128363,0.188152
128418,0.556813
128457,0.008365
128501,0.001394
128514,0.050164
128524,0.063579
128618,0.017118
128646,0.019514
128704,0.045425
128760,1.178434
128764,1.348791
128819,0.053465
128887,0.015669
128939,0.000579
128943,0.005318
128957,0.082414
128980,0.110822
129040,0.012485
129099,0.025474
129156,0.024747
129230,0.043345
129296,0.273052
129320,0.057861
129329,0.023355
129375,0.026268
129377,0.059102
129423,0.031926
129448,0.020364
129457,0.148302
129535,0.064462
129600,0.015957
129653,0.001994
129695,0.00311
129707,0.013803
129709,0.748582
129809,0.041848
129811,0.118041
129875,0.01663
129925,0.005538
129930,0.180027
129962,2.123303
130061,0.004707
130073,0.012209
130295,0.003536
130362,0.001225
130428,0.078473
130446,0.069516
130729,0.012206
130797,0.554889
130899,0.039578
130951,0.021545
131156,3.097048
131228,0.005128
131278,0.002121
131312,0.043847
131350,0.020505
131385,0.090765
131444,0.000437
131473,0.072526
131488,0.110409
131673,0.100631
131733,0.040814
131756,0.333798
131769,0.076983
131777,0.29112
131870,0.146772
131907,0.015672
132033,0.003048
132126,0.339096
132165,0.008601
132181,0.011677
132196,0.002736
132287,0.002019
132352,0.016155
132360,0.001281
132370,0.018126
132439,0.001495
132554,0.018431
132608,0.031185
132673,0.003823
132774,0.017805
132882,0.080364
132913,0.07705
132956,0.110862
132996,0.011493
133011,0.009463
133048,0.010632
133109,0.047194
133122,0.058019
133229,0.009213
133292,0.008635
133348,0.070552
133437,0.006409
133469,0.004261
133501,0.694874
133520,0.048663
133559,0.017568
133561,0.007878
133619,0.034508
133645,0.101325
133653,0.186486
133694,0.02082
133726,0.00022
133804,0.021583
133862,0.031485
133879,0.013376
133983,0.022539
134062,0.000131
134078,0.095165
134104,0.028276
134162,0.279477
134200,0.35686
134298,0.052709
134502,0.006786
134633,0.00278
134681,0.006033
134687,0.001089
134745,0.019544
134754,0.004487
134763,0.101522
134765,3.331414
134810,0.205088
134917,0.01211
134979,0.009809
135105,0.18734
135217,0.014095
135245,0.079973
135295,0.000836
135302,0.076074
135312,0.03404
135363,0.00055
135497,0.038858
135507,0.020752
135573,0.044726
135605,0.027131
135640,0.048496
135703,0.01941
135752,0.076262
135780,0.02415
135872,0.039119
135921,0.020583
135956,0.014769
135957,0.043604
135968,0.010735
135993,0.029443
136050,0.042631
136076,0.082493
136095,0.018949
136215,0.009605
136251,0.002786
136265,0.031109
136285,0.041108
136307,0.057686
136376,0.045272
136393,0.020806
136424,0.560224
136493,0.080464
136557,0.063385
136617,0.053655
136690,0.262343
136779,0.01557
136817,0.116232
137051,0.032809
137160,2.676136
137237,0.006751
137282,0.003077
137303,0.057959
137360,0.045955
137387,0.18095
137462,0.630874
137505,0.003394
137597,0.002793
137624,0.085855
137645,0.050209
137757,0.038572
137766,0.031135
137787,0.001489
137804,0.017382
137957,0.004991
137995,0.033021
138066,0.070839
138153,0.013944
138222,0.025383
138232,0.06861
138345,0.047975
138346,3.027666
138476,0.029055
138505,0.078936
138545,0.109158
138614,0.010539
138677,0.042746
138690,0.165039
138757,0.031583
138788,0.070772
138819,0.014633
138851,0.049894
138924,0.044204
138955,0.040931
138963,0.02592
139041,0.043127
139079,0.056943
139139,0.000575
139154,0.035534
139233,0.084444
139299,0.018525
139358,0.005819
139394,0.032915
139464,0.010281
139544,0.011084
139578,0.037636
139743,0.055235
139807,0.037044
139883,0.053392
139989,0.003085
140097,0.028258
140122,0.062895
140163,0.341126
140257,0.073463
140301,0.011311
140335,0.042426
140339,0.006291
140368,0.055192
140420,0.083484
140517,0.004418
140651,0.007839
140660,0.010595
140698,0.029438
140742,0.072977
140756,0.043341
140925,0.003065
140955,0.069547
141047,0.00052
141062,0.012897
141124,0.049694
141211,0.127568
141295,0.593732
141348,0.005372
141360,0.252068
141363,1.956481
141447,0.106279
141460,0.001987
141488,0.103018
141604,0.005952
141696,0.020879
141793,0.085311
141827,0.038854
141911,0.002341
141935,0.019336
141996,0.111852
142046,0.000874
142055,0.034248
142241,0.052616
142252,0.057623
142340,0.005716
142419,0.019346
142479,0.010599
142506,0.043758
142566,0.100277
142642,0.018683
142657,0.042904
142774,0.009328
142785,0.028073
142850,0.066431
142902,0.067823
142911,0.150471
142982,0.269156
143002,0.028813
143032,0.192034
143062,0.041205
143072,0.187745
143102,0.069658
143142,0.058222
143152,0.02648
143160,0.01605
143182,0.063019
143212,0.157794
143222,0.071705
143232,0.102835
143252,0.0766
143292,0.117687
143312,0.176861
143322,0.173957
143332,0.248322
143342,0.149061
143352,0.177328
143372,0.242483
143382,0.178883
143392,0.239188
143412,0.249716
143422,0.077131
143442,0.323323
143462,0.297502
143472,0.066665
143492,0.43098
143512,0.433145
143522,0.598085
143552,0.367473
143562,0.25213
143572,0.417713
143582,0.323262
143612,0.571551
143622,0.481575
143652,0.239487
143672,0.044999
143702,0.229723
143722,0.202954
143745,0.069232
143752,0.599803
143765,0.34028
143823,0.009841
143892,0.048671
143933,0.031368
143975,0.00377
144021,0.042246
144079,0.04096
144100,0.008533
144175,0.058632
144267,0.009702
144286,0.065236
144327,0.008708
144345,0.02004
144356,0.03455
144411,0.012879
144516,0.032968
144606,0.007729
144712,0.005871
144721,0.025627
144801,0.242816
144820,0.033286
144840,0.006368
144925,0.108858
144965,0.068292
145004,0.05863
145028,0.088299
145048,0.093206
145065,0.104693
145090,0.05747
145139,0.005494
145157,0.11766
145198,0.01746
145245,0.009615
145262,0.150482
145298,0.079018
145348,0.051328
145423,0.080338
145478,0.077067
145534,0.044374
145543,0.033418
145557,0.252089
145645,0.069429
145675,0.010276
145693,0.223075
145761,0.014751
145776,0.15549
145835,0.04278
145843,0.003611
145943,0.008364
145993,0.015921
146036,0.090318
146146,0.030572
146160,0.028937
146235,0.098992
146296,0.055599
146361,0.012716
146385,0.006636
146409,0.027824
146461,0.031225
146478,0.073149
146521,0.014536
146537,0.007276
146587,0.026478
146621,0.00651
146646,0.05297
146710,0.044266
146877,0.001209
147030,0.089351
147078,0.137346
147092,0.233883
147124,0.042892
147191,0.032626
147258,0.003854
147287,0.000341
147351,0.015546
147358,0.017069
147369,0.111891
147419,0.009425
147452,0.111084
147517,0.054239
147577,0.066677
147639,0.048052
147648,0.000223
147653,0.116733
147685,0.011655
147692,0.003881
147694,0.053385
147733,0.051204
147794,0.105118
147842,0.016923
147960,0.063353
148063,0.090452
148096,0.103409
148137,0.048396
148168,0.034486
148191,0.012933
148244,0.033383
148290,0.027852
148305,0.081046
148332,0.000929
148396,0.003989
148425,0.083572
148533,0.020432
148561,0.093387
148641,0.039438
148651,0.00029
148819,0.027403
148867,0.003798
148978,0.123028
149013,0.043526
149035,0.004682
149080,0.081327
149111,0.002206
149123,0.019377
149126,0.009304
149145,0.050617
149159,0.196389
149232,0.012435
149366,0.010828
149419,0.004039
149502,0.030807
149539,0.066237
149584,0.062755
149640,0.021537
149719,0.034448
149746,10.393075
149758,0.269563
149877,0.094634
149957,0.004293
149969,0.046868
150055,0.062167
150099,0.012728
150129,0.427188
150150,0.004856
150175,0.187625
150254,0.058834
150276,0.04428
150295,0.010434
150343,0.000568
150392,0.000943
150429,0.000265
150500,0.009716
150538,0.024193
150571,0.0285
150599,0.005778
150727,0.039435
150778,0.184131
150814,0.021103
150837,0.019242
150904,0.015047
150956,0.101245
150964,0.222333
151111,0.058611
151169,0.078736
151250,0.006614
151305,0.046301
151408,0.045844
151461,0.00616
151517,0.005402
151560,0.091691
151588,0.014612
151596,0.007939
151657,0.024512
151691,0.056509
151712,0.001299
151747,0.455377
151885,0.013402
151925,0.046567
152024,0.043036
152047,0.006966
152105,0.005226
152156,0.076865
152161,0.114659
152249,0.014323
152267,0.016887
152286,0.046972
152305,0.149878
152336,0.025564
152353,0.18629
152411,0.030535
152471,0.035508
152556,0.029884
152591,0.053057
152625,0.004926
152677,0.007867
152711,0.082907
152738,0.04311
152751,0.023232
152756,0.295753
152796,0.286585
152833,0.134612
152855,0.030596
152869,0.02411
152882,0.084998
152970,0.043914
152976,0.155887
152999,0.027767
153056,0.046501
153085,0.097257
153127,0.039195
153179,0.065145
153209,0.027052
153329,0.087433
153358,0.110407
153363,0.010802
153400,0.009214
153404,0.112123
153436,0.161984
153469,0.050369
153489,0.160356
153588,0.022786
153638,0.001057
153665,0.124451
153778,0.007271
153793,0.114155
153956,0.041567
154056,0.010668
154064,0.03383
154077,0.059094
154390,0.00571
154393,0.041194
154423,0.075723
154438,0.007512
154562,0.020097
154617,0.003782
154686,0.045557
154716,0.053325
154728,0.015927
154799,0.002323
154821,0.032161
154852,0.007733
154907,0.004932
154956,0.027114
154985,0.003364
154997,0.008529
155013,0.010624
155090,0.036417
155110,0.001949
155146,0.009571
155156,0.753015
155204,0.029004
155291,0.030082
155319,0.030828
155358,0.02245
155381,0.050635
155402,0.018075
155523,0.023225
155558,0.042259
155571,0.04014
155641,0.011439
155675,2.484489
155757,0.002534
155767,0.119407
155797,0.089604
155865,0.014765
155925,0.014077
155972,0.000999
156005,0.0612
156067,0.022257
156074,0.132218
156120,0.020538
156151,0.066283
156228,0.023142
156260,0.002085
156293,0.031243
156302,0.034891
156345,0.458336
156363,0.218567
156424,0.000897
156439,0.041789
156453,0.004683
156487,0.026855
156513,0.030317
156568,0.006499
156591,0.019009
156604,0.011084
156648,0.040873
156670,0.000716
156688,0.0459
156779,0.080199
156816,0.031352
156859,0.005921
156884,0.011032
156914,0.108331
156959,0.532168
157038,0.028389
157086,0.022615
157127,0.013856
157134,0.000654
157213,0.032064
157228,0.050582
157248,0.01691
157279,0.043885
157398,0.028177
157441,0.020171
157454,0.124617
157456,0.202973
157492,0.029482
157553,0.005845
157563,0.15296
157564,0.759043
157615,0.047905
157712,0.001217
157753,0.05014
157799,0.003475
157818,0.017406
157874,0.027589
158024,0.195377
158159,0.036634
158170,0.41212
158224,0.00796
158231,0.244868
158313,0.007708
158330,0.060168
158346,0.004504
158409,0.030029
158507,0.071071
158510,0.019793
158575,0.045991
158607,0.090498
158639,0.229094
158695,0.144335
158737,0.011592
158757,0.020402
158759,0.010462
158788,0.026899
158827,0.046258
158902,0.025795
158956,0.004837
159053,0.00929
159092,0.001597
159110,0.101023
159163,0.011741
159224,0.004229
159271,0.003897
159371,0.240761
159495,0.017079
159558,0.539548
159639,0.149029
159706,0.017027
159748,0.670345
159959,0.093354
160032,0.001002
160076,0.015611
160093,0.446719
160133,0.00969
160247,0.0676
160298,0.072441
160313,0.037221
160347,0.014603
160352,0.023254
160371,0.034173
160399,0.034598
160419,0.069584
160433,0.082028
160477,0.036991
160529,0.009315
160557,0.295548
160604,0.070379
160666,0.689621
160697,0.518658
160775,0.209429
160844,0.026183
160854,0.024731
160890,0.074787
160927,0.016534
160972,0.06619
161090,0.009079
161127,0.005651
161160,0.374909
161231,0.011231
161267,0.00666
161324,0.097779
161385,0.012393
161425,0.022758
161431,0.074931
161530,0.004798
161580,0.273493
161621,0.008246
161684,0.024367
161709,0.111713
161755,0.517202
161763,0.254067
161805,0.034209
161808,0.040999
161905,0.066935
161962,0.806314
162006,0.034916
162030,0.03681
162078,0.046586
162135,0.183393
162167,0.011769
162292,0.032066
162310,0.050132
162316,0.052845
162359,0.086304
162364,4.200118
162431,0.257835
162471,0.008658
162497,0.019629
162541,0.0246
162614,0.091601
162686,0.127599
162751,0.136409
162785,0.014859
162869,0.006635
162892,0.004594
162956,0.018189
163016,0.004412
163086,0.044313
163115,0.031029
163159,0.129231
163215,0.03839
163396,0.02746
163485,0.023134
163553,0.029113
163564,2.879586
163629,0.009446
163678,0.111378
163761,0.011071
163781,0.235741
163831,0.00055
163918,0.044819
163947,0.05248
163986,0.119014
164024,0.066606
164125,0.030139
164156,0.180452
164165,0.058857
164198,0.056172
164213,0.163377
164259,0.169712
164304,0.016731
164325,0.034954
164426,0.099204
164454,0.042828
164501,0.00951
164527,0.017011
164674,0.023481
164746,0.088907
164759,0.171273
164797,0.005674
164798,0.450848
164862,0.070954
164909,0.019018
164916,0.045544
164943,0.02416
164957,0.011541
164993,0.02364
165063,0.09307
165095,0.008073
165113,0.126947
165156,0.039818
165175,0.015175
165218,0.000556
165273,0.002678
165308,0.149567
165361,1.474416
165436,0.028911
165481,0.03363
165537,0.022681
165575,0.008462
165599,0.023195
165607,0.000605
165696,0.019762
165721,0.00419
165727,0.073786
165773,0.021164
165774,0.241325
165780,0.157698
165817,0.046457
165839,0.02935
165945,0.027634
165960,3.309191
166056,0.003645
166062,0.051855
166119,0.01071
166139,0.02534
166210,0.186055
166277,3e-06
166430,0.025003
166444,0.055453
166470,0.765385
166503,0.008929
166575,0.042968
166627,0.021881
166690,0.0595
166717,0.005752
166799,0.090466
166836,0.017303
166880,0.035087
166928,0.36472
166935,0.448959
167052,0.017654
167124,0.085213
167155,0.011898
167163,0.042586
167199,0.053692
167215,0.044601
167256,0.194874
167299,0.009653
167402,0.002798
167421,0.009438
167447,0.031173
167471,0.022516
167498,0.081197
167524,0.014934
167554,0.020005
167589,0.070317
167651,0.035082
167705,0.0174
167710,0.024421
167743,0.010168
167756,0.017534
167764,2.844187
167822,0.010925
167889,0.021416
167907,0.030057
167995,0.022702
168012,0.038699
168119,0.017587
168148,0.045569
168283,0.005935
168295,0.016541
168311,0.195391
168478,0.471687
168587,0.006918
168658,0.046512
168691,0.093935
168724,0.01623
168740,0.020648
168766,0.03176
168841,0.059037
168851,0.009211
168877,0.061183
168943,0.023326
168967,0.050511
168997,0.058194
169135,0.003718
169307,0.016211
169320,0.21995
169348,0.005845
169389,0.017279
169435,0.011355
169468,0.032855
169507,0.041459
169536,0.004584
169557,2.190037
169598,0.662605
169635,0.099671
169665,0.019014
169694,0.04442
169776,0.025959
169855,0.033186
169873,0.017261
169991,0.001801
170028,0.007481
170063,0.027432
170145,0.07623
170157,0.053951
170161,0.570239
170205,0.079903
170250,0.005343
170270,0.007499
170308,0.029175
170346,0.028508
170394,0.108051
170438,0.014907
170487,0.013824
170511,0.008469
170552,0.0395
170715,0.004961
170755,0.070722
170765,0.581944
170772,0.82812
170835,0.195349
170868,0.091582
170892,0.018355
170941,0.025295
170961,0.001142
170970,0.15871
171084,0.005934
171141,0.021157
171167,0.00841
171201,0.020154
171334,0.026187
171395,0.000214
171434,0.122059
171464,0.04032
171483,0.033284
171579,0.098387
171669,0.000459
171709,0.000783
171717,0.014555
171730,0.010425
171765,0.0079
171881,0.007916
171931,0.043046
171937,0.015224
171960,0.34692
172008,0.005868
172068,0.029511
172095,0.011617
172109,0.018327
172117,0.045971
172148,0.023748
172201,0.072274
172240,0.040785
172281,0.076041
172284,0.011018
172307,0.006952
172390,0.007776
172556,0.019052
172575,0.076384
172620,0.01796
172647,0.017086
172681,0.020345
172753,0.006261
172802,0.064464
172819,0.017139
172858,0.005984
172935,0.002875
172957,0.006932
172993,0.06048
173082,0.006115
173141,0.018465
173156,0.017285
173161,0.624178
173214,0.058316
173391,0.008218
173395,0.002314
173418,0.053695
173447,0.029062
173518,0.017168
173553,0.369037
173624,0.001318
173625,0.093714
173682,0.034444
173696,0.035208
173727,0.015287
173761,0.003431
173763,0.152986
173847,0.006335
173902,0.014367
173991,0.017806
174053,0.589187
174113,0.026815
174130,0.111775
174254,0.080901
174302,0.054187
174320,0.037035
174357,0.060929
174364,0.395899
174382,0.102929
174441,0.048443
174502,0.001892
174529,0.002702
174550,0.094089
174569,0.073742
174589,0.431443
174606,0.550778
174669,0.107467
174689,0.003795
174699,0.034345
174709,0.007373
174739,0.083812
174749,0.125039
174759,0.409531
174779,0.193306
174799,0.604507
174819,0.384445
174829,0.343771
174859,0.643199
174869,0.120168
174879,0.280693
174889,0.022563
174899,0.498056
174929,0.099725
174949,0.450329
174999,0.542538
175019,0.008927
175049,0.013132
175073,0.006223
175096,0.065531
175167,0.005118
175203,0.001977
175224,0.162494
175250,0.147385
175360,0.036573
175394,0.032452
175410,0.031901
175449,0.035168
175456,0.051665
175496,0.020966
175506,0.436681
175559,0.058179
175565,0.019937
175605,0.011879
175620,0.040457
175641,0.034602
175674,0.061366
175703,0.007593
175725,0.123574
175829,0.0351
175847,0.038285
175872,0.010422
175900,0.04515
175959,0.05431
175996,0.124488
176156,0.020559
176158,0.024747
176159,0.733352
176208,0.002936
176384,0.020503
176416,0.003345
176443,0.007044
176453,0.032089
176513,0.059238
176534,0.005702
176539,0.664959
176554,0.026418
176579,0.016888
176721,0.06754
176757,0.106906
176800,0.042912
176857,0.018084
176929,0.058936
176969,0.045482
176998,0.009781
177021,0.030781
177048,0.002642
177057,0.039694
177104,0.018079
177143,0.024157
177223,0.030676
177325,0.016807
177339,0.047565
177364,0.152246
177372,0.03749
177454,0.008015
177512,0.072895
177538,0.094702
177589,0.010589
177620,0.186041
177651,0.029605
177685,0.006244
177739,0.010644
177761,0.021801
177767,0.002946
177815,0.041475
177821,0.002948
177885,0.013517
177907,0.02949
177923,0.031249
177945,0.064781
177958,0.005469
177967,0.075261
178132,0.003422
178141,0.010265
178178,0.157815
178219,0.024817
178323,0.078917
178421,0.031199
178454,0.000167
178462,0.093749
178482,0.006409
178523,0.002601
178547,0.029125
178564,0.086747
178569,0.107308
178595,0.00326
178723,0.03171
178752,0.007969
178781,0.00161
178787,0.013176
178814,0.011112
178851,0.017124
178900,0.000299
178981,0.010643
179035,0.005539
179069,0.016449
179145,0.017808
179155,0.162041
179163,0.51018
179189,0.064221
179260,0.056437
179367,0.034876
179412,0.027986
179434,0.003075
179454,0.030536
179568,0.071628
179602,0.084811
179627,0.012509
179699,0.040719
179745,0.022319
179767,0.00029
179801,0.004621
179861,0.008799
179899,0.045374
179935,0.015537
179979,0.03365
179995,0.011532
180079,0.072883
180115,0.001797
180156,0.009861
180233,0.05196
180263,0.080047
180318,0.049293
180359,0.032363
180405,0.005339
180491,0.056863
180515,0.190089
180587,0.026647
180627,0.970628
180704,0.028396
180746,0.023949
180771,0.58408
180861,0.017123
180871,0.023923
180908,0.022061
180947,0.204958
180963,0.403492
180988,0.016262
181003,0.01308
181098,0.013943
181100,0.022403
181130,0.00459
181140,0.334397
181213,0.009315
181215,0.006213
181251,0.014156
181278,0.067151
181321,0.010517
181333,0.008911
181450,0.017419
181501,0.018228
181527,0.090916
181556,0.091367
181561,0.070181
181655,0.480305
181696,0.037686
181715,0.02226
181726,0.021709
181787,0.045826
181824,0.011
181833,0.002825
181876,0.003878
181929,0.00504
182012,0.028428
182081,0.003074
182163,0.018194
182169,0.366147
182295,0.080063
182360,0.065898
182397,0.017927
182433,0.12502
182476,0.052277
182527,0.020122
182613,0.015147
182669,0.029265
182729,0.033196
182874,0.025969
182893,0.097242
182933,0.027707
182983,0.035109
183010,0.288695
183035,0.00741
183055,0.012596
183068,0.349273
183097,0.001956
183122,0.003174
183132,0.005314
183173,0.041681
183201,0.005848
183250,0.035015
183284,0.002293
183288,0.12357
183318,1.756326
183361,1.611911
183415,0.000419
183425,0.044612
183493,0.012757
183500,0.019289
183650,0.021869
183692,0.046835
183707,0.108111
183820,0.000277
183863,0.006421
183888,0.002458
183908,0.010296
183946,0.126127
183963,7.963411
184049,0.487374
184051,0.001202
184121,0.015774
184156,0.040368
184385,0.108836
184429,0.01043
184432,0.038499
184450,0.003778
184457,0.061069
184503,0.003672
184562,0.097883
184588,0.051861
184600,0.16061
184665,0.0178
184686,0.015422
184837,0.010986
184885,0.107303
184939,0.285202
184980,0.09419
185036,0.072913
185091,0.030178
185137,0.037552
185165,0.019434
185203,0.011145
185291,0.056052
185460,0.010345
185489,0.054027
185565,0.087244
185584,0.144286
185624,0.002541
185697,0.001115
185712,0.121579
185761,0.023767
185762,0.518563
185809,0.222212
185933,0.042381
185948,0.080685
185988,0.039134
186020,0.020593
186048,0.064278
186145,0.025768
186168,0.002139
186183,0.017583
186235,0.253647
186281,0.186902
186321,0.00051
186344,0.11807
186359,0.01084
186361,0.454185
186402,0.046287
186490,0.031492
186629,0.106108
186650,0.014535
186692,0.001378
186735,0.102713
186777,0.053194
186856,0.010534
186858,0.003343
186945,0.144221
186956,0.08364
186979,0.406944
187015,0.009803
187101,0.022679
187204,0.024216
187276,0.057575
187307,0.021137
187361,0.023986
187381,0.014487
187390,0.665742
187527,0.076991
187557,0.872232
187568,2.068928
187635,0.004588
187693,0.033456
187744,0.003175
187748,0.033036
187805,0.257415
187828,0.066205
187882,0.092671
187930,0.003077
187933,0.054992
187949,0.137593
188053,0.030413
188093,0.020578
188117,0.000848
188132,0.028475
188158,0.009468
188166,0.51733
188208,0.044235
188235,0.429234
188285,0.168206
188331,0.00139
188345,0.043529
188398,0.054416
188399,0.521196
188451,0.029235
188588,0.004956
188624,0.336592
188665,0.008677
188695,0.057522
188727,0.016319
188755,0.009233
188760,0.034788
188852,0.010654
188897,0.035839
188969,0.021666
188985,0.007541
189015,0.002253
189045,0.03403
189060,0.007114
189128,0.067976
189145,0.004386
189255,0.09118
189304,0.004076
189326,0.011629
189339,0.062202
189357,0.01619
189365,0.041929
189369,0.048927
189484,0.020901
189532,0.025956
189582,0.000632
189654,0.088082
189682,0.064708
189813,0.002135
189844,0.072102
189884,0.030367
189893,0.05834
189973,0.087979
190045,0.007177
190057,0.01536
190108,0.091098
190144,0.029895
190183,0.012284
190228,0.04162
190305,0.068807
190402,0.036161
190451,0.533526
190487,0.104893
190533,0.023955
190545,0.057084
190557,0.647197
190748,0.002977
190793,0.011206
190802,0.050302
190962,0.008589
190986,0.126842
191037,0.019751
191057,0.488333
191105,0.028556
191162,1.805153
191201,0.000884
191216,0.015279
191261,0.035297
191278,0.040949
191336,0.005748
191400,0.00728
191435,0.136755
191462,0.010525
191482,0.018203
191543,0.01296
191580,0.015296
191596,0.007462
191653,0.025134
191666,0.044686
191696,0.029929
191719,0.030405
191740,0.118287
191822,0.020765
191873,0.113064
191933,0.075689
192023,0.050483
192088,0.034618
192117,0.03705
192130,0.041247
192139,0.003528
192156,0.014147
192175,0.005176
192181,0.053414
192215,0.006177
192345,0.022862
192359,0.141204
192419,0.114179
192449,0.589541
192502,0.093458
192535,0.010028
192541,0.001027
192621,0.019826
192735,0.002338
192740,0.004087
192793,0.02367
192814,0.047886
192951,0.010491
192956,0.046174
192966,0.10418
192968,0.00254
193008,0.116624
193065,0.044946
193109,0.019996
193130,0.087084
193154,0.07923
193160,0.040813
193175,0.057976
193223,0.549386
193274,0.026124
193318,0.044069
193393,0.039449
193454,0.078048
193546,0.013424
193566,0.067069
193731,0.295643
193768,0.020378
193809,0.062357
193825,0.00412
193840,0.104182
193910,0.075454
193933,0.060347
193968,0.055758
194025,0.05098
194047,0.006009
194060,0.006812
194104,0.048119
194125,0.029628
194156,0.036336
194250,0.019349
194277,0.002728
194311,0.07022
194401,0.003471
194462,0.075178
194485,0.128218
194545,0.047231
194656,0.004596
194716,0.008014
194745,0.002577
194759,0.030621
194818,0.027539
194856,0.013445
194873,0.004332
194883,0.000802
194965,0.122431
195016,0.090826
195042,0.059002
195179,0.00247
195244,0.061039
195297,0.058536
195314,0.029098
195358,0.15918
195516,0.003161
195625,0.040122
195767,0.085012
195863,0.03456
195886,0.064465
195906,0.042031
195966,0.177917
196008,0.051411
196041,0.116346
196145,0.000248
196173,0.454864
196221,0.024853
196287,0.770606
196325,0.069115
196427,0.001079
196433,0.052466
196474,0.029776
196481,0.016242
196562,0.038364
196564,0.2158
196599,0.018587
196601,0.021935
196631,0.169822
196654,0.007212
196716,0.036744
196762,0.00274
196763,0.070131
196789,0.005198
196907,0.079674
196944,0.009238
197062,0.246973
197102,0.000528
197117,0.000846
197137,0.055595
197156,0.021536
197158,0.180073
197189,0.03066
197230,0.011592
197250,0.761839
197332,0.025156
197374,0.013621
197376,0.192109
197436,0.041614
197532,0.005713
197559,0.007991
197585,0.051592
197625,0.001021
197700,0.001322
197746,0.284126
197756,0.029084
197771,0.030992
197784,0.244785
197940,0.017749
198010,0.364508
198149,0.043537
198247,0.004743
198320,0.027998
198340,0.031976
198360,0.185551
198363,0.08273
198440,0.016112
198451,0.2107
198458,0.045721
198541,0.000202
198549,0.03828
198587,0.082803
198732,0.046973
198775,0.05528
198885,0.233847
198944,0.086218
198946,0.111124
199047,0.140075
199122,0.012719
199170,0.006692
199173,0.069063
199187,0.041558
199203,0.030226
199287,0.022779
199413,0.037807
199437,0.05903
199463,0.063271
199555,0.016918
199561,0.068825
199658,0.1572
199662,0.087915
199715,0.005984
199800,0.003623
199815,0.015302
199911,0.019499
199956,0.043488
200002,0.033033
200008,0.026584
200032,0.058506
200075,0.077313
200105,0.034295
200143,0.046406
200156,0.012471
200164,0.133207
200201,0.050372
200246,0.003032
200267,0.044905
200276,0.173715
200318,0.489586
200369,0.001838
200448,0.063757
200495,0.007176
200506,0.025189
200523,0.000159
200556,0.056444
200607,0.027018
200640,0.03879
200665,0.020441
200698,0.117855
200719,0.072603
200768,0.052895
200794,0.008466
200825,0.023505
200844,0.055444
200896,0.003069
200915,0.094427
200923,0.099006
200995,0.037188
201016,0.152572
201050,0.023696
201071,0.022218
201085,0.035569
201105,0.122805
201118,0.017943
201185,0.000605
201192,0.156693
201234,0.004279
201291,0.015241
201293,0.010371
201311,0.002593
201358,0.003123
201360,0.502527
201428,0.020547
201466,0.025715
201478,0.028919
201503,0.001728
201522,0.028626
201558,0.025274
201637,0.004965
201715,0.057597
201767,0.088726
201789,0.135061
201879,0.012661
201946,0.044427
201963,0.018473
201971,0.041457
202027,0.040202
202187,0.008781
202247,0.019721
202287,0.050607
202317,0.010718
202381,0.064558
202389,0.024918
202413,0.026524
202473,0.034506
202496,0.011535
202540,0.015181
202551,0.014809
202635,0.052306
202703,0.032585
202758,0.014176
202827,0.135659
202846,0.036865
202870,0.018289
202879,0.016948
202970,0.616787
202997,0.053054
203025,0.01934
203047,0.665604
203081,0.004449
203136,0.041256
203159,1.263878
203196,0.005141
203216,0.143853
203282,0.049346
203361,0.103301
203408,0.084929
203475,0.012834
203495,0.092703
203521,2.256501
203580,0.030386
203591,0.036899
203639,0.041822
203667,0.02993
203693,0.0133
203766,0.060037
203769,0.724825
203825,0.010512
203849,0.093649
203943,0.022576
203960,0.002957
203964,0.032986
204033,0.064066
204093,0.027151
204177,0.090609
204303,0.016123
204327,0.003829
204345,0.028267
204357,0.178938
204425,0.004373
204502,0.005399
204530,0.052472
204556,0.11211
204577,0.004159
204724,0.016441
204729,0.037038
204745,0.068083
204775,0.011484
204874,0.015289
204924,0.011786
204954,0.03238
204959,0.397829
205044,0.039493
205058,0.168457
205182,0.008995
205279,0.001411
205289,0.05857
205359,0.024108
205376,0.00664
205439,0.038227
205472,0.014551
205504,0.043132
205527,0.009087
205558,0.027289
205561,0.029097
205585,0.295126
205633,0.018097
205668,0.016594
205691,0.429067
205835,0.043231
205859,0.034622
205885,0.009154
205918,0.047697
205952,0.018332
206027,0.005027
206115,0.119947
206135,0.05128
206157,0.086471
206166,0.00179
206242,0.177743
206271,0.061503
206351,0.021951
206422,0.020743
206467,0.101034
206518,0.044247
206525,0.004382
206546,0.019528
206549,0.068769
206603,0.012032
206615,0.003821
206634,0.057713
206684,0.018756
206694,0.002128
206716,0.100399
206765,0.102191
206831,0.365482
206875,0.012416
206898,0.016564
206907,0.087136
206923,0.007319
206957,0.027466
206970,0.013299
206996,0.003479
207069,0.04733
207132,0.056886
207159,0.057187
207192,0.025207
207253,0.002434
207291,0.019253
207426,0.049829
207435,0.068304
207496,0.006271
207559,0.043965
207586,0.051779
207613,0.058055
207803,0.132365
207852,0.000965
207879,0.033697
207916,0.164663
207927,0.024547
207937,0.078746
207958,0.189034
207987,0.03691
207999,0.063374
208032,0.134413
208069,0.037949
208110,0.041554
208156,0.014294
208180,0.00651
208183,0.067785
208208,0.071111
208254,0.052142
208330,0.025361
208355,0.008495
208448,0.052774
208493,0.025652
208494,0.353451
208542,0.030997
208555,0.31351
208620,0.173199
208661,0.02641
208686,0.042272
208786,0.018511
208789,0.010807
208845,0.05595
208909,0.047556
208945,0.002165
208974,0.05821
209043,0.01539
209061,0.02974
209098,0.010256
209122,0.030965
209146,0.080914
209241,1.018223
209300,0.143054
209322,0.077079
209358,0.008353
209368,0.040958
209397,0.049657
209435,0.053273
209442,0.38913
209493,0.374733
209625,0.012217
209635,0.001029
209675,0.002695
209702,0.016448
209733,0.00396
209745,0.023957
209764,0.023206
209833,0.007827
209844,0.001836
209872,1.427415
209939,0.010296
209965,0.0016
209966,0.235493
210020,0.020777
210079,0.012793
210152,0.005779
210220,0.00519
210262,0.037339
210290,0.014201
210333,0.220039
210362,0.038453
210390,0.02461
210411,0.04861
210442,0.03546
210476,0.007543
210509,0.027728
210522,0.006182
210577,0.000988
210631,0.029726
210644,0.587213
210738,0.013842
210773,0.013045
210800,0.001215
210879,0.001087
210908,0.031023
210945,0.009248
211038,0.022045
211092,0.029941
211145,0.028171
211166,0.095994
211199,0.029446
211215,0.036538
211255,0.025505
211333,0.013295
211354,0.073139
211410,0.04377
211424,0.070397
211480,0.012393
211555,0.027761
211559,0.235051
211565,1.975373
211637,0.046733
211738,0.043193
211782,0.010243
211790,0.041422
211820,0.045299
211861,0.022551
211895,0.016227
211925,0.019017
211975,0.01089
212060,0.030385
212139,0.088006
212167,0.063968
212173,0.178727
212178,0.058391
212302,0.064981
212328,0.064015
212353,0.023275
212425,0.031792
212483,0.1178
212515,0.009099
212624,0.102047
212638,0.035139
212654,0.030923
212675,0.034776
212732,0.065479
212756,0.669789
212760,1.51636
212852,0.075709
212903,0.025377
213012,8.4e-05
213135,0.002341
213182,0.191064
213201,0.022343
213297,0.04204
213328,0.060076
213332,0.047563
213487,0.012753
213562,0.046079
213589,0.024106
213698,0.090475
213836,0.010723
213905,0.070606
213959,0.015139
213978,0.157276
214049,0.006803
214096,0.057252
214128,0.01091
214193,0.011148
214249,0.079547
214344,0.078205
214375,0.0004
214394,0.617651
214428,0.027201
214453,0.017718
214501,0.009734
214552,0.001175
214615,0.097617
214624,0.039966
214695,0.006735
214732,0.036797
214749,0.345128
214791,0.020044
214807,0.065307
214846,0.063666
214873,0.011659
214891,0.051838
215047,0.003311
215156,0.062271
215177,0.029818
215219,0.024249
215233,0.064916
215285,0.083791
215307,0.036085
215340,0.008188
215385,0.063853
215386,0.216878
215423,0.009168
215476,0.022165
215527,0.004252
215563,0.01892
215574,0.035075
215695,0.001522
215761,0.189594
215771,0.011174
215858,0.040177
215881,0.059919
215897,3.220492
215973,0.021131
216035,0.045294
216237,0.007169
216258,0.185168
216369,0.001676
216429,0.038984
216455,0.024518
216532,0.025432
216550,0.066923
216595,0.01517
216638,0.031654
216691,0.053803
216802,0.102188
216850,0.032679
216952,0.002565
216959,0.673271
217022,0.018465
217035,0.025858
217048,0.035506
217064,0.007239
217113,0.005812
217121,0.000903
217133,0.007483
217205,0.04297
217236,0.011471
217258,0.097038
217379,0.026149
217410,0.042492
217448,0.343054
217505,0.0738
217553,0.013097
217560,1.222664
217586,0.639667
217633,0.034163
217658,0.092058
217687,0.068041
217709,0.028337
217755,0.276116
217806,0.090464
217901,0.037821
217949,0.005772
218007,0.00772
218061,0.016167
218081,0.011324
218124,0.015687
218157,0.005304
218269,0.061532
218352,0.015094
218375,0.003087
218399,0.009615
218409,0.082092
218457,0.048162
218503,0.074939
218541,0.009516
218559,0.03596
218569,0.04618
218609,0.019556
218691,0.041561
218745,0.005541
218765,1.001339
218852,0.070038
218882,0.019985
218980,0.009204
219005,0.018167
219018,0.022609
219032,0.00938
219201,0.02735
219229,0.026363
219275,0.275888
219330,0.101098
219364,0.421794
219435,0.102783
219590,0.034456
219647,0.042395
219673,0.016643
219686,0.014249
219877,0.004963
219879,0.0425
219893,0.087417
219924,0.098854
219965,0.232027
220038,0.00118
220098,0.094598
220137,0.060782
220181,0.094103
220186,0.001293
220277,0.237159
220304,0.068908
220375,0.057021
220393,0.01439
220407,0.066373
220485,0.002313
220487,0.083321
220591,0.047851
220710,0.018705
220854,0.088592
220918,0.05426
221038,0.072495
221073,0.049848
221089,0.032214
221095,0.014628
221140,0.003214
221151,0.031813
221160,0.046374
221162,0.391899
221253,0.012887
221271,0.046855
221463,0.018577
221465,0.056235
221511,0.08703
221552,0.021545
221635,0.002608
221649,0.024051
221707,0.00886
221745,0.070697
221749,0.022848
221755,0.017558
221864,0.020359
221921,0.123061
221977,0.04381
222002,0.002964
222074,0.007418
222187,0.034009
222211,0.028181
222224,0.022486
222250,0.226263
222360,0.200518
222404,0.010854
222500,0.048003
222580,0.009399
222605,0.031305
222651,0.028677
222691,0.109906
222725,0.032461
222760,0.104233
222811,0.009325
222832,0.036093
222914,0.051563
222935,0.040636
222944,0.04741
222958,0.002185
222984,0.089844
223090,0.01567
223093,0.003372
223104,0.019505
223114,0.001835
223127,0.007782
223187,0.044024
223228,0.029682
223273,0.042655
223288,0.021997
223319,0.013938
223417,0.008313
223444,0.105494
223483,0.008519
223504,0.005583
223519,0.249456
223539,0.015322
223567,0.021712
223568,0.096825
223651,0.024726
223682,0.04608
223705,0.018284
223720,0.008913
223737,0.010298
223791,0.028185
223828,0.092459
223892,0.010611
223922,0.005409
223932,0.100946
223975,0.009085
224029,0.0137
224074,0.002786
224092,0.102963
224138,0.011653
224145,0.00387
224160,0.970544
224220,0.017444
224248,0.030092
224317,0.076135
224347,0.008518
224429,0.001382
224455,0.005753
224514,0.009017
224534,0.038563
224594,0.024218
224650,0.030952
224716,0.002088
224737,0.007487
224746,0.01865
224763,1.435383
224817,0.032063
224865,0.186875
224882,0.027527
224910,0.063105
224931,0.055017
224947,0.060608
224958,0.005735
224986,0.014942
225046,0.00624
225070,0.006381
225136,0.036996
225143,0.048804
225186,0.001269
225206,0.078795
225265,0.083789
225292,0.024299
225335,0.034948
225358,0.262176
225431,0.069068
225491,0.006232
225510,0.001396
225525,0.11628
225558,0.006982
225591,0.018238
225686,0.109151
225745,0.034564
225789,0.052895
225833,0.066233
225841,0.035539
225876,0.031635
225945,0.004633
225960,0.043433
226092,0.03458
226101,0.240891
226175,0.040592
226187,0.063977
226195,0.012638
226214,0.021347
226250,0.002552
226340,0.013161
226490,0.003995
226503,0.042619
226525,0.02876
226564,0.028186
226598,0.023216
226645,0.026356
226657,0.009416
226680,0.003563
226685,0.014608
226721,0.019877
226753,0.01478
226785,0.038357
226839,0.047413
226869,0.020268
226917,0.02365
226964,0.043371
227001,0.037951
227008,0.014456
227011,0.091895
227021,0.20475
227064,0.093796
227084,0.438477
227165,0.013207
227167,0.036065
227247,0.373741
227427,0.107055
227459,0.030571
227581,0.068636
227646,0.100898
227753,0.022929
227789,0.600196
227892,0.053653
227956,0.030503
227973,0.00681
228004,0.026412
228030,0.007195
228057,0.018313
228138,0.009531
228267,0.020872
228314,0.045918
228318,0.124268
228336,0.072166
228358,0.110741
228378,0.024028
228476,0.01091
228634,0.013194
228697,0.0405
228733,0.019116
228736,0.153585
228813,0.23752
228870,0.023061
228896,0.058395
228959,0.25761
228960,0.782525
229122,0.06033
229162,0.024529
229280,0.046223
229305,0.031773
229519,0.091106
229534,0.026514
229543,0.024274
229559,0.011808
229581,0.036146
229619,0.016211
229647,0.016367
229711,0.021272
229721,0.012327
229752,0.004926
229790,0.015942
229815,0.018815
229865,0.032535
229894,0.098519
229943,0.003413
229975,0.025996
230084,0.017161
230145,0.001658
230146,0.289871
230158,0.042909
230175,0.358207
230271,0.076056
230320,0.015627
230359,0.006656
230375,0.04633
230417,0.010696
230533,0.079034
230630,0.029183
230692,0.008739
230718,0.052939
230753,0.05961
230774,0.365137
230833,0.317717
230893,0.080813
230903,0.148212
230923,0.149957
230933,0.055001
230943,0.093069
230953,0.11348
230983,0.644745
231003,0.027115
231013,0.00424
231023,0.158463
231053,0.072889
231063,0.127055
231093,0.380902
231103,0.054252
231113,0.234657
231133,0.344175
231163,0.139115
231173,0.175026
231183,0.25104
231193,0.120602
231233,0.746229
231243,0.326284
231253,0.233572
231263,0.095321
231273,0.400842
231283,0.073848
231293,0.034891
231313,0.270345
231323,0.216069
231343,0.328362
231353,0.367648
231383,0.258967
231393,0.121384
231413,0.493972
231433,0.159836
231453,0.592784
231463,0.018393
231473,0.189391
231493,0.521934
231503,0.708488
231513,0.407467
231553,0.884015
231610,0.002584
231613,0.016113
231665,0.021005
231736,0.041482
231747,0.008101
231840,0.041532
231910,0.061163
231946,0.159544
232044,0.003896
232115,0.019816
232149,0.083689
232199,0.03392
232295,0.011396
232311,0.003886
232461,0.025062
232476,0.470624
232546,0.001368
232562,0.046554
232564,0.066442
232575,0.123986
232644,0.034404
232671,0.056378
232689,0.003938
232821,0.015542
232857,0.337451
232916,0.003781
232934,0.006306
232936,0.049328
233027,0.076604
233128,0.035124
233150,0.777678
233174,0.018498
233222,0.003588
233236,0.001797
233329,0.01636
233379,0.067077
233408,0.001829
233442,0.008393
233545,0.007326
233735,0.004145
233745,0.004142
233751,0.000315
233768,0.055346
233771,0.012275
233785,0.086634
233809,0.514859
233867,0.009426
233919,0.005362
233975,0.001685
234028,0.000307
234119,0.090654
234293,0.139321
234356,0.080903
234396,0.049269
234412,0.017379
234441,0.047125
234507,0.002205
234515,0.036851
234613,0.432606
234658,0.011248
234671,0.015003
234694,0.02806
234745,0.068657
234783,0.085021
234807,0.027523
234875,0.001538
234904,0.005469
234945,1.077067
234964,0.042829
235010,0.068782
235036,0.077861
235064,0.038109
235077,0.000984
235149,0.000651
235156,0.038035
235201,0.031622
235296,0.020665
235387,0.026953
235493,0.069882
235546,0.019654
235561,0.024652
235566,0.047916
235645,0.048864
235696,0.074388
235733,0.063498
235747,0.106283
235765,0.069646
235917,0.038044
236023,0.069501
236122,0.00833
236129,0.054439
236158,0.020244
236169,0.017912
236337,0.058407
236427,0.013501
236437,0.000107
236480,0.007895
236500,1.507109
236600,0.054055
236630,0.096526
236667,0.01969
236720,0.058439
236734,0.032435
236740,0.028989
236757,0.087979
236810,0.075899
236830,0.224445
236850,0.387601
236870,0.201757
236890,0.151343
236900,0.128496
236910,0.218169
236930,0.764083
236950,0.153604
236960,0.511308
236990,0.376478
237020,0.736252
237040,0.043293
237050,0.763715
237060,0.392971
237070,0.083804
237080,0.474329
237130,0.055976
237219,0.03938
237268,0.034916
237325,0.049839
237345,1.149271
237363,0.782844
237410,0.012463
237440,0.177734
237528,0.005487
237610,0.041298
237627,0.031261
237631,0.013788
237683,0.019938
237739,5.4e-05
237843,0.039092
237858,0.003857
237869,0.027939
237904,0.005267
237950,0.213657
238011,0.064914
238061,0.011774
238094,0.028401
238105,0.044568
238176,0.022189
238267,0.034838
238337,0.074315
238360,0.005972
238394,0.00749
238398,0.024011
238450,0.075785
238520,0.011888
238545,0.202589
238595,0.071202
238720,0.056411
238828,0.043039
238972,0.017286
238995,0.022999
239065,0.063516
239158,0.0945
239163,0.004556
239197,0.005029
239233,0.006902
239262,0.049906
239366,0.015685
239369,0.07204
239402,0.012941
239454,0.047328
239476,0.007261
239502,0.017412
239567,0.001793
239569,0.019072
239575,0.011965
239595,0.025776
239697,0.004547
239746,0.075374
239767,0.141301
239838,0.015503
239865,0.011089
239885,0.079082
239931,0.064359
239960,0.035124
240016,0.098191
240043,0.000981
240187,0.035982
240229,0.009131
240235,0.001292
240264,0.005743
240345,0.007809
240364,0.793933
240453,0.008932
240504,0.022351
240574,0.087466
240623,0.081861
240651,0.09509
240675,0.020728
240702,0.066905
240751,0.008665
240803,0.00378
240827,0.017173
240834,0.002427
240836,0.06478
240861,0.028136
240958,0.02264
240961,0.728717
240975,0.603882
241072,0.027047
241149,0.023576
241201,0.086184
241235,0.009376
241276,0.067337
241367,0.068924
241413,0.123754
241425,0.028779
241444,0.006987
241467,0.02318
241495,0.064028
241546,0.007489
241554,0.005373
241559,0.071384
241562,0.400608
241624,0.032144
241672,0.030567
241685,1.888213
241718,0.014536
241770,0.011005
241805,0.010036
241852,0.029819
241947,0.058747
241979,0.04091
242088,0.033804
242124,0.060854
242163,0.003248
242249,0.008406
242314,0.008007
242328,0.003235
242372,0.180152
242408,0.003397
242449,0.032431
242488,0.025815
242665,0.047502
242751,0.0566
242769,0.017323
242825,0.030291
242885,0.052924
242909,0.039918
242928,0.005715
242932,0.017249
242956,0.034911
242960,0.008671
243008,0.046742
243041,0.009239
243060,0.005964
243076,0.024535
243116,0.019014
243158,0.826985
243253,0.06199
243284,0.010858
243298,0.036675
243320,0.04081
243327,0.013467
243348,0.016619
243453,0.01979
243533,0.019283
243554,0.044949
243560,0.016009
243585,0.188835
243652,0.008056
243703,0.017142
243718,0.005875
243751,0.030638
243788,0.079857
243827,0.021699
243877,0.085244
243901,0.013545
243929,0.001654
243958,0.087866
243963,0.145912
243988,0.029166
244052,0.009207
244096,0.088585
244158,0.008774
244205,0.021754
244347,0.017976
244401,0.006782
244455,0.04825
244496,0.007627
244537,0.0461
244549,0.279442
244565,0.30364
244656,0.028518
244667,0.053903
244694,0.04215
244737,0.009626
244745,0.01569
244747,0.045651
244748,0.760981
244818,0.010352
244892,0.02298
244904,0.059721
244953,1.362608
244984,0.228483
244992,0.583589
245055,0.534519
245137,0.0585
245218,0.243699
245219,0.782905
245256,0.623171
245314,0.02978
245350,0.032588
245386,0.016642
245410,0.005499
245423,0.015732
245436,0.021731
245472,0.192198
245524,0.015145
245572,0.005358
245575,0.147243
245605,0.056396
245709,0.047153
245723,0.034472
245766,0.055627
245812,0.020543
245833,0.01588
245856,0.087994
245857,0.298235
245892,0.040697
245905,0.048992
245938,0.114199
245946,2.217016
246011,0.010614
246025,0.690027
246093,0.041376
246203,0.00205
246205,0.020298
246223,0.022429
246265,0.033148
246323,0.036856
246339,0.004928
246361,0.424807
246401,1.361345
246404,0.490303
246508,0.042095
246523,0.007884
246564,4.446345
246582,0.179219
246633,1.060574
246644,0.393375
246676,0.236778
246706,0.036106
246716,0.438231
246807,0.025642
246829,0.060713
246833,0.794756
246873,0.006736
246921,1.788285
246997,0.090879
247138,0.02932
247205,0.04093
247255,0.098603
247307,0.008736
247365,0.53087
247405,0.018025
247463,0.025762
247482,0.074365
247508,0.025299
247533,0.653645
247559,0.206447
247577,1.888509
247671,0.159241
247697,0.195258
247717,0.054964
247770,0.043806
247779,0.033596
247851,0.479264
247918,0.255577
247927,0.036673
247955,0.609613
247989,1.237374
248040,0.013812
248112,1.932831
248145,0.233293
248166,0.51706
248213,0.014637
248221,0.094784
248330,0.06209
248332,0.458345
248358,0.038817
248361,12.465231
248437,0.124121
248576,0.003022
248597,0.642692
248631,0.014647
248680,0.498609
248728,0.020616
248783,0.10321
248821,4.3e-05
248864,0.005367
248879,0.081763
248905,0.502944
248934,0.207511
248952,0.159808
248974,0.010746
248987,0.688032
249035,0.020503
249077,0.575386
249140,0.170827
249183,0.771111
249211,0.365077
249252,0.912599
249321,0.019348
249351,0.277522
249363,0.716161
249374,0.149264
249401,1.16046
249446,0.04078
249492,0.000905
249495,0.037595
249533,0.005486
249543,0.129816
249570,2.452531
249645,0.013546
249652,0.001231
249664,0.188128
249713,0.651112
249739,0.021962
249772,0.395765
249865,0.038621
249890,2.208199
249948,0.011798
249956,0.014158
249959,0.307049
250012,0.063471
250035,0.097825
250085,0.022103
250120,0.555244
250356,0.050289
250375,0.102233
250377,0.278534
250419,0.777053
250458,0.00591
250498,0.098579
250547,0.011565
250557,0.03191
250600,0.106418
250625,0.070058
250650,0.049211
250697,0.149364
250727,0.078889
250756,1.454576
250808,0.062205
250900,0.035773
250920,0.038603
250932,0.003701
250956,0.080009
251063,0.001123
251085,0.047635
251120,0.013232
251156,0.006313
251205,0.00551
251206,0.69118
251232,0.935653
251287,0.00418
251307,0.003892
251339,0.085336
251382,0.188167
251410,0.025272
251450,0.010067
251470,0.002514
251478,0.047993
251491,0.006241
251509,0.129499
251542,0.012999
251587,0.046122
251593,0.138346
251643,0.060757
251699,0.038265
251752,0.909323
251809,1.062415
251854,0.109033
251869,0.982973
251967,0.028452
252039,0.031788
252058,0.004165
252065,0.455196
252176,0.013487
252210,0.059733
252233,0.316084
252340,0.080669
252352,0.018882
252359,0.010646
252434,0.074901
252457,0.016704
252477,0.048767
252510,0.023405
252542,0.012928
252610,0.103949
252667,0.045887
252795,0.040317
252816,0.254893
252885,0.037345
252889,0.007393
252923,0.01038
252945,0.029962
252956,0.040784
253027,0.007114
253033,0.002361
253042,0.024577
253068,0.002687
253084,0.119216
253106,0.044751
253117,0.104899
253119,0.478386
253156,1.225367
253167,0.514629
253186,1.148349
253223,0.029283
253250,0.054998
253287,0.144648
253349,0.030402
253373,1.810664
253427,0.054594
253458,0.013463
253490,0.018766
253517,0.001176
253556,0.063858
253565,1.215761
253649,0.024294
253656,0.036902
253731,0.369172
253732,1.113682
253808,0.066808
253858,0.152712
253866,0.076903
253889,0.542421
254039,0.035175
254056,0.040709
254142,1.53438
254168,0.051941
254169,0.027992
254181,0.292482
254276,0.022605
254300,0.731887
254369,0.012189
254401,0.141777
254454,0.171151
254491,0.031998
254504,0.031149
254546,0.025189
254593,0.008416
254660,0.006207
254701,0.017652
254716,2.222672
254750,1.456219
254813,2.018011
254828,0.432117
254847,0.127557
254997,0.018734
255007,0.018845
255025,0.032169
255049,0.032959
255057,1.307543
255091,0.129633
255182,0.038147
255237,0.014849
255256,0.174901
255356,0.005637
255370,0.091429
255424,0.022934
255449,0.008238
255458,0.043417
255475,0.048657
255487,0.96614
255488,0.20666
255561,0.056155
255592,0.134138
255660,0.012631
255689,0.01034
255752,0.062514
255821,0.014502
255959,1.615027
255985,0.099981
256091,0.021891
256187,0.022091
256254,0.010008
256293,0.012732
256392,0.029725
256434,0.124593
256455,0.012619
256487,0.008455
256521,0.100088
256545,1.653403
256609,0.218383
256753,0.035852
256787,0.033722
256790,0.051333
256822,0.032694
256892,0.065985
256987,0.004715
256996,0.628626
257107,0.021622
257140,0.026399
257145,0.172105
257267,0.0127
257321,0.027575
257367,0.000304
257377,0.032737
257401,0.011588
257412,0.040847
257450,0.067557
257525,0.004952
257543,0.026101
257604,0.002088
257756,0.151939
257910,0.031684
257924,0.008653
257955,0.10579
257972,0.0198
257992,0.017513
258017,0.018564
258142,0.012857
258185,0.042511
258413,0.010037
258522,0.017019
258542,0.178224
258640,0.041449
258718,0.039318
258806,0.011835
258958,0.224537
258966,0.322954
259069,0.003333
259160,0.005041
259181,0.016235
259193,0.055451
259234,0.022041
259244,0.001351
259267,0.123438
259298,0.03129
259351,0.056355
259369,0.016979
259464,0.04874
259475,0.110477
259507,0.011306
259545,0.03037
259561,0.059891
259562,0.076598
259652,0.007214
259673,0.096266
259735,0.120681
259808,0.089684
259841,0.011442
259875,0.101733
259938,0.060439
259964,0.010835
260024,0.009474
260105,0.035346
260133,0.022417
260200,0.104504
260306,0.095918
260347,0.022898
260432,0.121752
260479,0.042911
260500,0.011056
260525,0.007738
260536,0.015778
260649,0.167443
260757,0.037811
260768,0.011556
260838,0.013948
260852,0.028698
260925,0.037125
260987,0.144674
261034,0.002249
261087,0.039486
261097,0.646279
261262,0.32404
261281,0.026501
261335,0.004626
261343,1.132479
261356,0.328391
261364,4.232988
261425,3.041576
261479,0.055001
261508,0.003419
261554,0.092192
261604,0.024986
261651,0.108861
261676,0.048294
261698,0.000796
261891,0.31573
261958,0.000634
261962,0.022318
262031,0.029772
262067,0.014199
262215,0.017195
262272,0.296753
262354,0.159289
262385,0.076501
262453,0.100778
262485,0.118608
262546,0.077013
262557,0.181166
262559,0.120905
262655,0.02263
262691,0.057663
262753,0.010918
262778,0.011982
262809,0.035582
262830,0.011617
262879,0.068085
262893,0.090086
262908,0.028378
262962,0.007587
262999,0.003941
263112,0.034587
263304,0.053228
263445,0.072739
263489,0.054897
263527,0.092925
263596,0.013215
263646,0.034813
263681,0.008947
263702,0.014984
263727,0.000975
263764,0.007871
263767,0.113486
263768,0.184581
263881,0.044632
263953,0.046448
264034,0.081919
264076,0.310815
264100,0.006303
264204,0.012841
264258,0.025926
264347,0.020775
264450,0.005946
264481,0.014093
264567,0.003329
264587,0.077466
264664,0.093513
264685,0.043781
264694,0.037164
264727,0.000345
264765,0.06947
264844,0.008828
264867,0.031013
264883,0.053815
264945,0.005761
264993,0.021798
265002,1.942703
265047,0.004012
265093,0.010454
265162,0.083139
265236,0.202087
265303,0.009311
265324,0.045599
265353,0.069395
265473,2.826846
265556,0.019233
265584,0.198063
265695,0.018086
265747,0.005636
265797,0.015448
265866,0.002748
265953,0.064935
265970,0.010146
265997,0.000743
266090,0.054568
266139,0.00981
266145,0.039662
266169,0.008386
266213,0.07623
266295,0.008778
266403,0.052651
266463,0.048765
266478,0.017584
266572,0.001953
266592,0.168605
266641,0.034688
266757,0.007862
266769,0.435382
266827,0.000796
266836,0.083964
266878,0.006262
266915,0.030201
266935,0.018965
267015,0.036539
267067,0.032875
267104,0.157662
267207,0.052305
267307,0.010173
267362,0.060044
267371,0.512769
267385,0.055767
267484,0.036433
267528,0.009343
267675,0.046071
267734,0.01405
267773,0.1553
267816,0.068385
267830,0.04577
267842,0.017816
267881,0.00519
267948,0.013343
267955,0.012981
267968,0.439812
268047,0.006297
268107,0.049878
268163,0.07312
268190,0.081178
268244,0.00423
268276,0.010555
268287,0.001313
268338,0.00404
268520,0.011136
268532,0.046973
268560,0.197482
268562,0.094647
268618,0.037765
268672,0.006539
268687,0.071787
268802,0.04742
268812,0.004305
268907,0.00187
268935,0.011027
268965,0.0384
268980,0.00163
269095,0.068718
269130,0.069922
269207,0.153925
269320,0.011412
269344,0.059048
269356,0.041268
269393,0.008593
269447,0.053685
269568,0.025032
269667,0.013465
269712,0.049329
269724,0.030387
269759,0.036045
269760,0.489681
269815,0.048282
269824,0.037966
269898,0.030606
269923,0.006194
269959,0.002662
269971,0.002298
269981,0.105648
270051,0.024609
270118,0.035797
270142,0.024236
270233,0.091244
270244,0.061835
270272,0.632636
270357,0.504238
270393,0.086527
270460,0.049585
270535,0.009743
270575,0.014174
270608,0.048438
270754,0.022592
270802,0.043333
270876,0.054486
270883,0.014917
270945,0.000642
270957,0.140828
270985,0.0079
270997,0.309175
271037,0.033222
271049,0.03264
271058,0.024725
271102,0.023543
271147,0.017875
271155,0.016986
271223,0.102412
271256,0.093335
271275,0.127244
271285,0.831904
271345,0.035385
271372,0.013253
271400,0.000964
271510,0.031628
271515,0.013068
271545,0.022232
271559,0.092423
271584,0.210808
271618,0.304357
271671,0.022664
271734,0.288604
271757,0.414323
271794,0.010676
271804,0.040579
271827,1.579434
271845,0.710979
271930,0.022197
271964,0.004322
272013,0.581069
272055,0.000639
272122,0.007237
272165,0.321981
272189,0.085902
272211,0.634571
272275,0.018716
272358,0.017292
272370,0.631875
272400,0.174547
272439,0.119484
272475,0.024788
272487,0.032886
272528,0.176235
272563,0.071704
272572,0.036613
272621,0.120327
272655,0.067363
272678,0.001632
272692,0.040698
272702,0.133784
272705,0.133345
272763,0.043448
272766,0.301895
272790,0.028911
272805,0.404117
272901,0.017915
272935,0.084704
272962,0.040262
273012,0.005521
273129,0.009741
273133,0.011396
273176,0.236938
273215,0.024304
273222,0.002161
273250,0.465884
273265,0.157365
273340,0.20706
273353,0.024738
273370,0.227267
273379,1.471836
273396,0.006583
273455,0.619417
273461,2.29862
273520,0.0496
273599,0.026462
273604,0.607188
273639,0.016311
273656,0.011903
273692,0.117207
273732,0.033362
273758,0.07283
273812,0.065205
273829,0.018036
273898,0.071599
273910,0.33919
273966,0.88111
274005,0.00551
274028,0.028012
274050,0.022983
274086,0.031602
274135,0.118088
274266,0.014412
274420,0.007983
274437,0.138861
274478,0.027475
274546,0.033848
274558,0.022912
274604,0.166649
274648,0.282147
274680,0.015417
274694,0.000899
274787,0.028087
274807,0.016283
274866,0.032941
274881,0.030727
274917,0.061471
274935,0.037981
274939,0.030268
275006,0.004881
275018,0.041746
275036,3.121317
275086,0.011226
275125,0.018232
275145,0.02416
275159,0.036613
275206,0.33078
275247,0.148618
275288,0.012839
275305,0.03225
275348,0.017986
275373,0.020932
275396,0.064171
275407,0.011511
275436,0.0989
275456,0.336786
275476,1.006511
275537,0.030602
275574,0.01822
275580,0.016531
275590,0.219872
275605,0.325813
275621,0.074378
275631,0.145601
275676,0.001431
275693,0.003969
275709,0.036949
275723,0.088374
275738,0.805575
275763,5.658224
275844,0.012277
275878,0.070153
275900,0.050674
275932,3.045692
276012,0.01483
276101,0.274003
276135,0.122533
276159,0.113189
276252,0.038657
276316,0.154029
276350,0.08523
276381,0.01183
276448,0.014268
276491,0.196586
276534,0.042621
276547,0.0764
276565,0.026363
276634,0.255992
276658,0.037246
276701,0.062098
276716,0.007261
276747,0.017501
276788,0.002672
276807,0.02812
276823,0.042035
276893,0.002997
276898,0.032451
276928,0.011328
276946,0.284045
276959,0.883826
277011,0.006421
277071,2.609772
277144,0.008138
277150,0.01637
277183,0.014474
277198,0.064914
277316,0.104641
277377,0.003973
277396,0.016216
277406,0.007695
277440,0.024726
277447,0.065198
277462,0.122208
277540,0.056954
277553,0.088791
277568,0.393183
277652,0.026816
277695,0.037068
277739,0.012514
277750,0.077587
277892,0.090355
277959,0.395993
277999,0.056776
278046,0.07112
278048,0.62022
278070,0.444833
278145,0.181285
278164,0.494937
278185,0.098444
278233,0.044557
278249,0.001711
278277,0.006689
278308,0.042015
278310,0.014052
278394,0.007893
278401,0.009637
278498,0.017335
278506,0.182493
278524,0.420189
278588,0.014101
278592,0.014789
278652,0.028604
278699,0.042859
278730,0.053098
278761,0.011903
278775,0.029337
278780,0.137961
278784,0.040175
278818,0.007709
278823,0.070211
278850,0.021444
278952,0.016709
279051,0.009836
279078,1.476271
279142,0.031263
279174,0.007689
279187,0.197043
279252,0.276258
279279,0.090207
279326,0.012998
279337,0.079104
279374,0.01514
279401,0.06244
279410,0.058339
279440,0.075228
279547,0.058481
279554,0.192329
279598,0.054528
279604,0.400929
279654,0.088506
279686,0.033998
279767,0.092474
279802,0.118625
279907,0.101703
279963,0.105063
279993,0.087068
280049,0.030792
280080,0.427101
280143,0.001544
280160,0.24616
280223,0.06079
280245,0.03297
280302,0.019076
280310,0.020028
280349,0.019617
280367,0.154625
280445,0.01475
280452,0.623672
280545,0.004361
280556,0.942931
280617,0.003772
280627,0.267516
280684,0.007238
280713,0.012568
280748,0.567996
280786,0.132059
280855,0.46279
280967,0.037383
281007,0.000724
281043,0.109448
281064,0.103192
281103,0.058614
281122,1.928224
281152,0.406637
281164,0.117619
281278,0.015173
281331,0.084302
281346,0.024567
281378,0.011968
281429,0.077254
281489,0.013536
281680,0.072605
281702,0.244106
281785,0.140944
281848,0.063287
281872,0.159979
281893,0.033976
281938,0.053519
281993,0.015583
282009,0.997357
282050,0.265922
282085,0.054645
282164,0.698606
282198,0.047026
282245,0.002556
282262,0.176318
282286,0.0563
282334,0.011871
282357,0.248125
282427,0.04361
282452,0.003105
282501,0.00288
282560,0.022362
282583,0.668243
282627,0.029177
282650,0.000682
282688,0.05028
282727,0.037752
282731,2.143445
282794,0.003417
282823,0.50974
282890,0.031911
282904,0.616247
282939,0.070617
282965,0.973912
283012,0.000848
283029,0.048337
283082,0.015607
283136,0.013648
283145,0.014453
283212,0.001753
283227,0.043781
283258,0.003303
283287,0.028664
283312,0.046383
283329,0.042402
283405,0.016055
283420,0.084138
283457,0.018205
283476,0.026953
283524,0.50551
283555,0.423978
283653,0.02793
283714,0.758127
283748,0.023202
283805,0.002398
283824,0.005313
283850,0.112028
283982,0.122304
284043,0.010284
284065,0.002916
284106,0.023196
284135,0.042611
284142,0.006366
284167,0.155029
284202,0.033828
284234,0.192191
284295,0.007884
284331,0.220708
284425,0.634931
284469,0.020875
284507,0.018728
284530,0.034377
284564,0.162588
284576,0.247905
284682,0.022299
284721,0.00884
284757,0.284848
284769,0.037725
284814,0.00917
284839,0.008646
284879,0.033058
284938,0.00022
284977,0.150581
285096,0.024921
285140,0.027787
285174,0.049154
285236,0.054194
285316,0.002917
285331,1.517716
285360,0.013778
285431,0.010671
285442,0.057535
285485,0.065123
285516,0.005075
285531,0.000485
285557,0.039267
285591,0.021148
285608,5e-05
285643,0.158656
285695,0.011015
285714,0.006649
285716,0.008541
285755,0.012958
285836,0.022457
285907,0.025168
285922,0.011612
285935,0.298355
285954,0.012807
285966,0.040556
285975,0.047948
285996,0.002454
286013,0.015134
286029,0.004941
286055,0.017825
286078,0.044521
286112,0.129141
286138,0.011288
286160,0.022
286238,0.132752
286271,0.021544
286315,0.006804
286362,0.46161
286406,0.148269
286413,1.101855
286487,0.003164
286537,0.88966
286563,0.178092
286584,0.217905
286623,0.03901
286648,0.037773
286665,0.423905
286695,0.098137
286729,0.041075
286799,0.003333
286812,1.029954
286879,0.002738
286899,1.018546
286909,0.539882
286968,0.000356
287013,0.015793
287071,0.063928
287128,0.007877
287159,0.297419
287180,0.010103
287247,0.020015
287255,1.630943
287333,0.344688
287371,0.072731
287410,0.001268
287425,0.034351
287469,0.007333
287472,0.007361
287496,0.084618
287527,0.023613
287562,0.253776
287628,0.110031
287670,0.011766
287678,0.226349
287711,0.998481
287768,0.712445
287811,0.007633
287821,0.04205
287840,0.035456
287882,0.016739
287899,0.007406
287968,0.108207
287999,0.305064
288048,0.000725
288077,0.052769
288104,0.004866
288108,0.0137
288176,0.030898
288257,0.043988
288347,0.098467
288395,0.027603
288497,0.0487
288518,0.270075
288615,0.057586
288621,0.388167
288655,0.044387
288700,0.080007
288718,0.064003
288811,0.069929
288839,0.01809
288864,0.005933
288897,0.007805
288917,0.082579
288962,0.050532
289020,0.003682
289030,0.017949
289055,0.250102
289075,0.449149
289214,0.082799
289263,0.084791
289418,0.029661
289461,0.019645
289487,0.094644
289513,0.07184
289537,0.061316
289559,0.067721
289609,0.017183
289645,0.070538
289711,0.004224
289751,0.063612
289795,0.031839
289864,0.126177
289889,0.009111
289964,0.49445
289992,0.168073
290046,0.059844
290048,0.003446
290071,0.008627
290084,0.641866
290238,0.597943
290292,0.129518
290335,0.09453
290379,0.045932
290424,0.065066
290486,0.061762
290530,0.006392
290567,0.013257
290608,0.184661
290659,0.01662
290670,0.071676
290701,0.204935
290717,0.07608
290756,0.062808
290761,0.339641
290798,0.118637
290827,0.006007
290847,0.070005
290864,0.125901
290881,0.009871
290970,0.025464
291000,0.110102
291156,0.026909
291287,0.010336
291307,0.02405
291326,0.004227
291335,0.004885
291390,0.158621
291429,0.031975
291463,0.096631
291488,0.006217
291505,0.033407
291534,0.086714
291651,0.024278
291748,0.050239
291754,0.153701
291785,0.026745
291845,0.010137
291895,0.016961
291915,0.005547
291933,0.00248
291934,0.042006
291959,0.003021
291968,0.289639
291994,0.568689
292040,0.002963
292053,0.229687
292137,0.042878
292250,0.084561
292369,0.006028
292414,0.008047
292435,0.021148
292442,0.008504
292495,0.047417
292514,0.057898
292565,0.11837
292642,0.016064
292655,0.060564
292659,0.453302
292684,0.098082
292796,0.029147
292855,0.435501
292868,0.038001
292948,0.050694
292954,0.619189
292977,0.048064
293121,0.025646
293153,0.016644
293166,0.906474
293218,0.019188
293258,0.004213
293295,0.006034
293304,0.28765
293359,0.017331
293399,0.086619
293443,0.014303
293571,0.095457
293614,0.018458
293641,0.028013
293667,0.010118
293687,0.038435
293703,0.37976
293705,0.615268
293743,0.029583
293784,0.049645
293799,0.150512
293837,0.011788
293854,0.016375
293872,0.03925
293899,0.015148
293946,1.257324
294019,0.076601
294032,0.183438
294063,0.045166
294076,0.013356
294140,0.017005
294193,0.025455
294231,0.215351
294253,0.255784
294255,0.684045
294282,0.007523
294296,0.678055
294316,0.214367
294358,0.003207
294362,1.073289
294392,0.199451
294427,0.025317
294432,0.174133
294471,0.039055
294562,0.331602
294666,0.000924
294700,0.062305
294735,1.047819
294906,0.004546
294958,0.002896
294965,0.848179
295009,0.049047
295048,0.035804
295120,0.02878
295142,0.007603
295160,0.079357
295165,0.035087
295200,0.151433
295255,0.023805
295315,0.024512
295333,1.380519
295445,0.016801
295465,0.219074
295499,0.015327
295559,0.639649
295584,0.343865
295640,0.002894
295699,0.055788
295717,0.000894
295751,0.024801
295760,0.771331
295767,0.298514
295848,0.015954
295882,0.02176
295947,0.050077
295966,0.014251
296011,0.004713
296062,0.022876
296086,0.060441
296101,0.117883
296140,0.065972
296145,1.170379
296165,0.679699
296198,1.511847
296267,0.005672
296274,0.054488
296296,0.01431
296311,0.008921
296350,0.046493
296395,0.064324
296403,0.058178
296424,0.065759
296449,0.126398
296499,0.018442
296600,0.019085
296620,0.008476
296638,0.062441
296695,0.13315
296743,0.008206
296758,1.422666
296855,0.048093
296879,0.045223
296909,0.070136
296936,0.015037
296960,0.019765
296972,0.040142
297000,0.0319
297023,0.02128
297067,0.001669
297113,0.064243
297151,0.009813
297161,0.839177
297246,0.133393
297356,0.105211
297361,0.311231
297431,0.159756
297446,0.365338
297527,0.024335
297590,0.070978
297682,0.175938
297725,0.002834
297727,0.031154
297760,0.021632
297794,0.062342
297830,0.018678
297851,0.051767
297878,0.0054
297887,0.380945
297923,0.066693
297936,0.028222
297946,0.035847
298078,0.014028
298158,0.035215
298163,0.054637
298196,0.038943
298241,0.050667
298289,0.007103
298303,0.028725
298307,0.110761
298418,0.017331
298421,0.107007
298455,0.05049
298508,0.078784
298533,0.059227
298551,0.032198
298559,4.530117
298608,0.034416
298621,0.178936
298661,0.255497
298681,0.018611
298691,0.431826
298721,0.097463
298751,0.167481
298761,0.206488
298771,0.050302
298781,0.294306
298791,0.04467
298801,0.059337
298811,0.372114
298821,0.336194
298831,0.061513
298841,0.413485
298851,0.515702
298861,0.181928
298901,0.255761
298911,0.053722
298931,0.028688
298941,0.006471
298951,0.034296
298981,0.007056
299075,0.064984
299115,0.0113
299119,0.082557
299186,0.021549
299247,0.011204
299292,0.019523
299336,0.14838
299367,0.043622
299408,0.077094
299468,0.016788
299487,0.036534
299528,0.017074
299548,0.118916
299616,0.038017
299644,0.001663
299651,0.112791
299721,0.062994
299758,0.268635
299764,1.048931
299867,0.019542
299940,0.025216
299942,3.114315
300049,0.458013
300079,0.077174
300203,0.464718
300260,0.047135
300330,0.046113
300349,0.004908
300364,1.319141
300456,0.093158
300549,0.013415
300600,0.014386
300637,0.01482
300657,0.213537
300728,0.046172
300797,0.038534
300816,0.46048
300862,0.02629
300935,0.023633
300959,0.108673
300967,0.680518
301054,0.008205
301063,0.0256
301102,0.033529
301124,0.058781
301244,0.872084
301301,0.023704
301328,0.002193
301358,0.229235
301438,0.009815
301446,0.053453
301487,0.063263
301503,0.01518
301518,0.006161
301557,0.046868
301569,0.456419
301625,0.000838
301634,0.011475
301651,0.490415
301757,0.03186
301766,0.001643
301805,0.015133
301816,0.045744
301854,0.196975
301921,0.17917
301970,0.05059
302010,0.015053
302040,1.299205
302130,0.162529
302158,0.160996
302163,0.356011
302195,1.390092
302285,0.03978
302317,0.075062
302333,0.019826
302387,0.071791
302441,0.323936
302451,0.009457
302472,0.027524
302502,0.083272
302644,0.001349
302695,0.021723
302705,0.27827
302746,0.008671
302760,0.102223
302761,0.168098
302862,0.009552
302945,0.074563
302983,0.028578
303064,0.009747
303080,0.027218
303091,0.020506
303135,0.058718
303192,2.213108
303295,0.37455
303346,1.206585
303378,0.257891
303475,0.378747
303577,0.043774
303653,0.015883
303736,0.024516
303775,0.065801
303828,0.527222
303900,0.050798
303954,0.00368
303957,0.106773
303984,0.014809
303996,0.045415
304018,0.573915
304045,0.01493
304056,0.029707
304077,0.518345
304125,0.009467
304145,0.012938
304153,0.012106
304199,0.579571
304216,0.452057
304332,0.071454
304336,0.129144
304395,0.04258
304398,1.621079
304445,0.028775
304453,0.04752
304475,0.01205
304488,0.526169
304530,0.001802
304545,0.021078
304564,2.072223
304623,0.00258
304634,0.084089
304667,0.100518
304696,0.495424
304762,0.300625
304800,0.053828
304842,0.010822
304863,2.095053
304897,0.039922
304950,0.302591
304985,0.54909
305018,0.069252
305045,0.028349
305062,0.392077
305161,0.004047
305171,0.034259
305223,0.037549
305286,0.017681
305288,0.028049
305312,0.014404
305343,0.254656
305457,0.128107
305524,0.027769
305563,0.005405
305601,0.09023
305626,0.322451
305649,0.024384
305693,0.008272
305707,0.01796
305709,2.325698
305749,0.019501
305774,0.171754
305841,0.266532
305969,0.02908
305993,0.052175
306025,0.00173
306081,0.013369
306089,0.062472
306103,0.066942
306132,0.046775
306160,0.177784
306185,0.056206
306218,0.018414
306262,0.076144
306337,0.00341
306346,3.490439
306369,0.545728
306422,0.374904
306471,0.676956
306516,0.005099
306531,1.018452
306568,0.030133
306601,0.043173
306617,0.000133
306634,0.006975
306650,0.064142
306674,0.053158
306704,0.033481
306734,0.000945
306765,0.002558
306778,0.014296
306797,0.049702
306865,0.086741
306893,0.007577
306930,0.010223
306939,0.009497
307039,0.095
307054,0.103323
307092,0.217446
307122,2.058926
307172,0.342671
307175,0.045377
307255,0.152659
307302,0.032288
307390,0.632829
307421,0.186079
307473,0.002179
307523,0.047894
307546,0.156214
307558,0.065971
307564,2.184043
307689,0.031954
307707,0.047235
307757,0.009966
307867,0.009603
307888,0.03113
308016,0.039003
308059,0.02037
308156,0.171141
308236,0.108696
308291,0.089449
308375,0.033148
308458,0.027331
308493,0.068025
308524,0.005304
308525,0.009839
308563,0.007256
308576,0.13757
308600,1.101345
308711,0.000978
308720,0.229631
308745,0.020205
308761,0.055822
308764,0.052696
308774,0.14114
308791,0.13255
308887,0.018201
308938,0.068152
308945,0.000815
308990,0.028369
309053,0.036671
309125,0.009727
309182,0.259456
309267,0.006784
309316,0.002818
309358,0.256353
309360,0.905081
309427,0.005885
309521,0.023758
309541,0.010075
309635,0.067667
309643,0.055147
309663,1.066358
309934,0.056108
309958,0.335544
309996,0.019352
310048,0.489848
310118,0.704295
310206,0.367196
310251,0.004247
310281,0.003632
310434,0.054737
310465,0.009037
310512,0.029474
310525,0.081541
310545,0.045308
310565,0.11603
310697,0.001233
310727,0.042738
310784,0.04426
310848,0.028614
310870,0.07269
310965,0.017684
311015,0.014436
311047,0.057841
311161,0.043238
311166,0.413769
311243,0.021082
311281,0.020257
311367,0.001752
311415,0.002067
311532,0.0393
311572,0.030883
311607,0.004859
311633,0.072194
311663,0.072083
311676,0.045082
311696,0.037071
311731,0.003455
311755,0.001486
311761,10.125683
311862,0.049605
311974,0.054489
312012,0.017227
312083,0.014476
312126,0.069846
312135,0.087596
312325,0.063779
312363,0.037045
312365,0.006529
312389,0.174308
312413,0.037234
312425,0.023115
312564,0.033719
312588,0.048336
312597,0.016676
312681,0.042442
312748,0.034265
312760,0.007109
312820,0.007453
312895,0.04527
312960,0.277675
313008,0.049283
313033,0.046839
313070,0.000526
313076,0.09578
313145,0.003318
313167,0.061638
313181,0.013544
313205,0.633183
313265,0.004221
313290,0.037767
313305,0.759604
313470,0.031416
313560,0.054573
313593,0.00485
313677,0.040916
313693,2.347203
313767,2.668216
313859,0.068199
313895,0.045515
313984,0.002213
314008,0.019586
314115,0.017758
314146,0.070206
314159,0.104137
314165,5.92613
314228,0.039666
314248,0.008944
314360,0.018319
314387,0.002226
314455,0.053494
314474,0.001131
314481,0.010961
314539,0.015561
314560,0.039118
314677,0.012119
314683,0.091999
314701,0.962661
314736,0.001292
314753,0.045424
314862,0.003476
314923,0.035394
315065,0.009425
315073,0.049836
315081,0.544774
315125,0.020703
315197,0.003954
315262,0.064641
315345,0.041198
315362,0.172029
315434,0.032541
315439,0.02631
315507,0.000895
315550,0.010235
315577,0.063342
315627,0.028011
315638,0.046162
315845,0.011635
315942,0.022397
315958,0.023221
315962,3.318771
316046,0.485889
316077,0.010961
316091,0.004723
316114,0.017647
316126,0.017685
316149,0.053463
316238,0.011799
316257,0.014897
316307,0.204606
316360,0.012629
316401,0.013489
316525,0.030435
316580,0.002402
316610,0.108003
316656,0.014869
316692,0.015398
316720,0.01548
316806,0.048965
316846,0.009091
316860,0.074494
316898,0.669691
316963,0.039637
316997,0.392122
317089,0.022751
317125,0.119917
317159,0.109907
317162,0.073567
317197,0.055913
317249,0.093367
317259,0.065735
317343,0.012236
317396,0.033261
317457,0.002539
317475,0.094236
317492,0.107722
317534,0.026084
317607,0.089514
317621,0.054345
317675,0.060853
317688,0.046813
317695,0.005517
317756,0.032359
317759,0.399303
317824,0.040632
317896,0.01663
318045,0.033547
318132,0.089609
318183,0.064218
318259,0.052229
318289,0.007335
318294,0.121976
318354,0.104036
318360,0.007665
318367,0.056256
318387,1.252056
318484,0.078082
318489,0.010026
318504,0.108049
318524,0.017927
318534,0.060336
318554,0.015034
318574,0.051855
318584,0.017715
318594,0.544127
318614,0.153915
318654,0.268277
318664,0.095788
318674,0.318604
318694,0.029026
318714,0.176364
318724,0.074827
318734,0.115383
318744,0.078185
318754,0.188022
318764,0.087884
318784,0.226864
318804,0.102945
318824,0.250686
318834,0.0688
318854,0.153657
318864,0.249154
318874,0.199142
318894,0.372394
318904,0.205476
318914,0.24384
318924,0.052761
318934,0.286716
318944,0.09594
318964,0.296722
318974,0.303456
318984,0.115568
319001,0.00139
319014,0.551302
319034,0.463434
319044,0.134345
319054,0.27634
319084,0.77462
319094,0.571867
319114,0.250282
319134,0.454716
319144,0.549687
319154,0.311692
319164,0.38875
319174,0.014545
319194,0.362001
319214,0.067958
319224,0.667193
319234,0.592785
319500,0.068874
319509,0.022548
319561,0.268342
319728,0.002704
319775,0.009994
319815,0.004133
319840,0.055197
319896,0.00083
319920,0.011562
319989,0.069111
320033,0.014518
320060,0.003527
320115,0.052177
320151,0.009972
320157,0.14503
320198,0.049921
320300,0.507529
320409,0.01276
320440,0.109039
320484,0.107501
320503,0.010872
320516,0.268709
320559,0.01956
320574,0.021251
320578,0.132298
320647,0.003401
320662,0.000524
320754,0.067426
320758,0.933418
320857,0.03349
320987,0.028311
321034,0.079328
321039,0.126614
321120,0.05907
321143,0.002546
321158,0.113958
321274,0.547803
321328,0.101829
321351,0.04457
321357,0.025426
321375,0.01297
321505,0.078231
321614,0.008112
321708,0.004991
321759,0.019462
321878,0.027131
321916,0.002015
321925,0.005184
321957,0.120257
321960,0.041705
322082,0.182448
322130,0.221457
322187,0.10154
322211,0.030352
322270,0.005406
322289,0.001867
322309,0.009014
322424,0.001894
322465,0.00319
322556,0.072605
322591,0.015819
322629,0.052859
322650,0.025503
322707,0.003249
322718,0.086551
322774,0.06207
322809,0.008397
322851,0.008849
322885,0.001697
322903,0.005476
322995,0.004456
323047,0.059573
323065,0.034525
323108,0.007512
323160,0.008498
323427,0.008645
323449,0.041712
323565,0.016838
323671,0.028439
323721,0.22042
323768,0.00156
323775,0.253521
323809,0.064115
323847,0.020384
323911,0.00646
323951,0.016122
324125,0.062608
324155,0.069073
324181,0.000951
324301,0.121239
324361,2.307048
324427,0.034675
324446,0.09951
324584,0.055647
324714,0.071297
324765,0.048535
324796,0.035638
324893,0.132735
324959,0.034222
324965,0.218361
325044,0.00978
325069,0.022393
325093,0.139323
325230,0.41819
325316,0.018102
325353,0.021089
325385,0.021696
325390,0.462497
325417,0.052857
325545,0.196728
325556,0.041355
325567,0.495767
325613,0.033101
325719,0.008666
325728,0.244675
325767,0.012831
325822,0.041031
325904,0.078451
325959,0.023307
326008,0.001934
326106,0.485563
326147,0.036975
326294,0.032739
326357,0.051102
326669,0.046189
326690,0.109423
326711,0.010094
326721,0.061044
326851,0.022141
326947,0.035735
326980,0.095918
327002,0.079384
327080,0.011617
327179,0.006787
327211,0.042547
327218,0.003224
327231,0.026411
327267,0.007735
327289,0.001063
327356,0.000976
327468,0.023861
327522,0.011155
327627,0.053207
327655,0.04011
327683,0.078848
327784,0.009552
327835,0.079539
327868,0.018963
327960,2.524322
328020,0.04328
328077,0.02184
328237,0.003002
328292,0.00973
328327,0.062779
328415,0.004864
328445,0.023853
328483,0.008585
328524,0.003273
328561,0.377413
328651,0.030875
328747,0.005539
328907,0.004349
329140,0.052721
329158,0.301372
329273,0.191918
329410,0.070556
329495,0.04478
329511,0.040655
329540,0.017387
329745,0.07267
329757,0.123372
329834,0.076946
329838,0.002658
329877,0.115444
329997,0.085031
330116,0.097832
330167,0.018884
330174,0.254698
330286,0.009032
330358,0.060579
330407,0.045009
330454,0.016522
330491,0.125156
330614,0.041932
330618,0.033016
330644,0.013786
330772,0.115122
330785,0.314843
330876,0.015116
330907,0.046025
330960,0.245191
331036,0.020081
331074,0.065114
331173,0.02692
331293,0.011579
331331,0.433972
331364,0.052673
331393,0.025146
331428,0.089043
331509,0.009386
331525,0.04358
331555,0.075
331562,0.074929
331637,0.081114
331729,0.00874
331740,0.012212
331746,0.222841
331794,0.10466
331833,0.010908
331850,0.065615
331975,0.015649
331976,0.024907
332026,0.010712
332098,0.00239
332129,0.00299
332145,0.022002
332156,0.186582
332167,0.072624
332345,0.058669
332372,0.018607
332393,0.035015
332505,0.327586
332588,0.007367
332615,0.001673
332658,0.05847
332682,0.007715
332761,0.552487
332902,0.0305
333003,0.068897
333020,0.034482
333047,0.006366
333134,0.03468
333207,0.082609
333293,0.104198
333324,0.045478
333343,0.008648
333368,0.014538
333451,0.040407
333462,0.026406
333591,0.017505
333637,0.028326
333664,0.035786
333739,0.045356
333766,0.110473
333788,0.007685
333920,0.027135
333946,0.112177
333965,0.947838
334036,0.023617
334151,0.008192
334157,0.002863
334315,0.058095
334342,0.030368
334355,0.000643
334402,0.033908
334463,0.001628
334541,0.007913
334556,0.673128
334668,0.036913
334839,0.014958
334885,0.040817
334912,0.029468
334952,0.043858
334993,0.054504
335111,0.011493
335159,0.098107
335200,0.04359
335249,0.014926
335305,0.147339
335332,0.000669
335353,0.012841
335396,0.020221
335436,0.023584
335457,0.031725
335531,0.088052
335568,0.034905
335586,0.033748
335607,0.005325
335671,0.17078
335756,0.317172
335759,0.202068
335842,0.022678
335879,0.025852
335898,0.005523
335954,0.032103
336003,0.047302
336074,0.021625
336107,0.001288
336118,0.046902
336145,0.011905
336261,0.005397
336270,0.009959
336345,1.742238
336389,0.054802
336455,0.125859
336482,0.038959
336554,0.025529
336575,0.039277
336611,0.055292
336631,0.000778
336644,0.031672
336677,0.088591
336707,0.011747
336727,0.000106
336739,0.020985
336786,0.008172
336796,0.00404
336820,0.000559
336952,0.016589
336969,0.202941
336999,0.036454
337045,0.014019
337174,0.072172
337230,0.016377
337276,0.079786
337310,0.002675
337342,0.160484
337364,0.007199
337374,0.062932
337411,2.8e-05
337467,0.212776
337566,0.003843
337567,0.28564
337595,0.074343
337613,0.043501
337683,0.004816
337718,0.091024
337759,0.060299
337806,0.027745
337875,0.002736
337907,0.039531
337921,0.0882
337979,0.006252
337997,0.126944
338060,0.010183
338123,0.024476
338146,0.089802
338178,0.037147
338277,0.030096
338375,0.011935
338423,0.005854
338518,0.032169
338539,0.030811
338577,0.009664
338629,0.007282
338685,0.28717
338757,0.082894
338759,0.121642
338767,0.162962
338839,0.078528
338865,0.056606
338905,0.030426
338943,0.015409
339024,0.005009
339073,0.024033
339089,0.002555
339101,0.085805
339107,0.017208
339152,0.042481
339184,0.081077
339274,0.034263
339315,0.02025
339329,0.001966
339356,0.226869
339397,0.291628
339476,0.018027
339522,0.231102
339560,0.077993
339587,0.027808
339594,0.031909
339672,0.087153
339692,0.001103
339738,0.062791
339757,0.017267
339794,0.010636
339795,0.042926
339815,0.023548
339899,0.053825
339933,0.141137
339959,0.010056
339962,0.174719
340016,0.051488
340050,0.019111
340139,0.04552
340143,0.003969
340192,0.05674
340218,0.047499
340254,0.015402
340279,0.014097
340331,0.06478
340363,0.027478
340375,0.041002
340413,0.002409
340445,0.020945
340455,0.097674
340511,0.035928
340595,0.045623
340607,0.041365
340685,0.031884
340724,0.057818
340796,0.043007
340848,0.046553
340916,0.026357
340929,0.038368
340944,0.008743
340972,0.036491
340995,0.00095
341024,0.005719
341040,0.040946
341095,0.000184
341156,0.094043
341197,0.012585
341217,0.030718
341239,0.076651
341275,0.012187
341303,0.010655
341437,0.078215
341466,0.000582
341474,0.030899
341538,0.058463
341582,0.004729
341617,0.10322
341640,0.052202
341646,0.103509
341687,0.026218
341714,0.054458
341731,0.030482
341756,0.019947
341759,2.115691
341875,0.036252
341938,0.091619
342069,0.000691
342081,0.073043
342130,0.093731
342196,0.000274
342205,0.051418
342208,0.000815
342284,0.002156
342302,0.02612
342337,0.090462
342360,0.024289
342367,0.003706
342414,0.000824
342453,0.003082
342467,0.001434
342553,0.070219
342671,0.186172
342725,0.026755
342772,0.017615
342844,0.02509
342877,0.015072
342909,0.044428
342940,0.023567
342964,0.042673
342968,0.046212
343008,0.054104
343060,0.12523
343129,0.067747
343163,0.000605
343214,0.008896
343321,0.073097
343350,0.006058
343385,0.268089
343487,0.008606
343496,0.003781
343514,0.03378
343546,0.057251
343561,0.081122
343563,0.057301
343606,0.002047
343645,0.067552
343715,0.02525
343720,0.005793
343785,0.009816
343859,0.006387
343923,0.026799
343953,0.000664
343988,0.054372
344001,0.056117
344022,0.010886
344081,0.004398
344123,0.0031
344159,0.046889
344169,0.025606
344173,0.183471
344222,0.130734
344244,0.031189
344270,0.039534
344402,0.008366
344496,0.050213
344522,0.117391
344557,0.027886
344591,0.069163
344637,0.015414
344730,0.006386
344740,0.010648
344742,0.064086
344757,0.077465
344787,0.000176
344825,0.010262
344874,0.027307
344889,0.065204
344897,0.247188
344916,0.07989
344933,0.161243
344967,0.002454
345068,0.008181
345118,0.019569
345166,0.021967
345168,0.489144
345217,0.001639
345241,0.041913
345265,0.047309
345269,0.156514
345302,0.023856
345368,0.00236
345408,0.018518
345424,0.026223
345477,0.044606
345555,0.055307
345568,0.037357
345582,0.037832
345620,0.020794
345650,0.021463
345715,0.045936
345757,0.01086
345786,0.023988
345802,0.071341
345863,0.019886
345877,0.015762
345958,0.140526
346004,0.019266
346025,0.015266
346043,0.007229
346049,0.05562
346151,0.068656
346185,0.007803
346192,0.062493
346213,0.038409
346292,0.044062
346364,0.012881
346412,0.026122
346431,0.030266
346461,0.000983
346492,0.032754
346527,0.015664
346558,0.033679
346665,0.003128
346700,0.031404
346749,0.010002
346784,0.025701
346816,0.0369
346838,0.055518
346983,0.055381
347045,0.000245
347048,0.017497
347074,0.013103
347092,0.01433
347155,0.037321
347339,0.045953
347439,0.014558
347469,0.026387
347495,0.00244
347581,0.022209
347640,0.009376
347703,0.000268
347757,0.116658
347763,1.246112
347823,0.104754
347970,0.027296
348023,0.012104
348103,0.004368
348153,0.065354
348190,0.015658
348356,0.053221
348363,0.061069
348487,0.001886
348543,0.022453
348753,0.085272
348784,0.023233
348812,0.03584
348905,0.026135
348965,0.121801
348997,0.00686
349057,0.017026
349154,0.029178
349175,0.021054
349191,0.014363
349328,0.023087
349558,0.007951
349574,1.08012
349595,0.153342
349735,0.00062
349762,0.113832
349836,0.390143
349902,0.016185
350017,0.018591
350033,0.011331
350081,0.039642
350120,1.019044
350163,0.008149
350165,0.051687
350167,0.495423
350268,0.002185
350320,0.011729
350498,0.010623
350553,0.142425
350608,0.030717
350617,0.137213
350676,0.052735
350772,0.043717
350799,0.072744
350825,0.00385
350837,0.043929
350906,0.052419
350938,0.022496
350958,0.009106
350991,0.010984
351056,0.008712
351073,0.046015
351083,0.038334
351131,0.002736
351258,0.011869
351276,0.037022
351293,0.020746
351356,0.011049
351385,0.007292
351416,0.005988
351436,0.152946
351463,0.098877
351724,0.004603
351755,0.011406
351905,0.013143
351946,0.086445
351960,0.026006
351964,0.044427
351987,0.041102
352170,0.007783
352194,0.002271
352212,0.110291
352220,0.000793
352304,0.114982
352358,0.019229
352399,0.091932
352432,0.079297
352484,0.003449
352535,0.002651
352556,0.455522
352560,0.345462
352769,0.023901
352808,0.103449
352824,0.053078
352843,0.077526
352862,0.102948
352928,0.163786
352985,0.170016
353083,0.036487
353107,0.013212
353129,0.233071
353161,0.163837
353230,0.034396
353281,0.013642
353305,0.086214
353536,0.002073
353599,0.046418
353652,0.010906
353690,0.099579
353757,0.134082
353762,0.045336
353763,0.112017
353844,0.011501
353866,0.016578
353877,0.041493
353933,0.036058
353997,0.029386
354012,0.128949
354176,0.039313
354198,0.085935
354213,0.38622
354317,0.012685
354340,0.076651
354358,0.097894
354371,0.206476
354448,0.048027
354520,0.00215
354551,0.040565
354569,0.040499
354680,0.059937
354727,0.000286
354743,0.010183
354797,0.009883
354890,0.036442
354944,0.048181
354946,0.10235
354964,0.095924
355038,0.007354
355196,0.008844
355258,0.030993
355269,0.019688
355482,0.006061
355504,0.024247
355536,0.003681
355559,0.166391
355570,0.043238
355589,0.019012
355650,0.080119
355683,0.010729
355702,0.207336
355736,0.195229
355763,0.005627
355863,0.031954
355879,0.148959
355913,0.016779
355933,0.007432
356007,0.249769
356067,0.114157
356078,0.045582
356107,0.005321
356125,0.06611
356146,0.132473
356158,0.264291
356160,4.240264
356214,0.008011
356224,0.011754
356271,0.012154
356353,0.06317
356364,0.020496
356453,0.031704
356485,0.039461
356650,0.009515
356705,0.056494
356761,0.218863
356817,0.031399
356838,0.003154
356926,0.045601
356963,0.00029
356968,0.035166
356984,0.034277
357015,0.157946
357081,0.119375
357125,0.03505
357210,0.070344
357281,0.024342
357381,0.03578
357459,0.720311
357567,0.013045
357602,0.000227
357623,0.216115
357651,0.049382
357676,0.086587
357706,0.090755
357728,0.228675
357792,0.057075
357859,0.058895
357886,0.120255
357919,0.02005
357991,0.007789
358095,0.01884
358199,0.034446
358233,0.10704
358246,0.027625
358345,0.003044
358371,0.445587
358420,0.01725
358461,0.016097
358469,0.110513
358496,0.014076
358556,0.12979
358615,0.008471
358616,0.003384
358667,0.002475
358717,0.022374
358737,0.015748
358761,0.067161
358801,0.099589
358871,0.010401
358885,0.088756
358996,0.161828
359093,0.001754
359156,0.04137
359209,0.020739
359219,0.085343
359246,0.065228
359298,0.002422
359327,0.039141
359388,0.051173
359414,0.019676
359519,0.032432
359670,0.007744
359722,0.021606
359757,0.144059
359761,0.213922
359770,0.288053
359831,0.04081
359859,0.022431
359888,0.006632
359938,0.002179
359954,0.198509
360075,0.074612
360145,0.085151
360227,0.046633
360262,0.004789
360286,0.026046
360346,0.012561
360357,0.003313
360435,0.00412
360452,0.077904
360462,0.032536
360482,0.227612
360522,0.243777
360532,0.040445
360546,0.355769
360582,0.245122
360602,0.003622
360612,0.038275
360622,0.056798
360632,0.114896
360642,0.442342
360652,0.12402
360672,0.341685
360692,0.170714
360702,0.165618
360722,0.009518
360732,0.160611
360742,0.606481
360762,0.409616
360782,0.542127
360802,0.494764
360812,0.245917
360822,0.016112
360852,0.282635
360862,0.625854
360872,0.13302
360932,0.061077
360959,0.133926
360965,0.01379
361022,0.067931
361044,0.00526
361045,0.019771
361113,0.043927
361137,0.012601
361167,0.011856
361314,0.015677
361318,0.014146
361415,0.002584
361503,0.019879
361540,0.01464
361552,0.016593
361629,0.006845
361645,0.107566
361652,0.165527
361732,0.007744
361737,0.043694
361789,0.010986
361856,0.000177
362007,0.023041
362033,0.037166
362052,0.011384
362118,0.053057
362135,0.125793
362154,0.150148
362164,0.091357
362313,0.022323
362350,0.026859
362440,0.048938
362479,0.00346
362493,0.025119
362511,0.024531
362628,0.057173
362655,0.01058
362686,0.052941
362761,0.192041
362765,0.443976
362820,0.032577
362832,0.104343
362861,0.029641
362915,0.057648
362995,0.027485
363040,0.033456
363126,0.094396
363140,0.118245
363278,0.004972
363305,0.043302
363356,0.04324
363374,0.221082
363405,0.080259
363513,0.029074
363570,0.07613
363577,0.025049
363650,0.002971
363664,0.076533
363751,0.041428
363765,0.007273
363795,0.086566
363829,0.025797
363881,0.00674
363946,0.001122
363967,0.050981
364030,0.017961
364142,0.097744
364271,0.047253
364292,0.01448
364354,0.001853
364451,0.028183
364529,0.041071
364560,0.29233
364568,0.096726
364623,0.002308
364663,0.008515
364694,0.07719
364719,0.002129
364721,0.038799
364769,0.016292
364785,0.042965
364823,0.103309
364849,0.016903
364868,0.063378
364904,0.04467
364954,0.029934
365053,0.038864
365073,0.083037
365146,0.027466
365159,0.157743
365165,0.556899
365227,0.034964
365298,0.065741
365322,0.06973
365406,0.126166
365458,0.03222
365495,0.004422
365528,0.008484
365551,0.049977
365650,0.001765
365687,0.001861
365720,0.674488
365761,3.391042
365885,0.057206
365920,0.020826
365954,0.016265
365998,0.347425
366033,0.164767
366105,0.03163
366108,0.051905
366211,0.032487
366465,0.013712
366535,0.057724
366669,0.02764
366709,0.11907
366785,0.057208
366855,0.001226
366891,0.037992
366925,0.010761
366941,0.095049
366959,0.774505
366981,0.078212
367038,0.032678
367127,0.041241
367137,0.018338
367183,0.123535
367250,0.427368
367280,0.090134
367301,0.039419
367416,0.03907
367441,0.020866
367519,0.00682
367560,0.662058
367597,0.035026
367675,0.031646
367830,0.021614
367855,0.005856
367890,0.001366
367970,0.008135
368117,0.002126
368119,0.008384
368162,0.027053
368164,0.046132
368172,0.041197
368257,0.014462
368335,0.0164
368412,0.003489
368426,0.010647
368517,0.06212
368615,0.012439
368707,0.00017
368746,0.096133
368807,0.091895
368872,0.022112
368970,0.005175
368996,0.018052
369024,0.005809
369088,0.019465
369177,0.009522
369217,0.023247
369287,0.001966
369292,0.002753
369325,0.078848
369358,0.039805
369364,0.266085
369465,0.094182
369476,0.015503
369546,0.085964
369576,0.023113
369577,0.00238
369623,0.001605
369731,0.00426
369762,0.060944
369835,0.002107
369840,0.008102
369854,0.10638
369915,0.015036
369945,0.000244
369992,0.002085
370013,0.065761
370136,0.040445
370241,0.05771
370253,0.053237
370271,0.00639
370276,0.02398
370304,0.008342
370337,0.012623
370375,0.002025
370389,0.005789
370433,0.010073
370484,0.021007
370567,0.049065
370606,0.054096
370637,0.094815
370679,0.010436
370747,0.06061
370846,0.002977
371006,0.044772
371038,0.078173
371070,0.029094
371146,0.138646
371165,2.105141
371212,0.061475
371288,0.000322
371306,0.006384
371382,0.019072
371480,0.01835
371486,0.064922
371509,0.030087
371525,0.02232
371598,0.016387
371624,0.048386
371705,0.020664
371726,0.040607
371746,0.024396
371822,0.051172
371837,0.025575
371936,0.012001
371953,0.55491
371995,0.001742
372063,0.023384
372065,0.1782
372112,0.032715
372158,0.018041
372191,0.03548
372197,0.061391
372214,0.044027
372218,0.070261
372250,0.001101
372278,0.177679
372350,0.003471
372403,0.024726
372448,0.034497
372489,0.099732
372565,0.059128
372643,0.064826
372677,0.061951
372683,0.008825
372695,0.00852
372733,0.010683
372879,0.069323
372929,0.045345
372935,0.146645
372958,0.201316
372967,0.003749
373004,0.031799
373028,0.092994
373105,0.027761
373284,0.030506
373335,0.018435
373377,0.229823
373501,0.012201
373525,0.008928
373545,0.192925
373611,0.096518
373732,0.092569
373753,0.018961
373795,0.035253
373832,0.012272
373842,0.02684
373919,0.062949
373992,0.082935
374105,0.002747
374122,0.051579
374145,0.067768
374161,4.007191
374211,0.037182
374287,0.059462
374362,0.021197
374368,0.036786
374513,0.039124
374690,0.056544
374737,0.006364
374759,0.174579
374772,0.367305
374795,0.223861
374876,0.002877
374947,0.020149
374977,0.035949
375116,0.084098
375154,0.087241
375307,0.047081
375359,0.036584
375360,1.520492
375375,0.501235
375453,0.006466
375489,0.080064
375586,0.438327
375622,0.005749
375643,0.009806
375659,0.018313
375680,0.010959
375743,0.057959
375808,0.078799
375817,0.005449
375863,0.03116
375899,0.01993
375956,0.015623
375960,0.092232
376071,0.014637
376109,0.108739
376157,0.024592
376196,0.024937
376227,0.042548
376295,0.004142
376302,0.008771
376410,0.018599
376439,0.010265
376445,2.335774
376482,0.01722
376511,0.039976
376561,0.292978
376596,0.029878
376667,0.010315
376758,0.039938
376798,0.025149
376816,0.009096
376820,0.001575
376852,0.005894
376972,0.012285
377011,0.086125
377041,0.015511
377068,0.006747
377079,0.004466
377173,1.082725
377257,0.06395
377285,0.007829
377301,0.015974
377390,0.053031
377458,0.004536
377470,0.017881
377502,0.071085
377563,0.006424
377573,0.537428
377626,0.012084
377643,0.023862
377714,0.092369
377757,0.157707
377772,0.369395
377894,0.108384
377908,0.145581
378015,0.006531
378028,0.083136
378036,0.089412
378083,0.015801
378093,0.022487
378179,0.015217
378258,0.005851
378280,0.051289
378305,0.01366
378323,0.066357
378345,0.023087
378359,0.044514
378439,0.055135
378467,0.077807
378505,0.012088
378578,0.006118
378591,0.038948
378701,0.050542
378716,0.023499
378739,0.033255
378807,0.0022
378869,0.024767
378897,0.003268
378935,0.066367
378961,0.165424
379016,0.03096
379034,0.090333
379044,0.008754
379083,0.031511
379125,0.006169
379175,0.131801
379248,0.018291
379323,0.022182
379325,0.009797
379366,0.07127
379449,0.022309
379485,0.030294
379517,0.005086
379558,0.13902
379566,0.053405
379649,0.002351
379685,0.035694
379936,0.02461
379946,0.002383
380013,0.014747
380063,0.016368
380152,0.017877
380167,0.101748
380188,0.042081
380257,0.027135
380274,0.03537
380438,0.009658
380518,0.008634
380562,0.004617
380569,0.797099
380638,0.046533
380723,0.009941
380759,0.241811
380762,0.634195
380872,0.017712
380971,0.059042
381260,0.059276
381335,0.01253
381357,0.046159
381360,0.066777
381370,0.138163
381463,0.038372
381491,0.045712
381551,0.017872
381584,0.165081
381669,0.020812
381819,0.0139
381830,0.003157
381878,0.002076
381957,0.014181
381958,0.016788
381968,0.023851
382023,0.015647
382213,0.02351
382319,0.018248
382338,0.208554
382398,0.001272
382566,0.013769
382698,0.067528
382740,0.159073
382788,0.045274
382793,0.023737
382822,0.00845
382844,0.167023
382969,0.015231
382975,0.03082
383158,0.008282
383168,0.016904
383183,0.214644
383277,0.028899
383389,0.001607
383499,0.119779
383567,0.135845
383589,0.087455
383685,0.043909
383701,0.006238
383715,0.024462
383746,0.151696
383767,0.020917
383771,0.095545
383875,0.072383
383922,0.098799
383961,0.006931
384023,0.001039
384119,0.133349
384178,0.022937
384193,0.022457
384224,0.028359
384321,0.032922
384336,0.099111
384345,0.348105
384448,0.015788
384570,0.001236
384793,0.055425
384919,0.00703
384944,0.27778
384968,0.014631
385038,0.002967
385048,0.13388
385105,0.027094
385140,0.04897
385189,0.048433
385251,0.173758
385417,0.021531
385465,0.02345
385477,0.281838
385521,0.006141
385527,0.025771
385553,0.024769
385565,0.040575
385609,0.076826
385701,0.031267
385711,0.254348
385863,0.000545
385956,0.093928
386014,0.001569
386083,0.026646
386135,0.021013
386158,0.288135
386244,0.068543
386321,0.07392
386448,1.038606
386507,0.031067
386531,0.059881
386564,0.004594
386568,0.021658
386630,0.38964
386660,0.001076
386711,0.014827
386745,0.009396
386823,0.004887
386872,0.020546
387064,0.368014
387197,0.121956
387252,0.015448
387276,0.027211
387360,0.350848
387467,0.038167
387483,0.000572
387497,0.023939
387581,0.004664
387642,0.03958
387675,0.008552
387692,0.098662
387697,0.075407
387731,0.044343
387815,0.016302
387825,0.02345
387830,0.038271
387844,0.03401
387880,0.006585
387924,0.012542
387934,0.087768
387951,0.469782
388000,0.018547
388037,0.391172
388072,0.210648
388167,0.036017
388191,0.137471
388264,0.009247
388273,0.023305
388359,0.023707
388453,0.026411
388546,0.061347
388559,0.205964
388641,0.006715
388725,0.064827
388748,0.044064
388773,0.008413
388805,0.012653
388935,0.034818
388958,0.001115
388979,0.004567
388990,0.006789
388997,0.082967
389070,0.047487
389143,0.018984
389145,0.090789
389205,0.034592
389240,0.014653
389303,0.008071
389340,0.033968
389349,0.040443
389387,0.024403
389434,0.004343
389482,0.078478
389517,0.005754
389548,0.018416
389607,0.041972
389627,0.016334
389682,0.044237
389706,0.314964
389756,0.692579
389766,0.004999
389810,0.041322
389928,0.002671
389933,0.024945
389963,0.084904
390028,0.058158
390148,0.005967
390198,0.033109
390215,0.014772
390268,0.003614
390283,0.089003
390346,0.117731
390361,0.065674
390436,0.034056
390519,0.252841
390562,0.09886
390579,0.001513
390684,0.018569
390783,0.016063
390809,0.022127
390896,0.077693
390917,0.01202
390949,0.012733
391044,0.0028
391051,0.060265
391221,0.015879
391225,0.050511
391361,0.043271
391424,0.1039
391472,0.009288
391519,0.055967
391559,0.003384
391565,0.127643
391683,0.022548
391707,0.009064
391811,0.019713
391853,0.029794
391949,0.071631
392018,0.069148
392029,0.042892
392044,0.059405
392084,0.008922
392125,0.004062
392156,0.064038
392163,0.806971
392327,0.025448
392359,0.006773
392410,0.05641
392606,0.077249
392651,0.027728
392745,0.000981
392757,0.054031
392760,2.65469
392820,0.004443
392841,0.080656
392933,0.01259
392967,0.008268
392973,0.041775
392982,0.055804
393092,0.000779
393107,0.017439
393111,0.039112
393147,0.005473
393195,0.030613
393209,0.041858
393301,0.074248
393360,0.058989
393375,0.016306
393398,0.006106
393423,0.003215
393435,0.015823
393451,0.025234
393536,0.057278
393573,0.015033
393629,0.002358
393636,0.068629
393683,0.046034
393717,0.004581
393881,0.135293
393947,0.049198
393962,0.120179
393999,0.017325
394128,0.070847
394185,0.006077
394216,0.076054
394251,0.01126
394256,0.039162
394261,0.694771
394324,0.003197
394336,0.036345
394363,0.09963
394413,0.004369
394417,0.076486
394552,0.019778
394557,2.382701
394606,0.002908
394663,0.011058
394668,0.026391
394714,0.030816
394830,0.054904
394851,0.021537
394887,0.019746
394933,0.007349
394936,0.335206
394967,0.001892
395019,0.113557
395078,0.004221
395135,0.122842
395161,0.021465
395199,0.014842
395223,0.049774
395308,0.082003
395324,0.046263
395431,0.008228
395496,0.100231
395518,0.186914
395603,0.098704
395642,0.504514
395703,0.104007
395723,0.01489
395740,0.029339
395755,0.000729
395774,0.068614
395812,0.021674
395893,0.062811
396019,0.046278
396094,0.003717
396137,0.017942
396155,0.199181
396216,0.116883
396247,0.087249
396284,0.135853
396295,0.198316
396345,0.046047
396367,0.279193
396450,0.044719
396487,0.060243
396563,0.164575
396590,0.129556
396640,0.006591
396710,0.029625
396764,0.015691
396945,0.024132
396956,0.355269
396972,0.052184
397013,0.047429
397082,0.00349
397115,0.010954
397162,0.101061
397197,0.29338
397285,0.019444
397319,0.005585
397359,0.04924
397429,0.00306
397473,0.009616
397505,0.02987
397559,0.358714
397598,0.173803
397617,0.37862
397706,0.194266
397735,0.023481
397783,0.033267
397839,0.032367
397939,0.002901
398080,0.025194
398157,0.064723
398159,0.763449
398280,0.028077
398435,0.014566
398592,0.005824
398630,0.003731
398654,0.007492
398677,0.00028
398725,0.009097
398728,0.037257
398746,0.148248
398774,1.173668
398839,0.062666
398847,0.143841
398860,0.008564
398887,0.020615
399049,0.017383
399093,0.08711
399106,0.009014
399126,0.037902
399152,0.118365
399187,0.019853
399192,0.039538
399234,0.021559
399447,0.009085
399501,0.069841
399629,0.028503
399657,0.023655
399675,0.001995
399707,0.031653
399804,0.000856
399916,0.013821
399923,0.001724
399962,0.162756
400053,0.013
400107,0.008893
400111,0.006614
400129,0.060292
400257,0.135022
400309,0.016511
400360,0.028418
400388,0.029438
400417,0.060434
400453,0.006007
400480,0.001735
400556,0.342071
400672,0.00839
400703,0.062696
400727,0.000828
400819,0.017847
400855,0.037043
400888,0.012387
400935,0.032936
401030,0.019516
401065,0.000267
401110,0.231074
401129,0.015875
401145,0.004445
401163,0.031411
401173,0.421557
401280,0.024967
401345,0.006
401352,0.000962
401382,0.001107
401412,0.006735
401451,0.060019
401502,0.032592
401518,0.104422
401580,0.00563
401625,0.070653
401694,0.021986
401722,0.09612
401744,0.0165
401754,0.049951
401770,0.07666
401823,0.048752
401872,0.017895
402029,0.005679
402083,0.004316
402096,0.00524
402118,0.022112
402140,0.069436
402176,0.021952
402182,0.215278
402267,0.004486
402346,0.426299
402365,0.451814
402432,0.090415
402477,0.044194
402485,0.004679
402493,0.000249
402526,0.004516
402656,0.021794
402687,0.028673
402720,0.014861
402785,0.016299
402799,0.000155
402819,0.038076
402824,0.108282
402844,0.021586
402867,0.010596
402887,0.030635
402901,0.01488
402932,0.006965
402945,0.062072
402964,0.070428
402968,9.791009
403023,0.051293
403117,0.006785
403191,0.024648
403337,0.023264
403353,0.962924
403412,0.011399
403428,0.010466
403458,0.066576
403486,0.025719
403564,0.063234
403608,0.110815
403692,0.015
403700,0.013912
403778,0.014694
403795,0.00563
403877,0.004159
403885,0.075025
403992,0.020519
404051,0.00421
404076,0.037209
404103,0.658087
404157,0.001183
404163,0.31516
404171,1.2607
404241,9.9e-05
404254,0.017707
404274,0.031747
404303,0.073871
404523,0.04331
404554,0.004053
404746,0.125183
404761,0.781576
404890,0.115577
404965,0.01994
405009,0.000462
405096,0.081581
405153,0.001531
405198,0.173767
405269,0.001431
405340,0.068755
405493,0.006413
405516,0.016069
405607,0.007338
405619,0.049133
405658,0.035178
405673,0.036797
405701,0.040726
405744,0.046592
405801,0.009742
405816,0.046253
405938,0.167542
405963,1.162284
406046,0.016431
406108,0.017107
406129,0.008457
406169,0.066659
406210,0.049791
406234,0.004702
406256,0.000946
406280,0.006239
406307,0.03394
406356,0.023006
406472,0.005445
406485,0.052044
406542,0.010512
406555,0.313163
406563,1.217488
406615,0.017741
406797,0.02739
406870,0.008066
406896,0.021626
406932,0.095841
406963,0.001658
407025,0.007292
407071,0.109921
407094,0.217176
407122,0.031359
407145,0.03762
407161,0.204546
407195,0.409292
407285,0.001099
407345,0.157372
407422,0.040531
407441,0.046443
407465,0.000553
407485,0.000746
407505,0.139193
407539,0.079618
407575,0.011349
407585,0.008219
407625,0.258689
407635,0.004274
407665,0.031369
407695,0.120183
407705,0.06191
407725,0.002344
407735,0.283383
407755,0.143734
407775,0.15016
407795,0.042282
407815,0.267504
407835,0.353872
407845,0.074192
407855,0.247061
407875,0.182786
407895,0.294369
407915,0.196957
407925,0.21539
407935,0.248314
407955,0.052641
407965,0.002238
407975,0.19119
407985,0.29615
407995,0.08275
408025,0.487166
408045,0.650267
408055,0.095868
408065,0.077427
408075,0.111473
408085,0.214649
408105,0.583468
408115,0.416093
408135,0.473158
408145,0.027941
408155,0.128512
408165,0.372346
408205,0.628481
408216,0.147528
408245,0.371245
408255,0.279786
408275,0.675986
408305,0.563646
408315,0.616161
408345,0.090923
408543,0.041581
408593,0.0188
408601,0.00242
408606,0.035274
408615,0.002152
408657,0.031016
408722,0.021659
408756,0.01405
408850,0.016291
408865,0.004624
408909,0.044327
408936,0.005363
408945,0.093959
408970,0.787518
409058,0.064709
409080,1.214681
409134,0.012321
409160,0.038243
409196,0.051577
409208,0.006585
409290,0.028389
409454,0.017676
409545,0.012627
409559,0.056246
409595,0.044041
409707,0.001479
409716,0.082709
409747,0.031486
409831,0.015907
409842,0.022555
409891,0.011614
409942,0.014742
409996,0.05385
410045,0.025525
410101,0.000695
410133,0.049827
410156,0.008745
410180,0.034622
410364,0.09427
410391,0.019753
410405,0.048473
410477,0.024366
410497,0.112296
410509,0.148641
410563,0.040271
410579,0.000631
410580,0.016773
410630,0.021879
410758,0.062389
410766,0.017881
410857,0.012544
410893,0.008088
410911,0.002506
410979,0.009991
411012,0.010052
411090,0.021971
411223,0.012004
411284,0.015368
411301,0.022914
411359,0.104194
411367,9.848939
411435,0.01544
411508,0.00011
411732,0.007841
411789,0.026362
411840,0.003657
411908,0.042762
411922,0.32303
411959,0.674122
411994,0.121711
412090,0.056393
412147,0.011808
412225,0.071224
412247,0.013806
412291,0.127754
412336,0.00208
412350,0.008135
412365,0.023081
412430,0.0993
412467,0.051342
412494,0.013669
412507,0.020157
412544,0.000214
412558,0.130204
412564,0.003771
412596,0.000295
412667,0.014833
412686,0.013483
412730,0.013533
412732,0.1948
412777,0.169196
412821,0.000226
412900,0.653865
412977,0.02145
413015,0.074658
413048,0.098294
413102,0.00284
413108,0.003221
413159,0.001408
413165,0.07345
413195,0.025954
413265,0.013815
413266,0.177652
413340,0.003501
413365,0.024941
413492,0.027494
413515,0.003677
413549,0.013996
413736,0.019696
413745,0.061495
413764,0.135858
413779,0.234499
413815,0.106072
413853,0.035282
413869,0.09226
413969,0.016337
414008,0.068423
414107,0.021627
414250,0.005381
414285,0.038406
414355,0.036107
414358,1.065969
414442,0.00139
414473,0.014517
414486,0.016938
414524,0.070195
414544,0.023017
414567,0.009242
414587,0.00019
414634,0.095031
414657,0.030779
414675,0.011344
414745,0.001668
414763,0.004546
414860,0.041501
414891,0.06486
414945,0.026269
414963,0.091094
414965,0.692293
415064,0.006973
415127,0.057773
415146,0.269503
415210,0.000832
415335,0.021025
415374,0.307999
415404,0.031338
415417,0.026625
415492,0.00349
415557,0.115992
415558,0.136357
415599,0.085628
415632,0.048566
415645,0.003087
415700,0.009211
415710,0.011423
415816,0.091612
415836,0.120292
415892,0.029614
415915,0.013316
415921,0.024351
415938,0.040602
416093,0.002647
416139,0.004425
416159,0.025433
416205,0.541188
416236,0.041706
416312,0.052381
416337,0.032119
416441,0.017782
416496,0.003642
416580,0.079787
416617,0.01996
416679,0.059249
416721,0.001651
416744,0.025415
416758,0.063153
416762,0.036618
416773,0.012559
416827,0.011189
416837,0.026245
416874,0.000279
416930,0.011908
416935,0.070037
417016,0.020967
417133,0.037454
417172,0.052018
417255,0.006601
417304,0.009934
417345,0.006855
417356,0.531447
417412,0.048284
417499,0.005481
417507,0.010494
417528,0.005659
417594,0.032645
417638,0.069522
417715,0.003229
417740,0.055424
417745,0.010389
417834,0.012039
417877,0.010516
417927,0.001091
417950,0.02879
417996,0.081456
418138,0.000479
418193,0.003749
418204,0.008572
418234,0.019938
418260,0.018097
418372,0.014249
418378,0.083481
418407,0.023726
418466,0.346558
418520,0.338068
418558,0.012601
418583,0.023235
418618,0.024221
418674,0.022811
418692,0.047653
418735,0.022844
418769,0.036138
418778,0.005778
418829,0.000658
418899,0.031841
418926,0.067409
418957,0.072527
418962,0.124662
418980,0.004801
419039,0.04811
419046,0.038137
419108,0.227702
419137,0.001728
419160,0.011329
419205,0.010338
419249,0.065995
419312,0.034294
419403,0.007787
419439,0.01836
419499,0.015356
419533,0.936552
419580,0.05099
419740,0.016523
419746,2.094675
419771,0.270601
419808,0.026076
419918,0.006826
420049,0.025877
420069,0.378488
420117,0.000134
420129,0.026737
420204,0.227647
420243,0.034186
420318,0.096063
420327,0.025457
420400,0.018098
420405,0.000651
420444,0.086364
420489,0.035834
420525,0.040753
420599,0.017919
420723,0.001673
420766,0.314895
420800,0.000613
420851,0.081685
420862,0.007577
420896,0.002011
420917,0.033133
420964,1.102764
421006,0.070152
421071,0.024456
421092,0.002992
421124,0.000639
421144,0.022991
421197,0.006624
421218,0.021201
421303,0.061051
421328,0.006298
421399,0.066382
421420,0.039579
421424,0.016722
421522,0.167758
421561,0.05861
421576,0.162447
421618,0.066427
421662,0.008913
421889,0.031896
422085,0.049479
422105,0.014709
422162,0.164754
422208,0.00112
422212,0.007432
422355,0.048845
422499,0.024602
422515,0.075532
422536,0.020809
422583,0.057413
422593,0.197849
422613,0.084485
422643,0.037142
422653,0.071422
422703,0.128058
422723,0.082533
422733,0.006307
422743,0.558623
422783,0.098415
422803,0.056527
422823,0.377885
422843,0.137403
422853,0.314144
422873,0.224859
422883,0.31269
422913,0.006149
422923,0.493897
422953,0.020132
422973,0.053817
422993,0.007957
423003,0.017766
423013,0.030268
423060,0.225791
423176,0.02496
423248,0.012749
423268,0.005078
423290,0.411705
423363,0.024853
423431,0.027127
423471,0.067677
423539,0.15401
423596,0.009061
423735,0.011498
423798,0.001121
423880,0.034084
423913,0.043557
423918,0.039583
423956,0.147398
424024,0.013142
424104,0.01053
424165,0.103997
424190,0.027365
424330,0.035739
424331,0.066405
424362,0.001209
424492,0.032885
424507,0.051118
424545,0.017207
424558,0.025166
424560,0.146408
424599,0.01544
424621,0.025114
424667,0.016662
424758,0.066565
424800,0.00116
424843,0.019883
424868,0.010982
424933,0.031395
424953,0.01505
424997,0.036436
425000,0.029001
425073,0.000655
425099,0.028962
425131,0.064564
425153,0.039911
425158,0.014357
425298,0.016427
425301,0.001934
425370,0.045558
425452,0.00564
425462,0.011366
425595,0.011803
425610,0.001731
425659,0.072316
425687,0.021853
425708,0.102199
425784,0.192393
425846,0.001081
425864,0.220228
425934,0.044134
426097,0.099541
426135,0.040992
426172,0.032557
426230,0.049672
426287,0.095532
426327,0.001811
426361,0.032809
426387,0.028537
426411,0.007316
426430,0.101787
426497,0.012098
426517,0.009391
426527,0.014831
426545,0.07817
426568,0.063183
426640,0.103698
426673,0.025755
426682,0.009972
426731,0.019985
426819,0.190508
426846,0.025081
426901,0.234314
426945,0.014102
426969,0.028544
427013,0.034845
427037,0.02484
427072,0.00498
427076,0.048356
427154,0.074203
427168,0.042659
427222,0.006129
427254,0.008123
427318,0.001051
427355,0.193835
427413,0.031097
427452,0.016693
427485,0.040856
427525,0.29484
427559,0.503183
427681,0.053212
427745,0.02305
427765,0.016166
427822,0.021992
427923,0.237936
427958,0.00612
427981,0.024206
427997,0.016588
428132,0.006811
428163,2.657098
428285,0.017952
428305,0.011934
428359,0.033929
428507,0.012298
428514,0.053129
428623,0.002953
428712,0.002627
428728,0.029634
428758,0.085221
428763,1.466349
428765,3.423833
428787,0.080908
428871,0.000977
428889,0.018402
428979,0.005971
429007,0.073909
429031,0.014215
429094,0.015372
429120,0.018695
429191,0.051152
429234,0.238305
429283,0.037318
429308,0.018438
429314,0.000475
429359,0.089037
429363,0.109775
429447,0.021504
429455,0.026714
429465,0.058622
429537,0.103156
429556,0.019086
429565,0.013265
429602,0.028647
429626,0.046544
429651,0.06399
429689,0.040968
429753,0.000678
429805,0.028526
429823,0.003776
429846,0.007834
429848,0.02825
429918,0.285409
429963,0.130786
429994,0.051906
430037,0.221251
430095,0.002552
430127,0.003594
430179,0.870461
430309,0.020327
430338,0.012668
430366,0.019838
430381,0.038106
430403,0.008708
430485,0.653148
430557,0.042517
430585,0.101185
430709,0.02445
430847,0.007895
430931,0.056925
430945,0.006621
431036,0.004972
431227,0.054261
431247,0.006266
431357,0.015985
431449,0.014673
431465,0.030275
431576,0.037633
431647,0.016821
431683,0.000506
431733,0.0071
431757,0.061815
431765,0.002959
431927,0.006095
431950,0.00824
431988,0.476503
432062,0.052768
432087,0.017032
432194,0.04264
432224,0.015728
432260,0.050523
432329,0.008688
432365,0.086923
432400,0.148232
432421,0.099568
432484,0.011928
432533,0.097503
432613,0.010275
432694,0.017636
432721,0.002978
432730,0.057875
432747,0.039524
432867,0.018642
432879,0.014552
432945,1.534643
433005,0.020254
433047,0.022873
433180,0.002739
433217,0.032232
433249,0.004686
433310,0.033088
433323,0.008611
433356,0.020884
433384,0.007233
433390,0.005386
433410,0.002923
433468,0.064215
433535,0.077762
433562,0.926449
433564,4.00069
433648,0.074504
433667,0.031166
433757,0.014005
433831,0.001112
433863,0.067983
433932,0.004789
434072,0.227393
434116,0.113234
434162,0.273897
434268,0.025065
434333,0.012975
434338,0.131306
434416,0.000627
434487,0.041508
434551,0.024566
434565,0.095422
434600,0.010317
434695,4.5e-05
434757,0.072293
434765,0.829426
434797,0.11068
434853,0.022623
434944,0.000438
434956,0.018965
434974,0.000254
434995,0.025205
435005,0.010583
435100,0.169325
435124,0.446711
435225,0.028387
435255,0.002272
435344,0.029718
435360,0.211356
435401,0.006385
435502,0.008943
435512,0.007876
435564,0.023119
435590,0.072592
435653,0.160752
435767,0.018505
435794,0.023256
435813,0.023171
435824,0.01486
435899,0.038802
435960,0.078524
435970,0.0339
436055,0.007464
436059,0.024107
436094,0.068383
436106,0.301454
436170,0.024971
436193,0.012323
436281,0.073918
436296,0.056739
436339,0.059898
436401,0.02817
436420,0.014821
436467,0.048937
436479,0.016995
436545,0.024183
436548,0.021161
436567,0.069295
436615,0.005806
436637,0.046167
436655,0.039513
436710,0.021876
436771,0.007256
436776,0.044137
436833,0.007733
436845,0.181965
436904,0.034719
436934,0.012895
436954,0.010638
436958,0.035093
436986,0.47218
437007,0.02809
437035,0.019298
437058,0.046335
437101,0.080196
437146,0.558872
437163,0.083036
437165,0.101754
437283,0.007526
437313,0.045271
437357,0.002212
437378,0.10464
437485,0.016575
437674,0.102519
437721,0.000646
437746,0.394668
437813,0.005249
437829,0.200621
437913,0.014277
437949,0.002845
438059,0.073305
438089,0.087939
438354,0.020934
438481,0.162823
438574,0.001942
438607,0.025753
438916,0.014017
438930,0.028201
438964,4.316087
439051,0.028655
439105,0.214574
439247,0.006119
439320,0.064763
439360,0.128276
439415,0.009925
439423,0.072551
439448,0.041491
439507,0.114874
439571,0.028877
439617,0.163027
439679,0.014768
439720,0.013592
439880,0.024377
439953,0.003966
439987,0.000704
440018,0.007375
440051,0.003848
440063,0.033152
440136,0.310192
440155,0.567953
440267,0.000155
440277,0.005144
440332,0.135589
440420,0.062969
440529,0.011546
440566,0.037655
440568,0.156906
440604,0.010051
440694,0.019538
440745,0.00739
440758,0.017456
440765,0.187411
440794,0.022322
440813,0.008584
440853,0.041118
440920,0.020062
440944,0.0365
440957,0.019633
440968,0.005732
441018,0.012287
441082,0.000587
441201,0.03004
441216,0.01742
441279,0.014762
441332,0.015968
441346,0.761425
441407,0.016381
441427,0.036732
441457,0.047105
441604,0.043338
441612,0.015138
441632,0.032102
441667,0.216916
441693,0.027075
441739,0.049204
441757,0.071576
441867,0.188581
441934,0.024078
441945,0.406347
441989,0.180065
442100,0.018248
442110,0.041413
442191,0.00642
442257,0.066598
442271,0.440911
442295,0.1788
442387,0.10007
442452,0.020985
442473,0.016936
442492,0.130298
442545,0.076174
442557,0.402383
442560,0.335158
442676,0.015504
442700,0.001978
442703,0.069713
442721,0.014058
442791,0.044056
442897,0.009876
442921,0.045334
442981,0.069215
443035,0.006091
443044,0.020042
443067,0.017447
443117,0.064397
443153,0.065573
443164,0.058094
443298,0.038659
443391,0.005374
443428,0.010472
443450,0.005586
443472,0.009523
443625,0.00721
443633,0.024415
443679,0.017644
443730,0.024898
443766,0.060752
443816,0.052412
443982,0.044003
443985,0.326041
444095,0.011939
444148,0.00426
444172,0.069563
444345,0.096468
444354,0.002133
444405,0.022785
444456,0.005374
444517,0.062875
444533,0.172171
444607,0.015693
444631,0.014458
444660,0.018217
444823,0.001229
444845,0.001396
444862,0.014787
444887,0.056062
444959,1.443304
444980,0.183564
445007,0.023191
445057,0.023806
445176,0.145924
445235,0.059234
445268,0.330403
445316,0.297794
445378,0.052588
445408,0.030161
445445,0.013874
445495,0.10432
445513,0.017352
445545,0.035981
445558,0.007482
445596,0.00925
445609,0.019027
445675,0.046213
445741,0.133212
445807,0.109786
445922,0.004726
446029,0.068279
446065,0.060704
446080,0.047073
446145,0.00521
446156,0.111621
446211,0.045265
446239,0.007613
446382,0.066686
446389,0.675942
446439,0.009354
446484,0.014946
446507,0.032612
446535,0.060403
446627,0.002442
446676,0.005544
446690,0.045937
446701,0.051151
446723,0.067207
446762,0.007475
446766,0.011384
446773,0.012535
446790,0.035219
446811,0.000958
446875,0.072198
446965,0.001849
447094,0.132639
447252,0.000311
447285,0.001975
447328,0.187652
447420,0.024715
447489,0.009313
447538,0.022099
447571,0.004876
447582,0.023997
447623,0.095963
447653,0.045377
447667,0.040778
447771,0.037819
447889,0.03633
447956,0.318788
447961,0.291042
448023,0.010838
448107,0.002092
448132,0.074414
448211,0.04758
448241,0.00621
448276,0.00774
448304,0.117
448337,0.015051
448379,0.015077
448399,0.005364
448441,0.018722
448449,0.014294
448534,0.004253
448541,0.009773
448545,0.032212
448556,0.04473
448589,0.015464
448637,0.015865
448725,0.072871
448753,0.045618
448804,0.019809
448812,0.00595
448840,0.058376
448845,0.016526
448856,0.012429
448903,0.112741
448923,0.689647
448995,0.340009
449083,0.080229
449112,0.018634
449193,0.008131
449233,0.002005
449300,0.171496
449348,0.004338
449367,0.002277
449409,0.203413
449434,0.007958
449476,0.042242
449509,0.008639
449519,0.004311
449579,0.013801
449668,0.113581
449741,0.016869
449756,0.688501
449848,0.007477
449917,0.005611
449966,0.011134
450024,0.017149
450069,0.052915
450087,0.02328
450099,0.014912
450134,0.078636
450177,0.054827
450191,0.000486
450220,0.04249
450284,0.259835
450323,0.010548
450346,0.003637
450356,0.293145
450361,0.321319
450368,0.263193
450502,0.052375
450547,0.00633
450623,0.030126
450687,0.004924
450739,0.006253
450747,0.316104
450812,0.017397
450828,0.011285
450833,0.027558
450870,0.128249
450928,0.033996
450950,0.005431
450989,0.739537
451068,0.015176
451124,0.005922
451220,0.004151
451249,0.015553
451279,0.055393
451357,0.002237
451389,0.001413
451409,0.003072
451457,0.01013
451492,0.009309
451500,0.0174
451561,0.162634
451564,0.166575
451575,1.8861
451660,0.090612
451715,0.005805
451741,0.025236
451769,0.035625
451821,0.011349
451849,0.101196
451871,0.099213
451903,0.049734
452029,0.007665
452031,0.072697
452041,0.075612
452088,0.03573
452107,0.038403
452152,0.054983
452167,0.001231
452174,0.054346
452208,0.035313
452436,0.134565
452569,0.002105
452613,0.020958
452637,0.056687
452659,0.153419
452675,0.008484
452717,0.005461
452752,0.043917
452766,0.165553
452861,0.023678
452867,0.025961
452885,0.045305
452988,0.035378
453016,0.087359
453047,0.089167
453059,0.003844
453064,0.045646
453107,0.035758
453118,0.064203
453139,0.02398
453180,0.11095
453221,0.086925
453303,0.007977
453321,0.000257
453351,0.003663
453392,0.027968
453411,0.028664
453463,0.049225
453470,0.006244
453483,0.587991
453578,0.003015
453603,0.244352
453639,0.004972
453681,0.010018
453706,0.033356
453765,0.008385
453881,0.020209
453901,0.01619
453910,0.00035
453929,0.018906
454027,0.03844
454069,0.018595
454079,0.074333
454132,0.063376
454137,0.013412
454212,0.049687
454278,0.005249
454300,0.012661
454363,0.003882
454415,0.014386
454513,0.154001
454610,0.018138
454764,0.015152
454812,0.012261
454883,0.004226
454929,0.007931
454946,0.004783
454996,0.003548
455024,0.102581
455146,0.020482
455160,0.109094
455258,0.014478
455388,0.021412
455410,0.059913
455480,0.107874
455513,0.029895
455518,0.050476
455569,0.135833
455734,0.010483
455758,0.016811
455766,0.013621
455828,0.152812
455845,0.05325
455860,0.023034
455918,0.029449
455988,0.033258
456125,0.015658
456149,0.048509
456183,0.165192
456240,0.017079
456295,0.001223
456356,0.029645
456376,0.01224
456423,0.00604
456428,0.001278
456507,0.069536
456546,0.076062
456557,0.035403
456612,0.014876
456679,0.014667
456734,0.235392
456777,0.02828
456855,0.000537
456860,0.001469
456878,0.016188
456932,0.018705
456946,0.091367
456961,0.121741
456983,0.003995
457073,0.004843
457155,0.011712
457222,0.021082
457235,0.008649
457304,0.020285
457329,0.017267
457387,0.014107
457453,0.005559
457476,0.029215
457513,0.2343
457532,0.203643
457558,0.172071
457560,0.254553
457562,0.502776
457624,0.035186
457689,0.020263
457734,0.010489
457769,0.027677
457842,0.026482
457855,0.021516
457887,0.011931
457912,0.011484
457938,0.026381
458043,0.011145
458079,0.002401
458089,0.006827
458108,0.03095
458158,0.055373
458159,1.132995
458165,0.64683
458284,0.032224
458313,0.005645
458322,0.035519
458444,0.015558
458496,0.004382
458530,0.037819
458537,0.067149
458572,0.009631
458585,0.097135
458660,0.056054
458673,0.00793
458707,0.040258
458762,0.970678
458770,1.315542
458826,0.884584
458860,0.029334
458900,0.004413
458915,0.010324
458945,0.042613
458983,0.010967
459059,0.02353
459172,0.059286
459205,0.062109
459244,0.098134
459363,0.027045
459553,0.01439
459573,0.007785
459587,0.059668
459623,0.106867
459655,0.012886
459680,0.03545
459731,0.041849
459760,0.27546
459793,0.023118
459864,0.028826
459870,0.017077
459943,0.053859
459957,9.9e-05
460131,0.036944
460205,0.007116
460243,0.043227
460398,0.054224
460486,0.004921
460505,0.006722
460545,0.104586
460569,0.049706
460597,0.017956
460647,0.000571
460671,0.008415
460722,0.01946
460756,0.213826
460805,0.023548
460896,0.07326
460946,0.086818
461022,0.011572
461027,0.065406
461037,0.090337
461105,0.068006
461205,0.027413
461223,0.008608
461262,0.005031
461447,0.029854
461539,0.001945
461562,0.024332
461608,0.036783
461641,0.011437
461644,0.004995
461732,1.505568
461763,1.963346
461834,0.001716
461863,0.002621
461880,0.061529
461892,0.119939
461919,0.003601
461961,0.01247
461991,0.034298
462039,0.008608
462120,0.009418
462153,0.000933
462158,0.02221
462264,0.029831
462322,0.057432
462323,0.881909
462369,0.012368
462476,0.025178
462659,0.014496
462669,0.011568
462845,0.032973
462871,0.010411
462897,0.001097
462902,0.060721
462956,0.075672
463138,0.021909
463239,0.012506
463245,0.007079
463277,0.003421
463304,0.033394
463347,0.028577
463375,0.024749
463395,0.012757
463453,0.094933
463518,0.020287
463556,0.155556
463597,0.018041
463616,0.007839
463624,0.374453
463662,0.005739
463719,0.001697
463793,0.032183
463829,0.028913
463930,0.00897
463933,0.031977
464119,0.020221
464135,0.001558
464146,0.007956
464204,0.058996
464260,0.039362
464279,0.024425
464302,0.018105
464434,0.001919
464446,0.009149
464534,0.053984
464573,0.096651
464577,0.00458
464595,0.122891
464668,0.008679
464688,0.05835
464732,0.076203
464754,0.024642
464757,2.942681
464838,0.05071
464897,0.009419
464945,0.053021
464967,0.029444
465008,0.012147
465071,0.013609
465117,0.001079
465267,0.000473
465293,0.008105
465309,0.011636
465400,0.09322
465457,0.024092
465461,0.032098
465475,0.842938
465549,0.011531
465613,0.039792
465779,0.008354
465802,0.108659
465882,0.0227
465945,0.016517
465956,0.032166
466014,0.007435
466038,0.058497
466143,0.205717
466199,0.037453
466269,0.102623
466299,0.008893
466323,0.017777
466377,0.022377
466535,0.007006
466550,0.010224
466557,0.161652
466560,0.020574
466565,0.040424
466636,0.017546
466655,0.015322
466675,0.106135
466737,0.000154
466776,0.213673
466834,0.024898
466849,0.054798
466896,0.001914
466902,0.037064
466962,0.700468
467029,0.012332
467139,0.016144
467158,0.03969
467168,0.002321
467172,0.041787
467323,0.070885
467347,0.021337
467354,0.083021
467402,0.059532
467482,0.035018
467538,0.021626
467561,0.008295
467569,6.4e-05
467606,0.073576
467746,0.495241
467760,0.389317
467877,0.23295
467956,0.128437
468005,0.05581
468039,0.020224
468139,0.000608
468190,0.001229
468229,0.033757
468268,0.009622
468313,0.037803
468345,0.00439
468417,0.044966
468433,0.011704
468455,0.004885
468530,0.001758
468553,0.069175
468571,0.033166
468604,0.131111
468610,0.081131
468663,0.058001
468695,0.015665
468806,0.015996
468837,0.007745
468899,0.063518
468919,0.004361
468945,0.082407
468960,0.646003
468965,0.747893
469033,0.006786
469043,0.008503
469115,4e-06
469231,0.115138
469352,0.056503
469391,0.032872
469413,0.048768
469473,0.007399
469479,0.029771
469520,0.244794
469557,0.042849
469607,0.048373
469654,0.006123
469701,0.021703
469718,0.003856
469828,0.008674
469855,0.038684
469890,0.005518
469911,0.008074
469945,0.026197
470014,0.033168
470041,0.007731
470130,0.011825
470146,0.081658
470181,0.04351
470187,0.081734
470241,0.007301
470265,0.034746
470354,0.004511
470365,0.000914
470391,0.01071
470467,0.010778
470549,0.025593
470574,0.005016
470587,0.030857
470640,0.037329
470647,0.03336
470727,0.01525
470757,0.615021
470769,0.108403
470853,0.035661
470912,0.010273
471036,0.232626
471075,0.022664
471159,0.159468
471196,0.026474
471219,0.059152
471275,0.020845
471322,0.003147
471362,3.065072
471466,0.011579
471486,0.018471
471535,0.019425
471565,0.035162
471588,0.003757
471607,0.00765
471632,0.363625
471685,0.036215
471755,0.013624
471796,0.013584
471824,0.026876
471924,0.000377
471972,0.138558
472031,0.106878
472083,0.014613
472131,0.055708
472188,0.004278
472224,0.041535
472304,0.039464
472334,0.059709
472369,0.10402
472524,0.081014
472544,0.025359
472560,0.018439
472605,0.011193
472651,0.041859
472818,0.004949
472848,0.032499
472960,0.032309
472983,0.234452
473026,0.020697
473045,0.006276
473146,0.028954
473156,0.018838
473159,0.154784
473161,1.03682
473412,0.105005
473478,0.001406
473543,0.01199
473563,0.027157
473606,0.02603
473646,0.000412
473659,0.035086
473676,0.026853
473724,0.002777
473742,0.00445
473747,0.011287
473797,0.058604
473806,0.02059
473845,0.007858
473889,0.087341
473960,0.067424
473993,0.032376
474024,0.026017
474123,0.04313
474216,0.010509
474244,0.006649
474316,0.040597
474335,0.031596
474362,0.008819
474417,0.012912
474477,0.003196
474515,0.013014
474675,0.070032
474696,0.330497
474813,0.080665
474859,0.011259
474878,0.081937
474915,0.057264
474952,0.002009
474956,0.087632
474965,0.102714
474968,0.776843
475036,0.049088
475107,0.035674
475162,0.024136
475215,0.040405
475258,0.016897
475274,0.022991
475287,0.020722
475330,0.020088
475338,0.048648
475387,0.029189
475404,0.022576
475510,0.019677
475558,0.02358
475560,0.123744
475568,0.09102
475609,0.017542
475661,0.004874
475708,0.034678
475793,0.081432
475827,0.050961
475839,0.056306
475864,0.031984
476023,0.012005
476057,0.003925
476203,0.010585
476273,0.0018
476308,0.017741
476358,0.029456
476435,0.001913
476475,0.044093
476512,0.007224
476586,0.039621
476742,0.009597
476756,0.003409
476757,0.074967
476760,0.127299
476767,0.287426
476827,0.011778
476892,0.012035
476932,0.007337
477012,0.017508
477090,0.145138
477197,0.016738
477260,0.127258
477295,0.075622
477363,0.273659
477389,0.043462
477543,0.044026
477568,0.008847
477679,0.023473
477717,0.026102
477827,0.030924
477869,0.011963
477878,0.028129
477891,0.008973
477965,0.004928
478060,0.065202
478087,0.00354
478131,0.013064
478133,0.014782
478183,0.034586
478226,0.013241
478273,0.000126
478322,0.07155
478474,0.07586
478540,0.019215
478566,0.003947
478588,0.02446
478661,0.008791
478737,0.028916
478757,0.018853
478837,0.033345
478916,0.017391
478989,0.037291
479042,0.014295
479069,0.130522
479108,0.083753
479159,0.004737
479164,0.037651
479173,0.004886
479212,0.009923
479244,0.065033
479315,0.023916
479338,0.004411
479397,0.053062
479470,0.005606
479547,0.09469
479607,0.005488
479735,0.046369
479749,0.023299
479759,0.022239
479760,1.788824
479764,1.866059
479846,0.043335
479874,0.003021
479889,0.072494
479921,0.007012
479991,0.003996
480050,0.002142
480094,0.20872
480139,0.008481
480172,0.001519
480178,0.040386
480340,0.018692
480345,0.015964
480358,0.058561
480359,0.166088
480497,0.034899
480689,0.008569
480713,0.010343
480762,0.09961
480810,0.008376
480896,0.015212
480917,0.013886
480942,0.059583
480966,0.026685
480973,0.180316
481029,0.015143
481045,0.074309
481093,0.008315
481127,0.058332
481171,0.134743
481228,0.039192
481280,0.105328
481336,0.04011
481390,0.060006
481433,0.008643
481498,0.053443
481528,0.002506
481596,0.013156
481649,0.059779
481719,0.005397
481773,0.147698
481832,0.032155
481849,0.047549
481900,0.090142
481937,0.016278
481972,0.007167
482000,0.012452
482024,0.008409
482074,0.025082
482161,0.130353
482259,0.068708
482288,0.006698
482376,0.104629
482490,0.01145
482537,0.027493
482610,0.205619
482648,0.015292
482654,0.025919
482753,0.082682
482759,0.053121
482907,0.055602
482953,0.052392
482988,0.018664
483023,0.033324
483043,0.013272
483119,0.026948
483179,0.00323
483227,0.01073
483311,0.00235
483356,0.09814
483452,0.005532
483520,0.202059
483563,0.013818
483613,0.023322
483641,0.013273
483708,0.030791
483735,0.024555
483756,0.036168
483774,0.001061
483862,0.004454
483961,0.034503
484119,0.112518
484143,0.035396
484166,0.260648
484214,0.000515
484265,0.356799
484421,0.061041
484437,0.029126
484457,0.015804
484471,0.043804
484557,0.002841
484819,0.016215
484842,0.025386
484868,0.000638
484887,0.009806
485084,0.001186
485114,0.038533
485124,0.042017
485144,0.111613
485163,0.069361
485184,0.188272
485214,0.176124
485224,0.162852
485234,0.078571
485244,0.059325
485254,0.16897
485264,0.065554
485284,0.304521
485287,0.098584
485314,0.081902
485324,0.248086
485344,0.205045
485364,0.488469
485374,0.056724
485384,0.088244
485394,0.335893
485424,0.020945
485434,0.043265
485454,0.435237
485464,0.505623
485504,0.45813
485514,0.412828
485534,0.552467
485564,0.576927
485590,0.504427
485614,0.023016
485732,0.001893
485761,0.032873
485764,0.023006
485785,0.2272
485895,0.055507
485958,0.078585
485987,0.070526
486037,0.007812
486212,0.009712
486224,0.010859
486242,0.061188
486257,0.050755
486337,0.091157
486362,0.933353
486427,0.009478
486428,0.00898
486448,0.012919
486500,0.014321
486523,0.010595
486551,0.04781
486595,0.022973
486667,0.010175
486742,0.017967
486810,6e-05
486852,0.407593
486962,0.119182
486966,1.007704
487043,0.011453
487063,0.015198
487093,0.023679
487155,0.031091
487173,0.011352
487244,0.096381
487307,0.013043
487353,0.100169
487367,0.057354
487390,0.011551
487438,0.146209
487545,3.2e-05
487552,0.144228
487645,0.004841
487688,0.039204
487783,0.028063
487871,0.007283
488044,0.005422
488120,0.010062
488157,0.224636
488185,0.033109
488216,0.097485
488248,0.007073
488384,0.103224
488407,0.027542
488464,0.010925
488526,0.010394
488553,0.061129
488563,0.019667
488591,0.285344
488654,0.004693
488680,1.864908
488760,0.006781
488766,0.038744
488804,0.030886
488834,0.037232
488894,0.012519
488925,0.034841
488946,0.163424
489011,0.017346
489029,0.025986
489042,0.026516
489131,0.037582
489175,0.0052
489223,0.027896
489262,0.005995
489319,0.078441
489361,0.121854
489456,0.135335
489475,0.00694
489492,0.0173
489537,0.074656
489648,0.027384
489681,0.022073
489708,0.002146
489781,0.005134
489805,0.071502
489863,0.002716
489943,0.08133
489960,0.132078
489962,0.128011
490030,0.131719
490057,0.021651
490096,0.018239
490138,0.000124
490160,0.008452
490171,0.006584
490206,0.006318
490247,0.004682
490264,0.045156
490328,0.061436
490341,0.02508
490362,0.1339
490365,0.162093
490399,0.005838
490427,0.014562
490484,0.02494
490487,0.168176
490545,0.013072
490564,0.013802
490568,0.048461
490630,0.014703
490650,0.028485
490666,0.019318
490745,0.004639
491016,0.060125
491043,0.021165
491158,0.136484
491232,0.012143
491260,0.002347
491345,0.045648
491356,0.255276
491408,0.003305
491442,0.004028
491514,0.05041
491587,0.014312
491664,0.142141
491820,0.022052
491849,0.021577
491940,0.019219
491983,0.039751
492012,0.016278
492050,0.059684
492069,0.014913
492195,0.023489
492219,0.004127
492240,0.050965
492265,0.03273
492298,0.039291
492346,0.182913
492580,0.064086
492589,0.102222
492634,0.068097
492687,0.035363
492691,0.104785
492726,0.055428
492757,0.216112
492807,0.020985
492878,0.017534
492945,0.053594
492956,0.008446
492968,0.220882
493008,0.058201
493038,0.099758
493097,0.018469
493175,0.07395
493205,0.017581
493243,0.022371
493265,0.114115
493299,0.011271
493367,0.050532
493415,0.00195
493436,0.101869
493486,0.003786
493498,0.154993
493557,0.056379
493571,0.033693
493644,0.042112
493743,0.034718
493787,0.016573
493811,0.006298
493833,0.060535
493863,0.030153
493912,0.019436
493942,0.009673
494010,0.019608
494114,0.013003
494138,0.057505
494156,0.127173
494215,0.000543
494231,0.003082
494285,0.820396
494368,0.012613
494439,0.009994
494576,0.327535
494612,0.006254
494666,0.06529
494737,0.021655
494745,0.034179
494757,1.004413
494881,0.001555
494943,0.035918
494977,0.035645
495056,0.201291
495124,0.000417
495156,0.134699
495200,0.002599
495271,0.02536
495357,0.29909
495363,0.426308
495466,0.362685
495506,0.076003
495536,0.029873
495546,0.402261
495576,0.163439
495616,0.157478
495626,0.363755
495656,0.013726
495666,0.100718
495676,0.058254
495686,0.046875
495696,0.327585
495706,0.473191
495726,0.172739
495736,0.19696
495746,0.092517
495756,0.113202
495766,0.307164
495786,0.113154
495796,0.239919
495806,0.138946
495816,0.132697
495826,0.436875
495836,0.047338
495846,0.07353
495856,0.203932
495876,0.397925
495886,0.647483
495896,0.052107
495916,0.21309
495926,0.462741
495946,0.533306
495966,0.181535
495976,0.522796
496016,0.475123
496026,0.612082
496036,0.141669
496056,0.291796
496076,0.663524
496086,0.423377
496106,0.090097
496116,0.50039
496126,0.401913
496146,0.391143
496166,0.42982
496176,0.707233
496246,0.099689
496267,0.185031
496271,0.118777
496302,0.193775
496357,0.019134
496382,1.25303
496483,0.052763
496513,0.009787
496554,0.011087
496622,0.917665
496640,0.091706
496697,0.007174
496729,0.610091
496760,0.017442
496806,0.019506
496828,0.006195
496854,0.051373
496876,0.005541
496928,0.048598
496949,0.640824
496981,0.002121
497016,0.020517
497141,0.001999
497145,0.522071
497229,0.056945
497244,0.494939
497424,0.03702
497464,0.036757
497495,0.079382
497518,0.031735
497607,0.040267
497625,0.014964
497665,0.000285
497720,0.003608
497749,0.014193
497758,0.017175
497835,0.022173
497856,0.825106
497892,0.027216
497955,0.039533
497977,0.032955
498046,0.26529
498069,0.01867
498097,0.035316
498156,0.027495
498203,0.001656
498253,0.037806
498358,0.013481
498403,0.05631
498505,0.022705
498520,0.031266
498588,0.022945
498603,0.104581
498644,0.085405
498692,0.035473
498720,0.030911
498807,0.060108
498855,0.076253
498908,0.155846
498934,0.021327
498959,0.88933
499006,0.004329
499084,0.000569
499133,0.004387
499156,0.09374
499216,0.008039
499255,0.112201
499267,0.072891
499332,0.104804
499361,0.037764
499419,0.009945
499490,0.041954
499559,0.0061
499847,0.013795
499860,0.005915
499939,0.053445
499940,0.4256
500038,0.123311
500073,0.006692
500122,0.024102
500146,0.070663
500156,0.06183
500159,0.038139
500170,5.106329
500354,0.010964
500445,0.046055
500501,0.004606
500530,0.02927
500558,0.206446
500601,0.001914
500680,0.0222
500732,0.106809
500745,0.029629
500759,0.209376
500764,0.068657
500890,0.31733
501015,0.002552
501019,0.002404
501122,0.000594
501147,1.5e-05
501168,0.020371
501221,0.059237
501239,0.015267
501329,0.012134
501336,0.122808
501360,0.003831
501361,0.006005
501365,0.090422
501464,0.031649
501507,0.00314
501513,0.008155
501539,0.037326
501631,0.003526
501639,0.020551
501664,0.012838
501689,0.046583
501779,0.085023
501817,0.021327
501838,0.123678
501923,0.002212
501949,0.022967
501963,0.281089
501984,0.201216
502023,0.102876
502054,0.019686
502158,0.052068
502200,0.009758
502300,2.3e-05
502375,0.02493
502386,0.012439
502417,0.051392
502453,0.148205
502507,0.047972
502557,0.019459
502563,0.44485
502569,0.086556
502570,4.829697
502657,0.019796
502752,0.013453
502798,0.00999
502855,0.029965
502910,0.003635
502939,0.056215
502947,0.01872
503015,0.006613
503056,0.020471
503145,0.022279
503168,0.003897
503265,0.050511
503349,0.008388
503374,0.024996
503400,0.019482
503530,0.014935
503646,0.003398
503678,0.366268
503727,0.025914
503739,0.064655
503758,0.070202
503835,0.060918
503850,0.318893
503958,0.150782
504017,0.013013
504078,0.028506
504109,0.056408
504227,0.013724
504234,0.01285
504279,0.005414
504292,0.048391
504331,0.022578
504359,0.023239
504411,0.063834
504588,0.006525
504601,0.157186
504610,0.001333
504665,0.002594
504720,0.002099
504766,0.011062
504768,0.043568
504804,0.031623
504877,0.013744
504900,0.01251
504909,0.001827
504946,0.039493
504987,0.014286
505039,0.004474
505067,0.023472
505221,0.017152
505248,0.161923
505267,0.003977
505309,0.023592
505352,0.02759
505453,0.027645
505472,0.021882
505563,0.139848
505631,0.020834
505679,0.028995
505730,0.001101
505760,0.006754
505856,0.012425
505931,0.035167
505981,0.000238
506085,0.024399
506168,0.07074
506285,0.020726
506378,0.000218
506433,0.004629
506435,0.007685
506499,0.022461
506556,0.042042
506569,0.025929
506603,0.035846
506696,0.018891
506716,0.02693
506738,0.103564
506746,0.000264
506748,1.51894
506803,0.155676
506828,0.048466
506913,0.08209
507032,0.022673
507053,0.039684
507092,0.037948
507295,0.083733
507323,0.017377
507346,0.018043
507357,0.078932
507415,0.027811
507462,0.012911
507546,0.020876
507583,0.041589
507619,0.046852
507736,0.009253
507773,0.021844
507787,0.034352
507800,0.041978
507848,0.019905
507907,0.030453
507917,0.043338
507956,0.004139
508066,0.010898
508078,0.005026
508165,0.000428
508212,0.008594
508216,0.389438
508318,0.009764
508327,0.020871
508416,0.000788
508517,0.017504
508545,0.130872
508570,0.051856
508605,0.167673
508848,0.037862
508948,0.056966
509067,0.002982
509095,0.009843
509178,0.112224
509207,0.034465
509235,0.00077
509249,0.031871
509275,0.018819
509307,0.004338
509324,0.141658
509344,0.040478
509365,0.040701
509387,0.001512
509458,0.045576
509489,0.005074
509515,0.01351
509545,0.030867
509621,0.028426
509646,0.013848
509693,0.316062
509746,0.010368
509765,0.987046
509849,0.036863
510025,0.034336
510189,0.011352
510195,0.008154
510295,0.028051
510314,0.006582
510360,0.065067
510407,0.018476
510425,0.01551
510465,0.016899
510629,0.001174
510658,0.11306
510730,0.04265
510787,0.031507
510800,0.66463
510832,0.10277
510929,0.006889
510936,0.017799
510945,0.368215
510967,0.513884
511128,0.006427
511148,0.04546
511230,0.032838
511252,0.006881
511287,0.025671
511307,0.04358
511328,0.033716
511338,0.144311
511372,0.00565
511405,0.072142
511438,0.010773
511515,0.064976
511546,0.131395
511564,0.070691
511632,0.008139
511688,0.001816
511768,0.008942
511779,0.003425
511881,0.004796
511908,0.009805
512010,0.026144
512067,0.058918
512108,0.00827
512145,0.105727
512166,0.133229
512248,0.093062
512271,0.035215
512295,0.025988
512321,0.00412
512362,0.013831
512511,0.026925
512627,0.015489
512638,0.065749
512652,0.006309
512683,0.002105
512747,0.05178
512762,0.042343
512829,0.158587
512877,0.173092
513064,0.090188
513221,0.034689
513232,0.225506
513294,0.032182
513331,0.045234
513407,0.00912
513468,0.102137
513548,0.032253
513558,0.154861
513644,0.026542
513653,0.00894
513664,0.01022
513707,0.005605
513737,0.016516
513778,0.056758
513821,0.109928
513909,0.010283
513946,0.011132
513957,0.040075
514081,0.033397
514120,0.042013
514227,0.009872
514247,0.004677
514267,0.006111
514269,0.048968
514290,0.064571
514312,0.055198
514367,0.021245
514397,0.032995
514457,0.009781
514481,0.052978
514524,0.003862
514558,0.759492
514691,0.023599
514702,0.002321
514708,0.056927
514737,0.058821
514800,0.049938
514817,0.00951
514912,0.004025
515041,0.011967
515063,0.005309
515100,1.574982
515159,0.011158
515227,0.049871
515335,0.012715
515350,0.044091
515408,0.016052
515487,0.057265
515507,0.014145
515570,0.308324
515639,0.052112
515665,0.027265
515699,0.025179
515759,0.070096
515789,0.039955
515799,0.13228
515908,0.030358
515932,1.866328
516085,0.00232
516093,0.009654
516126,0.135697
516238,0.304374
516300,0.031474
516318,0.012606
516339,0.020052
516345,0.130727
516361,0.263687
516455,0.004533
516468,0.026672
516518,0.023271
516555,0.012562
516673,0.007629
516757,0.011317
516804,0.078158
516945,0.003153
516959,0.071516
516965,0.525271
517161,0.042326
517191,0.029071
517307,0.087794
517320,0.008777
517503,0.004611
517527,0.02269
517557,0.042552
517564,0.005536
517568,0.03339
517642,0.007543
517646,0.024595
517777,0.076801
517829,0.020041
517865,0.006872
517879,0.000461
517920,0.027244
517933,0.065836
518007,0.003494
518045,0.0018
518100,0.011847
518105,0.024319
518135,0.021877
518156,0.067617
518166,19.992257
518261,0.005047
518309,0.138586
518505,0.045155
518624,0.02534
518646,0.007805
518745,0.003985
518762,0.033624
518770,0.009997
518820,0.157343
518942,0.035039
519047,0.000539
519050,0.078433
519085,0.005766
519110,0.085423
519164,0.116177
519220,0.01397
519260,0.01117
519299,0.030409
519345,0.072399
519366,0.051746
519394,0.041138
519429,0.053236
519494,0.005515
519503,0.009613
519653,0.078208
519701,0.00239
519707,0.024254
519721,0.096763
519788,0.062597
519827,0.020048
519892,0.058504
519945,0.023775
519949,0.008715
519979,0.025253
520040,0.001603
520062,0.012327
520147,0.017005
520212,0.033982
520284,0.009291
520311,0.025855
520350,0.021905
520436,0.022331
520517,0.018014
520564,0.051828
520648,0.126791
520712,0.030192
520727,0.008486
520780,0.022971
520822,0.087358
520933,0.043699
520957,0.104418
521007,0.002906
521021,0.053905
521047,0.031434
521112,0.00043
521156,0.019227
521165,0.244396
521229,0.107435
521269,0.0155
521345,0.010708
521390,0.034352
521571,0.004235
521617,0.018691
521746,0.041053
521765,0.758152
521766,21.194213
521879,0.022879
521923,0.019604
521946,0.03405
522017,0.082264
522060,0.110018
522090,0.017522
522126,0.00893
522158,0.00041
522181,3.9e-05
522192,0.063607
522203,0.045715
522240,0.027708
522358,0.052353
522370,0.257005
522446,0.033877
522566,0.023585
522616,0.010494
522704,0.01364
522850,0.042636
522853,0.015839
522935,0.003921
522952,0.004379
523051,0.000444
523088,0.067753
523107,0.027748
523168,0.065012
523295,0.087953
523313,0.003652
523378,0.009888
523506,0.069553
523565,0.052534
523600,0.043219
523618,0.004627
523637,0.000119
523676,0.071855
523813,0.020596
523907,0.000236
523919,0.120112
523965,0.006478
523970,0.059982
524048,0.035177
524058,0.022433
524165,0.03499
524288,0.02063
524319,0.006045
524321,0.034287
524402,0.149484
524569,0.003186
524719,0.011667
524745,0.141218
524759,0.481512
524829,0.042251
524848,0.008925
524881,0.037072
524912,0.009196
525052,0.013752
525131,0.057937
525152,0.018541
525210,0.122148
525276,0.209766
525312,0.032474
525342,0.370275
525359,0.605141
525447,0.00601
525505,0.012792
525517,0.158159
525576,0.009838
525645,0.034582
525713,0.030353
525749,0.003825
525808,0.107352
525895,0.007128
525940,0.032463
525960,0.020745
526015,0.124392
526114,0.0407
526155,0.016888
526175,0.025125
526225,0.080238
526348,0.119675
526417,0.744385
526494,0.00602
526568,0.023024
526587,0.008814
526596,0.020622
526647,0.006142
526667,0.007713
526712,0.016316
526750,0.016808
526787,0.054575
526827,0.009186
526874,0.174986
526916,0.025611
526977,0.036422
527039,0.002462
527058,0.023803
527120,0.021769
527187,0.047377
527222,0.054711
527265,0.049096
527297,0.022984
527499,0.022421
527547,0.047847
527568,0.016305
527667,0.001362
527767,0.047281
527836,0.025468
527860,0.024588
527898,0.043991
527949,0.03639
527991,0.007889
528029,0.027754
528153,0.14475
528244,0.00782
528254,0.005561
528275,0.021035
528345,1.831501
528482,0.013613
528564,0.018747
528584,0.019939
528625,0.005017
528642,0.076185
528684,0.055865
528814,0.009879
528843,0.0281
528903,0.026385
528946,0.009022
529044,0.00021
529047,0.04434
529071,0.108428
529100,0.038657
529180,0.017386
529200,0.093873
529222,0.021934
529392,0.00311
529427,0.004268
529445,0.016351
529556,0.000112
529558,0.980666
529637,0.044309
529694,0.695822
529772,0.027518
529804,0.011054
529936,0.146824
530038,0.067898
530068,0.017252
530117,0.027815
530156,0.055558
530215,0.042096
530228,0.000711
530258,0.025276
530330,0.062392
530371,0.001012
530388,0.00167
530408,0.026651
530691,0.040217
530745,0.017048
530746,0.114627
530774,0.143077
530783,0.179208
530814,0.113613
530839,0.016167
530891,0.028639
530894,0.006953
530998,0.017038
531012,0.073647
531045,0.026876
531070,0.02026
531113,0.163273
531132,0.849912
531229,0.001866
531305,0.01289
531346,0.355031
531364,0.287289
531387,0.007193
531489,0.520845
531501,0.26592
531519,0.038889
531574,0.176498
531587,0.666793
531689,0.531875
531898,0.309201
531902,0.352639
531912,0.248428
531918,0.049567
531950,0.132656
531958,2.866101
531964,0.167506
531993,0.347526
531996,8.392149
532070,0.52686
532083,1.84826
532196,0.007079
532232,0.013245
532241,0.002862
532355,0.649551
532432,0.006263
532479,0.134397
532558,1.778993
532616,0.016253
532696,0.009791
532759,0.00224
532805,0.002444
532827,0.050777
532922,0.000438
533087,0.011313
533261,0.03766
533318,0.010463
533347,0.001003
533373,0.021548
533428,0.003159
533440,0.003346
533461,0.036271
533495,0.018768
533533,0.040014
533548,0.033878
533639,0.065168
533691,0.053618
533745,0.016134
533752,0.055278
533760,0.33701
533800,0.046821
533892,0.000482
533927,0.005302
533942,0.035281
534011,0.704648
534132,0.005559
534189,0.018521
534232,0.057481
534267,0.106769
534320,0.025101
534343,0.045946
534362,0.020034
534376,0.066551
534436,0.002458
534464,0.076039
534522,0.056512
534554,0.036909
534645,0.041795
534694,0.072783
534757,0.026293
534800,0.070183
534852,0.012454
534896,0.020199
534950,0.090056
534962,4.654242
535083,0.022684
535144,0.011633
535171,0.029657
535267,0.011943
535280,0.016986
535419,0.020165
535427,0.000882
535530,0.002877
535543,0.003134
535555,0.024952
535684,0.145821
535724,0.001991
535727,0.07918
535836,0.109686
535877,0.025627
535892,0.016036
535982,1.04928
536016,0.168906
536064,0.045685
536087,0.047518
536126,0.014379
536148,0.009096
536159,0.008723
536160,12.601068
536221,0.034194
536381,0.024106
536495,0.015652
536530,0.052364
536641,0.000499
536707,0.049193
536729,0.00979
536746,0.028171
536763,0.030878
536766,4.601126
536839,0.003823
536907,0.055342
536923,0.093808
536993,0.040313
537023,0.017982
537044,0.008272
537117,0.098399
537234,0.00404
537255,0.006469
537286,0.007214
537310,0.411133
537363,0.208279
537374,0.154317
537388,0.029217
537421,0.00743
537517,0.039544
537522,0.00633
537547,0.00199
537584,0.003048
537695,0.009074
537762,0.036649
537766,0.068604
537833,0.011916
537882,0.005307
537887,0.010974
537945,0.001463
537959,0.026535
537966,0.018988
538037,0.005421
538041,0.014189
538052,0.114809
538069,0.001643
538126,0.074118
538131,0.399428
538188,0.013265
538232,0.057194
538409,0.050831
538467,0.470211
538514,0.022102
538559,0.380775
538560,1.969447
538563,0.229019
538606,0.424549
538662,0.771198
538707,1.225415
538748,4.513519
538832,0.060531
538952,1.355911
538955,2.061864
538996,0.154481
539008,0.072068
539014,0.097926
539072,0.023473
539105,0.02974
539132,1.224252
539161,0.101761
539207,0.382297
539230,0.002078
539253,0.077692
539272,0.062617
539295,0.041489
539362,0.033408
539503,0.044887
539593,0.122796
539607,0.138644
539680,0.046378
539722,0.061696
539760,0.081397
539777,0.86601
539857,0.01846
539859,0.097182
539889,0.03104
539950,0.061729
539987,0.001005
540074,0.045875
540134,0.035409
540229,0.015503
540297,0.012718
540348,0.129322
540401,0.009205
540429,0.03541
540457,0.002668
540478,0.099195
540494,0.00039
540554,0.022964
540599,0.001505
540726,0.006225
540735,0.037217
540801,0.01447
540884,0.038998
540928,0.023605
540939,0.015546
540962,0.012827
541048,0.058025
541101,0.001315
541116,0.283878
541169,0.010633
541187,0.154587
541210,0.033937
541225,0.235372
541267,0.001926
541325,0.018161
541399,0.076118
541415,0.022688
541440,0.192403
541509,0.024294
541527,0.002575
541565,0.009902
541568,0.037826
541637,0.06477
541658,0.003901
541687,0.000703
541758,0.017772
541867,0.020761
541881,0.00173
541920,0.042222
541941,0.565411
541983,0.136696
542031,0.051247
542060,0.022641
542107,0.022122
542159,0.213785
542286,0.011377
542361,0.037298
542375,0.049068
542392,0.053815
542544,0.000735
542577,0.058051
542598,0.008637
542700,0.074793
542762,0.223105
542764,0.357789
542848,0.072512
542901,0.055088
543024,0.014299
543056,0.141007
543091,0.03744
543143,0.027102
543292,0.062853
543319,0.004752
543353,0.00785
543359,0.082617
543549,0.004324
543571,0.101075
543612,0.0026
543730,0.059515
543787,0.030439
543842,0.004383
543879,0.020323
543957,0.053635
543960,0.125077
543985,1.628177
544169,0.95052
544277,0.03901
544340,0.006046
544376,0.833251
544479,0.016316
544552,0.003519
544562,0.050787
544583,0.014752
544691,0.026992
544720,0.036037
544738,0.02113
544761,0.034045
544987,0.010141
545069,0.054471
545105,0.008809
545145,0.975077
545163,0.00357
545168,2.094314
545225,0.104394
545292,0.009852
545310,0.013695
545400,0.024847
545447,0.879957
545616,0.16519
545674,0.004099
545745,0.004867
545758,0.912815
545898,1.378959
545959,0.011655
545966,0.022327
546031,0.244222
546060,0.00712
546077,0.006827
546105,0.198037
546162,0.003299
546199,0.036858
546273,0.005317
546298,0.016941
546357,0.001592
546361,0.128443
546427,0.005136
546447,0.011253
546500,0.028144
546553,0.02994
546650,0.005962
546681,0.097368
546719,0.729888
546778,0.102133
546812,0.015406
546813,0.036345
546914,0.027622
546925,0.01296
546947,0.031543
546956,0.137761
547015,0.120723
547033,0.003606
547065,0.901692
547089,0.037749
547165,0.002917
547265,0.017901
547285,0.208353
547305,0.17309
547355,0.163308
547365,0.163481
547375,0.198768
547395,0.146708
547405,0.311092
547415,0.062905
547435,0.046167
547445,0.049269
547465,0.450008
547475,0.545662
547495,0.5997
547505,0.451394
547545,0.739812
547575,0.40295
547605,0.036914
547635,0.212418
547645,0.042108
547687,0.249728
547795,0.011481
547868,0.102856
547947,0.018972
547979,0.044899
548101,0.000455
548166,0.029746
548178,0.049618
548264,0.010614
548311,0.009001
548347,0.036909
548394,0.045352
548427,0.002205
548469,0.034692
548517,0.027942
548545,0.008322
548566,0.034946
548657,0.027973
548689,0.005316
548745,0.135142
548759,1.010337
548765,0.147474
548818,0.009068
548833,0.034652
548870,0.041162
548892,0.10927
548957,0.041833
548978,0.000286
549007,0.028696
549054,0.158204
549146,0.272004
549196,0.028283
549238,0.021035
549240,0.048569
549261,0.000956
549356,0.032208
549377,0.017604
549409,0.179899
549420,0.022886
549479,0.037963
549508,0.01086
549573,0.022078
549597,0.027029
549697,0.052625
549825,0.022558
549960,0.230434
550000,0.16314
550082,0.006118
550121,0.023697
550359,0.001946
550407,0.005055
550423,0.011921
550518,0.014478
550545,0.009727
550556,0.055178
550646,0.014718
550680,0.049312
550769,0.036428
550799,0.07036
550838,0.025628
550903,0.017845
550995,0.053768
551025,0.009268
551084,0.041928
551127,0.001242
551158,0.66354
551241,0.010032
551285,0.025576
551323,0.015912
551355,0.034439
551400,0.005426
551449,0.034476
551484,0.007908
551536,0.01714
551557,0.033915
551619,0.008336
551660,0.00731
551707,0.002726
551727,0.260072
551757,5.719293
551764,15.003121
551857,0.025402
551899,0.000727
551991,0.003242
552018,0.058921
552091,0.022681
552116,0.001228
552158,0.020005
552177,0.030689
552295,0.05877
552465,0.012566
552484,0.024428
552539,0.099706
552564,0.006994
552648,0.029286
552662,0.028331
552678,0.003436
552719,0.023502
552741,0.015233
552853,0.020142
552855,0.200555
552883,0.020503
552887,0.040974
552895,0.011108
552950,0.240251
552967,0.076954
552999,0.006111
553041,0.02946
553080,0.003118
553114,0.030125
553138,0.017361
553207,0.001789
553400,0.032199
553496,0.048667
553516,0.020261
553556,0.193413
553667,0.00207
553725,0.054181
553743,0.223155
553825,0.190281
553895,0.000491
553928,0.031406
553970,0.002791
553993,0.002084
554010,0.012948
554028,0.078016
554055,0.045174
554139,0.212162
554168,0.307189
554317,0.003207
554433,0.002894
554620,0.024837
554638,0.007456
554671,0.049495
554762,1.245292
554863,0.022952
554900,0.059082
554975,0.008762
554979,0.039157
554997,0.006553
555030,0.103004
555116,0.004885
555144,0.080433
555171,0.012863
555177,0.063622
555208,0.03966
555287,0.154079
555309,0.289092
555356,0.015297
555360,0.063788
555365,0.502834
555368,3.935399
555440,0.049615
555500,0.017055
555598,0.030945
555682,0.009606
555702,0.026052
555867,0.000996
555874,0.013887
555896,0.005675
555992,0.007425
556092,0.02014
556217,0.072739
556345,0.010468
556371,0.018894
556467,0.007653
556476,0.010616
556485,0.007654
556511,0.152705
556564,0.020779
556598,0.100524
556707,0.010319
556725,0.011183
556887,0.004576
556903,0.052994
556934,0.018177
556959,0.064953
557018,0.015624
557041,0.025493
557268,0.123619
557478,0.014401
557501,0.039347
557569,0.011545
557635,0.023953
557689,0.010843
557712,0.04008
557730,0.010637
557751,0.145725
557762,0.294667
557780,1.82148
557903,0.023526
557927,0.003789
557942,0.012753
557978,0.002953
558039,0.057655
558067,0.000854
558069,0.010994
558100,0.019873
558123,0.022924
558153,0.019999
558215,0.00692
558223,0.023679
558278,0.018779
558287,0.013329
558305,0.054086
558320,0.027615
558356,0.040782
558359,0.207614
558364,0.884855
558497,0.013914
558527,0.075959
558548,0.009281
558560,0.062255
558618,0.065739
558637,0.025046
558655,0.021589
558683,0.019784
558727,0.071585
558793,0.031037
558836,0.133759
558892,0.004579
558925,0.012378
558968,0.228687
559006,0.073906
559044,0.029525
559063,0.049664
559091,0.013354
559114,0.00309
559152,0.005499
559183,0.015448
559185,0.059075
559205,0.011624
559249,0.041451
559265,0.013542
559292,0.048486
559315,0.020111
559325,0.224933
559352,0.131739
559441,0.008636
559452,0.017931
559540,0.005566
559560,0.092512
559564,0.135695
559725,0.052908
559848,0.200189
559964,0.092965
560021,0.020066
560048,0.02326
560069,0.015196
560107,0.03906
560139,0.002431
560156,0.039687
560163,0.173461
560212,0.017621
560272,0.011695
560281,0.655867
560475,0.023378
560477,0.066194
560502,0.037312
560535,0.021858
560553,0.033623
560599,0.017359
560627,0.036346
560707,0.001224
560720,0.000957
560745,0.000774
560756,0.231674
560761,0.890759
560766,1.880926
560827,0.032086
560909,0.010202
560935,0.014658
560953,0.030591
561034,0.014578
561062,0.031588
561107,0.048803
561157,0.002634
561189,0.384349
561241,0.008416
561275,0.037916
561346,0.070875
561354,0.072788
561361,0.556445
561362,0.163862
561411,0.013507
561567,0.012735
561595,0.006373
561612,0.102577
561664,0.007776
561723,0.048431
561731,0.065666
561788,0.025923
561805,0.005568
561808,0.046582
561846,0.102374
561887,0.005167
561901,0.016036
561957,0.013529
561984,0.356109
562027,0.000496
562094,0.14662
562225,0.055597
562253,0.037088
562293,0.151552
562369,0.036126
562388,0.024693
562448,0.045517
562501,0.02434
562539,0.029076
562564,0.028097
562601,0.00691
562627,0.012433
562654,0.064693
562689,0.024464
562701,0.013325
562730,0.034836
562785,0.153061
562900,0.022955
562901,0.190069
562932,0.029277
562947,0.042312
562976,0.014798
562996,0.002185
563060,0.034696
563092,0.000262
563159,0.058056
563166,0.251611
563245,0.047907
563295,0.041373
563384,0.002787
563478,0.027375
563480,0.074841
563521,0.037466
563637,0.027709
563696,0.10164
563857,0.022392
564001,0.019381
564015,0.051239
564104,0.016699
564152,0.017635
564176,0.02462
564354,0.022672
564358,0.102393
564401,0.003665
564474,0.05576
564536,0.013342
564631,0.002861
564645,0.02086
564681,0.03655
564768,0.018652
564770,0.024407
564810,0.01444
564911,0.071054
564916,0.043601
564946,0.687514
564993,0.206326
565016,0.081229
565067,0.02454
565107,0.027987
565125,1.040523
565162,0.045233
565233,0.031226
565268,0.010655
565276,0.022145
565322,0.081293
565393,0.012602
565415,0.064323
565427,0.044163
565441,0.030739
565475,0.019031
565519,0.003971
565560,0.1175
565572,0.119991
565640,0.011952
565676,0.630625
565758,0.051829
565827,0.093408
565847,0.061509
566052,0.004126
566101,0.092811
566146,0.133163
566196,0.00358
566212,0.036915
566244,0.008732
566334,0.076322
566366,0.034665
566433,0.055848
566498,0.018657
566503,0.142591
566572,0.001199
566720,0.019725
566739,0.001542
566750,0.105107
566758,0.096665
566765,0.069756
566814,0.054414
566833,0.043271
566887,0.017552
566908,0.010539
566952,0.029232
566977,0.001479
567058,0.024514
567066,0.366077
567098,0.152722
567183,0.070343
567213,0.011738
567239,0.036759
567329,0.014926
567407,0.009664
567438,0.041226
567460,0.032399
567513,0.020888
567570,0.014612
567610,0.084768
567735,0.005385
567739,0.026165
567766,0.003806
567800,0.051051
567945,0.312071
568033,0.003906
568120,0.083422
568194,0.038251
568335,0.040696
568418,0.021672
568455,0.092388
568545,0.034614
568559,0.060809
568564,0.203404
568685,0.001051
568719,0.046857
568720,0.035505
568766,0.006919
568791,0.053374
568868,0.035287
568884,0.053326
568950,0.009342
569005,0.004417
569033,0.05823
569056,0.060317
569129,0.007512
569153,0.001594
569162,1.624769
569194,0.424644
569276,0.030531
569278,0.144391
569295,0.03137
569387,0.035407
569450,0.006679
569491,0.077418
569629,0.035575
569651,0.004342
569668,0.097134
569768,0.035904
569820,0.161135
569867,0.021659
569900,0.022218
569916,0.017081
570025,0.043897
570050,0.101947
570107,0.02184
570227,0.102807
570247,0.036476
570262,0.024075
570314,0.000283
570345,0.035175
570357,1.333595
570388,0.039729
570533,0.008755
570591,0.028258
570619,0.012721
570643,0.001822
570685,0.014457
570762,0.05153
570770,0.008042
570796,0.007099
570875,0.007082
570893,0.048712
570945,0.067583
570964,0.205798
570987,0.032146
571051,0.023212
571075,0.087469
571123,0.025835
571330,0.030999
571366,0.088435
571462,0.05452
571466,0.053981
571485,0.027596
571520,0.023113
571528,0.000755
571562,0.078675
571625,0.104513
571707,0.030519
571738,0.210375
571807,0.045373
571829,0.00159
571851,0.07251
571909,0.033297
571939,0.068613
571969,0.003269
572011,0.000195
572055,0.101426
572076,0.172106
572145,0.034391
572153,0.012554
572160,0.150624
572165,0.08024
572285,0.002177
572303,0.014644
572335,0.010243
572370,0.097744
572419,0.012196
572455,0.049919
572479,0.031576
572520,0.033642
572538,0.038689
572550,0.000502
572607,0.000363
572643,0.053574
572679,0.124943
572682,0.016374
572756,0.081131
572888,0.018375
572953,0.013056
573008,0.07271
573070,0.014151
573089,0.033004
573125,0.042351
573191,0.001805
573198,0.000233
573203,0.306759
573315,0.034279
573337,0.151473
573361,0.076477
573381,0.011236
573382,0.170113
573416,0.056574
573449,0.066045
573539,0.005771
573553,0.00612
573587,0.013742
573612,0.074331
573718,0.034328
573761,0.041746
573785,0.006118
573824,0.021397
573941,0.007515
573964,0.011295
574060,0.000926
574063,0.013807
574228,0.016552
574304,0.015235
574364,0.007943
574423,0.100644
574469,0.021243
574489,0.035138
574554,0.103537
574558,0.671036
574634,0.025927
574715,0.002404
574728,0.008961
574793,0.012977
574802,0.10501
574870,0.000682
574939,0.18298
575080,0.021673
575139,0.019355
575227,0.020109
575313,0.013702
575358,0.031734
575401,0.003661
575448,0.068498
575478,0.046872
575492,0.001932
575504,0.015354
575557,0.016346
575588,0.502689
575651,0.017199
575664,0.036331
575692,0.019983
575720,0.017825
575747,0.009266
575759,0.059595
575760,0.155505
575853,0.019816
575898,0.022582
575951,0.025872
576025,0.010263
576055,0.005951
576098,0.123784
576121,0.196111
576161,0.016747
576184,0.380759
576244,0.022488
576257,0.108195
576337,0.005024
576389,0.008667
576421,0.047302
576479,0.121577
576563,0.009641
576579,0.045297
576604,0.018325
576651,0.05812
576814,0.031565
576898,0.026667
576925,0.015279
576949,0.183043
576958,0.154569
576995,0.013068
577015,0.037751
577064,0.076907
577103,0.058725
577167,0.040608
577177,0.77844
577232,0.002815
577250,0.005654
577276,0.004921
577545,0.018653
577555,0.019657
577570,0.278224
577684,0.006047
577721,0.037042
577727,0.105048
577755,0.093103
577794,0.01789
577897,0.019177
577992,0.005606
578003,0.007982
578043,0.005145
578087,0.027522
578105,0.000877
578132,0.01403
578154,0.007446
578161,0.054974
578261,0.011746
578287,0.051225
578324,0.034955
578372,0.004013
578410,0.106325
578413,0.170024
578542,0.011769
578561,0.027816
578614,0.009212
578682,0.014277
578722,0.004331
578756,0.023457
578762,0.115845
578840,0.067982
578892,0.010946
578904,0.079446
578927,0.004248
578985,0.022732
579047,0.055689
579091,0.006649
579184,0.00449
579204,0.011876
579251,0.015052
579260,0.069094
579290,0.022642
579304,0.021779
579322,0.029113
579357,0.045141
579366,0.027805
579374,0.021731
579407,0.009248
579424,0.028044
579448,0.060576
579580,0.072849
579626,0.019318
579664,0.053146
579708,0.08783
579743,0.028838
579767,0.018173
579797,0.141284
579812,0.029816
579881,0.027147
579897,0.001765
579966,0.084663
579973,0.001976
580022,0.028717
580040,0.018118
580078,0.015291
580148,0.021164
580168,0.007029
580215,0.011879
580293,0.003728
580302,0.106792
580422,0.005641
580452,0.01022
580523,0.080309
580568,0.01065
580599,0.003289
580642,0.016834
580647,0.004703
580656,0.02407
580707,0.003627
580708,0.499151
580804,0.022559
580959,0.032028
581011,0.027149
581046,0.056429
581124,0.151151
581160,0.923786
581246,0.008163
581309,0.041914
581335,0.235278
581375,0.051501
581421,0.000315
581639,0.037774
581667,0.00474
581746,0.284612
581760,0.249391
581792,0.123282
581807,0.01351
581865,0.211032
581999,0.019538
582048,0.118523
582058,0.005016
582079,0.013177
582102,0.003666
582134,0.00148
582148,0.087118
582328,0.013305
582345,0.102847
582356,0.103215
582413,0.004589
582448,0.065942
582459,0.165771
582550,0.057555
582587,0.026624
582603,0.015956
582606,0.182011
582638,0.013379
582652,0.025532
582686,0.039832
582731,0.063584
582828,0.146442
582857,0.325216
582930,0.117883
582958,0.250514
582968,0.468243
583007,0.024811
583082,0.009027
583087,0.010753
583102,0.131531
583116,0.065449
583187,0.119949
583257,0.143173
583307,0.002005
583327,0.094419
583357,0.064261
583387,0.050534
583397,0.017145
583417,0.219544
583447,0.075213
583457,0.29326
583487,0.312457
583507,0.375698
583518,0.908043
583547,0.156985
583557,0.586036
583587,0.107376
583607,0.347915
583627,0.023331
583637,0.055966
583657,0.10023
583667,0.356053
583677,0.657168
583700,0.295012
583707,0.104142
583717,0.083275
583727,0.105024
583737,0.036138
583747,0.149344
583757,0.383986
583787,0.428618
583797,0.263697
583817,0.17721
583837,0.318677
583857,0.040366
583867,0.50268
583877,0.465379
583897,0.201133
583907,0.325577
583927,0.837754
583937,0.216651
583947,0.567388
583957,0.449868
583977,0.400338
584007,0.806447
584057,0.179187
584077,1.083956
584142,0.005178
584153,0.611808
584192,0.014385
584225,0.033126
584268,0.00186
584371,0.062239
584385,0.030744
584476,0.003379
584499,0.014546
584522,0.031183
584585,0.130064
584643,0.956377
584748,0.043961
584855,0.052306
584896,0.046979
584940,0.025415
584981,0.401204
585065,0.026849
585119,0.033912
585219,0.003987
585240,0.078085
585250,0.14486
585329,0.238345
585362,0.057374
585422,0.000303
585429,0.14516
585522,0.266658
585593,0.051707
585645,0.003479
585682,0.067086
585691,0.007714
585733,0.045204
585757,0.0003
585848,0.003591
585867,0.133504
585943,0.011913
585960,5.315567
586059,0.021454
586073,0.030107
586083,0.038868
586190,0.558252
586258,0.003875
586285,0.006765
586315,0.013901
586378,0.0121
586453,0.008367
586462,0.007043
586497,0.008108
586529,0.011072
586550,0.002484
586564,0.344254
586568,2.413473
586703,0.022139
586800,0.018452
586912,0.015102
586978,8.1e-05
587068,0.015431
587169,0.051314
587224,0.118352
587242,0.032325
587410,0.037617
587451,0.007161
587563,0.018739
587708,0.008697
587727,0.002154
587731,0.003247
587765,3.511416
587861,0.004648
587872,0.090852
587919,0.001008
587985,0.009147
588065,0.037739
588074,1.306182
588123,0.211684
588169,0.056167
588193,0.013651
588243,0.023196
588339,0.258114
588360,0.170589
588507,0.000755
588516,0.103128
588605,0.023335
588609,0.025148
588657,0.021409
588767,0.009039
588795,0.014423
588832,0.005264
588885,0.065095
588946,0.153916
588970,0.524138
589015,0.016322
589041,0.058518
589075,0.156279
589122,0.022282
589150,0.134619
589215,0.001377
589228,0.041882
589244,0.006401
589331,0.015489
589383,0.007116
589510,0.018129
589560,0.086896
589565,0.005584
589692,0.056725
589729,0.027992
589808,0.013715
589870,0.004463
589880,0.186268
589933,0.105226
589985,0.057047
590013,0.022886
590041,0.066251
590150,0.02755
590158,0.023889
590162,0.078983
590298,0.000321
590373,0.00207
590376,0.148734
590388,0.159387
590408,0.057847
590460,0.041789
590569,0.011462
590595,0.017103
590721,0.113057
590756,0.029522
590762,3.226646
590819,0.019601
590827,0.125196
590859,0.021026
590894,0.053957
590979,0.038361
591006,0.007404
591059,0.001991
591064,0.040175
591084,0.012467
591160,0.004741
591177,0.042098
591185,0.019644
591223,0.048886
591235,0.028869
591291,0.000595
591296,0.020561
591327,0.098576
591346,0.104849
591358,0.295871
591516,0.013858
591544,0.146735
591597,0.020081
591639,0.023535
591747,0.097769
591817,0.023769
591895,0.158332
591947,0.047639
591955,0.020693
591964,0.097339
592033,0.013598
592072,0.027462
592079,0.479172
592151,0.018714
592323,0.021202
592379,0.006431
592384,0.021905
592401,0.005498
592444,0.025711
592445,0.138974
592481,0.054311
592507,0.031266
592556,0.048461
592568,0.036566
592631,0.100838
592722,0.022742
592824,0.049994
592880,0.002065
592892,0.070799
592934,0.019672
593004,0.024811
593023,0.115976
593076,0.015019
593086,0.044917
593163,0.004356
593215,0.030068
593310,0.000115
593350,0.145502
593428,0.014953
593451,0.001749
593455,0.040656
593561,0.031517
593741,0.006354
593748,0.075732
593766,0.440002
593811,0.189602
593942,0.025839
593967,0.004842
593972,0.011628
593986,0.155007
594021,0.001931
594033,0.014929
594071,0.075181
594077,0.278826
594128,0.112127
594143,0.146741
594187,0.094528
594217,0.083128
594248,0.023536
594297,0.29504
594344,0.030089
594356,0.355142
594416,0.004383
594417,0.051316
594488,0.18779
594536,0.043153
594552,0.012067
594583,0.001515
594586,0.058143
594605,0.027662
594640,0.018686
594705,0.193021
594747,0.043327
594767,0.020839
594848,0.024859
594877,0.028139
594934,0.251595
594989,0.032183
595041,0.016549
595133,0.206199
595167,0.030962
595189,0.176247
595224,0.087978
595236,0.042008
595267,0.086963
595278,0.189941
595316,0.004724
595384,0.064954
595394,0.005583
595438,0.031589
595470,0.152184
595481,0.016615
595543,0.070877
595561,0.015092
595569,0.455296
595608,0.086438
595659,0.030471
595666,0.746218
595708,0.608572
595755,0.007647
595760,0.016091
595806,0.029552
595872,0.112526
595888,0.267042
595912,0.220678
595968,0.060287
596001,0.032336
596084,0.344322
596160,0.090539
596172,0.155576
596205,0.439258
596298,0.164651
596345,0.133589
596373,0.047513
596427,0.024544
596439,0.03237
596461,0.004749
596520,0.00405
596574,0.013608
596609,0.425801
596650,0.020848
596751,0.373796
596759,1.357063
596775,1.427004
596817,0.01058
596864,0.025316
596951,0.041929
596986,0.241646
597013,0.024802
597138,0.147036
597182,0.035752
597251,0.085342
597336,0.006052
597361,0.20183
597378,0.176722
597418,0.009067
597465,0.056625
597467,0.195512
597522,0.02448
597531,0.076178
597548,0.257134
597604,0.07186
597695,0.52796
597745,0.00289
597755,0.121049
597769,0.000446
597832,0.249275
597870,0.007928
597885,0.046181
597909,0.025545
597931,0.008051
597944,0.036129
597945,0.267219
597966,0.13663
597987,0.028303
598012,0.048475
598062,0.011555
598082,0.062304
598094,0.085114
598164,0.051448
598187,0.112982
598244,0.288099
598336,0.169612
598406,0.166985
598467,0.101735
598469,0.235578
598531,0.278505
598561,0.023278
598575,0.074175
598713,0.015377
598724,0.008475
598754,0.004607
598787,0.052834
598813,0.105237
598888,0.027573
598928,0.134276
598973,0.206783
599020,0.019387
599111,0.017123
599145,0.00764
599160,0.032829
599164,0.035909
599191,0.127941
599204,0.176159
599259,0.012826
599261,0.063126
599300,0.003778
599306,0.112381
599343,0.02697
599372,0.052607
599421,0.000269
599435,0.038696
599467,0.064949
599493,0.063518
599567,0.03945
599587,0.04663
599649,0.04046
599678,0.03041
599765,0.150623
599767,0.10991
599854,0.01195
599897,0.000361
599902,0.074705
599924,0.134096
600035,0.066822
600091,0.033013
600118,0.008397
600150,0.045305
600175,0.106346
600198,0.016407
600221,0.002264
600260,0.012462
600300,0.051842
600344,0.063164
600356,0.022772
600364,0.026759
600383,0.076824
600425,0.240777
600481,0.07649
600549,0.52406
600628,0.014653
600676,0.0186
600704,0.013414
600820,0.032216
600907,0.098835
600957,0.016535
600960,0.160165
600968,0.069109
600970,0.007002
601013,0.008066
601078,0.048634
601092,0.023983
601111,0.009859
601120,0.028013
601178,0.016942
601189,0.004984
601231,0.005266
601320,0.113648
601365,0.111106
601381,0.060306
601401,0.088239
601434,0.011841
601487,0.00243
601507,0.028192
601510,0.065684
601556,0.092779
601559,0.111979
601567,0.04521
601614,0.014282
601751,0.194878
601808,0.030362
601865,0.006032
601895,0.026967
601906,0.133752
601944,0.068421
601980,0.165867
602004,0.014644
602008,0.426059
602041,0.000154
602144,0.013684
602159,0.560465
602218,0.003641
602236,0.021975
602250,0.011287
602283,0.009858
602340,0.010904
602500,0.01863
602564,0.01366
602620,0.091979
602632,0.060859
602667,0.115583
602687,0.014042
602728,0.020238
602739,0.027878
602770,1.177103
602801,0.114324
602843,0.017885
602856,0.101322
602941,0.03577
602970,0.003857
603045,0.130566
603113,0.024547
603133,0.019588
603191,0.03784
603305,0.007157
603395,0.026352
603495,0.003703
603547,0.011052
603614,0.180553
603648,0.011394
603675,0.027209
603759,1.1e-05
603793,0.031218
603803,0.070511
603824,0.003622
603847,0.060173
603922,0.026957
603938,0.041882
603965,0.190629
603996,0.030839
604041,0.033722
604050,0.314884
604086,0.152063
604122,0.031808
604138,0.126931
604242,0.039443
604291,0.001421
604311,0.049892
604396,0.004792
604397,0.026038
604474,0.005819
604555,0.043965
604576,0.048408
604627,0.034261
604647,0.001716
604775,0.03473
604781,1.398097
604876,0.031313
605004,0.036609
605070,0.050733
605088,0.00768
605145,0.441571
605164,0.434626
605269,0.144507
605363,0.042991
605377,0.007473
605454,0.015654
605485,0.060045
605510,0.011653
605563,0.116618
605592,0.028276
605732,0.056897
605767,1.125128
605837,0.009941
605888,0.090276
605995,0.001272
606047,0.017289
606111,0.099539
606174,0.014364
606199,0.02671
606260,0.019653
606288,0.016483
606355,0.005297
606356,0.042988
606370,0.303993
606427,0.084634
606497,0.00078
606585,0.050798
606590,0.642568
606709,0.01177
606717,0.03757
606757,0.186646
606783,0.005924
606815,0.025745
606841,0.022475
606864,0.008933
606898,0.060299
607055,0.055656
607105,0.046028
607140,0.022337
607187,0.207453
607258,0.493948
607321,0.011379
607332,0.026109
607393,0.00252
607494,0.029107
607496,0.008574
607557,3.56486
607618,0.038182
607657,0.021291
607681,0.079142
607710,0.038432
607748,0.142032
607757,0.041208
607779,0.006962
607796,0.037445
607847,0.052974
607943,0.095846
607997,0.021346
608036,0.186821
608144,0.000424
608166,0.026613
608167,0.359722
608219,0.001935
608274,0.138869
608338,0.019453
608407,0.01987
608475,0.030605
608525,0.076169
608625,0.094712
608660,0.118174
608697,0.047583
608745,0.07799
608764,0.585419
608872,0.010469
608900,0.17729
608971,0.002326
609021,0.000521
609043,0.010641
609107,0.019091
609117,0.007447
609202,0.007409
609271,0.006387
609272,0.028869
609324,0.024809
609342,0.004222
609357,0.034018
609360,0.38177
609379,0.165366
609402,0.596574
609436,0.00244
609467,0.000389
609508,0.017581
609546,0.028317
609552,0.027441
609576,0.31762
609596,0.183489
609616,0.141939
609636,0.030992
609646,0.526898
609686,0.032088
609706,0.245614
609716,0.451122
609726,0.323262
609756,0.979597
609786,0.098235
609796,0.469835
609816,0.12306
609846,0.663815
609866,0.729137
609916,0.033881
609926,0.071372
609945,0.215676
609961,0.173045
610033,0.005553
610035,0.083879
610065,0.000155
610090,0.003435
610099,0.065246
610202,0.035367
610258,0.006224
610302,0.009218
610399,0.009267
610439,0.005424
610485,0.098334
610563,0.254269
610613,0.002774
610655,0.176111
610673,0.005439
610847,0.01383
610867,0.034918
610933,0.04586
610977,0.015471
611001,0.170062
611002,0.33102
611100,1.827257
611153,0.137843
611158,0.071203
611163,0.170673
611326,0.005658
611424,0.090181
611449,0.009218
611477,0.05357
611499,0.098742
611529,0.022886
611600,0.029483
611627,0.011313
611661,0.11005
611722,0.024068
611726,0.087965
611746,0.048947
611758,0.291719
611759,0.093608
611764,1.37767
611839,0.318725
611851,0.056501
611991,0.031092
612098,0.048504
612131,0.044264
612215,0.014198
612228,0.007344
612248,0.067592
612280,0.056756
612355,0.022031
612448,0.016004
612476,0.082605
612589,0.016678
612608,0.024372
612652,0.003698
612655,0.802753
612690,0.037247
612752,0.141559
612792,0.074366
612880,0.015018
612957,0.018709
612960,0.468352
613064,0.022182
613067,0.01703
613075,0.099166
613111,0.012617
613118,0.034425
613155,0.032952
613171,0.006443
613223,0.012831
613261,0.015634
613282,0.092137
613317,0.0146
613322,0.00999
613345,0.24058
613419,0.003716
613433,0.000854
613468,0.080914
613502,0.016742
613545,0.393603
613566,0.073385
613576,0.094434
613618,0.14024
613813,0.001862
613867,0.002488
613925,0.005579
613932,0.001322
613962,0.058248
614080,0.041886
614129,0.010869
614142,0.015803
614159,0.093752
614196,0.030598
614204,0.104138
614227,0.029754
614337,0.006217
614388,0.046335
614427,0.036405
614535,0.03981
614543,0.029631
614554,0.060713
614615,0.026434
614648,0.028996
614757,0.033807
614762,0.049518
614885,0.015432
615107,0.009326
615270,0.011842
615324,0.011004
615325,0.271476
615359,0.126737
615364,0.701377
615424,0.008175
615443,0.013989
615464,0.005705
615498,0.00158
615507,0.043602
615595,0.064642
615723,0.261654
615918,0.060041
615923,0.004942
615961,0.649505
615980,0.205299
616064,0.039462
616112,0.012165
616130,0.020459
616165,0.071193
616195,0.078275
616276,0.096212
616346,0.049752
616420,0.01731
616484,0.006153
616514,0.001225
616557,0.002927
616560,0.035036
616563,0.009208
616621,0.052524
616667,0.057003
616714,0.008118
616716,0.023975
616752,0.02476
616832,0.086546
616930,0.019037
617035,0.004341
617040,0.052348
617118,0.116709
617159,0.161794
617170,0.074849
617172,0.533373
617248,0.035208
617267,0.006388
617351,0.120976
617372,0.004336
617388,0.032127
617495,0.068237
617508,0.164938
617538,0.055869
617557,0.064059
617602,0.05708
617642,0.098376
617687,0.019402
617733,0.083111
617762,0.275562
617837,0.005719
617851,0.094607
617880,0.001269
617929,0.044557
617956,0.277636
617983,0.25035
618005,0.083215
618021,0.102864
618060,0.019928
618181,0.064436
618189,0.001418
618247,0.004382
618257,0.023606
618290,0.045839
618338,0.019422
618358,0.060048
618361,0.611199
618364,5.216167
618462,0.01278
618516,0.017174
618534,0.001108
618665,0.035569
618767,0.003397
618863,0.022079
618873,0.070714
618902,0.127719
618911,0.01612
618957,0.53918
618993,0.004764
619014,0.038863
619050,0.057283
619180,0.002564
619243,0.006179
619270,0.074563
619406,0.007003
619447,0.058905
619502,0.016582
619509,0.099569
619542,0.065729
619560,0.101478
619564,3.120635
619703,0.019325
619730,0.013763
619746,0.035326
619779,0.023271
619827,0.004392
619860,0.007839
619890,0.002078
619941,0.060322
619971,0.01477
620009,0.065264
620027,0.001303
620061,0.014995
620095,0.067472
620140,0.013464
620161,0.029691
620189,0.017948
620237,0.023945
620293,0.049132
620325,0.001214
620380,0.042637
620443,0.004071
620463,0.016723
620487,0.016184
620516,0.042521
620560,0.062636
620602,0.076103
620672,0.453522
620745,0.496557
620757,0.046752
620759,0.793328
620760,2.010693
620874,0.000431
620947,0.326256
620972,0.012845
620984,0.005175
620992,0.020096
621034,0.087167
621104,0.034566
621173,0.088294
621207,0.004227
621208,0.261203
621267,0.100056
621289,0.01868
621314,0.024695
621330,0.000942
621345,0.005269
621357,0.078028
621360,0.006412
621427,0.007277
621437,0.009388
621444,0.000507
621520,0.114548
621587,0.011218
621610,0.007454
621653,0.10292
621677,0.047216
621784,0.023513
621883,0.029587
621957,0.133269
621975,0.212858
622036,0.01988
622177,0.019646
622215,0.010809
622219,0.057737
622243,0.002998
622385,0.024175
622431,0.06897
622464,0.004382
622516,0.016293
622545,0.290397
622591,0.004477
622665,0.003328
622677,0.016047
622689,0.064222
622708,0.018408
622718,0.003583
622725,0.000279
622902,0.01042
622926,0.013683
622961,0.02038
622976,0.109883
623047,0.064134
623121,0.031394
623145,0.503327
623204,0.098002
623207,0.033123
623290,0.128295
623392,0.124803
623440,0.003491
623473,0.078361
623515,0.028717
623572,0.030742
623624,0.020994
623625,0.038406
623659,0.047867
623695,0.011853
623745,0.016026
623763,0.171336
623895,0.010608
623921,0.032414
623973,0.010759
623982,0.006119
624016,0.022248
624039,0.027197
624127,0.233935
624236,0.240038
624348,0.034314
624364,0.412771
624439,0.029741
624474,0.050391
624536,0.027478
624564,0.007865
624587,0.047571
624775,0.000289
624780,0.017518
624857,0.036167
624862,0.006606
624917,0.000812
624956,0.199598
624958,0.133951
625019,0.010108
625048,0.02089
625088,0.03376
625106,0.332772
625131,0.428887
625181,0.124303
625188,0.005278
625220,0.083967
625244,0.010194
625270,0.001637
625281,0.095034
625348,0.022991
625368,0.082918
625460,0.003852
625522,0.021157
625545,0.114385
625560,0.173486
625636,0.007024
625692,0.188315
625796,0.082136
625863,0.043347
625928,0.004826
625938,0.047772
625972,0.079092
626024,0.23614
626073,0.051797
626113,0.013814
626133,0.021343
626159,0.171787
626187,0.037785
626247,0.019208
626273,0.0224
626305,0.017471
626327,0.008837
626346,0.008359
626407,0.006773
626417,0.046614
626532,0.014424
626539,0.023471
626542,0.020524
626588,0.020764
626617,0.037979
626664,0.04512
626690,0.016275
626762,0.05098
627050,0.049953
627051,0.135178
627086,0.057969
627149,0.00282
627155,0.566098
627247,0.138167
627301,0.001758
627324,0.070255
627357,0.059661
627365,0.972571
627458,0.0414
627470,0.009229
627489,0.065234
627506,0.000658
627549,0.041405
627602,0.046676
627631,0.04754
627643,0.026434
627660,0.105804
627701,0.124886
627768,0.052029
627861,0.043622
627893,0.006802
627947,0.013848
628023,0.026413
628218,0.059467
628267,0.00938
628273,0.036781
628370,0.026624
628415,0.01627
628491,0.008079
628548,0.021115
628556,0.058192
628663,0.065183
628711,0.002915
628730,0.046615
628840,0.000283
628925,0.036993
628953,0.022484
629059,0.019206
629069,0.04103
629085,0.012371
629098,0.018418
629161,0.073985
629207,0.008996
629220,0.011045
629344,0.01064
629371,0.000367
629406,0.023846
629460,0.017659
629480,0.047139
629564,0.005428
629604,0.281415
629665,0.004243
629692,0.003875
629722,0.010484
629743,0.015011
629746,4.063467
629790,3.103574
629925,0.026383
630076,0.057115
630139,0.023657
630187,0.014588
630295,0.024595
630324,0.03112
630336,0.038979
630345,0.004158
630361,0.04303
630474,0.0026
630476,0.062945
630562,0.024276
630578,0.023311
630603,0.002246
630620,0.004176
630740,0.000536
630770,0.005456
630794,0.05515
630843,0.051656
630895,0.055828
630932,0.062014
630983,0.003507
630987,0.019339
631008,0.000161
631036,0.029527
631068,0.048298
631087,0.027606
631104,0.042978
631155,0.049101
631316,0.06778
631385,0.007495
631518,0.143725
631562,0.002831
631565,4.106078
631627,0.003222
631648,0.016497
631681,0.04874
631837,0.066532
631893,0.016699
631933,0.054647
631982,0.011615
632071,0.010918
632094,0.08327
632125,0.013641
632146,0.004996
632163,0.049094
632215,0.00787
632239,0.057047
632260,0.00753
632288,0.031412
632298,0.147012
632333,0.005755
632369,0.007976
632398,0.011967
632425,0.178863
632455,0.065022
632466,0.120425
632539,0.020372
632557,0.104196
632581,0.010538
632606,0.096016
632633,0.018067
632700,0.04336
632715,0.551981
632751,0.073525
632763,0.149333
632788,0.071802
632823,0.026961
632839,0.495873
632879,0.344937
632938,0.109186
633048,0.152438
633155,0.009
633197,0.002929
633212,0.003146
633359,0.015898
633365,0.067921
633378,0.050535
633409,0.076803
633435,0.011062
633490,0.002165
633502,0.024141
633547,0.010623
633578,0.081511
633687,0.021865
633767,0.02178
633933,0.127254
633963,1.366528
634046,0.059177
634102,0.010564
634133,0.034616
634219,0.082693
634267,0.008168
634373,0.378618
634417,0.051036
634447,0.032034
634535,0.033016
634549,0.044688
634559,0.180095
634612,0.066239
634616,0.002552
634720,0.035263
634796,0.36755
634935,0.021066
634959,0.064315
634984,0.047578
635016,0.055681
635146,0.040536
635166,0.027957
635207,0.005538
635216,0.301309
635307,0.034039
635315,0.066136
635367,0.002563
635368,0.113156
635408,0.071179
635476,0.009071
635493,0.037442
635599,0.334502
635633,0.12828
635663,0.004295
635708,0.005397
635737,0.027784
635746,10.958758
635827,0.079376
635837,0.018019
635947,0.001907
635989,0.047171
636015,0.037176
636034,0.036867
636163,0.042022
636205,0.016766
636253,0.017866
636256,0.006285
636267,0.000325
636280,0.015103
636317,0.086028
636364,0.085672
636519,0.070827
636555,0.004201
636596,0.1308
636609,0.000534
636702,0.031376
636955,0.009112
636960,0.237271
636964,0.440285
636982,0.208891
637047,0.016163
637077,0.091437
637122,0.025311
637153,0.329172
637213,0.006185
637235,0.041446
637267,0.000346
637318,0.045315
637346,0.000612
637374,0.043431
637415,0.017935
637427,0.017703
637436,0.060372
637446,0.342976
637519,0.027896
637649,0.030264
637673,0.102357
637692,0.034351
637784,0.009763
638067,0.090216
638111,0.007212
638138,0.029771
638155,0.013629
638167,0.153745
638187,0.285959
638239,0.024551
638324,0.673072
638417,0.032517
638556,0.139507
638596,0.05567
638633,0.040603
638718,0.017582
638759,0.021039
638761,0.193484
638769,0.702215
638797,0.191802
638822,0.000356
638849,0.017494
638901,0.017563
639001,0.034436
639111,0.033489
639130,0.059248
639140,0.000879
639212,0.04194
639255,0.030827
639259,0.071544
639286,0.001342
639365,0.006267
639463,0.013418
639508,0.024889
639560,0.057044
639617,0.015476
639697,0.015751
639752,0.058492
639831,0.031747
639836,0.157582
639871,0.039114
639919,0.01537
639958,0.005017
639961,0.083857
639968,0.171094
639984,0.051104
639997,0.039919
640047,0.011038
640082,0.262132
640148,0.161091
640264,0.017923
640287,0.004074
640361,0.010219
640380,0.032113
640427,0.01524
640470,0.025005
640472,0.074533
640556,0.139071
640563,0.018208
640616,0.026654
640634,0.012087
640752,0.00267
640757,0.003374
640760,0.063829
640873,0.109691
640900,0.009524
640915,0.231499
641064,0.005662
641100,0.032026
641145,0.035007
641157,0.128372
641166,0.046105
641185,0.0289
641209,0.007218
641316,0.012528
641318,0.134017
641451,0.019965
641486,0.003747
641507,0.001013
641565,0.065049
641579,0.020982
641588,0.043191
641624,0.018389
641630,0.038019
641649,0.000668
641756,0.048812
641760,0.041369
641765,0.095838
641795,0.12132
641889,0.071291
642052,0.033696
642082,0.034209
642150,0.112354
642201,0.096041
642270,0.012149
642333,0.008733
642344,0.136548
642362,0.186477
642417,0.096268
642553,0.036708
642582,0.086978
642711,0.104299
642772,0.04156
642788,0.024504
642864,0.008861
642879,0.091439
642937,0.070745
642948,0.006049
642957,0.106181
642962,0.010156
643004,0.037269
643067,0.029612
643153,0.000281
643184,0.07621
643201,0.003042
643207,0.053303
643240,0.033721
643255,0.013346
643269,0.621746
643303,0.005546
643362,0.016735
643372,0.083986
643399,0.025659
643408,0.051747
643469,0.16212
643537,0.015117
643559,0.176717
643570,0.017312
643620,0.008806
643701,0.080065
643725,0.049268
643768,0.151847
643790,0.015954
643862,0.002902
643939,0.231062
643957,0.009043
644001,0.004051
644041,0.00713
644051,0.004483
644132,0.029796
644138,0.032588
644160,0.055414
644170,0.066245
644333,0.072996
644369,0.033544
644407,0.00617
644427,0.053015
644500,0.015816
644619,0.010305
644669,0.16466
644683,0.092028
644731,0.207886
644840,0.007276
644941,0.084158
644958,0.011265
644999,0.344726
645058,0.006226
645083,0.005313
645107,0.000308
645127,0.069365
645280,0.029014
645323,0.021424
645332,0.227522
645371,0.278457
645479,0.008444
645505,0.084144
645527,0.051316
645529,0.006405
645580,0.023366
645601,0.032921
645687,0.033253
645747,0.025839
645827,0.021469
645834,0.004902
645840,0.054229
645941,0.005673
645960,0.069595
645965,0.180352
646040,0.176384
646145,0.001015
646180,0.08257
646219,0.158659
646255,0.045879
646275,0.014597
646305,0.035447
646387,0.106389
646449,0.022861
646463,0.001208
646531,0.028555
646545,1.58714
646626,0.044426
646738,0.095515
646827,0.015887
646864,0.009273
646901,0.00757
646959,0.001649
646977,0.018235
646999,0.38038
647098,0.055478
647140,0.077929
647145,0.085842
647159,0.263166
647180,0.488219
647233,0.098573
647267,0.000645
647271,0.013272
647294,0.076419
647352,0.144045
647407,0.353748
647487,0.078882
647572,0.00304
647620,0.631629
647697,0.080584
647720,0.001934
647746,0.009356
647757,0.086622
647768,0.262895
647833,0.08019
647877,0.096096
647907,0.032935
647929,0.050108
647977,0.049626
648027,0.140206
648060,0.028359
648133,0.014137
648211,0.063222
648245,0.117897
648326,0.008514
648341,0.061078
648359,0.073604
648420,0.109924
648487,0.135845
648536,0.360976
648591,0.019826
648605,0.001593
648629,0.057931
648671,0.037625
648807,0.028571
648811,0.36597
648816,1.88751
648848,0.042357
648904,0.005826
648949,0.236779
649065,0.0091
649143,0.020563
649220,0.04634
649279,0.042711
649335,0.123124
649415,0.012259
649452,0.000878
649463,0.293683
649498,0.029733
649534,0.004882
649555,0.076932
649564,0.067925
649601,0.072873
649695,0.23844
649735,0.008278
649762,0.012366
649778,0.115445
649806,0.072398
649867,0.007446
649927,0.016722
649960,0.019365
649999,0.054047
650080,0.020043
650107,0.002195
650136,0.004524
650206,0.013787
650296,0.006625
650336,0.169824
650439,0.013776
650477,0.001459
650482,0.006921
650549,0.01087
650587,0.071928
650610,0.035046
650640,0.014567
650707,0.012946
650750,0.005609
650758,0.058896
650784,0.062268
650800,0.109241
650840,0.094658
650853,0.032501
650907,0.068012
650952,0.000829
650989,0.024112
651022,0.033638
651027,0.213558
651072,0.01311
651091,0.020891
651159,0.01081
651220,0.002547
651255,0.026663
651279,0.004219
651316,0.022012
651345,0.012706
651356,0.155693
651363,1.02316
651364,2.67712
651552,0.007435
651581,0.015486
651659,0.041637
651701,0.019269
651728,0.841649
651821,0.003162
651848,0.128984
651895,0.037511
651963,0.027127
651968,0.160867
652013,0.054948
652048,0.041489
652120,0.024051
652158,0.000484
652190,0.102366
652254,0.000109
652295,4.6e-05
652340,0.00076
652359,0.158519
652376,0.134983
652395,0.020907
652436,0.007976
652545,0.016839
652608,0.000845
652635,0.003406
652683,0.032785
652698,0.022232
652782,0.012447
652789,0.039402
652800,0.047497
652861,0.050742
652877,0.011455
652928,0.023908
652940,0.055054
652951,0.075164
652978,0.037009
653069,0.010053
653092,0.016965
653107,0.05281
653155,0.028122
653159,0.083624
653164,0.499113
653223,0.031474
653235,0.452755
653258,0.142087
653347,4.2e-05
653383,0.003388
653395,0.049865
653421,0.018766
653539,0.002721
653545,0.053538
653586,0.034046
653616,0.013406
653731,0.003396
653746,0.02285
653757,0.032283
653760,0.014776
653868,0.37605
653973,0.041827
654028,0.00582
654034,0.018535
654055,0.003226
654075,0.075505
654139,0.013525
654220,0.101364
654239,0.125777
654267,0.011894
654276,0.011828
654315,0.033629
654334,0.005066
654359,0.092173
654405,0.029835
654420,0.029194
654424,0.144677
654448,0.012364
654482,0.147144
654506,0.037845
654548,0.039464
654637,0.064576
654755,0.023791
654769,0.012043
654847,0.001277
654855,0.028633
654914,0.00108
654945,0.008965
654958,0.228112
655091,0.12123
655162,0.018208
655182,0.028963
655217,0.050082
655244,0.031524
655385,0.021409
655441,0.01874
655453,0.003486
655469,0.215534
655546,0.014799
655639,0.030436
655691,0.165843
655708,0.274395
655748,0.053197
655767,0.019914
655791,0.047779
655811,0.146612
655876,0.006889
655985,0.003184
656061,0.056168
656157,0.678614
656191,0.046952
656215,0.006038
656441,0.04266
656487,0.026773
656491,0.147724
656582,0.019959
656604,0.051919
656650,0.019909
656671,0.019181
656709,0.104528
656745,0.011419
656767,0.000716
656807,0.009094
656901,0.112302
656961,0.010486
657006,0.044791
657016,0.017711
657043,0.011458
657140,0.061819
657199,0.049386
657241,0.02968
657265,0.042951
657345,1.775341
657387,0.044964
657415,2.298255
657507,0.006439
657522,0.043606
657526,0.045766
657589,0.633316
657703,0.025304
657728,0.007099
657894,0.020466
657944,0.00264
657957,0.018816
657959,0.004282
658071,0.031789
658105,0.024572
658158,0.010658
658191,0.036506
658227,0.145649
658285,0.076102
658292,0.037265
658391,0.027598
658471,0.258116
658559,0.061145
658663,0.11943
658703,0.072013
658730,0.090169
658765,0.008558
658825,0.66199
659067,0.008601
659085,0.317226
659145,0.053791
659193,0.07593
659263,0.024057
659296,0.000578
659442,0.033955
659483,0.001726
659507,0.061539
659598,0.002085
659668,0.006603
659722,0.141408
659745,0.080633
659759,0.021611
659799,0.051329
659853,0.000121
659956,0.261613
659995,0.007082
660043,0.050343
660063,0.017521
660094,1.1924
660203,0.00557
660291,0.00465
660315,0.085083
660341,0.139121
660361,0.038668
660409,0.024317
660430,0.016378
660461,0.024081
660503,0.04462
660530,0.068476
660554,0.008313
660593,0.006613
660665,0.084053
660688,0.019085
660745,0.023286
660775,0.001267
660777,0.052384
660832,0.06788
660838,0.021593
660864,0.012449
660893,0.020535
660904,0.189237
660937,1.276054
660970,0.042116
661019,0.04256
661023,0.190364
661079,0.004853
661117,0.033915
661152,0.280193
661247,0.002139
661281,0.017831
661336,0.266743
661382,0.000676
661397,0.19399
661450,0.057
661538,0.05497
661575,0.12632
661623,0.003103
661648,0.08207
661664,0.038775
661687,0.035597
661701,0.001328
661745,0.085384
661793,0.009911
661844,0.016845
661910,0.036606
662037,0.111127
662059,0.000927
662075,0.001539
662103,0.020133
662145,0.062933
662156,0.5219
662161,0.229198
662293,0.043119
662382,0.048966
662397,0.021115
662409,0.020605
662480,0.001645
662499,0.057214
662641,0.041297
662719,0.012171
662757,0.628407
662767,0.060397
662880,0.037165
662915,0.015166
662987,0.003508
663106,0.070467
663246,0.013551
663327,0.010695
663330,0.006016
663358,0.088156
663365,0.498056
663423,0.116973
663457,0.014419
663476,0.010123
663527,0.020682
663624,0.357524
663677,0.002928
663748,0.012493
663844,0.050963
663902,0.098329
663919,0.021572
663922,0.063761
663945,0.029162
663959,0.11096
664030,0.01739
664048,0.019964
664059,0.456276
664072,0.01009
664114,0.002081
664115,0.508787
664269,0.044362
664313,0.004478
664322,0.079346
664343,0.013622
664396,0.388301
664440,0.150711
664517,0.023868
664545,0.011517
664559,0.103634
664567,0.023991
664598,0.298663
664693,0.012811
664783,0.262399
664824,0.001369
664887,0.027885
664936,0.059396
664980,0.146766
665041,0.016452
665107,0.002269
665132,0.010374
665162,0.116139
665222,0.037333
665268,0.00888
665282,0.001341
665320,0.074626
665344,0.117904
665405,0.021429
665417,0.090624
665499,0.030875
665553,0.188972
665607,0.003408
665657,0.007105
665720,0.031308
665728,0.004565
665757,0.249823
665790,0.098766
665803,0.179026
665822,0.251078
665926,0.01153
665972,0.092873
666001,0.008645
666031,0.097141
666064,0.018256
666151,0.061837
666169,0.088332
666234,0.110325
666257,0.014556
666342,0.019315
666357,0.229034
666390,0.163829
666467,0.005602
666487,0.044613
666499,0.106761
666547,0.026796
666615,0.038622
666645,0.123119
666693,0.002974
666702,0.509033
666730,0.719893
666783,0.024371
666793,0.008356
666828,0.021964
666894,0.044734
666929,0.001147
666961,0.055098
667088,0.10996
667092,0.001699
667169,0.006054
667214,0.008023
667275,0.053298
667284,0.053548
667306,0.011098
667430,0.082037
667465,0.01589
667487,0.01122
667540,0.00032
667556,0.038112
667560,2.258491
667699,0.037181
667749,0.006026
667773,0.010912
667865,0.075999
667955,0.062811
667995,0.015292
668024,0.076363
668049,0.001208
668059,0.02111
668080,0.0121
668136,0.079058
668257,0.069851
668325,0.019976
668360,0.012725
668399,0.034254
668444,0.022944
668463,0.006918
668498,0.147332
668510,0.023789
668617,0.026239
668670,0.001088
668759,0.014684
668762,0.076888
668798,0.026003
668834,0.006238
668837,0.029755
668848,0.02156
668925,0.000597
668959,0.126636
669063,0.038264
669078,0.210646
669128,0.237266
669175,0.08452
669198,0.189531
669208,0.069073
669218,0.078189
669268,0.133108
669298,0.026183
669308,0.171605
669318,0.011381
669328,0.025425
669338,0.042254
669360,0.49094
669368,0.301667
669388,0.109752
669398,0.055681
669418,0.27729
669448,0.184876
669458,0.132111
669478,0.180414
669488,0.067277
669498,0.368719
669508,0.32717
669538,0.647568
669558,0.488778
669568,0.045159
669578,0.228729
669598,0.296609
669608,0.138437
669618,0.26162
669628,0.13282
669638,0.405375
669648,0.260019
669658,0.51411
669668,0.085084
669678,0.039958
669688,0.559938
669698,0.138297
669708,0.005624
669718,0.589745
669738,0.104006
669748,0.641015
669768,0.436972
669778,0.107712
669788,0.320316
669808,0.506801
669828,1.301601
669848,0.815091
669878,0.901093
669930,0.048443
669941,0.010044
669963,0.06835
669977,0.149318
670019,0.110952
670073,0.352153
670183,0.042393
670205,0.057506
670271,0.014476
670282,0.063687
670298,0.046991
670363,0.026714
670423,0.020972
670545,0.009168
670605,0.719017
670631,0.283447
670669,0.165777
670711,0.058085
670763,0.01077
670802,0.300749
670867,0.055101
670965,0.012821
671027,0.033237
671141,0.03818
671165,0.391245
671184,0.067283
671264,0.030391
671355,0.004818
671357,0.839864
671441,0.026809
671547,0.063784
671577,0.016662
671653,0.016117
671696,0.020027
671697,0.020549
671717,0.047003
671727,0.329756
671770,0.207877
671777,0.076259
671827,0.044998
671847,0.133571
671867,0.223095
671877,0.116507
671887,0.429774
671907,0.004026
671927,0.066937
671947,0.410325
671967,0.222376
671977,0.09751
672017,0.527991
672037,0.222953
672057,0.708878
672077,0.122536
672087,0.547709
672097,0.525418
672117,0.549892
672197,0.026779
672225,0.041714
672295,0.261678
672338,0.021717
672345,0.028007
672534,0.00987
672556,0.014177
672650,0.017774
672669,0.235123
672751,0.004586
672810,0.002221
672848,0.003679
672882,0.041888
672970,0.065644
673039,0.06222
673201,0.033872
673255,0.116593
673283,0.002097
673330,0.069411
673344,0.025269
673425,0.031048
673549,0.123482
673561,0.00598
673565,1.57838
673635,0.350192
673703,0.087005
673823,0.036779
673876,0.106679
673908,0.04397
673928,0.02388
673966,0.018804
674015,0.003767
674042,0.065684
674097,0.035414
674112,0.01069
674161,0.016104
674164,0.056162
674183,0.000376
674277,0.009882
674307,0.003234
674334,0.030865
674388,0.088586
674430,0.094494
674447,0.004296
674456,0.073026
674509,0.033917
674543,0.000758
674552,0.160201
674671,0.040973
674749,0.003462
674751,0.072735
674765,0.067205
674769,0.072291
674771,5.348125
674932,0.000191
674968,0.122963
675104,0.010797
675148,0.014743
675220,0.668302
675290,0.040388
675337,0.070332
675360,0.018003
675362,0.694826
675365,0.142064
675408,0.03282
675437,0.624501
675479,0.021935
675485,0.00642
675537,0.021274
675546,0.845793
675670,0.02229
675690,0.007268
675765,0.03573
675792,0.05137
675824,0.234149
675893,0.009738
675942,0.05381
675956,0.195247
675963,0.279695
676000,0.080639
676020,0.04241
676036,0.038581
676068,0.043661
676200,0.028592
676226,0.004588
676270,0.007185
676327,0.06218
676419,1.560513
676545,0.034107
676565,0.598129
676661,0.015403
676696,0.116922
676786,0.02302
676831,0.033513
676845,0.08378
676892,0.003269
676912,0.005255
676991,0.017429
676999,0.017138
677019,0.031695
677063,0.117057
677099,0.040976
677137,0.019314
677143,0.024096
677161,0.001345
677163,0.007509
677203,0.004579
677232,0.221625
677248,0.072487
677339,0.088073
677361,0.007519
677407,0.028139
677457,0.001497
677467,0.115832
677517,0.013746
677572,0.001151
677642,0.016582
677722,0.068301
677755,0.124435
677772,0.102308
677811,0.909083
677899,0.009641
677901,0.004304
677940,0.100055
678057,0.252902
678104,0.009173
678207,0.294566
678239,0.000652
678256,0.016619
678274,0.048104
678314,0.051368
678322,0.020776
678358,0.160191
678384,0.242605
678440,0.000649
678457,0.107937
678511,0.023842
678544,0.001169
678641,0.006456
678652,0.010355
678689,0.004431
678700,0.04621
678705,0.024346
678853,0.15728
678880,0.087323
678952,0.000686
679022,0.002099
679105,0.075531
679136,0.022286
679150,0.113841
679176,0.017957
679220,0.012792
679236,0.006806
679313,0.00541
679336,0.003387
679448,0.027761
679462,0.01735
679519,0.089888
679561,3.140429
679614,0.019352
679627,0.029876
679652,0.072443
679692,0.004083
679787,0.119646
679819,0.001167
679945,0.023704
680010,0.068569
680048,0.204254
680099,0.089497
680163,0.061387
680170,0.016442
680227,0.062242
680259,0.140935
680321,0.02513
680332,0.110638
680388,0.002042
680491,0.03656
680533,0.04571
680555,0.018196
680602,0.017985
680630,0.01562
680665,0.05759
680704,0.021698
680768,0.018145
680878,0.086256
680926,0.088446
680945,0.020532
681003,0.066754
681058,0.498551
681140,0.006922
681156,0.097383
681212,0.635644
681357,0.037046
681364,0.106829
681515,0.025975
681551,0.097204
681557,0.075447
681591,0.00746
681623,0.031491
681651,0.306972
681678,0.012119
681731,0.022062
681751,0.001414
681814,0.049917
681851,0.00822
681959,0.017261
681977,0.110201
682005,0.001521
682032,0.06401
682061,0.023116
682078,0.007402
682095,0.002864
682221,0.000151
682301,0.03131
682367,0.063837
682395,0.26813
682461,0.034906
682494,0.010054
682532,0.07422
682558,0.250038
682612,0.156936
682674,0.000935
682733,0.031475
682781,0.008422
682816,0.221652
682826,0.049263
682859,0.010573
682881,0.087621
682947,0.005064
682991,0.001536
683019,0.045643
683068,0.03373
683207,0.023814
683254,0.068761
683376,0.154292
683383,0.058263
683416,0.00823
683489,0.01198
683495,0.021415
683527,0.000226
683590,0.008989
683622,0.003514
683681,0.064765
683708,0.041032
683753,0.032347
683758,0.210021
683760,0.782017
683886,0.017129
683912,0.798181
683962,0.000795
683980,0.012097
683982,0.013217
684014,0.016091
684062,0.022384
684092,0.371749
684223,0.070126
684227,0.041832
684290,0.034866
684292,0.09198
684321,0.029998
684326,0.030519
684360,0.104069
684443,0.007754
684462,0.001232
684500,0.032022
684558,0.072079
684579,0.099916
684593,0.02613
684695,0.000374
684707,0.021942
684757,0.046594
684767,0.053171
684840,0.026776
684876,0.057109
684932,0.031329
685082,0.055441
685201,0.031718
685249,0.004654
685260,0.115417
685316,0.063636
685345,0.004234
685350,0.042307
685552,0.032267
685562,0.054655
685620,0.00494
685627,0.008697
685657,0.029218
685731,0.009188
685746,0.012208
685749,0.08965
685825,0.335987
685920,0.010215
685921,0.000548
685960,0.152315
686042,0.043586
686110,0.021311
686120,0.002366
686130,0.012284
686160,0.236362
686165,0.93934
686167,0.31554
686214,0.002967
686254,0.01582
686320,0.002959
686333,0.004762
686390,0.091805
686432,0.007812
686457,0.007769
686489,0.097139
686577,0.059141
686611,0.006266
686623,0.023884
686641,0.020115
686679,0.049714
686763,0.178477
686766,0.024647
686874,0.54582
686926,0.000649
686954,0.13421
686978,0.038935
687041,0.00709
687063,0.001472
687162,0.032252
687227,0.059361
687260,0.071247
687288,0.020051
687326,0.019575
687346,0.213573
687368,0.01804
687391,0.081589
687457,0.038503
687495,0.014012
687578,0.00692
687600,0.049571
687685,0.156109
687719,0.034218
687740,0.06662
687763,0.051531
687854,0.008193
687891,0.061973
687945,0.135583
687985,0.056016
688087,0.000929
688090,0.020034
688105,0.052002
688195,0.067408
688309,0.071389
688354,0.003828
688448,0.010085
688492,0.060351
688503,0.880578
688539,0.568468
688602,0.262009
688663,0.022286
688722,0.031709
688772,0.075722
688787,0.028765
688848,0.000506
688891,0.002172
689092,0.017111
689124,0.051644
689157,0.176169
689214,0.022444
689255,0.027342
689455,0.053095
689482,0.028376
689585,0.019865
689647,0.066717
689656,0.007418
689692,0.030628
689732,0.000963
689757,0.018841
689767,1.124921
689855,0.027984
689954,0.393457
690014,0.145817
690071,0.026912
690132,0.063247
690182,0.056647
690227,0.02265
690259,0.009249
690283,0.070919
690345,0.004714
690347,0.101627
690423,0.00835
690448,0.038573
690530,0.030503
690567,0.039406
690637,0.085666
690649,0.000155
690669,0.000482
690700,0.277578
690729,0.177055
690799,0.021956
690805,0.304658
690851,0.013355
690905,0.010373
690920,0.007358
690932,0.091031
690985,0.086781
691072,0.015949
691123,0.030932
691139,0.065096
691205,0.025734
691241,0.004541
691304,0.044616
691348,0.024898
691416,0.036145
691535,0.000953
691561,0.009252
691600,0.513189
691643,0.014139
691676,0.026625
691717,0.0408
691762,0.000959
691770,0.02789
691801,0.102367
691895,0.061591
691909,0.040913
692068,0.003857
692079,0.016766
692149,0.092299
692160,0.074663
692171,0.976207
692231,0.019511
692241,0.044426
692261,0.021173
692299,0.027363
692334,0.005864
692362,0.010396
692402,0.006938
692470,0.010613
692504,0.079011
692549,0.012747
692578,0.036958
692634,0.001587
692661,0.023187
692673,0.001771
692677,0.001159
692689,0.042891
692715,0.030367
692758,0.022838
692767,0.007265
692771,0.09361
692853,0.009654
692857,0.254529
692908,0.028013
693055,0.026968
693196,0.122206
693216,0.036997
693249,0.04208
693301,0.071223
693308,0.022848
693362,0.260156
693410,0.034965
693417,0.078617
693474,0.031333
693535,0.008206
693565,0.021309
693597,0.130986
693612,0.071286
693657,0.035117
693691,0.017948
693699,0.041089
693713,0.002253
693750,0.005416
693793,0.031904
693810,0.035957
693834,0.001843
693882,0.003759
693895,0.019461
693946,13.739269
694083,0.046312
694132,0.00425
694153,0.016409
694247,0.037893
694267,0.010632
694291,0.027179
694328,0.247787
694400,0.001157
694445,0.045962
694507,0.024481
694533,0.148436
694557,0.191714
694566,0.224272
694603,0.015343
694613,0.001577
694637,0.231341
694683,0.017027
694733,0.093315
694825,0.037016
694854,0.008165
694863,0.000423
694960,0.008897
694990,0.010174
695030,0.016726
695060,0.01205
695160,0.001189
695212,0.015658
695223,0.027694
695257,0.091393
695351,0.028777
695367,0.015717
695406,0.028117
695437,0.059865
695479,0.004795
695526,0.049911
695580,0.007318
695681,0.050827
695745,0.003667
695756,0.068062
695769,0.415963
695852,0.006804
695861,0.008621
695896,0.32834
695925,0.112041
696035,0.223531
696076,0.352663
696116,0.047443
696237,0.114251
696261,0.006191
696265,0.070284
696303,0.005087
696358,0.117925
696516,0.000228
696536,0.007506
696613,0.015432
696657,0.022283
696723,0.01376
696737,0.005062
696840,0.108381
696841,0.279983
696887,0.018974
696906,0.022179
696920,0.024082
696932,0.002165
696945,0.437171
696959,0.366401
697010,0.054422
697017,0.024182
697029,0.044929
697069,0.093373
697200,0.04303
697226,0.07284
697263,0.058367
697326,0.037295
697343,0.270232
697375,0.112145
697394,0.187551
697534,0.080302
697561,0.05168
697565,0.002696
697625,0.029308
697691,0.517993
697768,0.04225
697807,0.010315
697826,0.053638
697853,0.01924
697877,0.371419
698034,0.050709
698083,0.254855
698156,0.107
698207,0.004701
698233,0.090418
698279,0.039076
698292,0.008323
698306,0.025509
698324,0.039488
698337,0.025602
698353,0.136794
698488,0.026047
698510,0.089712
698597,0.002076
698648,0.026086
698714,0.007404
698745,0.004794
698756,0.223935
698763,4.369703
698912,0.019857
699024,0.003385
699059,0.042105
699112,0.099991
699147,0.019752
699175,0.024213
699297,0.005812
699327,0.007142
699335,0.057229
699356,0.491947
699396,0.03571
699478,0.00471
699538,0.095793
699580,0.01335
699606,0.099837
699687,0.051838
699724,0.022119
699733,0.004887
699962,0.01339
700113,0.030588
700219,0.146656
700242,0.100393
700254,0.109773
700273,0.067201
700336,0.098271
700473,0.017943
700492,0.024632
700545,0.015803
700555,0.062002
700560,0.338371
700647,0.265473
700713,0.076056
700760,0.070318
700809,0.020262
700894,0.031601
701002,0.005992
701027,0.041952
701080,0.041676
701138,0.013814
701157,0.024858
701162,0.05728
701380,0.029607
701387,0.005839
701403,0.099763
701536,0.049802
701572,0.037967
701632,0.215459
701651,0.01452
701692,0.213629
701725,0.044954
701744,0.005146
701748,0.082734
701753,0.134787
701776,0.459704
701806,0.019543
701924,0.065897
701968,0.249251
701974,0.123765
702025,0.002497
702033,0.005157
702106,0.308035
702141,0.091594
702157,0.244581
702202,0.012285
702301,0.022888
702345,0.009133
702351,0.061163
702407,0.01701
702463,0.033004
702494,0.000365
702495,0.071917
702520,0.019866
702545,0.062071
702609,0.160428
702704,0.153893
702727,0.08383
702762,0.036705
702771,0.021933
702774,0.099684
702894,0.260548
702914,0.008088
702935,0.015221
702957,0.023381
702973,0.08731
702994,0.011008
703052,0.000499
703188,0.077767
703219,0.12567
703264,0.008753
703265,0.573939
703333,0.004832
703384,0.01856
703459,0.055439
703532,0.003382
703540,0.054755
703560,0.268343
703565,1.018887
703640,0.168983
703687,0.036768
703787,0.124289
703815,0.178866
703843,0.002804
703860,0.019081
703924,0.011582
704000,0.007232
704007,0.037124
704100,0.194911
704165,0.33722
704240,0.003068
704265,0.01432
704288,0.070755
704336,0.067812
704415,0.007982
704449,0.008411
704453,0.037256
704469,0.568171
704603,0.03714
704644,0.00054
704721,0.008279
704758,2.335602
704860,0.00025
704865,0.040243
704924,0.082151
705003,0.009161
705078,0.054916
705090,0.013687
705147,0.012437
705165,0.002999
705332,0.012192
705346,0.58503
705403,0.02406
705427,0.049947
705459,0.106331
705482,0.108278
705569,0.019121
705587,0.002012
705663,0.014768
705693,0.030784
705749,0.028154
705763,0.014775
705792,0.060214
705833,0.098684
705959,0.052356
705983,0.004402
706005,0.037402
706099,0.194883
706181,0.046208
706236,0.00738
706277,0.008299
706281,0.184118
706413,0.001899
706436,0.001966
706442,0.012539
706525,0.003315
706540,0.033456
706595,0.129384
706642,0.023023
706685,0.007701
706722,0.02357
706740,0.126471
706855,0.08306
706889,0.229253
706965,0.032278
706998,0.001806
707006,0.196666
707100,0.017304
707109,5.2e-05
707155,0.112055
707162,0.007191
707191,0.043519
707228,0.016348
707295,0.001708
707309,0.016885
707394,0.011071
707406,0.002162
707451,0.022075
707495,0.096275
707502,0.068172
707587,0.030418
707607,0.021393
707707,0.010298
707735,0.039499
707746,0.034844
707767,0.085333
707769,0.019664
707801,0.012644
707816,0.020048
707841,0.584332
707888,0.036216
707895,0.03093
707937,0.005985
707962,0.002973
708028,0.03038
708115,0.006928
708160,0.025087
708295,0.029862
708327,0.027615
708345,0.153473
708415,0.03237
708456,0.009352
708549,0.009284
708563,0.012882
708616,0.004112
708667,0.034635
708715,0.158717
708756,0.592856
708788,0.092124
708820,0.01462
708890,0.119002
708922,0.035124
708945,0.113242
708964,0.033096
708976,0.189856
709097,0.008421
709135,0.047774
709166,0.011867
709218,0.018185
709250,0.03119
709272,0.012899
709371,0.051554
709408,0.019701
709526,0.340276
709545,1.184676
709619,0.034232
709754,0.036508
709775,0.036689
709798,0.029512
709855,0.075138
709880,0.028833
709920,0.013735
709927,0.034967
710059,0.010026
710149,0.023382
710160,0.102384
710252,0.083949
710274,0.075233
710292,0.032629
710317,0.136027
710323,0.113215
710399,0.014306
710456,0.00082
710466,0.006249
710572,0.098375
710631,0.003918
710745,1.319284
710773,0.381174
711085,0.000466
711147,0.021518
711160,0.05428
711193,0.008024
711262,0.006129
711271,0.09023
711332,0.000596
711345,0.001056
711357,0.062142
711358,0.966306
711451,0.000814
711480,0.065127
711497,0.036047
711579,0.03357
711619,0.00941
711652,0.051491
711687,0.126276
711717,0.032168
711758,0.037939
711798,0.061989
711816,0.02668
711940,0.140289
711964,0.086945
712026,0.1227
712038,0.052635
712070,0.081366
712102,0.012631
712136,0.012331
712157,0.019541
712164,0.044328
712245,0.007398
712251,0.025581
712258,0.015887
712332,0.02484
712351,0.094965
712420,0.044536
712440,0.01056
712464,0.00323
712467,0.061643
712493,0.007478
712510,0.027361
712562,0.167612
712591,0.003879
712689,0.073511
712816,0.037883
712864,0.0479
712998,0.031369
713060,0.279903
713113,0.016653
713267,0.001911
713324,0.039846
713351,0.055296
713382,0.015855
713420,0.00405
713464,0.069889
713575,0.02327
713650,0.052903
713655,0.418441
713720,0.087428
713746,0.047491
713763,0.300856
713822,0.003954
713830,0.216402
713901,0.33941
713933,0.014187
713947,0.004186
713992,0.008179
714014,0.033699
714042,0.059301
714078,0.037473
714136,0.620118
714203,0.031175
714221,0.05264
714311,0.004304
714353,0.019479
714370,0.279217
714447,0.004991
714487,0.023952
714516,0.000759
714524,0.014284
714529,0.133283
714543,0.219196
714582,0.012554
714590,0.036754
714661,0.192308
714727,0.05464
714762,0.018132
714844,0.006847
714858,0.009226
714867,0.054352
714976,0.233271
715013,0.01144
715023,0.008442
715065,0.005139
715079,0.026121
715127,0.008897
715130,0.12533
715147,0.066561
715172,0.056479
715204,0.019981
715237,0.020935
715256,0.020437
715283,0.012955
715327,0.024215
715468,0.091472
715499,0.001703
715539,0.068946
715559,0.215584
715560,4.163242
715614,0.033039
715665,0.118008
715780,0.266706
715805,0.010438
715869,0.050452
715939,0.031184
716073,0.002536
716163,3.74095
716255,0.220994
716340,0.017597
716374,0.006248
716427,0.019198
716458,0.004735
716536,0.016604
716623,0.033048
716630,0.034999
716762,0.124825
716764,1.029726
716778,0.002333
716836,0.040938
716865,0.013148
716951,0.012387
716956,0.090354
716996,0.261329
717067,0.133346
717095,0.08811
717118,0.021221
717130,0.042711
717164,0.056438
717194,0.006804
717211,0.02813
717237,0.03431
717253,0.027558
717328,0.005692
717331,1.830296
717361,0.292787
717460,0.322933
717467,1.037531
717502,0.02585
717558,0.134153
717579,0.025315
717632,0.077909
717752,0.029114
717810,0.003944
717916,0.013453
717945,0.038387
717946,0.183253
718181,0.024298
718184,0.035968
718244,0.002983
718253,0.03733
718324,0.024048
718326,2.591822
718372,0.034294
718416,0.004604
718461,0.007011
718483,0.002284
718545,0.036925
718560,0.05274
718642,0.016301
718687,0.045258
718708,0.030513
718780,0.499036
718912,0.045747
718951,0.008403
719008,0.046153
719064,0.017343
719105,0.010093
719145,0.030561
719187,0.028519
719349,0.018324
719391,0.003955
719447,0.000652
719457,0.00221
719463,0.079001
719464,0.005244
719466,0.013529
719552,0.005752
719580,0.053478
719650,0.183957
719699,0.025335
719730,0.005771
719744,0.068244
719745,0.025812
719756,0.049588
719766,0.091124
719867,0.018617
719902,0.113185
719926,0.082082
719937,0.018726
719956,0.465743
719994,0.06803
720002,0.010987
720068,0.017989
720089,0.008986
720102,0.153789
720207,0.001259
720234,0.037916
720337,0.085159
720362,0.042369
720470,0.007963
720484,0.040811
720521,0.048726
720540,0.03558
720612,0.074401
720624,0.069107
720692,0.044558
720724,0.025091
720774,0.20373
720810,0.014095
720878,0.00821
720948,0.019275
720960,0.034207
720987,0.027499
721007,0.005142
721058,0.133175
721139,0.002563
721175,0.089557
721207,0.007624
721260,0.316472
721301,0.007744
721374,0.046575
721471,0.025458
721519,0.017103
721558,0.277336
721622,0.026328
721635,0.06237
721681,0.039232
721719,0.213538
721785,0.016465
721797,0.067956
721820,0.014348
721839,0.243255
721869,0.12694
721897,0.057629
721949,0.001493
721966,0.147877
721976,0.063386
722000,0.047617
722019,0.187317
722068,0.027139
722133,0.032352
722161,0.277011
722213,0.002033
722248,0.102832
722292,0.152347
722375,0.014414
722401,0.004995
722421,0.009136
722425,0.087767
722524,0.04074
722600,0.018758
722669,0.243835
722722,0.083153
722745,0.035105
722756,0.024311
722779,0.109339
722848,0.663434
722905,0.001786
722919,0.118543
722944,0.011719
723056,0.021171
723102,0.075347
723135,0.322088
723181,0.211033
723231,0.009187
723234,0.006424
723345,0.000175
723352,0.025057
723360,0.232772
723381,0.038852
723415,0.0626
723425,0.025857
723436,0.000656
723457,0.001805
723541,0.010375
723597,0.009547
723682,0.007756
723727,0.014665
723728,0.039518
723757,0.042172
723804,0.067862
723820,0.018704
723855,0.125148
723895,0.061014
723933,0.068953
723969,0.04904
724034,0.03053
724047,0.019637
724179,0.002708
724324,0.190235
724351,0.071109
724493,0.066777
724534,0.041604
724557,0.039898
724614,0.044712
724659,0.115156
724685,0.001736
724699,0.015622
724734,0.010624
724759,0.022612
724795,0.062068
724822,0.019077
724887,0.04995
724995,0.013676
725043,0.020225
725083,0.158106
725104,0.024513
725146,0.014692
725161,0.868887
725162,0.545712
725247,0.194751
725281,0.013275
725313,0.014102
725367,0.005989
725397,0.196431
725418,0.005378
725514,0.080988
725546,0.17427
725644,0.003219
725743,0.044451
725757,0.139217
725759,1.077633
725792,0.063304
725862,5.739672
726027,0.047148
726141,0.658683
726197,0.169822
726220,0.005804
726265,0.099715
726294,0.019989
726323,0.570954
726357,0.219301
726383,0.002951
726587,0.017715
726597,0.033696
726608,0.037817
726662,0.011408
726681,0.570295
726728,0.010856
726735,0.114787
726795,0.003436
726820,0.179361
726879,0.010686
726920,0.000167
726924,0.119949
726946,0.092124
727255,0.113979
727287,0.042757
727328,0.038343
727347,0.009456
727379,0.039643
727415,0.021097
727561,0.002855
727566,0.024408
727600,0.103636
727651,0.00602
727655,0.010396
727681,0.05489
727716,0.012486
727763,0.031219
727772,0.032074
727799,0.010592
727845,0.090928
727955,0.039307
727996,0.018561
728044,0.002198
728056,0.0099
728108,0.006979
728120,0.002474
728134,0.565473
728163,2.234219
728211,0.012458
728227,0.031792
728287,0.002596
728497,0.016923
728586,0.034111
728630,0.042786
728644,0.011164
728754,0.030353
728761,0.151721
728764,5.561171
728840,0.045675
728884,0.051856
728893,0.01666
728911,0.007821
728931,0.068395
728939,0.010429
729011,0.034522
729058,0.1871
729115,0.003033
729126,0.001167
729151,0.121089
729168,0.090761
729195,0.023018
729228,0.008101
729285,0.034048
729453,2.607943
729517,0.015194
729622,0.093377
729739,0.22374
729769,0.242726
729922,0.124595
729957,0.002788
729970,0.055643
729994,0.005005
730029,0.014946
730087,0.030394
730119,0.09163
730154,0.263927
730224,0.034553
730265,0.008016
730279,0.053359
730339,0.015304
730359,0.004324
730415,0.155939
730508,0.037358
730539,0.037988
730558,0.058066
730569,0.10249
730595,0.001351
730674,0.039572
730735,0.038936
730793,0.217286
730822,0.037126
730843,0.022813
730890,0.004972
730898,0.004687
730995,0.016266
731045,0.001399
731063,0.012453
731080,0.061542
731142,0.022679
731157,0.004624
731165,4.025135
731217,0.09846
731302,0.010451
731409,0.02217
731417,0.004463
731530,0.022723
731545,0.229101
731601,0.156287
731617,0.054675
731692,0.00436
731733,0.041118
731741,0.018625
731759,0.020032
731780,0.030162
731801,0.538785
731958,0.009215
732022,0.07376
732033,0.0438
732088,0.007278
732179,0.01724
732282,0.125891
732301,0.01994
732352,0.024017
732407,0.012448
732410,0.01876
732457,0.055575
732475,0.018494
732503,0.086679
732519,0.000177
732538,0.022029
732560,0.139946
732612,0.024924
732645,0.001958
732724,0.008588
732773,0.046374
732801,0.297543
732881,0.006271
732899,0.063098
732935,0.006328
732959,0.007862
732964,0.153285
733227,0.083606
733270,0.000305
733300,0.030288
733377,0.010592
733405,0.001907
733438,0.0255
733471,0.103134
733491,0.002183
733528,0.112369
733556,0.069073
733587,0.057845
733616,0.101224
733701,0.021038
733725,0.026342
733780,0.044887
733843,0.005365
733927,0.063179
733938,0.141685
733978,0.024692
733998,0.003885
734008,0.017348
734018,0.012543
734038,0.2029
734058,0.078778
734078,0.204566
734088,0.114682
734098,0.164162
734118,0.605523
734148,0.304932
734157,0.527673
734165,0.016915
734167,9.336427
734208,0.429709
734228,0.298818
734258,0.241807
734268,0.788306
734278,0.304769
734298,4.812723
734348,0.198209
734358,0.503315
734388,0.122835
734478,0.003092
734489,0.009823
734579,0.033913
734607,1.062597
734656,0.322064
734741,0.259796
734756,0.041844
734772,0.131043
734848,0.069876
734901,0.027683
734953,0.013468
734967,0.022669
734995,0.057285
735003,0.000197
735020,0.204346
735109,0.00408
735152,0.004916
735170,0.00749
735213,0.007714
735252,0.024491
735294,0.021664
735324,0.02568
735364,0.273597
735368,1.344657
735415,0.024208
735507,0.040332
735552,0.083296
735672,0.087033
735708,0.008076
735719,0.054764
735748,0.080373
735782,0.000518
735880,0.02253
735928,0.013439
735959,0.132562
736080,0.028964
736109,0.008296
736128,0.012625
736180,0.063073
736198,0.01951
736203,0.027388
736280,0.002112
736311,0.010367
736407,0.020968
736414,0.010709
736448,0.073254
736558,0.49277
736565,0.00629
736593,0.221338
736641,0.004228
736719,0.009578
736736,0.002409
736745,0.004398
736778,0.031973
736789,0.0352
736839,0.039622
736891,0.056221
736933,0.008944
736966,0.005942
736967,0.026606
737011,0.009804
737035,0.009542
737049,0.009663
737081,0.003301
737098,0.055415
737125,0.226281
737165,0.049615
737201,0.003048
737207,0.011024
737324,0.090379
737390,0.002366
737427,0.055437
737484,0.009963
737637,0.007081
737657,0.001912
737705,0.040827
737756,0.02067
737768,0.012045
737775,0.00932
737782,0.064941
737816,0.038222
737840,0.254055
737919,0.046582
737951,0.024379
737969,0.045888
737974,0.058731
738016,0.035289
738050,0.006604
738183,0.00888
738229,0.195628
738247,0.057856
738275,0.135133
738292,0.004499
738329,0.090994
738346,0.251277
738363,0.403479
738407,0.010168
738639,0.032125
738697,0.000146
738729,0.007229
738748,0.015718
738776,0.016784
738804,0.021794
738849,0.020997
738919,0.009775
738945,0.022741
738951,0.035721
738964,0.270107
739002,0.049915
739028,0.010676
739052,0.023188
739127,0.028654
739139,0.015684
739164,0.055684
739176,0.428784
739245,0.116405
739401,0.17769
739435,0.236679
739468,0.044169
739498,0.00251
739515,0.026584
739560,0.046028
739639,0.091808
739667,0.00818
739676,0.034265
739733,0.024606
739798,0.015438
739839,0.012444
739864,0.100296
739875,0.158169
739889,0.11368
739910,0.314493
739964,0.033359
739975,0.015304
740027,0.006612
740046,0.033419
740069,0.035783
740288,0.063874
740371,0.034607
740400,0.052657
740408,0.019024
740443,0.002442
740468,0.020571
740640,0.005247
740672,0.060609
740750,0.010873
740764,0.020314
740771,0.015844
740856,0.011583
740896,0.074657
740971,0.054125
740997,0.004027
741036,0.039666
741131,0.006415
741171,0.018342
741177,0.027112
741229,0.019533
741237,0.034141
741306,0.056822
741315,0.045821
741364,0.034326
741430,0.325877
741504,0.098115
741552,0.000744
741561,0.00856
741618,0.018962
741650,0.034046
741652,0.145065
741721,0.00918
741754,0.011814
741757,0.197855
741777,0.008951
741800,0.001417
741858,0.006141
741907,0.000664
741961,0.03079
741973,0.1731
742032,0.113116
742142,0.004605
742184,0.112979
742219,0.096812
742358,0.036396
742380,0.023548
742416,0.031253
742481,0.007541
742561,0.010403
742580,0.126264
742638,0.009412
742684,0.049368
742726,0.044062
742777,0.04242
742846,0.043816
742956,0.061848
742962,0.011101
743033,0.023878
743077,0.076561
743112,0.259346
743163,0.095136
743168,0.689472
743276,0.29516
743325,0.042649
743332,0.100375
743422,0.021791
743571,0.002561
743586,0.008841
743624,0.191394
743669,0.060768
743728,0.016883
743768,0.192532
743874,0.148242
744018,0.001389
744047,0.020035
744103,0.079809
744164,0.046928
744293,0.227862
744351,0.08595
744403,0.005846
744410,0.015686
744425,0.306083
744477,0.035947
744481,0.009705
744513,0.075211
744528,0.00913
744542,0.07342
744562,0.107581
744587,0.143559
744600,0.242403
744625,0.057691
744635,0.238096
744649,0.257874
744686,0.677677
744721,0.023112
744770,0.03451
744800,0.006297
744825,0.105533
744867,0.01226
744902,0.013044
744951,0.299468
744961,0.055087
744967,0.11249
744989,0.233284
745003,0.128855
745029,0.509735
745034,0.280637
745055,0.211194
745060,0.006989
745077,0.0602
745114,0.140899
745159,0.010165
745179,0.051088
745255,0.031304
745265,0.405573
745301,0.442245
745306,0.022933
745403,0.228228
745480,0.067947
745536,0.027712
745539,0.00654
745564,0.068444
745565,0.998597
745602,0.025665
745656,0.033954
745680,0.17111
745788,0.074543
745804,0.31042
745822,0.012807
745849,0.18646
745871,0.055752
745900,0.009235
745944,0.002849
745965,0.078627
746021,0.00229
746022,0.502447
746081,0.348509
746148,0.022928
746189,0.500859
746251,0.202325
746263,0.136979
746320,0.011267
746350,0.172947
746359,0.599703
746440,0.286688
746530,0.02057
746553,0.169453
746687,0.038434
746756,3.2906
746821,0.00144
746824,0.089185
746867,0.632736
746898,0.439127
746990,0.061012
746999,0.463434
747050,0.281943
747093,0.036491
747095,0.006411
747124,0.029602
747158,0.043382
747160,0.220787
747194,0.088382
747217,0.02202
747237,0.135999
747283,0.03084
747312,0.067558
747345,0.033304
747348,0.084313
747363,0.101907
747366,0.067939
747380,0.055493
747444,0.021004
747454,0.023911
747512,0.037062
747547,0.072348
747595,0.044013
747655,0.006906
747677,0.011026
747743,0.033463
747756,0.979182
747893,0.145554
748061,0.011531
748103,0.137724
748183,0.023653
748213,0.017704
748242,0.016862
748258,0.03145
748273,0.016702
748308,0.002714
748314,0.00436
748349,0.115093
748397,0.018644
748435,0.009275
748441,0.001053
748455,0.015451
748509,0.014422
748557,0.161161
748654,0.036755
748663,0.030664
748675,0.017465
748731,0.037687
748756,0.217178
748830,0.030866
748897,0.021238
748908,0.000876
748976,0.045343
749024,0.006246
749044,0.03335
749064,0.05917
749157,0.058012
749168,0.024924
749204,0.097698
749221,0.052105
749275,0.017029
749304,0.024702
749327,0.036459
749338,0.040184
749450,0.088669
749497,0.002533
749526,0.290856
749632,0.013985
749667,0.075717
749745,0.045831
749756,0.173866
749760,1.135979
749827,0.000256
749828,0.03789
749841,0.003654
749860,0.054714
749975,0.021144
749988,0.102097
750047,0.042885
750075,0.001357
750106,0.023238
750108,0.075286
750140,0.065507
750240,0.037683
750264,0.024345
750268,0.015563
750274,0.046705
750388,0.018863
750464,0.013387
750524,0.103615
750554,0.057919
750627,0.010067
750676,0.009708
750708,0.008138
750754,0.128433
750773,0.018239
750808,0.072291
750820,0.044141
750886,0.039102
750903,0.026332
750936,0.002789
750963,0.004743
751048,0.024803
751096,0.039284
751112,0.016779
751187,0.014597
751200,0.013615
751280,0.113941
751340,0.022353
751394,0.011164
751422,0.234144
751469,0.141392
751557,0.716943
751587,0.100627
751647,0.063462
751727,0.133529
751734,0.199476
751794,0.001728
751798,0.044209
751838,0.022192
751891,0.032381
751977,0.83778
752014,0.090812
752044,0.020985
752104,0.014705
752160,0.499592
752173,0.029185
752239,0.022852
752258,0.011609
752298,0.110794
752417,0.0143
752423,0.018791
752428,0.032979
752480,0.03772
752487,0.009199
752517,0.026223
752567,0.002633
752698,0.0018
752760,0.658507
752885,0.024085
752967,0.022896
753032,0.001039
753101,0.063192
753153,0.336962
753202,0.004998
753210,0.040802
753356,0.033163
753359,0.107482
753365,2.244821
753457,0.024061
753513,0.115155
753567,0.038052
753634,0.003373
753667,0.018761
753685,0.042212
753768,0.036444
753781,0.030065
753799,0.060714
753860,0.029875
753875,0.031909
753906,0.032547
753947,0.05086
753960,0.075146
753999,0.036167
754046,0.034254
754048,8e-06
754145,0.004961
754168,0.108238
754187,0.001606
754206,0.116906
754295,0.037198
754354,0.102254
754443,0.010519
754473,0.044463
754545,0.002867
754552,0.00776
754566,0.068242
754648,0.027537
754685,0.087909
754728,0.013028
754854,0.059301
754861,0.008296
754977,0.044429
754987,0.836599
755091,0.018765
755159,0.06175
755167,0.172042
755305,0.004907
755317,0.019312
755376,0.074088
755420,0.005019
755447,0.004163
755457,0.004206
755485,0.018361
755525,0.117353
755642,0.031467
755665,0.045639
755746,0.001667
755761,4.060816
755832,0.069327
755860,0.066817
755947,0.007388
756051,0.046677
756099,0.107772
756148,0.334735
756181,0.175443
756208,0.020777
756263,0.047409
756327,0.011045
756345,0.010046
756360,0.014707
756362,0.115735
756396,0.054783
756421,0.057534
756439,0.007702
756460,0.008217
756475,0.054962
756549,0.082831
756607,0.123437
756679,0.109649
756720,0.005308
756734,0.123677
756920,0.019103
756954,0.018308
757035,0.056065
757121,0.007037
757172,0.031128
757220,0.070632
757309,0.029781
757317,0.009378
757359,0.029094
757387,0.030801
757389,0.003348
757479,0.010142
757489,0.010555
757529,0.080499
757549,0.000548
757557,0.010479
757589,0.278022
757609,0.143945
757619,0.051541
757649,0.139965
757679,0.12223
757729,0.032371
757739,0.149824
757749,0.443516
757779,0.00782
757789,0.403669
757799,0.186473
757809,0.110076
757829,0.091678
757839,0.777007
757859,0.086444
757869,0.053384
757879,0.084956
757889,0.211298
757909,0.536629
757919,0.337179
757929,0.343712
757939,0.256948
757949,0.176038
757959,0.194543
757969,0.285778
757989,0.462316
757999,0.352859
758019,0.276116
758029,0.660808
758039,0.095769
758059,0.233296
758069,0.363841
758089,0.373342
758099,0.657076
758109,0.617812
758129,0.268764
758139,0.380268
758149,0.253221
758169,0.341861
758179,0.316722
758189,0.63468
758209,0.407474
758229,0.961691
758259,0.332906
758269,0.677705
758329,0.603919
758407,0.004243
758431,0.045235
758438,0.024184
758476,0.027112
758518,0.000402
758552,0.098878
758634,0.009843
758657,0.012955
758758,0.320036
758760,0.069883
758819,0.005086
758926,0.004842
758932,0.07699
758947,0.022203
758981,0.001244
759104,0.157334
759180,0.00243
759207,0.009522
759218,0.003894
759267,0.008866
759286,0.019623
759335,0.007208
759348,0.018317
759357,4.391038
759382,0.215235
759453,0.003472
759470,0.038455
759489,0.089966
759494,0.066095
759524,0.052229
759551,0.012341
759626,0.009229
759669,0.017494
759725,0.003746
759766,0.136753
759800,0.013488
759869,0.000803
759895,0.022626
759916,0.034989
759962,0.15747
759969,0.828981
760028,0.009032
760039,0.100338
760081,0.03296
760181,0.014917
760322,0.100298
760420,0.158178
760556,0.00104
760568,0.187235
760625,0.416989
760724,0.038586
760744,0.075615
760779,0.120166
760855,0.056609
760898,0.14229
760911,0.196156
761074,0.000129
761155,0.272106
761222,0.045464
761248,0.027037
761316,0.444207
761350,0.002405
761360,0.043599
761410,0.069897
761511,0.219019
761621,0.018026
761635,0.002412
761745,0.014309
761746,0.06229
761757,0.136043
761765,0.323961
761896,0.040087
761940,0.011466
762002,0.023539
762065,0.22131
762095,0.030327
762105,0.198577
762179,0.008388
762195,0.006105
762283,0.005047
762289,0.001719
762308,0.006595
762320,0.000363
762360,0.114369
762424,0.001268
762508,0.024264
762542,0.02808
762601,0.006024
762606,0.013507
762649,0.000123
762670,0.007108
762736,0.004387
762771,0.005489
762785,0.066737
762881,0.001095
762920,0.057815
762943,0.009904
762958,0.06422
762981,0.485102
763000,0.0641
763010,0.007479
763076,0.17765
763084,0.791341
763123,0.29411
763211,0.077905
763295,6.3e-05
763298,0.020112
763362,0.025455
763387,0.14537
763402,0.046751
763432,0.377504
763523,0.020054
763561,0.011967
763563,0.130622
763591,0.088535
763635,0.107542
763838,0.039151
763900,0.053526
763963,0.018928
764125,0.008493
764143,0.058142
764163,0.005739
764169,0.205694
764195,0.075155
764210,0.021864
764324,0.016417
764359,0.02961
764366,0.076539
764431,0.013807
764450,0.006754
764537,0.0052
764544,0.055643
764598,0.036505
764680,0.004805
764757,0.242578
764769,0.021036
764917,0.006381
764922,0.043705
765039,0.000868
765080,0.709429
765117,0.270374
765242,0.010726
765263,0.166386
765446,0.059808
765458,0.047703
765505,0.037284
765539,0.219616
765575,0.049514
765590,0.043486
765651,0.009209
765729,0.01551
765815,0.02155
765945,0.198374
766013,0.05937
766116,0.300348
766142,0.075892
766181,0.362657
766307,0.042454
766336,0.03451
766379,0.010773
766381,0.000635
766461,0.00296
766470,0.002175
766539,0.012768
766548,0.01122
766665,0.008537
766723,0.049329
766801,0.012819
766818,0.025315
766876,0.010466
766919,0.006665
767047,0.001325
767125,0.045869
767173,0.033396
767209,0.085326
767260,0.074632
767291,0.015977
767384,0.030961
767484,0.007837
767593,0.043341
767636,0.017126
767665,0.013922
767702,0.045483
767745,0.006436
767759,2.015487
767808,0.164351
767815,0.027089
767845,0.109608
767875,0.721721
767917,0.003193
767972,0.037538
767979,0.021424
768027,0.01141
768039,0.029307
768092,0.056615
768119,0.026502
768173,0.012813
768189,0.018847
768288,0.010537
768372,0.00396
768376,0.057831
768418,0.037039
768468,0.033341
768515,0.008516
768605,0.05289
768677,0.015958
768719,0.084648
768764,0.126334
768794,0.04698
768877,0.003783
768928,0.006853
768945,0.071515
768960,0.020616
768967,0.143345
769008,0.090226
769023,0.200998
769061,0.003033
769090,0.010753
769139,0.006664
769226,0.017358
769271,0.00879
769304,0.007376
769403,0.051357
769419,0.011997
769507,0.012736
769545,0.449312
769561,0.213991
769572,0.085792
769609,0.002454
769629,0.005973
769693,0.051735
769697,0.172223
769739,0.015371
769750,0.00404
769783,0.003764
769799,0.013874
769838,0.012614
769917,0.021458
769964,0.020711
769990,0.006253
770023,0.005745
770140,0.00038
770160,0.050378
770207,0.005894
770287,0.057282
770314,0.05214
770398,0.002725
770447,0.032574
770501,0.025224
770527,0.003906
770555,0.117112
770599,0.014546
770602,0.002182
770618,0.009307
770727,0.015704
770757,0.000214
770773,0.8286
770929,0.006754
770965,0.07459
771058,0.001101
771076,0.014914
771080,0.077946
771123,0.013702
771132,0.010214
771165,0.007782
771178,0.113487
771185,0.005695
771276,0.048325
771304,0.235073
771335,0.012193
771357,0.126719
771441,0.05838
771456,0.018029
771480,0.221113
771544,0.035312
771547,0.057981
771612,0.010598
771663,0.02264
771744,0.024408
771778,0.04544
771798,0.078557
771815,0.056851
771907,0.004975
771916,0.032699
771938,0.008038
772044,0.03622
772069,0.07572
772164,0.017009
772266,0.017491
772282,0.017243
772339,0.011092
772366,0.092035
772495,0.01032
772545,0.041145
772560,0.184067
772723,0.086787
772909,0.071099
772932,0.031024
773082,0.0158
773108,0.018699
773115,0.675516
773159,0.028889
773165,0.006618
773176,0.104318
773440,0.01622
773539,0.270288
773557,0.056288
773635,0.024589
773683,0.020868
773717,0.021109
773744,0.012747
773760,0.059644
773808,0.490059
773816,0.36168
773868,0.052751
773885,0.007044
773889,0.317542
773975,0.007505
774045,0.006402
774121,0.017865
774173,0.025697
774253,0.107277
774281,0.03435
774345,0.042253
774364,0.166106
774407,0.062264
774480,0.07958
774510,0.00495
774553,0.022926
774730,1.924711
774964,0.08261
775009,0.020659
775024,0.023208
775054,0.005786
775127,0.024678
775170,0.005007
775218,0.006999
775232,0.014134
775299,0.02042
775369,0.048424
775440,0.008964
775443,0.024921
775545,0.066082
775565,1.431902
775664,0.054389
775716,0.170214
775811,0.002043
775855,0.006834
775869,0.050153
775895,0.003662
775924,0.252476
775974,0.006852
776043,0.002262
776073,0.010303
776158,0.019639
776163,0.10938
776181,0.034719
776303,0.002012
776330,0.015039
776411,0.000351
776434,0.009689
776468,0.012362
776549,0.008258
776596,0.064195
776655,0.025952
776693,0.073636
776705,0.013045
776761,0.059598
776783,0.027034
776821,0.000737
776859,0.10579
776973,0.016041
777101,0.032515
777118,0.009548
777223,0.013741
777319,0.00587
777367,0.034154
777427,0.005988
777436,0.055583
777447,0.187584
777507,0.019776
777553,0.029923
777570,0.043362
777735,0.039977
777785,0.05833
777814,0.050412
777846,0.092405
777886,0.039708
777895,0.030454
777898,1.245362
777948,0.034962
778007,0.039157
778020,0.074379
778111,0.042975
778126,0.015574
778143,0.150441
778215,0.032292
778284,0.083494
778305,0.063887
778351,0.01477
778416,0.024729
778531,0.114223
778549,0.000946
778568,0.002818
778592,0.038367
778675,0.046812
778705,0.071824
778790,0.083321
778842,0.001807
778865,0.114471
778925,0.027316
778990,0.026023
779033,0.006209
779143,0.040121
779146,0.039339
779148,0.032132
779200,0.007554
779230,0.028024
779285,0.415244
779319,0.055209
779330,0.277057
779377,0.012029
779428,0.014281
779453,0.010243
779482,0.004053
779530,0.000806
779635,0.054666
779695,0.025216
779716,0.006489
779750,0.003533
779773,0.052403
779774,0.031365
779869,0.008264
779958,0.009846
780080,0.007277
780113,0.020013
780138,0.000182
780152,0.856671
780192,0.025967
780249,0.014899
780267,0.004176
780290,0.00847
780365,1.923977
780420,0.693459
780487,0.001929
780540,0.029966
780546,0.110533
780600,0.022948
780642,0.110513
780767,0.056199
780903,0.093945
780928,0.034819
780935,0.021125
780946,0.033381
780960,2.098242
781048,0.035139
781161,0.013509
781189,0.024156
781207,0.001734
781215,0.016316
781252,0.031203
781299,0.014632
781319,0.019619
781340,0.049279
781420,0.065442
781447,0.002182
781527,0.0092
781559,0.024626
781565,0.496971
781622,0.009849
781645,0.121215
781714,0.01683
781745,0.0042
781766,0.009064
781770,0.010018
781782,1.246145
781834,0.047538
781857,0.019204
781940,0.087807
781947,0.181523
781992,0.02244
782021,0.029912
782037,0.005641
782093,0.002684
782108,0.027218
782156,0.080953
782158,0.132753
782215,0.010499
782257,0.026758
782296,0.082512
782315,0.043753
782443,0.040293
782495,0.00854
782507,0.028254
782547,0.014557
782624,0.038831
782699,0.023352
782756,0.024141
782759,0.178961
782769,0.001639
782797,0.014156
782843,0.022995
782867,0.09987
782883,0.060775
782913,0.570802
782940,0.021551
782983,0.016321
782987,0.001723
783016,0.033351
783044,0.009702
783072,0.02693
783079,0.066451
783115,0.056696
783144,0.001592
783147,0.109985
783221,0.017691
783270,0.092384
783328,0.075216
783419,0.395699
783466,0.016877
783484,0.102663
783600,0.003276
783623,0.043024
783630,0.04997
783644,0.001929
783718,0.091208
783742,0.018328
783818,0.140492
783866,0.024965
783929,0.007262
783962,0.021926
784097,0.023673
784156,0.02805
784165,0.152703
784214,0.031596
784227,0.010804
784267,0.027907
784311,0.004901
784444,0.010853
784487,0.023724
784629,0.039104
784651,0.004404
784659,0.041692
784807,0.020003
784833,0.090016
784840,0.145294
784883,0.043431
784904,0.038756
784943,0.007577
785002,0.001061
785048,0.04979
785062,0.002108
785107,0.00198
785120,0.014126
785159,0.027205
785162,0.102719
785197,0.066017
785223,0.007992
785245,0.023557
785262,0.013267
785372,0.000209
785407,0.046142
785445,0.015332
785634,0.013353
785639,0.027873
785745,0.002745
785748,0.065154
785810,0.062166
785905,0.084887
785917,0.002916
785979,0.000892
786022,0.000509
786036,0.019945
786067,0.067849
786094,0.002048
786205,0.029326
786315,0.004323
786345,0.138084
786357,0.276676
786448,0.060374
786507,0.005605
786527,0.001198
786548,0.003492
786574,0.009657
786599,0.007277
786765,0.001097
786813,0.002169
786865,0.050187
786889,0.023651
786920,0.019385
786941,0.036027
786945,0.021754
786965,0.206928
787060,0.077072
787092,8.7e-05
787131,0.031197
787276,0.00164
787297,0.090707
787356,0.064617
787406,0.016022
787467,0.01585
787486,0.018074
787545,0.073096
787565,1.723975
787606,0.24639
787662,0.065367
787716,0.022807
787760,0.059131
787839,0.010115
787861,0.341544
787905,0.112733
787921,0.050974
787953,0.01345
787969,0.131615
788069,0.028217
788145,1.700605
788201,0.031435
788235,0.067835
788388,0.033006
788400,0.011325
788435,0.393196
788520,0.016801
788553,0.008951
788759,0.098542
788773,0.024792
788801,0.000795
788893,0.007877
788982,0.013562
789067,0.07606
789120,0.004123
789219,0.107873
789262,0.010842
789294,0.036582
789357,0.094793
789374,0.009343
789383,0.121733
789478,0.013664
789575,0.097598
789656,0.013205
789731,0.452195
789769,0.026874
789897,0.005553
789906,0.018111
789969,0.057546
790053,0.030877
790160,0.059243
790167,0.019259
790209,0.007631
790227,0.031484
790324,0.004456
790353,0.013925
790368,0.038989
790425,0.002446
790427,0.027197
790471,0.154379
790515,0.029563
790528,0.001042
790545,0.015349
790563,0.070659
790613,0.002802
790639,0.021056
790695,0.013843
790816,0.008061
790884,0.02711
790977,0.109681
791085,0.004651
791157,0.011219
791158,0.144252
791199,0.034699
791239,0.013399
791253,0.013013
791330,0.060724
791381,0.04051
791432,0.024362
791460,0.005449
791558,0.026686
791670,0.001032
791676,0.063111
791747,0.070315
791758,0.154694
791776,0.000486
791787,0.000565
791928,0.002638
791947,0.06625
791986,0.031833
792011,0.058837
792065,0.045326
792135,0.03086
792179,0.012306
792216,0.0919
792316,0.036963
792365,0.074834
792420,0.000921
792566,0.029124
792681,0.00888
792699,0.012474
792818,0.023271
792867,0.014764
792871,0.013814
792945,0.173709
792958,0.022303
792963,0.844271
793011,0.430269
793073,0.028221
793173,0.030712
793280,0.05442
793324,0.02123
793441,0.024057
793480,0.018163
793484,0.055926
793489,0.201375
793534,0.040564
793563,0.121121
793642,0.002057
793685,0.043114
793724,0.113712
793823,0.019598
793896,0.035917
793915,0.008578
793919,0.075091
794088,0.039807
794126,0.0084
794127,0.051103
794156,0.025668
794221,0.004731
794239,0.038006
794330,0.046508
794398,0.011417
794419,0.01522
794461,0.024564
794512,0.008461
794565,0.060928
794601,0.019265
794630,0.022082
794638,0.046085
794688,0.035156
794755,0.079054
794762,0.014979
794825,0.017261
794887,0.007097
794920,0.005617
794930,0.072102
795054,0.09568
795092,0.08467
795129,0.026681
795192,0.566292
795232,0.005695
795295,0.013239
795331,0.0171
795335,0.019697
795361,0.144677
795412,0.032861
795446,0.932903
795492,0.000166
795511,0.034993
795598,0.180694
795664,0.034005
795697,0.000757
795703,0.836524
795743,0.08854
795864,0.017513
795879,0.001134
795909,0.023484
795939,0.015762
795949,0.016877
795989,0.089846
795999,0.058127
796019,0.04349
796039,0.160437
796049,0.019167
796057,0.186248
796069,0.007757
796079,0.05651
796099,0.068075
796119,0.494338
796149,0.146605
796159,0.092439
796179,0.090521
796199,0.212244
796219,0.232659
796229,0.277081
796239,0.050825
796269,0.27731
796279,0.328913
796299,0.341322
796309,0.48232
796329,0.078642
796359,0.356453
796369,0.050355
796389,0.430673
796439,0.032472
796449,0.042257
796545,0.250334
796581,0.042043
796708,0.035717
796800,0.015551
796959,0.292297
796970,0.033097
797000,0.097443
797114,0.457555
797168,0.080672
797169,0.103302
797255,0.017172
797266,0.002314
797358,0.050941
797380,0.025686
797458,0.04252
797543,0.009909
797693,0.029902
797709,0.026162
797757,0.022202
797855,0.032098
797957,0.004255
798081,0.009148
798123,0.003876
798165,0.049483
798220,0.070099
798244,0.034
798321,0.059468
798329,0.004414
798348,0.018351
798364,0.036867
798389,0.009615
798516,0.045294
798533,0.1037
798608,0.090431
798632,0.029844
798766,0.017944
798791,0.017205
798844,0.161768
798908,0.151765
798945,0.381741
798984,0.071834
799091,0.020656
799136,0.00602
799190,0.003681
799198,0.418641
799231,0.085553
799244,0.040509
799296,0.003234
799310,0.021533
799367,0.002952
799395,0.032374
799408,0.014673
799433,0.005927
799546,0.049317
799557,0.005976
799559,0.23747
799656,0.108298
799696,0.044735
799811,0.03755
799872,0.01891
799966,0.084416
800040,0.056818
800061,0.027033
800100,0.071494
800163,0.192261
800203,0.012669
800224,0.077124
800286,0.087872
800309,0.00503
800360,0.165705
800440,0.026133
800496,0.006787
800507,0.017658
800628,0.029656
800691,0.012344
800693,0.010458
800732,0.098472
800737,0.070775
800762,0.499863
800771,0.005144
800844,0.026006
800867,0.055717
800875,0.114582
800924,0.003532
801001,0.025135
801125,0.002873
801200,0.004297
801276,0.212017
801354,0.12346
801359,0.090386
801408,0.010787
801501,0.009143
801535,0.146001
801651,0.003636
801769,0.015655
801798,0.337093
801860,0.125447
801958,0.021993
801985,0.066717
802032,0.008686
802110,0.007558
802129,0.048058
802195,0.004417
802297,0.042027
802441,0.056734
802446,0.01213
802499,0.010467
802545,0.013032
802556,0.002822
802575,0.351207
802676,0.025765
802751,0.006501
802905,0.025348
803023,0.002808
803083,0.005244
803157,0.078612
803221,0.015632
803245,0.009856
803379,0.020696
803465,0.008037
803504,0.022168
803576,0.032096
803618,0.001928
803674,0.038975
803708,0.000315
803757,0.026952
803789,0.052492
803879,0.029719
803947,0.000197
804027,0.027735
804071,0.040448
804092,0.000859
804093,0.005657
804154,0.814919
804238,0.029204
804301,0.005178
804330,0.04393
804344,0.002459
804365,0.101972
804371,0.971935
804484,0.008903
804499,0.001885
804524,0.412879
804576,0.016893
804631,0.106983
804662,0.004132
804670,0.006049
804873,0.140067
804908,0.028529
804930,0.121582
804958,0.065317
804963,0.002491
805014,0.057553
805093,0.024539
805144,0.001263
805204,1e-06
805271,0.020243
805345,0.001927
805353,0.100299
805531,0.059351
805562,0.017195
805611,0.044051
805752,0.027639
805797,0.035035
805860,0.046118
805940,0.055969
805976,0.038667
806050,0.053241
806130,0.053242
806157,0.035696
806160,0.012887
806197,0.151762
806240,0.140107
806312,0.048764
806349,0.017095
806475,0.022335
806576,8.9e-05
806618,0.0078
806741,0.00738
806759,0.409266
806764,0.705148
806806,0.081902
806987,0.003912
807099,0.016753
807143,4.9e-05
807200,0.022415
807253,0.028623
807271,0.0178
807293,0.04879
807321,0.004274
807337,0.064302
807355,0.00616
807379,0.044079
807436,0.036516
807480,0.043465
807510,0.011019
807560,0.010322
807564,0.13177
807617,0.016516
807680,0.04652
807781,0.007929
807873,0.026947
807907,0.013761
807932,0.04045
807946,0.124293
807960,2.033843
808044,0.032126
808059,0.070084
808068,0.135813
808119,0.084034
808182,0.03877
808244,0.003292
808361,0.001666
808368,0.016879
808437,0.02114
808484,0.041874
808546,0.018566
808561,1.927109
808611,0.041237
808640,0.055606
808830,0.143746
808887,0.031845
808901,0.010516
808906,0.251687
808928,0.046252
809036,0.093136
809127,0.00192
809157,0.04396
809163,1.568112
809217,0.016899
809325,0.057432
809396,0.030272
809556,0.017149
809594,0.063593
809630,0.064064
809687,0.005068
809752,0.108741
809762,0.76804
809898,0.018292
809937,0.002281
810012,0.06343
810032,0.336931
810105,0.000714
810273,0.014041
810277,0.061516
810357,0.019943
810359,0.626054
810435,0.02267
810484,0.003964
810488,0.012563
810526,0.015485
810556,0.060382
810592,0.006535
810686,0.00182
810718,0.068393
810789,0.002908
810797,0.279541
810829,0.029866
810958,0.016277
811001,0.038534
811159,0.009805
811164,0.0439
811224,0.014141
811464,0.029207
811557,0.286897
811655,0.067459
811668,0.017041
811716,0.124578
811788,0.035079
811888,0.014286
811897,0.128427
811941,0.005043
811942,0.004305
812055,0.023118
812095,0.004977
812101,0.052204
812188,0.097353
812202,0.074323
812227,0.024733
812295,0.086277
812324,0.003418
812365,0.092108
812387,0.026472
812408,0.144411
812427,0.028109
812468,0.21686
812505,0.039075
812611,0.002945
812681,0.012592
812723,0.001454
812746,0.048749
812762,0.059608
812812,0.058632
812827,0.041753
812865,0.000927
812872,0.104194
812893,0.147403
812972,0.007631
812999,0.005897
813015,0.272117
813080,0.058944
813265,0.022109
813270,0.018391
813300,0.041801
813325,0.05655
813345,0.040416
813361,0.001343
813365,1.3341
813517,0.013759
813525,0.139637
813588,0.022737
813612,0.020352
813656,0.159539
813765,0.006178
813785,0.093063
813831,0.001001
813841,0.024558
813853,0.009834
813953,0.015164
813957,0.122129
814032,0.01033
814064,0.14272
814113,0.013574
814128,0.164024
814256,0.050165
814295,0.027593
814341,0.004241
814347,0.029721
814419,0.022509
814471,0.204146
814496,0.018833
814505,0.004032
814517,0.012815
814545,0.143456
814557,0.296489
814634,0.006539
814681,0.003441
814720,0.020302
814742,0.016855
814816,0.066021
814884,0.046322
814924,0.034687
814988,0.035735
815076,0.007877
815150,0.056009
815165,0.240999
815168,0.017017
815191,0.082429
815443,0.029498
815536,0.001934
815587,0.038843
815624,0.005669
815679,0.002956
815745,0.029818
815759,0.046364
815764,0.414844
815927,0.00121
816027,0.132454
816101,0.067991
816156,0.061735
816161,0.073395
816209,0.015246
816308,0.020661
816332,0.018414
816345,0.094119
816351,0.006524
816401,0.122423
816505,0.040377
816551,0.067289
816597,0.043174
816825,0.027218
816885,0.058348
816932,0.012387
816946,0.17055
816967,0.125209
816994,0.033603
817085,0.024596
817105,0.053316
817126,0.026094
817216,0.011523
817260,0.016952
817278,0.010968
817333,0.297284
817365,0.08498
817379,0.004935
817433,0.072138
817525,0.014493
817543,0.006276
817557,0.126014
817559,0.002506
817569,0.06354
817622,0.032523
817749,0.098614
817785,0.007011
817812,0.032085
817817,0.004112
817827,0.018058
817859,0.029774
817965,0.025695
818031,0.022851
818078,0.012611
818112,0.011542
818141,0.003547
818155,0.044126
818170,0.018732
818202,0.018412
818216,0.010242
818230,0.000931
818255,0.010195
818290,0.058636
818372,0.025451
818449,0.004415
818474,0.051184
818494,0.055578
818563,0.154239
818634,0.034812
818760,0.11356
818773,0.0842
818814,0.007819
818820,0.514368
818900,0.04471
818969,0.012409
819001,0.020043
819047,0.272999
819088,0.003542
819114,0.103718
819307,0.157713
819362,0.030488
819376,0.841006
819435,0.114388
819471,0.036827
819490,0.272488
819541,0.00385
819649,0.012098
819712,0.011695
819776,0.001381
819889,0.091628
819942,0.010855
819945,0.513879
820046,0.014068
820152,0.017369
820176,0.022785
820224,0.001096
820273,0.008806
820302,0.008669
820323,0.008638
820420,0.026917
820448,0.08783
820504,0.016536
820546,0.018146
820572,0.163059
820648,0.071282
820716,0.051144
820735,0.001341
820800,0.030717
820835,0.038038
820865,0.017107
820967,0.088757
821015,0.020112
821047,0.010346
821056,0.013115
821127,0.027246
821156,0.012853
821157,1.130161
821202,0.128188
821239,0.001359
821347,0.018962
821353,0.168131
821416,0.00678
821438,0.023301
821491,0.013456
821652,0.003846
821682,0.009605
821697,0.081211
821704,0.001947
821715,0.066693
821745,0.164528
821802,0.003821
821865,0.010696
821894,0.04981
821948,0.088262
821988,0.001419
822115,0.007899
822160,0.001969
822345,0.852299
822440,0.032389
822482,0.002355
822507,0.007975
822580,0.044089
822674,0.022107
822747,0.010648
822777,0.075789
822861,0.004743
822945,0.075923
822968,0.277037
822998,0.07064
823057,0.035793
823093,0.014884
823100,0.037536
823131,0.033955
823156,0.011978
823169,0.014765
823217,0.043592
823261,0.139596
823280,0.002137
823317,0.005223
823396,0.040257
823454,0.007398
823553,0.025904
823607,0.003773
823616,0.124172
823655,0.001327
823745,0.013207
823749,0.03303
823785,0.025725
823825,0.01196
823834,0.007839
824053,0.040914
824080,0.025293
824104,0.018124
824145,0.015349
824176,0.382595
824322,0.056817
824368,0.000115
824463,0.028483
824488,0.065763
824695,0.002751
824707,0.057005
824737,0.041585
824757,0.089391
824761,0.949109
824765,0.422872
824827,0.09046
824914,0.024681
825007,0.08996
825068,0.039681
825225,0.036692
825247,0.007087
825319,0.010704
825356,0.046041
825361,0.02346
825392,0.566815
825459,0.018985
825567,0.020722
825628,0.002213
825669,0.010328
825723,0.00446
825777,0.010997
825784,0.016695
825815,0.017606
825829,0.062737
825881,0.005784
825956,0.226351
825960,0.100212
826031,0.012453
826047,0.085964
826114,0.00261
826316,0.009933
826347,0.020506
826367,0.016053
826407,0.012733
826476,0.017338
826506,0.004989
826557,0.07793
826571,0.002031
826640,0.027579
826700,0.025807
826720,0.080678
826758,0.023396
826875,0.021422
826914,0.0037
826994,0.022936
827004,0.023803
827041,0.00348
827151,0.069913
827160,0.004874
827265,0.046145
827286,0.149482
827321,0.088571
827366,0.024192
827406,0.040235
827444,0.000817
827487,0.018228
827534,0.029886
827569,0.00077
827616,0.072761
827632,0.021909
827662,0.01818
827745,0.013984
827760,0.02014
827867,0.042682
827918,0.017662
827984,0.008896
828012,0.634837
828047,0.062443
828073,0.017019
828139,0.018965
828276,0.149342
828310,0.024277
828345,0.068012
828376,0.010248
828416,0.000408
828427,0.010632
828469,0.007786
828500,0.039954
828618,0.579569
828695,0.072302
828714,0.015818
828813,0.095511
828824,0.007889
828901,0.042586
828921,0.009824
828961,0.012593
828987,0.01006
829022,0.031658
829048,0.017375
829060,0.211586
829130,0.011383
829135,0.100852
829276,0.096166
829317,0.004633
829377,0.045552
829433,0.011658
829493,0.003829
829498,0.293045
829525,0.025959
829637,0.113753
829686,0.679368
829763,0.004776
829784,0.036994
829809,0.003698
829883,0.015789
829932,0.02448
829955,0.059039
830016,0.045081
830039,0.032185
830068,0.001684
830105,0.012639
830161,0.003343
830162,1.670125
830216,0.021495
830271,0.025144
830313,0.012913
830359,0.015427
830382,0.026894
830465,0.127559
830517,0.099014
830592,0.067268
830678,0.016443
830701,0.032779
830713,0.00839
830760,0.52947
830832,0.038672
830894,0.026086
830921,0.013105
830975,0.023465
831029,0.105631
831041,0.770023
831168,0.17899
831250,0.004379
831259,0.028662
831296,0.111583
831339,0.017653
831355,0.010763
831366,4.189331
831521,0.024042
831593,0.040975
831634,0.00741
831638,0.049138
831655,0.038574
831675,0.006009
831777,0.049356
831821,0.000411
831886,0.013064
831909,0.008826
831925,0.008587
831999,0.067613
832087,0.006396
832099,0.008628
832118,0.03855
832135,0.021687
832155,0.014636
832261,0.011576
832284,0.005922
832407,0.666747
832545,0.07577
832558,0.165894
832688,0.038947
832711,0.020413
832733,0.143546
832822,0.041042
832848,0.011963
832853,0.022079
832871,0.027418
832878,0.00932
832920,0.012671
832977,0.051243
832997,0.087559
833051,0.060442
833062,0.019831
833157,0.107491
833158,0.113526
833283,0.053733
833416,0.004978
833439,0.070974
833491,0.016632
833614,0.004492
833652,0.010805
833667,0.00334
833705,0.01159
833745,0.086745
833757,0.052466
833760,0.069109
833765,11.844792
833892,0.061468
833940,0.009171
833951,0.122767
834020,0.076762
834093,0.055086
834116,0.063628
834215,0.060415
834222,0.012551
834233,0.067616
834253,0.031028
834327,0.356559
834402,0.053834
834416,0.022523
834576,0.047587
834596,0.068445
834624,0.120414
834720,0.046214
834921,0.016066
834966,0.356883
834986,0.328216
835070,0.00351
835075,0.002858
835124,0.024236
835164,0.03323
835227,0.014929
835243,0.006968
835287,0.050634
835295,0.008666
835327,0.029231
835396,0.136455
835449,0.014402
835521,0.001223
835546,0.000554
835558,0.398405
835636,0.015428
835644,0.019704
835671,0.006193
835695,0.0287
835724,0.036205
835813,0.001544
835830,0.023593
835851,0.000209
835871,0.00878
835950,0.005946
835993,0.109956
836007,0.061131
836065,0.00182
836141,0.033971
836156,0.01781
836164,0.125369
836195,0.009597
836283,0.045754
836324,0.012208
836400,0.010995
836486,0.0892
836494,0.427643
836717,0.01718
836724,0.009733
836758,0.062694
836814,0.171639
836977,0.08551
836982,0.004039
837027,0.003202
837032,0.049119
837149,0.143257
837180,0.036537
837234,0.006006
837268,0.002585
837274,0.008939
837362,0.011734
837396,0.920019
837519,0.020209
837554,0.001022
837585,0.045007
837616,0.295629
837648,0.024385
837697,0.003845
837751,0.020672
837816,0.041586
837852,0.026995
837879,0.06003
837902,0.012115
837921,0.134835
837945,0.048684
837952,0.031897
837985,0.003605
837992,0.018523
838102,0.00625
838146,0.045409
838164,0.339173
838254,0.005344
838287,0.010276
838339,0.015421
838362,0.011826
838387,0.032529
838488,0.004344
838530,0.012711
838542,0.175888
838607,0.026178
838653,0.009524
838734,0.008016
838750,0.01958
838767,0.066261
838808,0.082613
838912,0.041201
838940,0.067528
839021,0.128827
839054,0.105903
839115,0.002661
839135,0.015487
839150,0.515143
839172,0.874633
839309,0.093618
839353,0.002913
839412,0.013513
839422,0.015129
839486,0.019956
839610,0.010749
839681,0.026617
839750,0.068381
839758,8.564633
840073,0.032879
840140,0.035786
840160,0.032442
840225,0.091146
840248,0.008912
840277,0.0157
840329,0.006283
840357,0.02007
840365,0.082781
840453,0.062241
840465,0.001769
840485,0.00895
840499,0.038214
840510,0.009927
840555,0.071226
840596,0.020319
840630,0.046736
840763,0.04156
840867,0.023086
840887,0.012374
840893,0.00237
840946,0.092079
840955,0.039798
841207,0.007497
841222,0.00727
841244,0.03228
841252,0.059468
841289,0.529871
841332,0.010034
841413,0.030607
841456,0.000614
841487,0.015767
841546,0.020659
841561,1.945166
841592,0.027474
841613,0.007861
841658,0.008065
841695,0.031535
841859,0.074672
841868,0.029113
841922,0.004271
842036,0.002789
842124,0.031046
842160,4.583154
842172,0.481315
842330,0.029613
842375,0.087166
842468,0.085786
842535,0.013492
842553,0.015449
842570,0.071566
842583,0.010433
842655,0.023387
842750,0.027109
842758,0.04982
842762,1.438423
842835,0.001504
842885,0.151958
842900,0.035841
842952,0.001779
843018,0.032191
843030,0.027144
843059,0.036146
843169,0.059644
843224,0.011275
843369,0.300018
843447,0.014056
843529,0.009256
843580,0.060395
843611,0.015872
843648,0.62624
843707,0.014922
843747,0.080783
843754,0.008984
843772,0.042177
843808,0.018686
843993,0.061166
844007,0.019715
844036,0.043566
844084,0.037742
844124,0.018951
844158,0.049426
844191,0.006483
844216,0.007028
844239,0.007202
844356,0.000489
844477,0.030557
844492,0.014635
844535,0.032371
844561,1.121402
844653,0.072804
844724,0.007633
844769,0.142501
844849,0.033827
844850,0.729999
844902,0.010447
844936,0.025926
844971,0.006715
845016,0.025983
845064,0.005252
845120,0.013937
845157,0.152127
845165,0.295461
845202,0.046111
845212,0.350697
845301,0.004163
845311,0.02433
845318,0.181931
845336,0.490878
845403,0.066985
845514,0.065962
845555,0.043274
845588,0.007529
845600,0.049369
845605,0.097842
845685,0.002778
845713,0.07095
845758,0.350295
845781,0.056557
845800,0.611412
845833,0.072983
845868,0.019226
845870,0.238542
845880,0.002221
845930,0.136745
845950,0.068269
845960,0.134932
845980,0.314264
846010,0.3661
846030,0.115451
846040,0.137647
846050,0.608471
846060,0.17315
846090,0.047861
846100,0.080451
846110,0.250245
846120,0.070719
846130,0.147884
846140,0.119194
846150,0.052347
846170,0.13626
846180,0.081276
846190,0.083075
846200,0.147694
846210,1.010001
846230,0.283022
846260,0.20546
846270,0.131683
846280,0.362419
846290,0.184541
846300,0.405453
846310,0.05447
846320,0.294234
846330,0.911751
846340,0.254724
846360,0.035067
846390,0.310491
846410,0.067034
846420,0.403796
846430,0.361614
846460,0.240389
846470,0.020273
846480,0.441549
846490,0.310876
846500,0.358092
846510,0.219734
846530,0.562575
846540,0.857325
846550,0.142023
846570,0.989311
846600,0.891485
846610,0.192888
846695,0.020581
846720,0.003697
846733,0.220579
846856,0.322846
846909,0.020015
846963,0.004082
846965,0.68546
847097,0.002295
847355,0.135768
847467,0.003393
847552,0.001384
847556,0.167902
847591,0.052537
847613,0.03588
847679,0.239375
847723,0.027167
847953,0.321822
848033,0.230925
848067,0.030988
848091,0.000304
848104,0.006912
848114,0.033434
848145,0.002737
848224,0.000333
848251,0.020202
848322,0.011123
848363,0.021393
848436,0.040621
848538,0.013231
848597,0.044669
848647,0.016817
848667,0.030003
848715,0.017299
848759,0.009311
848764,0.007977
848805,0.021405
848832,0.886987
848883,0.012843
848906,0.095476
849000,0.023697
849063,0.018863
849112,0.004887
849211,0.002486
849257,0.052683
849277,0.015106
849345,0.006147
849355,0.206059
849427,0.000483
849439,0.07088
849479,0.046955
849505,0.063559
849553,0.011182
849649,0.029496
849660,0.044159
849698,0.0185
849767,0.111693
849783,0.006441
849811,0.058966
849837,0.297358
849863,0.02673
849919,0.025656
849962,0.083322
849968,0.018468
850011,0.138616
850031,0.05352
850096,0.049877
850188,0.01516
850255,0.040194
850333,0.048438
850408,0.032084
850424,0.014605
850433,0.009338
850453,0.002317
850563,1.413341
850667,0.003934
850691,0.281089
850743,0.008917
850878,0.003983
850918,0.049692
851008,0.009312
851052,0.006295
851092,0.002217
851105,0.021342
851119,0.006244
851166,0.349061
851199,0.01275
851260,0.006562
851283,0.047743
851398,0.003909
851437,0.015412
851451,0.014739
851488,0.075006
851508,0.025996
851520,0.065199
851538,0.017101
851551,0.012912
851580,0.051539
851662,0.082421
851698,0.003215
851756,0.223453
851802,0.041203
851876,0.006381
851944,0.245379
852007,0.016841
852036,0.078582
852042,0.038608
852129,0.005128
852160,0.003123
852276,0.006892
852345,1.840743
852363,0.627834
852418,0.004801
852538,0.06467
852569,0.01404
852604,0.013781
852700,0.011822
852706,0.047506
852753,0.76929
852780,0.033942
852881,0.002146
852892,0.004699
852921,0.066213
852944,0.118312
852957,0.214473
852968,0.457423
853026,0.029149
853056,0.036434
853085,0.008175
853109,0.018094
853148,0.034442
853189,0.003546
853245,0.027159
853313,0.162742
853347,0.001333
853354,0.036975
853394,0.105195
853421,0.016853
853509,0.003507
853530,0.11649
853561,0.048778
853739,0.027553
853764,0.145196
853915,0.048229
853955,0.081336
854052,0.020943
854108,0.053578
854134,0.057364
854146,0.049825
854158,0.153765
854162,0.383057
854197,0.103147
854256,0.04202
854480,0.012114
854580,0.022927
854606,0.087658
854679,0.012522
854701,0.020905
854714,0.002076
854746,0.107541
854758,3.845019
854827,0.000393
854851,0.028235
854914,0.004403
854922,0.024376
854978,0.083387
855045,0.01809
855056,0.012298
855119,0.006069
855171,0.028975
855293,0.037336
855415,0.015391
855445,0.282863
855476,0.086917
855503,0.158927
855588,0.007512
855613,6.3e-05
855620,0.200431
855708,0.04738
855735,0.061025
855798,0.041207
855877,0.039273
855895,0.021665
855928,0.01814
855957,0.081213
855964,0.721823
856026,0.03044
856043,0.012684
856140,0.067381
856227,0.058002
856256,0.019928
856339,0.002742
856362,0.053887
856421,0.071153
856461,0.172838
856490,0.02926
856526,0.008496
856536,0.04786
856561,0.291869
856567,0.143386
856677,0.002133
856701,0.003157
856745,0.153293
856791,0.031906
856906,0.043001
856939,0.016006
857025,0.047718
857075,0.025829
857095,0.068784
857145,0.015658
857150,0.000837
857182,0.03708
857211,0.184612
857255,0.045423
857293,0.029145
857320,0.043287
857356,0.040562
857429,0.042396
857455,0.01869
857540,0.051154
857556,0.045729
857619,0.028638
857632,0.011731
857703,0.016578
857796,0.047549
857808,0.038673
857905,0.006954
857916,0.038092
857936,0.001352
857993,0.216852
858025,0.00889
858129,0.043112
858140,0.066612
858167,0.010378
858210,0.067303
858220,0.031775
858240,0.165296
858280,0.126721
858300,0.05386
858310,0.074433
858320,0.052299
858330,0.279316
858350,0.421109
858367,0.088435
858379,0.378604
858410,0.168548
858420,0.019864
858450,0.457982
858470,0.435326
858490,0.364863
858510,0.557914
858520,0.610937
858530,0.354287
858550,0.414342
858560,0.41674
858580,0.603344
858630,0.035264
858670,0.008444
858680,0.005583
858748,0.058465
858792,0.025332
858892,0.023078
858930,0.00654
858956,0.167335
858974,0.050316
859015,0.024438
859115,0.017169
859229,0.011186
859230,0.002757
859283,0.004688
859295,0.00579
859306,0.015303
859368,0.009346
859390,0.047747
859469,0.00893
859536,0.148742
859582,0.025328
859655,1.8728
859725,0.020246
859760,0.009886
859780,0.084473
859843,0.020483
859912,0.015471
860000,0.003773
860026,0.019505
860050,0.034258
860060,0.045169
860105,0.237975
860140,0.003353
860145,0.143254
860200,0.005179
860210,0.00035
860301,0.000796
860314,0.008487
860347,0.003582
860353,0.107849
860401,0.171372
860467,0.001059
860567,0.016552
860614,0.047151
860637,0.072292
860660,0.113094
860704,0.12694
860727,0.010183
860734,0.014789
860756,0.107118
860758,0.029336
860822,0.075931
860923,0.021908
861010,0.048453
861115,0.020133
861141,0.000796
861345,0.009397
861363,0.01175
861380,0.060901
861433,0.018185
861444,0.025894
861498,0.018541
861571,0.924194
861650,0.065626
861698,0.003365
861754,0.005588
861765,0.073643
861893,0.032434
861949,0.167696
861957,0.391407
862021,0.29496
862097,0.018839
862114,0.020144
862120,0.004308
862216,0.030915
862268,0.028369
862364,0.014848
862428,0.124286
862568,0.111019
862588,0.242242
862658,0.065614
862711,0.015571
862766,0.001782
862770,0.080253
862825,0.007738
862859,0.099155
862937,0.374344
863060,0.002175
863073,0.004343
863130,0.003592
863163,0.103078
863187,0.097784
863237,0.016246
863256,0.011971
863319,0.013635
863380,0.019569
863441,0.024605
863527,0.015029
863615,0.022027
863697,0.283672
863740,0.037844
863756,0.538329
863776,0.820068
863875,0.00876
863909,0.052456
863932,0.006186
